station,valid,tmpf,dwpf,relh,drct,sknt,p01i,alti,mslp,vsby,gust,skyc1,skyc2,skyc3,skyc4,skyl1,skyl2,skyl3,skyl4,wxcodes,ice_accretion_1hr,ice_accretion_3hr,ice_accretion_6hr,peak_wind_gust,peak_wind_drct,peak_wind_time,feel,metar,snowdepth
FALE,2026-06-24 00:00,53.60,50.00,87.56,M,1.00,0.00,30.03,M,6.21,M,M,M,M,M,M,M,M,M,M,M,M,M,M,M,M,53.60,FALE 240000Z VRB01KT CAVOK 12/10 Q1017 NOSIG,M
FALE,2026-06-24 01:00,51.80,50.00,93.55,M,1.00,0.00,30.03,M,6.21,M,M,M,M,M,M,M,M,M,M,M,M,M,M,M,M,51.80,FALE 240100Z VRB01KT CAVOK 11/10 Q1017 NOSIG,M
FALE,2026-06-24 02:00,51.80,50.00,93.55,M,1.00,0.00,30.03,M,6.21,M,M,M,M,M,M,M,M,M,M,M,M,M,M,M,M,51.80,FALE 240200Z VRB01KT CAVOK 11/10 Q1017 NOSIG,M
FALE,2026-06-24 03:00,50.00,48.20,93.50,M,1.00,0.00,30.03,M,6.21,M,M,M,M,M,M,M,M,M,M,M,M,M,M,M,M,50.00,FALE 240300Z VRB01KT CAVOK 10/09 Q1017 NOSIG,M
FALE,2026-06-24 03:08,53.60,51.80,93.60,M,1.00,0.00,30.03,M,6.21,M,M,M,M,M,M,M,M,M,M,M,M,M,M,M,M,53.60,FALE 240308Z VRB01KT CAVOK 12/11 Q1017 NOSIG,M
FALE,2026-06-24 03:37,55.40,51.80,87.65,210.00,5.00,0.00,30.06,M,6.21,M,M,M,M,M,M,M,M,M,M,M,M,M,M,M,M,55.40,FALE 240337Z 21005KT CAVOK 13/11 Q1018 NOSIG,M
FALE,2026-06-24 04:00,55.40,50.00,82.00,210.00,5.00,0.00,30.09,M,6.21,M,M,M,M,M,M,M,M,M,M,M,M,M,M,M,M,55.40,FALE 240400Z 21005KT CAVOK 13/10 Q1019 NOSIG,M
FALE,2026-06-24 04:23,59.00,50.00,72.02,210.00,6.00,0.00,30.09,M,6.21,M,M,M,M,M,M,M,M,M,M,M,M,M,M,M,M,59.00,FALE 240423Z 21006KT CAVOK 15/10 Q1019 NOSIG,M
FALE,2026-06-24 05:00,57.20,50.00,76.83,220.00,5.00,0.00,30.09,M,6.21,M,M,M,M,M,M,M,M,M,M,M,M,M,M,M,M,57.20,FALE 240500Z 22005KT CAVOK 14/10 Q1019 NOSIG,M
FALE,2026-06-24 06:00,59.00,51.80,76.99,240.00,5.00,0.00,30.15,M,6.21,M,M,M,M,M,M,M,M,M,M,M,M,M,M,M,M,59.00,FALE 240600Z 24005KT CAVOK 15/11 Q1021 NOSIG,M
FALE,2026-06-24 06:12,62.60,53.60,72.40,230.00,5.00,0.00,30.15,M,6.21,M,M,M,M,M,M,M,M,M,M,M,M,M,M,M,M,62.60,FALE 240612Z 23005KT CAVOK 17/12 Q1021 NOSIG,M
FALE,2026-06-24 06:43,66.20,53.60,63.85,220.00,4.00,0.00,30.18,M,6.21,M,M,M,M,M,M,M,M,M,M,M,M,M,M,M,M,66.20,FALE 240643Z 22004KT CAVOK 19/12 Q1022 NOSIG,M
FALE,2026-06-24 07:00,66.20,53.60,63.85,230.00,4.00,0.00,30.18,M,6.21,M,M,M,M,M,M,M,M,M,M,M,M,M,M,M,M,66.20,FALE 240700Z 23004KT CAVOK 19/12 Q1022 NOSIG,M
FALE,2026-06-24 07:09,69.80,51.80,52.81,230.00,5.00,0.00,30.18,M,6.21,M,M,M,M,M,M,M,M,M,M,M,M,M,M,M,M,69.80,FALE 240709Z 23005KT CAVOK 21/11 Q1022 NOSIG,M
FALE,2026-06-24 08:00,73.40,50.00,43.73,220.00,8.00,0.00,30.21,M,6.21,M,M,M,M,M,M,M,M,M,M,M,M,M,M,M,M,73.40,FALE 240800Z 22008KT CAVOK 23/10 Q1023 NOSIG,M
FALE,2026-06-24 09:00,75.20,59.00,57.17,210.00,12.00,0.00,30.21,M,6.21,M,FEW,M,M,M,2500.00,M,M,M,M,M,M,M,M,M,M,75.20,FALE 240900Z 21012KT 9999 FEW025 24/15 Q1023 NOSIG,M
FALE,2026-06-24 10:00,77.00,62.60,61.19,200.00,10.00,0.00,30.21,M,6.21,M,FEW,M,M,M,2500.00,M,M,M,M,M,M,M,M,M,M,77.00,FALE 241000Z 20010KT 9999 FEW025 25/17 Q1023 NOSIG,M
FALE,2026-06-24 10:41,78.80,64.40,61.42,200.00,10.00,0.00,30.18,M,6.21,M,BKN,M,M,M,2500.00,M,M,M,M,M,M,M,M,M,M,78.80,FALE 241041Z 20010KT 170V230 9999 BKN025 26/18 Q1022 NOSIG,M
FALE,2026-06-24 11:00,75.20,64.40,69.19,200.00,10.00,0.00,30.18,M,6.21,M,BKN,M,M,M,2500.00,M,M,M,M,M,M,M,M,M,M,75.20,FALE 241100Z 20010KT 160V230 9999 BKN025 24/18 Q1022 NOSIG,M
FALE,2026-06-24 12:00,75.20,64.40,69.19,190.00,11.00,0.00,30.18,M,6.21,M,SCT,M,M,M,3500.00,M,M,M,M,M,M,M,M,M,M,75.20,FALE 241200Z 19011KT 160V220 9999 SCT035 24/18 Q1022 NOSIG,M
FALE,2026-06-24 13:00,75.20,62.60,64.96,200.00,10.00,0.00,30.21,M,6.21,M,FEW,M,M,M,3000.00,M,M,M,M,M,M,M,M,M,M,75.20,FALE 241300Z 20010KT 170V230 9999 FEW030 24/17 Q1023 NOSIG,M
FALE,2026-06-24 14:00,73.40,64.40,73.48,190.00,8.00,0.00,30.21,M,6.21,M,M,M,M,M,M,M,M,M,M,M,M,M,M,M,M,73.40,FALE 241400Z 19008KT 160V220 CAVOK 23/18 Q1023 NOSIG,M
FALE,2026-06-24 15:00,69.80,64.40,83.00,200.00,7.00,0.00,30.24,M,6.21,M,M,M,M,M,M,M,M,M,M,M,M,M,M,M,M,69.80,FALE 241500Z 20007KT CAVOK 21/18 Q1024 NOSIG,M
FALE,2026-06-24 16:00,68.00,64.40,88.28,200.00,5.00,0.00,30.24,M,6.21,M,SCT,M,M,M,1800.00,M,M,M,M,M,M,M,M,M,M,68.00,FALE 241600Z 20005KT 9999 SCT018 20/18 Q1024 NOSIG,M
FALE,2026-06-24 17:00,66.20,62.60,88.19,210.00,3.00,0.00,30.27,M,6.21,M,BKN,M,M,M,1800.00,M,M,M,M,M,M,M,M,M,M,66.20,FALE 241700Z 21003KT 9999 BKN018 19/17 Q1025 NOSIG,M
FALE,2026-06-24 18:00,64.40,62.60,93.89,230.00,2.00,0.00,30.30,M,6.21,M,M,M,M,M,M,M,M,M,M,M,M,M,M,M,M,64.40,FALE 241800Z 23002KT CAVOK 18/17 Q1026 NOSIG,M
FALE,2026-06-24 19:00,62.60,60.80,93.84,220.00,2.00,0.00,30.30,M,6.21,M,FEW,BKN,M,M,2000.00,2800.00,M,M,M,M,M,M,M,M,M,62.60,FALE 241900Z 22002KT 9999 FEW020 BKN028 17/16 Q1026 NOSIG,M
FALE,2026-06-24 20:00,62.60,60.80,93.84,M,2.00,0.00,30.30,M,6.21,M,FEW,SCT,M,M,2000.00,3000.00,M,M,M,M,M,M,M,M,M,62.60,FALE 242000Z VRB02KT 9999 FEW020 SCT030 17/16 Q1026 NOSIG,M
FALE,2026-06-24 21:00,64.40,59.00,82.63,M,2.00,0.00,30.33,M,6.21,M,BKN,M,M,M,2000.00,M,M,M,M,M,M,M,M,M,M,64.40,FALE 242100Z VRB02KT 9999 BKN020 18/15 Q1027 NOSIG,M
FALE,2026-06-24 22:00,62.60,59.00,88.01,240.00,3.00,0.00,30.30,M,6.21,M,FEW,M,M,M,2200.00,M,M,M,M,M,M,M,M,M,M,62.60,FALE 242200Z 24003KT 9999 FEW022 17/15 Q1026 NOSIG,M
FALE,2026-06-24 23:00,62.60,59.00,88.01,230.00,4.00,0.00,30.30,M,6.21,M,M,M,M,M,M,M,M,M,M,M,M,M,M,M,M,62.60,FALE 242300Z 23004KT 210V280 CAVOK 17/15 Q1026 NOSIG,M
FALE,2026-06-25 00:00,60.80,59.00,93.79,0.00,0.00,0.00,30.30,M,6.21,M,M,M,M,M,M,M,M,M,M,M,M,M,M,M,M,60.80,FALE 250000Z 00000KT CAVOK 16/15 Q1026 NOSIG,M
FALE,2026-06-25 01:00,59.00,57.20,93.74,M,1.00,0.00,30.30,M,6.21,M,M,M,M,M,M,M,M,M,M,M,M,M,M,M,M,59.00,FALE 250100Z VRB01KT CAVOK 15/14 Q1026 NOSIG,M
FALE,2026-06-25 01:10,62.60,59.00,88.01,M,2.00,0.00,30.30,M,6.21,M,M,M,M,M,M,M,M,M,M,M,M,M,M,M,M,62.60,FALE 250110Z VRB02KT CAVOK 17/15 Q1026 NOSIG,M
FALE,2026-06-25 02:00,60.80,57.20,87.93,220.00,3.00,0.00,30.30,M,6.21,M,M,M,M,M,M,M,M,M,M,M,M,M,M,M,M,60.80,FALE 250200Z 22003KT 180V270 CAVOK 16/14 Q1026 NOSIG,M
FALE,2026-06-25 03:00,55.40,51.80,87.65,M,1.00,0.00,30.30,M,6.21,M,M,M,M,M,M,M,M,M,M,M,M,M,M,M,M,55.40,FALE 250300Z VRB01KT CAVOK 13/11 Q1026 NOSIG,M
FALE,2026-06-25 04:00,55.40,53.60,93.65,M,2.00,0.00,30.30,M,6.21,M,M,M,M,M,M,M,M,M,M,M,M,M,M,M,M,55.40,FALE 250400Z VRB02KT CAVOK 13/12 Q1026 NOSIG,M
FALE,2026-06-25 05:00,53.60,50.00,87.56,M,1.00,0.00,30.33,M,6.21,M,M,M,M,M,M,M,M,M,M,M,M,M,M,M,M,53.60,FALE 250500Z VRB01KT CAVOK 12/10 Q1027 NOSIG,M
FALE,2026-06-25 05:50,59.00,57.20,93.74,M,1.00,0.00,30.33,M,6.21,M,M,M,M,M,M,M,M,M,M,M,M,M,M,M,M,59.00,FALE 250550Z VRB01KT CAVOK 15/14 Q1027 NOSIG,M
FALE,2026-06-25 06:00,59.00,57.20,93.74,M,1.00,0.00,30.33,M,6.21,M,M,M,M,M,M,M,M,M,M,M,M,M,M,M,M,59.00,FALE 250600Z VRB01KT CAVOK 15/14 Q1027 NOSIG,M
FALE,2026-06-25 06:12,62.60,59.00,88.01,M,1.00,0.00,30.33,M,6.21,M,M,M,M,M,M,M,M,M,M,M,M,M,M,M,M,62.60,FALE 250612Z VRB01KT CAVOK 17/15 Q1027 NOSIG,M
FALE,2026-06-25 07:00,66.20,59.00,77.62,M,2.00,0.00,30.33,M,6.21,M,M,M,M,M,M,M,M,M,M,M,M,M,M,M,M,66.20,FALE 250700Z VRB02KT CAVOK 19/15 Q1027 NOSIG,M
FALE,2026-06-25 07:14,69.80,57.20,64.30,M,1.00,0.00,30.33,M,6.21,M,M,M,M,M,M,M,M,M,M,M,M,M,M,M,M,69.80,FALE 250714Z VRB01KT CAVOK 21/14 Q1027 NOSIG,M
FALE,2026-06-25 07:53,73.40,59.00,60.72,20.00,4.00,0.00,30.33,M,6.21,M,M,M,M,M,M,M,M,M,M,M,M,M,M,M,M,73.40,FALE 250753Z 02004KT 340V040 CAVOK 23/15 Q1027 NOSIG,M
FALE,2026-06-25 08:00,73.40,59.00,60.72,20.00,4.00,0.00,30.33,M,6.21,M,M,M,M,M,M,M,M,M,M,M,M,M,M,M,M,73.40,FALE 250800Z 02004KT 340V050 CAVOK 23/15 Q1027 NOSIG,M
FALE,2026-06-25 08:27,77.00,59.00,53.86,40.00,8.00,0.00,30.33,M,6.21,M,M,M,M,M,M,M,M,M,M,M,M,M,M,M,M,77.00,FALE 250827Z 04008KT CAVOK 25/15 Q1027 NOSIG,M
FALE,2026-06-25 09:00,77.00,59.00,53.86,40.00,10.00,0.00,30.33,M,6.21,M,M,M,M,M,M,M,M,M,M,M,M,M,M,M,M,77.00,FALE 250900Z 04010KT CAVOK 25/15 Q1027 NOSIG,M
FALE,2026-06-25 10:00,77.00,62.60,61.19,90.00,7.00,0.00,30.30,M,6.21,M,M,M,M,M,M,M,M,M,M,M,M,M,M,M,M,77.00,FALE 251000Z 09007KT 050V140 CAVOK 25/17 Q1026 NOSIG,M
FALE,2026-06-25 11:00,75.20,60.80,60.96,70.00,12.00,0.00,30.27,M,6.21,M,M,M,M,M,M,M,M,M,M,M,M,M,M,M,M,75.20,FALE 251100Z 07012KT 040V100 CAVOK 24/16 Q1025 NOSIG,M
FALE,2026-06-25 12:00,75.20,62.60,64.96,60.00,12.00,0.00,30.24,M,6.21,M,M,M,M,M,M,M,M,M,M,M,M,M,M,M,M,75.20,FALE 251200Z 06012KT CAVOK 24/17 Q1024 NOSIG,M
FALE,2026-06-25 13:00,73.40,64.40,73.48,60.00,11.00,0.00,30.24,M,6.21,M,M,M,M,M,M,M,M,M,M,M,M,M,M,M,M,73.40,FALE 251300Z 06011KT CAVOK 23/18 Q1024 NOSIG,M
FALE,2026-06-25 14:00,71.60,64.40,78.08,60.00,11.00,0.00,30.24,M,6.21,M,M,M,M,M,M,M,M,M,M,M,M,M,M,M,M,71.60,FALE 251400Z 06011KT CAVOK 22/18 Q1024 NOSIG,M
FALE,2026-06-25 15:00,69.80,64.40,83.00,60.00,11.00,0.00,30.24,M,6.21,M,M,M,M,M,M,M,M,M,M,M,M,M,M,M,M,69.80,FALE 251500Z 06011KT CAVOK 21/18 Q1024 NOSIG,M
FALE,2026-06-25 16:00,68.00,66.20,93.98,50.00,8.00,0.00,30.27,M,6.21,M,M,M,M,M,M,M,M,M,M,M,M,M,M,M,M,68.00,FALE 251600Z 05008KT CAVOK 20/19 Q1025 NOSIG,M
FALE,2026-06-25 17:00,68.00,66.20,93.98,50.00,9.00,0.00,30.30,M,6.21,M,FEW,M,M,M,2000.00,M,M,M,M,M,M,M,M,M,M,68.00,FALE 251700Z 05009KT 9999 FEW020 20/19 Q1026 NOSIG,M
FALE,2026-06-25 18:00,68.00,64.40,88.28,40.00,6.00,0.00,30.30,M,6.21,M,FEW,M,M,M,1100.00,M,M,M,M,M,M,M,M,M,M,68.00,FALE 251800Z 04006KT 9999 FEW011 20/18 Q1026 NOSIG,M
FALE,2026-06-25 19:00,64.40,62.60,93.89,20.00,3.00,0.00,30.33,M,4.35,M,FEW,M,M,M,1000.00,M,M,M,M,M,M,M,M,M,M,64.40,FALE 251900Z 02003KT 7000 FEW010 18/17 Q1027 NOSIG,M
FALE,2026-06-25 19:08,64.40,64.40,100.00,M,2.00,0.00,30.33,M,2.80,M,FEW,M,M,M,1000.00,M,M,M,BR,M,M,M,M,M,M,64.40,FALE 251908Z VRB02KT 4500 BR FEW010 18/18 Q1027 NOSIG,M
FALE,2026-06-25 20:00,59.00,57.20,93.74,0.00,0.00,0.00,30.33,M,2.17,M,FEW,M,M,M,1000.00,M,M,M,BR,M,M,M,M,M,M,59.00,FALE 252000Z 00000KT 3500 BR FEW010 15/14 Q1027 NOSIG,M
FALE,2026-06-25 21:00,59.00,59.00,100.00,M,2.00,0.00,30.36,M,2.17,M,FEW,SCT,M,M,1000.00,1700.00,M,M,BR,M,M,M,M,M,M,59.00,FALE 252100Z VRB02KT 3500 BR FEW010 SCT017 15/15 Q1028 NOSIG,M
FALE,2026-06-25 22:00,59.00,57.20,93.74,M,1.00,0.00,30.36,M,2.17,M,SCT,BKN,M,M,800.00,1800.00,M,M,BR,M,M,M,M,M,M,59.00,FALE 252200Z VRB01KT 3500 BR SCT008 BKN018 15/14 Q1028 TEMPO BKN008,M
FALE,2026-06-25 23:00,53.60,53.60,100.00,M,1.00,0.00,30.33,M,2.49,M,FEW,M,M,M,800.00,M,M,M,BR,M,M,M,M,M,M,53.60,FALE 252300Z VRB01KT 4000 BR FEW008 12/12 Q1027 NOSIG,M
FALE,2026-06-26 00:00,57.20,57.20,100.00,0.00,0.00,0.00,30.33,M,2.49,M,FEW,M,M,M,800.00,M,M,M,BR,M,M,M,M,M,M,57.20,FALE 260000Z 00000KT 4000 BR FEW008 14/14 Q1027 NOSIG,M
FALE,2026-06-26 00:21,59.00,59.00,100.00,M,3.00,0.00,30.36,M,4.35,M,FEW,M,M,M,800.00,M,M,M,M,M,M,M,M,M,M,59.00,FALE 260021Z VRB03KT 7000 FEW008 15/15 Q1028 NOSIG,M
FALE,2026-06-26 01:00,59.00,57.20,93.74,M,2.00,0.00,30.33,M,4.35,M,FEW,M,M,M,800.00,M,M,M,M,M,M,M,M,M,M,59.00,FALE 260100Z VRB02KT 7000 FEW008 15/14 Q1027 NOSIG,M
FALE,2026-06-26 01:32,55.40,53.60,93.65,M,2.00,0.00,30.33,M,2.49,M,FEW,M,M,M,600.00,M,M,M,BR,M,M,M,M,M,M,55.40,FALE 260132Z VRB02KT 4000 BR FEW006 13/12 Q1027 NOSIG,M
FALE,2026-06-26 02:00,55.40,53.60,93.65,220.00,3.00,0.00,30.33,M,2.49,M,FEW,M,M,M,600.00,M,M,M,BR,M,M,M,M,M,M,55.40,FALE 260200Z 22003KT 4000 BR FEW006 13/12 Q1027 NOSIG,M
FALE,2026-06-26 03:00,55.40,53.60,93.65,230.00,3.00,0.00,30.33,M,2.49,M,FEW,M,M,M,600.00,M,M,M,BR,M,M,M,M,M,M,55.40,FALE 260300Z 23003KT 4000 BR FEW006 13/12 Q1027 NOSIG,M
FALE,2026-06-26 03:21,55.40,53.60,93.65,0.00,0.00,0.00,30.33,M,3.73,M,FEW,M,M,M,300.00,M,M,M,M,M,M,M,M,M,M,55.40,FALE 260321Z 00000KT 6000 FEW003 13/12 Q1027 NOSIG,M
FALE,2026-06-26 03:38,48.20,46.40,93.45,M,1.00,0.00,30.33,M,2.17,M,FEW,M,M,M,300.00,M,M,M,BR,M,M,M,M,M,M,48.20,FALE 260338Z VRB01KT 3500 BR FEW003 09/08 Q1027 NOSIG,M
FALE,2026-06-26 03:43,51.80,50.00,93.55,0.00,0.00,0.00,30.33,M,2.17,M,FEW,M,M,M,300.00,M,M,M,BR,M,M,M,M,M,M,51.80,FALE 260343Z 00000KT 3500 BR FEW003 11/10 Q1027 NOSIG,M
FALE,2026-06-26 03:58,55.40,53.60,93.65,200.00,3.00,0.00,30.33,M,2.80,M,FEW,M,M,M,300.00,M,M,M,BR,M,M,M,M,M,M,55.40,FALE 260358Z 20003KT 4500 BR FEW003 13/12 Q1027 NOSIG,M
FALE,2026-06-26 04:00,55.40,53.60,93.65,200.00,3.00,0.00,30.33,M,2.80,M,FEW,M,M,M,300.00,M,M,M,BR,M,M,M,M,M,M,55.40,FALE 260400Z 20003KT 4500 BR FEW003 13/12 Q1027 NOSIG,M
FALE,2026-06-26 05:00,50.00,50.00,100.00,M,1.00,0.00,30.33,M,3.73,M,NSC,M,M,M,M,M,M,M,M,M,M,M,M,M,M,50.00,FALE 260500Z VRB01KT 6000 NSC 10/10 Q1027 NOSIG,M
FALE,2026-06-26 05:17,53.60,51.80,93.60,M,1.00,0.00,30.33,M,4.35,M,NSC,M,M,M,M,M,M,M,M,M,M,M,M,M,M,53.60,FALE 260517Z VRB01KT 7000 NSC 12/11 Q1027 NOSIG,M
FALE,2026-06-26 05:46,57.20,55.40,93.70,M,2.00,0.00,30.33,M,6.21,M,M,M,M,M,M,M,M,M,M,M,M,M,M,M,M,57.20,FALE 260546Z VRB02KT CAVOK 14/13 Q1027 NOSIG,M
FALE,2026-06-26 06:00,57.20,55.40,93.70,M,1.00,0.00,30.36,M,6.21,M,M,M,M,M,M,M,M,M,M,M,M,M,M,M,M,57.20,FALE 260600Z VRB01KT CAVOK 14/13 Q1028 NOSIG,M
FALE,2026-06-26 06:29,60.80,59.00,93.79,M,1.00,0.00,30.36,M,6.21,M,M,M,M,M,M,M,M,M,M,M,M,M,M,M,M,60.80,FALE 260629Z VRB01KT CAVOK 16/15 Q1028 NOSIG,M
FALE,2026-06-26 07:00,60.80,59.00,93.79,M,1.00,0.00,30.36,M,6.21,M,M,M,M,M,M,M,M,M,M,M,M,M,M,M,M,60.80,FALE 260700Z VRB01KT CAVOK 16/15 Q1028 NOSIG,M
FALE,2026-06-26 07:17,64.40,60.80,88.10,M,1.00,0.00,30.36,M,6.21,M,M,M,M,M,M,M,M,M,M,M,M,M,M,M,M,64.40,FALE 260717Z VRB01KT CAVOK 18/16 Q1028 NOSIG,M
FALE,2026-06-26 07:55,68.00,59.00,72.95,M,2.00,0.00,30.36,M,6.21,M,M,M,M,M,M,M,M,M,M,M,M,M,M,M,M,68.00,FALE 260755Z VRB02KT CAVOK 20/15 Q1028 NOSIG,M
FALE,2026-06-26 08:00,68.00,59.00,72.95,M,2.00,0.00,30.36,M,6.21,M,M,M,M,M,M,M,M,M,M,M,M,M,M,M,M,68.00,FALE 260800Z VRB02KT CAVOK 20/15 Q1028 NOSIG,M
FALE,2026-06-26 08:24,71.60,59.00,64.52,M,2.00,0.00,30.33,M,6.21,M,M,M,M,M,M,M,M,M,M,M,M,M,M,M,M,71.60,FALE 260824Z VRB02KT CAVOK 22/15 Q1027 NOSIG,M
FALE,2026-06-26 09:00,73.40,57.20,56.92,60.00,5.00,0.00,30.33,M,6.21,M,M,M,M,M,M,M,M,M,M,M,M,M,M,M,M,73.40,FALE 260900Z 06005KT 030V110 CAVOK 23/14 Q1027 NOSIG,M
FALE,2026-06-26 10:00,77.00,60.80,57.42,60.00,6.00,0.00,30.30,M,6.21,M,M,M,M,M,M,M,M,M,M,M,M,M,M,M,M,77.00,FALE 261000Z 06006KT 020V120 CAVOK 25/16 Q1026 NOSIG,M
FALE,2026-06-26 11:00,75.20,60.80,60.96,80.00,8.00,0.00,30.27,M,6.21,M,M,M,M,M,M,M,M,M,M,M,M,M,M,M,M,75.20,FALE 261100Z 08008KT CAVOK 24/16 Q1025 NOSIG,M
FALE,2026-06-26 12:00,75.20,60.80,60.96,80.00,10.00,0.00,30.24,M,6.21,M,M,M,M,M,M,M,M,M,M,M,M,M,M,M,M,75.20,FALE 261200Z 08010KT CAVOK 24/16 Q1024 NOSIG,M
FALE,2026-06-26 13:00,73.40,64.40,73.48,70.00,10.00,0.00,30.24,M,6.21,M,M,M,M,M,M,M,M,M,M,M,M,M,M,M,M,73.40,FALE 261300Z 07010KT CAVOK 23/18 Q1024 NOSIG,M
FALE,2026-06-26 14:00,73.40,64.40,73.48,60.00,11.00,0.00,30.24,M,6.21,M,M,M,M,M,M,M,M,M,M,M,M,M,M,M,M,73.40,FALE 261400Z 06011KT CAVOK 23/18 Q1024 NOSIG,M
FALE,2026-06-26 15:00,71.60,64.40,78.08,50.00,10.00,0.00,30.24,M,6.21,M,M,M,M,M,M,M,M,M,M,M,M,M,M,M,M,71.60,FALE 261500Z 05010KT CAVOK 22/18 Q1024 NOSIG,M
FALE,2026-06-26 16:00,69.80,64.40,83.00,40.00,10.00,0.00,30.24,M,6.21,M,M,M,M,M,M,M,M,M,M,M,M,M,M,M,M,69.80,FALE 261600Z 04010KT CAVOK 21/18 Q1024 NOSIG,M
FALE,2026-06-26 17:00,68.00,64.40,88.28,40.00,9.00,0.00,30.24,M,6.21,M,M,M,M,M,M,M,M,M,M,M,M,M,M,M,M,68.00,FALE 261700Z 04009KT CAVOK 20/18 Q1024 NOSIG,M
FALE,2026-06-26 18:00,68.00,62.60,82.88,50.00,9.00,0.00,30.24,M,6.21,M,M,M,M,M,M,M,M,M,M,M,M,M,M,M,M,68.00,FALE 261800Z 05009KT CAVOK 20/17 Q1024 NOSIG,M
FALE,2026-06-26 19:00,64.40,60.80,88.10,40.00,6.00,0.00,30.24,M,6.21,M,M,M,M,M,M,M,M,M,M,M,M,M,M,M,M,64.40,FALE 261900Z 04006KT CAVOK 18/16 Q1024 NOSIG,M
FALE,2026-06-26 20:00,62.60,60.80,93.84,20.00,3.00,0.00,30.24,M,6.21,M,M,M,M,M,M,M,M,M,M,M,M,M,M,M,M,62.60,FALE 262000Z 02003KT CAVOK 17/16 Q1024 NOSIG,M
FALE,2026-06-26 21:00,60.80,59.00,93.79,10.00,4.00,0.00,30.24,M,4.97,M,NSC,M,M,M,M,M,M,M,M,M,M,M,M,M,M,60.80,FALE 262100Z 01004KT 350V050 8000 NSC 16/15 Q1024 NOSIG,M
FALE,2026-06-26 22:00,59.00,57.20,93.74,200.00,2.00,0.00,30.24,M,3.73,M,NSC,M,M,M,M,M,M,M,M,M,M,M,M,M,M,59.00,FALE 262200Z 20002KT 6000 NSC 15/14 Q1024 NOSIG,M
FALE,2026-06-26 22:29,55.40,53.60,93.65,90.00,2.00,0.00,30.21,M,2.24,M,NSC,M,M,M,M,M,M,M,BR,M,M,M,M,M,M,55.40,FALE 262229Z 09002KT 3600 BR NSC 13/12 Q1023 NOSIG,M
FALE,2026-06-26 22:52,53.60,51.80,93.60,80.00,2.00,0.00,30.21,M,3.73,M,NSC,M,M,M,M,M,M,M,M,M,M,M,M,M,M,53.60,FALE 262252Z 08002KT 6000 2300 NSC 12/11 Q1023 NOSIG,M
FALE,2026-06-26 22:54,53.60,51.80,93.60,M,2.00,0.00,30.21,M,1.55,M,NSC,M,M,M,M,M,M,M,BR,M,M,M,M,M,M,53.60,FALE 262254Z VRB02KT 2500 BR NSC 12/11 Q1023 NOSIG,M
FALE,2026-06-26 23:00,53.60,51.80,93.60,M,2.00,0.00,30.21,M,1.62,M,NSC,M,M,M,M,M,M,M,BR,M,M,M,M,M,M,53.60,FALE 262300Z VRB02KT 2600 1400 R24/P2000N BR NSC 12/11 Q1023 NOSIG,M
FALE,2026-06-26 23:22,53.60,53.60,100.00,M,2.00,0.00,30.21,M,4.97,M,NSC,M,M,M,M,M,M,M,M,M,M,M,M,M,M,53.60,FALE 262322Z VRB02KT 8000 NSC 12/12 Q1023 NOSIG,M
FALE,2026-06-27 00:00,55.40,53.60,93.65,0.00,0.00,0.00,30.21,M,3.73,M,NSC,M,M,M,M,M,M,M,M,M,M,M,M,M,M,55.40,FALE 270000Z 00000KT 6000 NSC 13/12 Q1023 NOSIG,M
FALE,2026-06-27 00:06,53.60,51.80,93.60,0.00,0.00,0.00,30.18,M,2.92,M,NSC,M,M,M,M,M,M,M,BR,M,M,M,M,M,M,53.60,FALE 270006Z 00000KT 4700 BR NSC 12/11 Q1022 NOSIG,M
FALE,2026-06-27 00:22,53.60,51.80,93.60,M,1.00,0.00,30.18,M,4.35,M,NSC,M,M,M,M,M,M,M,M,M,M,M,M,M,M,53.60,FALE 270022Z VRB01KT 7000 NSC 12/11 Q1022 NOSIG,M
FALE,2026-06-27 01:01,50.00,48.20,93.50,M,1.00,0.00,30.18,M,5.59,M,NSC,M,M,M,M,M,M,M,M,M,M,M,M,M,M,50.00,FALE 270101Z VRB01KT 9000 3600 NSC 10/09 Q1022 NOSIG,M
FALE,2026-06-27 02:00,50.00,50.00,100.00,0.00,0.00,0.00,30.18,M,5.59,M,NSC,M,M,M,M,M,M,M,M,M,M,M,M,M,M,50.00,FALE 270200Z 00000KT 9000 NSC 10/10 Q1022 NOSIG,M
FALE,2026-06-27 02:44,51.80,50.00,93.55,M,2.00,0.00,30.18,M,6.21,M,M,M,M,M,M,M,M,M,M,M,M,M,M,M,M,51.80,FALE 270244Z VRB02KT CAVOK 11/10 Q1022 NOSIG,M
FALE,2026-06-27 03:00,51.80,50.00,93.55,200.00,3.00,0.00,30.18,M,6.21,M,M,M,M,M,M,M,M,M,M,M,M,M,M,M,M,51.80,FALE 270300Z 20003KT CAVOK 11/10 Q1022 NOSIG,M
FALE,2026-06-27 04:00,46.40,46.40,100.00,0.00,0.00,0.00,30.18,M,6.21,M,M,M,M,M,M,M,M,M,M,M,M,M,M,M,M,46.40,FALE 270400Z 00000KT CAVOK 08/08 Q1022 NOSIG,M
FALE,2026-06-27 05:00,44.60,42.80,93.35,M,1.00,0.00,30.18,M,6.21,M,M,M,M,M,M,M,M,M,M,M,M,M,M,M,M,44.60,FALE 270500Z VRB01KT CAVOK 07/06 Q1022 NOSIG,M
FALE,2026-06-27 05:07,48.20,46.40,93.45,210.00,2.00,0.00,30.18,M,6.21,M,M,M,M,M,M,M,M,M,M,M,M,M,M,M,M,48.20,FALE 270507Z 21002KT CAVOK 09/08 Q1022 NOSIG,M
FALE,2026-06-27 05:45,50.00,50.00,100.00,30.00,4.00,0.00,30.18,M,6.21,M,M,M,M,M,M,M,M,M,M,M,M,M,M,M,M,50.00,FALE 270545Z 03004KT CAVOK 10/10 Q1022 NOSIG,M
FALE,2026-06-27 05:58,53.60,51.80,93.60,0.00,0.00,0.00,30.18,M,6.21,M,M,M,M,M,M,M,M,M,M,M,M,M,M,M,M,53.60,FALE 270558Z 00000KT CAVOK 12/11 Q1022 NOSIG,M
FALE,2026-06-27 06:00,53.60,51.80,93.60,0.00,0.00,0.00,30.18,M,6.21,M,M,M,M,M,M,M,M,M,M,M,M,M,M,M,M,53.60,FALE 270600Z 00000KT CAVOK 12/11 Q1022 NOSIG,M
FALE,2026-06-27 06:26,57.20,55.40,93.70,0.00,0.00,0.00,30.18,M,6.21,M,M,M,M,M,M,M,M,M,M,M,M,M,M,M,M,57.20,FALE 270626Z 00000KT CAVOK 14/13 Q1022 NOSIG,M
FALE,2026-06-27 06:46,60.80,57.20,87.93,0.00,0.00,0.00,30.18,M,6.21,M,M,M,M,M,M,M,M,M,M,M,M,M,M,M,M,60.80,FALE 270646Z 00000KT CAVOK 16/14 Q1022 NOSIG,M
FALE,2026-06-27 07:00,60.80,55.40,82.38,0.00,0.00,0.00,30.18,M,6.21,M,M,M,M,M,M,M,M,M,M,M,M,M,M,M,M,60.80,FALE 270700Z 00000KT CAVOK 16/13 Q1022 NOSIG,M
FALE,2026-06-27 07:16,64.40,50.00,59.52,0.00,0.00,0.00,30.18,M,6.21,M,M,M,M,M,M,M,M,M,M,M,M,M,M,M,M,64.40,FALE 270716Z 00000KT CAVOK 18/10 Q1022 NOSIG,M
FALE,2026-06-27 07:34,68.00,53.60,60.00,M,1.00,0.00,30.18,M,6.21,M,M,M,M,M,M,M,M,M,M,M,M,M,M,M,M,68.00,FALE 270734Z VRB01KT CAVOK 20/12 Q1022 NOSIG,M
FALE,2026-06-27 08:00,68.00,55.40,64.07,10.00,3.00,0.00,30.18,M,6.21,M,M,M,M,M,M,M,M,M,M,M,M,M,M,M,M,68.00,FALE 270800Z 01003KT 330V060 CAVOK 20/13 Q1022 NOSIG,M
FALE,2026-06-27 09:00,71.60,50.00,46.47,30.00,6.00,0.00,30.15,M,6.21,M,M,M,M,M,M,M,M,M,M,M,M,M,M,M,M,71.60,FALE 270900Z 03006KT CAVOK 22/10 Q1021 NOSIG,M
FALE,2026-06-27 09:20,75.20,51.80,44.02,40.00,5.00,0.00,30.15,M,6.21,M,M,M,M,M,M,M,M,M,M,M,M,M,M,M,M,75.20,FALE 270920Z 04005KT 010V080 CAVOK 24/11 Q1021 NOSIG,M
FALE,2026-06-27 09:54,78.80,50.00,36.56,60.00,7.00,0.00,30.09,M,6.21,M,M,M,M,M,M,M,M,M,M,M,M,M,M,M,M,78.80,FALE 270954Z 06007KT 020V120 CAVOK 26/10 Q1019 NOSIG,M
FALE,2026-06-27 10:00,78.80,50.00,36.56,70.00,6.00,0.00,30.09,M,6.21,M,M,M,M,M,M,M,M,M,M,M,M,M,M,M,M,78.80,FALE 271000Z 07006KT 020V120 CAVOK 26/10 Q1019 NOSIG,M
FALE,2026-06-27 11:00,77.00,57.20,50.49,70.00,11.00,0.00,30.06,M,6.21,M,M,M,M,M,M,M,M,M,M,M,M,M,M,M,M,77.00,FALE 271100Z 07011KT 050V110 CAVOK 25/14 Q1018 NOSIG,M
FALE,2026-06-27 11:54,78.80,60.80,54.11,90.00,7.00,0.00,30.03,M,6.21,M,M,M,M,M,M,M,M,M,M,M,M,M,M,M,M,78.80,FALE 271154Z 09007KT 050V130 CAVOK 26/16 Q1017 NOSIG,M
FALE,2026-06-27 12:00,78.80,60.80,54.11,90.00,7.00,0.00,30.03,M,6.21,M,M,M,M,M,M,M,M,M,M,M,M,M,M,M,M,78.80,FALE 271200Z 09007KT 030V130 CAVOK 26/16 Q1017 NOSIG,M
FALE,2026-06-27 13:00,75.20,64.40,69.19,70.00,10.00,0.00,30.00,M,6.21,M,M,M,M,M,M,M,M,M,M,M,M,M,M,M,M,75.20,FALE 271300Z 07010KT CAVOK 24/18 Q1016 NOSIG,M
FALE,2026-06-27 14:00,73.40,64.40,73.48,80.00,8.00,0.00,30.00,M,6.21,M,M,M,M,M,M,M,M,M,M,M,M,M,M,M,M,73.40,FALE 271400Z 08008KT CAVOK 23/18 Q1016 NOSIG,M
FALE,2026-06-27 15:00,73.40,60.80,64.74,60.00,10.00,0.00,30.00,M,6.21,M,M,M,M,M,M,M,M,M,M,M,M,M,M,M,M,73.40,FALE 271500Z 06010KT CAVOK 23/16 Q1016 NOSIG,M
FALE,2026-06-27 16:00,73.40,57.20,56.92,60.00,11.00,0.00,30.00,M,6.21,M,M,M,M,M,M,M,M,M,M,M,M,M,M,M,M,73.40,FALE 271600Z 06011KT CAVOK 23/14 Q1016 NOSIG,M
FALE,2026-06-27 17:00,69.80,53.60,56.42,60.00,8.00,0.00,30.00,M,6.21,M,M,M,M,M,M,M,M,M,M,M,M,M,M,M,M,69.80,FALE 271700Z 06008KT CAVOK 21/12 Q1016 NOSIG,M
FALE,2026-06-27 18:00,66.20,51.80,59.76,40.00,7.00,0.00,30.03,M,6.21,M,M,M,M,M,M,M,M,M,M,M,M,M,M,M,M,66.20,FALE 271800Z 04007KT CAVOK 19/11 Q1017 NOSIG,M
FALE,2026-06-27 19:00,64.40,51.80,63.62,20.00,5.00,0.00,30.03,M,6.21,M,M,M,M,M,M,M,M,M,M,M,M,M,M,M,M,64.40,FALE 271900Z 02005KT CAVOK 18/11 Q1017 NOSIG,M
FALE,2026-06-27 20:00,62.60,51.80,67.76,30.00,5.00,0.00,30.03,M,6.21,M,M,M,M,M,M,M,M,M,M,M,M,M,M,M,M,62.60,FALE 272000Z 03005KT CAVOK 17/11 Q1017 NOSIG,M
FALE,2026-06-27 21:00,62.60,51.80,67.76,20.00,6.00,0.00,30.03,M,6.21,M,M,M,M,M,M,M,M,M,M,M,M,M,M,M,M,62.60,FALE 272100Z 02006KT CAVOK 17/11 Q1017 NOSIG,M
FALE,2026-06-27 21:36,64.40,48.20,55.65,10.00,7.00,0.00,30.03,M,6.21,M,M,M,M,M,M,M,M,M,M,M,M,M,M,M,M,64.40,FALE 272136Z 01007KT CAVOK 18/09 Q1017 NOSIG,M
FALE,2026-06-27 22:00,62.60,50.00,63.39,20.00,7.00,0.00,30.03,M,6.21,M,M,M,M,M,M,M,M,M,M,M,M,M,M,M,M,62.60,FALE 272200Z 02007KT CAVOK 17/10 Q1017 NOSIG,M
FALE,2026-06-27 23:00,59.00,46.40,62.93,50.00,5.00,0.00,30.03,M,6.21,M,M,M,M,M,M,M,M,M,M,M,M,M,M,M,M,59.00,FALE 272300Z 05005KT CAVOK 15/08 Q1017 NOSIG,M
FALE,2026-06-28 00:00,59.00,46.40,62.93,M,2.00,0.00,30.03,M,6.21,M,M,M,M,M,M,M,M,M,M,M,M,M,M,M,M,59.00,FALE 280000Z VRB02KT CAVOK 15/08 Q1017 NOSIG,M
FALE,2026-06-28 01:00,51.80,44.60,76.34,M,2.00,0.00,30.00,M,6.21,M,M,M,M,M,M,M,M,M,M,M,M,M,M,M,M,51.80,FALE 280100Z VRB02KT CAVOK 11/07 Q1016 NOSIG,M
FALE,2026-06-28 01:33,57.20,44.60,62.70,M,2.00,0.00,30.00,M,6.21,M,M,M,M,M,M,M,M,M,M,M,M,M,M,M,M,57.20,FALE 280133Z VRB02KT CAVOK 14/07 Q1016 NOSIG,M
FALE,2026-06-28 01:37,60.80,44.60,55.13,M,1.00,0.00,30.00,M,6.21,M,M,M,M,M,M,M,M,M,M,M,M,M,M,M,M,60.80,FALE 280137Z VRB01KT CAVOK 16/07 Q1016 NOSIG,M
FALE,2026-06-28 02:00,60.80,42.80,51.46,0.00,0.00,0.00,30.00,M,6.21,M,M,M,M,M,M,M,M,M,M,M,M,M,M,M,M,60.80,FALE 280200Z 00000KT CAVOK 16/06 Q1016 NOSIG,M
FALE,2026-06-28 03:00,51.80,44.60,76.34,0.00,0.00,0.00,30.00,M,6.21,M,M,M,M,M,M,M,M,M,M,M,M,M,M,M,M,51.80,FALE 280300Z 00000KT CAVOK 11/07 Q1016 NOSIG,M
FALE,2026-06-28 04:00,51.80,44.60,76.34,M,2.00,0.00,30.00,M,6.21,M,M,M,M,M,M,M,M,M,M,M,M,M,M,M,M,51.80,FALE 280400Z VRB02KT CAVOK 11/07 Q1016 NOSIG,M
FALE,2026-06-28 05:00,50.00,44.60,81.60,M,1.00,0.00,30.03,M,6.21,M,M,M,M,M,M,M,M,M,M,M,M,M,M,M,M,50.00,FALE 280500Z VRB01KT CAVOK 10/07 Q1017 NOSIG,M
FALE,2026-06-28 05:41,53.60,48.20,81.87,40.00,1.00,0.00,30.03,M,6.21,M,M,M,M,M,M,M,M,M,M,M,M,M,M,M,M,53.60,FALE 280541Z 04001KT CAVOK 12/09 Q1017 NOSIG,M
FALE,2026-06-28 05:48,57.20,48.20,71.84,M,2.00,0.00,30.03,M,6.21,M,M,M,M,M,M,M,M,M,M,M,M,M,M,M,M,57.20,FALE 280548Z VRB02KT CAVOK 14/09 Q1017 NOSIG,M
FALE,2026-06-28 05:51,60.80,46.40,59.02,80.00,2.00,0.00,30.03,M,6.21,M,M,M,M,M,M,M,M,M,M,M,M,M,M,M,M,60.80,FALE 280551Z 08002KT CAVOK 16/08 Q1017 NOSIG,M
FALE,2026-06-28 06:00,59.00,50.00,72.02,80.00,1.00,0.00,30.03,M,6.21,M,M,M,M,M,M,M,M,M,M,M,M,M,M,M,M,59.00,FALE 280600Z 08001KT CAVOK 15/10 Q1017 NOSIG,M
FALE,2026-06-28 06:04,62.60,50.00,63.39,M,2.00,0.00,30.03,M,6.21,M,M,M,M,M,M,M,M,M,M,M,M,M,M,M,M,62.60,FALE 280604Z VRB02KT CAVOK 17/10 Q1017 NOSIG,M
FALE,2026-06-28 06:17,66.20,50.00,55.91,M,2.00,0.00,30.03,M,6.21,M,M,M,M,M,M,M,M,M,M,M,M,M,M,M,M,66.20,FALE 280617Z VRB02KT CAVOK 19/10 Q1017 NOSIG,M
FALE,2026-06-28 06:55,71.60,48.20,43.45,0.00,0.00,0.00,30.03,M,6.21,M,M,M,M,M,M,M,M,M,M,M,M,M,M,M,M,71.60,FALE 280655Z 00000KT CAVOK 22/09 Q1017 NOSIG,M
FALE,2026-06-28 07:00,71.60,48.20,43.45,0.00,0.00,0.00,30.03,M,6.21,M,M,M,M,M,M,M,M,M,M,M,M,M,M,M,M,71.60,FALE 280700Z 00000KT CAVOK 22/09 Q1017 NOSIG,M
FALE,2026-06-28 07:58,77.00,46.40,33.89,10.00,3.00,0.00,30.03,M,6.21,M,M,M,M,M,M,M,M,M,M,M,M,M,M,M,M,77.00,FALE 280758Z 01003KT 320V080 CAVOK 25/08 Q1017 NOSIG,M
FALE,2026-06-28 08:00,77.00,46.40,33.89,10.00,3.00,0.00,30.03,M,6.21,M,M,M,M,M,M,M,M,M,M,M,M,M,M,M,M,77.00,FALE 280800Z 01003KT 320V080 CAVOK 25/08 Q1017 NOSIG,M
FALE,2026-06-28 09:00,80.60,46.40,30.12,230.00,3.00,0.00,30.00,M,6.21,M,M,M,M,M,M,M,M,M,M,M,M,M,M,M,M,79.56,FALE 280900Z 23003KT 180V320 CAVOK 27/08 Q1016 NOSIG,M
FALE,2026-06-28 10:00,78.80,50.00,36.56,130.00,6.00,0.00,29.97,M,6.21,M,M,M,M,M,M,M,M,M,M,M,M,M,M,M,M,78.80,FALE 281000Z 13006KT 110V190 CAVOK 26/10 Q1015 NOSIG,M
FALE,2026-06-28 11:00,77.00,50.00,38.79,120.00,6.00,0.00,29.94,M,6.21,M,M,M,M,M,M,M,M,M,M,M,M,M,M,M,M,77.00,FALE 281100Z 12006KT 090V150 CAVOK 25/10 Q1014 NOSIG,M
FALE,2026-06-28 11:21,80.60,46.40,30.12,140.00,5.00,0.00,29.94,M,6.21,M,M,M,M,M,M,M,M,M,M,M,M,M,M,M,M,79.56,FALE 281121Z 14005KT 110V170 CAVOK 27/08 Q1014 NOSIG,M
FALE,2026-06-28 12:00,77.00,50.00,38.79,100.00,7.00,0.00,29.94,M,6.21,M,M,M,M,M,M,M,M,M,M,M,M,M,M,M,M,77.00,FALE 281200Z 10007KT 060V140 CAVOK 25/10 Q1014 NOSIG,M
FALE,2026-06-28 13:00,77.00,51.80,41.46,100.00,6.00,0.00,29.91,M,6.21,M,M,M,M,M,M,M,M,M,M,M,M,M,M,M,M,77.00,FALE 281300Z 10006KT 060V130 CAVOK 25/11 Q1013 NOSIG,M
FALE,2026-06-28 14:00,77.00,53.60,44.30,60.00,4.00,0.00,29.94,M,6.21,M,M,M,M,M,M,M,M,M,M,M,M,M,M,M,M,77.00,FALE 281400Z 06004KT CAVOK 25/12 Q1014 NOSIG,M
FALE,2026-06-28 15:00,71.60,57.20,60.48,80.00,4.00,0.00,29.94,M,6.21,M,M,M,M,M,M,M,M,M,M,M,M,M,M,M,M,71.60,FALE 281500Z 08004KT CAVOK 22/14 Q1014 NOSIG,M
FALE,2026-06-28 16:00,68.00,57.20,68.38,70.00,2.00,0.00,29.94,M,6.21,M,M,M,M,M,M,M,M,M,M,M,M,M,M,M,M,68.00,FALE 281600Z 07002KT CAVOK 20/14 Q1014 NOSIG,M
FALE,2026-06-28 17:00,64.40,59.00,82.63,M,3.00,0.00,29.94,M,6.21,M,M,M,M,M,M,M,M,M,M,M,M,M,M,M,M,64.40,FALE 281700Z VRB03KT CAVOK 18/15 Q1014 NOSIG,M
FALE,2026-06-28 18:00,59.00,55.40,87.84,0.00,0.00,0.00,29.94,M,6.21,M,M,M,M,M,M,M,M,M,M,M,M,M,M,M,M,59.00,FALE 281800Z 00000KT CAVOK 15/13 Q1014 NOSIG,M
FALE,2026-06-28 19:00,57.20,51.80,82.13,0.00,0.00,0.00,29.97,M,5.59,M,NSC,M,M,M,M,M,M,M,M,M,M,M,M,M,M,57.20,FALE 281900Z 00000KT 9000 NSC 14/11 Q1015 NOSIG,M
FALE,2026-06-28 20:00,53.60,50.00,87.56,140.00,3.00,0.00,29.97,M,6.21,M,M,M,M,M,M,M,M,M,M,M,M,M,M,M,M,53.60,FALE 282000Z 14003KT CAVOK 12/10 Q1015 NOSIG,M
FALE,2026-06-28 21:00,55.40,51.80,87.65,M,1.00,0.00,29.97,M,6.21,M,M,M,M,M,M,M,M,M,M,M,M,M,M,M,M,55.40,FALE 282100Z VRB01KT CAVOK 13/11 Q1015 NOSIG,M
FALE,2026-06-28 22:00,53.60,48.20,81.87,220.00,3.00,0.00,29.94,M,6.21,M,M,M,M,M,M,M,M,M,M,M,M,M,M,M,M,53.60,FALE 282200Z 22003KT 110V240 CAVOK 12/09 Q1014 NOSIG,M
FALE,2026-06-28 23:00,50.00,46.40,87.37,200.00,2.00,0.00,29.94,M,6.21,M,M,M,M,M,M,M,M,M,M,M,M,M,M,M,M,50.00,FALE 282300Z 20002KT CAVOK 10/08 Q1014 NOSIG,M
FALE,2026-06-28 23:55,53.60,44.60,71.45,220.00,4.00,0.00,29.91,M,6.21,M,M,M,M,M,M,M,M,M,M,M,M,M,M,M,M,53.60,FALE 282355Z 22004KT CAVOK 12/07 Q1013 NOSIG,M
FALE,2026-06-29 00:00,53.60,44.60,71.45,220.00,4.00,0.00,29.91,M,6.21,M,M,M,M,M,M,M,M,M,M,M,M,M,M,M,M,53.60,FALE 290000Z 22004KT CAVOK 12/07 Q1013 NOSIG,M
FALE,2026-06-29 01:26,59.00,46.40,62.93,M,2.00,0.00,29.91,M,6.21,M,M,M,M,M,M,M,M,M,M,M,M,M,M,M,M,59.00,FALE 290126Z VRB02KT CAVOK 15/08 Q1013 NOSIG,M
FALE,2026-06-29 03:00,48.20,44.60,87.28,0.00,0.00,0.00,29.91,M,6.21,M,M,M,M,M,M,M,M,M,M,M,M,M,M,M,M,48.20,FALE 290300Z 00000KT CAVOK 09/07 Q1013 NOSIG,M
FALE,2026-06-29 04:00,50.00,46.40,87.37,M,1.00,0.00,29.91,M,6.21,M,M,M,M,M,M,M,M,M,M,M,M,M,M,M,M,50.00,FALE 290400Z VRB01KT CAVOK 10/08 Q1013 NOSIG,M
FALE,2026-06-29 05:00,48.20,44.60,87.28,0.00,0.00,0.00,29.94,M,6.21,M,M,M,M,M,M,M,M,M,M,M,M,M,M,M,M,48.20,FALE 290500Z 00000KT CAVOK 09/07 Q1014 NOSIG,M
FALE,2026-06-29 05:37,53.60,48.20,81.87,0.00,0.00,0.00,29.94,M,6.21,M,M,M,M,M,M,M,M,M,M,M,M,M,M,M,M,53.60,FALE 290537Z 00000KT CAVOK 12/09 Q1014 NOSIG,M
FALE,2026-06-29 06:00,59.00,53.60,82.26,0.00,0.00,0.00,29.94,M,6.21,M,M,M,M,M,M,M,M,M,M,M,M,M,M,M,M,59.00,FALE 290600Z 00000KT CAVOK 15/12 Q1014 NOSIG,M
FALE,2026-06-29 06:02,59.00,51.80,76.99,0.00,0.00,0.00,29.94,M,6.21,M,M,M,M,M,M,M,M,M,M,M,M,M,M,M,M,59.00,FALE 290602Z 00000KT CAVOK 15/11 Q1014 NOSIG,M
FALE,2026-06-29 06:14,62.60,51.80,67.76,0.00,0.00,0.00,29.94,M,6.21,M,M,M,M,M,M,M,M,M,M,M,M,M,M,M,M,62.60,FALE 290614Z 00000KT CAVOK 17/11 Q1014 NOSIG,M
FALE,2026-06-29 06:28,66.20,51.80,59.76,M,2.00,0.00,29.94,M,6.21,M,M,M,M,M,M,M,M,M,M,M,M,M,M,M,M,66.20,FALE 290628Z VRB02KT CAVOK 19/11 Q1014 NOSIG,M
FALE,2026-06-29 06:38,69.80,51.80,52.81,M,1.00,0.00,29.94,M,6.21,M,M,M,M,M,M,M,M,M,M,M,M,M,M,M,M,69.80,FALE 290638Z VRB01KT CAVOK 21/11 Q1014 NOSIG,M
FALE,2026-06-29 07:00,71.60,50.00,46.47,M,1.00,0.00,29.94,M,6.21,M,M,M,M,M,M,M,M,M,M,M,M,M,M,M,M,71.60,FALE 290700Z VRB01KT CAVOK 22/10 Q1014 NOSIG,M
FALE,2026-06-29 07:39,77.00,46.40,33.89,M,1.00,0.00,29.97,M,6.21,M,M,M,M,M,M,M,M,M,M,M,M,M,M,M,M,77.00,FALE 290739Z VRB01KT CAVOK 25/08 Q1015 NOSIG,M
FALE,2026-06-29 08:00,77.00,46.40,33.89,M,1.00,0.00,29.97,M,6.21,M,M,M,M,M,M,M,M,M,M,M,M,M,M,M,M,77.00,FALE 290800Z VRB01KT CAVOK 25/08 Q1015 NOSIG,M
FALE,2026-06-29 09:00,78.80,48.20,34.18,120.00,3.00,0.00,29.94,M,6.21,M,M,M,M,M,M,M,M,M,M,M,M,M,M,M,M,78.80,FALE 290900Z 12003KT 040V180 CAVOK 26/09 Q1014 NOSIG,M
FALE,2026-06-29 10:00,78.80,50.00,36.56,100.00,4.00,0.00,29.94,M,6.21,M,M,M,M,M,M,M,M,M,M,M,M,M,M,M,M,78.80,FALE 291000Z 10004KT 060V130 CAVOK 26/10 Q1014 NOSIG,M
FALE,2026-06-29 10:09,80.60,48.20,32.23,200.00,12.00,0.00,29.94,M,5.59,M,NSC,M,M,M,M,M,M,M,M,M,M,M,M,M,M,79.72,FALE 291009Z 20012KT 050V200 9000 NSC 27/09 Q1014 NOSIG,M
FALE,2026-06-29 11:00,73.40,64.40,73.48,190.00,17.00,0.00,29.97,M,5.59,M,SCT,M,M,M,1600.00,M,M,M,M,M,M,M,M,M,M,73.40,FALE 291100Z 19017KT 9000 SCT016 23/18 Q1015 TEMPO 18015G28KT,M
FALE,2026-06-29 11:14,73.40,66.20,78.23,200.00,15.00,0.00,29.97,M,5.59,M,BKN,M,M,M,1400.00,M,M,M,M,M,M,M,M,M,M,73.40,FALE 291114Z 20015KT 9000 BKN014 23/19 Q1015 TEMPO 18015G28KT,M
FALE,2026-06-29 11:45,71.60,66.20,83.12,200.00,15.00,0.00,29.97,M,6.21,25.00,BKN,BKN,M,M,1300.00,1800.00,M,M,M,M,M,M,M,M,M,71.60,FALE 291145Z 20015G25KT 180V240 9999 BKN013 BKN018 22/19 Q1015 NOSIG,M
FALE,2026-06-29 12:00,71.60,64.40,78.08,200.00,15.00,0.00,29.97,M,6.21,25.00,BKN,BKN,M,M,1300.00,1900.00,M,M,M,M,M,M,M,M,M,71.60,FALE 291200Z 20015G25KT 170V240 9999 BKN013 BKN019 22/18 Q1015 NOSIG,M
FALE,2026-06-29 12:26,71.60,64.40,78.08,200.00,15.00,0.00,29.97,M,6.21,25.00,SCT,BKN,M,M,1400.00,2200.00,M,M,M,M,M,M,M,M,M,71.60,FALE 291226Z 20015G25KT 170V230 9999 SCT014 BKN022 22/18 Q1015 NOSIG,M
FALE,2026-06-29 13:00,71.60,64.40,78.08,200.00,15.00,0.00,30.00,M,6.21,25.00,FEW,SCT,M,M,1600.00,2700.00,M,M,M,M,M,M,M,M,M,71.60,FALE 291300Z 20015G25KT 170V230 9999 FEW016 SCT027 22/18 Q1016 NOSIG,M
FALE,2026-06-29 14:00,69.80,62.60,77.93,210.00,12.00,0.00,30.03,M,5.59,M,FEW,BKN,M,M,1900.00,3200.00,M,M,M,M,M,M,M,M,M,69.80,FALE 291400Z 21012KT 9000 FEW019 BKN032 21/17 Q1017 NOSIG,M
FALE,2026-06-29 15:00,69.80,62.60,77.93,210.00,12.00,0.00,30.06,M,5.59,M,SCT,BKN,BKN,M,1900.00,2500.00,3100.00,M,M,M,M,M,M,M,M,69.80,FALE 291500Z 21012KT 170V240 9000 SCT019 BKN025 BKN031 21/17 Q1018 NOSIG,M
FALE,2026-06-29 16:00,68.00,60.80,77.77,210.00,12.00,0.00,30.09,M,5.59,M,FEW,BKN,BKN,M,1800.00,2400.00,3200.00,M,M,M,M,M,M,M,M,68.00,FALE 291600Z 21012KT 9000 FEW018 BKN024 BKN032 20/16 Q1019 NOSIG,M
FALE,2026-06-29 17:00,68.00,60.80,77.77,200.00,11.00,0.00,30.15,M,6.21,M,BKN,BKN,M,M,2400.00,3000.00,M,M,M,M,M,M,M,M,M,68.00,FALE 291700Z 20011KT 9999 BKN024 BKN030 20/16 Q1021 NOSIG,M
FALE,2026-06-29 18:00,66.20,59.00,77.62,210.00,10.00,0.00,30.15,M,6.21,M,SCT,BKN,M,M,2500.00,3600.00,M,M,M,M,M,M,M,M,M,66.20,FALE 291800Z 21010KT 9999 SCT025 BKN036 19/15 Q1021 NOSIG,M
FALE,2026-06-29 19:00,66.20,55.40,68.18,220.00,12.00,0.00,30.18,M,6.21,M,SCT,BKN,M,M,2800.00,3200.00,M,M,M,M,M,M,M,M,M,66.20,FALE 291900Z 22012KT 9999 SCT028 BKN032 19/13 Q1022 NOSIG,M
FALE,2026-06-29 20:00,66.20,55.40,68.18,210.00,9.00,0.00,30.21,M,6.21,M,SCT,BKN,M,M,3300.00,4000.00,M,M,M,M,M,M,M,M,M,66.20,FALE 292000Z 21009KT 9999 SCT033 BKN040 19/13 Q1023 NOSIG,M
FALE,2026-06-29 21:00,64.40,53.60,67.97,220.00,9.00,0.00,30.21,M,6.21,M,FEW,SCT,M,M,3200.00,4000.00,M,M,M,M,M,M,M,M,M,64.40,FALE 292100Z 22009KT 9999 FEW032 SCT040 18/12 Q1023 NOSIG,M
FALE,2026-06-29 22:00,64.40,53.60,67.97,220.00,10.00,0.00,30.24,M,6.21,M,OVC,M,M,M,2500.00,M,M,M,M,M,M,M,M,M,M,64.40,FALE 292200Z 22010KT 9999 OVC025 18/12 Q1024 NOSIG,M
FALE,2026-06-29 23:00,64.40,53.60,67.97,220.00,9.00,0.00,30.21,M,6.21,M,FEW,BKN,M,M,2600.00,3200.00,M,M,M,M,M,M,M,M,M,64.40,FALE 292300Z 22009KT 9999 FEW026 BKN032 18/12 Q1023 NOSIG,M
FALE,2026-06-30 00:00,64.40,51.80,63.62,220.00,9.00,0.00,30.24,M,6.21,M,BKN,M,M,M,2800.00,M,M,M,M,M,M,M,M,M,M,64.40,FALE 300000Z 22009KT 9999 BKN028 18/11 Q1024 NOSIG,M
FALE,2026-06-30 01:00,64.40,51.80,63.62,220.00,6.00,0.00,30.24,M,6.21,M,OVC,M,M,M,2900.00,M,M,M,M,M,M,M,M,M,M,64.40,FALE 300100Z 22006KT 9999 OVC029 18/11 Q1024 NOSIG,M
FALE,2026-06-30 02:00,64.40,51.80,63.62,220.00,7.00,0.00,30.21,M,6.21,M,OVC,M,M,M,3000.00,M,M,M,M,M,M,M,M,M,M,64.40,FALE 300200Z 22007KT 9999 OVC030 18/11 Q1023 NOSIG,M
FALE,2026-06-30 03:00,62.60,51.80,67.76,220.00,5.00,0.00,30.21,M,6.21,M,OVC,M,M,M,2500.00,M,M,M,M,M,M,M,M,M,M,62.60,FALE 300300Z 22005KT 9999 OVC025 17/11 Q1023 NOSIG,M
FALE,2026-06-30 04:00,64.40,51.80,63.62,240.00,6.00,0.00,30.24,M,6.21,M,BKN,M,M,M,3100.00,M,M,M,M,M,M,M,M,M,M,64.40,FALE 300400Z 24006KT 9999 BKN031 18/11 Q1024 NOSIG,M
FALE,2026-06-30 05:00,62.60,51.80,67.76,220.00,4.00,0.00,30.24,M,6.21,M,BKN,M,M,M,2600.00,M,M,M,M,M,M,M,M,M,M,62.60,FALE 300500Z 22004KT 9999 BKN026 17/11 Q1024 NOSIG,M
FALE,2026-06-30 06:00,64.40,53.60,67.97,220.00,3.00,0.00,30.24,M,6.21,M,BKN,M,M,M,2600.00,M,M,M,M,M,M,M,M,M,M,64.40,FALE 300600Z 22003KT 190V250 9999 BKN026 18/12 Q1024 NOSIG,M
FALE,2026-06-30 07:00,64.40,53.60,67.97,220.00,6.00,0.00,30.27,M,6.21,M,OVC,M,M,M,2800.00,M,M,M,M,M,M,M,M,M,M,64.40,FALE 300700Z 22006KT 9999 OVC028 18/12 Q1025 NOSIG,M
FALE,2026-06-30 08:00,66.20,53.60,63.85,240.00,4.00,0.00,30.27,M,6.21,M,OVC,M,M,M,2500.00,M,M,M,M,M,M,M,M,M,M,66.20,FALE 300800Z 24004KT 190V290 9999 OVC025 19/12 Q1025 NOSIG,M
FALE,2026-06-30 09:00,66.20,53.60,63.85,250.00,5.00,0.00,30.27,M,6.21,M,OVC,M,M,M,2500.00,M,M,M,M,M,M,M,M,M,M,66.20,FALE 300900Z 25005KT 220V300 9999 OVC025 19/12 Q1025 NOSIG,M
FALE,2026-06-30 10:00,66.20,53.60,63.85,240.00,3.00,0.00,30.24,M,5.59,M,OVC,M,M,M,2700.00,M,M,M,M,M,M,M,M,M,M,66.20,FALE 301000Z 24003KT 200V290 9000 OVC027 19/12 Q1024 NOSIG,M
FALE,2026-06-30 11:00,68.00,53.60,60.00,220.00,4.00,0.00,30.21,M,5.59,M,BKN,M,M,M,2300.00,M,M,M,M,M,M,M,M,M,M,68.00,FALE 301100Z 22004KT 160V280 9000 BKN023 20/12 Q1023 NOSIG,M
FALE,2026-06-30 12:00,68.00,55.40,64.07,M,2.00,0.00,30.18,M,6.21,M,SCT,M,M,M,2400.00,M,M,M,M,M,M,M,M,M,M,68.00,FALE 301200Z VRB02KT 9999 SCT024 20/13 Q1022 NOSIG,M
FALE,2026-06-30 13:00,68.00,55.40,64.07,90.00,4.00,0.00,30.15,M,5.59,M,FEW,M,M,M,2500.00,M,M,M,M,M,M,M,M,M,M,68.00,FALE 301300Z 09004KT 030V130 9000 FEW025 20/13 Q1021 NOSIG,M
FALE,2026-06-30 14:00,66.20,55.40,68.18,110.00,4.00,0.00,30.15,M,5.59,M,FEW,M,M,M,2500.00,M,M,M,M,M,M,M,M,M,M,66.20,FALE 301400Z 11004KT 070V140 9000 FEW025 19/13 Q1021 NOSIG,M
FALE,2026-06-30 15:00,64.40,55.40,72.58,M,2.00,0.00,30.15,M,5.59,M,FEW,M,M,M,2500.00,M,M,M,M,M,M,M,M,M,M,64.40,FALE 301500Z VRB02KT 9000 FEW025 18/13 Q1021 NOSIG,M
FALE,2026-06-30 16:00,59.00,55.40,87.84,M,1.00,0.00,30.15,M,5.59,M,FEW,M,M,M,2000.00,M,M,M,M,M,M,M,M,M,M,59.00,FALE 301600Z VRB01KT 9000 FEW020 15/13 Q1021 NOSIG,M
FALE,2026-06-30 17:00,57.20,53.60,87.75,M,2.00,0.00,30.15,M,5.59,M,NSC,M,M,M,M,M,M,M,M,M,M,M,M,M,M,57.20,FALE 301700Z VRB02KT 9000 NSC 14/12 Q1021 NOSIG,M
FALE,2026-06-30 17:57,59.00,55.40,87.84,50.00,2.00,0.00,30.15,M,6.21,M,FEW,M,M,M,2700.00,M,M,M,M,M,M,M,M,M,M,59.00,FALE 301757Z 05002KT 9999 FEW027 15/13 Q1021 NOSIG,M
FALE,2026-06-30 18:00,55.40,53.60,93.65,50.00,2.00,0.00,30.15,M,5.59,M,FEW,M,M,M,2400.00,M,M,M,M,M,M,M,M,M,M,55.40,FALE 301800Z 05002KT 9000 FEW024 13/12 Q1021 NOSIG,M
FALE,2026-06-30 19:00,57.20,53.60,87.75,40.00,4.00,0.00,30.15,M,6.21,M,M,M,M,M,M,M,M,M,M,M,M,M,M,M,M,57.20,FALE 301900Z 04004KT CAVOK 14/12 Q1021 NOSIG,M
FALE,2026-06-30 20:00,57.20,55.40,93.70,40.00,4.00,0.00,30.12,M,6.21,M,M,M,M,M,M,M,M,M,M,M,M,M,M,M,M,57.20,FALE 302000Z 04004KT CAVOK 14/13 Q1020 NOSIG,M
FALE,2026-06-30 21:00,57.20,55.40,93.70,20.00,3.00,0.00,30.12,M,6.21,M,M,M,M,M,M,M,M,M,M,M,M,M,M,M,M,57.20,FALE 302100Z 02003KT CAVOK 14/13 Q1020 NOSIG,M
FALE,2026-06-30 22:00,53.60,51.80,93.60,30.00,2.00,0.00,30.09,M,5.59,M,NSC,M,M,M,M,M,M,M,M,M,M,M,M,M,M,53.60,FALE 302200Z 03002KT 9000 NSC 12/11 Q1019 NOSIG,M
FALE,2026-06-30 23:00,55.40,53.60,93.65,30.00,6.00,0.00,30.09,M,6.21,M,M,M,M,M,M,M,M,M,M,M,M,M,M,M,M,55.40,FALE 302300Z 03006KT CAVOK 13/12 Q1019 NOSIG,M
FALE,2026-07-01 00:00,53.60,53.60,100.00,40.00,3.00,0.00,30.06,M,6.21,M,M,M,M,M,M,M,M,M,M,M,M,M,M,M,M,53.60,FALE 010000Z 04003KT CAVOK 12/12 Q1018 NOSIG,M
FALE,2026-07-01 00:35,57.20,55.40,93.70,60.00,4.00,0.00,30.06,M,4.97,M,NSC,M,M,M,M,M,M,M,M,M,M,M,M,M,M,57.20,FALE 010035Z 06004KT 8000 NSC 14/13 Q1018 NOSIG,M
FALE,2026-07-01 01:00,55.40,53.60,93.65,30.00,3.00,0.00,30.03,M,5.59,M,NSC,M,M,M,M,M,M,M,M,M,M,M,M,M,M,55.40,FALE 010100Z 03003KT 9000 NSC 13/12 Q1017 NOSIG,M
FALE,2026-07-01 02:00,55.40,53.60,93.65,50.00,3.00,0.00,30.03,M,6.21,M,M,M,M,M,M,M,M,M,M,M,M,M,M,M,M,55.40,FALE 010200Z 05003KT CAVOK 13/12 Q1017 NOSIG,M
FALE,2026-07-01 03:00,55.40,53.60,93.65,50.00,4.00,0.00,30.00,M,6.21,M,M,M,M,M,M,M,M,M,M,M,M,M,M,M,M,55.40,FALE 010300Z 05004KT CAVOK 13/12 Q1016 NOSIG,M
FALE,2026-07-01 04:00,55.40,53.60,93.65,M,2.00,0.00,30.00,M,5.59,M,NSC,M,M,M,M,M,M,M,M,M,M,M,M,M,M,55.40,FALE 010400Z VRB02KT 9000 NSC 13/12 Q1016 NOSIG,M
FALE,2026-07-01 05:00,59.00,55.40,87.84,50.00,5.00,0.00,30.00,M,4.97,M,NSC,M,M,M,M,M,M,M,M,M,M,M,M,M,M,59.00,FALE 010500Z 05005KT 8000 NSC 15/13 Q1016 NOSIG,M
FALE,2026-07-01 06:00,60.80,57.20,87.93,20.00,5.00,0.00,29.97,M,5.59,M,NSC,M,M,M,M,M,M,M,M,M,M,M,M,M,M,60.80,FALE 010600Z 02005KT 9000 NSC 16/14 Q1015 NOSIG,M
FALE,2026-07-01 06:17,64.40,59.00,82.63,20.00,6.00,0.00,29.97,M,5.59,M,NSC,M,M,M,M,M,M,M,M,M,M,M,M,M,M,64.40,FALE 010617Z 02006KT 9000 NSC 18/15 Q1015 NOSIG,M
FALE,2026-07-01 07:00,66.20,59.00,77.62,30.00,7.00,0.00,29.97,M,5.59,M,NSC,M,M,M,M,M,M,M,M,M,M,M,M,M,M,66.20,FALE 010700Z 03007KT 9000 NSC 19/15 Q1015 NOSIG,M
FALE,2026-07-01 07:23,69.80,59.00,68.59,30.00,9.00,0.00,29.97,M,5.59,M,NSC,M,M,M,M,M,M,M,M,M,M,M,M,M,M,69.80,FALE 010723Z 03009KT 9000 NSC 21/15 Q1015 NOSIG,M
FALE,2026-07-01 08:00,71.60,57.20,60.48,20.00,11.00,0.00,29.97,M,5.59,M,NSC,M,M,M,M,M,M,M,M,M,M,M,M,M,M,71.60,FALE 010800Z 02011KT 9000 NSC 22/14 Q1015 NOSIG,M
FALE,2026-07-01 08:28,75.20,57.20,53.60,30.00,8.00,0.00,29.94,M,5.59,M,NSC,M,M,M,M,M,M,M,M,M,M,M,M,M,M,75.20,FALE 010828Z 03008KT 360V060 9000 NSC 24/14 Q1014 NOSIG,M
FALE,2026-07-01 09:00,75.20,57.20,53.60,40.00,8.00,0.00,29.94,M,6.21,M,M,M,M,M,M,M,M,M,M,M,M,M,M,M,M,75.20,FALE 010900Z 04008KT CAVOK 24/14 Q1014 NOSIG,M
FALE,2026-07-01 09:26,78.80,59.00,50.76,50.00,9.00,0.00,29.91,M,6.21,M,M,M,M,M,M,M,M,M,M,M,M,M,M,M,M,78.80,FALE 010926Z 05009KT 020V100 CAVOK 26/15 Q1013 NOSIG,M
FALE,2026-07-01 10:00,77.00,62.60,61.19,60.00,9.00,0.00,29.91,M,6.21,M,M,M,M,M,M,M,M,M,M,M,M,M,M,M,M,77.00,FALE 011000Z 06009KT CAVOK 25/17 Q1013 NOSIG,M
FALE,2026-07-01 11:00,77.00,62.60,61.19,70.00,9.00,0.00,29.85,M,6.21,M,M,M,M,M,M,M,M,M,M,M,M,M,M,M,M,77.00,FALE 011100Z 07009KT 040V100 CAVOK 25/17 Q1011 NOSIG,M
FALE,2026-07-01 12:00,77.00,62.60,61.19,60.00,10.00,0.00,29.83,M,6.21,M,M,M,M,M,M,M,M,M,M,M,M,M,M,M,M,77.00,FALE 011200Z 06010KT CAVOK 25/17 Q1010 NOSIG,M
FALE,2026-07-01 13:00,77.00,62.60,61.19,70.00,10.00,0.00,29.80,M,6.21,M,M,M,M,M,M,M,M,M,M,M,M,M,M,M,M,77.00,FALE 011300Z 07010KT CAVOK 25/17 Q1009 NOSIG,M
FALE,2026-07-01 15:01,75.20,60.80,60.96,40.00,11.00,0.00,29.80,M,6.21,M,M,M,M,M,M,M,M,M,M,M,M,M,M,M,M,75.20,FALE 011501Z 04011KT CAVOK 24/16 Q1009 NOSIG,M
FALE,2026-07-01 16:00,73.40,60.80,64.74,40.00,7.00,0.00,29.80,M,6.21,M,M,M,M,M,M,M,M,M,M,M,M,M,M,M,M,73.40,FALE 011600Z 04007KT CAVOK 23/16 Q1009 NOSIG,M
FALE,2026-07-01 16:28,71.60,60.80,68.79,200.00,10.00,0.00,29.80,M,6.21,M,M,M,M,M,M,M,M,M,M,M,M,M,M,M,M,71.60,FALE 011628Z 20010KT CAVOK 22/16 Q1009 NOSIG,M
FALE,2026-07-01 17:00,69.80,62.60,77.93,200.00,10.00,0.00,29.83,M,6.21,M,M,M,M,M,M,M,M,M,M,M,M,M,M,M,M,69.80,FALE 011700Z 20010KT CAVOK 21/17 Q1010 NOSIG,M
FALE,2026-07-01 18:00,66.20,62.60,88.19,220.00,7.00,0.00,29.83,M,6.21,M,M,M,M,M,M,M,M,M,M,M,M,M,M,M,M,66.20,FALE 011800Z 22007KT CAVOK 19/17 Q1010 NOSIG,M
FALE,2026-07-01 19:00,66.20,60.80,82.76,220.00,7.00,0.00,29.83,M,6.21,M,SCT,M,M,M,2600.00,M,M,M,M,M,M,M,M,M,M,66.20,FALE 011900Z 22007KT 9999 SCT026 19/16 Q1010 NOSIG,M
FALE,2026-07-01 20:00,64.40,60.80,88.10,220.00,5.00,0.00,29.83,M,6.21,M,FEW,M,M,M,2900.00,M,M,M,M,M,M,M,M,M,M,64.40,FALE 012000Z 22005KT 9999 FEW029 18/16 Q1010 NOSIG,M
FALE,2026-07-01 21:00,62.60,60.80,93.84,220.00,4.00,0.00,29.83,M,6.21,M,M,M,M,M,M,M,M,M,M,M,M,M,M,M,M,62.60,FALE 012100Z 22004KT CAVOK 17/16 Q1010 NOSIG,M
FALE,2026-07-01 22:00,60.80,59.00,93.79,210.00,1.00,0.00,29.80,M,6.21,M,FEW,BKN,M,M,2100.00,2800.00,M,M,M,M,M,M,M,M,M,60.80,FALE 012200Z 21001KT 9999 FEW021 BKN028 16/15 Q1009 NOSIG,M
FALE,2026-07-01 22:39,60.80,59.00,93.79,0.00,0.00,0.00,29.80,M,6.21,M,M,M,M,M,M,M,M,M,M,M,M,M,M,M,M,60.80,FALE 012239Z 00000KT CAVOK 16/15 Q1009 NOSIG,M
FALE,2026-07-01 23:00,59.00,55.40,87.84,0.00,0.00,0.00,29.80,M,6.21,M,M,M,M,M,M,M,M,M,M,M,M,M,M,M,M,59.00,FALE 012300Z 00000KT CAVOK 15/13 Q1009 NOSIG,M
FALE,2026-07-01 23:52,57.20,53.60,87.75,0.00,0.00,0.00,29.77,M,3.11,M,NSC,M,M,M,M,M,M,M,BR,M,M,M,M,M,M,57.20,FALE 012352Z 00000KT 5000 BR NSC 14/12 Q1008 NOSIG,M
FALE,2026-07-02 00:00,55.40,53.60,93.65,0.00,0.00,0.00,29.77,M,3.11,M,NSC,M,M,M,M,M,M,M,BR,M,M,M,M,M,M,55.40,FALE 020000Z 00000KT 5000 BR NSC 13/12 Q1008 NOSIG,M
FALE,2026-07-02 00:06,59.00,57.20,93.74,0.00,0.00,0.00,29.77,M,3.73,M,NSC,M,M,M,M,M,M,M,M,M,M,M,M,M,M,59.00,FALE 020006Z 00000KT 6000 NSC 15/14 Q1008 NOSIG,M
FALE,2026-07-02 00:10,57.20,55.40,93.70,0.00,0.00,0.00,29.77,M,3.11,M,NSC,M,M,M,M,M,M,M,BR,M,M,M,M,M,M,57.20,FALE 020010Z 00000KT 5000 BR NSC 14/13 Q1008 NOSIG,M
FALE,2026-07-02 00:32,57.20,55.40,93.70,0.00,0.00,0.00,29.74,M,2.61,M,NSC,M,M,M,M,M,M,M,BR,M,M,M,M,M,M,57.20,FALE 020032Z 00000KT 4200 BR NSC 14/13 Q1007 NOSIG,M
FALE,2026-07-02 00:47,57.20,55.40,93.70,0.00,0.00,0.00,29.74,M,3.73,M,NSC,M,M,M,M,M,M,M,M,M,M,M,M,M,M,57.20,FALE 020047Z 00000KT 6000 NSC 14/13 Q1007 NOSIG,M
FALE,2026-07-02 01:00,55.40,53.60,93.65,M,1.00,0.00,29.74,M,3.73,M,NSC,M,M,M,M,M,M,M,M,M,M,M,M,M,M,55.40,FALE 020100Z VRB01KT 6000 NSC 13/12 Q1007 NOSIG,M
FALE,2026-07-02 01:16,55.40,53.60,93.65,M,1.00,0.00,29.74,M,2.67,M,NSC,M,M,M,M,M,M,M,BR,M,M,M,M,M,M,55.40,FALE 020116Z VRB01KT 4300 BR NSC 13/12 Q1007 NOSIG,M
FALE,2026-07-02 01:20,55.40,55.40,100.00,M,1.00,0.00,29.74,M,2.61,M,NSC,M,M,M,M,M,M,M,BR,M,M,M,M,M,M,55.40,FALE 020120Z VRB01KT 4200 BR NSC 13/13 Q1007 NOSIG,M
FALE,2026-07-02 01:37,55.40,53.60,93.65,M,2.00,0.00,29.74,M,2.17,M,NSC,M,M,M,M,M,M,M,BR,M,M,M,M,M,M,55.40,FALE 020137Z VRB02KT 3500 BR NSC 13/12 Q1007 NOSIG,M
FALE,2026-07-02 01:42,55.40,55.40,100.00,M,1.00,0.00,29.74,M,1.43,M,NSC,M,M,M,M,M,M,M,BR,M,M,M,M,M,M,55.40,FALE 020142Z VRB01KT 2300 BR NSC 13/13 Q1007 NOSIG,M
FALE,2026-07-02 01:46,57.20,55.40,93.70,M,1.00,0.00,29.74,M,1.55,M,NSC,M,M,M,M,M,M,M,BR,M,M,M,M,M,M,57.20,FALE 020146Z VRB01KT 2500 BR NSC 14/13 Q1007 NOSIG,M
FALE,2026-07-02 01:51,57.20,55.40,93.70,M,2.00,0.00,29.74,M,2.17,M,NSC,M,M,M,M,M,M,M,BR,M,M,M,M,M,M,57.20,FALE 020151Z VRB02KT 3500 BR NSC 14/13 Q1007 NOSIG,M
FALE,2026-07-02 02:00,57.20,55.40,93.70,M,2.00,0.00,29.74,M,2.17,M,NSC,M,M,M,M,M,M,M,BR,M,M,M,M,M,M,57.20,FALE 020200Z VRB02KT 3500 BR NSC 14/13 Q1007 NOSIG,M
FALE,2026-07-02 02:19,53.60,51.80,93.60,0.00,0.00,0.00,29.74,M,1.74,M,NSC,M,M,M,M,M,M,M,BR,M,M,M,M,M,M,53.60,FALE 020219Z 00000KT 2800 BR NSC 12/11 Q1007 NOSIG,M
FALE,2026-07-02 02:22,55.40,55.40,100.00,0.00,0.00,0.00,29.74,M,2.42,M,FEW,M,M,M,900.00,M,M,M,BR,M,M,M,M,M,M,55.40,FALE 020222Z 00000KT 3900 BR FEW009 13/13 Q1007 NOSIG,M
FALE,2026-07-02 02:43,59.00,57.20,93.74,200.00,5.00,0.00,29.74,M,3.11,M,NSC,M,M,M,M,M,M,M,BR,M,M,M,M,M,M,59.00,FALE 020243Z 20005KT 5000 BR NSC 15/14 Q1007 NOSIG,M
FALE,2026-07-02 03:00,59.00,57.20,93.74,200.00,7.00,0.00,29.74,M,3.11,M,FEW,M,M,M,2500.00,M,M,M,BR,M,M,M,M,M,M,59.00,FALE 020300Z 20007KT 5000 BR FEW025 15/14 Q1007 NOSIG,M
FALE,2026-07-02 03:16,57.20,55.40,93.70,230.00,7.00,0.00,29.77,M,4.35,M,FEW,M,M,M,2500.00,M,M,M,M,M,M,M,M,M,M,57.20,FALE 020316Z 23007KT 7000 FEW025 14/13 Q1008 NOSIG,M
FALE,2026-07-02 04:00,59.00,57.20,93.74,220.00,3.00,0.00,29.77,M,3.73,M,NSC,M,M,M,M,M,M,M,M,M,M,M,M,M,M,59.00,FALE 020400Z 22003KT 6000 NSC 15/14 Q1008 NOSIG,M
FALE,2026-07-02 05:00,59.00,55.40,87.84,230.00,6.00,0.00,29.83,M,5.59,M,NSC,M,M,M,M,M,M,M,M,M,M,M,M,M,M,59.00,FALE 020500Z 23006KT 9000 NSC 15/13 Q1010 NOSIG,M
FALE,2026-07-02 05:54,64.40,59.00,82.63,260.00,5.00,0.00,29.85,M,6.21,M,M,M,M,M,M,M,M,M,M,M,M,M,M,M,M,64.40,FALE 020554Z 26005KT CAVOK 18/15 Q1011 NOSIG,M
FALE,2026-07-02 06:00,64.40,59.00,82.63,260.00,5.00,0.00,29.85,M,6.21,M,M,M,M,M,M,M,M,M,M,M,M,M,M,M,M,64.40,FALE 020600Z 26005KT CAVOK 18/15 Q1011 NOSIG,M
FALE,2026-07-02 07:00,69.80,59.00,68.59,M,2.00,0.00,29.85,M,6.21,M,M,M,M,M,M,M,M,M,M,M,M,M,M,M,M,69.80,COR FALE 020700Z VRB02KT CAVOK 21/15 Q1011 NOSIG,M
FALE,2026-07-02 08:00,73.40,55.40,53.33,M,2.00,0.00,29.85,M,6.21,M,FEW,M,M,M,4000.00,M,M,M,M,M,M,M,M,M,M,73.40,COR FALE 020800Z VRB02KT 9999 FEW040 23/13 Q1011 NOSIG,M
FALE,2026-07-02 08:01,73.40,55.40,53.33,M,2.00,0.00,29.85,M,6.21,M,FEW,M,M,M,4000.00,M,M,M,M,M,M,M,M,M,M,73.40,FALE 020801Z VRB02KT 9999 FEW040 23/13 Q1011 NOSIG,M
FALE,2026-07-02 09:00,73.40,55.40,53.33,M,4.00,0.00,29.85,M,6.21,M,M,M,M,M,M,M,M,M,M,M,M,M,M,M,M,73.40,FALE 020900Z VRB04KT CAVOK 23/13 Q1011 NOSIG,M
FALE,2026-07-02 10:00,77.00,55.40,47.30,M,2.00,0.00,29.83,M,6.21,M,M,M,M,M,M,M,M,M,M,M,M,M,M,M,M,77.00,FALE 021000Z VRB02KT CAVOK 25/13 Q1010 NOSIG,M
FALE,2026-07-02 10:19,73.40,60.80,64.74,110.00,10.00,0.00,29.83,M,5.59,M,FEW,M,M,M,4000.00,M,M,M,M,M,M,M,M,M,M,73.40,FALE 021019Z 11010KT 070V150 9000 FEW040 23/16 Q1010 NOSIG,M
FALE,2026-07-02 11:00,73.40,59.00,60.72,140.00,9.00,0.00,29.85,M,5.59,M,SCT,FEW,M,M,4800.00,6000.00,M,M,M,M,M,M,M,M,M,73.40,FALE 021100Z 14009KT 090V190 9000 SCT048 FEW060TCU 23/15 Q1011 NOSIG,M
FALE,2026-07-02 11:26,68.00,60.80,77.77,190.00,15.00,0.00,29.85,M,5.59,25.00,SCT,BKN,FEW,M,1700.00,4800.00,6000.00,M,M,M,M,M,M,M,M,68.00,FALE 021126Z 19015G25KT 160V220 9000 SCT017 BKN048 FEW060TCU 20/16 Q1011 NOSIG,M
FALE,2026-07-02 11:39,66.20,60.80,82.76,210.00,15.00,0.00,29.88,M,3.73,M,SCT,BKN,FEW,M,1300.00,4200.00,6000.00,M,-SHRA,M,M,M,M,M,M,66.20,FALE 021139Z 21015KT 180V240 6000 -SHRA SCT013 BKN042 FEW060CB 19/16 Q1012 NOSIG,M
FALE,2026-07-02 11:42,66.20,60.80,82.76,210.00,14.00,0.00,29.85,M,2.80,M,SCT,BKN,FEW,M,1300.00,4000.00,6000.00,M,-SHRA,M,M,M,M,M,M,66.20,FALE 021142Z 21014KT 180V240 4500 -SHRA SCT013 BKN040 FEW060CB 19/16 Q1011 NOSIG,M
FALE,2026-07-02 11:51,64.40,60.80,88.10,200.00,13.00,0.00,29.85,M,3.73,M,SCT,BKN,FEW,M,1300.00,4000.00,6000.00,M,-SHRA,M,M,M,M,M,M,64.40,COR FALE 021151Z 20013KT 170V230 6000 -SHRA SCT013 BKN040 FEW060TCU 18/16 Q1011 TEMPO 4000,M
FALE,2026-07-02 12:00,64.40,60.80,88.10,190.00,13.00,0.00,29.85,M,3.73,M,SCT,BKN,FEW,M,1300.00,4000.00,6000.00,M,-SHRA,M,M,M,M,M,M,64.40,FALE 021200Z 19013KT 6000 -SHRA SCT013 BKN040 FEW060TCU 18/16 Q1011 TEMPO 4000,M
FALE,2026-07-02 12:22,64.40,59.00,82.63,190.00,12.00,0.00,29.85,M,4.97,M,SCT,BKN,M,M,2600.00,3500.00,M,M,-RA,M,M,M,M,M,M,64.40,FALE 021222Z 19012KT 8000 -RA SCT026 BKN035 18/15 Q1011 RESH NOSIG,M
FALE,2026-07-02 13:00,64.40,57.20,77.46,210.00,12.00,0.00,29.88,M,5.59,M,FEW,SCT,BKN,M,1800.00,2700.00,4800.00,M,-RA,M,M,M,M,M,M,64.40,FALE 021300Z 21012KT 9000 -RA FEW018 SCT027 BKN048 18/14 Q1012 NOSIG,M
FALE,2026-07-02 14:00,66.20,55.40,68.18,200.00,10.00,0.00,29.91,M,6.21,M,SCT,BKN,FEW,M,3000.00,4800.00,6000.00,M,M,M,M,M,M,M,M,66.20,FALE 021400Z 20010KT 9999 SCT030 BKN048 FEW060TCU 19/13 Q1013 NOSIG,M
FALE,2026-07-02 15:00,66.20,55.40,68.18,210.00,5.00,0.00,29.94,M,6.21,M,FEW,SCT,M,M,2000.00,3400.00,M,M,M,M,M,M,M,M,M,66.20,FALE 021500Z 21005KT 180V240 9999 FEW020 SCT034TCU 19/13 Q1014 NOSIG,M
FALE,2026-07-02 16:00,60.80,55.40,82.38,M,1.00,0.00,29.97,M,6.21,M,SCT,M,M,M,3200.00,M,M,M,M,M,M,M,M,M,M,60.80,FALE 021600Z VRB01KT 9999 SCT032 16/13 Q1015 NOSIG,M
FALE,2026-07-02 17:00,59.00,53.60,82.26,M,1.00,0.00,30.00,M,6.21,M,SCT,M,M,M,3200.00,M,M,M,M,M,M,M,M,M,M,59.00,FALE 021700Z VRB01KT 9999 SCT032 15/12 Q1016 NOSIG,M
FALE,2026-07-02 18:00,55.40,53.60,93.65,M,2.00,0.00,30.03,M,6.21,M,M,M,M,M,M,M,M,M,M,M,M,M,M,M,M,55.40,FALE 021800Z VRB02KT CAVOK 13/12 Q1017 NOSIG,M
FALE,2026-07-02 19:00,55.40,53.60,93.65,230.00,4.00,0.00,30.03,M,6.21,M,M,M,M,M,M,M,M,M,M,M,M,M,M,M,M,55.40,FALE 021900Z 23004KT CAVOK 13/12 Q1017 NOSIG,M
FALE,2026-07-02 20:00,55.40,51.80,87.65,330.00,5.00,0.00,30.03,M,6.21,M,M,M,M,M,M,M,M,M,M,M,M,M,M,M,M,55.40,FALE 022000Z 33005KT CAVOK 13/11 Q1017 NOSIG,M
FALE,2026-07-02 21:00,55.40,51.80,87.65,M,2.00,0.00,30.06,M,6.21,M,M,M,M,M,M,M,M,M,M,M,M,M,M,M,M,55.40,FALE 022100Z VRB02KT CAVOK 13/11 Q1018 NOSIG,M
FALE,2026-07-02 22:00,50.00,48.20,93.50,M,2.00,0.00,30.06,M,6.21,M,M,M,M,M,M,M,M,M,M,M,M,M,M,M,M,50.00,FALE 022200Z VRB02KT CAVOK 10/09 Q1018 NOSIG,M
FALE,2026-07-02 23:00,51.80,48.20,87.47,230.00,4.00,0.00,30.09,M,6.21,M,M,M,M,M,M,M,M,M,M,M,M,M,M,M,M,51.80,FALE 022300Z 23004KT CAVOK 11/09 Q1019 NOSIG,M
FALE,2026-07-03 00:00,46.40,42.80,87.18,0.00,0.00,0.00,30.09,M,6.21,M,M,M,M,M,M,M,M,M,M,M,M,M,M,M,M,46.40,FALE 030000Z 00000KT CAVOK 08/06 Q1019 NOSIG,M
FALE,2026-07-03 00:51,50.00,48.20,93.50,230.00,6.00,0.00,30.09,M,6.21,M,M,M,M,M,M,M,M,M,M,M,M,M,M,M,M,50.00,FALE 030051Z 23006KT CAVOK 10/09 Q1019 NOSIG,M
FALE,2026-07-03 01:00,51.80,48.20,87.47,230.00,6.00,0.00,30.09,M,6.21,M,M,M,M,M,M,M,M,M,M,M,M,M,M,M,M,51.80,FALE 030100Z 23006KT CAVOK 11/09 Q1019 NOSIG,M
FALE,2026-07-03 02:00,50.00,46.40,87.37,220.00,3.00,0.00,30.12,M,6.21,M,M,M,M,M,M,M,M,M,M,M,M,M,M,M,M,50.00,FALE 030200Z 22003KT CAVOK 10/08 Q1020 NOSIG,M
FALE,2026-07-03 03:00,48.20,46.40,93.45,230.00,4.00,0.00,30.12,M,6.21,M,M,M,M,M,M,M,M,M,M,M,M,M,M,M,M,46.34,FALE 030300Z 23004KT CAVOK 09/08 Q1020 NOSIG,M
FALE,2026-07-03 03:43,51.80,42.80,71.26,M,2.00,0.00,30.12,M,6.21,M,M,M,M,M,M,M,M,M,M,M,M,M,M,M,M,51.80,FALE 030343Z VRB02KT CAVOK 11/06 Q1020 NOSIG,M
FALE,2026-07-03 04:00,51.80,42.80,71.26,250.00,3.00,0.00,30.15,M,6.21,M,M,M,M,M,M,M,M,M,M,M,M,M,M,M,M,51.80,FALE 030400Z 25003KT CAVOK 11/06 Q1021 NOSIG,M
FALE,2026-07-03 05:00,51.80,41.00,66.48,250.00,4.00,0.00,30.15,M,6.21,M,M,M,M,M,M,M,M,M,M,M,M,M,M,M,M,51.80,FALE 030500Z 25004KT 190V310 CAVOK 11/05 Q1021 NOSIG,M
FALE,2026-07-03 06:00,55.40,44.60,66.91,230.00,3.00,0.00,30.18,M,6.21,M,M,M,M,M,M,M,M,M,M,M,M,M,M,M,M,55.40,FALE 030600Z 23003KT CAVOK 13/07 Q1022 NOSIG,M
FALE,2026-07-03 06:44,60.80,42.80,51.46,260.00,8.00,0.00,30.21,M,6.21,M,M,M,M,M,M,M,M,M,M,M,M,M,M,M,M,60.80,FALE 030644Z 26008KT CAVOK 16/06 Q1023 NOSIG,M
FALE,2026-07-03 07:00,60.80,41.00,48.01,270.00,9.00,0.00,30.21,M,6.21,M,M,M,M,M,M,M,M,M,M,M,M,M,M,M,M,60.80,FALE 030700Z 27009KT CAVOK 16/05 Q1023 NOSIG,M
FALE,2026-07-03 07:13,64.40,41.00,42.30,270.00,7.00,0.00,30.21,M,6.21,M,M,M,M,M,M,M,M,M,M,M,M,M,M,M,M,64.40,FALE 030713Z 27007KT CAVOK 18/05 Q1023 NOSIG,M
FALE,2026-07-03 07:20,68.00,39.20,34.81,250.00,8.00,0.00,30.21,M,6.21,M,M,M,M,M,M,M,M,M,M,M,M,M,M,M,M,68.00,FALE 030720Z 25008KT CAVOK 20/04 Q1023 NOSIG,M
FALE,2026-07-03 07:50,68.00,39.20,34.81,250.00,8.00,0.00,30.21,M,6.21,M,M,M,M,M,M,M,M,M,M,M,M,M,M,M,M,68.00,COR FALE 030750Z 25008KT CAVOK 20/04 Q1023 NOSIG,M
FALE,2026-07-03 08:00,68.00,39.20,34.81,250.00,8.00,0.00,30.21,M,6.21,M,M,M,M,M,M,M,M,M,M,M,M,M,M,M,M,68.00,FALE 030800Z 25008KT CAVOK 20/04 Q1023 NOSIG,M
FALE,2026-07-03 08:20,71.60,39.20,30.79,260.00,8.00,0.00,30.21,M,6.21,M,M,M,M,M,M,M,M,M,M,M,M,M,M,M,M,71.60,FALE 030820Z 26008KT CAVOK 22/04 Q1023 NOSIG,M
FALE,2026-07-03 09:00,73.40,37.40,27.00,250.00,6.00,0.00,30.21,M,6.21,M,M,M,M,M,M,M,M,M,M,M,M,M,M,M,M,73.40,FALE 030900Z 25006KT 210V280 CAVOK 23/03 Q1023 NOSIG,M
FALE,2026-07-03 10:00,M,M,M,M,M,0.00,M,M,6.21,M,M,M,M,M,M,M,M,M,,M,M,M,M,M,M,M,FALE 031000Z /////KT CAVOK ///// Q//// RE//,M
FALE,2026-07-03 11:00,M,M,M,M,M,0.00,M,M,6.21,M,M,M,M,M,M,M,M,M,,M,M,M,M,M,M,M,FALE 031100Z /////KT CAVOK ///// Q//// NOSIG,M
FALE,2026-07-03 12:00,73.40,44.60,35.69,140.00,7.00,0.00,30.15,M,6.21,M,M,M,M,M,M,M,M,M,M,M,M,M,M,M,M,73.40,COR FALE 031200Z 14007KT 100V190 CAVOK 23/07 Q1021 NOSIG,M
FALE,2026-07-03 13:00,71.60,46.40,40.60,170.00,7.00,0.00,30.15,M,6.21,M,M,M,M,M,M,M,M,M,M,M,M,M,M,M,M,71.60,FALE 031300Z 17007KT 120V220 CAVOK 22/08 Q1021,M
FALE,2026-07-03 14:00,69.80,48.20,46.19,170.00,6.00,0.00,30.15,M,6.21,M,M,M,M,M,M,M,M,M,M,M,M,M,M,M,M,69.80,FALE 031400Z 17006KT 140V210 CAVOK 21/09 Q1021,M
FALE,2026-07-03 15:00,68.00,51.80,56.16,170.00,3.00,0.00,30.18,M,6.21,M,M,M,M,M,M,M,M,M,M,M,M,M,M,M,M,68.00,FALE 031500Z 17003KT CAVOK 20/11 Q1022,M
FALE,2026-07-03 16:00,62.60,51.80,67.76,170.00,3.00,0.00,30.18,M,6.21,M,M,M,M,M,M,M,M,M,M,M,M,M,M,M,M,62.60,FALE 031600Z 17003KT CAVOK 17/11 Q1022,M
FALE,2026-07-03 17:00,57.20,50.00,76.83,0.00,0.00,0.00,30.21,M,6.21,M,M,M,M,M,M,M,M,M,M,M,M,M,M,M,M,57.20,FALE 031700Z 00000KT CAVOK 14/10 Q1023,M
FALE,2026-07-03 18:00,53.60,50.00,87.56,0.00,0.00,0.00,30.24,M,6.21,M,FEW,M,M,M,3900.00,M,M,M,M,M,M,M,M,M,M,53.60,FALE 031800Z 00000KT 9999 FEW039 12/10 Q1024,M
FALE,2026-07-03 19:00,53.60,48.20,81.87,0.00,0.00,0.00,30.24,M,5.59,M,FEW,M,M,M,4000.00,M,M,M,M,M,M,M,M,M,M,53.60,FALE 031900Z 00000KT 9000 FEW040 12/09 Q1024 NOSIG,M
FALE,2026-07-03 20:00,50.00,48.20,93.50,0.00,0.00,0.00,30.24,M,6.21,M,SCT,M,M,M,3800.00,M,M,M,M,M,M,M,M,M,M,50.00,FALE 032000Z 00000KT 9999 SCT038 10/09 Q1024 NOSIG,M
FALE,2026-07-03 21:00,51.80,50.00,93.55,0.00,0.00,0.00,30.24,M,6.21,M,SCT,M,M,M,3600.00,M,M,M,M,M,M,M,M,M,M,51.80,FALE 032100Z 00000KT 9999 SCT036 11/10 Q1024 NOSIG,M
FALE,2026-07-03 22:00,50.00,46.40,87.37,230.00,2.00,0.00,30.24,M,6.21,M,FEW,M,M,M,3400.00,M,M,M,M,M,M,M,M,M,M,50.00,FALE 032200Z 23002KT 9999 FEW034 10/08 Q1024 NOSIG,M
FALE,2026-07-03 23:00,51.80,48.20,87.47,M,2.00,0.00,30.21,M,6.21,M,M,M,M,M,M,M,M,M,M,M,M,M,M,M,M,51.80,FALE 032300Z VRB02KT CAVOK 11/09 Q1023 NOSIG,M
FALE,2026-07-04 00:00,55.40,50.00,82.00,230.00,3.00,0.00,30.21,M,6.21,M,SCT,BKN,M,M,3500.00,4600.00,M,M,M,M,M,M,M,M,M,55.40,FALE 040000Z 23003KT 9999 SCT035 BKN046 13/10 Q1023 NOSIG,M
FALE,2026-07-04 01:00,51.80,48.20,87.47,220.00,3.00,0.00,30.21,M,6.21,M,SCT,M,M,M,3600.00,M,M,M,M,M,M,M,M,M,M,51.80,FALE 040100Z 22003KT 9999 SCT036 11/09 Q1023 NOSIG,M
FALE,2026-07-04 02:00,51.80,50.00,93.55,220.00,3.00,0.00,30.18,M,6.21,M,FEW,M,M,M,3500.00,M,M,M,M,M,M,M,M,M,M,51.80,FALE 040200Z 22003KT 9999 FEW035 11/10 Q1022 NOSIG,M
FALE,2026-07-04 03:00,51.80,50.00,93.55,220.00,4.00,0.00,30.18,M,6.21,M,FEW,SCT,M,M,3700.00,4400.00,M,M,M,M,M,M,M,M,M,51.80,FALE 040300Z 22004KT 9999 FEW037 SCT044 11/10 Q1022 NOSIG,M
FALE,2026-07-04 04:00,51.80,48.20,87.47,220.00,3.00,0.00,30.21,M,6.21,M,FEW,SCT,M,M,3300.00,4200.00,M,M,M,M,M,M,M,M,M,51.80,FALE 040400Z 22003KT 9999 FEW033 SCT042 11/09 Q1023 NOSIG,M
FALE,2026-07-04 05:00,48.20,46.40,93.45,230.00,3.00,0.00,30.21,M,6.21,M,M,M,M,M,M,M,M,M,M,M,M,M,M,M,M,47.21,FALE 040500Z 23003KT CAVOK 09/08 Q1023 NOSIG,M
FALE,2026-07-04 05:08,51.80,48.20,87.47,230.00,4.00,0.00,30.21,M,6.21,M,M,M,M,M,M,M,M,M,M,M,M,M,M,M,M,51.80,FALE 040508Z 23004KT CAVOK 11/09 Q1023 NOSIG,M
FALE,2026-07-04 06:00,55.40,51.80,87.65,220.00,4.00,0.00,30.21,M,6.21,M,SCT,M,M,M,3500.00,M,M,M,M,M,M,M,M,M,M,55.40,FALE 040600Z 22004KT 9999 SCT035 13/11 Q1023 NOSIG,M
FALE,2026-07-04 06:23,59.00,53.60,82.26,220.00,3.00,0.00,30.21,M,6.21,M,FEW,M,M,M,3500.00,M,M,M,M,M,M,M,M,M,M,59.00,FALE 040623Z 22003KT 9999 FEW035 15/12 Q1023 NOSIG,M
FALE,2026-07-04 06:37,60.80,53.60,77.15,220.00,3.00,0.00,30.21,M,6.21,M,FEW,M,M,M,3500.00,M,M,M,M,M,M,M,M,M,M,60.80,FALE 040637Z 22003KT 9999 FEW035 16/12 Q1023 NOSIG,M
FALE,2026-07-04 07:01,62.60,53.60,72.40,240.00,3.00,0.00,30.21,M,6.21,M,FEW,M,M,M,3000.00,M,M,M,M,M,M,M,M,M,M,62.60,FALE 040701Z 24003KT 220V280 9999 FEW030 17/12 Q1023 NOSIG,M
FALE,2026-07-04 07:47,68.00,55.40,64.07,M,2.00,0.00,30.21,M,6.21,M,FEW,M,M,M,3000.00,M,M,M,M,M,M,M,M,M,M,68.00,FALE 040747Z VRB02KT 9999 FEW030 20/13 Q1023 NOSIG,M
FALE,2026-07-04 08:00,68.00,53.60,60.00,M,3.00,0.00,30.21,M,6.21,M,FEW,M,M,M,3200.00,M,M,M,M,M,M,M,M,M,M,68.00,FALE 040800Z VRB03KT 9999 FEW032 20/12 Q1023 NOSIG,M
FALE,2026-07-04 09:00,68.00,53.60,60.00,110.00,4.00,0.00,30.21,M,6.21,M,FEW,M,M,M,3200.00,M,M,M,M,M,M,M,M,M,M,68.00,FALE 040900Z 11004KT 060V160 9999 FEW032 20/12 Q1023 NOSIG,M
FALE,2026-07-04 10:00,69.80,50.00,49.40,90.00,4.00,0.00,30.18,M,6.21,M,M,M,M,M,M,M,M,M,M,M,M,M,M,M,M,69.80,FALE 041000Z 09004KT 360V170 CAVOK 21/10 Q1022 NOSIG,M
FALE,2026-07-04 11:00,69.80,48.20,46.19,M,6.00,0.00,30.15,M,6.21,M,M,M,M,M,M,M,M,M,M,M,M,M,M,M,M,69.80,FALE 041100Z VRB06KT CAVOK 21/09 Q1021 NOSIG,M
FALE,2026-07-04 12:00,68.00,53.60,60.00,120.00,7.00,0.00,30.15,M,6.21,M,M,M,M,M,M,M,M,M,M,M,M,M,M,M,M,68.00,FALE 041200Z 12007KT 070V150 CAVOK 20/12 Q1021 NOSIG,M
FALE,2026-07-04 13:00,68.00,57.20,68.38,160.00,5.00,0.00,30.15,M,6.21,M,M,M,M,M,M,M,M,M,M,M,M,M,M,M,M,68.00,FALE 041300Z 16005KT 100V210 CAVOK 20/14 Q1021 NOSIG,M
FALE,2026-07-04 14:00,68.00,57.20,68.38,160.00,4.00,0.00,30.15,M,6.21,M,M,M,M,M,M,M,M,M,M,M,M,M,M,M,M,68.00,FALE 041400Z 16004KT 120V200 CAVOK 20/14 Q1021 NOSIG,M
FALE,2026-07-04 15:00,66.20,51.80,59.76,180.00,3.00,0.00,30.15,M,6.21,M,M,M,M,M,M,M,M,M,M,M,M,M,M,M,M,66.20,FALE 041500Z 18003KT 140V200 CAVOK 19/11 Q1021 NOSIG,M
FALE,2026-07-04 16:00,57.20,51.80,82.13,M,1.00,0.00,30.18,M,6.21,M,M,M,M,M,M,M,M,M,M,M,M,M,M,M,M,57.20,FALE 041600Z VRB01KT CAVOK 14/11 Q1022 NOSIG,M
FALE,2026-07-04 17:00,51.80,48.20,87.47,M,2.00,0.00,30.21,M,6.21,M,M,M,M,M,M,M,M,M,M,M,M,M,M,M,M,51.80,FALE 041700Z VRB02KT CAVOK 11/09 Q1023 NOSIG,M
FALE,2026-07-04 17:45,53.60,51.80,93.60,220.00,3.00,0.00,30.21,M,6.21,M,M,M,M,M,M,M,M,M,M,M,M,M,M,M,M,53.60,FALE 041745Z 22003KT CAVOK 12/11 Q1023 NOSIG,M
FALE,2026-07-04 18:00,53.60,51.80,93.60,230.00,3.00,0.00,30.21,M,6.21,M,M,M,M,M,M,M,M,M,M,M,M,M,M,M,M,53.60,FALE 041800Z 23003KT CAVOK 12/11 Q1023 NOSIG,M
FALE,2026-07-04 19:00,55.40,51.80,87.65,230.00,4.00,0.00,30.21,M,6.21,M,M,M,M,M,M,M,M,M,M,M,M,M,M,M,M,55.40,FALE 041900Z 23004KT CAVOK 13/11 Q1023 NOSIG,M
FALE,2026-07-04 20:00,55.40,51.80,87.65,240.00,4.00,0.00,30.24,M,6.21,M,M,M,M,M,M,M,M,M,M,M,M,M,M,M,M,55.40,FALE 042000Z 24004KT CAVOK 13/11 Q1024 NOSIG,M
FALE,2026-07-04 21:00,55.40,51.80,87.65,220.00,5.00,0.00,30.24,M,6.21,M,M,M,M,M,M,M,M,M,M,M,M,M,M,M,M,55.40,FALE 042100Z 22005KT CAVOK 13/11 Q1024 NOSIG,M
FALE,2026-07-04 22:00,55.40,50.00,82.00,230.00,5.00,0.00,30.24,M,6.21,M,M,M,M,M,M,M,M,M,M,M,M,M,M,M,M,55.40,FALE 042200Z 23005KT CAVOK 13/10 Q1024 NOSIG,M
FALE,2026-07-04 23:00,57.20,50.00,76.83,220.00,5.00,0.00,30.24,M,6.21,M,M,M,M,M,M,M,M,M,M,M,M,M,M,M,M,57.20,FALE 042300Z 22005KT CAVOK 14/10 Q1024 NOSIG,M
FALE,2026-07-05 00:00,57.20,50.00,76.83,220.00,6.00,0.00,30.24,M,6.21,M,M,M,M,M,M,M,M,M,M,M,M,M,M,M,M,57.20,FALE 050000Z 22006KT CAVOK 14/10 Q1024 NOSIG,M
FALE,2026-07-05 01:00,55.40,48.20,76.67,230.00,5.00,0.00,30.24,M,6.21,M,M,M,M,M,M,M,M,M,M,M,M,M,M,M,M,55.40,FALE 050100Z 23005KT CAVOK 13/09 Q1024 NOSIG,M
FALE,2026-07-05 02:00,55.40,50.00,82.00,M,2.00,0.00,30.24,M,6.21,M,M,M,M,M,M,M,M,M,M,M,M,M,M,M,M,55.40,FALE 050200Z VRB02KT CAVOK 13/10 Q1024 NOSIG,M
FALE,2026-07-05 03:00,55.40,48.20,76.67,230.00,4.00,0.00,30.24,M,6.21,M,M,M,M,M,M,M,M,M,M,M,M,M,M,M,M,55.40,FALE 050300Z 23004KT CAVOK 13/09 Q1024 NOSIG,M
FALE,2026-07-05 04:00,53.60,48.20,81.87,220.00,3.00,0.00,30.24,M,6.21,M,M,M,M,M,M,M,M,M,M,M,M,M,M,M,M,53.60,FALE 050400Z 22003KT CAVOK 12/09 Q1024 NOSIG,M
FALE,2026-07-05 04:35,55.40,48.20,76.67,240.00,4.00,0.00,30.27,M,6.21,M,M,M,M,M,M,M,M,M,M,M,M,M,M,M,M,55.40,FALE 050435Z 24004KT 200V280 CAVOK 13/09 Q1025 NOSIG,M
FALE,2026-07-05 05:00,53.60,46.40,76.51,M,2.00,0.00,30.27,M,6.21,M,M,M,M,M,M,M,M,M,M,M,M,M,M,M,M,53.60,FALE 050500Z VRB02KT CAVOK 12/08 Q1025 NOSIG,M
FALE,2026-07-05 06:00,57.20,48.20,71.84,250.00,4.00,0.00,30.27,M,6.21,M,M,M,M,M,M,M,M,M,M,M,M,M,M,M,M,57.20,FALE 050600Z 25004KT 220V280 CAVOK 14/09 Q1025 NOSIG,M
FALE,2026-07-05 06:31,60.80,48.20,63.16,240.00,4.00,0.00,30.30,M,6.21,M,M,M,M,M,M,M,M,M,M,M,M,M,M,M,M,60.80,FALE 050631Z 24004KT CAVOK 16/09 Q1026 NOSIG,M
FALE,2026-07-05 07:00,62.60,50.00,63.39,250.00,4.00,0.00,30.30,M,6.21,M,M,M,M,M,M,M,M,M,M,M,M,M,M,M,M,62.60,FALE 050700Z 25004KT CAVOK 17/10 Q1026 NOSIG,M
FALE,2026-07-05 07:25,66.20,50.00,55.91,260.00,3.00,0.00,30.30,M,6.21,M,M,M,M,M,M,M,M,M,M,M,M,M,M,M,M,66.20,FALE 050725Z 26003KT 220V290 CAVOK 19/10 Q1026 NOSIG,M
FALE,2026-07-05 08:00,68.00,50.00,52.54,270.00,4.00,0.00,30.30,M,6.21,M,M,M,M,M,M,M,M,M,M,M,M,M,M,M,M,68.00,FALE 050800Z 27004KT 220V310 CAVOK 20/10 Q1026 NOSIG,M
FALE,2026-07-05 09:00,71.60,55.40,56.67,40.00,5.00,0.00,30.27,M,6.21,M,M,M,M,M,M,M,M,M,M,M,M,M,M,M,M,71.60,FALE 050900Z 04005KT 350V120 CAVOK 22/13 Q1025 NOSIG,M
FALE,2026-07-05 10:00,71.60,57.20,60.48,80.00,8.00,0.00,30.27,M,6.21,M,M,M,M,M,M,M,M,M,M,M,M,M,M,M,M,71.60,FALE 051000Z 08008KT 040V130 CAVOK 22/14 Q1025 NOSIG,M
FALE,2026-07-05 11:00,73.40,57.20,56.92,80.00,7.00,0.00,30.24,M,6.21,M,M,M,M,M,M,M,M,M,M,M,M,M,M,M,M,73.40,FALE 051100Z 08007KT 040V130 CAVOK 23/14 Q1024 NOSIG,M
FALE,2026-07-05 12:00,69.80,55.40,60.24,80.00,9.00,0.00,30.21,M,6.21,M,M,M,M,M,M,M,M,M,M,M,M,M,M,M,M,69.80,FALE 051200Z 08009KT 050V120 CAVOK 21/13 Q1023 NOSIG,M
FALE,2026-07-05 13:00,71.60,55.40,56.67,70.00,9.00,0.00,30.21,M,6.21,M,M,M,M,M,M,M,M,M,M,M,M,M,M,M,M,71.60,FALE 051300Z 07009KT 040V110 CAVOK 22/13 Q1023 NOSIG,M
FALE,2026-07-05 14:00,69.80,57.20,64.30,60.00,9.00,0.00,30.21,M,6.21,M,M,M,M,M,M,M,M,M,M,M,M,M,M,M,M,69.80,FALE 051400Z 06009KT CAVOK 21/14 Q1023 NOSIG,M
FALE,2026-07-05 15:00,66.20,57.20,72.76,50.00,7.00,0.00,30.21,M,5.59,M,NSC,M,M,M,M,M,M,M,M,M,M,M,M,M,M,66.20,FALE 051500Z 05007KT 9000 NSC 19/14 Q1023 NOSIG,M
FALE,2026-07-05 16:00,60.80,55.40,82.38,30.00,6.00,0.00,30.21,M,6.21,M,M,M,M,M,M,M,M,M,M,M,M,M,M,M,M,60.80,FALE 051600Z 03006KT CAVOK 16/13 Q1023 NOSIG,M
FALE,2026-07-05 17:00,60.80,55.40,82.38,30.00,5.00,0.00,30.24,M,6.21,M,FEW,M,M,M,3000.00,M,M,M,M,M,M,M,M,M,M,60.80,FALE 051700Z 03005KT 350V050 9999 FEW030 16/13 Q1024 NOSIG,M
FALE,2026-07-05 18:00,60.80,57.20,87.93,30.00,4.00,0.00,30.24,M,6.21,M,M,M,M,M,M,M,M,M,M,M,M,M,M,M,M,60.80,FALE 051800Z 03004KT CAVOK 16/14 Q1024 NOSIG,M
FALE,2026-07-05 19:00,59.00,57.20,93.74,30.00,3.00,0.00,30.24,M,6.21,M,M,M,M,M,M,M,M,M,M,M,M,M,M,M,M,59.00,FALE 051900Z 03003KT CAVOK 15/14 Q1024 NOSIG,M
FALE,2026-07-05 20:00,55.40,53.60,93.65,40.00,1.00,0.00,30.24,M,6.21,M,M,M,M,M,M,M,M,M,M,M,M,M,M,M,M,55.40,FALE 052000Z 04001KT CAVOK 13/12 Q1024 NOSIG,M
FALE,2026-07-05 21:00,53.60,51.80,93.60,0.00,0.00,0.00,30.24,M,6.21,M,M,M,M,M,M,M,M,M,M,M,M,M,M,M,M,53.60,FALE 052100Z 00000KT CAVOK 12/11 Q1024 NOSIG,M
FALE,2026-07-05 21:21,50.00,48.20,93.50,90.00,1.00,0.00,30.24,M,2.73,M,NSC,M,M,M,M,M,M,M,BR,M,M,M,M,M,M,50.00,FALE 052121Z 09001KT 4400 BR NSC 10/09 Q1024 NOSIG,M
FALE,2026-07-05 21:35,50.00,48.20,93.50,0.00,0.00,0.00,30.24,M,3.11,M,NSC,M,M,M,M,M,M,M,BR,M,M,M,M,M,M,50.00,FALE 052135Z 00000KT 5000 BR NSC 10/09 Q1024 NOSIG,M
FALE,2026-07-05 21:46,51.80,50.00,93.55,0.00,0.00,0.00,30.24,M,1.68,M,NSC,M,M,M,M,M,M,M,BR,M,M,M,M,M,M,51.80,FALE 052146Z 00000KT 2700 BR NSC 11/10 Q1024 NOSIG,M
FALE,2026-07-05 22:00,51.80,51.80,100.00,0.00,0.00,0.00,30.24,M,1.68,M,NSC,M,M,M,M,M,M,M,BR,M,M,M,M,M,M,51.80,FALE 052200Z 00000KT 2700 BR NSC 11/11 Q1024 NOSIG,M
FALE,2026-07-05 22:22,51.80,50.00,93.55,240.00,2.00,0.00,30.24,M,1.24,M,NSC,M,M,M,M,M,M,M,BR,M,M,M,M,M,M,51.80,FALE 052222Z 24002KT 2000 R24/0750U BR NSC 11/10 Q1024 NOSIG,M
FALE,2026-07-05 22:37,50.00,48.20,93.50,M,1.00,0.00,30.24,M,4.35,M,NSC,M,M,M,M,M,M,M,M,M,M,M,M,M,M,50.00,FALE 052237Z VRB01KT 7000 NSC 10/09 Q1024 NOSIG,M
FALE,2026-07-05 23:00,48.20,46.40,93.45,M,2.00,0.00,30.24,M,4.35,M,NSC,M,M,M,M,M,M,M,M,M,M,M,M,M,M,48.20,FALE 052300Z VRB02KT 7000 NSC 09/08 Q1024 NOSIG,M
FALE,2026-07-06 00:03,48.20,48.20,100.00,M,2.00,0.00,30.21,M,6.21,M,M,M,M,M,M,M,M,M,M,M,M,M,M,M,M,48.20,FALE 060003Z VRB02KT CAVOK 09/09 Q1023 NOSIG,M
FALE,2026-07-06 01:00,46.40,46.40,100.00,M,1.00,0.00,30.21,M,6.21,M,M,M,M,M,M,M,M,M,M,M,M,M,M,M,M,46.40,FALE 060100Z VRB01KT CAVOK 08/08 Q1023 NOSIG,M
FALE,2026-07-06 01:04,50.00,48.20,93.50,M,2.00,0.00,30.21,M,6.21,M,M,M,M,M,M,M,M,M,M,M,M,M,M,M,M,50.00,FALE 060104Z VRB02KT CAVOK 10/09 Q1023 NOSIG,M
FALE,2026-07-06 02:00,46.40,42.80,87.18,0.00,0.00,0.00,30.21,M,6.21,M,M,M,M,M,M,M,M,M,M,M,M,M,M,M,M,46.40,FALE 060200Z 00000KT CAVOK 08/06 Q1023 NOSIG,M
FALE,2026-07-06 02:11,50.00,48.20,93.50,M,2.00,0.00,30.21,M,6.21,M,M,M,M,M,M,M,M,M,M,M,M,M,M,M,M,50.00,FALE 060211Z VRB02KT CAVOK 10/09 Q1023 NOSIG,M
FALE,2026-07-06 03:00,46.40,44.60,93.40,210.00,4.00,0.00,30.24,M,6.21,M,M,M,M,M,M,M,M,M,M,M,M,M,M,M,M,44.24,FALE 060300Z 21004KT CAVOK 08/07 Q1024 NOSIG,M
FALE,2026-07-06 04:00,44.60,42.80,93.35,0.00,0.00,0.00,30.24,M,4.97,M,NSC,M,M,M,M,M,M,M,M,M,M,M,M,M,M,44.60,FALE 060400Z 00000KT 8000 NSC 07/06 Q1024 NOSIG,M
FALE,2026-07-06 04:31,46.40,44.60,100.00,M,2.00,0.00,30.27,M,5.59,M,NSC,M,M,M,M,M,M,M,M,M,M,M,M,M,M,44.60,COR FALE 060431Z VRB02KT 9000 NSC 08/07 Q1025 NOSIG,M
FALE,2026-07-06 04:32,46.40,44.60,93.40,M,2.00,0.00,30.27,M,5.59,M,NSC,M,M,M,M,M,M,M,M,M,M,M,M,M,M,46.40,COR FALE 060432Z VRB02KT 9000 NSC 08/07 Q1025 NOSIG,M
FALE,2026-07-06 05:00,44.60,42.80,93.35,220.00,2.00,0.00,30.27,M,5.59,M,NSC,M,M,M,M,M,M,M,M,M,M,M,M,M,M,44.60,FALE 060500Z 22002KT 9000 NSC 07/06 Q1025 NOSIG,M
FALE,2026-07-06 05:49,50.00,48.20,93.50,M,1.00,0.00,30.27,M,6.21,M,M,M,M,M,M,M,M,M,M,M,M,M,M,M,M,50.00,FALE 060549Z VRB01KT CAVOK 10/09 Q1025 NOSIG,M
FALE,2026-07-06 06:00,50.00,48.20,93.50,M,2.00,0.00,30.27,M,6.21,13.00,M,M,M,M,M,M,M,M,M,M,M,M,M,M,M,50.00,FALE 060600Z VRB02G13KT CAVOK 10/09 Q1025 NOSIG,M
FALE,2026-07-06 06:15,53.60,48.20,81.87,220.00,3.00,0.00,30.30,M,6.21,M,M,M,M,M,M,M,M,M,M,M,M,M,M,M,M,53.60,FALE 060615Z 22003KT CAVOK 12/09 Q1026 NOSIG,M
FALE,2026-07-06 06:48,59.00,48.20,67.34,M,2.00,0.00,30.30,M,6.21,M,M,M,M,M,M,M,M,M,M,M,M,M,M,M,M,59.00,FALE 060648Z VRB02KT CAVOK 15/09 Q1026 NOSIG,M
FALE,2026-07-06 07:00,59.00,48.20,67.34,M,2.00,0.00,30.30,M,6.21,M,M,M,M,M,M,M,M,M,M,M,M,M,M,M,M,59.00,FALE 060700Z VRB02KT CAVOK 15/09 Q1026 NOSIG,M
FALE,2026-07-06 07:18,62.60,46.40,55.39,250.00,3.00,0.00,30.30,M,6.21,M,M,M,M,M,M,M,M,M,M,M,M,M,M,M,M,62.60,FALE 060718Z 25003KT 210V290 CAVOK 17/08 Q1026 NOSIG,M
FALE,2026-07-06 07:56,66.20,44.60,45.62,230.00,3.00,0.00,30.30,M,6.21,M,M,M,M,M,M,M,M,M,M,M,M,M,M,M,M,66.20,FALE 060756Z 23003KT 180V290 CAVOK 19/07 Q1026 NOSIG,M
FALE,2026-07-06 08:00,66.20,44.60,45.62,230.00,3.00,0.00,30.30,M,6.21,M,M,M,M,M,M,M,M,M,M,M,M,M,M,M,M,66.20,FALE 060800Z 23003KT 180V290 CAVOK 19/07 Q1026 NOSIG,M
FALE,2026-07-06 09:00,69.80,42.80,37.63,200.00,3.00,0.00,30.30,M,6.21,M,M,M,M,M,M,M,M,M,M,M,M,M,M,M,M,69.80,FALE 060900Z 20003KT 110V270 CAVOK 21/06 Q1026 NOSIG,M
FALE,2026-07-06 10:00,73.40,46.40,38.21,10.00,4.00,0.00,30.27,M,6.21,M,M,M,M,M,M,M,M,M,M,M,M,M,M,M,M,73.40,FALE 061000Z 01004KT 320V070 CAVOK 23/08 Q1025 NOSIG,M
FALE,2026-07-06 11:00,73.40,46.40,38.21,80.00,6.00,0.00,30.27,M,6.21,M,M,M,M,M,M,M,M,M,M,M,M,M,M,M,M,73.40,FALE 061100Z 08006KT 040V120 CAVOK 23/08 Q1025 NOSIG,M
FALE,2026-07-06 12:00,73.40,50.00,43.73,80.00,6.00,0.00,30.24,M,6.21,M,M,M,M,M,M,M,M,M,M,M,M,M,M,M,M,73.40,FALE 061200Z 08006KT CAVOK 23/10 Q1024 NOSIG,M
FALE,2026-07-06 13:00,71.60,48.20,43.45,70.00,7.00,0.00,30.24,M,6.21,M,M,M,M,M,M,M,M,M,M,M,M,M,M,M,M,71.60,FALE 061300Z 07007KT CAVOK 22/09 Q1024 NOSIG,M
FALE,2026-07-06 14:00,71.60,51.80,49.67,60.00,6.00,0.00,30.27,M,6.21,M,M,M,M,M,M,M,M,M,M,M,M,M,M,M,M,71.60,FALE 061400Z 06006KT CAVOK 22/11 Q1025 NOSIG,M
FALE,2026-07-06 15:00,66.20,51.80,59.76,50.00,3.00,0.00,30.27,M,6.21,M,M,M,M,M,M,M,M,M,M,M,M,M,M,M,M,66.20,FALE 061500Z 05003KT CAVOK 19/11 Q1025 NOSIG,M
FALE,2026-07-06 15:31,64.40,51.80,63.62,50.00,3.00,0.00,30.27,M,6.21,M,M,M,M,M,M,M,M,M,M,M,M,M,M,M,M,64.40,FALE 061531Z 05003KT CAVOK 18/11 Q1025 NOSIG,M
FALE,2026-07-06 16:00,62.60,51.80,67.76,70.00,3.00,0.00,30.30,M,6.21,M,M,M,M,M,M,M,M,M,M,M,M,M,M,M,M,62.60,FALE 061600Z 07003KT CAVOK 17/11 Q1026 NOSIG,M
FALE,2026-07-06 17:00,57.20,50.00,76.83,M,2.00,0.00,30.30,M,6.21,M,M,M,M,M,M,M,M,M,M,M,M,M,M,M,M,57.20,FALE 061700Z VRB02KT CAVOK 14/10 Q1026 NOSIG,M
FALE,2026-07-06 18:00,51.80,48.20,87.47,0.00,0.00,0.00,30.30,M,6.21,M,M,M,M,M,M,M,M,M,M,M,M,M,M,M,M,51.80,FALE 061800Z 00000KT CAVOK 11/09 Q1026 NOSIG,M
FALE,2026-07-06 19:00,51.80,48.20,87.47,0.00,0.00,0.00,30.30,M,6.21,M,M,M,M,M,M,M,M,M,M,M,M,M,M,M,M,51.80,FALE 061900Z 00000KT CAVOK 11/09 Q1026 NOSIG,M
FALE,2026-07-06 20:00,50.00,46.40,87.37,0.00,0.00,0.00,30.30,M,6.21,M,M,M,M,M,M,M,M,M,M,M,M,M,M,M,M,50.00,FALE 062000Z 00000KT CAVOK 10/08 Q1026 NOSIG,M
FALE,2026-07-06 21:00,48.20,46.40,93.45,M,1.00,0.00,30.30,M,6.21,M,M,M,M,M,M,M,M,M,M,M,M,M,M,M,M,48.20,FALE 062100Z VRB01KT CAVOK 09/08 Q1026 NOSIG,M
FALE,2026-07-06 21:31,48.20,46.40,93.45,210.00,2.00,0.00,30.30,M,6.21,M,M,M,M,M,M,M,M,M,M,M,M,M,M,M,M,48.20,FALE 062131Z 21002KT CAVOK 09/08 Q1026 NOSIG,M
FALE,2026-07-06 22:00,46.40,44.60,93.40,210.00,2.00,0.00,30.30,M,6.21,M,M,M,M,M,M,M,M,M,M,M,M,M,M,M,M,46.40,FALE 062200Z 21002KT CAVOK 08/07 Q1026 NOSIG,M
FALE,2026-07-06 23:00,44.60,42.80,93.35,M,1.00,0.00,30.30,M,6.21,M,M,M,M,M,M,M,M,M,M,M,M,M,M,M,M,44.60,FALE 062300Z VRB01KT CAVOK 07/06 Q1026 NOSIG,M
FALE,2026-07-07 00:00,44.60,42.80,93.35,M,2.00,0.00,30.30,M,6.21,M,M,M,M,M,M,M,M,M,M,M,M,M,M,M,M,44.60,FALE 070000Z VRB02KT CAVOK 07/06 Q1026 NOSIG,M
FALE,2026-07-07 01:00,42.80,39.20,86.99,0.00,0.00,0.00,30.27,M,6.21,M,M,M,M,M,M,M,M,M,M,M,M,M,M,M,M,42.80,FALE 070100Z 00000KT CAVOK 06/04 Q1025 NOSIG,M
FALE,2026-07-07 02:00,42.80,41.00,93.29,0.00,0.00,0.00,30.27,M,6.21,M,M,M,M,M,M,M,M,M,M,M,M,M,M,M,M,42.80,FALE 070200Z 00000KT CAVOK 06/05 Q1025 NOSIG,M
FALE,2026-07-07 02:31,44.60,41.00,87.08,M,1.00,0.00,30.27,M,6.21,M,M,M,M,M,M,M,M,M,M,M,M,M,M,M,M,44.60,FALE 070231Z VRB01KT CAVOK 07/05 Q1025 NOSIG,M
FALE,2026-07-07 03:00,42.80,39.20,86.99,0.00,0.00,0.00,30.27,M,6.21,M,M,M,M,M,M,M,M,M,M,M,M,M,M,M,M,42.80,FALE 070300Z 00000KT CAVOK 06/04 Q1025 NOSIG,M
FALE,2026-07-07 04:00,41.00,37.40,86.89,0.00,0.00,0.00,30.27,M,6.21,M,M,M,M,M,M,M,M,M,M,M,M,M,M,M,M,41.00,FALE 070400Z 00000KT CAVOK 05/03 Q1025 NOSIG,M
FALE,2026-07-07 05:00,39.20,35.60,86.79,M,1.00,0.00,30.30,M,6.21,M,M,M,M,M,M,M,M,M,M,M,M,M,M,M,M,39.20,FALE 070500Z VRB01KT CAVOK 04/02 Q1026 NOSIG,M
FALE,2026-07-07 05:04,42.80,39.20,86.99,M,1.00,0.00,30.30,M,6.21,M,M,M,M,M,M,M,M,M,M,M,M,M,M,M,M,42.80,FALE 070504Z VRB01KT CAVOK 06/04 Q1026 NOSIG,M
FALE,2026-07-07 05:37,46.40,41.00,81.33,220.00,2.00,0.00,30.30,M,6.21,M,M,M,M,M,M,M,M,M,M,M,M,M,M,M,M,46.40,FALE 070537Z 22002KT CAVOK 08/05 Q1026 NOSIG,M
FALE,2026-07-07 05:57,50.00,42.80,76.17,220.00,2.00,0.00,30.30,M,6.21,M,M,M,M,M,M,M,M,M,M,M,M,M,M,M,M,50.00,FALE 070557Z 22002KT CAVOK 10/06 Q1026 NOSIG,M
FALE,2026-07-07 06:00,50.00,42.80,76.17,220.00,2.00,0.00,30.30,M,6.21,M,M,M,M,M,M,M,M,M,M,M,M,M,M,M,M,50.00,FALE 070600Z 22002KT CAVOK 10/06 Q1026 NOSIG,M
FALE,2026-07-07 06:08,53.60,48.20,81.87,M,1.00,0.00,30.30,M,6.21,M,M,M,M,M,M,M,M,M,M,M,M,M,M,M,M,53.60,FALE 070608Z VRB01KT CAVOK 12/09 Q1026 NOSIG,M
FALE,2026-07-07 06:21,57.20,50.00,76.83,M,1.00,0.00,30.33,M,6.21,M,M,M,M,M,M,M,M,M,M,M,M,M,M,M,M,57.20,FALE 070621Z VRB01KT CAVOK 14/10 Q1027 NOSIG,M
FALE,2026-07-07 06:34,60.80,46.40,59.02,230.00,3.00,0.00,30.33,M,6.21,M,M,M,M,M,M,M,M,M,M,M,M,M,M,M,M,60.80,FALE 070634Z 23003KT 200V290 CAVOK 16/08 Q1027 NOSIG,M
FALE,2026-07-07 07:07,64.40,44.60,48.57,M,1.00,0.00,30.33,M,6.21,M,FEW,M,M,M,300.00,M,M,M,M,M,M,M,M,M,M,64.40,FALE 070707Z VRB01KT 9999 FEW003 18/07 Q1027 NOSIG,M
FALE,2026-07-07 07:26,68.00,46.40,45.91,M,1.00,0.00,30.33,M,6.21,M,M,M,M,M,M,M,M,M,M,M,M,M,M,M,M,68.00,FALE 070726Z VRB01KT CAVOK 20/08 Q1027 NOSIG,M
FALE,2026-07-07 07:49,71.60,41.00,33.02,M,1.00,0.00,30.33,M,6.21,M,M,M,M,M,M,M,M,M,M,M,M,M,M,M,M,71.60,FALE 070749Z VRB01KT CAVOK 22/05 Q1027 NOSIG,M
FALE,2026-07-07 08:00,71.60,39.20,30.79,M,1.00,0.00,30.33,M,6.21,M,M,M,M,M,M,M,M,M,M,M,M,M,M,M,M,71.60,FALE 070800Z VRB01KT CAVOK 22/04 Q1027 NOSIG,M
FALE,2026-07-07 08:41,75.20,39.20,27.28,20.00,3.00,0.00,30.30,M,6.21,M,M,M,M,M,M,M,M,M,M,M,M,M,M,M,M,75.20,FALE 070841Z 02003KT 340V060 CAVOK 24/04 Q1026 NOSIG,M
FALE,2026-07-07 09:00,75.20,41.00,29.26,10.00,4.00,0.00,30.30,M,6.21,M,M,M,M,M,M,M,M,M,M,M,M,M,M,M,M,75.20,FALE 070900Z 01004KT 330V040 CAVOK 24/05 Q1026 NOSIG,M
FALE,2026-07-07 10:00,77.00,46.40,33.89,80.00,5.00,0.00,30.27,M,6.21,M,M,M,M,M,M,M,M,M,M,M,M,M,M,M,M,77.00,FALE 071000Z 08005KT 040V130 CAVOK 25/08 Q1025 NOSIG,M
FALE,2026-07-07 11:00,75.20,53.60,47.03,110.00,7.00,0.00,30.24,M,6.21,M,M,M,M,M,M,M,M,M,M,M,M,M,M,M,M,75.20,FALE 071100Z 11007KT CAVOK 24/12 Q1024 NOSIG,M
FALE,2026-07-07 12:00,75.20,53.60,47.03,70.00,7.00,0.00,30.24,M,6.21,M,M,M,M,M,M,M,M,M,M,M,M,M,M,M,M,75.20,FALE 071200Z 07007KT CAVOK 24/12 Q1024 NOSIG,M
FALE,2026-07-07 13:00,75.20,55.40,50.22,60.00,8.00,0.00,30.24,M,6.21,M,FEW,M,M,M,500.00,M,M,M,M,M,M,M,M,M,M,75.20,FALE 071300Z 06008KT 9999 FEW005 24/13 Q1024 NOSIG,M
FALE,2026-07-07 14:00,75.20,53.60,47.03,60.00,6.00,0.00,30.24,M,6.21,M,M,M,M,M,M,M,M,M,M,M,M,M,M,M,M,75.20,FALE 071400Z 06006KT CAVOK 24/12 Q1024 NOSIG,M
FALE,2026-07-07 15:00,71.60,57.20,60.48,80.00,5.00,0.00,30.24,M,6.21,M,M,M,M,M,M,M,M,M,M,M,M,M,M,M,M,71.60,FALE 071500Z 08005KT 050V120 CAVOK 22/14 Q1024 NOSIG,M
FALE,2026-07-07 16:00,68.00,59.00,72.95,90.00,6.00,0.00,30.27,M,6.21,M,M,M,M,M,M,M,M,M,M,M,M,M,M,M,M,68.00,FALE 071600Z 09006KT CAVOK 20/15 Q1025 NOSIG,M
FALE,2026-07-07 17:00,62.60,57.20,82.51,50.00,3.00,0.00,30.27,M,6.21,M,M,M,M,M,M,M,M,M,M,M,M,M,M,M,M,62.60,COR FALE 071700Z 05003KT CAVOK 17/14 Q1025 NOSIG,M
FALE,2026-07-07 18:00,55.40,53.60,93.65,0.00,0.00,0.00,30.27,M,6.21,M,M,M,M,M,M,M,M,M,M,M,M,M,M,M,M,55.40,FALE 071800Z 00000KT CAVOK 13/12 Q1025 NOSIG,M
FALE,2026-07-07 18:03,59.00,57.20,93.74,0.00,0.00,0.00,30.27,M,6.21,M,M,M,M,M,M,M,M,M,M,M,M,M,M,M,M,59.00,FALE 071803Z 00000KT CAVOK 15/14 Q1025 NOSIG,M
FALE,2026-07-07 19:00,55.40,53.60,93.65,M,2.00,0.00,30.27,M,6.21,M,M,M,M,M,M,M,M,M,M,M,M,M,M,M,M,55.40,FALE 071900Z VRB02KT CAVOK 13/12 Q1025 NOSIG,M
FALE,2026-07-07 20:00,50.00,48.20,93.50,0.00,0.00,0.00,30.27,M,4.97,M,SCT,M,M,M,1400.00,M,M,M,M,M,M,M,M,M,M,50.00,FALE 072000Z 00000KT 8000 SCT014 10/09 Q1025 NOSIG,M
FALE,2026-07-07 20:49,53.60,50.00,87.56,220.00,7.00,0.00,30.27,M,4.97,M,NSC,M,M,M,M,M,M,M,M,M,M,M,M,M,M,53.60,FALE 072049Z 22007KT 8000 NSC 12/10 Q1025 NOSIG,M
FALE,2026-07-07 21:00,53.60,50.00,87.56,220.00,8.00,0.00,30.27,M,4.97,M,NSC,M,M,M,M,M,M,M,M,M,M,M,M,M,M,53.60,FALE 072100Z 22008KT 8000 NSC 12/10 Q1025 NOSIG,M
FALE,2026-07-07 21:22,57.20,50.00,76.83,220.00,8.00,0.00,30.27,M,4.35,M,NSC,M,M,M,M,M,M,M,M,M,M,M,M,M,M,57.20,FALE 072122Z 22008KT 7000 NSC 14/10 Q1025 NOSIG,M
FALE,2026-07-07 21:32,60.80,51.80,72.21,220.00,9.00,0.00,30.27,M,4.97,M,NSC,M,M,M,M,M,M,M,M,M,M,M,M,M,M,60.80,FALE 072132Z 22009KT 8000 NSC 16/11 Q1025 NOSIG,M
FALE,2026-07-07 22:00,62.60,55.40,77.31,220.00,11.00,0.00,30.27,M,6.21,M,M,M,M,M,M,M,M,M,M,M,M,M,M,M,M,62.60,FALE 072200Z 22011KT CAVOK 17/13 Q1025 NOSIG,M
FALE,2026-07-07 23:00,64.40,57.20,77.46,220.00,8.00,0.00,30.27,M,6.21,M,BKN,M,M,M,2300.00,M,M,M,M,M,M,M,M,M,M,64.40,FALE 072300Z 22008KT 9999 BKN023 18/14 Q1025 NOSIG,M
FALE,2026-07-08 00:00,62.60,55.40,77.31,220.00,11.00,0.00,30.27,M,6.21,M,M,M,M,M,M,M,M,M,M,M,M,M,M,M,M,62.60,FALE 080000Z 22011KT CAVOK 17/13 Q1025 NOSIG,M
FALE,2026-07-08 01:00,55.40,50.00,82.00,M,1.00,0.00,30.24,M,6.21,M,M,M,M,M,M,M,M,M,M,M,M,M,M,M,M,55.40,FALE 080100Z VRB01KT CAVOK 13/10 Q1024 NOSIG,M
FALE,2026-07-08 02:00,51.80,46.40,81.74,0.00,0.00,0.00,30.24,M,6.21,M,M,M,M,M,M,M,M,M,M,M,M,M,M,M,M,51.80,FALE 080200Z 00000KT CAVOK 11/08 Q1024 NOSIG,M
FALE,2026-07-08 02:43,55.40,44.60,66.91,240.00,3.00,0.00,30.24,M,6.21,M,M,M,M,M,M,M,M,M,M,M,M,M,M,M,M,55.40,FALE 080243Z 24003KT CAVOK 13/07 Q1024 NOSIG,M
FALE,2026-07-08 03:00,55.40,44.60,66.91,240.00,3.00,0.00,30.24,M,6.21,M,M,M,M,M,M,M,M,M,M,M,M,M,M,M,M,55.40,FALE 080300Z 24003KT CAVOK 13/07 Q1024 NOSIG,M
FALE,2026-07-08 04:00,53.60,42.80,66.70,240.00,3.00,0.00,30.24,M,6.21,M,M,M,M,M,M,M,M,M,M,M,M,M,M,M,M,53.60,FALE 080400Z 24003KT CAVOK 12/06 Q1024 NOSIG,M
FALE,2026-07-08 05:00,51.80,42.80,71.26,230.00,2.00,0.00,30.24,M,6.21,M,M,M,M,M,M,M,M,M,M,M,M,M,M,M,M,51.80,FALE 080500Z 23002KT CAVOK 11/06 Q1024 NOSIG,M
FALE,2026-07-08 05:41,55.40,44.60,66.91,M,1.00,0.00,30.24,M,6.21,M,M,M,M,M,M,M,M,M,M,M,M,M,M,M,M,55.40,FALE 080541Z VRB01KT CAVOK 13/07 Q1024 NOSIG,M
FALE,2026-07-08 06:00,57.20,46.40,67.13,M,2.00,0.00,30.24,M,6.21,M,M,M,M,M,M,M,M,M,M,M,M,M,M,M,M,57.20,FALE 080600Z VRB02KT CAVOK 14/08 Q1024 NOSIG,M
FALE,2026-07-08 06:18,60.80,44.60,55.13,M,2.00,0.00,30.24,M,6.21,M,M,M,M,M,M,M,M,M,M,M,M,M,M,M,M,60.80,FALE 080618Z VRB02KT CAVOK 16/07 Q1024 NOSIG,M
FALE,2026-07-08 06:57,66.20,46.40,48.85,M,1.00,0.00,30.24,M,6.21,M,M,M,M,M,M,M,M,M,M,M,M,M,M,M,M,66.20,FALE 080657Z VRB01KT CAVOK 19/08 Q1024 NOSIG,M
FALE,2026-07-08 07:00,66.20,46.40,48.85,M,1.00,0.00,30.24,M,6.21,M,M,M,M,M,M,M,M,M,M,M,M,M,M,M,M,66.20,FALE 080700Z VRB01KT CAVOK 19/08 Q1024 NOSIG,M
FALE,2026-07-08 08:00,69.80,53.60,56.42,360.00,3.00,0.00,30.21,M,6.21,M,M,M,M,M,M,M,M,M,M,M,M,M,M,M,M,69.80,FALE 080800Z 36003KT 340V040 CAVOK 21/12 Q1023 NOSIG,M
FALE,2026-07-08 09:00,71.60,62.60,73.30,30.00,5.00,0.00,30.18,M,6.21,M,M,M,M,M,M,M,M,M,M,M,M,M,M,M,M,71.60,FALE 080900Z 03005KT 350V090 CAVOK 22/17 Q1022 NOSIG,M
FALE,2026-07-08 10:00,73.40,60.80,64.74,70.00,6.00,0.00,30.15,M,6.21,M,M,M,M,M,M,M,M,M,M,M,M,M,M,M,M,73.40,FALE 081000Z 07006KT 040V130 CAVOK 23/16 Q1021 NOSIG,M
FALE,2026-07-08 11:00,73.40,57.20,56.92,80.00,8.00,0.00,30.09,M,6.21,M,M,M,M,M,M,M,M,M,M,M,M,M,M,M,M,73.40,FALE 081100Z 08008KT 050V120 CAVOK 23/14 Q1019 NOSIG,M
FALE,2026-07-08 12:00,73.40,60.80,64.74,70.00,9.00,0.00,30.06,M,6.21,M,M,M,M,M,M,M,M,M,M,M,M,M,M,M,M,73.40,FALE 081200Z 07009KT 040V120 CAVOK 23/16 Q1018 NOSIG,M
FALE,2026-07-08 13:00,71.60,62.60,73.30,60.00,8.00,0.00,30.03,M,6.21,M,M,M,M,M,M,M,M,M,M,M,M,M,M,M,M,71.60,FALE 081300Z 06008KT CAVOK 22/17 Q1017 NOSIG,M
FALE,2026-07-08 14:00,71.60,60.80,68.79,60.00,7.00,0.00,30.03,M,6.21,M,M,M,M,M,M,M,M,M,M,M,M,M,M,M,M,71.60,FALE 081400Z 06007KT CAVOK 22/16 Q1017 NOSIG,M
FALE,2026-07-08 15:00,69.80,60.80,73.13,90.00,5.00,0.00,30.03,M,6.21,M,M,M,M,M,M,M,M,M,M,M,M,M,M,M,M,69.80,FALE 081500Z 09005KT CAVOK 21/16 Q1017 NOSIG,M
FALE,2026-07-08 16:00,62.60,59.00,88.01,0.00,0.00,0.00,30.03,M,4.35,M,NSC,M,M,M,M,M,M,M,M,M,M,M,M,M,M,62.60,FALE 081600Z 00000KT 7000 NSC 17/15 Q1017 NOSIG,M
FALE,2026-07-08 16:49,59.00,59.00,100.00,M,1.00,0.00,30.03,M,4.35,M,NSC,M,M,M,M,M,M,M,M,M,M,M,M,M,M,59.00,FALE 081649Z VRB01KT 7000 NSC 15/15 Q1017 NOSIG,M
FALE,2026-07-08 17:00,59.00,57.20,93.74,M,2.00,0.00,30.03,M,4.35,M,NSC,M,M,M,M,M,M,M,M,M,M,M,M,M,M,59.00,FALE 081700Z VRB02KT 7000 NSC 15/14 Q1017 NOSIG,M
FALE,2026-07-08 17:21,57.20,55.40,93.70,M,1.00,0.00,30.03,M,3.11,M,NSC,M,M,M,M,M,M,M,BR,M,M,M,M,M,M,57.20,FALE 081721Z VRB01KT 5000 BR NSC 14/13 Q1017 NOSIG,M
FALE,2026-07-08 18:00,62.60,60.80,93.84,220.00,8.00,0.00,30.06,M,3.11,M,NSC,M,M,M,M,M,M,M,BR,M,M,M,M,M,M,62.60,FALE 081800Z 22008KT 5000 BR NSC 17/16 Q1018 NOSIG,M
FALE,2026-07-08 18:53,66.20,64.40,93.93,210.00,13.00,0.00,30.12,M,3.73,M,SCT,M,M,M,1400.00,M,M,M,M,M,M,M,M,M,M,66.20,FALE 081853Z 21013KT 6000 SCT014 19/18 Q1020 NOSIG,M
FALE,2026-07-08 19:00,66.20,64.40,93.93,210.00,13.00,0.00,30.12,M,3.73,M,SCT,M,M,M,1400.00,M,M,M,M,M,M,M,M,M,M,66.20,FALE 081900Z 21013KT 6000 SCT014 19/18 Q1020 NOSIG,M
FALE,2026-07-08 20:00,64.40,62.60,93.89,220.00,6.00,0.00,30.12,M,4.35,M,SCT,M,M,M,1400.00,M,M,M,M,M,M,M,M,M,M,64.40,FALE 082000Z 22006KT 7000 SCT014 18/17 Q1020 NOSIG,M
FALE,2026-07-08 21:00,64.40,59.00,82.63,220.00,7.00,0.00,30.15,M,6.21,M,FEW,M,M,M,1000.00,M,M,M,M,M,M,M,M,M,M,64.40,FALE 082100Z 22007KT 9999 FEW010 18/15 Q1021 NOSIG,M
FALE,2026-07-08 22:00,60.80,57.20,87.93,230.00,4.00,0.00,30.15,M,6.21,M,SCT,M,M,M,3200.00,M,M,M,M,M,M,M,M,M,M,60.80,FALE 082200Z 23004KT 9999 SCT032 16/14 Q1021 NOSIG,M
FALE,2026-07-08 23:00,60.80,55.40,82.38,220.00,4.00,0.00,30.12,M,6.21,M,M,M,M,M,M,M,M,M,M,M,M,M,M,M,M,60.80,FALE 082300Z 22004KT CAVOK 16/13 Q1020 NOSIG,M
FALE,2026-07-09 00:00,57.20,55.40,93.70,230.00,3.00,0.00,30.12,M,6.21,M,M,M,M,M,M,M,M,M,M,M,M,M,M,M,M,57.20,FALE 090000Z 23003KT CAVOK 14/13 Q1020 NOSIG,M
FALE,2026-07-09 02:00,55.40,51.80,87.65,220.00,3.00,0.00,30.12,M,6.21,M,M,M,M,M,M,M,M,M,M,M,M,M,M,M,M,55.40,FALE 090200Z 22003KT CAVOK 13/11 Q1020 NOSIG,M
FALE,2026-07-09 03:00,55.40,50.00,82.00,220.00,3.00,0.00,30.09,M,6.21,M,M,M,M,M,M,M,M,M,M,M,M,M,M,M,M,55.40,FALE 090300Z 22003KT CAVOK 13/10 Q1019 NOSIG,M
FALE,2026-07-09 04:00,55.40,48.20,76.67,220.00,4.00,0.00,30.09,M,6.21,M,M,M,M,M,M,M,M,M,M,M,M,M,M,M,M,55.40,FALE 090400Z 22004KT CAVOK 13/09 Q1019 NOSIG,M
FALE,2026-07-09 05:00,57.20,48.20,71.84,230.00,4.00,0.00,30.12,M,6.21,M,M,M,M,M,M,M,M,M,M,M,M,M,M,M,M,57.20,FALE 090500Z 23004KT CAVOK 14/09 Q1020 NOSIG,M
FALE,2026-07-09 06:00,59.00,50.00,72.02,230.00,4.00,0.00,30.12,M,6.21,M,M,M,M,M,M,M,M,M,M,M,M,M,M,M,M,59.00,FALE 090600Z 23004KT CAVOK 15/10 Q1020 NOSIG,M
FALE,2026-07-09 06:19,62.60,50.00,63.39,230.00,4.00,0.00,30.15,M,6.21,M,FEW,M,M,M,3700.00,M,M,M,M,M,M,M,M,M,M,62.60,FALE 090619Z 23004KT 9999 FEW037 17/10 Q1021 NOSIG,M
FALE,2026-07-09 06:50,66.20,50.00,55.91,250.00,4.00,0.00,30.15,M,6.21,M,FEW,M,M,M,3500.00,M,M,M,M,M,M,M,M,M,M,66.20,FALE 090650Z 25004KT 9999 FEW035 19/10 Q1021 NOSIG,M
FALE,2026-07-09 07:00,66.20,50.00,55.91,250.00,4.00,0.00,30.15,M,6.21,M,FEW,M,M,M,3500.00,M,M,M,M,M,M,M,M,M,M,66.20,FALE 090700Z 25004KT 9999 FEW035 19/10 Q1021 NOSIG,M
FALE,2026-07-09 07:25,69.80,51.80,52.81,260.00,6.00,0.00,30.15,M,6.21,M,M,M,M,M,M,M,M,M,M,M,M,M,M,M,M,69.80,FALE 090725Z 26006KT CAVOK 21/11 Q1021 NOSIG,M
FALE,2026-07-09 08:00,71.60,51.80,49.67,260.00,7.00,0.00,30.15,M,6.21,M,M,M,M,M,M,M,M,M,M,M,M,M,M,M,M,71.60,FALE 090800Z 26007KT CAVOK 22/11 Q1021 NOSIG,M
FALE,2026-07-09 09:00,73.40,55.40,53.33,200.00,5.00,0.00,30.12,M,6.21,M,M,M,M,M,M,M,M,M,M,M,M,M,M,M,M,73.40,FALE 090900Z 20005KT 160V250 CAVOK 23/13 Q1020 NOSIG,M
FALE,2026-07-09 10:00,73.40,55.40,53.33,170.00,6.00,0.00,30.09,M,6.21,M,FEW,M,M,M,3000.00,M,M,M,M,M,M,M,M,M,M,73.40,FALE 091000Z 17006KT 9999 FEW030 23/13 Q1019 NOSIG,M
FALE,2026-07-09 11:00,73.40,55.40,53.33,140.00,7.00,0.00,30.06,M,6.21,M,FEW,M,M,M,3000.00,M,M,M,M,M,M,M,M,M,M,73.40,FALE 091100Z 14007KT 9999 FEW030 23/13 Q1018 NOSIG,M
FALE,2026-07-09 12:00,71.60,55.40,56.67,160.00,8.00,0.00,30.03,M,6.21,M,FEW,M,M,M,3000.00,M,M,M,M,M,M,M,M,M,M,71.60,FALE 091200Z 16008KT 9999 FEW030 22/13 Q1017 NOSIG,M
FALE,2026-07-09 13:00,69.80,57.20,64.30,170.00,8.00,0.00,30.03,M,6.21,M,M,M,M,M,M,M,M,M,M,M,M,M,M,M,M,69.80,FALE 091300Z 17008KT CAVOK 21/14 Q1017 NOSIG,M
FALE,2026-07-09 14:00,68.00,59.00,72.95,180.00,7.00,0.00,30.03,M,6.21,M,FEW,M,M,M,2000.00,M,M,M,M,M,M,M,M,M,M,68.00,FALE 091400Z 18007KT 9999 FEW020 20/15 Q1017 NOSIG,M
FALE,2026-07-09 15:00,66.20,60.80,82.76,190.00,5.00,0.00,30.06,M,6.21,M,SCT,M,M,M,1700.00,M,M,M,M,M,M,M,M,M,M,66.20,FALE 091500Z 19005KT 9999 SCT017 19/16 Q1018 NOSIG,M
FALE,2026-07-09 16:00,64.40,60.80,88.10,210.00,3.00,0.00,30.06,M,6.21,M,SCT,M,M,M,1700.00,M,M,M,M,M,M,M,M,M,M,64.40,FALE 091600Z 21003KT 9999 SCT017 18/16 Q1018 NOSIG,M
FALE,2026-07-09 17:00,66.20,60.80,82.76,220.00,3.00,0.00,30.09,M,6.21,M,SCT,BKN,M,M,1700.00,4300.00,M,M,M,M,M,M,M,M,M,66.20,FALE 091700Z 22003KT 9999 SCT017 BKN043 19/16 Q1019 NOSIG,M
FALE,2026-07-09 18:00,64.40,62.60,93.89,M,2.00,0.00,30.09,M,6.21,M,SCT,BKN,M,M,2000.00,3500.00,M,M,-RA,M,M,M,M,M,M,64.40,FALE 091800Z VRB02KT 9999 -RA SCT020 BKN035 18/17 Q1019 NOSIG,M
FALE,2026-07-09 19:00,64.40,62.60,93.89,M,2.00,0.00,30.12,M,4.35,M,SCT,BKN,OVC,M,1400.00,2000.00,3000.00,M,-DZRA,M,M,M,M,M,M,64.40,FALE 091900Z VRB02KT 7000 -DZRA SCT014 BKN020 OVC030 18/17 Q1020 NOSIG,M
FALE,2026-07-09 20:00,64.40,62.60,93.89,M,2.00,0.00,30.12,M,4.97,M,SCT,OVC,M,M,2500.00,3500.00,M,M,-RA,M,M,M,M,M,M,64.40,FALE 092000Z VRB02KT 8000 -RA SCT025 OVC035 18/17 Q1020 NOSIG,M
FALE,2026-07-09 21:00,62.60,62.60,100.00,220.00,3.00,0.00,30.09,M,4.97,M,FEW,OVC,M,M,2000.00,3500.00,M,M,-RA,M,M,M,M,M,M,62.60,FALE 092100Z 22003KT 8000 -RA FEW020 OVC035 17/17 Q1019 NOSIG,M
FALE,2026-07-09 22:00,62.60,62.60,100.00,230.00,1.00,0.00,30.09,M,6.21,M,BKN,M,M,M,4900.00,M,M,M,M,M,M,M,M,M,M,62.60,FALE 092200Z 23001KT 9999 BKN049 17/17 Q1019 NOSIG,M
FALE,2026-07-09 23:00,62.60,60.80,93.84,M,1.00,0.00,30.09,M,5.59,M,SCT,BKN,M,M,2000.00,3000.00,M,M,M,M,M,M,M,M,M,62.60,FALE 092300Z VRB01KT 9000 SCT020 BKN030 17/16 Q1019 NOSIG,M
FALE,2026-07-09 23:24,60.80,59.00,93.79,200.00,2.00,0.00,30.09,M,3.11,M,FEW,M,M,M,2500.00,M,M,M,BR,M,M,M,M,M,M,60.80,FALE 092324Z 20002KT 5000 BR FEW025 16/15 Q1019 NOSIG,M
FALE,2026-07-09 23:48,59.00,59.00,100.00,340.00,2.00,0.00,30.06,M,0.62,M,FEW,M,M,M,2500.00,M,M,M,BCFG,M,M,M,M,M,M,59.00,FALE 092348Z 34002KT 1000 0650 R24/0750D BCFG FEW025 15/15 Q1018 NOSIG,M
FALE,2026-07-10 00:00,59.00,59.00,100.00,M,2.00,0.00,30.06,M,0.81,M,SCT,M,M,M,2400.00,M,M,M,BR,M,M,M,M,M,M,59.00,FALE 100000Z VRB02KT 1300 R24/1200U BR SCT024 15/15 Q1018 NOSIG,M
FALE,2026-07-10 00:06,60.80,60.80,100.00,0.00,0.00,0.00,30.06,M,2.80,M,SCT,M,M,M,2500.00,M,M,M,BR,M,M,M,M,M,M,60.80,COR FALE 100006Z 00000KT 4500 BR SCT025 16/16 Q1018 BECMG 5000 NSW,M
FALE,2026-07-10 00:40,60.80,59.00,93.79,220.00,1.00,0.00,30.06,M,5.59,M,BKN,M,M,M,2500.00,M,M,M,M,M,M,M,M,M,M,60.80,FALE 100040Z 22001KT 9000 BKN025 16/15 Q1018 NOSIG,M
FALE,2026-07-10 01:00,59.00,59.00,100.00,0.00,0.00,0.00,30.06,M,4.97,M,BKN,M,M,M,2500.00,M,M,M,M,M,M,M,M,M,M,59.00,FALE 100100Z 00000KT 8000 BKN025 15/15 Q1018 NOSIG,M
FALE,2026-07-10 02:00,59.00,59.00,100.00,240.00,2.00,0.00,30.06,M,5.59,M,FEW,M,M,M,3000.00,M,M,M,M,M,M,M,M,M,M,59.00,FALE 100200Z 24002KT 9000 FEW030 15/15 Q1018 NOSIG,M
FALE,2026-07-10 03:00,57.20,57.20,100.00,220.00,3.00,0.00,30.06,M,6.21,M,M,M,M,M,M,M,M,M,M,M,M,M,M,M,M,57.20,FALE 100300Z 22003KT CAVOK 14/14 Q1018 NOSIG,M
FALE,2026-07-10 03:25,57.20,57.20,100.00,M,1.00,0.00,30.06,M,5.59,M,NSC,M,M,M,M,M,M,M,M,M,M,M,M,M,M,57.20,FALE 100325Z VRB01KT 9000 NSC 14/14 Q1018 NOSIG,M
FALE,2026-07-10 03:33,55.40,55.40,100.00,0.00,0.00,0.00,30.06,M,3.11,M,NSC,M,M,M,M,M,M,M,BR,M,M,M,M,M,M,55.40,FALE 100333Z 00000KT 5000 BR NSC 13/13 Q1018 NOSIG,M
FALE,2026-07-10 03:53,55.40,55.40,100.00,220.00,1.00,0.00,30.06,M,6.21,M,M,M,M,M,M,M,M,M,M,M,M,M,M,M,M,55.40,FALE 100353Z 22001KT CAVOK 13/13 Q1018 NOSIG,M
FALE,2026-07-10 04:00,55.40,55.40,100.00,220.00,1.00,0.00,30.06,M,6.21,M,M,M,M,M,M,M,M,M,M,M,M,M,M,M,M,55.40,FALE 100400Z 22001KT CAVOK 13/13 Q1018 NOSIG,M
FALE,2026-07-10 05:00,53.60,53.60,100.00,0.00,0.00,0.00,30.09,M,6.21,M,M,M,M,M,M,M,M,M,M,M,M,M,M,M,M,53.60,FALE 100500Z 00000KT CAVOK 12/12 Q1019 NOSIG,M
FALE,2026-07-10 06:00,57.20,57.20,100.00,0.00,0.00,0.00,30.09,M,6.21,M,M,M,M,M,M,M,M,M,M,M,M,M,M,M,M,57.20,FALE 100600Z 00000KT CAVOK 14/14 Q1019 NOSIG,M
FALE,2026-07-10 06:07,60.80,59.00,93.79,0.00,0.00,0.00,30.09,M,6.21,M,M,M,M,M,M,M,M,M,M,M,M,M,M,M,M,60.80,FALE 100607Z 00000KT CAVOK 16/15 Q1019 NOSIG,M
FALE,2026-07-10 06:56,64.40,60.80,88.10,0.00,0.00,0.00,30.09,M,6.21,M,M,M,M,M,M,M,M,M,M,M,M,M,M,M,M,64.40,FALE 100656Z 00000KT CAVOK 18/16 Q1019 NOSIG,M
FALE,2026-07-10 07:00,64.40,60.80,88.10,0.00,0.00,0.00,30.09,M,6.21,M,M,M,M,M,M,M,M,M,M,M,M,M,M,M,M,64.40,FALE 100700Z 00000KT CAVOK 18/16 Q1019 NOSIG,M
FALE,2026-07-10 08:00,68.00,60.80,77.77,M,2.00,0.00,30.09,M,6.21,M,M,M,M,M,M,M,M,M,M,M,M,M,M,M,M,68.00,FALE 100800Z VRB02KT CAVOK 20/16 Q1019 NOSIG,M
FALE,2026-07-10 09:00,68.00,60.80,77.77,170.00,5.00,0.00,30.09,M,6.21,M,FEW,M,M,M,2500.00,M,M,M,M,M,M,M,M,M,M,68.00,FALE 100900Z 17005KT 130V200 9999 FEW025 20/16 Q1019 NOSIG,M
FALE,2026-07-10 10:00,69.80,60.80,73.13,140.00,4.00,0.00,30.06,M,6.21,M,FEW,M,M,M,1800.00,M,M,M,M,M,M,M,M,M,M,69.80,FALE 101000Z 14004KT 090V210 9999 FEW018 21/16 Q1018 NOSIG,M
FALE,2026-07-10 11:00,69.80,60.80,73.13,150.00,6.00,0.00,30.03,M,6.21,M,FEW,M,M,M,2000.00,M,M,M,M,M,M,M,M,M,M,69.80,FALE 101100Z 15006KT 090V200 9999 FEW020 21/16 Q1017 NOSIG,M
FALE,2026-07-10 12:00,69.80,62.60,77.93,180.00,9.00,0.00,30.03,M,6.21,M,SCT,M,M,M,1600.00,M,M,M,M,M,M,M,M,M,M,69.80,FALE 101200Z 18009KT 150V220 9999 SCT016 21/17 Q1017 NOSIG,M
FALE,2026-07-10 13:00,68.00,60.80,77.77,190.00,7.00,0.00,30.03,M,6.21,M,BKN,M,M,M,1700.00,M,M,M,M,M,M,M,M,M,M,68.00,FALE 101300Z 19007KT 170V230 9999 BKN017 20/16 Q1017 NOSIG,M
FALE,2026-07-10 14:00,68.00,60.80,77.77,190.00,5.00,0.00,30.06,M,6.21,M,SCT,BKN,M,M,2200.00,3600.00,M,M,M,M,M,M,M,M,M,68.00,FALE 101400Z 19005KT 9999 SCT022 BKN036 20/16 Q1018 NOSIG,M
FALE,2026-07-10 15:00,68.00,60.80,77.77,200.00,6.00,0.00,30.06,M,6.21,M,FEW,BKN,M,M,3500.00,4100.00,M,M,M,M,M,M,M,M,M,68.00,FALE 101500Z 20006KT 9999 FEW035 BKN041 20/16 Q1018 NOSIG,M
FALE,2026-07-10 16:00,66.20,60.80,82.76,220.00,5.00,0.00,30.09,M,6.21,M,FEW,BKN,M,M,3300.00,4900.00,M,M,M,M,M,M,M,M,M,66.20,FALE 101600Z 22005KT 9999 FEW033 BKN049 19/16 Q1019 NOSIG,M
FALE,2026-07-10 17:00,64.40,60.80,88.10,210.00,5.00,0.00,30.09,M,6.21,M,SCT,M,M,M,2000.00,M,M,M,M,M,M,M,M,M,M,64.40,FALE 101700Z 21005KT 9999 SCT020 18/16 Q1019 NOSIG,M
FALE,2026-07-10 18:00,64.40,60.80,88.10,210.00,6.00,0.00,30.12,M,6.21,M,SCT,M,M,M,2000.00,M,M,M,M,M,M,M,M,M,M,64.40,FALE 101800Z 21006KT 9999 SCT020 18/16 Q1020 NOSIG,M
FALE,2026-07-10 19:00,64.40,60.80,88.10,220.00,4.00,0.00,30.15,M,6.21,M,SCT,BKN,M,M,1900.00,2800.00,M,M,M,M,M,M,M,M,M,64.40,FALE 101900Z 22004KT 190V250 9999 SCT019 BKN028 18/16 Q1021 NOSIG,M
FALE,2026-07-10 20:00,64.40,60.80,88.10,230.00,8.00,0.00,30.15,M,6.21,M,SCT,BKN,FEW,M,2000.00,4000.00,4500.00,M,M,M,M,M,M,M,M,64.40,FALE 102000Z 23008KT 9999 SCT020 BKN040 FEW045CB 18/16 Q1021 NOSIG,M
FALE,2026-07-10 21:00,64.40,60.80,88.10,210.00,7.00,0.00,30.15,M,6.21,M,SCT,BKN,FEW,M,2200.00,3400.00,4500.00,M,M,M,M,M,M,M,M,64.40,FALE 102100Z 21007KT 9999 SCT022 BKN034 FEW045CB 18/16 Q1021 NOSIG,M
FALE,2026-07-10 22:00,64.40,59.00,82.63,210.00,5.00,0.00,30.15,M,6.21,M,SCT,BKN,FEW,M,2300.00,3300.00,4500.00,M,M,M,M,M,M,M,M,64.40,FALE 102200Z 21005KT 9999 SCT023 BKN033 FEW045CB 18/15 Q1021 NOSIG,M
FALE,2026-07-10 23:00,64.40,59.00,82.63,220.00,6.00,0.00,30.15,M,6.21,M,BKN,BKN,M,M,2800.00,4900.00,M,M,M,M,M,M,M,M,M,64.40,FALE 102300Z 22006KT 9999 BKN028 BKN049 18/15 Q1021 NOSIG,M
FALE,2026-07-11 00:00,64.40,57.20,77.46,230.00,6.00,0.00,30.15,M,6.21,M,SCT,BKN,M,M,3500.00,4600.00,M,M,M,M,M,M,M,M,M,64.40,FALE 110000Z 23006KT 9999 SCT035 BKN046 18/14 Q1021 NOSIG,M
FALE,2026-07-11 01:00,64.40,57.20,77.46,240.00,6.00,0.00,30.12,M,6.21,M,FEW,BKN,M,M,2600.00,4900.00,M,M,M,M,M,M,M,M,M,64.40,FALE 110100Z 24006KT 9999 FEW026 BKN049 18/14 Q1020 NOSIG,M
FALE,2026-07-11 02:00,60.80,55.40,82.38,230.00,5.00,0.00,30.12,M,6.21,M,SCT,M,M,M,4900.00,M,M,M,M,M,M,M,M,M,M,60.80,FALE 110200Z 23005KT 9999 SCT049 16/13 Q1020 NOSIG,M
FALE,2026-07-11 03:00,62.60,57.20,82.51,210.00,4.00,0.00,30.12,M,6.21,M,BKN,M,M,M,4900.00,M,M,M,M,M,M,M,M,M,M,62.60,FALE 110300Z 21004KT 9999 BKN049 17/14 Q1020 NOSIG,M
FALE,2026-07-11 04:00,60.80,55.40,82.38,230.00,5.00,0.00,30.12,M,6.21,M,FEW,BKN,M,M,2400.00,4900.00,M,M,M,M,M,M,M,M,M,60.80,FALE 110400Z 23005KT 9999 FEW024 BKN049 16/13 Q1020 NOSIG,M
FALE,2026-07-11 05:00,59.00,55.40,87.84,220.00,4.00,0.00,30.15,M,6.21,M,OVC,M,M,M,2300.00,M,M,M,M,M,M,M,M,M,M,59.00,FALE 110500Z 22004KT 9999 OVC023 15/13 Q1021 NOSIG,M
FALE,2026-07-11 06:00,60.80,57.20,87.93,220.00,3.00,0.00,30.15,M,6.21,M,SCT,M,M,M,2900.00,M,M,M,M,M,M,M,M,M,M,60.80,FALE 110600Z 22003KT 9999 SCT029 16/14 Q1021 NOSIG,M
FALE,2026-07-11 06:09,64.40,57.20,77.46,250.00,6.00,0.00,30.18,M,6.21,M,FEW,M,M,M,4900.00,M,M,M,M,M,M,M,M,M,M,64.40,FALE 110609Z 25006KT 230V290 9999 FEW049 18/14 Q1022 NOSIG,M
FALE,2026-07-11 07:00,64.40,57.20,77.46,270.00,6.00,0.00,30.15,M,6.21,M,M,M,M,M,M,M,M,M,M,M,M,M,M,M,M,64.40,FALE 110700Z 27006KT CAVOK 18/14 Q1021 NOSIG,M
FALE,2026-07-11 07:14,68.00,57.20,68.38,230.00,6.00,0.00,30.15,M,6.21,M,M,M,M,M,M,M,M,M,M,M,M,M,M,M,M,68.00,FALE 110714Z 23006KT 180V260 CAVOK 20/14 Q1021 NOSIG,M
FALE,2026-07-11 08:00,68.00,57.20,68.38,230.00,7.00,0.00,30.15,M,6.21,M,M,M,M,M,M,M,M,M,M,M,M,M,M,M,M,68.00,FALE 110800Z 23007KT CAVOK 20/14 Q1021 NOSIG,M
FALE,2026-07-11 09:00,68.00,59.00,72.95,210.00,7.00,0.00,30.15,M,6.21,M,BKN,M,M,M,2600.00,M,M,M,M,M,M,M,M,M,M,68.00,FALE 110900Z 21007KT 160V250 9999 BKN026 20/15 Q1021 RE// NOSIG,M
FALE,2026-07-11 10:00,66.20,57.20,72.76,200.00,8.00,0.00,30.15,M,6.21,M,FEW,OVC,M,M,2500.00,4900.00,M,M,M,M,M,M,M,M,M,66.20,FALE 111000Z 20008KT 170V230 9999 FEW025 OVC049 19/14 Q1021 NOSIG,M
FALE,2026-07-11 11:00,68.00,55.40,64.07,200.00,7.00,0.00,30.12,M,6.21,M,M,M,M,M,M,M,M,M,M,M,M,M,M,M,M,68.00,FALE 111100Z 20007KT 170V230 CAVOK 20/13 Q1020 NOSIG,M
FALE,2026-07-11 12:00,68.00,57.20,68.38,200.00,9.00,0.00,30.09,M,6.21,M,M,M,M,M,M,M,M,M,M,M,M,M,M,M,M,68.00,FALE 111200Z 20009KT CAVOK 20/14 Q1019 NOSIG,M
FALE,2026-07-11 13:00,66.20,60.80,82.76,200.00,8.00,0.00,30.09,M,6.21,M,SCT,M,M,M,1700.00,M,M,M,M,M,M,M,M,M,M,66.20,FALE 111300Z 20008KT 170V230 9999 SCT017 19/16 Q1019 NOSIG,M
FALE,2026-07-11 14:00,66.20,60.80,82.76,100.00,5.00,0.00,30.12,M,6.21,M,SCT,BKN,M,M,1700.00,3300.00,M,M,M,M,M,M,M,M,M,66.20,FALE 111400Z 10005KT 060V140 9999 SCT017 BKN033 19/16 Q1020 NOSIG,M
FALE,2026-07-11 14:28,64.40,60.80,88.10,80.00,3.00,0.00,30.12,M,4.97,M,FEW,BKN,FEW,M,1600.00,4000.00,M,M,-SHRA,M,M,M,M,M,M,64.40,FALE 111428Z 08003KT 050V120 8000 -SHRA FEW016 BKN040 FEW///CB 18/16 Q1020 RETSRA NOSIG,M
FALE,2026-07-11 14:42,64.40,60.80,88.10,130.00,3.00,0.00,30.12,M,2.49,M,SCT,BKN,M,M,2400.00,2800.00,M,M,-SHRA,M,M,M,M,M,M,64.40,FALE 111442Z 13003KT 040V190 4000 -SHRA SCT024 BKN028 18/16 Q1020 RETS TEMPO 1500 RA,M
FALE,2026-07-11 14:56,62.60,60.80,93.84,M,3.00,0.00,30.12,M,4.35,M,FEW,BKN,M,M,1800.00,3200.00,M,M,-SHRA,M,M,M,M,M,M,62.60,FALE 111456Z VRB03KT 7000 -SHRA FEW018 BKN032 17/16 Q1020 NOSIG,M
FALE,2026-07-11 15:00,62.60,60.80,93.84,M,2.00,0.00,30.12,M,4.35,M,FEW,BKN,M,M,1800.00,3200.00,M,M,-SHRA,M,M,M,M,M,M,62.60,FALE 111500Z VRB02KT 7000 -SHRA FEW018 BKN032 17/16 Q1020 NOSIG,M
FALE,2026-07-11 15:14,62.60,60.80,93.84,0.00,0.00,0.00,30.15,M,2.17,M,FEW,OVC,FEW,M,1700.00,3200.00,M,M,-TSRA,M,M,M,M,M,M,62.60,FALE 111514Z 00000KT 3500 -TSRA FEW017 OVC032 FEW///CB 17/16 Q1021 NOSIG,M
FALE,2026-07-11 15:26,62.60,60.80,93.84,0.00,0.00,0.00,30.15,M,1.86,M,SCT,SCT,OVC,FEW,1000.00,2000.00,3000.00,M,TSRA,M,M,M,M,M,M,62.60,FALE 111526Z 00000KT 3000 TSRA SCT010 SCT020 OVC030 FEW///CB 17/16 Q1021 RETS TEMPO 5000 -RA,M
FALE,2026-07-11 15:54,62.60,60.80,93.84,220.00,6.00,0.00,30.15,M,1.86,M,FEW,OVC,M,M,1800.00,2300.00,M,M,SHRA,M,M,M,M,M,M,62.60,FALE 111554Z 22006KT 3000 SHRA FEW018 OVC023 17/16 Q1021 RETS TEMPO 5000 -RA,M
FALE,2026-07-11 16:00,62.60,60.80,93.84,220.00,6.00,0.00,30.15,M,1.86,M,FEW,OVC,M,M,1800.00,2300.00,M,M,SHRA,M,M,M,M,M,M,62.60,FALE 111600Z 22006KT 3000 SHRA FEW018 OVC023 17/16 Q1021 RETS TEMPO 5000 -RA,M
FALE,2026-07-11 16:12,62.60,60.80,93.84,M,1.00,0.00,30.15,M,5.59,M,SCT,OVC,M,M,2300.00,2600.00,M,M,-RA,M,M,M,M,M,M,62.60,FALE 111612Z VRB01KT 9000 -RA SCT023 OVC026 17/16 Q1021 RERA NOSIG,M
FALE,2026-07-11 17:00,60.80,60.80,100.00,230.00,4.00,0.00,30.18,M,6.21,M,FEW,M,M,M,3000.00,M,M,M,M,M,M,M,M,M,M,60.80,FALE 111700Z 23004KT 9999 FEW030 16/16 Q1022 NOSIG,M
FALE,2026-07-11 18:00,60.80,59.00,93.79,150.00,5.00,0.00,30.21,M,6.21,M,FEW,BKN,M,M,1200.00,1800.00,M,M,M,M,M,M,M,M,M,60.80,FALE 111800Z 15005KT 100V190 9999 FEW012 BKN018 16/15 Q1023 NOSIG,M
FALE,2026-07-11 19:00,62.60,59.00,88.01,0.00,0.00,0.00,30.21,M,6.21,M,FEW,BKN,OVC,M,1200.00,3000.00,4000.00,M,M,M,M,M,M,M,M,62.60,FALE 111900Z 00000KT 9999 FEW012 BKN030 OVC040 17/15 Q1023 NOSIG,M
FALE,2026-07-11 20:00,60.80,59.00,93.79,M,2.00,0.00,30.21,M,5.59,M,SCT,BKN,OVC,M,1600.00,2500.00,3500.00,M,-RA,M,M,M,M,M,M,60.80,FALE 112000Z VRB02KT 9000 -RA SCT016 BKN025 OVC035 16/15 Q1023 NOSIG,M
FALE,2026-07-11 21:00,60.80,60.80,100.00,220.00,6.00,0.00,30.21,M,6.21,M,FEW,OVC,M,M,1500.00,2500.00,M,M,M,M,M,M,M,M,M,60.80,FALE 112100Z 22006KT 9999 FEW015 OVC025 16/16 Q1023 NOSIG,M
FALE,2026-07-11 21:36,60.80,59.00,93.79,160.00,4.00,0.00,30.21,M,6.21,M,FEW,BKN,OVC,M,700.00,1400.00,4500.00,M,-RA,M,M,M,M,M,M,60.80,FALE 112136Z 16004KT 120V200 9999 -RA FEW007 BKN014 OVC045 16/15 Q1023 NOSIG,M
FALE,2026-07-11 21:45,60.80,59.00,93.79,140.00,3.00,0.00,30.21,M,6.21,M,SCT,BKN,OVC,M,600.00,3000.00,4500.00,M,-RA,M,M,M,M,M,M,60.80,FALE 112145Z 14003KT 110V180 9999 -RA SCT006 BKN030 OVC045 16/15 Q1023 NOSIG,M
FALE,2026-07-11 22:00,60.80,59.00,93.79,140.00,3.00,0.00,30.21,M,6.21,M,SCT,SCT,OVC,M,600.00,1500.00,4500.00,M,-RA,M,M,M,M,M,M,60.80,FALE 112200Z 14003KT 9999 -RA SCT006 SCT015 OVC045 16/15 Q1023 NOSIG,M
FALE,2026-07-11 23:00,59.00,59.00,100.00,M,2.00,0.00,30.21,M,6.21,M,OVC,M,M,M,4900.00,M,M,M,M,M,M,M,M,M,M,59.00,FALE 112300Z VRB02KT 9999 OVC049 15/15 Q1023 NOSIG,M
FALE,2026-07-12 00:00,59.00,59.00,100.00,300.00,3.00,0.00,30.21,M,6.21,M,M,M,M,M,M,M,M,M,M,M,M,M,M,M,M,59.00,FALE 120000Z 30003KT CAVOK 15/15 Q1023 NOSIG,M
FALE,2026-07-12 01:00,59.00,57.20,93.74,250.00,3.00,0.00,30.18,M,6.21,M,M,M,M,M,M,M,M,M,M,M,M,M,M,M,M,59.00,FALE 120100Z 25003KT CAVOK 15/14 Q1022 NOSIG,M
FALE,2026-07-12 02:00,57.20,55.40,93.70,220.00,4.00,0.00,30.18,M,6.21,M,M,M,M,M,M,M,M,M,M,M,M,M,M,M,M,57.20,FALE 120200Z 22004KT CAVOK 14/13 Q1022 NOSIG,M
FALE,2026-07-12 03:00,57.20,55.40,93.70,190.00,6.00,0.00,30.18,M,6.21,M,M,M,M,M,M,M,M,M,M,M,M,M,M,M,M,57.20,FALE 120300Z 19006KT CAVOK 14/13 Q1022 NOSIG,M
FALE,2026-07-12 04:00,57.20,55.40,93.70,210.00,5.00,0.00,30.21,M,6.21,M,SCT,M,M,M,4500.00,M,M,M,M,M,M,M,M,M,M,57.20,FALE 120400Z 21005KT 9999 SCT045 14/13 Q1023 NOSIG,M
FALE,2026-07-12 05:00,53.60,53.60,100.00,0.00,0.00,0.00,30.24,M,6.21,M,SCT,M,M,M,4500.00,M,M,M,M,M,M,M,M,M,M,53.60,FALE 120500Z 00000KT 9999 SCT045 12/12 Q1024 NOSIG,M
FALE,2026-07-12 05:52,57.20,55.40,93.70,220.00,4.00,0.00,30.24,M,4.35,M,NSC,M,M,M,M,M,M,M,M,M,M,M,M,M,M,57.20,FALE 120552Z 22004KT 7000 NSC 14/13 Q1024 NOSIG,M
FALE,2026-07-12 06:00,57.20,55.40,93.70,220.00,4.00,0.00,30.24,M,4.35,M,NSC,M,M,M,M,M,M,M,M,M,M,M,M,M,M,57.20,FALE 120600Z 22004KT 7000 NSC 14/13 Q1024 NOSIG,M
FALE,2026-07-12 06:31,60.80,57.20,87.93,240.00,4.00,0.00,30.24,M,6.21,M,FEW,M,M,M,4300.00,M,M,M,M,M,M,M,M,M,M,60.80,FALE 120631Z 24004KT 9999 FEW043 16/14 Q1024 NOSIG,M
FALE,2026-07-12 07:00,60.80,57.20,87.93,240.00,4.00,0.00,30.24,M,6.21,M,FEW,M,M,M,2800.00,M,M,M,M,M,M,M,M,M,M,60.80,FALE 120700Z 24004KT 9999 FEW028 16/14 Q1024 NOSIG,M
FALE,2026-07-12 07:18,64.40,57.20,77.46,240.00,5.00,0.00,30.24,M,6.21,M,M,M,M,M,M,M,M,M,M,M,M,M,M,M,M,64.40,FALE 120718Z 24005KT CAVOK 18/14 Q1024 NOSIG,M
FALE,2026-07-12 08:00,64.40,57.20,77.46,240.00,5.00,0.00,30.24,M,6.21,M,M,M,M,M,M,M,M,M,M,M,M,M,M,M,M,64.40,FALE 120800Z 24005KT 200V280 CAVOK 18/14 Q1024 NOSIG,M
FALE,2026-07-12 09:00,66.20,55.40,68.18,M,3.00,0.00,30.24,M,6.21,M,FEW,M,M,M,2100.00,M,M,M,M,M,M,M,M,M,M,66.20,FALE 120900Z VRB03KT 9999 FEW021 19/13 Q1024 NOSIG,M
FALE,2026-07-12 10:00,68.00,55.40,64.07,200.00,3.00,0.00,30.24,M,6.21,M,FEW,M,M,M,3000.00,M,M,M,M,M,M,M,M,M,M,68.00,FALE 121000Z 20003KT 140V270 9999 FEW030 20/13 Q1024 NOSIG,M
FALE,2026-07-12 11:00,68.00,55.40,64.07,180.00,6.00,0.00,30.21,M,6.21,M,FEW,SCT,M,M,3000.00,4000.00,M,M,M,M,M,M,M,M,M,68.00,FALE 121100Z 18006KT 120V210 9999 FEW030 SCT040TCU 20/13 Q1023 NOSIG,M
FALE,2026-07-12 12:00,68.00,57.20,68.38,160.00,6.00,0.00,30.18,M,6.21,M,FEW,SCT,M,M,3000.00,4000.00,M,M,M,M,M,M,M,M,M,68.00,FALE 121200Z 16006KT 120V200 9999 FEW030 SCT040TCU 20/14 Q1022 NOSIG,M
FALE,2026-07-12 13:00,64.40,59.00,82.63,100.00,6.00,0.00,30.18,M,6.21,M,SCT,FEW,M,M,1700.00,4000.00,M,M,M,M,M,M,M,M,M,64.40,FALE 121300Z 10006KT 060V130 9999 SCT017 FEW040TCU 18/15 Q1022 NOSIG,M
FALE,2026-07-12 14:00,64.40,59.00,82.63,60.00,6.00,0.00,30.21,M,6.21,M,SCT,BKN,M,M,1500.00,4600.00,M,M,M,M,M,M,M,M,M,64.40,FALE 121400Z 06006KT 9999 SCT015 BKN046 18/15 Q1023 NOSIG,M
FALE,2026-07-12 15:00,62.60,57.20,82.51,50.00,6.00,0.00,30.21,M,6.21,M,FEW,SCT,M,M,3000.00,4600.00,M,M,M,M,M,M,M,M,M,62.60,FALE 121500Z 05006KT 9999 FEW030TCU SCT046 17/14 Q1023 NOSIG,M
FALE,2026-07-12 16:00,59.00,57.20,93.74,80.00,3.00,0.00,30.21,M,6.21,M,FEW,SCT,M,M,3000.00,4600.00,M,M,M,M,M,M,M,M,M,59.00,FALE 121600Z 08003KT 9999 FEW030TCU SCT046 15/14 Q1023 NOSIG,M
FALE,2026-07-12 17:00,57.20,55.40,93.70,0.00,0.00,0.00,30.21,M,6.21,M,FEW,M,M,M,2500.00,M,M,M,M,M,M,M,M,M,M,57.20,FALE 121700Z 00000KT 9999 FEW025 14/13 Q1023 NOSIG,M
FALE,2026-07-12 17:18,60.80,59.00,93.79,M,1.00,0.00,30.24,M,6.21,M,FEW,M,M,M,2500.00,M,M,M,M,M,M,M,M,M,M,60.80,FALE 121718Z VRB01KT 9999 FEW025 16/15 Q1024 NOSIG,M
FALE,2026-07-12 18:00,57.20,55.40,93.70,210.00,2.00,0.00,30.24,M,6.21,M,FEW,M,M,M,2500.00,M,M,M,M,M,M,M,M,M,M,57.20,FALE 121800Z 21002KT 9999 FEW025 14/13 Q1024 NOSIG,M
FALE,2026-07-12 19:00,55.40,53.60,93.65,0.00,0.00,0.00,30.24,M,6.21,M,M,M,M,M,M,M,M,M,M,M,M,M,M,M,M,55.40,FALE 121900Z 00000KT CAVOK 13/12 Q1024 NOSIG,M
FALE,2026-07-12 20:00,53.60,53.60,100.00,M,1.00,0.00,30.24,M,6.21,M,M,M,M,M,M,M,M,M,M,M,M,M,M,M,M,53.60,FALE 122000Z VRB01KT CAVOK 12/12 Q1024 NOSIG,M
FALE,2026-07-12 21:00,51.80,51.80,100.00,M,1.00,0.00,30.24,M,3.73,M,FEW,M,M,M,300.00,M,M,M,M,M,M,M,M,M,M,51.80,FALE 122100Z VRB01KT 6000 FEW003 11/11 Q1024 NOSIG,M
FALE,2026-07-12 22:00,53.60,53.60,100.00,M,1.00,0.00,30.24,M,4.97,M,NSC,M,M,M,M,M,M,M,M,M,M,M,M,M,M,53.60,FALE 122200Z VRB01KT 8000 NSC 12/12 Q1024 NOSIG,M
FALE,2026-07-12 23:00,51.80,51.80,100.00,M,2.00,0.00,30.24,M,6.21,M,M,M,M,M,M,M,M,M,M,M,M,M,M,M,M,51.80,FALE 122300Z VRB02KT CAVOK 11/11 Q1024 NOSIG,M
FALE,2026-07-13 00:00,51.80,50.00,93.55,220.00,2.00,0.00,30.21,M,6.21,M,M,M,M,M,M,M,M,M,M,M,M,M,M,M,M,51.80,FALE 130000Z 22002KT CAVOK 11/10 Q1023 NOSIG,M
FALE,2026-07-13 00:22,55.40,51.80,87.65,220.00,3.00,0.00,30.21,M,6.21,M,M,M,M,M,M,M,M,M,M,M,M,M,M,M,M,55.40,FALE 130022Z 22003KT CAVOK 13/11 Q1023 NOSIG,M
FALE,2026-07-13 01:00,51.80,50.00,93.55,M,2.00,0.00,30.21,M,6.21,M,M,M,M,M,M,M,M,M,M,M,M,M,M,M,M,51.80,FALE 130100Z VRB02KT CAVOK 11/10 Q1023 NOSIG,M
FALE,2026-07-13 02:00,48.20,48.20,100.00,0.00,0.00,0.00,30.21,M,6.21,M,M,M,M,M,M,M,M,M,M,M,M,M,M,M,M,48.20,FALE 130200Z 00000KT CAVOK 09/09 Q1023 NOSIG,M
FALE,2026-07-13 02:16,51.80,50.00,93.55,M,2.00,0.00,30.21,M,6.21,M,M,M,M,M,M,M,M,M,M,M,M,M,M,M,M,51.80,FALE 130216Z VRB02KT CAVOK 11/10 Q1023 NOSIG,M
FALE,2026-07-13 03:00,48.20,48.20,100.00,M,2.00,0.00,30.21,M,6.21,M,M,M,M,M,M,M,M,M,M,M,M,M,M,M,M,48.20,FALE 130300Z VRB02KT CAVOK 09/09 Q1023 NOSIG,M
FALE,2026-07-13 03:44,51.80,50.00,93.55,0.00,0.00,0.00,30.21,M,6.21,M,FEW,M,M,M,2800.00,M,M,M,M,M,M,M,M,M,M,51.80,FALE 130344Z 00000KT 9999 FEW028 11/10 Q1023 NOSIG,M
FALE,2026-07-13 04:00,50.00,50.00,100.00,0.00,0.00,0.00,30.21,M,6.21,M,M,M,M,M,M,M,M,M,M,M,M,M,M,M,M,50.00,FALE 130400Z 00000KT CAVOK 10/10 Q1023 NOSIG,M
FALE,2026-07-13 05:00,51.80,51.80,100.00,0.00,0.00,0.00,30.24,M,6.21,M,FEW,M,M,M,2700.00,M,M,M,M,M,M,M,M,M,M,51.80,FALE 130500Z 00000KT 9999 FEW027 11/11 Q1024 NOSIG,M
FALE,2026-07-13 06:00,55.40,53.60,93.65,0.00,0.00,0.00,30.24,M,6.21,M,M,M,M,M,M,M,M,M,M,M,M,M,M,M,M,55.40,FALE 130600Z 00000KT CAVOK 13/12 Q1024 NOSIG,M
FALE,2026-07-13 07:00,59.00,55.40,87.84,0.00,0.00,0.00,30.24,M,6.21,M,M,M,M,M,M,M,M,M,M,M,M,M,M,M,M,59.00,FALE 130700Z 00000KT CAVOK 15/13 Q1024 RETS NOSIG,M
FALE,2026-07-13 07:18,62.60,55.40,77.31,M,2.00,0.00,30.27,M,6.21,M,M,M,M,M,M,M,M,M,M,M,M,M,M,M,M,62.60,FALE 130718Z VRB02KT CAVOK 17/13 Q1025 NOSIG,M
FALE,2026-07-13 08:00,64.40,55.40,72.58,M,2.00,0.00,30.27,M,6.21,M,FEW,M,M,M,3500.00,M,M,M,M,M,M,M,M,M,M,64.40,FALE 130800Z VRB02KT 9999 FEW035 18/13 Q1025 NOSIG,M
FALE,2026-07-13 09:00,66.20,57.20,72.76,60.00,6.00,0.00,30.24,M,6.21,M,FEW,BKN,M,M,2100.00,2900.00,M,M,M,M,M,M,M,M,M,66.20,FALE 130900Z 06006KT 020V100 9999 FEW021 BKN029 19/14 Q1024 NOSIG,M
FALE,2026-07-13 10:00,68.00,59.00,72.95,70.00,8.00,0.00,30.24,M,6.21,M,SCT,M,M,M,2500.00,M,M,M,M,M,M,M,M,M,M,68.00,FALE 131000Z 07008KT 040V100 9999 SCT025 20/15 Q1024 NOSIG,M
FALE,2026-07-13 11:00,68.00,59.00,72.95,70.00,7.00,0.00,30.21,M,6.21,M,FEW,M,M,M,2300.00,M,M,M,M,M,M,M,M,M,M,68.00,FALE 131100Z 07007KT 040V110 9999 FEW023 20/15 Q1023 NOSIG,M
FALE,2026-07-13 12:00,68.00,60.80,77.77,100.00,6.00,0.00,30.18,M,6.21,M,FEW,M,M,M,2000.00,M,M,M,M,M,M,M,M,M,M,68.00,FALE 131200Z 10006KT 070V140 9999 FEW020 20/16 Q1022 NOSIG,M
FALE,2026-07-13 13:00,68.00,59.00,72.95,70.00,7.00,0.00,30.18,M,6.21,M,FEW,M,M,M,2000.00,M,M,M,M,M,M,M,M,M,M,68.00,FALE 131300Z 07007KT 040V100 9999 FEW020 20/15 Q1022 NOSIG,M
FALE,2026-07-13 14:00,68.00,59.00,72.95,60.00,6.00,0.00,30.15,M,6.21,M,FEW,M,M,M,1800.00,M,M,M,M,M,M,M,M,M,M,68.00,FALE 131400Z 06006KT 9999 FEW018 20/15 Q1021 NOSIG,M
FALE,2026-07-13 15:00,64.40,59.00,82.63,70.00,3.00,0.00,30.18,M,6.21,M,FEW,M,M,M,1800.00,M,M,M,M,M,M,M,M,M,M,64.40,FALE 131500Z 07003KT 9999 FEW018 18/15 Q1022 NOSIG,M
FALE,2026-07-13 16:00,59.00,55.40,87.84,80.00,2.00,0.00,30.18,M,6.21,M,M,M,M,M,M,M,M,M,M,M,M,M,M,M,M,59.00,FALE 131600Z 08002KT CAVOK 15/13 Q1022 NOSIG,M
FALE,2026-07-13 17:00,55.40,55.40,100.00,M,1.00,0.00,30.21,M,6.21,M,FEW,M,M,M,3600.00,M,M,M,M,M,M,M,M,M,M,55.40,FALE 131700Z VRB01KT 9999 FEW036 13/13 Q1023 NOSIG,M
FALE,2026-07-13 17:01,59.00,57.20,93.74,M,1.00,0.00,30.21,M,6.21,M,FEW,M,M,M,3600.00,M,M,M,M,M,M,M,M,M,M,59.00,FALE 131701Z VRB01KT 9999 FEW036 15/14 Q1023 NOSIG,M
FALE,2026-07-13 18:00,55.40,53.60,93.65,0.00,0.00,0.00,30.21,M,5.59,M,NSC,M,M,M,M,M,M,M,M,M,M,M,M,M,M,55.40,FALE 131800Z 00000KT 9000 NSC 13/12 Q1023 NOSIG,M
FALE,2026-07-13 19:00,55.40,53.60,93.65,0.00,0.00,0.00,30.21,M,5.59,M,BKN,M,M,M,2500.00,M,M,M,M,M,M,M,M,M,M,55.40,FALE 131900Z 00000KT 9000 BKN025 13/12 Q1023 NOSIG,M
FALE,2026-07-13 20:00,55.40,53.60,93.65,0.00,0.00,0.00,30.21,M,5.59,M,FEW,M,M,M,2900.00,M,M,M,M,M,M,M,M,M,M,55.40,FALE 132000Z 00000KT 9000 FEW029 13/12 Q1023 NOSIG,M
FALE,2026-07-13 21:00,57.20,57.20,100.00,0.00,0.00,0.00,30.21,M,5.59,M,SCT,M,M,M,2600.00,M,M,M,M,M,M,M,M,M,M,57.20,FALE 132100Z 00000KT 9000 SCT026 14/14 Q1023 NOSIG,M
FALE,2026-07-13 22:00,53.60,53.60,100.00,0.00,0.00,0.00,30.21,M,5.59,M,FEW,M,M,M,2500.00,M,M,M,M,M,M,M,M,M,M,53.60,FALE 132200Z 00000KT 9000 FEW025 12/12 Q1023 NOSIG,M
FALE,2026-07-13 23:00,53.60,53.60,100.00,0.00,0.00,0.00,30.18,M,4.97,M,NSC,M,M,M,M,M,M,M,M,M,M,M,M,M,M,53.60,FALE 132300Z 00000KT 8000 NSC 12/12 Q1022 NOSIG,M
FALE,2026-07-14 00:00,53.60,51.80,93.60,220.00,2.00,0.00,30.18,M,4.97,M,NSC,M,M,M,M,M,M,M,M,M,M,M,M,M,M,53.60,FALE 140000Z 22002KT 8000 NSC 12/11 Q1022 NOSIG,M
FALE,2026-07-14 01:00,53.60,53.60,100.00,210.00,2.00,0.00,30.18,M,5.59,M,NSC,M,M,M,M,M,M,M,M,M,M,M,M,M,M,53.60,FALE 140100Z 21002KT 9000 NSC 12/12 Q1022 NOSIG,M
FALE,2026-07-14 02:00,50.00,50.00,100.00,220.00,2.00,0.00,30.15,M,4.97,M,NSC,M,M,M,M,M,M,M,M,M,M,M,M,M,M,50.00,FALE 140200Z 22002KT 8000 NSC 10/10 Q1021 NOSIG,M
FALE,2026-07-14 03:00,48.20,46.40,93.45,0.00,0.00,0.00,30.15,M,4.97,M,NSC,M,M,M,M,M,M,M,M,M,M,M,M,M,M,48.20,FALE 140300Z 00000KT 8000 NSC 09/08 Q1021 NOSIG,M
FALE,2026-07-14 04:00,50.00,48.20,93.50,230.00,2.00,0.00,30.15,M,4.97,M,NSC,M,M,M,M,M,M,M,M,M,M,M,M,M,M,50.00,FALE 140400Z 23002KT 8000 NSC 10/09 Q1021 NOSIG,M
FALE,2026-07-14 04:31,51.80,51.80,100.00,210.00,3.00,0.00,30.18,M,6.21,M,M,M,M,M,M,M,M,M,M,M,M,M,M,M,M,51.80,FALE 140431Z 21003KT CAVOK 11/11 Q1022 NOSIG,M
FALE,2026-07-14 05:00,48.20,48.20,100.00,M,2.00,0.00,30.18,M,6.21,M,M,M,M,M,M,M,M,M,M,M,M,M,M,M,M,48.20,FALE 140500Z VRB02KT CAVOK 09/09 Q1022 NOSIG,M
FALE,2026-07-14 05:07,53.60,51.80,93.60,240.00,2.00,0.00,30.18,M,6.21,M,M,M,M,M,M,M,M,M,M,M,M,M,M,M,M,53.60,FALE 140507Z 24002KT CAVOK 12/11 Q1022 NOSIG,M
FALE,2026-07-14 05:52,55.40,53.60,93.65,220.00,2.00,0.00,30.18,M,6.21,M,M,M,M,M,M,M,M,M,M,M,M,M,M,M,M,55.40,FALE 140552Z 22002KT CAVOK 13/12 Q1022 NOSIG,M
FALE,2026-07-14 06:00,55.40,53.60,93.65,220.00,2.00,0.00,30.18,M,6.21,M,M,M,M,M,M,M,M,M,M,M,M,M,M,M,M,55.40,FALE 140600Z 22002KT CAVOK 13/12 Q1022 NOSIG,M
FALE,2026-07-14 06:07,57.20,53.60,87.75,210.00,3.00,0.00,30.18,M,6.21,M,M,M,M,M,M,M,M,M,M,M,M,M,M,M,M,57.20,FALE 140607Z 21003KT CAVOK 14/12 Q1022 NOSIG,M
FALE,2026-07-14 06:46,60.80,55.40,82.38,240.00,3.00,0.00,30.21,M,6.21,M,M,M,M,M,M,M,M,M,M,M,M,M,M,M,M,60.80,FALE 140646Z 24003KT CAVOK 16/13 Q1023 NOSIG,M
FALE,2026-07-14 07:00,60.80,55.40,82.38,250.00,3.00,0.00,30.21,M,6.21,M,M,M,M,M,M,M,M,M,M,M,M,M,M,M,M,60.80,FALE 140700Z 25003KT 220V280 CAVOK 16/13 Q1023 NOSIG,M
FALE,2026-07-14 07:26,64.40,55.40,72.58,250.00,4.00,0.00,30.21,M,6.21,M,M,M,M,M,M,M,M,M,M,M,M,M,M,M,M,64.40,FALE 140726Z 25004KT CAVOK 18/13 Q1023 NOSIG,M
FALE,2026-07-14 07:59,68.00,55.40,64.07,M,1.00,0.00,30.21,M,6.21,M,M,M,M,M,M,M,M,M,M,M,M,M,M,M,M,68.00,FALE 140759Z VRB01KT CAVOK 20/13 Q1023 NOSIG,M
FALE,2026-07-14 08:00,68.00,55.40,64.07,M,1.00,0.00,30.21,M,6.21,M,M,M,M,M,M,M,M,M,M,M,M,M,M,M,M,68.00,FALE 140800Z VRB01KT CAVOK 20/13 Q1023 NOSIG,M
FALE,2026-07-14 08:29,69.80,55.40,60.24,70.00,3.00,0.00,30.21,M,6.21,M,M,M,M,M,M,M,M,M,M,M,M,M,M,M,M,69.80,FALE 140829Z 07003KT 010V140 CAVOK 21/13 Q1023 NOSIG,M
FALE,2026-07-14 09:00,69.80,57.20,64.30,60.00,3.00,0.00,30.18,M,6.21,M,M,M,M,M,M,M,M,M,M,M,M,M,M,M,M,69.80,FALE 140900Z 06003KT 360V150 CAVOK 21/14 Q1022 NOSIG,M
FALE,2026-07-14 10:00,71.60,57.20,60.48,80.00,4.00,0.00,30.15,M,6.21,M,M,M,M,M,M,M,M,M,M,M,M,M,M,M,M,71.60,FALE 141000Z 08004KT 040V130 CAVOK 22/14 Q1021 NOSIG,M
FALE,2026-07-14 11:00,69.80,59.00,68.59,70.00,8.00,0.00,30.15,M,6.21,M,M,M,M,M,M,M,M,M,M,M,M,M,M,M,M,69.80,FALE 141100Z 07008KT 040V110 CAVOK 21/15 Q1021 NOSIG,M
FALE,2026-07-14 12:00,69.80,55.40,60.24,60.00,10.00,0.00,30.12,M,6.21,M,M,M,M,M,M,M,M,M,M,M,M,M,M,M,M,69.80,FALE 141200Z 06010KT CAVOK 21/13 Q1020 NOSIG,M
FALE,2026-07-14 13:00,71.60,57.20,60.48,70.00,8.00,0.00,30.09,M,6.21,M,M,M,M,M,M,M,M,M,M,M,M,M,M,M,M,71.60,FALE 141300Z 07008KT 030V110 CAVOK 22/14 Q1019 NOSIG,M
FALE,2026-07-14 14:00,69.80,60.80,73.13,60.00,10.00,0.00,30.12,M,6.21,M,M,M,M,M,M,M,M,M,M,M,M,M,M,M,M,69.80,FALE 141400Z 06010KT 040V100 CAVOK 21/16 Q1020 NOSIG,M
FALE,2026-07-14 15:00,68.00,60.80,77.77,50.00,7.00,0.00,30.12,M,6.21,M,M,M,M,M,M,M,M,M,M,M,M,M,M,M,M,68.00,FALE 141500Z 05007KT CAVOK 20/16 Q1020 NOSIG,M
FALE,2026-07-14 16:00,62.60,59.00,88.01,40.00,5.00,0.00,30.12,M,6.21,M,M,M,M,M,M,M,M,M,M,M,M,M,M,M,M,62.60,FALE 141600Z 04005KT CAVOK 17/15 Q1020 NOSIG,M
FALE,2026-07-14 17:00,62.60,59.00,88.01,40.00,4.00,0.00,30.12,M,6.21,M,M,M,M,M,M,M,M,M,M,M,M,M,M,M,M,62.60,FALE 141700Z 04004KT 360V070 CAVOK 17/15 Q1020 NOSIG,M
FALE,2026-07-14 18:00,59.00,57.20,93.74,M,2.00,0.00,30.15,M,6.21,M,M,M,M,M,M,M,M,M,M,M,M,M,M,M,M,59.00,FALE 141800Z VRB02KT CAVOK 15/14 Q1021 NOSIG,M
FALE,2026-07-14 19:00,60.80,59.00,93.79,40.00,3.00,0.00,30.18,M,6.21,M,M,M,M,M,M,M,M,M,M,M,M,M,M,M,M,60.80,FALE 141900Z 04003KT CAVOK 16/15 Q1022 NOSIG,M
FALE,2026-07-14 20:00,57.20,57.20,100.00,10.00,3.00,0.00,30.18,M,5.59,M,NSC,M,M,M,M,M,M,M,M,M,M,M,M,M,M,57.20,FALE 142000Z 01003KT 9000 NSC 14/14 Q1022 NOSIG,M
FALE,2026-07-14 21:00,53.60,51.80,93.60,0.00,0.00,0.00,30.18,M,5.59,M,NSC,M,M,M,M,M,M,M,M,M,M,M,M,M,M,53.60,FALE 142100Z 00000KT 9000 NSC 12/11 Q1022 NOSIG,M
FALE,2026-07-14 22:00,51.80,51.80,100.00,0.00,0.00,0.00,30.18,M,5.59,M,NSC,M,M,M,M,M,M,M,M,M,M,M,M,M,M,51.80,FALE 142200Z 00000KT 9000 NSC 11/11 Q1022 NOSIG,M
FALE,2026-07-14 23:00,53.60,53.60,100.00,0.00,0.00,0.00,30.15,M,5.59,M,NSC,M,M,M,M,M,M,M,M,M,M,M,M,M,M,53.60,FALE 142300Z 00000KT 9000 NSC 12/12 Q1021 NOSIG,M
FALE,2026-07-15 00:00,53.60,53.60,100.00,M,1.00,0.00,30.15,M,4.97,M,NSC,M,M,M,M,M,M,M,M,M,M,M,M,M,M,53.60,FALE 150000Z VRB01KT 8000 NSC 12/12 Q1021 NOSIG,M
FALE,2026-07-15 01:00,50.00,50.00,100.00,0.00,0.00,0.00,30.12,M,5.59,M,NSC,M,M,M,M,M,M,M,M,M,M,M,M,M,M,50.00,FALE 150100Z 00000KT 9000 NSC 10/10 Q1020 NOSIG,M
FALE,2026-07-15 02:00,51.80,51.80,100.00,210.00,2.00,0.00,30.12,M,5.59,M,NSC,M,M,M,M,M,M,M,M,M,M,M,M,M,M,51.80,FALE 150200Z 21002KT 9000 NSC 11/11 Q1020 NOSIG,M
FALE,2026-07-15 03:00,51.80,51.80,100.00,220.00,2.00,0.00,30.12,M,5.59,M,NSC,M,M,M,M,M,M,M,M,M,M,M,M,M,M,51.80,COR FALE 150300Z 22002KT 9000 NSC 11/11 Q1020 NOSIG,M
FALE,2026-07-15 04:00,50.00,48.20,93.50,210.00,2.00,0.00,30.12,M,6.21,M,M,M,M,M,M,M,M,M,M,M,M,M,M,M,M,50.00,FALE 150400Z 21002KT CAVOK 10/09 Q1020 NOSIG,M
FALE,2026-07-15 05:00,50.00,48.20,93.50,210.00,3.00,0.00,30.15,M,6.21,M,M,M,M,M,M,M,M,M,M,M,M,M,M,M,M,50.00,FALE 150500Z 21003KT CAVOK 10/09 Q1021 NOSIG,M
FALE,2026-07-15 05:27,53.60,51.80,93.60,220.00,3.00,0.00,30.15,M,6.21,M,M,M,M,M,M,M,M,M,M,M,M,M,M,M,M,53.60,FALE 150527Z 22003KT CAVOK 12/11 Q1021 NOSIG,M
FALE,2026-07-15 06:00,55.40,53.60,93.65,220.00,2.00,0.00,30.15,M,6.21,M,M,M,M,M,M,M,M,M,M,M,M,M,M,M,M,55.40,FALE 150600Z 22002KT CAVOK 13/12 Q1021 NOSIG,M
FALE,2026-07-15 06:15,59.00,55.40,87.84,0.00,0.00,0.00,30.15,M,6.21,M,M,M,M,M,M,M,M,M,M,M,M,M,M,M,M,59.00,FALE 150615Z 00000KT CAVOK 15/13 Q1021 NOSIG,M
FALE,2026-07-15 07:00,60.80,55.40,82.38,M,1.00,0.00,30.18,M,6.21,M,M,M,M,M,M,M,M,M,M,M,M,M,M,M,M,60.80,FALE 150700Z VRB01KT CAVOK 16/13 Q1022 NOSIG,M
FALE,2026-07-15 07:23,64.40,57.20,77.46,M,1.00,0.00,30.18,M,6.21,M,M,M,M,M,M,M,M,M,M,M,M,M,M,M,M,64.40,FALE 150723Z VRB01KT CAVOK 18/14 Q1022 NOSIG,M
FALE,2026-07-15 07:48,66.20,55.40,68.18,M,2.00,0.00,30.18,M,6.21,M,M,M,M,M,M,M,M,M,M,M,M,M,M,M,M,66.20,FALE 150748Z VRB02KT CAVOK 19/13 Q1022 NOSIG,M
FALE,2026-07-15 08:00,68.00,57.20,68.38,M,2.00,0.00,30.18,M,6.21,M,M,M,M,M,M,M,M,M,M,M,M,M,M,M,M,68.00,FALE 150800Z VRB02KT CAVOK 20/14 Q1022 NOSIG,M
FALE,2026-07-15 09:00,71.60,51.80,49.67,180.00,5.00,0.00,30.18,M,6.21,M,M,M,M,M,M,M,M,M,M,M,M,M,M,M,M,71.60,FALE 150900Z 18005KT 130V210 CAVOK 22/11 Q1022 NOSIG,M
FALE,2026-07-15 10:00,71.60,53.60,53.07,160.00,5.00,0.00,30.18,M,6.21,M,M,M,M,M,M,M,M,M,M,M,M,M,M,M,M,71.60,FALE 151000Z 16005KT 100V200 CAVOK 22/12 Q1022 NOSIG,M
FALE,2026-07-15 11:00,71.60,57.20,60.48,140.00,6.00,0.00,30.15,M,5.59,M,NSC,M,M,M,M,M,M,M,M,M,M,M,M,M,M,71.60,FALE 151100Z 14006KT 100V190 9000 NSC 22/14 Q1021 NOSIG,M
FALE,2026-07-15 12:00,71.60,55.40,56.67,160.00,6.00,0.00,30.15,M,5.59,M,NSC,M,M,M,M,M,M,M,M,M,M,M,M,M,M,71.60,FALE 151200Z 16006KT 140V200 9000 NSC 22/13 Q1021 NOSIG,M
FALE,2026-07-15 13:00,71.60,59.00,64.52,180.00,7.00,0.00,30.15,M,5.59,M,NSC,M,M,M,M,M,M,M,M,M,M,M,M,M,M,71.60,FALE 151300Z 18007KT 150V210 9000 NSC 22/15 Q1021 NOSIG,M
FALE,2026-07-15 13:18,71.60,60.80,68.79,170.00,6.00,0.00,30.15,M,4.97,M,FEW,SCT,M,M,1300.00,2000.00,M,M,M,M,M,M,M,M,M,71.60,FALE 151318Z 17006KT 120V210 8000 FEW013 SCT020 22/16 Q1021 NOSIG,M
FALE,2026-07-15 14:00,69.80,62.60,77.93,160.00,4.00,0.00,30.15,M,5.59,M,FEW,SCT,BKN,M,1200.00,1600.00,2100.00,M,M,M,M,M,M,M,M,69.80,FALE 151400Z 16004KT 110V210 9000 FEW012 SCT016 BKN021 21/17 Q1021 NOSIG,M
FALE,2026-07-15 15:00,66.20,60.80,82.76,0.00,0.00,0.00,30.18,M,5.59,M,BKN,M,M,M,1800.00,M,M,M,M,M,M,M,M,M,M,66.20,FALE 151500Z 00000KT 9000 BKN018 19/16 Q1022 NOSIG,M
FALE,2026-07-15 16:00,62.60,59.00,88.01,0.00,0.00,0.00,30.18,M,6.21,M,FEW,BKN,M,M,1800.00,2500.00,M,M,M,M,M,M,M,M,M,62.60,FALE 151600Z 00000KT 9999 FEW018 BKN025 17/15 Q1022 NOSIG,M
FALE,2026-07-15 17:00,60.80,59.00,93.79,M,1.00,0.00,30.21,M,5.59,M,SCT,BKN,M,M,1500.00,2300.00,M,M,M,M,M,M,M,M,M,60.80,FALE 151700Z VRB01KT 9000 SCT015 BKN023 16/15 Q1023 NOSIG,M
FALE,2026-07-15 18:00,62.60,60.80,93.84,250.00,3.00,0.00,30.24,M,4.97,M,FEW,M,M,M,2000.00,M,M,M,M,M,M,M,M,M,M,62.60,FALE 151800Z 25003KT 210V300 8000 FEW020 17/16 Q1024 NOSIG,M
FALE,2026-07-15 19:00,60.80,59.00,93.79,M,1.00,0.00,30.24,M,4.97,M,NSC,M,M,M,M,M,M,M,M,M,M,M,M,M,M,60.80,FALE 151900Z VRB01KT 8000 NSC 16/15 Q1024 NOSIG,M
FALE,2026-07-15 20:00,60.80,59.00,93.79,230.00,4.00,0.00,30.24,M,4.97,M,NSC,M,M,M,M,M,M,M,M,M,M,M,M,M,M,60.80,FALE 152000Z 23004KT 8000 NSC 16/15 Q1024 NOSIG,M
FALE,2026-07-15 21:00,60.80,57.20,87.93,230.00,4.00,0.00,30.24,M,6.21,M,M,M,M,M,M,M,M,M,M,M,M,M,M,M,M,60.80,FALE 152100Z 23004KT CAVOK 16/14 Q1024 NOSIG,M
FALE,2026-07-15 22:00,59.00,57.20,93.74,220.00,3.00,0.00,30.27,M,6.21,M,M,M,M,M,M,M,M,M,M,M,M,M,M,M,M,59.00,FALE 152200Z 22003KT CAVOK 15/14 Q1025 NOSIG,M
FALE,2026-07-15 23:00,60.80,57.20,87.93,240.00,2.00,0.00,30.27,M,6.21,M,M,M,M,M,M,M,M,M,M,M,M,M,M,M,M,60.80,FALE 152300Z 24002KT CAVOK 16/14 Q1025 NOSIG,M
FALE,2026-07-16 00:00,57.20,55.40,93.70,M,2.00,0.00,30.24,M,6.21,M,M,M,M,M,M,M,M,M,M,M,M,M,M,M,M,57.20,FALE 160000Z VRB02KT CAVOK 14/13 Q1024 NOSIG,M
FALE,2026-07-16 01:00,59.00,55.40,87.84,230.00,4.00,0.00,30.24,M,6.21,M,M,M,M,M,M,M,M,M,M,M,M,M,M,M,M,59.00,FALE 160100Z 23004KT 200V260 CAVOK 15/13 Q1024 NOSIG,M
FALE,2026-07-16 02:00,59.00,55.40,87.84,230.00,4.00,0.00,30.27,M,6.21,M,FEW,BKN,M,M,2500.00,3600.00,M,M,M,M,M,M,M,M,M,59.00,FALE 160200Z 23004KT 9999 FEW025 BKN036 15/13 Q1025 NOSIG,M
FALE,2026-07-16 03:00,59.00,53.60,82.26,M,2.00,0.00,30.27,M,6.21,M,FEW,BKN,M,M,2400.00,4300.00,M,M,M,M,M,M,M,M,M,59.00,FALE 160300Z VRB02KT 9999 FEW024 BKN043 15/12 Q1025 NOSIG,M
FALE,2026-07-16 04:00,59.00,53.60,82.26,220.00,4.00,0.00,30.27,M,6.21,M,M,M,M,M,M,M,M,M,M,M,M,M,M,M,M,59.00,FALE 160400Z 22004KT CAVOK 15/12 Q1025 NOSIG,M
FALE,2026-07-16 05:00,57.20,53.60,87.75,220.00,5.00,0.00,30.30,M,6.21,M,FEW,M,M,M,2000.00,M,M,M,M,M,M,M,M,M,M,57.20,FALE 160500Z 22005KT 9999 FEW020 14/12 Q1026 NOSIG,M
FALE,2026-07-16 06:00,59.00,55.40,87.84,230.00,4.00,0.00,30.30,M,6.21,M,M,M,M,M,M,M,M,M,M,M,M,M,M,M,M,59.00,FALE 160600Z 23004KT CAVOK 15/13 Q1026 NOSIG,M
FALE,2026-07-16 07:00,62.60,55.40,77.31,270.00,3.00,0.00,30.30,M,6.21,M,SCT,M,M,M,1500.00,M,M,M,M,M,M,M,M,M,M,62.60,FALE 160700Z 27003KT 240V300 9999 SCT015 17/13 Q1026 NOSIG,M
FALE,2026-07-16 07:20,66.20,55.40,68.18,260.00,5.00,0.00,30.30,M,6.21,M,M,M,M,M,M,M,M,M,M,M,M,M,M,M,M,66.20,FALE 160720Z 26005KT CAVOK 19/13 Q1026 NOSIG,M
FALE,2026-07-16 07:51,69.80,57.20,64.30,240.00,5.00,0.00,30.30,M,6.21,M,M,M,M,M,M,M,M,M,M,M,M,M,M,M,M,69.80,FALE 160751Z 24005KT 200V270 CAVOK 21/14 Q1026 NOSIG,M
FALE,2026-07-16 08:00,69.80,57.20,64.30,240.00,6.00,0.00,30.30,M,6.21,M,M,M,M,M,M,M,M,M,M,M,M,M,M,M,M,69.80,FALE 160800Z 24006KT 200V270 CAVOK 21/14 Q1026 NOSIG,M
FALE,2026-07-16 09:00,71.60,57.20,60.48,M,3.00,0.00,30.27,M,6.21,M,M,M,M,M,M,M,M,M,M,M,M,M,M,M,M,71.60,FALE 160900Z VRB03KT CAVOK 22/14 Q1025 NOSIG,M
FALE,2026-07-16 10:00,71.60,57.20,60.48,130.00,7.00,0.00,30.27,M,6.21,M,FEW,M,M,M,1800.00,M,M,M,M,M,M,M,M,M,M,71.60,FALE 161000Z 13007KT 100V160 9999 FEW018 22/14 Q1025 NOSIG,M
FALE,2026-07-16 11:00,71.60,55.40,56.67,140.00,7.00,0.00,30.24,M,6.21,M,M,M,M,M,M,M,M,M,M,M,M,M,M,M,M,71.60,FALE 161100Z 14007KT 110V180 CAVOK 22/13 Q1024 NOSIG,M
FALE,2026-07-16 12:00,71.60,55.40,56.67,140.00,8.00,0.00,30.21,M,6.21,M,M,M,M,M,M,M,M,M,M,M,M,M,M,M,M,71.60,FALE 161200Z 14008KT CAVOK 22/13 Q1023 NOSIG,M
FALE,2026-07-16 13:00,71.60,57.20,60.48,150.00,6.00,0.00,30.21,M,6.21,M,M,M,M,M,M,M,M,M,M,M,M,M,M,M,M,71.60,FALE 161300Z 15006KT 110V190 CAVOK 22/14 Q1023 NOSIG,M
FALE,2026-07-16 14:00,69.80,57.20,64.30,120.00,4.00,0.00,30.21,M,6.21,M,M,M,M,M,M,M,M,M,M,M,M,M,M,M,M,69.80,FALE 161400Z 12004KT 050V160 CAVOK 21/14 Q1023 NOSIG,M
FALE,2026-07-16 15:00,69.80,59.00,68.59,0.00,0.00,0.00,30.21,M,6.21,M,M,M,M,M,M,M,M,M,M,M,M,M,M,M,M,69.80,FALE 161500Z 00000KT CAVOK 21/15 Q1023 NOSIG,M
FALE,2026-07-16 16:00,60.80,55.40,82.38,160.00,1.00,0.00,30.21,M,6.21,M,M,M,M,M,M,M,M,M,M,M,M,M,M,M,M,60.80,FALE 161600Z 16001KT CAVOK 16/13 Q1023 NOSIG,M
FALE,2026-07-16 17:00,57.20,55.40,93.70,M,1.00,0.00,30.21,M,6.21,M,M,M,M,M,M,M,M,M,M,M,M,M,M,M,M,57.20,FALE 161700Z VRB01KT CAVOK 14/13 Q1023 NOSIG,M
FALE,2026-07-16 17:53,60.80,57.20,87.93,0.00,0.00,0.00,30.24,M,6.21,M,BKN,M,M,M,3000.00,M,M,M,M,M,M,M,M,M,M,60.80,FALE 161753Z 00000KT 9999 BKN030 16/14 Q1024 NOSIG,M
FALE,2026-07-16 18:00,60.80,57.20,87.93,0.00,0.00,0.00,30.24,M,6.21,M,BKN,M,M,M,3000.00,M,M,M,M,M,M,M,M,M,M,60.80,FALE 161800Z 00000KT 9999 BKN030 16/14 Q1024 NOSIG,M
FALE,2026-07-16 19:00,62.60,59.00,88.01,M,2.00,0.00,30.24,M,6.21,M,BKN,M,M,M,2900.00,M,M,M,M,M,M,M,M,M,M,62.60,FALE 161900Z VRB02KT 9999 BKN029 17/15 Q1024 NOSIG,M
FALE,2026-07-16 20:00,64.40,59.00,82.63,0.00,0.00,0.00,30.24,M,6.21,M,OVC,M,M,M,2700.00,M,M,M,M,M,M,M,M,M,M,64.40,FALE 162000Z 00000KT 9999 OVC027 18/15 Q1024 NOSIG,M
FALE,2026-07-16 21:00,62.60,59.00,88.01,M,1.00,0.00,30.24,M,6.21,M,OVC,M,M,M,2800.00,M,M,M,M,M,M,M,M,M,M,62.60,FALE 162100Z VRB01KT 9999 OVC028 17/15 Q1024 NOSIG,M
FALE,2026-07-16 22:00,62.60,59.00,88.01,0.00,0.00,0.00,30.21,M,6.21,M,OVC,M,M,M,2900.00,M,M,M,M,M,M,M,M,M,M,62.60,FALE 162200Z 00000KT 9999 OVC029 17/15 Q1023 NOSIG,M
FALE,2026-07-16 23:00,60.80,59.00,93.79,0.00,0.00,0.00,30.21,M,6.21,M,SCT,M,M,M,2800.00,M,M,M,M,M,M,M,M,M,M,60.80,FALE 162300Z 00000KT 9999 SCT028 16/15 Q1023 NOSIG,M
FALE,2026-07-17 00:00,57.20,55.40,93.70,0.00,0.00,0.00,30.18,M,6.21,M,M,M,M,M,M,M,M,M,M,M,M,M,M,M,M,57.20,FALE 170000Z 00000KT CAVOK 14/13 Q1022 NOSIG,M
FALE,2026-07-17 01:00,57.20,55.40,93.70,0.00,0.00,0.00,30.18,M,6.21,M,M,M,M,M,M,M,M,M,M,M,M,M,M,M,M,57.20,FALE 170100Z 00000KT CAVOK 14/13 Q1022 NOSIG,M
FALE,2026-07-17 02:00,55.40,53.60,93.65,M,2.00,0.00,30.15,M,6.21,M,M,M,M,M,M,M,M,M,M,M,M,M,M,M,M,55.40,FALE 170200Z VRB02KT CAVOK 13/12 Q1021 NOSIG,M
FALE,2026-07-17 03:00,53.60,51.80,93.60,240.00,2.00,0.00,30.15,M,6.21,M,M,M,M,M,M,M,M,M,M,M,M,M,M,M,M,53.60,FALE 170300Z 24002KT CAVOK 12/11 Q1021 NOSIG,M
FALE,2026-07-17 03:43,55.40,53.60,93.65,220.00,4.00,0.00,30.18,M,6.21,M,M,M,M,M,M,M,M,M,M,M,M,M,M,M,M,55.40,FALE 170343Z 22004KT CAVOK 13/12 Q1022 NOSIG,M
FALE,2026-07-17 04:00,53.60,51.80,93.60,210.00,3.00,0.00,30.18,M,4.97,M,NSC,M,M,M,M,M,M,M,M,M,M,M,M,M,M,53.60,FALE 170400Z 21003KT 8000 NSC 12/11 Q1022 NOSIG,M
FALE,2026-07-17 05:00,53.60,53.60,100.00,M,1.00,0.00,30.18,M,3.73,M,NSC,M,M,M,M,M,M,M,M,M,M,M,M,M,M,53.60,FALE 170500Z VRB01KT 6000 NSC 12/12 Q1022 NOSIG,M
FALE,2026-07-17 05:54,57.20,57.20,100.00,210.00,2.00,0.00,30.18,M,4.97,M,NSC,M,M,M,M,M,M,M,M,M,M,M,M,M,M,57.20,FALE 170554Z 21002KT 8000 NSC 14/14 Q1022 NOSIG,M
FALE,2026-07-17 06:00,59.00,57.20,93.74,210.00,2.00,0.00,30.18,M,4.97,M,NSC,M,M,M,M,M,M,M,M,M,M,M,M,M,M,59.00,FALE 170600Z 21002KT 8000 NSC 15/14 Q1022 NOSIG,M
FALE,2026-07-17 06:27,62.60,57.20,82.51,220.00,3.00,0.00,30.18,M,5.59,M,NSC,M,M,M,M,M,M,M,M,M,M,M,M,M,M,62.60,FALE 170627Z 22003KT 9000 NSC 17/14 Q1022 NOSIG,M
FALE,2026-07-17 07:00,64.40,57.20,77.46,M,2.00,0.00,30.18,M,5.59,M,NSC,M,M,M,M,M,M,M,M,M,M,M,M,M,M,64.40,FALE 170700Z VRB02KT 9000 NSC 18/14 Q1022 NOSIG,M
FALE,2026-07-17 07:25,68.00,57.20,68.38,230.00,3.00,0.00,30.21,M,5.59,M,NSC,M,M,M,M,M,M,M,M,M,M,M,M,M,M,68.00,FALE 170725Z 23003KT 200V270 9000 NSC 20/14 Q1023 NOSIG,M
FALE,2026-07-17 08:00,69.80,57.20,64.30,200.00,5.00,0.00,30.21,M,5.59,M,NSC,M,M,M,M,M,M,M,M,M,M,M,M,M,M,69.80,FALE 170800Z 20005KT 140V240 9000 NSC 21/14 Q1023 NOSIG,M
FALE,2026-07-17 08:25,73.40,53.60,49.95,190.00,4.00,0.00,30.21,M,5.59,M,NSC,M,M,M,M,M,M,M,M,M,M,M,M,M,M,73.40,FALE 170825Z 19004KT 160V240 9000 NSC 23/12 Q1023 NOSIG,M
FALE,2026-07-17 09:00,73.40,55.40,53.33,130.00,4.00,0.00,30.18,M,5.59,M,NSC,M,M,M,M,M,M,M,M,M,M,M,M,M,M,73.40,FALE 170900Z 13004KT 100V180 9000 NSC 23/13 Q1022 NOSIG,M
FALE,2026-07-17 09:40,77.00,53.60,44.30,M,2.00,0.00,30.15,M,6.21,M,M,M,M,M,M,M,M,M,M,M,M,M,M,M,M,77.00,FALE 170940Z VRB02KT CAVOK 25/12 Q1021 NOSIG,M
FALE,2026-07-17 10:00,75.20,57.20,53.60,M,2.00,0.00,30.15,M,6.21,M,M,M,M,M,M,M,M,M,M,M,M,M,M,M,M,75.20,FALE 171000Z VRB02KT CAVOK 24/14 Q1021 NOSIG,M
FALE,2026-07-17 11:00,75.20,57.20,53.60,120.00,6.00,0.00,30.12,M,6.21,M,M,M,M,M,M,M,M,M,M,M,M,M,M,M,M,75.20,FALE 171100Z 12006KT 090V170 CAVOK 24/14 Q1020 NOSIG,M
FALE,2026-07-17 12:00,73.40,57.20,56.92,140.00,6.00,0.00,30.12,M,6.21,M,M,M,M,M,M,M,M,M,M,M,M,M,M,M,M,73.40,FALE 171200Z 14006KT 090V180 CAVOK 23/14 Q1020 NOSIG,M
FALE,2026-07-17 13:00,71.60,60.80,68.79,130.00,4.00,0.00,30.09,M,6.21,M,M,M,M,M,M,M,M,M,M,M,M,M,M,M,M,71.60,FALE 171300Z 13004KT 090V180 CAVOK 22/16 Q1019 NOSIG,M
FALE,2026-07-17 14:00,69.80,60.80,73.13,M,2.00,0.00,30.09,M,6.21,M,M,M,M,M,M,M,M,M,M,M,M,M,M,M,M,69.80,FALE 171400Z VRB02KT CAVOK 21/16 Q1019 NOSIG,M
FALE,2026-07-17 15:00,69.80,60.80,73.13,M,2.00,0.00,30.09,M,6.21,M,M,M,M,M,M,M,M,M,M,M,M,M,M,M,M,69.80,FALE 171500Z VRB02KT CAVOK 21/16 Q1019 NOSIG,M
FALE,2026-07-17 16:01,59.00,57.20,93.74,M,2.00,0.00,30.09,M,6.21,M,M,M,M,M,M,M,M,M,M,M,M,M,M,M,M,59.00,FALE 171601Z VRB02KT CAVOK 15/14 Q1019 NOSIG,M
FALE,2026-07-17 17:00,57.20,55.40,93.70,0.00,0.00,0.00,30.09,M,6.21,M,M,M,M,M,M,M,M,M,M,M,M,M,M,M,M,57.20,FALE 171700Z 00000KT CAVOK 14/13 Q1019 NOSIG,M
FALE,2026-07-17 17:23,53.60,51.80,93.60,M,2.00,0.00,30.09,M,3.11,M,NSC,M,M,M,M,M,M,M,BR,M,M,M,M,M,M,53.60,FALE 171723Z VRB02KT 5000 BR NSC 12/11 Q1019 NOSIG,M
FALE,2026-07-17 17:28,59.00,59.00,100.00,M,1.00,0.00,30.09,M,3.11,M,NSC,M,M,M,M,M,M,M,BR,M,M,M,M,M,M,59.00,FALE 171728Z VRB01KT 5000 BR NSC 15/15 Q1019 NOSIG,M
FALE,2026-07-17 17:31,60.80,60.80,100.00,M,1.00,0.00,30.09,M,3.11,M,NSC,M,M,M,M,M,M,M,BR,M,M,M,M,M,M,60.80,FALE 171731Z VRB01KT 5000 BR NSC 16/16 Q1019 NOSIG,M
FALE,2026-07-17 17:37,57.20,53.60,87.75,M,2.00,0.00,30.09,M,2.92,M,NSC,M,M,M,M,M,M,M,BR,M,M,M,M,M,M,57.20,FALE 171737Z VRB02KT 4700 BR NSC 14/12 Q1019 NOSIG,M
FALE,2026-07-17 17:51,57.20,57.20,100.00,M,1.00,0.00,30.12,M,3.73,M,NSC,M,M,M,M,M,M,M,M,M,M,M,M,M,M,57.20,FALE 171751Z VRB01KT 6000 NSC 14/14 Q1020 NOSIG,M
FALE,2026-07-17 18:00,57.20,57.20,100.00,M,1.00,0.00,30.12,M,3.73,M,NSC,M,M,M,M,M,M,M,M,M,M,M,M,M,M,57.20,FALE 171800Z VRB01KT 6000 NSC 14/14 Q1020 NOSIG,M
FALE,2026-07-17 18:18,57.20,55.40,93.70,0.00,0.00,0.00,30.12,M,3.11,M,FEW,M,M,M,800.00,M,M,M,BR,M,M,M,M,M,M,57.20,FALE 171818Z 00000KT 5000 BR FEW008 14/13 Q1020 NOSIG,M
FALE,2026-07-17 18:25,57.20,57.20,100.00,M,1.00,0.00,30.12,M,2.49,M,FEW,M,M,M,800.00,M,M,M,BR,M,M,M,M,M,M,57.20,FALE 171825Z VRB01KT 4000 BR FEW008 14/14 Q1020 NOSIG,M
FALE,2026-07-17 18:52,51.80,50.00,93.55,M,2.00,0.00,30.12,M,3.11,M,FEW,M,M,M,2300.00,M,M,M,BR,M,M,M,M,M,M,51.80,FALE 171852Z VRB02KT 5000 BR FEW023 11/10 Q1020 NOSIG,M
FALE,2026-07-17 18:55,55.40,55.40,100.00,220.00,3.00,0.00,30.12,M,2.67,M,FEW,M,M,M,2300.00,M,M,M,BR,M,M,M,M,M,M,55.40,FALE 171855Z 22003KT 170V240 4300 BR FEW023 13/13 Q1020 NOSIG,M
FALE,2026-07-17 19:00,55.40,55.40,100.00,220.00,3.00,0.00,30.12,M,2.67,M,FEW,M,M,M,2300.00,M,M,M,BR,M,M,M,M,M,M,55.40,FALE 171900Z 22003KT 170V240 4300 BR FEW023 13/13 Q1020 NOSIG,M
FALE,2026-07-17 19:28,53.60,53.60,100.00,M,1.00,0.00,30.12,M,1.62,M,FEW,M,M,M,1200.00,M,M,M,BR,M,M,M,M,M,M,53.60,FALE 171928Z VRB01KT 2600 1300 R24/1900D BR FEW012 12/12 Q1020 NOSIG,M
FALE,2026-07-17 19:44,59.00,57.20,93.74,230.00,4.00,0.00,30.12,M,2.80,M,FEW,M,M,M,1100.00,M,M,M,BR,M,M,M,M,M,M,59.00,FALE 171944Z 23004KT 4500 BR FEW011 15/14 Q1020 NOSIG,M
FALE,2026-07-17 20:00,57.20,57.20,100.00,220.00,4.00,0.00,30.12,M,2.98,M,FEW,M,M,M,1100.00,M,M,M,BR,M,M,M,M,M,M,57.20,FALE 172000Z 22004KT 4800 BR FEW011 14/14 Q1020 NOSIG,M
FALE,2026-07-17 20:53,55.40,53.60,93.65,200.00,2.00,0.00,30.12,M,2.30,M,FEW,BKN,M,M,1100.00,2100.00,M,M,BR,M,M,M,M,M,M,55.40,FALE 172053Z 20002KT 3700 BR FEW011 BKN021 13/12 Q1020 NOSIG,M
FALE,2026-07-17 21:00,55.40,53.60,93.65,200.00,2.00,0.00,30.12,M,2.30,M,FEW,BKN,M,M,1100.00,2100.00,M,M,BR,M,M,M,M,M,M,55.40,FALE 172100Z 20002KT 3700 BR FEW011 BKN021 13/12 Q1020 NOSIG,M
FALE,2026-07-17 21:51,57.20,57.20,100.00,210.00,3.00,0.00,30.09,M,3.11,M,FEW,SCT,M,M,1300.00,2100.00,M,M,BR,M,M,M,M,M,M,57.20,FALE 172151Z 21003KT 5000 BR FEW013 SCT021 14/14 Q1019 NOSIG,M
FALE,2026-07-17 22:00,57.20,57.20,100.00,210.00,3.00,0.00,30.09,M,3.11,M,FEW,SCT,M,M,1300.00,2100.00,M,M,BR,M,M,M,M,M,M,57.20,FALE 172200Z 21003KT 5000 BR FEW013 SCT021 14/14 Q1019 NOSIG,M
FALE,2026-07-17 23:00,57.20,55.40,93.70,M,2.00,0.00,30.09,M,3.11,M,SCT,M,M,M,1400.00,M,M,M,BR,M,M,M,M,M,M,57.20,FALE 172300Z VRB02KT 5000 BR SCT014 14/13 Q1019 NOSIG,M
FALE,2026-07-17 23:27,59.00,55.40,87.84,230.00,2.00,0.00,30.09,M,5.59,M,FEW,M,M,M,1300.00,M,M,M,M,M,M,M,M,M,M,59.00,FALE 172327Z 23002KT 9000 FEW013 15/13 Q1019 NOSIG,M
FALE,2026-07-18 00:00,57.20,55.40,93.70,230.00,2.00,0.00,30.09,M,4.97,M,SCT,M,M,M,1500.00,M,M,M,M,M,M,M,M,M,M,57.20,FALE 180000Z 23002KT 8000 SCT015 14/13 Q1019 NOSIG,M
FALE,2026-07-18 00:52,59.00,55.40,87.84,220.00,4.00,0.00,30.06,M,5.59,M,NSC,M,M,M,M,M,M,M,M,M,M,M,M,M,M,59.00,FALE 180052Z 22004KT 9000 NSC 15/13 Q1018 NOSIG,M
FALE,2026-07-18 01:00,59.00,55.40,87.84,220.00,4.00,0.00,30.06,M,5.59,M,NSC,M,M,M,M,M,M,M,M,M,M,M,M,M,M,59.00,FALE 180100Z 22004KT 9000 NSC 15/13 Q1018 NOSIG,M
FALE,2026-07-18 02:00,53.60,53.60,100.00,210.00,2.00,0.00,30.03,M,6.21,M,FEW,M,M,M,1300.00,M,M,M,M,M,M,M,M,M,M,53.60,FALE 180200Z 21002KT 9999 FEW013 12/12 Q1017 NOSIG,M
FALE,2026-07-18 03:00,51.80,50.00,93.55,M,1.00,0.00,30.03,M,4.97,M,SCT,M,M,M,1500.00,M,M,M,M,M,M,M,M,M,M,51.80,FALE 180300Z VRB01KT 8000 SCT015 11/10 Q1017 NOSIG,M
FALE,2026-07-18 03:23,55.40,51.80,87.65,230.00,3.00,0.00,30.03,M,6.21,M,FEW,M,M,M,1500.00,M,M,M,M,M,M,M,M,M,M,55.40,FALE 180323Z 23003KT 9999 FEW015 13/11 Q1017 NOSIG,M
FALE,2026-07-18 04:00,55.40,51.80,87.65,220.00,3.00,0.00,30.03,M,6.21,M,M,M,M,M,M,M,M,M,M,M,M,M,M,M,M,55.40,FALE 180400Z 22003KT CAVOK 13/11 Q1017 NOSIG,M
FALE,2026-07-18 04:51,55.40,51.80,87.65,230.00,4.00,0.00,30.03,M,6.21,M,M,M,M,M,M,M,M,M,M,M,M,M,M,M,M,55.40,FALE 180451Z 23004KT CAVOK 13/11 Q1017 NOSIG,M
FALE,2026-07-18 05:00,55.40,51.80,87.65,230.00,4.00,0.00,30.03,M,6.21,M,M,M,M,M,M,M,M,M,M,M,M,M,M,M,M,55.40,FALE 180500Z 23004KT CAVOK 13/11 Q1017 NOSIG,M
FALE,2026-07-18 05:49,59.00,53.60,82.26,230.00,3.00,0.00,30.03,M,6.21,M,M,M,M,M,M,M,M,M,M,M,M,M,M,M,M,59.00,FALE 180549Z 23003KT CAVOK 15/12 Q1017 NOSIG,M
FALE,2026-07-18 06:00,59.00,53.60,82.26,230.00,3.00,0.00,30.03,M,6.21,M,M,M,M,M,M,M,M,M,M,M,M,M,M,M,M,59.00,FALE 180600Z 23003KT CAVOK 15/12 Q1017 NOSIG,M
FALE,2026-07-18 07:00,62.60,55.40,77.31,M,2.00,0.00,30.06,M,6.21,M,FEW,M,M,M,1300.00,M,M,M,M,M,M,M,M,M,M,62.60,FALE 180700Z VRB02KT 9999 FEW013 17/13 Q1018 NOSIG,M
FALE,2026-07-18 07:24,66.20,55.40,68.18,M,2.00,0.00,30.06,M,6.21,M,FEW,M,M,M,1300.00,M,M,M,M,M,M,M,M,M,M,66.20,FALE 180724Z VRB02KT 9999 FEW013 19/13 Q1018 NOSIG,M
FALE,2026-07-18 07:59,69.80,57.20,64.30,M,2.00,0.00,30.06,M,6.21,M,M,M,M,M,M,M,M,M,M,M,M,M,M,M,M,69.80,FALE 180759Z VRB02KT CAVOK 21/14 Q1018 NOSIG,M
FALE,2026-07-18 08:00,69.80,57.20,64.30,M,2.00,0.00,30.06,M,6.21,M,M,M,M,M,M,M,M,M,M,M,M,M,M,M,M,69.80,FALE 180800Z VRB02KT CAVOK 21/14 Q1018 NOSIG,M
FALE,2026-07-18 09:00,71.60,60.80,68.79,M,2.00,0.00,30.03,M,6.21,M,M,M,M,M,M,M,M,M,M,M,M,M,M,M,M,71.60,FALE 180900Z VRB02KT CAVOK 22/16 Q1017 NOSIG,M
FALE,2026-07-18 09:05,75.20,59.00,57.17,M,1.00,0.00,30.03,M,6.21,M,M,M,M,M,M,M,M,M,M,M,M,M,M,M,M,75.20,FALE 180905Z VRB01KT CAVOK 24/15 Q1017 NOSIG,M
FALE,2026-07-18 10:00,73.40,62.60,68.99,110.00,5.00,0.00,30.00,M,6.21,M,M,M,M,M,M,M,M,M,M,M,M,M,M,M,M,73.40,FALE 181000Z 11005KT 040V150 CAVOK 23/17 Q1016 NOSIG,M
FALE,2026-07-18 11:00,75.20,62.60,64.96,100.00,4.00,0.00,29.97,M,6.21,M,M,M,M,M,M,M,M,M,M,M,M,M,M,M,M,75.20,FALE 181100Z 10004KT 030V150 CAVOK 24/17 Q1015 NOSIG,M
FALE,2026-07-18 12:00,73.40,62.60,68.99,80.00,5.00,0.00,29.97,M,6.21,M,M,M,M,M,M,M,M,M,M,M,M,M,M,M,M,73.40,FALE 181200Z 08005KT 050V130 CAVOK 23/17 Q1015 NOSIG,M
FALE,2026-07-18 13:00,73.40,64.40,73.48,90.00,5.00,0.00,29.94,M,6.21,M,M,M,M,M,M,M,M,M,M,M,M,M,M,M,M,73.40,FALE 181300Z 09005KT 050V120 CAVOK 23/18 Q1014 NOSIG,M
FALE,2026-07-18 14:00,69.80,64.40,83.00,80.00,4.00,0.00,29.94,M,6.21,M,M,M,M,M,M,M,M,M,M,M,M,M,M,M,M,69.80,FALE 181400Z 08004KT 060V120 CAVOK 21/18 Q1014 NOSIG,M
FALE,2026-07-18 15:00,68.00,64.40,88.28,80.00,4.00,0.00,29.94,M,6.21,M,M,M,M,M,M,M,M,M,M,M,M,M,M,M,M,68.00,FALE 181500Z 08004KT 050V110 CAVOK 20/18 Q1014 NOSIG,M
FALE,2026-07-18 16:00,66.20,64.40,93.93,110.00,3.00,0.00,29.97,M,5.59,M,NSC,M,M,M,M,M,M,M,M,M,M,M,M,M,M,66.20,FALE 181600Z 11003KT 9000 NSC 19/18 Q1015 NOSIG,M
FALE,2026-07-18 16:39,62.60,60.80,93.84,M,1.00,0.00,29.97,M,3.11,M,NSC,M,M,M,M,M,M,M,BR,M,M,M,M,M,M,62.60,FALE 181639Z VRB01KT 5000 BR NSC 17/16 Q1015 NOSIG,M
FALE,2026-07-18 16:49,60.80,59.00,93.79,M,2.00,0.00,29.97,M,4.35,M,NSC,M,M,M,M,M,M,M,BCFG,M,M,M,M,M,M,60.80,FALE 181649Z VRB02KT 7000 0450 R24/0650D BCFG NSC 16/15 Q1015 NOSIG,M
FALE,2026-07-18 17:00,62.60,60.80,93.84,M,2.00,0.00,29.97,M,4.35,M,NSC,M,M,M,M,M,M,M,M,M,M,M,M,M,M,62.60,COR FALE 181700Z VRB02KT 7000 1600E NSC 17/16 Q1015 NOSIG,M
FALE,2026-07-18 17:19,60.80,59.00,93.79,0.00,0.00,0.00,29.97,M,3.04,M,NSC,M,M,M,M,M,M,M,BR,M,M,M,M,M,M,60.80,FALE 181719Z 00000KT 4900 BR NSC 16/15 Q1015 NOSIG,M
FALE,2026-07-18 17:22,60.80,59.00,93.79,0.00,0.00,0.00,29.97,M,4.35,M,NSC,M,M,M,M,M,M,M,M,M,M,M,M,M,M,60.80,FALE 181722Z 00000KT 7000 NSC 16/15 Q1015 NOSIG,M
FALE,2026-07-18 18:00,62.60,62.60,100.00,0.00,0.00,0.00,30.00,M,2.49,M,NSC,M,M,M,M,M,M,M,BR,M,M,M,M,M,M,62.60,COR FALE 181800Z 00000KT 4000 BR NSC 17/17 Q1016 NOSIG,M
FALE,2026-07-18 19:00,55.40,53.60,93.65,0.00,0.00,0.00,30.00,M,2.49,M,NSC,M,M,M,M,M,M,M,BR,M,M,M,M,M,M,55.40,FALE 181900Z 00000KT 4000 BR NSC 13/12 Q1016 NOSIG,M
FALE,2026-07-18 19:12,57.20,57.20,100.00,0.00,0.00,0.00,30.00,M,1.86,M,SCT,M,M,M,600.00,M,M,M,BR,M,M,M,M,M,M,57.20,FALE 181912Z 00000KT 3000 BR SCT006 14/14 Q1016 NOSIG,M
FALE,2026-07-18 19:54,59.00,57.20,93.74,210.00,3.00,0.00,30.00,M,1.86,M,FEW,M,M,M,600.00,M,M,M,BR,M,M,M,M,M,M,59.00,FALE 181954Z 21003KT 3000 BR FEW006 15/14 Q1016 NOSIG,M
FALE,2026-07-18 20:00,59.00,57.20,93.74,210.00,4.00,0.00,30.00,M,1.86,M,FEW,M,M,M,600.00,M,M,M,BR,M,M,M,M,M,M,59.00,FALE 182000Z 21004KT 3000 BR FEW006 15/14 Q1016 NOSIG,M
FALE,2026-07-18 21:00,53.60,53.60,100.00,210.00,3.00,0.00,30.00,M,1.86,M,FEW,M,M,M,500.00,M,M,M,BR,M,M,M,M,M,M,53.60,FALE 182100Z 21003KT 3000 BR FEW005 12/12 Q1016 NOSIG,M
FALE,2026-07-18 21:18,57.20,55.40,93.70,220.00,3.00,0.00,30.00,M,1.86,M,FEW,M,M,M,500.00,M,M,M,BR,M,M,M,M,M,M,57.20,FALE 182118Z 22003KT 3000 R24/1300D BR FEW005 14/13 Q1016 NOSIG,M
FALE,2026-07-18 22:00,57.20,57.20,100.00,210.00,3.00,0.00,30.00,M,3.73,M,NSC,M,M,M,M,M,M,M,M,M,M,M,M,M,M,57.20,FALE 182200Z 21003KT 6000 NSC 14/14 Q1016 NOSIG,M
FALE,2026-07-18 22:01,57.20,57.20,100.00,210.00,3.00,0.00,30.00,M,3.73,M,NSC,M,M,M,M,M,M,M,M,M,M,M,M,M,M,57.20,FALE 182201Z 21003KT 6000 NSC 14/14 Q1016 NOSIG,M
FALE,2026-07-18 23:00,55.40,53.60,93.65,220.00,3.00,0.00,30.00,M,5.59,M,NSC,M,M,M,M,M,M,M,M,M,M,M,M,M,M,55.40,FALE 182300Z 22003KT 9000 NSC 13/12 Q1016 NOSIG,M
FALE,2026-07-18 23:57,59.00,53.60,82.26,220.00,3.00,0.00,30.00,M,6.21,M,SCT,M,M,M,1200.00,M,M,M,M,M,M,M,M,M,M,59.00,FALE 182357Z 22003KT 9999 SCT012 15/12 Q1016 NOSIG,M
FALE,2026-07-19 00:00,59.00,53.60,82.26,220.00,3.00,0.00,30.00,M,6.21,M,SCT,M,M,M,1200.00,M,M,M,M,M,M,M,M,M,M,59.00,FALE 190000Z 22003KT 9999 SCT012 15/12 Q1016 NOSIG,M
FALE,2026-07-19 01:00,55.40,51.80,87.65,230.00,3.00,0.00,30.00,M,6.21,M,M,M,M,M,M,M,M,M,M,M,M,M,M,M,M,55.40,FALE 190100Z 23003KT CAVOK 13/11 Q1016 NOSIG,M
FALE,2026-07-19 02:00,51.80,50.00,93.55,230.00,3.00,0.00,30.00,M,6.21,M,M,M,M,M,M,M,M,M,M,M,M,M,M,M,M,51.80,FALE 190200Z 23003KT 210V270 CAVOK 11/10 Q1016 NOSIG,M
FALE,2026-07-19 02:11,55.40,50.00,82.00,220.00,3.00,0.00,30.00,M,6.21,M,M,M,M,M,M,M,M,M,M,M,M,M,M,M,M,55.40,FALE 190211Z 22003KT CAVOK 13/10 Q1016 NOSIG,M
FALE,2026-07-19 03:00,57.20,48.20,71.84,230.00,3.00,0.00,30.00,M,6.21,M,M,M,M,M,M,M,M,M,M,M,M,M,M,M,M,57.20,FALE 190300Z 23003KT CAVOK 14/09 Q1016 NOSIG,M
FALE,2026-07-19 04:00,55.40,48.20,76.67,210.00,3.00,0.00,30.00,M,6.21,M,M,M,M,M,M,M,M,M,M,M,M,M,M,M,M,55.40,FALE 190400Z 21003KT CAVOK 13/09 Q1016 NOSIG,M
FALE,2026-07-19 05:00,53.60,48.20,81.87,220.00,3.00,0.00,30.00,M,6.21,M,M,M,M,M,M,M,M,M,M,M,M,M,M,M,M,53.60,FALE 190500Z 22003KT CAVOK 12/09 Q1016 NOSIG,M
FALE,2026-07-19 05:59,59.00,48.20,67.34,220.00,3.00,0.00,30.00,M,6.21,M,M,M,M,M,M,M,M,M,M,M,M,M,M,M,M,59.00,FALE 190559Z 22003KT CAVOK 15/09 Q1016 NOSIG,M
FALE,2026-07-19 06:00,59.00,50.00,72.02,220.00,3.00,0.00,30.00,M,6.21,M,M,M,M,M,M,M,M,M,M,M,M,M,M,M,M,59.00,FALE 190600Z 22003KT CAVOK 15/10 Q1016 NOSIG,M
FALE,2026-07-19 06:33,62.60,50.00,63.39,M,2.00,0.00,30.00,M,6.21,M,M,M,M,M,M,M,M,M,M,M,M,M,M,M,M,62.60,FALE 190633Z VRB02KT CAVOK 17/10 Q1016 NOSIG,M
FALE,2026-07-19 07:00,64.40,51.80,63.62,230.00,3.00,0.00,30.00,M,6.21,M,M,M,M,M,M,M,M,M,M,M,M,M,M,M,M,64.40,FALE 190700Z 23003KT CAVOK 18/11 Q1016 NOSIG,M
FALE,2026-07-19 07:28,68.00,51.80,56.16,250.00,3.00,0.00,30.00,M,6.21,M,M,M,M,M,M,M,M,M,M,M,M,M,M,M,M,68.00,FALE 190728Z 25003KT 200V280 CAVOK 20/11 Q1016 NOSIG,M
FALE,2026-07-19 08:00,69.80,50.00,49.40,M,2.00,0.00,30.00,M,6.21,M,M,M,M,M,M,M,M,M,M,M,M,M,M,M,M,69.80,FALE 190800Z VRB02KT CAVOK 21/10 Q1016 NOSIG,M
FALE,2026-07-19 09:00,73.40,48.20,40.89,M,2.00,0.00,30.00,M,6.21,M,M,M,M,M,M,M,M,M,M,M,M,M,M,M,M,73.40,FALE 190900Z VRB02KT CAVOK 23/09 Q1016 NOSIG,M
FALE,2026-07-19 10:00,75.20,57.20,53.60,M,2.00,0.00,29.97,M,6.21,M,M,M,M,M,M,M,M,M,M,M,M,M,M,M,M,75.20,FALE 191000Z VRB02KT CAVOK 24/14 Q1015 NOSIG,M
FALE,2026-07-19 11:00,73.40,60.80,64.74,80.00,5.00,0.00,29.94,M,6.21,M,M,M,M,M,M,M,M,M,M,M,M,M,M,M,M,73.40,FALE 191100Z 08005KT 050V110 CAVOK 23/16 Q1014 NOSIG,M
FALE,2026-07-19 12:00,71.60,60.80,68.79,80.00,7.00,0.00,29.91,M,6.21,M,M,M,M,M,M,M,M,M,M,M,M,M,M,M,M,71.60,FALE 191200Z 08007KT 040V120 CAVOK 22/16 Q1013 NOSIG,M
FALE,2026-07-19 13:00,73.40,60.80,64.74,70.00,8.00,0.00,29.91,M,6.21,M,M,M,M,M,M,M,M,M,M,M,M,M,M,M,M,73.40,FALE 191300Z 07008KT 040V110 CAVOK 23/16 Q1013 NOSIG,M
FALE,2026-07-19 14:00,71.60,60.80,68.79,60.00,9.00,0.00,29.88,M,6.21,M,M,M,M,M,M,M,M,M,M,M,M,M,M,M,M,71.60,FALE 191400Z 06009KT CAVOK 22/16 Q1012 NOSIG,M
FALE,2026-07-19 15:00,69.80,59.00,68.59,60.00,6.00,0.00,29.88,M,6.21,M,M,M,M,M,M,M,M,M,M,M,M,M,M,M,M,69.80,FALE 191500Z 06006KT CAVOK 21/15 Q1012 NOSIG,M
FALE,2026-07-19 16:00,66.20,62.60,88.19,80.00,4.00,0.00,29.91,M,6.21,M,M,M,M,M,M,M,M,M,M,M,M,M,M,M,M,66.20,FALE 191600Z 08004KT CAVOK 19/17 Q1013 NOSIG,M
FALE,2026-07-19 17:00,62.60,59.00,88.01,M,1.00,0.00,29.91,M,6.21,M,M,M,M,M,M,M,M,M,M,M,M,M,M,M,M,62.60,FALE 191700Z VRB01KT CAVOK 17/15 Q1013 NOSIG,M
FALE,2026-07-19 18:00,55.40,53.60,93.65,0.00,0.00,0.00,29.94,M,6.21,M,M,M,M,M,M,M,M,M,M,M,M,M,M,M,M,55.40,FALE 191800Z 00000KT CAVOK 13/12 Q1014 NOSIG,M
FALE,2026-07-19 18:31,60.80,59.00,93.79,M,1.00,0.00,29.94,M,6.21,M,M,M,M,M,M,M,M,M,M,M,M,M,M,M,M,60.80,FALE 191831Z VRB01KT CAVOK 16/15 Q1014 NOSIG,M
FALE,2026-07-19 19:00,55.40,55.40,100.00,0.00,0.00,0.00,29.94,M,5.59,M,NSC,M,M,M,M,M,M,M,M,M,M,M,M,M,M,55.40,FALE 191900Z 00000KT 9000 NSC 13/13 Q1014 NOSIG,M
FALE,2026-07-19 20:00,55.40,55.40,100.00,0.00,0.00,0.00,29.94,M,4.97,M,NSC,M,M,M,M,M,M,M,M,M,M,M,M,M,M,55.40,FALE 192000Z 00000KT 8000 NSC 13/13 Q1014 NOSIG,M
FALE,2026-07-19 21:00,57.20,55.40,93.70,210.00,4.00,0.00,29.94,M,6.21,M,M,M,M,M,M,M,M,M,M,M,M,M,M,M,M,57.20,FALE 192100Z 21004KT CAVOK 14/13 Q1014 NOSIG,M
FALE,2026-07-19 22:00,53.60,51.80,93.60,220.00,3.00,0.00,29.94,M,4.97,M,NSC,M,M,M,M,M,M,M,M,M,M,M,M,M,M,53.60,FALE 192200Z 22003KT 8000 NSC 12/11 Q1014 NOSIG,M
FALE,2026-07-19 23:00,53.60,51.80,93.60,210.00,3.00,0.00,29.94,M,4.97,M,NSC,M,M,M,M,M,M,M,M,M,M,M,M,M,M,53.60,FALE 192300Z 21003KT 8000 NSC 12/11 Q1014 NOSIG,M
FALE,2026-07-20 00:00,51.80,50.00,93.55,M,1.00,0.00,29.94,M,4.97,M,NSC,M,M,M,M,M,M,M,M,M,M,M,M,M,M,51.80,FALE 200000Z VRB01KT 8000 NSC 11/10 Q1014 NOSIG,M
FALE,2026-07-20 00:53,55.40,51.80,87.65,220.00,4.00,0.00,29.94,M,6.21,M,FEW,M,M,M,600.00,M,M,M,M,M,M,M,M,M,M,55.40,FALE 200053Z 22004KT 9999 FEW006 13/11 Q1014 NOSIG,M
FALE,2026-07-20 01:00,55.40,51.80,87.65,220.00,4.00,0.00,29.94,M,6.21,M,FEW,M,M,M,600.00,M,M,M,M,M,M,M,M,M,M,55.40,FALE 200100Z 22004KT 9999 FEW006 13/11 Q1014 NOSIG,M
FALE,2026-07-20 02:00,53.60,48.20,81.87,220.00,4.00,0.00,29.94,M,6.21,M,FEW,M,M,M,1500.00,M,M,M,M,M,M,M,M,M,M,53.60,FALE 200200Z 22004KT 9999 FEW015 12/09 Q1014 NOSIG,M
FALE,2026-07-20 02:25,57.20,51.80,82.13,210.00,6.00,0.00,29.94,M,6.21,M,BKN,M,M,M,1800.00,M,M,M,M,M,M,M,M,M,M,57.20,FALE 200225Z 21006KT 9999 BKN018 14/11 Q1014 NOSIG,M
FALE,2026-07-20 02:43,60.80,55.40,82.38,210.00,7.00,0.00,29.94,M,6.21,M,BKN,M,M,M,2100.00,M,M,M,M,M,M,M,M,M,M,60.80,FALE 200243Z 21007KT 9999 BKN021 16/13 Q1014 NOSIG,M
FALE,2026-07-20 03:00,59.00,55.40,87.84,220.00,6.00,0.00,29.97,M,6.21,M,BKN,M,M,M,2100.00,M,M,M,M,M,M,M,M,M,M,59.00,FALE 200300Z 22006KT 9999 BKN021 15/13 Q1015 NOSIG,M
FALE,2026-07-20 04:00,59.00,55.40,87.84,230.00,5.00,0.00,29.97,M,6.21,M,FEW,M,M,M,2900.00,M,M,M,M,M,M,M,M,M,M,59.00,FALE 200400Z 23005KT 9999 FEW029 15/13 Q1015 NOSIG,M
FALE,2026-07-20 05:00,59.00,55.40,87.84,220.00,5.00,0.00,30.00,M,6.21,M,FEW,SCT,M,M,1800.00,2800.00,M,M,M,M,M,M,M,M,M,59.00,FALE 200500Z 22005KT 9999 FEW018 SCT028 15/13 Q1016 NOSIG,M
FALE,2026-07-20 05:15,62.60,57.20,82.51,220.00,6.00,0.00,30.00,M,6.21,M,FEW,BKN,M,M,1800.00,2900.00,M,M,M,M,M,M,M,M,M,62.60,FALE 200515Z 22006KT 9999 FEW018 BKN029 17/14 Q1016 NOSIG,M
FALE,2026-07-20 06:00,64.40,59.00,82.63,220.00,9.00,0.00,30.03,M,6.21,M,BKN,M,M,M,2600.00,M,M,M,M,M,M,M,M,M,M,64.40,FALE 200600Z 22009KT 9999 BKN026 18/15 Q1017 NOSIG,M
FALE,2026-07-20 07:00,64.40,55.40,72.58,220.00,8.00,0.00,30.06,M,6.21,M,BKN,M,M,M,3300.00,M,M,M,M,M,M,M,M,M,M,64.40,FALE 200700Z 22008KT 9999 BKN033 18/13 Q1018 NOSIG,M
FALE,2026-07-20 07:12,68.00,53.60,60.00,220.00,9.00,0.00,30.06,M,6.21,M,BKN,M,M,M,3300.00,M,M,M,M,M,M,M,M,M,M,68.00,FALE 200712Z 22009KT 9999 BKN033 20/12 Q1018 NOSIG,M
FALE,2026-07-20 08:00,68.00,51.80,56.16,220.00,10.00,0.00,30.06,M,6.21,M,BKN,M,M,M,3800.00,M,M,M,M,M,M,M,M,M,M,68.00,FALE 200800Z 22010KT 9999 BKN038 20/11 Q1018 NOSIG,M
FALE,2026-07-20 09:00,69.80,51.80,52.81,210.00,11.00,0.00,30.06,M,6.21,M,BKN,M,M,M,3800.00,M,M,M,M,M,M,M,M,M,M,69.80,FALE 200900Z 21011KT 9999 BKN038 21/11 Q1018 NOSIG,M
FALE,2026-07-20 10:00,69.80,53.60,56.42,200.00,9.00,0.00,30.03,M,6.21,M,BKN,M,M,M,4500.00,M,M,M,M,M,M,M,M,M,M,69.80,FALE 201000Z 20009KT 170V230 9999 BKN045 21/12 Q1017 NOSIG,M
FALE,2026-07-20 11:00,69.80,57.20,64.30,200.00,10.00,0.00,30.03,M,6.21,M,FEW,M,M,M,3000.00,M,M,M,M,M,M,M,M,M,M,69.80,FALE 201100Z 20010KT 9999 FEW030 21/14 Q1017 NOSIG,M
FALE,2026-07-20 12:00,69.80,57.20,64.30,190.00,9.00,0.00,30.03,M,6.21,M,FEW,M,M,M,4500.00,M,M,M,M,M,M,M,M,M,M,69.80,FALE 201200Z 19009KT 150V220 9999 FEW045 21/14 Q1017 NOSIG,M
FALE,2026-07-20 13:00,69.80,57.20,64.30,170.00,7.00,0.00,30.00,M,6.21,M,FEW,M,M,M,2000.00,M,M,M,M,M,M,M,M,M,M,69.80,FALE 201300Z 17007KT 120V210 9999 FEW020 21/14 Q1016 NOSIG,M
FALE,2026-07-20 14:00,68.00,57.20,68.38,170.00,4.00,0.00,30.00,M,6.21,M,FEW,M,M,M,2000.00,M,M,M,M,M,M,M,M,M,M,68.00,FALE 201400Z 17004KT 120V220 9999 FEW020 20/14 Q1016 NOSIG,M
FALE,2026-07-20 15:00,66.20,57.20,72.76,190.00,2.00,0.00,30.03,M,6.21,M,FEW,M,M,M,1800.00,M,M,M,M,M,M,M,M,M,M,66.20,FALE 201500Z 19002KT 9999 FEW018 19/14 Q1017 NOSIG,M
FALE,2026-07-20 16:00,59.00,53.60,82.26,180.00,2.00,0.00,30.03,M,6.21,M,FEW,M,M,M,2200.00,M,M,M,M,M,M,M,M,M,M,59.00,FALE 201600Z 18002KT 9999 FEW022 15/12 Q1017 NOSIG,M
FALE,2026-07-20 17:00,57.20,53.60,87.75,0.00,0.00,0.00,30.03,M,6.21,M,FEW,M,M,M,2200.00,M,M,M,M,M,M,M,M,M,M,57.20,FALE 201700Z 00000KT 9999 FEW022 14/12 Q1017 NOSIG,M
FALE,2026-07-20 18:00,55.40,53.60,93.65,0.00,0.00,0.00,30.03,M,6.21,M,FEW,M,M,M,2500.00,M,M,M,M,M,M,M,M,M,M,55.40,FALE 201800Z 00000KT 9999 FEW025 13/12 Q1017 NOSIG,M
FALE,2026-07-20 19:00,53.60,51.80,93.60,M,2.00,0.00,30.06,M,6.21,M,M,M,M,M,M,M,M,M,M,M,M,M,M,M,M,53.60,FALE 201900Z VRB02KT CAVOK 12/11 Q1018 NOSIG,M
FALE,2026-07-20 20:00,51.80,50.00,93.55,190.00,1.00,0.00,30.06,M,6.21,M,M,M,M,M,M,M,M,M,M,M,M,M,M,M,M,51.80,FALE 202000Z 19001KT CAVOK 11/10 Q1018 NOSIG,M
FALE,2026-07-20 21:00,51.80,50.00,93.55,M,1.00,0.00,30.03,M,6.21,M,M,M,M,M,M,M,M,M,M,M,M,M,M,M,M,51.80,FALE 202100Z VRB01KT CAVOK 11/10 Q1017 NOSIG,M
FALE,2026-07-20 22:00,51.80,51.80,100.00,210.00,2.00,0.00,30.03,M,6.21,M,M,M,M,M,M,M,M,M,M,M,M,M,M,M,M,51.80,FALE 202200Z 21002KT CAVOK 11/11 Q1017 NOSIG,M
FALE,2026-07-20 23:00,50.00,50.00,100.00,M,1.00,0.00,30.06,M,6.21,M,M,M,M,M,M,M,M,M,M,M,M,M,M,M,M,50.00,FALE 202300Z VRB01KT CAVOK 10/10 Q1018 NOSIG,M
FALE,2026-07-21 00:00,51.80,51.80,100.00,M,1.00,0.00,30.03,M,6.21,M,M,M,M,M,M,M,M,M,M,M,M,M,M,M,M,51.80,FALE 210000Z VRB01KT CAVOK 11/11 Q1017 NOSIG,M
FALE,2026-07-21 01:00,51.80,51.80,100.00,0.00,0.00,0.00,30.03,M,6.21,M,M,M,M,M,M,M,M,M,M,M,M,M,M,M,M,51.80,FALE 210100Z 00000KT CAVOK 11/11 Q1017 NOSIG,M
FALE,2026-07-21 02:00,50.00,50.00,100.00,0.00,0.00,0.00,30.03,M,6.21,M,M,M,M,M,M,M,M,M,M,M,M,M,M,M,M,50.00,FALE 210200Z 00000KT CAVOK 10/10 Q1017 NOSIG,M
FALE,2026-07-21 03:00,53.60,51.80,93.60,220.00,2.00,0.00,30.03,M,6.21,M,M,M,M,M,M,M,M,M,M,M,M,M,M,M,M,53.60,FALE 210300Z 22002KT CAVOK 12/11 Q1017 NOSIG,M
FALE,2026-07-21 04:00,53.60,51.80,93.60,220.00,4.00,0.00,30.06,M,6.21,M,M,M,M,M,M,M,M,M,M,M,M,M,M,M,M,53.60,FALE 210400Z 22004KT CAVOK 12/11 Q1018 NOSIG,M
FALE,2026-07-21 05:00,50.00,48.20,93.50,M,2.00,0.00,30.06,M,6.21,M,M,M,M,M,M,M,M,M,M,M,M,M,M,M,M,50.00,FALE 210500Z VRB02KT CAVOK 10/09 Q1018 NOSIG,M
FALE,2026-07-21 05:25,53.60,51.80,93.60,220.00,2.00,0.00,30.06,M,6.21,M,M,M,M,M,M,M,M,M,M,M,M,M,M,M,M,53.60,FALE 210525Z 22002KT CAVOK 12/11 Q1018 NOSIG,M
FALE,2026-07-21 05:57,57.20,55.40,93.70,220.00,3.00,0.00,30.09,M,6.21,M,M,M,M,M,M,M,M,M,M,M,M,M,M,M,M,57.20,FALE 210557Z 22003KT CAVOK 14/13 Q1019 NOSIG,M
FALE,2026-07-21 06:00,57.20,55.40,93.70,220.00,3.00,0.00,30.09,M,6.21,M,M,M,M,M,M,M,M,M,M,M,M,M,M,M,M,57.20,FALE 210600Z 22003KT CAVOK 14/13 Q1019 NOSIG,M
FALE,2026-07-21 06:55,62.60,55.40,77.31,250.00,3.00,0.00,30.09,M,6.21,M,FEW,M,M,M,1200.00,M,M,M,M,M,M,M,M,M,M,62.60,FALE 210655Z 25003KT 210V280 9999 FEW012 17/13 Q1019 NOSIG,M
FALE,2026-07-21 07:00,62.60,55.40,77.31,250.00,3.00,0.00,30.09,M,6.21,M,FEW,M,M,M,1200.00,M,M,M,M,M,M,M,M,M,M,62.60,FALE 210700Z 25003KT 210V280 9999 FEW012 17/13 Q1019 NOSIG,M
FALE,2026-07-21 08:00,66.20,55.40,68.18,M,2.00,0.00,30.09,M,6.21,M,M,M,M,M,M,M,M,M,M,M,M,M,M,M,M,66.20,FALE 210800Z VRB02KT CAVOK 19/13 Q1019 NOSIG,M
FALE,2026-07-21 08:12,69.80,57.20,64.30,M,1.00,0.00,30.09,M,6.21,M,M,M,M,M,M,M,M,M,M,M,M,M,M,M,M,69.80,FALE 210812Z VRB01KT CAVOK 21/14 Q1019 NOSIG,M
FALE,2026-07-21 09:00,69.80,57.20,64.30,110.00,4.00,0.00,30.09,M,6.21,M,M,M,M,M,M,M,M,M,M,M,M,M,M,M,M,69.80,FALE 210900Z 11004KT 070V150 CAVOK 21/14 Q1019 NOSIG,M
FALE,2026-07-21 09:49,73.40,59.00,60.72,70.00,6.00,0.00,30.06,M,6.21,M,M,M,M,M,M,M,M,M,M,M,M,M,M,M,M,73.40,FALE 210949Z 07006KT 020V180 CAVOK 23/15 Q1018 NOSIG,M
FALE,2026-07-21 10:00,71.60,57.20,60.48,70.00,6.00,0.00,30.06,M,6.21,M,M,M,M,M,M,M,M,M,M,M,M,M,M,M,M,71.60,FALE 211000Z 07006KT 020V180 CAVOK 22/14 Q1018 NOSIG,M
FALE,2026-07-21 11:00,73.40,59.00,60.72,100.00,7.00,0.00,30.06,M,6.21,M,M,M,M,M,M,M,M,M,M,M,M,M,M,M,M,73.40,FALE 211100Z 10007KT 060V140 CAVOK 23/15 Q1018 NOSIG,M
FALE,2026-07-21 12:00,73.40,62.60,68.99,80.00,7.00,0.00,30.03,M,6.21,M,M,M,M,M,M,M,M,M,M,M,M,M,M,M,M,73.40,FALE 211200Z 08007KT 050V120 CAVOK 23/17 Q1017 NOSIG,M
FALE,2026-07-21 13:00,71.60,62.60,73.30,60.00,9.00,0.00,30.03,M,6.21,M,M,M,M,M,M,M,M,M,M,M,M,M,M,M,M,71.60,FALE 211300Z 06009KT 040V100 CAVOK 22/17 Q1017 NOSIG,M
FALE,2026-07-21 14:00,71.60,62.60,73.30,60.00,9.00,0.00,30.03,M,6.21,M,M,M,M,M,M,M,M,M,M,M,M,M,M,M,M,71.60,FALE 211400Z 06009KT CAVOK 22/17 Q1017 NOSIG,M
FALE,2026-07-21 15:00,69.80,64.40,83.00,60.00,7.00,0.00,30.06,M,6.21,M,FEW,M,M,M,1500.00,M,M,M,M,M,M,M,M,M,M,69.80,FALE 211500Z 06007KT 9999 FEW015 21/18 Q1018 NOSIG,M
FALE,2026-07-21 16:00,68.00,64.40,88.28,50.00,5.00,0.00,30.06,M,6.21,M,BKN,M,M,M,1700.00,M,M,M,M,M,M,M,M,M,M,68.00,FALE 211600Z 05005KT 9999 BKN017 20/18 Q1018 NOSIG,M
FALE,2026-07-21 17:00,66.20,62.60,88.19,30.00,4.00,0.00,30.09,M,6.21,M,BKN,M,M,M,1800.00,M,M,M,M,M,M,M,M,M,M,66.20,FALE 211700Z 03004KT 9999 BKN018 19/17 Q1019 NOSIG,M
FALE,2026-07-21 17:46,68.00,64.40,88.28,20.00,5.00,0.00,30.09,M,6.21,M,FEW,M,M,M,2300.00,M,M,M,M,M,M,M,M,M,M,68.00,FALE 211746Z 02005KT 310V050 9999 FEW023 20/18 Q1019 NOSIG,M
FALE,2026-07-21 18:00,66.20,62.60,88.19,10.00,4.00,0.00,30.09,M,6.21,M,FEW,M,M,M,2300.00,M,M,M,M,M,M,M,M,M,M,66.20,FALE 211800Z 01004KT 350V050 9999 FEW023 19/17 Q1019 NOSIG,M
FALE,2026-07-21 19:00,60.80,59.00,93.79,20.00,2.00,0.00,30.12,M,6.21,M,M,M,M,M,M,M,M,M,M,M,M,M,M,M,M,60.80,FALE 211900Z 02002KT CAVOK 16/15 Q1020 NOSIG,M
FALE,2026-07-21 20:00,62.60,60.80,93.84,30.00,3.00,0.00,30.12,M,6.21,M,M,M,M,M,M,M,M,M,M,M,M,M,M,M,M,62.60,FALE 212000Z 03003KT CAVOK 17/16 Q1020 NOSIG,M
FALE,2026-07-21 21:00,60.80,60.80,100.00,M,1.00,0.00,30.12,M,6.21,M,M,M,M,M,M,M,M,M,M,M,M,M,M,M,M,60.80,FALE 212100Z VRB01KT CAVOK 16/16 Q1020 NOSIG,M
FALE,2026-07-21 22:00,57.20,57.20,100.00,70.00,2.00,0.00,30.12,M,5.59,M,NSC,M,M,M,M,M,M,M,M,M,M,M,M,M,M,57.20,FALE 212200Z 07002KT 9000 NSC 14/14 Q1020 NOSIG,M
FALE,2026-07-21 23:00,53.60,53.60,100.00,M,1.00,0.00,30.09,M,5.59,M,NSC,M,M,M,M,M,M,M,M,M,M,M,M,M,M,53.60,FALE 212300Z VRB01KT 9000 NSC 12/12 Q1019 NOSIG,M
FALE,2026-07-21 23:47,55.40,55.40,100.00,M,2.00,0.00,30.12,M,0.93,M,SCT,M,M,M,1300.00,M,M,M,BR,M,M,M,M,M,M,55.40,FALE 212347Z VRB02KT 1500 R24/0900D BR SCT013 13/13 Q1020 NOSIG,M
FALE,2026-07-22 00:00,57.20,57.20,100.00,0.00,0.00,0.00,30.12,M,0.93,M,SCT,M,M,M,1300.00,M,M,M,BR,M,M,M,M,M,M,57.20,FALE 220000Z 00000KT 1500 R24/0600D BR SCT013 14/14 Q1020 TEMPO BKN013,M
FALE,2026-07-22 00:08,55.40,55.40,100.00,0.00,0.00,0.00,30.12,M,4.35,M,SCT,M,M,M,1300.00,M,M,M,M,M,M,M,M,M,M,55.40,FALE 220008Z 00000KT 7000 SCT013 13/13 Q1020 TEMPO BKN013,M
FALE,2026-07-22 01:00,57.20,57.20,100.00,220.00,2.00,0.00,30.09,M,6.21,M,SCT,M,M,M,1100.00,M,M,M,M,M,M,M,M,M,M,57.20,FALE 220100Z 22002KT 9999 SCT011 14/14 Q1019 TEMPO BKN013,M
FALE,2026-07-22 02:00,51.80,51.80,100.00,0.00,0.00,0.00,30.09,M,6.21,M,M,M,M,M,M,M,M,M,M,M,M,M,M,M,M,51.80,FALE 220200Z 00000KT CAVOK 11/11 Q1019 NOSIG,M
FALE,2026-07-22 03:00,51.80,51.80,100.00,M,1.00,0.00,30.09,M,6.21,M,M,M,M,M,M,M,M,M,M,M,M,M,M,M,M,51.80,FALE 220300Z VRB01KT CAVOK 11/11 Q1019 NOSIG,M
FALE,2026-07-22 04:00,53.60,53.60,100.00,M,1.00,0.00,30.12,M,6.21,M,M,M,M,M,M,M,M,M,M,M,M,M,M,M,M,53.60,FALE 220400Z VRB01KT CAVOK 12/12 Q1020 NOSIG,M
FALE,2026-07-22 04:50,50.00,50.00,100.00,M,2.00,0.00,30.12,M,1.99,M,NSC,M,M,M,M,M,M,M,BR,M,M,M,M,M,M,50.00,FALE 220450Z VRB02KT 3200 BR NSC 10/10 Q1020 NOSIG,M
FALE,2026-07-22 05:00,51.80,50.00,93.55,M,2.00,0.00,30.12,M,1.99,M,NSC,M,M,M,M,M,M,M,BR,M,M,M,M,M,M,51.80,FALE 220500Z VRB02KT 3200 BR NSC 11/10 Q1020 NOSIG,M
FALE,2026-07-22 05:01,50.00,50.00,100.00,0.00,0.00,0.00,30.12,M,2.49,M,NSC,M,M,M,M,M,M,M,BR,M,M,M,M,M,M,50.00,FALE 220501Z 00000KT 4000 BR NSC 10/10 Q1020 NOSIG,M
FALE,2026-07-22 05:15,53.60,51.80,93.60,M,2.00,0.00,30.15,M,5.59,M,NSC,M,M,M,M,M,M,M,M,M,M,M,M,M,M,53.60,FALE 220515Z VRB02KT 9000 NSC 12/11 Q1021 NOSIG,M
FALE,2026-07-22 05:49,57.20,55.40,93.70,240.00,4.00,0.00,30.15,M,5.59,M,NSC,M,M,M,M,M,M,M,M,M,M,M,M,M,M,57.20,FALE 220549Z 24004KT 9000 NSC 14/13 Q1021 NOSIG,M
FALE,2026-07-22 06:00,57.20,55.40,93.70,240.00,4.00,0.00,30.15,M,5.59,M,NSC,M,M,M,M,M,M,M,M,M,M,M,M,M,M,57.20,FALE 220600Z 24004KT 190V250 9000 NSC 14/13 Q1021 NOSIG,M
FALE,2026-07-22 06:20,60.80,57.20,87.93,0.00,0.00,0.00,30.15,M,6.21,M,M,M,M,M,M,M,M,M,M,M,M,M,M,M,M,60.80,FALE 220620Z 00000KT CAVOK 16/14 Q1021 NOSIG,M
FALE,2026-07-22 07:00,62.60,57.20,82.51,240.00,3.00,0.00,30.15,M,6.21,M,M,M,M,M,M,M,M,M,M,M,M,M,M,M,M,62.60,FALE 220700Z 24003KT 210V310 CAVOK 17/14 Q1021 NOSIG,M
FALE,2026-07-22 07:24,66.20,59.00,77.62,0.00,0.00,0.00,30.15,M,6.21,M,M,M,M,M,M,M,M,M,M,M,M,M,M,M,M,66.20,FALE 220724Z 00000KT CAVOK 19/15 Q1021 NOSIG,M
FALE,2026-07-22 08:00,68.00,57.20,68.38,40.00,4.00,0.00,30.12,M,6.21,M,M,M,M,M,M,M,M,M,M,M,M,M,M,M,M,68.00,FALE 220800Z 04004KT 340V090 CAVOK 20/14 Q1020 NOSIG,M
FALE,2026-07-22 09:01,71.60,57.20,60.48,40.00,3.00,0.00,30.12,M,6.21,M,M,M,M,M,M,M,M,M,M,M,M,M,M,M,M,71.60,FALE 220901Z 04003KT 340V120 CAVOK 22/14 Q1020 NOSIG,M
FALE,2026-07-22 10:00,73.40,59.00,60.72,70.00,5.00,0.00,30.09,M,6.21,M,M,M,M,M,M,M,M,M,M,M,M,M,M,M,M,73.40,FALE 221000Z 07005KT CAVOK 23/15 Q1019 NOSIG,M
FALE,2026-07-22 11:00,75.20,59.00,57.17,70.00,8.00,0.00,30.03,M,6.21,M,M,M,M,M,M,M,M,M,M,M,M,M,M,M,M,75.20,FALE 221100Z 07008KT CAVOK 24/15 Q1017 NOSIG,M
FALE,2026-07-22 12:00,75.20,60.80,60.96,60.00,12.00,0.00,30.03,M,6.21,M,M,M,M,M,M,M,M,M,M,M,M,M,M,M,M,75.20,FALE 221200Z 06012KT CAVOK 24/16 Q1017 NOSIG,M
FALE,2026-07-22 13:00,77.00,62.60,61.19,60.00,12.00,0.00,30.00,M,6.21,M,M,M,M,M,M,M,M,M,M,M,M,M,M,M,M,77.00,FALE 221300Z 06012KT CAVOK 25/17 Q1016 NOSIG,M
FALE,2026-07-22 14:00,75.20,66.20,73.66,70.00,11.00,0.00,30.00,M,6.21,M,M,M,M,M,M,M,M,M,M,M,M,M,M,M,M,75.20,FALE 221400Z 07011KT CAVOK 24/19 Q1016 NOSIG,M
FALE,2026-07-22 15:00,73.40,66.20,78.23,60.00,11.00,0.00,30.00,M,6.21,M,M,M,M,M,M,M,M,M,M,M,M,M,M,M,M,73.40,FALE 221500Z 06011KT CAVOK 23/19 Q1016 NOSIG,M
FALE,2026-07-22 16:00,71.60,68.00,88.45,60.00,10.00,0.00,30.03,M,6.21,M,M,M,M,M,M,M,M,M,M,M,M,M,M,M,M,71.60,FALE 221600Z 06010KT CAVOK 22/20 Q1017 NOSIG,M
FALE,2026-07-22 17:00,69.80,68.00,94.02,50.00,10.00,0.00,30.03,M,6.21,M,M,M,M,M,M,M,M,M,M,M,M,M,M,M,M,69.80,FALE 221700Z 05010KT CAVOK 21/20 Q1017 NOSIG,M
FALE,2026-07-22 18:00,68.00,66.20,93.98,50.00,8.00,0.00,30.03,M,6.21,M,M,M,M,M,M,M,M,M,M,M,M,M,M,M,M,68.00,FALE 221800Z 05008KT CAVOK 20/19 Q1017 NOSIG,M
FALE,2026-07-22 19:00,66.20,64.40,93.93,50.00,7.00,0.00,30.03,M,4.97,M,NSC,M,M,M,M,M,M,M,M,M,M,M,M,M,M,66.20,FALE 221900Z 05007KT 8000 NSC 19/18 Q1017 NOSIG,M
FALE,2026-07-22 20:00,66.20,64.40,93.93,50.00,3.00,0.00,30.03,M,4.97,M,NSC,M,M,M,M,M,M,M,M,M,M,M,M,M,M,66.20,FALE 222000Z 05003KT 8000 NSC 19/18 Q1017 NOSIG,M
FALE,2026-07-22 21:00,60.80,59.00,93.79,M,1.00,0.00,30.03,M,3.11,M,NSC,M,M,M,M,M,M,M,BR,M,M,M,M,M,M,60.80,FALE 222100Z VRB01KT 5000 BR NSC 16/15 Q1017 NOSIG,M
FALE,2026-07-22 21:08,60.80,59.00,93.79,M,1.00,0.00,30.03,M,3.11,M,NSC,M,M,M,M,M,M,M,BR,M,M,M,M,M,M,60.80,FALE 222108Z VRB01KT 5000 BR NSC 16/15 Q1017 NOSIG,M
FALE,2026-07-22 22:00,59.00,57.20,93.74,M,1.00,0.00,30.03,M,2.05,M,NSC,M,M,M,M,M,M,M,BR,M,M,M,M,M,M,59.00,COR FALE 222200Z VRB01KT 3300 BR NSC 15/14 Q1017 TEMPO 3500,M
FALE,2026-07-22 22:03,59.00,59.00,100.00,M,1.00,0.00,30.03,M,2.05,M,NSC,M,M,M,M,M,M,M,BR,M,M,M,M,M,M,59.00,FALE 222203Z VRB01KT 3300 BR NSC 15/15 Q1017 TEMPO 3500,M
FALE,2026-07-22 23:00,55.40,55.40,100.00,0.00,0.00,0.00,30.00,M,1.30,M,NSC,M,M,M,M,M,M,M,BR,M,M,M,M,M,M,55.40,FALE 222300Z 00000KT 2100 BR NSC 13/13 Q1016 TEMPO 3500,M
FALE,2026-07-22 23:01,55.40,55.40,100.00,0.00,0.00,0.00,30.00,M,1.24,M,NSC,M,M,M,M,M,M,M,BR,M,M,M,M,M,M,55.40,FALE 222301Z 00000KT 2000 BR NSC 13/13 Q1016 TEMPO 3500,M
FALE,2026-07-22 23:53,53.60,51.80,93.60,M,2.00,0.00,30.00,M,4.35,M,NSC,M,M,M,M,M,M,M,M,M,M,M,M,M,M,53.60,FALE 222353Z VRB02KT 7000 NSC 12/11 Q1016 NOSIG,M
FALE,2026-07-23 00:00,53.60,53.60,100.00,M,2.00,0.00,30.00,M,4.35,M,NSC,M,M,M,M,M,M,M,M,M,M,M,M,M,M,53.60,FALE 230000Z VRB02KT 7000 NSC 12/12 Q1016 NOSIG,M
FALE,2026-07-23 01:00,48.20,48.20,100.00,M,1.00,0.00,30.00,M,3.73,M,NSC,M,M,M,M,M,M,M,M,M,M,M,M,M,M,48.20,FALE 230100Z VRB01KT 6000 NSC 09/09 Q1016 NOSIG,M
FALE,2026-07-23 02:00,48.20,48.20,100.00,M,1.00,0.00,30.00,M,5.59,M,NSC,M,M,M,M,M,M,M,M,M,M,M,M,M,M,48.20,FALE 230200Z VRB01KT 9000 NSC 09/09 Q1016 NOSIG,M
FALE,2026-07-23 02:51,48.20,48.20,100.00,M,1.00,0.00,29.97,M,3.11,M,NSC,M,M,M,M,M,M,M,BR,M,M,M,M,M,M,48.20,FALE 230251Z VRB01KT 5000 BR NSC 09/09 Q1015 NOSIG,M
FALE,2026-07-23 03:00,48.20,46.40,93.45,M,1.00,0.00,29.97,M,3.11,M,NSC,M,M,M,M,M,M,M,BR,M,M,M,M,M,M,48.20,FALE 230300Z VRB01KT 5000 BR NSC 09/08 Q1015 NOSIG,M
FALE,2026-07-23 03:11,51.80,51.80,100.00,0.00,0.00,0.00,29.97,M,4.97,M,NSC,M,M,M,M,M,M,M,M,M,M,M,M,M,M,51.80,FALE 230311Z 00000KT 8000 NSC 11/11 Q1015 NOSIG,M
FALE,2026-07-23 03:32,50.00,50.00,100.00,0.00,0.00,0.00,29.97,M,3.11,M,NSC,M,M,M,M,M,M,M,BR,M,M,M,M,M,M,50.00,FALE 230332Z 00000KT 5000 BR NSC 10/10 Q1015 NOSIG,M
FALE,2026-07-23 03:52,50.00,48.20,93.50,M,1.00,0.00,30.00,M,5.59,M,NSC,M,M,M,M,M,M,M,M,M,M,M,M,M,M,50.00,FALE 230352Z VRB01KT 9000 NSC 10/09 Q1016 NOSIG,M
FALE,2026-07-23 04:00,50.00,48.20,93.50,M,1.00,0.00,30.00,M,5.59,M,NSC,M,M,M,M,M,M,M,M,M,M,M,M,M,M,50.00,FALE 230400Z VRB01KT 9000 NSC 10/09 Q1016 NOSIG,M
FALE,2026-07-23 05:00,50.00,48.20,93.50,M,2.00,0.00,30.00,M,6.21,M,M,M,M,M,M,M,M,M,M,M,M,M,M,M,M,50.00,FALE 230500Z VRB02KT CAVOK 10/09 Q1016 NOSIG,M
FALE,2026-07-23 05:06,53.60,48.20,81.87,200.00,6.00,0.00,30.03,M,6.21,M,M,M,M,M,M,M,M,M,M,M,M,M,M,M,M,53.60,FALE 230506Z 20006KT 180V240 CAVOK 12/09 Q1017 NOSIG,M
FALE,2026-07-23 05:27,57.20,50.00,76.83,190.00,5.00,0.00,30.03,M,6.21,M,M,M,M,M,M,M,M,M,M,M,M,M,M,M,M,57.20,FALE 230527Z 19005KT 150V230 CAVOK 14/10 Q1017 NOSIG,M
FALE,2026-07-23 06:00,59.00,50.00,72.02,200.00,8.00,0.00,30.06,M,6.21,M,M,M,M,M,M,M,M,M,M,M,M,M,M,M,M,59.00,FALE 230600Z 20008KT CAVOK 15/10 Q1018 NOSIG,M
FALE,2026-07-23 06:25,62.60,57.20,82.51,220.00,6.00,0.00,30.06,M,6.21,M,M,M,M,M,M,M,M,M,M,M,M,M,M,M,M,62.60,FALE 230625Z 22006KT CAVOK 17/14 Q1018 NOSIG,M
FALE,2026-07-23 07:00,64.40,60.80,88.10,220.00,7.00,0.00,30.06,M,6.21,M,M,M,M,M,M,M,M,M,M,M,M,M,M,M,M,64.40,FALE 230700Z 22007KT CAVOK 18/16 Q1018 NOSIG,M
FALE,2026-07-23 07:28,68.00,60.80,77.77,230.00,8.00,0.00,30.06,M,6.21,M,M,M,M,M,M,M,M,M,M,M,M,M,M,M,M,68.00,FALE 230728Z 23008KT CAVOK 20/16 Q1018 NOSIG,M
FALE,2026-07-23 08:00,69.80,60.80,73.13,220.00,7.00,0.00,30.06,M,6.21,M,M,M,M,M,M,M,M,M,M,M,M,M,M,M,M,69.80,FALE 230800Z 22007KT CAVOK 21/16 Q1018 NOSIG,M
FALE,2026-07-23 09:00,71.60,60.80,68.79,190.00,8.00,0.00,30.03,M,6.21,M,M,M,M,M,M,M,M,M,M,M,M,M,M,M,M,71.60,FALE 230900Z 19008KT 160V220 CAVOK 22/16 Q1017 NOSIG,M
FALE,2026-07-23 10:00,73.40,62.60,68.99,200.00,9.00,0.00,30.03,M,6.21,M,FEW,M,M,M,2600.00,M,M,M,M,M,M,M,M,M,M,73.40,FALE 231000Z 20009KT 160V220 9999 FEW026 23/17 Q1017 NOSIG,M
FALE,2026-07-23 11:00,71.60,62.60,73.30,180.00,10.00,0.00,30.00,M,6.21,M,SCT,M,M,M,2400.00,M,M,M,M,M,M,M,M,M,M,71.60,FALE 231100Z 18010KT 9999 SCT024 22/17 Q1016 NOSIG,M
FALE,2026-07-23 11:30,71.60,62.60,73.30,180.00,10.00,0.00,30.00,M,6.21,M,M,M,M,M,M,M,M,M,M,M,M,M,M,M,M,71.60,COR FALE 231130Z 18010KT CAVOK 22/17 Q1016 NOSIG,M
FALE,2026-07-23 12:00,69.80,62.60,77.93,200.00,8.00,0.00,30.00,M,6.21,M,M,M,M,M,M,M,M,M,M,M,M,M,M,M,M,69.80,FALE 231200Z 20008KT 160V220 CAVOK 21/17 Q1016 NOSIG,M
FALE,2026-07-23 13:00,69.80,64.40,83.00,190.00,7.00,0.00,30.00,M,6.21,M,M,M,M,M,M,M,M,M,M,M,M,M,M,M,M,69.80,FALE 231300Z 19007KT CAVOK 21/18 Q1016 NOSIG,M
FALE,2026-07-23 14:00,69.80,64.40,83.00,190.00,5.00,0.00,29.97,M,6.21,M,FEW,M,M,M,2600.00,M,M,M,M,M,M,M,M,M,M,69.80,FALE 231400Z 19005KT 140V220 9999 FEW026 21/18 Q1015 NOSIG,M
FALE,2026-07-23 15:00,68.00,62.60,82.88,20.00,5.00,0.00,29.94,M,6.21,M,FEW,M,M,M,2200.00,M,M,M,M,M,M,M,M,M,M,68.00,FALE 231500Z 02005KT 9999 FEW022 20/17 Q1014 NOSIG,M
FALE,2026-07-23 16:00,60.80,59.00,93.79,0.00,0.00,0.00,29.97,M,6.21,M,FEW,M,M,M,2500.00,M,M,M,M,M,M,M,M,M,M,60.80,FALE 231600Z 00000KT 9999 FEW025 16/15 Q1015 NOSIG,M
FALE,2026-07-23 17:00,59.00,59.00,100.00,M,1.00,0.00,30.00,M,6.21,M,FEW,M,M,M,2500.00,M,M,M,M,M,M,M,M,M,M,59.00,FALE 231700Z VRB01KT 9999 FEW025 15/15 Q1016 NOSIG,M
FALE,2026-07-23 18:00,62.60,60.80,93.84,M,2.00,0.00,30.00,M,6.21,M,FEW,M,M,M,2500.00,M,M,M,M,M,M,M,M,M,M,62.60,FALE 231800Z VRB02KT 9999 FEW025 17/16 Q1016 NOSIG,M
FALE,2026-07-23 19:00,60.80,59.00,93.79,220.00,4.00,0.00,30.03,M,6.21,M,FEW,SCT,M,M,1400.00,2400.00,M,M,M,M,M,M,M,M,M,60.80,FALE 231900Z 22004KT 9999 FEW014 SCT024 16/15 Q1017 NOSIG,M
FALE,2026-07-23 20:00,62.60,60.80,93.84,210.00,6.00,0.00,30.03,M,6.21,M,M,M,M,M,M,M,M,M,M,M,M,M,M,M,M,62.60,FALE 232000Z 21006KT CAVOK 17/16 Q1017 NOSIG,M
FALE,2026-07-23 21:00,62.60,60.80,93.84,220.00,7.00,0.00,30.06,M,4.97,M,FEW,BKN,M,M,2700.00,3200.00,M,M,M,M,M,M,M,M,M,62.60,FALE 232100Z 22007KT 8000 FEW027 BKN032 17/16 Q1018 NOSIG,M
FALE,2026-07-23 22:00,64.40,60.80,88.10,220.00,9.00,0.00,30.09,M,6.21,M,SCT,M,M,M,3800.00,M,M,M,M,M,M,M,M,M,M,64.40,FALE 232200Z 22009KT 9999 SCT038 18/16 Q1019 NOSIG,M
FALE,2026-07-23 23:00,64.40,59.00,82.63,220.00,11.00,0.00,30.09,M,6.21,M,FEW,M,M,M,3600.00,M,M,M,M,M,M,M,M,M,M,64.40,FALE 232300Z 22011KT 9999 FEW036 18/15 Q1019 NOSIG,M
FALE,2026-07-24 00:00,66.20,57.20,72.76,220.00,13.00,0.00,30.12,M,6.21,M,FEW,BKN,M,M,2400.00,3900.00,M,M,M,M,M,M,M,M,M,66.20,FALE 240000Z 22013KT 9999 FEW024 BKN039 19/14 Q1020 NOSIG,M
FALE,2026-07-24 00:21,66.20,55.40,68.18,220.00,11.00,0.00,30.12,M,6.21,22.00,FEW,M,M,M,4600.00,M,M,M,M,M,M,M,M,M,M,66.20,FALE 240021Z 22011G22KT 9999 FEW046 19/13 Q1020 NOSIG,M
FALE,2026-07-24 01:00,64.40,53.60,67.97,220.00,7.00,0.00,30.12,M,6.21,M,M,M,M,M,M,M,M,M,M,M,M,M,M,M,M,64.40,FALE 240100Z 22007KT CAVOK 18/12 Q1020 NOSIG,M
FALE,2026-07-24 01:51,64.40,53.60,67.97,220.00,11.00,0.00,30.15,M,6.21,M,M,M,M,M,M,M,M,M,M,M,M,M,M,M,M,64.40,FALE 240151Z 22011KT 190V250 CAVOK 18/12 Q1021 NOSIG,M
FALE,2026-07-24 02:00,64.40,53.60,67.97,220.00,11.00,0.00,30.15,M,6.21,M,M,M,M,M,M,M,M,M,M,M,M,M,M,M,M,64.40,FALE 240200Z 22011KT 190V250 CAVOK 18/12 Q1021 NOSIG,M
FALE,2026-07-24 02:39,62.60,50.00,63.39,220.00,14.00,0.00,30.15,M,6.21,24.00,M,M,M,M,M,M,M,M,M,M,M,M,M,M,M,62.60,FALE 240239Z 22014G24KT CAVOK 17/10 Q1021 NOSIG,M
FALE,2026-07-24 02:40,62.60,50.00,63.39,220.00,15.00,0.00,30.15,M,6.21,M,M,M,M,M,M,M,M,M,M,M,M,M,M,M,M,62.60,FALE 240240Z 22015KT CAVOK 17/10 Q1021 NOSIG,M
FALE,2026-07-24 02:45,62.60,50.00,63.39,220.00,14.00,0.00,30.18,M,6.21,24.00,M,M,M,M,M,M,M,M,M,M,M,M,M,M,M,62.60,FALE 240245Z 22014G24KT CAVOK 17/10 Q1022 NOSIG,M
FALE,2026-07-24 03:00,62.60,50.00,63.39,220.00,13.00,0.00,30.18,M,6.21,M,M,M,M,M,M,M,M,M,M,M,M,M,M,M,M,62.60,FALE 240300Z 22013KT CAVOK 17/10 Q1022 NOSIG,M
FALE,2026-07-24 04:00,57.20,48.20,71.84,240.00,5.00,0.00,30.18,M,6.21,M,M,M,M,M,M,M,M,M,M,M,M,M,M,M,M,57.20,FALE 240400Z 24005KT CAVOK 14/09 Q1022 NOSIG,M
FALE,2026-07-24 05:00,57.20,48.20,71.84,210.00,3.00,0.00,30.21,M,6.21,M,M,M,M,M,M,M,M,M,M,M,M,M,M,M,M,57.20,FALE 240500Z 21003KT CAVOK 14/09 Q1023 NOSIG,M
FALE,2026-07-24 05:40,60.80,50.00,67.55,M,2.00,0.00,30.24,M,6.21,M,M,M,M,M,M,M,M,M,M,M,M,M,M,M,M,60.80,FALE 240540Z VRB02KT CAVOK 16/10 Q1024 NOSIG,M
FALE,2026-07-24 06:00,62.60,50.00,63.39,240.00,6.00,0.00,30.24,M,6.21,M,M,M,M,M,M,M,M,M,M,M,M,M,M,M,M,62.60,FALE 240600Z 24006KT CAVOK 17/10 Q1024 NOSIG,M
FALE,2026-07-24 06:29,66.20,46.40,48.85,220.00,14.00,0.00,30.24,M,6.21,M,M,M,M,M,M,M,M,M,M,M,M,M,M,M,M,66.20,FALE 240629Z 22014KT CAVOK 19/08 Q1024 NOSIG,M
FALE,2026-07-24 06:54,66.20,44.60,45.62,210.00,17.00,0.00,30.27,M,6.21,M,M,M,M,M,M,M,M,M,M,M,M,M,M,M,M,66.20,FALE 240654Z 21017KT CAVOK 19/07 Q1025 NOSIG,M
FALE,2026-07-24 07:00,66.20,44.60,45.62,210.00,18.00,0.00,30.27,M,6.21,M,M,M,M,M,M,M,M,M,M,M,M,M,M,M,M,66.20,FALE 240700Z 21018KT CAVOK 19/07 Q1025 NOSIG,M
FALE,2026-07-24 07:22,68.00,44.60,42.87,210.00,17.00,0.00,30.27,M,6.21,30.00,M,M,M,M,M,M,M,M,M,M,M,M,M,M,M,68.00,FALE 240722Z 21017G30KT CAVOK 20/07 Q1025 NOSIG,M
FALE,2026-07-24 08:00,68.00,46.40,45.91,200.00,18.00,0.00,30.30,M,6.21,31.00,M,M,M,M,M,M,M,M,M,M,M,M,M,M,M,68.00,FALE 240800Z 20018G31KT CAVOK 20/08 Q1026 NOSIG,M
FALE,2026-07-24 09:00,69.80,48.20,46.19,200.00,16.00,0.00,30.33,M,6.21,M,FEW,M,M,M,2000.00,M,M,M,M,M,M,M,M,M,M,69.80,FALE 240900Z 20016KT 9999 FEW020 21/09 Q1027 NOSIG,M
FALE,2026-07-24 09:23,69.80,50.00,49.40,190.00,16.00,0.00,30.33,M,6.21,27.00,FEW,M,M,M,2000.00,M,M,M,M,M,M,M,M,M,M,69.80,FALE 240923Z 19016G27KT 9999 FEW020 21/10 Q1027 NOSIG,M
FALE,2026-07-24 10:00,69.80,50.00,49.40,190.00,16.00,0.00,30.33,M,6.21,M,FEW,M,M,M,2000.00,M,M,M,M,M,M,M,M,M,M,69.80,FALE 241000Z 19016KT 160V220 9999 FEW020 21/10 Q1027 NOSIG,M
FALE,2026-07-24 10:31,69.80,50.00,49.40,200.00,16.00,0.00,30.30,M,6.21,M,FEW,M,M,M,2300.00,M,M,M,M,M,M,M,M,M,M,69.80,FALE 241031Z 20016KT 9999 FEW023 21/10 Q1026 NOSIG,M
FALE,2026-07-24 10:33,69.80,50.00,49.40,200.00,16.00,0.00,30.30,M,6.21,26.00,FEW,M,M,M,2300.00,M,M,M,M,M,M,M,M,M,M,69.80,FALE 241033Z 20016G26KT 9999 FEW023 21/10 Q1026 NOSIG,M
FALE,2026-07-24 11:00,68.00,53.60,60.00,190.00,18.00,0.00,30.30,M,6.21,28.00,FEW,M,M,M,2300.00,M,M,M,M,M,M,M,M,M,M,68.00,FALE 241100Z 19018G28KT 9999 FEW023 20/12 Q1026 NOSIG,M
FALE,2026-07-24 11:24,68.00,53.60,60.00,190.00,20.00,0.00,30.30,M,6.21,30.00,FEW,M,M,M,2300.00,M,M,M,M,M,M,M,M,M,M,68.00,FALE 241124Z 19020G30KT 9999 FEW023 20/12 Q1026 NOSIG,M
FALE,2026-07-24 12:00,69.80,51.80,52.81,200.00,17.00,0.00,30.30,M,6.21,28.00,SCT,M,M,M,2700.00,M,M,M,M,M,M,M,M,M,M,69.80,FALE 241200Z 20017G28KT 170V230 9999 SCT027 21/11 Q1026 NOSIG,M
FALE,2026-07-24 12:32,68.00,53.60,60.00,200.00,15.00,0.00,30.30,M,6.21,M,FEW,M,M,M,2400.00,M,M,M,M,M,M,M,M,M,M,68.00,FALE 241232Z 20015KT 160V220 9999 FEW024 20/12 Q1026 NOSIG,M
FALE,2026-07-24 12:36,68.00,51.80,56.16,200.00,16.00,0.00,30.33,M,6.21,28.00,FEW,M,M,M,2400.00,M,M,M,M,M,M,M,M,M,M,68.00,FALE 241236Z 20016G28KT 160V220 9999 FEW024 20/11 Q1027 NOSIG,M
FALE,2026-07-24 13:00,68.00,53.60,60.00,190.00,16.00,0.00,30.30,M,6.21,29.00,FEW,M,M,M,2600.00,M,M,M,M,M,M,M,M,M,M,68.00,FALE 241300Z 19016G29KT 9999 FEW026 20/12 Q1026 NOSIG,M
FALE,2026-07-24 13:08,68.00,53.60,60.00,190.00,18.00,0.00,30.33,M,6.21,M,FEW,M,M,M,2800.00,M,M,M,M,M,M,M,M,M,M,68.00,FALE 241308Z 19018KT 160V220 9999 FEW028 20/12 Q1027 NOSIG,M
FALE,2026-07-24 13:16,68.00,53.60,60.00,200.00,17.00,0.00,30.33,M,6.21,27.00,SCT,M,M,M,2900.00,M,M,M,M,M,M,M,M,M,M,68.00,FALE 241316Z 20017G27KT 160V220 9999 SCT029 20/12 Q1027 NOSIG,M
FALE,2026-07-24 13:55,66.20,57.20,72.76,190.00,17.00,0.00,30.33,M,6.21,28.00,SCT,M,M,M,3000.00,M,M,M,M,M,M,M,M,M,M,66.20,FALE 241355Z 19017G28KT 9999 SCT030 19/14 Q1027 NOSIG,M
FALE,2026-07-24 14:00,68.00,55.40,64.07,190.00,17.00,0.00,30.33,M,6.21,28.00,FEW,M,M,M,3000.00,M,M,M,M,M,M,M,M,M,M,68.00,FALE 241400Z 19017G28KT 9999 FEW030 20/13 Q1027 NOSIG,M
FALE,2026-07-24 14:37,66.20,53.60,63.85,190.00,16.00,0.00,30.33,M,6.21,26.00,SCT,M,M,M,2900.00,M,M,M,M,M,M,M,M,M,M,66.20,FALE 241437Z 19016G26KT 9999 SCT029 19/12 Q1027 NOSIG,M
FALE,2026-07-24 14:50,64.40,53.60,67.97,190.00,16.00,0.00,30.33,M,6.21,M,SCT,M,M,M,2800.00,M,M,M,M,M,M,M,M,M,M,64.40,FALE 241450Z 19016KT 150V210 9999 SCT028 18/12 Q1027 NOSIG,M
FALE,2026-07-24 14:55,64.40,53.60,67.97,190.00,15.00,0.00,30.33,M,6.21,M,SCT,M,M,M,3000.00,M,M,M,M,M,M,M,M,M,M,64.40,FALE 241455Z 19015KT 150V210 9999 SCT030 18/12 Q1027 NOSIG,M
FALE,2026-07-24 15:00,64.40,53.60,67.97,190.00,15.00,0.00,30.33,M,6.21,M,SCT,M,M,M,3000.00,M,M,M,M,M,M,M,M,M,M,64.40,FALE 241500Z 19015KT 150V210 9999 SCT030 18/12 Q1027 NOSIG,M
FALE,2026-07-24 16:00,64.40,53.60,67.97,190.00,13.00,0.00,30.36,M,6.21,M,SCT,M,M,M,3100.00,M,M,M,M,M,M,M,M,M,M,64.40,FALE 241600Z 19013KT 9999 SCT031 18/12 Q1028 NOSIG,M
FALE,2026-07-24 17:00,64.40,51.80,63.62,210.00,10.00,0.00,30.39,M,6.21,M,FEW,M,M,M,3200.00,M,M,M,M,M,M,M,M,M,M,64.40,FALE 241700Z 21010KT 9999 FEW032 18/11 Q1029 NOSIG,M
FALE,2026-07-24 18:00,62.60,51.80,67.76,220.00,7.00,0.00,30.39,M,6.21,M,FEW,M,M,M,3200.00,M,M,M,M,M,M,M,M,M,M,62.60,FALE 241800Z 22007KT 9999 FEW032 17/11 Q1029 NOSIG,M
FALE,2026-07-24 19:00,59.00,51.80,76.99,220.00,7.00,0.00,30.39,M,6.21,M,FEW,M,M,M,3900.00,M,M,M,M,M,M,M,M,M,M,59.00,FALE 241900Z 22007KT 9999 FEW039 15/11 Q1029 NOSIG,M
FALE,2026-07-24 20:00,57.20,51.80,82.13,220.00,3.00,0.00,30.39,M,6.21,M,FEW,SCT,M,M,3200.00,4300.00,M,M,M,M,M,M,M,M,M,57.20,FALE 242000Z 22003KT 9999 FEW032 SCT043 14/11 Q1029 NOSIG,M
FALE,2026-07-24 21:00,57.20,51.80,82.13,260.00,5.00,0.00,30.39,M,6.21,M,M,M,M,M,M,M,M,M,M,M,M,M,M,M,M,57.20,FALE 242100Z 26005KT CAVOK 14/11 Q1029 NOSIG,M
FALE,2026-07-24 22:00,57.20,50.00,76.83,250.00,5.00,0.00,30.39,M,6.21,M,FEW,M,M,M,3100.00,M,M,M,M,M,M,M,M,M,M,57.20,FALE 242200Z 25005KT 9999 FEW031 14/10 Q1029 NOSIG,M
FALE,2026-07-24 23:00,57.20,50.00,76.83,260.00,5.00,0.00,30.39,M,6.21,M,FEW,M,M,M,3600.00,M,M,M,M,M,M,M,M,M,M,57.20,FALE 242300Z 26005KT 9999 FEW036 14/10 Q1029 NOSIG,M
FALE,2026-07-25 00:00,53.60,48.20,81.87,230.00,4.00,0.00,30.39,M,6.21,M,FEW,M,M,M,4800.00,M,M,M,M,M,M,M,M,M,M,53.60,FALE 250000Z 23004KT 9999 FEW048 12/09 Q1029 NOSIG,M
FALE,2026-07-25 00:31,57.20,48.20,71.84,260.00,7.00,0.00,30.36,M,6.21,M,M,M,M,M,M,M,M,M,M,M,M,M,M,M,M,57.20,FALE 250031Z 26007KT CAVOK 14/09 Q1028 NOSIG,M
FALE,2026-07-25 01:00,57.20,48.20,71.84,270.00,9.00,0.00,30.36,M,6.21,M,M,M,M,M,M,M,M,M,M,M,M,M,M,M,M,57.20,FALE 250100Z 27009KT CAVOK 14/09 Q1028 NOSIG,M
FALE,2026-07-25 02:00,55.40,46.40,71.65,250.00,8.00,0.00,30.36,M,6.21,M,M,M,M,M,M,M,M,M,M,M,M,M,M,M,M,55.40,FALE 250200Z 25008KT CAVOK 13/08 Q1028 NOSIG,M
FALE,2026-07-25 03:00,57.20,46.40,67.13,270.00,9.00,0.00,30.36,M,6.21,M,M,M,M,M,M,M,M,M,M,M,M,M,M,M,M,57.20,FALE 250300Z 27009KT CAVOK 14/08 Q1028 NOSIG,M
FALE,2026-07-25 04:00,57.20,46.40,67.13,260.00,8.00,0.00,30.39,M,6.21,M,M,M,M,M,M,M,M,M,M,M,M,M,M,M,M,57.20,FALE 250400Z 26008KT CAVOK 14/08 Q1029 NOSIG,M
FALE,2026-07-25 05:00,55.40,46.40,71.65,230.00,3.00,0.00,30.39,M,6.21,M,BKN,M,M,M,3200.00,M,M,M,M,M,M,M,M,M,M,55.40,FALE 250500Z 23003KT 9999 BKN032 13/08 Q1029 NOSIG,M
FALE,2026-07-25 05:53,59.00,46.40,62.93,260.00,3.00,0.00,30.42,M,6.21,M,BKN,M,M,M,2900.00,M,M,M,M,M,M,M,M,M,M,59.00,FALE 250553Z 26003KT 9999 BKN029 15/08 Q1030 NOSIG,M
FALE,2026-07-25 06:00,59.00,46.40,62.93,260.00,3.00,0.00,30.42,M,6.21,M,BKN,M,M,M,2900.00,M,M,M,M,M,M,M,M,M,M,59.00,FALE 250600Z 26003KT 220V290 9999 BKN029 15/08 Q1030 NOSIG,M
FALE,2026-07-25 07:00,60.80,46.40,59.02,250.00,7.00,0.00,30.42,M,6.21,M,BKN,M,M,M,2900.00,M,M,M,M,M,M,M,M,M,M,60.80,FALE 250700Z 25007KT 9999 BKN029 16/08 Q1030 NOSIG,M
FALE,2026-07-25 07:21,64.40,48.20,55.65,260.00,9.00,0.00,30.42,M,6.21,M,BKN,M,M,M,3500.00,M,M,M,M,M,M,M,M,M,M,64.40,FALE 250721Z 26009KT 9999 BKN035 18/09 Q1030 NOSIG,M
FALE,2026-07-25 08:00,64.40,48.20,55.65,240.00,7.00,0.00,30.45,M,6.21,M,BKN,M,M,M,3500.00,M,M,M,M,M,M,M,M,M,M,64.40,FALE 250800Z 24007KT 9999 BKN035 18/09 Q1031 NOSIG,M
FALE,2026-07-25 09:00,68.00,50.00,52.54,240.00,7.00,0.00,30.42,M,6.21,M,FEW,M,M,M,3700.00,M,M,M,M,M,M,M,M,M,M,68.00,FALE 250900Z 24007KT 190V300 9999 FEW037 20/10 Q1030 NOSIG,M
FALE,2026-07-25 10:00,68.00,51.80,56.16,170.00,8.00,0.00,30.42,M,6.21,M,FEW,M,M,M,3000.00,M,M,M,M,M,M,M,M,M,M,68.00,FALE 251000Z 17008KT 130V220 9999 FEW030 20/11 Q1030 NOSIG,M
FALE,2026-07-25 11:00,68.00,53.60,60.00,140.00,8.00,0.00,30.39,M,6.21,M,FEW,M,M,M,2700.00,M,M,M,M,M,M,M,M,M,M,68.00,FALE 251100Z 14008KT 100V180 9999 FEW027 20/12 Q1029 NOSIG,M
FALE,2026-07-25 12:00,68.00,55.40,64.07,140.00,7.00,0.00,30.36,M,6.21,M,FEW,M,M,M,1500.00,M,M,M,M,M,M,M,M,M,M,68.00,FALE 251200Z 14007KT 100V190 9999 FEW015 20/13 Q1028 NOSIG,M
FALE,2026-07-25 13:00,68.00,55.40,64.07,140.00,7.00,0.00,30.36,M,6.21,M,FEW,M,M,M,1500.00,M,M,M,M,M,M,M,M,M,M,68.00,FALE 251300Z 14007KT 100V190 9999 FEW015 20/13 Q1028 NOSIG,M
FALE,2026-07-25 14:00,66.20,55.40,68.18,140.00,6.00,0.00,30.36,M,6.21,M,FEW,M,M,M,1600.00,M,M,M,M,M,M,M,M,M,M,66.20,FALE 251400Z 14006KT 090V190 9999 FEW016 19/13 Q1028 NOSIG,M
FALE,2026-07-25 15:00,66.20,55.40,68.18,M,2.00,0.00,30.39,M,6.21,M,FEW,M,M,M,2300.00,M,M,M,M,M,M,M,M,M,M,66.20,FALE 251500Z VRB02KT 9999 FEW023 19/13 Q1029 NOSIG,M
FALE,2026-07-25 16:00,57.20,51.80,82.13,0.00,0.00,0.00,30.39,M,6.21,M,FEW,M,M,M,2600.00,M,M,M,M,M,M,M,M,M,M,57.20,FALE 251600Z 00000KT 9999 FEW026 14/11 Q1029 NOSIG,M
FALE,2026-07-25 17:00,57.20,53.60,87.75,M,2.00,0.00,30.39,M,6.21,M,SCT,M,M,M,2900.00,M,M,M,M,M,M,M,M,M,M,57.20,FALE 251700Z VRB02KT 9999 SCT029 14/12 Q1029 NOSIG,M
FALE,2026-07-25 18:00,55.40,51.80,87.65,0.00,0.00,0.00,30.42,M,6.21,M,SCT,M,M,M,3000.00,M,M,M,M,M,M,M,M,M,M,55.40,FALE 251800Z 00000KT 9999 SCT030 13/11 Q1030 NOSIG,M
FALE,2026-07-25 19:00,53.60,51.80,93.60,220.00,3.00,0.00,30.42,M,6.21,M,SCT,M,M,M,4400.00,M,M,M,M,M,M,M,M,M,M,53.60,FALE 251900Z 22003KT 9999 SCT044 12/11 Q1030 NOSIG,M
FALE,2026-07-25 20:00,51.80,50.00,93.55,0.00,0.00,0.00,30.42,M,6.21,M,BKN,M,M,M,3300.00,M,M,M,M,M,M,M,M,M,M,51.80,FALE 252000Z 00000KT 9999 BKN033 11/10 Q1030 NOSIG,M
FALE,2026-07-25 20:06,55.40,53.60,93.65,0.00,0.00,0.00,30.42,M,6.21,M,BKN,M,M,M,3300.00,M,M,M,M,M,M,M,M,M,M,55.40,FALE 252006Z 00000KT 9999 BKN033 13/12 Q1030 NOSIG,M
FALE,2026-07-25 21:00,55.40,53.60,93.65,220.00,2.00,0.00,30.42,M,6.21,M,BKN,M,M,M,4400.00,M,M,M,M,M,M,M,M,M,M,55.40,FALE 252100Z 22002KT 9999 BKN044 13/12 Q1030 NOSIG,M
FALE,2026-07-25 22:00,57.20,53.60,87.75,0.00,0.00,0.00,30.39,M,6.21,M,SCT,BKN,M,M,3500.00,4000.00,M,M,M,M,M,M,M,M,M,57.20,FALE 252200Z 00000KT 9999 SCT035 BKN040 14/12 Q1029 NOSIG,M
FALE,2026-07-25 23:00,53.60,51.80,93.60,0.00,0.00,0.00,30.39,M,6.21,M,BKN,M,M,M,4900.00,M,M,M,M,M,M,M,M,M,M,53.60,FALE 252300Z 00000KT 9999 BKN049 12/11 Q1029 NOSIG,M
FALE,2026-07-26 00:00,50.00,48.20,93.50,M,1.00,0.00,30.36,M,6.21,M,FEW,M,M,M,4900.00,M,M,M,M,M,M,M,M,M,M,50.00,FALE 260000Z VRB01KT 9999 FEW049 10/09 Q1028 NOSIG,M
FALE,2026-07-26 01:00,48.20,46.40,93.45,M,1.00,0.00,30.36,M,6.21,M,M,M,M,M,M,M,M,M,M,M,M,M,M,M,M,48.20,FALE 260100Z VRB01KT CAVOK 09/08 Q1028 NOSIG,M
FALE,2026-07-26 02:00,48.20,48.20,100.00,0.00,0.00,0.00,30.33,M,6.21,M,M,M,M,M,M,M,M,M,M,M,M,M,M,M,M,48.20,FALE 260200Z 00000KT CAVOK 09/09 Q1027 NOSIG,M
FALE,2026-07-26 03:00,48.20,46.40,93.45,0.00,0.00,0.00,30.33,M,6.21,M,M,M,M,M,M,M,M,M,M,M,M,M,M,M,M,48.20,FALE 260300Z 00000KT CAVOK 09/08 Q1027 NOSIG,M
FALE,2026-07-26 04:00,46.40,46.40,100.00,M,1.00,0.00,30.36,M,6.21,M,M,M,M,M,M,M,M,M,M,M,M,M,M,M,M,46.40,FALE 260400Z VRB01KT CAVOK 08/08 Q1028 NOSIG,M
FALE,2026-07-26 05:31,50.00,48.20,93.50,230.00,2.00,0.00,30.36,M,6.21,M,M,M,M,M,M,M,M,M,M,M,M,M,M,M,M,50.00,FALE 260531Z 23002KT CAVOK 10/09 Q1028 NOSIG,M
FALE,2026-07-26 05:48,53.60,53.60,100.00,220.00,2.00,0.00,30.36,M,6.21,M,M,M,M,M,M,M,M,M,M,M,M,M,M,M,M,53.60,FALE 260548Z 22002KT CAVOK 12/12 Q1028 NOSIG,M
FALE,2026-07-26 06:13,57.20,53.60,87.75,M,1.00,0.00,30.36,M,6.21,M,M,M,M,M,M,M,M,M,M,M,M,M,M,M,M,57.20,FALE 260613Z VRB01KT CAVOK 14/12 Q1028 NOSIG,M
FALE,2026-07-26 06:49,60.80,51.80,72.21,M,2.00,0.00,30.36,M,6.21,M,M,M,M,M,M,M,M,M,M,M,M,M,M,M,M,60.80,FALE 260649Z VRB02KT CAVOK 16/11 Q1028 NOSIG,M
FALE,2026-07-26 07:12,64.40,51.80,63.62,350.00,3.00,0.00,30.36,M,6.21,M,M,M,M,M,M,M,M,M,M,M,M,M,M,M,M,64.40,FALE 260712Z 35003KT 330V030 CAVOK 18/11 Q1028 NOSIG,M
FALE,2026-07-26 07:45,68.00,51.80,56.16,20.00,6.00,0.00,30.36,M,6.21,M,M,M,M,M,M,M,M,M,M,M,M,M,M,M,M,68.00,FALE 260745Z 02006KT 350V060 CAVOK 20/11 Q1028 NOSIG,M
FALE,2026-07-26 08:00,68.00,51.80,56.16,20.00,7.00,0.00,30.36,M,6.21,M,M,M,M,M,M,M,M,M,M,M,M,M,M,M,M,68.00,FALE 260800Z 02007KT 360V060 CAVOK 20/11 Q1028 NOSIG,M
FALE,2026-07-26 09:00,69.80,50.00,49.40,40.00,12.00,0.00,30.33,M,6.21,M,M,M,M,M,M,M,M,M,M,M,M,M,M,M,M,69.80,FALE 260900Z 04012KT CAVOK 21/10 Q1027 NOSIG,M
FALE,2026-07-26 10:00,71.60,50.00,46.47,40.00,12.00,0.00,30.30,M,6.21,M,M,M,M,M,M,M,M,M,M,M,M,M,M,M,M,71.60,FALE 261000Z 04012KT CAVOK 22/10 Q1026 NOSIG,M
FALE,2026-07-26 11:00,69.80,53.60,56.42,70.00,11.00,0.00,30.24,M,6.21,M,M,M,M,M,M,M,M,M,M,M,M,M,M,M,M,69.80,FALE 261100Z 07011KT 040V110 CAVOK 21/12 Q1024 NOSIG,M
FALE,2026-07-26 12:00,69.80,55.40,60.24,60.00,13.00,0.00,30.21,M,6.21,M,M,M,M,M,M,M,M,M,M,M,M,M,M,M,M,69.80,FALE 261200Z 06013KT CAVOK 21/13 Q1023 NOSIG,M
FALE,2026-07-26 13:00,69.80,55.40,60.24,60.00,13.00,0.00,30.21,M,6.21,M,M,M,M,M,M,M,M,M,M,M,M,M,M,M,M,69.80,FALE 261300Z 06013KT 040V100 CAVOK 21/13 Q1023 NOSIG,M
FALE,2026-07-26 14:00,69.80,55.40,60.24,60.00,12.00,0.00,30.21,M,6.21,M,M,M,M,M,M,M,M,M,M,M,M,M,M,M,M,69.80,FALE 261400Z 06012KT CAVOK 21/13 Q1023 NOSIG,M
FALE,2026-07-26 15:00,68.00,57.20,68.38,50.00,11.00,0.00,30.18,M,6.21,M,M,M,M,M,M,M,M,M,M,M,M,M,M,M,M,68.00,FALE 261500Z 05011KT CAVOK 20/14 Q1022 NOSIG,M
FALE,2026-07-26 16:00,64.40,57.20,77.46,40.00,8.00,0.00,30.18,M,6.21,M,M,M,M,M,M,M,M,M,M,M,M,M,M,M,M,64.40,FALE 261600Z 04008KT CAVOK 18/14 Q1022 NOSIG,M
FALE,2026-07-26 17:00,62.60,55.40,77.31,40.00,7.00,0.00,30.21,M,6.21,M,M,M,M,M,M,M,M,M,M,M,M,M,M,M,M,62.60,FALE 261700Z 04007KT CAVOK 17/13 Q1023 NOSIG,M
FALE,2026-07-26 18:00,62.60,53.60,72.40,40.00,9.00,0.00,30.21,M,6.21,M,M,M,M,M,M,M,M,M,M,M,M,M,M,M,M,62.60,FALE 261800Z 04009KT CAVOK 17/12 Q1023 NOSIG,M
FALE,2026-07-26 19:01,60.80,53.60,77.15,50.00,9.00,0.00,30.18,M,6.21,M,M,M,M,M,M,M,M,M,M,M,M,M,M,M,M,60.80,FALE 261901Z 05009KT CAVOK 16/12 Q1022 NOSIG,M
FALE,2026-07-26 20:01,57.20,53.60,87.75,30.00,6.00,0.00,30.15,M,6.21,M,M,M,M,M,M,M,M,M,M,M,M,M,M,M,M,57.20,FALE 262001Z 03006KT CAVOK 14/12 Q1021 NOSIG,M
FALE,2026-07-26 21:00,55.40,53.60,93.65,40.00,4.00,0.00,30.15,M,6.21,M,M,M,M,M,M,M,M,M,M,M,M,M,M,M,M,55.40,FALE 262100Z 04004KT CAVOK 13/12 Q1021 NOSIG,M
FALE,2026-07-26 22:00,51.80,50.00,93.55,60.00,3.00,0.00,30.12,M,6.21,M,M,M,M,M,M,M,M,M,M,M,M,M,M,M,M,51.80,FALE 262200Z 06003KT CAVOK 11/10 Q1020 NOSIG,M
FALE,2026-07-26 23:00,51.80,50.00,93.55,0.00,0.00,0.00,30.09,M,6.21,M,M,M,M,M,M,M,M,M,M,M,M,M,M,M,M,51.80,FALE 262300Z 00000KT CAVOK 11/10 Q1019 NOSIG,M
FALE,2026-07-27 00:00,51.80,50.00,93.55,0.00,0.00,0.00,30.06,M,6.21,M,M,M,M,M,M,M,M,M,M,M,M,M,M,M,M,51.80,FALE 270000Z 00000KT CAVOK 11/10 Q1018 NOSIG,M
FALE,2026-07-27 01:00,51.80,50.00,93.55,M,2.00,0.00,30.03,M,6.21,M,M,M,M,M,M,M,M,M,M,M,M,M,M,M,M,51.80,FALE 270100Z VRB02KT CAVOK 11/10 Q1017 NOSIG,M
FALE,2026-07-27 02:00,48.20,46.40,93.45,0.00,0.00,0.00,30.03,M,6.21,M,M,M,M,M,M,M,M,M,M,M,M,M,M,M,M,48.20,FALE 270200Z 00000KT CAVOK 09/08 Q1017 NOSIG,M
FALE,2026-07-27 03:00,46.40,44.60,93.40,0.00,0.00,0.00,30.00,M,6.21,M,M,M,M,M,M,M,M,M,M,M,M,M,M,M,M,46.40,FALE 270300Z 00000KT CAVOK 08/07 Q1016 NOSIG,M
FALE,2026-07-27 03:08,50.00,48.20,93.50,0.00,0.00,0.00,30.00,M,6.21,M,M,M,M,M,M,M,M,M,M,M,M,M,M,M,M,50.00,FALE 270308Z 00000KT CAVOK 10/09 Q1016 NOSIG,M
FALE,2026-07-27 04:00,50.00,46.40,87.37,M,1.00,0.00,30.00,M,6.21,M,M,M,M,M,M,M,M,M,M,M,M,M,M,M,M,50.00,FALE 270400Z VRB01KT CAVOK 10/08 Q1016 NOSIG,M
FALE,2026-07-27 05:00,50.00,44.60,81.60,M,2.00,0.00,30.00,M,6.21,M,M,M,M,M,M,M,M,M,M,M,M,M,M,M,M,50.00,FALE 270500Z VRB02KT CAVOK 10/07 Q1016 NOSIG,M
FALE,2026-07-27 05:50,51.80,48.20,87.47,M,2.00,0.00,30.03,M,6.21,M,M,M,M,M,M,M,M,M,M,M,M,M,M,M,M,51.80,FALE 270550Z VRB02KT CAVOK 11/09 Q1017 NOSIG,M
FALE,2026-07-27 06:00,53.60,50.00,87.56,210.00,3.00,0.00,30.03,M,6.21,M,M,M,M,M,M,M,M,M,M,M,M,M,M,M,M,53.60,FALE 270600Z 21003KT CAVOK 12/10 Q1017 NOSIG,M
FALE,2026-07-27 06:21,57.20,51.80,82.13,220.00,6.00,0.00,30.03,M,6.21,M,M,M,M,M,M,M,M,M,M,M,M,M,M,M,M,57.20,FALE 270621Z 22006KT CAVOK 14/11 Q1017 NOSIG,M
FALE,2026-07-27 06:51,60.80,50.00,67.55,210.00,6.00,0.00,30.03,M,6.21,M,M,M,M,M,M,M,M,M,M,M,M,M,M,M,M,60.80,FALE 270651Z 21006KT CAVOK 16/10 Q1017 NOSIG,M
FALE,2026-07-27 07:00,60.80,50.00,67.55,210.00,6.00,0.00,30.03,M,6.21,M,M,M,M,M,M,M,M,M,M,M,M,M,M,M,M,60.80,FALE 270700Z 21006KT CAVOK 16/10 Q1017 NOSIG,M
FALE,2026-07-27 07:16,64.40,50.00,59.52,210.00,6.00,0.00,30.03,M,6.21,M,M,M,M,M,M,M,M,M,M,M,M,M,M,M,M,64.40,FALE 270716Z 21006KT CAVOK 18/10 Q1017 NOSIG,M
FALE,2026-07-27 08:00,66.20,48.20,52.27,220.00,8.00,0.00,30.03,M,6.21,M,M,M,M,M,M,M,M,M,M,M,M,M,M,M,M,66.20,FALE 270800Z 22008KT CAVOK 19/09 Q1017 NOSIG,M
FALE,2026-07-27 08:20,69.80,48.20,46.19,200.00,5.00,0.00,30.03,M,6.21,M,M,M,M,M,M,M,M,M,M,M,M,M,M,M,M,69.80,FALE 270820Z 20005KT 140V270 CAVOK 21/09 Q1017 NOSIG,M
FALE,2026-07-27 09:00,69.80,51.80,52.81,180.00,6.00,0.00,30.03,M,6.21,M,M,M,M,M,M,M,M,M,M,M,M,M,M,M,M,69.80,FALE 270900Z 18006KT 150V210 CAVOK 21/11 Q1017 NOSIG,M
FALE,2026-07-27 10:00,69.80,50.00,49.40,190.00,4.00,0.00,30.00,M,6.21,M,M,M,M,M,M,M,M,M,M,M,M,M,M,M,M,69.80,FALE 271000Z 19004KT CAVOK 21/10 Q1016 NOSIG,M
FALE,2026-07-27 11:00,71.60,53.60,53.07,170.00,5.00,0.00,30.00,M,6.21,M,M,M,M,M,M,M,M,M,M,M,M,M,M,M,M,71.60,FALE 271100Z 17005KT CAVOK 22/12 Q1016 NOSIG,M
FALE,2026-07-27 12:00,71.60,53.60,53.07,140.00,5.00,0.00,29.97,M,6.21,M,M,M,M,M,M,M,M,M,M,M,M,M,M,M,M,71.60,FALE 271200Z 14005KT CAVOK 22/12 Q1015 NOSIG,M
FALE,2026-07-27 13:00,69.80,51.80,52.81,150.00,3.00,0.00,29.97,M,6.21,M,M,M,M,M,M,M,M,M,M,M,M,M,M,M,M,69.80,FALE 271300Z 15003KT CAVOK 21/11 Q1015 NOSIG,M
FALE,2026-07-27 14:00,69.80,55.40,60.24,150.00,3.00,0.00,30.00,M,6.21,M,M,M,M,M,M,M,M,M,M,M,M,M,M,M,M,69.80,FALE 271400Z 15003KT CAVOK 21/13 Q1016 NOSIG,M
FALE,2026-07-27 15:00,66.20,55.40,68.18,200.00,4.00,0.00,30.00,M,6.21,M,M,M,M,M,M,M,M,M,M,M,M,M,M,M,M,66.20,FALE 271500Z 20004KT CAVOK 19/13 Q1016 NOSIG,M
FALE,2026-07-27 16:00,64.40,55.40,72.58,210.00,6.00,0.00,30.06,M,6.21,M,M,M,M,M,M,M,M,M,M,M,M,M,M,M,M,64.40,FALE 271600Z 21006KT CAVOK 18/13 Q1018 NOSIG,M
FALE,2026-07-27 17:00,62.60,55.40,77.31,220.00,7.00,0.00,30.09,M,6.21,M,M,M,M,M,M,M,M,M,M,M,M,M,M,M,M,62.60,FALE 271700Z 22007KT CAVOK 17/13 Q1019 NOSIG,M
FALE,2026-07-27 18:00,62.60,55.40,77.31,220.00,7.00,0.00,30.12,M,6.21,M,FEW,M,M,M,2500.00,M,M,M,M,M,M,M,M,M,M,62.60,FALE 271800Z 22007KT 9999 FEW025 17/13 Q1020 NOSIG,M
FALE,2026-07-27 19:00,64.40,59.00,82.63,230.00,7.00,0.00,30.12,M,6.21,M,FEW,M,M,M,2500.00,M,M,M,M,M,M,M,M,M,M,64.40,FALE 271900Z 23007KT 9999 FEW025 18/15 Q1020 NOSIG,M
FALE,2026-07-27 20:00,62.60,59.00,88.01,230.00,6.00,0.00,30.15,M,6.21,M,FEW,M,M,M,3000.00,M,M,M,M,M,M,M,M,M,M,62.60,FALE 272000Z 23006KT 9999 FEW030 17/15 Q1021 NOSIG,M
FALE,2026-07-27 21:00,62.60,57.20,82.51,230.00,5.00,0.00,30.15,M,6.21,M,BKN,M,M,M,3000.00,M,M,M,M,M,M,M,M,M,M,62.60,FALE 272100Z 23005KT 9999 BKN030 17/14 Q1021 NOSIG,M
FALE,2026-07-27 22:00,62.60,57.20,82.51,230.00,4.00,0.00,30.15,M,6.21,M,FEW,M,M,M,3000.00,M,M,M,M,M,M,M,M,M,M,62.60,FALE 272200Z 23004KT 9999 FEW030 17/14 Q1021 NOSIG,M
FALE,2026-07-27 23:00,60.80,55.40,82.38,220.00,6.00,0.00,30.15,M,6.21,M,M,M,M,M,M,M,M,M,M,M,M,M,M,M,M,60.80,FALE 272300Z 22006KT CAVOK 16/13 Q1021 NOSIG,M
FALE,2026-07-28 00:00,59.00,55.40,87.84,230.00,5.00,0.00,30.15,M,6.21,M,SCT,M,M,M,3000.00,M,M,M,M,M,M,M,M,M,M,59.00,FALE 280000Z 23005KT 9999 SCT030 15/13 Q1021 NOSIG,M
FALE,2026-07-28 01:00,59.00,55.40,87.84,230.00,5.00,0.00,30.15,M,6.21,M,FEW,M,M,M,2500.00,M,M,M,M,M,M,M,M,M,M,59.00,FALE 280100Z 23005KT 9999 FEW025 15/13 Q1021 NOSIG,M
FALE,2026-07-28 02:00,59.00,55.40,87.84,220.00,4.00,0.00,30.15,M,6.21,M,M,M,M,M,M,M,M,M,M,M,M,M,M,M,M,59.00,FALE 280200Z 22004KT CAVOK 15/13 Q1021 NOSIG,M
FALE,2026-07-28 03:00,59.00,55.40,87.84,220.00,4.00,0.00,30.15,M,6.21,M,M,M,M,M,M,M,M,M,M,M,M,M,M,M,M,59.00,FALE 280300Z 22004KT CAVOK 15/13 Q1021 NOSIG,M
FALE,2026-07-28 04:00,59.00,55.40,87.84,220.00,3.00,0.00,30.18,M,6.21,M,SCT,M,M,M,3300.00,M,M,M,M,M,M,M,M,M,M,59.00,FALE 280400Z 22003KT 9999 SCT033 15/13 Q1022 NOSIG,M
FALE,2026-07-28 05:00,59.00,55.40,87.84,230.00,5.00,0.00,30.18,M,5.59,M,FEW,SCT,M,M,1800.00,2800.00,M,M,M,M,M,M,M,M,M,59.00,FALE 280500Z 23005KT 9000 FEW018 SCT028 15/13 Q1022 NOSIG,M
FALE,2026-07-28 05:40,62.60,57.20,82.51,240.00,5.00,0.00,30.21,M,6.21,M,SCT,M,M,M,3000.00,M,M,M,M,M,M,M,M,M,M,62.60,FALE 280540Z 24005KT 9999 SCT030 17/14 Q1023 NOSIG,M
FALE,2026-07-28 06:00,64.40,59.00,82.63,240.00,5.00,0.00,30.21,M,5.59,M,FEW,M,M,M,3000.00,M,M,M,M,M,M,M,M,M,M,64.40,FALE 280600Z 24005KT 9000 FEW030 18/15 Q1023 NOSIG,M
FALE,2026-07-28 06:56,69.80,57.20,64.30,230.00,12.00,0.00,30.21,M,6.21,M,SCT,M,M,M,4200.00,M,M,M,M,M,M,M,M,M,M,69.80,FALE 280656Z 23012KT 9999 SCT042 21/14 Q1023 NOSIG,M
FALE,2026-07-28 07:00,69.80,57.20,64.30,230.00,12.00,0.00,30.21,M,5.59,M,SCT,M,M,M,4200.00,M,M,M,M,M,M,M,M,M,M,69.80,FALE 280700Z 23012KT 9000 SCT042 21/14 Q1023 NOSIG,M
FALE,2026-07-28 08:00,69.80,57.20,64.30,220.00,11.00,0.00,30.24,M,6.21,M,FEW,BKN,M,M,3000.00,4400.00,M,M,M,M,M,M,M,M,M,69.80,FALE 280800Z 22011KT 190V250 9999 FEW030 BKN044 21/14 Q1024 NOSIG,M
FALE,2026-07-28 09:00,69.80,57.20,64.30,190.00,7.00,0.00,30.24,M,6.21,M,SCT,M,M,M,4400.00,M,M,M,M,M,M,M,M,M,M,69.80,FALE 280900Z 19007KT 160V220 9999 SCT044 21/14 Q1024 NOSIG,M
FALE,2026-07-28 09:37,73.40,55.40,53.33,200.00,7.00,0.00,30.21,M,6.21,M,FEW,M,M,M,4400.00,M,M,M,M,M,M,M,M,M,M,73.40,FALE 280937Z 20007KT 160V240 9999 FEW044 23/13 Q1023 NOSIG,M
FALE,2026-07-28 10:00,73.40,55.40,53.33,230.00,16.00,0.00,30.21,M,6.21,M,FEW,M,M,M,4100.00,M,M,M,M,M,M,M,M,M,M,73.40,FALE 281000Z 23016KT 9999 FEW041 23/13 Q1023 NOSIG,M
FALE,2026-07-28 11:00,73.40,57.20,56.92,200.00,14.00,0.00,30.21,M,6.21,M,BKN,M,M,M,4000.00,M,M,M,M,M,M,M,M,M,M,73.40,FALE 281100Z 20014KT 9999 BKN040 23/14 Q1023 NOSIG,M
FALE,2026-07-28 11:46,66.20,59.00,77.62,220.00,15.00,0.00,30.21,M,2.49,26.00,SCT,BKN,BKN,M,2200.00,2500.00,2900.00,M,-RA,M,M,M,M,M,M,66.20,FALE 281146Z 22015G26KT 4000 -RA SCT022 BKN025 BKN029 19/15 Q1023 NOSIG,M
FALE,2026-07-28 11:53,64.40,60.80,88.10,220.00,17.00,0.00,30.21,M,4.97,M,BKN,BKN,M,M,1700.00,2500.00,M,M,-RA,M,M,M,M,M,M,64.40,FALE 281153Z 22017KT 8000 -RA BKN017 BKN025 18/16 Q1023 NOSIG,M
FALE,2026-07-28 12:00,64.40,60.80,88.10,220.00,17.00,0.00,30.21,M,4.97,M,BKN,BKN,M,M,1600.00,2600.00,M,M,-RA,M,M,M,M,M,M,64.40,FALE 281200Z 22017KT 8000 -RA BKN016 BKN026 18/16 Q1023 NOSIG,M
FALE,2026-07-28 13:00,66.20,55.40,68.18,210.00,18.00,0.00,30.24,M,6.21,M,BKN,BKN,BKN,M,2500.00,3300.00,4300.00,M,M,M,M,M,M,M,M,66.20,FALE 281300Z 21018KT 9999 BKN025 BKN033 BKN043 19/13 Q1024 NOSIG,M
FALE,2026-07-28 13:24,64.40,55.40,72.58,210.00,20.00,0.00,30.24,M,6.21,33.00,BKN,BKN,M,M,2500.00,3100.00,M,M,M,M,M,M,M,M,M,64.40,FALE 281324Z 21020G33KT 9999 BKN025 BKN031 18/13 Q1024 NOSIG,M
FALE,2026-07-28 14:00,62.60,53.60,72.40,230.00,21.00,0.00,30.27,M,6.21,M,SCT,BKN,M,M,2100.00,3600.00,M,M,M,M,M,M,M,M,M,62.60,FALE 281400Z 23021KT 9999 SCT021 BKN036 17/12 Q1025 NOSIG,M
FALE,2026-07-28 15:00,62.60,51.80,67.76,220.00,17.00,0.00,30.30,M,6.21,M,BKN,M,M,M,3500.00,M,M,M,M,M,M,M,M,M,M,62.60,FALE 281500Z 22017KT 9999 BKN035 17/11 Q1026 NOSIG,M
FALE,2026-07-28 16:00,62.60,51.80,67.76,230.00,14.00,0.00,30.30,M,6.21,M,SCT,M,M,M,2600.00,M,M,M,M,M,M,M,M,M,M,62.60,FALE 281600Z 23014KT 9999 SCT026 17/11 Q1026 NOSIG,M
FALE,2026-07-28 17:00,60.80,55.40,82.38,230.00,17.00,0.00,30.33,M,5.59,M,BKN,M,M,M,1900.00,M,M,M,-RA,M,M,M,M,M,M,60.80,FALE 281700Z 23017KT 9000 -RA BKN019 16/13 Q1027 NOSIG,M
FALE,2026-07-28 18:00,60.80,53.60,77.15,230.00,14.00,0.00,30.36,M,6.21,M,FEW,BKN,OVC,M,2800.00,3600.00,4200.00,M,-RA,M,M,M,M,M,M,60.80,FALE 281800Z 23014KT 9999 -RA FEW028 BKN036 OVC042 16/12 Q1028 NOSIG,M
FALE,2026-07-28 19:00,62.60,51.80,67.76,240.00,13.00,0.00,30.36,M,6.21,M,OVC,M,M,M,4700.00,M,M,M,M,M,M,M,M,M,M,62.60,FALE 281900Z 24013KT 9999 OVC047 17/11 Q1028 NOSIG,M
FALE,2026-07-28 20:00,62.60,51.80,67.76,230.00,13.00,0.00,30.36,M,6.21,M,SCT,BKN,M,M,4100.00,4900.00,M,M,M,M,M,M,M,M,M,62.60,FALE 282000Z 23013KT 9999 SCT041 BKN049 17/11 Q1028 NOSIG,M
FALE,2026-07-28 21:00,62.60,51.80,67.76,220.00,11.00,0.00,30.36,M,6.21,M,SCT,BKN,M,M,3400.00,4200.00,M,M,M,M,M,M,M,M,M,62.60,FALE 282100Z 22011KT 9999 SCT034 BKN042 17/11 Q1028 NOSIG,M
FALE,2026-07-28 22:00,60.80,51.80,72.21,240.00,9.00,0.00,30.33,M,6.21,M,SCT,M,M,M,3900.00,M,M,M,M,M,M,M,M,M,M,60.80,FALE 282200Z 24009KT 9999 SCT039 16/11 Q1027 NOSIG,M
FALE,2026-07-28 23:00,62.60,51.80,67.76,240.00,12.00,0.00,30.36,M,6.21,M,BKN,OVC,M,M,2700.00,3800.00,M,M,M,M,M,M,M,M,M,62.60,FALE 282300Z 24012KT 9999 BKN027 OVC038 17/11 Q1028 NOSIG,M
FALE,2026-07-29 00:00,62.60,50.00,63.39,250.00,10.00,0.00,30.33,M,6.21,M,SCT,BKN,BKN,M,2800.00,3400.00,4200.00,M,M,M,M,M,M,M,M,62.60,FALE 290000Z 25010KT 9999 SCT028 BKN034 BKN042 17/10 Q1027 NOSIG,M
FALE,2026-07-29 01:00,60.80,50.00,67.55,240.00,10.00,0.00,30.33,M,6.21,M,BKN,M,M,M,3400.00,M,M,M,M,M,M,M,M,M,M,60.80,FALE 290100Z 24010KT 9999 BKN034 16/10 Q1027 NOSIG,M
FALE,2026-07-29 02:00,59.00,50.00,72.02,240.00,9.00,0.00,30.30,M,6.21,M,BKN,M,M,M,3600.00,M,M,M,M,M,M,M,M,M,M,59.00,FALE 290200Z 24009KT 9999 BKN036 15/10 Q1026 NOSIG,M
FALE,2026-07-29 03:00,60.80,50.00,67.55,240.00,10.00,0.00,30.30,M,6.21,M,FEW,M,M,M,3900.00,M,M,M,M,M,M,M,M,M,M,60.80,FALE 290300Z 24010KT 9999 FEW039 16/10 Q1026 NOSIG,M
FALE,2026-07-29 04:00,59.00,50.00,72.02,250.00,8.00,0.00,30.30,M,6.21,M,FEW,M,M,M,2400.00,M,M,M,M,M,M,M,M,M,M,59.00,FALE 290400Z 25008KT 9999 FEW024 15/10 Q1026 NOSIG,M
FALE,2026-07-29 05:00,60.80,51.80,72.21,230.00,11.00,0.00,30.30,M,6.21,M,FEW,BKN,M,M,2300.00,3300.00,M,M,M,M,M,M,M,M,M,60.80,FALE 290500Z 23011KT 9999 FEW023 BKN033 16/11 Q1026 NOSIG,M
FALE,2026-07-29 06:00,62.60,51.80,67.76,240.00,13.00,0.00,30.30,M,6.21,M,BKN,M,M,M,3000.00,M,M,M,M,M,M,M,M,M,M,62.60,FALE 290600Z 24013KT 9999 BKN030 17/11 Q1026 NOSIG,M
FALE,2026-07-29 07:00,62.60,53.60,72.40,250.00,13.00,0.00,30.33,M,6.21,M,BKN,M,M,M,2000.00,M,M,M,M,M,M,M,M,M,M,62.60,FALE 290700Z 25013KT 9999 BKN020 17/12 Q1027 NOSIG,M
FALE,2026-07-29 08:00,64.40,53.60,67.97,250.00,12.00,0.00,30.33,M,6.21,M,SCT,BKN,M,M,2000.00,3100.00,M,M,-RA,M,M,M,M,M,M,64.40,FALE 290800Z 25012KT 9999 -RA SCT020 BKN031 18/12 Q1027 NOSIG,M
FALE,2026-07-29 09:00,62.60,55.40,77.31,230.00,8.00,0.00,30.30,M,6.21,M,FEW,BKN,M,M,2100.00,3100.00,M,M,M,M,M,M,M,M,M,62.60,FALE 290900Z 23008KT 9999 FEW021 BKN031 17/13 Q1026 NOSIG,M
FALE,2026-07-29 10:00,62.60,55.40,77.31,230.00,12.00,0.00,30.30,M,6.21,M,FEW,BKN,OVC,M,1700.00,2000.00,2500.00,M,-RA,M,M,M,M,M,M,62.60,FALE 291000Z 23012KT 9999 -RA FEW017 BKN020 OVC025 17/13 Q1026 NOSIG,M
FALE,2026-07-29 10:10,60.80,57.20,87.93,230.00,13.00,0.00,30.30,M,2.49,M,FEW,OVC,M,M,1300.00,2000.00,M,M,-RA,M,M,M,M,M,M,60.80,FALE 291010Z 23013KT 4000 -RA FEW013 OVC020 16/14 Q1026 NOSIG,M
FALE,2026-07-29 10:53,59.00,57.20,93.74,250.00,9.00,0.00,30.27,M,2.67,M,FEW,BKN,OVC,M,600.00,800.00,2000.00,M,-DZRA,M,M,M,M,M,M,59.00,FALE 291053Z 25009KT 4300 -DZRA FEW006 BKN008 OVC020 15/14 Q1025 RERA NOSIG,M
FALE,2026-07-29 11:00,59.00,59.00,100.00,250.00,9.00,0.00,30.27,M,2.73,M,FEW,BKN,OVC,M,600.00,800.00,2000.00,M,-DZRA,M,M,M,M,M,M,59.00,FALE 291100Z 25009KT 4400 -DZRA FEW006 BKN008 OVC020 15/15 Q1025 NOSIG,M
FALE,2026-07-29 11:10,60.80,59.00,93.79,240.00,11.00,0.00,30.27,M,2.80,M,BKN,OVC,M,M,600.00,1500.00,M,M,-DZRA,M,M,M,M,M,M,60.80,FALE 291110Z 24011KT 4500 -DZRA BKN006 OVC015 16/15 Q1025 NOSIG,M
FALE,2026-07-29 11:22,59.00,59.00,100.00,240.00,12.00,0.00,30.27,M,5.59,M,SCT,BKN,OVC,M,500.00,700.00,2000.00,M,-DZRA,M,M,M,M,M,M,59.00,FALE 291122Z 24012KT 9000 -DZRA SCT005 BKN007 OVC020 15/15 Q1025 NOSIG,M
FALE,2026-07-29 12:00,60.80,59.00,93.79,230.00,11.00,0.00,30.24,M,6.21,M,FEW,BKN,BKN,M,300.00,2000.00,3000.00,M,M,M,M,M,M,M,M,60.80,FALE 291200Z 23011KT 9999 FEW003 BKN020 BKN030 16/15 Q1024 NOSIG,M
FALE,2026-07-29 12:01,62.60,59.00,88.01,240.00,11.00,0.00,30.24,M,6.21,M,FEW,BKN,BKN,M,300.00,2000.00,3000.00,M,M,M,M,M,M,M,M,62.60,FALE 291201Z 24011KT 9999 FEW003 BKN020 BKN030 17/15 Q1024 NOSIG,M
FALE,2026-07-29 12:09,62.60,59.00,88.01,240.00,10.00,0.00,30.24,M,6.21,M,FEW,BKN,OVC,M,700.00,900.00,3500.00,M,M,M,M,M,M,M,M,62.60,FALE 291209Z 24010KT 9999 FEW007 BKN009 OVC035 17/15 Q1024 NOSIG,M
FALE,2026-07-29 12:20,62.60,59.00,88.01,240.00,10.00,0.00,30.24,M,6.21,M,FEW,BKN,OVC,M,900.00,1300.00,3500.00,M,M,M,M,M,M,M,M,62.60,FALE 291220Z 24010KT 9999 FEW009 BKN013 OVC035 17/15 Q1024 NOSIG,M
FALE,2026-07-29 12:40,62.60,57.20,82.51,220.00,11.00,0.00,30.24,M,6.21,M,SCT,BKN,OVC,M,1400.00,2500.00,4800.00,M,M,M,M,M,M,M,M,62.60,FALE 291240Z 22011KT 9999 SCT014 BKN025 OVC048 17/14 Q1024 NOSIG,M
FALE,2026-07-29 13:00,62.60,57.20,82.51,220.00,9.00,0.00,30.24,M,6.21,M,FEW,BKN,OVC,M,1700.00,2500.00,4900.00,M,M,M,M,M,M,M,M,62.60,FALE 291300Z 22009KT 9999 FEW017 BKN025 OVC049 17/14 Q1024 NOSIG,M
FALE,2026-07-29 14:00,60.80,57.20,87.93,220.00,11.00,0.00,30.21,M,6.21,M,BKN,BKN,M,M,1900.00,2500.00,M,M,M,M,M,M,M,M,M,60.80,FALE 291400Z 22011KT 9999 BKN019 BKN025 16/14 Q1023 NOSIG,M
FALE,2026-07-29 14:58,59.00,57.20,93.74,230.00,10.00,0.00,30.24,M,2.49,M,FEW,OVC,M,M,1800.00,2000.00,M,M,-RA,M,M,M,M,M,M,59.00,FALE 291458Z 23010KT 4000 -RA FEW018 OVC020 15/14 Q1024 TEMPO 3000,M
FALE,2026-07-29 15:00,59.00,57.20,93.74,240.00,10.00,0.00,30.24,M,2.49,M,FEW,BKN,OVC,M,1000.00,2000.00,2500.00,M,-RA,M,M,M,M,M,M,59.00,FALE 291500Z 24010KT 4000 -RA FEW010 BKN020 OVC025 15/14 Q1024 TEMPO 3000,M
FALE,2026-07-29 15:17,59.00,57.20,93.74,230.00,12.00,0.00,30.24,M,4.97,M,SCT,BKN,OVC,M,700.00,2000.00,4000.00,M,-RA,M,M,M,M,M,M,59.00,FALE 291517Z 23012KT 8000 -RA SCT007 BKN020 OVC040 15/14 Q1024 TEMPO 5000,M
FALE,2026-07-29 16:00,57.20,57.20,100.00,230.00,9.00,0.00,30.24,M,6.21,M,FEW,SCT,OVC,M,800.00,3200.00,4000.00,M,-RA,M,M,M,M,M,M,57.20,COR FALE 291600Z 23009KT 9999 -RA FEW008 SCT032 OVC040 14/14 Q1024 TEMPO 5000,M
FALE,2026-07-29 17:00,57.20,55.40,93.70,240.00,12.00,0.00,30.27,M,6.21,M,FEW,BKN,OVC,M,1600.00,2000.00,3500.00,M,-RA,M,M,M,M,M,M,57.20,FALE 291700Z 24012KT 9999 -RA FEW016 BKN020 OVC035 14/13 Q1025 NOSIG,M
FALE,2026-07-29 18:00,57.20,53.60,87.75,230.00,8.00,0.00,30.24,M,6.21,M,SCT,BKN,M,M,4300.00,4900.00,M,M,-RA,M,M,M,M,M,M,57.20,FALE 291800Z 23008KT 9999 -RA SCT043 BKN049 14/12 Q1024 NOSIG,M
FALE,2026-07-29 20:00,57.20,53.60,87.75,240.00,6.00,0.00,30.24,M,6.21,M,BKN,M,M,M,8000.00,M,M,M,-RA,M,M,M,M,M,M,57.20,FALE 292000Z 24006KT 9999 -RA BKN080 14/12 Q1024 NOSIG,M
FALE,2026-07-29 21:00,55.40,53.60,93.65,230.00,6.00,0.00,30.24,M,6.21,M,M,M,M,M,M,M,M,M,M,M,M,M,M,M,M,55.40,FALE 292100Z 23006KT CAVOK 13/12 Q1024 RERA NOSIG,M
FALE,2026-07-29 22:00,57.20,51.80,82.13,240.00,8.00,0.00,30.24,M,6.21,M,M,M,M,M,M,M,M,M,M,M,M,M,M,M,M,57.20,FALE 292200Z 24008KT CAVOK 14/11 Q1024 NOSIG,M
FALE,2026-07-29 23:00,57.20,51.80,82.13,250.00,8.00,0.00,30.21,M,6.21,M,M,M,M,M,M,M,M,M,M,M,M,M,M,M,M,57.20,FALE 292300Z 25008KT CAVOK 14/11 Q1023 NOSIG,M
FALE,2026-07-30 00:00,55.40,50.00,82.00,240.00,8.00,0.00,30.21,M,6.21,M,M,M,M,M,M,M,M,M,M,M,M,M,M,M,M,55.40,FALE 300000Z 24008KT CAVOK 13/10 Q1023 NOSIG,M
FALE,2026-07-30 01:00,53.60,48.20,81.87,220.00,6.00,0.00,30.21,M,6.21,M,M,M,M,M,M,M,M,M,M,M,M,M,M,M,M,53.60,FALE 300100Z 22006KT CAVOK 12/09 Q1023 NOSIG,M
FALE,2026-07-30 02:00,53.60,46.40,76.51,260.00,3.00,0.00,30.21,M,6.21,M,M,M,M,M,M,M,M,M,M,M,M,M,M,M,M,53.60,FALE 300200Z 26003KT 190V300 CAVOK 12/08 Q1023 NOSIG,M
FALE,2026-07-30 03:00,50.00,44.60,81.60,0.00,0.00,0.00,30.21,M,6.21,M,M,M,M,M,M,M,M,M,M,M,M,M,M,M,M,50.00,FALE 300300Z 00000KT CAVOK 10/07 Q1023 NOSIG,M
FALE,2026-07-30 03:53,53.60,46.40,76.51,260.00,6.00,0.00,30.21,M,6.21,M,M,M,M,M,M,M,M,M,M,M,M,M,M,M,M,53.60,FALE 300353Z 26006KT CAVOK 12/08 Q1023 NOSIG,M
FALE,2026-07-30 04:00,51.80,44.60,76.34,260.00,7.00,0.00,30.21,M,6.21,M,M,M,M,M,M,M,M,M,M,M,M,M,M,M,M,51.80,FALE 300400Z 26007KT CAVOK 11/07 Q1023 NOSIG,M
FALE,2026-07-30 04:01,55.40,44.60,66.91,270.00,7.00,0.00,30.21,M,6.21,M,M,M,M,M,M,M,M,M,M,M,M,M,M,M,M,55.40,FALE 300401Z 27007KT CAVOK 13/07 Q1023 NOSIG,M
FALE,2026-07-30 05:00,53.60,44.60,71.45,260.00,7.00,0.00,30.24,M,6.21,M,M,M,M,M,M,M,M,M,M,M,M,M,M,M,M,53.60,FALE 300500Z 26007KT CAVOK 12/07 Q1024 NOSIG,M
FALE,2026-07-30 05:20,57.20,44.60,62.70,270.00,9.00,0.00,30.24,M,6.21,M,M,M,M,M,M,M,M,M,M,M,M,M,M,M,M,57.20,FALE 300520Z 27009KT CAVOK 14/07 Q1024 NOSIG,M
FALE,2026-07-30 05:55,60.80,44.60,55.13,260.00,7.00,0.00,30.24,M,6.21,M,M,M,M,M,M,M,M,M,M,M,M,M,M,M,M,60.80,FALE 300555Z 26007KT CAVOK 16/07 Q1024 NOSIG,M
FALE,2026-07-30 06:00,60.80,44.60,55.13,260.00,7.00,0.00,30.24,M,6.21,M,M,M,M,M,M,M,M,M,M,M,M,M,M,M,M,60.80,FALE 300600Z 26007KT CAVOK 16/07 Q1024 NOSIG,M
FALE,2026-07-30 07:00,62.60,46.40,55.39,240.00,9.00,0.00,30.27,M,6.21,M,SCT,M,M,M,4600.00,M,M,M,M,M,M,M,M,M,M,62.60,FALE 300700Z 24009KT 9999 SCT046 17/08 Q1025 NOSIG,M
FALE,2026-07-30 08:00,66.20,48.20,52.27,230.00,17.00,0.00,30.27,M,6.21,27.00,M,M,M,M,M,M,M,M,M,M,M,M,M,M,M,66.20,COR FALE 300800Z 23017G27KT CAVOK 19/09 Q1025 TEMPO 24020G35KT,M
FALE,2026-07-30 08:01,66.20,48.20,52.27,230.00,17.00,0.00,30.27,M,6.21,27.00,M,M,M,M,M,M,M,M,M,M,M,M,M,M,M,66.20,FALE 300801Z 23017G27KT CAVOK 19/09 Q1025 TEMPO 24020G35KT,M
FALE,2026-07-30 09:00,68.00,50.00,52.54,220.00,16.00,0.00,30.27,M,6.21,27.00,FEW,M,M,M,4400.00,M,M,M,M,M,M,M,M,M,M,68.00,FALE 300900Z 22016G27KT 9999 FEW044 20/10 Q1025 TEMPO 24020G35KT,M
FALE,2026-07-30 09:24,68.00,50.00,52.54,210.00,15.00,0.00,30.27,M,6.21,M,BKN,M,M,M,4400.00,M,M,M,M,M,M,M,M,M,M,68.00,FALE 300924Z 21015KT 180V240 9999 BKN044 20/10 Q1025 NOSIG,M
FALE,2026-07-30 10:00,68.00,50.00,52.54,210.00,15.00,0.00,30.27,M,6.21,M,BKN,M,M,M,4700.00,M,M,M,M,M,M,M,M,M,M,68.00,FALE 301000Z 21015KT 9999 BKN047 20/10 Q1025 NOSIG,M
FALE,2026-07-30 11:00,69.80,48.20,46.19,220.00,16.00,0.00,30.24,M,6.21,M,SCT,M,M,M,4900.00,M,M,M,M,M,M,M,M,M,M,69.80,FALE 301100Z 22016KT 9999 SCT049 21/09 Q1024 NOSIG,M
FALE,2026-07-30 12:00,69.80,50.00,49.40,230.00,18.00,0.00,30.24,M,6.21,M,SCT,M,M,M,4700.00,M,M,M,M,M,M,M,M,M,M,69.80,FALE 301200Z 23018KT 9999 SCT047 21/10 Q1024 NOSIG,M
FALE,2026-07-30 12:54,66.20,50.00,55.91,210.00,15.00,0.00,30.24,M,6.21,27.00,M,M,M,M,M,M,M,M,M,M,M,M,M,M,M,66.20,FALE 301254Z 21015G27KT CAVOK 19/10 Q1024 NOSIG,M
FALE,2026-07-30 13:00,66.20,50.00,55.91,210.00,15.00,0.00,30.24,M,6.21,27.00,M,M,M,M,M,M,M,M,M,M,M,M,M,M,M,66.20,FALE 301300Z 21015G27KT CAVOK 19/10 Q1024 NOSIG,M
FALE,2026-07-30 14:00,68.00,50.00,52.54,210.00,17.00,0.00,30.24,M,6.21,M,FEW,M,M,M,4500.00,M,M,M,M,M,M,M,M,M,M,68.00,FALE 301400Z 21017KT 9999 FEW045 20/10 Q1024 NOSIG,M
FALE,2026-07-30 15:00,64.40,48.20,55.65,220.00,16.00,0.00,30.27,M,6.21,M,FEW,M,M,M,4400.00,M,M,M,M,M,M,M,M,M,M,64.40,FALE 301500Z 22016KT 9999 FEW044 18/09 Q1025 NOSIG,M
FALE,2026-07-30 16:00,62.60,50.00,63.39,220.00,16.00,0.00,30.30,M,6.21,M,M,M,M,M,M,M,M,M,M,M,M,M,M,M,M,62.60,FALE 301600Z 22016KT CAVOK 17/10 Q1026 NOSIG,M
FALE,2026-07-30 17:00,62.60,50.00,63.39,220.00,12.00,0.00,30.33,M,6.21,M,M,M,M,M,M,M,M,M,M,M,M,M,M,M,M,62.60,FALE 301700Z 22012KT CAVOK 17/10 Q1027 NOSIG,M
FALE,2026-07-30 18:00,60.80,50.00,67.55,230.00,9.00,0.00,30.33,M,6.21,M,M,M,M,M,M,M,M,M,M,M,M,M,M,M,M,60.80,FALE 301800Z 23009KT CAVOK 16/10 Q1027 NOSIG,M
FALE,2026-07-30 19:00,59.00,48.20,67.34,220.00,9.00,0.00,30.36,M,6.21,M,M,M,M,M,M,M,M,M,M,M,M,M,M,M,M,59.00,FALE 301900Z 22009KT CAVOK 15/09 Q1028 NOSIG,M
FALE,2026-07-30 20:00,59.00,50.00,72.02,230.00,12.00,0.00,30.36,M,6.21,M,M,M,M,M,M,M,M,M,M,M,M,M,M,M,M,59.00,FALE 302000Z 23012KT CAVOK 15/10 Q1028 NOSIG,M
FALE,2026-07-30 21:00,59.00,48.20,67.34,230.00,10.00,0.00,30.36,M,6.21,M,M,M,M,M,M,M,M,M,M,M,M,M,M,M,M,59.00,FALE 302100Z 23010KT CAVOK 15/09 Q1028 NOSIG,M
FALE,2026-07-30 22:00,57.20,48.20,71.84,240.00,8.00,0.00,30.36,M,6.21,M,M,M,M,M,M,M,M,M,M,M,M,M,M,M,M,57.20,FALE 302200Z 24008KT CAVOK 14/09 Q1028 NOSIG,M
FALE,2026-07-30 23:00,57.20,48.20,71.84,230.00,7.00,0.00,30.36,M,6.21,M,FEW,M,M,M,2900.00,M,M,M,M,M,M,M,M,M,M,57.20,FALE 302300Z 23007KT 9999 FEW029 14/09 Q1028 NOSIG,M
FALE,2026-07-31 00:00,57.20,48.20,71.84,240.00,8.00,0.00,30.36,M,6.21,M,M,M,M,M,M,M,M,M,M,M,M,M,M,M,M,57.20,FALE 310000Z 24008KT CAVOK 14/09 Q1028 NOSIG,M
FALE,2026-07-31 01:00,57.20,48.20,71.84,220.00,7.00,0.00,30.36,M,6.21,M,SCT,M,M,M,3400.00,M,M,M,M,M,M,M,M,M,M,57.20,FALE 310100Z 22007KT 9999 SCT034 14/09 Q1028 NOSIG,M
FALE,2026-07-31 02:00,57.20,50.00,76.83,220.00,9.00,0.00,30.36,M,6.21,M,FEW,BKN,M,M,1300.00,3500.00,M,M,M,M,M,M,M,M,M,57.20,FALE 310200Z 22009KT 9999 FEW013 BKN035 14/10 Q1028 NOSIG,M
FALE,2026-07-31 03:00,57.20,51.80,82.13,210.00,10.00,0.00,30.36,M,5.59,M,FEW,BKN,M,M,1800.00,3500.00,M,M,-RA,M,M,M,M,M,M,57.20,FALE 310300Z 21010KT 9000 -RA FEW018 BKN035 14/11 Q1028 NOSIG,M
FALE,2026-07-31 04:00,57.20,53.60,87.75,240.00,5.00,0.00,30.39,M,6.21,M,OVC,M,M,M,3000.00,M,M,M,-RA,M,M,M,M,M,M,57.20,FALE 310400Z 24005KT 9999 -RA OVC030 14/12 Q1029 NOSIG,M
FALE,2026-07-31 04:20,57.20,51.80,82.13,230.00,13.00,0.00,30.39,M,6.21,M,FEW,SCT,M,M,2000.00,3000.00,M,M,M,M,M,M,M,M,M,57.20,FALE 310420Z 23013KT 9999 FEW020 SCT030 14/11 Q1029 NOSIG,M
FALE,2026-07-31 05:00,55.40,50.00,82.00,230.00,10.00,0.00,30.39,M,6.21,M,FEW,M,M,M,3000.00,M,M,M,M,M,M,M,M,M,M,55.40,FALE 310500Z 23010KT 9999 FEW030 13/10 Q1029 NOSIG,M
FALE,2026-07-31 06:00,59.00,51.80,76.99,230.00,12.00,0.00,30.42,M,6.21,M,FEW,M,M,M,3000.00,M,M,M,M,M,M,M,M,M,M,59.00,FALE 310600Z 23012KT 9999 FEW030 15/11 Q1030 NOSIG,M
FALE,2026-07-31 06:24,62.60,50.00,63.39,230.00,14.00,0.00,30.42,M,6.21,M,FEW,M,M,M,3000.00,M,M,M,M,M,M,M,M,M,M,62.60,FALE 310624Z 23014KT 9999 FEW030 17/10 Q1030 NOSIG,M
FALE,2026-07-31 07:00,62.60,50.00,63.39,230.00,16.00,0.00,30.45,M,6.21,M,FEW,M,M,M,4500.00,M,M,M,M,M,M,M,M,M,M,62.60,FALE 310700Z 23016KT 9999 FEW045 17/10 Q1031 NOSIG,M
FALE,2026-07-31 07:18,62.60,51.80,67.76,220.00,17.00,0.00,30.45,M,6.21,27.00,SCT,BKN,M,M,3500.00,4900.00,M,M,-RA,M,M,M,M,M,M,62.60,FALE 310718Z 22017G27KT 9999 -RA SCT035 BKN049 17/11 Q1031 NOSIG,M
FALE,2026-07-31 07:51,64.40,51.80,63.62,230.00,16.00,0.00,30.45,M,6.21,M,FEW,SCT,M,M,3000.00,4000.00,M,M,M,M,M,M,M,M,M,64.40,FALE 310751Z 23016KT 9999 FEW030 SCT040 18/11 Q1031 NOSIG,M
FALE,2026-07-31 08:00,64.40,51.80,63.62,230.00,16.00,0.00,30.45,M,6.21,M,FEW,SCT,M,M,3000.00,4000.00,M,M,M,M,M,M,M,M,M,64.40,FALE 310800Z 23016KT 9999 FEW030 SCT040 18/11 Q1031 NOSIG,M
FALE,2026-07-31 08:16,66.20,51.80,59.76,230.00,18.00,0.00,30.45,M,6.21,28.00,FEW,SCT,M,M,3000.00,4000.00,M,M,M,M,M,M,M,M,M,66.20,FALE 310816Z 23018G28KT 9999 FEW030 SCT040 19/11 Q1031 NOSIG,M
FALE,2026-07-31 08:18,66.20,51.80,59.76,230.00,20.00,0.00,30.45,M,6.21,M,FEW,SCT,M,M,3000.00,4000.00,M,M,M,M,M,M,M,M,M,66.20,FALE 310818Z 23020KT 9999 FEW030 SCT040 19/11 Q1031 NOSIG,M
FALE,2026-07-31 09:00,66.20,51.80,59.76,230.00,16.00,0.00,30.45,M,6.21,M,FEW,SCT,M,M,3500.00,4900.00,M,M,M,M,M,M,M,M,M,66.20,FALE 310900Z 23016KT 9999 FEW035 SCT049 19/11 Q1031 NOSIG,M
FALE,2026-07-31 10:00,68.00,48.20,49.12,210.00,14.00,0.00,30.45,M,6.21,M,BKN,M,M,M,3500.00,M,M,M,M,M,M,M,M,M,M,68.00,FALE 311000Z 21014KT 180V240 9999 BKN035 20/09 Q1031 NOSIG,M
FALE,2026-07-31 11:00,68.00,50.00,52.54,200.00,15.00,0.00,30.42,M,6.21,M,FEW,SCT,M,M,2000.00,4400.00,M,M,M,M,M,M,M,M,M,68.00,FALE 311100Z 20015KT 9999 FEW020 SCT044TCU 20/10 Q1030 NOSIG,M
FALE,2026-07-31 12:00,68.00,50.00,52.54,200.00,12.00,0.00,30.42,M,6.21,M,FEW,SCT,M,M,3500.00,4400.00,M,M,M,M,M,M,M,M,M,68.00,FALE 311200Z 20012KT 160V230 9999 FEW035 SCT044TCU 20/10 Q1030 NOSIG,M
FALE,2026-07-31 13:00,68.00,50.00,52.54,200.00,13.00,0.00,30.39,M,6.21,M,FEW,SCT,M,M,3500.00,4500.00,M,M,M,M,M,M,M,M,M,68.00,FALE 311300Z 20013KT 160V230 9999 FEW035 SCT045 20/10 Q1029 NOSIG,M
FALE,2026-07-31 14:00,66.20,50.00,55.91,200.00,12.00,0.00,30.39,M,6.21,M,FEW,SCT,M,M,3500.00,4800.00,M,M,M,M,M,M,M,M,M,66.20,FALE 311400Z 20012KT 160V230 9999 FEW035 SCT048 19/10 Q1029 NOSIG,M
FALE,2026-07-31 15:00,64.40,48.20,55.65,200.00,11.00,0.00,30.42,M,6.21,M,SCT,M,M,M,3700.00,M,M,M,M,M,M,M,M,M,M,64.40,FALE 311500Z 20011KT 9999 SCT037 18/09 Q1030 NOSIG,M
FALE,2026-07-31 16:00,64.40,48.20,55.65,210.00,10.00,0.00,30.42,M,6.21,M,BKN,M,M,M,4300.00,M,M,M,M,M,M,M,M,M,M,64.40,FALE 311600Z 21010KT 9999 BKN043 18/09 Q1030 NOSIG,M
FALE,2026-07-31 17:00,62.60,48.20,59.27,220.00,8.00,0.00,30.45,M,6.21,M,BKN,M,M,M,4200.00,M,M,M,M,M,M,M,M,M,M,62.60,FALE 311700Z 22008KT 9999 BKN042 17/09 Q1031 NOSIG,M
FALE,2026-07-31 18:00,59.00,48.20,67.34,240.00,6.00,0.00,30.45,M,6.21,M,SCT,M,M,M,4200.00,M,M,M,M,M,M,M,M,M,M,59.00,FALE 311800Z 24006KT 9999 SCT042 15/09 Q1031 NOSIG,M
FALE,2026-07-31 19:00,59.00,50.00,72.02,230.00,6.00,0.00,30.45,M,6.21,M,SCT,M,M,M,4200.00,M,M,M,M,M,M,M,M,M,M,59.00,FALE 311900Z 23006KT 9999 SCT042 15/10 Q1031 NOSIG,M
FALE,2026-07-31 20:00,60.80,48.20,63.16,240.00,9.00,0.00,30.45,M,6.21,M,BKN,M,M,M,4900.00,M,M,M,M,M,M,M,M,M,M,60.80,FALE 312000Z 24009KT 9999 BKN049 16/09 Q1031 NOSIG,M
FALE,2026-07-31 21:00,60.80,48.20,63.16,260.00,6.00,0.00,30.45,M,6.21,M,BKN,M,M,M,4900.00,M,M,M,M,M,M,M,M,M,M,60.80,FALE 312100Z 26006KT 9999 BKN049 16/09 Q1031 NOSIG,M
FALE,2026-08-01 00:00,59.00,48.20,67.34,220.00,5.00,0.00,30.39,M,6.21,M,OVC,M,M,M,4900.00,M,M,M,M,M,M,M,M,M,M,59.00,FALE 010000Z 22005KT 9999 OVC049 15/09 Q1029 NOSIG,M
FALE,2026-08-01 02:00,60.80,46.40,59.02,260.00,8.00,0.00,30.39,M,6.21,M,OVC,M,M,M,4900.00,M,M,M,M,M,M,M,M,M,M,60.80,FALE 010200Z 26008KT 9999 OVC049 16/08 Q1029 NOSIG,M
FALE,2026-08-01 03:00,60.80,46.40,59.02,260.00,9.00,0.00,30.36,M,6.21,M,M,M,M,M,M,M,M,M,M,M,M,M,M,M,M,60.80,FALE 010300Z 26009KT CAVOK 16/08 Q1028 NOSIG,M
FALE,2026-08-01 04:00,59.00,44.60,58.78,250.00,9.00,0.00,30.36,M,6.21,M,M,M,M,M,M,M,M,M,M,M,M,M,M,M,M,59.00,FALE 010400Z 25009KT CAVOK 15/07 Q1028 NOSIG,M
FALE,2026-08-01 05:00,60.80,42.80,51.46,250.00,9.00,0.00,30.36,M,6.21,M,M,M,M,M,M,M,M,M,M,M,M,M,M,M,M,60.80,FALE 010500Z 25009KT CAVOK 16/06 Q1028 NOSIG,M
FALE,2026-08-01 06:00,60.80,42.80,51.46,250.00,9.00,0.00,30.39,M,6.21,M,FEW,M,M,M,4500.00,M,M,M,M,M,M,M,M,M,M,60.80,FALE 010600Z 25009KT 9999 FEW045 16/06 Q1029 NOSIG,M
FALE,2026-08-01 06:53,66.20,44.60,45.62,240.00,11.00,0.00,30.39,M,6.21,M,M,M,M,M,M,M,M,M,M,M,M,M,M,M,M,66.20,FALE 010653Z 24011KT 210V270 CAVOK 19/07 Q1029 NOSIG,M
FALE,2026-08-01 07:00,64.40,44.60,48.57,240.00,11.00,0.00,30.39,M,6.21,M,M,M,M,M,M,M,M,M,M,M,M,M,M,M,M,64.40,FALE 010700Z 24011KT 210V270 CAVOK 18/07 Q1029 NOSIG,M
FALE,2026-08-01 08:00,66.20,44.60,45.62,220.00,14.00,0.00,30.39,M,6.21,M,M,M,M,M,M,M,M,M,M,M,M,M,M,M,M,66.20,FALE 010800Z 22014KT 190V250 CAVOK 19/07 Q1029 NOSIG,M
FALE,2026-08-01 09:00,68.00,44.60,42.87,230.00,12.00,0.00,30.39,M,6.21,M,M,M,M,M,M,M,M,M,M,M,M,M,M,M,M,68.00,FALE 010900Z 23012KT 190V260 CAVOK 20/07 Q1029 NOSIG,M
FALE,2026-08-01 10:00,68.00,44.60,42.87,190.00,10.00,0.00,30.36,M,6.21,M,BKN,M,M,M,4900.00,M,M,M,M,M,M,M,M,M,M,68.00,FALE 011000Z 19010KT 150V240 9999 BKN049 20/07 Q1028 NOSIG,M
FALE,2026-08-01 11:00,68.00,46.40,45.91,180.00,11.00,0.00,30.33,M,6.21,M,FEW,M,M,M,4900.00,M,M,M,M,M,M,M,M,M,M,68.00,FALE 011100Z 18011KT 150V220 9999 FEW049 20/08 Q1027 NOSIG,M
FALE,2026-08-01 12:00,68.00,50.00,52.54,190.00,14.00,0.00,30.30,M,6.21,M,FEW,SCT,M,M,3000.00,4900.00,M,M,M,M,M,M,M,M,M,68.00,FALE 011200Z 19014KT 160V220 9999 FEW030 SCT049 20/10 Q1026 NOSIG,M
FALE,2026-08-01 13:00,68.00,50.00,52.54,190.00,14.00,0.00,30.30,M,6.21,M,FEW,M,M,M,3000.00,M,M,M,M,M,M,M,M,M,M,68.00,FALE 011300Z 19014KT 150V220 9999 FEW030 20/10 Q1026 NOSIG,M
FALE,2026-08-01 14:00,66.20,50.00,55.91,190.00,12.00,0.00,30.30,M,6.21,M,FEW,M,M,M,3000.00,M,M,M,M,M,M,M,M,M,M,66.20,FALE 011400Z 19012KT 9999 FEW030 19/10 Q1026 NOSIG,M
FALE,2026-08-01 15:00,64.40,48.20,55.65,200.00,8.00,0.00,30.30,M,6.21,M,FEW,M,M,M,3000.00,M,M,M,M,M,M,M,M,M,M,64.40,FALE 011500Z 20008KT 9999 FEW030 18/09 Q1026 NOSIG,M
FALE,2026-08-01 16:00,60.80,48.20,63.16,210.00,6.00,0.00,30.30,M,6.21,M,FEW,M,M,M,3000.00,M,M,M,M,M,M,M,M,M,M,60.80,FALE 011600Z 21006KT 9999 FEW030 16/09 Q1026 NOSIG,M
FALE,2026-08-01 17:00,59.00,46.40,62.93,210.00,6.00,0.00,30.30,M,6.21,M,FEW,M,M,M,3000.00,M,M,M,M,M,M,M,M,M,M,59.00,FALE 011700Z 21006KT 9999 FEW030 15/08 Q1026 NOSIG,M
FALE,2026-08-01 18:00,55.40,46.40,71.65,230.00,4.00,0.00,30.33,M,6.21,M,FEW,M,M,M,3000.00,M,M,M,M,M,M,M,M,M,M,55.40,FALE 011800Z 23004KT 9999 FEW030 13/08 Q1027 NOSIG,M
FALE,2026-08-01 19:00,53.60,46.40,76.51,230.00,5.00,0.00,30.33,M,6.21,M,FEW,M,M,M,4400.00,M,M,M,M,M,M,M,M,M,M,53.60,FALE 011900Z 23005KT 9999 FEW044 12/08 Q1027 NOSIG,M
FALE,2026-08-01 20:00,53.60,46.40,76.51,230.00,4.00,0.00,30.30,M,6.21,M,M,M,M,M,M,M,M,M,M,M,M,M,M,M,M,53.60,FALE 012000Z 23004KT CAVOK 12/08 Q1026 NOSIG,M
FALE,2026-08-01 21:00,51.80,46.40,81.74,230.00,6.00,0.00,30.30,M,6.21,M,M,M,M,M,M,M,M,M,M,M,M,M,M,M,M,51.80,FALE 012100Z 23006KT CAVOK 11/08 Q1026 NOSIG,M
FALE,2026-08-01 22:00,53.60,46.40,76.51,230.00,4.00,0.00,30.27,M,6.21,M,M,M,M,M,M,M,M,M,M,M,M,M,M,M,M,53.60,FALE 012200Z 23004KT CAVOK 12/08 Q1025 NOSIG,M
FALE,2026-08-01 23:00,51.80,46.40,81.74,240.00,6.00,0.00,30.27,M,6.21,M,M,M,M,M,M,M,M,M,M,M,M,M,M,M,M,51.80,FALE 012300Z 24006KT CAVOK 11/08 Q1025 NOSIG,M
FALE,2026-08-01 23:54,55.40,46.40,71.65,250.00,9.00,0.00,30.27,M,6.21,M,M,M,M,M,M,M,M,M,M,M,M,M,M,M,M,55.40,FALE 012354Z 25009KT CAVOK 13/08 Q1025 NOSIG,M
FALE,2026-08-02 00:00,55.40,46.40,71.65,250.00,9.00,0.00,30.27,M,6.21,M,M,M,M,M,M,M,M,M,M,M,M,M,M,M,M,55.40,FALE 020000Z 25009KT CAVOK 13/08 Q1025 NOSIG,M
FALE,2026-08-02 01:00,57.20,46.40,67.13,260.00,11.00,0.00,30.24,M,6.21,M,M,M,M,M,M,M,M,M,M,M,M,M,M,M,M,57.20,FALE 020100Z 26011KT CAVOK 14/08 Q1024 NOSIG,M
FALE,2026-08-02 03:00,57.20,42.80,58.52,250.00,8.00,0.00,30.21,M,6.21,M,M,M,M,M,M,M,M,M,M,M,M,M,M,M,M,57.20,FALE 020300Z 25008KT CAVOK 14/06 Q1023 NOSIG,M
FALE,2026-08-02 04:00,57.20,41.00,54.60,240.00,9.00,0.00,30.21,M,6.21,M,M,M,M,M,M,M,M,M,M,M,M,M,M,M,M,57.20,FALE 020400Z 24009KT CAVOK 14/05 Q1023 NOSIG,M
FALE,2026-08-02 04:53,60.80,41.00,48.01,250.00,10.00,0.00,30.21,M,6.21,M,BKN,M,M,M,3500.00,M,M,M,M,M,M,M,M,M,M,60.80,FALE 020453Z 25010KT 9999 BKN035 16/05 Q1023 NOSIG,M
FALE,2026-08-02 05:00,60.80,41.00,48.01,250.00,10.00,0.00,30.21,M,6.21,M,BKN,M,M,M,3500.00,M,M,M,M,M,M,M,M,M,M,60.80,FALE 020500Z 25010KT 9999 BKN035 16/05 Q1023 NOSIG,M
FALE,2026-08-02 06:00,62.60,42.80,48.29,250.00,10.00,0.00,30.24,M,6.21,M,BKN,M,M,M,3000.00,M,M,M,M,M,M,M,M,M,M,62.60,FALE 020600Z 25010KT 9999 BKN030 17/06 Q1024 NOSIG,M
FALE,2026-08-02 07:00,66.20,48.20,52.27,240.00,16.00,0.00,30.24,M,6.21,M,SCT,M,M,M,4100.00,M,M,M,M,M,M,M,M,M,M,66.20,FALE 020700Z 24016KT 9999 SCT041 19/09 Q1024 NOSIG,M
FALE,2026-08-02 08:00,68.00,48.20,49.12,240.00,13.00,0.00,30.24,M,6.21,M,FEW,BKN,M,M,3300.00,3900.00,M,M,M,M,M,M,M,M,M,68.00,FALE 020800Z 24013KT 9999 FEW033 BKN039 20/09 Q1024 NOSIG,M
FALE,2026-08-02 09:00,71.60,51.80,49.67,230.00,10.00,0.00,30.21,M,6.21,M,BKN,M,M,M,3200.00,M,M,M,M,M,M,M,M,M,M,71.60,FALE 020900Z 23010KT 9999 BKN032 22/11 Q1023 NOSIG,M
FALE,2026-08-02 10:00,69.80,53.60,56.42,210.00,9.00,0.00,30.21,M,6.21,M,BKN,M,M,M,3500.00,M,M,M,M,M,M,M,M,M,M,69.80,FALE 021000Z 21009KT 9999 BKN035 21/12 Q1023 NOSIG,M
FALE,2026-08-02 11:00,69.80,57.20,64.30,190.00,13.00,0.00,30.15,M,6.21,M,FEW,BKN,M,M,3500.00,4900.00,M,M,M,M,M,M,M,M,M,69.80,FALE 021100Z 19013KT 160V220 9999 FEW035 BKN049 21/14 Q1021 NOSIG,M
FALE,2026-08-02 12:00,71.60,57.20,60.48,210.00,10.00,0.00,30.15,M,6.21,M,SCT,M,M,M,4200.00,M,M,M,M,M,M,M,M,M,M,71.60,FALE 021200Z 21010KT 160V240 9999 SCT042 22/14 Q1021 NOSIG,M
FALE,2026-08-02 13:00,71.60,57.20,60.48,180.00,10.00,0.00,30.15,M,6.21,M,FEW,M,M,M,4900.00,M,M,M,M,M,M,M,M,M,M,71.60,FALE 021300Z 18010KT 150V210 9999 FEW049 22/14 Q1021 NOSIG,M
FALE,2026-08-02 14:00,69.80,59.00,68.59,190.00,11.00,0.00,30.12,M,6.21,M,FEW,M,M,M,500.00,M,M,M,M,M,M,M,M,M,M,69.80,FALE 021400Z 19011KT 9999 FEW005 21/15 Q1020 NOSIG,M
FALE,2026-08-02 15:00,68.00,60.80,77.77,200.00,10.00,0.00,30.15,M,6.21,M,M,M,M,M,M,M,M,M,M,M,M,M,M,M,M,68.00,FALE 021500Z 20010KT 160V230 CAVOK 20/16 Q1021 NOSIG,M
FALE,2026-08-02 16:00,66.20,60.80,82.76,200.00,8.00,0.00,30.15,M,6.21,M,SCT,M,M,M,2000.00,M,M,M,M,M,M,M,M,M,M,66.20,FALE 021600Z 20008KT 9999 SCT020 19/16 Q1021 NOSIG,M
FALE,2026-08-02 17:00,64.40,59.00,82.63,210.00,6.00,0.00,30.15,M,6.21,M,FEW,M,M,M,1800.00,M,M,M,M,M,M,M,M,M,M,64.40,FALE 021700Z 21006KT 9999 FEW018 18/15 Q1021 NOSIG,M
FALE,2026-08-02 18:00,64.40,60.80,88.10,220.00,3.00,0.00,30.18,M,6.21,M,SCT,BKN,M,M,1400.00,2100.00,M,M,-RA,M,M,M,M,M,M,64.40,FALE 021800Z 22003KT 190V250 9999 -RA SCT014 BKN021 18/16 Q1022 NOSIG,M
FALE,2026-08-02 19:00,62.60,59.00,88.01,240.00,6.00,0.00,30.18,M,6.21,M,FEW,SCT,BKN,M,1500.00,2200.00,3300.00,M,M,M,M,M,M,M,M,62.60,FALE 021900Z 24006KT 9999 FEW015 SCT022 BKN033 17/15 Q1022 NOSIG,M
FALE,2026-08-02 20:00,64.40,60.80,88.10,260.00,6.00,0.00,30.18,M,6.21,M,FEW,SCT,BKN,M,1800.00,2500.00,4500.00,M,-RA,M,M,M,M,M,M,64.40,FALE 022000Z 26006KT 9999 -RA FEW018 SCT025 BKN045 18/16 Q1022 NOSIG,M
FALE,2026-08-02 21:00,64.40,59.00,82.63,270.00,4.00,0.00,30.18,M,6.21,M,FEW,BKN,M,M,2000.00,4500.00,M,M,M,M,M,M,M,M,M,64.40,FALE 022100Z 27004KT 9999 FEW020 BKN045 18/15 Q1022 NOSIG,M
FALE,2026-08-02 22:00,62.60,57.20,82.51,230.00,3.00,0.00,30.18,M,6.21,M,FEW,BKN,M,M,2500.00,4900.00,M,M,M,M,M,M,M,M,M,62.60,FALE 022200Z 23003KT 9999 FEW025 BKN049 17/14 Q1022 NOSIG,M
FALE,2026-08-02 23:00,59.00,55.40,87.84,230.00,5.00,0.00,30.15,M,6.21,M,FEW,M,M,M,4000.00,M,M,M,M,M,M,M,M,M,M,59.00,FALE 022300Z 23005KT 9999 FEW040 15/13 Q1021 NOSIG,M
FALE,2026-08-03 00:00,59.00,55.40,87.84,240.00,5.00,0.00,30.15,M,6.21,M,FEW,M,M,M,4500.00,M,M,M,M,M,M,M,M,M,M,59.00,FALE 030000Z 24005KT 9999 FEW045 15/13 Q1021 NOSIG,M
FALE,2026-08-03 01:00,59.00,55.40,87.84,240.00,4.00,0.00,30.15,M,6.21,M,FEW,M,M,M,4500.00,M,M,M,M,M,M,M,M,M,M,59.00,FALE 030100Z 24004KT 9999 FEW045 15/13 Q1021 NOSIG,M
FALE,2026-08-03 02:00,59.00,55.40,87.84,250.00,4.00,0.00,30.15,M,6.21,M,FEW,M,M,M,4500.00,M,M,M,M,M,M,M,M,M,M,59.00,FALE 030200Z 25004KT 9999 FEW045 15/13 Q1021 NOSIG,M
FALE,2026-08-03 03:00,59.00,53.60,82.26,240.00,4.00,0.00,30.15,M,6.21,M,FEW,M,M,M,4500.00,M,M,M,M,M,M,M,M,M,M,59.00,FALE 030300Z 24004KT 9999 FEW045 15/12 Q1021 NOSIG,M
FALE,2026-08-03 05:00,57.20,51.80,82.13,250.00,3.00,0.00,30.12,M,6.21,M,M,M,M,M,M,M,M,M,M,M,M,M,M,M,M,57.20,FALE 030500Z 25003KT CAVOK 14/11 Q1020 NOSIG,M
FALE,2026-08-03 06:00,60.80,53.60,77.15,240.00,3.00,0.00,30.15,M,6.21,M,FEW,M,M,M,3500.00,M,M,M,M,M,M,M,M,M,M,60.80,FALE 030600Z 24003KT 200V260 9999 FEW035 16/12 Q1021 NOSIG,M
FALE,2026-08-03 06:18,64.40,55.40,72.58,250.00,3.00,0.00,30.15,M,6.21,M,FEW,M,M,M,3500.00,M,M,M,M,M,M,M,M,M,M,64.40,FALE 030618Z 25003KT 210V300 9999 FEW035 18/13 Q1021 NOSIG,M
FALE,2026-08-03 07:00,66.20,53.60,63.85,250.00,4.00,0.00,30.15,M,6.21,M,FEW,M,M,M,3500.00,M,M,M,M,M,M,M,M,M,M,66.20,FALE 030700Z 25004KT 9999 FEW035 19/12 Q1021 NOSIG,M
FALE,2026-08-03 07:29,69.80,53.60,56.42,230.00,4.00,0.00,30.15,M,6.21,M,M,M,M,M,M,M,M,M,M,M,M,M,M,M,M,69.80,FALE 030729Z 23004KT 180V270 CAVOK 21/12 Q1021 NOSIG,M
FALE,2026-08-03 08:00,69.80,53.60,56.42,200.00,4.00,0.00,30.18,M,6.21,M,M,M,M,M,M,M,M,M,M,M,M,M,M,M,M,69.80,FALE 030800Z 20004KT 150V260 CAVOK 21/12 Q1022 NOSIG,M
FALE,2026-08-03 09:00,71.60,53.60,53.07,150.00,6.00,0.00,30.15,M,6.21,M,M,M,M,M,M,M,M,M,M,M,M,M,M,M,M,71.60,FALE 030900Z 15006KT 100V210 CAVOK 22/12 Q1021 NOSIG,M
FALE,2026-08-03 10:00,73.40,55.40,53.33,140.00,6.00,0.00,30.15,M,6.21,M,FEW,M,M,M,3000.00,M,M,M,M,M,M,M,M,M,M,73.40,FALE 031000Z 14006KT 100V180 9999 FEW030 23/13 Q1021 NOSIG,M
FALE,2026-08-03 11:00,71.60,57.20,60.48,130.00,8.00,0.00,30.12,M,6.21,M,FEW,M,M,M,300.00,M,M,M,M,M,M,M,M,M,M,71.60,FALE 031100Z 13008KT 080V200 9999 FEW003 22/14 Q1020 NOSIG,M
FALE,2026-08-03 12:00,71.60,59.00,64.52,120.00,8.00,0.00,30.12,M,6.21,M,M,M,M,M,M,M,M,M,M,M,M,M,M,M,M,71.60,FALE 031200Z 12008KT 070V150 CAVOK 22/15 Q1020 NOSIG,M
FALE,2026-08-03 13:00,71.60,59.00,64.52,110.00,8.00,0.00,30.12,M,6.21,M,M,M,M,M,M,M,M,M,M,M,M,M,M,M,M,71.60,FALE 031300Z 11008KT 070V160 CAVOK 22/15 Q1020 NOSIG,M
FALE,2026-08-03 14:00,69.80,60.80,73.13,130.00,5.00,0.00,30.12,M,6.21,M,M,M,M,M,M,M,M,M,M,M,M,M,M,M,M,69.80,FALE 031400Z 13005KT 080V180 CAVOK 21/16 Q1020 NOSIG,M
FALE,2026-08-03 15:00,68.00,60.80,77.77,M,2.00,0.00,30.15,M,6.21,M,FEW,M,M,M,1400.00,M,M,M,M,M,M,M,M,M,M,68.00,FALE 031500Z VRB02KT 9999 FEW014 20/16 Q1021 NOSIG,M
FALE,2026-08-03 16:00,60.80,57.20,87.93,110.00,1.00,0.00,30.15,M,6.21,M,FEW,M,M,M,1400.00,M,M,M,M,M,M,M,M,M,M,60.80,FALE 031600Z 11001KT 9999 FEW014 16/14 Q1021 NOSIG,M
FALE,2026-08-03 17:00,57.20,55.40,93.70,110.00,1.00,0.00,30.18,M,6.21,M,FEW,M,M,M,1000.00,M,M,M,M,M,M,M,M,M,M,57.20,FALE 031700Z 11001KT 9999 FEW010 14/13 Q1022 NOSIG,M
FALE,2026-08-03 18:00,57.20,55.40,93.70,70.00,1.00,0.00,30.18,M,6.21,M,M,M,M,M,M,M,M,M,M,M,M,M,M,M,M,57.20,FALE 031800Z 07001KT CAVOK 14/13 Q1022 NOSIG,M
FALE,2026-08-03 19:00,55.40,53.60,93.65,0.00,0.00,0.00,30.21,M,6.21,M,M,M,M,M,M,M,M,M,M,M,M,M,M,M,M,55.40,FALE 031900Z 00000KT CAVOK 13/12 Q1023 NOSIG,M
FALE,2026-08-03 20:00,50.00,50.00,100.00,0.00,0.00,0.00,30.21,M,6.21,M,M,M,M,M,M,M,M,M,M,M,M,M,M,M,M,50.00,FALE 032000Z 00000KT CAVOK 10/10 Q1023 NOSIG,M
FALE,2026-08-03 20:12,53.60,51.80,93.60,0.00,0.00,0.00,30.21,M,6.21,M,M,M,M,M,M,M,M,M,M,M,M,M,M,M,M,53.60,FALE 032012Z 00000KT CAVOK 12/11 Q1023 NOSIG,M
FALE,2026-08-03 21:00,53.60,53.60,100.00,0.00,0.00,0.00,30.21,M,5.59,M,NSC,M,M,M,M,M,M,M,M,M,M,M,M,M,M,53.60,FALE 032100Z 00000KT 9000 NSC 12/12 Q1023 NOSIG,M
FALE,2026-08-03 21:08,53.60,53.60,100.00,0.00,0.00,0.00,30.21,M,5.59,M,NSC,M,M,M,M,M,M,M,M,M,M,M,M,M,M,53.60,FALE 032108Z 00000KT 9000 NSC 12/12 Q1023 NOSIG,M
FALE,2026-08-03 22:00,53.60,53.60,100.00,0.00,0.00,0.00,30.21,M,4.97,M,NSC,M,M,M,M,M,M,M,M,M,M,M,M,M,M,53.60,FALE 032200Z 00000KT 8000 NSC 12/12 Q1023 NOSIG,M
FALE,2026-08-03 23:00,51.80,51.80,100.00,0.00,0.00,0.00,30.21,M,4.97,M,NSC,M,M,M,M,M,M,M,M,M,M,M,M,M,M,51.80,FALE 032300Z 00000KT 8000 NSC 11/11 Q1023 NOSIG,M
FALE,2026-08-04 00:00,48.20,48.20,100.00,0.00,0.00,0.00,30.18,M,6.21,M,M,M,M,M,M,M,M,M,M,M,M,M,M,M,M,48.20,FALE 040000Z 00000KT CAVOK 09/09 Q1022 NOSIG,M
FALE,2026-08-04 00:08,51.80,51.80,100.00,0.00,0.00,0.00,30.18,M,5.59,M,NSC,M,M,M,M,M,M,M,M,M,M,M,M,M,M,51.80,FALE 040008Z 00000KT 9000 NSC 11/11 Q1022 NOSIG,M
FALE,2026-08-04 02:11,50.00,48.20,93.50,0.00,0.00,0.00,30.18,M,6.21,M,M,M,M,M,M,M,M,M,M,M,M,M,M,M,M,50.00,FALE 040211Z 00000KT CAVOK 10/09 Q1022 NOSIG,M
FALE,2026-08-04 02:47,50.00,50.00,100.00,210.00,3.00,0.00,30.18,M,6.21,M,M,M,M,M,M,M,M,M,M,M,M,M,M,M,M,50.00,FALE 040247Z 21003KT CAVOK 10/10 Q1022 NOSIG,M
FALE,2026-08-04 03:00,50.00,50.00,100.00,210.00,3.00,0.00,30.15,M,6.21,M,M,M,M,M,M,M,M,M,M,M,M,M,M,M,M,50.00,FALE 040300Z 21003KT CAVOK 10/10 Q1021 NOSIG,M
FALE,2026-08-04 04:00,50.00,50.00,100.00,M,1.00,0.00,30.15,M,6.21,M,M,M,M,M,M,M,M,M,M,M,M,M,M,M,M,50.00,FALE 040400Z VRB01KT CAVOK 10/10 Q1021 NOSIG,M
FALE,2026-08-04 05:00,48.20,48.20,100.00,M,2.00,0.00,30.18,M,6.21,M,M,M,M,M,M,M,M,M,M,M,M,M,M,M,M,48.20,FALE 040500Z VRB02KT CAVOK 09/09 Q1022 NOSIG,M
FALE,2026-08-04 05:36,53.60,53.60,100.00,210.00,3.00,0.00,30.18,M,6.21,M,M,M,M,M,M,M,M,M,M,M,M,M,M,M,M,53.60,FALE 040536Z 21003KT CAVOK 12/12 Q1022 NOSIG,M
FALE,2026-08-04 06:00,55.40,55.40,100.00,M,2.00,0.00,30.18,M,6.21,M,M,M,M,M,M,M,M,M,M,M,M,M,M,M,M,55.40,FALE 040600Z VRB02KT CAVOK 13/13 Q1022 NOSIG,M
FALE,2026-08-04 06:19,59.00,55.40,87.84,230.00,3.00,0.00,30.18,M,6.21,M,M,M,M,M,M,M,M,M,M,M,M,M,M,M,M,59.00,FALE 040619Z 23003KT CAVOK 15/13 Q1022 NOSIG,M
FALE,2026-08-04 06:46,62.60,57.20,82.51,M,2.00,0.00,30.18,M,6.21,M,M,M,M,M,M,M,M,M,M,M,M,M,M,M,M,62.60,FALE 040646Z VRB02KT CAVOK 17/14 Q1022 NOSIG,M
FALE,2026-08-04 07:00,62.60,55.40,77.31,M,2.00,0.00,30.18,M,6.21,M,M,M,M,M,M,M,M,M,M,M,M,M,M,M,M,62.60,FALE 040700Z VRB02KT CAVOK 17/13 Q1022 NOSIG,M
FALE,2026-08-04 07:20,66.20,57.20,72.76,240.00,3.00,0.00,30.18,M,6.21,M,M,M,M,M,M,M,M,M,M,M,M,M,M,M,M,66.20,FALE 040720Z 24003KT CAVOK 19/14 Q1022 NOSIG,M
FALE,2026-08-04 07:52,69.80,57.20,64.30,M,2.00,0.00,30.18,M,6.21,M,M,M,M,M,M,M,M,M,M,M,M,M,M,M,M,69.80,FALE 040752Z VRB02KT CAVOK 21/14 Q1022 NOSIG,M
FALE,2026-08-04 08:00,69.80,57.20,64.30,M,2.00,0.00,30.18,M,6.21,M,M,M,M,M,M,M,M,M,M,M,M,M,M,M,M,69.80,FALE 040800Z VRB02KT CAVOK 21/14 Q1022 NOSIG,M
FALE,2026-08-04 09:00,69.80,57.20,64.30,120.00,6.00,0.00,30.18,M,6.21,M,M,M,M,M,M,M,M,M,M,M,M,M,M,M,M,69.80,FALE 040900Z 12006KT CAVOK 21/14 Q1022 NOSIG,M
FALE,2026-08-04 10:00,71.60,57.20,60.48,100.00,6.00,0.00,30.15,M,6.21,M,M,M,M,M,M,M,M,M,M,M,M,M,M,M,M,71.60,FALE 041000Z 10006KT CAVOK 22/14 Q1021 NOSIG,M
FALE,2026-08-04 11:00,71.60,59.00,64.52,100.00,7.00,0.00,30.12,M,6.21,M,M,M,M,M,M,M,M,M,M,M,M,M,M,M,M,71.60,FALE 041100Z 10007KT 050V140 CAVOK 22/15 Q1020 NOSIG,M
FALE,2026-08-04 12:00,73.40,59.00,60.72,80.00,8.00,0.00,30.12,M,6.21,M,M,M,M,M,M,M,M,M,M,M,M,M,M,M,M,73.40,FALE 041200Z 08008KT 050V120 CAVOK 23/15 Q1020 NOSIG,M
FALE,2026-08-04 13:00,71.60,60.80,68.79,70.00,9.00,0.00,30.12,M,6.21,M,M,M,M,M,M,M,M,M,M,M,M,M,M,M,M,71.60,FALE 041300Z 07009KT 040V110 CAVOK 22/16 Q1020 NOSIG,M
FALE,2026-08-04 14:00,71.60,62.60,73.30,60.00,9.00,0.00,30.12,M,6.21,M,M,M,M,M,M,M,M,M,M,M,M,M,M,M,M,71.60,FALE 041400Z 06009KT 040V100 CAVOK 22/17 Q1020 NOSIG,M
FALE,2026-08-04 15:00,69.80,62.60,77.93,60.00,8.00,0.00,30.12,M,6.21,M,M,M,M,M,M,M,M,M,M,M,M,M,M,M,M,69.80,FALE 041500Z 06008KT CAVOK 21/17 Q1020 NOSIG,M
FALE,2026-08-04 16:00,66.20,62.60,88.19,50.00,5.00,0.00,30.12,M,6.21,M,M,M,M,M,M,M,M,M,M,M,M,M,M,M,M,66.20,FALE 041600Z 05005KT CAVOK 19/17 Q1020 NOSIG,M
FALE,2026-08-04 17:00,64.40,60.80,88.10,30.00,6.00,0.00,30.15,M,6.21,16.00,M,M,M,M,M,M,M,M,M,M,M,M,M,M,M,64.40,FALE 041700Z 03006G16KT 340V060 CAVOK 18/16 Q1021 NOSIG,M
FALE,2026-08-04 18:00,62.60,60.80,93.84,40.00,4.00,0.00,30.15,M,6.21,M,M,M,M,M,M,M,M,M,M,M,M,M,M,M,M,62.60,FALE 041800Z 04004KT 320V130 CAVOK 17/16 Q1021 NOSIG,M
FALE,2026-08-04 19:00,57.20,55.40,93.70,70.00,2.00,0.00,30.12,M,6.21,M,M,M,M,M,M,M,M,M,M,M,M,M,M,M,M,57.20,FALE 041900Z 07002KT CAVOK 14/13 Q1020 NOSIG,M
FALE,2026-08-04 19:58,57.20,57.20,100.00,0.00,0.00,0.00,30.12,M,2.49,M,NSC,M,M,M,M,M,M,M,BCFG,M,M,M,M,M,M,57.20,FALE 041958Z 00000KT 4000 BCFG NSC 14/14 Q1020 NOSIG,M
FALE,2026-08-04 20:00,57.20,55.40,93.70,0.00,0.00,0.00,30.12,M,2.49,M,NSC,M,M,M,M,M,M,M,BCFG,M,M,M,M,M,M,57.20,FALE 042000Z 00000KT 4000 BCFG NSC 14/13 Q1020 NOSIG,M
FALE,2026-08-04 20:09,57.20,55.40,93.70,0.00,0.00,0.00,30.12,M,3.11,M,FEW,M,M,M,800.00,M,M,M,BR,M,M,M,M,M,M,57.20,FALE 042009Z 00000KT 5000 BR FEW008 14/13 Q1020 NOSIG,M
FALE,2026-08-04 20:22,55.40,55.40,100.00,M,1.00,0.00,30.12,M,2.55,M,FEW,M,M,M,800.00,M,M,M,BR,M,M,M,M,M,M,55.40,FALE 042022Z VRB01KT 4100 R24/P2000N BR FEW008 13/13 Q1020 NOSIG,M
FALE,2026-08-04 20:40,53.60,53.60,100.00,0.00,0.00,0.00,30.12,M,4.35,M,FEW,M,M,M,800.00,M,M,M,M,M,M,M,M,M,M,53.60,FALE 042040Z 00000KT 7000 FEW008 12/12 Q1020 NOSIG,M
FALE,2026-08-04 20:55,55.40,55.40,100.00,0.00,0.00,0.00,30.12,M,1.68,M,FEW,M,M,M,600.00,M,M,M,BR,M,M,M,M,M,M,55.40,FALE 042055Z 00000KT 2700 1300 R24/P2000N BR FEW006 13/13 Q1020 NOSIG,M
FALE,2026-08-04 21:00,55.40,55.40,100.00,0.00,0.00,0.00,30.12,M,1.86,M,FEW,M,M,M,600.00,M,M,M,BR,M,M,M,M,M,M,55.40,FALE 042100Z 00000KT 3000 BR FEW006 13/13 Q1020 NOSIG,M
FALE,2026-08-04 21:06,57.20,55.40,93.70,M,2.00,0.00,30.12,M,1.30,M,FEW,M,M,M,600.00,M,M,M,BCFG,M,M,M,M,M,M,57.20,FALE 042106Z VRB02KT 2100 R24/0250D BCFG FEW006 14/13 Q1020 NOSIG,M
FALE,2026-08-04 21:26,57.20,57.20,100.00,230.00,4.00,0.00,30.12,M,3.11,M,FEW,M,M,M,700.00,M,M,M,BR,M,M,M,M,M,M,57.20,COR FALE 042126Z 23004KT 5000 BR FEW007 14/14 Q1020 NOSIG,M
FALE,2026-08-04 21:36,59.00,57.20,93.74,220.00,4.00,0.00,30.12,M,3.73,M,FEW,M,M,M,800.00,M,M,M,M,M,M,M,M,M,M,59.00,FALE 042136Z 22004KT 6000 FEW008 15/14 Q1020 NOSIG,M
FALE,2026-08-04 22:00,55.40,53.60,93.65,210.00,2.00,0.00,30.12,M,4.97,M,FEW,M,M,M,800.00,M,M,M,M,M,M,M,M,M,M,55.40,FALE 042200Z 21002KT 8000 FEW008 13/12 Q1020 NOSIG,M
FALE,2026-08-04 22:12,53.60,51.80,93.60,210.00,3.00,0.00,30.12,M,1.86,M,NSC,M,M,M,M,M,M,M,BR,M,M,M,M,M,M,53.60,FALE 042212Z 21003KT 3000 R24/2000D BR NSC 12/11 Q1020 NOSIG,M
FALE,2026-08-04 22:22,55.40,55.40,100.00,200.00,2.00,0.00,30.12,M,4.35,M,FEW,M,M,M,800.00,M,M,M,M,M,M,M,M,M,M,55.40,FALE 042222Z 20002KT 7000 FEW008 13/13 Q1020 NOSIG,M
FALE,2026-08-04 22:48,53.60,53.60,100.00,M,1.00,0.00,30.09,M,2.61,M,FEW,M,M,M,800.00,M,M,M,BR,M,M,M,M,M,M,53.60,FALE 042248Z VRB01KT 4200 BR FEW008 12/12 Q1019 NOSIG,M
FALE,2026-08-04 22:56,51.80,50.00,93.55,0.00,0.00,0.00,30.09,M,1.62,M,FEW,M,M,M,800.00,M,M,M,BR,M,M,M,M,M,M,51.80,FALE 042256Z 00000KT 2600 BR FEW008 11/10 Q1019 NOSIG,M
FALE,2026-08-04 22:59,50.00,50.00,100.00,0.00,0.00,0.00,30.09,M,0.81,M,FEW,M,M,M,800.00,M,M,M,BR,M,M,M,M,M,M,50.00,FALE 042259Z 00000KT 1300 R24/0400D BR FEW008 10/10 Q1019 NOSIG,M
FALE,2026-08-04 23:00,50.00,50.00,100.00,0.00,0.00,0.00,30.09,M,0.81,M,FEW,M,M,M,800.00,M,M,M,BR,M,M,M,M,M,M,50.00,FALE 042300Z 00000KT 1300 R24/0400D BR FEW008 10/10 Q1019 NOSIG,M
FALE,2026-08-04 23:21,51.80,51.80,100.00,M,1.00,0.00,30.09,M,0.50,M,SCT,M,M,M,800.00,M,M,M,FG,M,M,M,M,M,M,51.80,FALE 042321Z VRB01KT 0800 R24/0600N FG SCT008 11/11 Q1019 NOSIG,M
FALE,2026-08-04 23:49,53.60,51.80,93.60,220.00,2.00,0.00,30.09,M,2.11,M,FEW,M,M,M,700.00,M,M,M,BR,M,M,M,M,M,M,53.60,FALE 042349Z 22002KT 3400 BR FEW007 12/11 Q1019 NOSIG,M
FALE,2026-08-05 00:00,50.00,48.20,93.50,230.00,2.00,0.00,30.09,M,3.04,M,FEW,M,M,M,700.00,M,M,M,BR,M,M,M,M,M,M,50.00,FALE 050000Z 23002KT 4900 BR FEW007 10/09 Q1019 NOSIG,M
FALE,2026-08-05 00:44,53.60,53.60,100.00,M,2.00,0.00,30.06,M,4.35,M,FEW,M,M,M,800.00,M,M,M,M,M,M,M,M,M,M,53.60,FALE 050044Z VRB02KT 7000 FEW008 12/12 Q1018 NOSIG,M
FALE,2026-08-05 01:03,50.00,50.00,100.00,0.00,0.00,0.00,30.06,M,3.04,M,FEW,M,M,M,800.00,M,M,M,BR,M,M,M,M,M,M,50.00,FALE 050103Z 00000KT 4900 BR FEW008 10/10 Q1018 NOSIG,M
FALE,2026-08-05 01:05,50.00,50.00,100.00,0.00,0.00,0.00,30.06,M,1.06,M,FEW,M,M,M,800.00,M,M,M,BCFG,M,M,M,M,M,M,50.00,FALE 050105Z 00000KT 1700 0450 R24/1800D BCFG FEW008 10/10 Q1018 NOSIG,M
FALE,2026-08-05 01:12,53.60,53.60,100.00,M,2.00,0.00,30.06,M,4.35,M,FEW,M,M,M,800.00,M,M,M,M,M,M,M,M,M,M,53.60,FALE 050112Z VRB02KT 7000 FEW008 12/12 Q1018 NOSIG,M
FALE,2026-08-05 01:21,53.60,53.60,100.00,220.00,2.00,0.00,30.06,M,2.98,M,FEW,M,M,M,800.00,M,M,M,BR,M,M,M,M,M,M,53.60,FALE 050121Z 22002KT 4800 BR FEW008 12/12 Q1018 NOSIG,M
FALE,2026-08-05 01:39,51.80,51.80,100.00,220.00,2.00,0.00,30.06,M,3.11,M,FEW,M,M,M,800.00,M,M,M,BR,M,M,M,M,M,M,51.80,FALE 050139Z 22002KT 5000 BR FEW008 11/11 Q1018 NOSIG,M
FALE,2026-08-05 02:00,51.80,51.80,100.00,M,2.00,0.00,30.06,M,4.35,M,FEW,M,M,M,700.00,M,M,M,M,M,M,M,M,M,M,51.80,FALE 050200Z VRB02KT 7000 FEW007 11/11 Q1018 NOSIG,M
FALE,2026-08-05 02:01,53.60,53.60,100.00,M,2.00,0.00,30.06,M,4.97,M,FEW,M,M,M,800.00,M,M,M,M,M,M,M,M,M,M,53.60,FALE 050201Z VRB02KT 8000 FEW008 12/12 Q1018 NOSIG,M
FALE,2026-08-05 02:43,51.80,51.80,100.00,M,1.00,0.00,30.06,M,1.93,M,FEW,M,M,M,900.00,M,M,M,BR,M,M,M,M,M,M,51.80,FALE 050243Z VRB01KT 3100 BR FEW009 11/11 Q1018 NOSIG,M
FALE,2026-08-05 02:55,51.80,51.80,100.00,M,2.00,0.00,30.06,M,4.35,M,FEW,M,M,M,900.00,M,M,M,M,M,M,M,M,M,M,51.80,FALE 050255Z VRB02KT 7000 FEW009 11/11 Q1018 NOSIG,M
FALE,2026-08-05 02:58,51.80,50.00,93.55,M,2.00,0.00,30.06,M,2.49,M,FEW,M,M,M,900.00,M,M,M,BR,M,M,M,M,M,M,51.80,FALE 050258Z VRB02KT 4000 BR FEW009 11/10 Q1018 NOSIG,M
FALE,2026-08-05 03:00,51.80,50.00,93.55,M,2.00,0.00,30.06,M,2.55,M,FEW,M,M,M,900.00,M,M,M,BR,M,M,M,M,M,M,51.80,FALE 050300Z VRB02KT 4100 BR FEW009 11/10 Q1018 NOSIG,M
FALE,2026-08-05 03:12,51.80,51.80,100.00,210.00,2.00,0.00,30.06,M,3.11,M,FEW,M,M,M,800.00,M,M,M,BR,M,M,M,M,M,M,51.80,FALE 050312Z 21002KT 5000 BR FEW008 11/11 Q1018 NOSIG,M
FALE,2026-08-05 03:16,51.80,51.80,100.00,M,2.00,0.00,30.06,M,2.80,M,FEW,M,M,M,800.00,M,M,M,BR,M,M,M,M,M,M,51.80,FALE 050316Z VRB02KT 4500 BR FEW008 11/11 Q1018 NOSIG,M
FALE,2026-08-05 03:38,50.00,48.20,93.50,M,2.00,0.00,30.06,M,3.73,M,NSC,M,M,M,M,M,M,M,M,M,M,M,M,M,M,50.00,FALE 050338Z VRB02KT 6000 NSC 10/09 Q1018 NOSIG,M
FALE,2026-08-05 04:00,50.00,50.00,100.00,M,2.00,0.00,30.06,M,6.21,M,M,M,M,M,M,M,M,M,M,M,M,M,M,M,M,50.00,FALE 050400Z VRB02KT CAVOK 10/10 Q1018 NOSIG,M
FALE,2026-08-05 04:02,53.60,51.80,93.60,200.00,2.00,0.00,30.06,M,5.59,M,NSC,M,M,M,M,M,M,M,M,M,M,M,M,M,M,53.60,FALE 050402Z 20002KT 9000 NSC 12/11 Q1018 NOSIG,M
FALE,2026-08-05 05:00,50.00,50.00,100.00,220.00,2.00,0.00,30.09,M,4.97,M,NSC,M,M,M,M,M,M,M,M,M,M,M,M,M,M,50.00,FALE 050500Z 22002KT 8000 NSC 10/10 Q1019 NOSIG,M
FALE,2026-08-05 05:16,53.60,51.80,93.60,230.00,3.00,0.00,30.09,M,4.97,M,NSC,M,M,M,M,M,M,M,M,M,M,M,M,M,M,53.60,FALE 050516Z 23003KT 210V270 8000 NSC 12/11 Q1019 NOSIG,M
FALE,2026-08-05 05:53,57.20,55.40,93.70,220.00,2.00,0.00,30.09,M,6.21,M,M,M,M,M,M,M,M,M,M,M,M,M,M,M,M,57.20,FALE 050553Z 22002KT CAVOK 14/13 Q1019 NOSIG,M
FALE,2026-08-05 06:00,57.20,55.40,93.70,220.00,2.00,0.00,30.09,M,6.21,M,M,M,M,M,M,M,M,M,M,M,M,M,M,M,M,57.20,FALE 050600Z 22002KT CAVOK 14/13 Q1019 NOSIG,M
FALE,2026-08-05 06:26,60.80,55.40,82.38,220.00,4.00,0.00,30.09,M,6.21,M,M,M,M,M,M,M,M,M,M,M,M,M,M,M,M,60.80,FALE 050626Z 22004KT CAVOK 16/13 Q1019 NOSIG,M
FALE,2026-08-05 06:54,64.40,55.40,72.58,M,2.00,0.00,30.09,M,6.21,M,M,M,M,M,M,M,M,M,M,M,M,M,M,M,M,64.40,FALE 050654Z VRB02KT CAVOK 18/13 Q1019 NOSIG,M
FALE,2026-08-05 07:00,64.40,55.40,72.58,M,2.00,0.00,30.09,M,6.21,M,M,M,M,M,M,M,M,M,M,M,M,M,M,M,M,64.40,FALE 050700Z VRB02KT CAVOK 18/13 Q1019 NOSIG,M
FALE,2026-08-05 07:55,69.80,53.60,56.42,M,2.00,0.00,30.09,M,6.21,M,M,M,M,M,M,M,M,M,M,M,M,M,M,M,M,69.80,FALE 050755Z VRB02KT CAVOK 21/12 Q1019 NOSIG,M
FALE,2026-08-05 08:00,69.80,53.60,56.42,M,2.00,0.00,30.09,M,6.21,M,M,M,M,M,M,M,M,M,M,M,M,M,M,M,M,69.80,FALE 050800Z VRB02KT CAVOK 21/12 Q1019 NOSIG,M
FALE,2026-08-05 09:00,71.60,51.80,49.67,110.00,4.00,0.00,30.09,M,6.21,M,M,M,M,M,M,M,M,M,M,M,M,M,M,M,M,71.60,FALE 050900Z 11004KT 050V150 CAVOK 22/11 Q1019 NOSIG,M
FALE,2026-08-05 10:00,71.60,57.20,60.48,100.00,7.00,0.00,30.03,M,6.21,M,M,M,M,M,M,M,M,M,M,M,M,M,M,M,M,71.60,FALE 051000Z 10007KT 060V130 CAVOK 22/14 Q1017 NOSIG,M
FALE,2026-08-05 11:00,71.60,59.00,64.52,100.00,4.00,0.00,30.00,M,6.21,M,M,M,M,M,M,M,M,M,M,M,M,M,M,M,M,71.60,FALE 051100Z 10004KT 060V150 CAVOK 22/15 Q1016 NOSIG,M
FALE,2026-08-05 12:00,71.60,60.80,68.79,110.00,7.00,0.00,30.00,M,6.21,M,M,M,M,M,M,M,M,M,M,M,M,M,M,M,M,71.60,FALE 051200Z 11007KT 070V140 CAVOK 22/16 Q1016 NOSIG,M
FALE,2026-08-05 13:00,71.60,59.00,64.52,90.00,6.00,0.00,30.00,M,6.21,M,M,M,M,M,M,M,M,M,M,M,M,M,M,M,M,71.60,FALE 051300Z 09006KT 060V120 CAVOK 22/15 Q1016 NOSIG,M
FALE,2026-08-05 14:00,71.60,57.20,60.48,60.00,4.00,0.00,30.00,M,6.21,M,M,M,M,M,M,M,M,M,M,M,M,M,M,M,M,71.60,FALE 051400Z 06004KT 040V110 CAVOK 22/14 Q1016 NOSIG,M
FALE,2026-08-05 15:00,68.00,59.00,72.95,80.00,3.00,0.00,30.00,M,6.21,M,M,M,M,M,M,M,M,M,M,M,M,M,M,M,M,68.00,FALE 051500Z 08003KT CAVOK 20/15 Q1016 NOSIG,M
FALE,2026-08-05 16:00,62.60,57.20,82.51,50.00,3.00,0.00,30.00,M,6.21,M,M,M,M,M,M,M,M,M,M,M,M,M,M,M,M,62.60,FALE 051600Z 05003KT CAVOK 17/14 Q1016 NOSIG,M
FALE,2026-08-05 16:37,62.60,55.40,77.31,60.00,5.00,0.00,30.00,M,6.21,M,M,M,M,M,M,M,M,M,M,M,M,M,M,M,M,62.60,FALE 051637Z 06005KT CAVOK 17/13 Q1016 NOSIG,M
FALE,2026-08-05 17:00,60.80,55.40,82.38,50.00,4.00,0.00,30.03,M,6.21,M,M,M,M,M,M,M,M,M,M,M,M,M,M,M,M,60.80,FALE 051700Z 05004KT CAVOK 16/13 Q1017 NOSIG,M
FALE,2026-08-05 18:00,57.20,53.60,87.75,80.00,1.00,0.00,30.03,M,6.21,M,M,M,M,M,M,M,M,M,M,M,M,M,M,M,M,57.20,FALE 051800Z 08001KT CAVOK 14/12 Q1017 NOSIG,M
FALE,2026-08-05 19:00,53.60,51.80,93.60,M,1.00,0.00,30.03,M,6.21,M,M,M,M,M,M,M,M,M,M,M,M,M,M,M,M,53.60,FALE 051900Z VRB01KT CAVOK 12/11 Q1017 NOSIG,M
FALE,2026-08-05 20:00,55.40,53.60,93.65,M,2.00,0.00,30.03,M,6.21,M,M,M,M,M,M,M,M,M,M,M,M,M,M,M,M,55.40,FALE 052000Z VRB02KT CAVOK 13/12 Q1017 NOSIG,M
FALE,2026-08-05 21:00,57.20,53.60,87.75,M,2.00,0.00,30.03,M,6.21,M,M,M,M,M,M,M,M,M,M,M,M,M,M,M,M,57.20,FALE 052100Z VRB02KT CAVOK 14/12 Q1017 NOSIG,M
FALE,2026-08-05 22:00,55.40,50.00,82.00,M,2.00,0.00,30.03,M,6.21,M,M,M,M,M,M,M,M,M,M,M,M,M,M,M,M,55.40,FALE 052200Z VRB02KT CAVOK 13/10 Q1017 NOSIG,M
FALE,2026-08-05 23:00,51.80,46.40,81.74,M,1.00,0.00,30.03,M,6.21,M,M,M,M,M,M,M,M,M,M,M,M,M,M,M,M,51.80,FALE 052300Z VRB01KT CAVOK 11/08 Q1017 NOSIG,M
FALE,2026-08-06 00:00,51.80,48.20,87.47,230.00,3.00,0.00,30.00,M,6.21,M,M,M,M,M,M,M,M,M,M,M,M,M,M,M,M,51.80,FALE 060000Z 23003KT CAVOK 11/09 Q1016 NOSIG,M
FALE,2026-08-06 01:00,50.00,46.40,87.37,M,2.00,0.00,30.00,M,6.21,M,M,M,M,M,M,M,M,M,M,M,M,M,M,M,M,50.00,FALE 060100Z VRB02KT CAVOK 10/08 Q1016 NOSIG,M
FALE,2026-08-06 02:00,50.00,44.60,81.60,0.00,0.00,0.00,30.00,M,6.21,M,M,M,M,M,M,M,M,M,M,M,M,M,M,M,M,50.00,FALE 060200Z 00000KT CAVOK 10/07 Q1016 NOSIG,M
FALE,2026-08-06 03:00,50.00,44.60,81.60,M,1.00,0.00,30.00,M,6.21,M,M,M,M,M,M,M,M,M,M,M,M,M,M,M,M,50.00,FALE 060300Z VRB01KT CAVOK 10/07 Q1016 NOSIG,M
FALE,2026-08-06 04:00,46.40,44.60,93.40,M,1.00,0.00,30.03,M,6.21,M,M,M,M,M,M,M,M,M,M,M,M,M,M,M,M,46.40,COR FALE 060400Z VRB01KT CAVOK 08/07 Q1017 NOSIG,M
FALE,2026-08-06 04:04,50.00,42.80,76.17,M,1.00,0.00,30.03,M,6.21,M,M,M,M,M,M,M,M,M,M,M,M,M,M,M,M,50.00,FALE 060404Z VRB01KT CAVOK 10/06 Q1017 NOSIG,M
FALE,2026-08-06 05:00,50.00,42.80,76.17,M,2.00,0.00,30.06,M,6.21,M,M,M,M,M,M,M,M,M,M,M,M,M,M,M,M,50.00,FALE 060500Z VRB02KT CAVOK 10/06 Q1018 NOSIG,M
FALE,2026-08-06 05:14,53.60,44.60,71.45,M,2.00,0.00,30.06,M,6.21,M,M,M,M,M,M,M,M,M,M,M,M,M,M,M,M,53.60,FALE 060514Z VRB02KT CAVOK 12/07 Q1018 NOSIG,M
FALE,2026-08-06 05:38,55.40,48.20,76.67,M,2.00,0.00,30.06,M,6.21,M,FEW,M,M,M,300.00,M,M,M,M,M,M,M,M,M,M,55.40,COR FALE 060538Z VRB02KT 9999 FEW003 13/09 Q1018 NOSIG,M
FALE,2026-08-06 05:53,59.00,48.20,67.34,M,2.00,0.00,30.06,M,6.21,M,M,M,M,M,M,M,M,M,M,M,M,M,M,M,M,59.00,FALE 060553Z VRB02KT CAVOK 15/09 Q1018 NOSIG,M
FALE,2026-08-06 05:56,64.40,50.00,59.52,M,2.00,0.00,30.06,M,6.21,M,M,M,M,M,M,M,M,M,M,M,M,M,M,M,M,64.40,FALE 060556Z VRB02KT CAVOK 18/10 Q1018 NOSIG,M
FALE,2026-08-06 06:00,59.00,48.20,67.34,M,2.00,0.00,30.06,M,6.21,M,M,M,M,M,M,M,M,M,M,M,M,M,M,M,M,59.00,FALE 060600Z VRB02KT CAVOK 15/09 Q1018 NOSIG,M
FALE,2026-08-06 06:06,64.40,50.00,59.52,M,2.00,0.00,30.06,M,6.21,M,M,M,M,M,M,M,M,M,M,M,M,M,M,M,M,64.40,FALE 060606Z VRB02KT CAVOK 18/10 Q1018 NOSIG,M
FALE,2026-08-06 07:00,68.00,53.60,60.00,0.00,0.00,0.00,30.09,M,6.21,M,M,M,M,M,M,M,M,M,M,M,M,M,M,M,M,68.00,FALE 060700Z 00000KT CAVOK 20/12 Q1019 NOSIG,M
FALE,2026-08-06 07:26,75.20,46.40,35.98,M,2.00,0.00,30.09,M,6.21,M,M,M,M,M,M,M,M,M,M,M,M,M,M,M,M,75.20,FALE 060726Z VRB02KT CAVOK 24/08 Q1019 NOSIG,M
FALE,2026-08-06 07:54,78.80,39.20,24.22,M,2.00,0.00,30.09,M,6.21,M,M,M,M,M,M,M,M,M,M,M,M,M,M,M,M,78.80,FALE 060754Z VRB02KT CAVOK 26/04 Q1019 NOSIG,M
FALE,2026-08-06 08:00,78.80,37.40,22.57,M,2.00,0.00,30.09,M,6.21,M,M,M,M,M,M,M,M,M,M,M,M,M,M,M,M,78.80,FALE 060800Z VRB02KT CAVOK 26/03 Q1019 NOSIG,M
FALE,2026-08-06 08:11,82.40,44.60,26.53,M,1.00,0.00,30.09,M,6.21,M,M,M,M,M,M,M,M,M,M,M,M,M,M,M,M,80.51,FALE 060811Z VRB01KT CAVOK 28/07 Q1019 NOSIG,M
FALE,2026-08-06 08:39,84.20,44.60,25.04,200.00,12.00,0.00,30.09,M,6.21,22.00,M,M,M,M,M,M,M,M,M,M,M,M,M,M,M,81.73,FALE 060839Z 20012G22KT CAVOK 29/07 Q1019 NOSIG,M
FALE,2026-08-06 09:00,78.80,44.60,29.83,190.00,11.00,0.00,30.12,M,6.21,M,M,M,M,M,M,M,M,M,M,M,M,M,M,M,M,78.80,FALE 060900Z 19011KT CAVOK 26/07 Q1020 NOSIG,M
FALE,2026-08-06 09:04,75.20,50.00,41.18,200.00,15.00,0.00,30.12,M,6.21,25.00,FEW,M,M,M,1000.00,M,M,M,M,M,M,M,M,M,M,75.20,FALE 060904Z 20015G25KT 9999 FEW010 24/10 Q1020 NOSIG,M
FALE,2026-08-06 09:09,75.20,60.80,60.96,200.00,16.00,0.00,30.12,M,6.21,M,M,M,M,M,M,M,M,M,M,M,M,M,M,M,M,75.20,FALE 060909Z 20016KT CAVOK 24/16 Q1020 NOSIG,M
FALE,2026-08-06 09:14,75.20,64.40,69.19,200.00,15.00,0.00,30.12,M,6.21,26.00,FEW,M,M,M,1500.00,M,M,M,M,M,M,M,M,M,M,75.20,FALE 060914Z 20015G26KT 9999 FEW015 24/18 Q1020 NOSIG,M
FALE,2026-08-06 09:18,73.40,64.40,73.48,200.00,17.00,0.00,30.12,M,6.21,M,FEW,M,M,M,1400.00,M,M,M,M,M,M,M,M,M,M,73.40,FALE 060918Z 20017KT 9999 FEW014 23/18 Q1020 NOSIG,M
FALE,2026-08-06 09:32,75.20,66.20,73.66,200.00,16.00,0.00,30.12,M,6.21,M,FEW,BKN,M,M,1200.00,1400.00,M,M,M,M,M,M,M,M,M,75.20,FALE 060932Z 20016KT 170V230 9999 FEW012 BKN014 24/19 Q1020 NOSIG,M
FALE,2026-08-06 10:00,73.40,64.40,73.48,200.00,18.00,0.00,30.12,M,6.21,M,SCT,M,M,M,1200.00,M,M,M,M,M,M,M,M,M,M,73.40,FALE 061000Z 20018KT 9999 SCT012 23/18 Q1020 NOSIG,M
FALE,2026-08-06 10:17,73.40,64.40,73.48,200.00,15.00,0.00,30.12,M,6.21,M,BKN,M,M,M,1400.00,M,M,M,M,M,M,M,M,M,M,73.40,FALE 061017Z 20015KT 9999 BKN014 23/18 Q1020 NOSIG,M
FALE,2026-08-06 10:31,73.40,64.40,73.48,200.00,16.00,0.00,30.12,M,6.21,M,BKN,M,M,M,1400.00,M,M,M,M,M,M,M,M,M,M,73.40,FALE 061031Z 20016KT 9999 BKN014 23/18 Q1020 NOSIG,M
FALE,2026-08-06 11:00,71.60,64.40,78.08,200.00,15.00,0.00,30.12,M,6.21,M,BKN,M,M,M,1400.00,M,M,M,M,M,M,M,M,M,M,71.60,FALE 061100Z 20015KT 9999 BKN014 22/18 Q1020 NOSIG,M
FALE,2026-08-06 12:00,73.40,64.40,73.48,200.00,12.00,0.00,30.12,M,6.21,M,BKN,M,M,M,1400.00,M,M,M,M,M,M,M,M,M,M,73.40,FALE 061200Z 20012KT 9999 BKN014 23/18 Q1020 NOSIG,M
FALE,2026-08-06 12:11,71.60,64.40,78.08,210.00,12.00,0.00,30.12,M,6.21,M,SCT,BKN,M,M,1500.00,2000.00,M,M,M,M,M,M,M,M,M,71.60,FALE 061211Z 21012KT 9999 SCT015 BKN020 22/18 Q1020 NOSIG,M
FALE,2026-08-06 13:00,71.60,64.40,78.08,200.00,12.00,0.00,30.12,M,6.21,M,SCT,BKN,M,M,1500.00,2000.00,M,M,M,M,M,M,M,M,M,71.60,FALE 061300Z 20012KT 9999 SCT015 BKN020 22/18 Q1020 NOSIG,M
FALE,2026-08-06 14:00,71.60,64.40,78.08,190.00,10.00,0.00,30.15,M,6.21,M,SCT,BKN,M,M,1300.00,2500.00,M,M,M,M,M,M,M,M,M,71.60,FALE 061400Z 19010KT 9999 SCT013 BKN025 22/18 Q1021 NOSIG,M
FALE,2026-08-06 15:00,69.80,62.60,77.93,190.00,10.00,0.00,30.18,M,6.21,M,SCT,BKN,M,M,1600.00,2500.00,M,M,M,M,M,M,M,M,M,69.80,FALE 061500Z 19010KT 9999 SCT016 BKN025 21/17 Q1022 NOSIG,M
FALE,2026-08-06 16:00,68.00,60.80,77.77,180.00,7.00,0.00,30.21,M,6.21,M,FEW,SCT,BKN,M,1500.00,2000.00,3700.00,M,M,M,M,M,M,M,M,68.00,FALE 061600Z 18007KT 9999 FEW015 SCT020 BKN037 20/16 Q1023 NOSIG,M
FALE,2026-08-06 17:00,68.00,60.80,77.77,200.00,7.00,0.00,30.24,M,6.21,M,FEW,BKN,M,M,2200.00,3500.00,M,M,M,M,M,M,M,M,M,68.00,FALE 061700Z 20007KT 9999 FEW022 BKN035 20/16 Q1024 NOSIG,M
FALE,2026-08-06 18:00,64.40,60.80,88.10,220.00,4.00,0.00,30.24,M,6.21,M,SCT,M,M,M,4000.00,M,M,M,M,M,M,M,M,M,M,64.40,FALE 061800Z 22004KT 9999 SCT040 18/16 Q1024 NOSIG,M
FALE,2026-08-06 19:00,64.40,60.80,88.10,230.00,4.00,0.00,30.27,M,6.21,M,BKN,M,M,M,4300.00,M,M,M,M,M,M,M,M,M,M,64.40,FALE 061900Z 23004KT 9999 BKN043 18/16 Q1025 NOSIG,M
FALE,2026-08-06 20:00,62.60,60.80,93.84,230.00,4.00,0.00,30.27,M,6.21,M,BKN,M,M,M,4300.00,M,M,M,M,M,M,M,M,M,M,62.60,FALE 062000Z 23004KT 9999 BKN043 17/16 Q1025 NOSIG,M
FALE,2026-08-06 21:00,62.60,60.80,93.84,220.00,4.00,0.00,30.27,M,6.21,M,BKN,M,M,M,4300.00,M,M,M,M,M,M,M,M,M,M,62.60,FALE 062100Z 22004KT 9999 BKN043 17/16 Q1025 NOSIG,M
FALE,2026-08-06 22:00,64.40,60.80,88.10,220.00,4.00,0.00,30.27,M,6.21,M,BKN,M,M,M,4900.00,M,M,M,M,M,M,M,M,M,M,64.40,FALE 062200Z 22004KT 9999 BKN049 18/16 Q1025 NOSIG,M
FALE,2026-08-06 23:00,62.60,59.00,88.01,230.00,3.00,0.00,30.27,M,6.21,M,BKN,M,M,M,4900.00,M,M,M,M,M,M,M,M,M,M,62.60,FALE 062300Z 23003KT 9999 BKN049 17/15 Q1025 NOSIG,M
FALE,2026-08-07 00:00,62.60,59.00,88.01,220.00,4.00,0.00,30.27,M,6.21,M,M,M,M,M,M,M,M,M,M,M,M,M,M,M,M,62.60,FALE 070000Z 22004KT CAVOK 17/15 Q1025 NOSIG,M
FALE,2026-08-07 01:00,60.80,57.20,87.93,230.00,3.00,0.00,30.27,M,6.21,M,M,M,M,M,M,M,M,M,M,M,M,M,M,M,M,60.80,FALE 070100Z 23003KT CAVOK 16/14 Q1025 NOSIG,M
FALE,2026-08-07 02:00,59.00,57.20,93.74,230.00,2.00,0.00,30.27,M,6.21,M,SCT,M,M,M,2700.00,M,M,M,M,M,M,M,M,M,M,59.00,FALE 070200Z 23002KT 9999 SCT027 15/14 Q1025 NOSIG,M
FALE,2026-08-07 03:00,59.00,55.40,87.84,230.00,3.00,0.00,30.30,M,6.21,M,SCT,M,M,M,2700.00,M,M,M,M,M,M,M,M,M,M,59.00,FALE 070300Z 23003KT 210V280 9999 SCT027 15/13 Q1026 NOSIG,M
FALE,2026-08-07 04:00,59.00,55.40,87.84,230.00,4.00,0.00,30.30,M,6.21,M,SCT,M,M,M,2000.00,M,M,M,M,M,M,M,M,M,M,59.00,FALE 070400Z 23004KT 9999 SCT020 15/13 Q1026 NOSIG,M
FALE,2026-08-07 05:00,59.00,55.40,87.84,220.00,3.00,0.00,30.33,M,6.21,M,FEW,M,M,M,2000.00,M,M,M,M,M,M,M,M,M,M,59.00,FALE 070500Z 22003KT 9999 FEW020 15/13 Q1027 NOSIG,M
FALE,2026-08-07 05:59,64.40,57.20,77.46,230.00,3.00,0.00,30.33,M,6.21,M,M,M,M,M,M,M,M,M,M,M,M,M,M,M,M,64.40,FALE 070559Z 23003KT 210V270 CAVOK 18/14 Q1027 NOSIG,M
FALE,2026-08-07 06:00,64.40,57.20,77.46,230.00,3.00,0.00,30.33,M,6.21,M,M,M,M,M,M,M,M,M,M,M,M,M,M,M,M,64.40,FALE 070600Z 23003KT CAVOK 18/14 Q1027 NOSIG,M
FALE,2026-08-07 07:00,68.00,57.20,68.38,280.00,6.00,0.00,30.36,M,6.21,M,M,M,M,M,M,M,M,M,M,M,M,M,M,M,M,68.00,FALE 070700Z 28006KT CAVOK 20/14 Q1028 NOSIG,M
FALE,2026-08-07 08:00,71.60,59.00,64.52,M,3.00,0.00,30.36,M,6.21,M,FEW,SCT,M,M,3000.00,3700.00,M,M,M,M,M,M,M,M,M,71.60,FALE 070800Z VRB03KT 9999 FEW030 SCT037 22/15 Q1028 NOSIG,M
FALE,2026-08-07 09:00,71.60,59.00,64.52,M,3.00,0.00,30.33,M,6.21,M,FEW,SCT,M,M,3000.00,4900.00,M,M,M,M,M,M,M,M,M,71.60,FALE 070900Z VRB03KT 9999 FEW030 SCT049 22/15 Q1027 NOSIG,M
FALE,2026-08-07 09:16,75.20,59.00,57.17,M,3.00,0.00,30.33,M,6.21,M,FEW,SCT,M,M,3000.00,3900.00,M,M,M,M,M,M,M,M,M,75.20,FALE 070916Z VRB03KT 9999 FEW030 SCT039 24/15 Q1027 NOSIG,M
FALE,2026-08-07 10:00,73.40,59.00,60.72,150.00,5.00,0.00,30.33,M,6.21,M,SCT,M,M,M,4100.00,M,M,M,M,M,M,M,M,M,M,73.40,FALE 071000Z 15005KT 9999 SCT041 23/15 Q1027 NOSIG,M
FALE,2026-08-07 11:00,71.60,60.80,68.79,150.00,6.00,0.00,30.30,M,6.21,M,SCT,M,M,M,3800.00,M,M,M,M,M,M,M,M,M,M,71.60,FALE 071100Z 15006KT 9999 SCT038 22/16 Q1026 NOSIG,M
FALE,2026-08-07 12:00,71.60,60.80,68.79,130.00,8.00,0.00,30.27,M,6.21,M,FEW,M,M,M,4100.00,M,M,M,M,M,M,M,M,M,M,71.60,FALE 071200Z 13008KT 9999 FEW041 22/16 Q1025 NOSIG,M
FALE,2026-08-07 13:00,71.60,62.60,73.30,110.00,7.00,0.00,30.27,M,6.21,M,FEW,M,M,M,1800.00,M,M,M,M,M,M,M,M,M,M,71.60,FALE 071300Z 11007KT 9999 FEW018 22/17 Q1025 NOSIG,M
FALE,2026-08-07 14:00,69.80,62.60,77.93,120.00,5.00,0.00,30.27,M,6.21,M,FEW,M,M,M,1800.00,M,M,M,M,M,M,M,M,M,M,69.80,FALE 071400Z 12005KT 9999 FEW018 21/17 Q1025 NOSIG,M
FALE,2026-08-07 15:00,68.00,62.60,82.88,M,2.00,0.00,30.27,M,6.21,M,FEW,M,M,M,4000.00,M,M,M,M,M,M,M,M,M,M,68.00,FALE 071500Z VRB02KT 9999 FEW040 20/17 Q1025 NOSIG,M
FALE,2026-08-07 16:00,66.20,60.80,82.76,150.00,3.00,0.00,30.27,M,6.21,M,BKN,M,M,M,4800.00,M,M,M,M,M,M,M,M,M,M,66.20,FALE 071600Z 15003KT 9999 BKN048 19/16 Q1025 NOSIG,M
FALE,2026-08-07 17:00,64.40,60.80,88.10,180.00,3.00,0.00,30.30,M,6.21,M,FEW,BKN,M,M,1900.00,4800.00,M,M,M,M,M,M,M,M,M,64.40,FALE 071700Z 18003KT 9999 FEW019 BKN048 18/16 Q1026 NOSIG,M
FALE,2026-08-07 18:00,60.80,59.00,93.79,0.00,0.00,0.00,30.30,M,6.21,M,FEW,BKN,M,M,1900.00,4900.00,M,M,M,M,M,M,M,M,M,60.80,FALE 071800Z 00000KT 9999 FEW019 BKN049 16/15 Q1026 NOSIG,M
FALE,2026-08-07 19:00,59.00,57.20,93.74,M,1.00,0.00,30.30,M,6.21,M,FEW,M,M,M,1900.00,M,M,M,M,M,M,M,M,M,M,59.00,FALE 071900Z VRB01KT 9999 FEW019 15/14 Q1026 NOSIG,M
FALE,2026-08-07 20:00,59.00,57.20,93.74,0.00,0.00,0.00,30.30,M,6.21,M,FEW,M,M,M,2900.00,M,M,M,M,M,M,M,M,M,M,59.00,FALE 072000Z 00000KT 9999 FEW029 15/14 Q1026 NOSIG,M
FALE,2026-08-07 21:00,59.00,57.20,93.74,210.00,2.00,0.00,30.30,M,6.21,M,M,M,M,M,M,M,M,M,M,M,M,M,M,M,M,59.00,FALE 072100Z 21002KT CAVOK 15/14 Q1026 NOSIG,M
FALE,2026-08-07 22:00,59.00,57.20,93.74,0.00,0.00,0.00,30.27,M,6.21,M,M,M,M,M,M,M,M,M,M,M,M,M,M,M,M,59.00,FALE 072200Z 00000KT CAVOK 15/14 Q1025 NOSIG,M
FALE,2026-08-07 23:00,60.80,60.80,100.00,M,2.00,0.00,30.27,M,6.21,M,BKN,M,M,M,4800.00,M,M,M,M,M,M,M,M,M,M,60.80,FALE 072300Z VRB02KT 9999 BKN048 16/16 Q1025 NOSIG,M
FALE,2026-08-08 00:00,59.00,59.00,100.00,50.00,5.00,0.00,30.24,M,6.21,M,BKN,M,M,M,4500.00,M,M,M,M,M,M,M,M,M,M,59.00,FALE 080000Z 05005KT 9999 BKN045 15/15 Q1024 NOSIG,M
FALE,2026-08-08 01:00,59.00,57.20,93.74,M,2.00,0.00,30.21,M,6.21,M,FEW,M,M,M,4000.00,M,M,M,M,M,M,M,M,M,M,59.00,FALE 080100Z VRB02KT 9999 FEW040 15/14 Q1023 NOSIG,M
FALE,2026-08-08 02:00,59.00,59.00,100.00,50.00,2.00,0.00,30.18,M,6.21,M,FEW,M,M,M,4200.00,M,M,M,M,M,M,M,M,M,M,59.00,FALE 080200Z 05002KT 9999 FEW042 15/15 Q1022 NOSIG,M
FALE,2026-08-08 03:00,57.20,55.40,93.70,30.00,3.00,0.00,30.18,M,6.21,M,M,M,M,M,M,M,M,M,M,M,M,M,M,M,M,57.20,FALE 080300Z 03003KT CAVOK 14/13 Q1022 NOSIG,M
FALE,2026-08-08 04:00,57.20,55.40,93.70,40.00,5.00,0.00,30.15,M,6.21,M,M,M,M,M,M,M,M,M,M,M,M,M,M,M,M,57.20,FALE 080400Z 04005KT CAVOK 14/13 Q1021 NOSIG,M
FALE,2026-08-08 05:00,57.20,55.40,93.70,40.00,4.00,0.00,30.15,M,6.21,M,M,M,M,M,M,M,M,M,M,M,M,M,M,M,M,57.20,FALE 080500Z 04004KT CAVOK 14/13 Q1021 NOSIG,M
FALE,2026-08-08 05:28,60.80,57.20,87.93,30.00,7.00,0.00,30.15,M,6.21,M,M,M,M,M,M,M,M,M,M,M,M,M,M,M,M,60.80,FALE 080528Z 03007KT CAVOK 16/14 Q1021 NOSIG,M
FALE,2026-08-08 06:00,62.60,59.00,88.01,30.00,7.00,0.00,30.15,M,6.21,M,M,M,M,M,M,M,M,M,M,M,M,M,M,M,M,62.60,FALE 080600Z 03007KT CAVOK 17/15 Q1021 NOSIG,M
FALE,2026-08-08 07:00,66.20,59.00,77.62,30.00,7.00,0.00,30.15,M,6.21,M,M,M,M,M,M,M,M,M,M,M,M,M,M,M,M,66.20,FALE 080700Z 03007KT CAVOK 19/15 Q1021 NOSIG,M
FALE,2026-08-08 07:11,69.80,59.00,68.59,30.00,6.00,0.00,30.15,M,6.21,M,M,M,M,M,M,M,M,M,M,M,M,M,M,M,M,69.80,FALE 080711Z 03006KT CAVOK 21/15 Q1021 NOSIG,M
FALE,2026-08-08 07:55,73.40,57.20,56.92,30.00,8.00,0.00,30.15,M,6.21,M,M,M,M,M,M,M,M,M,M,M,M,M,M,M,M,73.40,FALE 080755Z 03008KT CAVOK 23/14 Q1021 NOSIG,M
FALE,2026-08-08 08:00,71.60,57.20,60.48,30.00,8.00,0.00,30.15,M,6.21,M,M,M,M,M,M,M,M,M,M,M,M,M,M,M,M,71.60,FALE 080800Z 03008KT CAVOK 22/14 Q1021 NOSIG,M
FALE,2026-08-08 08:02,75.20,57.20,53.60,30.00,8.00,0.00,30.15,M,6.21,M,M,M,M,M,M,M,M,M,M,M,M,M,M,M,M,75.20,FALE 080802Z 03008KT CAVOK 24/14 Q1021 NOSIG,M
FALE,2026-08-08 09:00,78.80,57.20,47.58,50.00,9.00,0.00,30.12,M,6.21,M,M,M,M,M,M,M,M,M,M,M,M,M,M,M,M,78.80,FALE 080900Z 05009KT CAVOK 26/14 Q1020 NOSIG,M
FALE,2026-08-08 10:00,78.80,60.80,54.11,70.00,10.00,0.00,30.06,M,6.21,M,M,M,M,M,M,M,M,M,M,M,M,M,M,M,M,78.80,FALE 081000Z 07010KT 040V100 CAVOK 26/16 Q1018 NOSIG,M
FALE,2026-08-08 11:00,78.80,60.80,54.11,70.00,13.00,0.00,30.03,M,6.21,M,M,M,M,M,M,M,M,M,M,M,M,M,M,M,M,78.80,FALE 081100Z 07013KT CAVOK 26/16 Q1017 NOSIG,M
FALE,2026-08-08 12:00,80.60,60.80,51.02,60.00,13.00,0.00,30.00,M,6.21,M,M,M,M,M,M,M,M,M,M,M,M,M,M,M,M,81.46,FALE 081200Z 06013KT CAVOK 27/16 Q1016 NOSIG,M
FALE,2026-08-08 12:16,78.80,60.80,54.11,60.00,15.00,0.00,30.00,M,6.21,26.00,M,M,M,M,M,M,M,M,M,M,M,M,M,M,M,78.80,FALE 081216Z 06015G26KT CAVOK 26/16 Q1016 NOSIG,M
FALE,2026-08-08 13:00,78.80,60.80,54.11,60.00,17.00,0.00,30.00,M,6.21,27.00,M,M,M,M,M,M,M,M,M,M,M,M,M,M,M,78.80,FALE 081300Z 06017G27KT CAVOK 26/16 Q1016 NOSIG,M
FALE,2026-08-08 14:00,75.20,64.40,69.19,60.00,16.00,0.00,29.97,M,6.21,M,M,M,M,M,M,M,M,M,M,M,M,M,M,M,M,75.20,FALE 081400Z 06016KT CAVOK 24/18 Q1015 NOSIG,M
FALE,2026-08-08 15:00,73.40,64.40,73.48,50.00,14.00,0.00,30.00,M,6.21,M,M,M,M,M,M,M,M,M,M,M,M,M,M,M,M,73.40,FALE 081500Z 05014KT CAVOK 23/18 Q1016 NOSIG,M
FALE,2026-08-08 16:00,71.60,64.40,78.08,50.00,11.00,0.00,30.00,M,6.21,M,M,M,M,M,M,M,M,M,M,M,M,M,M,M,M,71.60,FALE 081600Z 05011KT CAVOK 22/18 Q1016 NOSIG,M
FALE,2026-08-08 17:00,69.80,64.40,83.00,40.00,10.00,0.00,30.00,M,6.21,M,M,M,M,M,M,M,M,M,M,M,M,M,M,M,M,69.80,FALE 081700Z 04010KT CAVOK 21/18 Q1016 NOSIG,M
FALE,2026-08-08 18:00,68.00,62.60,82.88,50.00,6.00,0.00,30.00,M,6.21,M,M,M,M,M,M,M,M,M,M,M,M,M,M,M,M,68.00,FALE 081800Z 05006KT CAVOK 20/17 Q1016 NOSIG,M
FALE,2026-08-08 19:00,66.20,60.80,82.76,20.00,4.00,0.00,30.00,M,6.21,M,M,M,M,M,M,M,M,M,M,M,M,M,M,M,M,66.20,FALE 081900Z 02004KT CAVOK 19/16 Q1016 NOSIG,M
FALE,2026-08-08 20:00,62.60,59.00,88.01,60.00,4.00,0.00,29.97,M,6.21,M,M,M,M,M,M,M,M,M,M,M,M,M,M,M,M,62.60,FALE 082000Z 06004KT CAVOK 17/15 Q1015 NOSIG,M
FALE,2026-08-08 21:00,60.80,57.20,87.93,M,1.00,0.00,29.97,M,6.21,M,M,M,M,M,M,M,M,M,M,M,M,M,M,M,M,60.80,FALE 082100Z VRB01KT CAVOK 16/14 Q1015 NOSIG,M
FALE,2026-08-08 22:00,60.80,55.40,82.38,M,1.00,0.00,29.97,M,5.59,M,NSC,M,M,M,M,M,M,M,M,M,M,M,M,M,M,60.80,FALE 082200Z VRB01KT 9000 NSC 16/13 Q1015 NOSIG,M
FALE,2026-08-08 23:00,59.00,55.40,87.84,M,2.00,0.00,29.97,M,5.59,M,NSC,M,M,M,M,M,M,M,M,M,M,M,M,M,M,59.00,FALE 082300Z VRB02KT 9000 NSC 15/13 Q1015 NOSIG,M
FALE,2026-08-09 00:00,55.40,53.60,93.65,210.00,4.00,0.00,29.94,M,6.21,M,M,M,M,M,M,M,M,M,M,M,M,M,M,M,M,55.40,FALE 090000Z 21004KT CAVOK 13/12 Q1014 NOSIG,M
FALE,2026-08-09 00:54,59.00,55.40,87.84,200.00,5.00,0.00,29.94,M,6.21,M,M,M,M,M,M,M,M,M,M,M,M,M,M,M,M,59.00,FALE 090054Z 20005KT CAVOK 15/13 Q1014 NOSIG,M
FALE,2026-08-09 01:00,60.80,59.00,93.79,200.00,5.00,0.00,29.94,M,6.21,M,M,M,M,M,M,M,M,M,M,M,M,M,M,M,M,60.80,FALE 090100Z 20005KT CAVOK 16/15 Q1014 NOSIG,M
FALE,2026-08-09 02:00,59.00,57.20,93.74,M,2.00,0.00,29.94,M,4.97,M,SCT,M,M,M,2000.00,M,M,M,M,M,M,M,M,M,M,59.00,FALE 090200Z VRB02KT 8000 SCT020 15/14 Q1014 NOSIG,M
FALE,2026-08-09 02:27,59.00,57.20,93.74,220.00,3.00,0.00,29.94,M,6.21,M,BKN,M,M,M,1000.00,M,M,M,M,M,M,M,M,M,M,59.00,FALE 090227Z 22003KT 9999 BKN010 15/14 Q1014 NOSIG,M
FALE,2026-08-09 03:00,62.60,62.60,100.00,220.00,4.00,0.00,29.94,M,4.97,M,BKN,M,M,M,1000.00,M,M,M,M,M,M,M,M,M,M,62.60,FALE 090300Z 22004KT 8000 BKN010 17/17 Q1014 NOSIG,M
FALE,2026-08-09 04:00,62.60,62.60,100.00,220.00,4.00,0.00,29.94,M,4.97,M,BKN,M,M,M,1300.00,M,M,M,M,M,M,M,M,M,M,62.60,FALE 090400Z 22004KT 8000 BKN013 17/17 Q1014 NOSIG,M
FALE,2026-08-09 04:32,62.60,60.80,93.84,220.00,4.00,0.00,29.94,M,3.73,M,BKN,M,M,M,1500.00,M,M,M,M,M,M,M,M,M,M,62.60,FALE 090432Z 22004KT 6000 BKN015 17/16 Q1014 NOSIG,M
FALE,2026-08-09 05:00,62.60,60.80,93.84,220.00,4.00,0.00,29.94,M,4.35,M,BKN,M,M,M,1600.00,M,M,M,M,M,M,M,M,M,M,62.60,FALE 090500Z 22004KT 7000 BKN016 17/16 Q1014 NOSIG,M
FALE,2026-08-09 06:00,64.40,60.80,88.10,280.00,3.00,0.00,29.97,M,6.21,M,BKN,M,M,M,1700.00,M,M,M,M,M,M,M,M,M,M,64.40,FALE 090600Z 28003KT 9999 BKN017 18/16 Q1015 NOSIG,M
FALE,2026-08-09 07:00,68.00,60.80,77.77,270.00,5.00,0.00,29.94,M,6.21,M,BKN,M,M,M,1700.00,M,M,M,M,M,M,M,M,M,M,68.00,FALE 090700Z 27005KT 9999 BKN017 20/16 Q1014 NOSIG,M
FALE,2026-08-09 07:59,71.60,60.80,68.79,M,3.00,0.00,29.91,M,6.21,M,SCT,M,M,M,1700.00,M,M,M,M,M,M,M,M,M,M,71.60,FALE 090759Z VRB03KT 9999 SCT017 22/16 Q1013 NOSIG,M
FALE,2026-08-09 09:00,73.40,62.60,68.99,M,3.00,0.00,29.91,M,6.21,M,FEW,M,M,M,2100.00,M,M,M,M,M,M,M,M,M,M,73.40,FALE 090900Z VRB03KT 9999 FEW021 23/17 Q1013 NOSIG,M
FALE,2026-08-09 10:00,71.60,62.60,73.30,130.00,7.00,0.00,29.85,M,6.21,M,FEW,M,M,M,2200.00,M,M,M,M,M,M,M,M,M,M,71.60,FALE 091000Z 13007KT 080V180 9999 FEW022 22/17 Q1011 NOSIG,M
FALE,2026-08-09 11:00,71.60,62.60,73.30,110.00,7.00,0.00,29.83,M,6.21,M,M,M,M,M,M,M,M,M,M,M,M,M,M,M,M,71.60,FALE 091100Z 11007KT 050V160 CAVOK 22/17 Q1010 NOSIG,M
FALE,2026-08-09 12:00,71.60,64.40,78.08,170.00,8.00,0.00,29.83,M,6.21,M,FEW,M,M,M,1200.00,M,M,M,M,M,M,M,M,M,M,71.60,FALE 091200Z 17008KT 130V200 9999 FEW012 22/18 Q1010 NOSIG,M
FALE,2026-08-09 12:16,71.60,64.40,78.08,170.00,8.00,0.00,29.83,M,6.21,M,BKN,M,M,M,1200.00,M,M,M,M,M,M,M,M,M,M,71.60,FALE 091216Z 17008KT 130V220 9999 BKN012 22/18 Q1010 NOSIG,M
FALE,2026-08-09 13:00,69.80,64.40,83.00,180.00,7.00,0.00,29.83,M,6.21,M,BKN,M,M,M,1300.00,M,M,M,M,M,M,M,M,M,M,69.80,FALE 091300Z 18007KT 150V220 9999 BKN013 21/18 Q1010 NOSIG,M
FALE,2026-08-09 13:57,69.80,64.40,83.00,190.00,9.00,0.00,29.85,M,6.21,M,SCT,BKN,M,M,1300.00,2000.00,M,M,M,M,M,M,M,M,M,69.80,FALE 091357Z 19009KT 150V230 9999 SCT013 BKN020 21/18 Q1011 NOSIG,M
FALE,2026-08-09 14:00,69.80,64.40,83.00,190.00,9.00,0.00,29.85,M,6.21,M,SCT,BKN,M,M,1300.00,2000.00,M,M,M,M,M,M,M,M,M,69.80,FALE 091400Z 19009KT 150V230 9999 SCT013 BKN020 21/18 Q1011 NOSIG,M
FALE,2026-08-09 15:00,69.80,62.60,77.93,200.00,10.00,0.00,29.88,M,6.21,M,FEW,BKN,M,M,1500.00,2500.00,M,M,M,M,M,M,M,M,M,69.80,FALE 091500Z 20010KT 9999 FEW015 BKN025 21/17 Q1012 NOSIG,M
FALE,2026-08-09 16:00,68.00,62.60,82.88,210.00,11.00,0.00,29.91,M,6.21,M,SCT,BKN,M,M,1400.00,2000.00,M,M,M,M,M,M,M,M,M,68.00,FALE 091600Z 21011KT 180V250 9999 SCT014 BKN020 20/17 Q1013 NOSIG,M
FALE,2026-08-09 17:00,66.20,59.00,77.62,210.00,13.00,0.00,29.97,M,6.21,M,SCT,BKN,M,M,2000.00,3800.00,M,M,M,M,M,M,M,M,M,66.20,FALE 091700Z 21013KT 180V240 9999 SCT020 BKN038 19/15 Q1015 NOSIG,M
FALE,2026-08-09 18:00,66.20,57.20,72.76,210.00,13.00,0.00,30.00,M,6.21,M,BKN,M,M,M,2000.00,M,M,M,M,M,M,M,M,M,M,66.20,FALE 091800Z 21013KT 9999 BKN020 19/14 Q1016 NOSIG,M
FALE,2026-08-09 19:00,66.20,55.40,68.18,210.00,12.00,0.00,30.00,M,6.21,M,SCT,OVC,M,M,3500.00,4500.00,M,M,M,M,M,M,M,M,M,66.20,FALE 091900Z 21012KT 9999 SCT035 OVC045 19/13 Q1016 NOSIG,M
FALE,2026-08-09 20:00,66.20,51.80,59.76,210.00,11.00,0.00,30.03,M,6.21,M,BKN,OVC,M,M,4000.00,4900.00,M,M,M,M,M,M,M,M,M,66.20,FALE 092000Z 21011KT 9999 BKN040 OVC049 19/11 Q1017 NOSIG,M
FALE,2026-08-09 21:00,66.20,51.80,59.76,210.00,11.00,0.00,30.03,M,6.21,M,OVC,M,M,M,4900.00,M,M,M,M,M,M,M,M,M,M,66.20,FALE 092100Z 21011KT 9999 OVC049 19/11 Q1017 NOSIG,M
FALE,2026-08-09 22:00,66.20,53.60,63.85,220.00,13.00,0.00,30.06,M,6.21,M,FEW,OVC,M,M,4000.00,4900.00,M,M,M,M,M,M,M,M,M,66.20,FALE 092200Z 22013KT 9999 FEW040 OVC049 19/12 Q1018 NOSIG,M
FALE,2026-08-09 23:00,64.40,53.60,67.97,210.00,11.00,0.00,30.06,M,6.21,M,SCT,M,M,M,4000.00,M,M,M,M,M,M,M,M,M,M,64.40,FALE 092300Z 21011KT 9999 SCT040 18/12 Q1018 NOSIG,M
FALE,2026-08-10 00:00,64.40,53.60,67.97,220.00,11.00,0.00,30.09,M,6.21,M,SCT,M,M,M,4900.00,M,M,M,M,M,M,M,M,M,M,64.40,FALE 100000Z 22011KT 9999 SCT049 18/12 Q1019 NOSIG,M
FALE,2026-08-10 00:54,64.40,51.80,63.62,240.00,20.00,0.00,30.09,M,6.21,31.00,OVC,M,M,M,3500.00,M,M,M,M,M,M,M,M,M,M,64.40,FALE 100054Z 24020G31KT 9999 OVC035 18/11 Q1019 NOSIG,M
FALE,2026-08-10 00:56,64.40,51.80,63.62,240.00,22.00,0.00,30.09,M,6.21,M,OVC,M,M,M,3500.00,M,M,M,M,M,M,M,M,M,M,64.40,FALE 100056Z 24022KT 9999 OVC035 18/11 Q1019 NOSIG,M
FALE,2026-08-10 01:00,64.40,51.80,63.62,240.00,21.00,0.00,30.09,M,6.21,31.00,OVC,M,M,M,3500.00,M,M,M,M,M,M,M,M,M,M,64.40,FALE 100100Z 24021G31KT 9999 OVC035 18/11 Q1019 NOSIG,M
FALE,2026-08-10 01:39,59.00,55.40,87.84,240.00,19.00,0.00,30.12,M,2.49,M,SCT,BKN,M,M,3000.00,4000.00,M,M,RA,M,M,M,M,M,M,59.00,FALE 100139Z 24019KT 4000 RA SCT030 BKN040 15/13 Q1020 NOSIG,M
FALE,2026-08-10 01:50,57.20,55.40,93.70,230.00,15.00,0.00,30.12,M,6.21,M,FEW,SCT,OVC,M,3500.00,4000.00,4900.00,M,-RA,M,M,M,M,M,M,57.20,FALE 100150Z 23015KT 9999 -RA FEW035 SCT040 OVC049 14/13 Q1020 RERA NOSIG,M
FALE,2026-08-10 02:00,57.20,55.40,93.70,230.00,14.00,0.00,30.12,M,6.21,M,FEW,SCT,OVC,M,3500.00,4000.00,4900.00,M,-RA,M,M,M,M,M,M,57.20,FALE 100200Z 23014KT 9999 -RA FEW035 SCT040 OVC049 14/13 Q1020 NOSIG,M
FALE,2026-08-10 02:19,57.20,53.60,87.75,230.00,17.00,0.00,30.12,M,6.21,27.00,FEW,SCT,OVC,M,3500.00,4000.00,4900.00,M,-RA,M,M,M,M,M,M,57.20,FALE 100219Z 23017G27KT 9999 -RA FEW035 SCT040 OVC049 14/12 Q1020 NOSIG,M
FALE,2026-08-10 03:00,57.20,53.60,87.75,230.00,18.00,0.00,30.15,M,6.21,M,FEW,OVC,M,M,3500.00,4000.00,M,M,-RA,M,M,M,M,M,M,57.20,FALE 100300Z 23018KT 9999 -RA FEW035 OVC040 14/12 Q1021 NOSIG,M
FALE,2026-08-10 03:22,57.20,51.80,82.13,240.00,19.00,0.00,30.18,M,6.21,29.00,BKN,OVC,M,M,3500.00,4500.00,M,M,-RA,M,M,M,M,M,M,57.20,FALE 100322Z 24019G29KT 9999 -RA BKN035 OVC045 14/11 Q1022 NOSIG,M
FALE,2026-08-10 03:40,57.20,51.80,82.13,240.00,20.00,0.00,30.18,M,4.97,30.00,BKN,OVC,M,M,3300.00,4700.00,M,M,-RA,M,M,M,M,M,M,57.20,FALE 100340Z 24020G30KT 8000 -RA BKN033 OVC047 14/11 Q1022 NOSIG,M
FALE,2026-08-10 04:00,57.20,51.80,82.13,240.00,21.00,0.00,30.18,M,4.97,31.00,SCT,BKN,OVC,M,3200.00,4000.00,4900.00,M,-RA,M,M,M,M,M,M,57.20,FALE 100400Z 24021G31KT 8000 -RA SCT032 BKN040 OVC049 14/11 Q1022 NOSIG,M
FALE,2026-08-10 05:00,55.40,50.00,82.00,240.00,20.00,0.00,30.21,M,6.21,31.00,SCT,BKN,M,M,3000.00,4300.00,M,M,-RA,M,M,M,M,M,M,55.40,FALE 100500Z 24020G31KT 9999 -RA SCT030 BKN043 13/10 Q1023 NOSIG,M
FALE,2026-08-10 06:00,55.40,50.00,82.00,240.00,18.00,0.00,30.24,M,6.21,M,SCT,BKN,BKN,M,3200.00,4200.00,4900.00,M,-RA,M,M,M,M,M,M,55.40,FALE 100600Z 24018KT 9999 -RA SCT032 BKN042 BKN049 13/10 Q1024 NOSIG,M
FALE,2026-08-10 07:00,55.40,48.20,76.67,240.00,19.00,0.00,30.30,M,6.21,M,SCT,BKN,M,M,3400.00,4900.00,M,M,-RA,M,M,M,M,M,M,55.40,FALE 100700Z 24019KT 9999 -RA SCT034 BKN049 13/09 Q1026 NOSIG,M
FALE,2026-08-10 08:00,55.40,48.20,76.67,250.00,16.00,0.00,30.33,M,6.21,M,BKN,M,M,M,3600.00,M,M,M,-RA,M,M,M,M,M,M,55.40,FALE 100800Z 25016KT 9999 -RA BKN036 13/09 Q1027 NOSIG,M
FALE,2026-08-10 09:00,55.40,50.00,82.00,250.00,15.00,0.00,30.33,M,4.97,M,SCT,BKN,M,M,2500.00,3400.00,M,M,-RA,M,M,M,M,M,M,55.40,FALE 100900Z 25015KT 8000 -RA SCT025 BKN034 13/10 Q1027 NOSIG,M
FALE,2026-08-10 09:43,53.60,50.00,87.56,250.00,16.00,0.00,30.33,M,2.80,M,BKN,BKN,M,M,2700.00,3500.00,M,M,-RA,M,M,M,M,M,M,53.60,FALE 100943Z 25016KT 4500 -RA BKN027 BKN035 12/10 Q1027 TEMPO 6000,M
FALE,2026-08-10 09:48,53.60,50.00,87.56,250.00,16.00,0.00,30.33,M,4.35,M,BKN,BKN,M,M,2700.00,3500.00,M,M,-RA,M,M,M,M,M,M,53.60,FALE 100948Z 25016KT 7000 -RA BKN027 BKN035 12/10 Q1027 NOSIG,M
FALE,2026-08-10 10:00,53.60,50.00,87.56,250.00,16.00,0.00,30.33,M,4.35,M,BKN,BKN,M,M,2700.00,3400.00,M,M,-RA,M,M,M,M,M,M,53.60,FALE 101000Z 25016KT 7000 -RA BKN027 BKN034 12/10 Q1027 NOSIG,M
FALE,2026-08-10 11:00,53.60,51.80,93.60,250.00,12.00,0.00,30.33,M,4.35,M,FEW,BKN,OVC,M,1300.00,2400.00,2700.00,M,-RA,M,M,M,M,M,M,53.60,FALE 101100Z 25012KT 7000 -RA FEW013 BKN024 OVC027 12/11 Q1027 NOSIG,M
FALE,2026-08-10 12:00,55.40,51.80,87.65,240.00,15.00,0.00,30.30,M,6.21,M,BKN,OVC,M,M,2700.00,3300.00,M,M,M,M,M,M,M,M,M,55.40,FALE 101200Z 24015KT 9999 BKN027 OVC033 13/11 Q1026 RERA NOSIG,M
FALE,2026-08-10 13:00,55.40,51.80,87.65,230.00,16.00,0.00,30.33,M,4.35,M,FEW,BKN,OVC,M,1700.00,2900.00,3400.00,M,-RA,M,M,M,M,M,M,55.40,FALE 101300Z 23016KT 7000 -RA FEW017 BKN029 OVC034 13/11 Q1027 NOSIG,M
FALE,2026-08-10 13:22,55.40,51.80,87.65,230.00,17.00,0.00,30.33,M,4.35,29.00,FEW,OVC,M,M,2200.00,2700.00,M,M,-RA,M,M,M,M,M,M,55.40,FALE 101322Z 23017G29KT 7000 -RA FEW022 OVC027 13/11 Q1027 NOSIG,M
FALE,2026-08-10 14:00,55.40,51.80,87.65,230.00,17.00,0.00,30.33,M,6.21,M,FEW,BKN,OVC,M,1500.00,2900.00,3500.00,M,-RA,M,M,M,M,M,M,55.40,FALE 101400Z 23017KT 9999 -RA FEW015 BKN029 OVC035 13/11 Q1027 NOSIG,M
FALE,2026-08-10 14:22,55.40,51.80,87.65,220.00,17.00,0.00,30.36,M,6.21,27.00,BKN,OVC,M,M,3200.00,4100.00,M,M,-RA,M,M,M,M,M,M,55.40,FALE 101422Z 22017G27KT 9999 -RA BKN032 OVC041 13/11 Q1028 NOSIG,M
FALE,2026-08-10 15:00,53.60,51.80,93.60,220.00,17.00,0.00,30.36,M,4.35,M,BKN,OVC,M,M,2700.00,3600.00,M,M,-RA,M,M,M,M,M,M,53.60,FALE 101500Z 22017KT 7000 -RA BKN027 OVC036 12/11 Q1028 NOSIG,M
FALE,2026-08-10 16:00,53.60,51.80,93.60,220.00,14.00,0.00,30.39,M,4.35,M,BKN,OVC,M,M,2600.00,3300.00,M,M,-RA,M,M,M,M,M,M,53.60,FALE 101600Z 22014KT 7000 -RA BKN026 OVC033 12/11 Q1029 NOSIG,M
FALE,2026-08-10 17:00,53.60,51.80,93.60,230.00,15.00,0.00,30.42,M,4.97,M,SCT,OVC,M,M,2400.00,3100.00,M,M,-RA,M,M,M,M,M,M,53.60,FALE 101700Z 23015KT 8000 -RA SCT024 OVC031 12/11 Q1030 NOSIG,M
FALE,2026-08-10 18:00,53.60,51.80,93.60,230.00,12.00,0.00,30.42,M,6.21,M,FEW,BKN,OVC,M,2000.00,3500.00,4500.00,M,-RA,M,M,M,M,M,M,53.60,FALE 101800Z 23012KT 9999 -RA FEW020 BKN035 OVC045 12/11 Q1030 NOSIG,M
FALE,2026-08-10 19:00,53.60,51.80,93.60,230.00,10.00,0.00,30.45,M,4.97,M,FEW,BKN,OVC,M,1500.00,2500.00,3500.00,M,-RA,M,M,M,M,M,M,53.60,FALE 101900Z 23010KT 8000 -RA FEW015 BKN025 OVC035 12/11 Q1031 NOSIG,M
FALE,2026-08-10 20:00,53.60,51.80,93.60,220.00,9.00,0.00,30.45,M,6.21,M,FEW,BKN,OVC,M,2300.00,2900.00,3500.00,M,-RA,M,M,M,M,M,M,53.60,FALE 102000Z 22009KT 9999 -RA FEW023 BKN029 OVC035 12/11 Q1031 NOSIG,M
FALE,2026-08-10 21:00,55.40,50.00,82.00,220.00,9.00,0.00,30.45,M,6.21,M,SCT,BKN,OVC,M,3200.00,4000.00,4600.00,M,M,M,M,M,M,M,M,55.40,FALE 102100Z 22009KT 9999 SCT032 BKN040 OVC046 13/10 Q1031 NOSIG,M
FALE,2026-08-10 21:58,57.20,50.00,76.83,220.00,12.00,0.00,30.45,M,6.21,22.00,BKN,M,M,M,4200.00,M,M,M,M,M,M,M,M,M,M,57.20,FALE 102158Z 22012G22KT 9999 BKN042 14/10 Q1031 NOSIG,M
FALE,2026-08-10 22:00,57.20,50.00,76.83,220.00,12.00,0.00,30.45,M,6.21,22.00,BKN,M,M,M,4200.00,M,M,M,M,M,M,M,M,M,M,57.20,FALE 102200Z 22012G22KT 9999 BKN042 14/10 Q1031 NOSIG,M
FALE,2026-08-10 23:00,55.40,50.00,82.00,230.00,12.00,0.00,30.45,M,6.21,M,FEW,M,M,M,4400.00,M,M,M,M,M,M,M,M,M,M,55.40,FALE 102300Z 23012KT 9999 FEW044 13/10 Q1031 NOSIG,M
FALE,2026-08-11 00:00,57.20,50.00,76.83,220.00,12.00,0.00,30.45,M,6.21,M,BKN,M,M,M,4200.00,M,M,M,M,M,M,M,M,M,M,57.20,FALE 110000Z 22012KT 9999 BKN042 14/10 Q1031 NOSIG,M
FALE,2026-08-11 01:00,57.20,48.20,71.84,220.00,13.00,0.00,30.45,M,6.21,M,FEW,BKN,M,M,3600.00,4200.00,M,M,M,M,M,M,M,M,M,57.20,FALE 110100Z 22013KT 9999 FEW036 BKN042 14/09 Q1031 NOSIG,M
FALE,2026-08-11 02:00,55.40,48.20,76.67,220.00,10.00,0.00,30.45,M,6.21,M,FEW,BKN,M,M,3500.00,4000.00,M,M,M,M,M,M,M,M,M,55.40,FALE 110200Z 22010KT 9999 FEW035 BKN040 13/09 Q1031 NOSIG,M
FALE,2026-08-11 03:00,55.40,48.20,76.67,230.00,11.00,0.00,30.47,M,6.21,M,OVC,M,M,M,3300.00,M,M,M,M,M,M,M,M,M,M,55.40,FALE 110300Z 23011KT 9999 OVC033 13/09 Q1032 NOSIG,M
FALE,2026-08-11 04:00,57.20,48.20,71.84,230.00,12.00,0.00,30.47,M,6.21,M,FEW,BKN,M,M,3500.00,4900.00,M,M,M,M,M,M,M,M,M,57.20,FALE 110400Z 23012KT 9999 FEW035 BKN049 14/09 Q1032 NOSIG,M
FALE,2026-08-11 04:37,57.20,48.20,71.84,220.00,16.00,0.00,30.50,M,6.21,26.00,FEW,SCT,OVC,M,1200.00,2500.00,3500.00,M,-RA,M,M,M,M,M,M,57.20,FALE 110437Z 22016G26KT 9999 -RA FEW012 SCT025 OVC035 14/09 Q1033 NOSIG,M
FALE,2026-08-11 05:00,55.40,48.20,76.67,230.00,16.00,0.00,30.47,M,6.21,M,FEW,SCT,OVC,M,1200.00,2500.00,4500.00,M,M,M,M,M,M,M,M,55.40,FALE 110500Z 23016KT 9999 FEW012 SCT025 OVC045 13/09 Q1032 NOSIG,M
FALE,2026-08-11 06:00,57.20,48.20,71.84,230.00,10.00,0.00,30.53,M,6.21,M,FEW,SCT,OVC,M,1600.00,3000.00,3500.00,M,-DZ,M,M,M,M,M,M,57.20,FALE 110600Z 23010KT 9999 -DZ FEW016 SCT030 OVC035 14/09 Q1034 NOSIG,M
FALE,2026-08-11 07:00,59.00,48.20,67.34,220.00,15.00,0.00,30.50,M,6.21,M,FEW,SCT,M,M,3000.00,4500.00,M,M,M,M,M,M,M,M,M,59.00,FALE 110700Z 22015KT 9999 FEW030 SCT045 15/09 Q1033 NOSIG,M
FALE,2026-08-11 07:57,62.60,50.00,63.39,220.00,16.00,0.00,30.53,M,6.21,M,BKN,M,M,M,4000.00,M,M,M,M,M,M,M,M,M,M,62.60,FALE 110757Z 22016KT 9999 BKN040 17/10 Q1034 NOSIG,M
FALE,2026-08-11 08:00,62.60,50.00,63.39,220.00,16.00,0.00,30.53,M,6.21,M,BKN,M,M,M,4000.00,M,M,M,M,M,M,M,M,M,M,62.60,FALE 110800Z 22016KT 9999 BKN040 17/10 Q1034 NOSIG,M
FALE,2026-08-11 09:00,59.00,51.80,76.99,230.00,16.00,0.00,30.56,M,6.21,M,SCT,OVC,M,M,2500.00,4900.00,M,M,M,M,M,M,M,M,M,59.00,FALE 110900Z 23016KT 9999 SCT025 OVC049 15/11 Q1035 NOSIG,M
FALE,2026-08-11 10:00,59.00,51.80,76.99,230.00,15.00,0.00,30.53,M,6.21,M,SCT,OVC,M,M,2500.00,3500.00,M,M,M,M,M,M,M,M,M,59.00,FALE 111000Z 23015KT 9999 SCT025 OVC035 15/11 Q1034 NOSIG,M
FALE,2026-08-11 10:33,57.20,53.60,87.75,210.00,7.00,0.00,30.56,M,1.55,M,FEW,BKN,OVC,M,2000.00,3000.00,3800.00,M,-RA,M,M,M,M,M,M,57.20,FALE 111033Z 21007KT 180V240 2500 -RA FEW020 BKN030 OVC038 14/12 Q1035 TEMPO 5000,M
FALE,2026-08-11 10:47,57.20,53.60,87.75,230.00,11.00,0.00,30.53,M,3.11,M,OVC,M,M,M,2100.00,M,M,M,-RA,M,M,M,M,M,M,57.20,FALE 111047Z 23011KT 5000 -RA OVC021 14/12 Q1034 NOSIG,M
FALE,2026-08-11 10:57,57.20,53.60,87.75,230.00,13.00,0.00,30.56,M,4.97,M,BKN,OVC,M,M,2100.00,2600.00,M,M,-RA,M,M,M,M,M,M,57.20,FALE 111057Z 23013KT 8000 -RA BKN021 OVC026 14/12 Q1035 NOSIG,M
FALE,2026-08-11 11:00,57.20,53.60,87.75,230.00,12.00,0.00,30.56,M,4.97,M,BKN,OVC,M,M,2000.00,2600.00,M,M,-RA,M,M,M,M,M,M,57.20,FALE 111100Z 23012KT 8000 -RA BKN020 OVC026 14/12 Q1035 NOSIG,M
FALE,2026-08-11 11:13,57.20,53.60,87.75,210.00,10.00,0.00,30.56,M,1.55,M,FEW,SCT,OVC,M,1900.00,2400.00,2600.00,M,-RA,M,M,M,M,M,M,57.20,FALE 111113Z 21010KT 170V240 2500 -RA FEW019 SCT024 OVC026 14/12 Q1035 NOSIG,M
FALE,2026-08-11 11:22,55.40,53.60,93.65,220.00,11.00,0.00,30.56,M,3.11,M,SCT,OVC,M,M,1800.00,2200.00,M,M,RA,M,M,M,M,M,M,55.40,FALE 111122Z 22011KT 5000 RA SCT018 OVC022 13/12 Q1035 NOSIG,M
FALE,2026-08-11 11:49,57.20,55.40,93.70,230.00,13.00,0.00,30.53,M,4.97,M,FEW,SCT,OVC,M,2000.00,3400.00,4400.00,M,-RA,M,M,M,M,M,M,57.20,FALE 111149Z 23013KT 8000 -RA FEW020 SCT034 OVC044 14/13 Q1034 NOSIG,M
FALE,2026-08-11 12:00,57.20,55.40,93.70,230.00,13.00,0.00,30.53,M,4.97,M,FEW,SCT,OVC,M,2000.00,3400.00,4400.00,M,-RA,M,M,M,M,M,M,57.20,FALE 111200Z 23013KT 8000 -RA FEW020 SCT034 OVC044 14/13 Q1034 NOSIG,M
FALE,2026-08-11 13:00,57.20,55.40,93.70,230.00,13.00,0.00,30.53,M,6.21,M,BKN,OVC,M,M,2000.00,4000.00,M,M,M,M,M,M,M,M,M,57.20,FALE 111300Z 23013KT 9999 BKN020 OVC040 14/13 Q1034 NOSIG,M
FALE,2026-08-11 13:13,57.20,55.40,93.70,230.00,16.00,0.00,30.53,M,2.17,M,BKN,OVC,M,M,2000.00,4000.00,M,M,-RA,M,M,M,M,M,M,57.20,FALE 111313Z 23016KT 3500 -RA BKN020 OVC040 14/13 Q1034 NOSIG,M
FALE,2026-08-11 13:25,55.40,53.60,93.65,220.00,11.00,0.00,30.53,M,5.59,M,BKN,OVC,M,M,2000.00,4000.00,M,M,-RA,M,M,M,M,M,M,55.40,FALE 111325Z 22011KT 190V250 9000 -RA BKN020 OVC040 13/12 Q1034 NOSIG,M
FALE,2026-08-11 14:00,57.20,55.40,93.70,230.00,10.00,0.00,30.53,M,5.59,M,BKN,OVC,M,M,2000.00,4000.00,M,M,-RA,M,M,M,M,M,M,57.20,FALE 111400Z 23010KT 9000 -RA BKN020 OVC040 14/13 Q1034 NOSIG,M
FALE,2026-08-11 15:00,57.20,53.60,87.75,250.00,11.00,0.00,30.56,M,6.21,M,SCT,OVC,M,M,4400.00,4900.00,M,M,M,M,M,M,M,M,M,57.20,FALE 111500Z 25011KT 9999 SCT044 OVC049 14/12 Q1035 NOSIG,M
FALE,2026-08-11 15:22,57.20,53.60,87.75,230.00,7.00,0.00,30.56,M,1.86,M,SCT,BKN,M,M,1700.00,2400.00,M,M,-RA,M,M,M,M,M,M,57.20,FALE 111522Z 23007KT 200V270 3000 -RA SCT017 BKN024 14/12 Q1035 NOSIG,M
FALE,2026-08-11 15:45,55.40,53.60,93.65,230.00,8.00,0.00,30.56,M,4.97,M,FEW,OVC,M,M,1900.00,4200.00,M,M,-RA,M,M,M,M,M,M,55.40,FALE 111545Z 23008KT 200V260 8000 -RA FEW019 OVC042 13/12 Q1035 NOSIG,M
FALE,2026-08-11 16:00,55.40,53.60,93.65,230.00,8.00,0.00,30.56,M,4.97,M,FEW,OVC,M,M,1700.00,4200.00,M,M,-RA,M,M,M,M,M,M,55.40,FALE 111600Z 23008KT 8000 -RA FEW017 OVC042 13/12 Q1035 NOSIG,M
FALE,2026-08-11 17:00,55.40,53.60,93.65,230.00,8.00,0.00,30.59,M,6.21,M,BKN,M,M,M,3700.00,M,M,M,-RA,M,M,M,M,M,M,55.40,FALE 111700Z 23008KT 9999 -RA BKN037 13/12 Q1036 NOSIG,M
FALE,2026-08-11 18:00,55.40,53.60,93.65,240.00,8.00,0.00,30.59,M,5.59,M,FEW,SCT,BKN,M,1800.00,3500.00,4900.00,M,-RA,M,M,M,M,M,M,55.40,FALE 111800Z 24008KT 9000 -RA FEW018 SCT035 BKN049 13/12 Q1036 NOSIG,M
FALE,2026-08-11 19:00,55.40,53.60,93.65,230.00,7.00,0.00,30.62,M,6.21,M,FEW,BKN,M,M,1500.00,2800.00,M,M,-RA,M,M,M,M,M,M,55.40,FALE 111900Z 23007KT 9999 -RA FEW015 BKN028 13/12 Q1037 NOSIG,M
FALE,2026-08-11 19:50,55.40,53.60,93.65,220.00,7.00,0.00,30.62,M,2.49,M,SCT,BKN,BKN,M,1600.00,2400.00,3000.00,M,RA,M,M,M,M,M,M,55.40,FALE 111950Z 22007KT 180V250 4000 RA SCT016 BKN024 BKN030 13/12 Q1037 NOSIG,M
FALE,2026-08-11 20:00,55.40,53.60,93.65,210.00,8.00,0.00,30.62,M,2.80,M,SCT,BKN,BKN,M,1200.00,2000.00,3000.00,M,RA,M,M,M,M,M,M,55.40,FALE 112000Z 21008KT 180V240 4500 RA SCT012 BKN020 BKN030 13/12 Q1037 NOSIG,M
FALE,2026-08-11 20:13,55.40,53.60,93.65,230.00,7.00,0.00,30.62,M,4.35,M,SCT,BKN,BKN,M,1200.00,2000.00,3000.00,M,-RA,M,M,M,M,M,M,55.40,FALE 112013Z 23007KT 7000 -RA SCT012 BKN020 BKN030 13/12 Q1037 RERA NOSIG,M
FALE,2026-08-11 20:18,55.40,53.60,93.65,220.00,8.00,0.00,30.65,M,2.49,M,FEW,SCT,BKN,M,600.00,1400.00,2000.00,M,-RA,M,M,M,M,M,M,55.40,FALE 112018Z 22008KT 190V250 4000 -RA FEW006 SCT014 BKN020 13/12 Q1038 RERA NOSIG,M
FALE,2026-08-11 20:40,55.40,53.60,93.65,240.00,6.00,0.00,30.62,M,4.35,M,FEW,SCT,BKN,M,700.00,1500.00,2300.00,M,-RA,M,M,M,M,M,M,55.40,FALE 112040Z 24006KT 7000 -RA FEW007 SCT015 BKN023 13/12 Q1037 NOSIG,M
FALE,2026-08-11 21:00,55.40,53.60,93.65,260.00,5.00,0.00,30.62,M,4.35,M,FEW,BKN,BKN,M,700.00,1700.00,2600.00,M,-RA,M,M,M,M,M,M,55.40,FALE 112100Z 26005KT 7000 -RA FEW007 BKN017 BKN026 13/12 Q1037 NOSIG,M
FALE,2026-08-11 21:01,55.40,55.40,100.00,240.00,8.00,0.00,30.62,M,2.17,M,FEW,BKN,BKN,M,700.00,1700.00,2300.00,M,RA,M,M,M,M,M,M,55.40,FALE 112101Z 24008KT 210V280 3500 RA FEW007 BKN017 BKN023 13/13 Q1037 NOSIG,M
FALE,2026-08-11 21:37,55.40,55.40,100.00,230.00,5.00,0.00,30.62,M,4.35,M,SCT,BKN,BKN,M,1200.00,1700.00,2200.00,M,-RA,M,M,M,M,M,M,55.40,FALE 112137Z 23005KT 200V280 7000 -RA SCT012 BKN017 BKN022 13/13 Q1037 RERA NOSIG,M
FALE,2026-08-11 22:00,57.20,53.60,87.75,230.00,5.00,0.00,30.62,M,4.97,M,SCT,BKN,M,M,1800.00,4000.00,M,M,-RA,M,M,M,M,M,M,57.20,FALE 112200Z 23005KT 200V270 8000 -RA SCT018 BKN040 14/12 Q1037 NOSIG,M
FALE,2026-08-11 23:00,57.20,55.40,93.70,260.00,7.00,0.00,30.62,M,5.59,M,FEW,SCT,BKN,M,1400.00,1900.00,3300.00,M,-RA,M,M,M,M,M,M,57.20,FALE 112300Z 26007KT 9000 -RA FEW014 SCT019 BKN033 14/13 Q1037 NOSIG,M
FALE,2026-08-12 00:00,57.20,55.40,93.70,170.00,9.00,0.00,30.62,M,6.21,M,SCT,BKN,M,M,2200.00,4200.00,M,M,M,M,M,M,M,M,M,57.20,FALE 120000Z 17009KT 120V200 9999 SCT022 BKN042 14/13 Q1037 NOSIG,M
FALE,2026-08-12 01:00,59.00,53.60,82.26,160.00,6.00,0.00,30.59,M,6.21,M,FEW,BKN,M,M,2200.00,4900.00,M,M,M,M,M,M,M,M,M,59.00,FALE 120100Z 16006KT 110V210 9999 FEW022 BKN049 15/12 Q1036 NOSIG,M
FALE,2026-08-12 02:00,59.00,53.60,82.26,170.00,5.00,0.00,30.59,M,4.97,M,FEW,BKN,M,M,2000.00,4000.00,M,M,-RA,M,M,M,M,M,M,59.00,FALE 120200Z 17005KT 140V200 8000 -RA FEW020 BKN040 15/12 Q1036 NOSIG,M
FALE,2026-08-12 03:00,57.20,53.60,87.75,180.00,5.00,0.00,30.62,M,3.73,M,SCT,BKN,BKN,M,1300.00,2000.00,4500.00,M,-RA,M,M,M,M,M,M,57.20,FALE 120300Z 18005KT 130V200 6000 -RA SCT013 BKN020 BKN045 14/12 Q1037 NOSIG,M
FALE,2026-08-12 03:42,57.20,55.40,93.70,200.00,7.00,0.00,30.62,M,2.49,M,SCT,BKN,BKN,M,1100.00,1600.00,2600.00,M,-RA,M,M,M,M,M,M,57.20,FALE 120342Z 20007KT 150V220 4000 -RA SCT011 BKN016 BKN026 14/13 Q1037 TEMPO 6000,M
FALE,2026-08-12 03:43,57.20,55.40,93.70,190.00,8.00,0.00,30.62,M,2.49,M,SCT,BKN,BKN,M,1100.00,1600.00,2700.00,M,RA,M,M,M,M,M,M,57.20,FALE 120343Z 19008KT 150V220 4000 RA SCT011 BKN016 BKN027 14/13 Q1037 TEMPO 6000,M
FALE,2026-08-12 03:48,57.20,55.40,93.70,180.00,8.00,0.00,30.62,M,3.73,M,SCT,BKN,BKN,M,1100.00,1500.00,2700.00,M,RA,M,M,M,M,M,M,57.20,FALE 120348Z 18008KT 140V210 6000 RA SCT011 BKN015 BKN027 14/13 Q1037 TEMPO 4000,M
FALE,2026-08-12 03:55,57.20,55.40,93.70,170.00,5.00,0.00,30.62,M,4.97,M,FEW,BKN,BKN,M,900.00,1600.00,2700.00,M,RA,M,M,M,M,M,M,57.20,FALE 120355Z 17005KT 120V210 8000 RA FEW009 BKN016 BKN027 14/13 Q1037 TEMPO 4000,M
FALE,2026-08-12 04:00,57.20,55.40,93.70,180.00,7.00,0.00,30.62,M,3.73,M,FEW,BKN,BKN,M,1000.00,1600.00,2700.00,M,RA,M,M,M,M,M,M,57.20,FALE 120400Z 18007KT 120V200 6000 RA FEW010 BKN016 BKN027 14/13 Q1037 TEMPO 4000,M
FALE,2026-08-12 05:00,57.20,55.40,93.70,230.00,5.00,0.00,30.65,M,4.35,M,SCT,OVC,M,M,1000.00,1400.00,M,M,-RA,M,M,M,M,M,M,57.20,FALE 120500Z 23005KT 150V300 7000 -RA SCT010 OVC014 14/13 Q1038 TEMPO 4000,M
FALE,2026-08-12 05:01,55.40,55.40,100.00,240.00,6.00,0.00,30.65,M,4.35,M,SCT,OVC,M,M,900.00,1400.00,M,M,-RA,M,M,M,M,M,M,55.40,FALE 120501Z 24006KT 150V300 7000 -RA SCT009 OVC014 13/13 Q1038 TEMPO 4000,M
FALE,2026-08-12 05:32,57.20,55.40,93.70,230.00,6.00,0.00,30.65,M,3.11,M,FEW,BKN,OVC,M,900.00,3000.00,3800.00,M,-RA,M,M,M,M,M,M,57.20,FALE 120532Z 23006KT 200V260 5000 -RA FEW009 BKN030 OVC038 14/13 Q1038 TEMPO 4000,M
FALE,2026-08-12 05:34,57.20,55.40,93.70,230.00,6.00,0.00,30.65,M,1.86,M,FEW,BKN,OVC,M,900.00,3000.00,3800.00,M,RA,M,M,M,M,M,M,57.20,FALE 120534Z 23006KT 200V260 3000 RA FEW009 BKN030 OVC038 14/13 Q1038 TEMPO 5000,M
FALE,2026-08-12 05:59,57.20,55.40,93.70,230.00,10.00,0.00,30.65,M,3.11,M,FEW,BKN,M,M,2000.00,2900.00,M,M,-RA,M,M,M,M,M,M,57.20,FALE 120559Z 23010KT 5000 -RA FEW020 BKN029 14/13 Q1038 RERA TEMPO 7000,M
FALE,2026-08-12 06:00,57.20,55.40,93.70,230.00,10.00,0.00,30.65,M,3.11,M,FEW,OVC,M,M,700.00,2800.00,M,M,-RA,M,M,M,M,M,M,57.20,FALE 120600Z 23010KT 5000 -RA FEW007 OVC028 14/13 Q1038 RERA TEMPO 7000,M
FALE,2026-08-12 06:53,57.20,55.40,93.70,220.00,7.00,0.00,30.68,M,6.21,M,FEW,BKN,OVC,M,2000.00,2600.00,3600.00,M,-RA,M,M,M,M,M,M,57.20,FALE 120653Z 22007KT 9999 -RA FEW020 BKN026 OVC036 14/13 Q1039 NOSIG,M
FALE,2026-08-12 07:00,57.20,55.40,93.70,220.00,7.00,0.00,30.68,M,6.21,M,FEW,BKN,OVC,M,2000.00,2600.00,3600.00,M,-RA,M,M,M,M,M,M,57.20,FALE 120700Z 22007KT 190V250 9999 -RA FEW020 BKN026 OVC036 14/13 Q1039 NOSIG,M
FALE,2026-08-12 08:00,59.00,53.60,82.26,240.00,10.00,0.00,30.68,M,6.21,M,FEW,BKN,OVC,M,1400.00,3500.00,4000.00,M,-RA,M,M,M,M,M,M,59.00,FALE 120800Z 24010KT 150V270 9999 -RA FEW014 BKN035 OVC040 15/12 Q1039 NOSIG,M
FALE,2026-08-12 08:24,62.60,53.60,72.40,150.00,5.00,0.00,30.68,M,6.21,M,BKN,M,M,M,3500.00,M,M,M,M,M,M,M,M,M,M,62.60,FALE 120824Z 15005KT 110V230 9999 BKN035 17/12 Q1039 NOSIG,M
FALE,2026-08-12 09:00,62.60,53.60,72.40,M,5.00,0.00,30.68,M,6.21,M,SCT,BKN,M,M,3300.00,4100.00,M,M,M,M,M,M,M,M,M,62.60,FALE 120900Z VRB05KT 9999 SCT033 BKN041 17/12 Q1039 NOSIG,M
FALE,2026-08-12 10:00,64.40,53.60,67.97,120.00,5.00,0.00,30.68,M,6.21,M,BKN,M,M,M,3600.00,M,M,M,-RA,M,M,M,M,M,M,64.40,FALE 121000Z 12005KT 070V210 9999 -RA BKN036 18/12 Q1039 NOSIG,M
FALE,2026-08-12 11:00,60.80,53.60,77.15,230.00,6.00,0.00,30.65,M,6.21,M,BKN,M,M,M,3500.00,M,M,M,M,M,M,M,M,M,M,60.80,FALE 121100Z 23006KT 200V260 9999 BKN035 16/12 Q1038 NOSIG,M
FALE,2026-08-12 12:00,62.60,53.60,72.40,M,2.00,0.00,30.62,M,6.21,M,FEW,BKN,M,M,2500.00,3800.00,M,M,M,M,M,M,M,M,M,62.60,FALE 121200Z VRB02KT 9999 FEW025 BKN038 17/12 Q1037 NOSIG,M
FALE,2026-08-12 12:08,66.20,53.60,63.85,M,4.00,0.00,30.62,M,6.21,M,SCT,M,M,M,3300.00,M,M,M,M,M,M,M,M,M,M,66.20,FALE 121208Z VRB04KT 9999 SCT033 19/12 Q1037 NOSIG,M
FALE,2026-08-12 13:00,66.20,51.80,59.76,140.00,7.00,0.00,30.62,M,6.21,M,FEW,M,M,M,3400.00,M,M,M,M,M,M,M,M,M,M,66.20,FALE 121300Z 14007KT 100V190 9999 FEW034 19/11 Q1037 NOSIG,M
FALE,2026-08-12 14:00,60.80,53.60,77.15,150.00,4.00,0.00,30.62,M,6.21,M,SCT,BKN,M,M,2600.00,4200.00,M,M,M,M,M,M,M,M,M,60.80,FALE 121400Z 15004KT 100V210 9999 SCT026 BKN042 16/12 Q1037 NOSIG,M
FALE,2026-08-12 15:00,60.80,51.80,72.21,140.00,4.00,0.00,30.62,M,6.21,M,FEW,M,M,M,3000.00,M,M,M,M,M,M,M,M,M,M,60.80,FALE 121500Z 14004KT 110V180 9999 FEW030 16/11 Q1037 NOSIG,M
FALE,2026-08-12 16:00,59.00,51.80,76.99,150.00,3.00,0.00,30.62,M,6.21,M,SCT,M,M,M,3500.00,M,M,M,M,M,M,M,M,M,M,59.00,FALE 121600Z 15003KT 090V190 9999 SCT035 15/11 Q1037 NOSIG,M
FALE,2026-08-12 17:00,57.20,53.60,87.75,230.00,11.00,0.00,30.65,M,6.21,M,FEW,M,M,M,3000.00,M,M,M,M,M,M,M,M,M,M,57.20,FALE 121700Z 23011KT 9999 FEW030 14/12 Q1038 NOSIG,M
FALE,2026-08-12 18:00,55.40,53.60,93.65,220.00,6.00,0.00,30.65,M,6.21,M,M,M,M,M,M,M,M,M,M,M,M,M,M,M,M,55.40,FALE 121800Z 22006KT CAVOK 13/12 Q1038 NOSIG,M
FALE,2026-08-12 19:00,55.40,51.80,87.65,230.00,3.00,0.00,30.65,M,6.21,M,M,M,M,M,M,M,M,M,M,M,M,M,M,M,M,55.40,FALE 121900Z 23003KT CAVOK 13/11 Q1038 NOSIG,M
FALE,2026-08-12 20:00,55.40,51.80,87.65,230.00,4.00,0.00,30.65,M,6.21,M,FEW,M,M,M,4600.00,M,M,M,M,M,M,M,M,M,M,55.40,FALE 122000Z 23004KT 9999 FEW046 13/11 Q1038 NOSIG,M
FALE,2026-08-12 21:00,53.60,50.00,87.56,M,2.00,0.00,30.65,M,6.21,M,M,M,M,M,M,M,M,M,M,M,M,M,M,M,M,53.60,FALE 122100Z VRB02KT CAVOK 12/10 Q1038 NOSIG,M
FALE,2026-08-12 22:00,55.40,51.80,87.65,260.00,6.00,0.00,30.65,M,6.21,M,FEW,M,M,M,4400.00,M,M,M,M,M,M,M,M,M,M,55.40,FALE 122200Z 26006KT 9999 FEW044 13/11 Q1038 NOSIG,M
FALE,2026-08-12 23:00,55.40,50.00,82.00,270.00,8.00,0.00,30.65,M,6.21,M,FEW,M,M,M,4600.00,M,M,M,M,M,M,M,M,M,M,55.40,FALE 122300Z 27008KT 9999 FEW046 13/10 Q1038 NOSIG,M
FALE,2026-08-13 00:00,55.40,50.00,82.00,280.00,6.00,0.00,30.62,M,6.21,M,FEW,M,M,M,4300.00,M,M,M,M,M,M,M,M,M,M,55.40,FALE 130000Z 28006KT 9999 FEW043 13/10 Q1037 NOSIG,M
FALE,2026-08-13 01:00,55.40,50.00,82.00,210.00,3.00,0.00,30.62,M,6.21,M,FEW,M,M,M,3800.00,M,M,M,M,M,M,M,M,M,M,55.40,FALE 130100Z 21003KT 180V260 9999 FEW038 13/10 Q1037 NOSIG,M
FALE,2026-08-13 02:00,55.40,50.00,82.00,250.00,6.00,0.00,30.59,M,6.21,M,M,M,M,M,M,M,M,M,M,M,M,M,M,M,M,55.40,FALE 130200Z 25006KT CAVOK 13/10 Q1036 NOSIG,M
FALE,2026-08-13 03:00,55.40,50.00,82.00,250.00,5.00,0.00,30.59,M,6.21,M,M,M,M,M,M,M,M,M,M,M,M,M,M,M,M,55.40,FALE 130300Z 25005KT CAVOK 13/10 Q1036 NOSIG,M
FALE,2026-08-13 04:00,55.40,50.00,82.00,230.00,4.00,0.00,30.62,M,6.21,M,BKN,M,M,M,4900.00,M,M,M,M,M,M,M,M,M,M,55.40,FALE 130400Z 23004KT 9999 BKN049 13/10 Q1037 NOSIG,M
FALE,2026-08-13 05:00,55.40,50.00,82.00,230.00,4.00,0.00,30.62,M,6.21,M,SCT,M,M,M,4900.00,M,M,M,M,M,M,M,M,M,M,55.40,FALE 130500Z 23004KT 9999 SCT049 13/10 Q1037 NOSIG,M
FALE,2026-08-13 06:00,59.00,50.00,72.02,240.00,4.00,0.00,30.65,M,6.21,M,SCT,M,M,M,4900.00,M,M,M,M,M,M,M,M,M,M,59.00,FALE 130600Z 24004KT 210V280 9999 SCT049 15/10 Q1038 NOSIG,M
FALE,2026-08-13 07:00,60.80,50.00,67.55,240.00,4.00,0.00,30.65,M,6.21,M,SCT,M,M,M,4500.00,M,M,M,M,M,M,M,M,M,M,60.80,FALE 130700Z 24004KT 210V270 9999 SCT045 16/10 Q1038 NOSIG,M
FALE,2026-08-13 08:00,64.40,50.00,59.52,230.00,6.00,0.00,30.65,M,6.21,M,FEW,M,M,M,4500.00,M,M,M,M,M,M,M,M,M,M,64.40,FALE 130800Z 23006KT 180V280 9999 FEW045 18/10 Q1038 NOSIG,M
FALE,2026-08-13 09:00,66.20,48.20,52.27,250.00,6.00,0.00,30.62,M,6.21,M,FEW,M,M,M,4500.00,M,M,M,M,M,M,M,M,M,M,66.20,FALE 130900Z 25006KT 200V310 9999 FEW045 19/09 Q1037 NOSIG,M
FALE,2026-08-13 10:00,68.00,50.00,52.54,M,4.00,0.00,30.59,M,6.21,M,SCT,M,M,M,3000.00,M,M,M,M,M,M,M,M,M,M,68.00,FALE 131000Z VRB04KT 9999 SCT030 20/10 Q1036 NOSIG,M
FALE,2026-08-13 11:00,68.00,50.00,52.54,140.00,7.00,0.00,30.56,M,6.21,M,FEW,M,M,M,4500.00,M,M,M,M,M,M,M,M,M,M,68.00,FALE 131100Z 14007KT 100V200 9999 FEW045 20/10 Q1035 NOSIG,M
FALE,2026-08-13 12:00,66.20,51.80,59.76,150.00,7.00,0.00,30.53,M,6.21,M,FEW,M,M,M,4500.00,M,M,M,M,M,M,M,M,M,M,66.20,FALE 131200Z 15007KT 110V180 9999 FEW045 19/11 Q1034 NOSIG,M
FALE,2026-08-13 13:00,66.20,55.40,68.18,130.00,9.00,0.00,30.53,M,6.21,M,M,M,M,M,M,M,M,M,M,M,M,M,M,M,M,66.20,FALE 131300Z 13009KT 090V170 CAVOK 19/13 Q1034 NOSIG,M
FALE,2026-08-13 14:00,66.20,53.60,63.85,100.00,6.00,0.00,30.53,M,6.21,M,FEW,M,M,M,2000.00,M,M,M,M,M,M,M,M,M,M,66.20,FALE 131400Z 10006KT 050V170 9999 FEW020 19/12 Q1034 NOSIG,M
FALE,2026-08-13 15:00,64.40,55.40,72.58,70.00,3.00,0.00,30.53,M,6.21,M,FEW,M,M,M,1900.00,M,M,M,M,M,M,M,M,M,M,64.40,FALE 131500Z 07003KT 040V100 9999 FEW019 18/13 Q1034 NOSIG,M
FALE,2026-08-13 16:00,59.00,53.60,82.26,M,1.00,0.00,30.53,M,6.21,M,M,M,M,M,M,M,M,M,M,M,M,M,M,M,M,59.00,FALE 131600Z VRB01KT CAVOK 15/12 Q1034 NOSIG,M
FALE,2026-08-13 17:00,53.60,51.80,93.60,M,2.00,0.00,30.53,M,6.21,M,M,M,M,M,M,M,M,M,M,M,M,M,M,M,M,53.60,FALE 131700Z VRB02KT CAVOK 12/11 Q1034 NOSIG,M
FALE,2026-08-13 17:01,57.20,53.60,87.75,30.00,3.00,0.00,30.53,M,6.21,M,FEW,M,M,M,2700.00,M,M,M,M,M,M,M,M,M,M,57.20,FALE 131701Z 03003KT 330V120 9999 FEW027 14/12 Q1034 NOSIG,M
FALE,2026-08-13 18:00,59.00,55.40,87.84,M,2.00,0.00,30.56,M,6.21,M,FEW,BKN,M,M,1700.00,3200.00,M,M,M,M,M,M,M,M,M,59.00,FALE 131800Z VRB02KT 9999 FEW017 BKN032 15/13 Q1035 NOSIG,M
FALE,2026-08-13 19:00,59.00,55.40,87.84,0.00,0.00,0.00,30.56,M,6.21,M,SCT,OVC,M,M,3200.00,3700.00,M,M,M,M,M,M,M,M,M,59.00,FALE 131900Z 00000KT 9999 SCT032 OVC037 15/13 Q1035 NOSIG,M
FALE,2026-08-13 20:00,57.20,55.40,93.70,0.00,0.00,0.00,30.56,M,6.21,M,BKN,M,M,M,4000.00,M,M,M,M,M,M,M,M,M,M,57.20,FALE 132000Z 00000KT 9999 BKN040 14/13 Q1035 NOSIG,M
FALE,2026-08-13 21:00,55.40,53.60,93.65,340.00,1.00,0.00,30.53,M,6.21,M,FEW,M,M,M,4300.00,M,M,M,M,M,M,M,M,M,M,55.40,FALE 132100Z 34001KT 9999 FEW043 13/12 Q1034 NOSIG,M
FALE,2026-08-13 22:00,53.60,51.80,93.60,330.00,2.00,0.00,30.53,M,6.21,M,M,M,M,M,M,M,M,M,M,M,M,M,M,M,M,53.60,FALE 132200Z 33002KT CAVOK 12/11 Q1034 NOSIG,M
FALE,2026-08-13 23:00,50.00,50.00,100.00,M,1.00,0.00,30.50,M,6.21,M,M,M,M,M,M,M,M,M,M,M,M,M,M,M,M,50.00,FALE 132300Z VRB01KT CAVOK 10/10 Q1033 NOSIG,M
FALE,2026-08-14 00:00,48.20,48.20,100.00,220.00,2.00,0.00,30.50,M,6.21,M,M,M,M,M,M,M,M,M,M,M,M,M,M,M,M,48.20,FALE 140000Z 22002KT CAVOK 09/09 Q1033 NOSIG,M
FALE,2026-08-14 01:00,48.20,48.20,100.00,0.00,0.00,0.00,30.47,M,6.21,M,M,M,M,M,M,M,M,M,M,M,M,M,M,M,M,48.20,FALE 140100Z 00000KT CAVOK 09/09 Q1032 NOSIG,M
FALE,2026-08-14 02:00,46.40,46.40,100.00,0.00,0.00,0.00,30.47,M,6.21,M,M,M,M,M,M,M,M,M,M,M,M,M,M,M,M,46.40,FALE 140200Z 00000KT CAVOK 08/08 Q1032 NOSIG,M
FALE,2026-08-14 03:00,48.20,46.40,93.45,220.00,2.00,0.00,30.45,M,6.21,M,M,M,M,M,M,M,M,M,M,M,M,M,M,M,M,48.20,FALE 140300Z 22002KT CAVOK 09/08 Q1031 NOSIG,M
FALE,2026-08-14 04:00,46.40,44.60,93.40,220.00,2.00,0.00,30.45,M,6.21,M,M,M,M,M,M,M,M,M,M,M,M,M,M,M,M,46.40,FALE 140400Z 22002KT CAVOK 08/07 Q1031 NOSIG,M
FALE,2026-08-14 05:00,46.40,46.40,100.00,220.00,2.00,0.00,30.47,M,6.21,M,M,M,M,M,M,M,M,M,M,M,M,M,M,M,M,46.40,FALE 140500Z 22002KT CAVOK 08/08 Q1032 NOSIG,M
FALE,2026-08-14 05:08,50.00,48.20,93.50,210.00,2.00,0.00,30.47,M,6.21,M,M,M,M,M,M,M,M,M,M,M,M,M,M,M,M,50.00,FALE 140508Z 21002KT CAVOK 10/09 Q1032 NOSIG,M
FALE,2026-08-14 05:49,55.40,51.80,87.65,M,2.00,0.00,30.47,M,6.21,M,M,M,M,M,M,M,M,M,M,M,M,M,M,M,M,55.40,FALE 140549Z VRB02KT CAVOK 13/11 Q1032 NOSIG,M
FALE,2026-08-14 06:00,55.40,51.80,87.65,M,2.00,0.00,30.47,M,6.21,M,M,M,M,M,M,M,M,M,M,M,M,M,M,M,M,55.40,FALE 140600Z VRB02KT CAVOK 13/11 Q1032 NOSIG,M
FALE,2026-08-14 06:14,59.00,50.00,72.02,260.00,2.00,0.00,30.47,M,6.21,M,M,M,M,M,M,M,M,M,M,M,M,M,M,M,M,59.00,FALE 140614Z 26002KT CAVOK 15/10 Q1032 NOSIG,M
FALE,2026-08-14 06:46,62.60,51.80,67.76,M,1.00,0.00,30.47,M,6.21,M,M,M,M,M,M,M,M,M,M,M,M,M,M,M,M,62.60,FALE 140646Z VRB01KT CAVOK 17/11 Q1032 NOSIG,M
FALE,2026-08-14 07:00,62.60,51.80,67.76,0.00,0.00,0.00,30.47,M,6.21,M,M,M,M,M,M,M,M,M,M,M,M,M,M,M,M,62.60,FALE 140700Z 00000KT CAVOK 17/11 Q1032 NOSIG,M
FALE,2026-08-14 07:21,66.20,50.00,55.91,M,2.00,0.00,30.47,M,6.21,M,M,M,M,M,M,M,M,M,M,M,M,M,M,M,M,66.20,FALE 140721Z VRB02KT CAVOK 19/10 Q1032 NOSIG,M
FALE,2026-08-14 08:00,68.00,48.20,49.12,50.00,6.00,0.00,30.45,M,6.21,M,M,M,M,M,M,M,M,M,M,M,M,M,M,M,M,68.00,FALE 140800Z 05006KT 010V080 CAVOK 20/09 Q1031 NOSIG,M
FALE,2026-08-14 09:00,69.80,48.20,46.19,40.00,9.00,0.00,30.42,M,6.21,M,M,M,M,M,M,M,M,M,M,M,M,M,M,M,M,69.80,FALE 140900Z 04009KT 010V080 CAVOK 21/09 Q1030 NOSIG,M
FALE,2026-08-14 10:00,69.80,53.60,56.42,80.00,10.00,0.00,30.39,M,6.21,M,M,M,M,M,M,M,M,M,M,M,M,M,M,M,M,69.80,FALE 141000Z 08010KT CAVOK 21/12 Q1029 NOSIG,M
FALE,2026-08-14 11:00,69.80,53.60,56.42,70.00,11.00,0.00,30.36,M,6.21,M,M,M,M,M,M,M,M,M,M,M,M,M,M,M,M,69.80,FALE 141100Z 07011KT CAVOK 21/12 Q1028 NOSIG,M
FALE,2026-08-14 12:00,69.80,53.60,56.42,70.00,10.00,0.00,30.36,M,6.21,M,M,M,M,M,M,M,M,M,M,M,M,M,M,M,M,69.80,FALE 141200Z 07010KT CAVOK 21/12 Q1028 NOSIG,M
FALE,2026-08-14 13:00,68.00,53.60,60.00,70.00,11.00,0.00,30.33,M,6.21,M,M,M,M,M,M,M,M,M,M,M,M,M,M,M,M,68.00,FALE 141300Z 07011KT CAVOK 20/12 Q1027 NOSIG,M
FALE,2026-08-14 14:00,68.00,53.60,60.00,60.00,12.00,0.00,30.33,M,6.21,M,M,M,M,M,M,M,M,M,M,M,M,M,M,M,M,68.00,FALE 141400Z 06012KT CAVOK 20/12 Q1027 NOSIG,M
FALE,2026-08-14 15:00,66.20,55.40,68.18,60.00,11.00,0.00,30.33,M,6.21,M,M,M,M,M,M,M,M,M,M,M,M,M,M,M,M,66.20,FALE 141500Z 06011KT CAVOK 19/13 Q1027 NOSIG,M
FALE,2026-08-14 16:00,62.60,55.40,77.31,50.00,6.00,0.00,30.33,M,6.21,M,M,M,M,M,M,M,M,M,M,M,M,M,M,M,M,62.60,FALE 141600Z 05006KT CAVOK 17/13 Q1027 NOSIG,M
FALE,2026-08-14 17:00,59.00,55.40,87.84,40.00,4.00,0.00,30.36,M,6.21,M,M,M,M,M,M,M,M,M,M,M,M,M,M,M,M,59.00,FALE 141700Z 04004KT CAVOK 15/13 Q1028 NOSIG,M
FALE,2026-08-14 18:00,59.00,55.40,87.84,40.00,4.00,0.00,30.36,M,6.21,M,M,M,M,M,M,M,M,M,M,M,M,M,M,M,M,59.00,FALE 141800Z 04004KT CAVOK 15/13 Q1028 NOSIG,M
FALE,2026-08-14 19:00,57.20,53.60,87.75,50.00,6.00,0.00,30.36,M,6.21,M,M,M,M,M,M,M,M,M,M,M,M,M,M,M,M,57.20,FALE 141900Z 05006KT CAVOK 14/12 Q1028 NOSIG,M
FALE,2026-08-14 20:00,55.40,53.60,93.65,50.00,4.00,0.00,30.36,M,6.21,M,M,M,M,M,M,M,M,M,M,M,M,M,M,M,M,55.40,FALE 142000Z 05004KT CAVOK 13/12 Q1028 NOSIG,M
FALE,2026-08-14 21:00,53.60,51.80,93.60,30.00,3.00,0.00,30.33,M,6.21,M,M,M,M,M,M,M,M,M,M,M,M,M,M,M,M,53.60,FALE 142100Z 03003KT CAVOK 12/11 Q1027 NOSIG,M
FALE,2026-08-14 22:00,51.80,50.00,93.55,M,1.00,0.00,30.33,M,6.21,M,M,M,M,M,M,M,M,M,M,M,M,M,M,M,M,51.80,FALE 142200Z VRB01KT CAVOK 11/10 Q1027 NOSIG,M
FALE,2026-08-14 23:00,51.80,50.00,93.55,M,1.00,0.00,30.33,M,6.21,M,M,M,M,M,M,M,M,M,M,M,M,M,M,M,M,51.80,COR FALE 142300Z VRB01KT CAVOK 11/10 Q1027 NOSIG,M
FALE,2026-08-15 00:00,46.40,46.40,100.00,M,2.00,0.00,30.30,M,6.21,M,M,M,M,M,M,M,M,M,M,M,M,M,M,M,M,46.40,FALE 150000Z VRB02KT CAVOK 08/08 Q1026 NOSIG,M
FALE,2026-08-15 00:51,50.00,50.00,100.00,M,2.00,0.00,30.30,M,6.21,M,M,M,M,M,M,M,M,M,M,M,M,M,M,M,M,50.00,FALE 150051Z VRB02KT CAVOK 10/10 Q1026 NOSIG,M
FALE,2026-08-15 01:00,50.00,50.00,100.00,M,2.00,0.00,30.30,M,6.21,M,M,M,M,M,M,M,M,M,M,M,M,M,M,M,M,50.00,FALE 150100Z VRB02KT CAVOK 10/10 Q1026 NOSIG,M
FALE,2026-08-15 02:00,48.20,48.20,100.00,220.00,1.00,0.00,30.27,M,6.21,M,M,M,M,M,M,M,M,M,M,M,M,M,M,M,M,48.20,FALE 150200Z 22001KT CAVOK 09/09 Q1025 NOSIG,M
FALE,2026-08-15 03:00,46.40,44.60,93.40,M,1.00,0.00,30.27,M,6.21,M,M,M,M,M,M,M,M,M,M,M,M,M,M,M,M,46.40,FALE 150300Z VRB01KT CAVOK 08/07 Q1025 NOSIG,M
FALE,2026-08-15 04:00,46.40,46.40,100.00,M,2.00,0.00,30.27,M,6.21,M,M,M,M,M,M,M,M,M,M,M,M,M,M,M,M,46.40,FALE 150400Z VRB02KT CAVOK 08/08 Q1025 NOSIG,M
FALE,2026-08-15 04:37,48.20,48.20,100.00,M,1.00,0.00,30.27,M,6.21,M,M,M,M,M,M,M,M,M,M,M,M,M,M,M,M,48.20,FALE 150437Z VRB01KT CAVOK 09/09 Q1025 NOSIG,M
FALE,2026-08-15 05:00,44.60,42.80,93.35,0.00,0.00,0.00,30.27,M,6.21,M,M,M,M,M,M,M,M,M,M,M,M,M,M,M,M,44.60,FALE 150500Z 00000KT CAVOK 07/06 Q1025 NOSIG,M
FALE,2026-08-15 05:19,50.00,50.00,100.00,220.00,6.00,0.00,30.30,M,6.21,M,M,M,M,M,M,M,M,M,M,M,M,M,M,M,M,50.00,FALE 150519Z 22006KT CAVOK 10/10 Q1026 NOSIG,M
FALE,2026-08-15 05:47,55.40,53.60,93.65,210.00,4.00,0.00,30.30,M,6.21,M,M,M,M,M,M,M,M,M,M,M,M,M,M,M,M,55.40,FALE 150547Z 21004KT CAVOK 13/12 Q1026 NOSIG,M
FALE,2026-08-15 06:00,57.20,53.60,87.75,0.00,0.00,0.00,30.30,M,6.21,M,M,M,M,M,M,M,M,M,M,M,M,M,M,M,M,57.20,FALE 150600Z 00000KT CAVOK 14/12 Q1026 NOSIG,M
FALE,2026-08-15 06:56,62.60,53.60,72.40,M,2.00,0.00,30.30,M,6.21,M,M,M,M,M,M,M,M,M,M,M,M,M,M,M,M,62.60,FALE 150656Z VRB02KT CAVOK 17/12 Q1026 NOSIG,M
FALE,2026-08-15 07:00,62.60,53.60,72.40,M,2.00,0.00,30.30,M,6.21,M,M,M,M,M,M,M,M,M,M,M,M,M,M,M,M,62.60,FALE 150700Z VRB02KT CAVOK 17/12 Q1026 NOSIG,M
FALE,2026-08-15 07:57,68.00,55.40,64.07,M,2.00,0.00,30.30,M,6.21,M,M,M,M,M,M,M,M,M,M,M,M,M,M,M,M,68.00,FALE 150757Z VRB02KT CAVOK 20/13 Q1026 NOSIG,M
FALE,2026-08-15 08:00,68.00,53.60,60.00,M,2.00,0.00,30.30,M,6.21,M,M,M,M,M,M,M,M,M,M,M,M,M,M,M,M,68.00,FALE 150800Z VRB02KT CAVOK 20/12 Q1026 NOSIG,M
FALE,2026-08-15 09:00,69.80,51.80,52.81,90.00,5.00,0.00,30.30,M,6.21,M,M,M,M,M,M,M,M,M,M,M,M,M,M,M,M,69.80,FALE 150900Z 09005KT 020V180 CAVOK 21/11 Q1026 NOSIG,M
FALE,2026-08-15 10:00,69.80,51.80,52.81,80.00,6.00,0.00,30.27,M,6.21,M,M,M,M,M,M,M,M,M,M,M,M,M,M,M,M,69.80,FALE 151000Z 08006KT CAVOK 21/11 Q1025 NOSIG,M
FALE,2026-08-15 11:00,71.60,53.60,53.07,70.00,9.00,0.00,30.24,M,6.21,M,M,M,M,M,M,M,M,M,M,M,M,M,M,M,M,71.60,FALE 151100Z 07009KT CAVOK 22/12 Q1024 NOSIG,M
FALE,2026-08-15 12:00,71.60,51.80,49.67,60.00,11.00,0.00,30.24,M,6.21,M,M,M,M,M,M,M,M,M,M,M,M,M,M,M,M,71.60,FALE 151200Z 06011KT CAVOK 22/11 Q1024 NOSIG,M
FALE,2026-08-15 13:00,71.60,57.20,60.48,70.00,9.00,0.00,30.21,M,6.21,M,M,M,M,M,M,M,M,M,M,M,M,M,M,M,M,71.60,FALE 151300Z 07009KT CAVOK 22/14 Q1023 NOSIG,M
FALE,2026-08-15 14:00,69.80,59.00,68.59,70.00,11.00,0.00,30.24,M,6.21,M,FEW,M,M,M,200.00,M,M,M,M,M,M,M,M,M,M,69.80,FALE 151400Z 07011KT 9999 FEW002 21/15 Q1024 NOSIG,M
FALE,2026-08-15 15:00,68.00,59.00,72.95,60.00,9.00,0.00,30.24,M,6.21,M,M,M,M,M,M,M,M,M,M,M,M,M,M,M,M,68.00,FALE 151500Z 06009KT CAVOK 20/15 Q1024 NOSIG,M
FALE,2026-08-15 16:00,64.40,59.00,82.63,50.00,4.00,0.00,30.27,M,6.21,M,M,M,M,M,M,M,M,M,M,M,M,M,M,M,M,64.40,FALE 151600Z 05004KT CAVOK 18/15 Q1025 NOSIG,M
FALE,2026-08-15 17:00,60.80,57.20,87.93,50.00,5.00,0.00,30.27,M,6.21,M,FEW,M,M,M,1200.00,M,M,M,M,M,M,M,M,M,M,60.80,FALE 151700Z 05005KT 9999 FEW012 16/14 Q1025 NOSIG,M
FALE,2026-08-15 18:00,60.80,59.00,93.79,40.00,2.00,0.00,30.27,M,6.21,M,SCT,M,M,M,1600.00,M,M,M,M,M,M,M,M,M,M,60.80,FALE 151800Z 04002KT 9999 SCT016 16/15 Q1025 NOSIG,M
FALE,2026-08-15 19:00,57.20,55.40,93.70,M,1.00,0.00,30.30,M,6.21,M,FEW,M,M,M,1700.00,M,M,M,M,M,M,M,M,M,M,57.20,FALE 151900Z VRB01KT 9999 FEW017 14/13 Q1026 NOSIG,M
FALE,2026-08-15 20:00,55.40,53.60,93.65,M,2.00,0.00,30.30,M,6.21,M,M,M,M,M,M,M,M,M,M,M,M,M,M,M,M,55.40,FALE 152000Z VRB02KT CAVOK 13/12 Q1026 NOSIG,M
FALE,2026-08-15 21:00,53.60,53.60,100.00,40.00,2.00,0.00,30.30,M,6.21,M,M,M,M,M,M,M,M,M,M,M,M,M,M,M,M,53.60,FALE 152100Z 04002KT CAVOK 12/12 Q1026 NOSIG,M
FALE,2026-08-15 22:00,51.80,51.80,100.00,0.00,0.00,0.00,30.30,M,6.21,M,M,M,M,M,M,M,M,M,M,M,M,M,M,M,M,51.80,FALE 152200Z 00000KT CAVOK 11/11 Q1026 NOSIG,M
FALE,2026-08-15 23:00,50.00,48.20,93.50,0.00,0.00,0.00,30.30,M,6.21,M,M,M,M,M,M,M,M,M,M,M,M,M,M,M,M,50.00,FALE 152300Z 00000KT CAVOK 10/09 Q1026 NOSIG,M
FALE,2026-08-16 00:00,50.00,50.00,100.00,0.00,0.00,0.00,30.27,M,6.21,M,M,M,M,M,M,M,M,M,M,M,M,M,M,M,M,50.00,FALE 160000Z 00000KT CAVOK 10/10 Q1025 NOSIG,M
FALE,2026-08-16 03:00,51.80,50.00,93.55,0.00,0.00,0.00,30.24,M,6.21,M,M,M,M,M,M,M,M,M,M,M,M,M,M,M,M,51.80,FALE 160300Z 00000KT CAVOK 11/10 Q1024 NOSIG,M
FALE,2026-08-16 03:47,48.20,46.40,93.45,0.00,0.00,0.00,30.24,M,6.21,M,M,M,M,M,M,M,M,M,M,M,M,M,M,M,M,48.20,FALE 160347Z 00000KT CAVOK 09/08 Q1024 NOSIG,M
FALE,2026-08-16 03:54,50.00,48.20,93.50,0.00,0.00,0.00,30.24,M,6.21,M,M,M,M,M,M,M,M,M,M,M,M,M,M,M,M,50.00,FALE 160354Z 00000KT CAVOK 10/09 Q1024 NOSIG,M
FALE,2026-08-16 04:00,50.00,48.20,93.50,0.00,0.00,0.00,30.24,M,6.21,M,M,M,M,M,M,M,M,M,M,M,M,M,M,M,M,50.00,FALE 160400Z 00000KT CAVOK 10/09 Q1024 NOSIG,M
FALE,2026-08-16 05:00,48.20,48.20,100.00,0.00,0.00,0.00,30.27,M,4.97,M,NSC,M,M,M,M,M,M,M,M,M,M,M,M,M,M,48.20,FALE 160500Z 00000KT 8000 NSC 09/09 Q1025 NOSIG,M
FALE,2026-08-16 05:26,55.40,55.40,100.00,M,2.00,0.00,30.27,M,6.21,M,M,M,M,M,M,M,M,M,M,M,M,M,M,M,M,55.40,FALE 160526Z VRB02KT CAVOK 13/13 Q1025 NOSIG,M
FALE,2026-08-16 05:44,59.00,57.20,93.74,M,1.00,0.00,30.27,M,6.21,M,M,M,M,M,M,M,M,M,M,M,M,M,M,M,M,59.00,FALE 160544Z VRB01KT CAVOK 15/14 Q1025 NOSIG,M
FALE,2026-08-16 06:00,57.20,57.20,100.00,M,2.00,0.00,30.27,M,6.21,M,M,M,M,M,M,M,M,M,M,M,M,M,M,M,M,57.20,FALE 160600Z VRB02KT CAVOK 14/14 Q1025 NOSIG,M
FALE,2026-08-16 06:08,60.80,57.20,87.93,M,2.00,0.00,30.27,M,6.21,M,M,M,M,M,M,M,M,M,M,M,M,M,M,M,M,60.80,FALE 160608Z VRB02KT CAVOK 16/14 Q1025 NOSIG,M
FALE,2026-08-16 06:51,66.20,57.20,72.76,0.00,0.00,0.00,30.27,M,6.21,M,M,M,M,M,M,M,M,M,M,M,M,M,M,M,M,66.20,FALE 160651Z 00000KT CAVOK 19/14 Q1025 NOSIG,M
FALE,2026-08-16 07:00,66.20,57.20,72.76,0.00,0.00,0.00,30.27,M,6.21,M,M,M,M,M,M,M,M,M,M,M,M,M,M,M,M,66.20,FALE 160700Z 00000KT CAVOK 19/14 Q1025 NOSIG,M
FALE,2026-08-16 08:00,69.80,57.20,64.30,110.00,5.00,0.00,30.27,M,6.21,M,M,M,M,M,M,M,M,M,M,M,M,M,M,M,M,69.80,FALE 160800Z 11005KT 050V140 CAVOK 21/14 Q1025 NOSIG,M
FALE,2026-08-16 09:00,71.60,57.20,60.48,90.00,6.00,0.00,30.27,M,6.21,M,M,M,M,M,M,M,M,M,M,M,M,M,M,M,M,71.60,FALE 160900Z 09006KT 050V120 CAVOK 22/14 Q1025 NOSIG,M
FALE,2026-08-16 10:00,69.80,57.20,64.30,80.00,9.00,0.00,30.24,M,6.21,M,M,M,M,M,M,M,M,M,M,M,M,M,M,M,M,69.80,FALE 161000Z 08009KT 050V120 CAVOK 21/14 Q1024 NOSIG,M
FALE,2026-08-16 11:00,71.60,57.20,60.48,70.00,13.00,0.00,30.21,M,6.21,M,M,M,M,M,M,M,M,M,M,M,M,M,M,M,M,71.60,FALE 161100Z 07013KT CAVOK 22/14 Q1023 NOSIG,M
FALE,2026-08-16 12:00,69.80,57.20,64.30,70.00,14.00,0.00,30.21,M,6.21,M,M,M,M,M,M,M,M,M,M,M,M,M,M,M,M,69.80,FALE 161200Z 07014KT CAVOK 21/14 Q1023 NOSIG,M
FALE,2026-08-16 13:00,69.80,59.00,68.59,70.00,12.00,0.00,30.21,M,6.21,M,M,M,M,M,M,M,M,M,M,M,M,M,M,M,M,69.80,FALE 161300Z 07012KT CAVOK 21/15 Q1023 NOSIG,M
FALE,2026-08-16 14:00,69.80,60.80,73.13,60.00,13.00,0.00,30.21,M,6.21,M,M,M,M,M,M,M,M,M,M,M,M,M,M,M,M,69.80,FALE 161400Z 06013KT CAVOK 21/16 Q1023 NOSIG,M
FALE,2026-08-16 15:00,68.00,59.00,72.95,50.00,9.00,0.00,30.21,M,6.21,M,M,M,M,M,M,M,M,M,M,M,M,M,M,M,M,68.00,FALE 161500Z 05009KT CAVOK 20/15 Q1023 NOSIG,M
FALE,2026-08-16 16:00,66.20,59.00,77.62,50.00,7.00,0.00,30.21,M,6.21,M,M,M,M,M,M,M,M,M,M,M,M,M,M,M,M,66.20,FALE 161600Z 05007KT CAVOK 19/15 Q1023 NOSIG,M
FALE,2026-08-16 17:00,60.80,59.00,93.79,40.00,6.00,0.00,30.21,M,6.21,M,M,M,M,M,M,M,M,M,M,M,M,M,M,M,M,60.80,FALE 161700Z 04006KT CAVOK 16/15 Q1023 NOSIG,M
FALE,2026-08-16 17:02,64.40,59.00,82.63,40.00,7.00,0.00,30.21,M,6.21,18.00,M,M,M,M,M,M,M,M,M,M,M,M,M,M,M,64.40,FALE 161702Z 04007G18KT CAVOK 18/15 Q1023 NOSIG,M
FALE,2026-08-16 18:00,60.80,59.00,93.79,50.00,6.00,0.00,30.21,M,6.21,M,M,M,M,M,M,M,M,M,M,M,M,M,M,M,M,60.80,FALE 161800Z 05006KT CAVOK 16/15 Q1023 NOSIG,M
FALE,2026-08-16 19:00,59.00,57.20,93.74,40.00,5.00,0.00,30.21,M,6.21,M,M,M,M,M,M,M,M,M,M,M,M,M,M,M,M,59.00,FALE 161900Z 04005KT CAVOK 15/14 Q1023 NOSIG,M
FALE,2026-08-16 20:00,59.00,55.40,87.84,50.00,5.00,0.00,30.21,M,6.21,M,M,M,M,M,M,M,M,M,M,M,M,M,M,M,M,59.00,FALE 162000Z 05005KT CAVOK 15/13 Q1023 NOSIG,M
FALE,2026-08-16 21:00,57.20,55.40,93.70,50.00,5.00,0.00,30.21,M,6.21,M,M,M,M,M,M,M,M,M,M,M,M,M,M,M,M,57.20,FALE 162100Z 05005KT CAVOK 14/13 Q1023 NOSIG,M
FALE,2026-08-16 22:00,55.40,55.40,100.00,30.00,3.00,0.00,30.21,M,6.21,M,M,M,M,M,M,M,M,M,M,M,M,M,M,M,M,55.40,FALE 162200Z 03003KT CAVOK 13/13 Q1023 NOSIG,M
FALE,2026-08-16 23:00,53.60,51.80,93.60,M,1.00,0.00,30.21,M,6.21,M,M,M,M,M,M,M,M,M,M,M,M,M,M,M,M,53.60,FALE 162300Z VRB01KT CAVOK 12/11 Q1023 NOSIG,M
FALE,2026-08-17 00:00,53.60,51.80,93.60,0.00,0.00,0.00,30.18,M,6.21,M,M,M,M,M,M,M,M,M,M,M,M,M,M,M,M,53.60,FALE 170000Z 00000KT CAVOK 12/11 Q1022 NOSIG,M
FALE,2026-08-17 01:00,50.00,50.00,100.00,0.00,0.00,0.00,30.18,M,6.21,M,M,M,M,M,M,M,M,M,M,M,M,M,M,M,M,50.00,FALE 170100Z 00000KT CAVOK 10/10 Q1022 NOSIG,M
FALE,2026-08-17 02:00,50.00,50.00,100.00,0.00,0.00,0.00,30.18,M,6.21,M,M,M,M,M,M,M,M,M,M,M,M,M,M,M,M,50.00,FALE 170200Z 00000KT CAVOK 10/10 Q1022 NOSIG,M
FALE,2026-08-17 03:00,50.00,48.20,93.50,0.00,0.00,0.00,30.15,M,6.21,M,M,M,M,M,M,M,M,M,M,M,M,M,M,M,M,50.00,FALE 170300Z 00000KT CAVOK 10/09 Q1021 NOSIG,M
FALE,2026-08-17 04:00,46.40,46.40,100.00,210.00,2.00,0.00,30.15,M,6.21,M,M,M,M,M,M,M,M,M,M,M,M,M,M,M,M,46.40,FALE 170400Z 21002KT CAVOK 08/08 Q1021 NOSIG,M
FALE,2026-08-17 04:12,50.00,50.00,100.00,M,1.00,0.00,30.18,M,6.21,M,M,M,M,M,M,M,M,M,M,M,M,M,M,M,M,50.00,FALE 170412Z VRB01KT CAVOK 10/10 Q1022 NOSIG,M
FALE,2026-08-17 05:00,48.20,48.20,100.00,0.00,0.00,0.00,30.18,M,6.21,M,M,M,M,M,M,M,M,M,M,M,M,M,M,M,M,48.20,FALE 170500Z 00000KT CAVOK 09/09 Q1022 NOSIG,M
FALE,2026-08-17 05:08,51.80,51.80,100.00,M,1.00,0.00,30.18,M,6.21,M,M,M,M,M,M,M,M,M,M,M,M,M,M,M,M,51.80,FALE 170508Z VRB01KT CAVOK 11/11 Q1022 NOSIG,M
FALE,2026-08-17 05:31,55.40,55.40,100.00,0.00,0.00,0.00,30.18,M,6.21,M,M,M,M,M,M,M,M,M,M,M,M,M,M,M,M,55.40,FALE 170531Z 00000KT CAVOK 13/13 Q1022 NOSIG,M
FALE,2026-08-17 06:00,57.20,55.40,93.70,220.00,2.00,0.00,30.18,M,6.21,M,M,M,M,M,M,M,M,M,M,M,M,M,M,M,M,57.20,FALE 170600Z 22002KT CAVOK 14/13 Q1022 NOSIG,M
FALE,2026-08-17 06:17,60.80,55.40,82.38,M,2.00,0.00,30.18,M,6.21,M,M,M,M,M,M,M,M,M,M,M,M,M,M,M,M,60.80,FALE 170617Z VRB02KT CAVOK 16/13 Q1022 NOSIG,M
FALE,2026-08-17 06:46,64.40,57.20,77.46,M,2.00,0.00,30.18,M,6.21,M,M,M,M,M,M,M,M,M,M,M,M,M,M,M,M,64.40,FALE 170646Z VRB02KT CAVOK 18/14 Q1022 NOSIG,M
FALE,2026-08-17 07:00,64.40,55.40,72.58,M,2.00,0.00,30.18,M,6.21,M,M,M,M,M,M,M,M,M,M,M,M,M,M,M,M,64.40,FALE 170700Z VRB02KT CAVOK 18/13 Q1022 NOSIG,M
FALE,2026-08-17 07:28,68.00,57.20,68.38,M,2.00,0.00,30.18,M,6.21,M,M,M,M,M,M,M,M,M,M,M,M,M,M,M,M,68.00,FALE 170728Z VRB02KT CAVOK 20/14 Q1022 NOSIG,M
FALE,2026-08-17 08:00,69.80,57.20,64.30,20.00,3.00,0.00,30.18,M,6.21,M,M,M,M,M,M,M,M,M,M,M,M,M,M,M,M,69.80,FALE 170800Z 02003KT 310V090 CAVOK 21/14 Q1022 NOSIG,M
FALE,2026-08-17 09:00,71.60,59.00,64.52,90.00,5.00,0.00,30.15,M,6.21,M,M,M,M,M,M,M,M,M,M,M,M,M,M,M,M,71.60,FALE 170900Z 09005KT 040V130 CAVOK 22/15 Q1021 NOSIG,M
FALE,2026-08-17 10:00,73.40,59.00,60.72,90.00,6.00,0.00,30.15,M,6.21,M,M,M,M,M,M,M,M,M,M,M,M,M,M,M,M,73.40,FALE 171000Z 09006KT 050V130 CAVOK 23/15 Q1021 NOSIG,M
FALE,2026-08-17 11:00,71.60,59.00,64.52,70.00,9.00,0.00,30.12,M,6.21,M,M,M,M,M,M,M,M,M,M,M,M,M,M,M,M,71.60,FALE 171100Z 07009KT 050V110 CAVOK 22/15 Q1020 NOSIG,M
FALE,2026-08-17 12:00,73.40,60.80,64.74,70.00,8.00,0.00,30.09,M,6.21,M,M,M,M,M,M,M,M,M,M,M,M,M,M,M,M,73.40,FALE 171200Z 07008KT CAVOK 23/16 Q1019 NOSIG,M
FALE,2026-08-17 13:00,73.40,62.60,68.99,70.00,10.00,0.00,30.09,M,6.21,M,M,M,M,M,M,M,M,M,M,M,M,M,M,M,M,73.40,FALE 171300Z 07010KT 050V110 CAVOK 23/17 Q1019 NOSIG,M
FALE,2026-08-17 14:00,73.40,60.80,64.74,60.00,11.00,0.00,30.09,M,6.21,M,M,M,M,M,M,M,M,M,M,M,M,M,M,M,M,73.40,FALE 171400Z 06011KT CAVOK 23/16 Q1019 NOSIG,M
FALE,2026-08-17 15:00,71.60,62.60,73.30,60.00,7.00,0.00,30.09,M,6.21,M,M,M,M,M,M,M,M,M,M,M,M,M,M,M,M,71.60,FALE 171500Z 06007KT CAVOK 22/17 Q1019 NOSIG,M
FALE,2026-08-17 16:00,68.00,62.60,82.88,60.00,7.00,0.00,30.09,M,6.21,M,M,M,M,M,M,M,M,M,M,M,M,M,M,M,M,68.00,FALE 171600Z 06007KT CAVOK 20/17 Q1019 NOSIG,M
FALE,2026-08-17 17:00,66.20,62.60,88.19,70.00,4.00,0.00,30.12,M,6.21,M,M,M,M,M,M,M,M,M,M,M,M,M,M,M,M,66.20,FALE 171700Z 07004KT CAVOK 19/17 Q1020 NOSIG,M
FALE,2026-08-17 18:00,62.60,60.80,93.84,M,1.00,0.00,30.12,M,6.21,M,M,M,M,M,M,M,M,M,M,M,M,M,M,M,M,62.60,FALE 171800Z VRB01KT CAVOK 17/16 Q1020 NOSIG,M
FALE,2026-08-17 19:00,59.00,59.00,100.00,M,1.00,0.00,30.12,M,6.21,M,M,M,M,M,M,M,M,M,M,M,M,M,M,M,M,59.00,FALE 171900Z VRB01KT CAVOK 15/15 Q1020 NOSIG,M
FALE,2026-08-17 19:52,55.40,53.60,93.65,0.00,0.00,0.00,30.12,M,3.04,M,FEW,M,M,M,700.00,M,M,M,BR,M,M,M,M,M,M,55.40,FALE 171952Z 00000KT 4900 BR FEW007 13/12 Q1020 NOSIG,M
FALE,2026-08-17 19:59,55.40,53.60,93.65,0.00,0.00,0.00,30.12,M,1.12,M,SCT,M,M,M,700.00,M,M,M,BCFG,M,M,M,M,M,M,55.40,FALE 171959Z 00000KT 1800 BCFG SCT007 13/12 Q1020 NOSIG,M
FALE,2026-08-17 20:00,57.20,57.20,100.00,0.00,0.00,0.00,30.12,M,2.36,M,FEW,M,M,M,700.00,M,M,M,BR,M,M,M,M,M,M,57.20,FALE 172000Z 00000KT 3800 BR FEW007 14/14 Q1020 NOSIG,M
FALE,2026-08-17 20:06,57.20,57.20,100.00,0.00,0.00,0.00,30.12,M,2.36,M,FEW,M,M,M,700.00,M,M,M,BR,M,M,M,M,M,M,57.20,FALE 172006Z 00000KT 3800 BR FEW007 14/14 Q1020 NOSIG,M
FALE,2026-08-17 20:11,57.20,55.40,93.70,0.00,0.00,0.00,30.12,M,3.11,M,SCT,M,M,M,700.00,M,M,M,BR,M,M,M,M,M,M,57.20,FALE 172011Z 00000KT 5000 BR SCT007 14/13 Q1020 NOSIG,M
FALE,2026-08-17 20:23,55.40,53.60,93.65,0.00,0.00,0.00,30.12,M,3.11,M,SCT,M,M,M,600.00,M,M,M,BR,M,M,M,M,M,M,55.40,FALE 172023Z 00000KT 5000 BR SCT006 13/12 Q1020 NOSIG,M
FALE,2026-08-17 20:42,57.20,57.20,100.00,M,2.00,0.00,30.12,M,6.21,M,SCT,M,M,M,600.00,M,M,M,M,M,M,M,M,M,M,57.20,FALE 172042Z VRB02KT 9999 SCT006 14/14 Q1020 NOSIG,M
FALE,2026-08-17 21:00,53.60,53.60,100.00,M,2.00,0.00,30.12,M,6.21,M,SCT,M,M,M,600.00,M,M,M,M,M,M,M,M,M,M,53.60,FALE 172100Z VRB02KT 9999 SCT006 12/12 Q1020 NOSIG,M
FALE,2026-08-17 21:01,53.60,51.80,93.60,M,1.00,0.00,30.12,M,1.18,M,SCT,M,M,M,700.00,M,M,M,BR,M,M,M,M,M,M,53.60,FALE 172101Z VRB01KT 1900 BR SCT007 12/11 Q1020 NOSIG,M
FALE,2026-08-17 21:11,57.20,57.20,100.00,0.00,0.00,0.00,30.12,M,3.73,M,FEW,M,M,M,800.00,M,M,M,M,M,M,M,M,M,M,57.20,FALE 172111Z 00000KT 6000 FEW008 14/14 Q1020 NOSIG,M
FALE,2026-08-17 21:29,55.40,53.60,93.65,M,1.00,0.00,30.12,M,1.99,M,SCT,M,M,M,700.00,M,M,M,BR,M,M,M,M,M,M,55.40,FALE 172129Z VRB01KT 3200 BR SCT007 13/12 Q1020 NOSIG,M
FALE,2026-08-17 21:31,55.40,55.40,100.00,M,1.00,0.00,30.12,M,1.30,M,SCT,M,M,M,700.00,M,M,M,BR,M,M,M,M,M,M,55.40,FALE 172131Z VRB01KT 2100 BR SCT007 13/13 Q1020 NOSIG,M
FALE,2026-08-17 21:45,51.80,51.80,100.00,0.00,0.00,0.00,30.09,M,0.62,M,SCT,M,M,M,700.00,M,M,M,BCFG,M,M,M,M,M,M,51.80,FALE 172145Z 00000KT 1000 R24/2000D BCFG SCT007 11/11 Q1019 NOSIG,M
FALE,2026-08-17 21:51,53.60,53.60,100.00,0.00,0.00,0.00,30.09,M,5.59,M,SCT,M,M,M,700.00,M,M,M,M,M,M,M,M,M,M,53.60,FALE 172151Z 00000KT 9000 SCT007 12/12 Q1019 NOSIG,M
FALE,2026-08-17 22:00,53.60,53.60,100.00,0.00,0.00,0.00,30.09,M,5.59,M,SCT,M,M,M,700.00,M,M,M,M,M,M,M,M,M,M,53.60,FALE 172200Z 00000KT 9000 SCT007 12/12 Q1019 NOSIG,M
FALE,2026-08-17 22:18,51.80,50.00,93.55,0.00,0.00,0.00,30.09,M,0.68,M,SCT,M,M,M,500.00,M,M,M,BCFG,M,M,M,M,M,M,51.80,FALE 172218Z 00000KT 1100 R24/P2000N BCFG SCT005 11/10 Q1019 NOSIG,M
FALE,2026-08-17 22:32,53.60,53.60,100.00,0.00,0.00,0.00,30.09,M,0.37,M,SCT,M,M,M,500.00,M,M,M,FG,M,M,M,M,M,M,53.60,FALE 172232Z 00000KT 0600 0550 R24/P2000N FG SCT005 12/12 Q1019 NOSIG,M
FALE,2026-08-17 23:00,53.60,51.80,93.60,0.00,0.00,0.00,30.09,M,6.21,M,SCT,M,M,M,600.00,M,M,M,M,M,M,M,M,M,M,53.60,FALE 172300Z 00000KT 9999 SCT006 12/11 Q1019 NOSIG,M
FALE,2026-08-17 23:10,53.60,53.60,100.00,0.00,0.00,0.00,30.09,M,4.35,M,FEW,M,M,M,600.00,M,M,M,M,M,M,M,M,M,M,53.60,FALE 172310Z 00000KT 7000 FEW006 12/12 Q1019 NOSIG,M
FALE,2026-08-17 23:21,51.80,51.80,100.00,0.00,0.00,0.00,30.09,M,4.35,M,NSC,M,M,M,M,M,M,M,M,M,M,M,M,M,M,51.80,FALE 172321Z 00000KT 7000 NSC 11/11 Q1019 NOSIG,M
FALE,2026-08-17 23:52,51.80,51.80,100.00,0.00,0.00,0.00,30.09,M,2.24,M,NSC,M,M,M,M,M,M,M,BR,M,M,M,M,M,M,51.80,FALE 172352Z 00000KT 3600 BR NSC 11/11 Q1019 NOSIG,M
FALE,2026-08-18 00:00,50.00,50.00,100.00,0.00,0.00,0.00,30.09,M,2.05,M,NSC,M,M,M,M,M,M,M,BR,M,M,M,M,M,M,50.00,FALE 180000Z 00000KT 3300 BR NSC 10/10 Q1019 NOSIG,M
FALE,2026-08-18 00:08,53.60,53.60,100.00,0.00,0.00,0.00,30.09,M,5.59,M,NSC,M,M,M,M,M,M,M,M,M,M,M,M,M,M,53.60,FALE 180008Z 00000KT 9000 NSC 12/12 Q1019 NOSIG,M
FALE,2026-08-18 00:31,53.60,51.80,93.60,M,1.00,0.00,30.09,M,5.59,M,NSC,M,M,M,M,M,M,M,M,M,M,M,M,M,M,53.60,FALE 180031Z VRB01KT 9000 R24/P2000N NSC 12/11 Q1019 NOSIG,M
FALE,2026-08-18 00:51,51.80,51.80,100.00,0.00,0.00,0.00,30.09,M,2.55,M,NSC,M,M,M,M,M,M,M,BR,M,M,M,M,M,M,51.80,FALE 180051Z 00000KT 4100 BR NSC 11/11 Q1019 NOSIG,M
FALE,2026-08-18 01:00,51.80,51.80,100.00,0.00,0.00,0.00,30.09,M,2.30,M,NSC,M,M,M,M,M,M,M,BR,M,M,M,M,M,M,51.80,FALE 180100Z 00000KT 3700 BR NSC 11/11 Q1019 NOSIG,M
FALE,2026-08-18 01:09,55.40,53.60,93.65,0.00,0.00,0.00,30.06,M,4.35,M,NSC,M,M,M,M,M,M,M,M,M,M,M,M,M,M,55.40,FALE 180109Z 00000KT 7000 1700 NSC 13/12 Q1018 NOSIG,M
FALE,2026-08-18 01:32,53.60,51.80,93.60,0.00,0.00,0.00,30.09,M,6.21,M,M,M,M,M,M,M,M,M,M,M,M,M,M,M,M,53.60,FALE 180132Z 00000KT CAVOK 12/11 Q1019 NOSIG,M
FALE,2026-08-18 02:00,51.80,51.80,100.00,0.00,0.00,0.00,30.09,M,6.21,M,M,M,M,M,M,M,M,M,M,M,M,M,M,M,M,51.80,FALE 180200Z 00000KT CAVOK 11/11 Q1019 NOSIG,M
FALE,2026-08-18 02:21,53.60,51.80,93.60,M,1.00,0.00,30.09,M,1.68,M,NSC,M,M,M,M,M,M,M,BR,M,M,M,M,M,M,53.60,FALE 180221Z VRB01KT 2700 BR NSC 12/11 Q1019 NOSIG,M
FALE,2026-08-18 02:49,57.20,55.40,93.70,200.00,8.00,0.00,30.12,M,6.21,M,M,M,M,M,M,M,M,M,M,M,M,M,M,M,M,57.20,FALE 180249Z 20008KT CAVOK 14/13 Q1020 NOSIG,M
FALE,2026-08-18 03:00,57.20,55.40,93.70,200.00,8.00,0.00,30.12,M,6.21,M,M,M,M,M,M,M,M,M,M,M,M,M,M,M,M,57.20,FALE 180300Z 20008KT CAVOK 14/13 Q1020 NOSIG,M
FALE,2026-08-18 03:09,60.80,55.40,82.38,210.00,10.00,0.00,30.12,M,6.21,M,M,M,M,M,M,M,M,M,M,M,M,M,M,M,M,60.80,FALE 180309Z 21010KT CAVOK 16/13 Q1020 NOSIG,M
FALE,2026-08-18 04:00,62.60,60.80,93.84,220.00,10.00,0.00,30.15,M,6.21,M,FEW,M,M,M,800.00,M,M,M,M,M,M,M,M,M,M,62.60,FALE 180400Z 22010KT 9999 FEW008 17/16 Q1021 NOSIG,M
FALE,2026-08-18 04:20,64.40,62.60,93.89,220.00,10.00,0.00,30.18,M,6.21,M,BKN,M,M,M,1200.00,M,M,M,M,M,M,M,M,M,M,64.40,FALE 180420Z 22010KT 9999 BKN012 18/17 Q1022 NOSIG,M
FALE,2026-08-18 05:00,66.20,62.60,88.19,220.00,11.00,0.00,30.18,M,6.21,M,BKN,M,M,M,1200.00,M,M,M,M,M,M,M,M,M,M,66.20,FALE 180500Z 22011KT 9999 BKN012 19/17 Q1022 NOSIG,M
FALE,2026-08-18 05:21,66.20,64.40,93.93,220.00,10.00,0.00,30.21,M,6.21,M,FEW,BKN,M,M,1600.00,2000.00,M,M,M,M,M,M,M,M,M,66.20,FALE 180521Z 22010KT 9999 FEW016 BKN020 19/18 Q1023 NOSIG,M
FALE,2026-08-18 06:00,68.00,64.40,88.28,220.00,10.00,0.00,30.24,M,6.21,M,FEW,BKN,M,M,1500.00,2300.00,M,M,M,M,M,M,M,M,M,68.00,FALE 180600Z 22010KT 9999 FEW015 BKN023 20/18 Q1024 NOSIG,M
FALE,2026-08-18 07:00,69.80,62.60,77.93,220.00,9.00,0.00,30.24,M,6.21,M,FEW,BKN,M,M,1900.00,2200.00,M,M,M,M,M,M,M,M,M,69.80,FALE 180700Z 22009KT 180V240 9999 FEW019 BKN022 21/17 Q1024 NOSIG,M
FALE,2026-08-18 08:00,71.60,62.60,73.30,210.00,8.00,0.00,30.24,M,6.21,M,BKN,M,M,M,2000.00,M,M,M,M,M,M,M,M,M,M,71.60,FALE 180800Z 21008KT 9999 BKN020 22/17 Q1024 NOSIG,M
FALE,2026-08-18 09:00,73.40,60.80,64.74,180.00,12.00,0.00,30.24,M,6.21,M,BKN,M,M,M,2800.00,M,M,M,M,M,M,M,M,M,M,73.40,FALE 180900Z 18012KT 150V210 9999 BKN028 23/16 Q1024 NOSIG,M
FALE,2026-08-18 10:00,71.60,62.60,73.30,190.00,14.00,0.00,30.24,M,6.21,M,SCT,M,M,M,2900.00,M,M,M,M,M,M,M,M,M,M,71.60,FALE 181000Z 19014KT 160V220 9999 SCT029 22/17 Q1024 NOSIG,M
FALE,2026-08-18 11:00,71.60,62.60,73.30,190.00,13.00,0.00,30.21,M,6.21,M,SCT,M,M,M,3000.00,M,M,M,M,M,M,M,M,M,M,71.60,FALE 181100Z 19013KT 9999 SCT030 22/17 Q1023 NOSIG,M
FALE,2026-08-18 12:00,71.60,62.60,73.30,190.00,13.00,0.00,30.21,M,6.21,M,SCT,M,M,M,3000.00,M,M,M,M,M,M,M,M,M,M,71.60,FALE 181200Z 19013KT 160V230 9999 SCT030 22/17 Q1023 NOSIG,M
FALE,2026-08-18 13:00,71.60,62.60,73.30,190.00,12.00,0.00,30.21,M,6.21,M,FEW,BKN,M,M,1400.00,3400.00,M,M,M,M,M,M,M,M,M,71.60,FALE 181300Z 19012KT 9999 FEW014 BKN034 22/17 Q1023 NOSIG,M
FALE,2026-08-18 14:00,69.80,62.60,77.93,200.00,10.00,0.00,30.24,M,6.21,M,FEW,BKN,M,M,1400.00,3600.00,M,M,M,M,M,M,M,M,M,69.80,FALE 181400Z 20010KT 160V230 9999 FEW014 BKN036 21/17 Q1024 NOSIG,M
FALE,2026-08-18 15:00,68.00,62.60,82.88,200.00,10.00,0.00,30.24,M,6.21,M,FEW,BKN,M,M,1900.00,3900.00,M,M,M,M,M,M,M,M,M,68.00,FALE 181500Z 20010KT 9999 FEW019 BKN039 20/17 Q1024 NOSIG,M
FALE,2026-08-18 16:00,68.00,60.80,77.77,210.00,8.00,0.00,30.27,M,6.21,M,BKN,M,M,M,2500.00,M,M,M,M,M,M,M,M,M,M,68.00,FALE 181600Z 21008KT 9999 BKN025 20/16 Q1025 NOSIG,M
FALE,2026-08-18 17:00,68.00,60.80,77.77,210.00,8.00,0.00,30.30,M,6.21,M,FEW,BKN,M,M,2000.00,3200.00,M,M,M,M,M,M,M,M,M,68.00,FALE 181700Z 21008KT 9999 FEW020 BKN032 20/16 Q1026 NOSIG,M
FALE,2026-08-18 18:00,66.20,60.80,82.76,220.00,8.00,0.00,30.33,M,6.21,M,FEW,BKN,M,M,2600.00,3800.00,M,M,M,M,M,M,M,M,M,66.20,FALE 181800Z 22008KT 9999 FEW026 BKN038 19/16 Q1027 NOSIG,M
FALE,2026-08-18 19:00,66.20,60.80,82.76,230.00,8.00,0.00,30.33,M,6.21,M,FEW,BKN,M,M,2800.00,3500.00,M,M,M,M,M,M,M,M,M,66.20,FALE 181900Z 23008KT 9999 FEW028 BKN035 19/16 Q1027 NOSIG,M
FALE,2026-08-18 20:00,66.20,59.00,77.62,220.00,7.00,0.00,30.33,M,6.21,M,BKN,M,M,M,4900.00,M,M,M,M,M,M,M,M,M,M,66.20,FALE 182000Z 22007KT 9999 BKN049 19/15 Q1027 NOSIG,M
FALE,2026-08-18 21:00,62.60,59.00,88.01,230.00,5.00,0.00,30.33,M,6.21,M,SCT,M,M,M,4800.00,M,M,M,M,M,M,M,M,M,M,62.60,FALE 182100Z 23005KT 9999 SCT048 17/15 Q1027 NOSIG,M
FALE,2026-08-18 22:00,64.40,59.00,82.63,230.00,4.00,0.00,30.33,M,6.21,M,M,M,M,M,M,M,M,M,M,M,M,M,M,M,M,64.40,FALE 182200Z 23004KT CAVOK 18/15 Q1027 NOSIG,M
FALE,2026-08-18 23:00,62.60,57.20,82.51,230.00,3.00,0.00,30.30,M,6.21,M,M,M,M,M,M,M,M,M,M,M,M,M,M,M,M,62.60,FALE 182300Z 23003KT CAVOK 17/14 Q1026 NOSIG,M
FALE,2026-08-19 00:00,59.00,57.20,93.74,0.00,0.00,0.00,30.30,M,6.21,M,M,M,M,M,M,M,M,M,M,M,M,M,M,M,M,59.00,FALE 190000Z 00000KT CAVOK 15/14 Q1026 NOSIG,M
FALE,2026-08-19 01:00,59.00,57.20,93.74,M,2.00,0.00,30.27,M,6.21,M,BKN,M,M,M,2000.00,M,M,M,M,M,M,M,M,M,M,59.00,FALE 190100Z VRB02KT 9999 BKN020 15/14 Q1025 NOSIG,M
FALE,2026-08-19 02:00,59.00,55.40,87.84,0.00,0.00,0.00,30.27,M,6.21,M,FEW,SCT,M,M,1900.00,2600.00,M,M,M,M,M,M,M,M,M,59.00,FALE 190200Z 00000KT 9999 FEW019 SCT026 15/13 Q1025 NOSIG,M
FALE,2026-08-19 03:00,55.40,53.60,93.65,0.00,0.00,0.00,30.27,M,6.21,M,M,M,M,M,M,M,M,M,M,M,M,M,M,M,M,55.40,FALE 190300Z 00000KT CAVOK 13/12 Q1025 NOSIG,M
FALE,2026-08-19 04:00,53.60,53.60,100.00,0.00,0.00,0.00,30.27,M,6.21,M,M,M,M,M,M,M,M,M,M,M,M,M,M,M,M,53.60,FALE 190400Z 00000KT CAVOK 12/12 Q1025 NOSIG,M
FALE,2026-08-19 04:53,57.20,55.40,93.70,0.00,0.00,0.00,30.27,M,6.21,M,FEW,M,M,M,3500.00,M,M,M,M,M,M,M,M,M,M,57.20,FALE 190453Z 00000KT 9999 FEW035 14/13 Q1025 NOSIG,M
FALE,2026-08-19 05:00,57.20,55.40,93.70,0.00,0.00,0.00,30.27,M,6.21,M,FEW,M,M,M,3500.00,M,M,M,M,M,M,M,M,M,M,57.20,FALE 190500Z 00000KT 9999 FEW035 14/13 Q1025 NOSIG,M
FALE,2026-08-19 05:54,62.60,59.00,88.01,M,2.00,0.00,30.27,M,6.21,M,FEW,M,M,M,3500.00,M,M,M,M,M,M,M,M,M,M,62.60,FALE 190554Z VRB02KT 9999 FEW035 17/15 Q1025 NOSIG,M
FALE,2026-08-19 06:00,62.60,59.00,88.01,M,2.00,0.00,30.27,M,6.21,M,FEW,M,M,M,3500.00,M,M,M,M,M,M,M,M,M,M,62.60,FALE 190600Z VRB02KT 9999 FEW035 17/15 Q1025 NOSIG,M
FALE,2026-08-19 06:10,66.20,59.00,77.62,M,1.00,0.00,30.27,M,6.21,M,FEW,M,M,M,3500.00,M,M,M,M,M,M,M,M,M,M,66.20,FALE 190610Z VRB01KT 9999 FEW035 19/15 Q1025 NOSIG,M
FALE,2026-08-19 07:01,69.80,60.80,73.13,40.00,7.00,0.00,30.24,M,6.21,M,FEW,M,M,M,3500.00,M,M,M,M,M,M,M,M,M,M,69.80,FALE 190701Z 04007KT 9999 FEW035 21/16 Q1024 NOSIG,M
FALE,2026-08-19 08:00,73.40,59.00,60.72,60.00,7.00,0.00,30.24,M,6.21,M,M,M,M,M,M,M,M,M,M,M,M,M,M,M,M,73.40,FALE 190800Z 06007KT 030V110 CAVOK 23/15 Q1024 NOSIG,M
FALE,2026-08-19 09:00,75.20,59.00,57.17,70.00,9.00,0.00,30.21,M,6.21,M,M,M,M,M,M,M,M,M,M,M,M,M,M,M,M,75.20,FALE 190900Z 07009KT 040V110 CAVOK 24/15 Q1023 NOSIG,M
FALE,2026-08-19 10:00,73.40,60.80,64.74,70.00,10.00,0.00,30.18,M,6.21,M,M,M,M,M,M,M,M,M,M,M,M,M,M,M,M,73.40,FALE 191000Z 07010KT 050V110 CAVOK 23/16 Q1022 NOSIG,M
FALE,2026-08-19 11:00,75.20,60.80,60.96,70.00,11.00,0.00,30.15,M,6.21,M,M,M,M,M,M,M,M,M,M,M,M,M,M,M,M,75.20,FALE 191100Z 07011KT 050V110 CAVOK 24/16 Q1021 NOSIG,M
FALE,2026-08-19 12:00,73.40,62.60,68.99,70.00,12.00,0.00,30.09,M,6.21,M,M,M,M,M,M,M,M,M,M,M,M,M,M,M,M,73.40,FALE 191200Z 07012KT CAVOK 23/17 Q1019 NOSIG,M
FALE,2026-08-19 13:00,73.40,62.60,68.99,70.00,9.00,0.00,30.09,M,6.21,M,M,M,M,M,M,M,M,M,M,M,M,M,M,M,M,73.40,FALE 191300Z 07009KT 040V110 CAVOK 23/17 Q1019 NOSIG,M
FALE,2026-08-19 14:00,73.40,64.40,73.48,50.00,13.00,0.00,30.06,M,6.21,M,M,M,M,M,M,M,M,M,M,M,M,M,M,M,M,73.40,FALE 191400Z 05013KT CAVOK 23/18 Q1018 NOSIG,M
FALE,2026-08-19 15:00,71.60,64.40,78.08,50.00,11.00,0.00,30.06,M,6.21,M,M,M,M,M,M,M,M,M,M,M,M,M,M,M,M,71.60,FALE 191500Z 05011KT CAVOK 22/18 Q1018 NOSIG,M
FALE,2026-08-19 16:00,68.00,64.40,88.28,50.00,7.00,0.00,30.03,M,6.21,M,M,M,M,M,M,M,M,M,M,M,M,M,M,M,M,68.00,FALE 191600Z 05007KT CAVOK 20/18 Q1017 NOSIG,M
FALE,2026-08-19 17:00,66.20,64.40,93.93,70.00,4.00,0.00,30.03,M,6.21,M,M,M,M,M,M,M,M,M,M,M,M,M,M,M,M,66.20,FALE 191700Z 07004KT CAVOK 19/18 Q1017 NOSIG,M
FALE,2026-08-19 18:00,62.60,60.80,93.84,0.00,0.00,0.00,30.03,M,6.21,M,M,M,M,M,M,M,M,M,M,M,M,M,M,M,M,62.60,FALE 191800Z 00000KT CAVOK 17/16 Q1017 NOSIG,M
FALE,2026-08-19 19:00,57.20,57.20,100.00,M,1.00,0.00,30.03,M,5.59,M,NSC,M,M,M,M,M,M,M,M,M,M,M,M,M,M,57.20,FALE 191900Z VRB01KT 9000 NSC 14/14 Q1017 NOSIG,M
FALE,2026-08-19 20:00,59.00,59.00,100.00,0.00,0.00,0.00,30.03,M,5.59,M,NSC,M,M,M,M,M,M,M,M,M,M,M,M,M,M,59.00,FALE 192000Z 00000KT 9000 NSC 15/15 Q1017 NOSIG,M
FALE,2026-08-19 21:00,59.00,57.20,93.74,M,1.00,0.00,30.03,M,5.59,M,NSC,M,M,M,M,M,M,M,M,M,M,M,M,M,M,59.00,FALE 192100Z VRB01KT 9000 NSC 15/14 Q1017 NOSIG,M
FALE,2026-08-19 22:00,57.20,55.40,93.70,M,1.00,0.00,30.00,M,4.97,M,NSC,M,M,M,M,M,M,M,M,M,M,M,M,M,M,57.20,FALE 192200Z VRB01KT 8000 NSC 14/13 Q1016 NOSIG,M
FALE,2026-08-19 23:00,57.20,57.20,100.00,M,2.00,0.00,30.00,M,4.97,M,NSC,M,M,M,M,M,M,M,M,M,M,M,M,M,M,57.20,FALE 192300Z VRB02KT 8000 NSC 14/14 Q1016 NOSIG,M
FALE,2026-08-19 23:55,62.60,60.80,93.84,210.00,12.00,0.00,30.03,M,6.21,23.00,FEW,M,M,M,1000.00,M,M,M,M,M,M,M,M,M,M,62.60,FALE 192355Z 21012G23KT 9999 FEW010 17/16 Q1017 NOSIG,M
FALE,2026-08-20 00:00,62.60,60.80,93.84,210.00,12.00,0.00,30.03,M,6.21,M,FEW,M,M,M,1000.00,M,M,M,M,M,M,M,M,M,M,62.60,FALE 200000Z 21012KT 9999 FEW010 17/16 Q1017 NOSIG,M
FALE,2026-08-20 00:14,66.20,62.60,88.19,210.00,17.00,0.00,30.03,M,6.21,29.00,M,M,M,M,M,M,M,M,M,M,M,M,M,M,M,66.20,FALE 200014Z 21017G29KT CAVOK 19/17 Q1017 NOSIG,M
FALE,2026-08-20 01:00,68.00,64.40,88.28,210.00,15.00,0.00,30.06,M,6.21,M,FEW,M,M,M,1500.00,M,M,M,M,M,M,M,M,M,M,68.00,FALE 200100Z 21015KT 9999 FEW015 20/18 Q1018 NOSIG,M
FALE,2026-08-20 02:00,66.20,59.00,77.62,210.00,13.00,0.00,30.06,M,6.21,M,M,M,M,M,M,M,M,M,M,M,M,M,M,M,M,66.20,FALE 200200Z 21013KT CAVOK 19/15 Q1018 NOSIG,M
FALE,2026-08-20 03:00,66.20,57.20,72.76,210.00,14.00,0.00,30.12,M,6.21,M,M,M,M,M,M,M,M,M,M,M,M,M,M,M,M,66.20,FALE 200300Z 21014KT CAVOK 19/14 Q1020 NOSIG,M
FALE,2026-08-20 04:00,66.20,57.20,72.76,220.00,12.00,0.00,30.15,M,6.21,M,M,M,M,M,M,M,M,M,M,M,M,M,M,M,M,66.20,FALE 200400Z 22012KT CAVOK 19/14 Q1021 NOSIG,M
FALE,2026-08-20 05:00,66.20,57.20,72.76,220.00,14.00,0.00,30.21,M,6.21,M,SCT,M,M,M,2800.00,M,M,M,M,M,M,M,M,M,M,66.20,FALE 200500Z 22014KT 9999 SCT028 19/14 Q1023 NOSIG,M
FALE,2026-08-20 06:00,68.00,57.20,68.38,220.00,14.00,0.00,30.24,M,6.21,M,SCT,M,M,M,2600.00,M,M,M,M,M,M,M,M,M,M,68.00,FALE 200600Z 22014KT 9999 SCT026 20/14 Q1024 NOSIG,M
FALE,2026-08-20 07:00,69.80,57.20,64.30,220.00,14.00,0.00,30.27,M,6.21,M,BKN,M,M,M,2900.00,M,M,M,M,M,M,M,M,M,M,69.80,FALE 200700Z 22014KT 9999 BKN029 21/14 Q1025 NOSIG,M
FALE,2026-08-20 08:00,71.60,57.20,60.48,210.00,13.00,0.00,30.30,M,6.21,M,BKN,M,M,M,3200.00,M,M,M,M,M,M,M,M,M,M,71.60,FALE 200800Z 21013KT 9999 BKN032 22/14 Q1026 NOSIG,M
FALE,2026-08-20 09:00,71.60,59.00,64.52,200.00,11.00,0.00,30.30,M,6.21,M,SCT,BKN,M,M,3200.00,3600.00,M,M,M,M,M,M,M,M,M,71.60,FALE 200900Z 20011KT 9999 SCT032 BKN036 22/15 Q1026 NOSIG,M
FALE,2026-08-20 10:00,71.60,57.20,60.48,200.00,13.00,0.00,30.27,M,6.21,M,BKN,BKN,M,M,3100.00,4000.00,M,M,M,M,M,M,M,M,M,71.60,FALE 201000Z 20013KT 9999 BKN031 BKN040 22/14 Q1025 NOSIG,M
FALE,2026-08-20 11:00,71.60,57.20,60.48,200.00,12.00,0.00,30.27,M,6.21,M,FEW,BKN,M,M,3000.00,4900.00,M,M,M,M,M,M,M,M,M,71.60,FALE 201100Z 20012KT 9999 FEW030 BKN049 22/14 Q1025 NOSIG,M
FALE,2026-08-20 12:00,71.60,60.80,68.79,190.00,12.00,0.00,30.24,M,6.21,M,FEW,SCT,M,M,3000.00,4900.00,M,M,M,M,M,M,M,M,M,71.60,FALE 201200Z 19012KT 160V220 9999 FEW030 SCT049 22/16 Q1024 NOSIG,M
FALE,2026-08-20 13:00,69.80,60.80,73.13,190.00,9.00,0.00,30.24,M,6.21,M,FEW,SCT,M,M,3000.00,4900.00,M,M,M,M,M,M,M,M,M,69.80,FALE 201300Z 19009KT 150V220 9999 FEW030 SCT049 21/16 Q1024 NOSIG,M
FALE,2026-08-20 14:00,69.80,60.80,73.13,190.00,10.00,0.00,30.24,M,6.21,M,FEW,SCT,M,M,1200.00,4900.00,M,M,M,M,M,M,M,M,M,69.80,FALE 201400Z 19010KT 150V220 9999 FEW012 SCT049 21/16 Q1024 NOSIG,M
FALE,2026-08-20 15:00,66.20,60.80,82.76,200.00,8.00,0.00,30.24,M,6.21,M,FEW,SCT,M,M,1200.00,1700.00,M,M,M,M,M,M,M,M,M,66.20,FALE 201500Z 20008KT 9999 FEW012 SCT017 19/16 Q1024 NOSIG,M
FALE,2026-08-20 16:00,64.40,60.80,88.10,210.00,3.00,0.00,30.27,M,6.21,M,FEW,BKN,M,M,2600.00,4500.00,M,M,M,M,M,M,M,M,M,64.40,FALE 201600Z 21003KT 9999 FEW026 BKN045 18/16 Q1025 NOSIG,M
FALE,2026-08-20 17:00,62.60,59.00,88.01,200.00,3.00,0.00,30.30,M,6.21,M,FEW,SCT,BKN,M,2200.00,2700.00,4600.00,M,M,M,M,M,M,M,M,62.60,FALE 201700Z 20003KT 9999 FEW022 SCT027 BKN046 17/15 Q1026 NOSIG,M
FALE,2026-08-20 18:00,59.00,57.20,93.74,0.00,0.00,0.00,30.30,M,6.21,M,BKN,M,M,M,2900.00,M,M,M,M,M,M,M,M,M,M,59.00,FALE 201800Z 00000KT 9999 BKN029 15/14 Q1026 NOSIG,M
FALE,2026-08-20 19:00,57.20,55.40,93.70,0.00,0.00,0.00,30.30,M,6.21,M,SCT,M,M,M,2900.00,M,M,M,M,M,M,M,M,M,M,57.20,FALE 201900Z 00000KT 9999 SCT029 14/13 Q1026 NOSIG,M
FALE,2026-08-20 20:00,57.20,55.40,93.70,0.00,0.00,0.00,30.30,M,6.21,M,BKN,M,M,M,2900.00,M,M,M,M,M,M,M,M,M,M,57.20,FALE 202000Z 00000KT 9999 BKN029 14/13 Q1026 NOSIG,M
FALE,2026-08-20 21:00,55.40,53.60,93.65,M,1.00,0.00,30.27,M,6.21,M,FEW,M,M,M,3600.00,M,M,M,M,M,M,M,M,M,M,55.40,FALE 202100Z VRB01KT 9999 FEW036 13/12 Q1025 NOSIG,M
FALE,2026-08-20 21:22,59.00,57.20,93.74,M,1.00,0.00,30.27,M,6.21,M,SCT,M,M,M,3200.00,M,M,M,M,M,M,M,M,M,M,59.00,FALE 202122Z VRB01KT 9999 SCT032 15/14 Q1025 NOSIG,M
FALE,2026-08-20 22:00,59.00,57.20,93.74,M,1.00,0.00,30.27,M,6.21,M,SCT,M,M,M,3400.00,M,M,M,M,M,M,M,M,M,M,59.00,FALE 202200Z VRB01KT 9999 SCT034 15/14 Q1025 NOSIG,M
FALE,2026-08-20 23:00,59.00,57.20,93.74,0.00,0.00,0.00,30.24,M,6.21,M,M,M,M,M,M,M,M,M,M,M,M,M,M,M,M,59.00,FALE 202300Z 00000KT CAVOK 15/14 Q1024 NOSIG,M
FALE,2026-08-21 00:00,55.40,53.60,93.65,M,2.00,0.00,30.24,M,6.21,M,M,M,M,M,M,M,M,M,M,M,M,M,M,M,M,55.40,FALE 210000Z VRB02KT CAVOK 13/12 Q1024 NOSIG,M
FALE,2026-08-21 01:00,55.40,55.40,100.00,M,1.00,0.00,30.21,M,6.21,M,M,M,M,M,M,M,M,M,M,M,M,M,M,M,M,55.40,FALE 210100Z VRB01KT CAVOK 13/13 Q1023 NOSIG,M
FALE,2026-08-21 02:00,59.00,57.20,93.74,0.00,0.00,0.00,30.18,M,6.21,M,OVC,M,M,M,4500.00,M,M,M,M,M,M,M,M,M,M,59.00,FALE 210200Z 00000KT 9999 OVC045 15/14 Q1022 NOSIG,M
FALE,2026-08-21 03:00,59.00,57.20,93.74,0.00,0.00,0.00,30.18,M,6.21,M,OVC,M,M,M,4500.00,M,M,M,M,M,M,M,M,M,M,59.00,FALE 210300Z 00000KT 9999 OVC045 15/14 Q1022 NOSIG,M
FALE,2026-08-21 04:00,59.00,59.00,100.00,0.00,0.00,0.00,30.21,M,6.21,M,FEW,OVC,M,M,2700.00,4300.00,M,M,M,M,M,M,M,M,M,59.00,FALE 210400Z 00000KT 9999 FEW027 OVC043 15/15 Q1023 NOSIG,M
FALE,2026-08-21 05:00,60.80,59.00,93.79,200.00,2.00,0.00,30.21,M,6.21,M,BKN,OVC,M,M,2400.00,4000.00,M,M,M,M,M,M,M,M,M,60.80,FALE 210500Z 20002KT 9999 BKN024 OVC040 16/15 Q1023 NOSIG,M
FALE,2026-08-21 06:00,62.60,60.80,93.84,230.00,2.00,0.00,30.24,M,6.21,M,SCT,BKN,M,M,2200.00,4000.00,M,M,M,M,M,M,M,M,M,62.60,FALE 210600Z 23002KT 9999 SCT022 BKN040 17/16 Q1024 NOSIG,M
FALE,2026-08-21 07:00,66.20,59.00,77.62,M,2.00,0.00,30.24,M,6.21,M,FEW,BKN,M,M,2600.00,4000.00,M,M,M,M,M,M,M,M,M,66.20,FALE 210700Z VRB02KT 9999 FEW026 BKN040 19/15 Q1024 NOSIG,M
FALE,2026-08-21 08:00,69.80,59.00,68.59,350.00,3.00,0.00,30.21,M,6.21,M,FEW,BKN,M,M,2600.00,4000.00,M,M,M,M,M,M,M,M,M,69.80,FALE 210800Z 35003KT 300V110 9999 FEW026 BKN040 21/15 Q1023 NOSIG,M
FALE,2026-08-21 09:00,69.80,60.80,73.13,120.00,5.00,0.00,30.21,M,6.21,M,SCT,BKN,M,M,2200.00,4000.00,M,M,M,M,M,M,M,M,M,69.80,FALE 210900Z 12005KT 070V160 9999 SCT022 BKN040 21/16 Q1023 NOSIG,M
FALE,2026-08-21 10:00,71.60,60.80,68.79,100.00,6.00,0.00,30.18,M,6.21,M,FEW,BKN,M,M,2200.00,3600.00,M,M,M,M,M,M,M,M,M,71.60,FALE 211000Z 10006KT 050V160 9999 FEW022 BKN036 22/16 Q1022 NOSIG,M
FALE,2026-08-21 11:00,71.60,62.60,73.30,100.00,6.00,0.00,30.15,M,6.21,M,FEW,BKN,M,M,2200.00,3800.00,M,M,M,M,M,M,M,M,M,71.60,FALE 211100Z 10006KT 070V140 9999 FEW022 BKN038 22/17 Q1021 NOSIG,M
FALE,2026-08-21 12:00,69.80,62.60,77.93,110.00,6.00,0.00,30.12,M,6.21,M,BKN,M,M,M,3600.00,M,M,M,M,M,M,M,M,M,M,69.80,FALE 211200Z 11006KT 080V140 9999 BKN036 21/17 Q1020 NOSIG,M
FALE,2026-08-21 13:00,69.80,62.60,77.93,100.00,5.00,0.00,30.12,M,6.21,M,BKN,M,M,M,3500.00,M,M,M,M,M,M,M,M,M,M,69.80,FALE 211300Z 10005KT 060V150 9999 BKN035 21/17 Q1020 NOSIG,M
FALE,2026-08-21 14:00,69.80,62.60,77.93,60.00,4.00,0.00,30.12,M,6.21,M,SCT,M,M,M,3400.00,M,M,M,M,M,M,M,M,M,M,69.80,FALE 211400Z 06004KT 030V110 9999 SCT034 21/17 Q1020 NOSIG,M
FALE,2026-08-21 15:00,68.00,64.40,88.28,110.00,4.00,0.00,30.15,M,6.21,M,BKN,M,M,M,3400.00,M,M,M,M,M,M,M,M,M,M,68.00,FALE 211500Z 11004KT 060V140 9999 BKN034 20/18 Q1021 NOSIG,M
FALE,2026-08-21 16:00,68.00,64.40,88.28,100.00,3.00,0.00,30.15,M,6.21,M,OVC,M,M,M,3400.00,M,M,M,M,M,M,M,M,M,M,68.00,FALE 211600Z 10003KT 060V140 9999 OVC034 20/18 Q1021 NOSIG,M
FALE,2026-08-21 17:00,68.00,64.40,88.28,70.00,2.00,0.00,30.18,M,6.21,M,OVC,M,M,M,3300.00,M,M,M,M,M,M,M,M,M,M,68.00,FALE 211700Z 07002KT 9999 OVC033 20/18 Q1022 NOSIG,M
FALE,2026-08-21 18:00,68.00,64.40,88.28,60.00,3.00,0.00,30.18,M,6.21,M,OVC,M,M,M,3400.00,M,M,M,M,M,M,M,M,M,M,68.00,FALE 211800Z 06003KT 9999 OVC034 20/18 Q1022 NOSIG,M
FALE,2026-08-21 19:00,68.00,64.40,88.28,M,2.00,0.00,30.18,M,6.21,M,OVC,M,M,M,3400.00,M,M,M,M,M,M,M,M,M,M,68.00,FALE 211900Z VRB02KT 9999 OVC034 20/18 Q1022 NOSIG,M
FALE,2026-08-21 20:00,66.20,64.40,93.93,30.00,3.00,0.00,30.18,M,6.21,M,OVC,M,M,M,3400.00,M,M,M,M,M,M,M,M,M,M,66.20,FALE 212000Z 03003KT 9999 OVC034 19/18 Q1022 NOSIG,M
FALE,2026-08-21 21:00,66.20,64.40,93.93,50.00,4.00,0.00,30.15,M,6.21,M,OVC,M,M,M,3600.00,M,M,M,M,M,M,M,M,M,M,66.20,FALE 212100Z 05004KT 9999 OVC036 19/18 Q1021 NOSIG,M
FALE,2026-08-21 22:00,68.00,64.40,88.28,80.00,3.00,0.00,30.15,M,6.21,M,OVC,M,M,M,3700.00,M,M,M,M,M,M,M,M,M,M,68.00,FALE 212200Z 08003KT 9999 OVC037 20/18 Q1021 NOSIG,M
FALE,2026-08-21 23:00,66.20,64.40,93.93,80.00,3.00,0.00,30.12,M,6.21,M,OVC,M,M,M,3600.00,M,M,M,M,M,M,M,M,M,M,66.20,FALE 212300Z 08003KT 9999 OVC036 19/18 Q1020 NOSIG,M
FALE,2026-08-22 00:00,66.20,64.40,93.93,50.00,4.00,0.00,30.12,M,4.97,M,FEW,BKN,M,M,1900.00,3600.00,M,M,M,M,M,M,M,M,M,66.20,FALE 220000Z 05004KT 8000 FEW019 BKN036 19/18 Q1020 NOSIG,M
FALE,2026-08-22 01:00,64.40,62.60,93.89,40.00,5.00,0.00,30.09,M,4.35,M,FEW,SCT,M,M,1600.00,3100.00,M,M,M,M,M,M,M,M,M,64.40,FALE 220100Z 04005KT 7000 FEW016 SCT031 18/17 Q1019 NOSIG,M
FALE,2026-08-22 02:00,64.40,64.40,100.00,60.00,5.00,0.00,30.06,M,4.35,M,SCT,M,M,M,2800.00,M,M,M,M,M,M,M,M,M,M,64.40,FALE 220200Z 06005KT 7000 SCT028 18/18 Q1018 NOSIG,M
FALE,2026-08-22 03:00,62.60,62.60,100.00,50.00,4.00,0.00,30.03,M,3.73,M,FEW,BKN,M,M,1000.00,2400.00,M,M,M,M,M,M,M,M,M,62.60,FALE 220300Z 05004KT 6000 FEW010 BKN024 17/17 Q1017 NOSIG,M
FALE,2026-08-22 03:21,60.80,60.80,100.00,30.00,3.00,0.00,30.03,M,0.34,M,FEW,SCT,M,M,1000.00,2300.00,M,M,FG,M,M,M,M,M,M,60.80,FALE 220321Z 03003KT 0550 0500 R24/1700D FG FEW010 SCT023 16/16 Q1017 NOSIG,M
FALE,2026-08-22 03:47,60.80,60.80,100.00,0.00,0.00,0.00,30.03,M,0.19,M,SCT,BKN,M,M,600.00,2300.00,M,M,FG,M,M,M,M,M,M,60.80,FALE 220347Z 00000KT 0300 R24/0500N FG SCT006 BKN023 16/16 Q1017 NOSIG,M
FALE,2026-08-22 04:00,60.80,59.00,93.79,0.00,0.00,0.00,30.03,M,0.19,M,FEW,SCT,M,M,300.00,600.00,M,M,FG,M,M,M,M,M,M,60.80,FALE 220400Z 00000KT 0300 R24/0450D FG FEW003 SCT006 16/15 Q1017 NOSIG,M
FALE,2026-08-22 04:49,57.20,57.20,100.00,M,1.00,0.00,30.03,M,0.12,M,SCT,SCT,M,M,300.00,600.00,M,M,FG,M,M,M,M,M,M,57.20,FALE 220449Z VRB01KT 0200 R24/0200N FG SCT003 SCT006 14/14 Q1017 NOSIG,M
FALE,2026-08-22 05:00,57.20,57.20,100.00,0.00,0.00,0.00,30.03,M,0.12,M,FEW,SCT,M,M,300.00,600.00,M,M,FG,M,M,M,M,M,M,57.20,FALE 220500Z 00000KT 0200 R24/0200N FG FEW003 SCT006 14/14 Q1017 NOSIG,M
FALE,2026-08-22 05:16,60.80,59.00,93.79,240.00,2.00,0.00,30.03,M,0.25,M,FEW,SCT,M,M,300.00,600.00,M,M,BCFG,M,M,M,M,M,M,60.80,FALE 220516Z 24002KT 0400 R24/0400N BCFG FEW003 SCT006 16/15 Q1017 TEMPO 6000,M
FALE,2026-08-22 05:29,62.60,60.80,93.84,0.00,0.00,0.00,30.03,M,0.43,M,FEW,M,M,M,600.00,M,M,M,BCFG,M,M,M,M,M,M,62.60,FALE 220529Z 00000KT 0700 R24/0700U BCFG FEW006 17/16 Q1017 TEMPO 6000,M
FALE,2026-08-22 05:31,62.60,60.80,93.84,0.00,0.00,0.00,30.03,M,0.43,M,FEW,M,M,M,600.00,M,M,M,BCFG,M,M,M,M,M,M,62.60,FALE 220531Z 00000KT 0700 R24/0700U BCFG FEW006 17/16 Q1017 TEMPO 6000,M
FALE,2026-08-22 05:38,62.60,62.60,100.00,0.00,0.00,0.00,30.03,M,1.86,M,FEW,M,M,M,600.00,M,M,M,BR,M,M,M,M,M,M,62.60,FALE 220538Z 00000KT 3000 BR FEW006 17/17 Q1017 TEMPO 6000,M
FALE,2026-08-22 05:42,62.60,62.60,100.00,M,1.00,0.00,30.03,M,3.73,M,FEW,M,M,M,600.00,M,M,M,M,M,M,M,M,M,M,62.60,FALE 220542Z VRB01KT 6000 FEW006 17/17 Q1017 NOSIG,M
FALE,2026-08-22 06:00,62.60,62.60,100.00,230.00,3.00,0.00,30.03,M,4.35,M,FEW,M,M,M,600.00,M,M,M,M,M,M,M,M,M,M,62.60,FALE 220600Z 23003KT 7000 FEW006 17/17 Q1017 NOSIG,M
FALE,2026-08-22 06:22,66.20,64.40,93.93,230.00,3.00,0.00,30.03,M,4.97,M,FEW,M,M,M,300.00,M,M,M,M,M,M,M,M,M,M,66.20,FALE 220622Z 23003KT 200V270 8000 FEW003 19/18 Q1017 NOSIG,M
FALE,2026-08-22 06:54,69.80,62.60,77.93,M,2.00,0.00,30.00,M,5.59,M,FEW,M,M,M,2000.00,M,M,M,M,M,M,M,M,M,M,69.80,FALE 220654Z VRB02KT 9000 FEW020 21/17 Q1016 NOSIG,M
FALE,2026-08-22 07:00,69.80,62.60,77.93,M,2.00,0.00,30.00,M,5.59,M,FEW,M,M,M,2000.00,M,M,M,M,M,M,M,M,M,M,69.80,FALE 220700Z VRB02KT 9000 FEW020 21/17 Q1016 NOSIG,M
FALE,2026-08-22 08:00,73.40,62.60,68.99,40.00,5.00,0.00,30.00,M,5.59,M,FEW,M,M,M,3000.00,M,M,M,M,M,M,M,M,M,M,73.40,FALE 220800Z 04005KT 360V070 9000 FEW030 23/17 Q1016 NOSIG,M
FALE,2026-08-22 09:00,77.00,66.20,69.38,70.00,6.00,0.00,29.97,M,5.59,M,FEW,M,M,M,3500.00,M,M,M,M,M,M,M,M,M,M,77.00,FALE 220900Z 07006KT 040V110 9000 FEW035 25/19 Q1015 NOSIG,M
FALE,2026-08-22 10:00,77.00,66.20,69.38,70.00,8.00,0.00,29.91,M,6.21,M,M,M,M,M,M,M,M,M,M,M,M,M,M,M,M,77.00,FALE 221000Z 07008KT 040V100 CAVOK 25/19 Q1013 NOSIG,M
FALE,2026-08-22 10:20,80.60,68.00,65.60,70.00,7.00,0.00,29.91,M,6.21,M,M,M,M,M,M,M,M,M,M,M,M,M,M,M,M,83.30,FALE 221020Z 07007KT 040V100 CAVOK 27/20 Q1013 NOSIG,M
FALE,2026-08-22 11:00,80.60,68.00,65.60,70.00,7.00,0.00,29.88,M,6.21,M,M,M,M,M,M,M,M,M,M,M,M,M,M,M,M,83.30,FALE 221100Z 07007KT 040V100 CAVOK 27/20 Q1012 NOSIG,M
FALE,2026-08-22 12:00,82.40,68.00,61.88,80.00,6.00,0.00,29.83,M,6.21,M,M,M,M,M,M,M,M,M,M,M,M,M,M,M,M,85.39,FALE 221200Z 08006KT 050V110 CAVOK 28/20 Q1010 NOSIG,M
FALE,2026-08-22 12:39,86.00,68.00,55.13,90.00,4.00,0.00,29.83,M,6.21,M,M,M,M,M,M,M,M,M,M,M,M,M,M,M,M,89.44,FALE 221239Z 09004KT 040V130 CAVOK 30/20 Q1010 NOSIG,M
FALE,2026-08-22 13:00,87.80,68.00,52.08,70.00,5.00,0.00,29.83,M,6.21,M,M,M,M,M,M,M,M,M,M,M,M,M,M,M,M,91.47,FALE 221300Z 07005KT 030V110 CAVOK 31/20 Q1010 NOSIG,M
FALE,2026-08-22 13:04,91.40,66.20,43.72,60.00,5.00,0.00,29.83,M,6.21,M,M,M,M,M,M,M,M,M,M,M,M,M,M,M,M,94.33,FALE 221304Z 06005KT 030V090 CAVOK 33/19 Q1010 NOSIG,M
FALE,2026-08-22 13:53,96.80,60.80,30.64,30.00,4.00,0.00,29.83,M,6.21,M,M,M,M,M,M,M,M,M,M,M,M,M,M,M,M,97.38,FALE 221353Z 03004KT 340V050 CAVOK 36/16 Q1010 NOSIG,M
FALE,2026-08-22 14:00,96.80,60.80,30.64,30.00,4.00,0.00,29.83,M,6.21,M,M,M,M,M,M,M,M,M,M,M,M,M,M,M,M,97.38,FALE 221400Z 03004KT 340V050 CAVOK 36/16 Q1010 NOSIG,M
FALE,2026-08-22 14:43,86.00,60.80,42.88,200.00,21.00,0.00,29.88,M,6.21,35.00,FEW,M,M,M,2600.00,M,M,M,M,M,M,M,M,M,M,86.07,FALE 221443Z 20021G35KT 9999 FEW026 30/16 Q1012 NOSIG,M
FALE,2026-08-22 15:00,75.20,59.00,57.17,200.00,24.00,0.00,29.91,M,5.59,38.00,FEW,M,M,M,2000.00,M,M,M,M,M,M,M,M,M,M,75.20,FALE 221500Z 20024G38KT 9000 FEW020 24/15 Q1013 NOSIG,M
FALE,2026-08-22 16:00,71.60,57.20,60.48,210.00,23.00,0.00,29.97,M,6.21,41.00,M,M,M,M,M,M,M,M,M,M,M,M,M,M,M,71.60,FALE 221600Z 21023G41KT CAVOK 22/14 Q1015 NOSIG,M
FALE,2026-08-22 17:00,69.80,59.00,68.59,210.00,15.00,0.00,30.06,M,6.21,28.00,SCT,M,M,M,2400.00,M,M,M,M,M,M,M,M,M,M,69.80,FALE 221700Z 21015G28KT 180V240 9999 SCT024 21/15 Q1018 NOSIG,M
FALE,2026-08-22 17:05,69.80,60.80,73.13,210.00,15.00,0.00,30.06,M,6.21,M,SCT,M,M,M,2400.00,M,M,M,M,M,M,M,M,M,M,69.80,FALE 221705Z 21015KT 9999 SCT024 21/16 Q1018 NOSIG,M
FALE,2026-08-22 18:00,68.00,59.00,72.95,210.00,14.00,0.00,30.12,M,6.21,M,SCT,M,M,M,2300.00,M,M,M,M,M,M,M,M,M,M,68.00,FALE 221800Z 21014KT 9999 SCT023 20/15 Q1020 NOSIG,M
FALE,2026-08-22 18:16,68.00,59.00,72.95,200.00,15.00,0.00,30.12,M,6.21,25.00,BKN,M,M,M,2500.00,M,M,M,M,M,M,M,M,M,M,68.00,FALE 221816Z 20015G25KT 9999 BKN025 20/15 Q1020 NOSIG,M
FALE,2026-08-22 18:19,68.00,59.00,72.95,210.00,16.00,0.00,30.15,M,6.21,M,BKN,M,M,M,2500.00,M,M,M,M,M,M,M,M,M,M,68.00,FALE 221819Z 21016KT 9999 BKN025 20/15 Q1021 NOSIG,M
FALE,2026-08-22 18:55,68.00,59.00,72.95,210.00,14.00,0.00,30.15,M,6.21,24.00,SCT,BKN,M,M,2400.00,2900.00,M,M,M,M,M,M,M,M,M,68.00,FALE 221855Z 21014G24KT 9999 SCT024 BKN029 20/15 Q1021 NOSIG,M
FALE,2026-08-22 19:00,68.00,59.00,72.95,210.00,13.00,0.00,30.15,M,6.21,M,SCT,BKN,M,M,2400.00,2800.00,M,M,M,M,M,M,M,M,M,68.00,FALE 221900Z 21013KT 9999 SCT024 BKN028 20/15 Q1021 NOSIG,M
FALE,2026-08-22 19:16,68.00,59.00,72.95,210.00,15.00,0.00,30.18,M,6.21,25.00,SCT,BKN,M,M,2500.00,3000.00,M,M,M,M,M,M,M,M,M,68.00,FALE 221916Z 21015G25KT 9999 SCT025 BKN030 20/15 Q1022 NOSIG,M
FALE,2026-08-22 20:00,68.00,57.20,68.38,220.00,16.00,0.00,30.21,M,6.21,M,FEW,BKN,M,M,2800.00,3300.00,M,M,M,M,M,M,M,M,M,68.00,FALE 222000Z 22016KT 9999 FEW028 BKN033 20/14 Q1023 NOSIG,M
FALE,2026-08-22 20:15,68.00,55.40,64.07,220.00,13.00,0.00,30.21,M,6.21,25.00,BKN,M,M,M,3700.00,M,M,M,M,M,M,M,M,M,M,68.00,FALE 222015Z 22013G25KT 170V240 9999 BKN037 20/13 Q1023 NOSIG,M
FALE,2026-08-22 20:39,68.00,53.60,60.00,210.00,13.00,0.00,30.24,M,6.21,M,FEW,M,M,M,3700.00,M,M,M,M,M,M,M,M,M,M,68.00,FALE 222039Z 21013KT 9999 FEW037 20/12 Q1024 NOSIG,M
FALE,2026-08-22 21:00,68.00,53.60,60.00,210.00,15.00,0.00,30.24,M,6.21,M,FEW,M,M,M,3500.00,M,M,M,M,M,M,M,M,M,M,68.00,FALE 222100Z 21015KT 9999 FEW035 20/12 Q1024 NOSIG,M
FALE,2026-08-22 21:11,68.00,53.60,60.00,220.00,17.00,0.00,30.24,M,6.21,28.00,FEW,M,M,M,3400.00,M,M,M,M,M,M,M,M,M,M,68.00,FALE 222111Z 22017G28KT 9999 FEW034 20/12 Q1024 NOSIG,M
FALE,2026-08-22 22:00,66.20,55.40,68.18,210.00,11.00,0.00,30.24,M,6.21,M,SCT,M,M,M,3700.00,M,M,M,M,M,M,M,M,M,M,66.20,FALE 222200Z 21011KT 9999 SCT037 19/13 Q1024 NOSIG,M
FALE,2026-08-22 23:00,66.20,53.60,63.85,210.00,9.00,0.00,30.24,M,6.21,M,M,M,M,M,M,M,M,M,M,M,M,M,M,M,M,66.20,FALE 222300Z 21009KT CAVOK 19/12 Q1024 NOSIG,M
FALE,2026-08-23 00:00,62.60,53.60,72.40,220.00,7.00,0.00,30.27,M,6.21,M,M,M,M,M,M,M,M,M,M,M,M,M,M,M,M,62.60,FALE 230000Z 22007KT CAVOK 17/12 Q1025 NOSIG,M
FALE,2026-08-23 01:00,60.80,53.60,77.15,220.00,3.00,0.00,30.27,M,6.21,M,M,M,M,M,M,M,M,M,M,M,M,M,M,M,M,60.80,FALE 230100Z 22003KT CAVOK 16/12 Q1025 NOSIG,M
FALE,2026-08-23 02:00,60.80,51.80,72.21,210.00,4.00,0.00,30.27,M,6.21,M,FEW,M,M,M,4400.00,M,M,M,M,M,M,M,M,M,M,60.80,FALE 230200Z 21004KT 9999 FEW044 16/11 Q1025 NOSIG,M
FALE,2026-08-23 03:00,60.80,48.20,63.16,210.00,4.00,0.00,30.30,M,6.21,M,M,M,M,M,M,M,M,M,M,M,M,M,M,M,M,60.80,FALE 230300Z 21004KT CAVOK 16/09 Q1026 NOSIG,M
FALE,2026-08-23 04:00,60.80,48.20,63.16,220.00,7.00,0.00,30.33,M,6.21,M,M,M,M,M,M,M,M,M,M,M,M,M,M,M,M,60.80,FALE 230400Z 22007KT CAVOK 16/09 Q1027 NOSIG,M
FALE,2026-08-23 05:00,62.60,46.40,55.39,210.00,8.00,0.00,30.36,M,6.21,M,M,M,M,M,M,M,M,M,M,M,M,M,M,M,M,62.60,FALE 230500Z 21008KT CAVOK 17/08 Q1028 NOSIG,M
FALE,2026-08-23 06:00,66.20,46.40,48.85,210.00,6.00,0.00,30.39,M,6.21,M,M,M,M,M,M,M,M,M,M,M,M,M,M,M,M,66.20,FALE 230600Z 21006KT CAVOK 19/08 Q1029 NOSIG,M
FALE,2026-08-23 07:00,69.80,42.80,37.63,220.00,12.00,0.00,30.39,M,6.21,M,M,M,M,M,M,M,M,M,M,M,M,M,M,M,M,69.80,FALE 230700Z 22012KT 180V240 CAVOK 21/06 Q1029 NOSIG,M
FALE,2026-08-23 08:00,73.40,42.80,33.31,210.00,11.00,0.00,30.39,M,6.21,M,M,M,M,M,M,M,M,M,M,M,M,M,M,M,M,73.40,FALE 230800Z 21011KT CAVOK 23/06 Q1029 NOSIG,M
FALE,2026-08-23 09:00,73.40,46.40,38.21,180.00,10.00,0.00,30.39,M,6.21,M,M,M,M,M,M,M,M,M,M,M,M,M,M,M,M,73.40,FALE 230900Z 18010KT 150V210 CAVOK 23/08 Q1029 NOSIG,M
FALE,2026-08-23 10:00,71.60,50.00,46.47,190.00,14.00,0.00,30.36,M,6.21,M,M,M,M,M,M,M,M,M,M,M,M,M,M,M,M,71.60,FALE 231000Z 19014KT 160V220 CAVOK 22/10 Q1028 NOSIG,M
FALE,2026-08-23 11:00,71.60,53.60,53.07,170.00,12.00,0.00,30.33,M,6.21,M,M,M,M,M,M,M,M,M,M,M,M,M,M,M,M,71.60,FALE 231100Z 17012KT 140V200 CAVOK 22/12 Q1027 NOSIG,M
FALE,2026-08-23 12:00,71.60,53.60,53.07,170.00,10.00,0.00,30.33,M,6.21,M,M,M,M,M,M,M,M,M,M,M,M,M,M,M,M,71.60,FALE 231200Z 17010KT 130V220 CAVOK 22/12 Q1027 NOSIG,M
FALE,2026-08-23 13:00,71.60,55.40,56.67,170.00,8.00,0.00,30.33,M,6.21,M,M,M,M,M,M,M,M,M,M,M,M,M,M,M,M,71.60,FALE 231300Z 17008KT 120V200 CAVOK 22/13 Q1027 NOSIG,M
FALE,2026-08-23 14:00,69.80,57.20,64.30,160.00,6.00,0.00,30.30,M,6.21,M,M,M,M,M,M,M,M,M,M,M,M,M,M,M,M,69.80,FALE 231400Z 16006KT 100V200 CAVOK 21/14 Q1026 NOSIG,M
FALE,2026-08-23 15:00,68.00,57.20,68.38,180.00,4.00,0.00,30.33,M,6.21,M,M,M,M,M,M,M,M,M,M,M,M,M,M,M,M,68.00,FALE 231500Z 18004KT 140V210 CAVOK 20/14 Q1027 NOSIG,M
FALE,2026-08-23 16:00,60.80,55.40,82.38,200.00,1.00,0.00,30.33,M,6.21,M,M,M,M,M,M,M,M,M,M,M,M,M,M,M,M,60.80,FALE 231600Z 20001KT CAVOK 16/13 Q1027 NOSIG,M
FALE,2026-08-23 17:00,57.20,55.40,93.70,M,1.00,0.00,30.36,M,6.21,M,FEW,M,M,M,2600.00,M,M,M,M,M,M,M,M,M,M,57.20,FALE 231700Z VRB01KT 9999 FEW026 14/13 Q1028 NOSIG,M
FALE,2026-08-23 18:00,57.20,55.40,93.70,0.00,0.00,0.00,30.36,M,6.21,M,BKN,M,M,M,2500.00,M,M,M,M,M,M,M,M,M,M,57.20,FALE 231800Z 00000KT 9999 BKN025 14/13 Q1028 NOSIG,M
FALE,2026-08-23 18:20,60.80,57.20,87.93,M,2.00,0.00,30.36,M,6.21,M,BKN,M,M,M,3000.00,M,M,M,M,M,M,M,M,M,M,60.80,FALE 231820Z VRB02KT 9999 BKN030 16/14 Q1028 NOSIG,M
FALE,2026-08-23 19:00,62.60,57.20,82.51,M,2.00,0.00,30.36,M,6.21,M,BKN,BKN,M,M,2400.00,4400.00,M,M,M,M,M,M,M,M,M,62.60,FALE 231900Z VRB02KT 9999 BKN024 BKN044 17/14 Q1028 NOSIG,M
FALE,2026-08-23 20:00,62.60,57.20,82.51,250.00,4.00,0.00,30.36,M,6.21,M,FEW,SCT,BKN,M,2400.00,3000.00,4000.00,M,M,M,M,M,M,M,M,62.60,FALE 232000Z 25004KT 210V280 9999 FEW024 SCT030 BKN040 17/14 Q1028 NOSIG,M
FALE,2026-08-23 21:00,57.20,55.40,93.70,0.00,0.00,0.00,30.36,M,6.21,M,M,M,M,M,M,M,M,M,M,M,M,M,M,M,M,57.20,FALE 232100Z 00000KT CAVOK 14/13 Q1028 NOSIG,M
FALE,2026-08-23 22:00,55.40,53.60,93.65,M,1.00,0.00,30.36,M,6.21,M,M,M,M,M,M,M,M,M,M,M,M,M,M,M,M,55.40,FALE 232200Z VRB01KT CAVOK 13/12 Q1028 NOSIG,M
FALE,2026-08-23 23:00,51.80,50.00,93.55,200.00,2.00,0.00,30.33,M,6.21,M,M,M,M,M,M,M,M,M,M,M,M,M,M,M,M,51.80,FALE 232300Z 20002KT CAVOK 11/10 Q1027 NOSIG,M
FALE,2026-08-24 00:00,50.00,50.00,100.00,220.00,3.00,0.00,30.33,M,6.21,M,M,M,M,M,M,M,M,M,M,M,M,M,M,M,M,50.00,FALE 240000Z 22003KT CAVOK 10/10 Q1027 NOSIG,M
FALE,2026-08-24 00:23,53.60,51.80,93.60,M,1.00,0.00,30.33,M,6.21,M,M,M,M,M,M,M,M,M,M,M,M,M,M,M,M,53.60,FALE 240023Z VRB01KT CAVOK 12/11 Q1027 NOSIG,M
FALE,2026-08-24 01:00,50.00,48.20,93.50,0.00,0.00,0.00,30.30,M,6.21,M,M,M,M,M,M,M,M,M,M,M,M,M,M,M,M,50.00,FALE 240100Z 00000KT CAVOK 10/09 Q1026 NOSIG,M
FALE,2026-08-24 02:00,50.00,48.20,93.50,0.00,0.00,0.00,30.30,M,6.21,M,M,M,M,M,M,M,M,M,M,M,M,M,M,M,M,50.00,FALE 240200Z 00000KT CAVOK 10/09 Q1026 NOSIG,M
FALE,2026-08-24 02:14,53.60,51.80,93.60,0.00,0.00,0.00,30.27,M,6.21,M,M,M,M,M,M,M,M,M,M,M,M,M,M,M,M,53.60,FALE 240214Z 00000KT CAVOK 12/11 Q1025 NOSIG,M
FALE,2026-08-24 03:00,51.80,50.00,93.55,0.00,0.00,0.00,30.27,M,6.21,M,M,M,M,M,M,M,M,M,M,M,M,M,M,M,M,51.80,FALE 240300Z 00000KT CAVOK 11/10 Q1025 NOSIG,M
FALE,2026-08-24 04:00,48.20,48.20,100.00,0.00,0.00,0.00,30.27,M,6.21,M,M,M,M,M,M,M,M,M,M,M,M,M,M,M,M,48.20,FALE 240400Z 00000KT CAVOK 09/09 Q1025 NOSIG,M
FALE,2026-08-24 04:55,51.80,51.80,100.00,M,1.00,0.00,30.27,M,6.21,M,M,M,M,M,M,M,M,M,M,M,M,M,M,M,M,51.80,FALE 240455Z VRB01KT CAVOK 11/11 Q1025 NOSIG,M
FALE,2026-08-24 05:00,51.80,51.80,100.00,M,1.00,0.00,30.27,M,6.21,M,M,M,M,M,M,M,M,M,M,M,M,M,M,M,M,51.80,FALE 240500Z VRB01KT CAVOK 11/11 Q1025 NOSIG,M
FALE,2026-08-24 05:12,55.40,53.60,93.65,0.00,0.00,0.00,30.27,M,6.21,M,M,M,M,M,M,M,M,M,M,M,M,M,M,M,M,55.40,FALE 240512Z 00000KT CAVOK 13/12 Q1025 NOSIG,M
FALE,2026-08-24 05:52,60.80,55.40,82.38,M,2.00,0.00,30.27,M,6.21,M,M,M,M,M,M,M,M,M,M,M,M,M,M,M,M,60.80,FALE 240552Z VRB02KT CAVOK 16/13 Q1025 NOSIG,M
FALE,2026-08-24 06:00,60.80,53.60,77.15,M,1.00,0.00,30.27,M,6.21,M,M,M,M,M,M,M,M,M,M,M,M,M,M,M,M,60.80,FALE 240600Z VRB01KT CAVOK 16/12 Q1025 NOSIG,M
FALE,2026-08-24 06:16,64.40,53.60,67.97,M,1.00,0.00,30.27,M,6.21,M,M,M,M,M,M,M,M,M,M,M,M,M,M,M,M,64.40,FALE 240616Z VRB01KT CAVOK 18/12 Q1025 NOSIG,M
FALE,2026-08-24 07:00,66.20,53.60,63.85,M,2.00,0.00,30.27,M,6.21,M,M,M,M,M,M,M,M,M,M,M,M,M,M,M,M,66.20,FALE 240700Z VRB02KT CAVOK 19/12 Q1025 NOSIG,M
FALE,2026-08-24 07:19,69.80,55.40,60.24,M,2.00,0.00,30.27,M,6.21,M,M,M,M,M,M,M,M,M,M,M,M,M,M,M,M,69.80,FALE 240719Z VRB02KT CAVOK 21/13 Q1025 NOSIG,M
FALE,2026-08-24 08:00,68.00,53.60,60.00,140.00,5.00,0.00,30.27,M,6.21,M,M,M,M,M,M,M,M,M,M,M,M,M,M,M,M,68.00,FALE 240800Z 14005KT 100V170 CAVOK 20/12 Q1025 NOSIG,M
FALE,2026-08-24 09:00,69.80,55.40,60.24,90.00,5.00,0.00,30.27,M,5.59,M,NSC,M,M,M,M,M,M,M,M,M,M,M,M,M,M,69.80,FALE 240900Z 09005KT 040V130 9000 NSC 21/13 Q1025 NOSIG,M
FALE,2026-08-24 10:00,69.80,55.40,60.24,60.00,6.00,0.00,30.21,M,5.59,M,NSC,M,M,M,M,M,M,M,M,M,M,M,M,M,M,69.80,FALE 241000Z 06006KT 030V100 9000 NSC 21/13 Q1023 NOSIG,M
FALE,2026-08-24 10:08,73.40,55.40,53.33,60.00,6.00,0.00,30.21,M,6.21,M,M,M,M,M,M,M,M,M,M,M,M,M,M,M,M,73.40,FALE 241008Z 06006KT 030V090 CAVOK 23/13 Q1023 NOSIG,M
FALE,2026-08-24 11:00,71.60,57.20,60.48,80.00,7.00,0.00,30.18,M,6.21,M,M,M,M,M,M,M,M,M,M,M,M,M,M,M,M,71.60,FALE 241100Z 08007KT 050V110 CAVOK 22/14 Q1022 NOSIG,M
FALE,2026-08-24 12:00,73.40,59.00,60.72,70.00,7.00,0.00,30.15,M,6.21,M,M,M,M,M,M,M,M,M,M,M,M,M,M,M,M,73.40,FALE 241200Z 07007KT 050V110 CAVOK 23/15 Q1021 NOSIG,M
FALE,2026-08-24 13:00,73.40,59.00,60.72,70.00,8.00,0.00,30.15,M,6.21,M,M,M,M,M,M,M,M,M,M,M,M,M,M,M,M,73.40,FALE 241300Z 07008KT 050V110 CAVOK 23/15 Q1021 NOSIG,M
FALE,2026-08-24 14:00,71.60,62.60,73.30,70.00,8.00,0.00,30.15,M,6.21,M,M,M,M,M,M,M,M,M,M,M,M,M,M,M,M,71.60,FALE 241400Z 07008KT 040V100 CAVOK 22/17 Q1021 NOSIG,M
FALE,2026-08-24 15:00,69.80,62.60,77.93,60.00,8.00,0.00,30.15,M,6.21,M,M,M,M,M,M,M,M,M,M,M,M,M,M,M,M,69.80,FALE 241500Z 06008KT CAVOK 21/17 Q1021 NOSIG,M
FALE,2026-08-24 16:00,64.40,60.80,88.10,80.00,2.00,0.00,30.18,M,6.21,M,M,M,M,M,M,M,M,M,M,M,M,M,M,M,M,64.40,FALE 241600Z 08002KT CAVOK 18/16 Q1022 NOSIG,M
FALE,2026-08-24 17:00,59.00,57.20,93.74,70.00,1.00,0.00,30.21,M,6.21,M,M,M,M,M,M,M,M,M,M,M,M,M,M,M,M,59.00,FALE 241700Z 07001KT CAVOK 15/14 Q1023 NOSIG,M
FALE,2026-08-24 17:15,62.60,60.80,93.84,50.00,3.00,0.00,30.18,M,6.21,M,M,M,M,M,M,M,M,M,M,M,M,M,M,M,M,62.60,FALE 241715Z 05003KT 020V080 CAVOK 17/16 Q1022 NOSIG,M
FALE,2026-08-24 18:00,60.80,59.00,93.79,M,1.00,0.00,30.18,M,6.21,M,FEW,M,M,M,1200.00,M,M,M,M,M,M,M,M,M,M,60.80,FALE 241800Z VRB01KT 9999 FEW012 16/15 Q1022 NOSIG,M
FALE,2026-08-24 19:00,55.40,55.40,100.00,0.00,0.00,0.00,30.21,M,6.21,M,M,M,M,M,M,M,M,M,M,M,M,M,M,M,M,55.40,FALE 241900Z 00000KT CAVOK 13/13 Q1023 NOSIG,M
FALE,2026-08-24 19:45,59.00,57.20,93.74,220.00,3.00,0.00,30.21,M,6.21,M,M,M,M,M,M,M,M,M,M,M,M,M,M,M,M,59.00,FALE 241945Z 22003KT CAVOK 15/14 Q1023 NOSIG,M
FALE,2026-08-24 20:00,57.20,57.20,100.00,220.00,4.00,0.00,30.21,M,6.21,M,M,M,M,M,M,M,M,M,M,M,M,M,M,M,M,57.20,FALE 242000Z 22004KT CAVOK 14/14 Q1023 NOSIG,M
FALE,2026-08-24 22:00,55.40,53.60,93.65,210.00,2.00,0.00,30.18,M,6.21,M,FEW,M,M,M,1100.00,M,M,M,M,M,M,M,M,M,M,55.40,FALE 242200Z 21002KT 9999 FEW011 13/12 Q1022 NOSIG,M
FALE,2026-08-24 23:00,51.80,51.80,100.00,210.00,2.00,0.00,30.15,M,6.21,M,M,M,M,M,M,M,M,M,M,M,M,M,M,M,M,51.80,FALE 242300Z 21002KT CAVOK 11/11 Q1021 NOSIG,M
FALE,2026-08-24 23:01,55.40,55.40,100.00,220.00,3.00,0.00,30.15,M,6.21,M,M,M,M,M,M,M,M,M,M,M,M,M,M,M,M,55.40,FALE 242301Z 22003KT CAVOK 13/13 Q1021 NOSIG,M
FALE,2026-08-25 00:00,51.80,51.80,100.00,M,1.00,0.00,30.12,M,6.21,M,M,M,M,M,M,M,M,M,M,M,M,M,M,M,M,51.80,FALE 250000Z VRB01KT CAVOK 11/11 Q1020 NOSIG,M
FALE,2026-08-25 01:00,50.00,48.20,93.50,0.00,0.00,0.00,30.12,M,6.21,M,M,M,M,M,M,M,M,M,M,M,M,M,M,M,M,50.00,FALE 250100Z 00000KT CAVOK 10/09 Q1020 NOSIG,M
FALE,2026-08-25 02:00,51.80,51.80,100.00,M,1.00,0.00,30.12,M,6.21,M,M,M,M,M,M,M,M,M,M,M,M,M,M,M,M,51.80,FALE 250200Z VRB01KT CAVOK 11/11 Q1020 NOSIG,M
FALE,2026-08-25 03:00,48.20,48.20,100.00,M,1.00,0.00,30.12,M,6.21,M,M,M,M,M,M,M,M,M,M,M,M,M,M,M,M,48.20,FALE 250300Z VRB01KT CAVOK 09/09 Q1020 NOSIG,M
FALE,2026-08-25 03:48,51.80,50.00,93.55,M,1.00,0.00,30.12,M,6.21,M,M,M,M,M,M,M,M,M,M,M,M,M,M,M,M,51.80,FALE 250348Z VRB01KT CAVOK 11/10 Q1020 NOSIG,M
FALE,2026-08-25 04:00,51.80,51.80,100.00,M,1.00,0.00,30.12,M,6.21,M,M,M,M,M,M,M,M,M,M,M,M,M,M,M,M,51.80,FALE 250400Z VRB01KT CAVOK 11/11 Q1020 NOSIG,M
FALE,2026-08-25 05:00,50.00,50.00,100.00,M,1.00,0.00,30.12,M,6.21,M,M,M,M,M,M,M,M,M,M,M,M,M,M,M,M,50.00,FALE 250500Z VRB01KT CAVOK 10/10 Q1020 NOSIG,M
FALE,2026-08-25 05:10,53.60,53.60,100.00,210.00,3.00,0.00,30.15,M,6.21,M,M,M,M,M,M,M,M,M,M,M,M,M,M,M,M,53.60,FALE 250510Z 21003KT CAVOK 12/12 Q1021 NOSIG,M
FALE,2026-08-25 05:46,59.00,55.40,87.84,220.00,2.00,0.00,30.15,M,6.21,M,M,M,M,M,M,M,M,M,M,M,M,M,M,M,M,59.00,FALE 250546Z 22002KT CAVOK 15/13 Q1021 NOSIG,M
FALE,2026-08-25 06:00,59.00,55.40,87.84,220.00,2.00,0.00,30.15,M,6.21,M,M,M,M,M,M,M,M,M,M,M,M,M,M,M,M,59.00,FALE 250600Z 22002KT CAVOK 15/13 Q1021 NOSIG,M
FALE,2026-08-25 06:11,62.60,55.40,77.31,210.00,3.00,0.00,30.15,M,6.21,M,M,M,M,M,M,M,M,M,M,M,M,M,M,M,M,62.60,FALE 250611Z 21003KT CAVOK 17/13 Q1021 NOSIG,M
FALE,2026-08-25 07:00,66.20,53.60,63.85,220.00,4.00,0.00,30.15,M,6.21,M,M,M,M,M,M,M,M,M,M,M,M,M,M,M,M,66.20,FALE 250700Z 22004KT 170V250 CAVOK 19/12 Q1021 NOSIG,M
FALE,2026-08-25 08:00,69.80,55.40,60.24,270.00,4.00,0.00,30.12,M,6.21,M,M,M,M,M,M,M,M,M,M,M,M,M,M,M,M,69.80,FALE 250800Z 27004KT 210V350 CAVOK 21/13 Q1020 NOSIG,M
FALE,2026-08-25 09:00,71.60,55.40,56.67,190.00,10.00,0.00,30.15,M,6.21,M,M,M,M,M,M,M,M,M,M,M,M,M,M,M,M,71.60,FALE 250900Z 19010KT 150V210 CAVOK 22/13 Q1021 NOSIG,M
FALE,2026-08-25 10:00,69.80,60.80,73.13,190.00,15.00,0.00,30.12,M,6.21,M,FEW,M,M,M,1800.00,M,M,M,M,M,M,M,M,M,M,69.80,FALE 251000Z 19015KT 9999 FEW018 21/16 Q1020 NOSIG,M
FALE,2026-08-25 10:12,71.60,60.80,68.79,190.00,13.00,0.00,30.12,M,6.21,M,FEW,M,M,M,1600.00,M,M,M,M,M,M,M,M,M,M,71.60,FALE 251012Z 19013KT 160V220 9999 FEW016 22/16 Q1020 NOSIG,M
FALE,2026-08-25 11:00,69.80,62.60,77.93,180.00,13.00,0.00,30.12,M,6.21,M,FEW,M,M,M,1600.00,M,M,M,M,M,M,M,M,M,M,69.80,FALE 251100Z 18013KT 150V210 9999 FEW016 21/17 Q1020 NOSIG,M
FALE,2026-08-25 12:00,69.80,60.80,73.13,190.00,13.00,0.00,30.12,M,6.21,M,FEW,M,M,M,1700.00,M,M,M,M,M,M,M,M,M,M,69.80,FALE 251200Z 19013KT 160V220 9999 FEW017 21/16 Q1020 NOSIG,M
FALE,2026-08-25 13:00,71.60,62.60,73.30,180.00,12.00,0.00,30.12,M,6.21,M,FEW,M,M,M,1700.00,M,M,M,M,M,M,M,M,M,M,71.60,FALE 251300Z 18012KT 9999 FEW017 22/17 Q1020 NOSIG,M
FALE,2026-08-25 14:00,69.80,60.80,73.13,190.00,11.00,0.00,30.12,M,6.21,M,FEW,M,M,M,1600.00,M,M,M,M,M,M,M,M,M,M,69.80,FALE 251400Z 19011KT 9999 FEW016 21/16 Q1020 NOSIG,M
FALE,2026-08-25 15:00,68.00,60.80,77.77,190.00,10.00,0.00,30.15,M,6.21,M,FEW,M,M,M,1800.00,M,M,M,M,M,M,M,M,M,M,68.00,FALE 251500Z 19010KT 9999 FEW018 20/16 Q1021 NOSIG,M
FALE,2026-08-25 16:00,66.20,59.00,77.62,200.00,6.00,0.00,30.18,M,6.21,M,SCT,M,M,M,2000.00,M,M,M,M,M,M,M,M,M,M,66.20,FALE 251600Z 20006KT 9999 SCT020 19/15 Q1022 NOSIG,M
FALE,2026-08-25 17:00,64.40,59.00,82.63,210.00,5.00,0.00,30.21,M,6.21,M,SCT,M,M,M,1900.00,M,M,M,M,M,M,M,M,M,M,64.40,FALE 251700Z 21005KT 9999 SCT019 18/15 Q1023 NOSIG,M
FALE,2026-08-25 18:00,62.60,59.00,88.01,220.00,6.00,0.00,30.24,M,6.21,M,FEW,M,M,M,2700.00,M,M,M,M,M,M,M,M,M,M,62.60,FALE 251800Z 22006KT 9999 FEW027 17/15 Q1024 NOSIG,M
FALE,2026-08-25 19:00,60.80,59.00,93.79,230.00,4.00,0.00,30.27,M,6.21,M,FEW,M,M,M,3300.00,M,M,M,M,M,M,M,M,M,M,60.80,FALE 251900Z 23004KT 9999 FEW033 16/15 Q1025 NOSIG,M
FALE,2026-08-25 20:00,60.80,59.00,93.79,240.00,4.00,0.00,30.27,M,6.21,M,SCT,M,M,M,4200.00,M,M,M,M,M,M,M,M,M,M,60.80,FALE 252000Z 24004KT 9999 SCT042 16/15 Q1025 NOSIG,M
FALE,2026-08-25 21:00,60.80,57.20,87.93,230.00,4.00,0.00,30.27,M,6.21,M,M,M,M,M,M,M,M,M,M,M,M,M,M,M,M,60.80,FALE 252100Z 23004KT CAVOK 16/14 Q1025 NOSIG,M
FALE,2026-08-25 22:00,60.80,57.20,87.93,230.00,4.00,0.00,30.27,M,6.21,M,M,M,M,M,M,M,M,M,M,M,M,M,M,M,M,60.80,FALE 252200Z 23004KT CAVOK 16/14 Q1025 NOSIG,M
FALE,2026-08-25 23:00,59.00,57.20,93.74,220.00,3.00,0.00,30.27,M,6.21,M,FEW,M,M,M,3800.00,M,M,M,M,M,M,M,M,M,M,59.00,FALE 252300Z 22003KT 9999 FEW038 15/14 Q1025 NOSIG,M
FALE,2026-08-26 00:00,60.80,57.20,87.93,220.00,3.00,0.00,30.27,M,6.21,M,FEW,M,M,M,4000.00,M,M,M,M,M,M,M,M,M,M,60.80,FALE 260000Z 22003KT 9999 FEW040 16/14 Q1025 NOSIG,M
FALE,2026-08-26 01:00,60.80,57.20,87.93,220.00,3.00,0.00,30.27,M,6.21,M,SCT,M,M,M,4500.00,M,M,M,M,M,M,M,M,M,M,60.80,FALE 260100Z 22003KT 9999 SCT045 16/14 Q1025 NOSIG,M
FALE,2026-08-26 02:00,62.60,59.00,88.01,230.00,3.00,0.00,30.27,M,6.21,M,BKN,OVC,M,M,3100.00,4100.00,M,M,M,M,M,M,M,M,M,62.60,FALE 260200Z 23003KT 9999 BKN031 OVC041 17/15 Q1025 NOSIG,M
FALE,2026-08-26 03:00,62.60,59.00,88.01,240.00,3.00,0.00,30.27,M,6.21,M,FEW,OVC,M,M,3000.00,3400.00,M,M,-RA,M,M,M,M,M,M,62.60,FALE 260300Z 24003KT 9999 -RA FEW030 OVC034 17/15 Q1025 NOSIG,M
FALE,2026-08-26 04:00,62.60,60.80,93.84,230.00,3.00,0.00,30.27,M,5.59,M,FEW,BKN,M,M,2000.00,3200.00,M,M,-RA,M,M,M,M,M,M,62.60,FALE 260400Z 23003KT 9000 -RA FEW020 BKN032 17/16 Q1025 NOSIG,M
FALE,2026-08-26 05:00,62.60,59.00,88.01,220.00,2.00,0.00,30.30,M,6.21,M,BKN,BKN,M,M,2200.00,4000.00,M,M,M,M,M,M,M,M,M,62.60,FALE 260500Z 22002KT 9999 BKN022 BKN040 17/15 Q1026 NOSIG,M
FALE,2026-08-26 06:00,64.40,59.00,82.63,210.00,5.00,0.00,30.33,M,4.97,M,BKN,BKN,M,M,1800.00,2600.00,M,M,-RA,M,M,M,M,M,M,64.40,FALE 260600Z 21005KT 8000 -RA BKN018 BKN026 18/15 Q1027 NOSIG,M
FALE,2026-08-26 07:00,66.20,59.00,77.62,270.00,7.00,0.00,30.36,M,6.21,M,FEW,BKN,M,M,1900.00,3400.00,M,M,-RA,M,M,M,M,M,M,66.20,FALE 260700Z 27007KT 9999 -RA FEW019 BKN034 19/15 Q1028 NOSIG,M
FALE,2026-08-26 08:00,68.00,59.00,72.95,270.00,4.00,0.00,30.36,M,6.21,M,FEW,BKN,M,M,1900.00,4500.00,M,M,M,M,M,M,M,M,M,68.00,FALE 260800Z 27004KT 9999 FEW019 BKN045 20/15 Q1028 NOSIG,M
FALE,2026-08-26 09:00,68.00,57.20,68.38,240.00,7.00,0.00,30.36,M,6.21,M,FEW,SCT,BKN,M,2400.00,3100.00,4800.00,M,M,M,M,M,M,M,M,68.00,FALE 260900Z 24007KT 9999 FEW024 SCT031 BKN048 20/14 Q1028 NOSIG,M
FALE,2026-08-26 10:00,68.00,59.00,72.95,190.00,4.00,0.00,30.36,M,6.21,M,BKN,OVC,M,M,2600.00,4300.00,M,M,M,M,M,M,M,M,M,68.00,FALE 261000Z 19004KT 9999 BKN026 OVC043 20/15 Q1028 NOSIG,M
FALE,2026-08-26 11:00,68.00,60.80,77.77,190.00,6.00,0.00,30.36,M,6.21,M,SCT,BKN,OVC,M,2600.00,3300.00,4800.00,M,M,M,M,M,M,M,M,68.00,FALE 261100Z 19006KT 140V220 9999 SCT026 BKN033 OVC048 20/16 Q1028 NOSIG,M
FALE,2026-08-26 12:00,69.80,59.00,68.59,180.00,7.00,0.00,30.33,M,6.21,M,FEW,SCT,OVC,M,3100.00,4400.00,4900.00,M,M,M,M,M,M,M,M,69.80,FALE 261200Z 18007KT 150V210 9999 FEW031 SCT044 OVC049 21/15 Q1027 NOSIG,M
FALE,2026-08-26 13:00,69.80,60.80,73.13,180.00,7.00,0.00,30.33,M,6.21,M,M,M,M,M,M,M,M,M,M,M,M,M,M,M,M,69.80,FALE 261300Z 18007KT 150V210 CAVOK 21/16 Q1027 NOSIG,M
FALE,2026-08-26 14:00,68.00,62.60,82.88,170.00,6.00,0.00,30.36,M,6.21,M,FEW,M,M,M,1300.00,M,M,M,M,M,M,M,M,M,M,68.00,FALE 261400Z 17006KT 120V200 9999 FEW013 20/17 Q1028 NOSIG,M
FALE,2026-08-26 15:00,64.40,62.60,93.89,130.00,4.00,0.00,30.36,M,6.21,M,FEW,OVC,M,M,2000.00,3700.00,M,M,M,M,M,M,M,M,M,64.40,FALE 261500Z 13004KT 090V180 9999 FEW020 OVC037 18/17 Q1028 NOSIG,M
FALE,2026-08-26 16:00,64.40,60.80,88.10,70.00,2.00,0.00,30.39,M,6.21,M,FEW,BKN,OVC,M,2600.00,3600.00,4700.00,M,M,M,M,M,M,M,M,64.40,FALE 261600Z 07002KT 9999 FEW026 BKN036 OVC047 18/16 Q1029 NOSIG,M
FALE,2026-08-26 17:00,64.40,60.80,88.10,M,2.00,0.00,30.39,M,6.21,M,FEW,OVC,M,M,800.00,2700.00,M,M,M,M,M,M,M,M,M,64.40,FALE 261700Z VRB02KT 9999 FEW008 OVC027 18/16 Q1029 NOSIG,M
FALE,2026-08-26 18:00,64.40,60.80,88.10,M,1.00,0.00,30.42,M,6.21,M,BKN,OVC,M,M,2100.00,2900.00,M,M,M,M,M,M,M,M,M,64.40,FALE 261800Z VRB01KT 9999 BKN021 OVC029 18/16 Q1030 NOSIG,M
FALE,2026-08-26 19:00,62.60,62.60,100.00,200.00,4.00,0.00,30.42,M,6.21,M,BKN,OVC,M,M,2000.00,2800.00,M,M,M,M,M,M,M,M,M,62.60,FALE 261900Z 20004KT 9999 BKN020 OVC028 17/17 Q1030 NOSIG,M
FALE,2026-08-26 21:00,62.60,60.80,93.84,220.00,4.00,0.00,30.42,M,3.73,M,SCT,OVC,M,M,500.00,2000.00,M,M,-RA,M,M,M,M,M,M,62.60,FALE 262100Z 22004KT 6000 -RA SCT005 OVC020 17/16 Q1030 NOSIG,M
FALE,2026-08-26 22:00,62.60,60.80,93.84,70.00,5.00,0.00,30.42,M,5.59,M,SCT,OVC,M,M,400.00,1600.00,M,M,DZRA,M,M,M,M,M,M,62.60,FALE 262200Z 07005KT 9000 DZRA SCT004 OVC016 17/16 Q1030 NOSIG,M
FALE,2026-08-26 23:00,60.80,60.80,100.00,40.00,6.00,0.00,30.42,M,3.73,M,FEW,SCT,OVC,M,400.00,900.00,1600.00,M,-RA,M,M,M,M,M,M,60.80,FALE 262300Z 04006KT 6000 -RA FEW004 SCT009 OVC016 16/16 Q1030 NOSIG,M
FALE,2026-08-27 00:00,62.60,60.80,93.84,360.00,3.00,0.00,30.42,M,6.21,M,FEW,OVC,M,M,1400.00,2600.00,M,M,M,M,M,M,M,M,M,62.60,FALE 270000Z 36003KT 9999 FEW014 OVC026 17/16 Q1030 NOSIG,M
FALE,2026-08-27 01:00,60.80,60.80,100.00,10.00,3.00,0.00,30.39,M,6.21,M,FEW,BKN,M,M,2200.00,3500.00,M,M,M,M,M,M,M,M,M,60.80,FALE 270100Z 01003KT 9999 FEW022 BKN035 16/16 Q1029 NOSIG,M
FALE,2026-08-27 02:00,62.60,60.80,93.84,10.00,3.00,0.00,30.39,M,6.21,M,SCT,OVC,M,M,1500.00,2700.00,M,M,M,M,M,M,M,M,M,62.60,FALE 270200Z 01003KT 9999 SCT015 OVC027 17/16 Q1029 NOSIG,M
FALE,2026-08-27 03:00,62.60,60.80,93.84,30.00,4.00,0.00,30.39,M,6.21,M,OVC,M,M,M,2600.00,M,M,M,M,M,M,M,M,M,M,62.60,FALE 270300Z 03004KT 9999 OVC026 17/16 Q1029 NOSIG,M
FALE,2026-08-27 04:00,60.80,59.00,93.79,40.00,9.00,0.00,30.39,M,6.21,M,BKN,M,M,M,2000.00,M,M,M,M,M,M,M,M,M,M,60.80,FALE 270400Z 04009KT 9999 BKN020 16/15 Q1029 NOSIG,M
FALE,2026-08-27 05:00,60.80,59.00,93.79,30.00,7.00,0.00,30.39,M,6.21,M,FEW,M,M,M,2000.00,M,M,M,M,M,M,M,M,M,M,60.80,FALE 270500Z 03007KT 9999 FEW020 16/15 Q1029 NOSIG,M
FALE,2026-08-27 06:00,64.40,62.60,93.89,40.00,6.00,0.00,30.39,M,6.21,M,FEW,BKN,M,M,1600.00,2500.00,M,M,M,M,M,M,M,M,M,64.40,FALE 270600Z 04006KT 9999 FEW016 BKN025 18/17 Q1029 NOSIG,M
FALE,2026-08-27 07:00,64.40,60.80,88.10,40.00,12.00,0.00,30.42,M,6.21,M,FEW,BKN,M,M,1300.00,2300.00,M,M,M,M,M,M,M,M,M,64.40,FALE 270700Z 04012KT 9999 FEW013 BKN023 18/16 Q1030 NOSIG,M
FALE,2026-08-27 08:00,66.20,60.80,82.76,40.00,17.00,0.00,30.39,M,6.21,M,FEW,BKN,M,M,1500.00,2500.00,M,M,M,M,M,M,M,M,M,66.20,FALE 270800Z 04017KT 9999 FEW015 BKN025 19/16 Q1029 NOSIG,M
FALE,2026-08-27 09:00,68.00,62.60,82.88,60.00,15.00,0.00,30.36,M,6.21,M,SCT,BKN,M,M,1500.00,2000.00,M,M,M,M,M,M,M,M,M,68.00,FALE 270900Z 06015KT 9999 SCT015 BKN020 20/17 Q1028 NOSIG,M
FALE,2026-08-27 09:42,69.80,62.60,77.93,60.00,17.00,0.00,30.36,M,6.21,27.00,FEW,BKN,M,M,1500.00,2500.00,M,M,M,M,M,M,M,M,M,69.80,FALE 270942Z 06017G27KT 9999 FEW015 BKN025 21/17 Q1028 NOSIG,M
FALE,2026-08-27 09:45,69.80,62.60,77.93,60.00,18.00,0.00,30.36,M,6.21,M,SCT,BKN,M,M,1400.00,2500.00,M,M,M,M,M,M,M,M,M,69.80,FALE 270945Z 06018KT 9999 SCT014 BKN025 21/17 Q1028 NOSIG,M
FALE,2026-08-27 09:52,68.00,62.60,82.88,60.00,15.00,0.00,30.36,M,6.21,25.00,SCT,BKN,M,M,1400.00,2500.00,M,M,M,M,M,M,M,M,M,68.00,FALE 270952Z 06015G25KT 9999 SCT014 BKN025 20/17 Q1028 NOSIG,M
FALE,2026-08-27 09:53,68.00,62.60,82.88,60.00,20.00,0.00,30.36,M,6.21,M,SCT,BKN,M,M,1300.00,2400.00,M,M,M,M,M,M,M,M,M,68.00,FALE 270953Z 06020KT 9999 SCT013 BKN024 20/17 Q1028 NOSIG,M
FALE,2026-08-27 10:00,68.00,62.60,82.88,60.00,19.00,0.00,30.36,M,6.21,M,SCT,BKN,M,M,1300.00,2500.00,M,M,M,M,M,M,M,M,M,68.00,FALE 271000Z 06019KT 9999 SCT013 BKN025 20/17 Q1028 NOSIG,M
FALE,2026-08-27 11:00,69.80,62.60,77.93,60.00,22.00,0.00,30.30,M,6.21,M,SCT,M,M,M,1400.00,M,M,M,M,M,M,M,M,M,M,69.80,FALE 271100Z 06022KT 9999 SCT014 21/17 Q1026 NOSIG,M
FALE,2026-08-27 11:23,68.00,62.60,82.88,60.00,22.00,0.00,30.30,M,6.21,33.00,SCT,M,M,M,1400.00,M,M,M,M,M,M,M,M,M,M,68.00,FALE 271123Z 06022G33KT 9999 SCT014 20/17 Q1026 NOSIG,M
FALE,2026-08-27 11:43,68.00,62.60,82.88,60.00,20.00,0.00,30.30,M,6.21,M,SCT,M,M,M,1400.00,M,M,M,M,M,M,M,M,M,M,68.00,FALE 271143Z 06020KT 9999 SCT014 20/17 Q1026 NOSIG,M
FALE,2026-08-27 11:53,68.00,62.60,82.88,60.00,18.00,0.00,30.27,M,6.21,28.00,SCT,M,M,M,1400.00,M,M,M,M,M,M,M,M,M,M,68.00,FALE 271153Z 06018G28KT 9999 SCT014 20/17 Q1025 NOSIG,M
FALE,2026-08-27 12:00,68.00,62.60,82.88,60.00,19.00,0.00,30.27,M,6.21,M,SCT,M,M,M,1400.00,M,M,M,M,M,M,M,M,M,M,68.00,FALE 271200Z 06019KT 9999 SCT014 20/17 Q1025 NOSIG,M
FALE,2026-08-27 12:13,69.80,62.60,77.93,50.00,21.00,0.00,30.27,M,6.21,M,SCT,M,M,M,1300.00,M,M,M,M,M,M,M,M,M,M,69.80,FALE 271213Z 05021KT 9999 SCT013 21/17 Q1025 NOSIG,M
FALE,2026-08-27 12:15,69.80,60.80,73.13,60.00,21.00,0.00,30.27,M,6.21,31.00,SCT,M,M,M,1300.00,M,M,M,M,M,M,M,M,M,M,69.80,FALE 271215Z 06021G31KT 9999 SCT013 21/16 Q1025 NOSIG,M
FALE,2026-08-27 12:51,68.00,60.80,77.77,60.00,21.00,0.00,30.27,M,6.21,33.00,SCT,M,M,M,1500.00,M,M,M,M,M,M,M,M,M,M,68.00,FALE 271251Z 06021G33KT 9999 SCT015 20/16 Q1025 NOSIG,M
FALE,2026-08-27 13:00,68.00,60.80,77.77,60.00,21.00,0.00,30.27,M,6.21,33.00,SCT,M,M,M,1500.00,M,M,M,M,M,M,M,M,M,M,68.00,FALE 271300Z 06021G33KT 9999 SCT015 20/16 Q1025 NOSIG,M
FALE,2026-08-27 13:10,68.00,60.80,77.77,60.00,20.00,0.00,30.27,M,6.21,M,SCT,M,M,M,1400.00,M,M,M,M,M,M,M,M,M,M,68.00,FALE 271310Z 06020KT 9999 SCT014 20/16 Q1025 NOSIG,M
FALE,2026-08-27 14:00,69.80,60.80,73.13,60.00,20.00,0.00,30.27,M,6.21,30.00,SCT,M,M,M,1700.00,M,M,M,M,M,M,M,M,M,M,69.80,FALE 271400Z 06020G30KT 9999 SCT017 21/16 Q1025 NOSIG,M
FALE,2026-08-27 14:32,68.00,60.80,77.77,60.00,22.00,0.00,30.27,M,6.21,36.00,FEW,M,M,M,1900.00,M,M,M,M,M,M,M,M,M,M,68.00,FALE 271432Z 06022G36KT 9999 FEW019 20/16 Q1025 NOSIG,M
FALE,2026-08-27 14:35,68.00,59.00,72.95,60.00,22.00,0.00,30.27,M,6.21,M,FEW,M,M,M,2000.00,M,M,M,M,M,M,M,M,M,M,68.00,FALE 271435Z 06022KT 9999 FEW020 20/15 Q1025 NOSIG,M
FALE,2026-08-27 14:44,68.00,60.80,77.77,60.00,20.00,0.00,30.27,M,6.21,30.00,FEW,SCT,M,M,2100.00,2700.00,M,M,M,M,M,M,M,M,M,68.00,FALE 271444Z 06020G30KT 9999 FEW021 SCT027 20/16 Q1025 NOSIG,M
FALE,2026-08-27 15:00,68.00,59.00,72.95,60.00,19.00,0.00,30.27,M,6.21,32.00,FEW,SCT,M,M,2100.00,2600.00,M,M,M,M,M,M,M,M,M,68.00,FALE 271500Z 06019G32KT 9999 FEW021 SCT026 20/15 Q1025 NOSIG,M
FALE,2026-08-27 15:27,68.00,60.80,77.77,50.00,18.00,0.00,30.27,M,6.21,M,FEW,BKN,M,M,1800.00,2800.00,M,M,M,M,M,M,M,M,M,68.00,FALE 271527Z 05018KT 9999 FEW018 BKN028 20/16 Q1025 NOSIG,M
FALE,2026-08-27 16:00,68.00,60.80,77.77,50.00,15.00,0.00,30.27,M,6.21,M,BKN,M,M,M,2700.00,M,M,M,M,M,M,M,M,M,M,68.00,FALE 271600Z 05015KT 9999 BKN027 20/16 Q1025 NOSIG,M
FALE,2026-08-27 17:00,66.20,59.00,77.62,50.00,17.00,0.00,30.27,M,6.21,M,FEW,M,M,M,2400.00,M,M,M,M,M,M,M,M,M,M,66.20,FALE 271700Z 05017KT 9999 FEW024 19/15 Q1025 NOSIG,M
FALE,2026-08-27 18:00,64.40,59.00,82.63,40.00,13.00,0.00,30.27,M,6.21,M,FEW,M,M,M,2400.00,M,M,M,M,M,M,M,M,M,M,64.40,FALE 271800Z 04013KT 9999 FEW024 18/15 Q1025 NOSIG,M
FALE,2026-08-27 19:00,64.40,59.00,82.63,50.00,12.00,0.00,30.27,M,6.21,M,M,M,M,M,M,M,M,M,M,M,M,M,M,M,M,64.40,FALE 271900Z 05012KT CAVOK 18/15 Q1025 NOSIG,M
FALE,2026-08-27 20:00,64.40,59.00,82.63,50.00,11.00,0.00,30.30,M,6.21,M,M,M,M,M,M,M,M,M,M,M,M,M,M,M,M,64.40,FALE 272000Z 05011KT CAVOK 18/15 Q1026 NOSIG,M
FALE,2026-08-27 21:00,64.40,59.00,82.63,50.00,12.00,0.00,30.27,M,6.21,M,M,M,M,M,M,M,M,M,M,M,M,M,M,M,M,64.40,FALE 272100Z 05012KT CAVOK 18/15 Q1025 NOSIG,M
FALE,2026-08-27 22:00,64.40,59.00,82.63,40.00,13.00,0.00,30.27,M,6.21,M,M,M,M,M,M,M,M,M,M,M,M,M,M,M,M,64.40,FALE 272200Z 04013KT CAVOK 18/15 Q1025 NOSIG,M
FALE,2026-08-27 23:00,64.40,59.00,82.63,40.00,9.00,0.00,30.27,M,6.21,M,M,M,M,M,M,M,M,M,M,M,M,M,M,M,M,64.40,FALE 272300Z 04009KT CAVOK 18/15 Q1025 NOSIG,M
FALE,2026-08-28 00:00,62.60,59.00,88.01,40.00,11.00,0.00,30.24,M,6.21,M,M,M,M,M,M,M,M,M,M,M,M,M,M,M,M,62.60,FALE 280000Z 04011KT CAVOK 17/15 Q1024 NOSIG,M
FALE,2026-08-28 01:00,62.60,59.00,88.01,50.00,11.00,0.00,30.24,M,6.21,M,M,M,M,M,M,M,M,M,M,M,M,M,M,M,M,62.60,FALE 280100Z 05011KT CAVOK 17/15 Q1024 NOSIG,M
FALE,2026-08-28 02:00,62.60,59.00,88.01,40.00,10.00,0.00,30.21,M,6.21,M,M,M,M,M,M,M,M,M,M,M,M,M,M,M,M,62.60,FALE 280200Z 04010KT CAVOK 17/15 Q1023 NOSIG,M
FALE,2026-08-28 03:00,62.60,59.00,88.01,40.00,7.00,0.00,30.21,M,6.21,M,M,M,M,M,M,M,M,M,M,M,M,M,M,M,M,62.60,FALE 280300Z 04007KT CAVOK 17/15 Q1023 NOSIG,M
FALE,2026-08-28 04:00,60.80,57.20,87.93,40.00,6.00,0.00,30.24,M,6.21,M,M,M,M,M,M,M,M,M,M,M,M,M,M,M,M,60.80,FALE 280400Z 04006KT CAVOK 16/14 Q1024 NOSIG,M
FALE,2026-08-28 05:00,60.80,59.00,93.79,20.00,5.00,0.00,30.24,M,6.21,M,M,M,M,M,M,M,M,M,M,M,M,M,M,M,M,60.80,COR FALE 280500Z 02005KT 340V050 CAVOK 16/15 Q1024 NOSIG,M
FALE,2026-08-28 06:00,64.40,59.00,82.63,20.00,6.00,0.00,30.24,M,6.21,M,M,M,M,M,M,M,M,M,M,M,M,M,M,M,M,64.40,FALE 280600Z 02006KT 330V050 CAVOK 18/15 Q1024 NOSIG,M
FALE,2026-08-28 06:25,68.00,59.00,72.95,20.00,8.00,0.00,30.24,M,6.21,M,M,M,M,M,M,M,M,M,M,M,M,M,M,M,M,68.00,FALE 280625Z 02008KT 350V060 CAVOK 20/15 Q1024 NOSIG,M
FALE,2026-08-28 06:49,69.80,59.00,68.59,30.00,11.00,0.00,30.24,M,6.21,M,M,M,M,M,M,M,M,M,M,M,M,M,M,M,M,69.80,FALE 280649Z 03011KT CAVOK 21/15 Q1024 NOSIG,M
FALE,2026-08-28 07:00,68.00,59.00,72.95,30.00,11.00,0.00,30.24,M,6.21,M,M,M,M,M,M,M,M,M,M,M,M,M,M,M,M,68.00,FALE 280700Z 03011KT CAVOK 20/15 Q1024 NOSIG,M
FALE,2026-08-28 07:13,71.60,59.00,64.52,40.00,11.00,0.00,30.24,M,6.21,M,M,M,M,M,M,M,M,M,M,M,M,M,M,M,M,71.60,FALE 280713Z 04011KT CAVOK 22/15 Q1024 NOSIG,M
FALE,2026-08-28 08:00,73.40,59.00,60.72,40.00,11.00,0.00,30.24,M,6.21,M,M,M,M,M,M,M,M,M,M,M,M,M,M,M,M,73.40,FALE 280800Z 04011KT CAVOK 23/15 Q1024 NOSIG,M
FALE,2026-08-28 08:29,77.00,59.00,53.86,40.00,11.00,0.00,30.24,M,6.21,M,M,M,M,M,M,M,M,M,M,M,M,M,M,M,M,77.00,FALE 280829Z 04011KT CAVOK 25/15 Q1024 NOSIG,M
FALE,2026-08-28 09:00,75.20,62.60,64.96,60.00,9.00,0.00,30.24,M,6.21,M,M,M,M,M,M,M,M,M,M,M,M,M,M,M,M,75.20,FALE 280900Z 06009KT 020V100 CAVOK 24/17 Q1024 NOSIG,M
FALE,2026-08-28 10:00,75.20,62.60,64.96,70.00,13.00,0.00,30.21,M,6.21,M,M,M,M,M,M,M,M,M,M,M,M,M,M,M,M,75.20,FALE 281000Z 07013KT CAVOK 24/17 Q1023 NOSIG,M
FALE,2026-08-28 11:00,77.00,62.60,61.19,60.00,14.00,0.00,30.15,M,6.21,M,M,M,M,M,M,M,M,M,M,M,M,M,M,M,M,77.00,FALE 281100Z 06014KT CAVOK 25/17 Q1021 NOSIG,M
FALE,2026-08-28 11:48,77.00,62.60,61.19,60.00,14.00,0.00,30.15,M,6.21,24.00,M,M,M,M,M,M,M,M,M,M,M,M,M,M,M,77.00,FALE 281148Z 06014G24KT CAVOK 25/17 Q1021 NOSIG,M
FALE,2026-08-28 12:00,77.00,62.60,61.19,60.00,14.00,0.00,30.15,M,6.21,24.00,M,M,M,M,M,M,M,M,M,M,M,M,M,M,M,77.00,FALE 281200Z 06014G24KT CAVOK 25/17 Q1021 NOSIG,M
FALE,2026-08-28 12:19,77.00,62.60,61.19,60.00,14.00,0.00,30.12,M,6.21,M,M,M,M,M,M,M,M,M,M,M,M,M,M,M,M,77.00,FALE 281219Z 06014KT CAVOK 25/17 Q1020 NOSIG,M
FALE,2026-08-28 13:00,75.20,62.60,64.96,70.00,15.00,0.00,30.12,M,6.21,M,M,M,M,M,M,M,M,M,M,M,M,M,M,M,M,75.20,FALE 281300Z 07015KT CAVOK 24/17 Q1020 NOSIG,M
FALE,2026-08-28 14:00,75.20,62.60,64.96,60.00,15.00,0.00,30.12,M,6.21,M,M,M,M,M,M,M,M,M,M,M,M,M,M,M,M,75.20,FALE 281400Z 06015KT CAVOK 24/17 Q1020 NOSIG,M
FALE,2026-08-28 15:00,73.40,62.60,68.99,60.00,15.00,0.00,30.12,M,6.21,M,M,M,M,M,M,M,M,M,M,M,M,M,M,M,M,73.40,FALE 281500Z 06015KT CAVOK 23/17 Q1020 NOSIG,M
FALE,2026-08-28 16:00,69.80,64.40,83.00,60.00,14.00,0.00,30.15,M,6.21,M,M,M,M,M,M,M,M,M,M,M,M,M,M,M,M,69.80,FALE 281600Z 06014KT CAVOK 21/18 Q1021 NOSIG,M
FALE,2026-08-28 17:00,69.80,64.40,83.00,60.00,14.00,0.00,30.15,M,6.21,M,M,M,M,M,M,M,M,M,M,M,M,M,M,M,M,69.80,FALE 281700Z 06014KT CAVOK 21/18 Q1021 NOSIG,M
FALE,2026-08-28 18:00,68.00,62.60,82.88,60.00,13.00,0.00,30.18,M,6.21,M,M,M,M,M,M,M,M,M,M,M,M,M,M,M,M,68.00,FALE 281800Z 06013KT CAVOK 20/17 Q1022 NOSIG,M
FALE,2026-08-28 19:00,68.00,60.80,77.77,50.00,10.00,0.00,30.18,M,6.21,M,M,M,M,M,M,M,M,M,M,M,M,M,M,M,M,68.00,FALE 281900Z 05010KT CAVOK 20/16 Q1022 NOSIG,M
FALE,2026-08-28 20:00,66.20,59.00,77.62,50.00,8.00,0.00,30.21,M,6.21,M,M,M,M,M,M,M,M,M,M,M,M,M,M,M,M,66.20,FALE 282000Z 05008KT CAVOK 19/15 Q1023 NOSIG,M
FALE,2026-08-28 21:00,64.40,57.20,77.46,40.00,9.00,0.00,30.18,M,6.21,M,M,M,M,M,M,M,M,M,M,M,M,M,M,M,M,64.40,FALE 282100Z 04009KT CAVOK 18/14 Q1022 NOSIG,M
FALE,2026-08-28 22:00,62.60,57.20,82.51,40.00,8.00,0.00,30.18,M,6.21,M,M,M,M,M,M,M,M,M,M,M,M,M,M,M,M,62.60,FALE 282200Z 04008KT CAVOK 17/14 Q1022 NOSIG,M
FALE,2026-08-28 23:00,60.80,57.20,87.93,50.00,4.00,0.00,30.18,M,6.21,M,M,M,M,M,M,M,M,M,M,M,M,M,M,M,M,60.80,FALE 282300Z 05004KT CAVOK 16/14 Q1022 NOSIG,M
FALE,2026-08-29 00:00,60.80,55.40,82.38,30.00,6.00,0.00,30.18,M,6.21,M,M,M,M,M,M,M,M,M,M,M,M,M,M,M,M,60.80,FALE 290000Z 03006KT CAVOK 16/13 Q1022 NOSIG,M
FALE,2026-08-29 01:00,57.20,55.40,93.70,40.00,4.00,0.00,30.15,M,6.21,M,M,M,M,M,M,M,M,M,M,M,M,M,M,M,M,57.20,FALE 290100Z 04004KT CAVOK 14/13 Q1021 NOSIG,M
FALE,2026-08-29 02:00,57.20,55.40,93.70,40.00,3.00,0.00,30.12,M,6.21,M,M,M,M,M,M,M,M,M,M,M,M,M,M,M,M,57.20,FALE 290200Z 04003KT CAVOK 14/13 Q1020 NOSIG,M
FALE,2026-08-29 03:00,57.20,53.60,87.75,60.00,4.00,0.00,30.12,M,6.21,M,M,M,M,M,M,M,M,M,M,M,M,M,M,M,M,57.20,FALE 290300Z 06004KT CAVOK 14/12 Q1020 NOSIG,M
FALE,2026-08-29 04:00,55.40,53.60,93.65,50.00,3.00,0.00,30.12,M,6.21,M,M,M,M,M,M,M,M,M,M,M,M,M,M,M,M,55.40,FALE 290400Z 05003KT CAVOK 13/12 Q1020 NOSIG,M
FALE,2026-08-29 05:00,55.40,53.60,93.65,40.00,3.00,0.00,30.12,M,6.21,M,M,M,M,M,M,M,M,M,M,M,M,M,M,M,M,55.40,FALE 290500Z 04003KT CAVOK 13/12 Q1020 NOSIG,M
FALE,2026-08-29 05:21,59.00,55.40,87.84,30.00,5.00,0.00,30.12,M,6.21,M,M,M,M,M,M,M,M,M,M,M,M,M,M,M,M,59.00,FALE 290521Z 03005KT CAVOK 15/13 Q1020 NOSIG,M
FALE,2026-08-29 06:00,60.80,55.40,82.38,20.00,6.00,0.00,30.12,M,6.21,M,M,M,M,M,M,M,M,M,M,M,M,M,M,M,M,60.80,FALE 290600Z 02006KT CAVOK 16/13 Q1020 NOSIG,M
FALE,2026-08-29 06:19,64.40,57.20,77.46,40.00,6.00,0.00,30.12,M,6.21,M,M,M,M,M,M,M,M,M,M,M,M,M,M,M,M,64.40,FALE 290619Z 04006KT CAVOK 18/14 Q1020 NOSIG,M
FALE,2026-08-29 06:49,68.00,57.20,68.38,20.00,6.00,0.00,30.12,M,6.21,M,M,M,M,M,M,M,M,M,M,M,M,M,M,M,M,68.00,FALE 290649Z 02006KT 350V050 CAVOK 20/14 Q1020 NOSIG,M
FALE,2026-08-29 07:00,68.00,57.20,68.38,20.00,6.00,0.00,30.12,M,6.21,M,M,M,M,M,M,M,M,M,M,M,M,M,M,M,M,68.00,FALE 290700Z 02006KT CAVOK 20/14 Q1020 NOSIG,M
FALE,2026-08-29 07:49,73.40,57.20,56.92,40.00,9.00,0.00,30.12,M,6.21,M,M,M,M,M,M,M,M,M,M,M,M,M,M,M,M,73.40,FALE 290749Z 04009KT 360V070 CAVOK 23/14 Q1020 NOSIG,M
FALE,2026-08-29 08:00,73.40,57.20,56.92,30.00,9.00,0.00,30.12,M,6.21,M,M,M,M,M,M,M,M,M,M,M,M,M,M,M,M,73.40,FALE 290800Z 03009KT 010V070 CAVOK 23/14 Q1020 NOSIG,M
FALE,2026-08-29 09:00,77.00,59.00,53.86,60.00,10.00,0.00,30.09,M,6.21,M,M,M,M,M,M,M,M,M,M,M,M,M,M,M,M,77.00,FALE 290900Z 06010KT 040V100 CAVOK 25/15 Q1019 NOSIG,M
FALE,2026-08-29 10:00,77.00,59.00,53.86,60.00,12.00,0.00,30.06,M,6.21,M,M,M,M,M,M,M,M,M,M,M,M,M,M,M,M,77.00,FALE 291000Z 06012KT CAVOK 25/15 Q1018 NOSIG,M
FALE,2026-08-29 11:00,78.80,59.00,50.76,60.00,15.00,0.00,30.03,M,6.21,M,M,M,M,M,M,M,M,M,M,M,M,M,M,M,M,78.80,FALE 291100Z 06015KT CAVOK 26/15 Q1017 NOSIG,M
FALE,2026-08-29 12:00,78.80,59.00,50.76,60.00,17.00,0.00,29.97,M,6.21,M,M,M,M,M,M,M,M,M,M,M,M,M,M,M,M,78.80,FALE 291200Z 06017KT CAVOK 26/15 Q1015 NOSIG,M
FALE,2026-08-29 13:00,77.00,59.00,53.86,60.00,16.00,0.00,29.94,M,6.21,M,M,M,M,M,M,M,M,M,M,M,M,M,M,M,M,77.00,FALE 291300Z 06016KT CAVOK 25/15 Q1014 NOSIG,M
FALE,2026-08-29 13:09,75.20,60.80,60.96,70.00,17.00,0.00,29.94,M,6.21,27.00,M,M,M,M,M,M,M,M,M,M,M,M,M,M,M,75.20,FALE 291309Z 07017G27KT CAVOK 24/16 Q1014 NOSIG,M
FALE,2026-08-29 13:22,75.20,60.80,60.96,60.00,18.00,0.00,29.94,M,6.21,M,M,M,M,M,M,M,M,M,M,M,M,M,M,M,M,75.20,FALE 291322Z 06018KT CAVOK 24/16 Q1014 NOSIG,M
FALE,2026-08-29 14:00,73.40,60.80,64.74,60.00,19.00,0.00,29.94,M,6.21,M,M,M,M,M,M,M,M,M,M,M,M,M,M,M,M,73.40,FALE 291400Z 06019KT CAVOK 23/16 Q1014 NOSIG,M
FALE,2026-08-29 15:00,71.60,60.80,68.79,60.00,18.00,0.00,29.94,M,6.21,M,M,M,M,M,M,M,M,M,M,M,M,M,M,M,M,71.60,FALE 291500Z 06018KT CAVOK 22/16 Q1014 NOSIG,M
FALE,2026-08-29 16:00,69.80,62.60,77.93,50.00,15.00,0.00,29.94,M,6.21,M,M,M,M,M,M,M,M,M,M,M,M,M,M,M,M,69.80,FALE 291600Z 05015KT CAVOK 21/17 Q1014 NOSIG,M
FALE,2026-08-29 17:00,69.80,62.60,77.93,60.00,13.00,0.00,29.94,M,6.21,M,M,M,M,M,M,M,M,M,M,M,M,M,M,M,M,69.80,FALE 291700Z 06013KT CAVOK 21/17 Q1014 NOSIG,M
FALE,2026-08-29 18:00,69.80,60.80,73.13,50.00,11.00,0.00,29.94,M,6.21,M,M,M,M,M,M,M,M,M,M,M,M,M,M,M,M,69.80,FALE 291800Z 05011KT CAVOK 21/16 Q1014 NOSIG,M
FALE,2026-08-29 19:00,68.00,57.20,68.38,50.00,10.00,0.00,29.94,M,6.21,M,M,M,M,M,M,M,M,M,M,M,M,M,M,M,M,68.00,FALE 291900Z 05010KT CAVOK 20/14 Q1014 NOSIG,M
FALE,2026-08-29 20:00,64.40,55.40,72.58,40.00,6.00,0.00,29.94,M,6.21,M,M,M,M,M,M,M,M,M,M,M,M,M,M,M,M,64.40,FALE 292000Z 04006KT CAVOK 18/13 Q1014 NOSIG,M
FALE,2026-08-29 21:00,62.60,55.40,77.31,50.00,6.00,0.00,29.94,M,6.21,M,M,M,M,M,M,M,M,M,M,M,M,M,M,M,M,62.60,FALE 292100Z 05006KT CAVOK 17/13 Q1014 NOSIG,M
FALE,2026-08-29 22:00,60.80,55.40,82.38,40.00,6.00,0.00,29.91,M,6.21,M,M,M,M,M,M,M,M,M,M,M,M,M,M,M,M,60.80,FALE 292200Z 04006KT CAVOK 16/13 Q1013 NOSIG,M
FALE,2026-08-29 23:00,59.00,53.60,82.26,10.00,4.00,0.00,29.91,M,6.21,M,M,M,M,M,M,M,M,M,M,M,M,M,M,M,M,59.00,FALE 292300Z 01004KT 340V040 CAVOK 15/12 Q1013 NOSIG,M
FALE,2026-08-29 23:53,62.60,53.60,72.40,M,2.00,0.00,29.94,M,6.21,M,M,M,M,M,M,M,M,M,M,M,M,M,M,M,M,62.60,FALE 292353Z VRB02KT CAVOK 17/12 Q1014 NOSIG,M
FALE,2026-08-30 00:00,62.60,53.60,72.40,M,2.00,0.00,29.94,M,6.21,M,M,M,M,M,M,M,M,M,M,M,M,M,M,M,M,62.60,FALE 300000Z VRB02KT CAVOK 17/12 Q1014 NOSIG,M
FALE,2026-08-30 00:01,59.00,53.60,82.26,210.00,16.00,0.00,29.97,M,6.21,M,M,M,M,M,M,M,M,M,M,M,M,M,M,M,M,59.00,FALE 300001Z 21016KT 130V240 CAVOK 15/12 Q1015 NOSIG,M
FALE,2026-08-30 00:12,62.60,55.40,77.31,210.00,17.00,0.00,29.97,M,6.21,M,M,M,M,M,M,M,M,M,M,M,M,M,M,M,M,62.60,FALE 300012Z 21017KT CAVOK 17/13 Q1015 NOSIG,M
FALE,2026-08-30 00:36,66.20,60.80,82.76,210.00,15.00,0.00,29.97,M,6.21,27.00,SCT,M,M,M,2500.00,M,M,M,M,M,M,M,M,M,M,66.20,FALE 300036Z 21015G27KT 9999 SCT025 19/16 Q1015 NOSIG,M
FALE,2026-08-30 00:37,66.20,60.80,82.76,210.00,15.00,0.00,29.97,M,6.21,25.00,FEW,SCT,M,M,1700.00,2600.00,M,M,M,M,M,M,M,M,M,66.20,FALE 300037Z 21015G25KT 9999 FEW017 SCT026 19/16 Q1015 NOSIG,M
FALE,2026-08-30 01:00,68.00,62.60,82.88,210.00,15.00,0.00,30.00,M,6.21,25.00,FEW,SCT,M,M,1700.00,2600.00,M,M,M,M,M,M,M,M,M,68.00,FALE 300100Z 21015G25KT 9999 FEW017 SCT026 20/17 Q1016 NOSIG,M
FALE,2026-08-30 02:00,66.20,62.60,88.19,210.00,16.00,0.00,30.03,M,6.21,M,SCT,BKN,M,M,1400.00,3000.00,M,M,M,M,M,M,M,M,M,66.20,FALE 300200Z 21016KT 9999 SCT014 BKN030 19/17 Q1017 NOSIG,M
FALE,2026-08-30 03:00,68.00,60.80,77.77,210.00,12.00,0.00,30.03,M,6.21,M,SCT,BKN,M,M,2400.00,3200.00,M,M,M,M,M,M,M,M,M,68.00,FALE 300300Z 21012KT 9999 SCT024 BKN032 20/16 Q1017 NOSIG,M
FALE,2026-08-30 04:00,68.00,60.80,77.77,210.00,9.00,0.00,30.06,M,6.21,M,BKN,M,M,M,3000.00,M,M,M,M,M,M,M,M,M,M,68.00,FALE 300400Z 21009KT 9999 BKN030 20/16 Q1018 NOSIG,M
FALE,2026-08-30 05:00,68.00,59.00,72.95,210.00,7.00,0.00,30.09,M,6.21,M,BKN,M,M,M,3500.00,M,M,M,M,M,M,M,M,M,M,68.00,FALE 300500Z 21007KT 9999 BKN035 20/15 Q1019 NOSIG,M
FALE,2026-08-30 06:00,69.80,55.40,60.24,220.00,11.00,0.00,30.12,M,6.21,M,FEW,M,M,M,3500.00,M,M,M,M,M,M,M,M,M,M,69.80,FALE 300600Z 22011KT 9999 FEW035 21/13 Q1020 NOSIG,M
FALE,2026-08-30 07:00,73.40,53.60,49.95,220.00,12.00,0.00,30.15,M,6.21,M,M,M,M,M,M,M,M,M,M,M,M,M,M,M,M,73.40,FALE 300700Z 22012KT CAVOK 23/12 Q1021 NOSIG,M
FALE,2026-08-30 08:00,75.20,53.60,47.03,220.00,14.00,0.00,30.15,M,6.21,M,M,M,M,M,M,M,M,M,M,M,M,M,M,M,M,75.20,FALE 300800Z 22014KT 180V240 CAVOK 24/12 Q1021 NOSIG,M
FALE,2026-08-30 09:00,73.40,57.20,56.92,190.00,13.00,0.00,30.15,M,6.21,M,M,M,M,M,M,M,M,M,M,M,M,M,M,M,M,73.40,FALE 300900Z 19013KT CAVOK 23/14 Q1021 NOSIG,M
FALE,2026-08-30 10:00,75.20,59.00,57.17,180.00,12.00,0.00,30.12,M,6.21,M,FEW,M,M,M,3900.00,M,M,M,M,M,M,M,M,M,M,75.20,FALE 301000Z 18012KT 140V220 9999 FEW039 24/15 Q1020 NOSIG,M
FALE,2026-08-30 11:00,73.40,59.00,60.72,180.00,12.00,0.00,30.12,M,6.21,M,FEW,M,M,M,3300.00,M,M,M,M,M,M,M,M,M,M,73.40,FALE 301100Z 18012KT 9999 FEW033 23/15 Q1020 NOSIG,M
FALE,2026-08-30 12:00,69.80,60.80,73.13,190.00,13.00,0.00,30.12,M,6.21,M,SCT,M,M,M,3300.00,M,M,M,M,M,M,M,M,M,M,69.80,FALE 301200Z 19013KT 9999 SCT033 21/16 Q1020 NOSIG,M
FALE,2026-08-30 13:00,69.80,62.60,77.93,190.00,10.00,0.00,30.12,M,6.21,M,FEW,M,M,M,3500.00,M,M,M,M,M,M,M,M,M,M,69.80,FALE 301300Z 19010KT 160V220 9999 FEW035 21/17 Q1020 NOSIG,M
FALE,2026-08-30 14:00,68.00,62.60,82.88,190.00,8.00,0.00,30.12,M,6.21,M,FEW,M,M,M,3500.00,M,M,M,M,M,M,M,M,M,M,68.00,FALE 301400Z 19008KT 150V210 9999 FEW035 20/17 Q1020 NOSIG,M
FALE,2026-08-30 15:00,68.00,60.80,77.77,190.00,9.00,0.00,30.15,M,6.21,M,FEW,M,M,M,4000.00,M,M,M,M,M,M,M,M,M,M,68.00,FALE 301500Z 19009KT 9999 FEW040 20/16 Q1021 NOSIG,M
FALE,2026-08-30 16:00,66.20,60.80,82.76,210.00,5.00,0.00,30.15,M,6.21,M,M,M,M,M,M,M,M,M,M,M,M,M,M,M,M,66.20,FALE 301600Z 21005KT CAVOK 19/16 Q1021 NOSIG,M
FALE,2026-08-30 17:00,64.40,60.80,88.10,210.00,5.00,0.00,30.18,M,6.21,M,M,M,M,M,M,M,M,M,M,M,M,M,M,M,M,64.40,FALE 301700Z 21005KT CAVOK 18/16 Q1022 NOSIG,M
FALE,2026-08-30 18:00,64.40,60.80,88.10,190.00,3.00,0.00,30.21,M,6.21,M,M,M,M,M,M,M,M,M,M,M,M,M,M,M,M,64.40,FALE 301800Z 19003KT CAVOK 18/16 Q1023 NOSIG,M
FALE,2026-08-30 19:00,62.60,60.80,93.84,M,2.00,0.00,30.21,M,6.21,M,FEW,BKN,M,M,2000.00,2700.00,M,M,M,M,M,M,M,M,M,62.60,FALE 301900Z VRB02KT 9999 FEW020 BKN027 17/16 Q1023 NOSIG,M
FALE,2026-08-30 20:00,60.80,59.00,93.79,210.00,2.00,0.00,30.21,M,6.21,M,M,M,M,M,M,M,M,M,M,M,M,M,M,M,M,60.80,FALE 302000Z 21002KT CAVOK 16/15 Q1023 NOSIG,M
FALE,2026-08-30 21:00,59.00,57.20,93.74,230.00,1.00,0.00,30.21,M,6.21,M,FEW,M,M,M,2500.00,M,M,M,M,M,M,M,M,M,M,59.00,FALE 302100Z 23001KT 9999 FEW025 15/14 Q1023 NOSIG,M
FALE,2026-08-30 22:00,62.60,60.80,93.84,240.00,3.00,0.00,30.18,M,6.21,M,BKN,M,M,M,2600.00,M,M,M,M,M,M,M,M,M,M,62.60,FALE 302200Z 24003KT 9999 BKN026 17/16 Q1022 NOSIG,M
FALE,2026-08-30 23:00,62.60,59.00,88.01,250.00,4.00,0.00,30.18,M,6.21,M,M,M,M,M,M,M,M,M,M,M,M,M,M,M,M,62.60,FALE 302300Z 25004KT CAVOK 17/15 Q1022 NOSIG,M
FALE,2026-08-31 00:00,59.00,57.20,93.74,210.00,2.00,0.00,30.18,M,6.21,M,M,M,M,M,M,M,M,M,M,M,M,M,M,M,M,59.00,FALE 310000Z 21002KT CAVOK 15/14 Q1022 NOSIG,M
FALE,2026-08-31 01:00,60.80,59.00,93.79,0.00,0.00,0.00,30.15,M,6.21,M,BKN,M,M,M,2200.00,M,M,M,M,M,M,M,M,M,M,60.80,FALE 310100Z 00000KT 9999 BKN022 16/15 Q1021 NOSIG,M
FALE,2026-08-31 02:00,62.60,59.00,88.01,0.00,0.00,0.00,30.15,M,6.21,M,FEW,BKN,M,M,2200.00,3000.00,M,M,M,M,M,M,M,M,M,62.60,FALE 310200Z 00000KT 9999 FEW022 BKN030 17/15 Q1021 NOSIG,M
FALE,2026-08-31 03:00,62.60,60.80,93.84,M,1.00,0.00,30.18,M,6.21,M,SCT,BKN,M,M,2200.00,3000.00,M,M,M,M,M,M,M,M,M,62.60,FALE 310300Z VRB01KT 9999 SCT022 BKN030 17/16 Q1022 NOSIG,M
FALE,2026-08-31 04:00,62.60,59.00,88.01,0.00,0.00,0.00,30.18,M,6.21,M,FEW,BKN,M,M,2000.00,4100.00,M,M,M,M,M,M,M,M,M,62.60,FALE 310400Z 00000KT 9999 FEW020 BKN041 17/15 Q1022 NOSIG,M
FALE,2026-08-31 05:00,60.80,59.00,93.79,0.00,0.00,0.00,30.18,M,6.21,M,FEW,BKN,M,M,2000.00,4100.00,M,M,M,M,M,M,M,M,M,60.80,FALE 310500Z 00000KT 9999 FEW020 BKN041 16/15 Q1022 NOSIG,M
FALE,2026-08-31 06:00,64.40,60.80,88.10,M,2.00,0.00,30.21,M,6.21,M,BKN,BKN,M,M,1900.00,4100.00,M,M,M,M,M,M,M,M,M,64.40,FALE 310600Z VRB02KT 9999 BKN019 BKN041 18/16 Q1023 NOSIG,M
FALE,2026-08-31 07:00,66.20,62.60,88.19,180.00,3.00,0.00,30.21,M,6.21,M,SCT,BKN,M,M,2000.00,3500.00,M,M,M,M,M,M,M,M,M,66.20,FALE 310700Z 18003KT 150V220 9999 SCT020 BKN035 19/17 Q1023 NOSIG,M
FALE,2026-08-31 08:00,68.00,62.60,82.88,M,2.00,0.00,30.21,M,6.21,M,SCT,BKN,M,M,2300.00,4000.00,M,M,M,M,M,M,M,M,M,68.00,FALE 310800Z VRB02KT 9999 SCT023 BKN040 20/17 Q1023 NOSIG,M
FALE,2026-08-31 09:00,69.80,64.40,83.00,170.00,5.00,0.00,30.21,M,6.21,M,FEW,BKN,M,M,1200.00,4600.00,M,M,M,M,M,M,M,M,M,69.80,FALE 310900Z 17005KT 110V230 9999 FEW012 BKN046 21/18 Q1023 NOSIG,M
FALE,2026-08-31 10:00,68.00,62.60,82.88,150.00,5.00,0.00,30.15,M,6.21,M,FEW,SCT,M,M,1200.00,4800.00,M,M,M,M,M,M,M,M,M,68.00,FALE 311000Z 15005KT 120V190 9999 FEW012 SCT048 20/17 Q1021 NOSIG,M
FALE,2026-08-31 10:13,71.60,64.40,78.08,160.00,6.00,0.00,30.15,M,6.21,M,FEW,SCT,M,M,1200.00,4800.00,M,M,M,M,M,M,M,M,M,71.60,FALE 311013Z 16006KT 110V210 9999 FEW012 SCT048 22/18 Q1021 NOSIG,M
FALE,2026-08-31 11:00,71.60,62.60,73.30,170.00,6.00,0.00,30.15,M,6.21,M,FEW,SCT,M,M,1200.00,4800.00,M,M,M,M,M,M,M,M,M,71.60,FALE 311100Z 17006KT 130V210 9999 FEW012 SCT048 22/17 Q1021 NOSIG,M
FALE,2026-08-31 12:00,69.80,64.40,83.00,160.00,7.00,0.00,30.12,M,6.21,M,SCT,M,M,M,1000.00,M,M,M,M,M,M,M,M,M,M,69.80,FALE 311200Z 16007KT 100V210 9999 SCT010 21/18 Q1020 NOSIG,M
FALE,2026-08-31 12:10,69.80,64.40,83.00,160.00,6.00,0.00,30.12,M,6.21,M,BKN,M,M,M,1000.00,M,M,M,M,M,M,M,M,M,M,69.80,FALE 311210Z 16006KT 110V210 9999 BKN010 21/18 Q1020 NOSIG,M
FALE,2026-08-31 12:19,68.00,64.40,88.28,170.00,8.00,0.00,30.12,M,6.21,M,BKN,M,M,M,800.00,M,M,M,M,M,M,M,M,M,M,68.00,FALE 311219Z 17008KT 130V200 9999 BKN008 20/18 Q1020 NOSIG,M
FALE,2026-08-31 13:00,69.80,64.40,83.00,180.00,6.00,0.00,30.15,M,6.21,M,BKN,M,M,M,900.00,M,M,M,M,M,M,M,M,M,M,69.80,FALE 311300Z 18006KT 130V220 9999 BKN009 21/18 Q1021 NOSIG,M
FALE,2026-08-31 13:35,68.00,64.40,88.28,180.00,6.00,0.00,30.15,M,6.21,M,SCT,BKN,M,M,800.00,4900.00,M,M,M,M,M,M,M,M,M,68.00,FALE 311335Z 18006KT 140V200 9999 SCT008 BKN049 20/18 Q1021 NOSIG,M
FALE,2026-08-31 14:00,68.00,64.40,88.28,170.00,6.00,0.00,30.12,M,6.21,M,FEW,SCT,BKN,M,800.00,1300.00,4900.00,M,M,M,M,M,M,M,M,68.00,FALE 311400Z 17006KT 130V210 9999 FEW008 SCT013 BKN049 20/18 Q1020 NOSIG,M
FALE,2026-08-31 14:10,68.00,64.40,88.28,190.00,5.00,0.00,30.15,M,6.21,M,FEW,BKN,BKN,M,800.00,1300.00,4900.00,M,M,M,M,M,M,M,M,68.00,FALE 311410Z 19005KT 150V220 9999 FEW008 BKN013 BKN049 20/18 Q1021 NOSIG,M
FALE,2026-08-31 14:48,68.00,64.40,88.28,190.00,5.00,0.00,30.15,M,6.21,M,SCT,BKN,M,M,1300.00,4900.00,M,M,M,M,M,M,M,M,M,68.00,FALE 311448Z 19005KT 160V220 9999 SCT013 BKN049 20/18 Q1021 NOSIG,M
FALE,2026-08-31 15:00,68.00,64.40,88.28,190.00,5.00,0.00,30.15,M,6.21,M,SCT,BKN,M,M,1300.00,4900.00,M,M,M,M,M,M,M,M,M,68.00,FALE 311500Z 19005KT 160V220 9999 SCT013 BKN049 20/18 Q1021 NOSIG,M
FALE,2026-08-31 16:00,68.00,64.40,88.28,210.00,4.00,0.00,30.15,M,6.21,M,FEW,BKN,M,M,1800.00,4900.00,M,M,M,M,M,M,M,M,M,68.00,FALE 311600Z 21004KT 9999 FEW018 BKN049 20/18 Q1021 NOSIG,M
FALE,2026-08-31 17:00,66.20,64.40,93.93,180.00,4.00,0.00,30.18,M,6.21,M,FEW,SCT,M,M,1100.00,3700.00,M,M,M,M,M,M,M,M,M,66.20,FALE 311700Z 18004KT 9999 FEW011 SCT037 19/18 Q1022 NOSIG,M
FALE,2026-08-31 18:00,66.20,64.40,93.93,190.00,3.00,0.00,30.21,M,6.21,M,FEW,BKN,M,M,1900.00,2900.00,M,M,M,M,M,M,M,M,M,66.20,FALE 311800Z 19003KT 9999 FEW019 BKN029 19/18 Q1023 NOSIG,M
FALE,2026-08-31 19:00,66.20,64.40,93.93,0.00,0.00,0.00,30.21,M,6.21,M,SCT,BKN,M,M,1300.00,3500.00,M,M,M,M,M,M,M,M,M,66.20,FALE 311900Z 00000KT 9999 SCT013 BKN035 19/18 Q1023 NOSIG,M
FALE,2026-08-31 20:00,64.40,62.60,93.89,0.00,0.00,0.00,30.24,M,6.21,M,FEW,BKN,M,M,1600.00,3400.00,M,M,M,M,M,M,M,M,M,64.40,FALE 312000Z 00000KT 9999 FEW016 BKN034 18/17 Q1024 NOSIG,M
FALE,2026-08-31 21:00,62.60,62.60,100.00,60.00,1.00,0.00,30.21,M,6.21,M,BKN,M,M,M,3600.00,M,M,M,M,M,M,M,M,M,M,62.60,FALE 312100Z 06001KT 9999 BKN036 17/17 Q1023 NOSIG,M
FALE,2026-08-31 22:00,60.80,59.00,93.79,0.00,0.00,0.00,30.21,M,4.97,M,FEW,M,M,M,4000.00,M,M,M,M,M,M,M,M,M,M,60.80,FALE 312200Z 00000KT 8000 FEW040 16/15 Q1023 NOSIG,M
FALE,2026-08-31 23:00,62.60,62.60,100.00,150.00,1.00,0.00,30.21,M,6.21,M,BKN,M,M,M,4800.00,M,M,M,M,M,M,M,M,M,M,62.60,FALE 312300Z 15001KT 9999 BKN048 17/17 Q1023 NOSIG,M
FALE,2026-09-01 00:00,64.40,62.60,93.89,0.00,0.00,0.00,30.18,M,6.21,M,BKN,M,M,M,4700.00,M,M,M,M,M,M,M,M,M,M,64.40,FALE 010000Z 00000KT 9999 BKN047 18/17 Q1022 NOSIG,M
FALE,2026-09-01 01:00,62.60,60.80,93.84,70.00,1.00,0.00,30.18,M,6.21,M,BKN,M,M,M,4400.00,M,M,M,M,M,M,M,M,M,M,62.60,FALE 010100Z 07001KT 9999 BKN044 17/16 Q1022 NOSIG,M
FALE,2026-09-01 02:00,60.80,60.80,100.00,60.00,1.00,0.00,30.15,M,3.73,M,SCT,M,M,M,4400.00,M,M,M,M,M,M,M,M,M,M,60.80,FALE 010200Z 06001KT 6000 SCT044 16/16 Q1021 NOSIG,M
FALE,2026-09-01 02:32,59.00,57.20,93.74,M,1.00,0.00,30.15,M,3.11,M,NSC,M,M,M,M,M,M,M,BR,M,M,M,M,M,M,59.00,FALE 010232Z VRB01KT 5000 R24/P2000N BR NSC 15/14 Q1021 NOSIG,M
FALE,2026-09-01 02:55,60.80,60.80,100.00,0.00,0.00,0.00,30.15,M,4.35,M,NSC,M,M,M,M,M,M,M,M,M,M,M,M,M,M,60.80,FALE 010255Z 00000KT 7000 NSC 16/16 Q1021 NOSIG,M
FALE,2026-09-01 03:00,60.80,60.80,100.00,0.00,0.00,0.00,30.15,M,4.35,M,NSC,M,M,M,M,M,M,M,M,M,M,M,M,M,M,60.80,FALE 010300Z 00000KT 7000 NSC 16/16 Q1021 NOSIG,M
FALE,2026-09-01 04:00,60.80,60.80,100.00,30.00,5.00,0.00,30.15,M,4.97,M,NSC,M,M,M,M,M,M,M,M,M,M,M,M,M,M,60.80,FALE 010400Z 03005KT 8000 NSC 16/16 Q1021 NOSIG,M
FALE,2026-09-01 05:00,62.60,60.80,93.84,30.00,6.00,0.00,30.15,M,4.97,M,NSC,M,M,M,M,M,M,M,M,M,M,M,M,M,M,62.60,FALE 010500Z 03006KT 8000 NSC 17/16 Q1021 NOSIG,M
FALE,2026-09-01 05:54,66.20,64.40,93.93,50.00,5.00,0.00,30.15,M,6.21,M,M,M,M,M,M,M,M,M,M,M,M,M,M,M,M,66.20,FALE 010554Z 05005KT CAVOK 19/18 Q1021 NOSIG,M
FALE,2026-09-01 06:00,66.20,64.40,93.93,50.00,4.00,0.00,30.15,M,6.21,M,M,M,M,M,M,M,M,M,M,M,M,M,M,M,M,66.20,FALE 010600Z 05004KT CAVOK 19/18 Q1021 NOSIG,M
FALE,2026-09-01 06:28,69.80,64.40,83.00,60.00,5.00,0.00,30.15,M,6.21,M,M,M,M,M,M,M,M,M,M,M,M,M,M,M,M,69.80,FALE 010628Z 06005KT CAVOK 21/18 Q1021 NOSIG,M
FALE,2026-09-01 07:00,71.60,64.40,78.08,30.00,5.00,0.00,30.15,M,6.21,M,M,M,M,M,M,M,M,M,M,M,M,M,M,M,M,71.60,FALE 010700Z 03005KT CAVOK 22/18 Q1021 NOSIG,M
FALE,2026-09-01 08:00,73.40,64.40,73.48,40.00,4.00,0.00,30.15,M,6.21,M,M,M,M,M,M,M,M,M,M,M,M,M,M,M,M,73.40,FALE 010800Z 04004KT CAVOK 23/18 Q1021 NOSIG,M
FALE,2026-09-01 09:00,75.20,66.20,73.66,80.00,6.00,0.00,30.12,M,6.21,M,M,M,M,M,M,M,M,M,M,M,M,M,M,M,M,75.20,FALE 010900Z 08006KT CAVOK 24/19 Q1020 NOSIG,M
FALE,2026-09-01 10:00,75.20,68.00,78.38,80.00,7.00,0.00,30.09,M,6.21,M,M,M,M,M,M,M,M,M,M,M,M,M,M,M,M,75.20,FALE 011000Z 08007KT 030V130 CAVOK 24/20 Q1019 NOSIG,M
FALE,2026-09-01 11:00,75.20,66.20,73.66,80.00,6.00,0.00,30.06,M,6.21,M,M,M,M,M,M,M,M,M,M,M,M,M,M,M,M,75.20,FALE 011100Z 08006KT 030V190 CAVOK 24/19 Q1018 NOSIG,M
FALE,2026-09-01 12:00,78.80,66.20,65.39,80.00,7.00,0.00,30.06,M,6.21,M,M,M,M,M,M,M,M,M,M,M,M,M,M,M,M,78.80,FALE 011200Z 08007KT 050V110 CAVOK 26/19 Q1018 NOSIG,M
FALE,2026-09-01 13:00,77.00,66.20,69.38,80.00,6.00,0.00,30.03,M,6.21,M,M,M,M,M,M,M,M,M,M,M,M,M,M,M,M,77.00,FALE 011300Z 08006KT 040V120 CAVOK 25/19 Q1017 NOSIG,M
FALE,2026-09-01 14:00,77.00,66.20,69.38,70.00,5.00,0.00,30.03,M,6.21,M,M,M,M,M,M,M,M,M,M,M,M,M,M,M,M,77.00,FALE 011400Z 07005KT 040V100 CAVOK 25/19 Q1017 NOSIG,M
FALE,2026-09-01 15:00,73.40,66.20,78.23,60.00,6.00,0.00,30.03,M,6.21,M,M,M,M,M,M,M,M,M,M,M,M,M,M,M,M,73.40,FALE 011500Z 06006KT CAVOK 23/19 Q1017 NOSIG,M
FALE,2026-09-01 16:00,69.80,66.20,88.36,100.00,6.00,0.00,30.03,M,6.21,M,M,M,M,M,M,M,M,M,M,M,M,M,M,M,M,69.80,FALE 011600Z 10006KT CAVOK 21/19 Q1017 NOSIG,M
FALE,2026-09-01 17:00,68.00,66.20,93.98,M,1.00,0.00,30.06,M,6.21,M,M,M,M,M,M,M,M,M,M,M,M,M,M,M,M,68.00,FALE 011700Z VRB01KT CAVOK 20/19 Q1018 NOSIG,M
FALE,2026-09-01 18:00,66.20,66.20,100.00,M,1.00,0.00,30.06,M,3.73,M,NSC,M,M,M,M,M,M,M,M,M,M,M,M,M,M,66.20,FALE 011800Z VRB01KT 6000 NSC 19/19 Q1018 TEMPO 4000 BR,M
FALE,2026-09-01 19:00,66.20,64.40,93.93,0.00,0.00,0.00,30.06,M,4.35,M,NSC,M,M,M,M,M,M,M,M,M,M,M,M,M,M,66.20,FALE 011900Z 00000KT 7000 NSC 19/18 Q1018 NOSIG,M
FALE,2026-09-01 20:00,68.00,66.20,93.98,190.00,4.00,0.00,30.06,M,4.35,M,NSC,M,M,M,M,M,M,M,M,M,M,M,M,M,M,68.00,FALE 012000Z 19004KT 7000 NSC 20/19 Q1018 NOSIG,M
FALE,2026-09-01 20:58,64.40,64.40,100.00,220.00,2.00,0.00,30.06,M,0.34,M,VV ,M,M,M,500.00,M,M,M,FG,M,M,M,M,M,M,64.40,FALE 012058Z 22002KT 0550 0450 R24/0450D FG VV005 18/18 Q1018,M
FALE,2026-09-01 21:00,64.40,62.60,93.89,240.00,2.00,0.00,30.06,M,0.34,M,VV ,M,M,M,500.00,M,M,M,FG,M,M,M,M,M,M,64.40,COR FALE 012100Z 24002KT 0550 0450 R24/0400N FG VV005 18/17 Q1018 NOSIG,M
FALE,2026-09-01 21:31,62.60,62.60,100.00,0.00,0.00,0.00,30.06,M,0.19,M,VV ,M,M,M,300.00,M,M,M,FG,M,M,M,M,M,M,62.60,FALE 012131Z 00000KT 0300 R24/0400N FG VV003 17/17 Q1018 NOSIG,M
FALE,2026-09-01 22:00,64.40,64.40,100.00,0.00,0.00,0.00,30.06,M,0.19,M,VV ,M,M,M,300.00,M,M,M,FG,M,M,M,M,M,M,64.40,FALE 012200Z 00000KT 0300 R24/0450N FG VV003 18/18 Q1018 NOSIG,M
FALE,2026-09-01 23:00,66.20,66.20,100.00,220.00,2.00,0.00,30.03,M,0.19,M,VV ,M,M,M,500.00,M,M,M,FG,M,M,M,M,M,M,66.20,FALE 012300Z 22002KT 0300 R24/0400N FG VV005 19/19 Q1017 NOSIG,M
FALE,2026-09-01 23:55,62.60,62.60,100.00,M,1.00,0.00,30.03,M,0.25,M,VV ,M,M,M,500.00,M,M,M,FG,M,M,M,M,M,M,62.60,FALE 012355Z VRB01KT 0400 R24/0400D FG VV005 17/17 Q1017 NOSIG,M
FALE,2026-09-02 00:00,62.60,62.60,100.00,M,1.00,0.00,30.03,M,0.25,M,VV ,M,M,M,500.00,M,M,M,FG,M,M,M,M,M,M,62.60,FALE 020000Z VRB01KT 0400 R24/0400D FG VV005 17/17 Q1017 NOSIG,M
FALE,2026-09-02 00:57,64.40,62.60,93.89,M,1.00,0.00,30.00,M,0.16,M,VV ,M,M,M,200.00,M,M,M,FG,M,M,M,M,M,M,64.40,FALE 020057Z VRB01KT 0250 R24/0400N FG VV002 18/17 Q1016 NOSIG,M
FALE,2026-09-02 01:00,64.40,62.60,93.89,M,1.00,0.00,30.00,M,0.16,M,VV ,M,M,M,200.00,M,M,M,FG,M,M,M,M,M,M,64.40,FALE 020100Z VRB01KT 0250 R24/0400N FG VV002 18/17 Q1016 NOSIG,M
FALE,2026-09-02 01:52,62.60,62.60,100.00,0.00,0.00,0.00,30.00,M,0.28,M,VV ,M,M,M,200.00,M,M,M,FG,M,M,M,M,M,M,62.60,FALE 020152Z 00000KT 0450 R24/0600U FG VV002 17/17 Q1016 NOSIG,M
FALE,2026-09-02 02:00,62.60,62.60,100.00,0.00,0.00,0.00,30.00,M,0.28,M,VV ,M,M,M,200.00,M,M,M,FG,M,M,M,M,M,M,62.60,FALE 020200Z 00000KT 0450 R24/0600N FG VV002 17/17 Q1016 NOSIG,M
FALE,2026-09-02 02:55,60.80,59.00,93.79,0.00,0.00,0.00,30.00,M,2.49,M,NSC,M,M,M,M,M,M,M,BR,M,M,M,M,M,M,60.80,FALE 020255Z 00000KT 4000 R24/0550D BR NSC 16/15 Q1016 NOSIG,M
FALE,2026-09-02 03:00,59.00,59.00,100.00,0.00,0.00,0.00,30.00,M,2.49,M,NSC,M,M,M,M,M,M,M,BR,M,M,M,M,M,M,59.00,FALE 020300Z 00000KT 4000 R24/0500D BR NSC 15/15 Q1016 NOSIG,M
FALE,2026-09-02 03:24,59.00,59.00,100.00,M,1.00,0.00,30.00,M,4.35,M,NSC,M,M,M,M,M,M,M,M,M,M,M,M,M,M,59.00,FALE 020324Z VRB01KT 7000 NSC 15/15 Q1016 NOSIG,M
FALE,2026-09-02 04:00,59.00,59.00,100.00,M,2.00,0.00,30.00,M,3.73,M,NSC,M,M,M,M,M,M,M,M,M,M,M,M,M,M,59.00,FALE 020400Z VRB02KT 6000 NSC 15/15 Q1016 NOSIG,M
FALE,2026-09-02 05:00,60.80,60.80,100.00,0.00,0.00,0.00,30.03,M,3.73,M,NSC,M,M,M,M,M,M,M,M,M,M,M,M,M,M,60.80,FALE 020500Z 00000KT 6000 NSC 16/16 Q1017 NOSIG,M
FALE,2026-09-02 05:24,64.40,62.60,93.89,0.00,0.00,0.00,30.03,M,3.73,M,NSC,M,M,M,M,M,M,M,M,M,M,M,M,M,M,64.40,FALE 020524Z 00000KT 6000 NSC 18/17 Q1017 NOSIG,M
FALE,2026-09-02 06:00,66.20,66.20,100.00,190.00,6.00,0.00,30.06,M,4.97,M,NSC,M,M,M,M,M,M,M,M,M,M,M,M,M,M,66.20,FALE 020600Z 19006KT 8000 NSC 19/19 Q1018 NOSIG,M
FALE,2026-09-02 06:17,66.20,66.20,100.00,190.00,10.00,0.00,30.06,M,0.28,M,SCT,M,M,M,200.00,M,M,M,FG,M,M,M,M,M,M,66.20,FALE 020617Z 19010KT 0450 0350 R24/0500D FG SCT002 19/19 Q1018 BECMG 7000,M
FALE,2026-09-02 06:23,66.20,66.20,100.00,190.00,9.00,0.00,30.06,M,0.31,M,BKN,M,M,M,200.00,M,M,M,FG,M,M,M,M,M,M,66.20,FALE 020623Z 19009KT 0500 R24/0800U FG BKN002 19/19 Q1018 BECMG 7000,M
FALE,2026-09-02 06:25,66.20,66.20,100.00,190.00,9.00,0.00,30.06,M,0.31,M,BKN,M,M,M,100.00,M,M,M,FG,M,M,M,M,M,M,66.20,FALE 020625Z 19009KT 0500 R24/0550D FG BKN001 19/19 Q1018 BECMG 7000,M
FALE,2026-09-02 06:28,66.20,66.20,100.00,190.00,7.00,0.00,30.06,M,0.37,M,BKN,M,M,M,100.00,M,M,M,FG,M,M,M,M,M,M,66.20,FALE 020628Z 19007KT 0600 0500 R24/0550D FG BKN001 19/19 Q1018 BECMG 7000,M
FALE,2026-09-02 06:38,66.20,66.20,100.00,190.00,9.00,0.00,30.06,M,1.43,M,BKN,M,M,M,100.00,M,M,M,BR,M,M,M,M,M,M,66.20,FALE 020638Z 19009KT 2300 BR BKN001 19/19 Q1018 BECMG 7000,M
FALE,2026-09-02 06:53,66.20,66.20,100.00,200.00,11.00,0.00,30.06,M,1.86,M,SCT,BKN,M,M,100.00,400.00,M,M,BR,M,M,M,M,M,M,66.20,FALE 020653Z 20011KT 3000 BR SCT001 BKN004 19/19 Q1018 BECMG 7000,M
FALE,2026-09-02 07:00,66.20,66.20,100.00,200.00,11.00,0.00,30.06,M,1.86,M,SCT,BKN,M,M,100.00,400.00,M,M,BR,M,M,M,M,M,M,66.20,FALE 020700Z 20011KT 3000 BR SCT001 BKN004 19/19 Q1018 BECMG 7000,M
FALE,2026-09-02 07:10,68.00,66.20,93.98,200.00,8.00,0.00,30.09,M,3.11,M,SCT,BKN,M,M,300.00,500.00,M,M,BR,M,M,M,M,M,M,68.00,FALE 020710Z 20008KT 5000 BR SCT003 BKN005 20/19 Q1019 BECMG 7000,M
FALE,2026-09-02 07:21,69.80,66.20,88.36,210.00,8.00,0.00,30.09,M,4.97,M,SCT,BKN,M,M,400.00,600.00,M,M,M,M,M,M,M,M,M,69.80,FALE 020721Z 21008KT 8000 SCT004 BKN006 21/19 Q1019 NOSIG,M
FALE,2026-09-02 07:47,73.40,66.20,78.23,230.00,9.00,0.00,30.09,M,6.21,M,BKN,M,M,M,900.00,M,M,M,M,M,M,M,M,M,M,73.40,FALE 020747Z 23009KT 9999 BKN009 23/19 Q1019 NOSIG,M
FALE,2026-09-02 08:00,73.40,66.20,78.23,230.00,8.00,0.00,30.09,M,6.21,M,BKN,M,M,M,900.00,M,M,M,M,M,M,M,M,M,M,73.40,FALE 020800Z 23008KT 9999 BKN009 23/19 Q1019 NOSIG,M
FALE,2026-09-02 08:08,75.20,68.00,78.38,200.00,6.00,0.00,30.09,M,6.21,M,SCT,M,M,M,1300.00,M,M,M,M,M,M,M,M,M,M,75.20,FALE 020808Z 20006KT 9999 SCT013 24/20 Q1019 NOSIG,M
FALE,2026-09-02 09:00,75.20,66.20,73.66,190.00,10.00,0.00,30.09,M,6.21,M,FEW,M,M,M,1700.00,M,M,M,M,M,M,M,M,M,M,75.20,FALE 020900Z 19010KT 9999 FEW017 24/19 Q1019 NOSIG,M
FALE,2026-09-02 10:00,75.20,66.20,73.66,190.00,11.00,0.00,30.06,M,6.21,M,FEW,M,M,M,2700.00,M,M,M,M,M,M,M,M,M,M,75.20,FALE 021000Z 19011KT 150V220 9999 FEW027 24/19 Q1018 NOSIG,M
FALE,2026-09-02 11:00,75.20,66.20,73.66,190.00,11.00,0.00,30.03,M,6.21,M,M,M,M,M,M,M,M,M,M,M,M,M,M,M,M,75.20,FALE 021100Z 19011KT CAVOK 24/19 Q1017 NOSIG,M
FALE,2026-09-02 12:00,73.40,66.20,78.23,170.00,9.00,0.00,30.00,M,6.21,M,FEW,M,M,M,3400.00,M,M,M,M,M,M,M,M,M,M,73.40,FALE 021200Z 17009KT 140V210 9999 FEW034 23/19 Q1016 NOSIG,M
FALE,2026-09-02 13:00,71.60,66.20,83.12,180.00,10.00,0.00,30.00,M,6.21,M,FEW,M,M,M,3400.00,M,M,M,M,M,M,M,M,M,M,71.60,FALE 021300Z 18010KT 140V220 9999 FEW034 22/19 Q1016 NOSIG,M
FALE,2026-09-02 14:00,71.60,66.20,83.12,180.00,5.00,0.00,30.00,M,6.21,M,FEW,M,M,M,3000.00,M,M,M,M,M,M,M,M,M,M,71.60,FALE 021400Z 18005KT 140V210 9999 FEW030 22/19 Q1016 NOSIG,M
FALE,2026-09-02 15:00,69.80,66.20,88.36,150.00,4.00,0.00,30.00,M,6.21,M,SCT,OVC,M,M,900.00,2500.00,M,M,M,M,M,M,M,M,M,69.80,FALE 021500Z 15004KT 110V190 9999 SCT009 OVC025 21/19 Q1016 NOSIG,M
FALE,2026-09-02 16:00,68.00,66.20,93.98,M,2.00,0.00,30.00,M,6.21,M,SCT,BKN,M,M,900.00,2300.00,M,M,M,M,M,M,M,M,M,68.00,FALE 021600Z VRB02KT 9999 SCT009 BKN023 20/19 Q1016 NOSIG,M
FALE,2026-09-02 17:00,68.00,66.20,93.98,M,2.00,0.00,30.00,M,6.21,M,BKN,M,M,M,1800.00,M,M,M,M,M,M,M,M,M,M,68.00,FALE 021700Z VRB02KT 9999 BKN018 20/19 Q1016 NOSIG,M
FALE,2026-09-02 18:00,68.00,66.20,93.98,M,1.00,0.00,30.00,M,6.21,M,BKN,M,M,M,1600.00,M,M,M,M,M,M,M,M,M,M,68.00,FALE 021800Z VRB01KT 9999 BKN016 20/19 Q1016 NOSIG,M
FALE,2026-09-02 19:00,68.00,66.20,93.98,M,2.00,0.00,30.00,M,6.21,M,BKN,M,M,M,1600.00,M,M,M,M,M,M,M,M,M,M,68.00,FALE 021900Z VRB02KT 9999 BKN016 20/19 Q1016 NOSIG,M
FALE,2026-09-02 20:00,68.00,66.20,93.98,M,1.00,0.00,30.00,M,6.21,M,BKN,M,M,M,1600.00,M,M,M,M,M,M,M,M,M,M,68.00,FALE 022000Z VRB01KT 9999 BKN016 20/19 Q1016 NOSIG,M
FALE,2026-09-02 21:00,68.00,66.20,93.98,M,2.00,0.00,29.97,M,6.21,M,BKN,M,M,M,1600.00,M,M,M,M,M,M,M,M,M,M,68.00,FALE 022100Z VRB02KT 9999 BKN016 20/19 Q1015 NOSIG,M
FALE,2026-09-02 22:00,68.00,66.20,93.98,40.00,3.00,0.00,29.94,M,6.21,M,BKN,M,M,M,1600.00,M,M,M,M,M,M,M,M,M,M,68.00,FALE 022200Z 04003KT 9999 BKN016 20/19 Q1014 NOSIG,M
FALE,2026-09-02 23:00,68.00,66.20,93.98,30.00,5.00,0.00,29.91,M,6.21,M,BKN,M,M,M,1600.00,M,M,M,M,M,M,M,M,M,M,68.00,FALE 022300Z 03005KT 9999 BKN016 20/19 Q1013 NOSIG,M
FALE,2026-09-02 23:46,68.00,66.20,93.98,20.00,5.00,0.00,29.88,M,6.21,M,OVC,M,M,M,900.00,M,M,M,M,M,M,M,M,M,M,68.00,FALE 022346Z 02005KT 9999 OVC009 20/19 Q1012 NOSIG,M
FALE,2026-09-03 00:00,68.00,66.20,93.98,20.00,5.00,0.00,29.88,M,6.21,M,OVC,M,M,M,900.00,M,M,M,M,M,M,M,M,M,M,68.00,FALE 030000Z 02005KT 9999 OVC009 20/19 Q1012 NOSIG,M
FALE,2026-09-03 01:00,68.00,66.20,93.98,40.00,4.00,0.00,29.85,M,6.21,M,OVC,M,M,M,900.00,M,M,M,M,M,M,M,M,M,M,68.00,FALE 030100Z 04004KT 9999 OVC009 20/19 Q1011 NOSIG,M
FALE,2026-09-03 02:00,68.00,66.20,93.98,30.00,4.00,0.00,29.83,M,6.21,M,OVC,M,M,M,900.00,M,M,M,M,M,M,M,M,M,M,68.00,FALE 030200Z 03004KT 360V080 9999 OVC009 20/19 Q1010 NOSIG,M
FALE,2026-09-03 03:00,66.20,64.40,93.93,M,2.00,0.00,29.83,M,6.21,M,OVC,M,M,M,900.00,M,M,M,M,M,M,M,M,M,M,66.20,FALE 030300Z VRB02KT 9999 OVC009 19/18 Q1010 NOSIG,M
FALE,2026-09-03 03:25,66.20,64.40,93.93,M,2.00,0.00,29.85,M,2.49,M,BKN,M,M,M,800.00,M,M,M,BR,M,M,M,M,M,M,66.20,FALE 030325Z VRB02KT 4000 BR BKN008 19/18 Q1011 BECMG 8000,M
FALE,2026-09-03 03:53,66.20,64.40,93.93,M,2.00,0.00,29.85,M,1.86,M,OVC,M,M,M,500.00,M,M,M,BR,M,M,M,M,M,M,66.20,FALE 030353Z VRB02KT 3000 BR OVC005 19/18 Q1011 BECMG 8000,M
FALE,2026-09-03 04:00,66.20,64.40,93.93,M,2.00,0.00,29.85,M,1.86,M,OVC,M,M,M,500.00,M,M,M,BR,M,M,M,M,M,M,66.20,FALE 030400Z VRB02KT 3000 BR OVC005 19/18 Q1011 BECMG 8000,M
FALE,2026-09-03 04:24,66.20,64.40,93.93,M,2.00,0.00,29.85,M,1.24,M,BKN,M,M,M,300.00,M,M,M,BR,M,M,M,M,M,M,66.20,FALE 030424Z VRB02KT 2000 BR BKN003 19/18 Q1011 BECMG 8000,M
FALE,2026-09-03 04:49,66.20,64.40,93.93,M,1.00,0.00,29.85,M,0.12,M,VV ,M,M,M,200.00,M,M,M,FG,M,M,M,M,M,M,66.20,FALE 030449Z VRB01KT 0200 R24/P2000N FG VV002 19/18 Q1011 BECMG 8000,M
FALE,2026-09-03 05:00,66.20,64.40,93.93,M,2.00,0.00,29.85,M,0.12,M,VV ,M,M,M,200.00,M,M,M,FG,M,M,M,M,M,M,66.20,FALE 030500Z VRB02KT 0200 R24/P2000N FG VV002 19/18 Q1011 BECMG 8000,M
FALE,2026-09-03 05:18,64.40,64.40,100.00,M,1.00,0.00,29.85,M,0.31,M,SCT,OVC,M,M,100.00,400.00,M,M,FG,M,M,M,M,M,M,64.40,FALE 030518Z VRB01KT 0500 R24/1800D FG SCT001 OVC004 18/18 Q1011 BECMG 8000,M
FALE,2026-09-03 05:50,64.40,64.40,100.00,30.00,5.00,0.00,29.85,M,0.56,M,BKN,BKN,M,M,100.00,400.00,M,M,FG,M,M,M,M,M,M,64.40,FALE 030550Z 03005KT 0900 R24/P2000N FG BKN001 BKN004 18/18 Q1011 NOSIG,M
FALE,2026-09-03 06:00,64.40,64.40,100.00,30.00,5.00,0.00,29.85,M,0.56,M,BKN,BKN,M,M,100.00,400.00,M,M,FG,M,M,M,M,M,M,64.40,FALE 030600Z 03005KT 0900 R24/P2000N FG BKN001 BKN004 18/18 Q1011 NOSIG,M
FALE,2026-09-03 06:11,66.20,64.40,93.93,50.00,5.00,0.00,29.83,M,2.49,M,BKN,BKN,M,M,200.00,400.00,M,M,BR,M,M,M,M,M,M,66.20,FALE 030611Z 05005KT 020V080 4000 BR BKN002 BKN004 19/18 Q1010 NOSIG,M
FALE,2026-09-03 06:22,68.00,64.40,88.28,10.00,3.00,0.00,29.83,M,3.11,M,SCT,M,M,M,500.00,M,M,M,BR,M,M,M,M,M,M,68.00,FALE 030622Z 01003KT 310V090 5000 BR SCT005 20/18 Q1010 NOSIG,M
FALE,2026-09-03 06:30,73.40,64.40,73.48,50.00,3.00,0.00,29.83,M,6.21,M,M,M,M,M,M,M,M,M,M,M,M,M,M,M,M,73.40,FALE 030630Z 05003KT 350V140 CAVOK 23/18 Q1010 NOSIG,M
FALE,2026-09-03 06:42,69.80,64.40,83.00,M,2.00,0.00,29.83,M,4.97,M,NSC,M,M,M,M,M,M,M,M,M,M,M,M,M,M,69.80,FALE 030642Z VRB02KT 8000 NSC 21/18 Q1010 NOSIG,M
FALE,2026-09-03 06:56,73.40,64.40,73.48,M,2.00,0.00,29.83,M,6.21,M,M,M,M,M,M,M,M,M,M,M,M,M,M,M,M,73.40,FALE 030656Z VRB02KT CAVOK 23/18 Q1010 NOSIG,M
FALE,2026-09-03 07:45,80.60,64.40,57.91,40.00,7.00,0.00,29.80,M,6.21,M,M,M,M,M,M,M,M,M,M,M,M,M,M,M,M,82.28,FALE 030745Z 04007KT 010V070 CAVOK 27/18 Q1009 NOSIG,M
FALE,2026-09-03 08:00,80.60,64.40,57.91,50.00,7.00,0.00,29.80,M,6.21,M,M,M,M,M,M,M,M,M,M,M,M,M,M,M,M,82.28,FALE 030800Z 05007KT 020V090 CAVOK 27/18 Q1009 NOSIG,M
FALE,2026-09-03 08:19,80.60,66.20,61.65,70.00,6.00,0.00,29.80,M,6.21,M,M,M,M,M,M,M,M,M,M,M,M,M,M,M,M,82.76,FALE 030819Z 07006KT 030V110 CAVOK 27/19 Q1009 NOSIG,M
FALE,2026-09-03 08:45,84.20,55.40,37.42,60.00,7.00,0.00,29.74,M,6.21,M,M,M,M,M,M,M,M,M,M,M,M,M,M,M,M,83.10,FALE 030845Z 06007KT CAVOK 29/13 Q1007 NOSIG,M
FALE,2026-09-03 08:58,91.40,57.20,31.81,60.00,8.00,0.00,29.74,M,6.21,M,M,M,M,M,M,M,M,M,M,M,M,M,M,M,M,90.08,FALE 030858Z 06008KT CAVOK 33/14 Q1007 NOSIG,M
FALE,2026-09-03 09:00,89.60,59.00,35.89,40.00,7.00,0.00,29.77,M,6.21,M,M,M,M,M,M,M,M,M,M,M,M,M,M,M,M,88.88,FALE 030900Z 04007KT 360V080 CAVOK 32/15 Q1008 NOSIG,M
FALE,2026-09-03 09:11,93.20,57.20,30.08,60.00,8.00,0.00,29.74,M,6.21,M,M,M,M,M,M,M,M,M,M,M,M,M,M,M,M,91.94,FALE 030911Z 06008KT CAVOK 34/14 Q1007 NOSIG,M
FALE,2026-09-03 09:27,96.80,50.00,20.70,40.00,10.00,0.00,29.74,M,6.21,M,M,M,M,M,M,M,M,M,M,M,M,M,M,M,M,93.73,FALE 030927Z 04010KT 320V070 CAVOK 36/10 Q1007 NOSIG,M
FALE,2026-09-03 09:35,100.40,35.60,10.68,340.00,17.00,0.00,29.71,M,6.21,M,M,M,M,M,M,M,M,M,M,M,M,M,M,M,M,94.77,FALE 030935Z 34017KT 310V010 CAVOK 38/02 Q1006 NOSIG,M
FALE,2026-09-03 09:58,100.40,37.40,11.46,340.00,16.00,0.00,29.71,M,6.21,26.00,FEW,M,M,M,4500.00,M,M,M,M,M,M,M,M,M,M,95.10,FALE 030958Z 34016G26KT 310V020 9999 FEW045 38/03 Q1006 NOSIG,M
FALE,2026-09-03 09:59,100.40,35.60,10.68,330.00,19.00,0.00,29.71,M,6.21,M,M,M,M,M,M,M,M,M,M,M,M,M,M,M,M,94.77,FALE 030959Z 33019KT 290V350 CAVOK 38/02 Q1006 NOSIG,M
FALE,2026-09-03 10:00,100.40,35.60,10.68,330.00,19.00,0.00,29.71,M,6.21,M,M,M,M,M,M,M,M,M,M,M,M,M,M,M,M,94.77,FALE 031000Z 33019KT 290V350 CAVOK 38/02 Q1006 NOSIG,M
FALE,2026-09-03 11:00,102.20,35.60,10.12,330.00,16.00,0.00,29.65,M,4.97,26.00,NSC,M,M,M,M,M,M,M,M,M,M,M,M,M,M,96.32,FALE 031100Z 33016G26KT 8000 NSC 39/02 Q1004 NOSIG,M
FALE,2026-09-03 11:26,84.20,62.60,48.40,100.00,10.00,0.00,29.65,M,4.97,M,NSC,M,M,M,M,M,M,M,M,M,M,M,M,M,M,85.05,FALE 031126Z 10010KT 080V140 8000 NSC 29/17 Q1004 NOSIG,M
FALE,2026-09-03 12:00,84.20,60.80,45.42,80.00,11.00,0.00,29.62,M,6.21,M,M,M,M,M,M,M,M,M,M,M,M,M,M,M,M,84.45,FALE 031200Z 08011KT 050V110 CAVOK 29/16 Q1003 NOSIG,M
FALE,2026-09-03 12:51,89.60,55.40,31.53,70.00,10.00,0.00,29.59,M,6.21,M,M,M,M,M,M,M,M,M,M,M,M,M,M,M,M,87.80,FALE 031251Z 07010KT 040V110 CAVOK 32/13 Q1002 NOSIG,M
FALE,2026-09-03 13:00,89.60,55.40,31.53,70.00,10.00,0.00,29.59,M,6.21,M,M,M,M,M,M,M,M,M,M,M,M,M,M,M,M,87.80,FALE 031300Z 07010KT 040V110 CAVOK 32/13 Q1002 NOSIG,M
FALE,2026-09-03 14:00,82.40,62.60,51.29,100.00,7.00,0.00,29.56,M,5.59,M,NSC,M,M,M,M,M,M,M,M,M,M,M,M,M,M,83.42,FALE 031400Z 10007KT 060V120 9000 NSC 28/17 Q1001 NOSIG,M
FALE,2026-09-03 15:00,80.60,60.80,51.02,90.00,9.00,0.00,29.56,M,5.59,M,NSC,M,M,M,M,M,M,M,M,M,M,M,M,M,M,81.46,FALE 031500Z 09009KT 9000 NSC 27/16 Q1001 NOSIG,M
FALE,2026-09-03 16:00,80.60,57.20,44.86,80.00,7.00,0.00,29.56,M,5.59,M,NSC,M,M,M,M,M,M,M,M,M,M,M,M,M,M,80.81,FALE 031600Z 08007KT 9000 NSC 27/14 Q1001 NOSIG,M
FALE,2026-09-03 16:17,84.20,51.80,32.80,70.00,9.00,0.00,29.56,M,4.97,M,NSC,M,M,M,M,M,M,M,M,M,M,M,M,M,M,82.48,FALE 031617Z 07009KT 8000 NSC 29/11 Q1001 NOSIG,M
FALE,2026-09-03 17:00,84.20,48.20,28.69,50.00,8.00,0.00,29.56,M,6.21,M,FEW,M,M,M,3400.00,M,M,M,M,M,M,M,M,M,M,82.04,FALE 031700Z 05008KT 9999 FEW034 29/09 Q1001 NOSIG,M
FALE,2026-09-03 17:51,78.80,50.00,36.56,240.00,10.00,0.00,29.62,M,6.21,23.00,SCT,M,M,M,3300.00,M,M,M,M,M,M,M,M,M,M,78.80,FALE 031751Z 24010G23KT 9999 SCT033 26/10 Q1003 TEMPO 24020G30KT,M
FALE,2026-09-03 18:00,77.00,59.00,53.86,230.00,16.00,0.00,29.65,M,6.21,M,SCT,M,M,M,3300.00,M,M,M,M,M,M,M,M,M,M,77.00,FALE 031800Z 23016KT 9999 SCT033 25/15 Q1004 TEMPO 23020G30KT,M
FALE,2026-09-03 18:12,73.40,64.40,73.48,200.00,19.00,0.00,29.68,M,6.21,31.00,SCT,M,M,M,3300.00,M,M,M,M,M,M,M,M,M,M,73.40,FALE 031812Z 20019G31KT 9999 SCT033 23/18 Q1005 NOSIG,M
FALE,2026-09-03 19:00,73.40,64.40,73.48,210.00,13.00,0.00,29.71,M,6.21,M,FEW,M,M,M,4000.00,M,M,M,M,M,M,M,M,M,M,73.40,FALE 031900Z 21013KT 9999 FEW040 23/18 Q1006 NOSIG,M
FALE,2026-09-03 20:00,71.60,62.60,73.30,200.00,8.00,0.00,29.74,M,6.21,M,M,M,M,M,M,M,M,M,M,M,M,M,M,M,M,71.60,FALE 032000Z 20008KT CAVOK 22/17 Q1007 NOSIG,M
FALE,2026-09-03 21:00,73.40,64.40,73.48,210.00,11.00,0.00,29.80,M,6.21,M,BKN,M,M,M,2200.00,M,M,M,M,M,M,M,M,M,M,73.40,FALE 032100Z 21011KT 9999 BKN022 23/18 Q1009 NOSIG,M
FALE,2026-09-03 21:40,71.60,64.40,78.08,210.00,17.00,0.00,29.85,M,6.21,27.00,SCT,BKN,M,M,2000.00,2400.00,M,M,M,M,M,M,M,M,M,71.60,FALE 032140Z 21017G27KT 9999 SCT020 BKN024 22/18 Q1011 NOSIG,M
FALE,2026-09-03 22:00,71.60,64.40,78.08,210.00,17.00,0.00,29.85,M,6.21,M,BKN,BKN,M,M,2000.00,2600.00,M,M,M,M,M,M,M,M,M,71.60,FALE 032200Z 21017KT 9999 BKN020 BKN026 22/18 Q1011 NOSIG,M
FALE,2026-09-03 23:00,71.60,62.60,73.30,230.00,19.00,0.00,29.85,M,6.21,M,BKN,M,M,M,2800.00,M,M,M,M,M,M,M,M,M,M,71.60,FALE 032300Z 23019KT 9999 BKN028 22/17 Q1011 NOSIG,M
FALE,2026-09-04 00:00,71.60,62.60,73.30,220.00,15.00,0.00,29.88,M,6.21,M,SCT,M,M,M,2400.00,M,M,M,M,M,M,M,M,M,M,71.60,FALE 040000Z 22015KT 9999 SCT024 22/17 Q1012 NOSIG,M
FALE,2026-09-04 01:00,73.40,64.40,73.48,220.00,14.00,0.00,29.91,M,6.21,M,BKN,M,M,M,2100.00,M,M,M,M,M,M,M,M,M,M,73.40,FALE 040100Z 22014KT 9999 BKN021 23/18 Q1013 NOSIG,M
FALE,2026-09-04 02:00,68.00,68.00,100.00,200.00,15.00,0.00,29.94,M,3.73,M,SCT,BKN,M,M,800.00,1600.00,M,M,-RA,M,M,M,M,M,M,68.00,FALE 040200Z 20015KT 6000 -RA SCT008 BKN016 20/20 Q1014 NOSIG,M
FALE,2026-09-04 02:27,68.00,66.20,93.98,210.00,14.00,0.00,29.97,M,3.11,24.00,SCT,BKN,M,M,700.00,1400.00,M,M,-RA,M,M,M,M,M,M,68.00,FALE 040227Z 21014G24KT 5000 -RA SCT007 BKN014 20/19 Q1015 NOSIG,M
FALE,2026-09-04 02:38,68.00,66.20,93.98,210.00,15.00,0.00,29.97,M,5.59,M,SCT,OVC,M,M,700.00,1500.00,M,M,-RA,M,M,M,M,M,M,68.00,FALE 040238Z 21015KT 9000 -RA SCT007 OVC015 20/19 Q1015 NOSIG,M
FALE,2026-09-04 02:58,68.00,64.40,88.28,200.00,13.00,0.00,30.00,M,6.21,M,BKN,BKN,M,M,800.00,1800.00,M,M,M,M,M,M,M,M,M,68.00,FALE 040258Z 20013KT 9999 BKN008 BKN018 20/18 Q1016 NOSIG,M
FALE,2026-09-04 03:00,68.00,64.40,88.28,200.00,13.00,0.00,30.00,M,6.21,M,BKN,BKN,M,M,800.00,1800.00,M,M,M,M,M,M,M,M,M,68.00,FALE 040300Z 20013KT 9999 BKN008 BKN018 20/18 Q1016 NOSIG,M
FALE,2026-09-04 03:22,66.20,64.40,93.93,210.00,15.00,0.00,30.03,M,6.21,M,FEW,BKN,M,M,900.00,1200.00,M,M,-RA,M,M,M,M,M,M,66.20,FALE 040322Z 21015KT 9999 -RA FEW009 BKN012 19/18 Q1017 NOSIG,M
FALE,2026-09-04 04:00,66.20,62.60,88.19,220.00,13.00,0.00,30.06,M,5.59,M,BKN,BKN,M,M,1100.00,1900.00,M,M,-RA,M,M,M,M,M,M,66.20,FALE 040400Z 22013KT 9000 -RA BKN011 BKN019 19/17 Q1018 NOSIG,M
FALE,2026-09-04 04:22,66.20,62.60,88.19,220.00,13.00,0.00,30.06,M,6.21,23.00,FEW,OVC,M,M,1200.00,2100.00,M,M,M,M,M,M,M,M,M,66.20,FALE 040422Z 22013G23KT 9999 FEW012 OVC021 19/17 Q1018 NOSIG,M
FALE,2026-09-04 04:25,66.20,62.60,88.19,220.00,14.00,0.00,30.09,M,6.21,M,FEW,OVC,M,M,1200.00,2100.00,M,M,M,M,M,M,M,M,M,66.20,FALE 040425Z 22014KT 9999 FEW012 OVC021 19/17 Q1019 NOSIG,M
FALE,2026-09-04 05:00,66.20,60.80,82.76,220.00,14.00,0.00,30.09,M,6.21,M,FEW,BKN,M,M,1500.00,2400.00,M,M,M,M,M,M,M,M,M,66.20,FALE 040500Z 22014KT 9999 FEW015 BKN024 19/16 Q1019 NOSIG,M
FALE,2026-09-04 06:00,66.20,60.80,82.76,230.00,14.00,0.00,30.15,M,6.21,M,FEW,OVC,M,M,3000.00,4000.00,M,M,M,M,M,M,M,M,M,66.20,FALE 040600Z 23014KT 9999 FEW030 OVC040 19/16 Q1021 NOSIG,M
FALE,2026-09-04 07:00,66.20,60.80,82.76,240.00,12.00,0.00,30.18,M,6.21,M,FEW,BKN,M,M,1300.00,3100.00,M,M,M,M,M,M,M,M,M,66.20,FALE 040700Z 24012KT 9999 FEW013 BKN031 19/16 Q1022 NOSIG,M
FALE,2026-09-04 08:00,68.00,59.00,72.95,230.00,17.00,0.00,30.21,M,6.21,M,FEW,BKN,M,M,2900.00,3800.00,M,M,M,M,M,M,M,M,M,68.00,FALE 040800Z 23017KT 9999 FEW029 BKN038 20/15 Q1023 NOSIG,M
FALE,2026-09-04 08:21,71.60,59.00,64.52,240.00,14.00,0.00,30.21,M,6.21,M,FEW,SCT,M,M,4000.00,4700.00,M,M,M,M,M,M,M,M,M,71.60,FALE 040821Z 24014KT 9999 FEW040 SCT047 22/15 Q1023 NOSIG,M
FALE,2026-09-04 09:00,71.60,57.20,60.48,230.00,17.00,0.00,30.21,M,6.21,M,FEW,BKN,M,M,3800.00,4300.00,M,M,M,M,M,M,M,M,M,71.60,FALE 040900Z 23017KT 9999 FEW038 BKN043 22/14 Q1023 NOSIG,M
FALE,2026-09-04 09:31,71.60,57.20,60.48,210.00,15.00,0.00,30.21,M,6.21,26.00,BKN,M,M,M,3600.00,M,M,M,M,M,M,M,M,M,M,71.60,FALE 040931Z 21015G26KT 9999 BKN036 22/14 Q1023 NOSIG,M
FALE,2026-09-04 09:50,71.60,59.00,64.52,220.00,17.00,0.00,30.21,M,6.21,M,BKN,M,M,M,3500.00,M,M,M,M,M,M,M,M,M,M,71.60,FALE 040950Z 22017KT 180V240 9999 BKN035 22/15 Q1023 NOSIG,M
FALE,2026-09-04 10:00,71.60,60.80,68.79,220.00,18.00,0.00,30.21,M,6.21,M,BKN,M,M,M,3500.00,M,M,M,M,M,M,M,M,M,M,71.60,FALE 041000Z 22018KT 180V240 9999 BKN035 22/16 Q1023 NOSIG,M
FALE,2026-09-04 10:07,69.80,60.80,73.13,220.00,20.00,0.00,30.21,M,6.21,30.00,FEW,BKN,M,M,2100.00,3500.00,M,M,M,M,M,M,M,M,M,69.80,FALE 041007Z 22020G30KT 9999 FEW021 BKN035 21/16 Q1023 NOSIG,M
FALE,2026-09-04 10:24,66.20,62.60,88.19,220.00,18.00,0.00,30.24,M,3.73,M,SCT,OVC,M,M,1400.00,2500.00,M,M,-RA,M,M,M,M,M,M,66.20,FALE 041024Z 22018KT 6000 -RA SCT014 OVC025 19/17 Q1024 NOSIG,M
FALE,2026-09-04 10:32,66.20,62.60,88.19,220.00,17.00,0.00,30.24,M,1.62,M,SCT,OVC,M,M,1000.00,1400.00,M,M,-RA,M,M,M,M,M,M,66.20,FALE 041032Z 22017KT 2600 -RA SCT010 OVC014 19/17 Q1024 NOSIG,M
FALE,2026-09-04 10:54,64.40,62.60,93.89,210.00,12.00,0.00,30.24,M,1.80,M,BKN,OVC,M,M,800.00,1400.00,M,M,RA,M,M,M,M,M,M,64.40,FALE 041054Z 21012KT 2900 RA BKN008 OVC014 18/17 Q1024 NOSIG,M
FALE,2026-09-04 11:00,64.40,62.60,93.89,210.00,12.00,0.00,30.24,M,1.80,M,BKN,OVC,M,M,800.00,1400.00,M,M,RA,M,M,M,M,M,M,64.40,FALE 041100Z 21012KT 2900 RA BKN008 OVC014 18/17 Q1024 NOSIG,M
FALE,2026-09-04 11:16,64.40,62.60,93.89,200.00,15.00,0.00,30.24,M,2.36,M,BKN,OVC,M,M,600.00,1700.00,M,M,-DZRA,M,M,M,M,M,M,64.40,FALE 041116Z 20015KT 170V230 3800 -DZRA BKN006 OVC017 18/17 Q1024 RERA NOSIG,M
FALE,2026-09-04 11:26,64.40,62.60,93.89,200.00,12.00,0.00,30.24,M,4.97,22.00,SCT,BKN,OVC,M,500.00,1700.00,2600.00,M,-RA,M,M,M,M,M,M,64.40,FALE 041126Z 20012G22KT 8000 -RA SCT005 BKN017 OVC026 18/17 Q1024 NOSIG,M
FALE,2026-09-04 11:33,64.40,62.60,93.89,200.00,12.00,0.00,30.24,M,1.12,M,SCT,OVC,M,M,500.00,2000.00,M,M,-DZRA,M,M,M,M,M,M,64.40,FALE 041133Z 20012KT 1800 -DZRA SCT005 OVC020 18/17 Q1024 TEMPO 6000,M
FALE,2026-09-04 12:00,64.40,62.60,93.89,210.00,15.00,0.00,30.24,M,1.74,M,BKN,OVC,M,M,700.00,1600.00,M,M,-DZRA,M,M,M,M,M,M,64.40,FALE 041200Z 21015KT 180V240 2800 -DZRA BKN007 OVC016 18/17 Q1024 REDZ TEMPO 6000,M
FALE,2026-09-04 12:12,64.40,62.60,93.89,200.00,11.00,0.00,30.24,M,4.97,M,BKN,OVC,M,M,700.00,1400.00,M,M,-RA,M,M,M,M,M,M,64.40,FALE 041212Z 20011KT 170V230 8000 -RA BKN007 OVC014 18/17 Q1024 TEMPO 2500,M
FALE,2026-09-04 12:25,62.60,60.80,93.84,200.00,16.00,0.00,30.27,M,1.49,28.00,FEW,BKN,OVC,M,400.00,1100.00,2500.00,M,-DZRA,M,M,M,M,M,M,62.60,FALE 041225Z 20016G28KT 2400 -DZRA FEW004 BKN011 OVC025 17/16 Q1025 NOSIG,M
FALE,2026-09-04 12:45,62.60,62.60,100.00,200.00,13.00,0.00,30.24,M,1.55,M,BKN,OVC,M,M,800.00,2000.00,M,M,-DZRA,M,M,M,M,M,M,62.60,FALE 041245Z 20013KT 170V230 2500 -DZRA BKN008 OVC020 17/17 Q1024 NOSIG,M
FALE,2026-09-04 12:55,62.60,62.60,100.00,190.00,14.00,0.00,30.27,M,1.12,25.00,SCT,BKN,OVC,M,400.00,800.00,2000.00,M,RA,M,M,M,M,M,M,62.60,FALE 041255Z 19014G25KT 1800 RA SCT004 BKN008 OVC020 17/17 Q1025 NOSIG,M
FALE,2026-09-04 13:00,62.60,62.60,100.00,190.00,14.00,0.00,30.27,M,1.12,25.00,SCT,BKN,OVC,M,400.00,800.00,2000.00,M,RA,M,M,M,M,M,M,62.60,FALE 041300Z 19014G25KT 1800 RA SCT004 BKN008 OVC020 17/17 Q1025 NOSIG,M
FALE,2026-09-04 13:17,62.60,60.80,93.84,190.00,13.00,0.00,30.27,M,1.55,M,BKN,OVC,M,M,600.00,1400.00,M,M,-RADZ,M,M,M,M,M,M,62.60,FALE 041317Z 19013KT 160V220 2500 -RADZ BKN006 OVC014 17/16 Q1025 RERA NOSIG,M
FALE,2026-09-04 13:24,62.60,60.80,93.84,190.00,13.00,0.00,30.27,M,1.86,M,BKN,OVC,M,M,800.00,1400.00,M,M,-RA,M,M,M,M,M,M,62.60,FALE 041324Z 19013KT 160V220 3000 -RA BKN008 OVC014 17/16 Q1025 NOSIG,M
FALE,2026-09-04 13:40,64.40,62.60,93.89,190.00,9.00,0.00,30.27,M,4.97,M,FEW,OVC,M,M,700.00,1400.00,M,M,-RA,M,M,M,M,M,M,64.40,FALE 041340Z 19009KT 150V220 8000 -RA FEW007 OVC014 18/17 Q1025 NOSIG,M
FALE,2026-09-04 13:57,62.60,60.80,93.84,190.00,11.00,0.00,30.27,M,1.74,26.00,OVC,M,M,M,900.00,M,M,M,-DZRA,M,M,M,M,M,M,62.60,COR FALE 041357Z 19011G26KT 160V220 2800 -DZRA OVC009 17/16 Q1025 TEMPO 5000,M
FALE,2026-09-04 14:00,62.60,60.80,93.84,200.00,13.00,0.00,30.27,M,1.43,26.00,OVC,M,M,M,900.00,M,M,M,-DZRA,M,M,M,M,M,M,62.60,FALE 041400Z 20013G26KT 160V220 2300 -DZRA OVC009 17/16 Q1025 TEMPO 5000,M
FALE,2026-09-04 14:05,62.60,60.80,93.84,200.00,14.00,0.00,30.27,M,1.12,M,OVC,M,M,M,700.00,M,M,M,RA,M,M,M,M,M,M,62.60,FALE 041405Z 20014KT 1800 RA OVC007 17/16 Q1025 TEMPO 5000,M
FALE,2026-09-04 14:22,62.60,60.80,93.84,190.00,14.00,0.00,30.30,M,0.75,M,SCT,OVC,M,M,500.00,1000.00,M,M,RA,M,M,M,M,M,M,62.60,FALE 041422Z 19014KT 1200 R24/P2000N RA SCT005 OVC010 17/16 Q1026 NOSIG,M
FALE,2026-09-04 14:43,60.80,60.80,100.00,190.00,14.00,0.00,30.30,M,1.55,M,OVC,M,M,M,500.00,M,M,M,-DZRA,M,M,M,M,M,M,60.80,FALE 041443Z 19014KT 2500 -DZRA OVC005 16/16 Q1026 RERA NOSIG,M
FALE,2026-09-04 14:53,62.60,60.80,93.84,190.00,10.00,0.00,30.30,M,3.73,M,OVC,M,M,M,600.00,M,M,M,-RA,M,M,M,M,M,M,62.60,FALE 041453Z 19010KT 160V220 6000 -RA OVC006 17/16 Q1026 NOSIG,M
FALE,2026-09-04 15:00,62.60,60.80,93.84,190.00,10.00,0.00,30.30,M,3.73,21.00,OVC,M,M,M,600.00,M,M,M,-RA,M,M,M,M,M,M,62.60,FALE 041500Z 19010G21KT 160V220 6000 -RA OVC006 17/16 Q1026 NOSIG,M
FALE,2026-09-04 15:16,62.60,59.00,88.01,190.00,9.00,0.00,30.30,M,6.21,M,SCT,BKN,OVC,M,1000.00,1700.00,3000.00,M,M,M,M,M,M,M,M,62.60,FALE 041516Z 19009KT 9999 SCT010 BKN017 OVC030 17/15 Q1026 NOSIG,M
FALE,2026-09-04 16:00,60.80,59.00,93.79,210.00,11.00,0.00,30.33,M,3.73,M,SCT,OVC,M,M,1200.00,2600.00,M,M,-RA,M,M,M,M,M,M,60.80,FALE 041600Z 21011KT 6000 -RA SCT012 OVC026 16/15 Q1027 NOSIG,M
FALE,2026-09-04 16:53,60.80,59.00,93.79,190.00,5.00,0.00,30.36,M,4.97,M,BKN,OVC,M,M,800.00,2800.00,M,M,-RA,M,M,M,M,M,M,60.80,FALE 041653Z 19005KT 110V240 8000 -RA BKN008 OVC028 16/15 Q1028 NOSIG,M
FALE,2026-09-04 16:58,60.80,59.00,93.79,200.00,6.00,0.00,30.36,M,2.49,M,BKN,OVC,M,M,800.00,2800.00,M,M,-RA,M,M,M,M,M,M,60.80,FALE 041658Z 20006KT 180V240 4000 -RA BKN008 OVC028 16/15 Q1028 NOSIG,M
FALE,2026-09-04 17:00,60.80,59.00,93.79,200.00,5.00,0.00,30.36,M,2.49,M,BKN,OVC,M,M,800.00,3000.00,M,M,-RA,M,M,M,M,M,M,60.80,FALE 041700Z 20005KT 170V230 4000 -RA BKN008 OVC030 16/15 Q1028 NOSIG,M
FALE,2026-09-04 17:20,60.80,59.00,93.79,220.00,4.00,0.00,30.39,M,1.55,M,BKN,OVC,M,M,600.00,2000.00,M,M,RA,M,M,M,M,M,M,60.80,FALE 041720Z 22004KT 190V270 2500 RA BKN006 OVC020 16/15 Q1029 TEMPO 5000,M
FALE,2026-09-04 17:45,60.80,59.00,93.79,230.00,10.00,0.00,30.39,M,3.73,M,SCT,OVC,M,M,400.00,1000.00,M,M,-RA,M,M,M,M,M,M,60.80,FALE 041745Z 23010KT 6000 -RA SCT004 OVC010 16/15 Q1029 RERA NOSIG,M
FALE,2026-09-04 18:00,60.80,59.00,93.79,230.00,10.00,0.00,30.39,M,3.73,M,SCT,OVC,M,M,400.00,1000.00,M,M,-RA,M,M,M,M,M,M,60.80,FALE 041800Z 23010KT 6000 -RA SCT004 OVC010 16/15 Q1029 NOSIG,M
FALE,2026-09-04 18:16,60.80,59.00,93.79,230.00,10.00,0.00,30.39,M,2.80,M,SCT,BKN,M,M,400.00,900.00,M,M,-RA,M,M,M,M,M,M,60.80,FALE 041816Z 23010KT 4500 -RA SCT004 BKN009 16/15 Q1029 TEMPO 6000,M
FALE,2026-09-04 18:21,60.80,59.00,93.79,220.00,9.00,0.00,30.39,M,2.49,M,SCT,BKN,M,M,400.00,900.00,M,M,RA,M,M,M,M,M,M,60.80,FALE 041821Z 22009KT 4000 RA SCT004 BKN009 16/15 Q1029 TEMPO 6000,M
FALE,2026-09-04 18:54,59.00,59.00,100.00,190.00,4.00,0.00,30.42,M,3.73,M,SCT,BKN,BKN,M,500.00,900.00,1600.00,M,-RA,M,M,M,M,M,M,59.00,FALE 041854Z 19004KT 150V240 6000 -RA SCT005 BKN009 BKN016 15/15 Q1030 RERA TEMPO 4000,M
FALE,2026-09-04 19:00,59.00,59.00,100.00,180.00,5.00,0.00,30.42,M,3.73,M,SCT,BKN,BKN,M,500.00,900.00,1600.00,M,-RA,M,M,M,M,M,M,59.00,FALE 041900Z 18005KT 150V210 6000 -RA SCT005 BKN009 BKN016 15/15 Q1030 RERA TEMPO 4000,M
FALE,2026-09-04 19:51,60.80,59.00,93.79,240.00,7.00,0.00,30.42,M,2.17,M,SCT,BKN,BKN,M,500.00,900.00,1700.00,M,-RA,M,M,M,M,M,M,60.80,FALE 041951Z 24007KT 3500 -RA SCT005 BKN009 BKN017 16/15 Q1030 NOSIG,M
FALE,2026-09-04 20:00,60.80,59.00,93.79,240.00,8.00,0.00,30.42,M,2.80,M,SCT,BKN,BKN,M,500.00,900.00,1700.00,M,-RA,M,M,M,M,M,M,60.80,FALE 042000Z 24008KT 4500 -RA SCT005 BKN009 BKN017 16/15 Q1030 NOSIG,M
FALE,2026-09-04 20:07,59.00,59.00,100.00,230.00,7.00,0.00,30.42,M,4.35,M,FEW,BKN,BKN,M,600.00,900.00,1700.00,M,-RA,M,M,M,M,M,M,59.00,FALE 042007Z 23007KT 160V260 7000 -RA FEW006 BKN009 BKN017 15/15 Q1030 NOSIG,M
FALE,2026-09-04 20:19,59.00,59.00,100.00,240.00,6.00,0.00,30.39,M,4.97,M,FEW,BKN,BKN,M,600.00,1200.00,1900.00,M,-RA,M,M,M,M,M,M,59.00,FALE 042019Z 24006KT 8000 -RA FEW006 BKN012 BKN019 15/15 Q1029 NOSIG,M
FALE,2026-09-04 21:00,60.80,59.00,93.79,210.00,6.00,0.00,30.39,M,3.73,M,FEW,BKN,BKN,M,600.00,1400.00,2500.00,M,-RA,M,M,M,M,M,M,60.80,FALE 042100Z 21006KT 180V260 6000 -RA FEW006 BKN014 BKN025 16/15 Q1029 NOSIG,M
FALE,2026-09-04 21:07,60.80,59.00,93.79,250.00,7.00,0.00,30.39,M,4.35,M,SCT,BKN,BKN,M,1400.00,2200.00,3300.00,M,-RA,M,M,M,M,M,M,60.80,FALE 042107Z 25007KT 7000 -RA SCT014 BKN022 BKN033 16/15 Q1029 NOSIG,M
FALE,2026-09-04 22:00,60.80,57.20,87.93,180.00,5.00,0.00,30.39,M,6.21,M,SCT,BKN,M,M,2400.00,3400.00,M,M,-RA,M,M,M,M,M,M,60.80,FALE 042200Z 18005KT 130V230 9999 -RA SCT024 BKN034 16/14 Q1029 NOSIG,M
FALE,2026-09-04 23:00,59.00,57.20,93.74,200.00,8.00,0.00,30.39,M,5.59,M,FEW,SCT,BKN,M,1000.00,2000.00,3000.00,M,-RA,M,M,M,M,M,M,59.00,FALE 042300Z 20008KT 9000 -RA FEW010 SCT020 BKN030 15/14 Q1029 NOSIG,M
FALE,2026-09-05 00:00,59.00,57.20,93.74,220.00,4.00,0.00,30.39,M,5.59,M,FEW,BKN,M,M,1700.00,2800.00,M,M,-RA,M,M,M,M,M,M,59.00,FALE 050000Z 22004KT 9000 -RA FEW017 BKN028 15/14 Q1029 NOSIG,M
FALE,2026-09-05 01:00,59.00,55.40,87.84,M,2.00,0.00,30.36,M,5.59,M,FEW,BKN,M,M,2000.00,3300.00,M,M,-RA,M,M,M,M,M,M,59.00,FALE 050100Z VRB02KT 9000 -RA FEW020 BKN033 15/13 Q1028 NOSIG,M
FALE,2026-09-05 02:00,59.00,55.40,87.84,220.00,4.00,0.00,30.36,M,6.21,M,BKN,M,M,M,3800.00,M,M,M,M,M,M,M,M,M,M,59.00,FALE 050200Z 22004KT 9999 BKN038 15/13 Q1028 NOSIG,M
FALE,2026-09-05 03:00,59.00,55.40,87.84,250.00,4.00,0.00,30.33,M,6.21,M,SCT,BKN,M,M,3800.00,4800.00,M,M,M,M,M,M,M,M,M,59.00,FALE 050300Z 25004KT 9999 SCT038 BKN048 15/13 Q1027 NOSIG,M
FALE,2026-09-05 04:00,59.00,55.40,87.84,M,2.00,0.00,30.36,M,6.21,M,SCT,BKN,M,M,3300.00,4000.00,M,M,M,M,M,M,M,M,M,59.00,FALE 050400Z VRB02KT 9999 SCT033 BKN040 15/13 Q1028 NOSIG,M
FALE,2026-09-05 05:00,59.00,57.20,93.74,M,2.00,0.00,30.36,M,6.21,M,BKN,OVC,M,M,3300.00,4800.00,M,M,M,M,M,M,M,M,M,59.00,FALE 050500Z VRB02KT 9999 BKN033 OVC048 15/14 Q1028 NOSIG,M
FALE,2026-09-05 06:00,60.80,55.40,82.38,270.00,3.00,0.00,30.36,M,6.21,M,BKN,OVC,M,M,3600.00,4700.00,M,M,M,M,M,M,M,M,M,60.80,FALE 050600Z 27003KT 9999 BKN036 OVC047 16/13 Q1028 NOSIG,M
FALE,2026-09-05 07:00,62.60,53.60,72.40,M,2.00,0.00,30.36,M,6.21,M,BKN,BKN,M,M,3600.00,4300.00,M,M,M,M,M,M,M,M,M,62.60,FALE 050700Z VRB02KT 9999 BKN036 BKN043 17/12 Q1028 NOSIG,M
FALE,2026-09-05 08:00,64.40,55.40,72.58,210.00,3.00,0.00,30.36,M,6.21,M,SCT,M,M,M,3700.00,M,M,M,M,M,M,M,M,M,M,64.40,FALE 050800Z 21003KT 170V250 9999 SCT037 18/13 Q1028 NOSIG,M
FALE,2026-09-05 09:00,68.00,53.60,60.00,50.00,4.00,0.00,30.33,M,6.21,M,FEW,M,M,M,3200.00,M,M,M,M,M,M,M,M,M,M,68.00,FALE 050900Z 05004KT 360V130 9999 FEW032 20/12 Q1027 NOSIG,M
FALE,2026-09-05 10:00,66.20,53.60,63.85,100.00,6.00,0.00,30.30,M,6.21,M,SCT,M,M,M,3000.00,M,M,M,M,M,M,M,M,M,M,66.20,FALE 051000Z 10006KT 050V140 9999 SCT030 19/12 Q1026 NOSIG,M
FALE,2026-09-05 11:00,64.40,53.60,67.97,70.00,6.00,0.00,30.27,M,6.21,M,BKN,M,M,M,4700.00,M,M,M,M,M,M,M,M,M,M,64.40,FALE 051100Z 07006KT 9999 BKN047 18/12 Q1025 NOSIG,M
FALE,2026-09-05 12:00,66.20,51.80,59.76,70.00,5.00,0.00,30.24,M,6.21,M,FEW,M,M,M,2500.00,M,M,M,M,M,M,M,M,M,M,66.20,FALE 051200Z 07005KT 040V100 9999 FEW025 19/11 Q1024 NOSIG,M
FALE,2026-09-05 13:00,66.20,51.80,59.76,80.00,6.00,0.00,30.24,M,6.21,M,FEW,M,M,M,4000.00,M,M,M,M,M,M,M,M,M,M,66.20,FALE 051300Z 08006KT 050V130 9999 FEW040 19/11 Q1024 NOSIG,M
FALE,2026-09-05 14:00,66.20,53.60,63.85,70.00,6.00,0.00,30.24,M,6.21,M,SCT,M,M,M,4000.00,M,M,M,M,M,M,M,M,M,M,66.20,FALE 051400Z 07006KT 9999 SCT040 19/12 Q1024 NOSIG,M
FALE,2026-09-05 15:00,64.40,53.60,67.97,70.00,5.00,0.00,30.24,M,6.21,M,SCT,M,M,M,4200.00,M,M,M,M,M,M,M,M,M,M,64.40,FALE 051500Z 07005KT 040V100 9999 SCT042 18/12 Q1024 NOSIG,M
FALE,2026-09-05 16:00,62.60,53.60,72.40,70.00,3.00,0.00,30.24,M,6.21,M,FEW,M,M,M,4100.00,M,M,M,M,M,M,M,M,M,M,62.60,FALE 051600Z 07003KT 9999 FEW041 17/12 Q1024 NOSIG,M
FALE,2026-09-05 17:00,60.80,55.40,82.38,M,3.00,0.00,30.27,M,6.21,M,FEW,M,M,M,4500.00,M,M,M,M,M,M,M,M,M,M,60.80,FALE 051700Z VRB03KT 9999 FEW045 16/13 Q1025 NOSIG,M
FALE,2026-09-05 18:00,60.80,57.20,87.93,0.00,0.00,0.00,30.27,M,6.21,M,BKN,M,M,M,4400.00,M,M,M,M,M,M,M,M,M,M,60.80,FALE 051800Z 00000KT 9999 BKN044 16/14 Q1025 NOSIG,M
FALE,2026-09-05 19:00,62.60,57.20,82.51,M,1.00,0.00,30.30,M,6.21,M,BKN,M,M,M,4500.00,M,M,M,M,M,M,M,M,M,M,62.60,FALE 051900Z VRB01KT 9999 BKN045 17/14 Q1026 NOSIG,M
FALE,2026-09-05 20:00,60.80,59.00,93.79,M,2.00,0.00,30.30,M,6.21,M,BKN,M,M,M,4300.00,M,M,M,M,M,M,M,M,M,M,60.80,FALE 052000Z VRB02KT 9999 BKN043 16/15 Q1026 NOSIG,M
FALE,2026-09-05 21:00,60.80,59.00,93.79,M,1.00,0.00,30.27,M,6.21,M,FEW,OVC,M,M,3400.00,4400.00,M,M,M,M,M,M,M,M,M,60.80,FALE 052100Z VRB01KT 9999 FEW034 OVC044 16/15 Q1025 NOSIG,M
FALE,2026-09-05 22:00,60.80,59.00,93.79,260.00,3.00,0.00,30.30,M,6.21,M,BKN,OVC,M,M,3400.00,4100.00,M,M,M,M,M,M,M,M,M,60.80,FALE 052200Z 26003KT 9999 BKN034 OVC041 16/15 Q1026 NOSIG,M
FALE,2026-09-05 23:00,60.80,59.00,93.79,M,2.00,0.00,30.30,M,6.21,M,SCT,OVC,M,M,3300.00,3900.00,M,M,M,M,M,M,M,M,M,60.80,FALE 052300Z VRB02KT 9999 SCT033 OVC039 16/15 Q1026 NOSIG,M
FALE,2026-09-06 00:00,60.80,59.00,93.79,350.00,4.00,0.00,30.30,M,6.21,M,OVC,M,M,M,3300.00,M,M,M,M,M,M,M,M,M,M,60.80,FALE 060000Z 35004KT 9999 OVC033 16/15 Q1026 NOSIG,M
FALE,2026-09-06 01:00,60.80,59.00,93.79,0.00,0.00,0.00,30.27,M,6.21,M,BKN,M,M,M,4900.00,M,M,M,M,M,M,M,M,M,M,60.80,FALE 060100Z 00000KT 9999 BKN049 16/15 Q1025 NOSIG,M
FALE,2026-09-06 02:00,59.00,59.00,100.00,180.00,3.00,0.00,30.27,M,6.21,M,FEW,BKN,M,M,3400.00,4900.00,M,M,-RA,M,M,M,M,M,M,59.00,FALE 060200Z 18003KT 9999 -RA FEW034 BKN049 15/15 Q1025 NOSIG,M
FALE,2026-09-06 03:00,60.80,59.00,93.79,0.00,0.00,0.00,30.27,M,6.21,M,OVC,M,M,M,3100.00,M,M,M,-RA,M,M,M,M,M,M,60.80,FALE 060300Z 00000KT 9999 -RA OVC031 16/15 Q1025 NOSIG,M
FALE,2026-09-06 04:00,60.80,59.00,93.79,240.00,3.00,0.00,30.33,M,6.21,M,SCT,BKN,M,M,1900.00,2500.00,M,M,-RA,M,M,M,M,M,M,60.80,FALE 060400Z 24003KT 9999 -RA SCT019 BKN025 16/15 Q1027 NOSIG,M
FALE,2026-09-06 05:00,60.80,59.00,93.79,160.00,3.00,0.00,30.33,M,6.21,M,FEW,M,M,M,4500.00,M,M,M,-RA,M,M,M,M,M,M,60.80,FALE 060500Z 16003KT 9999 -RA FEW045 16/15 Q1027 NOSIG,M
FALE,2026-09-06 05:56,60.80,59.00,93.79,250.00,4.00,0.00,30.36,M,6.21,M,FEW,BKN,OVC,M,1000.00,1500.00,3300.00,M,-RA,M,M,M,M,M,M,60.80,FALE 060556Z 25004KT 9999 -RA FEW010 BKN015 OVC033 16/15 Q1028 NOSIG,M
FALE,2026-09-06 06:00,60.80,59.00,93.79,250.00,4.00,0.00,30.36,M,6.21,M,FEW,BKN,OVC,M,1000.00,1500.00,3300.00,M,-RA,M,M,M,M,M,M,60.80,FALE 060600Z 25004KT 9999 -RA FEW010 BKN015 OVC033 16/15 Q1028 NOSIG,M
FALE,2026-09-06 06:16,60.80,59.00,93.79,240.00,4.00,0.00,30.36,M,6.21,M,BKN,OVC,M,M,1000.00,1500.00,M,M,-RA,M,M,M,M,M,M,60.80,FALE 060616Z 24004KT 9999 -RA BKN010 OVC015 16/15 Q1028 NOSIG,M
FALE,2026-09-06 07:00,60.80,59.00,93.79,240.00,6.00,0.00,30.36,M,6.21,M,BKN,OVC,M,M,1000.00,1500.00,M,M,M,M,M,M,M,M,M,60.80,FALE 060700Z 24006KT 9999 BKN010 OVC015 16/15 Q1028 NOSIG,M
FALE,2026-09-06 07:12,62.60,59.00,88.01,210.00,5.00,0.00,30.36,M,3.73,M,BKN,OVC,M,M,1800.00,2600.00,M,M,-RA,M,M,M,M,M,M,62.60,FALE 060712Z 21005KT 170V230 6000 -RA BKN018 OVC026 17/15 Q1028 NOSIG,M
FALE,2026-09-06 07:24,60.80,59.00,93.79,210.00,4.00,0.00,30.39,M,2.49,M,FEW,BKN,OVC,M,900.00,1200.00,1700.00,M,-RA,M,M,M,M,M,M,60.80,FALE 060724Z 21004KT 4000 -RA FEW009 BKN012 OVC017 16/15 Q1029 BECMG 8000,M
FALE,2026-09-06 07:52,60.80,60.80,100.00,240.00,6.00,0.00,30.39,M,1.86,M,FEW,BKN,OVC,M,200.00,400.00,1200.00,M,-RA,M,M,M,M,M,M,60.80,FALE 060752Z 24006KT 3000 -RA FEW002 BKN004 OVC012 16/16 Q1029 BECMG 8000,M
FALE,2026-09-06 08:00,60.80,60.80,100.00,240.00,6.00,0.00,30.39,M,2.49,M,FEW,BKN,OVC,M,200.00,400.00,1200.00,M,-RA,M,M,M,M,M,M,60.80,FALE 060800Z 24006KT 4000 -RA FEW002 BKN004 OVC012 16/16 Q1029 NOSIG,M
FALE,2026-09-06 08:25,62.60,60.80,93.84,170.00,3.00,0.00,30.39,M,2.49,M,BKN,OVC,M,M,200.00,600.00,M,M,-RA,M,M,M,M,M,M,62.60,FALE 060825Z 17003KT 140V230 4000 -RA BKN002 OVC006 17/16 Q1029 NOSIG,M
FALE,2026-09-06 09:00,60.80,60.80,100.00,220.00,6.00,0.00,30.36,M,2.49,M,BKN,OVC,M,M,200.00,600.00,M,M,DZ,M,M,M,M,M,M,60.80,FALE 060900Z 22006KT 4000 DZ BKN002 OVC006 16/16 Q1028 NOSIG,M
FALE,2026-09-06 09:22,60.80,60.80,100.00,230.00,4.00,0.00,30.36,M,1.86,M,OVC,M,M,M,200.00,M,M,M,-RA,M,M,M,M,M,M,60.80,FALE 060922Z 23004KT 3000 -RA OVC002 16/16 Q1028 NOSIG,M
FALE,2026-09-06 09:52,60.80,59.00,93.79,80.00,3.00,0.00,30.36,M,1.86,M,BKN,OVC,M,M,200.00,1700.00,M,M,-RA,M,M,M,M,M,M,60.80,FALE 060952Z 08003KT 030V130 3000 -RA BKN002 OVC017 16/15 Q1028 NOSIG,M
FALE,2026-09-06 10:00,60.80,59.00,93.79,80.00,4.00,0.00,30.36,M,1.86,M,BKN,OVC,M,M,200.00,1700.00,M,M,-RA,M,M,M,M,M,M,60.80,FALE 061000Z 08004KT 030V120 3000 -RA BKN002 OVC017 16/15 Q1028 NOSIG,M
FALE,2026-09-06 10:04,60.80,59.00,93.79,70.00,3.00,0.00,30.36,M,1.24,M,SCT,BKN,M,M,300.00,1800.00,M,M,-RA,M,M,M,M,M,M,60.80,FALE 061004Z 07003KT 040V160 2000 -RA SCT003 BKN018 16/15 Q1028 NOSIG,M
FALE,2026-09-06 10:15,60.80,60.80,100.00,M,2.00,0.00,30.36,M,2.17,M,SCT,BKN,BKN,M,400.00,1100.00,2100.00,M,-RA,M,M,M,M,M,M,60.80,FALE 061015Z VRB02KT 3500 -RA SCT004 BKN011 BKN021 16/16 Q1028 NOSIG,M
FALE,2026-09-06 10:37,60.80,60.80,100.00,M,1.00,0.00,30.36,M,1.55,M,SCT,BKN,BKN,M,400.00,1100.00,2400.00,M,-RA,M,M,M,M,M,M,60.80,FALE 061037Z VRB01KT 2500 -RA SCT004 BKN011 BKN024 16/16 Q1028 TEMPO 4000,M
FALE,2026-09-06 10:50,60.80,59.00,93.79,300.00,3.00,0.00,30.36,M,2.49,M,SCT,BKN,OVC,M,400.00,1400.00,2600.00,M,-RA,M,M,M,M,M,M,60.80,FALE 061050Z 30003KT 260V330 4000 -RA SCT004 BKN014 OVC026 16/15 Q1028 TEMPO 2500,M
FALE,2026-09-06 11:00,60.80,60.80,100.00,300.00,3.00,0.00,30.36,M,2.80,M,SCT,BKN,OVC,M,400.00,1400.00,2600.00,M,-RA,M,M,M,M,M,M,60.80,FALE 061100Z 30003KT 260V330 4500 -RA SCT004 BKN014 OVC026 16/16 Q1028 TEMPO 2500,M
FALE,2026-09-06 11:01,60.80,60.80,100.00,290.00,3.00,0.00,30.36,M,4.35,M,FEW,SCT,BKN,M,300.00,1600.00,2200.00,M,-RA,M,M,M,M,M,M,60.80,FALE 061101Z 29003KT 260V320 7000 -RA FEW003 SCT016 BKN022 16/16 Q1028 NOSIG,M
FALE,2026-09-06 12:00,62.60,60.80,93.84,0.00,0.00,0.00,30.33,M,4.97,M,FEW,BKN,BKN,M,400.00,1700.00,2500.00,M,-RA,M,M,M,M,M,M,62.60,FALE 061200Z 00000KT 8000 -RA FEW004 BKN017 BKN025 17/16 Q1027 NOSIG,M
FALE,2026-09-06 12:36,60.80,59.00,93.79,M,2.00,0.00,30.33,M,2.49,M,SCT,BKN,BKN,M,500.00,1300.00,1800.00,M,-RA,M,M,M,M,M,M,60.80,FALE 061236Z VRB02KT 4000 -RA SCT005 BKN013 BKN018 16/15 Q1027 TEMPO 2000,M
FALE,2026-09-06 12:45,60.80,59.00,93.79,340.00,3.00,0.00,30.33,M,1.24,M,SCT,BKN,BKN,M,300.00,1100.00,1800.00,M,-RA,M,M,M,M,M,M,60.80,FALE 061245Z 34003KT 300V010 2000 -RA SCT003 BKN011 BKN018 16/15 Q1027 NOSIG,M
FALE,2026-09-06 12:55,60.80,60.80,100.00,M,2.00,0.00,30.33,M,0.93,M,SCT,BKN,BKN,M,300.00,800.00,1600.00,M,-RA,M,M,M,M,M,M,60.80,FALE 061255Z VRB02KT 1500 -RA SCT003 BKN008 BKN016 16/16 Q1027 NOSIG,M
FALE,2026-09-06 13:00,60.80,59.00,93.79,M,2.00,0.00,30.33,M,0.93,M,SCT,BKN,BKN,M,300.00,800.00,1600.00,M,-RA,M,M,M,M,M,M,60.80,FALE 061300Z VRB02KT 1500 -RA SCT003 BKN008 BKN016 16/15 Q1027 NOSIG,M
FALE,2026-09-06 13:24,60.80,59.00,93.79,90.00,4.00,0.00,30.36,M,1.24,M,SCT,BKN,BKN,M,300.00,600.00,1300.00,M,-RA,M,M,M,M,M,M,60.80,FALE 061324Z 09004KT 050V130 2000 -RA SCT003 BKN006 BKN013 16/15 Q1028 NOSIG,M
FALE,2026-09-06 14:00,60.80,60.80,100.00,M,2.00,0.00,30.36,M,1.24,M,SCT,BKN,BKN,M,300.00,600.00,1400.00,M,-RA,M,M,M,M,M,M,60.80,FALE 061400Z VRB02KT 2000 -RA SCT003 BKN006 BKN014 16/16 Q1028 NOSIG,M
FALE,2026-09-06 14:25,60.80,59.00,93.79,M,1.00,0.00,30.36,M,4.35,M,FEW,SCT,BKN,M,300.00,1400.00,2500.00,M,-RA,M,M,M,M,M,M,60.80,FALE 061425Z VRB01KT 7000 -RA FEW003 SCT014 BKN025 16/15 Q1028 TEMPO 4000,M
FALE,2026-09-06 15:00,60.80,59.00,93.79,0.00,0.00,0.00,30.36,M,4.97,M,FEW,SCT,BKN,M,600.00,1400.00,3400.00,M,-RA,M,M,M,M,M,M,60.80,FALE 061500Z 00000KT 8000 -RA FEW006 SCT014 BKN034 16/15 Q1028 NOSIG,M
FALE,2026-09-06 16:00,60.80,59.00,93.79,240.00,3.00,0.00,30.39,M,4.97,M,SCT,BKN,BKN,M,1700.00,2300.00,4500.00,M,-RA,M,M,M,M,M,M,60.80,FALE 061600Z 24003KT 8000 -RA SCT017 BKN023 BKN045 16/15 Q1029 NOSIG,M
FALE,2026-09-06 16:20,60.80,59.00,93.79,M,1.00,0.00,30.39,M,2.80,M,BKN,BKN,M,M,1400.00,2800.00,M,M,-RA,M,M,M,M,M,M,60.80,FALE 061620Z VRB01KT 4500 -RA BKN014 BKN028 16/15 Q1029 NOSIG,M
FALE,2026-09-06 17:00,60.80,59.00,93.79,M,3.00,0.00,30.42,M,2.80,M,SCT,BKN,BKN,M,600.00,1200.00,3000.00,M,-RA,M,M,M,M,M,M,60.80,FALE 061700Z VRB03KT 4500 -RA SCT006 BKN012 BKN030 16/15 Q1030 NOSIG,M
FALE,2026-09-06 17:01,60.80,59.00,93.79,M,3.00,0.00,30.42,M,4.97,M,FEW,SCT,BKN,M,600.00,1000.00,3000.00,M,-RA,M,M,M,M,M,M,60.80,FALE 061701Z VRB03KT 8000 -RA FEW006 SCT010 BKN030 16/15 Q1030 NOSIG,M
FALE,2026-09-06 18:00,60.80,59.00,93.79,250.00,5.00,0.00,30.45,M,5.59,M,FEW,BKN,M,M,1000.00,4000.00,M,M,-RA,M,M,M,M,M,M,60.80,FALE 061800Z 25005KT 9000 -RA FEW010 BKN040 16/15 Q1031 NOSIG,M
FALE,2026-09-06 19:00,60.80,59.00,93.79,240.00,3.00,0.00,30.45,M,6.21,M,FEW,BKN,M,M,2900.00,3600.00,M,M,M,M,M,M,M,M,M,60.80,FALE 061900Z 24003KT 190V270 9999 FEW029 BKN036 16/15 Q1031 NOSIG,M
FALE,2026-09-06 20:00,60.80,59.00,93.79,M,2.00,0.00,30.45,M,6.21,M,OVC,M,M,M,4700.00,M,M,M,M,M,M,M,M,M,M,60.80,FALE 062000Z VRB02KT 9999 OVC047 16/15 Q1031 NOSIG,M
FALE,2026-09-06 21:00,60.80,59.00,93.79,230.00,4.00,0.00,30.45,M,6.21,M,FEW,M,M,M,4600.00,M,M,M,M,M,M,M,M,M,M,60.80,FALE 062100Z 23004KT 9999 FEW046 16/15 Q1031 NOSIG,M
FALE,2026-09-06 22:00,60.80,59.00,93.79,M,2.00,0.00,30.45,M,6.21,M,FEW,OVC,M,M,2800.00,3700.00,M,M,M,M,M,M,M,M,M,60.80,FALE 062200Z VRB02KT 9999 FEW028 OVC037 16/15 Q1031 NOSIG,M
FALE,2026-09-06 23:00,60.80,59.00,93.79,220.00,3.00,0.00,30.45,M,6.21,M,SCT,OVC,M,M,3500.00,4100.00,M,M,M,M,M,M,M,M,M,60.80,FALE 062300Z 22003KT 9999 SCT035 OVC041 16/15 Q1031 NOSIG,M
FALE,2026-09-07 00:00,60.80,59.00,93.79,210.00,4.00,0.00,30.42,M,6.21,M,SCT,OVC,M,M,2000.00,3000.00,M,M,M,M,M,M,M,M,M,60.80,FALE 070000Z 21004KT 9999 SCT020 OVC030 16/15 Q1030 NOSIG,M
FALE,2026-09-07 00:28,60.80,59.00,93.79,M,2.00,0.00,30.45,M,2.49,M,SCT,OVC,M,M,500.00,1300.00,M,M,-RA,M,M,M,M,M,M,60.80,FALE 070028Z VRB02KT 4000 -RA SCT005 OVC013 16/15 Q1031 TEMPO BKN005,M
FALE,2026-09-07 01:00,60.80,59.00,93.79,220.00,4.00,0.00,30.45,M,2.80,M,SCT,OVC,M,M,500.00,1300.00,M,M,-RA,M,M,M,M,M,M,60.80,COR FALE 070100Z 22004KT 4500 -RA SCT005 OVC013 16/15 Q1031 TEMPO BKN005,M
FALE,2026-09-07 01:20,60.80,59.00,93.79,220.00,2.00,0.00,30.45,M,3.73,M,BKN,OVC,M,M,600.00,1300.00,M,M,-RA,M,M,M,M,M,M,60.80,FALE 070120Z 22002KT 6000 -RA BKN006 OVC013 16/15 Q1031 NOSIG,M
FALE,2026-09-07 02:00,60.80,59.00,93.79,250.00,4.00,0.00,30.45,M,3.73,M,BKN,OVC,M,M,600.00,1300.00,M,M,-DZRA,M,M,M,M,M,M,60.80,FALE 070200Z 25004KT 6000 -DZRA BKN006 OVC013 16/15 Q1031 NOSIG,M
FALE,2026-09-07 02:15,59.00,59.00,100.00,M,2.00,0.00,30.45,M,2.49,M,BKN,OVC,M,M,600.00,1300.00,M,M,-DZRA,M,M,M,M,M,M,59.00,FALE 070215Z VRB02KT 4000 -DZRA BKN006 OVC013 15/15 Q1031 NOSIG,M
FALE,2026-09-07 03:03,59.00,59.00,100.00,300.00,4.00,0.00,30.45,M,2.49,M,BKN,OVC,M,M,600.00,1300.00,M,M,-DZRA,M,M,M,M,M,M,59.00,FALE 070303Z 30004KT 270V330 4000 -DZRA BKN006 OVC013 15/15 Q1031 NOSIG,M
FALE,2026-09-07 03:48,59.00,59.00,100.00,230.00,5.00,0.00,30.45,M,6.21,M,OVC,M,M,M,4300.00,M,M,M,M,M,M,M,M,M,M,59.00,FALE 070348Z 23005KT 9999 OVC043 15/15 Q1031 NOSIG,M
FALE,2026-09-07 04:00,59.00,59.00,100.00,250.00,5.00,0.00,30.45,M,6.21,M,OVC,M,M,M,4500.00,M,M,M,M,M,M,M,M,M,M,59.00,FALE 070400Z 25005KT 9999 OVC045 15/15 Q1031 NOSIG,M
FALE,2026-09-07 05:00,60.80,59.00,93.79,250.00,3.00,0.00,30.47,M,6.21,M,OVC,M,M,M,3700.00,M,M,M,M,M,M,M,M,M,M,60.80,FALE 070500Z 25003KT 9999 OVC037 16/15 Q1032 NOSIG,M
FALE,2026-09-07 06:00,60.80,59.00,93.79,M,2.00,0.00,30.50,M,6.21,M,OVC,M,M,M,3600.00,M,M,M,M,M,M,M,M,M,M,60.80,FALE 070600Z VRB02KT 9999 OVC036 16/15 Q1033 NOSIG,M
FALE,2026-09-07 07:00,62.60,59.00,88.01,M,2.00,0.00,30.50,M,6.21,M,BKN,OVC,M,M,3400.00,4700.00,M,M,M,M,M,M,M,M,M,62.60,FALE 070700Z VRB02KT 9999 BKN034 OVC047 17/15 Q1033 NOSIG,M
FALE,2026-09-07 08:00,64.40,60.80,88.10,290.00,2.00,0.00,30.50,M,6.21,M,FEW,OVC,M,M,3000.00,3500.00,M,M,-RA,M,M,M,M,M,M,64.40,FALE 070800Z 29002KT 9999 -RA FEW030 OVC035 18/16 Q1033 NOSIG,M
FALE,2026-09-07 09:00,66.20,60.80,82.76,280.00,3.00,0.00,30.50,M,6.21,M,BKN,OVC,M,M,4100.00,4900.00,M,M,M,M,M,M,M,M,M,66.20,FALE 070900Z 28003KT 240V310 9999 BKN041 OVC049 19/16 Q1033 NOSIG,M
FALE,2026-09-07 10:00,68.00,57.20,68.38,50.00,5.00,0.00,30.47,M,6.21,M,SCT,BKN,M,M,1800.00,2500.00,M,M,M,M,M,M,M,M,M,68.00,FALE 071000Z 05005KT 350V090 9999 SCT018 BKN025 20/14 Q1032 NOSIG,M
FALE,2026-09-07 11:00,68.00,57.20,68.38,70.00,6.00,0.00,30.45,M,6.21,M,SCT,BKN,M,M,2900.00,4300.00,M,M,M,M,M,M,M,M,M,68.00,FALE 071100Z 07006KT 050V120 9999 SCT029 BKN043 20/14 Q1031 NOSIG,M
FALE,2026-09-07 12:00,69.80,57.20,64.30,80.00,7.00,0.00,30.42,M,6.21,M,SCT,M,M,M,4900.00,M,M,M,M,M,M,M,M,M,M,69.80,FALE 071200Z 08007KT 040V170 9999 SCT049 21/14 Q1030 NOSIG,M
FALE,2026-09-07 13:00,68.00,59.00,72.95,70.00,5.00,0.00,30.42,M,6.21,M,FEW,M,M,M,3900.00,M,M,M,M,M,M,M,M,M,M,68.00,FALE 071300Z 07005KT 040V130 9999 FEW039 20/15 Q1030 NOSIG,M
FALE,2026-09-07 14:00,68.00,57.20,68.38,50.00,7.00,0.00,30.42,M,6.21,M,FEW,M,M,M,4000.00,M,M,M,M,M,M,M,M,M,M,68.00,FALE 071400Z 05007KT 9999 FEW040 20/14 Q1030 NOSIG,M
FALE,2026-09-07 15:00,66.20,59.00,77.62,70.00,6.00,0.00,30.42,M,6.21,M,FEW,M,M,M,2800.00,M,M,M,M,M,M,M,M,M,M,66.20,FALE 071500Z 07006KT 9999 FEW028 19/15 Q1030 NOSIG,M
FALE,2026-09-07 16:00,66.20,60.80,82.76,60.00,6.00,0.00,30.45,M,6.21,M,FEW,M,M,M,4700.00,M,M,M,M,M,M,M,M,M,M,66.20,FALE 071600Z 06006KT 9999 FEW047 19/16 Q1031 NOSIG,M
FALE,2026-09-07 17:00,64.40,60.80,88.10,50.00,7.00,0.00,30.45,M,6.21,M,FEW,M,M,M,2900.00,M,M,M,M,M,M,M,M,M,M,64.40,FALE 071700Z 05007KT 9999 FEW029 18/16 Q1031 NOSIG,M
FALE,2026-09-07 18:00,64.40,59.00,82.63,50.00,9.00,0.00,30.45,M,6.21,M,M,M,M,M,M,M,M,M,M,M,M,M,M,M,M,64.40,FALE 071800Z 05009KT CAVOK 18/15 Q1031 NOSIG,M
FALE,2026-09-07 19:00,64.40,59.00,82.63,40.00,7.00,0.00,30.45,M,6.21,M,M,M,M,M,M,M,M,M,M,M,M,M,M,M,M,64.40,FALE 071900Z 04007KT CAVOK 18/15 Q1031 NOSIG,M
FALE,2026-09-07 20:00,64.40,59.00,82.63,40.00,7.00,0.00,30.47,M,6.21,M,SCT,M,M,M,4000.00,M,M,M,M,M,M,M,M,M,M,64.40,FALE 072000Z 04007KT 9999 SCT040 18/15 Q1032 NOSIG,M
FALE,2026-09-07 21:00,62.60,59.00,88.01,30.00,6.00,0.00,30.47,M,6.21,M,SCT,M,M,M,4400.00,M,M,M,M,M,M,M,M,M,M,62.60,FALE 072100Z 03006KT 9999 SCT044 17/15 Q1032 NOSIG,M
FALE,2026-09-07 22:00,62.60,57.20,82.51,40.00,6.00,0.00,30.47,M,6.21,M,M,M,M,M,M,M,M,M,M,M,M,M,M,M,M,62.60,FALE 072200Z 04006KT CAVOK 17/14 Q1032 NOSIG,M
FALE,2026-09-07 23:00,60.80,57.20,87.93,50.00,7.00,0.00,30.45,M,6.21,M,M,M,M,M,M,M,M,M,M,M,M,M,M,M,M,60.80,FALE 072300Z 05007KT CAVOK 16/14 Q1031 NOSIG,M
FALE,2026-09-08 00:00,59.00,57.20,93.74,50.00,6.00,0.00,30.42,M,6.21,M,M,M,M,M,M,M,M,M,M,M,M,M,M,M,M,59.00,FALE 080000Z 05006KT CAVOK 15/14 Q1030 NOSIG,M
FALE,2026-09-08 01:00,59.00,55.40,87.84,40.00,7.00,0.00,30.39,M,6.21,M,M,M,M,M,M,M,M,M,M,M,M,M,M,M,M,59.00,FALE 080100Z 04007KT CAVOK 15/13 Q1029 NOSIG,M
FALE,2026-09-08 02:00,59.00,55.40,87.84,50.00,9.00,0.00,30.39,M,6.21,M,M,M,M,M,M,M,M,M,M,M,M,M,M,M,M,59.00,FALE 080200Z 05009KT CAVOK 15/13 Q1029 NOSIG,M
FALE,2026-09-08 03:00,59.00,55.40,87.84,40.00,8.00,0.00,30.39,M,6.21,M,M,M,M,M,M,M,M,M,M,M,M,M,M,M,M,59.00,FALE 080300Z 04008KT CAVOK 15/13 Q1029 NOSIG,M
FALE,2026-09-08 04:00,59.00,53.60,82.26,40.00,8.00,0.00,30.39,M,6.21,M,M,M,M,M,M,M,M,M,M,M,M,M,M,M,M,59.00,FALE 080400Z 04008KT CAVOK 15/12 Q1029 NOSIG,M
FALE,2026-09-08 05:00,60.80,55.40,82.38,50.00,9.00,0.00,30.39,M,6.21,M,M,M,M,M,M,M,M,M,M,M,M,M,M,M,M,60.80,FALE 080500Z 05009KT CAVOK 16/13 Q1029 NOSIG,M
FALE,2026-09-08 05:29,64.40,55.40,72.58,40.00,11.00,0.00,30.39,M,6.21,M,M,M,M,M,M,M,M,M,M,M,M,M,M,M,M,64.40,FALE 080529Z 04011KT CAVOK 18/13 Q1029 NOSIG,M
FALE,2026-09-08 06:00,66.20,55.40,68.18,40.00,13.00,0.00,30.39,M,6.21,M,M,M,M,M,M,M,M,M,M,M,M,M,M,M,M,66.20,FALE 080600Z 04013KT CAVOK 19/13 Q1029 NOSIG,M
FALE,2026-09-08 07:00,69.80,55.40,60.24,40.00,14.00,0.00,30.42,M,6.21,M,M,M,M,M,M,M,M,M,M,M,M,M,M,M,M,69.80,FALE 080700Z 04014KT CAVOK 21/13 Q1030 NOSIG,M
FALE,2026-09-08 08:00,71.60,55.40,56.67,50.00,15.00,0.00,30.39,M,6.21,M,M,M,M,M,M,M,M,M,M,M,M,M,M,M,M,71.60,FALE 080800Z 05015KT CAVOK 22/13 Q1029 NOSIG,M
FALE,2026-09-08 09:00,69.80,60.80,73.13,70.00,17.00,0.00,30.36,M,6.21,M,M,M,M,M,M,M,M,M,M,M,M,M,M,M,M,69.80,FALE 080900Z 07017KT CAVOK 21/16 Q1028 NOSIG,M
FALE,2026-09-08 10:00,71.60,60.80,68.79,60.00,16.00,0.00,30.33,M,6.21,M,M,M,M,M,M,M,M,M,M,M,M,M,M,M,M,71.60,FALE 081000Z 06016KT CAVOK 22/16 Q1027 NOSIG,M
FALE,2026-09-08 10:25,71.60,60.80,68.79,60.00,19.00,0.00,30.33,M,6.21,29.00,M,M,M,M,M,M,M,M,M,M,M,M,M,M,M,71.60,FALE 081025Z 06019G29KT CAVOK 22/16 Q1027 NOSIG,M
FALE,2026-09-08 10:55,69.80,62.60,77.93,70.00,21.00,0.00,30.30,M,6.21,M,M,M,M,M,M,M,M,M,M,M,M,M,M,M,M,69.80,FALE 081055Z 07021KT CAVOK 21/17 Q1026 NOSIG,M
FALE,2026-09-08 11:00,69.80,62.60,77.93,70.00,21.00,0.00,30.30,M,6.21,M,M,M,M,M,M,M,M,M,M,M,M,M,M,M,M,69.80,FALE 081100Z 07021KT CAVOK 21/17 Q1026 NOSIG,M
FALE,2026-09-08 11:10,69.80,60.80,73.13,60.00,21.00,0.00,30.30,M,6.21,31.00,M,M,M,M,M,M,M,M,M,M,M,M,M,M,M,69.80,FALE 081110Z 06021G31KT CAVOK 21/16 Q1026 NOSIG,M
FALE,2026-09-08 12:00,69.80,62.60,77.93,60.00,20.00,0.00,30.27,M,6.21,32.00,M,M,M,M,M,M,M,M,M,M,M,M,M,M,M,69.80,FALE 081200Z 06020G32KT CAVOK 21/17 Q1025 NOSIG,M
FALE,2026-09-08 13:00,69.80,62.60,77.93,60.00,18.00,0.00,30.27,M,6.21,28.00,M,M,M,M,M,M,M,M,M,M,M,M,M,M,M,69.80,FALE 081300Z 06018G28KT CAVOK 21/17 Q1025 NOSIG,M
FALE,2026-09-08 13:21,69.80,62.60,77.93,60.00,16.00,0.00,30.27,M,6.21,M,FEW,M,M,M,3000.00,M,M,M,M,M,M,M,M,M,M,69.80,FALE 081321Z 06016KT 9999 FEW030 21/17 Q1025 NOSIG,M
FALE,2026-09-08 14:00,69.80,62.60,77.93,60.00,17.00,0.00,30.27,M,6.21,M,FEW,M,M,M,2500.00,M,M,M,M,M,M,M,M,M,M,69.80,FALE 081400Z 06017KT 9999 FEW025 21/17 Q1025 NOSIG,M
FALE,2026-09-08 14:25,69.80,62.60,77.93,50.00,16.00,0.00,30.27,M,6.21,26.00,FEW,M,M,M,2500.00,M,M,M,M,M,M,M,M,M,M,69.80,FALE 081425Z 05016G26KT 9999 FEW025 21/17 Q1025 NOSIG,M
FALE,2026-09-08 14:56,68.00,62.60,82.88,60.00,14.00,0.00,30.30,M,6.21,24.00,FEW,M,M,M,2500.00,M,M,M,M,M,M,M,M,M,M,68.00,FALE 081456Z 06014G24KT 9999 FEW025 20/17 Q1026 NOSIG,M
FALE,2026-09-08 15:00,68.00,62.60,82.88,60.00,14.00,0.00,30.30,M,6.21,24.00,FEW,M,M,M,2500.00,M,M,M,M,M,M,M,M,M,M,68.00,FALE 081500Z 06014G24KT 9999 FEW025 20/17 Q1026 NOSIG,M
FALE,2026-09-08 15:24,68.00,62.60,82.88,50.00,14.00,0.00,30.30,M,6.21,M,FEW,M,M,M,2500.00,M,M,M,M,M,M,M,M,M,M,68.00,FALE 081524Z 05014KT 9999 FEW025 20/17 Q1026 NOSIG,M
FALE,2026-09-08 16:00,68.00,62.60,82.88,50.00,15.00,0.00,30.27,M,6.21,M,FEW,M,M,M,3000.00,M,M,M,M,M,M,M,M,M,M,68.00,FALE 081600Z 05015KT 9999 FEW030 20/17 Q1025 NOSIG,M
FALE,2026-09-08 16:24,68.00,62.60,82.88,50.00,14.00,0.00,30.27,M,6.21,24.00,FEW,M,M,M,3000.00,M,M,M,M,M,M,M,M,M,M,68.00,FALE 081624Z 05014G24KT 9999 FEW030 20/17 Q1025 NOSIG,M
FALE,2026-09-08 16:46,68.00,62.60,82.88,50.00,12.00,0.00,30.27,M,6.21,M,FEW,M,M,M,3000.00,M,M,M,M,M,M,M,M,M,M,68.00,FALE 081646Z 05012KT 9999 FEW030 20/17 Q1025 NOSIG,M
FALE,2026-09-08 17:00,68.00,62.60,82.88,50.00,12.00,0.00,30.27,M,6.21,M,M,M,M,M,M,M,M,M,M,M,M,M,M,M,M,68.00,FALE 081700Z 05012KT CAVOK 20/17 Q1025 NOSIG,M
FALE,2026-09-08 18:00,66.20,59.00,77.62,50.00,11.00,0.00,30.30,M,6.21,M,M,M,M,M,M,M,M,M,M,M,M,M,M,M,M,66.20,FALE 081800Z 05011KT CAVOK 19/15 Q1026 NOSIG,M
FALE,2026-09-08 19:00,66.20,59.00,77.62,60.00,9.00,0.00,30.30,M,6.21,M,M,M,M,M,M,M,M,M,M,M,M,M,M,M,M,66.20,FALE 081900Z 06009KT CAVOK 19/15 Q1026 NOSIG,M
FALE,2026-09-08 20:00,64.40,59.00,82.63,50.00,6.00,0.00,30.33,M,6.21,M,M,M,M,M,M,M,M,M,M,M,M,M,M,M,M,64.40,FALE 082000Z 05006KT CAVOK 18/15 Q1027 NOSIG,M
FALE,2026-09-08 21:00,60.80,59.00,93.79,50.00,3.00,0.00,30.33,M,6.21,M,M,M,M,M,M,M,M,M,M,M,M,M,M,M,M,60.80,FALE 082100Z 05003KT CAVOK 16/15 Q1027 NOSIG,M
FALE,2026-09-08 22:00,60.80,59.00,93.79,40.00,5.00,0.00,30.30,M,6.21,M,M,M,M,M,M,M,M,M,M,M,M,M,M,M,M,60.80,FALE 082200Z 04005KT CAVOK 16/15 Q1026 NOSIG,M
FALE,2026-09-08 23:00,60.80,57.20,87.93,40.00,5.00,0.00,30.30,M,6.21,M,M,M,M,M,M,M,M,M,M,M,M,M,M,M,M,60.80,FALE 082300Z 04005KT CAVOK 16/14 Q1026 NOSIG,M
FALE,2026-09-09 00:00,59.00,57.20,93.74,20.00,4.00,0.00,30.27,M,6.21,M,M,M,M,M,M,M,M,M,M,M,M,M,M,M,M,59.00,FALE 090000Z 02004KT CAVOK 15/14 Q1025 NOSIG,M
FALE,2026-09-09 01:00,59.00,57.20,93.74,50.00,2.00,0.00,30.27,M,6.21,M,M,M,M,M,M,M,M,M,M,M,M,M,M,M,M,59.00,FALE 090100Z 05002KT CAVOK 15/14 Q1025 NOSIG,M
FALE,2026-09-09 02:00,55.40,55.40,100.00,0.00,0.00,0.00,30.27,M,6.21,M,M,M,M,M,M,M,M,M,M,M,M,M,M,M,M,55.40,FALE 090200Z 00000KT CAVOK 13/13 Q1025 NOSIG,M
FALE,2026-09-09 03:00,55.40,55.40,100.00,50.00,3.00,0.00,30.27,M,6.21,M,M,M,M,M,M,M,M,M,M,M,M,M,M,M,M,55.40,COR FALE 090300Z 05003KT CAVOK 13/13 Q1025 NOSIG,M
FALE,2026-09-09 04:23,55.40,55.40,100.00,30.00,2.00,0.00,30.27,M,4.35,M,NSC,M,M,M,M,M,M,M,M,M,M,M,M,M,M,55.40,FALE 090423Z 03002KT 7000 NSC 13/13 Q1025 NOSIG,M
FALE,2026-09-09 04:55,59.00,57.20,93.74,50.00,2.00,0.00,30.30,M,6.21,M,M,M,M,M,M,M,M,M,M,M,M,M,M,M,M,59.00,FALE 090455Z 05002KT CAVOK 15/14 Q1026 NOSIG,M
FALE,2026-09-09 05:00,59.00,57.20,93.74,50.00,2.00,0.00,30.30,M,6.21,M,M,M,M,M,M,M,M,M,M,M,M,M,M,M,M,59.00,FALE 090500Z 05002KT CAVOK 15/14 Q1026 NOSIG,M
FALE,2026-09-09 05:58,64.40,60.80,88.10,30.00,6.00,0.00,30.30,M,6.21,M,M,M,M,M,M,M,M,M,M,M,M,M,M,M,M,64.40,FALE 090558Z 03006KT CAVOK 18/16 Q1026 NOSIG,M
FALE,2026-09-09 06:00,64.40,60.80,88.10,30.00,6.00,0.00,30.30,M,6.21,M,M,M,M,M,M,M,M,M,M,M,M,M,M,M,M,64.40,FALE 090600Z 03006KT CAVOK 18/16 Q1026 NOSIG,M
FALE,2026-09-09 06:54,69.80,60.80,73.13,20.00,8.00,0.00,30.30,M,6.21,M,M,M,M,M,M,M,M,M,M,M,M,M,M,M,M,69.80,FALE 090654Z 02008KT 350V050 CAVOK 21/16 Q1026 NOSIG,M
FALE,2026-09-09 07:00,69.80,60.80,73.13,20.00,8.00,0.00,30.30,M,6.21,M,M,M,M,M,M,M,M,M,M,M,M,M,M,M,M,69.80,FALE 090700Z 02008KT 350V050 CAVOK 21/16 Q1026 NOSIG,M
FALE,2026-09-09 08:00,73.40,59.00,60.72,40.00,9.00,0.00,30.27,M,6.21,M,M,M,M,M,M,M,M,M,M,M,M,M,M,M,M,73.40,FALE 090800Z 04009KT CAVOK 23/15 Q1025 NOSIG,M
FALE,2026-09-09 09:00,75.20,62.60,64.96,70.00,11.00,0.00,30.24,M,6.21,M,M,M,M,M,M,M,M,M,M,M,M,M,M,M,M,75.20,FALE 090900Z 07011KT 030V100 CAVOK 24/17 Q1024 NOSIG,M
FALE,2026-09-09 10:00,75.20,62.60,64.96,70.00,12.00,0.00,30.24,M,6.21,M,M,M,M,M,M,M,M,M,M,M,M,M,M,M,M,75.20,FALE 091000Z 07012KT CAVOK 24/17 Q1024 NOSIG,M
FALE,2026-09-09 11:00,75.20,62.60,64.96,70.00,16.00,0.00,30.21,M,6.21,M,M,M,M,M,M,M,M,M,M,M,M,M,M,M,M,75.20,FALE 091100Z 07016KT CAVOK 24/17 Q1023 NOSIG,M
FALE,2026-09-09 12:00,73.40,62.60,68.99,70.00,16.00,0.00,30.18,M,6.21,M,M,M,M,M,M,M,M,M,M,M,M,M,M,M,M,73.40,FALE 091200Z 07016KT CAVOK 23/17 Q1022 NOSIG,M
FALE,2026-09-09 12:08,73.40,62.60,68.99,70.00,16.00,0.00,30.18,M,6.21,M,M,M,M,M,M,M,M,M,M,M,M,M,M,M,M,73.40,FALE 091208Z 07016KT CAVOK 23/17 Q1022 NOSIG,M
FALE,2026-09-09 12:12,73.40,62.60,68.99,60.00,16.00,0.00,30.18,M,6.21,26.00,M,M,M,M,M,M,M,M,M,M,M,M,M,M,M,73.40,FALE 091212Z 06016G26KT CAVOK 23/17 Q1022 NOSIG,M
FALE,2026-09-09 13:00,73.40,62.60,68.99,70.00,14.00,0.00,30.15,M,6.21,M,M,M,M,M,M,M,M,M,M,M,M,M,M,M,M,73.40,FALE 091300Z 07014KT 040V100 CAVOK 23/17 Q1021 NOSIG,M
FALE,2026-09-09 14:00,71.60,62.60,73.30,60.00,20.00,0.00,30.15,M,6.21,M,M,M,M,M,M,M,M,M,M,M,M,M,M,M,M,71.60,FALE 091400Z 06020KT CAVOK 22/17 Q1021 NOSIG,M
FALE,2026-09-09 15:00,69.80,62.60,77.93,50.00,16.00,0.00,30.15,M,6.21,M,M,M,M,M,M,M,M,M,M,M,M,M,M,M,M,69.80,FALE 091500Z 05016KT CAVOK 21/17 Q1021 NOSIG,M
FALE,2026-09-09 16:00,68.00,62.60,82.88,50.00,12.00,0.00,30.15,M,6.21,M,M,M,M,M,M,M,M,M,M,M,M,M,M,M,M,68.00,FALE 091600Z 05012KT CAVOK 20/17 Q1021 NOSIG,M
FALE,2026-09-09 17:00,68.00,62.60,82.88,50.00,9.00,0.00,30.18,M,6.21,M,M,M,M,M,M,M,M,M,M,M,M,M,M,M,M,68.00,FALE 091700Z 05009KT 020V080 CAVOK 20/17 Q1022 NOSIG,M
FALE,2026-09-09 18:00,68.00,62.60,82.88,70.00,7.00,0.00,30.18,M,6.21,M,M,M,M,M,M,M,M,M,M,M,M,M,M,M,M,68.00,FALE 091800Z 07007KT CAVOK 20/17 Q1022 NOSIG,M
FALE,2026-09-09 19:00,66.20,60.80,82.76,50.00,4.00,0.00,30.18,M,6.21,M,M,M,M,M,M,M,M,M,M,M,M,M,M,M,M,66.20,FALE 091900Z 05004KT CAVOK 19/16 Q1022 NOSIG,M
FALE,2026-09-09 20:00,62.60,57.20,82.51,50.00,4.00,0.00,30.18,M,6.21,M,M,M,M,M,M,M,M,M,M,M,M,M,M,M,M,62.60,FALE 092000Z 05004KT CAVOK 17/14 Q1022 NOSIG,M
FALE,2026-09-09 21:00,64.40,59.00,82.63,60.00,6.00,0.00,30.18,M,6.21,M,M,M,M,M,M,M,M,M,M,M,M,M,M,M,M,64.40,FALE 092100Z 06006KT CAVOK 18/15 Q1022 NOSIG,M
FALE,2026-09-09 22:00,62.60,59.00,88.01,50.00,5.00,0.00,30.15,M,6.21,M,M,M,M,M,M,M,M,M,M,M,M,M,M,M,M,62.60,FALE 092200Z 05005KT CAVOK 17/15 Q1021 NOSIG,M
FALE,2026-09-09 23:00,60.80,57.20,87.93,80.00,1.00,0.00,30.15,M,6.21,M,M,M,M,M,M,M,M,M,M,M,M,M,M,M,M,60.80,FALE 092300Z 08001KT CAVOK 16/14 Q1021 NOSIG,M
FALE,2026-09-10 00:00,57.20,55.40,93.70,M,2.00,0.00,30.12,M,6.21,M,M,M,M,M,M,M,M,M,M,M,M,M,M,M,M,57.20,FALE 100000Z VRB02KT CAVOK 14/13 Q1020 NOSIG,M
FALE,2026-09-10 01:00,57.20,57.20,100.00,M,2.00,0.00,30.12,M,4.35,M,NSC,M,M,M,M,M,M,M,M,M,M,M,M,M,M,57.20,FALE 100100Z VRB02KT 7000 NSC 14/14 Q1020 NOSIG,M
FALE,2026-09-10 02:00,57.20,55.40,93.70,M,1.00,0.00,30.12,M,4.97,M,NSC,M,M,M,M,M,M,M,M,M,M,M,M,M,M,57.20,FALE 100200Z VRB01KT 8000 NSC 14/13 Q1020 NOSIG,M
FALE,2026-09-10 03:00,57.20,57.20,100.00,M,1.00,0.00,30.12,M,4.97,M,NSC,M,M,M,M,M,M,M,M,M,M,M,M,M,M,57.20,FALE 100300Z VRB01KT 8000 NSC 14/14 Q1020 TEMPO 5000 BR,M
FALE,2026-09-10 04:00,59.00,59.00,100.00,0.00,0.00,0.00,30.12,M,4.97,M,NSC,M,M,M,M,M,M,M,M,M,M,M,M,M,M,59.00,FALE 100400Z 00000KT 8000 NSC 15/15 Q1020 NOSIG,M
FALE,2026-09-10 05:00,60.80,60.80,100.00,M,1.00,0.00,30.12,M,6.21,M,M,M,M,M,M,M,M,M,M,M,M,M,M,M,M,60.80,FALE 100500Z VRB01KT CAVOK 16/16 Q1020 NOSIG,M
FALE,2026-09-10 06:00,64.40,62.60,93.89,M,2.00,0.00,30.15,M,6.21,M,M,M,M,M,M,M,M,M,M,M,M,M,M,M,M,64.40,FALE 100600Z VRB02KT CAVOK 18/17 Q1021 NOSIG,M
FALE,2026-09-10 06:52,69.80,62.60,77.93,M,2.00,0.00,30.15,M,6.21,M,M,M,M,M,M,M,M,M,M,M,M,M,M,M,M,69.80,FALE 100652Z VRB02KT CAVOK 21/17 Q1021 NOSIG,M
FALE,2026-09-10 07:00,69.80,62.60,77.93,M,2.00,0.00,30.15,M,6.21,M,M,M,M,M,M,M,M,M,M,M,M,M,M,M,M,69.80,FALE 100700Z VRB02KT CAVOK 21/17 Q1021 NOSIG,M
FALE,2026-09-10 08:00,71.60,60.80,68.79,100.00,4.00,0.00,30.12,M,6.21,M,M,M,M,M,M,M,M,M,M,M,M,M,M,M,M,71.60,FALE 100800Z 10004KT 050V140 CAVOK 22/16 Q1020 NOSIG,M
FALE,2026-09-10 08:27,75.20,62.60,64.96,50.00,3.00,0.00,30.12,M,6.21,M,M,M,M,M,M,M,M,M,M,M,M,M,M,M,M,75.20,FALE 100827Z 05003KT 010V080 CAVOK 24/17 Q1020 NOSIG,M
FALE,2026-09-10 09:00,75.20,62.60,64.96,50.00,4.00,0.00,30.12,M,6.21,M,M,M,M,M,M,M,M,M,M,M,M,M,M,M,M,75.20,FALE 100900Z 05004KT 010V110 CAVOK 24/17 Q1020 NOSIG,M
FALE,2026-09-10 10:00,75.20,62.60,64.96,80.00,7.00,0.00,30.09,M,6.21,M,M,M,M,M,M,M,M,M,M,M,M,M,M,M,M,75.20,FALE 101000Z 08007KT 050V120 CAVOK 24/17 Q1019 NOSIG,M
FALE,2026-09-10 11:00,77.00,60.80,57.42,70.00,9.00,0.00,30.06,M,6.21,M,M,M,M,M,M,M,M,M,M,M,M,M,M,M,M,77.00,FALE 101100Z 07009KT 050V120 CAVOK 25/16 Q1018 NOSIG,M
FALE,2026-09-10 12:00,77.00,62.60,61.19,70.00,9.00,0.00,30.06,M,6.21,M,M,M,M,M,M,M,M,M,M,M,M,M,M,M,M,77.00,FALE 101200Z 07009KT 040V100 CAVOK 25/17 Q1018 NOSIG,M
FALE,2026-09-10 13:03,77.00,64.40,65.17,70.00,8.00,0.00,30.03,M,6.21,M,M,M,M,M,M,M,M,M,M,M,M,M,M,M,M,77.00,FALE 101303Z 07008KT 040V100 CAVOK 25/18 Q1017 NOSIG,M
FALE,2026-09-10 14:00,75.20,62.60,64.96,60.00,11.00,0.00,30.03,M,6.21,M,FEW,M,M,M,600.00,M,M,M,M,M,M,M,M,M,M,75.20,FALE 101400Z 06011KT 9999 FEW006 24/17 Q1017 NOSIG,M
FALE,2026-09-10 15:00,73.40,64.40,73.48,70.00,8.00,0.00,30.03,M,6.21,M,M,M,M,M,M,M,M,M,M,M,M,M,M,M,M,73.40,FALE 101500Z 07008KT CAVOK 23/18 Q1017 NOSIG,M
FALE,2026-09-10 16:00,69.80,64.40,83.00,70.00,7.00,0.00,30.03,M,6.21,M,FEW,M,M,M,800.00,M,M,M,M,M,M,M,M,M,M,69.80,FALE 101600Z 07007KT 9999 FEW008 21/18 Q1017 NOSIG,M
FALE,2026-09-10 17:00,68.00,64.40,88.28,90.00,3.00,0.00,30.03,M,6.21,M,M,M,M,M,M,M,M,M,M,M,M,M,M,M,M,68.00,FALE 101700Z 09003KT 040V120 CAVOK 20/18 Q1017 NOSIG,M
FALE,2026-09-10 18:00,64.40,62.60,93.89,90.00,2.00,0.00,30.06,M,6.21,M,M,M,M,M,M,M,M,M,M,M,M,M,M,M,M,64.40,FALE 101800Z 09002KT CAVOK 18/17 Q1018 NOSIG,M
FALE,2026-09-10 19:00,62.60,62.60,100.00,0.00,0.00,0.00,30.09,M,6.21,M,M,M,M,M,M,M,M,M,M,M,M,M,M,M,M,62.60,FALE 101900Z 00000KT CAVOK 17/17 Q1019 NOSIG,M
FALE,2026-09-10 20:00,62.60,60.80,93.84,M,2.00,0.00,30.09,M,6.21,M,M,M,M,M,M,M,M,M,M,M,M,M,M,M,M,62.60,FALE 102000Z VRB02KT CAVOK 17/16 Q1019 NOSIG,M
FALE,2026-09-10 21:00,60.80,59.00,93.79,0.00,0.00,0.00,30.06,M,6.21,M,M,M,M,M,M,M,M,M,M,M,M,M,M,M,M,60.80,FALE 102100Z 00000KT CAVOK 16/15 Q1018 NOSIG,M
FALE,2026-09-10 22:00,59.00,57.20,93.74,M,1.00,0.00,30.06,M,6.21,M,M,M,M,M,M,M,M,M,M,M,M,M,M,M,M,59.00,COR FALE 102200Z VRB01KT CAVOK 15/14 Q1018 NOSIG,M
FALE,2026-09-10 22:51,57.20,57.20,100.00,30.00,2.00,0.00,30.06,M,6.21,M,M,M,M,M,M,M,M,M,M,M,M,M,M,M,M,57.20,COR FALE 102251Z 03002KT CAVOK 14/14 Q1018 NOSIG,M
FALE,2026-09-10 23:00,57.20,55.40,93.70,30.00,2.00,0.00,30.06,M,6.21,M,M,M,M,M,M,M,M,M,M,M,M,M,M,M,M,57.20,FALE 102300Z 03002KT CAVOK 14/13 Q1018 NOSIG,M
FALE,2026-09-10 23:12,62.60,62.60,100.00,M,1.00,0.00,30.06,M,6.21,M,M,M,M,M,M,M,M,M,M,M,M,M,M,M,M,62.60,FALE 102312Z VRB01KT CAVOK 17/17 Q1018 NOSIG,M
FALE,2026-09-10 23:46,66.20,64.40,93.93,200.00,15.00,0.00,30.09,M,6.21,M,BKN,M,M,M,1500.00,M,M,M,M,M,M,M,M,M,M,66.20,FALE 102346Z 20015KT 9999 BKN015 19/18 Q1019 NOSIG,M
FALE,2026-09-11 00:00,66.20,64.40,93.93,200.00,15.00,0.00,30.09,M,6.21,M,BKN,M,M,M,1500.00,M,M,M,M,M,M,M,M,M,M,66.20,FALE 110000Z 20015KT 9999 BKN015 19/18 Q1019 NOSIG,M
FALE,2026-09-11 01:00,66.20,62.60,88.19,210.00,15.00,0.00,30.09,M,6.21,M,BKN,M,M,M,1500.00,M,M,M,M,M,M,M,M,M,M,66.20,FALE 110100Z 21015KT 9999 BKN015 19/17 Q1019 NOSIG,M
FALE,2026-09-11 02:00,68.00,62.60,82.88,210.00,16.00,0.00,30.12,M,6.21,M,BKN,M,M,M,1500.00,M,M,M,M,M,M,M,M,M,M,68.00,FALE 110200Z 21016KT 9999 BKN015 20/17 Q1020 NOSIG,M
FALE,2026-09-11 03:00,68.00,62.60,82.88,210.00,10.00,0.00,30.15,M,6.21,M,BKN,M,M,M,1500.00,M,M,M,M,M,M,M,M,M,M,68.00,FALE 110300Z 21010KT 180V240 9999 BKN015 20/17 Q1021 NOSIG,M
FALE,2026-09-11 04:00,68.00,62.60,82.88,220.00,8.00,0.00,30.15,M,6.21,M,OVC,M,M,M,3000.00,M,M,M,M,M,M,M,M,M,M,68.00,FALE 110400Z 22008KT 9999 OVC030 20/17 Q1021 NOSIG,M
FALE,2026-09-11 05:00,68.00,62.60,82.88,250.00,7.00,0.00,30.15,M,6.21,M,SCT,M,M,M,3000.00,M,M,M,M,M,M,M,M,M,M,68.00,FALE 110500Z 25007KT 9999 SCT030 20/17 Q1021 NOSIG,M
FALE,2026-09-11 06:00,71.60,60.80,68.79,260.00,8.00,0.00,30.18,M,6.21,M,SCT,M,M,M,3000.00,M,M,M,M,M,M,M,M,M,M,71.60,FALE 110600Z 26008KT 230V290 9999 SCT030 22/16 Q1022 NOSIG,M
FALE,2026-09-11 07:00,71.60,60.80,68.79,220.00,11.00,0.00,30.21,M,6.21,M,BKN,M,M,M,2500.00,M,M,M,M,M,M,M,M,M,M,71.60,FALE 110700Z 22011KT 170V240 9999 BKN025 22/16 Q1023 NOSIG,M
FALE,2026-09-11 08:00,71.60,62.60,73.30,220.00,12.00,0.00,30.21,M,6.21,M,OVC,M,M,M,3000.00,M,M,M,M,M,M,M,M,M,M,71.60,FALE 110800Z 22012KT 9999 OVC030 22/17 Q1023 NOSIG,M
FALE,2026-09-11 09:00,73.40,60.80,64.74,210.00,12.00,0.00,30.21,M,6.21,M,BKN,OVC,M,M,2500.00,4000.00,M,M,M,M,M,M,M,M,M,73.40,FALE 110900Z 21012KT 9999 BKN025 OVC040 23/16 Q1023 NOSIG,M
FALE,2026-09-11 10:00,73.40,62.60,68.99,190.00,11.00,0.00,30.18,M,6.21,M,FEW,BKN,M,M,2900.00,4000.00,M,M,M,M,M,M,M,M,M,73.40,FALE 111000Z 19011KT 9999 FEW029 BKN040 23/17 Q1022 NOSIG,M
FALE,2026-09-11 11:00,73.40,64.40,73.48,180.00,13.00,0.00,30.15,M,6.21,M,FEW,BKN,M,M,2900.00,4200.00,M,M,M,M,M,M,M,M,M,73.40,FALE 111100Z 18013KT 9999 FEW029 BKN042 23/18 Q1021 NOSIG,M
FALE,2026-09-11 12:00,71.60,64.40,78.08,190.00,10.00,0.00,30.15,M,6.21,M,FEW,BKN,M,M,2900.00,4300.00,M,M,M,M,M,M,M,M,M,71.60,FALE 111200Z 19010KT 9999 FEW029 BKN043 22/18 Q1021 NOSIG,M
FALE,2026-09-11 13:00,73.40,64.40,73.48,190.00,5.00,0.00,30.12,M,6.21,M,BKN,M,M,M,4300.00,M,M,M,M,M,M,M,M,M,M,73.40,FALE 111300Z 19005KT 9999 BKN043 23/18 Q1020 NOSIG,M
FALE,2026-09-11 14:00,71.60,64.40,78.08,180.00,6.00,0.00,30.12,M,6.21,M,M,M,M,M,M,M,M,M,M,M,M,M,M,M,M,71.60,FALE 111400Z 18006KT CAVOK 22/18 Q1020 NOSIG,M
FALE,2026-09-11 15:00,71.60,64.40,78.08,160.00,4.00,0.00,30.15,M,6.21,M,M,M,M,M,M,M,M,M,M,M,M,M,M,M,M,71.60,FALE 111500Z 16004KT CAVOK 22/18 Q1021 NOSIG,M
FALE,2026-09-11 16:00,68.00,64.40,88.28,200.00,4.00,0.00,30.18,M,6.21,M,FEW,M,M,M,1300.00,M,M,M,M,M,M,M,M,M,M,68.00,FALE 111600Z 20004KT 9999 FEW013 20/18 Q1022 NOSIG,M
FALE,2026-09-11 16:15,68.00,66.20,93.98,200.00,4.00,0.00,30.18,M,6.21,M,BKN,M,M,M,1300.00,M,M,M,M,M,M,M,M,M,M,68.00,FALE 111615Z 20004KT 9999 BKN013 20/19 Q1022 NOSIG,M
FALE,2026-09-11 16:53,68.00,66.20,93.98,210.00,3.00,0.00,30.18,M,6.21,M,FEW,SCT,M,M,900.00,1300.00,M,M,M,M,M,M,M,M,M,68.00,FALE 111653Z 21003KT 9999 FEW009 SCT013 20/19 Q1022 NOSIG,M
FALE,2026-09-11 17:00,66.20,64.40,93.93,210.00,3.00,0.00,30.18,M,6.21,M,FEW,SCT,M,M,900.00,1300.00,M,M,M,M,M,M,M,M,M,66.20,FALE 111700Z 21003KT 9999 FEW009 SCT013 19/18 Q1022 NOSIG,M
FALE,2026-09-11 18:00,64.40,62.60,93.89,200.00,1.00,0.00,30.18,M,6.21,M,SCT,BKN,M,M,1600.00,3400.00,M,M,M,M,M,M,M,M,M,64.40,FALE 111800Z 20001KT 9999 SCT016 BKN034 18/17 Q1022 NOSIG,M
FALE,2026-09-11 19:00,66.20,64.40,93.93,0.00,0.00,0.00,30.18,M,5.59,M,FEW,BKN,M,M,1600.00,3800.00,M,M,M,M,M,M,M,M,M,66.20,FALE 111900Z 00000KT 9000 FEW016 BKN038 19/18 Q1022 NOSIG,M
FALE,2026-09-11 20:00,62.60,60.80,93.84,40.00,1.00,0.00,30.18,M,6.21,M,FEW,SCT,M,M,1400.00,3600.00,M,M,M,M,M,M,M,M,M,62.60,FALE 112000Z 04001KT 9999 FEW014 SCT036 17/16 Q1022 NOSIG,M
FALE,2026-09-11 21:00,62.60,60.80,93.84,0.00,0.00,0.00,30.18,M,4.97,M,SCT,M,M,M,3800.00,M,M,M,M,M,M,M,M,M,M,62.60,FALE 112100Z 00000KT 8000 SCT038 17/16 Q1022 NOSIG,M
FALE,2026-09-11 22:00,64.40,62.60,93.89,M,2.00,0.00,30.15,M,4.97,M,SCT,M,M,M,3600.00,M,M,M,M,M,M,M,M,M,M,64.40,FALE 112200Z VRB02KT 8000 SCT036 18/17 Q1021 NOSIG,M
FALE,2026-09-11 22:04,62.60,62.60,100.00,0.00,0.00,0.00,30.15,M,4.35,M,FEW,M,M,M,3500.00,M,M,M,M,M,M,M,M,M,M,62.60,FALE 112204Z 00000KT 7000 FEW035 17/17 Q1021 NOSIG,M
FALE,2026-09-11 22:15,62.60,62.60,100.00,0.00,0.00,0.00,30.15,M,4.35,M,FEW,M,M,M,3500.00,M,M,M,M,M,M,M,M,M,M,62.60,FALE 112215Z 00000KT 7000 FEW035 17/17 Q1021 NOSIG,M
FALE,2026-09-11 22:17,62.60,62.60,100.00,0.00,0.00,0.00,30.15,M,3.73,M,FEW,M,M,M,4300.00,M,M,M,M,M,M,M,M,M,M,62.60,FALE 112217Z 00000KT 6000 FEW043 17/17 Q1021 NOSIG,M
FALE,2026-09-11 23:00,62.60,62.60,100.00,M,1.00,0.00,30.15,M,4.35,M,SCT,M,M,M,4300.00,M,M,M,M,M,M,M,M,M,M,62.60,FALE 112300Z VRB01KT 7000 SCT043 17/17 Q1021 NOSIG,M
FALE,2026-09-12 00:00,62.60,62.60,100.00,120.00,2.00,0.00,30.15,M,4.97,M,SCT,M,M,M,4200.00,M,M,M,M,M,M,M,M,M,M,62.60,FALE 120000Z 12002KT 8000 SCT042 17/17 Q1021 NOSIG,M
FALE,2026-09-12 01:00,62.60,62.60,100.00,M,1.00,0.00,30.15,M,4.35,M,BKN,M,M,M,4000.00,M,M,M,M,M,M,M,M,M,M,62.60,FALE 120100Z VRB01KT 7000 BKN040 17/17 Q1021 NOSIG,M
FALE,2026-09-12 02:00,64.40,62.60,93.89,0.00,0.00,0.00,30.12,M,3.73,M,BKN,M,M,M,4000.00,M,M,M,M,M,M,M,M,M,M,64.40,FALE 120200Z 00000KT 6000 BKN040 18/17 Q1020 NOSIG,M
FALE,2026-09-12 03:00,64.40,62.60,93.89,0.00,0.00,0.00,30.12,M,4.35,M,SCT,BKN,M,M,1200.00,3900.00,M,M,M,M,M,M,M,M,M,64.40,FALE 120300Z 00000KT 7000 SCT012 BKN039 18/17 Q1020 NOSIG,M
FALE,2026-09-12 03:31,64.40,64.40,100.00,M,2.00,0.00,30.15,M,6.21,M,BKN,BKN,M,M,1300.00,2700.00,M,M,M,M,M,M,M,M,M,64.40,FALE 120331Z VRB02KT 9999 BKN013 BKN027 18/18 Q1021 NOSIG,M
FALE,2026-09-12 04:00,64.40,64.40,100.00,M,2.00,0.00,30.15,M,6.21,M,BKN,OVC,M,M,1300.00,2100.00,M,M,M,M,M,M,M,M,M,64.40,FALE 120400Z VRB02KT 9999 BKN013 OVC021 18/18 Q1021 NOSIG,M
FALE,2026-09-12 04:21,66.20,64.40,93.93,M,1.00,0.00,30.15,M,2.92,M,SCT,BKN,OVC,M,1100.00,1300.00,3100.00,M,-RA,M,M,M,M,M,M,66.20,FALE 120421Z VRB01KT 4700 -RA SCT011 BKN013 OVC031 19/18 Q1021 TEMPO 3000,M
FALE,2026-09-12 04:38,66.20,64.40,93.93,M,1.00,0.00,30.15,M,4.97,M,SCT,BKN,OVC,M,1100.00,1300.00,3300.00,M,-DZRA,M,M,M,M,M,M,66.20,FALE 120438Z VRB01KT 8000 -DZRA SCT011 BKN013 OVC033 19/18 Q1021 RERA TEMPO 3000,M
FALE,2026-09-12 04:51,66.20,64.40,93.93,290.00,2.00,0.00,30.15,M,4.35,M,SCT,BKN,OVC,M,1000.00,1300.00,3200.00,M,-RA,M,M,M,M,M,M,66.20,FALE 120451Z 29002KT 7000 -RA SCT010 BKN013 OVC032 19/18 Q1021 TEMPO 5000,M
FALE,2026-09-12 04:52,66.20,64.40,93.93,290.00,2.00,0.00,30.15,M,4.35,M,SCT,BKN,OVC,M,1000.00,1800.00,3100.00,M,-RA,M,M,M,M,M,M,66.20,FALE 120452Z 29002KT 7000 -RA SCT010 BKN018 OVC031 19/18 Q1021 TEMPO 5000,M
FALE,2026-09-12 05:00,66.20,64.40,93.93,280.00,2.00,0.00,30.15,M,4.35,M,FEW,BKN,OVC,M,1000.00,1800.00,3100.00,M,-DZRA,M,M,M,M,M,M,66.20,FALE 120500Z 28002KT 7000 -DZRA FEW010 BKN018 OVC031 19/18 Q1021 TEMPO 5000,M
FALE,2026-09-12 06:00,66.20,66.20,100.00,280.00,3.00,0.00,30.18,M,5.59,M,SCT,BKN,OVC,M,1200.00,2600.00,3200.00,M,M,M,M,M,M,M,M,66.20,FALE 120600Z 28003KT 250V320 9000 SCT012 BKN026 OVC032 19/19 Q1022 NOSIG,M
FALE,2026-09-12 06:01,66.20,66.20,100.00,300.00,2.00,0.00,30.18,M,2.30,M,SCT,BKN,OVC,M,1200.00,1500.00,2700.00,M,-DZ,M,M,M,M,M,M,66.20,FALE 120601Z 30002KT 3700 -DZ SCT012 BKN015 OVC027 19/19 Q1022 TEMPO 3000,M
FALE,2026-09-12 06:06,66.20,66.20,100.00,M,2.00,0.00,30.18,M,3.73,M,BKN,BKN,OVC,M,1200.00,1800.00,2700.00,M,-DZ,M,M,M,M,M,M,66.20,FALE 120606Z VRB02KT 6000 -DZ BKN012 BKN018 OVC027 19/19 Q1022 TEMPO 3000,M
FALE,2026-09-12 06:09,66.20,66.20,100.00,M,2.00,0.00,30.18,M,3.73,M,SCT,BKN,OVC,M,1200.00,1800.00,2700.00,M,-DZ,M,M,M,M,M,M,66.20,FALE 120609Z VRB02KT 6000 -DZ SCT012 BKN018 OVC027 19/19 Q1022 TEMPO 3000,M
FALE,2026-09-12 06:15,66.20,66.20,100.00,M,1.00,0.00,30.18,M,2.92,M,SCT,BKN,OVC,M,1100.00,1300.00,1900.00,M,-RA,M,M,M,M,M,M,66.20,FALE 120615Z VRB01KT 4700 -RA SCT011 BKN013 OVC019 19/19 Q1022 TEMPO 3000,M
FALE,2026-09-12 06:28,66.20,66.20,100.00,0.00,0.00,0.00,30.18,M,3.73,M,BKN,BKN,OVC,M,1100.00,1400.00,1900.00,M,-DZ,M,M,M,M,M,M,66.20,FALE 120628Z 00000KT 6000 -DZ BKN011 BKN014 OVC019 19/19 Q1022 RERA TEMPO 3000,M
FALE,2026-09-12 06:35,66.20,66.20,100.00,M,2.00,0.00,30.18,M,4.97,M,SCT,BKN,OVC,M,1100.00,1300.00,2000.00,M,M,M,M,M,M,M,M,66.20,FALE 120635Z VRB02KT 8000 SCT011 BKN013 OVC020 19/19 Q1022 TEMPO 3000,M
FALE,2026-09-12 06:46,66.20,66.20,100.00,M,2.00,0.00,30.18,M,4.97,M,BKN,BKN,OVC,M,1100.00,2000.00,2500.00,M,-DZ,M,M,M,M,M,M,66.20,FALE 120646Z VRB02KT 8000 -DZ BKN011 BKN020 OVC025 19/19 Q1022 TEMPO 3000,M
FALE,2026-09-12 06:52,66.20,66.20,100.00,M,2.00,0.00,30.18,M,2.55,M,SCT,BKN,OVC,M,1200.00,1600.00,2500.00,M,-DZ,M,M,M,M,M,M,66.20,FALE 120652Z VRB02KT 4100 -DZ SCT012 BKN016 OVC025 19/19 Q1022 TEMPO 3000,M
FALE,2026-09-12 07:00,66.20,66.20,100.00,M,2.00,0.00,30.18,M,2.55,M,SCT,BKN,OVC,M,1200.00,1400.00,2500.00,M,-DZ,M,M,M,M,M,M,66.20,FALE 120700Z VRB02KT 4100 -DZ SCT012 BKN014 OVC025 19/19 Q1022 TEMPO 3000,M
FALE,2026-09-12 07:02,66.20,66.20,100.00,330.00,3.00,0.00,30.18,M,3.73,M,SCT,BKN,OVC,M,1200.00,1400.00,2400.00,M,-DZ,M,M,M,M,M,M,66.20,FALE 120702Z 33003KT 6000 -DZ SCT012 BKN014 OVC024 19/19 Q1022 TEMPO 3000,M
FALE,2026-09-12 07:10,66.20,66.20,100.00,330.00,3.00,0.00,30.18,M,3.73,M,FEW,BKN,OVC,M,1000.00,1400.00,2600.00,M,-DZ,M,M,M,M,M,M,66.20,FALE 120710Z 33003KT 290V360 6000 -DZ FEW010 BKN014 OVC026 19/19 Q1022 TEMPO 3000,M
FALE,2026-09-12 08:00,68.00,66.20,93.98,0.00,0.00,0.00,30.15,M,6.21,M,OVC,M,M,M,3200.00,M,M,M,M,M,M,M,M,M,M,68.00,FALE 120800Z 00000KT 9999 OVC032 20/19 Q1021 NOSIG,M
FALE,2026-09-12 09:00,71.60,66.20,83.12,50.00,5.00,0.00,30.15,M,6.21,M,OVC,M,M,M,4000.00,M,M,M,M,M,M,M,M,M,M,71.60,FALE 120900Z 05005KT 020V080 9999 OVC040 22/19 Q1021 NOSIG,M
FALE,2026-09-12 10:00,73.40,66.20,78.23,80.00,5.00,0.00,30.09,M,6.21,M,FEW,BKN,M,M,1200.00,4500.00,M,M,M,M,M,M,M,M,M,73.40,FALE 121000Z 08005KT 9999 FEW012 BKN045 23/19 Q1019 NOSIG,M
FALE,2026-09-12 11:00,73.40,66.20,78.23,80.00,8.00,0.00,30.06,M,6.21,M,FEW,M,M,M,1500.00,M,M,M,M,M,M,M,M,M,M,73.40,FALE 121100Z 08008KT 9999 FEW015 23/19 Q1018 NOSIG,M
FALE,2026-09-12 12:00,73.40,66.20,78.23,70.00,9.00,0.00,30.03,M,6.21,M,FEW,M,M,M,3600.00,M,M,M,M,M,M,M,M,M,M,73.40,FALE 121200Z 07009KT 9999 FEW036 23/19 Q1017 NOSIG,M
FALE,2026-09-12 13:00,71.60,66.20,83.12,70.00,10.00,0.00,30.00,M,6.21,M,FEW,M,M,M,4000.00,M,M,M,M,M,M,M,M,M,M,71.60,FALE 121300Z 07010KT 9999 FEW040 22/19 Q1016 NOSIG,M
FALE,2026-09-12 14:00,71.60,64.40,78.08,60.00,10.00,0.00,30.00,M,6.21,M,FEW,M,M,M,3500.00,M,M,M,M,M,M,M,M,M,M,71.60,FALE 121400Z 06010KT 9999 FEW035 22/18 Q1016 NOSIG,M
FALE,2026-09-12 15:00,71.60,66.20,83.12,50.00,8.00,0.00,30.00,M,6.21,M,BKN,M,M,M,3500.00,M,M,M,M,M,M,M,M,M,M,71.60,FALE 121500Z 05008KT 9999 BKN035 22/19 Q1016 NOSIG,M
FALE,2026-09-12 16:00,69.80,66.20,88.36,30.00,10.00,0.00,30.00,M,6.21,M,SCT,M,M,M,3200.00,M,M,M,M,M,M,M,M,M,M,69.80,FALE 121600Z 03010KT 9999 SCT032 21/19 Q1016 NOSIG,M
FALE,2026-09-12 17:00,69.80,64.40,83.00,20.00,10.00,0.00,30.03,M,6.21,M,BKN,M,M,M,3200.00,M,M,M,M,M,M,M,M,M,M,69.80,FALE 121700Z 02010KT 9999 BKN032 21/18 Q1017 NOSIG,M
FALE,2026-09-12 18:00,69.80,64.40,83.00,20.00,6.00,0.00,30.03,M,6.21,M,BKN,M,M,M,3200.00,M,M,M,M,M,M,M,M,M,M,69.80,FALE 121800Z 02006KT 9999 BKN032 21/18 Q1017 NOSIG,M
FALE,2026-09-12 19:00,69.80,64.40,83.00,20.00,4.00,0.00,30.06,M,6.21,M,BKN,M,M,M,3200.00,M,M,M,M,M,M,M,M,M,M,69.80,FALE 121900Z 02004KT 360V060 9999 BKN032 21/18 Q1018 NOSIG,M
FALE,2026-09-12 20:00,69.80,64.40,83.00,40.00,6.00,0.00,30.06,M,6.21,M,BKN,M,M,M,3200.00,M,M,M,M,M,M,M,M,M,M,69.80,FALE 122000Z 04006KT 9999 BKN032 21/18 Q1018 NOSIG,M
FALE,2026-09-12 21:00,68.00,62.60,82.88,M,2.00,0.00,30.06,M,6.21,M,FEW,M,M,M,3000.00,M,M,M,M,M,M,M,M,M,M,68.00,FALE 122100Z VRB02KT 9999 FEW030 20/17 Q1018 NOSIG,M
FALE,2026-09-12 22:00,68.00,66.20,93.98,100.00,4.00,0.00,30.06,M,6.21,M,SCT,M,M,M,3100.00,M,M,M,M,M,M,M,M,M,M,68.00,COR FALE 122200Z 10004KT 9999 SCT031 20/19 Q1018 NOSIG,M
FALE,2026-09-12 23:00,66.20,66.20,100.00,120.00,3.00,0.00,30.03,M,4.97,M,BKN,M,M,M,2900.00,M,M,M,M,M,M,M,M,M,M,66.20,FALE 122300Z 12003KT 8000 BKN029 19/19 Q1017 NOSIG,M
FALE,2026-09-12 23:48,66.20,64.40,93.93,150.00,2.00,0.00,30.03,M,3.11,M,BKN,M,M,M,2900.00,M,M,M,M,M,M,M,M,M,M,66.20,FALE 122348Z 15002KT 5000 BKN029 19/18 Q1017 NOSIG,M
FALE,2026-09-13 00:00,66.20,64.40,93.93,M,2.00,0.00,30.03,M,3.11,M,BKN,M,M,M,2900.00,M,M,M,BR,M,M,M,M,M,M,66.20,FALE 130000Z VRB02KT 5000 BR BKN029 19/18 Q1017 NOSIG,M
FALE,2026-09-13 00:08,66.20,64.40,93.93,140.00,3.00,0.00,30.03,M,1.86,M,SCT,M,M,M,500.00,M,M,M,BR,M,M,M,M,M,M,66.20,FALE 130008Z 14003KT 3000 BR SCT005 19/18 Q1017 NOSIG,M
FALE,2026-09-13 01:00,64.40,62.60,93.89,M,1.00,0.00,30.03,M,1.86,M,SCT,M,M,M,500.00,M,M,M,BR,M,M,M,M,M,M,64.40,FALE 130100Z VRB01KT 3000 BR SCT005 18/17 Q1017 NOSIG,M
FALE,2026-09-13 02:00,64.40,64.40,100.00,220.00,2.00,0.00,30.03,M,1.86,M,SCT,BKN,M,M,500.00,2200.00,M,M,BR,M,M,M,M,M,M,64.40,FALE 130200Z 22002KT 3000 BR SCT005 BKN022 18/18 Q1017 NOSIG,M
FALE,2026-09-13 02:24,64.40,64.40,100.00,210.00,3.00,0.00,30.03,M,3.73,M,FEW,M,M,M,2200.00,M,M,M,M,M,M,M,M,M,M,64.40,FALE 130224Z 21003KT 6000 FEW022 18/18 Q1017 NOSIG,M
FALE,2026-09-13 02:54,64.40,64.40,100.00,180.00,3.00,0.00,30.03,M,1.86,M,BKN,M,M,M,2000.00,M,M,M,BR,M,M,M,M,M,M,64.40,FALE 130254Z 18003KT 150V250 3000 BR BKN020 18/18 Q1017 NOSIG,M
FALE,2026-09-13 03:00,64.40,64.40,100.00,190.00,3.00,0.00,30.03,M,1.86,M,BKN,M,M,M,2000.00,M,M,M,BR,M,M,M,M,M,M,64.40,FALE 130300Z 19003KT 150V250 3000 BR BKN020 18/18 Q1017 NOSIG,M
FALE,2026-09-13 03:25,66.20,64.40,93.93,180.00,4.00,0.00,30.03,M,4.97,M,BKN,M,M,M,2000.00,M,M,M,M,M,M,M,M,M,M,66.20,FALE 130325Z 18004KT 8000 BKN020 19/18 Q1017 NOSIG,M
FALE,2026-09-13 03:57,64.40,64.40,100.00,0.00,0.00,0.00,30.03,M,2.30,M,BKN,M,M,M,2100.00,M,M,M,BR,M,M,M,M,M,M,64.40,FALE 130357Z 00000KT 3700 BR BKN021 18/18 Q1017 NOSIG,M
FALE,2026-09-13 04:00,64.40,62.60,93.89,0.00,0.00,0.00,30.03,M,2.24,M,BKN,M,M,M,2100.00,M,M,M,BR,M,M,M,M,M,M,64.40,FALE 130400Z 00000KT 3600 BR BKN021 18/17 Q1017 NOSIG,M
FALE,2026-09-13 05:00,66.20,64.40,93.93,M,3.00,0.00,30.06,M,2.80,M,BKN,M,M,M,1900.00,M,M,M,BR,M,M,M,M,M,M,66.20,FALE 130500Z VRB03KT 4500 BR BKN019 19/18 Q1018 BECMG 7000,M
FALE,2026-09-13 05:08,66.20,66.20,100.00,0.00,0.00,0.00,30.06,M,3.73,M,BKN,M,M,M,2100.00,M,M,M,M,M,M,M,M,M,M,66.20,FALE 130508Z 00000KT 6000 BKN021 19/19 Q1018 NOSIG,M
FALE,2026-09-13 06:00,66.20,66.20,100.00,M,2.00,0.00,30.06,M,4.35,M,FEW,SCT,M,M,1000.00,2600.00,M,M,M,M,M,M,M,M,M,66.20,FALE 130600Z VRB02KT 7000 FEW010 SCT026 19/19 Q1018 NOSIG,M
FALE,2026-09-13 07:00,69.80,66.20,88.36,180.00,4.00,0.00,30.09,M,6.21,M,FEW,OVC,M,M,900.00,2800.00,M,M,M,M,M,M,M,M,M,69.80,FALE 130700Z 18004KT 150V220 9999 FEW009 OVC028 21/19 Q1019 NOSIG,M
FALE,2026-09-13 07:15,69.80,66.20,88.36,120.00,4.00,0.00,30.09,M,6.21,M,SCT,OVC,M,M,900.00,3200.00,M,M,M,M,M,M,M,M,M,69.80,FALE 130715Z 12004KT 070V170 9999 SCT009 OVC032 21/19 Q1019 NOSIG,M
FALE,2026-09-13 08:00,69.80,64.40,83.00,170.00,5.00,0.00,30.09,M,6.21,M,FEW,SCT,BKN,M,900.00,1100.00,3500.00,M,M,M,M,M,M,M,M,69.80,FALE 130800Z 17005KT 120V210 9999 FEW009 SCT011 BKN035 21/18 Q1019 NOSIG,M
FALE,2026-09-13 09:00,71.60,64.40,78.08,120.00,4.00,0.00,30.09,M,6.21,M,FEW,SCT,BKN,M,1300.00,3100.00,3600.00,M,M,M,M,M,M,M,M,71.60,FALE 130900Z 12004KT 070V190 9999 FEW013 SCT031 BKN036 22/18 Q1019 NOSIG,M
FALE,2026-09-13 10:00,73.40,66.20,78.23,130.00,5.00,0.00,30.09,M,4.97,M,FEW,BKN,M,M,1500.00,3700.00,M,M,M,M,M,M,M,M,M,73.40,FALE 131000Z 13005KT 050V200 8000 FEW015 BKN037 23/19 Q1019 NOSIG,M
FALE,2026-09-13 11:00,71.60,64.40,78.08,100.00,7.00,0.00,30.06,M,4.97,M,FEW,BKN,M,M,2500.00,3900.00,M,M,M,M,M,M,M,M,M,71.60,FALE 131100Z 10007KT 060V130 8000 FEW025 BKN039 22/18 Q1018 NOSIG,M
FALE,2026-09-13 12:00,73.40,64.40,73.48,70.00,7.00,0.00,30.06,M,4.97,M,SCT,BKN,M,M,3000.00,4000.00,M,M,M,M,M,M,M,M,M,73.40,FALE 131200Z 07007KT 040V100 8000 SCT030 BKN040 23/18 Q1018 NOSIG,M
FALE,2026-09-13 13:00,73.40,64.40,73.48,70.00,7.00,0.00,30.03,M,4.97,M,FEW,BKN,M,M,3000.00,4000.00,M,M,M,M,M,M,M,M,M,73.40,FALE 131300Z 07007KT 8000 FEW030 BKN040 23/18 Q1017 NOSIG,M
FALE,2026-09-13 14:00,71.60,66.20,83.12,60.00,14.00,0.00,30.03,M,4.97,M,FEW,BKN,M,M,2800.00,4000.00,M,M,M,M,M,M,M,M,M,71.60,FALE 131400Z 06014KT 8000 FEW028 BKN040 22/19 Q1017 NOSIG,M
FALE,2026-09-13 15:00,71.60,66.20,83.12,50.00,13.00,0.00,30.06,M,5.59,M,FEW,BKN,M,M,2800.00,4000.00,M,M,M,M,M,M,M,M,M,71.60,FALE 131500Z 05013KT 9000 FEW028 BKN040 22/19 Q1018 NOSIG,M
FALE,2026-09-13 16:00,69.80,66.20,88.36,60.00,9.00,0.00,30.06,M,5.59,M,SCT,BKN,M,M,1000.00,3500.00,M,M,M,M,M,M,M,M,M,69.80,FALE 131600Z 06009KT 040V110 9000 SCT010 BKN035 21/19 Q1018 NOSIG,M
FALE,2026-09-13 16:12,69.80,68.00,94.02,60.00,8.00,0.00,30.09,M,5.59,M,BKN,BKN,M,M,900.00,3400.00,M,M,M,M,M,M,M,M,M,69.80,FALE 131612Z 06008KT 9000 BKN009 BKN034 21/20 Q1019 NOSIG,M
FALE,2026-09-13 17:00,69.80,66.20,88.36,60.00,11.00,0.00,30.09,M,5.59,M,BKN,BKN,M,M,900.00,3300.00,M,M,M,M,M,M,M,M,M,69.80,FALE 131700Z 06011KT 9000 BKN009 BKN033 21/19 Q1019 NOSIG,M
FALE,2026-09-13 17:37,69.80,66.20,88.36,50.00,14.00,0.00,30.12,M,6.21,M,FEW,BKN,M,M,1000.00,3500.00,M,M,M,M,M,M,M,M,M,69.80,FALE 131737Z 05014KT 9999 FEW010 BKN035 21/19 Q1020 NOSIG,M
FALE,2026-09-13 18:00,69.80,66.20,88.36,60.00,14.00,0.00,30.12,M,6.21,M,FEW,BKN,M,M,1100.00,3400.00,M,M,M,M,M,M,M,M,M,69.80,FALE 131800Z 06014KT 9999 FEW011 BKN034 21/19 Q1020 NOSIG,M
FALE,2026-09-13 19:00,69.80,66.20,88.36,50.00,12.00,0.00,30.12,M,6.21,M,OVC,M,M,M,3300.00,M,M,M,M,M,M,M,M,M,M,69.80,FALE 131900Z 05012KT 9999 OVC033 21/19 Q1020 NOSIG,M
FALE,2026-09-13 20:00,69.80,66.20,88.36,60.00,14.00,0.00,30.12,M,6.21,M,OVC,M,M,M,3000.00,M,M,M,M,M,M,M,M,M,M,69.80,FALE 132000Z 06014KT 9999 OVC030 21/19 Q1020 NOSIG,M
FALE,2026-09-13 21:00,69.80,66.20,88.36,60.00,12.00,0.00,30.15,M,6.21,M,OVC,M,M,M,2900.00,M,M,M,M,M,M,M,M,M,M,69.80,FALE 132100Z 06012KT 9999 OVC029 21/19 Q1021 NOSIG,M
FALE,2026-09-13 22:00,69.80,66.20,88.36,60.00,7.00,0.00,30.15,M,6.21,M,BKN,OVC,M,M,2600.00,3000.00,M,M,M,M,M,M,M,M,M,69.80,FALE 132200Z 06007KT 9999 BKN026 OVC030 21/19 Q1021 NOSIG,M
FALE,2026-09-13 23:00,69.80,66.20,88.36,60.00,10.00,0.00,30.12,M,6.21,M,BKN,OVC,M,M,3400.00,4600.00,M,M,M,M,M,M,M,M,M,69.80,FALE 132300Z 06010KT 9999 BKN034 OVC046 21/19 Q1020 NOSIG,M
FALE,2026-09-14 00:00,69.80,66.20,88.36,60.00,9.00,0.00,30.09,M,6.21,M,SCT,OVC,M,M,3600.00,4600.00,M,M,M,M,M,M,M,M,M,69.80,FALE 140000Z 06009KT 9999 SCT036 OVC046 21/19 Q1019 NOSIG,M
FALE,2026-09-14 01:00,69.80,66.20,88.36,60.00,10.00,0.00,30.09,M,6.21,M,OVC,M,M,M,4400.00,M,M,M,M,M,M,M,M,M,M,69.80,FALE 140100Z 06010KT 9999 OVC044 21/19 Q1019 NOSIG,M
FALE,2026-09-14 02:00,69.80,66.20,88.36,50.00,10.00,0.00,30.06,M,6.21,M,OVC,M,M,M,4600.00,M,M,M,M,M,M,M,M,M,M,69.80,FALE 140200Z 05010KT 9999 OVC046 21/19 Q1018 NOSIG,M
FALE,2026-09-14 03:00,69.80,64.40,83.00,50.00,9.00,0.00,30.06,M,6.21,M,BKN,M,M,M,4900.00,M,M,M,M,M,M,M,M,M,M,69.80,FALE 140300Z 05009KT 9999 BKN049 21/18 Q1018 NOSIG,M
FALE,2026-09-14 04:00,68.00,66.20,93.98,50.00,15.00,0.00,30.06,M,6.21,M,FEW,BKN,M,M,1000.00,4600.00,M,M,M,M,M,M,M,M,M,68.00,FALE 140400Z 05015KT 9999 FEW010 BKN046 20/19 Q1018 NOSIG,M
FALE,2026-09-14 05:00,69.80,64.40,83.00,50.00,15.00,0.00,30.09,M,6.21,M,FEW,BKN,M,M,1200.00,4900.00,M,M,M,M,M,M,M,M,M,69.80,FALE 140500Z 05015KT 9999 FEW012 BKN049 21/18 Q1019 NOSIG,M
FALE,2026-09-14 06:00,71.60,64.40,78.08,50.00,16.00,0.00,30.09,M,5.59,M,FEW,M,M,M,1700.00,M,M,M,M,M,M,M,M,M,M,71.60,FALE 140600Z 05016KT 9000 FEW017 22/18 Q1019 NOSIG,M
FALE,2026-09-14 06:01,71.60,64.40,78.08,40.00,15.00,0.00,30.09,M,5.59,25.00,FEW,M,M,M,1800.00,M,M,M,M,M,M,M,M,M,M,71.60,FALE 140601Z 04015G25KT 9000 FEW018 22/18 Q1019 NOSIG,M
FALE,2026-09-14 07:00,75.20,64.40,69.19,40.00,16.00,0.00,30.06,M,5.59,M,FEW,M,M,M,2400.00,M,M,M,M,M,M,M,M,M,M,75.20,FALE 140700Z 04016KT 9000 FEW024 24/18 Q1018 NOSIG,M
FALE,2026-09-14 08:00,75.20,64.40,69.19,60.00,17.00,0.00,30.06,M,5.59,28.00,FEW,M,M,M,2400.00,M,M,M,M,M,M,M,M,M,M,75.20,FALE 140800Z 06017G28KT 9000 FEW024 24/18 Q1018 NOSIG,M
FALE,2026-09-14 09:00,77.00,66.20,69.38,60.00,18.00,0.00,30.03,M,5.59,29.00,FEW,M,M,M,2400.00,M,M,M,M,M,M,M,M,M,M,77.00,FALE 140900Z 06018G29KT 9000 FEW024 25/19 Q1017 NOSIG,M
FALE,2026-09-14 10:00,75.20,64.40,69.19,70.00,16.00,0.00,30.00,M,5.59,26.00,FEW,M,M,M,3000.00,M,M,M,M,M,M,M,M,M,M,75.20,FALE 141000Z 07016G26KT 9000 FEW030 24/18 Q1016 NOSIG,M
FALE,2026-09-14 11:00,77.00,64.40,65.17,60.00,19.00,0.00,29.97,M,6.21,M,M,M,M,M,M,M,M,M,M,M,M,M,M,M,M,77.00,FALE 141100Z 06019KT CAVOK 25/18 Q1015 NOSIG,M
FALE,2026-09-14 12:00,77.00,64.40,65.17,70.00,17.00,0.00,29.94,M,6.21,M,M,M,M,M,M,M,M,M,M,M,M,M,M,M,M,77.00,FALE 141200Z 07017KT CAVOK 25/18 Q1014 NOSIG,M
FALE,2026-09-14 12:05,77.00,64.40,65.17,60.00,18.00,0.00,29.91,M,6.21,28.00,M,M,M,M,M,M,M,M,M,M,M,M,M,M,M,77.00,FALE 141205Z 06018G28KT CAVOK 25/18 Q1013 NOSIG,M
FALE,2026-09-14 12:51,78.80,62.60,57.67,60.00,16.00,0.00,29.91,M,6.21,26.00,FEW,M,M,M,200.00,M,M,M,M,M,M,M,M,M,M,78.80,FALE 141251Z 06016G26KT 9999 FEW002 26/17 Q1013 NOSIG,M
FALE,2026-09-14 13:00,78.80,62.60,57.67,60.00,16.00,0.00,29.91,M,6.21,26.00,M,M,M,M,M,M,M,M,M,M,M,M,M,M,M,78.80,FALE 141300Z 06016G26KT CAVOK 26/17 Q1013 NOSIG,M
FALE,2026-09-14 13:21,77.00,64.40,65.17,60.00,21.00,0.00,29.88,M,6.21,31.00,M,M,M,M,M,M,M,M,M,M,M,M,M,M,M,77.00,FALE 141321Z 06021G31KT CAVOK 25/18 Q1012 NOSIG,M
FALE,2026-09-14 14:00,75.20,64.40,69.19,60.00,22.00,0.00,29.88,M,6.21,34.00,M,M,M,M,M,M,M,M,M,M,M,M,M,M,M,75.20,FALE 141400Z 06022G34KT CAVOK 24/18 Q1012 NOSIG,M
FALE,2026-09-14 15:00,73.40,62.60,68.99,60.00,19.00,0.00,29.88,M,6.21,M,M,M,M,M,M,M,M,M,M,M,M,M,M,M,M,73.40,FALE 141500Z 06019KT CAVOK 23/17 Q1012 NOSIG,M
FALE,2026-09-14 16:00,73.40,62.60,68.99,60.00,15.00,0.00,29.88,M,6.21,M,M,M,M,M,M,M,M,M,M,M,M,M,M,M,M,73.40,FALE 141600Z 06015KT CAVOK 23/17 Q1012 NOSIG,M
FALE,2026-09-14 17:00,71.60,62.60,73.30,60.00,16.00,0.00,29.91,M,6.21,M,M,M,M,M,M,M,M,M,M,M,M,M,M,M,M,71.60,FALE 141700Z 06016KT CAVOK 22/17 Q1013 NOSIG,M
FALE,2026-09-14 18:00,73.40,60.80,64.74,50.00,17.00,0.00,29.91,M,6.21,M,M,M,M,M,M,M,M,M,M,M,M,M,M,M,M,73.40,FALE 141800Z 05017KT CAVOK 23/16 Q1013 NOSIG,M
FALE,2026-09-14 19:00,73.40,60.80,64.74,40.00,17.00,0.00,29.91,M,6.21,M,M,M,M,M,M,M,M,M,M,M,M,M,M,M,M,73.40,FALE 141900Z 04017KT CAVOK 23/16 Q1013 NOSIG,M
FALE,2026-09-14 20:00,71.60,59.00,64.52,60.00,12.00,0.00,29.94,M,6.21,M,M,M,M,M,M,M,M,M,M,M,M,M,M,M,M,71.60,FALE 142000Z 06012KT CAVOK 22/15 Q1014 NOSIG,M
FALE,2026-09-14 21:00,71.60,59.00,64.52,40.00,17.00,0.00,29.91,M,6.21,M,M,M,M,M,M,M,M,M,M,M,M,M,M,M,M,71.60,FALE 142100Z 04017KT CAVOK 22/15 Q1013 NOSIG,M
FALE,2026-09-14 22:00,71.60,59.00,64.52,30.00,12.00,0.00,29.91,M,6.21,M,M,M,M,M,M,M,M,M,M,M,M,M,M,M,M,71.60,FALE 142200Z 03012KT CAVOK 22/15 Q1013 NOSIG,M
FALE,2026-09-14 23:00,71.60,59.00,64.52,20.00,8.00,0.00,29.91,M,6.21,M,M,M,M,M,M,M,M,M,M,M,M,M,M,M,M,71.60,FALE 142300Z 02008KT 350V060 CAVOK 22/15 Q1013 NOSIG,M
FALE,2026-09-15 00:00,69.80,59.00,68.59,40.00,8.00,0.00,29.88,M,6.21,M,M,M,M,M,M,M,M,M,M,M,M,M,M,M,M,69.80,FALE 150000Z 04008KT 010V070 CAVOK 21/15 Q1012 NOSIG,M
FALE,2026-09-15 01:00,68.00,59.00,72.95,30.00,3.00,0.00,29.88,M,6.21,M,M,M,M,M,M,M,M,M,M,M,M,M,M,M,M,68.00,FALE 150100Z 03003KT 340V110 CAVOK 20/15 Q1012 NOSIG,M
FALE,2026-09-15 02:00,66.20,59.00,77.62,40.00,3.00,0.00,29.88,M,6.21,M,M,M,M,M,M,M,M,M,M,M,M,M,M,M,M,66.20,FALE 150200Z 04003KT 020V080 CAVOK 19/15 Q1012 NOSIG,M
FALE,2026-09-15 03:00,66.20,59.00,77.62,50.00,4.00,0.00,29.88,M,6.21,M,M,M,M,M,M,M,M,M,M,M,M,M,M,M,M,66.20,FALE 150300Z 05004KT 340V110 CAVOK 19/15 Q1012 NOSIG,M
FALE,2026-09-15 04:00,64.40,59.00,82.63,40.00,4.00,0.00,29.88,M,6.21,M,M,M,M,M,M,M,M,M,M,M,M,M,M,M,M,64.40,FALE 150400Z 04004KT CAVOK 18/15 Q1012 NOSIG,M
FALE,2026-09-15 04:51,68.00,60.80,77.77,M,2.00,0.00,29.88,M,6.21,M,M,M,M,M,M,M,M,M,M,M,M,M,M,M,M,68.00,FALE 150451Z VRB02KT CAVOK 20/16 Q1012 NOSIG,M
FALE,2026-09-15 05:00,68.00,60.80,77.77,M,2.00,0.00,29.88,M,6.21,M,M,M,M,M,M,M,M,M,M,M,M,M,M,M,M,68.00,FALE 150500Z VRB02KT CAVOK 20/16 Q1012 NOSIG,M
FALE,2026-09-15 06:00,69.80,60.80,73.13,50.00,3.00,0.00,29.91,M,6.21,M,M,M,M,M,M,M,M,M,M,M,M,M,M,M,M,69.80,FALE 150600Z 05003KT 010V080 CAVOK 21/16 Q1013 NOSIG,M
FALE,2026-09-15 07:00,71.60,62.60,73.30,220.00,8.00,0.00,29.91,M,6.21,M,M,M,M,M,M,M,M,M,M,M,M,M,M,M,M,71.60,FALE 150700Z 22008KT CAVOK 22/17 Q1013 NOSIG,M
FALE,2026-09-15 07:17,75.20,60.80,60.96,210.00,5.00,0.00,29.91,M,6.21,M,M,M,M,M,M,M,M,M,M,M,M,M,M,M,M,75.20,FALE 150717Z 21005KT CAVOK 24/16 Q1013 NOSIG,M
FALE,2026-09-15 08:00,73.40,62.60,68.99,190.00,11.00,0.00,29.94,M,6.21,M,M,M,M,M,M,M,M,M,M,M,M,M,M,M,M,73.40,FALE 150800Z 19011KT 160V220 CAVOK 23/17 Q1014 NOSIG,M
FALE,2026-09-15 09:00,75.20,64.40,69.19,180.00,11.00,0.00,29.94,M,6.21,M,FEW,M,M,M,2000.00,M,M,M,M,M,M,M,M,M,M,75.20,FALE 150900Z 18011KT 9999 FEW020 24/18 Q1014 NOSIG,M
FALE,2026-09-15 09:23,75.20,64.40,69.19,190.00,15.00,0.00,29.94,M,6.21,25.00,FEW,M,M,M,2000.00,M,M,M,M,M,M,M,M,M,M,75.20,FALE 150923Z 19015G25KT 9999 FEW020 24/18 Q1014 NOSIG,M
FALE,2026-09-15 10:00,73.40,62.60,68.99,190.00,17.00,0.00,29.94,M,6.21,M,FEW,M,M,M,2500.00,M,M,M,M,M,M,M,M,M,M,73.40,FALE 151000Z 19017KT 9999 FEW025 23/17 Q1014 NOSIG RMK DIST CB SW,M
FALE,2026-09-15 11:00,69.80,62.60,77.93,190.00,12.00,0.00,29.91,M,6.21,23.00,BKN,OVC,M,M,3000.00,4500.00,M,M,M,M,M,M,M,M,M,69.80,FALE 151100Z 19012G23KT 9999 BKN030 OVC045 21/17 Q1013 TEMPO -TSRA FEW040CB,M
FALE,2026-09-15 11:23,64.40,59.00,82.63,210.00,17.00,0.00,29.97,M,5.59,M,SCT,FEW,OVC,M,1500.00,4000.00,4500.00,M,-TSRA,M,M,M,M,M,M,64.40,FALE 151123Z 21017KT 9000 -TSRA SCT015 FEW040CB OVC045 18/15 Q1015 NOSIG,M
FALE,2026-09-15 11:53,64.40,60.80,88.10,200.00,10.00,0.00,29.94,M,6.21,M,FEW,SCT,M,M,1000.00,2500.00,M,M,M,M,M,M,M,M,M,64.40,COR FALE 151153Z 20010KT 150V220 9999 FEW010 SCT025 18/16 Q1014 RETSRA NOSIG,M
FALE,2026-09-15 12:00,64.40,62.60,93.89,200.00,10.00,0.00,29.94,M,6.21,M,FEW,SCT,M,M,1000.00,2500.00,M,M,M,M,M,M,M,M,M,64.40,FALE 151200Z 20010KT 150V220 9999 FEW010 SCT025 18/17 Q1014 NOSIG,M
FALE,2026-09-15 13:00,68.00,62.60,82.88,M,5.00,0.00,29.94,M,6.21,M,FEW,M,M,M,1200.00,M,M,M,M,M,M,M,M,M,M,68.00,FALE 151300Z VRB05KT 9999 FEW012 20/17 Q1014 NOSIG,M
FALE,2026-09-15 14:00,69.80,60.80,73.13,230.00,10.00,0.00,29.94,M,6.21,M,FEW,M,M,M,4500.00,M,M,M,M,M,M,M,M,M,M,69.80,FALE 151400Z 23010KT 9999 FEW045 21/16 Q1014 NOSIG,M
FALE,2026-09-15 15:00,69.80,60.80,73.13,210.00,4.00,0.00,29.97,M,6.21,M,M,M,M,M,M,M,M,M,M,M,M,M,M,M,M,69.80,FALE 151500Z 21004KT CAVOK 21/16 Q1015 NOSIG,M
FALE,2026-09-15 16:00,66.20,60.80,82.76,160.00,3.00,0.00,29.97,M,6.21,M,M,M,M,M,M,M,M,M,M,M,M,M,M,M,M,66.20,FALE 151600Z 16003KT CAVOK 19/16 Q1015 NOSIG,M
FALE,2026-09-15 17:00,64.40,60.80,88.10,150.00,2.00,0.00,30.03,M,6.21,M,M,M,M,M,M,M,M,M,M,M,M,M,M,M,M,64.40,FALE 151700Z 15002KT CAVOK 18/16 Q1017 NOSIG,M
FALE,2026-09-15 18:00,62.60,60.80,93.84,M,2.00,0.00,30.06,M,6.21,M,FEW,M,M,M,1500.00,M,M,M,M,M,M,M,M,M,M,62.60,FALE 151800Z VRB02KT 9999 FEW015 17/16 Q1018 NOSIG,M
FALE,2026-09-15 19:00,60.80,59.00,93.79,M,1.00,0.00,30.06,M,6.21,M,FEW,M,M,M,1500.00,M,M,M,M,M,M,M,M,M,M,60.80,FALE 151900Z VRB01KT 9999 FEW015 16/15 Q1018 NOSIG,M
FALE,2026-09-15 20:00,59.00,57.20,93.74,50.00,2.00,0.00,30.09,M,6.21,M,FEW,M,M,M,1500.00,M,M,M,M,M,M,M,M,M,M,59.00,FALE 152000Z 05002KT 9999 FEW015 15/14 Q1019 NOSIG,M
FALE,2026-09-15 21:00,59.00,57.20,93.74,220.00,1.00,0.00,30.09,M,6.21,M,M,M,M,M,M,M,M,M,M,M,M,M,M,M,M,59.00,FALE 152100Z 22001KT CAVOK 15/14 Q1019 NOSIG,M
FALE,2026-09-15 22:00,57.20,57.20,100.00,220.00,3.00,0.00,30.09,M,6.21,M,M,M,M,M,M,M,M,M,M,M,M,M,M,M,M,57.20,FALE 152200Z 22003KT CAVOK 14/14 Q1019 NOSIG,M
FALE,2026-09-15 23:00,57.20,55.40,93.70,M,1.00,0.00,30.09,M,6.21,M,M,M,M,M,M,M,M,M,M,M,M,M,M,M,M,57.20,FALE 152300Z VRB01KT CAVOK 14/13 Q1019 NOSIG,M
FALE,2026-09-16 00:00,55.40,53.60,93.65,230.00,2.00,0.00,30.06,M,6.21,M,M,M,M,M,M,M,M,M,M,M,M,M,M,M,M,55.40,FALE 160000Z 23002KT CAVOK 13/12 Q1018 NOSIG,M
FALE,2026-09-16 01:00,53.60,51.80,93.60,200.00,2.00,0.00,30.03,M,6.21,M,M,M,M,M,M,M,M,M,M,M,M,M,M,M,M,53.60,FALE 160100Z 20002KT CAVOK 12/11 Q1017 NOSIG,M
FALE,2026-09-16 02:00,53.60,51.80,93.60,M,1.00,0.00,30.06,M,6.21,M,M,M,M,M,M,M,M,M,M,M,M,M,M,M,M,53.60,FALE 160200Z VRB01KT CAVOK 12/11 Q1018 NOSIG,M
FALE,2026-09-16 03:00,53.60,53.60,100.00,0.00,0.00,0.00,30.06,M,6.21,M,M,M,M,M,M,M,M,M,M,M,M,M,M,M,M,53.60,FALE 160300Z 00000KT CAVOK 12/12 Q1018 NOSIG,M
FALE,2026-09-16 04:00,53.60,51.80,93.60,220.00,2.00,0.00,30.06,M,6.21,M,M,M,M,M,M,M,M,M,M,M,M,M,M,M,M,53.60,FALE 160400Z 22002KT CAVOK 12/11 Q1018 NOSIG,M
FALE,2026-09-16 04:38,57.20,53.60,87.75,220.00,4.00,0.00,30.09,M,6.21,M,M,M,M,M,M,M,M,M,M,M,M,M,M,M,M,57.20,FALE 160438Z 22004KT CAVOK 14/12 Q1019 NOSIG,M
FALE,2026-09-16 04:50,60.80,55.40,82.38,M,2.00,0.00,30.09,M,6.21,M,M,M,M,M,M,M,M,M,M,M,M,M,M,M,M,60.80,FALE 160450Z VRB02KT CAVOK 16/13 Q1019 NOSIG,M
FALE,2026-09-16 05:28,64.40,55.40,72.58,220.00,3.00,0.00,30.09,M,6.21,M,M,M,M,M,M,M,M,M,M,M,M,M,M,M,M,64.40,FALE 160528Z 22003KT CAVOK 18/13 Q1019 NOSIG,M
FALE,2026-09-16 05:42,68.00,57.20,68.38,M,2.00,0.00,30.09,M,6.21,M,M,M,M,M,M,M,M,M,M,M,M,M,M,M,M,68.00,FALE 160542Z VRB02KT CAVOK 20/14 Q1019 NOSIG,M
FALE,2026-09-16 06:00,68.00,57.20,68.38,M,2.00,0.00,30.09,M,6.21,M,M,M,M,M,M,M,M,M,M,M,M,M,M,M,M,68.00,FALE 160600Z VRB02KT CAVOK 20/14 Q1019 NOSIG,M
FALE,2026-09-16 06:21,71.60,55.40,56.67,M,1.00,0.00,30.09,M,6.21,M,M,M,M,M,M,M,M,M,M,M,M,M,M,M,M,71.60,FALE 160621Z VRB01KT CAVOK 22/13 Q1019 NOSIG,M
FALE,2026-09-16 06:47,75.20,55.40,50.22,M,2.00,0.00,30.09,M,6.21,M,M,M,M,M,M,M,M,M,M,M,M,M,M,M,M,75.20,FALE 160647Z VRB02KT CAVOK 24/13 Q1019 NOSIG,M
FALE,2026-09-16 07:00,75.20,55.40,50.22,M,2.00,0.00,30.09,M,6.21,M,M,M,M,M,M,M,M,M,M,M,M,M,M,M,M,75.20,FALE 160700Z VRB02KT CAVOK 24/13 Q1019 NOSIG,M
FALE,2026-09-16 08:00,77.00,55.40,47.30,80.00,6.00,0.00,30.06,M,6.21,M,M,M,M,M,M,M,M,M,M,M,M,M,M,M,M,77.00,FALE 160800Z 08006KT 040V140 CAVOK 25/13 Q1018 NOSIG,M
FALE,2026-09-16 09:00,75.20,60.80,60.96,60.00,6.00,0.00,30.06,M,6.21,M,M,M,M,M,M,M,M,M,M,M,M,M,M,M,M,75.20,FALE 160900Z 06006KT CAVOK 24/16 Q1018 NOSIG,M
FALE,2026-09-16 10:00,77.00,60.80,57.42,90.00,5.00,0.00,30.06,M,6.21,M,M,M,M,M,M,M,M,M,M,M,M,M,M,M,M,77.00,FALE 161000Z 09005KT 040V140 CAVOK 25/16 Q1018 NOSIG,M
FALE,2026-09-16 11:00,73.40,60.80,64.74,150.00,8.00,0.00,30.03,M,6.21,M,M,M,M,M,M,M,M,M,M,M,M,M,M,M,M,73.40,FALE 161100Z 15008KT 110V190 CAVOK 23/16 Q1017 NOSIG,M
FALE,2026-09-16 12:00,75.20,66.20,73.66,140.00,7.00,0.00,30.03,M,6.21,M,M,M,M,M,M,M,M,M,M,M,M,M,M,M,M,75.20,FALE 161200Z 14007KT 110V180 CAVOK 24/19 Q1017 NOSIG,M
FALE,2026-09-16 13:00,73.40,68.00,83.24,180.00,11.00,0.00,30.09,M,6.21,M,FEW,BKN,M,M,1200.00,2000.00,M,M,M,M,M,M,M,M,M,73.40,FALE 161300Z 18011KT 150V210 9999 FEW012 BKN020 23/20 Q1019 NOSIG,M
FALE,2026-09-16 13:59,69.80,64.40,83.00,200.00,16.00,0.00,30.12,M,6.21,26.00,SCT,BKN,BKN,M,900.00,2600.00,3600.00,M,M,M,M,M,M,M,M,69.80,FALE 161359Z 20016G26KT 9999 SCT009 BKN026 BKN036 21/18 Q1020 NOSIG,M
FALE,2026-09-16 14:00,69.80,64.40,83.00,200.00,17.00,0.00,30.12,M,6.21,27.00,FEW,SCT,BKN,M,2000.00,2600.00,3600.00,M,M,M,M,M,M,M,M,69.80,FALE 161400Z 20017G27KT 9999 FEW020 SCT026 BKN036 21/18 Q1020 NOSIG,M
FALE,2026-09-16 16:00,68.00,62.60,82.88,210.00,16.00,0.00,30.21,M,6.21,M,SCT,BKN,OVC,M,1300.00,2300.00,2900.00,M,M,M,M,M,M,M,M,68.00,FALE 161600Z 21016KT 9999 SCT013 BKN023 OVC029 20/17 Q1023 NOSIG,M
FALE,2026-09-16 17:00,66.20,62.60,88.19,210.00,14.00,0.00,30.24,M,6.21,M,FEW,OVC,M,M,1500.00,2400.00,M,M,M,M,M,M,M,M,M,66.20,FALE 161700Z 21014KT 9999 FEW015 OVC024 19/17 Q1024 NOSIG,M
FALE,2026-09-16 18:00,66.20,60.80,82.76,210.00,14.00,0.00,30.27,M,6.21,M,FEW,BKN,M,M,1400.00,4900.00,M,M,M,M,M,M,M,M,M,66.20,FALE 161800Z 21014KT 9999 FEW014 BKN049 19/16 Q1025 NOSIG,M
FALE,2026-09-16 19:00,66.20,60.80,82.76,210.00,11.00,0.00,30.30,M,6.21,M,FEW,SCT,OVC,M,1400.00,1700.00,2400.00,M,M,M,M,M,M,M,M,66.20,FALE 161900Z 21011KT 9999 FEW014 SCT017 OVC024 19/16 Q1026 NOSIG,M
FALE,2026-09-16 20:00,64.40,59.00,82.63,210.00,15.00,0.00,30.30,M,6.21,M,SCT,BKN,BKN,M,1400.00,2200.00,2900.00,M,M,M,M,M,M,M,M,64.40,FALE 162000Z 21015KT 9999 SCT014 BKN022 BKN029 18/15 Q1026 NOSIG,M
FALE,2026-09-16 21:00,62.60,57.20,82.51,220.00,13.00,0.00,30.33,M,6.21,M,FEW,BKN,M,M,1500.00,3200.00,M,M,-RA,M,M,M,M,M,M,62.60,FALE 162100Z 22013KT 9999 -RA FEW015 BKN032 17/14 Q1027 NOSIG,M
FALE,2026-09-16 22:00,64.40,57.20,77.46,220.00,11.00,0.00,30.33,M,6.21,M,FEW,BKN,M,M,3200.00,4400.00,M,M,M,M,M,M,M,M,M,64.40,FALE 162200Z 22011KT 9999 FEW032 BKN044 18/14 Q1027 NOSIG,M
FALE,2026-09-16 23:00,64.40,55.40,72.58,220.00,10.00,0.00,30.30,M,6.21,M,SCT,M,M,M,2800.00,M,M,M,M,M,M,M,M,M,M,64.40,FALE 162300Z 22010KT 9999 SCT028 18/13 Q1026 NOSIG,M
FALE,2026-09-17 00:00,64.40,55.40,72.58,210.00,8.00,0.00,30.30,M,6.21,M,OVC,M,M,M,2500.00,M,M,M,M,M,M,M,M,M,M,64.40,FALE 170000Z 21008KT 9999 OVC025 18/13 Q1026 NOSIG,M
FALE,2026-09-17 01:00,64.40,55.40,72.58,210.00,10.00,0.00,30.30,M,6.21,M,BKN,BKN,M,M,2800.00,4000.00,M,M,M,M,M,M,M,M,M,64.40,FALE 170100Z 21010KT 9999 BKN028 BKN040 18/13 Q1026 NOSIG,M
FALE,2026-09-17 02:00,64.40,55.40,72.58,230.00,14.00,0.00,30.30,M,6.21,M,FEW,OVC,M,M,1900.00,2400.00,M,M,-RA,M,M,M,M,M,M,64.40,FALE 170200Z 23014KT 9999 -RA FEW019 OVC024 18/13 Q1026 NOSIG,M
FALE,2026-09-17 03:00,62.60,57.20,82.51,230.00,11.00,0.00,30.30,M,6.21,M,OVC,M,M,M,2200.00,M,M,M,-DZ,M,M,M,M,M,M,62.60,FALE 170300Z 23011KT 9999 -DZ OVC022 17/14 Q1026 NOSIG,M
FALE,2026-09-17 04:00,62.60,57.20,82.51,230.00,10.00,0.00,30.30,M,4.35,M,FEW,BKN,BKN,M,1500.00,2000.00,3000.00,M,-RA,M,M,M,M,M,M,62.60,COR FALE 170400Z 23010KT 7000 -RA FEW015 BKN020 BKN030 17/14 Q1026 TEMPO 5000,M
FALE,2026-09-17 04:01,62.60,57.20,82.51,230.00,12.00,0.00,30.30,M,3.11,M,BKN,BKN,M,M,1800.00,2400.00,M,M,-RA,M,M,M,M,M,M,62.60,FALE 170401Z 23012KT 5000 -RA BKN018 BKN024 17/14 Q1026 TEMPO 3000,M
FALE,2026-09-17 04:15,60.80,57.20,87.93,220.00,11.00,0.00,30.33,M,3.11,M,BKN,BKN,M,M,1400.00,2300.00,M,M,-RA,M,M,M,M,M,M,60.80,FALE 170415Z 22011KT 5000 -RA BKN014 BKN023 16/14 Q1027 TEMPO 3000,M
FALE,2026-09-17 04:40,60.80,59.00,93.79,230.00,13.00,0.00,30.33,M,2.49,M,FEW,BKN,BKN,M,800.00,1400.00,2300.00,M,-RA,M,M,M,M,M,M,60.80,FALE 170440Z 23013KT 4000 -RA FEW008 BKN014 BKN023 16/15 Q1027 TEMPO 3000,M
FALE,2026-09-17 05:00,60.80,59.00,93.79,230.00,13.00,0.00,30.33,M,2.80,M,FEW,BKN,BKN,M,800.00,1200.00,2400.00,M,-RA,M,M,M,M,M,M,60.80,FALE 170500Z 23013KT 4500 -RA FEW008 BKN012 BKN024 16/15 Q1027 TEMPO 3000,M
FALE,2026-09-17 05:02,60.80,59.00,93.79,240.00,13.00,0.00,30.33,M,3.11,M,SCT,BKN,BKN,M,600.00,1200.00,2300.00,M,-RA,M,M,M,M,M,M,60.80,FALE 170502Z 24013KT 5000 -RA SCT006 BKN012 BKN023 16/15 Q1027 TEMPO 3000,M
FALE,2026-09-17 05:32,60.80,59.00,93.79,240.00,13.00,0.00,30.33,M,3.73,M,SCT,BKN,BKN,M,500.00,1700.00,2400.00,M,-RA,M,M,M,M,M,M,60.80,FALE 170532Z 24013KT 6000 -RA SCT005 BKN017 BKN024 16/15 Q1027 NOSIG,M
FALE,2026-09-17 06:00,60.80,59.00,93.79,230.00,11.00,0.00,30.33,M,4.97,M,SCT,BKN,BKN,M,600.00,2000.00,3000.00,M,-RA,M,M,M,M,M,M,60.80,FALE 170600Z 23011KT 8000 -RA SCT006 BKN020 BKN030 16/15 Q1027 NOSIG,M
FALE,2026-09-17 06:31,60.80,59.00,93.79,220.00,12.00,0.00,30.33,M,2.49,M,SCT,BKN,BKN,M,1400.00,1700.00,2200.00,M,-RA,M,M,M,M,M,M,60.80,FALE 170631Z 22012KT 4000 -RA SCT014 BKN017 BKN022 16/15 Q1027 TEMPO 3000,M
FALE,2026-09-17 06:50,60.80,59.00,93.79,230.00,12.00,0.00,30.33,M,1.86,M,SCT,BKN,BKN,M,1000.00,1300.00,2000.00,M,-RA,M,M,M,M,M,M,60.80,FALE 170650Z 23012KT 3000 -RA SCT010 BKN013 BKN020 16/15 Q1027 TEMPO 5000,M
FALE,2026-09-17 07:00,60.80,59.00,93.79,230.00,12.00,0.00,30.33,M,1.86,M,SCT,BKN,BKN,M,1000.00,1300.00,2000.00,M,-RA,M,M,M,M,M,M,60.80,FALE 170700Z 23012KT 3000 -RA SCT010 BKN013 BKN020 16/15 Q1027 TEMPO 5000,M
FALE,2026-09-17 07:24,60.80,59.00,93.79,250.00,14.00,0.00,30.36,M,1.37,M,SCT,BKN,BKN,M,700.00,1000.00,1600.00,M,RA,M,M,M,M,M,M,60.80,FALE 170724Z 25014KT 2200 RA SCT007 BKN010 BKN016 16/15 Q1028 NOSIG,M
FALE,2026-09-17 07:42,60.80,59.00,93.79,240.00,13.00,0.00,30.33,M,1.86,M,SCT,BKN,BKN,M,700.00,1100.00,3000.00,M,RA,M,M,M,M,M,M,60.80,FALE 170742Z 24013KT 3000 RA SCT007 BKN011 BKN030 16/15 Q1027 NOSIG,M
FALE,2026-09-17 07:47,60.80,59.00,93.79,240.00,12.00,0.00,30.33,M,2.80,M,SCT,BKN,BKN,M,600.00,1400.00,3000.00,M,-RA,M,M,M,M,M,M,60.80,FALE 170747Z 24012KT 4500 -RA SCT006 BKN014 BKN030 16/15 Q1027 RERA TEMPO 6000,M
FALE,2026-09-17 07:52,60.80,59.00,93.79,240.00,12.00,0.00,30.33,M,3.73,M,FEW,BKN,BKN,M,600.00,1400.00,2300.00,M,-RA,M,M,M,M,M,M,60.80,FALE 170752Z 24012KT 6000 -RA FEW006 BKN014 BKN023 16/15 Q1027 RERA TEMPO 4000,M
FALE,2026-09-17 08:00,60.80,59.00,93.79,240.00,12.00,0.00,30.33,M,3.73,M,FEW,BKN,BKN,M,600.00,1400.00,3000.00,M,-RA,M,M,M,M,M,M,60.80,FALE 170800Z 24012KT 6000 -RA FEW006 BKN014 BKN030 16/15 Q1027 RERA TEMPO 4000,M
FALE,2026-09-17 08:08,60.80,59.00,93.79,240.00,13.00,0.00,30.33,M,4.97,M,FEW,SCT,BKN,M,800.00,2600.00,3400.00,M,-RA,M,M,M,M,M,M,60.80,FALE 170808Z 24013KT 8000 -RA FEW008 SCT026 BKN034 16/15 Q1027 TEMPO 4000,M
FALE,2026-09-17 09:00,62.60,59.00,88.01,230.00,12.00,0.00,30.33,M,5.59,M,BKN,M,M,M,3400.00,M,M,M,-RA,M,M,M,M,M,M,62.60,FALE 170900Z 23012KT 9000 -RA BKN034 17/15 Q1027 NOSIG,M
FALE,2026-09-17 10:00,60.80,59.00,93.79,230.00,11.00,0.00,30.30,M,4.35,M,FEW,BKN,BKN,M,1200.00,2600.00,4500.00,M,-RA,M,M,M,M,M,M,60.80,FALE 171000Z 23011KT 7000 -RA FEW012 BKN026 BKN045 16/15 Q1026 NOSIG,M
FALE,2026-09-17 10:04,60.80,59.00,93.79,240.00,12.00,0.00,30.33,M,2.17,M,FEW,SCT,BKN,M,1200.00,1800.00,2700.00,M,-RA,M,M,M,M,M,M,60.80,FALE 171004Z 24012KT 3500 -RA FEW012 SCT018 BKN027 16/15 Q1027 NOSIG,M
FALE,2026-09-17 10:22,60.80,59.00,93.79,240.00,7.00,0.00,30.30,M,2.17,M,FEW,BKN,BKN,M,1400.00,2000.00,4700.00,M,RA,M,M,M,M,M,M,60.80,FALE 171022Z 24007KT 3500 RA FEW014 BKN020 BKN047 16/15 Q1026 NOSIG,M
FALE,2026-09-17 10:39,60.80,59.00,93.79,230.00,9.00,0.00,30.30,M,2.80,M,SCT,BKN,BKN,M,1200.00,3000.00,4200.00,M,-RA,M,M,M,M,M,M,60.80,FALE 171039Z 23009KT 4500 -RA SCT012 BKN030 BKN042 16/15 Q1026 RERA NOSIG,M
FALE,2026-09-17 10:55,60.80,59.00,93.79,230.00,9.00,0.00,30.30,M,4.35,M,FEW,BKN,BKN,M,1200.00,2300.00,3100.00,M,-RA,M,M,M,M,M,M,60.80,FALE 171055Z 23009KT 7000 -RA FEW012 BKN023 BKN031 16/15 Q1026 NOSIG,M
FALE,2026-09-17 11:00,60.80,59.00,93.79,230.00,10.00,0.00,30.30,M,4.35,M,FEW,BKN,BKN,M,1200.00,2300.00,3100.00,M,-RA,M,M,M,M,M,M,60.80,FALE 171100Z 23010KT 7000 -RA FEW012 BKN023 BKN031 16/15 Q1026 NOSIG,M
FALE,2026-09-17 11:35,60.80,59.00,93.79,230.00,12.00,0.00,30.27,M,2.49,M,FEW,BKN,BKN,M,1500.00,2900.00,3900.00,M,-RA,M,M,M,M,M,M,60.80,FALE 171135Z 23012KT 4000 -RA FEW015 BKN029 BKN039 16/15 Q1025 NOSIG,M
FALE,2026-09-17 12:00,60.80,59.00,93.79,240.00,10.00,0.00,30.30,M,2.49,M,BKN,BKN,M,M,2900.00,3900.00,M,M,-RA,M,M,M,M,M,M,60.80,FALE 171200Z 24010KT 4000 -RA BKN029 BKN039 16/15 Q1026 NOSIG,M
FALE,2026-09-17 12:22,60.80,59.00,93.79,230.00,10.00,0.00,30.27,M,4.35,M,BKN,OVC,M,M,2300.00,2900.00,M,M,-RA,M,M,M,M,M,M,60.80,FALE 171222Z 23010KT 7000 -RA BKN023 OVC029 16/15 Q1025 NOSIG,M
FALE,2026-09-17 13:00,60.80,59.00,93.79,230.00,13.00,0.00,30.27,M,6.21,M,BKN,OVC,M,M,2300.00,2900.00,M,M,-RA,M,M,M,M,M,M,60.80,FALE 171300Z 23013KT 9999 -RA BKN023 OVC029 16/15 Q1025 NOSIG,M
FALE,2026-09-17 13:39,60.80,59.00,93.79,240.00,10.00,0.00,30.27,M,2.49,M,BKN,OVC,M,M,3100.00,4300.00,M,M,-RA,M,M,M,M,M,M,60.80,FALE 171339Z 24010KT 4000 -RA BKN031 OVC043 16/15 Q1025 NOSIG,M
FALE,2026-09-17 14:00,60.80,59.00,93.79,230.00,10.00,0.00,30.27,M,2.49,M,BKN,BKN,M,M,3300.00,4400.00,M,M,-RA,M,M,M,M,M,M,60.80,FALE 171400Z 23010KT 4000 -RA BKN033 BKN044 16/15 Q1025 NOSIG,M
FALE,2026-09-17 15:21,60.80,59.00,93.79,240.00,7.00,0.00,30.30,M,1.86,M,BKN,OVC,M,M,3700.00,4200.00,M,M,RA,M,M,M,M,M,M,60.80,FALE 171521Z 24007KT 3000 RA BKN037 OVC042 16/15 Q1026 NOSIG,M
FALE,2026-09-17 15:52,60.80,59.00,93.79,250.00,9.00,0.00,30.30,M,3.11,M,FEW,BKN,M,M,2000.00,4700.00,M,M,-RA,M,M,M,M,M,M,60.80,FALE 171552Z 25009KT 5000 -RA FEW020 BKN047 16/15 Q1026 RERA NOSIG,M
FALE,2026-09-17 16:00,60.80,59.00,93.79,250.00,9.00,0.00,30.30,M,3.11,M,FEW,BKN,M,M,2000.00,4700.00,M,M,-RA,M,M,M,M,M,M,60.80,FALE 171600Z 25009KT 5000 -RA FEW020 BKN047 16/15 Q1026 RERA NOSIG,M
FALE,2026-09-17 17:00,60.80,59.00,93.79,230.00,9.00,0.00,30.30,M,3.11,M,BKN,BKN,OVC,M,1800.00,2400.00,4600.00,M,-RA,M,M,M,M,M,M,60.80,FALE 171700Z 23009KT 5000 -RA BKN018 BKN024 OVC046 16/15 Q1026 NOSIG,M
FALE,2026-09-17 17:24,60.80,59.00,93.79,230.00,9.00,0.00,30.30,M,4.35,M,FEW,BKN,OVC,M,1600.00,1800.00,4900.00,M,-RA,M,M,M,M,M,M,60.80,FALE 171724Z 23009KT 7000 -RA FEW016 BKN018 OVC049 16/15 Q1026 NOSIG,M
FALE,2026-09-17 17:52,60.80,59.00,93.79,240.00,9.00,0.00,30.33,M,4.97,M,OVC,M,M,M,1500.00,M,M,M,RA,M,M,M,M,M,M,60.80,FALE 171752Z 24009KT 8000 RA OVC015 16/15 Q1027 NOSIG,M
FALE,2026-09-17 18:00,60.80,59.00,93.79,240.00,9.00,0.00,30.33,M,4.97,M,OVC,M,M,M,1500.00,M,M,M,RA,M,M,M,M,M,M,60.80,FALE 171800Z 24009KT 8000 RA OVC015 16/15 Q1027 NOSIG,M
FALE,2026-09-17 18:23,60.80,59.00,93.79,240.00,8.00,0.00,30.33,M,4.97,M,SCT,OVC,M,M,1200.00,1400.00,M,M,-RA,M,M,M,M,M,M,60.80,FALE 171823Z 24008KT 8000 -RA SCT012 OVC014 16/15 Q1027 RERA NOSIG,M
FALE,2026-09-17 19:00,60.80,59.00,93.79,250.00,10.00,0.00,30.36,M,3.73,M,SCT,OVC,M,M,1200.00,1400.00,M,M,RA,M,M,M,M,M,M,60.80,FALE 171900Z 25010KT 6000 RA SCT012 OVC014 16/15 Q1028 NOSIG,M
FALE,2026-09-17 19:22,60.80,59.00,93.79,260.00,8.00,0.00,30.36,M,6.21,M,FEW,OVC,M,M,300.00,1800.00,M,M,-RA,M,M,M,M,M,M,60.80,FALE 171922Z 26008KT 9999 -RA FEW003 OVC018 16/15 Q1028 RERA NOSIG,M
FALE,2026-09-17 20:00,60.80,59.00,93.79,250.00,8.00,0.00,30.36,M,6.21,M,FEW,OVC,M,M,1400.00,1800.00,M,M,-RA,M,M,M,M,M,M,60.80,FALE 172000Z 25008KT 9999 -RA FEW014 OVC018 16/15 Q1028 RERA NOSIG,M
FALE,2026-09-17 21:00,60.80,59.00,93.79,240.00,10.00,0.00,30.33,M,4.35,M,SCT,OVC,M,M,1600.00,2400.00,M,M,-RA,M,M,M,M,M,M,60.80,FALE 172100Z 24010KT 7000 -RA SCT016 OVC024 16/15 Q1027 NOSIG,M
FALE,2026-09-17 22:00,60.80,59.00,93.79,230.00,12.00,0.00,30.33,M,6.21,M,FEW,OVC,M,M,600.00,2000.00,M,M,-RA,M,M,M,M,M,M,60.80,FALE 172200Z 23012KT 9999 -RA FEW006 OVC020 16/15 Q1027 RERA NOSIG,M
FALE,2026-09-17 23:00,59.00,59.00,100.00,240.00,14.00,0.00,30.33,M,4.97,M,FEW,OVC,M,M,400.00,2300.00,M,M,-RA,M,M,M,M,M,M,59.00,FALE 172300Z 24014KT 8000 -RA FEW004 OVC023 15/15 Q1027 RERA NOSIG,M
FALE,2026-09-17 23:53,59.00,59.00,100.00,240.00,15.00,0.00,30.36,M,2.55,M,FEW,OVC,M,M,700.00,2500.00,M,M,RA,M,M,M,M,M,M,59.00,FALE 172353Z 24015KT 4100 RA FEW007 OVC025 15/15 Q1028 NOSIG,M
FALE,2026-09-18 00:00,59.00,59.00,100.00,240.00,15.00,0.00,30.36,M,2.49,M,FEW,OVC,M,M,700.00,2500.00,M,M,RA,M,M,M,M,M,M,59.00,FALE 180000Z 24015KT 4000 RA FEW007 OVC025 15/15 Q1028 TEMPO 2500 BKN005,M
FALE,2026-09-18 01:00,59.00,57.20,93.74,230.00,13.00,0.00,30.33,M,2.49,M,SCT,BKN,OVC,M,700.00,1400.00,2000.00,M,RA,M,M,M,M,M,M,59.00,FALE 180100Z 23013KT 4000 RA SCT007 BKN014 OVC020 15/14 Q1027 NOSIG,M
FALE,2026-09-18 01:55,59.00,57.20,93.74,230.00,13.00,0.00,30.33,M,3.11,M,BKN,OVC,M,M,500.00,1200.00,M,M,RA,M,M,M,M,M,M,59.00,FALE 180155Z 23013KT 5000 RA BKN005 OVC012 15/14 Q1027 BECMG 7000 SCT007,M
FALE,2026-09-18 02:00,59.00,57.20,93.74,230.00,13.00,0.00,30.33,M,3.11,M,BKN,OVC,M,M,500.00,1200.00,M,M,RA,M,M,M,M,M,M,59.00,FALE 180200Z 23013KT 5000 RA BKN005 OVC012 15/14 Q1027 BECMG 7000 SCT007,M
FALE,2026-09-18 02:50,59.00,57.20,93.74,240.00,15.00,0.00,30.36,M,4.35,M,FEW,OVC,M,M,500.00,1700.00,M,M,-RA,M,M,M,M,M,M,59.00,FALE 180250Z 24015KT 7000 -RA FEW005 OVC017 15/14 Q1028 RERA NOSIG,M
FALE,2026-09-18 03:00,59.00,57.20,93.74,240.00,15.00,0.00,30.36,M,4.35,M,FEW,OVC,M,M,500.00,1700.00,M,M,-RA,M,M,M,M,M,M,59.00,FALE 180300Z 24015KT 7000 -RA FEW005 OVC017 15/14 Q1028 RERA NOSIG,M
FALE,2026-09-18 04:00,62.60,57.20,82.51,230.00,13.00,0.00,30.39,M,4.35,M,FEW,OVC,M,M,1500.00,1600.00,M,M,RA,M,M,M,M,M,M,62.60,FALE 180400Z 23013KT 7000 RA FEW015 OVC016 17/14 Q1029 NOSIG,M
FALE,2026-09-18 04:24,59.00,57.20,93.74,230.00,17.00,0.00,30.42,M,3.73,M,BKN,OVC,M,M,1600.00,2000.00,M,M,RA,M,M,M,M,M,M,59.00,FALE 180424Z 23017KT 6000 RA BKN016 OVC020 15/14 Q1030 NOSIG,M
FALE,2026-09-18 05:00,59.00,57.20,93.74,230.00,14.00,0.00,30.42,M,4.35,M,OVC,M,M,M,1700.00,M,M,M,RA,M,M,M,M,M,M,59.00,FALE 180500Z 23014KT 7000 RA OVC017 15/14 Q1030 NOSIG,M
FALE,2026-09-18 05:21,59.00,57.20,93.74,220.00,11.00,0.00,30.42,M,4.97,M,BKN,OVC,M,M,1400.00,2000.00,M,M,-RA,M,M,M,M,M,M,59.00,FALE 180521Z 22011KT 8000 -RA BKN014 OVC020 15/14 Q1030 RERA NOSIG,M
FALE,2026-09-18 05:53,59.00,57.20,93.74,220.00,12.00,0.00,30.42,M,5.59,M,BKN,BKN,OVC,M,900.00,1800.00,2800.00,M,-RA,M,M,M,M,M,M,59.00,FALE 180553Z 22012KT 9000 -RA BKN009 BKN018 OVC028 15/14 Q1030 NOSIG,M
FALE,2026-09-18 06:00,59.00,57.20,93.74,220.00,12.00,0.00,30.42,M,5.59,M,BKN,BKN,OVC,M,900.00,1800.00,2800.00,M,-RA,M,M,M,M,M,M,59.00,FALE 180600Z 22012KT 9000 -RA BKN009 BKN018 OVC028 15/14 Q1030 NOSIG,M
FALE,2026-09-18 06:40,59.00,59.00,100.00,230.00,13.00,0.00,30.42,M,2.49,M,BKN,OVC,M,M,500.00,1300.00,M,M,-RA,M,M,M,M,M,M,59.00,FALE 180640Z 23013KT 4000 -RA BKN005 OVC013 15/15 Q1030 NOSIG,M
FALE,2026-09-18 07:00,59.00,59.00,100.00,230.00,12.00,0.00,30.42,M,2.49,M,BKN,OVC,M,M,500.00,1300.00,M,M,-RA,M,M,M,M,M,M,59.00,FALE 180700Z 23012KT 4000 -RA BKN005 OVC013 15/15 Q1030 NOSIG,M
FALE,2026-09-18 07:24,60.80,59.00,93.79,230.00,12.00,0.00,30.45,M,1.86,M,BKN,OVC,M,M,400.00,1000.00,M,M,RA,M,M,M,M,M,M,60.80,FALE 180724Z 23012KT 3000 RA BKN004 OVC010 16/15 Q1031 NOSIG,M
FALE,2026-09-18 08:00,60.80,59.00,93.79,230.00,12.00,0.00,30.45,M,1.86,M,BKN,OVC,M,M,400.00,1000.00,M,M,RA,M,M,M,M,M,M,60.80,FALE 180800Z 23012KT 3000 RA BKN004 OVC010 16/15 Q1031 NOSIG,M
FALE,2026-09-18 09:00,60.80,59.00,93.79,220.00,12.00,0.00,30.45,M,1.86,M,BKN,OVC,M,M,400.00,1000.00,M,M,RA,M,M,M,M,M,M,60.80,FALE 180900Z 22012KT 3000 RA BKN004 OVC010 16/15 Q1031 NOSIG,M
FALE,2026-09-18 09:23,60.80,59.00,93.79,230.00,14.00,0.00,30.45,M,1.86,M,BKN,OVC,M,M,300.00,1000.00,M,M,RA,M,M,M,M,M,M,60.80,FALE 180923Z 23014KT 3000 RA BKN003 OVC010 16/15 Q1031 NOSIG,M
FALE,2026-09-18 10:42,59.00,57.20,93.74,210.00,13.00,0.00,30.42,M,2.49,M,FEW,BKN,OVC,M,400.00,600.00,2500.00,M,-DZRA,M,M,M,M,M,M,59.00,FALE 181042Z 21013KT 4000 -DZRA FEW004 BKN006 OVC025 15/14 Q1030 RERA NOSIG,M
FALE,2026-09-18 10:52,59.00,57.20,93.74,210.00,12.00,0.00,30.42,M,2.49,M,FEW,BKN,OVC,M,600.00,1700.00,2500.00,M,-DZRA,M,M,M,M,M,M,59.00,FALE 181052Z 21012KT 4000 -DZRA FEW006 BKN017 OVC025 15/14 Q1030 RERA NOSIG,M
FALE,2026-09-18 10:56,59.00,57.20,93.74,210.00,12.00,0.00,30.42,M,1.86,M,FEW,BKN,OVC,M,600.00,1700.00,2500.00,M,DZRA,M,M,M,M,M,M,59.00,FALE 181056Z 21012KT 3000 DZRA FEW006 BKN017 OVC025 15/14 Q1030 NOSIG,M
FALE,2026-09-18 11:00,59.00,57.20,93.74,210.00,11.00,0.00,30.42,M,1.86,M,SCT,BKN,OVC,M,600.00,1700.00,2500.00,M,DZRA,M,M,M,M,M,M,59.00,FALE 181100Z 21011KT 3000 DZRA SCT006 BKN017 OVC025 15/14 Q1030 NOSIG,M
FALE,2026-09-18 11:13,59.00,59.00,100.00,220.00,9.00,0.00,30.42,M,2.49,M,SCT,BKN,OVC,M,400.00,1700.00,2000.00,M,-DZRA,M,M,M,M,M,M,59.00,COR FALE 181113Z 22009KT 4000 -DZRA SCT004 BKN017 OVC020 15/15 Q1030 RERA NOSIG,M
FALE,2026-09-18 11:19,59.00,57.20,93.74,220.00,9.00,0.00,30.42,M,2.49,M,SCT,BKN,OVC,M,400.00,1700.00,2000.00,M,-DZRA,M,M,M,M,M,M,59.00,COR FALE 181119Z 22009KT 4000 -DZRA SCT004 BKN017 OVC020 15/14 Q1030 RERA NOSIG,M
FALE,2026-09-18 11:38,59.00,59.00,100.00,210.00,11.00,0.00,30.42,M,2.49,M,BKN,OVC,M,M,500.00,1200.00,M,M,-DZRA,M,M,M,M,M,M,59.00,FALE 181138Z 21011KT 4000 -DZRA BKN005 OVC012 15/15 Q1030 NOSIG,M
FALE,2026-09-18 11:54,59.00,59.00,100.00,220.00,11.00,0.00,30.42,M,2.49,M,SCT,OVC,M,M,600.00,900.00,M,M,-DZRA,M,M,M,M,M,M,59.00,FALE 181154Z 22011KT 4000 -DZRA SCT006 OVC009 15/15 Q1030 NOSIG,M
FALE,2026-09-18 12:00,59.00,59.00,100.00,220.00,11.00,0.00,30.42,M,2.49,M,SCT,OVC,M,M,600.00,900.00,M,M,-DZRA,M,M,M,M,M,M,59.00,FALE 181200Z 22011KT 4000 -DZRA SCT006 OVC009 15/15 Q1030 NOSIG,M
FALE,2026-09-18 12:20,60.80,59.00,93.79,230.00,10.00,0.00,30.42,M,1.86,M,FEW,BKN,OVC,M,600.00,800.00,3000.00,M,DZRA,M,M,M,M,M,M,60.80,FALE 181220Z 23010KT 3000 DZRA FEW006 BKN008 OVC030 16/15 Q1030 NOSIG,M
FALE,2026-09-18 12:35,60.80,59.00,93.79,230.00,11.00,0.00,30.42,M,1.86,M,BKN,BKN,OVC,M,500.00,1300.00,2500.00,M,DZRA,M,M,M,M,M,M,60.80,FALE 181235Z 23011KT 3000 DZRA BKN005 BKN013 OVC025 16/15 Q1030 NOSIG,M
FALE,2026-09-18 13:00,60.80,59.00,93.79,230.00,12.00,0.00,30.45,M,1.86,M,BKN,BKN,OVC,M,500.00,1300.00,2000.00,M,DZRA,M,M,M,M,M,M,60.80,FALE 181300Z 23012KT 3000 DZRA BKN005 BKN013 OVC020 16/15 Q1031 NOSIG,M
FALE,2026-09-18 13:29,59.00,59.00,100.00,230.00,13.00,0.00,30.45,M,2.49,M,BKN,OVC,M,M,600.00,2000.00,M,M,-DZRA,M,M,M,M,M,M,59.00,FALE 181329Z 23013KT 4000 -DZRA BKN006 OVC020 15/15 Q1031 RERA NOSIG,M
FALE,2026-09-18 13:55,59.00,57.20,93.74,220.00,11.00,0.00,30.45,M,2.49,M,SCT,BKN,OVC,M,700.00,1300.00,1600.00,M,RA,M,M,M,M,M,M,59.00,FALE 181355Z 22011KT 4000 RA SCT007 BKN013 OVC016 15/14 Q1031 NOSIG,M
FALE,2026-09-18 14:00,59.00,57.20,93.74,220.00,11.00,0.00,30.45,M,2.49,M,SCT,BKN,OVC,M,700.00,1300.00,1800.00,M,RA,M,M,M,M,M,M,59.00,FALE 181400Z 22011KT 4000 RA SCT007 BKN013 OVC018 15/14 Q1031 NOSIG,M
FALE,2026-09-18 14:23,59.00,59.00,100.00,240.00,10.00,0.00,30.45,M,2.80,M,FEW,BKN,OVC,M,1100.00,1800.00,2500.00,M,-RA,M,M,M,M,M,M,59.00,FALE 181423Z 24010KT 4500 -RA FEW011 BKN018 OVC025 15/15 Q1031 RERA NOSIG,M
FALE,2026-09-18 14:41,59.00,57.20,93.74,240.00,11.00,0.00,30.45,M,3.11,M,BKN,OVC,M,M,1500.00,3000.00,M,M,RA,M,M,M,M,M,M,59.00,FALE 181441Z 24011KT 5000 RA BKN015 OVC030 15/14 Q1031 NOSIG,M
FALE,2026-09-18 14:57,59.00,57.20,93.74,240.00,10.00,0.00,30.45,M,4.35,M,SCT,BKN,OVC,M,1600.00,2000.00,2500.00,M,-RA,M,M,M,M,M,M,59.00,FALE 181457Z 24010KT 7000 -RA SCT016 BKN020 OVC025 15/14 Q1031 RERA TEMPO 3000,M
FALE,2026-09-18 15:00,59.00,57.20,93.74,230.00,10.00,0.00,30.45,M,4.35,M,SCT,BKN,OVC,M,1600.00,2000.00,2500.00,M,-RA,M,M,M,M,M,M,59.00,FALE 181500Z 23010KT 7000 -RA SCT016 BKN020 OVC025 15/14 Q1031 RERA TEMPO 3000,M
FALE,2026-09-18 15:25,59.00,57.20,93.74,220.00,8.00,0.00,30.47,M,4.35,M,OVC,M,M,M,1500.00,M,M,M,-RA,M,M,M,M,M,M,59.00,FALE 181525Z 22008KT 180V240 7000 -RA OVC015 15/14 Q1032 TEMPO 3000,M
FALE,2026-09-18 15:37,59.00,57.20,93.74,220.00,6.00,0.00,30.47,M,2.49,M,OVC,M,M,M,1400.00,M,M,M,-DZRA,M,M,M,M,M,M,59.00,FALE 181537Z 22006KT 4000 -DZRA OVC014 15/14 Q1032 TEMPO 3000,M
FALE,2026-09-18 15:53,59.00,57.20,93.74,210.00,5.00,0.00,30.47,M,4.35,M,FEW,BKN,OVC,M,700.00,1200.00,2500.00,M,-RA,M,M,M,M,M,M,59.00,FALE 181553Z 21005KT 180V250 7000 -RA FEW007 BKN012 OVC025 15/14 Q1032 TEMPO 3000,M
FALE,2026-09-18 16:00,59.00,57.20,93.74,220.00,5.00,0.00,30.47,M,4.35,M,FEW,BKN,OVC,M,700.00,1200.00,2500.00,M,-RA,M,M,M,M,M,M,59.00,FALE 181600Z 22005KT 180V250 7000 -RA FEW007 BKN012 OVC025 15/14 Q1032 TEMPO 3000,M
FALE,2026-09-18 16:15,59.00,57.20,93.74,240.00,8.00,0.00,30.47,M,5.59,M,FEW,BKN,OVC,M,700.00,1200.00,3500.00,M,-RA,M,M,M,M,M,M,59.00,FALE 181615Z 24008KT 9000 -RA FEW007 BKN012 OVC035 15/14 Q1032 NOSIG,M
FALE,2026-09-18 16:50,59.00,59.00,100.00,230.00,7.00,0.00,30.47,M,4.35,M,OVC,M,M,M,1100.00,M,M,M,-RA,M,M,M,M,M,M,59.00,FALE 181650Z 23007KT 7000 -RA OVC011 15/15 Q1032 NOSIG,M
FALE,2026-09-18 17:00,59.00,59.00,100.00,230.00,7.00,0.00,30.47,M,4.97,M,OVC,M,M,M,1100.00,M,M,M,-RA,M,M,M,M,M,M,59.00,FALE 181700Z 23007KT 8000 -RA OVC011 15/15 Q1032 NOSIG,M
FALE,2026-09-18 17:05,59.00,59.00,100.00,230.00,9.00,0.00,30.47,M,4.97,M,OVC,M,M,M,800.00,M,M,M,-RA,M,M,M,M,M,M,59.00,FALE 181705Z 23009KT 8000 -RA OVC008 15/15 Q1032 NOSIG,M
FALE,2026-09-18 17:14,59.00,59.00,100.00,230.00,9.00,0.00,30.47,M,3.73,M,SCT,OVC,M,M,600.00,800.00,M,M,-DZRA,M,M,M,M,M,M,59.00,FALE 181714Z 23009KT 6000 -DZRA SCT006 OVC008 15/15 Q1032 NOSIG,M
FALE,2026-09-18 17:19,59.00,59.00,100.00,240.00,9.00,0.00,30.47,M,2.49,M,SCT,OVC,M,M,500.00,800.00,M,M,-DZRA,M,M,M,M,M,M,59.00,FALE 181719Z 24009KT 4000 -DZRA SCT005 OVC008 15/15 Q1032 NOSIG,M
FALE,2026-09-18 17:25,59.00,59.00,100.00,240.00,9.00,0.00,30.47,M,2.17,M,SCT,OVC,M,M,500.00,800.00,M,M,DZRA,M,M,M,M,M,M,59.00,FALE 181725Z 24009KT 3500 DZRA SCT005 OVC008 15/15 Q1032 NOSIG,M
FALE,2026-09-18 17:40,59.00,59.00,100.00,220.00,10.00,0.00,30.50,M,2.17,M,BKN,OVC,M,M,300.00,1200.00,M,M,DZRA,M,M,M,M,M,M,59.00,FALE 181740Z 22010KT 3500 DZRA BKN003 OVC012 15/15 Q1033 NOSIG,M
FALE,2026-09-18 17:50,59.00,59.00,100.00,230.00,11.00,0.00,30.50,M,2.80,M,SCT,BKN,OVC,M,200.00,400.00,1200.00,M,DZRA,M,M,M,M,M,M,59.00,FALE 181750Z 23011KT 4500 DZRA SCT002 BKN004 OVC012 15/15 Q1033 NOSIG,M
FALE,2026-09-18 18:00,59.00,59.00,100.00,230.00,11.00,0.00,30.50,M,2.80,M,SCT,BKN,OVC,M,200.00,400.00,1200.00,M,DZRA,M,M,M,M,M,M,59.00,FALE 181800Z 23011KT 4500 DZRA SCT002 BKN004 OVC012 15/15 Q1033 NOSIG,M
FALE,2026-09-18 18:23,59.00,59.00,100.00,240.00,7.00,0.00,30.50,M,3.73,M,FEW,BKN,OVC,M,300.00,800.00,1200.00,M,DZRA,M,M,M,M,M,M,59.00,FALE 181823Z 24007KT 6000 DZRA FEW003 BKN008 OVC012 15/15 Q1033 NOSIG,M
FALE,2026-09-18 19:00,59.00,59.00,100.00,230.00,7.00,0.00,30.50,M,3.73,M,FEW,BKN,OVC,M,300.00,800.00,1200.00,M,DZRA,M,M,M,M,M,M,59.00,FALE 181900Z 23007KT 6000 DZRA FEW003 BKN008 OVC012 15/15 Q1033 NOSIG,M
FALE,2026-09-18 19:53,59.00,59.00,100.00,240.00,5.00,0.00,30.47,M,4.97,M,FEW,SCT,OVC,M,1500.00,1800.00,2300.00,M,-RA,M,M,M,M,M,M,59.00,FALE 181953Z 24005KT 8000 -RA FEW015 SCT018 OVC023 15/15 Q1032 NOSIG,M
FALE,2026-09-18 20:00,59.00,59.00,100.00,240.00,5.00,0.00,30.47,M,4.97,M,FEW,SCT,OVC,M,1500.00,1800.00,2300.00,M,-RA,M,M,M,M,M,M,59.00,FALE 182000Z 24005KT 8000 -RA FEW015 SCT018 OVC023 15/15 Q1032 NOSIG,M
FALE,2026-09-18 22:00,59.00,57.20,93.74,280.00,5.00,0.00,30.47,M,6.21,M,SCT,BKN,OVC,M,2600.00,3100.00,3600.00,M,M,M,M,M,M,M,M,59.00,FALE 182200Z 28005KT 9999 SCT026 BKN031 OVC036 15/14 Q1032 NOSIG,M
FALE,2026-09-18 23:00,59.00,57.20,93.74,270.00,7.00,0.00,30.45,M,6.21,M,OVC,M,M,M,2500.00,M,M,M,M,M,M,M,M,M,M,59.00,FALE 182300Z 27007KT 9999 OVC025 15/14 Q1031 NOSIG,M
FALE,2026-09-19 00:00,59.00,57.20,93.74,240.00,4.00,0.00,30.42,M,6.21,M,BKN,M,M,M,2400.00,M,M,M,M,M,M,M,M,M,M,59.00,FALE 190000Z 24004KT 9999 BKN024 15/14 Q1030 NOSIG,M
FALE,2026-09-19 01:00,59.00,57.20,93.74,240.00,4.00,0.00,30.39,M,6.21,M,BKN,M,M,M,2400.00,M,M,M,M,M,M,M,M,M,M,59.00,FALE 190100Z 24004KT 9999 BKN024 15/14 Q1029 NOSIG,M
FALE,2026-09-19 02:00,60.80,57.20,87.93,280.00,5.00,0.00,30.39,M,6.21,M,FEW,SCT,OVC,M,1900.00,2300.00,2900.00,M,M,M,M,M,M,M,M,60.80,FALE 190200Z 28005KT 250V310 9999 FEW019 SCT023 OVC029 16/14 Q1029 NOSIG,M
FALE,2026-09-19 04:00,60.80,57.20,87.93,270.00,3.00,0.00,30.39,M,6.21,M,BKN,OVC,M,M,1900.00,2300.00,M,M,M,M,M,M,M,M,M,60.80,FALE 190400Z 27003KT 230V300 9999 BKN019 OVC023 16/14 Q1029 NOSIG,M
FALE,2026-09-19 05:00,60.80,59.00,93.79,240.00,4.00,0.00,30.39,M,6.21,M,BKN,OVC,M,M,2600.00,3500.00,M,M,M,M,M,M,M,M,M,60.80,FALE 190500Z 24004KT 9999 BKN026 OVC035 16/15 Q1029 NOSIG,M
FALE,2026-09-19 06:00,60.80,59.00,93.79,220.00,3.00,0.00,30.42,M,6.21,M,BKN,OVC,M,M,2500.00,4500.00,M,M,M,M,M,M,M,M,M,60.80,FALE 190600Z 22003KT 9999 BKN025 OVC045 16/15 Q1030 NOSIG,M
FALE,2026-09-19 07:00,62.60,59.00,88.01,0.00,0.00,0.00,30.42,M,6.21,M,FEW,BKN,M,M,1600.00,2600.00,M,M,M,M,M,M,M,M,M,62.60,FALE 190700Z 00000KT 9999 FEW016 BKN026 17/15 Q1030 NOSIG,M
FALE,2026-09-19 08:00,64.40,59.00,82.63,290.00,3.00,0.00,30.39,M,6.21,M,BKN,M,M,M,2500.00,M,M,M,M,M,M,M,M,M,M,64.40,FALE 190800Z 29003KT 240V330 9999 BKN025 18/15 Q1029 NOSIG,M
FALE,2026-09-19 09:00,68.00,60.80,77.77,M,2.00,0.00,30.36,M,6.21,M,FEW,M,M,M,2500.00,M,M,M,M,M,M,M,M,M,M,68.00,FALE 190900Z VRB02KT 9999 FEW025 20/16 Q1028 NOSIG,M
FALE,2026-09-19 10:00,69.80,62.60,77.93,30.00,5.00,0.00,30.36,M,6.21,M,FEW,M,M,M,1600.00,M,M,M,M,M,M,M,M,M,M,69.80,FALE 191000Z 03005KT 310V070 9999 FEW016 21/17 Q1028 NOSIG,M
FALE,2026-09-19 11:00,71.60,64.40,78.08,70.00,6.00,0.00,30.33,M,6.21,M,SCT,M,M,M,2000.00,M,M,M,M,M,M,M,M,M,M,71.60,FALE 191100Z 07006KT 050V110 9999 SCT020 22/18 Q1027 NOSIG,M
FALE,2026-09-19 12:00,69.80,64.40,83.00,100.00,7.00,0.00,30.30,M,6.21,M,SCT,M,M,M,2500.00,M,M,M,M,M,M,M,M,M,M,69.80,FALE 191200Z 10007KT 060V140 9999 SCT025 21/18 Q1026 NOSIG,M
FALE,2026-09-19 13:00,69.80,64.40,83.00,80.00,8.00,0.00,30.30,M,6.21,M,FEW,M,M,M,4500.00,M,M,M,M,M,M,M,M,M,M,69.80,FALE 191300Z 08008KT 050V130 9999 FEW045 21/18 Q1026 NOSIG,M
FALE,2026-09-19 14:00,69.80,64.40,83.00,80.00,6.00,0.00,30.30,M,6.21,M,M,M,M,M,M,M,M,M,M,M,M,M,M,M,M,69.80,FALE 191400Z 08006KT 050V130 CAVOK 21/18 Q1026 NOSIG,M
FALE,2026-09-19 15:00,68.00,64.40,88.28,80.00,7.00,0.00,30.30,M,6.21,M,FEW,SCT,M,M,4500.00,4900.00,M,M,M,M,M,M,M,M,M,68.00,FALE 191500Z 08007KT 040V100 9999 FEW045 SCT049 20/18 Q1026 NOSIG,M
FALE,2026-09-19 16:00,68.00,64.40,88.28,60.00,10.00,0.00,30.30,M,6.21,M,FEW,BKN,M,M,4500.00,4900.00,M,M,M,M,M,M,M,M,M,68.00,FALE 191600Z 06010KT 9999 FEW045 BKN049 20/18 Q1026 NOSIG,M
FALE,2026-09-19 17:00,66.20,64.40,93.93,50.00,8.00,0.00,30.33,M,6.21,M,M,M,M,M,M,M,M,M,M,M,M,M,M,M,M,66.20,FALE 191700Z 05008KT CAVOK 19/18 Q1027 NOSIG,M
FALE,2026-09-19 17:11,66.20,62.60,88.19,40.00,6.00,0.00,30.33,M,6.21,M,BKN,BKN,M,M,1100.00,2500.00,M,M,M,M,M,M,M,M,M,66.20,FALE 191711Z 04006KT 9999 BKN011 BKN025 19/17 Q1027 NOSIG,M
FALE,2026-09-19 17:21,66.20,62.60,88.19,40.00,6.00,0.00,30.33,M,6.21,M,SCT,BKN,M,M,1000.00,2500.00,M,M,M,M,M,M,M,M,M,66.20,FALE 191721Z 04006KT 9999 SCT010 BKN025 19/17 Q1027 NOSIG,M
FALE,2026-09-19 17:40,66.20,64.40,93.93,40.00,4.00,0.00,30.33,M,6.21,M,SCT,BKN,BKN,M,800.00,1000.00,2500.00,M,M,M,M,M,M,M,M,66.20,FALE 191740Z 04004KT 9999 SCT008 BKN010 BKN025 19/18 Q1027 NOSIG,M
FALE,2026-09-19 17:43,66.20,64.40,93.93,40.00,5.00,0.00,30.33,M,6.21,M,BKN,BKN,M,M,800.00,2500.00,M,M,M,M,M,M,M,M,M,66.20,FALE 191743Z 04005KT 9999 BKN008 BKN025 19/18 Q1027 NOSIG,M
FALE,2026-09-19 17:52,66.20,64.40,93.93,40.00,5.00,0.00,30.33,M,6.21,M,SCT,BKN,M,M,700.00,900.00,M,M,M,M,M,M,M,M,M,66.20,FALE 191752Z 04005KT 9999 SCT007 BKN009 19/18 Q1027 NOSIG,M
FALE,2026-09-19 18:00,66.20,64.40,93.93,40.00,5.00,0.00,30.33,M,6.21,M,SCT,OVC,M,M,700.00,900.00,M,M,M,M,M,M,M,M,M,66.20,FALE 191800Z 04005KT 9999 SCT007 OVC009 19/18 Q1027 NOSIG,M
FALE,2026-09-19 19:00,66.20,64.40,93.93,50.00,4.00,0.00,30.33,M,6.21,M,FEW,BKN,BKN,M,600.00,2400.00,4500.00,M,M,M,M,M,M,M,M,66.20,FALE 191900Z 05004KT 9999 FEW006 BKN024 BKN045 19/18 Q1027 NOSIG,M
FALE,2026-09-19 20:00,64.40,64.40,100.00,40.00,3.00,0.00,30.33,M,6.21,M,M,M,M,M,M,M,M,M,M,M,M,M,M,M,M,64.40,FALE 192000Z 04003KT CAVOK 18/18 Q1027 NOSIG,M
FALE,2026-09-19 21:00,66.20,64.40,93.93,80.00,4.00,0.00,30.33,M,6.21,M,FEW,M,M,M,1700.00,M,M,M,M,M,M,M,M,M,M,66.20,FALE 192100Z 08004KT 9999 FEW017 19/18 Q1027 NOSIG,M
FALE,2026-09-19 22:00,64.40,62.60,93.89,30.00,3.00,0.00,30.30,M,6.21,M,M,M,M,M,M,M,M,M,M,M,M,M,M,M,M,64.40,FALE 192200Z 03003KT CAVOK 18/17 Q1026 NOSIG,M
FALE,2026-09-19 23:00,62.60,62.60,100.00,M,2.00,0.00,30.30,M,6.21,M,M,M,M,M,M,M,M,M,M,M,M,M,M,M,M,62.60,FALE 192300Z VRB02KT CAVOK 17/17 Q1026 NOSIG,M
FALE,2026-09-20 00:00,60.80,60.80,100.00,60.00,2.00,0.00,30.27,M,6.21,M,M,M,M,M,M,M,M,M,M,M,M,M,M,M,M,60.80,FALE 200000Z 06002KT CAVOK 16/16 Q1025 NOSIG,M
FALE,2026-09-20 01:00,60.80,60.80,100.00,0.00,0.00,0.00,30.24,M,5.59,M,NSC,M,M,M,M,M,M,M,M,M,M,M,M,M,M,60.80,FALE 200100Z 00000KT 9000 NSC 16/16 Q1024 NOSIG,M
FALE,2026-09-20 01:56,59.00,59.00,100.00,0.00,0.00,0.00,30.24,M,0.81,M,FEW,M,M,M,200.00,M,M,M,BR,M,M,M,M,M,M,59.00,FALE 200156Z 00000KT 1300 R24/1900D BR FEW002 15/15 Q1024 NOSIG,M
FALE,2026-09-20 02:00,59.00,59.00,100.00,M,1.00,0.00,30.24,M,0.81,M,FEW,M,M,M,200.00,M,M,M,BR,M,M,M,M,M,M,59.00,FALE 200200Z VRB01KT 1300 R24/1900D BR FEW002 15/15 Q1024 NOSIG,M
FALE,2026-09-20 02:58,60.80,59.00,93.79,0.00,0.00,0.00,30.21,M,0.22,M,SCT,M,M,M,300.00,M,M,M,FG,M,M,M,M,M,M,60.80,FALE 200258Z 00000KT 0350 R24/0325N FG SCT003 16/15 Q1023 NOSIG,M
FALE,2026-09-20 03:00,60.80,59.00,93.79,0.00,0.00,0.00,30.21,M,0.22,M,SCT,M,M,M,300.00,M,M,M,FG,M,M,M,M,M,M,60.80,FALE 200300Z 00000KT 0350 R24/0325N FG SCT003 16/15 Q1023 NOSIG,M
FALE,2026-09-20 03:25,59.00,59.00,100.00,M,2.00,0.00,30.24,M,0.16,M,NSC,M,M,M,M,M,M,M,FG,M,M,M,M,M,M,59.00,FALE 200325Z VRB02KT 0250 R24/0275N FG NSC 15/15 Q1024 NOSIG,M
FALE,2026-09-20 03:42,59.00,59.00,100.00,M,1.00,0.00,30.24,M,2.67,M,FEW,M,M,M,200.00,M,M,M,BR,M,M,M,M,M,M,59.00,FALE 200342Z VRB01KT 4300 BR FEW002 15/15 Q1024 NOSIG,M
FALE,2026-09-20 03:52,59.00,59.00,100.00,M,1.00,0.00,30.24,M,0.62,M,FEW,M,M,M,200.00,M,M,M,BR,M,M,M,M,M,M,59.00,FALE 200352Z VRB01KT 1000 R24/1700D BR FEW002 15/15 Q1024 NOSIG,M
FALE,2026-09-20 04:21,59.00,59.00,100.00,30.00,3.00,0.00,3.01,M,3.73,M,NSC,M,M,M,M,M,M,M,M,M,M,M,M,M,M,59.00,FALE 200421Z 03003KT 6000 NSC 15/15 Q102,M
FALE,2026-09-20 04:56,62.60,62.60,100.00,0.00,0.00,0.00,30.24,M,5.59,M,NSC,M,M,M,M,M,M,M,M,M,M,M,M,M,M,62.60,FALE 200456Z 00000KT 9000 NSC 17/17 Q1024 NOSIG,M
FALE,2026-09-20 05:00,62.60,60.80,93.84,0.00,0.00,0.00,3.01,M,5.59,M,NSC,M,M,M,M,M,M,M,M,M,M,M,M,M,M,62.60,FALE 200500Z 00000KT 9000 NSC 17/16 Q102,M
FALE,2026-09-20 06:29,68.00,64.40,88.28,30.00,5.00,0.00,30.27,M,6.21,M,M,M,M,M,M,M,M,M,M,M,M,M,M,M,M,68.00,FALE 200629Z 03005KT CAVOK 20/18 Q1025 NOSIG,M
FALE,2026-09-20 07:00,69.80,64.40,83.00,40.00,3.00,0.00,30.27,M,6.21,M,M,M,M,M,M,M,M,M,M,M,M,M,M,M,M,69.80,FALE 200700Z 04003KT 010V070 CAVOK 21/18 Q1025 NOSIG,M
FALE,2026-09-20 09:00,73.40,66.20,78.23,90.00,6.00,0.00,30.24,M,6.21,M,M,M,M,M,M,M,M,M,M,M,M,M,M,M,M,73.40,FALE 200900Z 09006KT 050V140 CAVOK 23/19 Q1024 NOSIG,M
FALE,2026-09-20 10:00,73.40,66.20,78.23,110.00,6.00,0.00,30.21,M,6.21,M,FEW,M,M,M,2000.00,M,M,M,M,M,M,M,M,M,M,73.40,FALE 201000Z 11006KT 080V140 9999 FEW020 23/19 Q1023 NOSIG,M
FALE,2026-09-20 11:00,73.40,66.20,78.23,90.00,5.00,0.00,30.18,M,6.21,M,FEW,M,M,M,2000.00,M,M,M,M,M,M,M,M,M,M,73.40,FALE 201100Z 09005KT 050V130 9999 FEW020 23/19 Q1022 NOSIG,M
FALE,2026-09-20 12:00,73.40,68.00,83.24,90.00,5.00,0.00,30.15,M,6.21,M,M,M,M,M,M,M,M,M,M,M,M,M,M,M,M,73.40,FALE 201200Z 09005KT 050V140 CAVOK 23/20 Q1021 NOSIG,M
FALE,2026-09-20 13:00,75.20,68.00,78.38,90.00,6.00,0.00,30.15,M,6.21,M,M,M,M,M,M,M,M,M,M,M,M,M,M,M,M,75.20,FALE 201300Z 09006KT 050V140 CAVOK 24/20 Q1021 NOSIG,M
FALE,2026-09-20 15:00,73.40,68.00,83.24,80.00,4.00,0.00,30.15,M,6.21,M,FEW,M,M,M,2000.00,M,M,M,M,M,M,M,M,M,M,73.40,FALE 201500Z 08004KT 9999 FEW020 23/20 Q1021 NOSIG,M
FALE,2026-09-20 16:00,69.80,68.00,94.02,80.00,5.00,0.00,30.15,M,6.21,M,M,M,M,M,M,M,M,M,M,M,M,M,M,M,M,69.80,FALE 201600Z 08005KT CAVOK 21/20 Q1021 NOSIG,M
FALE,2026-09-20 17:00,68.00,66.20,93.98,M,1.00,0.00,30.18,M,6.21,M,M,M,M,M,M,M,M,M,M,M,M,M,M,M,M,68.00,FALE 201700Z VRB01KT CAVOK 20/19 Q1022 NOSIG,M
FALE,2026-09-20 18:00,68.00,66.20,93.98,0.00,0.00,0.00,30.18,M,6.21,M,FEW,SCT,M,M,2500.00,4800.00,M,M,-RA,M,M,M,M,M,M,68.00,FALE 201800Z 00000KT 9999 -RA FEW025 SCT048 20/19 Q1022 NOSIG,M
FALE,2026-09-20 19:00,68.00,66.20,93.98,0.00,0.00,0.00,30.15,M,6.21,M,M,M,M,M,M,M,M,M,M,M,M,M,M,M,M,68.00,FALE 201900Z 00000KT CAVOK 20/19 Q1021 NOSIG,M
FALE,2026-09-20 20:00,68.00,68.00,100.00,M,2.00,0.00,30.15,M,6.21,M,M,M,M,M,M,M,M,M,M,M,M,M,M,M,M,68.00,FALE 202000Z VRB02KT CAVOK 20/20 Q1021 NOSIG,M
FALE,2026-09-20 21:00,68.00,66.20,93.98,M,1.00,0.00,30.15,M,6.21,M,M,M,M,M,M,M,M,M,M,M,M,M,M,M,M,68.00,FALE 202100Z VRB01KT CAVOK 20/19 Q1021 NOSIG,M
FALE,2026-09-20 22:00,66.20,66.20,100.00,M,1.00,0.00,30.12,M,6.21,M,M,M,M,M,M,M,M,M,M,M,M,M,M,M,M,66.20,FALE 202200Z VRB01KT CAVOK 19/19 Q1020 NOSIG,M
FALE,2026-09-20 23:00,66.20,64.40,93.93,220.00,3.00,0.00,30.12,M,6.21,M,M,M,M,M,M,M,M,M,M,M,M,M,M,M,M,66.20,FALE 202300Z 22003KT CAVOK 19/18 Q1020 NOSIG,M
FALE,2026-09-21 00:00,66.20,64.40,93.93,0.00,0.00,0.00,30.09,M,6.21,M,M,M,M,M,M,M,M,M,M,M,M,M,M,M,M,66.20,FALE 210000Z 00000KT CAVOK 19/18 Q1019 NOSIG,M
FALE,2026-09-21 01:00,62.60,62.60,100.00,M,1.00,0.00,30.09,M,6.21,M,M,M,M,M,M,M,M,M,M,M,M,M,M,M,M,62.60,FALE 210100Z VRB01KT CAVOK 17/17 Q1019 NOSIG,M
FALE,2026-09-21 02:00,62.60,62.60,100.00,M,2.00,0.00,30.06,M,6.21,M,M,M,M,M,M,M,M,M,M,M,M,M,M,M,M,62.60,FALE 210200Z VRB02KT CAVOK 17/17 Q1018 NOSIG,M
FALE,2026-09-21 03:00,62.60,62.60,100.00,M,2.00,0.00,30.09,M,6.21,M,M,M,M,M,M,M,M,M,M,M,M,M,M,M,M,62.60,FALE 210300Z VRB02KT CAVOK 17/17 Q1019 NOSIG,M
FALE,2026-09-21 04:00,66.20,62.60,88.19,220.00,4.00,0.00,30.09,M,6.21,M,M,M,M,M,M,M,M,M,M,M,M,M,M,M,M,66.20,FALE 210400Z 22004KT CAVOK 19/17 Q1019 NOSIG,M
FALE,2026-09-21 05:00,66.20,64.40,93.93,230.00,3.00,0.00,30.12,M,6.21,M,M,M,M,M,M,M,M,M,M,M,M,M,M,M,M,66.20,FALE 210500Z 23003KT CAVOK 19/18 Q1020 NOSIG,M
FALE,2026-09-21 05:21,69.80,62.60,77.93,240.00,4.00,0.00,30.12,M,6.21,M,M,M,M,M,M,M,M,M,M,M,M,M,M,M,M,69.80,FALE 210521Z 24004KT CAVOK 21/17 Q1020 NOSIG,M
FALE,2026-09-21 06:00,69.80,66.20,88.36,M,1.00,0.00,30.12,M,6.21,M,M,M,M,M,M,M,M,M,M,M,M,M,M,M,M,69.80,FALE 210600Z VRB01KT CAVOK 21/19 Q1020 NOSIG,M
FALE,2026-09-21 07:00,73.40,62.60,68.99,210.00,3.00,0.00,30.12,M,6.21,M,M,M,M,M,M,M,M,M,M,M,M,M,M,M,M,73.40,FALE 210700Z 21003KT 160V260 CAVOK 23/17 Q1020 NOSIG,M
FALE,2026-09-21 08:00,75.20,62.60,64.96,M,2.00,0.00,30.09,M,6.21,M,M,M,M,M,M,M,M,M,M,M,M,M,M,M,M,75.20,FALE 210800Z VRB02KT CAVOK 24/17 Q1019 NOSIG,M
FALE,2026-09-21 08:29,78.80,62.60,57.67,190.00,7.00,0.00,30.09,M,6.21,M,M,M,M,M,M,M,M,M,M,M,M,M,M,M,M,78.80,FALE 210829Z 19007KT CAVOK 26/17 Q1019 NOSIG,M
FALE,2026-09-21 09:00,77.00,60.80,57.42,180.00,8.00,0.00,30.09,M,6.21,M,M,M,M,M,M,M,M,M,M,M,M,M,M,M,M,77.00,FALE 210900Z 18008KT 140V210 CAVOK 25/16 Q1019 NOSIG,M
FALE,2026-09-21 10:00,75.20,62.60,64.96,180.00,8.00,0.00,30.09,M,6.21,M,M,M,M,M,M,M,M,M,M,M,M,M,M,M,M,75.20,FALE 211000Z 18008KT CAVOK 24/17 Q1019 NOSIG,M
FALE,2026-09-21 11:00,73.40,66.20,78.23,180.00,10.00,0.00,30.09,M,6.21,M,M,M,M,M,M,M,M,M,M,M,M,M,M,M,M,73.40,FALE 211100Z 18010KT 130V200 CAVOK 23/19 Q1019 NOSIG,M
FALE,2026-09-21 12:00,75.20,68.00,78.38,190.00,9.00,0.00,30.09,M,6.21,M,FEW,M,M,M,1000.00,M,M,M,M,M,M,M,M,M,M,75.20,FALE 211200Z 19009KT 9999 FEW010 24/20 Q1019 NOSIG,M
FALE,2026-09-21 13:00,73.40,68.00,83.24,190.00,9.00,0.00,30.09,M,6.21,M,SCT,M,M,M,800.00,M,M,M,M,M,M,M,M,M,M,73.40,FALE 211300Z 19009KT 9999 SCT008 23/20 Q1019 NOSIG,M
FALE,2026-09-21 14:00,71.60,68.00,88.45,190.00,8.00,0.00,30.09,M,6.21,M,FEW,SCT,SCT,M,900.00,1200.00,2000.00,M,M,M,M,M,M,M,M,71.60,FALE 211400Z 19008KT 9999 FEW009 SCT012 SCT020 22/20 Q1019 NOSIG,M
FALE,2026-09-21 15:00,71.60,66.20,83.12,200.00,10.00,0.00,30.12,M,6.21,M,FEW,M,M,M,1200.00,M,M,M,M,M,M,M,M,M,M,71.60,FALE 211500Z 20010KT 9999 FEW012 22/19 Q1020 NOSIG,M
FALE,2026-09-21 16:00,69.80,66.20,88.36,200.00,7.00,0.00,30.15,M,6.21,M,FEW,M,M,M,2900.00,M,M,M,M,M,M,M,M,M,M,69.80,FALE 211600Z 20007KT 9999 FEW029 21/19 Q1021 NOSIG,M
FALE,2026-09-21 17:00,68.00,66.20,93.98,210.00,4.00,0.00,30.15,M,6.21,M,FEW,M,M,M,2400.00,M,M,M,M,M,M,M,M,M,M,68.00,FALE 211700Z 21004KT 9999 FEW024 20/19 Q1021 NOSIG,M
FALE,2026-09-21 18:00,68.00,64.40,88.28,210.00,5.00,0.00,30.18,M,6.21,M,FEW,M,M,M,1500.00,M,M,M,M,M,M,M,M,M,M,68.00,FALE 211800Z 21005KT 9999 FEW015 20/18 Q1022 NOSIG,M
FALE,2026-09-21 19:00,66.20,64.40,93.93,220.00,4.00,0.00,30.21,M,6.21,M,FEW,M,M,M,3600.00,M,M,M,M,M,M,M,M,M,M,66.20,FALE 211900Z 22004KT 9999 FEW036 19/18 Q1023 NOSIG,M
FALE,2026-09-21 20:00,66.20,64.40,93.93,200.00,2.00,0.00,30.21,M,6.21,M,SCT,M,M,M,2500.00,M,M,M,M,M,M,M,M,M,M,66.20,FALE 212000Z 20002KT 9999 SCT025 19/18 Q1023 NOSIG,M
FALE,2026-09-21 21:00,66.20,64.40,93.93,0.00,0.00,0.00,30.21,M,6.21,M,FEW,BKN,M,M,1600.00,2600.00,M,M,M,M,M,M,M,M,M,66.20,FALE 212100Z 00000KT 9999 FEW016 BKN026 19/18 Q1023 NOSIG,M
FALE,2026-09-21 22:00,66.20,64.40,93.93,0.00,0.00,0.00,30.21,M,6.21,M,FEW,BKN,M,M,1600.00,4700.00,M,M,M,M,M,M,M,M,M,66.20,FALE 212200Z 00000KT 9999 FEW016 BKN047 19/18 Q1023 NOSIG,M
FALE,2026-09-21 23:00,68.00,66.20,93.98,190.00,4.00,0.00,30.18,M,6.21,M,SCT,BKN,M,M,1300.00,2700.00,M,M,M,M,M,M,M,M,M,68.00,FALE 212300Z 19004KT 9999 SCT013 BKN027 20/19 Q1022 NOSIG,M
FALE,2026-09-21 23:51,68.00,66.20,93.98,230.00,4.00,0.00,30.18,M,5.59,M,BKN,OVC,M,M,900.00,1600.00,M,M,-RA,M,M,M,M,M,M,68.00,FALE 212351Z 23004KT 9000 -RA BKN009 OVC016 20/19 Q1022 BECMG BKN009,M
FALE,2026-09-22 00:00,68.00,66.20,93.98,220.00,4.00,0.00,30.18,M,5.59,M,BKN,OVC,M,M,900.00,1600.00,M,M,-RA,M,M,M,M,M,M,68.00,FALE 220000Z 22004KT 9000 -RA BKN009 OVC016 20/19 Q1022 BECMG BKN009,M
FALE,2026-09-22 00:45,66.20,66.20,100.00,200.00,4.00,0.00,30.15,M,6.21,M,FEW,OVC,M,M,900.00,2000.00,M,M,M,M,M,M,M,M,M,66.20,FALE 220045Z 20004KT 9999 FEW009 OVC020 19/19 Q1021 NOSIG,M
FALE,2026-09-22 01:00,68.00,66.20,93.98,210.00,6.00,0.00,30.18,M,6.21,M,FEW,OVC,M,M,1700.00,2500.00,M,M,M,M,M,M,M,M,M,68.00,FALE 220100Z 21006KT 9999 FEW017 OVC025 20/19 Q1022 NOSIG,M
FALE,2026-09-22 02:00,66.20,66.20,100.00,210.00,3.00,0.00,30.18,M,6.21,M,FEW,OVC,M,M,1400.00,2500.00,M,M,M,M,M,M,M,M,M,66.20,FALE 220200Z 21003KT 9999 FEW014 OVC025 19/19 Q1022 NOSIG,M
FALE,2026-09-22 03:01,66.20,66.20,100.00,M,1.00,0.00,30.18,M,6.21,M,FEW,OVC,M,M,2700.00,3500.00,M,M,M,M,M,M,M,M,M,66.20,FALE 220301Z VRB01KT 9999 FEW027 OVC035 19/19 Q1022 NOSIG,M
FALE,2026-09-22 04:00,66.20,66.20,100.00,200.00,3.00,0.00,30.21,M,6.21,M,FEW,M,M,M,3500.00,M,M,M,M,M,M,M,M,M,M,66.20,FALE 220400Z 20003KT 9999 FEW035 19/19 Q1023 NOSIG,M
FALE,2026-09-22 05:00,68.00,66.20,93.98,240.00,5.00,0.00,30.21,M,6.21,M,M,M,M,M,M,M,M,M,M,M,M,M,M,M,M,68.00,FALE 220500Z 24005KT CAVOK 20/19 Q1023 NOSIG,M
FALE,2026-09-22 06:00,69.80,64.40,83.00,260.00,5.00,0.00,30.24,M,6.21,M,FEW,M,M,M,1500.00,M,M,M,M,M,M,M,M,M,M,69.80,FALE 220600Z 26005KT 230V310 9999 FEW015 21/18 Q1024 NOSIG,M
FALE,2026-09-22 07:00,71.60,64.40,78.08,M,2.00,0.00,30.24,M,6.21,M,FEW,SCT,M,M,1700.00,3200.00,M,M,M,M,M,M,M,M,M,71.60,FALE 220700Z VRB02KT 9999 FEW017 SCT032 22/18 Q1024 NOSIG,M
FALE,2026-09-22 08:00,73.40,64.40,73.48,120.00,4.00,0.00,30.24,M,6.21,M,SCT,BKN,M,M,2200.00,4500.00,M,M,M,M,M,M,M,M,M,73.40,FALE 220800Z 12004KT 060V170 9999 SCT022 BKN045 23/18 Q1024 NOSIG,M
FALE,2026-09-22 09:00,73.40,64.40,73.48,120.00,6.00,0.00,30.21,M,6.21,M,M,M,M,M,M,M,M,M,M,M,M,M,M,M,M,73.40,FALE 220900Z 12006KT 060V200 CAVOK 23/18 Q1023 NOSIG,M
FALE,2026-09-22 10:00,73.40,66.20,78.23,120.00,5.00,0.00,30.18,M,6.21,M,FEW,BKN,M,M,1400.00,4700.00,M,M,M,M,M,M,M,M,M,73.40,FALE 221000Z 12005KT 070V160 9999 FEW014 BKN047 23/19 Q1022 NOSIG,M
FALE,2026-09-22 12:00,71.60,64.40,78.08,80.00,8.00,0.00,30.15,M,6.21,M,FEW,BKN,M,M,1600.00,3400.00,M,M,M,M,M,M,M,M,M,71.60,FALE 221200Z 08008KT 040V130 9999 FEW016 BKN034 22/18 Q1021 NOSIG,M
FALE,2026-09-22 13:00,73.40,64.40,73.48,70.00,7.00,0.00,30.15,M,6.21,M,FEW,SCT,M,M,1600.00,3200.00,M,M,M,M,M,M,M,M,M,73.40,FALE 221300Z 07007KT 040V120 9999 FEW016 SCT032 23/18 Q1021 NOSIG,M
FALE,2026-09-22 14:00,71.60,64.40,78.08,70.00,7.00,0.00,30.12,M,6.21,M,FEW,M,M,M,1600.00,M,M,M,M,M,M,M,M,M,M,71.60,FALE 221400Z 07007KT 040V110 9999 FEW016 22/18 Q1020 NOSIG,M
