station,valid,tmpf,dwpf,relh,drct,sknt,p01i,alti,mslp,vsby,gust,skyc1,skyc2,skyc3,skyc4,skyl1,skyl2,skyl3,skyl4,wxcodes,ice_accretion_1hr,ice_accretion_3hr,ice_accretion_6hr,peak_wind_gust,peak_wind_drct,peak_wind_time,feel,metar,snowdepth
FABL,2026-06-24 00:00,37.40,37.40,100.00,0.00,0.00,0.00,30.24,M,0.37,M,M,M,M,M,M,M,M,M,,M,M,M,M,M,M,37.40,FABL 240000Z AUTO 00000KT 0600 R02/1100U // ///////// 03/03 Q1024,M
FABL,2026-06-24 01:00,37.40,37.40,100.00,190.00,3.00,0.00,30.24,M,0.31,M,M,M,M,M,M,M,M,M,,M,M,M,M,M,M,34.86,FABL 240100Z AUTO 19003KT 0500 R02/0600U // ///////// 03/03 Q1024,M
FABL,2026-06-24 02:00,37.40,35.60,93.13,M,1.00,0.00,30.24,M,0.31,M,M,M,M,M,M,M,M,M,,M,M,M,M,M,M,37.40,FABL 240200Z AUTO VRB01KT 0500 R02/0600N // ///////// 03/02 Q1024,M
FABL,2026-06-24 03:00,37.40,35.60,93.13,250.00,2.00,0.00,30.27,M,0.40,M,M,M,M,M,M,M,M,M,,M,M,M,M,M,M,37.40,FABL 240300Z AUTO 25002KT 0650 R02/0700N // ///////// 03/02 Q1025,M
FABL,2026-06-24 04:00,37.40,37.40,100.00,250.00,3.00,0.00,30.27,M,0.31,M,NSC,M,M,M,M,M,M,M,FG,M,M,M,M,M,M,34.86,FABL 240400Z 25003KT 0500 R02/0650U FG NSC 03/03 Q1025 TEMPO 0300,M
FABL,2026-06-24 05:00,37.40,37.40,100.00,M,1.00,0.00,30.30,M,0.28,M,NSC,M,M,M,M,M,M,M,FG,M,M,M,M,M,M,37.40,FABL 240500Z VRB01KT 0450 R02/0500D FG NSC 03/03 Q1026 TEMPO 0300,M
FABL,2026-06-24 07:00,44.60,42.80,93.35,0.00,0.00,0.00,30.33,M,0.19,M,OVC,M,M,M,500.00,M,M,M,FG,M,M,M,M,M,M,44.60,FABL 240700Z 00000KT 0300 R02/0350N FG OVC005 07/06 Q1027 BECMG 1000,M
FABL,2026-06-24 08:00,50.00,48.20,93.50,60.00,3.00,0.00,30.36,M,4.35,M,SCT,M,M,M,800.00,M,M,M,M,M,M,M,M,M,M,50.00,FABL 240800Z 06003KT 360V090 7000 SCT008 10/09 Q1028 NOSIG,M
FABL,2026-06-24 09:00,59.00,51.80,76.99,30.00,6.00,0.00,30.36,M,6.21,M,FEW,M,M,M,1000.00,M,M,M,M,M,M,M,M,M,M,59.00,FABL 240900Z 03006KT 350V070 9999 FEW010 15/11 Q1028 NOSIG,M
FABL,2026-06-24 10:00,62.60,51.80,67.76,70.00,6.00,0.00,30.33,M,6.21,M,FEW,M,M,M,1000.00,M,M,M,M,M,M,M,M,M,M,62.60,FABL 241000Z 07006KT 020V090 9999 FEW010 17/11 Q1027 NOSIG,M
FABL,2026-06-24 11:00,66.20,50.00,55.91,360.00,7.00,0.00,30.30,M,6.21,M,FEW,M,M,M,1500.00,M,M,M,M,M,M,M,M,M,M,66.20,FABL 241100Z 36007KT 300V050 9999 FEW015 19/10 Q1026 NOSIG,M
FABL,2026-06-24 12:00,68.00,44.60,42.87,320.00,4.00,0.00,30.30,M,6.21,M,FEW,M,M,M,2000.00,M,M,M,M,M,M,M,M,M,M,68.00,FABL 241200Z 32004KT 240V050 9999 FEW020 20/07 Q1026 NOSIG,M
FABL,2026-06-24 13:00,69.80,39.20,32.73,310.00,5.00,0.00,30.30,M,6.21,M,FEW,M,M,M,2000.00,M,M,M,M,M,M,M,M,M,M,69.80,FABL 241300Z 31005KT 260V360 9999 FEW020 21/04 Q1026 NOSIG,M
FABL,2026-06-24 14:00,69.80,41.00,35.11,320.00,4.00,0.00,30.27,M,6.21,M,M,M,M,M,M,M,M,M,M,M,M,M,M,M,M,69.80,FABL 241400Z 32004KT 260V020 CAVOK 21/05 Q1025 NOSIG,M
FABL,2026-06-24 15:00,66.20,42.80,42.59,30.00,4.00,0.00,30.30,M,6.21,M,M,M,M,M,M,M,M,M,M,M,M,M,M,M,M,66.20,FABL 241500Z 03004KT CAVOK 19/06 Q1026 NOSIG,M
FABL,2026-06-24 16:00,59.00,42.80,54.86,M,2.00,0.00,30.30,M,6.21,M,M,M,M,M,M,M,M,M,M,M,M,M,M,M,M,59.00,FABL 241600Z VRB02KT CAVOK 15/06 Q1026 NOSIG,M
FABL,2026-06-24 17:00,51.80,42.80,71.26,0.00,0.00,0.00,30.33,M,6.21,M,M,M,M,M,M,M,M,M,M,M,M,M,M,M,M,51.80,FABL 241700Z 00000KT CAVOK 11/06 Q1027 NOSIG,M
FABL,2026-06-24 18:00,48.20,41.00,76.01,0.00,0.00,0.00,30.33,M,6.21,M,M,M,M,M,M,M,M,M,M,M,M,M,M,M,M,48.20,FABL 241800Z 00000KT CAVOK 09/05 Q1027 NOSIG,M
FABL,2026-06-24 19:00,46.40,42.80,87.18,M,1.00,0.00,30.36,M,6.21,M,M,M,M,M,M,M,M,M,,M,M,M,M,M,M,46.40,FABL 241900Z AUTO VRB01KT 9999 // ///////// 08/06 Q1028,M
FABL,2026-06-24 20:00,44.60,41.00,87.08,0.00,0.00,0.00,30.36,M,6.21,M,M,M,M,M,M,M,M,M,,M,M,M,M,M,M,44.60,FABL 242000Z AUTO 00000KT 9999 // ///////// 07/05 Q1028,M
FABL,2026-06-24 21:00,42.80,41.00,93.29,50.00,1.00,0.00,30.36,M,6.21,M,M,M,M,M,M,M,M,M,,M,M,M,M,M,M,42.80,FABL 242100Z AUTO 05001KT 9999 // ///////// 06/05 Q1028,M
FABL,2026-06-24 22:00,42.80,39.20,86.99,280.00,1.00,0.00,30.36,M,6.21,M,M,M,M,M,M,M,M,M,,M,M,M,M,M,M,42.80,FABL 242200Z AUTO 28001KT 9999 // ///////// 06/04 Q1028,M
FABL,2026-06-24 23:00,41.00,39.20,93.24,220.00,2.00,0.00,30.36,M,6.21,M,M,M,M,M,M,M,M,M,,M,M,M,M,M,M,41.00,FABL 242300Z AUTO 22002KT 9999 // ///////// 05/04 Q1028,M
FABL,2026-06-25 00:00,41.00,39.20,93.24,190.00,3.00,0.00,30.36,M,6.21,M,M,M,M,M,M,M,M,M,,M,M,M,M,M,M,38.98,FABL 250000Z AUTO 19003KT 9999 // ///////// 05/04 Q1028,M
FABL,2026-06-25 01:00,39.20,37.40,93.19,210.00,2.00,0.00,30.39,M,6.21,M,M,M,M,M,M,M,M,M,,M,M,M,M,M,M,39.20,FABL 250100Z AUTO 21002KT 9999 // ///////// 04/03 Q1029,M
FABL,2026-06-25 02:00,39.20,37.40,93.19,M,2.00,0.00,30.39,M,6.21,M,M,M,M,M,M,M,M,M,,M,M,M,M,M,M,39.20,FABL 250200Z AUTO VRB02KT 9999 // ///////// 04/03 Q1029,M
FABL,2026-06-25 03:00,42.80,39.20,86.99,180.00,4.00,0.00,30.39,M,6.21,M,M,M,M,M,M,M,M,M,M,M,M,M,M,M,M,40.03,FABL 250300Z 18004KT 110V200 CAVOK 06/04 Q1029 NOSIG,M
FABL,2026-06-25 04:00,41.00,39.20,93.24,M,2.00,0.00,30.39,M,6.21,M,M,M,M,M,M,M,M,M,M,M,M,M,M,M,M,41.00,FABL 250400Z VRB02KT CAVOK 05/04 Q1029 NOSIG,M
FABL,2026-06-25 05:00,37.40,35.60,93.13,0.00,0.00,0.00,30.42,M,6.21,M,M,M,M,M,M,M,M,M,M,M,M,M,M,M,M,37.40,FABL 250500Z 00000KT CAVOK 03/02 Q1030 NOSIG,M
FABL,2026-06-25 06:00,42.80,39.20,86.99,0.00,0.00,0.00,30.45,M,6.21,M,M,M,M,M,M,M,M,M,M,M,M,M,M,M,M,42.80,FABL 250600Z 00000KT CAVOK 06/04 Q1031 NOSIG,M
FABL,2026-06-25 07:00,51.80,44.60,76.34,60.00,4.00,0.00,30.45,M,6.21,M,M,M,M,M,M,M,M,M,M,M,M,M,M,M,M,51.80,FABL 250700Z 06004KT CAVOK 11/07 Q1031 NOSIG,M
FABL,2026-06-25 08:00,57.20,46.40,67.13,50.00,5.00,0.00,30.45,M,6.21,M,M,M,M,M,M,M,M,M,M,M,M,M,M,M,M,57.20,FABL 250800Z 05005KT 010V110 CAVOK 14/08 Q1031 NOSIG,M
FABL,2026-06-25 09:00,64.40,46.40,52.00,50.00,9.00,0.00,30.45,M,6.21,M,M,M,M,M,M,M,M,M,M,M,M,M,M,M,M,64.40,FABL 250900Z 05009KT CAVOK 18/08 Q1031 NOSIG,M
FABL,2026-06-25 10:00,69.80,42.80,37.63,40.00,10.00,0.00,30.42,M,6.21,M,M,M,M,M,M,M,M,M,M,M,M,M,M,M,M,69.80,FABL 251000Z 04010KT 010V070 CAVOK 21/06 Q1030 NOSIG,M
FABL,2026-06-25 11:00,69.80,42.80,37.63,10.00,9.00,0.00,30.39,M,6.21,M,M,M,M,M,M,M,M,M,M,M,M,M,M,M,M,69.80,FABL 251100Z 01009KT CAVOK 21/06 Q1029 NOSIG,M
FABL,2026-06-25 12:00,71.60,44.60,37.92,360.00,7.00,0.00,30.39,M,6.21,M,FEW,M,M,M,2500.00,M,M,M,M,M,M,M,M,M,M,71.60,FABL 251200Z 36007KT 330V030 9999 FEW025 22/07 Q1029 NOSIG,M
FABL,2026-06-25 13:00,71.60,42.80,35.40,330.00,7.00,0.00,30.36,M,6.21,M,FEW,M,M,M,3000.00,M,M,M,M,M,M,M,M,M,M,71.60,FABL 251300Z 33007KT 9999 FEW030 22/06 Q1028 NOSIG,M
FABL,2026-06-25 14:00,71.60,41.00,33.02,350.00,6.00,0.00,30.39,M,6.21,M,FEW,M,M,M,3000.00,M,M,M,M,M,M,M,M,M,M,71.60,FABL 251400Z 35006KT 330V040 9999 FEW030 22/05 Q1029 NOSIG,M
FABL,2026-06-25 15:00,66.20,41.00,39.73,30.00,5.00,0.00,30.39,M,6.21,M,M,M,M,M,M,M,M,M,M,M,M,M,M,M,M,66.20,COR FABL 251500Z 03005KT CAVOK 19/05 Q1029 NOSIG,M
FABL,2026-06-25 16:00,55.40,42.80,62.46,310.00,2.00,0.00,30.39,M,6.21,M,M,M,M,M,M,M,M,M,M,M,M,M,M,M,M,55.40,FABL 251600Z 31002KT CAVOK 13/06 Q1029 NOSIG,M
FABL,2026-06-25 17:00,51.80,42.80,71.26,M,1.00,0.00,30.42,M,6.21,M,M,M,M,M,M,M,M,M,M,M,M,M,M,M,M,51.80,FABL 251700Z VRB01KT CAVOK 11/06 Q1030 NOSIG,M
FABL,2026-06-25 18:00,48.20,41.00,76.01,0.00,0.00,0.00,30.42,M,6.21,M,M,M,M,M,M,M,M,M,M,M,M,M,M,M,M,48.20,FABL 251800Z 00000KT CAVOK 09/05 Q1030 NOSIG,M
FABL,2026-06-25 19:00,46.40,41.00,81.33,170.00,2.00,0.00,30.45,M,6.21,M,M,M,M,M,M,M,M,M,,M,M,M,M,M,M,46.40,FABL 251900Z AUTO 17002KT 9999 // ///////// 08/05 Q1031,M
FABL,2026-06-25 20:00,44.60,41.00,87.08,220.00,3.00,0.00,30.45,M,5.59,M,M,M,M,M,M,M,M,M,,M,M,M,M,M,M,43.09,FABL 252000Z AUTO 22003KT 9000 // ///////// 07/05 Q1031,M
FABL,2026-06-25 21:00,42.80,39.20,86.99,240.00,2.00,0.00,30.45,M,6.21,M,M,M,M,M,M,M,M,M,,M,M,M,M,M,M,42.80,FABL 252100Z AUTO 24002KT 9999 // ///////// 06/04 Q1031,M
FABL,2026-06-25 22:00,41.00,39.20,93.24,260.00,2.00,0.00,30.45,M,5.59,M,M,M,M,M,M,M,M,M,,M,M,M,M,M,M,41.00,FABL 252200Z AUTO 26002KT 9000 // ///////// 05/04 Q1031,M
FABL,2026-06-25 23:00,41.00,37.40,86.89,0.00,0.00,0.00,30.45,M,5.59,M,M,M,M,M,M,M,M,M,,M,M,M,M,M,M,41.00,FABL 252300Z AUTO 00000KT 9000 // ///////// 05/03 Q1031,M
FABL,2026-06-26 00:00,42.80,37.40,81.06,M,2.00,0.00,30.45,M,6.21,M,M,M,M,M,M,M,M,M,,M,M,M,M,M,M,42.80,FABL 260000Z AUTO VRB02KT 9999 // ///////// 06/03 Q1031,M
FABL,2026-06-26 01:00,39.20,37.40,93.19,130.00,3.00,0.00,30.45,M,3.73,M,M,M,M,M,M,M,M,M,,M,M,M,M,M,M,36.92,FABL 260100Z AUTO 13003KT 6000 // ///////// 04/03 Q1031,M
FABL,2026-06-26 02:00,37.40,35.60,93.13,M,1.00,0.00,30.45,M,5.59,M,M,M,M,M,M,M,M,M,,M,M,M,M,M,M,37.40,FABL 260200Z AUTO VRB01KT 9000 // ///////// 03/02 Q1031,M
FABL,2026-06-26 03:00,35.60,33.80,93.08,230.00,2.00,0.00,30.45,M,6.21,M,M,M,M,M,M,M,M,M,M,M,M,M,M,M,M,35.60,FABL 260300Z 23002KT CAVOK 02/01 Q1031 NOSIG,M
FABL,2026-06-26 04:00,35.60,33.80,93.08,270.00,1.00,0.00,30.45,M,6.21,M,M,M,M,M,M,M,M,M,M,M,M,M,M,M,M,35.60,FABL 260400Z 27001KT CAVOK 02/01 Q1031 NOSIG,M
FABL,2026-06-26 05:00,35.60,33.80,93.08,270.00,2.00,0.00,30.47,M,5.59,M,NSC,M,M,M,M,M,M,M,M,M,M,M,M,M,M,35.60,FABL 260500Z 27002KT 9000 NSC 02/01 Q1032 NOSIG,M
FABL,2026-06-26 06:00,39.20,35.60,86.79,M,1.00,0.00,30.50,M,6.21,M,M,M,M,M,M,M,M,M,M,M,M,M,M,M,M,39.20,FABL 260600Z VRB01KT CAVOK 04/02 Q1033 NOSIG,M
FABL,2026-06-26 07:00,46.40,41.00,81.33,M,1.00,0.00,30.50,M,6.21,M,M,M,M,M,M,M,M,M,M,M,M,M,M,M,M,46.40,FABL 260700Z VRB01KT CAVOK 08/05 Q1033 NOSIG,M
FABL,2026-06-26 08:00,55.40,42.80,62.46,40.00,4.00,0.00,30.50,M,6.21,M,M,M,M,M,M,M,M,M,M,M,M,M,M,M,M,55.40,FABL 260800Z 04004KT CAVOK 13/06 Q1033 NOSIG,M
FABL,2026-06-26 09:00,60.80,42.80,51.46,M,2.00,0.00,30.50,M,6.21,M,M,M,M,M,M,M,M,M,M,M,M,M,M,M,M,60.80,FABL 260900Z VRB02KT CAVOK 16/06 Q1033 NOSIG,M
FABL,2026-06-26 10:00,66.20,42.80,42.59,360.00,4.00,0.00,30.47,M,6.21,M,M,M,M,M,M,M,M,M,M,M,M,M,M,M,M,66.20,FABL 261000Z 36004KT 280V060 CAVOK 19/06 Q1032 NOSIG,M
FABL,2026-06-26 11:00,68.00,42.80,40.02,360.00,4.00,0.00,30.45,M,6.21,M,M,M,M,M,M,M,M,M,M,M,M,M,M,M,M,68.00,FABL 261100Z 36004KT 270V050 CAVOK 20/06 Q1031 NOSIG,M
FABL,2026-06-26 12:00,68.00,41.00,37.34,M,4.00,0.00,30.42,M,6.21,M,M,M,M,M,M,M,M,M,M,M,M,M,M,M,M,68.00,FABL 261200Z VRB04KT CAVOK 20/05 Q1030 NOSIG,M
FABL,2026-06-26 13:00,68.00,39.20,34.81,70.00,3.00,0.00,30.39,M,6.21,M,M,M,M,M,M,M,M,M,M,M,M,M,M,M,M,68.00,FABL 261300Z 07003KT 020V130 CAVOK 20/04 Q1029 NOSIG,M
FABL,2026-06-26 14:00,69.80,39.20,32.73,M,2.00,0.00,30.39,M,6.21,M,M,M,M,M,M,M,M,M,M,M,M,M,M,M,M,69.80,FABL 261400Z VRB02KT CAVOK 21/04 Q1029 NOSIG,M
FABL,2026-06-26 15:00,66.20,39.20,37.04,50.00,2.00,0.00,30.39,M,6.21,M,M,M,M,M,M,M,M,M,M,M,M,M,M,M,M,66.20,FABL 261500Z 05002KT CAVOK 19/04 Q1029 NOSIG,M
FABL,2026-06-26 16:00,55.40,41.00,58.27,0.00,0.00,0.00,30.39,M,6.21,M,M,M,M,M,M,M,M,M,M,M,M,M,M,M,M,55.40,FABL 261600Z 00000KT CAVOK 13/05 Q1029 NOSIG,M
FABL,2026-06-26 17:00,51.80,41.00,66.48,340.00,1.00,0.00,30.39,M,6.21,M,M,M,M,M,M,M,M,M,M,M,M,M,M,M,M,51.80,FABL 261700Z 34001KT CAVOK 11/05 Q1029 NOSIG,M
FABL,2026-06-26 18:00,48.20,39.20,70.87,320.00,4.00,0.00,30.39,M,6.21,M,M,M,M,M,M,M,M,M,M,M,M,M,M,M,M,46.34,FABL 261800Z 32004KT CAVOK 09/04 Q1029 NOSIG,M
FABL,2026-06-26 19:00,46.40,41.00,81.33,M,1.00,0.00,30.39,M,6.21,M,M,M,M,M,M,M,M,M,,M,M,M,M,M,M,46.40,FABL 261900Z AUTO VRB01KT 9999 // ///////// 08/05 Q1029,M
FABL,2026-06-26 20:00,44.60,39.20,81.20,170.00,3.00,0.00,30.39,M,6.21,M,M,M,M,M,M,M,M,M,,M,M,M,M,M,M,43.09,FABL 262000Z AUTO 17003KT 9999 // ///////// 07/04 Q1029,M
FABL,2026-06-26 21:00,41.00,39.20,93.24,220.00,3.00,0.00,30.39,M,3.04,M,M,M,M,M,M,M,M,M,,M,M,M,M,M,M,38.98,FABL 262100Z AUTO 22003KT 4900 // ///////// 05/04 Q1029,M
FABL,2026-06-26 22:00,39.20,35.60,86.79,360.00,3.00,0.00,30.39,M,4.35,M,M,M,M,M,M,M,M,M,,M,M,M,M,M,M,36.92,FABL 262200Z AUTO 36003KT 330V030 7000 // ///////// 04/02 Q1029,M
FABL,2026-06-26 23:00,37.40,35.60,93.13,M,2.00,0.00,30.39,M,3.11,M,M,M,M,M,M,M,M,M,,M,M,M,M,M,M,37.40,FABL 262300Z AUTO VRB02KT 5000 // ///////// 03/02 Q1029,M
FABL,2026-06-27 00:00,37.40,35.60,93.13,220.00,3.00,0.00,30.39,M,3.11,M,M,M,M,M,M,M,M,M,,M,M,M,M,M,M,34.86,FABL 270000Z AUTO 22003KT 5000 // ///////// 03/02 Q1029,M
FABL,2026-06-27 01:00,37.40,33.80,86.69,0.00,0.00,0.00,30.39,M,2.67,M,M,M,M,M,M,M,M,M,,M,M,M,M,M,M,37.40,FABL 270100Z AUTO 00000KT 4300 // ///////// 03/01 Q1029,M
FABL,2026-06-27 02:00,35.60,33.80,93.08,260.00,2.00,0.00,30.39,M,3.11,M,M,M,M,M,M,M,M,M,,M,M,M,M,M,M,35.60,FABL 270200Z AUTO 26002KT 5000 // ///////// 02/01 Q1029,M
FABL,2026-06-27 03:00,33.80,33.80,100.00,280.00,1.00,0.00,30.36,M,4.97,M,NSC,M,M,M,M,M,M,M,M,M,M,M,M,M,M,33.80,FABL 270300Z 28001KT 8000 NSC 01/01 Q1028 NOSIG,M
FABL,2026-06-27 04:00,35.60,33.80,93.08,M,2.00,0.00,30.39,M,3.73,M,NSC,M,M,M,M,M,M,M,M,M,M,M,M,M,M,35.60,FABL 270400Z VRB02KT 6000 NSC 02/01 Q1029 NOSIG,M
FABL,2026-06-27 05:00,33.80,32.00,93.02,280.00,3.00,0.00,30.39,M,3.11,M,NSC,M,M,M,M,M,M,M,BR,M,M,M,M,M,M,30.75,FABL 270500Z 28003KT 5000 BR NSC 01/00 Q1029 NOSIG,M
FABL,2026-06-27 06:00,35.60,33.80,93.08,270.00,2.00,0.00,30.39,M,2.17,M,NSC,M,M,M,M,M,M,M,MIFG,M,M,M,M,M,M,35.60,FABL 270600Z 27002KT 3500 MIFG NSC 02/01 Q1029 TEMPO 5000 BR,M
FABL,2026-06-27 07:00,44.60,37.40,75.67,M,2.00,0.00,30.39,M,4.97,M,NSC,M,M,M,M,M,M,M,M,M,M,M,M,M,M,44.60,FABL 270700Z VRB02KT 8000 NSC 07/03 Q1029 NOSIG,M
FABL,2026-06-27 08:00,51.80,41.00,66.48,50.00,3.00,0.00,30.39,M,6.21,M,M,M,M,M,M,M,M,M,M,M,M,M,M,M,M,51.80,FABL 270800Z 05003KT 330V080 CAVOK 11/05 Q1029 NOSIG,M
FABL,2026-06-27 09:00,57.20,42.80,58.52,30.00,4.00,0.00,30.36,M,6.21,M,M,M,M,M,M,M,M,M,M,M,M,M,M,M,M,57.20,FABL 270900Z 03004KT 330V070 CAVOK 14/06 Q1028 NOSIG,M
FABL,2026-06-27 10:00,62.60,42.80,48.29,320.00,9.00,0.00,30.33,M,6.21,M,FEW,M,M,M,3000.00,M,M,M,M,M,M,M,M,M,M,62.60,FABL 271000Z 32009KT 290V360 9999 FEW030 17/06 Q1027 NOSIG,M
FABL,2026-06-27 11:00,64.40,41.00,42.30,340.00,9.00,0.00,30.30,M,6.21,M,SCT,M,M,M,3000.00,M,M,M,M,M,M,M,M,M,M,64.40,FABL 271100Z 34009KT 300V030 9999 SCT030 18/05 Q1026 NOSIG,M
FABL,2026-06-27 12:00,64.40,39.20,39.44,340.00,11.00,0.00,30.27,M,6.21,M,FEW,M,M,M,3000.00,M,M,M,M,M,M,M,M,M,M,64.40,FABL 271200Z 34011KT 310V020 9999 FEW030 18/04 Q1025 NOSIG,M
FABL,2026-06-27 13:00,64.40,35.60,34.23,350.00,12.00,0.00,30.24,M,6.21,M,FEW,M,M,M,3000.00,M,M,M,M,M,M,M,M,M,M,64.40,FABL 271300Z 35012KT 310V010 9999 FEW030 18/02 Q1024 NOSIG,M
FABL,2026-06-27 14:00,64.40,35.60,34.23,330.00,9.00,0.00,30.24,M,6.21,M,FEW,M,M,M,3000.00,M,M,M,M,M,M,M,M,M,M,64.40,FABL 271400Z 33009KT 300V360 9999 FEW030 18/02 Q1024 NOSIG,M
FABL,2026-06-27 15:00,57.20,37.40,47.44,350.00,6.00,0.00,30.24,M,6.21,M,M,M,M,M,M,M,M,M,M,M,M,M,M,M,M,57.20,FABL 271500Z 35006KT CAVOK 14/03 Q1024 NOSIG,M
FABL,2026-06-27 16:00,55.40,37.40,50.63,360.00,5.00,0.00,30.24,M,6.21,M,M,M,M,M,M,M,M,M,M,M,M,M,M,M,M,55.40,FABL 271600Z 36005KT CAVOK 13/03 Q1024 NOSIG,M
FABL,2026-06-27 17:00,53.60,39.20,58.02,M,1.00,0.00,30.27,M,6.21,M,M,M,M,M,M,M,M,M,M,M,M,M,M,M,M,53.60,FABL 271700Z VRB01KT CAVOK 12/04 Q1025 NOSIG,M
FABL,2026-06-27 18:00,55.40,41.00,58.27,M,1.00,0.00,30.27,M,6.21,M,M,M,M,M,M,M,M,M,M,M,M,M,M,M,M,55.40,FABL 271800Z VRB01KT CAVOK 13/05 Q1025 NOSIG,M
FABL,2026-06-27 19:00,53.60,41.00,62.22,60.00,3.00,0.00,30.27,M,6.21,M,M,M,M,M,M,M,M,M,,M,M,M,M,M,M,53.60,FABL 271900Z AUTO 06003KT 9999 // ///////// 12/05 Q1025,M
FABL,2026-06-27 20:00,51.80,41.00,66.48,M,1.00,0.00,30.27,M,6.21,M,M,M,M,M,M,M,M,M,,M,M,M,M,M,M,51.80,FABL 272000Z AUTO VRB01KT 9999 // ///////// 11/05 Q1025,M
FABL,2026-06-27 21:00,50.00,41.00,71.06,M,1.00,0.00,30.27,M,6.21,M,M,M,M,M,M,M,M,M,,M,M,M,M,M,M,50.00,FABL 272100Z AUTO VRB01KT 9999 // ///////// 10/05 Q1025,M
FABL,2026-06-27 22:00,46.40,41.00,81.33,0.00,0.00,0.00,30.27,M,6.21,M,M,M,M,M,M,M,M,M,,M,M,M,M,M,M,46.40,FABL 272200Z AUTO 00000KT 9999 // ///////// 08/05 Q1025,M
FABL,2026-06-27 23:00,42.80,39.20,86.99,M,1.00,0.00,30.27,M,6.21,M,M,M,M,M,M,M,M,M,,M,M,M,M,M,M,42.80,FABL 272300Z AUTO VRB01KT 9999 // ///////// 06/04 Q1025,M
FABL,2026-06-28 00:00,41.00,37.40,86.89,20.00,2.00,0.00,30.24,M,6.21,M,M,M,M,M,M,M,M,M,,M,M,M,M,M,M,41.00,FABL 280000Z AUTO 02002KT 9999 // ///////// 05/03 Q1024,M
FABL,2026-06-28 01:00,41.00,37.40,86.89,0.00,0.00,0.00,30.24,M,6.21,M,M,M,M,M,M,M,M,M,,M,M,M,M,M,M,41.00,FABL 280100Z AUTO 00000KT 9999 // ///////// 05/03 Q1024,M
FABL,2026-06-28 02:00,42.80,39.20,86.99,M,2.00,0.00,30.24,M,6.21,M,M,M,M,M,M,M,M,M,,M,M,M,M,M,M,42.80,FABL 280200Z AUTO VRB02KT 9999 // ///////// 06/04 Q1024,M
FABL,2026-06-28 03:00,41.00,39.20,93.24,190.00,2.00,0.00,30.24,M,6.21,M,M,M,M,M,M,M,M,M,M,M,M,M,M,M,M,41.00,FABL 280300Z 19002KT CAVOK 05/04 Q1024 NOSIG,M
FABL,2026-06-28 04:00,42.80,37.40,81.06,150.00,3.00,0.00,30.24,M,6.21,M,M,M,M,M,M,M,M,M,M,M,M,M,M,M,M,41.03,FABL 280400Z 15003KT CAVOK 06/03 Q1024 NOSIG,M
FABL,2026-06-28 05:00,39.20,37.40,93.19,60.00,3.00,0.00,30.24,M,6.21,M,M,M,M,M,M,M,M,M,M,M,M,M,M,M,M,36.92,FABL 280500Z 06003KT CAVOK 04/03 Q1024 NOSIG,M
FABL,2026-06-28 06:00,41.00,37.40,86.89,M,2.00,0.00,30.24,M,6.21,M,M,M,M,M,M,M,M,M,M,M,M,M,M,M,M,41.00,FABL 280600Z VRB02KT CAVOK 05/03 Q1024 NOSIG,M
FABL,2026-06-28 07:00,48.20,41.00,76.01,60.00,3.00,0.00,30.27,M,6.21,M,M,M,M,M,M,M,M,M,M,M,M,M,M,M,M,47.21,FABL 280700Z 06003KT 040V110 CAVOK 09/05 Q1025 NOSIG,M
FABL,2026-06-28 08:00,53.60,41.00,62.22,20.00,4.00,0.00,30.27,M,6.21,M,M,M,M,M,M,M,M,M,M,M,M,M,M,M,M,53.60,COR FABL 280800Z 02004KT 320V050 CAVOK 12/05 Q1025 NOSIG,M
FABL,2026-06-28 09:00,59.00,42.80,54.86,30.00,5.00,0.00,30.24,M,6.21,M,M,M,M,M,M,M,M,M,M,M,M,M,M,M,M,59.00,FABL 280900Z 03005KT 350V070 CAVOK 15/06 Q1024 NOSIG,M
FABL,2026-06-28 10:00,64.40,41.00,42.30,350.00,8.00,0.00,30.21,M,6.21,M,M,M,M,M,M,M,M,M,M,M,M,M,M,M,M,64.40,FABL 281000Z 35008KT 290V030 CAVOK 18/05 Q1023 NOSIG,M
FABL,2026-06-28 11:00,66.20,41.00,39.73,340.00,9.00,0.00,30.18,M,6.21,M,M,M,M,M,M,M,M,M,M,M,M,M,M,M,M,66.20,FABL 281100Z 34009KT 290V020 CAVOK 19/05 Q1022 NOSIG,M
FABL,2026-06-28 12:00,66.20,41.00,39.73,320.00,10.00,0.00,30.15,M,6.21,M,FEW,M,M,M,4000.00,M,M,M,M,M,M,M,M,M,M,66.20,FABL 281200Z 32010KT 280V340 9999 FEW040 19/05 Q1021 NOSIG,M
FABL,2026-06-28 13:00,68.00,41.00,37.34,310.00,9.00,0.00,30.15,M,6.21,M,FEW,M,M,M,3500.00,M,M,M,M,M,M,M,M,M,M,68.00,FABL 281300Z 31009KT 280V340 9999 FEW035 20/05 Q1021 NOSIG,M
FABL,2026-06-28 14:00,66.20,39.20,37.04,320.00,8.00,0.00,30.12,M,6.21,M,FEW,M,M,M,3500.00,M,M,M,M,M,M,M,M,M,M,66.20,FABL 281400Z 32008KT 290V360 9999 FEW035 19/04 Q1020 NOSIG,M
FABL,2026-06-28 15:00,64.40,41.00,42.30,330.00,5.00,0.00,30.15,M,6.21,M,M,M,M,M,M,M,M,M,M,M,M,M,M,M,M,64.40,FABL 281500Z 33005KT CAVOK 18/05 Q1021 NOSIG,M
FABL,2026-06-28 16:00,60.80,41.00,48.01,30.00,3.00,0.00,30.15,M,6.21,M,M,M,M,M,M,M,M,M,M,M,M,M,M,M,M,60.80,COR FABL 281600Z 03003KT 360V060 CAVOK 16/05 Q1021 NOSIG,M
FABL,2026-06-28 17:00,57.20,42.80,58.52,300.00,1.00,0.00,30.15,M,6.21,M,M,M,M,M,M,M,M,M,M,M,M,M,M,M,M,57.20,FABL 281700Z 30001KT CAVOK 14/06 Q1021 NOSIG,M
FABL,2026-06-28 18:00,53.60,41.00,62.22,M,1.00,0.00,30.15,M,6.21,M,M,M,M,M,M,M,M,M,M,M,M,M,M,M,M,53.60,FABL 281800Z VRB01KT CAVOK 12/05 Q1021 NOSIG,M
FABL,2026-06-28 19:00,48.20,41.00,76.01,330.00,2.00,0.00,30.15,M,6.21,M,M,M,M,M,M,M,M,M,,M,M,M,M,M,M,48.20,FABL 281900Z AUTO 33002KT 9999 // ///////// 09/05 Q1021,M
FABL,2026-06-28 20:00,51.80,41.00,66.48,M,1.00,0.00,30.15,M,6.21,M,M,M,M,M,M,M,M,M,,M,M,M,M,M,M,51.80,FABL 282000Z AUTO VRB01KT 9999 // ///////// 11/05 Q1021,M
FABL,2026-06-28 21:00,51.80,41.00,66.48,330.00,2.00,0.00,30.18,M,6.21,M,M,M,M,M,M,M,M,M,,M,M,M,M,M,M,51.80,FABL 282100Z AUTO 33002KT 9999 // ///////// 11/05 Q1022,M
FABL,2026-06-28 22:00,50.00,41.00,71.06,50.00,3.00,0.00,30.18,M,6.21,M,M,M,M,M,M,M,M,M,,M,M,M,M,M,M,50.00,FABL 282200Z AUTO 05003KT 9999 // ///////// 10/05 Q1022,M
FABL,2026-06-28 23:00,46.40,39.20,75.84,80.00,2.00,0.00,30.15,M,6.21,M,M,M,M,M,M,M,M,M,,M,M,M,M,M,M,46.40,FABL 282300Z AUTO 08002KT 9999 // ///////// 08/04 Q1021,M
FABL,2026-06-29 00:00,42.80,39.20,86.99,M,1.00,0.00,30.15,M,6.21,M,M,M,M,M,M,M,M,M,,M,M,M,M,M,M,42.80,FABL 290000Z AUTO VRB01KT 9999 // ///////// 06/04 Q1021,M
FABL,2026-06-29 01:00,46.40,41.00,81.33,M,2.00,0.00,30.15,M,6.21,M,M,M,M,M,M,M,M,M,,M,M,M,M,M,M,46.40,FABL 290100Z AUTO VRB02KT 9999 // ///////// 08/05 Q1021,M
FABL,2026-06-29 02:00,44.60,41.00,87.08,330.00,5.00,0.00,30.15,M,6.21,M,M,M,M,M,M,M,M,M,,M,M,M,M,M,M,41.36,FABL 290200Z AUTO 33005KT 9999 // ///////// 07/05 Q1021,M
FABL,2026-06-29 03:00,41.00,39.20,93.24,350.00,2.00,0.00,30.15,M,6.21,M,M,M,M,M,M,M,M,M,,M,M,M,M,M,M,41.00,FABL 290300Z AUTO 35002KT 9999 // ///////// 05/04 Q1021,M
FABL,2026-06-29 04:00,44.60,41.00,87.08,M,2.00,0.00,30.15,M,6.21,M,M,M,M,M,M,M,M,M,M,M,M,M,M,M,M,44.60,FABL 290400Z VRB02KT CAVOK 07/05 Q1021 NOSIG,M
FABL,2026-06-29 05:00,41.00,39.20,93.24,M,2.00,0.00,30.18,M,6.21,M,M,M,M,M,M,M,M,M,M,M,M,M,M,M,M,41.00,FABL 290500Z VRB02KT CAVOK 05/04 Q1022 NOSIG,M
FABL,2026-06-29 06:00,42.80,41.00,93.29,130.00,2.00,0.00,30.21,M,6.21,M,M,M,M,M,M,M,M,M,M,M,M,M,M,M,M,42.80,FABL 290600Z 13002KT CAVOK 06/05 Q1023 NOSIG,M
FABL,2026-06-29 07:00,48.20,42.80,81.47,110.00,3.00,0.00,30.21,M,6.21,M,M,M,M,M,M,M,M,M,M,M,M,M,M,M,M,47.21,FABL 290700Z 11003KT CAVOK 09/06 Q1023 NOSIG,M
FABL,2026-06-29 08:00,55.40,46.40,71.65,340.00,5.00,0.00,30.24,M,6.21,M,M,M,M,M,M,M,M,M,M,M,M,M,M,M,M,55.40,FABL 290800Z 34005KT 300V020 CAVOK 13/08 Q1024 NOSIG,M
FABL,2026-06-29 09:00,59.00,46.40,62.93,M,2.00,0.00,30.21,M,6.21,M,FEW,M,M,M,2500.00,M,M,M,M,M,M,M,M,M,M,59.00,FABL 290900Z VRB02KT 9999 FEW025 15/08 Q1023 NOSIG,M
FABL,2026-06-29 10:00,62.60,46.40,55.39,M,3.00,0.00,30.21,M,6.21,M,SCT,M,M,M,2500.00,M,M,M,M,M,M,M,M,M,M,62.60,FABL 291000Z VRB03KT 9999 SCT025 17/08 Q1023 NOSIG,M
FABL,2026-06-29 11:00,62.60,46.40,55.39,290.00,3.00,0.00,30.18,M,6.21,M,SCT,M,M,M,2500.00,M,M,M,M,M,M,M,M,M,M,62.60,COR FABL 291100Z 29003KT 160V320 9999 SCT025 17/08 Q1022 NOSIG,M
FABL,2026-06-29 12:00,64.40,42.80,45.34,260.00,6.00,0.00,30.15,M,6.21,M,SCT,M,M,M,2500.00,M,M,M,M,M,M,M,M,M,M,64.40,FABL 291200Z 26006KT 210V300 9999 SCT025 18/06 Q1021 NOSIG,M
FABL,2026-06-29 13:00,66.20,41.00,39.73,280.00,6.00,0.00,30.15,M,6.21,M,FEW,M,M,M,2500.00,M,M,M,M,M,M,M,M,M,M,66.20,FABL 291300Z 28006KT 240V310 9999 FEW025 19/05 Q1021 NOSIG,M
FABL,2026-06-29 14:00,64.40,42.80,45.34,270.00,6.00,0.00,30.15,M,6.21,M,FEW,M,M,M,2500.00,M,M,M,M,M,M,M,M,M,M,64.40,FABL 291400Z 27006KT 230V310 9999 FEW025 18/06 Q1021,M
FABL,2026-06-29 15:00,62.60,42.80,48.29,260.00,5.00,0.00,30.18,M,6.21,M,M,M,M,M,M,M,M,M,M,M,M,M,M,M,M,62.60,FABL 291500Z 26005KT CAVOK 17/06 Q1022 NOSIG,M
FABL,2026-06-29 16:00,55.40,42.80,62.46,280.00,3.00,0.00,30.18,M,6.21,M,M,M,M,M,M,M,M,M,M,M,M,M,M,M,M,55.40,FABL 291600Z 28003KT CAVOK 13/06 Q1022 NOSIG,M
FABL,2026-06-29 17:00,50.00,42.80,76.17,270.00,3.00,0.00,30.21,M,6.21,M,M,M,M,M,M,M,M,M,M,M,M,M,M,M,M,50.00,FABL 291700Z 27003KT CAVOK 10/06 Q1023 NOSIG,M
FABL,2026-06-29 18:00,46.40,39.20,75.84,270.00,3.00,0.00,30.21,M,6.21,M,M,M,M,M,M,M,M,M,M,M,M,M,M,M,M,45.15,FABL 291800Z 27003KT CAVOK 08/04 Q1023 NOSIG,M
FABL,2026-06-29 19:00,44.60,41.00,87.08,160.00,3.00,0.00,30.24,M,6.21,M,M,M,M,M,M,M,M,M,,M,M,M,M,M,M,43.09,FABL 291900Z AUTO 16003KT 9999 // ///////// 07/05 Q1024,M
FABL,2026-06-29 20:00,44.60,39.20,81.20,200.00,5.00,0.00,30.24,M,6.21,M,M,M,M,M,M,M,M,M,,M,M,M,M,M,M,41.36,FABL 292000Z AUTO 20005KT 9999 // ///////// 07/04 Q1024,M
FABL,2026-06-29 21:00,41.00,37.40,86.89,0.00,0.00,0.00,30.24,M,6.21,M,M,M,M,M,M,M,M,M,,M,M,M,M,M,M,41.00,FABL 292100Z AUTO 00000KT 9999 // ///////// 05/03 Q1024,M
FABL,2026-06-29 22:00,37.40,35.60,93.13,230.00,4.00,0.00,30.24,M,4.97,M,M,M,M,M,M,M,M,M,,M,M,M,M,M,M,33.73,FABL 292200Z AUTO 23004KT 8000 // ///////// 03/02 Q1024,M
FABL,2026-06-29 23:00,37.40,35.60,93.13,240.00,2.00,0.00,30.24,M,5.59,M,M,M,M,M,M,M,M,M,,M,M,M,M,M,M,37.40,FABL 292300Z AUTO 24002KT 9000 // ///////// 03/02 Q1024,M
FABL,2026-06-30 00:00,37.40,33.80,86.69,M,1.00,0.00,30.24,M,5.59,M,M,M,M,M,M,M,M,M,,M,M,M,M,M,M,37.40,FABL 300000Z AUTO VRB01KT 9000 // ///////// 03/01 Q1024,M
FABL,2026-06-30 01:00,35.60,32.00,86.58,240.00,2.00,0.00,30.21,M,4.97,M,M,M,M,M,M,M,M,M,,M,M,M,M,M,M,35.60,FABL 300100Z AUTO 24002KT 8000 // ///////// 02/00 Q1023,M
FABL,2026-06-30 02:00,33.80,32.00,93.02,210.00,1.00,0.00,30.21,M,6.21,M,M,M,M,M,M,M,M,M,,M,M,M,M,M,M,33.80,FABL 300200Z AUTO 21001KT 9999 // ///////// 01/00 Q1023,M
FABL,2026-06-30 03:00,33.80,32.00,93.02,250.00,2.00,0.00,30.21,M,5.59,M,NSC,M,M,M,M,M,M,M,M,M,M,M,M,M,M,33.80,FABL 300300Z 25002KT 9000 NSC 01/00 Q1023 NOSIG,M
FABL,2026-06-30 04:00,33.80,32.00,93.02,220.00,2.00,0.00,30.21,M,6.21,M,M,M,M,M,M,M,M,M,M,M,M,M,M,M,M,33.80,FABL 300400Z 22002KT CAVOK 01/M00 Q1023 NOSIG,M
FABL,2026-06-30 05:00,33.80,32.00,93.02,240.00,3.00,0.00,30.24,M,4.35,M,NSC,M,M,M,M,M,M,M,M,M,M,M,M,M,M,30.75,FABL 300500Z 24003KT 7000 NSC 01/M00 Q1024 NOSIG,M
FABL,2026-06-30 06:00,35.60,33.80,93.08,M,2.00,0.00,30.24,M,5.59,M,NSC,M,M,M,M,M,M,M,M,M,M,M,M,M,M,35.60,FABL 300600Z VRB02KT 9000 NSC 02/01 Q1024 NOSIG,M
FABL,2026-06-30 07:00,44.60,39.20,81.20,M,1.00,0.00,30.24,M,6.21,M,M,M,M,M,M,M,M,M,M,M,M,M,M,M,M,44.60,FABL 300700Z VRB01KT CAVOK 07/04 Q1024 NOSIG,M
FABL,2026-06-30 08:00,51.80,42.80,71.26,30.00,6.00,0.00,30.27,M,6.21,M,M,M,M,M,M,M,M,M,M,M,M,M,M,M,M,51.80,FABL 300800Z 03006KT CAVOK 11/06 Q1025 NOSIG,M
FABL,2026-06-30 09:00,62.60,46.40,55.39,360.00,9.00,0.00,30.24,M,6.21,M,M,M,M,M,M,M,M,M,M,M,M,M,M,M,M,62.60,FABL 300900Z 36009KT CAVOK 17/08 Q1024 NOSIG,M
FABL,2026-06-30 10:00,68.00,44.60,42.87,340.00,13.00,0.00,30.24,M,6.21,M,M,M,M,M,M,M,M,M,M,M,M,M,M,M,M,68.00,FABL 301000Z 34013KT CAVOK 20/07 Q1024 NOSIG,M
FABL,2026-06-30 11:00,69.80,39.20,32.73,330.00,14.00,0.00,30.18,M,6.21,M,M,M,M,M,M,M,M,M,M,M,M,M,M,M,M,69.80,FABL 301100Z 33014KT CAVOK 21/04 Q1022 NOSIG,M
FABL,2026-06-30 12:00,71.60,44.60,37.92,330.00,12.00,0.00,30.15,M,6.21,M,M,M,M,M,M,M,M,M,M,M,M,M,M,M,M,71.60,FABL 301200Z 33012KT CAVOK 22/07 Q1021 NOSIG,M
FABL,2026-06-30 13:00,71.60,41.00,33.02,330.00,12.00,0.00,30.15,M,6.21,M,M,M,M,M,M,M,M,M,M,M,M,M,M,M,M,71.60,FABL 301300Z 33012KT CAVOK 22/05 Q1021 NOSIG,M
FABL,2026-06-30 14:00,71.60,35.60,26.72,310.00,9.00,0.00,30.15,M,6.21,M,FEW,M,M,M,3500.00,M,M,M,M,M,M,M,M,M,M,71.60,FABL 301400Z 31009KT 9999 FEW035 22/02 Q1021 NOSIG,M
FABL,2026-06-30 15:00,69.80,39.20,32.73,300.00,5.00,0.00,30.15,M,6.21,M,M,M,M,M,M,M,M,M,M,M,M,M,M,M,M,69.80,FABL 301500Z 30005KT 270V330 CAVOK 21/04 Q1021 NOSIG,M
FABL,2026-06-30 16:00,59.00,37.40,44.47,290.00,4.00,0.00,30.15,M,6.21,M,M,M,M,M,M,M,M,M,M,M,M,M,M,M,M,59.00,FABL 301600Z 29004KT CAVOK 15/03 Q1021 NOSIG,M
FABL,2026-06-30 17:00,53.60,39.20,58.02,280.00,2.00,0.00,30.15,M,6.21,M,M,M,M,M,M,M,M,M,M,M,M,M,M,M,M,53.60,FABL 301700Z 28002KT CAVOK 12/04 Q1021 NOSIG,M
FABL,2026-06-30 18:00,53.60,39.20,58.02,20.00,4.00,0.00,30.18,M,6.21,M,M,M,M,M,M,M,M,M,M,M,M,M,M,M,M,53.60,FABL 301800Z 02004KT CAVOK 12/04 Q1022 NOSIG,M
FABL,2026-06-30 19:00,50.00,39.20,66.26,M,2.00,0.00,30.18,M,6.21,M,M,M,M,M,M,M,M,M,,M,M,M,M,M,M,50.00,FABL 301900Z AUTO VRB02KT 9999 // ///////// 10/04 Q1022,M
FABL,2026-06-30 20:00,48.20,39.20,70.87,M,3.00,0.00,30.18,M,6.21,M,M,M,M,M,M,M,M,M,,M,M,M,M,M,M,47.21,FABL 302000Z AUTO VRB03KT 9999 // ///////// 09/04 Q1022,M
FABL,2026-06-30 21:00,46.40,39.20,75.84,0.00,0.00,0.00,30.18,M,6.21,M,M,M,M,M,M,M,M,M,,M,M,M,M,M,M,46.40,FABL 302100Z AUTO 00000KT 9999 // ///////// 08/04 Q1022,M
FABL,2026-06-30 22:00,55.40,42.80,62.46,360.00,7.00,0.00,30.18,M,6.21,M,M,M,M,M,M,M,M,M,,M,M,M,M,M,M,55.40,FABL 302200Z AUTO 36007KT 9999 // ///////// 13/06 Q1022,M
FABL,2026-06-30 23:00,53.60,41.00,62.22,360.00,9.00,0.00,30.18,M,6.21,M,M,M,M,M,M,M,M,M,,M,M,M,M,M,M,53.60,FABL 302300Z AUTO 36009KT 9999 // ///////// 12/05 Q1022,M
FABL,2026-07-01 00:00,51.80,41.00,66.48,10.00,8.00,0.00,30.15,M,6.21,M,M,M,M,M,M,M,M,M,,M,M,M,M,M,M,51.80,FABL 010000Z AUTO 01008KT 9999 // ///////// 11/05 Q1021,M
FABL,2026-07-01 01:00,51.80,41.00,66.48,360.00,10.00,0.00,30.15,M,6.21,M,M,M,M,M,M,M,M,M,,M,M,M,M,M,M,51.80,FABL 010100Z AUTO 36010KT 9999 // ///////// 11/05 Q1021,M
FABL,2026-07-01 02:00,51.80,41.00,66.48,340.00,6.00,0.00,30.12,M,6.21,M,M,M,M,M,M,M,M,M,,M,M,M,M,M,M,51.80,FABL 010200Z AUTO 34006KT 9999 // ///////// 11/05 Q1020,M
FABL,2026-07-01 03:00,51.80,41.00,66.48,10.00,5.00,0.00,30.12,M,6.21,M,M,M,M,M,M,M,M,M,,M,M,M,M,M,M,51.80,FABL 010300Z AUTO 01005KT 9999 // ///////// 11/05 Q1020,M
FABL,2026-07-01 04:00,48.20,39.20,70.87,70.00,3.00,0.00,30.12,M,6.21,M,M,M,M,M,M,M,M,M,,M,M,M,M,M,M,47.21,FABL 010400Z AUTO 07003KT 9999 // ///////// 09/04 Q1020,M
FABL,2026-07-01 05:00,48.20,39.20,70.87,20.00,5.00,0.00,30.15,M,6.21,M,FEW,M,M,M,3000.00,M,M,M,M,M,M,M,M,M,M,45.63,FABL 010500Z 02005KT 9999 FEW030 09/04 Q1021 NOSIG,M
FABL,2026-07-01 06:00,50.00,41.00,71.06,20.00,5.00,0.00,30.12,M,6.21,M,M,M,M,M,M,M,M,M,M,M,M,M,M,M,M,50.00,FABL 010600Z 02005KT CAVOK 10/05 Q1020 NOSIG,M
FABL,2026-07-01 07:00,59.00,44.60,58.78,10.00,11.00,0.00,30.15,M,6.21,M,FEW,M,M,M,4000.00,M,M,M,M,M,M,M,M,M,M,59.00,FABL 010700Z 01011KT 9999 FEW040 15/07 Q1021 NOSIG,M
FABL,2026-07-01 08:00,60.80,46.40,59.02,350.00,16.00,0.00,30.12,M,6.21,M,M,M,M,M,M,M,M,M,M,M,M,M,M,M,M,60.80,FABL 010800Z 35016KT CAVOK 16/08 Q1020 NOSIG,M
FABL,2026-07-01 09:00,64.40,46.40,52.00,350.00,19.00,0.00,30.12,M,6.21,M,M,M,M,M,M,M,M,M,M,M,M,M,M,M,M,64.40,FABL 010900Z 35019KT CAVOK 18/08 Q1020 NOSIG,M
FABL,2026-07-01 10:00,68.00,46.40,45.91,330.00,16.00,0.00,30.09,M,6.21,M,M,M,M,M,M,M,M,M,M,M,M,M,M,M,M,68.00,FABL 011000Z 33016KT CAVOK 20/08 Q1019 NOSIG,M
FABL,2026-07-01 11:00,71.60,46.40,40.60,340.00,14.00,0.00,30.06,M,6.21,M,FEW,M,M,M,2500.00,M,M,M,M,M,M,M,M,M,M,71.60,FABL 011100Z 34014KT 310V010 9999 FEW025 22/08 Q1018 NOSIG,M
FABL,2026-07-01 12:00,71.60,46.40,40.60,330.00,15.00,0.00,30.03,M,6.21,M,SCT,M,M,M,3000.00,M,M,M,M,M,M,M,M,M,M,71.60,FABL 011200Z 33015KT 9999 SCT030 22/08 Q1017 NOSIG,M
FABL,2026-07-01 13:00,69.80,44.60,40.31,330.00,16.00,0.00,30.00,M,6.21,M,SCT,M,M,M,3000.00,M,M,M,M,M,M,M,M,M,M,69.80,FABL 011300Z 33016KT 9999 SCT030 21/07 Q1016 NOSIG,M
FABL,2026-07-01 14:00,68.00,44.60,42.87,320.00,12.00,0.00,30.00,M,6.21,M,M,M,M,M,M,M,M,M,M,M,M,M,M,M,M,68.00,FABL 011400Z 32012KT CAVOK 20/07 Q1016 NOSIG,M
FABL,2026-07-01 15:00,66.20,44.60,45.62,340.00,10.00,0.00,30.00,M,6.21,M,M,M,M,M,M,M,M,M,M,M,M,M,M,M,M,66.20,FABL 011500Z 34010KT CAVOK 19/07 Q1016 NOSIG,M
FABL,2026-07-01 16:00,60.80,44.60,55.13,350.00,9.00,0.00,29.97,M,6.21,M,M,M,M,M,M,M,M,M,M,M,M,M,M,M,M,60.80,FABL 011600Z 35009KT CAVOK 16/07 Q1015 NOSIG,M
FABL,2026-07-01 17:00,57.20,44.60,62.70,360.00,8.00,0.00,29.97,M,6.21,M,M,M,M,M,M,M,M,M,M,M,M,M,M,M,M,57.20,FABL 011700Z 36008KT CAVOK 14/07 Q1015 NOSIG,M
FABL,2026-07-01 18:00,60.80,44.60,55.13,350.00,12.00,0.00,29.97,M,6.21,M,M,M,M,M,M,M,M,M,M,M,M,M,M,M,M,60.80,FABL 011800Z 35012KT CAVOK 16/07 Q1015 NOSIG,M
FABL,2026-07-01 19:00,59.00,42.80,54.86,350.00,12.00,0.00,29.97,M,6.21,M,M,M,M,M,M,M,M,M,,M,M,M,M,M,M,59.00,FABL 011900Z AUTO 35012KT 9999 // ///////// 15/06 Q1015,M
FABL,2026-07-01 20:00,59.00,44.60,58.78,360.00,14.00,0.00,29.97,M,6.21,M,M,M,M,M,M,M,M,M,,M,M,M,M,M,M,59.00,FABL 012000Z AUTO 36014KT 9999 // ///////// 15/07 Q1015,M
FABL,2026-07-01 21:00,53.60,50.00,87.56,270.00,13.00,0.00,30.00,M,6.21,M,M,M,M,M,M,M,M,M,,M,M,M,M,M,M,53.60,FABL 012100Z AUTO 27013KT 9999 // ///////// 12/10 Q1016,M
FABL,2026-07-01 22:00,53.60,50.00,87.56,280.00,6.00,0.00,30.00,M,6.21,M,M,M,M,M,M,M,M,M,,M,M,M,M,M,M,53.60,FABL 012200Z AUTO 28006KT 9999 // ///////// 12/10 Q1016,M
FABL,2026-07-01 23:00,48.20,44.60,87.28,240.00,17.00,0.00,30.03,M,4.97,M,M,M,M,M,M,M,M,M,,M,M,M,M,M,M,41.30,FABL 012300Z AUTO 24017KT 8000 // ///////// 09/07 Q1017,M
FABL,2026-07-02 00:00,46.40,44.60,93.40,240.00,7.00,0.00,30.03,M,6.21,M,M,M,M,M,M,M,M,M,,M,M,M,M,M,M,42.33,FABL 020000Z AUTO 24007KT 220V280 9999 // ///////// 08/07 Q1017,M
FABL,2026-07-02 01:00,46.40,44.60,93.40,M,1.00,0.00,30.00,M,6.21,M,M,M,M,M,M,M,M,M,,M,M,M,M,M,M,46.40,FABL 020100Z AUTO VRB01KT 9999 // ///////// 08/07 Q1016,M
FABL,2026-07-02 02:00,46.40,42.80,87.18,270.00,8.00,0.00,30.03,M,6.21,M,M,M,M,M,M,M,M,M,,M,M,M,M,M,M,41.85,FABL 020200Z AUTO 27008KT 240V300 9999 // ///////// 08/06 Q1017,M
FABL,2026-07-02 03:00,42.80,35.60,75.49,260.00,13.00,0.00,30.06,M,6.21,M,SCT,M,M,M,2000.00,M,M,M,M,M,M,M,M,M,M,35.40,FABL 020300Z 26013KT 9999 SCT020 06/02 Q1018 NOSIG,M
FABL,2026-07-02 04:00,41.00,35.60,80.92,280.00,10.00,0.00,30.09,M,6.21,M,SCT,M,M,M,2000.00,M,M,M,M,M,M,M,M,M,M,34.25,FABL 020400Z 28010KT 9999 SCT020 05/02 Q1019 NOSIG,M
FABL,2026-07-02 05:00,39.20,33.80,80.78,260.00,13.00,0.00,30.12,M,6.21,M,BKN,M,M,M,1500.00,M,M,M,M,M,M,M,M,M,M,30.79,FABL 020500Z 26013KT 9999 BKN015 04/01 Q1020 NOSIG,M
FABL,2026-07-02 06:00,37.40,33.80,86.69,240.00,13.00,0.00,30.15,M,6.21,M,BKN,M,M,M,1000.00,M,M,M,M,M,M,M,M,M,M,28.49,FABL 020600Z 24013KT 9999 BKN010 03/01 Q1021 BECMG BKN015,M
FABL,2026-07-02 07:00,41.00,33.80,75.32,250.00,8.00,0.00,30.18,M,6.21,M,SCT,M,M,M,1000.00,M,M,M,M,M,M,M,M,M,M,35.20,FABL 020700Z 25008KT 220V280 9999 SCT010 05/01 Q1022 NOSIG,M
FABL,2026-07-02 08:00,41.00,33.80,75.32,230.00,10.00,0.00,30.21,M,6.21,M,BKN,M,M,M,1500.00,M,M,M,M,M,M,M,M,M,M,34.25,FABL 020800Z 23010KT 9999 BKN015 05/01 Q1023 NOSIG,M
FABL,2026-07-02 09:00,39.20,33.80,80.78,240.00,8.00,0.00,30.21,M,6.21,M,BKN,M,M,M,1500.00,M,M,M,M,M,M,M,M,M,M,32.98,FABL 020900Z 24008KT 210V280 9999 BKN015 04/01 Q1023 NOSIG,M
FABL,2026-07-02 10:00,39.20,33.80,80.78,260.00,6.00,0.00,30.24,M,6.21,M,BKN,M,M,M,1500.00,M,M,M,M,M,M,M,M,M,M,34.20,FABL 021000Z 26006KT 9999 BKN015 04/01 Q1024 NOSIG,M
FABL,2026-07-02 11:00,42.80,33.80,70.27,240.00,7.00,0.00,30.21,M,6.21,M,BKN,M,M,M,1500.00,M,M,M,M,M,M,M,M,M,M,37.94,FABL 021100Z 24007KT 200V270 9999 BKN015 06/01 Q1023 NOSIG,M
FABL,2026-07-02 12:00,44.60,32.00,61.01,250.00,8.00,0.00,30.21,M,6.21,M,BKN,M,M,M,1500.00,M,M,M,M,M,M,M,M,M,M,39.63,FABL 021200Z 25008KT 190V300 9999 BKN015 07/00 Q1023 NOSIG,M
FABL,2026-07-02 13:00,46.40,30.20,52.98,250.00,7.00,0.00,30.18,M,6.21,M,BKN,M,M,M,2000.00,M,M,M,M,M,M,M,M,M,M,42.33,FABL 021300Z 25007KT 200V290 9999 BKN020 08/M01 Q1022 NOSIG,M
FABL,2026-07-02 14:00,48.20,30.20,49.51,230.00,9.00,0.00,30.21,M,6.21,M,SCT,M,M,M,3000.00,M,M,M,M,M,M,M,M,M,M,43.66,FABL 021400Z 23009KT 200V270 9999 SCT030 09/M01 Q1023 NOSIG,M
FABL,2026-07-02 15:00,46.40,30.20,52.98,270.00,7.00,0.00,30.21,M,6.21,M,M,M,M,M,M,M,M,M,M,M,M,M,M,M,M,42.33,FABL 021500Z 27007KT CAVOK 08/M01 Q1023 NOSIG,M
FABL,2026-07-02 16:00,42.80,32.00,65.36,290.00,5.00,0.00,30.24,M,6.21,M,M,M,M,M,M,M,M,M,M,M,M,M,M,M,M,39.22,FABL 021600Z 29005KT CAVOK 06/M00 Q1024 NOSIG,M
FABL,2026-07-02 17:00,37.40,30.20,74.97,300.00,2.00,0.00,30.27,M,6.21,M,M,M,M,M,M,M,M,M,M,M,M,M,M,M,M,37.40,FABL 021700Z 30002KT CAVOK 03/M01 Q1025 NOSIG,M
FABL,2026-07-02 18:00,37.40,30.20,74.97,M,2.00,0.00,30.30,M,6.21,M,M,M,M,M,M,M,M,M,M,M,M,M,M,M,M,37.40,FABL 021800Z VRB02KT CAVOK 03/M01 Q1026 NOSIG,M
FABL,2026-07-02 19:00,35.60,32.00,86.58,M,2.00,0.00,30.30,M,6.21,M,M,M,M,M,M,M,M,M,,M,M,M,M,M,M,35.60,FABL 021900Z AUTO VRB02KT 9999 // ///////// 02/M00 Q1026,M
FABL,2026-07-02 20:00,33.80,30.20,86.48,30.00,2.00,0.00,30.30,M,6.21,M,M,M,M,M,M,M,M,M,,M,M,M,M,M,M,33.80,FABL 022000Z AUTO 03002KT 9999 // ///////// 01/M01 Q1026,M
FABL,2026-07-02 21:00,30.20,28.40,92.91,0.00,0.00,0.00,30.33,M,6.21,M,M,M,M,M,M,M,M,M,,M,M,M,M,M,M,30.20,FABL 022100Z AUTO 00000KT 9999 // ///////// M01/M02 Q1027,M
FABL,2026-07-02 22:00,30.20,28.40,92.91,M,1.00,0.00,30.33,M,6.21,M,M,M,M,M,M,M,M,M,,M,M,M,M,M,M,30.20,FABL 022200Z AUTO VRB01KT 9999 // ///////// M01/M02 Q1027,M
FABL,2026-07-02 23:00,28.40,26.60,92.85,190.00,4.00,0.00,30.33,M,6.21,M,M,M,M,M,M,M,M,M,,M,M,M,M,M,M,23.22,FABL 022300Z AUTO 19004KT 9999 // ///////// M02/M03 Q1027,M
FABL,2026-07-03 00:00,28.40,26.60,92.85,M,2.00,0.00,30.33,M,6.21,M,M,M,M,M,M,M,M,M,,M,M,M,M,M,M,28.40,FABL 030000Z AUTO VRB02KT 9999 // ///////// M02/M03 Q1027,M
FABL,2026-07-03 01:00,26.60,24.80,92.80,M,1.00,0.00,30.33,M,6.21,M,M,M,M,M,M,M,M,M,,M,M,M,M,M,M,26.60,FABL 030100Z AUTO VRB01KT 9999 // ///////// M03/M04 Q1027,M
FABL,2026-07-03 02:00,24.80,23.00,92.74,M,2.00,0.00,30.36,M,6.21,M,M,M,M,M,M,M,M,M,,M,M,M,M,M,M,24.80,FABL 030200Z AUTO VRB02KT 9999 // ///////// M04/M05 Q1028,M
FABL,2026-07-03 03:00,26.60,23.00,86.06,M,1.00,0.00,30.36,M,6.21,M,FEW,M,M,M,1000.00,M,M,M,M,M,M,M,M,M,M,26.60,FABL 030300Z VRB01KT 9999 FEW010 M03/M05 Q1028 NOSIG,M
FABL,2026-07-03 04:00,24.80,23.00,92.74,210.00,2.00,0.00,30.36,M,6.21,M,M,M,M,M,M,M,M,M,M,M,M,M,M,M,M,24.80,FABL 030400Z 21002KT CAVOK M04/M05 Q1028 NOSIG,M
FABL,2026-07-03 05:00,24.80,23.00,92.74,M,1.00,0.00,30.36,M,6.21,M,M,M,M,M,M,M,M,M,M,M,M,M,M,M,M,24.80,FABL 030500Z VRB01KT CAVOK M04/M05 Q1028 NOSIG,M
FABL,2026-07-03 06:00,26.60,24.80,92.80,M,1.00,0.00,30.36,M,6.21,M,M,M,M,M,M,M,M,M,M,M,M,M,M,M,M,26.60,FABL 030600Z VRB01KT CAVOK M03/M04 Q1028 NOSIG,M
FABL,2026-07-03 07:00,33.80,30.20,86.48,0.00,0.00,0.00,30.36,M,6.21,M,M,M,M,M,M,M,M,M,M,M,M,M,M,M,M,33.80,FABL 030700Z 00000KT CAVOK 01/M01 Q1028 NOSIG,M
FABL,2026-07-03 08:00,41.00,33.80,75.32,100.00,3.00,0.00,30.36,M,6.21,M,M,M,M,M,M,M,M,M,M,M,M,M,M,M,M,38.98,FABL 030800Z 10003KT 050V170 CAVOK 05/01 Q1028 NOSIG,M
FABL,2026-07-03 09:00,46.40,32.00,56.99,130.00,6.00,0.00,30.36,M,6.21,M,M,M,M,M,M,M,M,M,M,M,M,M,M,M,M,42.87,FABL 030900Z 13006KT 090V150 CAVOK 08/00 Q1028 NOSIG,M
FABL,2026-07-03 10:00,51.80,30.20,43.30,M,3.00,0.00,30.33,M,6.21,M,M,M,M,M,M,M,M,M,M,M,M,M,M,M,M,51.80,FABL 031000Z VRB03KT CAVOK 11/M01 Q1027 NOSIG,M
FABL,2026-07-03 11:00,53.60,26.60,34.97,M,2.00,0.00,30.30,M,6.21,M,M,M,M,M,M,M,M,M,M,M,M,M,M,M,M,53.60,FABL 031100Z VRB02KT CAVOK 12/M03 Q1026 NOSIG,M
FABL,2026-07-03 12:00,55.40,23.00,28.18,M,2.00,0.00,30.27,M,6.21,M,M,M,M,M,M,M,M,M,M,M,M,M,M,M,M,55.40,FABL 031200Z VRB02KT CAVOK 13/M05 Q1025 NOSIG,M
FABL,2026-07-03 13:00,57.20,23.00,26.40,M,3.00,0.00,30.27,M,6.21,M,M,M,M,M,M,M,M,M,M,M,M,M,M,M,M,57.20,FABL 031300Z VRB03KT CAVOK 14/M05 Q1025 NOSIG,M
FABL,2026-07-03 14:00,57.20,23.00,26.40,270.00,3.00,0.00,30.27,M,6.21,M,M,M,M,M,M,M,M,M,M,M,M,M,M,M,M,57.20,FABL 031400Z 27003KT 210V010 CAVOK 14/M05 Q1025 NOSIG,M
FABL,2026-07-03 15:00,55.40,26.60,32.75,310.00,4.00,0.00,30.27,M,6.21,M,M,M,M,M,M,M,M,M,M,M,M,M,M,M,M,55.40,FABL 031500Z 31004KT CAVOK 13/M03 Q1025 NOSIG,M
FABL,2026-07-03 16:00,50.00,26.60,39.93,300.00,5.00,0.00,30.27,M,6.21,M,M,M,M,M,M,M,M,M,M,M,M,M,M,M,M,50.00,FABL 031600Z 30005KT CAVOK 10/M03 Q1025 NOSIG,M
FABL,2026-07-03 17:00,44.60,28.40,52.70,250.00,5.00,0.00,30.30,M,6.21,M,M,M,M,M,M,M,M,M,M,M,M,M,M,M,M,41.36,FABL 031700Z 25005KT CAVOK 07/M02 Q1026 NOSIG,M
FABL,2026-07-03 18:00,37.40,30.20,74.97,230.00,4.00,0.00,30.30,M,6.21,M,M,M,M,M,M,M,M,M,M,M,M,M,M,M,M,33.73,FABL 031800Z 23004KT CAVOK 03/M01 Q1026 NOSIG,M
FABL,2026-07-03 19:00,37.40,30.20,74.97,180.00,2.00,0.00,30.33,M,6.21,M,M,M,M,M,M,M,M,M,,M,M,M,M,M,M,37.40,FABL 031900Z AUTO 18002KT 9999 // ///////// 03/M01 Q1027,M
FABL,2026-07-03 20:00,33.80,28.40,80.35,0.00,0.00,0.00,30.30,M,6.21,M,M,M,M,M,M,M,M,M,,M,M,M,M,M,M,33.80,FABL 032000Z AUTO 00000KT 9999 // ///////// 01/M02 Q1026,M
FABL,2026-07-03 21:00,32.00,28.40,86.38,140.00,1.00,0.00,30.33,M,6.21,M,M,M,M,M,M,M,M,M,,M,M,M,M,M,M,32.00,FABL 032100Z AUTO 14001KT 9999 // ///////// M00/M02 Q1027,M
FABL,2026-07-03 22:00,30.20,26.60,86.27,M,1.00,0.00,30.30,M,6.21,M,M,M,M,M,M,M,M,M,,M,M,M,M,M,M,30.20,FABL 032200Z AUTO VRB01KT 9999 // ///////// M01/M03 Q1026,M
FABL,2026-07-03 23:00,28.40,26.60,92.85,270.00,3.00,0.00,30.30,M,6.21,M,M,M,M,M,M,M,M,M,,M,M,M,M,M,M,24.57,FABL 032300Z AUTO 27003KT 9999 // ///////// M02/M03 Q1026,M
FABL,2026-07-04 00:00,28.40,26.60,92.85,M,1.00,0.00,30.30,M,6.21,M,M,M,M,M,M,M,M,M,,M,M,M,M,M,M,28.40,FABL 040000Z AUTO VRB01KT 9999 // ///////// M02/M03 Q1026,M
FABL,2026-07-04 01:00,26.60,24.80,92.80,220.00,2.00,0.00,30.30,M,6.21,M,M,M,M,M,M,M,M,M,,M,M,M,M,M,M,26.60,FABL 040100Z AUTO 22002KT 9999 // ///////// M03/M04 Q1026,M
FABL,2026-07-04 02:00,26.60,24.80,92.80,220.00,2.00,0.00,30.30,M,4.97,M,M,M,M,M,M,M,M,M,,M,M,M,M,M,M,26.60,FABL 040200Z AUTO 22002KT 8000 // ///////// M03/M04 Q1026,M
FABL,2026-07-04 03:00,26.60,24.80,92.80,0.00,0.00,0.00,30.30,M,6.21,M,M,M,M,M,M,M,M,M,M,M,M,M,M,M,M,26.60,FABL 040300Z 00000KT CAVOK M03/M04 Q1026 NOSIG,M
FABL,2026-07-04 04:00,24.80,23.00,92.74,0.00,0.00,0.00,30.30,M,6.21,M,M,M,M,M,M,M,M,M,M,M,M,M,M,M,M,24.80,FABL 040400Z 00000KT CAVOK M04/M05 Q1026 NOSIG,M
FABL,2026-07-04 05:00,24.80,23.00,92.74,210.00,2.00,0.00,30.33,M,6.21,M,M,M,M,M,M,M,M,M,M,M,M,M,M,M,M,24.80,FABL 040500Z 21002KT CAVOK M04/M05 Q1027 NOSIG,M
FABL,2026-07-04 06:00,26.60,24.80,92.80,0.00,0.00,0.00,30.33,M,6.21,M,M,M,M,M,M,M,M,M,M,M,M,M,M,M,M,26.60,FABL 040600Z 00000KT CAVOK M03/M04 Q1027 NOSIG,M
FABL,2026-07-04 07:00,37.40,30.20,74.97,0.00,0.00,0.00,30.33,M,6.21,M,M,M,M,M,M,M,M,M,M,M,M,M,M,M,M,37.40,FABL 040700Z 00000KT CAVOK 03/M01 Q1027 NOSIG,M
FABL,2026-07-04 08:00,44.60,32.00,61.01,M,1.00,0.00,30.36,M,6.21,M,M,M,M,M,M,M,M,M,M,M,M,M,M,M,M,44.60,FABL 040800Z VRB01KT CAVOK 07/M00 Q1028 NOSIG,M
FABL,2026-07-04 09:00,51.80,30.20,43.30,M,3.00,0.00,30.33,M,6.21,M,M,M,M,M,M,M,M,M,M,M,M,M,M,M,M,51.80,FABL 040900Z VRB03KT CAVOK 11/M01 Q1027 NOSIG,M
FABL,2026-07-04 10:00,55.40,26.60,32.75,M,3.00,0.00,30.33,M,6.21,M,M,M,M,M,M,M,M,M,M,M,M,M,M,M,M,55.40,FABL 041000Z VRB03KT CAVOK 13/M03 Q1027 NOSIG,M
FABL,2026-07-04 11:00,59.00,21.20,22.94,320.00,7.00,0.00,30.30,M,6.21,M,M,M,M,M,M,M,M,M,M,M,M,M,M,M,M,59.00,FABL 041100Z 32007KT 270V350 CAVOK 15/M06 Q1026 NOSIG,M
FABL,2026-07-04 12:00,59.00,23.00,24.75,320.00,8.00,0.00,30.30,M,6.21,M,M,M,M,M,M,M,M,M,M,M,M,M,M,M,M,59.00,FABL 041200Z 32008KT 270V350 CAVOK 15/M05 Q1026 NOSIG,M
FABL,2026-07-04 13:00,59.00,23.00,24.75,280.00,5.00,0.00,30.27,M,6.21,M,M,M,M,M,M,M,M,M,M,M,M,M,M,M,M,59.00,FABL 041300Z 28005KT 260V330 CAVOK 15/M05 Q1025 NOSIG,M
FABL,2026-07-04 14:00,59.00,21.20,22.94,300.00,5.00,0.00,30.30,M,6.21,M,M,M,M,M,M,M,M,M,M,M,M,M,M,M,M,59.00,FABL 041400Z 30005KT 270V350 CAVOK 15/M06 Q1026 NOSIG,M
FABL,2026-07-04 15:00,57.20,24.80,28.47,250.00,4.00,0.00,30.30,M,6.21,M,M,M,M,M,M,M,M,M,M,M,M,M,M,M,M,57.20,FABL 041500Z 25004KT CAVOK 14/M04 Q1026 NOSIG,M
FABL,2026-07-04 16:00,50.00,26.60,39.93,M,2.00,0.00,30.30,M,6.21,M,M,M,M,M,M,M,M,M,M,M,M,M,M,M,M,50.00,FABL 041600Z VRB02KT CAVOK 10/M03 Q1026 NOSIG,M
FABL,2026-07-04 17:00,42.80,28.40,56.46,230.00,2.00,0.00,30.30,M,6.21,M,M,M,M,M,M,M,M,M,M,M,M,M,M,M,M,42.80,FABL 041700Z 23002KT CAVOK 06/M02 Q1026 NOSIG,M
FABL,2026-07-04 18:00,39.20,30.20,69.86,200.00,3.00,0.00,30.33,M,6.21,M,M,M,M,M,M,M,M,M,M,M,M,M,M,M,M,36.92,FABL 041800Z 20003KT CAVOK 04/M01 Q1027 NOSIG,M
FABL,2026-07-04 19:00,35.60,28.40,74.79,220.00,2.00,0.00,30.33,M,6.21,M,M,M,M,M,M,M,M,M,,M,M,M,M,M,M,35.60,FABL 041900Z AUTO 22002KT 9999 // ///////// 02/M02 Q1027,M
FABL,2026-07-04 20:00,33.80,28.40,80.35,0.00,0.00,0.00,30.33,M,6.21,M,M,M,M,M,M,M,M,M,,M,M,M,M,M,M,33.80,FABL 042000Z AUTO 00000KT 9999 // ///////// 01/M02 Q1027,M
FABL,2026-07-04 21:00,32.00,28.40,86.38,200.00,2.00,0.00,30.33,M,4.97,M,M,M,M,M,M,M,M,M,,M,M,M,M,M,M,32.00,FABL 042100Z AUTO 20002KT 8000 // ///////// M00/M02 Q1027,M
FABL,2026-07-04 22:00,30.20,28.40,92.91,180.00,2.00,0.00,30.33,M,4.35,M,M,M,M,M,M,M,M,M,,M,M,M,M,M,M,30.20,FABL 042200Z AUTO 18002KT 7000 // ///////// M01/M02 Q1027,M
FABL,2026-07-04 23:00,28.40,26.60,92.85,270.00,3.00,0.00,30.33,M,3.73,M,M,M,M,M,M,M,M,M,,M,M,M,M,M,M,24.57,FABL 042300Z AUTO 27003KT 220V290 6000 // ///////// M02/M03 Q1027,M
FABL,2026-07-05 00:00,28.40,26.60,92.85,M,2.00,0.00,30.33,M,2.80,M,M,M,M,M,M,M,M,M,,M,M,M,M,M,M,28.40,FABL 050000Z AUTO VRB02KT 4500 // ///////// M02/M03 Q1027,M
FABL,2026-07-05 01:00,28.40,24.80,86.16,260.00,2.00,0.00,30.33,M,2.17,M,M,M,M,M,M,M,M,M,,M,M,M,M,M,M,28.40,FABL 050100Z AUTO 26002KT 3500 // ///////// M02/M04 Q1027,M
FABL,2026-07-05 02:00,26.60,24.80,92.80,240.00,3.00,0.00,30.33,M,1.24,M,M,M,M,M,M,M,M,M,,M,M,M,M,M,M,22.52,FABL 050200Z AUTO 24003KT 180V280 2000 // ///////// M03/M04 Q1027,M
FABL,2026-07-05 03:00,26.60,23.00,86.06,M,1.00,0.00,30.33,M,6.21,M,M,M,M,M,M,M,M,M,M,M,M,M,M,M,M,26.60,FABL 050300Z VRB01KT CAVOK M03/M05 Q1027 NOSIG,M
FABL,2026-07-05 04:00,26.60,23.00,86.06,220.00,1.00,0.00,30.36,M,3.11,M,NSC,M,M,M,M,M,M,M,BR,M,M,M,M,M,M,26.60,FABL 050400Z 22001KT 5000 BR NSC M03/M05 Q1028 NOSIG,M
FABL,2026-07-05 05:00,24.80,21.20,85.95,0.00,0.00,0.00,30.36,M,6.21,M,M,M,M,M,M,M,M,M,M,M,M,M,M,M,M,24.80,FABL 050500Z 00000KT CAVOK M04/M06 Q1028 NOSIG,M
FABL,2026-07-05 06:00,30.20,26.60,86.27,220.00,1.00,0.00,30.39,M,3.11,M,NSC,M,M,M,M,M,M,M,BR,M,M,M,M,M,M,30.20,FABL 050600Z 22001KT 5000 BR NSC M01/M03 Q1029 BECMG CAVOK,M
FABL,2026-07-05 07:00,41.00,28.40,60.52,0.00,0.00,0.00,30.39,M,6.21,M,M,M,M,M,M,M,M,M,M,M,M,M,M,M,M,41.00,FABL 050700Z 00000KT CAVOK 05/M02 Q1029 NOSIG,M
FABL,2026-07-05 08:00,46.40,32.00,56.99,30.00,3.00,0.00,30.39,M,6.21,M,M,M,M,M,M,M,M,M,M,M,M,M,M,M,M,45.15,FABL 050800Z 03003KT 300V070 CAVOK 08/00 Q1029 NOSIG,M
FABL,2026-07-05 09:00,53.60,32.00,43.60,40.00,3.00,0.00,30.39,M,6.21,M,M,M,M,M,M,M,M,M,M,M,M,M,M,M,M,53.60,FABL 050900Z 04003KT 340V090 CAVOK 12/M00 Q1029 NOSIG,M
FABL,2026-07-05 10:00,60.80,26.60,26.98,10.00,5.00,0.00,30.36,M,6.21,M,M,M,M,M,M,M,M,M,M,M,M,M,M,M,M,60.80,FABL 051000Z 01005KT 330V060 CAVOK 16/M03 Q1028 NOSIG,M
FABL,2026-07-05 11:00,64.40,26.60,23.77,M,4.00,0.00,30.36,M,6.21,M,M,M,M,M,M,M,M,M,M,M,M,M,M,M,M,64.40,FABL 051100Z VRB04KT CAVOK 18/M03 Q1028 NOSIG,M
FABL,2026-07-05 12:00,66.20,24.80,20.72,270.00,4.00,0.00,30.33,M,6.21,M,M,M,M,M,M,M,M,M,M,M,M,M,M,M,M,66.20,FABL 051200Z 27004KT 200V330 CAVOK 19/M04 Q1027 NOSIG,M
FABL,2026-07-05 16:00,57.20,28.40,33.04,300.00,2.00,0.00,30.33,M,6.21,M,M,M,M,M,M,M,M,M,M,M,M,M,M,M,M,57.20,FABL 051600Z 30002KT CAVOK 14/M02 Q1027 NOSIG,M
FABL,2026-07-05 17:00,48.20,30.20,49.51,0.00,0.00,0.00,30.36,M,6.21,M,M,M,M,M,M,M,M,M,M,M,M,M,M,M,M,48.20,FABL 051700Z 00000KT CAVOK 09/M01 Q1028 NOSIG,M
FABL,2026-07-05 18:00,42.80,32.00,65.36,150.00,2.00,0.00,30.36,M,6.21,M,M,M,M,M,M,M,M,M,M,M,M,M,M,M,M,42.80,FABL 051800Z 15002KT CAVOK 06/M00 Q1028 NOSIG,M
FABL,2026-07-06 04:00,30.20,26.60,86.27,290.00,2.00,0.00,30.42,M,6.21,M,M,M,M,M,M,M,M,M,M,M,M,M,M,M,M,30.20,FABL 060400Z 29002KT CAVOK M01/M03 Q1030 NOSIG,M
FABL,2026-07-06 05:00,30.20,26.60,86.27,0.00,0.00,0.00,30.45,M,6.21,M,M,M,M,M,M,M,M,M,M,M,M,M,M,M,M,30.20,FABL 060500Z 00000KT CAVOK M01/M03 Q1031 NOSIG,M
FABL,2026-07-06 06:00,32.00,28.40,86.38,M,2.00,0.00,30.47,M,6.21,M,M,M,M,M,M,M,M,M,M,M,M,M,M,M,M,32.00,FABL 060600Z VRB02KT CAVOK M00/M02 Q1032 NOSIG,M
FABL,2026-07-06 07:00,42.80,32.00,65.36,M,2.00,0.00,30.47,M,6.21,M,M,M,M,M,M,M,M,M,M,M,M,M,M,M,M,42.80,FABL 060700Z VRB02KT CAVOK 06/M00 Q1032 NOSIG,M
FABL,2026-07-06 08:00,51.80,33.80,50.07,M,2.00,0.00,30.50,M,6.21,M,M,M,M,M,M,M,M,M,M,M,M,M,M,M,M,51.80,FABL 060800Z VRB02KT CAVOK 11/01 Q1033 NOSIG,M
FABL,2026-07-06 09:00,59.00,32.00,35.86,30.00,5.00,0.00,30.47,M,6.21,M,M,M,M,M,M,M,M,M,M,M,M,M,M,M,M,59.00,FABL 060900Z 03005KT 350V080 CAVOK 15/M00 Q1032 NOSIG,M
FABL,2026-07-06 10:00,64.40,30.20,27.55,10.00,7.00,0.00,30.47,M,6.21,M,M,M,M,M,M,M,M,M,M,M,M,M,M,M,M,64.40,FABL 061000Z 01007KT 330V030 CAVOK 18/M01 Q1032 NOSIG,M
FABL,2026-07-06 11:00,69.80,30.20,22.87,350.00,8.00,0.00,30.45,M,6.21,M,M,M,M,M,M,M,M,M,M,M,M,M,M,M,M,69.80,FABL 061100Z 35008KT 310V030 CAVOK 21/M01 Q1031 NOSIG,M
FABL,2026-07-06 12:00,71.60,30.20,21.51,320.00,7.00,0.00,30.42,M,6.21,M,M,M,M,M,M,M,M,M,M,M,M,M,M,M,M,71.60,FABL 061200Z 32007KT 300V360 CAVOK 22/M01 Q1030 NOSIG,M
FABL,2026-07-06 13:00,71.60,26.60,18.56,340.00,6.00,0.00,30.42,M,6.21,M,M,M,M,M,M,M,M,M,M,M,M,M,M,M,M,71.60,FABL 061300Z 34006KT 300V360 CAVOK 22/M03 Q1030 NOSIG,M
FABL,2026-07-06 14:00,71.60,28.40,19.98,360.00,6.00,0.00,30.42,M,6.21,M,M,M,M,M,M,M,M,M,M,M,M,M,M,M,M,71.60,FABL 061400Z 36006KT 320V030 CAVOK 22/M02 Q1030 NOSIG,M
FABL,2026-07-06 15:00,66.20,30.20,25.88,10.00,5.00,0.00,30.42,M,6.21,M,M,M,M,M,M,M,M,M,M,M,M,M,M,M,M,66.20,FABL 061500Z 01005KT CAVOK 19/M01 Q1030 NOSIG,M
FABL,2026-07-06 16:00,57.20,32.00,38.25,M,2.00,0.00,30.45,M,6.21,M,M,M,M,M,M,M,M,M,M,M,M,M,M,M,M,57.20,FABL 061600Z VRB02KT CAVOK 14/M00 Q1031 NOSIG,M
FABL,2026-07-06 17:00,51.80,33.80,50.07,M,2.00,0.00,30.45,M,6.21,M,M,M,M,M,M,M,M,M,M,M,M,M,M,M,M,51.80,FABL 061700Z VRB02KT CAVOK 11/01 Q1031 NOSIG,M
FABL,2026-07-06 18:00,48.20,33.80,57.25,310.00,3.00,0.00,30.45,M,6.21,M,M,M,M,M,M,M,M,M,M,M,M,M,M,M,M,47.21,FABL 061800Z 31003KT CAVOK 09/01 Q1031 NOSIG,M
FABL,2026-07-06 19:00,42.80,33.80,70.27,0.00,0.00,0.00,30.47,M,6.21,M,M,M,M,M,M,M,M,M,,M,M,M,M,M,M,42.80,FABL 061900Z AUTO 00000KT 9999 // ///////// 06/01 Q1032,M
FABL,2026-07-06 20:00,41.00,33.80,75.32,170.00,3.00,0.00,30.47,M,6.21,M,M,M,M,M,M,M,M,M,,M,M,M,M,M,M,38.98,FABL 062000Z AUTO 17003KT 9999 // ///////// 05/01 Q1032,M
FABL,2026-07-06 21:00,39.20,32.00,75.14,180.00,2.00,0.00,30.47,M,6.21,M,M,M,M,M,M,M,M,M,,M,M,M,M,M,M,39.20,FABL 062100Z AUTO 18002KT 9999 // ///////// 04/M00 Q1032,M
FABL,2026-07-06 22:00,37.40,30.20,74.97,270.00,2.00,0.00,30.47,M,6.21,M,M,M,M,M,M,M,M,M,,M,M,M,M,M,M,37.40,FABL 062200Z AUTO 27002KT 9999 // ///////// 03/M01 Q1032,M
FABL,2026-07-06 23:00,37.40,32.00,80.64,M,2.00,0.00,30.50,M,6.21,M,M,M,M,M,M,M,M,M,,M,M,M,M,M,M,37.40,FABL 062300Z AUTO VRB02KT 9999 // ///////// 03/M00 Q1033,M
FABL,2026-07-07 00:00,35.60,30.20,80.49,M,1.00,0.00,30.50,M,6.21,M,M,M,M,M,M,M,M,M,,M,M,M,M,M,M,35.60,FABL 070000Z AUTO VRB01KT 9999 // ///////// 02/M01 Q1033,M
FABL,2026-07-07 01:00,33.80,30.20,86.48,M,1.00,0.00,30.47,M,6.21,M,M,M,M,M,M,M,M,M,,M,M,M,M,M,M,33.80,FABL 070100Z AUTO VRB01KT 9999 // ///////// 01/M01 Q1032,M
FABL,2026-07-07 02:00,33.80,30.20,86.48,190.00,3.00,0.00,30.50,M,6.21,M,M,M,M,M,M,M,M,M,,M,M,M,M,M,M,30.75,FABL 070200Z AUTO 19003KT 9999 // ///////// 01/M01 Q1033,M
FABL,2026-07-07 03:00,32.00,28.40,86.38,290.00,3.00,0.00,30.50,M,6.21,M,M,M,M,M,M,M,M,M,,M,M,M,M,M,M,28.69,FABL 070300Z AUTO 29003KT 9999 // ///////// 00/M02 Q1033,M
FABL,2026-07-07 04:00,32.00,30.20,92.97,160.00,3.00,0.00,30.53,M,3.73,M,NSC,M,M,M,M,M,M,M,M,M,M,M,M,M,M,28.69,FABL 070400Z 16003KT 6000 NSC M00/M01 Q1034 NOSIG,M
FABL,2026-07-07 05:00,30.20,28.40,92.91,180.00,1.00,0.00,30.53,M,6.21,M,M,M,M,M,M,M,M,M,M,M,M,M,M,M,M,30.20,FABL 070500Z 18001KT CAVOK M01/M02 Q1034 NOSIG,M
FABL,2026-07-07 06:00,32.00,30.20,92.97,M,1.00,0.00,30.53,M,6.21,M,M,M,M,M,M,M,M,M,M,M,M,M,M,M,M,32.00,FABL 070600Z VRB01KT CAVOK 00/M01 Q1034 NOSIG,M
FABL,2026-07-07 07:00,44.60,35.60,70.47,M,2.00,0.00,30.53,M,6.21,M,M,M,M,M,M,M,M,M,M,M,M,M,M,M,M,44.60,FABL 070700Z VRB02KT CAVOK 07/02 Q1034 NOSIG,M
FABL,2026-07-07 08:00,51.80,35.60,53.80,M,2.00,0.00,30.56,M,6.21,M,M,M,M,M,M,M,M,M,M,M,M,M,M,M,M,51.80,FABL 070800Z VRB02KT CAVOK 11/02 Q1035 NOSIG,M
FABL,2026-07-07 09:00,59.00,37.40,44.47,M,1.00,0.00,30.56,M,6.21,M,M,M,M,M,M,M,M,M,M,M,M,M,M,M,M,59.00,FABL 070900Z VRB01KT CAVOK 15/03 Q1035 NOSIG,M
FABL,2026-07-07 10:00,64.40,37.40,36.75,70.00,3.00,0.00,30.53,M,6.21,M,M,M,M,M,M,M,M,M,M,M,M,M,M,M,M,64.40,FABL 071000Z 07003KT 050V110 CAVOK 18/03 Q1034 NOSIG,M
FABL,2026-07-07 11:00,68.00,35.60,30.21,80.00,3.00,0.00,30.50,M,6.21,M,M,M,M,M,M,M,M,M,M,M,M,M,M,M,M,68.00,FABL 071100Z 08003KT 020V170 CAVOK 20/02 Q1033 NOSIG,M
FABL,2026-07-07 12:00,71.60,32.00,23.14,M,3.00,0.00,30.47,M,6.21,M,M,M,M,M,M,M,M,M,M,M,M,M,M,M,M,71.60,FABL 071200Z VRB03KT CAVOK 22/00 Q1032 NOSIG,M
FABL,2026-07-07 13:00,69.80,28.40,21.24,120.00,3.00,0.00,30.47,M,6.21,M,M,M,M,M,M,M,M,M,M,M,M,M,M,M,M,69.80,FABL 071300Z 12003KT 080V160 CAVOK 21/M02 Q1032 NOSIG,M
FABL,2026-07-07 14:00,69.80,30.20,22.87,60.00,3.00,0.00,30.47,M,6.21,M,M,M,M,M,M,M,M,M,M,M,M,M,M,M,M,69.80,FABL 071400Z 06003KT 020V080 CAVOK 21/M01 Q1032 NOSIG,M
FABL,2026-07-07 15:00,68.00,30.20,24.32,40.00,3.00,0.00,30.47,M,6.21,M,M,M,M,M,M,M,M,M,M,M,M,M,M,M,M,68.00,FABL 071500Z 04003KT CAVOK 20/M01 Q1032 NOSIG,M
FABL,2026-07-07 16:00,57.20,32.00,38.25,320.00,2.00,0.00,30.47,M,6.21,M,M,M,M,M,M,M,M,M,M,M,M,M,M,M,M,57.20,FABL 071600Z 32002KT CAVOK 14/00 Q1032 NOSIG,M
FABL,2026-07-07 17:00,50.00,33.80,53.52,250.00,3.00,0.00,30.47,M,6.21,M,M,M,M,M,M,M,M,M,M,M,M,M,M,M,M,50.00,FABL 071700Z 25003KT 170V270 CAVOK 10/01 Q1032 NOSIG,M
FABL,2026-07-07 18:00,46.40,35.60,65.82,190.00,2.00,0.00,30.47,M,6.21,M,M,M,M,M,M,M,M,M,M,M,M,M,M,M,M,46.40,FABL 071800Z 19002KT CAVOK 08/02 Q1032 NOSIG,M
FABL,2026-07-07 19:00,46.40,35.60,65.82,180.00,5.00,0.00,30.47,M,3.73,M,M,M,M,M,M,M,M,M,,M,M,M,M,M,M,43.50,FABL 071900Z AUTO 18005KT 6000 // ///////// 08/02 Q1032,M
FABL,2026-07-07 20:00,42.80,33.80,70.27,M,2.00,0.00,30.47,M,4.97,M,M,M,M,M,M,M,M,M,,M,M,M,M,M,M,42.80,FABL 072000Z AUTO VRB02KT 8000 // ///////// 06/01 Q1032,M
FABL,2026-07-07 21:00,39.20,33.80,80.78,0.00,0.00,0.00,30.47,M,4.97,M,M,M,M,M,M,M,M,M,,M,M,M,M,M,M,39.20,FABL 072100Z AUTO 00000KT 8000 // ///////// 04/01 Q1032,M
FABL,2026-07-07 22:00,37.40,32.00,80.64,240.00,2.00,0.00,30.47,M,4.97,M,M,M,M,M,M,M,M,M,,M,M,M,M,M,M,37.40,FABL 072200Z AUTO 24002KT 8000 // ///////// 03/M00 Q1032,M
FABL,2026-07-07 23:00,35.60,32.00,86.58,240.00,1.00,0.00,30.47,M,4.35,M,M,M,M,M,M,M,M,M,,M,M,M,M,M,M,35.60,FABL 072300Z AUTO 24001KT 7000 // ///////// 02/00 Q1032,M
FABL,2026-07-08 00:00,33.80,32.00,93.02,M,1.00,0.00,30.45,M,4.35,M,M,M,M,M,M,M,M,M,,M,M,M,M,M,M,33.80,FABL 080000Z AUTO VRB01KT 7000 // ///////// 01/M00 Q1031,M
FABL,2026-07-08 01:00,33.80,30.20,86.48,220.00,2.00,0.00,30.45,M,3.73,M,M,M,M,M,M,M,M,M,,M,M,M,M,M,M,33.80,FABL 080100Z AUTO 22002KT 6000 // ///////// 01/M01 Q1031,M
FABL,2026-07-08 02:00,33.80,30.20,86.48,170.00,3.00,0.00,30.45,M,2.73,M,M,M,M,M,M,M,M,M,,M,M,M,M,M,M,30.75,FABL 080200Z AUTO 17003KT 4400 // ///////// 01/M01 Q1031,M
FABL,2026-07-08 03:00,32.00,30.20,92.97,0.00,0.00,0.00,30.45,M,3.11,M,NSC,M,M,M,M,M,M,M,BR,M,M,M,M,M,M,32.00,COR FABL 080300Z 00000KT 5000 BR NSC M00/M01 Q1031 BECMG 9999,M
FABL,2026-07-08 04:00,32.00,28.40,86.38,0.00,0.00,0.00,30.45,M,4.35,M,NSC,M,M,M,M,M,M,M,M,M,M,M,M,M,M,32.00,FABL 080400Z 00000KT 7000 NSC M00/M02 Q1031 NOSIG,M
FABL,2026-07-08 05:00,30.20,28.40,92.91,230.00,3.00,0.00,30.45,M,4.35,M,NSC,M,M,M,M,M,M,M,M,M,M,M,M,M,M,26.63,FABL 080500Z 23003KT 7000 NSC M01/M02 Q1031 NOSIG,M
FABL,2026-07-08 06:00,33.80,32.00,93.02,0.00,0.00,0.00,30.45,M,2.49,M,NSC,M,M,M,M,M,M,M,BR,M,M,M,M,M,M,33.80,FABL 080600Z 00000KT 4000 BR NSC 01/M00 Q1031 BECMG 9999,M
FABL,2026-07-08 07:00,42.80,35.60,75.49,M,1.00,0.00,30.45,M,6.21,M,M,M,M,M,M,M,M,M,M,M,M,M,M,M,M,42.80,FABL 080700Z VRB01KT CAVOK 06/02 Q1031 NOSIG,M
FABL,2026-07-08 08:00,51.80,35.60,53.80,M,1.00,0.00,30.45,M,6.21,M,M,M,M,M,M,M,M,M,M,M,M,M,M,M,M,51.80,FABL 080800Z VRB01KT CAVOK 11/02 Q1031 NOSIG,M
FABL,2026-07-08 09:00,59.00,37.40,44.47,M,2.00,0.00,30.45,M,6.21,M,M,M,M,M,M,M,M,M,M,M,M,M,M,M,M,59.00,FABL 080900Z VRB02KT CAVOK 15/03 Q1031 NOSIG,M
FABL,2026-07-08 10:00,66.20,33.80,29.92,M,2.00,0.00,30.42,M,6.21,M,M,M,M,M,M,M,M,M,M,M,M,M,M,M,M,66.20,FABL 081000Z VRB02KT CAVOK 19/01 Q1030 NOSIG,M
FABL,2026-07-08 11:00,69.80,33.80,26.44,210.00,5.00,0.00,30.36,M,6.21,M,M,M,M,M,M,M,M,M,M,M,M,M,M,M,M,69.80,FABL 081100Z 21005KT 150V310 CAVOK 21/01 Q1028 NOSIG,M
FABL,2026-07-08 12:00,69.80,30.20,22.87,M,4.00,0.00,30.33,M,6.21,M,M,M,M,M,M,M,M,M,M,M,M,M,M,M,M,69.80,FABL 081200Z VRB04KT CAVOK 21/M01 Q1027 NOSIG,M
FABL,2026-07-08 13:00,69.80,26.60,19.73,M,6.00,0.00,30.33,M,6.21,M,M,M,M,M,M,M,M,M,M,M,M,M,M,M,M,69.80,FABL 081300Z VRB06KT CAVOK 21/M03 Q1027 NOSIG,M
FABL,2026-07-08 14:00,69.80,28.40,21.24,270.00,6.00,0.00,30.30,M,6.21,M,M,M,M,M,M,M,M,M,M,M,M,M,M,M,M,69.80,FABL 081400Z 27006KT 220V300 CAVOK 21/M02 Q1026 NOSIG,M
FABL,2026-07-08 15:00,66.20,28.40,24.04,240.00,3.00,0.00,30.30,M,6.21,M,M,M,M,M,M,M,M,M,M,M,M,M,M,M,M,66.20,FABL 081500Z 24003KT CAVOK 19/M02 Q1026 NOSIG,M
FABL,2026-07-08 16:00,60.80,30.20,31.27,290.00,4.00,0.00,30.30,M,6.21,M,M,M,M,M,M,M,M,M,M,M,M,M,M,M,M,60.80,FABL 081600Z 29004KT CAVOK 16/M01 Q1026 NOSIG,M
FABL,2026-07-08 17:00,53.60,32.00,43.60,280.00,3.00,0.00,30.33,M,6.21,M,M,M,M,M,M,M,M,M,M,M,M,M,M,M,M,53.60,FABL 081700Z 28003KT CAVOK 12/00 Q1027 NOSIG,M
FABL,2026-07-08 18:00,48.20,32.00,53.25,180.00,2.00,0.00,30.33,M,6.21,M,M,M,M,M,M,M,M,M,M,M,M,M,M,M,M,48.20,FABL 081800Z 18002KT CAVOK 09/00 Q1027 NOSIG,M
FABL,2026-07-08 19:00,42.80,32.00,65.36,220.00,2.00,0.00,30.33,M,6.21,M,M,M,M,M,M,M,M,M,,M,M,M,M,M,M,42.80,FABL 081900Z AUTO 22002KT 9999 // ///////// 06/00 Q1027,M
FABL,2026-07-08 20:00,42.80,33.80,70.27,190.00,3.00,0.00,30.33,M,6.21,M,M,M,M,M,M,M,M,M,,M,M,M,M,M,M,41.03,FABL 082000Z AUTO 19003KT 9999 // ///////// 06/01 Q1027,M
FABL,2026-07-08 21:00,42.80,33.80,70.27,190.00,4.00,0.00,30.30,M,6.21,M,M,M,M,M,M,M,M,M,,M,M,M,M,M,M,40.03,FABL 082100Z AUTO 19004KT 9999 // ///////// 06/01 Q1026,M
FABL,2026-07-08 22:00,39.20,32.00,75.14,200.00,1.00,0.00,30.30,M,5.59,M,M,M,M,M,M,M,M,M,,M,M,M,M,M,M,39.20,FABL 082200Z AUTO 20001KT 9000 // ///////// 04/M00 Q1026,M
FABL,2026-07-08 23:00,37.40,32.00,80.64,0.00,0.00,0.00,30.30,M,6.21,M,M,M,M,M,M,M,M,M,,M,M,M,M,M,M,37.40,FABL 082300Z AUTO 00000KT 9999 // ///////// 03/M00 Q1026,M
FABL,2026-07-09 00:00,35.60,32.00,86.58,160.00,2.00,0.00,30.27,M,5.59,M,M,M,M,M,M,M,M,M,,M,M,M,M,M,M,35.60,FABL 090000Z AUTO 16002KT 9000 // ///////// 02/M00 Q1025,M
FABL,2026-07-09 01:00,35.60,30.20,80.49,190.00,1.00,0.00,30.24,M,6.21,M,M,M,M,M,M,M,M,M,,M,M,M,M,M,M,35.60,FABL 090100Z AUTO 19001KT 9999 // ///////// 02/M01 Q1024,M
FABL,2026-07-09 02:00,33.80,30.20,86.48,240.00,2.00,0.00,30.24,M,6.21,M,M,M,M,M,M,M,M,M,,M,M,M,M,M,M,33.80,FABL 090200Z AUTO 24002KT 9999 // ///////// 01/M01 Q1024,M
FABL,2026-07-09 03:00,32.00,28.40,86.38,M,1.00,0.00,30.24,M,6.21,M,M,M,M,M,M,M,M,M,M,M,M,M,M,M,M,32.00,FABL 090300Z VRB01KT CAVOK 00/M02 Q1024 NOSIG,M
FABL,2026-07-09 04:00,32.00,30.20,92.97,0.00,0.00,0.00,30.24,M,6.21,M,M,M,M,M,M,M,M,M,M,M,M,M,M,M,M,32.00,FABL 090400Z 00000KT CAVOK 00/M01 Q1024 NOSIG,M
FABL,2026-07-09 05:00,32.00,28.40,86.38,0.00,0.00,0.00,30.27,M,6.21,M,M,M,M,M,M,M,M,M,M,M,M,M,M,M,M,32.00,FABL 090500Z 00000KT CAVOK M00/M02 Q1025 NOSIG,M
FABL,2026-07-09 08:00,51.80,37.40,57.76,30.00,3.00,0.00,30.27,M,6.21,M,M,M,M,M,M,M,M,M,M,M,M,M,M,M,M,51.80,FABL 090800Z 03003KT 350V080 CAVOK 11/03 Q1025 NOSIG,M
FABL,2026-07-09 10:00,66.20,32.00,27.84,300.00,8.00,0.00,30.24,M,6.21,M,M,M,M,M,M,M,M,M,M,M,M,M,M,M,M,66.20,FABL 091000Z 30008KT 220V340 CAVOK 19/M00 Q1024 NOSIG,M
FABL,2026-07-09 11:00,68.00,28.40,22.60,260.00,9.00,0.00,30.18,M,6.21,M,M,M,M,M,M,M,M,M,M,M,M,M,M,M,M,68.00,FABL 091100Z 26009KT 220V320 CAVOK 20/M02 Q1022 NOSIG,M
FABL,2026-07-09 12:00,68.00,28.40,22.60,260.00,10.00,0.00,30.18,M,6.21,M,M,M,M,M,M,M,M,M,M,M,M,M,M,M,M,68.00,FABL 091200Z 26010KT 210V300 CAVOK 20/M02 Q1022 NOSIG,M
FABL,2026-07-09 13:00,68.00,32.00,26.16,260.00,9.00,0.00,30.15,M,6.21,M,M,M,M,M,M,M,M,M,M,M,M,M,M,M,M,68.00,FABL 091300Z 26009KT 210V310 CAVOK 20/M00 Q1021 NOSIG,M
FABL,2026-07-09 14:00,68.00,30.20,24.32,250.00,9.00,0.00,30.15,M,6.21,M,M,M,M,M,M,M,M,M,M,M,M,M,M,M,M,68.00,FABL 091400Z 25009KT 220V290 CAVOK 20/M01 Q1021 NOSIG,M
FABL,2026-07-09 15:00,64.40,28.40,25.60,240.00,8.00,0.00,30.15,M,6.21,M,M,M,M,M,M,M,M,M,M,M,M,M,M,M,M,64.40,FABL 091500Z 24008KT CAVOK 18/M02 Q1021 NOSIG,M
FABL,2026-07-09 16:00,59.00,30.20,33.34,280.00,4.00,0.00,30.15,M,6.21,M,M,M,M,M,M,M,M,M,M,M,M,M,M,M,M,59.00,FABL 091600Z 28004KT CAVOK 15/M01 Q1021 NOSIG,M
FABL,2026-07-09 17:00,53.60,30.20,40.53,290.00,3.00,0.00,30.18,M,6.21,M,M,M,M,M,M,M,M,M,M,M,M,M,M,M,M,53.60,FABL 091700Z 29003KT CAVOK 12/M01 Q1022 NOSIG,M
FABL,2026-07-09 18:00,50.00,32.00,49.79,M,2.00,0.00,30.18,M,6.21,M,M,M,M,M,M,M,M,M,M,M,M,M,M,M,M,50.00,FABL 091800Z VRB02KT CAVOK 10/00 Q1022 NOSIG,M
FABL,2026-07-09 19:00,44.60,33.80,65.59,170.00,4.00,0.00,30.21,M,6.21,M,M,M,M,M,M,M,M,M,,M,M,M,M,M,M,42.13,FABL 091900Z AUTO 17004KT 9999 // ///////// 07/01 Q1023,M
FABL,2026-07-09 20:00,42.80,32.00,65.36,200.00,3.00,0.00,30.18,M,5.59,M,M,M,M,M,M,M,M,M,,M,M,M,M,M,M,41.03,FABL 092000Z AUTO 20003KT 9000 // ///////// 06/00 Q1022,M
FABL,2026-07-09 21:00,41.00,32.00,70.06,0.00,0.00,0.00,30.21,M,6.21,M,M,M,M,M,M,M,M,M,,M,M,M,M,M,M,41.00,FABL 092100Z AUTO 00000KT 9999 // ///////// 05/M00 Q1023,M
FABL,2026-07-09 22:00,37.40,32.00,80.64,0.00,0.00,0.00,30.18,M,6.21,M,M,M,M,M,M,M,M,M,,M,M,M,M,M,M,37.40,FABL 092200Z AUTO 00000KT 9999 // ///////// 03/M00 Q1022,M
FABL,2026-07-09 23:00,35.60,32.00,86.58,160.00,1.00,0.00,30.18,M,4.97,M,M,M,M,M,M,M,M,M,,M,M,M,M,M,M,35.60,FABL 092300Z AUTO 16001KT 8000 // ///////// 02/00 Q1022,M
FABL,2026-07-10 00:00,35.60,30.20,80.49,0.00,0.00,0.00,30.18,M,6.21,M,M,M,M,M,M,M,M,M,,M,M,M,M,M,M,35.60,FABL 100000Z AUTO 00000KT 9999 // ///////// 02/M01 Q1022,M
FABL,2026-07-10 01:00,33.80,30.20,86.48,230.00,2.00,0.00,30.18,M,5.59,M,M,M,M,M,M,M,M,M,,M,M,M,M,M,M,33.80,FABL 100100Z AUTO 23002KT 9000 // ///////// 01/M01 Q1022,M
FABL,2026-07-10 02:00,32.00,30.20,92.97,360.00,1.00,0.00,30.15,M,6.21,M,M,M,M,M,M,M,M,M,,M,M,M,M,M,M,32.00,FABL 100200Z AUTO 36001KT 9999 // ///////// 00/M01 Q1021,M
FABL,2026-07-10 05:00,30.20,28.40,92.91,0.00,0.00,0.00,30.18,M,4.97,M,NSC,M,M,M,M,M,M,M,M,M,M,M,M,M,M,30.20,FABL 100500Z 00000KT 8000 NSC M01/M02 Q1022 NOSIG,M
FABL,2026-07-10 06:00,35.60,32.00,86.58,0.00,0.00,0.00,30.21,M,4.97,M,NSC,M,M,M,M,M,M,M,M,M,M,M,M,M,M,35.60,FABL 100600Z 00000KT 8000 NSC 02/M00 Q1023 NOSIG,M
FABL,2026-07-10 07:00,42.80,33.80,70.27,M,1.00,0.00,30.21,M,6.21,M,M,M,M,M,M,M,M,M,M,M,M,M,M,M,M,42.80,FABL 100700Z VRB01KT CAVOK 06/01 Q1023 NOSIG,M
FABL,2026-07-10 08:00,50.00,35.60,57.51,M,2.00,0.00,30.21,M,6.21,M,M,M,M,M,M,M,M,M,M,M,M,M,M,M,M,50.00,FABL 100800Z VRB02KT CAVOK 10/02 Q1023 NOSIG,M
FABL,2026-07-10 09:00,59.00,33.80,38.55,M,2.00,0.00,30.21,M,6.21,M,M,M,M,M,M,M,M,M,M,M,M,M,M,M,M,59.00,FABL 100900Z VRB02KT CAVOK 15/01 Q1023 NOSIG,M
FABL,2026-07-10 10:00,64.40,32.00,29.63,50.00,3.00,0.00,30.18,M,6.21,M,M,M,M,M,M,M,M,M,M,M,M,M,M,M,M,64.40,FABL 101000Z 05003KT 360V100 CAVOK 18/00 Q1022 NOSIG,M
FABL,2026-07-10 11:00,66.20,28.40,24.04,280.00,5.00,0.00,30.15,M,6.21,M,M,M,M,M,M,M,M,M,M,M,M,M,M,M,M,66.20,FABL 101100Z 28005KT 230V310 CAVOK 19/M02 Q1021 NOSIG,M
FABL,2026-07-10 12:00,66.20,28.40,24.04,290.00,10.00,0.00,30.12,M,6.21,M,M,M,M,M,M,M,M,M,M,M,M,M,M,M,M,66.20,FABL 101200Z 29010KT 250V320 CAVOK 19/M02 Q1020 NOSIG,M
FABL,2026-07-10 13:00,66.20,26.60,22.32,290.00,8.00,0.00,30.12,M,6.21,M,M,M,M,M,M,M,M,M,M,M,M,M,M,M,M,66.20,FABL 101300Z 29008KT 260V320 CAVOK 19/M03 Q1020 NOSIG,M
FABL,2026-07-10 14:00,66.20,26.60,22.32,290.00,7.00,0.00,30.12,M,6.21,M,M,M,M,M,M,M,M,M,M,M,M,M,M,M,M,66.20,FABL 101400Z 29007KT CAVOK 19/M03 Q1020 NOSIG,M
FABL,2026-07-10 15:00,62.60,26.60,25.31,300.00,5.00,0.00,30.15,M,6.21,M,M,M,M,M,M,M,M,M,M,M,M,M,M,M,M,62.60,FABL 101500Z 30005KT CAVOK 17/M03 Q1021 NOSIG,M
FABL,2026-07-10 16:00,55.40,28.40,35.27,250.00,2.00,0.00,30.15,M,6.21,M,M,M,M,M,M,M,M,M,M,M,M,M,M,M,M,55.40,FABL 101600Z 25002KT CAVOK 13/M02 Q1021 NOSIG,M
FABL,2026-07-10 17:00,50.00,30.20,46.29,M,2.00,0.00,30.15,M,6.21,M,M,M,M,M,M,M,M,M,M,M,M,M,M,M,M,50.00,FABL 101700Z VRB02KT CAVOK 10/M01 Q1021 NOSIG,M
FABL,2026-07-10 18:00,50.00,32.00,49.79,180.00,3.00,0.00,30.18,M,6.21,M,M,M,M,M,M,M,M,M,M,M,M,M,M,M,M,50.00,FABL 101800Z 18003KT CAVOK 10/M00 Q1022 NOSIG,M
FABL,2026-07-10 19:00,44.60,32.00,61.01,210.00,3.00,0.00,30.18,M,6.21,M,M,M,M,M,M,M,M,M,,M,M,M,M,M,M,43.09,FABL 101900Z AUTO 21003KT 9999 // ///////// 07/00 Q1022,M
FABL,2026-07-10 20:00,42.80,32.00,65.36,M,2.00,0.00,30.18,M,6.21,M,M,M,M,M,M,M,M,M,,M,M,M,M,M,M,42.80,FABL 102000Z AUTO VRB02KT 9999 // ///////// 06/M00 Q1022,M
FABL,2026-07-10 21:00,41.00,32.00,70.06,240.00,2.00,0.00,30.18,M,6.21,M,M,M,M,M,M,M,M,M,,M,M,M,M,M,M,41.00,FABL 102100Z AUTO 24002KT 9999 // ///////// 05/00 Q1022,M
FABL,2026-07-10 22:00,39.20,33.80,80.78,M,1.00,0.00,30.15,M,6.21,M,M,M,M,M,M,M,M,M,,M,M,M,M,M,M,39.20,FABL 102200Z AUTO VRB01KT 9999 // ///////// 04/01 Q1021,M
FABL,2026-07-10 23:00,39.20,32.00,75.14,270.00,1.00,0.00,30.15,M,6.21,M,M,M,M,M,M,M,M,M,,M,M,M,M,M,M,39.20,FABL 102300Z AUTO 27001KT 9999 // ///////// 04/00 Q1021,M
FABL,2026-07-11 00:00,37.40,32.00,80.64,210.00,3.00,0.00,30.15,M,6.21,M,M,M,M,M,M,M,M,M,,M,M,M,M,M,M,34.86,FABL 110000Z AUTO 21003KT 160V260 9999 // ///////// 03/M00 Q1021,M
FABL,2026-07-11 01:00,37.40,30.20,74.97,190.00,2.00,0.00,30.15,M,6.21,M,M,M,M,M,M,M,M,M,,M,M,M,M,M,M,37.40,FABL 110100Z AUTO 19002KT 9999 // ///////// 03/M01 Q1021,M
FABL,2026-07-11 02:00,35.60,30.20,80.49,320.00,3.00,0.00,30.15,M,6.21,M,M,M,M,M,M,M,M,M,,M,M,M,M,M,M,32.80,FABL 110200Z AUTO 32003KT 9999 // ///////// 02/M01 Q1021,M
FABL,2026-07-11 03:00,35.60,32.00,86.58,160.00,2.00,0.00,30.15,M,6.21,M,M,M,M,M,M,M,M,M,,M,M,M,M,M,M,35.60,FABL 110300Z AUTO 16002KT 9999 // ///////// 02/M00 Q1021,M
FABL,2026-07-11 04:00,35.60,30.20,80.49,130.00,5.00,0.00,30.15,M,6.21,M,M,M,M,M,M,M,M,M,M,M,M,M,M,M,M,30.67,FABL 110400Z 13005KT CAVOK 02/M01 Q1021 NOSIG,M
FABL,2026-07-11 05:00,33.80,30.20,86.48,M,2.00,0.00,30.18,M,6.21,M,M,M,M,M,M,M,M,M,M,M,M,M,M,M,M,33.80,FABL 110500Z VRB02KT CAVOK 01/M01 Q1022 NOSIG,M
FABL,2026-07-11 06:00,37.40,33.80,86.69,M,1.00,0.00,30.21,M,6.21,M,M,M,M,M,M,M,M,M,M,M,M,M,M,M,M,37.40,FABL 110600Z VRB01KT CAVOK 03/01 Q1023 NOSIG,M
FABL,2026-07-11 07:00,44.60,35.60,70.47,0.00,0.00,0.00,30.21,M,6.21,M,M,M,M,M,M,M,M,M,M,M,M,M,M,M,M,44.60,FABL 110700Z 00000KT CAVOK 07/02 Q1023 NOSIG,M
FABL,2026-07-11 08:00,50.00,39.20,66.26,40.00,4.00,0.00,30.21,M,6.21,M,M,M,M,M,M,M,M,M,M,M,M,M,M,M,M,50.00,FABL 110800Z 04004KT 360V110 CAVOK 10/04 Q1023 NOSIG,M
FABL,2026-07-11 09:00,59.00,37.40,44.47,10.00,5.00,0.00,30.21,M,6.21,M,M,M,M,M,M,M,M,M,M,M,M,M,M,M,M,59.00,FABL 110900Z 01005KT 310V040 CAVOK 15/03 Q1023 NOSIG,M
FABL,2026-07-11 10:00,62.60,35.60,36.45,350.00,6.00,0.00,30.18,M,6.21,M,M,M,M,M,M,M,M,M,M,M,M,M,M,M,M,62.60,FABL 111000Z 35006KT 320V020 CAVOK 17/02 Q1022 NOSIG,M
FABL,2026-07-11 11:00,64.40,32.00,29.63,320.00,6.00,0.00,30.15,M,6.21,M,M,M,M,M,M,M,M,M,M,M,M,M,M,M,M,64.40,FABL 111100Z 32006KT 270V360 CAVOK 18/M00 Q1021 NOSIG,M
FABL,2026-07-11 12:00,66.20,30.20,25.88,290.00,6.00,0.00,30.12,M,6.21,M,FEW,M,M,M,3000.00,M,M,M,M,M,M,M,M,M,M,66.20,FABL 111200Z 29006KT 230V330 9999 FEW030 19/M01 Q1020 NOSIG,M
FABL,2026-07-11 13:00,66.20,26.60,22.32,250.00,6.00,0.00,30.12,M,6.21,M,FEW,M,M,M,3000.00,M,M,M,M,M,M,M,M,M,M,66.20,FABL 111300Z 25006KT 200V300 9999 FEW030 19/M03 Q1020 NOSIG,M
FABL,2026-07-11 14:00,66.20,24.80,20.72,290.00,4.00,0.00,30.12,M,6.21,M,FEW,M,M,M,3000.00,M,M,M,M,M,M,M,M,M,M,66.20,FABL 111400Z 29004KT 230V040 9999 FEW030 19/M04 Q1020 NOSIG,M
FABL,2026-07-11 15:00,62.60,26.60,25.31,260.00,3.00,0.00,30.12,M,6.21,M,M,M,M,M,M,M,M,M,M,M,M,M,M,M,M,62.60,FABL 111500Z 26003KT CAVOK 17/M03 Q1020 NOSIG,M
FABL,2026-07-11 16:00,55.40,26.60,32.75,250.00,3.00,0.00,30.15,M,6.21,M,M,M,M,M,M,M,M,M,M,M,M,M,M,M,M,55.40,FABL 111600Z 25003KT CAVOK 13/M03 Q1021 NOSIG,M
FABL,2026-07-11 17:00,46.40,28.40,49.22,230.00,4.00,0.00,30.18,M,6.21,M,M,M,M,M,M,M,M,M,M,M,M,M,M,M,M,44.24,FABL 111700Z 23004KT CAVOK 08/M02 Q1022 NOSIG,M
FABL,2026-07-11 18:00,44.60,28.40,52.70,230.00,3.00,0.00,30.18,M,6.21,M,M,M,M,M,M,M,M,M,M,M,M,M,M,M,M,43.09,FABL 111800Z 23003KT CAVOK 07/M02 Q1022 NOSIG,M
FABL,2026-07-11 19:00,42.80,30.20,60.77,150.00,4.00,0.00,30.18,M,5.59,M,M,M,M,M,M,M,M,M,,M,M,M,M,M,M,40.03,FABL 111900Z AUTO 15004KT 9000 // ///////// 06/M01 Q1022,M
FABL,2026-07-11 20:00,42.80,30.20,60.77,200.00,4.00,0.00,30.21,M,6.21,M,M,M,M,M,M,M,M,M,,M,M,M,M,M,M,40.03,FABL 112000Z AUTO 20004KT 9999 // ///////// 06/M01 Q1023,M
FABL,2026-07-11 21:00,39.20,30.20,69.86,150.00,3.00,0.00,30.21,M,6.21,M,M,M,M,M,M,M,M,M,,M,M,M,M,M,M,36.92,FABL 112100Z AUTO 15003KT 9999 // ///////// 04/M01 Q1023,M
FABL,2026-07-11 22:00,35.60,30.20,80.49,230.00,3.00,0.00,30.21,M,5.59,M,M,M,M,M,M,M,M,M,,M,M,M,M,M,M,32.80,FABL 112200Z AUTO 23003KT 9000 // ///////// 02/M01 Q1023,M
FABL,2026-07-11 23:00,33.80,28.40,80.35,200.00,4.00,0.00,30.21,M,4.97,M,M,M,M,M,M,M,M,M,,M,M,M,M,M,M,29.52,FABL 112300Z AUTO 20004KT 8000 // ///////// 01/M02 Q1023,M
FABL,2026-07-12 00:00,32.00,28.40,86.38,200.00,3.00,0.00,30.21,M,4.97,M,M,M,M,M,M,M,M,M,,M,M,M,M,M,M,28.69,FABL 120000Z AUTO 20003KT 8000 // ///////// 00/M02 Q1023,M
FABL,2026-07-12 01:00,33.80,30.20,86.48,150.00,3.00,0.00,30.21,M,6.21,M,M,M,M,M,M,M,M,M,,M,M,M,M,M,M,30.75,FABL 120100Z AUTO 15003KT 9999 // ///////// 01/M01 Q1023,M
FABL,2026-07-12 02:00,32.00,28.40,86.38,140.00,2.00,0.00,30.21,M,6.21,M,M,M,M,M,M,M,M,M,,M,M,M,M,M,M,32.00,FABL 120200Z AUTO 14002KT 9999 // ///////// 00/M02 Q1023,M
FABL,2026-07-12 03:00,30.20,28.40,92.91,220.00,2.00,0.00,30.21,M,5.59,M,NSC,M,M,M,M,M,M,M,M,M,M,M,M,M,M,30.20,FABL 120300Z 22002KT 9000 NSC M01/M02 Q1023 NOSIG,M
FABL,2026-07-12 04:00,30.20,28.40,92.91,M,1.00,0.00,30.21,M,5.59,M,NSC,M,M,M,M,M,M,M,M,M,M,M,M,M,M,30.20,FABL 120400Z VRB01KT 9000 NSC M01/M02 Q1023 NOSIG,M
FABL,2026-07-12 06:00,33.80,30.20,86.48,210.00,2.00,0.00,30.24,M,4.97,M,NSC,M,M,M,M,M,M,M,M,M,M,M,M,M,M,33.80,FABL 120600Z 21002KT 8000 NSC 01/M01 Q1024 NOSIG,M
FABL,2026-07-12 07:00,42.80,33.80,70.27,50.00,3.00,0.00,30.27,M,6.21,M,M,M,M,M,M,M,M,M,M,M,M,M,M,M,M,41.03,FABL 120700Z 05003KT 350V090 CAVOK 06/01 Q1025 NOSIG,M
FABL,2026-07-12 08:00,48.20,39.20,70.87,50.00,5.00,0.00,30.27,M,6.21,M,M,M,M,M,M,M,M,M,M,M,M,M,M,M,M,45.63,FABL 120800Z 05005KT 360V080 CAVOK 09/04 Q1025 NOSIG,M
FABL,2026-07-12 09:00,53.60,37.40,54.07,30.00,3.00,0.00,30.24,M,6.21,M,M,M,M,M,M,M,M,M,M,M,M,M,M,M,M,53.60,FABL 120900Z 03003KT 350V070 CAVOK 12/03 Q1024 NOSIG,M
FABL,2026-07-12 10:00,60.80,35.60,38.85,M,2.00,0.00,30.24,M,6.21,M,M,M,M,M,M,M,M,M,M,M,M,M,M,M,M,60.80,FABL 121000Z VRB02KT CAVOK 16/02 Q1024 NOSIG,M
FABL,2026-07-12 11:00,62.60,30.20,29.34,M,2.00,0.00,30.21,M,6.21,M,M,M,M,M,M,M,M,M,M,M,M,M,M,M,M,62.60,FABL 121100Z VRB02KT CAVOK 17/M01 Q1023 NOSIG,M
FABL,2026-07-12 12:00,60.80,26.60,26.98,100.00,3.00,0.00,30.18,M,6.21,M,M,M,M,M,M,M,M,M,M,M,M,M,M,M,M,60.80,FABL 121200Z 10003KT 010V160 CAVOK 16/M03 Q1022 NOSIG,M
FABL,2026-07-12 13:00,62.60,28.40,27.26,M,3.00,0.00,30.18,M,6.21,M,FEW,M,M,M,3000.00,M,M,M,M,M,M,M,M,M,M,62.60,FABL 121300Z VRB03KT 9999 FEW030 17/M02 Q1022 NOSIG,M
FABL,2026-07-12 14:00,62.60,26.60,25.31,200.00,4.00,0.00,30.18,M,6.21,M,FEW,M,M,M,3000.00,M,M,M,M,M,M,M,M,M,M,62.60,FABL 121400Z 20004KT 120V250 9999 FEW030 17/M03 Q1022 NOSIG,M
FABL,2026-07-12 15:00,62.60,26.60,25.31,230.00,3.00,0.00,30.18,M,6.21,M,M,M,M,M,M,M,M,M,M,M,M,M,M,M,M,62.60,FABL 121500Z 23003KT 180V260 CAVOK 17/M03 Q1022 NOSIG,M
FABL,2026-07-12 16:00,55.40,32.00,40.83,210.00,5.00,0.00,30.21,M,6.21,M,M,M,M,M,M,M,M,M,M,M,M,M,M,M,M,55.40,FABL 121600Z 21005KT CAVOK 13/00 Q1023 NOSIG,M
FABL,2026-07-12 17:00,51.80,32.00,46.58,260.00,3.00,0.00,30.21,M,6.21,M,M,M,M,M,M,M,M,M,M,M,M,M,M,M,M,51.80,COR FABL 121700Z 26003KT CAVOK 11/00 Q1023 NOSIG,M
FABL,2026-07-12 18:00,48.20,32.00,53.25,250.00,2.00,0.00,30.24,M,6.21,M,M,M,M,M,M,M,M,M,M,M,M,M,M,M,M,48.20,FABL 121800Z 25002KT CAVOK 09/00 Q1024 NOSIG,M
FABL,2026-07-12 19:00,46.40,33.80,61.26,170.00,3.00,0.00,30.24,M,6.21,M,M,M,M,M,M,M,M,M,,M,M,M,M,M,M,45.15,FABL 121900Z AUTO 17003KT 9999 // ///////// 08/01 Q1024,M
FABL,2026-07-12 20:00,44.60,33.80,65.59,190.00,4.00,0.00,30.24,M,6.21,M,M,M,M,M,M,M,M,M,,M,M,M,M,M,M,42.13,FABL 122000Z AUTO 19004KT 9999 // ///////// 07/01 Q1024,M
FABL,2026-07-12 21:00,41.00,33.80,75.32,M,1.00,0.00,30.24,M,6.21,M,M,M,M,M,M,M,M,M,,M,M,M,M,M,M,41.00,FABL 122100Z AUTO VRB01KT 9999 // ///////// 05/01 Q1024,M
FABL,2026-07-12 22:00,37.40,32.00,80.64,210.00,2.00,0.00,30.24,M,6.21,M,M,M,M,M,M,M,M,M,,M,M,M,M,M,M,37.40,FABL 122200Z AUTO 21002KT 9999 // ///////// 03/00 Q1024,M
FABL,2026-07-12 23:00,35.60,32.00,86.58,180.00,3.00,0.00,30.24,M,6.21,M,M,M,M,M,M,M,M,M,,M,M,M,M,M,M,32.80,FABL 122300Z AUTO 18003KT 9999 // ///////// 02/00 Q1024,M
FABL,2026-07-13 00:00,33.80,30.20,86.48,200.00,3.00,0.00,30.24,M,4.97,M,M,M,M,M,M,M,M,M,,M,M,M,M,M,M,30.75,FABL 130000Z AUTO 20003KT 8000 // ///////// 01/M01 Q1024,M
FABL,2026-07-13 01:00,32.00,30.20,92.97,230.00,3.00,0.00,30.24,M,5.59,M,M,M,M,M,M,M,M,M,,M,M,M,M,M,M,28.69,FABL 130100Z AUTO 23003KT 9000 // ///////// 00/M01 Q1024,M
FABL,2026-07-13 02:00,32.00,30.20,92.97,M,2.00,0.00,30.24,M,6.21,M,M,M,M,M,M,M,M,M,,M,M,M,M,M,M,32.00,FABL 130200Z AUTO VRB02KT 9999 // ///////// 00/M01 Q1024,M
FABL,2026-07-13 03:00,32.00,28.40,86.38,240.00,2.00,0.00,30.24,M,6.21,M,M,M,M,M,M,M,M,M,M,M,M,M,M,M,M,32.00,FABL 130300Z 24002KT CAVOK M00/M02 Q1024 NOSIG,M
FABL,2026-07-13 04:00,32.00,28.40,86.38,230.00,2.00,0.00,30.24,M,6.21,M,M,M,M,M,M,M,M,M,M,M,M,M,M,M,M,32.00,FABL 130400Z 23002KT CAVOK M00/M02 Q1024 NOSIG,M
FABL,2026-07-13 05:00,33.80,30.20,86.48,210.00,3.00,0.00,30.24,M,6.21,M,M,M,M,M,M,M,M,M,M,M,M,M,M,M,M,30.75,FABL 130500Z 21003KT CAVOK 01/M01 Q1024 NOSIG,M
FABL,2026-07-13 06:00,37.40,33.80,86.69,260.00,3.00,0.00,30.27,M,6.21,M,M,M,M,M,M,M,M,M,M,M,M,M,M,M,M,34.86,FABL 130600Z 26003KT CAVOK 03/01 Q1025 NOSIG,M
FABL,2026-07-13 07:00,42.80,39.20,86.99,0.00,0.00,0.00,30.30,M,6.21,M,M,M,M,M,M,M,M,M,M,M,M,M,M,M,M,42.80,FABL 130700Z 00000KT CAVOK 06/04 Q1026 NOSIG,M
FABL,2026-07-13 08:00,46.40,41.00,81.33,M,1.00,0.00,30.30,M,6.21,M,M,M,M,M,M,M,M,M,M,M,M,M,M,M,M,46.40,FABL 130800Z VRB01KT CAVOK 08/05 Q1026 NOSIG,M
FABL,2026-07-13 09:00,51.80,42.80,71.26,50.00,4.00,0.00,30.30,M,6.21,M,M,M,M,M,M,M,M,M,M,M,M,M,M,M,M,51.80,FABL 130900Z 05004KT 350V090 CAVOK 11/06 Q1026 NOSIG,M
FABL,2026-07-13 10:00,60.80,42.80,51.46,M,3.00,0.00,30.27,M,6.21,M,M,M,M,M,M,M,M,M,M,M,M,M,M,M,M,60.80,FABL 131000Z VRB03KT CAVOK 16/06 Q1025 NOSIG,M
FABL,2026-07-13 11:00,64.40,35.60,34.23,360.00,4.00,0.00,30.24,M,6.21,M,M,M,M,M,M,M,M,M,M,M,M,M,M,M,M,64.40,FABL 131100Z 36004KT 280V070 CAVOK 18/02 Q1024 NOSIG,M
FABL,2026-07-13 12:00,66.20,32.00,27.84,340.00,6.00,0.00,30.21,M,6.21,M,FEW,M,M,M,3000.00,M,M,M,M,M,M,M,M,M,M,66.20,COR FABL 131200Z 34006KT 290V040 9999 FEW030 19/00 Q1023 NOSIG,M
FABL,2026-07-13 13:00,66.20,30.20,25.88,340.00,4.00,0.00,30.21,M,6.21,M,FEW,M,M,M,3000.00,M,M,M,M,M,M,M,M,M,M,66.20,FABL 131300Z 34004KT 260V050 9999 FEW030 19/M01 Q1023 NOSIG,M
FABL,2026-07-13 14:00,66.20,28.40,24.04,20.00,4.00,0.00,30.18,M,6.21,M,FEW,M,M,M,3500.00,M,M,M,M,M,M,M,M,M,M,66.20,FABL 131400Z 02004KT 320V100 9999 FEW035 19/M02 Q1022 NOSIG,M
FABL,2026-07-13 15:00,66.20,26.60,22.32,M,2.00,0.00,30.18,M,6.21,M,FEW,M,M,M,3500.00,M,M,M,M,M,M,M,M,M,M,66.20,FABL 131500Z VRB02KT 9999 FEW035 19/M03 Q1022 NOSIG,M
FABL,2026-07-13 16:00,57.20,28.40,33.04,350.00,2.00,0.00,30.21,M,6.21,M,M,M,M,M,M,M,M,M,M,M,M,M,M,M,M,57.20,FABL 131600Z 35002KT CAVOK 14/M02 Q1023 NOSIG,M
FABL,2026-07-13 17:00,46.40,32.00,56.99,240.00,1.00,0.00,30.21,M,6.21,M,M,M,M,M,M,M,M,M,M,M,M,M,M,M,M,46.40,FABL 131700Z 24001KT CAVOK 08/M00 Q1023 NOSIG,M
FABL,2026-07-13 18:00,44.60,32.00,61.01,M,1.00,0.00,30.21,M,6.21,M,M,M,M,M,M,M,M,M,M,M,M,M,M,M,M,44.60,FABL 131800Z VRB01KT CAVOK 07/00 Q1023 NOSIG,M
FABL,2026-07-13 19:00,42.80,32.00,65.36,220.00,3.00,0.00,30.24,M,6.21,M,M,M,M,M,M,M,M,M,,M,M,M,M,M,M,41.03,FABL 131900Z AUTO 22003KT 9999 // ///////// 06/00 Q1024,M
FABL,2026-07-13 20:00,39.20,32.00,75.14,230.00,2.00,0.00,30.24,M,6.21,M,M,M,M,M,M,M,M,M,,M,M,M,M,M,M,39.20,FABL 132000Z AUTO 23002KT 9999 // ///////// 04/M00 Q1024,M
FABL,2026-07-13 21:00,39.20,32.00,75.14,0.00,0.00,0.00,30.24,M,5.59,M,M,M,M,M,M,M,M,M,,M,M,M,M,M,M,39.20,FABL 132100Z AUTO 00000KT 9000 // ///////// 04/M00 Q1024,M
FABL,2026-07-13 22:00,35.60,30.20,80.49,200.00,2.00,0.00,30.24,M,4.35,M,M,M,M,M,M,M,M,M,,M,M,M,M,M,M,35.60,FABL 132200Z AUTO 20002KT 7000 // ///////// 02/M01 Q1024,M
FABL,2026-07-13 23:00,35.60,30.20,80.49,M,2.00,0.00,30.24,M,4.97,M,M,M,M,M,M,M,M,M,,M,M,M,M,M,M,35.60,FABL 132300Z AUTO VRB02KT 8000 // ///////// 02/M01 Q1024,M
FABL,2026-07-14 00:00,33.80,30.20,86.48,270.00,1.00,0.00,30.27,M,5.59,M,M,M,M,M,M,M,M,M,,M,M,M,M,M,M,33.80,FABL 140000Z AUTO 27001KT 9000 // ///////// 01/M01 Q1025,M
FABL,2026-07-14 01:00,33.80,30.20,86.48,220.00,2.00,0.00,30.24,M,6.21,M,M,M,M,M,M,M,M,M,,M,M,M,M,M,M,33.80,FABL 140100Z AUTO 22002KT 9999 // ///////// 01/M01 Q1024,M
FABL,2026-07-14 02:00,33.80,30.20,86.48,0.00,0.00,0.00,30.24,M,6.21,M,M,M,M,M,M,M,M,M,,M,M,M,M,M,M,33.80,FABL 140200Z AUTO 00000KT 9999 // ///////// 01/M01 Q1024,M
FABL,2026-07-14 03:00,32.00,26.60,80.20,0.00,0.00,0.00,30.24,M,6.21,M,M,M,M,M,M,M,M,M,M,M,M,M,M,M,M,32.00,FABL 140300Z 00000KT CAVOK M00/M03 Q1024 NOSIG,M
FABL,2026-07-14 04:00,32.00,28.40,86.38,0.00,0.00,0.00,30.27,M,6.21,M,M,M,M,M,M,M,M,M,M,M,M,M,M,M,M,32.00,FABL 140400Z 00000KT CAVOK M00/M02 Q1025 NOSIG,M
FABL,2026-07-14 05:00,30.20,28.40,92.91,330.00,1.00,0.00,30.27,M,6.21,M,M,M,M,M,M,M,M,M,M,M,M,M,M,M,M,30.20,FABL 140500Z 33001KT CAVOK M01/M02 Q1025 NOSIG,M
FABL,2026-07-14 06:00,35.60,32.00,86.58,0.00,0.00,0.00,30.30,M,6.21,M,M,M,M,M,M,M,M,M,M,M,M,M,M,M,M,35.60,FABL 140600Z 00000KT CAVOK 02/00 Q1026 NOSIG,M
FABL,2026-07-14 07:00,46.40,35.60,65.82,M,1.00,0.00,30.30,M,6.21,M,M,M,M,M,M,M,M,M,M,M,M,M,M,M,M,46.40,FABL 140700Z VRB01KT CAVOK 08/02 Q1026 NOSIG,M
FABL,2026-07-14 09:00,59.00,41.00,51.18,M,3.00,0.00,30.30,M,6.21,M,M,M,M,M,M,M,M,M,M,M,M,M,M,M,M,59.00,FABL 140900Z VRB03KT CAVOK 15/05 Q1026 NOSIG,M
FABL,2026-07-14 10:00,64.40,41.00,42.30,320.00,8.00,0.00,30.27,M,6.21,M,M,M,M,M,M,M,M,M,M,M,M,M,M,M,M,64.40,FABL 141000Z 32008KT 280V360 CAVOK 18/05 Q1025 NOSIG,M
FABL,2026-07-14 11:00,66.20,39.20,37.04,320.00,7.00,0.00,30.27,M,6.21,M,M,M,M,M,M,M,M,M,M,M,M,M,M,M,M,66.20,FABL 141100Z 32007KT 190V350 CAVOK 19/04 Q1025 NOSIG,M
FABL,2026-07-14 12:00,68.00,35.60,30.21,320.00,8.00,0.00,30.24,M,6.21,M,M,M,M,M,M,M,M,M,M,M,M,M,M,M,M,68.00,FABL 141200Z 32008KT 280V360 CAVOK 20/02 Q1024 NOSIG,M
FABL,2026-07-14 13:00,69.80,28.40,21.24,290.00,7.00,0.00,30.24,M,6.21,M,M,M,M,M,M,M,M,M,M,M,M,M,M,M,M,69.80,FABL 141300Z 29007KT 250V330 CAVOK 21/M02 Q1024 NOSIG,M
FABL,2026-07-14 14:00,68.00,26.60,20.98,300.00,6.00,0.00,30.24,M,6.21,M,M,M,M,M,M,M,M,M,M,M,M,M,M,M,M,68.00,FABL 141400Z 30006KT 240V340 CAVOK 20/M03 Q1024 NOSIG,M
FABL,2026-07-14 15:00,66.20,28.40,24.04,280.00,3.00,0.00,30.21,M,6.21,M,M,M,M,M,M,M,M,M,M,M,M,M,M,M,M,66.20,FABL 141500Z 28003KT 230V330 CAVOK 19/M02 Q1023 NOSIG,M
FABL,2026-07-14 16:00,57.20,26.60,30.68,250.00,3.00,0.00,30.24,M,6.21,M,M,M,M,M,M,M,M,M,M,M,M,M,M,M,M,57.20,FABL 141600Z 25003KT CAVOK 14/M03 Q1024 NOSIG,M
FABL,2026-07-14 17:00,48.20,28.40,46.00,260.00,3.00,0.00,30.24,M,6.21,M,M,M,M,M,M,M,M,M,M,M,M,M,M,M,M,47.21,FABL 141700Z 26003KT 220V280 CAVOK 09/M02 Q1024 NOSIG,M
FABL,2026-07-14 18:00,42.80,30.20,60.77,230.00,2.00,0.00,30.27,M,6.21,M,M,M,M,M,M,M,M,M,M,M,M,M,M,M,M,42.80,FABL 141800Z 23002KT CAVOK 06/M01 Q1025 NOSIG,M
FABL,2026-07-14 19:00,41.00,30.20,65.14,210.00,3.00,0.00,30.27,M,6.21,M,M,M,M,M,M,M,M,M,,M,M,M,M,M,M,38.98,FABL 141900Z AUTO 21003KT 9999 // ///////// 05/M01 Q1025,M
FABL,2026-07-14 20:00,37.40,30.20,74.97,200.00,3.00,0.00,30.30,M,6.21,M,M,M,M,M,M,M,M,M,,M,M,M,M,M,M,34.86,FABL 142000Z AUTO 20003KT 9999 // ///////// 03/M01 Q1026,M
FABL,2026-07-14 21:00,35.60,30.20,80.49,M,2.00,0.00,30.30,M,3.73,M,M,M,M,M,M,M,M,M,,M,M,M,M,M,M,35.60,FABL 142100Z AUTO VRB02KT 6000 // ///////// 02/M01 Q1026,M
FABL,2026-07-14 22:00,33.80,28.40,80.35,0.00,0.00,0.00,30.30,M,4.97,M,M,M,M,M,M,M,M,M,,M,M,M,M,M,M,33.80,FABL 142200Z AUTO 00000KT 8000 // ///////// 01/M02 Q1026,M
FABL,2026-07-14 23:00,32.00,26.60,80.20,M,1.00,0.00,30.30,M,4.35,M,M,M,M,M,M,M,M,M,,M,M,M,M,M,M,32.00,FABL 142300Z AUTO VRB01KT 7000 // ///////// 00/M03 Q1026,M
FABL,2026-07-15 00:00,32.00,26.60,80.20,200.00,2.00,0.00,30.30,M,4.97,M,M,M,M,M,M,M,M,M,,M,M,M,M,M,M,32.00,FABL 150000Z AUTO 20002KT 8000 // ///////// 00/M03 Q1026,M
FABL,2026-07-15 01:00,32.00,26.60,80.20,210.00,2.00,0.00,30.30,M,6.21,M,M,M,M,M,M,M,M,M,,M,M,M,M,M,M,32.00,FABL 150100Z AUTO 21002KT 9999 // ///////// M00/M03 Q1026,M
FABL,2026-07-15 02:00,30.20,26.60,86.27,140.00,2.00,0.00,30.30,M,4.35,M,M,M,M,M,M,M,M,M,,M,M,M,M,M,M,30.20,FABL 150200Z AUTO 14002KT 7000 // ///////// M01/M03 Q1026,M
FABL,2026-07-15 03:00,28.40,24.80,86.16,260.00,2.00,0.00,30.30,M,6.21,M,M,M,M,M,M,M,M,M,M,M,M,M,M,M,M,28.40,FABL 150300Z 26002KT CAVOK M02/M04 Q1026 NOSIG,M
FABL,2026-07-15 04:00,28.40,24.80,86.16,240.00,2.00,0.00,30.30,M,6.21,M,M,M,M,M,M,M,M,M,M,M,M,M,M,M,M,28.40,FABL 150400Z 24002KT CAVOK M02/M04 Q1026 NOSIG,M
FABL,2026-07-15 05:00,26.60,24.80,92.80,210.00,2.00,0.00,30.33,M,6.21,M,M,M,M,M,M,M,M,M,M,M,M,M,M,M,M,26.60,FABL 150500Z 21002KT CAVOK M03/M04 Q1027 NOSIG,M
FABL,2026-07-15 06:00,32.00,28.40,86.38,M,1.00,0.00,30.33,M,4.97,M,NSC,M,M,M,M,M,M,M,M,M,M,M,M,M,M,32.00,FABL 150600Z VRB01KT 8000 NSC 00/M02 Q1027 NOSIG,M
FABL,2026-07-15 07:00,42.80,32.00,65.36,M,1.00,0.00,30.36,M,6.21,M,M,M,M,M,M,M,M,M,M,M,M,M,M,M,M,42.80,FABL 150700Z VRB01KT CAVOK 06/00 Q1028 NOSIG,M
FABL,2026-07-15 08:00,51.80,33.80,50.07,M,1.00,0.00,30.39,M,6.21,M,M,M,M,M,M,M,M,M,M,M,M,M,M,M,M,51.80,FABL 150800Z VRB01KT CAVOK 11/01 Q1029 NOSIG,M
FABL,2026-07-15 09:00,60.80,30.20,31.27,M,2.00,0.00,30.39,M,6.21,M,M,M,M,M,M,M,M,M,M,M,M,M,M,M,M,60.80,FABL 150900Z VRB02KT CAVOK 16/M01 Q1029 NOSIG,M
FABL,2026-07-15 10:00,64.40,26.60,23.77,220.00,9.00,0.00,30.39,M,6.21,M,M,M,M,M,M,M,M,M,M,M,M,M,M,M,M,64.40,FABL 151000Z 22009KT 190V250 CAVOK 18/M03 Q1029 NOSIG,M
FABL,2026-07-15 11:00,64.40,26.60,23.77,230.00,7.00,0.00,30.36,M,6.21,M,M,M,M,M,M,M,M,M,M,M,M,M,M,M,M,64.40,FABL 151100Z 23007KT 210V280 CAVOK 18/M03 Q1028 NOSIG,M
FABL,2026-07-15 12:00,66.20,24.80,20.72,260.00,6.00,0.00,30.33,M,6.21,M,M,M,M,M,M,M,M,M,M,M,M,M,M,M,M,66.20,FABL 151200Z 26006KT 190V330 CAVOK 19/M04 Q1027 NOSIG,M
FABL,2026-07-15 15:00,66.20,19.40,16.49,240.00,6.00,0.00,30.33,M,6.21,M,M,M,M,M,M,M,M,M,M,M,M,M,M,M,M,66.20,FABL 151500Z 24006KT CAVOK 19/M07 Q1027 NOSIG,M
FABL,2026-07-15 17:00,51.80,24.80,34.67,M,1.00,0.00,30.36,M,6.21,M,M,M,M,M,M,M,M,M,M,M,M,M,M,M,M,51.80,FABL 151700Z VRB01KT CAVOK 11/M04 Q1028 NOSIG,M
FABL,2026-07-15 18:00,42.80,26.60,52.42,220.00,3.00,0.00,30.36,M,6.21,M,M,M,M,M,M,M,M,M,M,M,M,M,M,M,M,41.03,FABL 151800Z 22003KT CAVOK 06/M03 Q1028 NOSIG,M
FABL,2026-07-15 19:00,42.80,26.60,52.42,260.00,4.00,0.00,30.36,M,6.21,M,M,M,M,M,M,M,M,M,,M,M,M,M,M,M,40.03,FABL 151900Z AUTO 26004KT 9999 // ///////// 06/M03 Q1028,M
FABL,2026-07-15 20:00,39.20,28.40,64.91,180.00,5.00,0.00,30.39,M,5.59,M,M,M,M,M,M,M,M,M,,M,M,M,M,M,M,34.95,FABL 152000Z AUTO 18005KT 9000 // ///////// 04/M02 Q1029,M
FABL,2026-07-15 21:00,41.00,26.60,56.19,110.00,4.00,0.00,30.42,M,6.21,M,M,M,M,M,M,M,M,M,,M,M,M,M,M,M,37.93,FABL 152100Z AUTO 11004KT 030V130 9999 // ///////// 05/M03 Q1030,M
FABL,2026-07-15 22:00,37.40,28.40,69.65,120.00,3.00,0.00,30.42,M,6.21,M,M,M,M,M,M,M,M,M,,M,M,M,M,M,M,34.86,FABL 152200Z AUTO 12003KT 9999 // ///////// 03/M02 Q1030,M
FABL,2026-07-15 23:00,33.80,26.60,74.61,0.00,0.00,0.00,30.39,M,6.21,M,M,M,M,M,M,M,M,M,,M,M,M,M,M,M,33.80,FABL 152300Z AUTO 00000KT 9999 // ///////// 01/M03 Q1029,M
FABL,2026-07-16 00:00,32.00,26.60,80.20,M,2.00,0.00,30.39,M,6.21,M,M,M,M,M,M,M,M,M,,M,M,M,M,M,M,32.00,FABL 160000Z AUTO VRB02KT 9999 // ///////// 00/M03 Q1029,M
FABL,2026-07-16 01:00,33.80,26.60,74.61,210.00,4.00,0.00,30.39,M,6.21,M,M,M,M,M,M,M,M,M,,M,M,M,M,M,M,29.52,FABL 160100Z AUTO 21004KT 9999 // ///////// 01/M03 Q1029,M
FABL,2026-07-16 02:00,32.00,26.60,80.20,180.00,3.00,0.00,30.39,M,6.21,M,M,M,M,M,M,M,M,M,,M,M,M,M,M,M,28.69,FABL 160200Z AUTO 18003KT 9999 // ///////// 00/M03 Q1029,M
FABL,2026-07-16 03:00,30.20,26.60,86.27,40.00,3.00,0.00,30.39,M,6.21,M,M,M,M,M,M,M,M,M,,M,M,M,M,M,M,26.63,FABL 160300Z AUTO 04003KT 9999 // ///////// M01/M03 Q1029,M
FABL,2026-07-16 04:00,30.20,26.60,86.27,M,2.00,0.00,30.39,M,6.21,M,M,M,M,M,M,M,M,M,M,M,M,M,M,M,M,30.20,FABL 160400Z VRB02KT CAVOK M01/M03 Q1029 NOSIG,M
FABL,2026-07-16 05:00,30.20,26.60,86.27,260.00,1.00,0.00,30.42,M,6.21,M,M,M,M,M,M,M,M,M,M,M,M,M,M,M,M,30.20,FABL 160500Z 26001KT CAVOK M01/M03 Q1030 NOSIG,M
FABL,2026-07-16 06:00,32.00,28.40,86.38,M,2.00,0.00,30.45,M,6.21,M,M,M,M,M,M,M,M,M,M,M,M,M,M,M,M,32.00,FABL 160600Z VRB02KT CAVOK 00/M02 Q1031 NOSIG,M
FABL,2026-07-16 07:00,44.60,30.20,56.72,M,1.00,0.00,30.45,M,6.21,M,M,M,M,M,M,M,M,M,M,M,M,M,M,M,M,44.60,FABL 160700Z VRB01KT CAVOK 07/M01 Q1031 NOSIG,M
FABL,2026-07-16 08:00,50.00,32.00,49.79,40.00,3.00,0.00,30.45,M,6.21,M,M,M,M,M,M,M,M,M,M,M,M,M,M,M,M,50.00,FABL 160800Z 04003KT 330V080 CAVOK 10/00 Q1031 NOSIG,M
FABL,2026-07-16 09:00,59.00,30.20,33.34,M,2.00,0.00,30.45,M,6.21,M,M,M,M,M,M,M,M,M,M,M,M,M,M,M,M,59.00,FABL 160900Z VRB02KT CAVOK 15/M01 Q1031 NOSIG,M
FABL,2026-07-16 10:00,64.40,24.80,22.05,M,2.00,0.00,30.42,M,6.21,M,M,M,M,M,M,M,M,M,M,M,M,M,M,M,M,64.40,FABL 161000Z VRB02KT CAVOK 18/M04 Q1030 NOSIG,M
FABL,2026-07-16 11:00,68.00,24.80,19.47,M,2.00,0.00,30.39,M,6.21,M,M,M,M,M,M,M,M,M,M,M,M,M,M,M,M,68.00,FABL 161100Z VRB02KT CAVOK 20/M04 Q1029 NOSIG,M
FABL,2026-07-16 12:00,69.80,24.80,18.31,190.00,4.00,0.00,30.36,M,6.21,M,M,M,M,M,M,M,M,M,M,M,M,M,M,M,M,69.80,FABL 161200Z 19004KT 090V250 CAVOK 21/M04 Q1028 NOSIG,M
FABL,2026-07-16 13:00,69.80,24.80,18.31,230.00,6.00,0.00,30.36,M,6.21,M,M,M,M,M,M,M,M,M,M,M,M,M,M,M,M,69.80,FABL 161300Z 23006KT 190V290 CAVOK 21/M04 Q1028 NOSIG,M
FABL,2026-07-16 14:00,69.80,24.80,18.31,230.00,7.00,0.00,30.36,M,6.21,M,M,M,M,M,M,M,M,M,M,M,M,M,M,M,M,69.80,FABL 161400Z 23007KT CAVOK 21/M04 Q1028 NOSIG,M
FABL,2026-07-16 15:00,68.00,26.60,20.98,250.00,4.00,0.00,30.36,M,6.21,M,M,M,M,M,M,M,M,M,M,M,M,M,M,M,M,68.00,FABL 161500Z 25004KT CAVOK 20/M03 Q1028 NOSIG,M
FABL,2026-07-16 16:00,59.00,26.60,28.76,280.00,3.00,0.00,30.36,M,6.21,M,M,M,M,M,M,M,M,M,M,M,M,M,M,M,M,59.00,FABL 161600Z 28003KT CAVOK 15/M03 Q1028 NOSIG,M
FABL,2026-07-16 17:00,51.80,30.20,43.30,230.00,4.00,0.00,30.36,M,6.21,M,M,M,M,M,M,M,M,M,M,M,M,M,M,M,M,51.80,FABL 161700Z 23004KT 180V260 CAVOK 11/M01 Q1028 NOSIG,M
FABL,2026-07-16 18:00,48.20,30.20,49.51,170.00,1.00,0.00,30.39,M,6.21,M,M,M,M,M,M,M,M,M,M,M,M,M,M,M,M,48.20,FABL 161800Z 17001KT CAVOK 09/M01 Q1029 NOSIG,M
FABL,2026-07-16 19:00,42.80,30.20,60.77,0.00,0.00,0.00,30.39,M,6.21,M,M,M,M,M,M,M,M,M,,M,M,M,M,M,M,42.80,FABL 161900Z AUTO 00000KT 9999 // ///////// 06/M01 Q1029,M
FABL,2026-07-16 20:00,41.00,30.20,65.14,220.00,1.00,0.00,30.39,M,6.21,M,M,M,M,M,M,M,M,M,,M,M,M,M,M,M,41.00,FABL 162000Z AUTO 22001KT 9999 // ///////// 05/M01 Q1029,M
FABL,2026-07-16 21:00,37.40,30.20,74.97,190.00,1.00,0.00,30.39,M,6.21,M,M,M,M,M,M,M,M,M,,M,M,M,M,M,M,37.40,FABL 162100Z AUTO 19001KT 9999 // ///////// 03/M01 Q1029,M
FABL,2026-07-16 22:00,37.40,30.20,74.97,210.00,2.00,0.00,30.39,M,6.21,M,M,M,M,M,M,M,M,M,,M,M,M,M,M,M,37.40,FABL 162200Z AUTO 21002KT 9999 // ///////// 03/M01 Q1029,M
FABL,2026-07-16 23:00,37.40,30.20,74.97,M,1.00,0.00,30.39,M,6.21,M,M,M,M,M,M,M,M,M,,M,M,M,M,M,M,37.40,FABL 162300Z AUTO VRB01KT 9999 // ///////// 03/M01 Q1029,M
FABL,2026-07-17 00:00,33.80,28.40,80.35,230.00,3.00,0.00,30.39,M,6.21,M,M,M,M,M,M,M,M,M,,M,M,M,M,M,M,30.75,FABL 170000Z AUTO 23003KT 9999 // ///////// 01/M02 Q1029,M
FABL,2026-07-17 01:00,33.80,30.20,86.48,200.00,1.00,0.00,30.36,M,6.21,M,M,M,M,M,M,M,M,M,,M,M,M,M,M,M,33.80,FABL 170100Z AUTO 20001KT 9999 // ///////// 01/M01 Q1028,M
FABL,2026-07-17 02:00,32.00,28.40,86.38,150.00,2.00,0.00,30.36,M,5.59,M,M,M,M,M,M,M,M,M,,M,M,M,M,M,M,32.00,FABL 170200Z AUTO 15002KT 9000 // ///////// 00/M02 Q1028,M
FABL,2026-07-17 03:00,30.20,26.60,86.27,250.00,2.00,0.00,30.36,M,4.97,M,NSC,M,M,M,M,M,M,M,M,M,M,M,M,M,M,30.20,FABL 170300Z 25002KT 8000 NSC M01/M03 Q1028 NOSIG,M
FABL,2026-07-17 04:00,30.20,26.60,86.27,M,1.00,0.00,30.36,M,4.97,M,NSC,M,M,M,M,M,M,M,M,M,M,M,M,M,M,30.20,FABL 170400Z VRB01KT 8000 NSC M01/M03 Q1028 NOSIG,M
FABL,2026-07-17 05:00,30.20,26.60,86.27,220.00,1.00,0.00,30.36,M,4.35,M,NSC,M,M,M,M,M,M,M,M,M,M,M,M,M,M,30.20,FABL 170500Z 22001KT 7000 NSC M01/M03 Q1028 NOSIG,M
FABL,2026-07-17 07:00,48.20,33.80,57.25,0.00,0.00,0.00,30.39,M,5.59,M,NSC,M,M,M,M,M,M,M,M,M,M,M,M,M,M,48.20,FABL 170700Z 00000KT 9000 NSC 09/01 Q1029 NOSIG,M
FABL,2026-07-17 08:00,53.60,33.80,46.87,M,2.00,0.00,30.42,M,6.21,M,M,M,M,M,M,M,M,M,M,M,M,M,M,M,M,53.60,FABL 170800Z VRB02KT CAVOK 12/01 Q1030 NOSIG,M
FABL,2026-07-17 09:00,60.80,28.40,29.05,80.00,3.00,0.00,30.42,M,6.21,M,M,M,M,M,M,M,M,M,M,M,M,M,M,M,M,60.80,FABL 170900Z 08003KT 050V110 CAVOK 16/M02 Q1030 NOSIG,M
FABL,2026-07-17 10:00,64.40,26.60,23.77,M,2.00,0.00,30.39,M,6.21,M,M,M,M,M,M,M,M,M,M,M,M,M,M,M,M,64.40,FABL 171000Z VRB02KT CAVOK 18/M03 Q1029 NOSIG,M
FABL,2026-07-17 11:00,68.00,24.80,19.47,M,3.00,0.00,30.36,M,6.21,M,M,M,M,M,M,M,M,M,M,M,M,M,M,M,M,68.00,FABL 171100Z VRB03KT CAVOK 20/M04 Q1028 NOSIG,M
FABL,2026-07-17 12:00,69.80,26.60,19.73,230.00,6.00,0.00,30.33,M,6.21,M,M,M,M,M,M,M,M,M,M,M,M,M,M,M,M,69.80,FABL 171200Z 23006KT 190V280 CAVOK 21/M03 Q1027 NOSIG,M
FABL,2026-07-17 13:00,69.80,23.00,16.98,260.00,6.00,0.00,30.30,M,6.21,M,M,M,M,M,M,M,M,M,M,M,M,M,M,M,M,69.80,FABL 171300Z 26006KT 220V310 CAVOK 21/M05 Q1026 NOSIG,M
FABL,2026-07-17 14:00,69.80,21.20,15.73,250.00,6.00,0.00,30.30,M,6.21,M,M,M,M,M,M,M,M,M,M,M,M,M,M,M,M,69.80,FABL 171400Z 25006KT 220V320 CAVOK 21/M06 Q1026 NOSIG,M
FABL,2026-07-17 15:00,68.00,23.00,18.06,270.00,5.00,0.00,30.30,M,6.21,M,M,M,M,M,M,M,M,M,M,M,M,M,M,M,M,68.00,FABL 171500Z 27005KT CAVOK 20/M05 Q1026 NOSIG,M
FABL,2026-07-17 16:00,60.80,24.80,25.03,280.00,3.00,0.00,30.33,M,6.21,M,M,M,M,M,M,M,M,M,M,M,M,M,M,M,M,60.80,FABL 171600Z 28003KT CAVOK 16/M04 Q1027 NOSIG,M
FABL,2026-07-17 17:00,53.60,26.60,34.97,300.00,5.00,0.00,30.33,M,6.21,M,M,M,M,M,M,M,M,M,M,M,M,M,M,M,M,53.60,FABL 171700Z 30005KT CAVOK 12/M03 Q1027 NOSIG,M
FABL,2026-07-17 18:00,48.20,26.60,42.71,M,2.00,0.00,30.33,M,6.21,M,M,M,M,M,M,M,M,M,M,M,M,M,M,M,M,48.20,FABL 171800Z VRB02KT CAVOK 09/M03 Q1027 NOSIG,M
FABL,2026-07-17 19:00,42.80,28.40,56.46,180.00,3.00,0.00,30.33,M,6.21,M,M,M,M,M,M,M,M,M,,M,M,M,M,M,M,41.03,FABL 171900Z AUTO 18003KT 9999 // ///////// 06/M02 Q1027,M
FABL,2026-07-17 20:00,42.80,28.40,56.46,210.00,5.00,0.00,30.33,M,4.97,M,M,M,M,M,M,M,M,M,,M,M,M,M,M,M,39.22,FABL 172000Z AUTO 21005KT 8000 // ///////// 06/M02 Q1027,M
FABL,2026-07-17 21:00,39.20,28.40,64.91,180.00,1.00,0.00,30.33,M,5.59,M,M,M,M,M,M,M,M,M,,M,M,M,M,M,M,39.20,FABL 172100Z AUTO 18001KT 9000 // ///////// 04/M02 Q1027,M
FABL,2026-07-17 22:00,37.40,28.40,69.65,240.00,2.00,0.00,30.33,M,6.21,M,M,M,M,M,M,M,M,M,,M,M,M,M,M,M,37.40,FABL 172200Z AUTO 24002KT 9999 // ///////// 03/M02 Q1027,M
FABL,2026-07-17 23:00,35.60,28.40,74.79,0.00,0.00,0.00,30.30,M,6.21,M,M,M,M,M,M,M,M,M,,M,M,M,M,M,M,35.60,FABL 172300Z AUTO 00000KT 9999 // ///////// 02/M02 Q1026,M
FABL,2026-07-18 00:00,35.60,30.20,80.49,180.00,2.00,0.00,30.30,M,4.35,M,M,M,M,M,M,M,M,M,,M,M,M,M,M,M,35.60,FABL 180000Z AUTO 18002KT 7000 // ///////// 02/M01 Q1026,M
FABL,2026-07-18 01:00,33.80,28.40,80.35,0.00,0.00,0.00,30.30,M,6.21,M,M,M,M,M,M,M,M,M,,M,M,M,M,M,M,33.80,FABL 180100Z AUTO 00000KT 9999 // ///////// 01/M02 Q1026,M
FABL,2026-07-18 02:00,33.80,28.40,80.35,210.00,1.00,0.00,30.27,M,6.21,M,M,M,M,M,M,M,M,M,,M,M,M,M,M,M,33.80,FABL 180200Z AUTO 21001KT 9999 // ///////// 01/M02 Q1025,M
FABL,2026-07-18 03:00,32.00,28.40,86.38,250.00,3.00,0.00,30.27,M,6.21,M,M,M,M,M,M,M,M,M,M,M,M,M,M,M,M,28.69,COR FABL 180300Z 25003KT CAVOK 00/M02 Q1025 NOSIG,M
FABL,2026-07-18 04:00,32.00,26.60,80.20,250.00,1.00,0.00,30.30,M,6.21,M,M,M,M,M,M,M,M,M,M,M,M,M,M,M,M,32.00,FABL 180400Z 25001KT CAVOK 00/M03 Q1026 NOSIG,M
FABL,2026-07-18 05:00,32.00,26.60,80.20,0.00,0.00,0.00,30.30,M,6.21,M,M,M,M,M,M,M,M,M,M,M,M,M,M,M,M,32.00,FABL 180500Z 00000KT CAVOK M00/M03 Q1026 NOSIG,M
FABL,2026-07-18 06:00,35.60,30.20,80.49,M,1.00,0.00,30.30,M,6.21,M,M,M,M,M,M,M,M,M,M,M,M,M,M,M,M,35.60,FABL 180600Z VRB01KT CAVOK 02/M01 Q1026 NOSIG,M
FABL,2026-07-18 07:00,42.80,32.00,65.36,M,2.00,0.00,30.30,M,6.21,M,M,M,M,M,M,M,M,M,M,M,M,M,M,M,M,42.80,FABL 180700Z VRB02KT CAVOK 06/00 Q1026 NOSIG,M
FABL,2026-07-18 08:00,53.60,33.80,46.87,40.00,4.00,0.00,30.33,M,6.21,M,M,M,M,M,M,M,M,M,M,M,M,M,M,M,M,53.60,FABL 180800Z 04004KT 350V070 CAVOK 12/01 Q1027 NOSIG,M
FABL,2026-07-18 09:00,64.40,32.00,29.63,360.00,3.00,0.00,30.30,M,6.21,M,M,M,M,M,M,M,M,M,M,M,M,M,M,M,M,64.40,FABL 180900Z 36003KT 310V080 CAVOK 18/M00 Q1026 NOSIG,M
FABL,2026-07-18 10:00,68.00,26.60,20.98,300.00,6.00,0.00,30.30,M,6.21,M,M,M,M,M,M,M,M,M,M,M,M,M,M,M,M,68.00,FABL 181000Z 30006KT 250V330 CAVOK 20/M03 Q1026 NOSIG,M
FABL,2026-07-18 11:00,69.80,23.00,16.98,270.00,10.00,0.00,30.24,M,6.21,M,M,M,M,M,M,M,M,M,M,M,M,M,M,M,M,69.80,FABL 181100Z 27010KT CAVOK 21/M05 Q1024 NOSIG,M
FABL,2026-07-18 12:00,69.80,23.00,16.98,250.00,12.00,0.00,30.24,M,6.21,M,M,M,M,M,M,M,M,M,M,M,M,M,M,M,M,69.80,FABL 181200Z 25012KT 220V280 CAVOK 21/M05 Q1024 NOSIG,M
FABL,2026-07-18 13:00,71.60,23.00,15.97,260.00,10.00,0.00,30.21,M,6.21,M,M,M,M,M,M,M,M,M,M,M,M,M,M,M,M,71.60,FABL 181300Z 26010KT CAVOK 22/M05 Q1023 NOSIG,M
FABL,2026-07-18 14:00,71.60,19.40,13.71,260.00,11.00,0.00,30.21,M,6.21,M,M,M,M,M,M,M,M,M,M,M,M,M,M,M,M,71.60,FABL 181400Z 26011KT 220V280 CAVOK 22/M07 Q1023 NOSIG,M
FABL,2026-07-18 15:00,69.80,23.00,16.98,260.00,5.00,0.00,30.21,M,6.21,M,M,M,M,M,M,M,M,M,M,M,M,M,M,M,M,69.80,FABL 181500Z 26005KT 230V300 CAVOK 21/M05 Q1023 NOSIG,M
FABL,2026-07-18 16:00,62.60,21.20,20.19,270.00,4.00,0.00,30.21,M,6.21,M,M,M,M,M,M,M,M,M,M,M,M,M,M,M,M,62.60,FABL 181600Z 27004KT CAVOK 17/M06 Q1023 NOSIG,M
FABL,2026-07-18 17:00,55.40,24.80,30.39,280.00,3.00,0.00,30.24,M,6.21,M,M,M,M,M,M,M,M,M,M,M,M,M,M,M,M,55.40,FABL 181700Z 28003KT CAVOK 13/M04 Q1024 NOSIG,M
FABL,2026-07-18 18:00,48.20,26.60,42.71,260.00,2.00,0.00,30.24,M,6.21,M,M,M,M,M,M,M,M,M,M,M,M,M,M,M,M,48.20,FABL 181800Z 26002KT CAVOK 09/M03 Q1024 NOSIG,M
FABL,2026-07-18 19:00,44.60,28.40,52.70,M,2.00,0.00,30.24,M,6.21,M,M,M,M,M,M,M,M,M,,M,M,M,M,M,M,44.60,FABL 181900Z AUTO VRB02KT 9999 // ///////// 07/M02 Q1024,M
FABL,2026-07-18 20:00,41.00,28.40,60.52,M,1.00,0.00,30.24,M,6.21,M,M,M,M,M,M,M,M,M,,M,M,M,M,M,M,41.00,FABL 182000Z AUTO VRB01KT 9999 // ///////// 05/M02 Q1024,M
FABL,2026-07-18 21:00,41.00,28.40,60.52,170.00,2.00,0.00,30.24,M,6.21,M,M,M,M,M,M,M,M,M,,M,M,M,M,M,M,41.00,FABL 182100Z AUTO 17002KT 9999 // ///////// 05/M02 Q1024,M
FABL,2026-07-18 22:00,37.40,26.60,64.67,M,1.00,0.00,30.24,M,6.21,M,M,M,M,M,M,M,M,M,,M,M,M,M,M,M,37.40,FABL 182200Z AUTO VRB01KT 9999 // ///////// 03/M03 Q1024,M
FABL,2026-07-18 23:00,35.60,26.60,69.44,0.00,0.00,0.00,30.24,M,6.21,M,M,M,M,M,M,M,M,M,,M,M,M,M,M,M,35.60,FABL 182300Z AUTO 00000KT 9999 // ///////// 02/M03 Q1024,M
FABL,2026-07-19 00:00,33.80,26.60,74.61,230.00,2.00,0.00,30.24,M,6.21,M,M,M,M,M,M,M,M,M,,M,M,M,M,M,M,33.80,FABL 190000Z AUTO 23002KT 9999 // ///////// 01/M03 Q1024,M
FABL,2026-07-19 01:00,32.00,26.60,80.20,180.00,2.00,0.00,30.24,M,4.97,M,M,M,M,M,M,M,M,M,,M,M,M,M,M,M,32.00,FABL 190100Z AUTO 18002KT 8000 // ///////// 00/M03 Q1024,M
FABL,2026-07-19 02:00,32.00,26.60,80.20,230.00,1.00,0.00,30.24,M,6.21,M,M,M,M,M,M,M,M,M,,M,M,M,M,M,M,32.00,FABL 190200Z AUTO 23001KT 9999 // ///////// M00/M03 Q1024,M
FABL,2026-07-19 03:00,30.20,26.60,86.27,160.00,2.00,0.00,30.24,M,6.21,M,M,M,M,M,M,M,M,M,M,M,M,M,M,M,M,30.20,FABL 190300Z 16002KT CAVOK M01/M03 Q1024 NOSIG,M
FABL,2026-07-19 04:00,30.20,24.80,80.06,0.00,0.00,0.00,30.24,M,6.21,M,M,M,M,M,M,M,M,M,M,M,M,M,M,M,M,30.20,FABL 190400Z 00000KT CAVOK M01/M04 Q1024 NOSIG,M
FABL,2026-07-19 05:00,28.40,24.80,86.16,170.00,1.00,0.00,30.24,M,6.21,M,M,M,M,M,M,M,M,M,M,M,M,M,M,M,M,28.40,FABL 190500Z 17001KT CAVOK M02/M04 Q1024 NOSIG,M
FABL,2026-07-19 06:00,32.00,26.60,80.20,M,1.00,0.00,30.27,M,4.35,M,NSC,M,M,M,M,M,M,M,M,M,M,M,M,M,M,32.00,FABL 190600Z VRB01KT 7000 NSC 00/M03 Q1025 NOSIG,M
FABL,2026-07-19 07:00,42.80,32.00,65.36,0.00,0.00,0.00,30.27,M,6.21,M,M,M,M,M,M,M,M,M,M,M,M,M,M,M,M,42.80,FABL 190700Z 00000KT CAVOK 06/M00 Q1025 NOSIG,M
FABL,2026-07-19 09:00,59.00,28.40,30.98,M,2.00,0.00,30.27,M,6.21,M,M,M,M,M,M,M,M,M,M,M,M,M,M,M,M,59.00,FABL 190900Z VRB02KT CAVOK 15/M02 Q1025 NOSIG,M
FABL,2026-07-19 10:00,68.00,26.60,20.98,10.00,3.00,0.00,30.24,M,6.21,M,M,M,M,M,M,M,M,M,M,M,M,M,M,M,M,68.00,FABL 191000Z 01003KT 290V090 CAVOK 20/M03 Q1024 NOSIG,M
FABL,2026-07-19 11:00,69.80,19.40,14.57,280.00,9.00,0.00,30.18,M,6.21,M,M,M,M,M,M,M,M,M,M,M,M,M,M,M,M,69.80,FABL 191100Z 28009KT CAVOK 21/M07 Q1022 NOSIG,M
FABL,2026-07-19 12:00,69.80,19.40,14.57,240.00,10.00,0.00,30.18,M,6.21,M,M,M,M,M,M,M,M,M,M,M,M,M,M,M,M,69.80,FABL 191200Z 24010KT 190V270 CAVOK 21/M07 Q1022 NOSIG,M
FABL,2026-07-19 13:00,69.80,21.20,15.73,280.00,8.00,0.00,30.15,M,6.21,M,M,M,M,M,M,M,M,M,M,M,M,M,M,M,M,69.80,FABL 191300Z 28008KT 250V320 CAVOK 21/M06 Q1021 NOSIG,M
FABL,2026-07-19 14:00,69.80,19.40,14.57,250.00,12.00,0.00,30.12,M,6.21,M,M,M,M,M,M,M,M,M,M,M,M,M,M,M,M,69.80,FABL 191400Z 25012KT 210V270 CAVOK 21/M07 Q1020 NOSIG,M
FABL,2026-07-19 15:00,68.00,21.20,16.73,240.00,8.00,0.00,30.15,M,6.21,M,M,M,M,M,M,M,M,M,M,M,M,M,M,M,M,68.00,FABL 191500Z 24008KT CAVOK 20/M06 Q1021 NOSIG,M
FABL,2026-07-19 16:00,60.80,21.20,21.52,270.00,3.00,0.00,30.15,M,6.21,M,M,M,M,M,M,M,M,M,M,M,M,M,M,M,M,60.80,FABL 191600Z 27003KT CAVOK 16/M06 Q1021 NOSIG,M
FABL,2026-07-19 17:00,50.00,24.80,37.06,270.00,2.00,0.00,30.15,M,6.21,M,M,M,M,M,M,M,M,M,M,M,M,M,M,M,M,50.00,FABL 191700Z 27002KT CAVOK 10/M04 Q1021 NOSIG,M
FABL,2026-07-19 18:00,46.40,24.80,42.41,310.00,3.00,0.00,30.15,M,6.21,M,M,M,M,M,M,M,M,M,M,M,M,M,M,M,M,45.15,FABL 191800Z 31003KT CAVOK 08/M04 Q1021 NOSIG,M
FABL,2026-07-19 19:00,42.80,26.60,52.42,150.00,2.00,0.00,30.15,M,6.21,M,M,M,M,M,M,M,M,M,,M,M,M,M,M,M,42.80,FABL 191900Z AUTO 15002KT 9999 // ///////// 06/M03 Q1021,M
FABL,2026-07-19 20:00,39.20,28.40,64.91,0.00,0.00,0.00,30.15,M,6.21,M,M,M,M,M,M,M,M,M,,M,M,M,M,M,M,39.20,FABL 192000Z AUTO 00000KT 9999 // ///////// 04/M02 Q1021,M
FABL,2026-07-19 21:00,39.20,28.40,64.91,130.00,2.00,0.00,30.18,M,6.21,M,M,M,M,M,M,M,M,M,,M,M,M,M,M,M,39.20,FABL 192100Z AUTO 13002KT 9999 // ///////// 04/M02 Q1022,M
FABL,2026-07-19 22:00,35.60,28.40,74.79,200.00,3.00,0.00,30.15,M,6.21,M,M,M,M,M,M,M,M,M,,M,M,M,M,M,M,32.80,FABL 192200Z AUTO 20003KT 9999 // ///////// 02/M02 Q1021,M
FABL,2026-07-19 23:00,35.60,26.60,69.44,M,2.00,0.00,30.18,M,6.21,M,M,M,M,M,M,M,M,M,,M,M,M,M,M,M,35.60,FABL 192300Z AUTO VRB02KT 9999 // ///////// 02/M03 Q1022,M
FABL,2026-07-20 00:00,33.80,28.40,80.35,M,2.00,0.00,30.15,M,6.21,M,M,M,M,M,M,M,M,M,,M,M,M,M,M,M,33.80,FABL 200000Z AUTO VRB02KT 9999 // ///////// 01/M02 Q1021,M
FABL,2026-07-20 01:00,32.00,26.60,80.20,270.00,3.00,0.00,30.15,M,5.59,M,M,M,M,M,M,M,M,M,,M,M,M,M,M,M,28.69,FABL 200100Z AUTO 27003KT 9000 // ///////// 00/M03 Q1021,M
FABL,2026-07-20 02:00,32.00,26.60,80.20,0.00,0.00,0.00,30.15,M,4.35,M,M,M,M,M,M,M,M,M,,M,M,M,M,M,M,32.00,FABL 200200Z AUTO 00000KT 7000 // ///////// 00/M03 Q1021,M
FABL,2026-07-20 03:00,30.20,26.60,86.27,190.00,1.00,0.00,30.15,M,5.59,M,M,M,M,M,M,M,M,M,,M,M,M,M,M,M,30.20,FABL 200300Z AUTO 19001KT 9000 // ///////// M01/M03 Q1021,M
FABL,2026-07-20 04:00,30.20,24.80,80.06,210.00,2.00,0.00,30.15,M,4.35,M,M,M,M,M,M,M,M,M,,M,M,M,M,M,M,30.20,FABL 200400Z AUTO 21002KT 7000 // ///////// M01/M04 Q1021,M
FABL,2026-07-20 05:00,28.40,24.80,86.16,M,2.00,0.00,30.18,M,6.21,M,M,M,M,M,M,M,M,M,M,M,M,M,M,M,M,28.40,FABL 200500Z VRB02KT CAVOK M02/M04 Q1022 NOSIG,M
FABL,2026-07-20 06:00,33.80,28.40,80.35,M,2.00,0.00,30.18,M,6.21,M,M,M,M,M,M,M,M,M,M,M,M,M,M,M,M,33.80,FABL 200600Z VRB02KT CAVOK 01/M02 Q1022 NOSIG,M
FABL,2026-07-20 07:00,42.80,30.20,60.77,M,2.00,0.00,30.21,M,6.21,M,M,M,M,M,M,M,M,M,M,M,M,M,M,M,M,42.80,FABL 200700Z VRB02KT CAVOK 06/M01 Q1023 NOSIG,M
FABL,2026-07-20 08:00,51.80,32.00,46.58,M,2.00,0.00,30.21,M,6.21,M,M,M,M,M,M,M,M,M,M,M,M,M,M,M,M,51.80,FABL 200800Z VRB02KT CAVOK 11/M00 Q1023 NOSIG,M
FABL,2026-07-20 09:00,59.00,28.40,30.98,70.00,3.00,0.00,30.18,M,6.21,M,M,M,M,M,M,M,M,M,M,M,M,M,M,M,M,59.00,FABL 200900Z 07003KT 360V110 CAVOK 15/M02 Q1022 NOSIG,M
FABL,2026-07-20 10:00,64.40,26.60,23.77,M,3.00,0.00,30.18,M,6.21,M,M,M,M,M,M,M,M,M,M,M,M,M,M,M,M,64.40,FABL 201000Z VRB03KT CAVOK 18/M03 Q1022 NOSIG,M
FABL,2026-07-20 11:00,66.20,19.40,16.49,280.00,10.00,0.00,30.15,M,6.21,M,M,M,M,M,M,M,M,M,M,M,M,M,M,M,M,66.20,FABL 201100Z 28010KT CAVOK 19/M07 Q1021 NOSIG,M
FABL,2026-07-20 12:00,68.00,21.20,16.73,230.00,9.00,0.00,30.12,M,6.21,M,M,M,M,M,M,M,M,M,M,M,M,M,M,M,M,68.00,FABL 201200Z 23009KT 200V270 CAVOK 20/M06 Q1020 NOSIG,M
FABL,2026-07-20 13:00,68.00,23.00,18.06,270.00,8.00,0.00,30.12,M,6.21,M,M,M,M,M,M,M,M,M,M,M,M,M,M,M,M,68.00,FABL 201300Z 27008KT 240V300 CAVOK 20/M05 Q1020 NOSIG,M
FABL,2026-07-20 14:00,68.00,19.40,15.50,260.00,4.00,0.00,30.12,M,6.21,M,M,M,M,M,M,M,M,M,M,M,M,M,M,M,M,68.00,FABL 201400Z 26004KT 220V320 CAVOK 20/M07 Q1020 NOSIG,M
FABL,2026-07-20 15:00,66.20,21.20,17.81,300.00,6.00,0.00,30.12,M,6.21,M,M,M,M,M,M,M,M,M,M,M,M,M,M,M,M,66.20,FABL 201500Z 30006KT CAVOK 19/M06 Q1020 NOSIG,M
FABL,2026-07-20 16:00,59.00,21.20,22.94,300.00,5.00,0.00,30.12,M,6.21,M,M,M,M,M,M,M,M,M,M,M,M,M,M,M,M,59.00,FABL 201600Z 30005KT CAVOK 15/M06 Q1020 NOSIG,M
FABL,2026-07-20 17:00,53.60,21.20,27.89,290.00,5.00,0.00,30.12,M,6.21,M,M,M,M,M,M,M,M,M,M,M,M,M,M,M,M,53.60,FABL 201700Z 29005KT CAVOK 12/M06 Q1020 NOSIG,M
FABL,2026-07-20 18:00,46.40,24.80,42.41,150.00,3.00,0.00,30.12,M,6.21,M,M,M,M,M,M,M,M,M,M,M,M,M,M,M,M,45.15,FABL 201800Z 15003KT CAVOK 08/M04 Q1020 NOSIG,M
FABL,2026-07-20 19:00,42.80,24.80,48.65,200.00,3.00,0.00,30.15,M,6.21,M,M,M,M,M,M,M,M,M,,M,M,M,M,M,M,41.03,FABL 201900Z AUTO 20003KT 9999 // ///////// 06/M04 Q1021,M
FABL,2026-07-20 20:00,39.20,26.60,60.27,200.00,2.00,0.00,30.15,M,6.21,M,M,M,M,M,M,M,M,M,,M,M,M,M,M,M,39.20,FABL 202000Z AUTO 20002KT 9999 // ///////// 04/M03 Q1021,M
FABL,2026-07-20 21:00,37.40,24.80,60.01,M,2.00,0.00,30.15,M,6.21,M,M,M,M,M,M,M,M,M,,M,M,M,M,M,M,37.40,FABL 202100Z AUTO VRB02KT 9999 // ///////// 03/M04 Q1021,M
FABL,2026-07-20 22:00,35.60,26.60,69.44,250.00,2.00,0.00,30.18,M,6.21,M,M,M,M,M,M,M,M,M,,M,M,M,M,M,M,35.60,FABL 202200Z AUTO 25002KT 9999 // ///////// 02/M03 Q1022,M
FABL,2026-07-20 23:00,33.80,26.60,74.61,210.00,2.00,0.00,30.18,M,6.21,M,M,M,M,M,M,M,M,M,,M,M,M,M,M,M,33.80,FABL 202300Z AUTO 21002KT 9999 // ///////// 01/M03 Q1022,M
FABL,2026-07-21 00:00,32.00,26.60,80.20,210.00,1.00,0.00,30.18,M,6.21,M,M,M,M,M,M,M,M,M,,M,M,M,M,M,M,32.00,FABL 210000Z AUTO 21001KT 9999 // ///////// M00/M03 Q1022,M
FABL,2026-07-21 01:00,32.00,24.80,74.42,240.00,2.00,0.00,30.18,M,6.21,M,M,M,M,M,M,M,M,M,,M,M,M,M,M,M,32.00,FABL 210100Z AUTO 24002KT 9999 // ///////// M00/M04 Q1022,M
FABL,2026-07-21 02:00,32.00,24.80,74.42,240.00,2.00,0.00,30.18,M,6.21,M,M,M,M,M,M,M,M,M,,M,M,M,M,M,M,32.00,FABL 210200Z AUTO 24002KT 9999 // ///////// M00/M04 Q1022,M
FABL,2026-07-21 03:00,30.20,24.80,80.06,270.00,2.00,0.00,30.18,M,6.21,M,M,M,M,M,M,M,M,M,M,M,M,M,M,M,M,30.20,FABL 210300Z 27002KT CAVOK M01/M04 Q1022 NOSIG,M
FABL,2026-07-21 04:00,30.20,26.60,86.27,170.00,2.00,0.00,30.18,M,4.97,M,NSC,M,M,M,M,M,M,M,M,M,M,M,M,M,M,30.20,FABL 210400Z 17002KT 8000 NSC M01/M03 Q1022 NOSIG,M
FABL,2026-07-21 05:00,30.20,24.80,80.06,M,1.00,0.00,30.21,M,5.59,M,NSC,M,M,M,M,M,M,M,M,M,M,M,M,M,M,30.20,FABL 210500Z VRB01KT 9000 NSC M01/M04 Q1023 NOSIG,M
FABL,2026-07-21 06:00,33.80,28.40,80.35,M,1.00,0.00,30.24,M,6.21,M,M,M,M,M,M,M,M,M,M,M,M,M,M,M,M,33.80,FABL 210600Z VRB01KT CAVOK 01/M02 Q1024 NOSIG,M
FABL,2026-07-21 07:00,42.80,28.40,56.46,M,2.00,0.00,30.24,M,6.21,M,M,M,M,M,M,M,M,M,M,M,M,M,M,M,M,42.80,FABL 210700Z VRB02KT CAVOK 06/M02 Q1024 NOSIG,M
FABL,2026-07-21 08:00,53.60,30.20,40.53,M,1.00,0.00,30.24,M,6.21,M,M,M,M,M,M,M,M,M,M,M,M,M,M,M,M,53.60,FABL 210800Z VRB01KT CAVOK 12/M01 Q1024 NOSIG,M
FABL,2026-07-21 09:00,59.00,26.60,28.76,60.00,4.00,0.00,30.24,M,6.21,M,M,M,M,M,M,M,M,M,M,M,M,M,M,M,M,59.00,FABL 210900Z 06004KT 020V100 CAVOK 15/M03 Q1024 NOSIG,M
FABL,2026-07-21 10:00,66.20,26.60,22.32,10.00,4.00,0.00,30.21,M,6.21,M,M,M,M,M,M,M,M,M,M,M,M,M,M,M,M,66.20,FABL 211000Z 01004KT 290V080 CAVOK 19/M03 Q1023 NOSIG,M
FABL,2026-07-21 11:00,69.80,23.00,16.98,M,4.00,0.00,30.18,M,6.21,M,M,M,M,M,M,M,M,M,M,M,M,M,M,M,M,69.80,FABL 211100Z VRB04KT CAVOK 21/M05 Q1022 NOSIG,M
FABL,2026-07-21 12:00,69.80,19.40,14.57,280.00,8.00,0.00,30.15,M,6.21,M,M,M,M,M,M,M,M,M,M,M,M,M,M,M,M,69.80,FABL 211200Z 28008KT 230V320 CAVOK 21/M07 Q1021 NOSIG,M
FABL,2026-07-21 13:00,71.60,21.20,14.80,290.00,6.00,0.00,30.15,M,6.21,M,M,M,M,M,M,M,M,M,M,M,M,M,M,M,M,71.60,FABL 211300Z 29006KT 240V330 CAVOK 22/M06 Q1021 NOSIG,M
FABL,2026-07-21 14:00,69.80,21.20,15.73,290.00,5.00,0.00,30.15,M,6.21,M,M,M,M,M,M,M,M,M,M,M,M,M,M,M,M,69.80,FABL 211400Z 29005KT 250V330 CAVOK 21/M06 Q1021 NOSIG,M
FABL,2026-07-21 15:00,68.00,21.20,16.73,290.00,6.00,0.00,30.18,M,6.21,M,M,M,M,M,M,M,M,M,M,M,M,M,M,M,M,68.00,FABL 211500Z 29006KT CAVOK 20/M06 Q1022 NOSIG,M
FABL,2026-07-21 16:00,60.80,21.20,21.52,290.00,3.00,0.00,30.18,M,6.21,M,M,M,M,M,M,M,M,M,M,M,M,M,M,M,M,60.80,FABL 211600Z 29003KT CAVOK 16/M06 Q1022 NOSIG,M
FABL,2026-07-21 17:00,53.60,24.80,32.45,M,2.00,0.00,30.18,M,6.21,M,M,M,M,M,M,M,M,M,M,M,M,M,M,M,M,53.60,FABL 211700Z VRB02KT CAVOK 12/M04 Q1022 NOSIG,M
FABL,2026-07-21 18:00,46.40,26.60,45.70,200.00,2.00,0.00,30.21,M,6.21,M,M,M,M,M,M,M,M,M,M,M,M,M,M,M,M,46.40,FABL 211800Z 20002KT CAVOK 08/M03 Q1023 NOSIG,M
FABL,2026-07-21 19:00,42.80,28.40,56.46,220.00,2.00,0.00,30.21,M,6.21,M,M,M,M,M,M,M,M,M,,M,M,M,M,M,M,42.80,FABL 211900Z AUTO 22002KT 9999 // ///////// 06/M02 Q1023,M
FABL,2026-07-21 20:00,41.00,28.40,60.52,0.00,0.00,0.00,30.21,M,6.21,M,M,M,M,M,M,M,M,M,,M,M,M,M,M,M,41.00,FABL 212000Z AUTO 00000KT 9999 // ///////// 05/M02 Q1023,M
FABL,2026-07-21 21:00,39.20,28.40,64.91,130.00,3.00,0.00,30.21,M,6.21,M,M,M,M,M,M,M,M,M,,M,M,M,M,M,M,36.92,FABL 212100Z AUTO 13003KT 9999 // ///////// 04/M02 Q1023,M
FABL,2026-07-21 22:00,37.40,28.40,69.65,240.00,2.00,0.00,30.21,M,6.21,M,M,M,M,M,M,M,M,M,,M,M,M,M,M,M,37.40,FABL 212200Z AUTO 24002KT 9999 // ///////// 03/M02 Q1023,M
FABL,2026-07-21 23:00,35.60,28.40,74.79,M,1.00,0.00,30.21,M,5.59,M,M,M,M,M,M,M,M,M,,M,M,M,M,M,M,35.60,FABL 212300Z AUTO VRB01KT 9000 // ///////// 02/M02 Q1023,M
FABL,2026-07-22 00:00,37.40,28.40,69.65,240.00,4.00,0.00,30.21,M,6.21,M,M,M,M,M,M,M,M,M,,M,M,M,M,M,M,33.73,FABL 220000Z AUTO 24004KT 200V270 9999 // ///////// 03/M02 Q1023,M
FABL,2026-07-22 01:00,39.20,28.40,64.91,360.00,5.00,0.00,30.24,M,6.21,M,M,M,M,M,M,M,M,M,,M,M,M,M,M,M,34.95,FABL 220100Z AUTO 36005KT 9999 // ///////// 04/M02 Q1024,M
FABL,2026-07-22 02:00,37.40,28.40,69.65,M,2.00,0.00,30.24,M,6.21,M,M,M,M,M,M,M,M,M,,M,M,M,M,M,M,37.40,FABL 220200Z AUTO VRB02KT 9999 // ///////// 03/M02 Q1024,M
FABL,2026-07-22 03:00,37.40,28.40,69.65,M,2.00,0.00,30.24,M,6.21,M,M,M,M,M,M,M,M,M,M,M,M,M,M,M,M,37.40,FABL 220300Z VRB02KT CAVOK 03/M02 Q1024 NOSIG,M
FABL,2026-07-22 04:00,33.80,28.40,80.35,M,2.00,0.00,30.24,M,6.21,M,M,M,M,M,M,M,M,M,M,M,M,M,M,M,M,33.80,FABL 220400Z VRB02KT CAVOK 01/M02 Q1024 NOSIG,M
FABL,2026-07-22 05:00,32.00,26.60,80.20,M,1.00,0.00,30.24,M,6.21,M,M,M,M,M,M,M,M,M,M,M,M,M,M,M,M,32.00,FABL 220500Z VRB01KT CAVOK 00/M03 Q1024 NOSIG,M
FABL,2026-07-22 06:00,37.40,28.40,69.65,M,2.00,0.00,30.24,M,6.21,M,M,M,M,M,M,M,M,M,M,M,M,M,M,M,M,37.40,FABL 220600Z VRB02KT CAVOK 03/M02 Q1024 NOSIG,M
FABL,2026-07-22 07:00,50.00,28.40,43.01,80.00,3.00,0.00,30.27,M,6.21,M,M,M,M,M,M,M,M,M,M,M,M,M,M,M,M,50.00,FABL 220700Z 08003KT 050V110 CAVOK 10/M02 Q1025 NOSIG,M
FABL,2026-07-22 08:00,59.00,30.20,33.34,10.00,5.00,0.00,30.27,M,6.21,M,M,M,M,M,M,M,M,M,M,M,M,M,M,M,M,59.00,FABL 220800Z 01005KT 330V040 CAVOK 15/M01 Q1025 NOSIG,M
FABL,2026-07-22 09:00,68.00,28.40,22.60,350.00,14.00,0.00,30.24,M,6.21,M,M,M,M,M,M,M,M,M,M,M,M,M,M,M,M,68.00,FABL 220900Z 35014KT CAVOK 20/M02 Q1024 NOSIG,M
FABL,2026-07-22 10:00,69.80,30.20,22.87,340.00,14.00,0.00,30.24,M,6.21,M,M,M,M,M,M,M,M,M,M,M,M,M,M,M,M,69.80,FABL 221000Z 34014KT CAVOK 21/M01 Q1024 NOSIG,M
FABL,2026-07-22 11:00,73.40,30.20,20.24,330.00,13.00,0.00,30.21,M,6.21,M,M,M,M,M,M,M,M,M,M,M,M,M,M,M,M,73.40,FABL 221100Z 33013KT CAVOK 23/M01 Q1023 NOSIG,M
FABL,2026-07-22 12:00,73.40,30.20,20.24,330.00,13.00,0.00,30.18,M,6.21,M,M,M,M,M,M,M,M,M,M,M,M,M,M,M,M,73.40,FABL 221200Z 33013KT CAVOK 23/M01 Q1022 NOSIG,M
FABL,2026-07-22 13:00,75.20,28.40,17.71,340.00,9.00,0.00,30.15,M,6.21,M,M,M,M,M,M,M,M,M,M,M,M,M,M,M,M,75.20,FABL 221300Z 34009KT 290V010 CAVOK 24/M02 Q1021 NOSIG,M
FABL,2026-07-22 14:00,73.40,28.40,18.81,20.00,9.00,0.00,30.15,M,6.21,M,M,M,M,M,M,M,M,M,M,M,M,M,M,M,M,73.40,FABL 221400Z 02009KT CAVOK 23/M02 Q1021 NOSIG,M
FABL,2026-07-22 15:00,69.80,30.20,22.87,50.00,5.00,0.00,30.15,M,6.21,M,M,M,M,M,M,M,M,M,M,M,M,M,M,M,M,69.80,FABL 221500Z 05005KT CAVOK 21/M01 Q1021 NOSIG,M
FABL,2026-07-22 16:00,64.40,30.20,27.55,60.00,4.00,0.00,30.15,M,6.21,M,M,M,M,M,M,M,M,M,M,M,M,M,M,M,M,64.40,FABL 221600Z 06004KT CAVOK 18/M01 Q1021 NOSIG,M
FABL,2026-07-22 17:00,57.20,28.40,33.04,40.00,3.00,0.00,30.15,M,6.21,M,M,M,M,M,M,M,M,M,M,M,M,M,M,M,M,57.20,FABL 221700Z 04003KT CAVOK 14/M02 Q1021 NOSIG,M
FABL,2026-07-22 18:00,50.00,32.00,49.79,0.00,0.00,0.00,30.18,M,6.21,M,M,M,M,M,M,M,M,M,M,M,M,M,M,M,M,50.00,FABL 221800Z 00000KT CAVOK 10/M00 Q1022 NOSIG,M
FABL,2026-07-22 19:00,46.40,30.20,52.98,M,2.00,0.00,30.18,M,6.21,M,M,M,M,M,M,M,M,M,,M,M,M,M,M,M,46.40,FABL 221900Z AUTO VRB02KT 9999 // ///////// 08/M01 Q1022,M
FABL,2026-07-22 20:00,46.40,32.00,56.99,140.00,2.00,0.00,30.18,M,6.21,M,M,M,M,M,M,M,M,M,,M,M,M,M,M,M,46.40,FABL 222000Z AUTO 14002KT 9999 // ///////// 08/00 Q1022,M
FABL,2026-07-22 21:00,50.00,32.00,49.79,150.00,5.00,0.00,30.21,M,6.21,M,M,M,M,M,M,M,M,M,,M,M,M,M,M,M,50.00,FABL 222100Z AUTO 15005KT 120V200 9999 // ///////// 10/00 Q1023,M
FABL,2026-07-22 22:00,50.00,32.00,49.79,M,2.00,0.00,30.21,M,6.21,M,M,M,M,M,M,M,M,M,,M,M,M,M,M,M,50.00,FABL 222200Z AUTO VRB02KT 9999 // ///////// 10/M00 Q1023,M
FABL,2026-07-22 23:00,62.60,32.00,31.56,280.00,10.00,0.00,30.21,M,6.21,M,M,M,M,M,M,M,M,M,,M,M,M,M,M,M,62.60,FABL 222300Z AUTO 28010KT 250V310 9999 // ///////// 17/00 Q1023,M
FABL,2026-07-23 00:00,59.00,32.00,35.86,230.00,7.00,0.00,30.21,M,6.21,M,M,M,M,M,M,M,M,M,,M,M,M,M,M,M,59.00,FABL 230000Z AUTO 23007KT 9999 // ///////// 15/00 Q1023,M
FABL,2026-07-23 01:00,55.40,32.00,40.83,160.00,5.00,0.00,30.21,M,6.21,M,M,M,M,M,M,M,M,M,,M,M,M,M,M,M,55.40,FABL 230100Z AUTO 16005KT 140V210 9999 // ///////// 13/00 Q1023,M
FABL,2026-07-23 02:00,51.80,33.80,50.07,60.00,3.00,0.00,30.24,M,6.21,M,M,M,M,M,M,M,M,M,,M,M,M,M,M,M,51.80,FABL 230200Z AUTO 06003KT 330V080 9999 // ///////// 11/01 Q1024,M
FABL,2026-07-23 03:00,51.80,35.60,53.80,220.00,3.00,0.00,30.27,M,6.21,M,M,M,M,M,M,M,M,M,,M,M,M,M,M,M,51.80,FABL 230300Z AUTO 22003KT 170V310 9999 // ///////// 11/02 Q1025,M
FABL,2026-07-23 04:00,53.60,42.80,66.70,M,6.00,0.00,30.27,M,6.21,M,M,M,M,M,M,M,M,M,M,M,M,M,M,M,M,53.60,FABL 230400Z VRB06KT CAVOK 12/06 Q1025 NOSIG,M
FABL,2026-07-23 05:00,50.00,42.80,76.17,350.00,9.00,0.00,30.27,M,6.21,M,M,M,M,M,M,M,M,M,M,M,M,M,M,M,M,50.00,FABL 230500Z 35009KT CAVOK 10/06 Q1025 NOSIG,M
FABL,2026-07-23 06:00,50.00,39.20,66.26,80.00,7.00,0.00,30.27,M,6.21,M,M,M,M,M,M,M,M,M,M,M,M,M,M,M,M,50.00,FABL 230600Z 08007KT CAVOK 10/04 Q1025 NOSIG,M
FABL,2026-07-23 07:00,50.00,41.00,71.06,50.00,3.00,0.00,30.24,M,6.21,M,M,M,M,M,M,M,M,M,M,M,M,M,M,M,M,50.00,FABL 230700Z 05003KT 020V090 CAVOK 10/05 Q1024 NOSIG,M
FABL,2026-07-23 08:00,55.40,44.60,66.91,30.00,6.00,0.00,30.24,M,6.21,M,M,M,M,M,M,M,M,M,M,M,M,M,M,M,M,55.40,FABL 230800Z 03006KT CAVOK 13/07 Q1024 NOSIG,M
FABL,2026-07-23 09:00,60.80,42.80,51.46,30.00,7.00,0.00,30.27,M,6.21,M,M,M,M,M,M,M,M,M,M,M,M,M,M,M,M,60.80,FABL 230900Z 03007KT 340V060 CAVOK 16/06 Q1025 NOSIG,M
FABL,2026-07-23 10:00,66.20,39.20,37.04,340.00,12.00,0.00,30.24,M,6.21,M,FEW,M,M,M,2500.00,M,M,M,M,M,M,M,M,M,M,66.20,FABL 231000Z 34012KT 9999 FEW025 19/04 Q1024 NOSIG,M
FABL,2026-07-23 11:00,66.20,41.00,39.73,300.00,11.00,0.00,30.21,M,6.21,M,FEW,M,M,M,2500.00,M,M,M,M,M,M,M,M,M,M,66.20,FABL 231100Z 30011KT 270V340 9999 FEW025 19/05 Q1023 NOSIG,M
FABL,2026-07-23 12:00,66.20,39.20,37.04,300.00,11.00,0.00,30.18,M,6.21,M,FEW,M,M,M,2500.00,M,M,M,M,M,M,M,M,M,M,66.20,FABL 231200Z 30011KT 250V350 9999 FEW025 19/04 Q1022 NOSIG,M
FABL,2026-07-23 13:00,66.20,35.60,32.15,290.00,12.00,0.00,30.18,M,6.21,M,FEW,M,M,M,2500.00,M,M,M,M,M,M,M,M,M,M,66.20,FABL 231300Z 29012KT 9999 FEW025 19/02 Q1022 NOSIG,M
FABL,2026-07-23 14:00,64.40,32.00,29.63,270.00,10.00,0.00,30.18,M,6.21,M,M,M,M,M,M,M,M,M,M,M,M,M,M,M,M,64.40,FABL 231400Z 27010KT 240V310 CAVOK 18/00 Q1022 NOSIG,M
FABL,2026-07-23 15:00,62.60,24.80,23.49,260.00,10.00,0.00,30.21,M,6.21,M,M,M,M,M,M,M,M,M,M,M,M,M,M,M,M,62.60,FABL 231500Z 26010KT CAVOK 17/M04 Q1023 NOSIG,M
FABL,2026-07-23 16:00,57.20,21.20,24.47,260.00,7.00,0.00,30.24,M,6.21,M,M,M,M,M,M,M,M,M,M,M,M,M,M,M,M,57.20,FABL 231600Z 26007KT CAVOK 14/M06 Q1024 NOSIG,M
FABL,2026-07-23 17:00,53.60,17.60,23.91,250.00,3.00,0.00,30.24,M,6.21,M,M,M,M,M,M,M,M,M,M,M,M,M,M,M,M,53.60,FABL 231700Z 25003KT CAVOK 12/M08 Q1024 NOSIG,M
FABL,2026-07-23 18:00,48.20,19.40,31.55,220.00,3.00,0.00,30.27,M,6.21,M,M,M,M,M,M,M,M,M,M,M,M,M,M,M,M,47.21,FABL 231800Z 22003KT 200V270 CAVOK 09/M07 Q1025 NOSIG,M
FABL,2026-07-23 19:00,48.20,17.60,29.20,230.00,3.00,0.00,30.30,M,6.21,M,M,M,M,M,M,M,M,M,,M,M,M,M,M,M,47.21,FABL 231900Z AUTO 23003KT 9999 // ///////// 09/M08 Q1026,M
FABL,2026-07-23 20:00,42.80,19.40,38.72,210.00,5.00,0.00,30.30,M,6.21,M,M,M,M,M,M,M,M,M,,M,M,M,M,M,M,39.22,FABL 232000Z AUTO 21005KT 9999 // ///////// 06/M07 Q1026,M
FABL,2026-07-23 21:00,44.60,21.20,39.03,230.00,7.00,0.00,30.33,M,6.21,M,M,M,M,M,M,M,M,M,,M,M,M,M,M,M,40.14,FABL 232100Z AUTO 23007KT 9999 // ///////// 07/M06 Q1027,M
FABL,2026-07-23 22:00,41.00,21.20,44.82,210.00,3.00,0.00,30.33,M,6.21,M,M,M,M,M,M,M,M,M,,M,M,M,M,M,M,38.98,FABL 232200Z AUTO 21003KT 110V260 9999 // ///////// 05/M06 Q1027,M
FABL,2026-07-23 23:00,33.80,23.00,64.20,130.00,3.00,0.00,30.33,M,6.21,M,M,M,M,M,M,M,M,M,,M,M,M,M,M,M,30.75,FABL 232300Z AUTO 13003KT 9999 // ///////// 01/M05 Q1027,M
FABL,2026-07-24 00:00,33.80,23.00,64.20,220.00,2.00,0.00,30.33,M,6.21,M,M,M,M,M,M,M,M,M,,M,M,M,M,M,M,33.80,FABL 240000Z AUTO 22002KT 9999 // ///////// 01/M05 Q1027,M
FABL,2026-07-24 01:00,32.00,23.00,69.02,0.00,0.00,0.00,30.33,M,6.21,M,M,M,M,M,M,M,M,M,,M,M,M,M,M,M,32.00,FABL 240100Z AUTO 00000KT 9999 // ///////// M00/M05 Q1027,M
FABL,2026-07-24 02:00,32.00,24.80,74.42,140.00,3.00,0.00,30.33,M,6.21,M,M,M,M,M,M,M,M,M,,M,M,M,M,M,M,28.69,FABL 240200Z AUTO 14003KT 9999 // ///////// M00/M04 Q1027,M
FABL,2026-07-24 03:00,30.20,24.80,80.06,160.00,2.00,0.00,30.33,M,6.21,M,M,M,M,M,M,M,M,M,M,M,M,M,M,M,M,30.20,FABL 240300Z 16002KT CAVOK M01/M04 Q1027 NOSIG,M
FABL,2026-07-24 04:00,28.40,23.00,79.91,170.00,4.00,0.00,30.36,M,6.21,M,M,M,M,M,M,M,M,M,M,M,M,M,M,M,M,23.22,FABL 240400Z 17004KT CAVOK M02/M05 Q1028 NOSIG,M
FABL,2026-07-24 05:00,30.20,24.80,80.06,180.00,3.00,0.00,30.36,M,6.21,M,M,M,M,M,M,M,M,M,M,M,M,M,M,M,M,26.63,FABL 240500Z 18003KT CAVOK M01/M04 Q1028 NOSIG,M
FABL,2026-07-24 06:00,33.80,26.60,74.61,160.00,3.00,0.00,30.39,M,6.21,M,M,M,M,M,M,M,M,M,M,M,M,M,M,M,M,30.75,FABL 240600Z 16003KT CAVOK 01/M03 Q1029 NOSIG,M
FABL,2026-07-24 07:00,42.80,30.20,60.77,190.00,4.00,0.00,30.39,M,6.21,M,M,M,M,M,M,M,M,M,M,M,M,M,M,M,M,40.03,FABL 240700Z 19004KT CAVOK 06/M01 Q1029 NOSIG,M
FABL,2026-07-24 08:00,51.80,35.60,53.80,170.00,7.00,0.00,30.42,M,6.21,M,M,M,M,M,M,M,M,M,M,M,M,M,M,M,M,51.80,FABL 240800Z 17007KT CAVOK 11/02 Q1030 NOSIG,M
FABL,2026-07-24 09:00,57.20,33.80,41.12,160.00,11.00,0.00,30.42,M,6.21,M,M,M,M,M,M,M,M,M,M,M,M,M,M,M,M,57.20,FABL 240900Z 16011KT CAVOK 14/01 Q1030 NOSIG,M
FABL,2026-07-24 10:00,59.00,33.80,38.55,160.00,10.00,0.00,30.39,M,6.21,M,M,M,M,M,M,M,M,M,M,M,M,M,M,M,M,59.00,FABL 241000Z 16010KT 130V210 CAVOK 15/01 Q1029 NOSIG,M
FABL,2026-07-24 11:00,60.80,32.00,33.64,190.00,12.00,0.00,30.39,M,6.21,M,M,M,M,M,M,M,M,M,M,M,M,M,M,M,M,60.80,FABL 241100Z 19012KT 150V220 CAVOK 16/00 Q1029 NOSIG,M
FABL,2026-07-24 12:00,62.60,32.00,31.56,180.00,10.00,0.00,30.36,M,6.21,M,M,M,M,M,M,M,M,M,M,M,M,M,M,M,M,62.60,FABL 241200Z 18010KT CAVOK 17/M00 Q1028 NOSIG,M
FABL,2026-07-24 13:00,62.60,28.40,27.26,180.00,10.00,0.00,30.36,M,6.21,M,M,M,M,M,M,M,M,M,M,M,M,M,M,M,M,62.60,FABL 241300Z 18010KT 150V210 CAVOK 17/M02 Q1028 NOSIG,M
FABL,2026-07-24 14:00,62.60,28.40,27.26,170.00,11.00,0.00,30.36,M,6.21,M,M,M,M,M,M,M,M,M,M,M,M,M,M,M,M,62.60,FABL 241400Z 17011KT CAVOK 17/M02 Q1028 NOSIG,M
FABL,2026-07-24 15:00,59.00,26.60,28.76,160.00,9.00,0.00,30.39,M,6.21,M,M,M,M,M,M,M,M,M,M,M,M,M,M,M,M,59.00,FABL 241500Z 16009KT CAVOK 15/M03 Q1029 NOSIG,M
FABL,2026-07-24 16:00,53.60,26.60,34.97,160.00,4.00,0.00,30.39,M,6.21,M,M,M,M,M,M,M,M,M,M,M,M,M,M,M,M,53.60,FABL 241600Z 16004KT CAVOK 12/M03 Q1029 NOSIG,M
FABL,2026-07-24 17:00,50.00,28.40,43.01,180.00,2.00,0.00,30.39,M,6.21,M,M,M,M,M,M,M,M,M,M,M,M,M,M,M,M,50.00,FABL 241700Z 18002KT CAVOK 10/M02 Q1029 NOSIG,M
FABL,2026-07-24 18:00,44.60,28.40,52.70,190.00,6.00,0.00,30.39,M,6.21,M,M,M,M,M,M,M,M,M,M,M,M,M,M,M,M,40.71,FABL 241800Z 19006KT CAVOK 07/M02 Q1029 NOSIG,M
FABL,2026-07-24 19:00,41.00,28.40,60.52,200.00,6.00,0.00,30.42,M,6.21,M,M,M,M,M,M,M,M,M,,M,M,M,M,M,M,36.37,FABL 241900Z AUTO 20006KT 9999 // ///////// 05/M02 Q1030,M
FABL,2026-07-24 20:00,37.40,26.60,64.67,190.00,2.00,0.00,30.42,M,5.59,M,M,M,M,M,M,M,M,M,,M,M,M,M,M,M,37.40,FABL 242000Z AUTO 19002KT 9000 // ///////// 03/M03 Q1030,M
FABL,2026-07-24 21:00,35.60,26.60,69.44,M,2.00,0.00,30.42,M,6.21,M,M,M,M,M,M,M,M,M,,M,M,M,M,M,M,35.60,FABL 242100Z AUTO VRB02KT 9999 // ///////// 02/M03 Q1030,M
FABL,2026-07-24 22:00,33.80,26.60,74.61,130.00,3.00,0.00,30.42,M,6.21,M,M,M,M,M,M,M,M,M,,M,M,M,M,M,M,30.75,FABL 242200Z AUTO 13003KT 9999 // ///////// 01/M03 Q1030,M
FABL,2026-07-24 23:00,32.00,26.60,80.20,180.00,2.00,0.00,30.42,M,6.21,M,M,M,M,M,M,M,M,M,,M,M,M,M,M,M,32.00,FABL 242300Z AUTO 18002KT 9999 // ///////// M00/M03 Q1030,M
FABL,2026-07-25 00:00,30.20,26.60,86.27,0.00,0.00,0.00,30.45,M,6.21,M,M,M,M,M,M,M,M,M,,M,M,M,M,M,M,30.20,FABL 250000Z AUTO 00000KT 9999 // ///////// M01/M03 Q1031,M
FABL,2026-07-25 01:00,30.20,26.60,86.27,210.00,2.00,0.00,30.42,M,6.21,M,M,M,M,M,M,M,M,M,,M,M,M,M,M,M,30.20,FABL 250100Z AUTO 21002KT 9999 // ///////// M01/M03 Q1030,M
FABL,2026-07-25 02:00,30.20,26.60,86.27,230.00,3.00,0.00,30.42,M,6.21,M,M,M,M,M,M,M,M,M,,M,M,M,M,M,M,26.63,FABL 250200Z AUTO 23003KT 9999 // ///////// M01/M03 Q1030,M
FABL,2026-07-25 03:00,30.20,24.80,80.06,200.00,1.00,0.00,30.42,M,6.21,M,M,M,M,M,M,M,M,M,M,M,M,M,M,M,M,30.20,FABL 250300Z 20001KT CAVOK M01/M04 Q1030 NOSIG,M
FABL,2026-07-25 05:00,28.40,24.80,86.16,230.00,3.00,0.00,30.42,M,6.21,M,M,M,M,M,M,M,M,M,M,M,M,M,M,M,M,24.57,FABL 250500Z 23003KT CAVOK M02/M04 Q1030 NOSIG,M
FABL,2026-07-25 06:00,35.60,30.20,80.49,260.00,2.00,0.00,30.45,M,6.21,M,M,M,M,M,M,M,M,M,M,M,M,M,M,M,M,35.60,FABL 250600Z 26002KT CAVOK 02/M01 Q1031 NOSIG,M
FABL,2026-07-25 07:00,44.60,32.00,61.01,M,1.00,0.00,30.47,M,6.21,M,M,M,M,M,M,M,M,M,M,M,M,M,M,M,M,44.60,FABL 250700Z VRB01KT CAVOK 07/00 Q1032 NOSIG,M
FABL,2026-07-25 08:00,51.80,33.80,50.07,M,2.00,0.00,30.47,M,6.21,M,M,M,M,M,M,M,M,M,M,M,M,M,M,M,M,51.80,FABL 250800Z VRB02KT CAVOK 11/01 Q1032 NOSIG,M
FABL,2026-07-25 09:00,57.20,37.40,47.44,150.00,3.00,0.00,30.47,M,6.21,M,M,M,M,M,M,M,M,M,M,M,M,M,M,M,M,57.20,FABL 250900Z 15003KT 080V230 CAVOK 14/03 Q1032 NOSIG,M
FABL,2026-07-25 10:00,60.80,37.40,41.71,190.00,3.00,0.00,30.47,M,6.21,M,M,M,M,M,M,M,M,M,M,M,M,M,M,M,M,60.80,FABL 251000Z 19003KT 120V250 CAVOK 16/03 Q1032 NOSIG,M
FABL,2026-07-25 11:00,64.40,35.60,34.23,M,3.00,0.00,30.42,M,6.21,M,M,M,M,M,M,M,M,M,M,M,M,M,M,M,M,64.40,FABL 251100Z VRB03KT CAVOK 18/02 Q1030 NOSIG,M
FABL,2026-07-25 12:00,66.20,35.60,32.15,230.00,3.00,0.00,30.39,M,6.21,M,M,M,M,M,M,M,M,M,M,M,M,M,M,M,M,66.20,FABL 251200Z 23003KT 180V350 CAVOK 19/02 Q1029 NOSIG,M
FABL,2026-07-25 13:00,69.80,32.00,24.60,200.00,5.00,0.00,30.39,M,6.21,M,M,M,M,M,M,M,M,M,M,M,M,M,M,M,M,69.80,FABL 251300Z 20005KT 160V250 CAVOK 21/00 Q1029 NOSIG,M
FABL,2026-07-25 14:00,69.80,21.20,15.73,150.00,4.00,0.00,30.36,M,6.21,M,M,M,M,M,M,M,M,M,M,M,M,M,M,M,M,69.80,FABL 251400Z 15004KT 110V200 CAVOK 21/M06 Q1028 NOSIG,M
FABL,2026-07-25 15:00,68.00,21.20,16.73,150.00,4.00,0.00,30.36,M,6.21,M,M,M,M,M,M,M,M,M,M,M,M,M,M,M,M,68.00,FABL 251500Z 15004KT CAVOK 20/M06 Q1028 NOSIG,M
FABL,2026-07-25 16:00,57.20,24.80,28.47,240.00,3.00,0.00,30.39,M,6.21,M,M,M,M,M,M,M,M,M,M,M,M,M,M,M,M,57.20,FABL 251600Z 24003KT CAVOK 14/M04 Q1029 NOSIG,M
FABL,2026-07-25 17:00,51.80,26.60,37.36,190.00,3.00,0.00,30.39,M,6.21,M,M,M,M,M,M,M,M,M,M,M,M,M,M,M,M,51.80,FABL 251700Z 19003KT CAVOK 11/M03 Q1029 NOSIG,M
FABL,2026-07-25 18:00,48.20,26.60,42.71,M,2.00,0.00,30.42,M,6.21,M,M,M,M,M,M,M,M,M,M,M,M,M,M,M,M,48.20,FABL 251800Z VRB02KT CAVOK 09/M03 Q1030 NOSIG,M
FABL,2026-07-25 19:00,42.80,26.60,52.42,170.00,3.00,0.00,30.42,M,6.21,M,M,M,M,M,M,M,M,M,,M,M,M,M,M,M,41.03,FABL 251900Z AUTO 17003KT 9999 // ///////// 06/M03 Q1030,M
FABL,2026-07-25 20:00,42.80,26.60,52.42,170.00,4.00,0.00,30.42,M,6.21,M,M,M,M,M,M,M,M,M,,M,M,M,M,M,M,40.03,FABL 252000Z AUTO 17004KT 9999 // ///////// 06/M03 Q1030,M
FABL,2026-07-25 21:00,37.40,26.60,64.67,210.00,3.00,0.00,30.42,M,6.21,M,M,M,M,M,M,M,M,M,,M,M,M,M,M,M,34.86,FABL 252100Z AUTO 21003KT 9999 // ///////// 03/M03 Q1030,M
FABL,2026-07-25 22:00,35.60,26.60,69.44,M,1.00,0.00,30.42,M,6.21,M,M,M,M,M,M,M,M,M,,M,M,M,M,M,M,35.60,FABL 252200Z AUTO VRB01KT 9999 // ///////// 02/M03 Q1030,M
FABL,2026-07-25 23:00,33.80,24.80,69.23,M,2.00,0.00,30.42,M,6.21,M,M,M,M,M,M,M,M,M,,M,M,M,M,M,M,33.80,FABL 252300Z AUTO VRB02KT 9999 // ///////// 01/M04 Q1030,M
FABL,2026-07-26 00:00,32.00,26.60,80.20,200.00,2.00,0.00,30.42,M,6.21,M,M,M,M,M,M,M,M,M,,M,M,M,M,M,M,32.00,FABL 260000Z AUTO 20002KT 9999 // ///////// 00/M03 Q1030,M
FABL,2026-07-26 01:00,32.00,26.60,80.20,60.00,3.00,0.00,30.42,M,4.35,M,M,M,M,M,M,M,M,M,,M,M,M,M,M,M,28.69,FABL 260100Z AUTO 06003KT 040V120 7000 // ///////// M00/M03 Q1030,M
FABL,2026-07-26 02:00,30.20,24.80,80.06,260.00,4.00,0.00,30.39,M,6.21,M,M,M,M,M,M,M,M,M,,M,M,M,M,M,M,25.32,FABL 260200Z AUTO 26004KT 9999 // ///////// M01/M04 Q1029,M
FABL,2026-07-26 03:00,30.20,24.80,80.06,250.00,2.00,0.00,30.39,M,5.59,M,NSC,M,M,M,M,M,M,M,M,M,M,M,M,M,M,30.20,FABL 260300Z 25002KT 9000 NSC M01/M04 Q1029 NOSIG,M
FABL,2026-07-26 04:00,30.20,24.80,80.06,240.00,2.00,0.00,30.42,M,6.21,M,M,M,M,M,M,M,M,M,M,M,M,M,M,M,M,30.20,FABL 260400Z 24002KT CAVOK M01/M04 Q1030 NOSIG,M
FABL,2026-07-26 05:00,28.40,23.00,79.91,220.00,2.00,0.00,30.42,M,6.21,M,M,M,M,M,M,M,M,M,M,M,M,M,M,M,M,28.40,FABL 260500Z 22002KT CAVOK M02/M05 Q1030 NOSIG,M
FABL,2026-07-26 06:00,35.60,28.40,74.79,260.00,1.00,0.00,30.42,M,6.21,M,M,M,M,M,M,M,M,M,M,M,M,M,M,M,M,35.60,FABL 260600Z 26001KT CAVOK 02/M02 Q1030 NOSIG,M
FABL,2026-07-26 07:00,48.20,33.80,57.25,M,1.00,0.00,30.45,M,6.21,M,M,M,M,M,M,M,M,M,M,M,M,M,M,M,M,48.20,FABL 260700Z VRB01KT CAVOK 09/01 Q1031 NOSIG,M
FABL,2026-07-26 08:00,53.60,35.60,50.35,40.00,5.00,0.00,30.45,M,6.21,M,M,M,M,M,M,M,M,M,M,M,M,M,M,M,M,53.60,FABL 260800Z 04005KT CAVOK 12/02 Q1031 NOSIG,M
FABL,2026-07-26 09:00,60.80,35.60,38.85,30.00,3.00,0.00,30.42,M,6.21,M,M,M,M,M,M,M,M,M,M,M,M,M,M,M,M,60.80,FABL 260900Z 03003KT 320V090 CAVOK 16/02 Q1030 NOSIG,M
FABL,2026-07-26 10:00,64.40,32.00,29.63,30.00,5.00,0.00,30.39,M,6.21,M,M,M,M,M,M,M,M,M,M,M,M,M,M,M,M,64.40,FABL 261000Z 03005KT 340V050 CAVOK 18/M00 Q1029 NOSIG,M
FABL,2026-07-26 11:00,68.00,28.40,22.60,M,3.00,0.00,30.36,M,6.21,M,M,M,M,M,M,M,M,M,M,M,M,M,M,M,M,68.00,FABL 261100Z VRB03KT CAVOK 20/M02 Q1028 NOSIG,M
FABL,2026-07-26 12:00,69.80,26.60,19.73,M,4.00,0.00,30.30,M,6.21,M,M,M,M,M,M,M,M,M,M,M,M,M,M,M,M,69.80,FABL 261200Z VRB04KT CAVOK 21/M03 Q1026 NOSIG,M
FABL,2026-07-26 13:00,69.80,24.80,18.31,300.00,5.00,0.00,30.30,M,6.21,M,M,M,M,M,M,M,M,M,M,M,M,M,M,M,M,69.80,FABL 261300Z 30005KT 250V330 CAVOK 21/M04 Q1026 NOSIG,M
FABL,2026-07-26 14:00,69.80,23.00,16.98,320.00,3.00,0.00,30.30,M,6.21,M,M,M,M,M,M,M,M,M,M,M,M,M,M,M,M,69.80,FABL 261400Z 32003KT 250V060 CAVOK 21/M05 Q1026 NOSIG,M
FABL,2026-07-26 15:00,69.80,24.80,18.31,310.00,4.00,0.00,30.30,M,6.21,M,M,M,M,M,M,M,M,M,M,M,M,M,M,M,M,69.80,FABL 261500Z 31004KT CAVOK 21/M04 Q1026 NOSIG,M
FABL,2026-07-26 16:00,62.60,26.60,25.31,300.00,4.00,0.00,30.30,M,6.21,M,M,M,M,M,M,M,M,M,M,M,M,M,M,M,M,62.60,FABL 261600Z 30004KT CAVOK 17/M03 Q1026 NOSIG,M
FABL,2026-07-26 17:00,50.00,26.60,39.93,280.00,3.00,0.00,30.30,M,6.21,M,M,M,M,M,M,M,M,M,M,M,M,M,M,M,M,50.00,FABL 261700Z 28003KT CAVOK 10/M03 Q1026 NOSIG,M
FABL,2026-07-26 18:00,50.00,28.40,43.01,M,2.00,0.00,30.30,M,6.21,M,M,M,M,M,M,M,M,M,M,M,M,M,M,M,M,50.00,FABL 261800Z VRB02KT CAVOK 10/M02 Q1026 NOSIG,M
FABL,2026-07-26 19:00,42.80,30.20,60.77,M,2.00,0.00,30.30,M,6.21,M,M,M,M,M,M,M,M,M,,M,M,M,M,M,M,42.80,FABL 261900Z AUTO VRB02KT 9999 // ///////// 06/M01 Q1026,M
FABL,2026-07-26 20:00,41.00,28.40,60.52,180.00,2.00,0.00,30.30,M,6.21,M,M,M,M,M,M,M,M,M,,M,M,M,M,M,M,41.00,FABL 262000Z AUTO 18002KT 9999 // ///////// 05/M02 Q1026,M
FABL,2026-07-26 21:00,37.40,28.40,69.65,260.00,2.00,0.00,30.30,M,6.21,M,M,M,M,M,M,M,M,M,,M,M,M,M,M,M,37.40,FABL 262100Z AUTO 26002KT 9999 // ///////// 03/M02 Q1026,M
FABL,2026-07-26 22:00,37.40,30.20,74.97,210.00,2.00,0.00,30.30,M,4.97,M,M,M,M,M,M,M,M,M,,M,M,M,M,M,M,37.40,FABL 262200Z AUTO 21002KT 8000 // ///////// 03/M01 Q1026,M
FABL,2026-07-26 23:00,35.60,26.60,69.44,230.00,2.00,0.00,30.27,M,6.21,M,M,M,M,M,M,M,M,M,,M,M,M,M,M,M,35.60,FABL 262300Z AUTO 23002KT 9999 // ///////// 02/M03 Q1025,M
FABL,2026-07-27 00:00,33.80,28.40,80.35,210.00,1.00,0.00,30.27,M,6.21,M,M,M,M,M,M,M,M,M,,M,M,M,M,M,M,33.80,FABL 270000Z AUTO 21001KT 9999 // ///////// 01/M02 Q1025,M
FABL,2026-07-27 01:00,33.80,26.60,74.61,260.00,3.00,0.00,30.27,M,6.21,M,M,M,M,M,M,M,M,M,,M,M,M,M,M,M,30.75,FABL 270100Z AUTO 26003KT 9999 // ///////// 01/M03 Q1025,M
FABL,2026-07-27 02:00,32.00,26.60,80.20,M,2.00,0.00,30.27,M,6.21,M,M,M,M,M,M,M,M,M,,M,M,M,M,M,M,32.00,FABL 270200Z AUTO VRB02KT 9999 // ///////// 00/M03 Q1025,M
FABL,2026-07-27 03:00,33.80,26.60,74.61,0.00,0.00,0.00,30.27,M,6.21,M,M,M,M,M,M,M,M,M,M,M,M,M,M,M,M,33.80,COR FABL 270300Z 00000KT CAVOK 01/M03 Q1025 NOSIG,M
FABL,2026-07-27 04:00,32.00,28.40,86.38,130.00,2.00,0.00,30.27,M,4.97,M,NSC,M,M,M,M,M,M,M,M,M,M,M,M,M,M,32.00,FABL 270400Z 13002KT 8000 NSC 00/M02 Q1025 NOSIG,M
FABL,2026-07-27 05:00,32.00,26.60,80.20,M,1.00,0.00,30.27,M,6.21,M,M,M,M,M,M,M,M,M,M,M,M,M,M,M,M,32.00,FABL 270500Z VRB01KT CAVOK M00/M03 Q1025 NOSIG,M
FABL,2026-07-27 06:00,35.60,30.20,80.49,M,1.00,0.00,30.27,M,6.21,M,M,M,M,M,M,M,M,M,M,M,M,M,M,M,M,35.60,FABL 270600Z VRB01KT CAVOK 02/M01 Q1025 NOSIG,M
FABL,2026-07-27 07:00,44.60,32.00,61.01,M,2.00,0.00,30.30,M,6.21,M,M,M,M,M,M,M,M,M,M,M,M,M,M,M,M,44.60,FABL 270700Z VRB02KT CAVOK 07/M00 Q1026 NOSIG,M
FABL,2026-07-27 08:00,53.60,33.80,46.87,50.00,4.00,0.00,30.30,M,6.21,M,M,M,M,M,M,M,M,M,M,M,M,M,M,M,M,53.60,FABL 270800Z 05004KT 350V090 CAVOK 12/01 Q1026 NOSIG,M
FABL,2026-07-27 09:00,60.80,35.60,38.85,20.00,3.00,0.00,30.27,M,6.21,M,M,M,M,M,M,M,M,M,M,M,M,M,M,M,M,60.80,FABL 270900Z 02003KT 290V080 CAVOK 16/02 Q1025 NOSIG,M
FABL,2026-07-27 10:00,68.00,37.40,32.44,320.00,4.00,0.00,30.24,M,6.21,M,M,M,M,M,M,M,M,M,M,M,M,M,M,M,M,68.00,FABL 271000Z 32004KT 240V040 CAVOK 20/03 Q1024 NOSIG,M
FABL,2026-07-27 11:00,69.80,35.60,28.41,310.00,6.00,0.00,30.21,M,6.21,M,M,M,M,M,M,M,M,M,M,M,M,M,M,M,M,69.80,FABL 271100Z 31006KT 260V360 CAVOK 21/02 Q1023 NOSIG,M
FABL,2026-07-27 12:00,69.80,35.60,28.41,290.00,5.00,0.00,30.18,M,6.21,M,M,M,M,M,M,M,M,M,M,M,M,M,M,M,M,69.80,FABL 271200Z 29005KT 190V330 CAVOK 21/02 Q1022 NOSIG,M
FABL,2026-07-27 13:00,71.60,35.60,26.72,260.00,6.00,0.00,30.18,M,6.21,M,M,M,M,M,M,M,M,M,M,M,M,M,M,M,M,71.60,FABL 271300Z 26006KT 220V290 CAVOK 22/02 Q1022 NOSIG,M
FABL,2026-07-27 14:00,69.80,33.80,26.44,210.00,6.00,0.00,30.15,M,6.21,M,M,M,M,M,M,M,M,M,M,M,M,M,M,M,M,69.80,FABL 271400Z 21006KT 170V250 CAVOK 21/01 Q1021 NOSIG,M
FABL,2026-07-27 15:00,69.80,35.60,28.41,M,2.00,0.00,30.18,M,6.21,M,M,M,M,M,M,M,M,M,M,M,M,M,M,M,M,69.80,FABL 271500Z VRB02KT CAVOK 21/02 Q1022 NOSIG,M
FABL,2026-07-27 16:00,64.40,35.60,34.23,M,1.00,0.00,30.18,M,6.21,M,M,M,M,M,M,M,M,M,M,M,M,M,M,M,M,64.40,FABL 271600Z VRB01KT CAVOK 18/02 Q1022 NOSIG,M
FABL,2026-07-27 17:00,53.60,35.60,50.35,300.00,3.00,0.00,30.18,M,6.21,M,M,M,M,M,M,M,M,M,M,M,M,M,M,M,M,53.60,FABL 271700Z 30003KT CAVOK 12/02 Q1022 NOSIG,M
FABL,2026-07-27 18:00,50.00,35.60,57.51,M,2.00,0.00,30.21,M,6.21,M,M,M,M,M,M,M,M,M,M,M,M,M,M,M,M,50.00,FABL 271800Z VRB02KT CAVOK 10/02 Q1023 NOSIG,M
FABL,2026-07-27 19:00,48.20,37.40,66.04,210.00,4.00,0.00,30.21,M,5.59,M,M,M,M,M,M,M,M,M,,M,M,M,M,M,M,46.34,FABL 271900Z AUTO 21004KT 9000 // ///////// 09/03 Q1023,M
FABL,2026-07-27 20:00,44.60,37.40,75.67,170.00,2.00,0.00,30.21,M,3.73,M,M,M,M,M,M,M,M,M,,M,M,M,M,M,M,44.60,FABL 272000Z AUTO 17002KT 6000 // ///////// 07/03 Q1023,M
FABL,2026-07-27 21:00,41.00,35.60,80.92,0.00,0.00,0.00,30.21,M,5.59,M,M,M,M,M,M,M,M,M,,M,M,M,M,M,M,41.00,FABL 272100Z AUTO 00000KT 9000 // ///////// 05/02 Q1023,M
FABL,2026-07-27 22:00,41.00,33.80,75.32,250.00,2.00,0.00,30.21,M,4.97,M,M,M,M,M,M,M,M,M,,M,M,M,M,M,M,41.00,FABL 272200Z AUTO 25002KT 8000 // ///////// 05/01 Q1023,M
FABL,2026-07-27 23:00,39.20,33.80,80.78,140.00,2.00,0.00,30.21,M,3.73,M,M,M,M,M,M,M,M,M,,M,M,M,M,M,M,39.20,FABL 272300Z AUTO 14002KT 6000 // ///////// 04/01 Q1023,M
FABL,2026-07-28 00:00,39.20,33.80,80.78,0.00,0.00,0.00,30.21,M,4.97,M,M,M,M,M,M,M,M,M,,M,M,M,M,M,M,39.20,FABL 280000Z AUTO 00000KT 8000 // ///////// 04/01 Q1023,M
FABL,2026-07-28 01:00,37.40,33.80,86.69,0.00,0.00,0.00,30.21,M,5.59,M,M,M,M,M,M,M,M,M,,M,M,M,M,M,M,37.40,FABL 280100Z AUTO 00000KT 9000 // ///////// 03/01 Q1023,M
FABL,2026-07-28 02:00,35.60,32.00,86.58,M,2.00,0.00,30.21,M,5.59,M,M,M,M,M,M,M,M,M,,M,M,M,M,M,M,35.60,FABL 280200Z AUTO VRB02KT 9000 // ///////// 02/M00 Q1023,M
FABL,2026-07-28 03:00,35.60,32.00,86.58,200.00,2.00,0.00,30.21,M,6.21,M,SCT,M,M,M,4500.00,M,M,M,M,M,M,M,M,M,M,35.60,FABL 280300Z 20002KT 9999 SCT045 02/00 Q1023 NOSIG,M
FABL,2026-07-28 04:00,37.40,33.80,86.69,M,1.00,0.00,30.21,M,4.97,M,NSC,M,M,M,M,M,M,M,M,M,M,M,M,M,M,37.40,FABL 280400Z VRB01KT 8000 NSC 03/01 Q1023 NOSIG,M
FABL,2026-07-28 05:00,39.20,33.80,80.78,M,2.00,0.00,30.24,M,6.21,M,M,M,M,M,M,M,M,M,M,M,M,M,M,M,M,39.20,FABL 280500Z VRB02KT CAVOK 04/01 Q1024 NOSIG,M
FABL,2026-07-28 06:00,44.60,35.60,70.47,180.00,9.00,0.00,30.27,M,6.21,M,M,M,M,M,M,M,M,M,M,M,M,M,M,M,M,39.18,FABL 280600Z 18009KT CAVOK 07/02 Q1025 NOSIG,M
FABL,2026-07-28 07:00,50.00,35.60,57.51,200.00,6.00,0.00,30.33,M,6.21,M,M,M,M,M,M,M,M,M,M,M,M,M,M,M,M,50.00,FABL 280700Z 20006KT CAVOK 10/02 Q1027 NOSIG,M
FABL,2026-07-28 08:00,51.80,39.20,61.99,180.00,5.00,0.00,30.33,M,6.21,M,M,M,M,M,M,M,M,M,M,M,M,M,M,M,M,51.80,FABL 280800Z 18005KT CAVOK 11/04 Q1027 NOSIG,M
FABL,2026-07-28 09:00,57.20,39.20,50.91,100.00,6.00,0.00,30.33,M,6.21,M,M,M,M,M,M,M,M,M,M,M,M,M,M,M,M,57.20,FABL 280900Z 10006KT 070V130 CAVOK 14/04 Q1027 NOSIG,M
FABL,2026-07-28 10:00,55.40,41.00,58.27,190.00,7.00,0.00,30.36,M,6.21,M,M,M,M,M,M,M,M,M,M,M,M,M,M,M,M,55.40,FABL 281000Z 19007KT 160V240 CAVOK 13/05 Q1028 NOSIG,M
FABL,2026-07-28 12:00,62.60,35.60,36.45,60.00,10.00,0.00,30.24,M,6.21,M,M,M,M,M,M,M,M,M,M,M,M,M,M,M,M,62.60,FABL 281200Z 06010KT 040V100 CAVOK 17/02 Q1024 NOSIG,M
FABL,2026-07-28 13:00,64.40,35.60,34.23,60.00,10.00,0.00,30.21,M,6.21,M,M,M,M,M,M,M,M,M,M,M,M,M,M,M,M,64.40,FABL 281300Z 06010KT 020V090 CAVOK 18/02 Q1023 NOSIG,M
FABL,2026-07-28 14:00,62.60,35.60,36.45,30.00,9.00,0.00,30.21,M,6.21,M,M,M,M,M,M,M,M,M,M,M,M,M,M,M,M,62.60,FABL 281400Z 03009KT CAVOK 17/02 Q1023 NOSIG,M
FABL,2026-07-28 15:00,60.80,37.40,41.71,60.00,7.00,0.00,30.21,M,6.21,M,M,M,M,M,M,M,M,M,M,M,M,M,M,M,M,60.80,FABL 281500Z 06007KT CAVOK 16/03 Q1023 NOSIG,M
FABL,2026-07-28 16:00,57.20,35.60,44.18,90.00,5.00,0.00,30.24,M,6.21,M,M,M,M,M,M,M,M,M,M,M,M,M,M,M,M,57.20,FABL 281600Z 09005KT CAVOK 14/02 Q1024 NOSIG,M
FABL,2026-07-28 17:00,53.60,39.20,58.02,130.00,5.00,0.00,30.24,M,6.21,M,BKN,M,M,M,8000.00,M,M,M,-RA,M,M,M,M,M,M,53.60,FABL 281700Z 13005KT 070V160 9999 -RA BKN080 12/04 Q1024 NOSIG,M
FABL,2026-07-28 18:00,50.00,42.80,76.17,160.00,5.00,0.00,30.27,M,6.21,M,FEW,BKN,M,M,3000.00,8000.00,M,M,M,M,M,M,M,M,M,50.00,FABL 281800Z 16005KT 9999 FEW030TCU BKN080 10/06 Q1025 RERA NOSIG,M
FABL,2026-07-28 19:00,48.20,42.80,81.47,50.00,3.00,0.00,30.27,M,6.21,M,M,M,M,M,M,M,M,M,,M,M,M,M,M,M,47.21,FABL 281900Z AUTO 05003KT 010V100 9999 // ///////// 09/06 Q1025,M
FABL,2026-07-28 20:00,46.40,42.80,87.18,M,2.00,0.00,30.27,M,6.21,M,M,M,M,M,M,M,M,M,,M,M,M,M,M,M,46.40,FABL 282000Z AUTO VRB02KT 9999 // ///////// 08/06 Q1025,M
FABL,2026-07-28 21:00,42.80,41.00,93.29,M,1.00,0.00,30.30,M,6.21,M,M,M,M,M,M,M,M,M,,M,M,M,M,M,M,42.80,FABL 282100Z AUTO VRB01KT 9999 // ///////// 06/05 Q1026,M
FABL,2026-07-28 22:00,42.80,39.20,86.99,M,1.00,0.00,30.27,M,6.21,M,M,M,M,M,M,M,M,M,,M,M,M,M,M,M,42.80,FABL 282200Z AUTO VRB01KT 9999 // ///////// 06/04 Q1025,M
FABL,2026-07-28 23:00,44.60,41.00,87.08,50.00,6.00,0.00,30.27,M,6.21,M,M,M,M,M,M,M,M,M,,M,M,M,M,M,M,40.71,FABL 282300Z AUTO 05006KT 9999 // ///////// 07/05 Q1025,M
FABL,2026-07-29 00:00,48.20,42.80,81.47,50.00,5.00,0.00,30.24,M,6.21,M,M,M,M,M,M,M,M,M,,M,M,M,M,M,M,45.63,FABL 290000Z AUTO 05005KT 330V090 9999 // ///////// 09/06 Q1024,M
FABL,2026-07-29 01:00,48.20,42.80,81.47,230.00,6.00,0.00,30.27,M,6.21,M,M,M,M,M,M,M,M,M,,M,M,M,M,M,M,45.04,FABL 290100Z AUTO 23006KT 220V280 9999 // ///////// 09/06 Q1025,M
FABL,2026-07-29 02:00,50.00,44.60,81.60,20.00,14.00,0.00,30.24,M,6.21,M,M,M,M,M,M,M,M,M,,M,M,M,M,M,M,50.00,FABL 290200Z AUTO 02014KT 9999 // ///////// 10/07 Q1024,M
FABL,2026-07-29 03:00,46.40,42.80,87.18,40.00,8.00,0.00,30.24,M,6.21,M,M,M,M,M,M,M,M,M,M,M,M,M,M,M,M,41.85,FABL 290300Z 04008KT CAVOK 08/06 Q1024 NOSIG,M
FABL,2026-07-29 04:00,48.20,42.80,81.47,20.00,12.00,0.00,30.24,M,6.21,M,M,M,M,M,M,M,M,M,M,M,M,M,M,M,M,42.62,FABL 290400Z 02012KT 340V040 CAVOK 09/06 Q1024 NOSIG,M
FABL,2026-07-29 05:00,46.40,42.80,87.18,40.00,9.00,0.00,30.27,M,6.21,M,SCT,M,M,M,2500.00,M,M,M,M,M,M,M,M,M,M,41.42,FABL 290500Z 04009KT 9999 SCT025 08/06 Q1025 NOSIG,M
FABL,2026-07-29 06:00,48.20,42.80,81.47,90.00,6.00,0.00,30.30,M,6.21,M,SCT,M,M,M,2500.00,M,M,M,M,M,M,M,M,M,M,45.04,FABL 290600Z 09006KT 060V120 9999 SCT025 09/06 Q1026 NOSIG,M
FABL,2026-07-29 07:00,50.00,44.60,81.60,50.00,11.00,0.00,30.30,M,6.21,M,FEW,M,M,M,2000.00,M,M,M,M,M,M,M,M,M,M,50.00,FABL 290700Z 05011KT 9999 FEW020 10/07 Q1026 NOSIG,M
FABL,2026-07-29 08:00,53.60,44.60,71.45,50.00,11.00,0.00,30.30,M,6.21,M,FEW,M,M,M,2000.00,M,M,M,M,M,M,M,M,M,M,53.60,FABL 290800Z 05011KT 9999 FEW020 12/07 Q1026 NOSIG,M
FABL,2026-07-29 09:00,57.20,44.60,62.70,20.00,12.00,0.00,30.30,M,6.21,M,FEW,M,M,M,2000.00,M,M,M,M,M,M,M,M,M,M,57.20,FABL 290900Z 02012KT 9999 FEW020 14/07 Q1026 NOSIG,M
FABL,2026-07-29 10:00,59.00,42.80,54.86,360.00,14.00,0.00,30.27,M,6.21,M,FEW,M,M,M,2000.00,M,M,M,M,M,M,M,M,M,M,59.00,FABL 291000Z 36014KT 330V030 9999 FEW020 15/06 Q1025 NOSIG,M
FABL,2026-07-29 11:00,60.80,41.00,48.01,350.00,11.00,0.00,30.21,M,6.21,M,FEW,M,M,M,2000.00,M,M,M,M,M,M,M,M,M,M,60.80,FABL 291100Z 35011KT 320V020 9999 FEW020 16/05 Q1023 NOSIG,M
FABL,2026-07-29 12:00,62.60,39.20,42.00,300.00,7.00,0.00,30.18,M,6.21,M,FEW,M,M,M,2000.00,M,M,M,M,M,M,M,M,M,M,62.60,FABL 291200Z 30007KT 260V330 9999 FEW020 17/04 Q1022 NOSIG,M
FABL,2026-07-29 13:00,64.40,35.60,34.23,300.00,8.00,0.00,30.18,M,6.21,M,M,M,M,M,M,M,M,M,M,M,M,M,M,M,M,64.40,FABL 291300Z 30008KT 270V330 CAVOK 18/02 Q1022 NOSIG,M
FABL,2026-07-29 14:00,64.40,35.60,34.23,260.00,6.00,0.00,30.18,M,6.21,M,FEW,M,M,M,3500.00,M,M,M,M,M,M,M,M,M,M,64.40,FABL 291400Z 26006KT 230V290 9999 FEW035 18/02 Q1022 NOSIG,M
FABL,2026-07-29 15:00,60.80,39.20,44.76,200.00,5.00,0.00,30.15,M,6.21,M,FEW,M,M,M,4000.00,M,M,M,M,M,M,M,M,M,M,60.80,FABL 291500Z 20005KT 9999 FEW040TCU 16/04 Q1021 NOSIG,M
FABL,2026-07-29 16:00,53.60,44.60,71.45,180.00,8.00,0.00,30.18,M,6.21,M,M,M,M,M,M,M,M,M,M,M,M,M,M,M,M,53.60,FABL 291600Z 18008KT CAVOK 12/07 Q1022 NOSIG,M
FABL,2026-07-29 17:00,48.20,42.80,81.47,160.00,6.00,0.00,30.21,M,6.21,M,M,M,M,M,M,M,M,M,M,M,M,M,M,M,M,45.04,FABL 291700Z 16006KT CAVOK 09/06 Q1023 NOSIG,M
FABL,2026-07-29 18:00,46.40,41.00,81.33,150.00,7.00,0.00,30.24,M,6.21,M,M,M,M,M,M,M,M,M,M,M,M,M,M,M,M,42.33,FABL 291800Z 15007KT CAVOK 08/05 Q1024 NOSIG,M
FABL,2026-07-29 19:00,42.80,41.00,93.29,190.00,6.00,0.00,30.24,M,6.21,M,M,M,M,M,M,M,M,M,,M,M,M,M,M,M,38.54,FABL 291900Z AUTO 19006KT 9999 // ///////// 06/05 Q1024,M
FABL,2026-07-29 20:00,41.00,37.40,86.89,190.00,6.00,0.00,30.24,M,6.21,M,M,M,M,M,M,M,M,M,,M,M,M,M,M,M,36.37,FABL 292000Z AUTO 19006KT 9999 // ///////// 05/03 Q1024,M
FABL,2026-07-29 21:00,39.20,37.40,93.19,190.00,7.00,0.00,30.24,M,6.21,M,M,M,M,M,M,M,M,M,,M,M,M,M,M,M,33.56,FABL 292100Z AUTO 19007KT 9999 // ///////// 04/03 Q1024,M
FABL,2026-07-29 22:00,37.40,35.60,93.13,210.00,5.00,0.00,30.24,M,6.21,M,M,M,M,M,M,M,M,M,,M,M,M,M,M,M,32.81,FABL 292200Z AUTO 21005KT 9999 // ///////// 03/02 Q1024,M
FABL,2026-07-29 23:00,37.40,33.80,86.69,190.00,5.00,0.00,30.24,M,6.21,M,M,M,M,M,M,M,M,M,,M,M,M,M,M,M,32.81,FABL 292300Z AUTO 19005KT 9999 // ///////// 03/01 Q1024,M
FABL,2026-07-30 00:00,37.40,33.80,86.69,200.00,6.00,0.00,30.24,M,6.21,M,M,M,M,M,M,M,M,M,,M,M,M,M,M,M,32.03,FABL 300000Z AUTO 20006KT 9999 // ///////// 03/01 Q1024,M
FABL,2026-07-30 01:00,35.60,32.00,86.58,200.00,4.00,0.00,30.24,M,6.21,M,M,M,M,M,M,M,M,M,,M,M,M,M,M,M,31.62,FABL 300100Z AUTO 20004KT 9999 // ///////// 02/00 Q1024,M
FABL,2026-07-30 02:00,33.80,32.00,93.02,210.00,5.00,0.00,30.24,M,6.21,M,M,M,M,M,M,M,M,M,,M,M,M,M,M,M,28.53,FABL 300200Z AUTO 21005KT 9999 // ///////// 01/M00 Q1024,M
FABL,2026-07-30 03:00,32.00,30.20,92.97,210.00,4.00,0.00,30.24,M,6.21,M,M,M,M,M,M,M,M,M,M,M,M,M,M,M,M,27.42,FABL 300300Z 21004KT CAVOK 00/M01 Q1024 NOSIG,M
FABL,2026-07-30 04:00,32.00,30.20,92.97,200.00,5.00,0.00,30.27,M,6.21,M,M,M,M,M,M,M,M,M,M,M,M,M,M,M,M,26.40,FABL 300400Z 20005KT CAVOK 00/M01 Q1025 NOSIG,M
FABL,2026-07-30 05:00,32.00,30.20,92.97,190.00,3.00,0.00,30.27,M,6.21,M,M,M,M,M,M,M,M,M,M,M,M,M,M,M,M,28.69,FABL 300500Z 19003KT CAVOK 00/M01 Q1025 NOSIG,M
FABL,2026-07-30 06:00,35.60,32.00,86.58,220.00,5.00,0.00,30.30,M,6.21,M,M,M,M,M,M,M,M,M,M,M,M,M,M,M,M,30.67,FABL 300600Z 22005KT CAVOK 02/00 Q1026 NOSIG,M
FABL,2026-07-30 07:00,41.00,35.60,80.92,190.00,9.00,0.00,30.30,M,6.21,M,M,M,M,M,M,M,M,M,M,M,M,M,M,M,M,34.70,FABL 300700Z 19009KT CAVOK 05/02 Q1026 NOSIG,M
FABL,2026-07-30 08:00,48.20,39.20,70.87,140.00,5.00,0.00,30.33,M,6.21,M,M,M,M,M,M,M,M,M,M,M,M,M,M,M,M,45.63,FABL 300800Z 14005KT 100V180 CAVOK 09/04 Q1027 NOSIG,M
FABL,2026-07-30 09:00,53.60,37.40,54.07,130.00,7.00,0.00,30.30,M,6.21,M,M,M,M,M,M,M,M,M,M,M,M,M,M,M,M,53.60,FABL 300900Z 13007KT 090V170 CAVOK 12/03 Q1026 NOSIG,M
FABL,2026-07-30 10:00,57.20,35.60,44.18,130.00,8.00,0.00,30.30,M,6.21,M,M,M,M,M,M,M,M,M,M,M,M,M,M,M,M,57.20,FABL 301000Z 13008KT 100V160 CAVOK 14/02 Q1026 NOSIG,M
FABL,2026-07-30 11:00,59.00,37.40,44.47,140.00,7.00,0.00,30.27,M,6.21,M,M,M,M,M,M,M,M,M,M,M,M,M,M,M,M,59.00,FABL 301100Z 14007KT 110V180 CAVOK 15/03 Q1025 NOSIG,M
FABL,2026-07-30 12:00,62.60,32.00,31.56,150.00,10.00,0.00,30.27,M,6.21,M,M,M,M,M,M,M,M,M,M,M,M,M,M,M,M,62.60,FABL 301200Z 15010KT 090V190 CAVOK 17/M00 Q1025 NOSIG,M
FABL,2026-07-30 13:00,62.60,28.40,27.26,140.00,8.00,0.00,30.27,M,6.21,M,M,M,M,M,M,M,M,M,M,M,M,M,M,M,M,62.60,FABL 301300Z 14008KT 090V190 CAVOK 17/M02 Q1025 NOSIG,M
FABL,2026-07-30 14:00,62.60,28.40,27.26,140.00,10.00,0.00,30.24,M,6.21,M,M,M,M,M,M,M,M,M,M,M,M,M,M,M,M,62.60,FABL 301400Z 14010KT CAVOK 17/M02 Q1024 NOSIG,M
FABL,2026-07-30 15:00,60.80,28.40,29.05,140.00,8.00,0.00,30.27,M,6.21,M,M,M,M,M,M,M,M,M,M,M,M,M,M,M,M,60.80,FABL 301500Z 14008KT CAVOK 16/M02 Q1025 NOSIG,M
FABL,2026-07-30 16:00,53.60,26.60,34.97,150.00,6.00,0.00,30.27,M,6.21,M,M,M,M,M,M,M,M,M,M,M,M,M,M,M,M,53.60,FABL 301600Z 15006KT CAVOK 12/M03 Q1025 NOSIG,M
FABL,2026-07-30 17:00,48.20,28.40,46.00,170.00,7.00,0.00,30.30,M,6.21,M,M,M,M,M,M,M,M,M,M,M,M,M,M,M,M,44.53,FABL 301700Z 17007KT CAVOK 09/M02 Q1026 NOSIG,M
FABL,2026-07-30 18:00,46.40,32.00,56.99,170.00,8.00,0.00,30.30,M,6.21,M,M,M,M,M,M,M,M,M,M,M,M,M,M,M,M,41.85,FABL 301800Z 17008KT CAVOK 08/M00 Q1026 NOSIG,M
FABL,2026-07-30 19:00,42.80,32.00,65.36,180.00,6.00,0.00,30.33,M,6.21,M,M,M,M,M,M,M,M,M,,M,M,M,M,M,M,38.54,FABL 301900Z AUTO 18006KT 9999 // ///////// 06/00 Q1027,M
FABL,2026-07-30 20:00,41.00,32.00,70.06,190.00,7.00,0.00,30.33,M,6.21,M,M,M,M,M,M,M,M,M,,M,M,M,M,M,M,35.75,FABL 302000Z AUTO 19007KT 9999 // ///////// 05/00 Q1027,M
FABL,2026-07-30 21:00,39.20,32.00,75.14,60.00,5.00,0.00,30.36,M,6.21,M,M,M,M,M,M,M,M,M,,M,M,M,M,M,M,34.95,FABL 302100Z AUTO 06005KT 9999 // ///////// 04/00 Q1028,M
FABL,2026-07-30 22:00,37.40,32.00,80.64,220.00,6.00,0.00,30.36,M,6.21,M,M,M,M,M,M,M,M,M,,M,M,M,M,M,M,32.03,FABL 302200Z AUTO 22006KT 9999 // ///////// 03/00 Q1028,M
FABL,2026-07-30 23:00,33.80,30.20,86.48,M,1.00,0.00,30.36,M,6.21,M,M,M,M,M,M,M,M,M,,M,M,M,M,M,M,33.80,FABL 302300Z AUTO VRB01KT 9999 // ///////// 01/M01 Q1028,M
FABL,2026-07-31 00:00,32.00,30.20,92.97,M,2.00,0.00,30.36,M,6.21,M,M,M,M,M,M,M,M,M,,M,M,M,M,M,M,32.00,FABL 310000Z AUTO VRB02KT 9999 // ///////// 00/M01 Q1028,M
FABL,2026-07-31 01:00,32.00,30.20,92.97,200.00,5.00,0.00,30.36,M,6.21,M,M,M,M,M,M,M,M,M,,M,M,M,M,M,M,26.40,FABL 310100Z AUTO 20005KT 9999 // ///////// 00/M01 Q1028,M
FABL,2026-07-31 02:00,30.20,28.40,92.91,200.00,2.00,0.00,30.36,M,6.21,M,M,M,M,M,M,M,M,M,,M,M,M,M,M,M,30.20,FABL 310200Z AUTO 20002KT 9999 // ///////// M01/M02 Q1028,M
FABL,2026-07-31 03:00,30.20,28.40,92.91,M,1.00,0.00,30.36,M,6.21,M,M,M,M,M,M,M,M,M,M,M,M,M,M,M,M,30.20,FABL 310300Z VRB01KT CAVOK M01/M02 Q1028 NOSIG,M
FABL,2026-07-31 04:00,30.20,28.40,92.91,340.00,2.00,0.00,30.39,M,6.21,M,M,M,M,M,M,M,M,M,M,M,M,M,M,M,M,30.20,FABL 310400Z 34002KT CAVOK M01/M02 Q1029 NOSIG,M
FABL,2026-07-31 05:00,26.60,24.80,92.80,0.00,0.00,0.00,30.39,M,6.21,M,M,M,M,M,M,M,M,M,M,M,M,M,M,M,M,26.60,FABL 310500Z 00000KT CAVOK M03/M04 Q1029 NOSIG,M
FABL,2026-07-31 06:00,32.00,28.40,86.38,M,2.00,0.00,30.42,M,6.21,M,M,M,M,M,M,M,M,M,M,M,M,M,M,M,M,32.00,FABL 310600Z VRB02KT CAVOK 00/M02 Q1030 NOSIG,M
FABL,2026-07-31 07:00,41.00,33.80,75.32,M,2.00,0.00,30.45,M,6.21,M,M,M,M,M,M,M,M,M,M,M,M,M,M,M,M,41.00,FABL 310700Z VRB02KT CAVOK 05/01 Q1031 NOSIG,M
FABL,2026-07-31 08:00,48.20,37.40,66.04,100.00,4.00,0.00,30.45,M,6.21,M,M,M,M,M,M,M,M,M,M,M,M,M,M,M,M,46.34,FABL 310800Z 10004KT 060V130 CAVOK 09/03 Q1031 NOSIG,M
FABL,2026-07-31 09:00,55.40,37.40,50.63,50.00,5.00,0.00,30.45,M,6.21,M,M,M,M,M,M,M,M,M,M,M,M,M,M,M,M,55.40,FABL 310900Z 05005KT 350V090 CAVOK 13/03 Q1031 NOSIG,M
FABL,2026-07-31 10:00,59.00,35.60,41.42,50.00,5.00,0.00,30.42,M,6.21,M,M,M,M,M,M,M,M,M,M,M,M,M,M,M,M,59.00,FABL 311000Z 05005KT 330V110 CAVOK 15/02 Q1030 NOSIG,M
FABL,2026-07-31 11:00,60.80,33.80,36.16,M,3.00,0.00,30.39,M,6.21,M,M,M,M,M,M,M,M,M,M,M,M,M,M,M,M,60.80,FABL 311100Z VRB03KT CAVOK 16/01 Q1029 NOSIG,M
FABL,2026-07-31 12:00,62.60,32.00,31.56,M,5.00,0.00,30.36,M,6.21,M,M,M,M,M,M,M,M,M,M,M,M,M,M,M,M,62.60,FABL 311200Z VRB05KT CAVOK 17/M00 Q1028 NOSIG,M
FABL,2026-07-31 13:00,64.40,30.20,27.55,100.00,5.00,0.00,30.36,M,6.21,M,M,M,M,M,M,M,M,M,M,M,M,M,M,M,M,64.40,FABL 311300Z 10005KT 040V150 CAVOK 18/M01 Q1028 NOSIG,M
FABL,2026-07-31 15:00,64.40,26.60,23.77,70.00,5.00,0.00,30.33,M,6.21,M,M,M,M,M,M,M,M,M,M,M,M,M,M,M,M,64.40,FABL 311500Z 07005KT CAVOK 18/M03 Q1027 NOSIG,M
FABL,2026-07-31 16:00,59.00,28.40,30.98,M,2.00,0.00,30.36,M,6.21,M,M,M,M,M,M,M,M,M,M,M,M,M,M,M,M,59.00,FABL 311600Z VRB02KT CAVOK 15/M02 Q1028 NOSIG,M
FABL,2026-07-31 17:00,48.20,30.20,49.51,170.00,2.00,0.00,30.36,M,6.21,M,M,M,M,M,M,M,M,M,M,M,M,M,M,M,M,48.20,FABL 311700Z 17002KT CAVOK 09/M01 Q1028 NOSIG,M
FABL,2026-07-31 18:00,44.60,30.20,56.72,M,1.00,0.00,30.39,M,6.21,M,M,M,M,M,M,M,M,M,M,M,M,M,M,M,M,44.60,FABL 311800Z VRB01KT CAVOK 07/M01 Q1029 NOSIG,M
FABL,2026-08-01 03:00,30.20,28.40,92.91,M,1.00,0.00,30.39,M,6.21,M,M,M,M,M,M,M,M,M,M,M,M,M,M,M,M,30.20,FABL 010300Z VRB01KT CAVOK M01/M02 Q1029 NOSIG,M
FABL,2026-08-01 04:00,30.20,26.60,86.27,130.00,2.00,0.00,30.39,M,6.21,M,M,M,M,M,M,M,M,M,M,M,M,M,M,M,M,30.20,FABL 010400Z 13002KT CAVOK M01/M03 Q1029 NOSIG,M
FABL,2026-08-01 05:00,28.40,26.60,92.85,250.00,2.00,0.00,30.39,M,6.21,M,M,M,M,M,M,M,M,M,M,M,M,M,M,M,M,28.40,FABL 010500Z 25002KT CAVOK M02/M03 Q1029 NOSIG,M
FABL,2026-08-01 06:00,37.40,32.00,80.64,0.00,0.00,0.00,30.42,M,6.21,M,M,M,M,M,M,M,M,M,M,M,M,M,M,M,M,37.40,FABL 010600Z 00000KT CAVOK 03/00 Q1030 NOSIG,M
FABL,2026-08-01 07:00,44.60,32.00,61.01,M,1.00,0.00,30.42,M,6.21,M,M,M,M,M,M,M,M,M,M,M,M,M,M,M,M,44.60,FABL 010700Z VRB01KT CAVOK 07/M00 Q1030 NOSIG,M
FABL,2026-08-01 08:00,50.00,32.00,49.79,40.00,3.00,0.00,30.42,M,6.21,M,M,M,M,M,M,M,M,M,M,M,M,M,M,M,M,50.00,FABL 010800Z 04003KT 350V130 CAVOK 10/00 Q1030 NOSIG,M
FABL,2026-08-01 09:00,55.40,32.00,40.83,30.00,5.00,0.00,30.42,M,6.21,M,M,M,M,M,M,M,M,M,M,M,M,M,M,M,M,55.40,FABL 010900Z 03005KT 330V060 CAVOK 13/M00 Q1030 NOSIG,M
FABL,2026-08-01 10:00,60.80,32.00,33.64,340.00,6.00,0.00,30.39,M,6.21,M,M,M,M,M,M,M,M,M,M,M,M,M,M,M,M,60.80,FABL 011000Z 34006KT 260V030 CAVOK 16/00 Q1029 NOSIG,M
FABL,2026-08-01 11:00,62.60,32.00,31.56,300.00,4.00,0.00,30.36,M,6.21,M,M,M,M,M,M,M,M,M,M,M,M,M,M,M,M,62.60,FABL 011100Z 30004KT 240V010 CAVOK 17/00 Q1028 NOSIG,M
FABL,2026-08-01 12:00,66.20,30.20,25.88,M,3.00,0.00,30.33,M,6.21,M,M,M,M,M,M,M,M,M,M,M,M,M,M,M,M,66.20,FABL 011200Z VRB03KT CAVOK 19/M01 Q1027 NOSIG,M
FABL,2026-08-01 13:00,64.40,30.20,27.55,M,4.00,0.00,30.30,M,6.21,M,M,M,M,M,M,M,M,M,M,M,M,M,M,M,M,64.40,FABL 011300Z VRB04KT CAVOK 18/M01 Q1026 NOSIG,M
FABL,2026-08-01 14:00,64.40,28.40,25.60,150.00,4.00,0.00,30.30,M,6.21,M,M,M,M,M,M,M,M,M,M,M,M,M,M,M,M,64.40,FABL 011400Z 15004KT 110V200 CAVOK 18/M02 Q1026 NOSIG,M
FABL,2026-08-01 15:00,64.40,26.60,23.77,M,2.00,0.00,30.30,M,6.21,M,M,M,M,M,M,M,M,M,M,M,M,M,M,M,M,64.40,FABL 011500Z VRB02KT CAVOK 18/M03 Q1026 NOSIG,M
FABL,2026-08-01 16:00,55.40,28.40,35.27,280.00,3.00,0.00,30.30,M,6.21,M,M,M,M,M,M,M,M,M,M,M,M,M,M,M,M,55.40,FABL 011600Z 28003KT CAVOK 13/M02 Q1026 NOSIG,M
FABL,2026-08-01 17:00,50.00,28.40,43.01,280.00,4.00,0.00,30.33,M,6.21,M,M,M,M,M,M,M,M,M,M,M,M,M,M,M,M,50.00,FABL 011700Z 28004KT CAVOK 10/M02 Q1027 NOSIG,M
FABL,2026-08-01 18:00,44.60,30.20,56.72,260.00,3.00,0.00,30.33,M,6.21,M,M,M,M,M,M,M,M,M,M,M,M,M,M,M,M,43.09,FABL 011800Z 26003KT CAVOK 07/M01 Q1027 NOSIG,M
FABL,2026-08-01 19:00,44.60,30.20,56.72,250.00,4.00,0.00,30.33,M,6.21,M,M,M,M,M,M,M,M,M,,M,M,M,M,M,M,42.13,FABL 011900Z AUTO 25004KT 9999 // ///////// 07/M01 Q1027,M
FABL,2026-08-01 20:00,41.00,30.20,65.14,190.00,2.00,0.00,30.33,M,6.21,M,M,M,M,M,M,M,M,M,,M,M,M,M,M,M,41.00,FABL 012000Z AUTO 19002KT 9999 // ///////// 05/M01 Q1027,M
FABL,2026-08-01 21:00,39.20,30.20,69.86,190.00,4.00,0.00,30.33,M,6.21,M,M,M,M,M,M,M,M,M,,M,M,M,M,M,M,35.83,FABL 012100Z AUTO 19004KT 9999 // ///////// 04/M01 Q1027,M
FABL,2026-08-01 22:00,37.40,28.40,69.65,M,1.00,0.00,30.33,M,6.21,M,M,M,M,M,M,M,M,M,,M,M,M,M,M,M,37.40,FABL 012200Z AUTO VRB01KT 9999 // ///////// 03/M02 Q1027,M
FABL,2026-08-01 23:00,35.60,28.40,74.79,200.00,2.00,0.00,30.33,M,5.59,M,M,M,M,M,M,M,M,M,,M,M,M,M,M,M,35.60,FABL 012300Z AUTO 20002KT 9000 // ///////// 02/M02 Q1027,M
FABL,2026-08-02 00:00,33.80,28.40,80.35,190.00,3.00,0.00,30.33,M,3.73,M,M,M,M,M,M,M,M,M,,M,M,M,M,M,M,30.75,FABL 020000Z AUTO 19003KT 6000 // ///////// 01/M02 Q1027,M
FABL,2026-08-02 01:00,32.00,26.60,80.20,170.00,2.00,0.00,30.30,M,4.97,M,M,M,M,M,M,M,M,M,,M,M,M,M,M,M,32.00,FABL 020100Z AUTO 17002KT 8000 // ///////// M00/M03 Q1026,M
FABL,2026-08-02 02:00,30.20,26.60,86.27,230.00,1.00,0.00,30.30,M,5.59,M,M,M,M,M,M,M,M,M,,M,M,M,M,M,M,30.20,FABL 020200Z AUTO 23001KT 9000 // ///////// M01/M03 Q1026,M
FABL,2026-08-02 03:00,28.40,24.80,86.16,0.00,0.00,0.00,30.30,M,6.21,M,M,M,M,M,M,M,M,M,M,M,M,M,M,M,M,28.40,COR FABL 020300Z 00000KT CAVOK M02/M04 Q1026 NOSIG,M
FABL,2026-08-02 04:00,28.40,24.80,86.16,200.00,2.00,0.00,30.30,M,6.21,M,M,M,M,M,M,M,M,M,M,M,M,M,M,M,M,28.40,FABL 020400Z 20002KT CAVOK M02/M04 Q1026 NOSIG,M
FABL,2026-08-02 05:00,28.40,24.80,86.16,M,2.00,0.00,30.30,M,6.21,M,M,M,M,M,M,M,M,M,M,M,M,M,M,M,M,28.40,FABL 020500Z VRB02KT CAVOK M02/M04 Q1026 NOSIG,M
FABL,2026-08-02 06:00,35.60,26.60,69.44,100.00,2.00,0.00,30.33,M,6.21,M,M,M,M,M,M,M,M,M,M,M,M,M,M,M,M,35.60,FABL 020600Z 10002KT CAVOK 02/M03 Q1027 NOSIG,M
FABL,2026-08-02 07:00,44.60,32.00,61.01,0.00,0.00,0.00,30.36,M,6.21,M,M,M,M,M,M,M,M,M,M,M,M,M,M,M,M,44.60,FABL 020700Z 00000KT CAVOK 07/M00 Q1028 NOSIG,M
FABL,2026-08-02 08:00,50.00,32.00,49.79,M,2.00,0.00,30.36,M,6.21,M,M,M,M,M,M,M,M,M,M,M,M,M,M,M,M,50.00,FABL 020800Z VRB02KT CAVOK 10/M00 Q1028 NOSIG,M
FABL,2026-08-02 09:00,59.00,32.00,35.86,M,2.00,0.00,30.33,M,6.21,M,M,M,M,M,M,M,M,M,M,M,M,M,M,M,M,59.00,FABL 020900Z VRB02KT CAVOK 15/M00 Q1027 NOSIG,M
FABL,2026-08-02 10:00,62.60,28.40,27.26,260.00,7.00,0.00,30.30,M,6.21,M,M,M,M,M,M,M,M,M,M,M,M,M,M,M,M,62.60,FABL 021000Z 26007KT 230V300 CAVOK 17/M02 Q1026 NOSIG,M
FABL,2026-08-02 11:00,64.40,26.60,23.77,M,5.00,0.00,30.27,M,6.21,M,M,M,M,M,M,M,M,M,M,M,M,M,M,M,M,64.40,FABL 021100Z VRB05KT CAVOK 18/M03 Q1025 NOSIG,M
FABL,2026-08-02 12:00,66.20,26.60,22.32,M,5.00,0.00,30.24,M,6.21,M,M,M,M,M,M,M,M,M,M,M,M,M,M,M,M,66.20,FABL 021200Z VRB05KT CAVOK 19/M03 Q1024 NOSIG,M
FABL,2026-08-02 13:00,66.20,24.80,20.72,260.00,6.00,0.00,30.24,M,6.21,M,M,M,M,M,M,M,M,M,M,M,M,M,M,M,M,66.20,FABL 021300Z 26006KT 200V310 CAVOK 19/M04 Q1024 NOSIG,M
FABL,2026-08-02 14:00,66.20,24.80,20.72,220.00,8.00,0.00,30.24,M,6.21,M,M,M,M,M,M,M,M,M,M,M,M,M,M,M,M,66.20,FABL 021400Z 22008KT 180V270 CAVOK 19/M04 Q1024 NOSIG,M
FABL,2026-08-02 15:00,64.40,24.80,22.05,240.00,6.00,0.00,30.24,M,6.21,M,M,M,M,M,M,M,M,M,M,M,M,M,M,M,M,64.40,FABL 021500Z 24006KT 210V280 CAVOK 18/M04 Q1024 NOSIG,M
FABL,2026-08-02 16:00,57.20,24.80,28.47,220.00,4.00,0.00,30.24,M,6.21,M,M,M,M,M,M,M,M,M,M,M,M,M,M,M,M,57.20,FABL 021600Z 22004KT CAVOK 14/M04 Q1024 NOSIG,M
FABL,2026-08-02 17:00,48.20,24.80,39.63,230.00,4.00,0.00,30.27,M,6.21,M,M,M,M,M,M,M,M,M,M,M,M,M,M,M,M,46.34,FABL 021700Z 23004KT CAVOK 09/M04 Q1025 NOSIG,M
FABL,2026-08-02 18:00,48.20,24.80,39.63,250.00,4.00,0.00,30.27,M,6.21,M,M,M,M,M,M,M,M,M,M,M,M,M,M,M,M,46.34,FABL 021800Z 25004KT CAVOK 09/M04 Q1025 NOSIG,M
FABL,2026-08-02 19:00,41.00,26.60,56.19,260.00,3.00,0.00,30.27,M,6.21,M,M,M,M,M,M,M,M,M,,M,M,M,M,M,M,38.98,FABL 021900Z AUTO 26003KT 170V290 9999 // ///////// 05/M03 Q1025,M
FABL,2026-08-02 20:00,41.00,26.60,56.19,150.00,3.00,0.00,30.27,M,6.21,M,M,M,M,M,M,M,M,M,,M,M,M,M,M,M,38.98,FABL 022000Z AUTO 15003KT 070V220 9999 // ///////// 05/M03 Q1025,M
FABL,2026-08-02 21:00,41.00,26.60,56.19,190.00,3.00,0.00,30.30,M,6.21,M,M,M,M,M,M,M,M,M,,M,M,M,M,M,M,38.98,FABL 022100Z AUTO 19003KT 150V230 9999 // ///////// 05/M03 Q1026,M
FABL,2026-08-02 22:00,39.20,24.80,55.93,210.00,3.00,0.00,30.27,M,6.21,M,M,M,M,M,M,M,M,M,,M,M,M,M,M,M,36.92,FABL 022200Z AUTO 21003KT 170V230 9999 // ///////// 04/M04 Q1025,M
FABL,2026-08-02 23:00,32.00,24.80,74.42,240.00,2.00,0.00,30.27,M,6.21,M,M,M,M,M,M,M,M,M,,M,M,M,M,M,M,32.00,FABL 022300Z AUTO 24002KT 9999 // ///////// 00/M04 Q1025,M
FABL,2026-08-03 00:00,32.00,24.80,74.42,M,2.00,0.00,30.27,M,6.21,M,M,M,M,M,M,M,M,M,,M,M,M,M,M,M,32.00,FABL 030000Z AUTO VRB02KT 9999 // ///////// 00/M04 Q1025,M
FABL,2026-08-03 01:00,32.00,26.60,80.20,210.00,3.00,0.00,30.27,M,6.21,M,M,M,M,M,M,M,M,M,,M,M,M,M,M,M,28.69,FABL 030100Z AUTO 21003KT 180V240 9999 // ///////// M00/M03 Q1025,M
FABL,2026-08-03 02:00,30.20,26.60,86.27,M,2.00,0.00,30.27,M,6.21,M,M,M,M,M,M,M,M,M,,M,M,M,M,M,M,30.20,FABL 030200Z AUTO VRB02KT 9999 // ///////// M01/M03 Q1025,M
FABL,2026-08-03 03:00,28.40,24.80,86.16,240.00,2.00,0.00,30.27,M,6.21,M,M,M,M,M,M,M,M,M,M,M,M,M,M,M,M,28.40,FABL 030300Z 24002KT CAVOK M02/M04 Q1025 NOSIG,M
FABL,2026-08-03 04:00,28.40,24.80,86.16,0.00,0.00,0.00,30.30,M,6.21,M,M,M,M,M,M,M,M,M,M,M,M,M,M,M,M,28.40,FABL 030400Z 00000KT CAVOK M02/M04 Q1026 NOSIG,M
FABL,2026-08-03 05:00,26.60,23.00,86.06,M,2.00,0.00,30.30,M,6.21,M,M,M,M,M,M,M,M,M,M,M,M,M,M,M,M,26.60,FABL 030500Z VRB02KT CAVOK M03/M05 Q1026 NOSIG,M
FABL,2026-08-03 06:00,35.60,26.60,69.44,0.00,0.00,0.00,30.30,M,5.59,M,NSC,M,M,M,M,M,M,M,M,M,M,M,M,M,M,35.60,FABL 030600Z 00000KT 9000 NSC 02/M03 Q1026 NOSIG,M
FABL,2026-08-03 07:00,44.60,28.40,52.70,0.00,0.00,0.00,30.33,M,6.21,M,M,M,M,M,M,M,M,M,M,M,M,M,M,M,M,44.60,FABL 030700Z 00000KT CAVOK 07/M02 Q1027 NOSIG,M
FABL,2026-08-03 08:00,53.60,30.20,40.53,M,1.00,0.00,30.33,M,6.21,M,M,M,M,M,M,M,M,M,M,M,M,M,M,M,M,53.60,FABL 030800Z VRB01KT CAVOK 12/M01 Q1027 NOSIG,M
FABL,2026-08-03 09:00,60.80,28.40,29.05,M,2.00,0.00,30.30,M,6.21,M,M,M,M,M,M,M,M,M,M,M,M,M,M,M,M,60.80,FABL 030900Z VRB02KT CAVOK 16/M02 Q1026 NOSIG,M
FABL,2026-08-03 10:00,64.40,24.80,22.05,M,3.00,0.00,30.30,M,6.21,M,M,M,M,M,M,M,M,M,M,M,M,M,M,M,M,64.40,FABL 031000Z VRB03KT CAVOK 18/M04 Q1026 NOSIG,M
FABL,2026-08-03 11:00,66.20,24.80,20.72,M,4.00,0.00,30.27,M,6.21,M,M,M,M,M,M,M,M,M,M,M,M,M,M,M,M,66.20,FABL 031100Z VRB04KT CAVOK 19/M04 Q1025 NOSIG,M
FABL,2026-08-03 12:00,68.00,24.80,19.47,220.00,7.00,0.00,30.27,M,6.21,M,M,M,M,M,M,M,M,M,M,M,M,M,M,M,M,68.00,FABL 031200Z 22007KT 190V260 CAVOK 20/M04 Q1025 NOSIG,M
FABL,2026-08-03 13:00,68.00,24.80,19.47,210.00,6.00,0.00,30.24,M,6.21,M,M,M,M,M,M,M,M,M,M,M,M,M,M,M,M,68.00,FABL 031300Z 21006KT 110V250 CAVOK 20/M04 Q1024 NOSIG,M
FABL,2026-08-03 14:00,68.00,24.80,19.47,250.00,5.00,0.00,30.24,M,6.21,M,M,M,M,M,M,M,M,M,M,M,M,M,M,M,M,68.00,FABL 031400Z 25005KT 210V280 CAVOK 20/M04 Q1024 NOSIG,M
FABL,2026-08-03 15:00,68.00,24.80,19.47,210.00,4.00,0.00,30.24,M,6.21,M,M,M,M,M,M,M,M,M,M,M,M,M,M,M,M,68.00,FABL 031500Z 21004KT 170V260 CAVOK 20/M04 Q1024 NOSIG,M
FABL,2026-08-03 16:00,59.00,24.80,26.69,180.00,4.00,0.00,30.24,M,6.21,M,M,M,M,M,M,M,M,M,M,M,M,M,M,M,M,59.00,FABL 031600Z 18004KT CAVOK 15/M04 Q1024 NOSIG,M
FABL,2026-08-03 17:00,50.00,24.80,37.06,250.00,3.00,0.00,30.27,M,6.21,M,M,M,M,M,M,M,M,M,M,M,M,M,M,M,M,50.00,FABL 031700Z 25003KT CAVOK 10/M04 Q1025 NOSIG,M
FABL,2026-08-03 18:00,46.40,24.80,42.41,0.00,0.00,0.00,30.27,M,6.21,M,M,M,M,M,M,M,M,M,M,M,M,M,M,M,M,46.40,FABL 031800Z 00000KT CAVOK 08/M04 Q1025 NOSIG,M
FABL,2026-08-03 19:00,41.00,26.60,56.19,0.00,0.00,0.00,30.30,M,6.21,M,M,M,M,M,M,M,M,M,,M,M,M,M,M,M,41.00,FABL 031900Z AUTO 00000KT 9999 // ///////// 05/M03 Q1026,M
FABL,2026-08-03 20:00,39.20,24.80,55.93,M,2.00,0.00,30.30,M,6.21,M,M,M,M,M,M,M,M,M,,M,M,M,M,M,M,39.20,FABL 032000Z AUTO VRB02KT 9999 // ///////// 04/M04 Q1026,M
FABL,2026-08-03 21:00,37.40,26.60,64.67,220.00,3.00,0.00,30.30,M,6.21,M,M,M,M,M,M,M,M,M,,M,M,M,M,M,M,34.86,FABL 032100Z AUTO 22003KT 9999 // ///////// 03/M03 Q1026,M
FABL,2026-08-03 22:00,37.40,26.60,64.67,M,1.00,0.00,30.30,M,6.21,M,M,M,M,M,M,M,M,M,,M,M,M,M,M,M,37.40,FABL 032200Z AUTO VRB01KT 9999 // ///////// 03/M03 Q1026,M
FABL,2026-08-03 23:00,35.60,24.80,64.44,M,1.00,0.00,30.30,M,6.21,M,M,M,M,M,M,M,M,M,,M,M,M,M,M,M,35.60,FABL 032300Z AUTO VRB01KT 9999 // ///////// 02/M04 Q1026,M
FABL,2026-08-04 00:00,32.00,24.80,74.42,180.00,1.00,0.00,30.33,M,6.21,M,M,M,M,M,M,M,M,M,,M,M,M,M,M,M,32.00,FABL 040000Z AUTO 18001KT 9999 // ///////// M00/M04 Q1027,M
FABL,2026-08-04 01:00,32.00,23.00,69.02,0.00,0.00,0.00,30.30,M,6.21,M,M,M,M,M,M,M,M,M,,M,M,M,M,M,M,32.00,FABL 040100Z AUTO 00000KT 9999 // ///////// M00/M05 Q1026,M
FABL,2026-08-04 02:00,30.20,24.80,80.06,180.00,1.00,0.00,30.30,M,6.21,M,M,M,M,M,M,M,M,M,,M,M,M,M,M,M,30.20,FABL 040200Z AUTO 18001KT 9999 // ///////// M01/M04 Q1026,M
FABL,2026-08-04 03:00,28.40,24.80,86.16,230.00,2.00,0.00,30.30,M,6.21,M,M,M,M,M,M,M,M,M,M,M,M,M,M,M,M,28.40,FABL 040300Z 23002KT CAVOK M02/M04 Q1026 NOSIG,M
FABL,2026-08-04 04:00,28.40,24.80,86.16,0.00,0.00,0.00,30.30,M,6.21,M,M,M,M,M,M,M,M,M,M,M,M,M,M,M,M,28.40,FABL 040400Z 00000KT CAVOK M02/M04 Q1026 NOSIG,M
FABL,2026-08-04 05:00,28.40,23.00,79.91,240.00,2.00,0.00,30.33,M,6.21,M,M,M,M,M,M,M,M,M,M,M,M,M,M,M,M,28.40,FABL 040500Z 24002KT CAVOK M02/M05 Q1027 NOSIG,M
FABL,2026-08-04 06:00,37.40,30.20,74.97,M,1.00,0.00,30.33,M,6.21,M,M,M,M,M,M,M,M,M,M,M,M,M,M,M,M,37.40,FABL 040600Z VRB01KT CAVOK 03/M01 Q1027 NOSIG,M
FABL,2026-08-04 07:00,46.40,28.40,49.22,M,2.00,0.00,30.36,M,6.21,M,M,M,M,M,M,M,M,M,M,M,M,M,M,M,M,46.40,FABL 040700Z VRB02KT CAVOK 08/M02 Q1028 NOSIG,M
FABL,2026-08-04 08:00,55.40,32.00,40.83,M,2.00,0.00,30.33,M,6.21,M,M,M,M,M,M,M,M,M,M,M,M,M,M,M,M,55.40,FABL 040800Z VRB02KT CAVOK 13/M00 Q1027 NOSIG,M
FABL,2026-08-04 09:00,60.80,28.40,29.05,60.00,3.00,0.00,30.33,M,6.21,M,M,M,M,M,M,M,M,M,M,M,M,M,M,M,M,60.80,FABL 040900Z 06003KT 360V130 CAVOK 16/M02 Q1027 NOSIG,M
FABL,2026-08-04 10:00,64.40,19.40,17.56,300.00,4.00,0.00,30.33,M,6.21,M,M,M,M,M,M,M,M,M,M,M,M,M,M,M,M,64.40,FABL 041000Z 30004KT 260V030 CAVOK 18/M07 Q1027 NOSIG,M
FABL,2026-08-04 11:00,68.00,21.20,16.73,M,2.00,0.00,30.30,M,6.21,M,M,M,M,M,M,M,M,M,M,M,M,M,M,M,M,68.00,FABL 041100Z VRB02KT CAVOK 20/M06 Q1026 NOSIG,M
FABL,2026-08-04 12:00,69.80,21.20,15.73,50.00,3.00,0.00,30.27,M,6.21,M,M,M,M,M,M,M,M,M,M,M,M,M,M,M,M,69.80,FABL 041200Z 05003KT 330V120 CAVOK 21/M06 Q1025 NOSIG,M
FABL,2026-08-04 13:00,69.80,21.20,15.73,270.00,6.00,0.00,30.24,M,6.21,M,M,M,M,M,M,M,M,M,M,M,M,M,M,M,M,69.80,FABL 041300Z 27006KT 230V310 CAVOK 21/M06 Q1024 NOSIG,M
FABL,2026-08-04 14:00,69.80,21.20,15.73,350.00,4.00,0.00,30.24,M,6.21,M,M,M,M,M,M,M,M,M,M,M,M,M,M,M,M,69.80,FABL 041400Z 35004KT 300V090 CAVOK 21/M06 Q1024 NOSIG,M
FABL,2026-08-04 15:00,68.00,19.40,15.50,320.00,5.00,0.00,30.24,M,6.21,M,M,M,M,M,M,M,M,M,M,M,M,M,M,M,M,68.00,FABL 041500Z 32005KT CAVOK 20/M07 Q1024 NOSIG,M
FABL,2026-08-04 16:00,60.80,21.20,21.52,270.00,3.00,0.00,30.24,M,6.21,M,M,M,M,M,M,M,M,M,M,M,M,M,M,M,M,60.80,FABL 041600Z 27003KT CAVOK 16/M06 Q1024 NOSIG,M
FABL,2026-08-04 17:00,51.80,23.00,32.15,M,2.00,0.00,30.24,M,6.21,M,M,M,M,M,M,M,M,M,M,M,M,M,M,M,M,51.80,FABL 041700Z VRB02KT CAVOK 11/M05 Q1024 NOSIG,M
FABL,2026-08-04 18:00,48.20,24.80,39.63,M,2.00,0.00,30.27,M,6.21,M,M,M,M,M,M,M,M,M,M,M,M,M,M,M,M,48.20,FABL 041800Z VRB02KT CAVOK 09/M04 Q1025 NOSIG,M
FABL,2026-08-04 19:00,44.60,26.60,48.94,M,2.00,0.00,30.27,M,6.21,M,M,M,M,M,M,M,M,M,,M,M,M,M,M,M,44.60,FABL 041900Z AUTO VRB02KT 9999 // ///////// 07/M03 Q1025,M
FABL,2026-08-04 20:00,41.00,26.60,56.19,200.00,2.00,0.00,30.27,M,6.21,M,M,M,M,M,M,M,M,M,,M,M,M,M,M,M,41.00,FABL 042000Z AUTO 20002KT 9999 // ///////// 05/M03 Q1025,M
FABL,2026-08-04 21:00,37.40,26.60,64.67,M,2.00,0.00,30.27,M,6.21,M,M,M,M,M,M,M,M,M,,M,M,M,M,M,M,37.40,FABL 042100Z AUTO VRB02KT 9999 // ///////// 03/M03 Q1025,M
FABL,2026-08-04 22:00,37.40,26.60,64.67,M,1.00,0.00,30.27,M,6.21,M,M,M,M,M,M,M,M,M,,M,M,M,M,M,M,37.40,FABL 042200Z AUTO VRB01KT 9999 // ///////// 03/M03 Q1025,M
FABL,2026-08-04 23:00,35.60,26.60,69.44,210.00,3.00,0.00,30.27,M,6.21,M,M,M,M,M,M,M,M,M,,M,M,M,M,M,M,32.80,FABL 042300Z AUTO 21003KT 9999 // ///////// 02/M03 Q1025,M
FABL,2026-08-05 00:00,33.80,24.80,69.23,280.00,2.00,0.00,30.27,M,6.21,M,M,M,M,M,M,M,M,M,,M,M,M,M,M,M,33.80,FABL 050000Z AUTO 28002KT 9999 // ///////// 01/M04 Q1025,M
FABL,2026-08-05 01:00,32.00,26.60,80.20,180.00,1.00,0.00,30.24,M,4.35,M,M,M,M,M,M,M,M,M,,M,M,M,M,M,M,32.00,FABL 050100Z AUTO 18001KT 7000 // ///////// 00/M03 Q1024,M
FABL,2026-08-05 02:00,32.00,26.60,80.20,140.00,2.00,0.00,30.24,M,6.21,M,M,M,M,M,M,M,M,M,,M,M,M,M,M,M,32.00,FABL 050200Z AUTO 14002KT 9999 // ///////// 00/M03 Q1024,M
FABL,2026-08-05 03:00,32.00,24.80,74.42,0.00,0.00,0.00,30.24,M,6.21,M,M,M,M,M,M,M,M,M,M,M,M,M,M,M,M,32.00,FABL 050300Z 00000KT CAVOK M00/M04 Q1024 NOSIG,M
FABL,2026-08-05 04:00,30.20,24.80,80.06,0.00,0.00,0.00,30.24,M,6.21,M,M,M,M,M,M,M,M,M,M,M,M,M,M,M,M,30.20,FABL 050400Z 00000KT CAVOK M01/M04 Q1024 NOSIG,M
FABL,2026-08-05 05:00,30.20,24.80,80.06,0.00,0.00,0.00,30.27,M,6.21,M,M,M,M,M,M,M,M,M,M,M,M,M,M,M,M,30.20,FABL 050500Z 00000KT CAVOK M01/M04 Q1025 NOSIG,M
FABL,2026-08-05 06:00,35.60,28.40,74.79,260.00,1.00,0.00,30.27,M,6.21,M,M,M,M,M,M,M,M,M,M,M,M,M,M,M,M,35.60,FABL 050600Z 26001KT CAVOK 02/M02 Q1025 NOSIG,M
FABL,2026-08-05 07:00,46.40,26.60,45.70,M,1.00,0.00,30.30,M,6.21,M,M,M,M,M,M,M,M,M,M,M,M,M,M,M,M,46.40,FABL 050700Z VRB01KT CAVOK 08/M03 Q1026 NOSIG,M
FABL,2026-08-05 08:00,55.40,28.40,35.27,40.00,4.00,0.00,30.30,M,6.21,M,M,M,M,M,M,M,M,M,M,M,M,M,M,M,M,55.40,FABL 050800Z 04004KT CAVOK 13/M02 Q1026 NOSIG,M
FABL,2026-08-05 09:00,66.20,24.80,20.72,320.00,10.00,0.00,30.27,M,6.21,M,M,M,M,M,M,M,M,M,M,M,M,M,M,M,M,66.20,FABL 050900Z 32010KT CAVOK 19/M04 Q1025 NOSIG,M
FABL,2026-08-05 10:00,69.80,23.00,16.98,320.00,11.00,0.00,30.27,M,6.21,M,M,M,M,M,M,M,M,M,M,M,M,M,M,M,M,69.80,FABL 051000Z 32011KT CAVOK 21/M05 Q1025 NOSIG,M
FABL,2026-08-05 11:00,71.60,21.20,14.80,300.00,11.00,0.00,30.24,M,6.21,M,M,M,M,M,M,M,M,M,M,M,M,M,M,M,M,71.60,FABL 051100Z 30011KT 260V350 CAVOK 22/M06 Q1024 NOSIG,M
FABL,2026-08-05 12:00,71.60,19.40,13.71,300.00,11.00,0.00,30.21,M,6.21,M,M,M,M,M,M,M,M,M,M,M,M,M,M,M,M,71.60,FABL 051200Z 30011KT 270V330 CAVOK 22/M07 Q1023 NOSIG,M
FABL,2026-08-05 13:00,73.40,21.20,13.93,280.00,10.00,0.00,30.18,M,6.21,M,M,M,M,M,M,M,M,M,M,M,M,M,M,M,M,73.40,FABL 051300Z 28010KT 250V310 CAVOK 23/M06 Q1022 NOSIG,M
FABL,2026-08-05 14:00,71.60,21.20,14.80,280.00,8.00,0.00,30.18,M,6.21,M,M,M,M,M,M,M,M,M,M,M,M,M,M,M,M,71.60,FABL 051400Z 28008KT CAVOK 22/M06 Q1022 NOSIG,M
FABL,2026-08-05 15:00,69.80,21.20,15.73,330.00,7.00,0.00,30.18,M,6.21,M,M,M,M,M,M,M,M,M,M,M,M,M,M,M,M,69.80,FABL 051500Z 33007KT CAVOK 21/M06 Q1022 NOSIG,M
FABL,2026-08-05 16:00,66.20,23.00,19.21,330.00,3.00,0.00,30.18,M,6.21,M,M,M,M,M,M,M,M,M,M,M,M,M,M,M,M,66.20,FABL 051600Z 33003KT CAVOK 19/M05 Q1022 NOSIG,M
FABL,2026-08-05 17:00,57.20,23.00,26.40,30.00,3.00,0.00,30.18,M,6.21,M,M,M,M,M,M,M,M,M,M,M,M,M,M,M,M,57.20,FABL 051700Z 03003KT CAVOK 14/M05 Q1022 NOSIG,M
FABL,2026-08-05 18:00,51.80,24.80,34.67,330.00,1.00,0.00,30.21,M,6.21,M,M,M,M,M,M,M,M,M,M,M,M,M,M,M,M,51.80,FABL 051800Z 33001KT CAVOK 11/M04 Q1023 NOSIG,M
FABL,2026-08-05 19:00,44.60,26.60,48.94,190.00,2.00,0.00,30.21,M,6.21,M,M,M,M,M,M,M,M,M,,M,M,M,M,M,M,44.60,FABL 051900Z AUTO 19002KT 9999 // ///////// 07/M03 Q1023,M
FABL,2026-08-05 20:00,42.80,26.60,52.42,50.00,1.00,0.00,30.21,M,6.21,M,M,M,M,M,M,M,M,M,,M,M,M,M,M,M,42.80,FABL 052000Z AUTO 05001KT 9999 // ///////// 06/M03 Q1023,M
FABL,2026-08-05 21:00,41.00,26.60,56.19,0.00,0.00,0.00,30.24,M,6.21,M,M,M,M,M,M,M,M,M,,M,M,M,M,M,M,41.00,FABL 052100Z AUTO 00000KT 9999 // ///////// 05/M03 Q1024,M
FABL,2026-08-05 22:00,41.00,26.60,56.19,180.00,2.00,0.00,30.24,M,6.21,M,M,M,M,M,M,M,M,M,,M,M,M,M,M,M,41.00,FABL 052200Z AUTO 18002KT 9999 // ///////// 05/M03 Q1024,M
FABL,2026-08-05 23:00,39.20,26.60,60.27,130.00,2.00,0.00,30.24,M,6.21,M,M,M,M,M,M,M,M,M,,M,M,M,M,M,M,39.20,FABL 052300Z AUTO 13002KT 9999 // ///////// 04/M03 Q1024,M
FABL,2026-08-06 00:00,37.40,24.80,60.01,0.00,0.00,0.00,30.24,M,6.21,M,M,M,M,M,M,M,M,M,,M,M,M,M,M,M,37.40,FABL 060000Z AUTO 00000KT 9999 // ///////// 03/M04 Q1024,M
FABL,2026-08-06 01:00,41.00,26.60,56.19,220.00,7.00,0.00,30.27,M,6.21,M,M,M,M,M,M,M,M,M,,M,M,M,M,M,M,35.75,FABL 060100Z AUTO 22007KT 180V240 9999 // ///////// 05/M03 Q1025,M
FABL,2026-08-06 02:00,39.20,24.80,55.93,M,2.00,0.00,30.24,M,6.21,M,M,M,M,M,M,M,M,M,,M,M,M,M,M,M,39.20,FABL 060200Z AUTO VRB02KT 9999 // ///////// 04/M04 Q1024,M
FABL,2026-08-06 03:00,35.60,26.60,69.44,M,1.00,0.00,30.27,M,6.21,M,M,M,M,M,M,M,M,M,M,M,M,M,M,M,M,35.60,FABL 060300Z VRB01KT CAVOK 02/M03 Q1025 NOSIG,M
FABL,2026-08-06 04:00,33.80,26.60,74.61,0.00,0.00,0.00,30.27,M,6.21,M,M,M,M,M,M,M,M,M,M,M,M,M,M,M,M,33.80,FABL 060400Z 00000KT CAVOK 01/M03 Q1025 NOSIG,M
FABL,2026-08-06 05:00,33.80,24.80,69.23,190.00,2.00,0.00,30.30,M,6.21,M,M,M,M,M,M,M,M,M,M,M,M,M,M,M,M,33.80,FABL 060500Z 19002KT CAVOK 01/M04 Q1026 NOSIG,M
FABL,2026-08-06 06:00,39.20,28.40,64.91,M,1.00,0.00,30.33,M,6.21,M,M,M,M,M,M,M,M,M,M,M,M,M,M,M,M,39.20,FABL 060600Z VRB01KT CAVOK 04/M02 Q1027 NOSIG,M
FABL,2026-08-06 07:00,48.20,28.40,46.00,M,2.00,0.00,30.33,M,6.21,M,M,M,M,M,M,M,M,M,M,M,M,M,M,M,M,48.20,FABL 060700Z VRB02KT CAVOK 09/M02 Q1027 NOSIG,M
FABL,2026-08-06 08:00,59.00,28.40,30.98,60.00,3.00,0.00,30.33,M,6.21,M,M,M,M,M,M,M,M,M,M,M,M,M,M,M,M,59.00,FABL 060800Z 06003KT 010V100 CAVOK 15/M02 Q1027 NOSIG,M
FABL,2026-08-06 09:00,68.00,28.40,22.60,340.00,4.00,0.00,30.33,M,6.21,M,M,M,M,M,M,M,M,M,M,M,M,M,M,M,M,68.00,FABL 060900Z 34004KT 290V050 CAVOK 20/M02 Q1027 NOSIG,M
FABL,2026-08-06 10:00,71.60,26.60,18.56,310.00,10.00,0.00,30.30,M,6.21,M,M,M,M,M,M,M,M,M,M,M,M,M,M,M,M,71.60,FABL 061000Z 31010KT 250V330 CAVOK 22/M03 Q1026 NOSIG,M
FABL,2026-08-06 11:00,71.60,24.80,17.22,310.00,10.00,0.00,30.30,M,6.21,M,M,M,M,M,M,M,M,M,M,M,M,M,M,M,M,71.60,FABL 061100Z 31010KT CAVOK 22/M04 Q1026 NOSIG,M
FABL,2026-08-06 12:00,73.40,24.80,16.21,310.00,10.00,0.00,30.27,M,6.21,M,M,M,M,M,M,M,M,M,M,M,M,M,M,M,M,73.40,FABL 061200Z 31010KT 280V340 CAVOK 23/M04 Q1025 NOSIG,M
FABL,2026-08-06 13:00,75.20,26.60,16.44,320.00,10.00,0.00,30.24,M,6.21,M,M,M,M,M,M,M,M,M,M,M,M,M,M,M,M,75.20,FABL 061300Z 32010KT 290V350 CAVOK 24/M03 Q1024 NOSIG,M
FABL,2026-08-06 14:00,75.20,24.80,15.26,310.00,9.00,0.00,30.24,M,6.21,M,M,M,M,M,M,M,M,M,M,M,M,M,M,M,M,75.20,FABL 061400Z 31009KT CAVOK 24/M04 Q1024 NOSIG,M
FABL,2026-08-06 15:00,73.40,26.60,17.46,310.00,7.00,0.00,30.24,M,6.21,M,M,M,M,M,M,M,M,M,M,M,M,M,M,M,M,73.40,FABL 061500Z 31007KT CAVOK 23/M03 Q1024 NOSIG,M
FABL,2026-08-06 16:00,66.20,24.80,20.72,340.00,4.00,0.00,30.27,M,6.21,M,M,M,M,M,M,M,M,M,M,M,M,M,M,M,M,66.20,FABL 061600Z 34004KT CAVOK 19/M04 Q1025 NOSIG,M
FABL,2026-08-06 17:00,57.20,26.60,30.68,40.00,3.00,0.00,30.27,M,6.21,M,M,M,M,M,M,M,M,M,M,M,M,M,M,M,M,57.20,FABL 061700Z 04003KT CAVOK 14/M03 Q1025 NOSIG,M
FABL,2026-08-06 18:00,53.60,28.40,37.66,M,1.00,0.00,30.27,M,6.21,M,M,M,M,M,M,M,M,M,M,M,M,M,M,M,M,53.60,FABL 061800Z VRB01KT CAVOK 12/M02 Q1025 NOSIG,M
FABL,2026-08-06 19:00,48.20,28.40,46.00,M,1.00,0.00,30.30,M,6.21,M,M,M,M,M,M,M,M,M,,M,M,M,M,M,M,48.20,FABL 061900Z AUTO VRB01KT 9999 // ///////// 09/M02 Q1026,M
FABL,2026-08-06 20:00,44.60,28.40,52.70,M,2.00,0.00,30.30,M,6.21,M,M,M,M,M,M,M,M,M,,M,M,M,M,M,M,44.60,FABL 062000Z AUTO VRB02KT 9999 // ///////// 07/M02 Q1026,M
FABL,2026-08-06 21:00,42.80,28.40,56.46,190.00,2.00,0.00,30.30,M,6.21,M,M,M,M,M,M,M,M,M,,M,M,M,M,M,M,42.80,FABL 062100Z AUTO 19002KT 9999 // ///////// 06/M02 Q1026,M
FABL,2026-08-06 22:00,39.20,28.40,64.91,M,2.00,0.00,30.30,M,6.21,M,M,M,M,M,M,M,M,M,,M,M,M,M,M,M,39.20,FABL 062200Z AUTO VRB02KT 9999 // ///////// 04/M02 Q1026,M
FABL,2026-08-06 23:00,39.20,28.40,64.91,220.00,3.00,0.00,30.30,M,6.21,M,M,M,M,M,M,M,M,M,,M,M,M,M,M,M,36.92,FABL 062300Z AUTO 22003KT 9999 // ///////// 04/M02 Q1026,M
FABL,2026-08-07 00:00,39.20,30.20,69.86,220.00,3.00,0.00,30.30,M,6.21,M,M,M,M,M,M,M,M,M,,M,M,M,M,M,M,36.92,FABL 070000Z AUTO 22003KT 9999 // ///////// 04/M01 Q1026,M
FABL,2026-08-07 01:00,39.20,28.40,64.91,M,2.00,0.00,30.30,M,6.21,M,M,M,M,M,M,M,M,M,,M,M,M,M,M,M,39.20,FABL 070100Z AUTO VRB02KT 9999 // ///////// 04/M02 Q1026,M
FABL,2026-08-07 02:00,37.40,28.40,69.65,10.00,3.00,0.00,30.30,M,6.21,M,M,M,M,M,M,M,M,M,,M,M,M,M,M,M,34.86,FABL 070200Z AUTO 01003KT 9999 // ///////// 03/M02 Q1026,M
FABL,2026-08-07 03:00,37.40,28.40,69.65,M,1.00,0.00,30.33,M,6.21,M,M,M,M,M,M,M,M,M,,M,M,M,M,M,M,37.40,FABL 070300Z AUTO VRB01KT 9999 // ///////// 03/M02 Q1027,M
FABL,2026-08-07 04:00,35.60,28.40,74.79,M,2.00,0.00,30.33,M,6.21,M,M,M,M,M,M,M,M,M,M,M,M,M,M,M,M,35.60,FABL 070400Z VRB02KT CAVOK 02/M02 Q1027 NOSIG,M
FABL,2026-08-07 05:00,33.80,28.40,80.35,0.00,0.00,0.00,30.36,M,6.21,M,M,M,M,M,M,M,M,M,M,M,M,M,M,M,M,33.80,FABL 070500Z 00000KT CAVOK 01/M02 Q1028 NOSIG,M
FABL,2026-08-07 06:00,39.20,32.00,75.14,M,1.00,0.00,30.36,M,6.21,M,M,M,M,M,M,M,M,M,M,M,M,M,M,M,M,39.20,FABL 070600Z VRB01KT CAVOK 04/M00 Q1028 NOSIG,M
FABL,2026-08-07 07:00,48.20,32.00,53.25,M,2.00,0.00,30.39,M,6.21,M,M,M,M,M,M,M,M,M,M,M,M,M,M,M,M,48.20,FABL 070700Z VRB02KT CAVOK 09/M00 Q1029 NOSIG,M
FABL,2026-08-07 08:00,59.00,30.20,33.34,30.00,8.00,0.00,30.39,M,6.21,M,M,M,M,M,M,M,M,M,M,M,M,M,M,M,M,59.00,FABL 070800Z 03008KT CAVOK 15/M01 Q1029 NOSIG,M
FABL,2026-08-07 09:00,68.00,28.40,22.60,10.00,6.00,0.00,30.39,M,6.21,M,M,M,M,M,M,M,M,M,M,M,M,M,M,M,M,68.00,FABL 070900Z 01006KT 340V060 CAVOK 20/M02 Q1029 NOSIG,M
FABL,2026-08-07 10:00,71.60,26.60,18.56,340.00,9.00,0.00,30.36,M,6.21,M,M,M,M,M,M,M,M,M,M,M,M,M,M,M,M,71.60,FABL 071000Z 34009KT 300V010 CAVOK 22/M03 Q1028 NOSIG,M
FABL,2026-08-07 11:00,75.20,26.60,16.44,330.00,9.00,0.00,30.33,M,6.21,M,M,M,M,M,M,M,M,M,M,M,M,M,M,M,M,75.20,FABL 071100Z 33009KT 290V360 CAVOK 24/M03 Q1027 NOSIG,M
FABL,2026-08-07 12:00,75.20,26.60,16.44,320.00,9.00,0.00,30.30,M,6.21,M,M,M,M,M,M,M,M,M,M,M,M,M,M,M,M,75.20,FABL 071200Z 32009KT 280V350 CAVOK 24/M03 Q1026 NOSIG,M
FABL,2026-08-07 13:00,75.20,24.80,15.26,310.00,7.00,0.00,30.27,M,6.21,M,M,M,M,M,M,M,M,M,M,M,M,M,M,M,M,75.20,FABL 071300Z 31007KT 250V360 CAVOK 24/M04 Q1025 NOSIG,M
FABL,2026-08-07 14:00,75.20,24.80,15.26,290.00,6.00,0.00,30.27,M,6.21,M,M,M,M,M,M,M,M,M,M,M,M,M,M,M,M,75.20,FABL 071400Z 29006KT 250V330 CAVOK 24/M04 Q1025 NOSIG,M
FABL,2026-08-07 15:00,73.40,24.80,16.21,270.00,5.00,0.00,30.27,M,6.21,M,M,M,M,M,M,M,M,M,M,M,M,M,M,M,M,73.40,FABL 071500Z 27005KT CAVOK 23/M04 Q1025 NOSIG,M
FABL,2026-08-07 16:00,68.00,24.80,19.47,300.00,3.00,0.00,30.27,M,6.21,M,M,M,M,M,M,M,M,M,M,M,M,M,M,M,M,68.00,FABL 071600Z 30003KT CAVOK 20/M04 Q1025 NOSIG,M
FABL,2026-08-07 17:00,59.00,26.60,28.76,20.00,4.00,0.00,30.30,M,6.21,M,M,M,M,M,M,M,M,M,M,M,M,M,M,M,M,59.00,FABL 071700Z 02004KT CAVOK 15/M03 Q1026 NOSIG,M
FABL,2026-08-07 18:00,53.60,28.40,37.66,0.00,0.00,0.00,30.33,M,6.21,M,M,M,M,M,M,M,M,M,M,M,M,M,M,M,M,53.60,FABL 071800Z 00000KT CAVOK 12/M02 Q1027 NOSIG,M
FABL,2026-08-07 19:00,48.20,30.20,49.51,170.00,2.00,0.00,30.33,M,6.21,M,M,M,M,M,M,M,M,M,,M,M,M,M,M,M,48.20,FABL 071900Z AUTO 17002KT 9999 // ///////// 09/M01 Q1027,M
FABL,2026-08-07 20:00,44.60,30.20,56.72,180.00,1.00,0.00,30.33,M,6.21,M,M,M,M,M,M,M,M,M,,M,M,M,M,M,M,44.60,FABL 072000Z AUTO 18001KT 9999 // ///////// 07/M01 Q1027,M
FABL,2026-08-07 21:00,44.60,30.20,56.72,M,1.00,0.00,30.33,M,6.21,M,M,M,M,M,M,M,M,M,,M,M,M,M,M,M,44.60,FABL 072100Z AUTO VRB01KT 9999 // ///////// 07/M01 Q1027,M
FABL,2026-08-07 22:00,42.80,30.20,60.77,M,2.00,0.00,30.33,M,6.21,M,M,M,M,M,M,M,M,M,,M,M,M,M,M,M,42.80,FABL 072200Z AUTO VRB02KT 9999 // ///////// 06/M01 Q1027,M
FABL,2026-08-07 23:00,39.20,28.40,64.91,240.00,3.00,0.00,30.33,M,6.21,M,M,M,M,M,M,M,M,M,,M,M,M,M,M,M,36.92,FABL 072300Z AUTO 24003KT 210V270 9999 // ///////// 04/M02 Q1027,M
FABL,2026-08-08 00:00,39.20,30.20,69.86,M,2.00,0.00,30.33,M,6.21,M,M,M,M,M,M,M,M,M,,M,M,M,M,M,M,39.20,FABL 080000Z AUTO VRB02KT 9999 // ///////// 04/M01 Q1027,M
FABL,2026-08-08 01:00,37.40,28.40,69.65,350.00,2.00,0.00,30.33,M,6.21,M,M,M,M,M,M,M,M,M,,M,M,M,M,M,M,37.40,FABL 080100Z AUTO 35002KT 9999 // ///////// 03/M02 Q1027,M
FABL,2026-08-08 02:00,37.40,28.40,69.65,0.00,0.00,0.00,30.33,M,6.21,M,M,M,M,M,M,M,M,M,,M,M,M,M,M,M,37.40,FABL 080200Z AUTO 00000KT 9999 // ///////// 03/M02 Q1027,M
FABL,2026-08-08 03:00,37.40,28.40,69.65,M,1.00,0.00,30.30,M,6.21,M,M,M,M,M,M,M,M,M,M,M,M,M,M,M,M,37.40,FABL 080300Z VRB01KT CAVOK 03/M02 Q1026 NOSIG,M
FABL,2026-08-08 04:00,35.60,28.40,74.79,M,2.00,0.00,30.33,M,6.21,M,M,M,M,M,M,M,M,M,M,M,M,M,M,M,M,35.60,FABL 080400Z VRB02KT CAVOK 02/M02 Q1027 NOSIG,M
FABL,2026-08-08 05:00,35.60,28.40,74.79,0.00,0.00,0.00,30.36,M,6.21,M,M,M,M,M,M,M,M,M,M,M,M,M,M,M,M,35.60,FABL 080500Z 00000KT CAVOK 02/M02 Q1028 NOSIG,M
FABL,2026-08-08 06:00,39.20,33.80,80.78,0.00,0.00,0.00,30.36,M,6.21,M,M,M,M,M,M,M,M,M,M,M,M,M,M,M,M,39.20,FABL 080600Z 00000KT CAVOK 04/01 Q1028 NOSIG,M
FABL,2026-08-08 07:00,50.00,37.40,61.75,30.00,5.00,0.00,30.39,M,6.21,M,M,M,M,M,M,M,M,M,M,M,M,M,M,M,M,50.00,FABL 080700Z 03005KT CAVOK 10/03 Q1029 NOSIG,M
FABL,2026-08-08 08:00,59.00,35.60,41.42,360.00,8.00,0.00,30.36,M,6.21,M,M,M,M,M,M,M,M,M,M,M,M,M,M,M,M,59.00,FABL 080800Z 36008KT CAVOK 15/02 Q1028 NOSIG,M
FABL,2026-08-08 09:00,64.40,37.40,36.75,360.00,13.00,0.00,30.36,M,6.21,M,M,M,M,M,M,M,M,M,M,M,M,M,M,M,M,64.40,FABL 080900Z 36013KT CAVOK 18/03 Q1028 NOSIG,M
FABL,2026-08-08 10:00,66.20,35.60,32.15,330.00,12.00,0.00,30.33,M,6.21,M,M,M,M,M,M,M,M,M,M,M,M,M,M,M,M,66.20,FABL 081000Z 33012KT 310V010 CAVOK 19/02 Q1027 NOSIG,M
FABL,2026-08-08 11:00,71.60,35.60,26.72,340.00,10.00,0.00,30.27,M,6.21,M,M,M,M,M,M,M,M,M,M,M,M,M,M,M,M,71.60,FABL 081100Z 34010KT 310V010 CAVOK 22/02 Q1025 NOSIG,M
FABL,2026-08-08 12:00,73.40,33.80,23.41,350.00,11.00,0.00,30.24,M,6.21,M,M,M,M,M,M,M,M,M,M,M,M,M,M,M,M,73.40,FABL 081200Z 35011KT 310V020 CAVOK 23/01 Q1024 NOSIG,M
FABL,2026-08-08 13:00,75.20,33.80,22.04,350.00,9.00,0.00,30.21,M,6.21,M,M,M,M,M,M,M,M,M,M,M,M,M,M,M,M,75.20,FABL 081300Z 35009KT 300V030 CAVOK 24/01 Q1023 NOSIG,M
FABL,2026-08-08 15:00,71.60,28.40,19.98,330.00,5.00,0.00,30.21,M,6.21,M,M,M,M,M,M,M,M,M,M,M,M,M,M,M,M,71.60,FABL 081500Z 33005KT CAVOK 22/M02 Q1023 NOSIG,M
FABL,2026-08-08 16:00,64.40,30.20,27.55,360.00,6.00,0.00,30.21,M,6.21,M,M,M,M,M,M,M,M,M,M,M,M,M,M,M,M,64.40,FABL 081600Z 36006KT CAVOK 18/M01 Q1023 NOSIG,M
FABL,2026-08-08 17:00,60.80,28.40,29.05,350.00,5.00,0.00,30.21,M,6.21,M,M,M,M,M,M,M,M,M,M,M,M,M,M,M,M,60.80,FABL 081700Z 35005KT CAVOK 16/M02 Q1023 NOSIG,M
FABL,2026-08-08 18:00,57.20,28.40,33.04,10.00,5.00,0.00,30.21,M,6.21,M,M,M,M,M,M,M,M,M,M,M,M,M,M,M,M,57.20,FABL 081800Z 01005KT CAVOK 14/M02 Q1023 NOSIG,M
FABL,2026-08-08 19:00,50.00,30.20,46.29,M,1.00,0.00,30.21,M,6.21,M,M,M,M,M,M,M,M,M,,M,M,M,M,M,M,50.00,FABL 081900Z AUTO VRB01KT 9999 // ///////// 10/M01 Q1023,M
FABL,2026-08-08 20:00,48.20,30.20,49.51,M,1.00,0.00,30.21,M,6.21,M,M,M,M,M,M,M,M,M,,M,M,M,M,M,M,48.20,FABL 082000Z AUTO VRB01KT 9999 // ///////// 09/M01 Q1023,M
FABL,2026-08-08 21:00,46.40,30.20,52.98,0.00,0.00,0.00,30.21,M,6.21,M,M,M,M,M,M,M,M,M,,M,M,M,M,M,M,46.40,FABL 082100Z AUTO 00000KT 9999 // ///////// 08/M01 Q1023,M
FABL,2026-08-08 22:00,48.20,30.20,49.51,40.00,3.00,0.00,30.18,M,6.21,M,M,M,M,M,M,M,M,M,,M,M,M,M,M,M,47.21,FABL 082200Z AUTO 04003KT 010V080 9999 // ///////// 09/M01 Q1022,M
FABL,2026-08-08 23:00,50.00,30.20,46.29,M,2.00,0.00,30.18,M,6.21,M,M,M,M,M,M,M,M,M,,M,M,M,M,M,M,50.00,FABL 082300Z AUTO VRB02KT 9999 // ///////// 10/M01 Q1022,M
FABL,2026-08-09 00:00,51.80,30.20,43.30,60.00,3.00,0.00,30.18,M,6.21,M,M,M,M,M,M,M,M,M,,M,M,M,M,M,M,51.80,FABL 090000Z AUTO 06003KT 030V090 9999 // ///////// 11/M01 Q1022,M
FABL,2026-08-09 01:00,50.00,32.00,49.79,40.00,5.00,0.00,30.15,M,6.21,M,M,M,M,M,M,M,M,M,,M,M,M,M,M,M,50.00,FABL 090100Z AUTO 04005KT 9999 // ///////// 10/M00 Q1021,M
FABL,2026-08-09 02:00,48.20,32.00,53.25,10.00,6.00,0.00,30.15,M,6.21,M,M,M,M,M,M,M,M,M,,M,M,M,M,M,M,45.04,FABL 090200Z AUTO 01006KT 9999 // ///////// 09/00 Q1021,M
FABL,2026-08-09 03:00,46.40,32.00,56.99,20.00,6.00,0.00,30.12,M,6.21,M,M,M,M,M,M,M,M,M,M,M,M,M,M,M,M,42.87,FABL 090300Z 02006KT CAVOK 08/00 Q1020 NOSIG,M
FABL,2026-08-09 04:00,46.40,32.00,56.99,360.00,3.00,0.00,30.12,M,6.21,M,M,M,M,M,M,M,M,M,M,M,M,M,M,M,M,45.15,FABL 090400Z 36003KT CAVOK 08/00 Q1020 NOSIG,M
FABL,2026-08-09 05:00,44.60,33.80,65.59,M,2.00,0.00,30.12,M,6.21,M,M,M,M,M,M,M,M,M,M,M,M,M,M,M,M,44.60,FABL 090500Z VRB02KT CAVOK 07/01 Q1020 NOSIG,M
FABL,2026-08-09 06:00,50.00,37.40,61.75,30.00,4.00,0.00,30.12,M,6.21,M,M,M,M,M,M,M,M,M,M,M,M,M,M,M,M,50.00,FABL 090600Z 03004KT 340V050 CAVOK 10/03 Q1020 NOSIG,M
FABL,2026-08-09 07:00,57.20,35.60,44.18,340.00,10.00,0.00,30.12,M,6.21,M,M,M,M,M,M,M,M,M,M,M,M,M,M,M,M,57.20,FABL 090700Z 34010KT CAVOK 14/02 Q1020 NOSIG,M
FABL,2026-08-09 08:00,62.60,37.40,39.14,340.00,13.00,0.00,30.09,M,6.21,M,M,M,M,M,M,M,M,M,M,M,M,M,M,M,M,62.60,FABL 090800Z 34013KT CAVOK 17/03 Q1019 NOSIG,M
FABL,2026-08-09 09:00,68.00,35.60,30.21,320.00,19.00,0.00,30.09,M,6.21,M,FEW,M,M,M,3000.00,M,M,M,M,M,M,M,M,M,M,68.00,FABL 090900Z 32019KT 9999 FEW030 20/02 Q1019 NOSIG,M
FABL,2026-08-09 10:00,69.80,35.60,28.41,320.00,18.00,0.00,30.06,M,6.21,M,FEW,M,M,M,3500.00,M,M,M,M,M,M,M,M,M,M,69.80,FABL 091000Z 32018KT 280V340 9999 FEW035 21/02 Q1018 NOSIG,M
FABL,2026-08-09 11:00,71.60,33.80,24.87,290.00,17.00,0.00,30.03,M,6.21,M,M,M,M,M,M,M,M,M,M,M,M,M,M,M,M,71.60,FABL 091100Z 29017KT CAVOK 22/01 Q1017 NOSIG,M
FABL,2026-08-09 12:00,71.60,32.00,23.14,290.00,18.00,0.00,30.00,M,6.21,M,FEW,M,M,M,3000.00,M,M,M,M,M,M,M,M,M,M,71.60,FABL 091200Z 29018KT 270V330 9999 FEW030 22/M00 Q1016 NOSIG,M
FABL,2026-08-09 13:00,71.60,32.00,23.14,300.00,19.00,0.00,29.97,M,6.21,33.00,FEW,M,M,M,3000.00,M,M,M,M,M,M,M,M,M,M,71.60,FABL 091300Z 30019G33KT 260V320 9999 FEW030 22/M00 Q1015 NOSIG,M
FABL,2026-08-09 14:00,71.60,30.20,21.51,300.00,13.00,0.00,29.94,M,6.21,M,FEW,M,M,M,3000.00,M,M,M,M,M,M,M,M,M,M,71.60,FABL 091400Z 30013KT 9999 FEW030 22/M01 Q1014 NOSIG,M
FABL,2026-08-09 15:00,66.20,28.40,24.04,230.00,14.00,0.00,29.97,M,6.21,M,SCT,M,M,M,3500.00,M,M,M,M,M,M,M,M,M,M,66.20,FABL 091500Z 23014KT 9999 SCT035TCU 19/M02 Q1015 NOSIG,M
FABL,2026-08-09 16:00,60.80,26.60,26.98,230.00,12.00,0.00,29.97,M,6.21,M,FEW,M,M,M,3500.00,M,M,M,M,M,M,M,M,M,M,60.80,FABL 091600Z 23012KT 9999 FEW035TCU 16/M03 Q1015 NOSIG,M
FABL,2026-08-09 17:00,57.20,26.60,30.68,230.00,9.00,0.00,30.00,M,6.21,M,FEW,M,M,M,3500.00,M,M,M,M,M,M,M,M,M,M,57.20,FABL 091700Z 23009KT 9999 FEW035TCU 14/M03 Q1016 NOSIG,M
FABL,2026-08-09 18:00,55.40,28.40,35.27,80.00,3.00,0.00,30.03,M,6.21,M,FEW,M,M,M,3500.00,M,M,M,M,M,M,M,M,M,M,55.40,FABL 091800Z 08003KT 330V140 9999 FEW035TCU 13/M02 Q1017 NOSIG,M
FABL,2026-08-09 19:00,51.80,30.20,43.30,M,2.00,0.00,30.00,M,6.21,M,M,M,M,M,M,M,M,M,,M,M,M,M,M,M,51.80,FABL 091900Z AUTO VRB02KT 9999 // ///////// 11/M01 Q1016,M
FABL,2026-08-09 20:00,51.80,32.00,46.58,40.00,4.00,0.00,30.03,M,6.21,M,M,M,M,M,M,M,M,M,,M,M,M,M,M,M,51.80,FABL 092000Z AUTO 04004KT 9999 // ///////// 11/M00 Q1017,M
FABL,2026-08-09 21:00,53.60,28.40,37.66,300.00,4.00,0.00,30.03,M,6.21,M,M,M,M,M,M,M,M,M,,M,M,M,M,M,M,53.60,FABL 092100Z AUTO 30004KT 9999 // ///////// 12/M02 Q1017,M
FABL,2026-08-09 22:00,46.40,37.40,70.67,210.00,11.00,0.00,30.03,M,6.21,M,M,M,M,M,M,M,M,M,,M,M,M,M,M,M,40.66,FABL 092200Z AUTO 21011KT 9999 // ///////// 08/03 Q1017,M
FABL,2026-08-09 23:00,44.60,37.40,75.67,210.00,12.00,0.00,30.03,M,6.21,M,M,M,M,M,M,M,M,M,,M,M,M,M,M,M,38.04,FABL 092300Z AUTO 21012KT 9999 // ///////// 07/03 Q1017,M
FABL,2026-08-10 00:00,46.40,37.40,70.67,180.00,16.00,0.00,30.03,M,6.21,M,M,M,M,M,M,M,M,M,,M,M,M,M,M,M,39.19,FABL 100000Z AUTO 18016KT 9999 // ///////// 08/03 Q1017,M
FABL,2026-08-10 01:00,44.60,35.60,70.47,170.00,11.00,0.00,30.03,M,6.21,M,M,M,M,M,M,M,M,M,,M,M,M,M,M,M,38.39,FABL 100100Z AUTO 17011KT 9999 // ///////// 07/02 Q1017,M
FABL,2026-08-10 02:00,44.60,35.60,70.47,230.00,8.00,0.00,30.00,M,6.21,M,M,M,M,M,M,M,M,M,,M,M,M,M,M,M,39.63,FABL 100200Z AUTO 23008KT 9999 // ///////// 07/02 Q1016,M
FABL,2026-08-10 03:00,42.80,35.60,75.49,180.00,11.00,0.00,30.03,M,6.21,M,FEW,BKN,M,M,2500.00,7000.00,M,M,M,M,M,M,M,M,M,36.11,COR FABL 100300Z 18011KT 150V210 9999 FEW025 BKN070 06/02 Q1017 NOSIG,M
FABL,2026-08-10 04:00,41.00,35.60,80.92,190.00,11.00,0.00,30.06,M,6.21,21.00,BKN,M,M,M,1200.00,M,M,M,M,M,M,M,M,M,M,33.84,FABL 100400Z 19011G21KT 160V230 9999 BKN012 05/02 Q1018 RERA NOSIG,M
FABL,2026-08-10 05:00,39.20,33.80,80.78,160.00,18.00,0.00,30.06,M,6.21,M,SCT,M,M,M,1200.00,M,M,M,M,M,M,M,M,M,M,29.23,FABL 100500Z 16018KT 9999 SCT012 04/01 Q1018 NOSIG,M
FABL,2026-08-10 06:00,41.00,35.60,80.92,160.00,18.00,0.00,30.09,M,6.21,M,FEW,SCT,M,M,800.00,1500.00,M,M,M,M,M,M,M,M,M,31.60,FABL 100600Z 16018KT 9999 FEW008 SCT015 05/02 Q1019 NOSIG,M
FABL,2026-08-10 07:00,42.80,37.40,81.06,150.00,17.00,0.00,30.12,M,4.97,M,BKN,M,M,M,1000.00,M,M,M,-RA,M,M,M,M,M,M,34.22,COR FABL 100700Z 15017KT 8000 -RA BKN010 06/03 Q1020 NOSIG,M
FABL,2026-08-10 08:00,41.00,37.40,86.89,160.00,22.00,0.00,30.12,M,4.97,M,BKN,FEW,M,M,1500.00,3000.00,M,M,-TSRA,M,M,M,M,M,M,30.63,FABL 100800Z 16022KT 8000 -TSRA BKN015 FEW030CB 05/03 Q1020 NOSIG,M
FABL,2026-08-10 09:00,42.80,37.40,81.06,150.00,17.00,0.00,30.15,M,6.21,30.00,FEW,BKN,M,M,800.00,1200.00,M,M,M,M,M,M,M,M,M,34.22,FABL 100900Z 15017G30KT 120V190 9999 FEW008 BKN012 06/03 Q1021 NOSIG,M
FABL,2026-08-10 10:00,39.20,35.60,86.79,140.00,21.00,0.00,30.18,M,2.86,M,FEW,OVC,M,M,800.00,2000.00,M,M,-RA,M,M,M,M,M,M,28.46,FABL 101000Z 14021KT 4600 -RA FEW008 OVC020 04/02 Q1022 NOSIG,M
FABL,2026-08-10 11:00,39.20,35.60,86.79,160.00,13.00,0.00,30.15,M,4.97,M,FEW,OVC,M,M,600.00,2000.00,M,M,-RA,M,M,M,M,M,M,30.79,FABL 101100Z 16013KT 8000 -RA FEW006 OVC020 04/02 Q1021 NOSIG,M
FABL,2026-08-10 12:00,42.80,37.40,81.06,150.00,12.00,0.00,30.15,M,6.21,M,FEW,BKN,M,M,800.00,2000.00,M,M,M,M,M,M,M,M,M,35.75,FABL 101200Z 15012KT 9999 FEW008 BKN020 06/03 Q1021 NOSIG,M
FABL,2026-08-10 13:00,44.60,37.40,75.67,140.00,21.00,0.00,30.15,M,6.21,M,FEW,BKN,M,M,800.00,3000.00,M,M,-RA,M,M,M,M,M,M,35.66,FABL 101300Z 14021KT 9999 -RA FEW008 BKN030 07/03 Q1021 NOSIG,M
FABL,2026-08-10 14:00,42.80,39.20,86.99,140.00,18.00,0.00,30.18,M,6.21,M,FEW,BKN,M,M,800.00,2000.00,M,M,-RA,M,M,M,M,M,M,33.97,FABL 101400Z 14018KT 9999 -RA FEW008 BKN020 06/04 Q1022 NOSIG,M
FABL,2026-08-10 15:00,44.60,37.40,75.67,150.00,17.00,0.00,30.18,M,6.21,M,FEW,BKN,M,M,800.00,2000.00,M,M,-RA,M,M,M,M,M,M,36.58,FABL 101500Z 15017KT 9999 -RA FEW008 BKN020 07/03 Q1022 NOSIG,M
FABL,2026-08-10 16:00,42.80,37.40,81.06,140.00,21.00,0.00,30.21,M,4.97,32.00,FEW,BKN,M,M,700.00,2000.00,M,M,-RA,M,M,M,M,M,M,33.26,FABL 101600Z 14021G32KT 8000 -RA FEW007 BKN020 06/03 Q1023 NOSIG,M
FABL,2026-08-10 17:00,41.00,37.40,86.89,160.00,16.00,0.00,30.24,M,6.21,M,FEW,BKN,M,M,700.00,2000.00,M,M,-RA,M,M,M,M,M,M,32.15,FABL 101700Z 16016KT 9999 -RA FEW007 BKN020 05/03 Q1024 NOSIG,M
FABL,2026-08-10 18:00,42.80,39.20,86.99,150.00,16.00,0.00,30.24,M,6.21,M,FEW,BKN,M,M,700.00,2000.00,M,M,M,M,M,M,M,M,M,34.50,FABL 101800Z 15016KT 9999 FEW007 BKN020 06/04 Q1024 NOSIG,M
FABL,2026-08-10 19:00,42.80,39.20,86.99,160.00,11.00,0.00,30.30,M,6.21,M,M,M,M,M,M,M,M,M,,M,M,M,M,M,M,36.11,FABL 101900Z AUTO 16011KT 9999 // ///////// 06/04 Q1026,M
FABL,2026-08-10 20:00,42.80,39.20,86.99,170.00,8.00,0.00,30.30,M,6.21,M,M,M,M,M,M,M,M,M,,M,M,M,M,M,M,37.42,FABL 102000Z AUTO 17008KT 130V200 9999 // ///////// 06/04 Q1026,M
FABL,2026-08-10 21:00,41.00,37.40,86.89,180.00,8.00,0.00,30.33,M,6.21,M,M,M,M,M,M,M,M,M,,M,M,M,M,M,M,35.20,FABL 102100Z AUTO 18008KT 9999 // ///////// 05/03 Q1027,M
FABL,2026-08-10 22:00,41.00,37.40,86.89,180.00,13.00,0.00,30.30,M,6.21,M,M,M,M,M,M,M,M,M,,M,M,M,M,M,M,33.10,FABL 102200Z AUTO 18013KT 9999 // ///////// 05/03 Q1026,M
FABL,2026-08-10 23:00,39.20,35.60,86.79,180.00,8.00,0.00,30.33,M,6.21,M,M,M,M,M,M,M,M,M,,M,M,M,M,M,M,32.98,FABL 102300Z AUTO 18008KT 9999 // ///////// 04/02 Q1027,M
FABL,2026-08-11 00:00,39.20,35.60,86.79,220.00,7.00,0.00,30.33,M,6.21,M,M,M,M,M,M,M,M,M,,M,M,M,M,M,M,33.56,FABL 110000Z AUTO 22007KT 9999 // ///////// 04/02 Q1027,M
FABL,2026-08-11 01:00,37.40,33.80,86.69,190.00,7.00,0.00,30.33,M,6.21,M,M,M,M,M,M,M,M,M,,M,M,M,M,M,M,31.36,FABL 110100Z AUTO 19007KT 9999 // ///////// 03/01 Q1027,M
FABL,2026-08-11 02:00,39.20,33.80,80.78,200.00,7.00,0.00,30.36,M,6.21,M,M,M,M,M,M,M,M,M,,M,M,M,M,M,M,33.56,FABL 110200Z AUTO 20007KT 9999 // ///////// 04/01 Q1028,M
FABL,2026-08-11 03:00,37.40,32.00,80.64,210.00,6.00,0.00,30.33,M,6.21,M,FEW,M,M,M,1500.00,M,M,M,M,M,M,M,M,M,M,32.03,FABL 110300Z 21006KT 9999 FEW015 03/00 Q1027 NOSIG,M
FABL,2026-08-11 04:00,37.40,33.80,86.69,250.00,4.00,0.00,30.39,M,6.21,M,FEW,M,M,M,1500.00,M,M,M,M,M,M,M,M,M,M,33.73,FABL 110400Z 25004KT 9999 FEW015 03/01 Q1029 NOSIG,M
FABL,2026-08-11 05:00,37.40,35.60,93.13,M,1.00,0.00,30.39,M,6.21,M,BKN,M,M,M,1200.00,M,M,M,M,M,M,M,M,M,M,37.40,FABL 110500Z VRB01KT 9999 BKN012 03/02 Q1029 NOSIG,M
FABL,2026-08-11 06:00,39.20,33.80,80.78,170.00,6.00,0.00,30.42,M,6.21,M,BKN,M,M,M,1200.00,M,M,M,-RA,M,M,M,M,M,M,34.20,FABL 110600Z 17006KT 9999 -RA BKN012 04/01 Q1030 NOSIG,M
FABL,2026-08-11 07:00,41.00,37.40,86.89,60.00,6.00,0.00,30.45,M,6.21,M,OVC,M,M,M,1200.00,M,M,M,-RA,M,M,M,M,M,M,36.37,FABL 110700Z 06006KT 9999 -RA OVC012 05/03 Q1031 NOSIG,M
FABL,2026-08-11 08:00,41.00,39.20,93.24,160.00,6.00,0.00,30.47,M,6.21,M,OVC,M,M,M,1000.00,M,M,M,-RA,M,M,M,M,M,M,36.37,FABL 110800Z 16006KT 130V190 9999 -RA OVC010 05/04 Q1032 NOSIG,M
FABL,2026-08-11 09:00,42.80,41.00,93.29,180.00,5.00,0.00,30.45,M,6.21,M,FEW,BKN,M,M,500.00,1000.00,M,M,-RA,M,M,M,M,M,M,39.22,FABL 110900Z 18005KT 9999 -RA FEW005 BKN010 06/05 Q1031 NOSIG,M
FABL,2026-08-11 10:00,48.20,44.60,87.28,180.00,8.00,0.00,30.45,M,6.21,M,FEW,SCT,M,M,500.00,1500.00,M,M,M,M,M,M,M,M,M,44.07,FABL 111000Z 18008KT 9999 FEW005 SCT015 09/07 Q1031 NOSIG,M
FABL,2026-08-11 11:00,50.00,42.80,76.17,120.00,9.00,0.00,30.45,M,6.21,M,SCT,BKN,M,M,1500.00,2000.00,M,M,M,M,M,M,M,M,M,50.00,FABL 111100Z 12009KT 9999 SCT015 BKN020 10/06 Q1031 NOSIG,M
FABL,2026-08-11 12:00,53.60,41.00,62.22,80.00,6.00,0.00,30.42,M,6.21,M,FEW,BKN,M,M,1000.00,2000.00,M,M,M,M,M,M,M,M,M,53.60,FABL 111200Z 08006KT 040V120 9999 FEW010 BKN020 12/05 Q1030 NOSIG,M
FABL,2026-08-11 13:00,53.60,41.00,62.22,110.00,5.00,0.00,30.42,M,6.21,M,FEW,BKN,M,M,1500.00,2500.00,M,M,M,M,M,M,M,M,M,53.60,FABL 111300Z 11005KT 060V170 9999 FEW015 BKN025 12/05 Q1030 NOSIG,M
FABL,2026-08-11 14:00,53.60,41.00,62.22,80.00,7.00,0.00,30.42,M,6.21,M,FEW,SCT,M,M,1000.00,2500.00,M,M,M,M,M,M,M,M,M,53.60,FABL 111400Z 08007KT 060V120 9999 FEW010 SCT025 12/05 Q1030 NOSIG,M
FABL,2026-08-11 15:00,55.40,41.00,58.27,90.00,7.00,0.00,30.45,M,6.21,M,FEW,SCT,M,M,1000.00,2500.00,M,M,M,M,M,M,M,M,M,55.40,FABL 111500Z 09007KT 9999 FEW010 SCT025 13/05 Q1031 NOSIG,M
FABL,2026-08-11 16:00,51.80,42.80,71.26,60.00,10.00,0.00,30.45,M,6.21,M,FEW,BKN,M,M,1000.00,2000.00,M,M,-DZ,M,M,M,M,M,M,51.80,FABL 111600Z 06010KT 9999 -DZ FEW010 BKN020 11/06 Q1031 NOSIG,M
FABL,2026-08-11 17:00,48.20,42.80,81.47,50.00,6.00,0.00,30.47,M,6.21,M,FEW,BKN,M,M,1000.00,2000.00,M,M,M,M,M,M,M,M,M,45.04,FABL 111700Z 05006KT 9999 FEW010 BKN020 09/06 Q1032 NOSIG,M
FABL,2026-08-11 18:00,46.40,41.00,81.33,20.00,3.00,0.00,30.50,M,6.21,M,FEW,BKN,M,M,1000.00,2000.00,M,M,M,M,M,M,M,M,M,45.15,FABL 111800Z 02003KT 350V050 9999 FEW010 BKN020 08/05 Q1033 NOSIG,M
FABL,2026-08-11 19:00,42.80,39.20,86.99,30.00,2.00,0.00,30.50,M,6.21,M,M,M,M,M,M,M,M,M,,M,M,M,M,M,M,42.80,FABL 111900Z AUTO 03002KT 9999 // ///////// 06/04 Q1033,M
FABL,2026-08-11 20:00,42.80,39.20,86.99,50.00,2.00,0.00,30.50,M,6.21,M,M,M,M,M,M,M,M,M,,M,M,M,M,M,M,42.80,FABL 112000Z AUTO 05002KT 9999 // ///////// 06/04 Q1033,M
FABL,2026-08-11 21:00,44.60,41.00,87.08,350.00,3.00,0.00,30.53,M,6.21,M,M,M,M,M,M,M,M,M,,M,M,M,M,M,M,43.09,FABL 112100Z AUTO 35003KT 9999 // ///////// 07/05 Q1034,M
FABL,2026-08-11 22:00,44.60,41.00,87.08,20.00,2.00,0.00,30.53,M,6.21,M,M,M,M,M,M,M,M,M,,M,M,M,M,M,M,44.60,FABL 112200Z AUTO 02002KT 9999 // ///////// 07/05 Q1034,M
FABL,2026-08-11 23:00,44.60,41.00,87.08,200.00,2.00,0.00,30.50,M,6.21,M,M,M,M,M,M,M,M,M,,M,M,M,M,M,M,44.60,FABL 112300Z AUTO 20002KT 9999 // ///////// 07/05 Q1033,M
FABL,2026-08-12 00:00,42.80,41.00,93.29,340.00,2.00,0.00,30.50,M,6.21,M,M,M,M,M,M,M,M,M,,M,M,M,M,M,M,42.80,FABL 120000Z AUTO 34002KT 9999 // ///////// 06/05 Q1033,M
FABL,2026-08-12 01:00,42.80,41.00,93.29,340.00,4.00,0.00,30.50,M,6.21,M,M,M,M,M,M,M,M,M,,M,M,M,M,M,M,40.03,FABL 120100Z AUTO 34004KT 9999 // ///////// 06/05 Q1033,M
FABL,2026-08-12 02:00,42.80,41.00,93.29,320.00,3.00,0.00,30.50,M,6.21,M,M,M,M,M,M,M,M,M,,M,M,M,M,M,M,41.03,FABL 120200Z AUTO 32003KT 9999 // ///////// 06/05 Q1033,M
FABL,2026-08-12 03:00,42.80,41.00,93.29,0.00,0.00,0.00,30.50,M,6.21,M,BKN,M,M,M,3000.00,M,M,M,M,M,M,M,M,M,M,42.80,COR FABL 120300Z 00000KT 9999 BKN030 06/05 Q1033 NOSIG,M
FABL,2026-08-12 04:00,42.80,41.00,93.29,190.00,4.00,0.00,30.50,M,6.21,M,BKN,M,M,M,3000.00,M,M,M,-RA,M,M,M,M,M,M,40.03,FABL 120400Z 19004KT 9999 -RA BKN030 06/05 Q1033 NOSIG,M
FABL,2026-08-12 05:00,42.80,41.00,93.29,60.00,1.00,0.00,30.53,M,6.21,M,BKN,M,M,M,4000.00,M,M,M,M,M,M,M,M,M,M,42.80,FABL 120500Z 06001KT 9999 BKN040 06/05 Q1034 NOSIG,M
FABL,2026-08-12 06:00,44.60,41.00,87.08,M,1.00,0.00,30.56,M,6.21,M,BKN,M,M,M,4000.00,M,M,M,M,M,M,M,M,M,M,44.60,FABL 120600Z VRB01KT 9999 BKN040 07/05 Q1035 NOSIG,M
FABL,2026-08-12 07:00,46.40,41.00,81.33,100.00,3.00,0.00,30.59,M,6.21,M,BKN,M,M,M,4000.00,M,M,M,M,M,M,M,M,M,M,45.15,FABL 120700Z 10003KT 070V140 9999 BKN040 08/05 Q1036 NOSIG,M
FABL,2026-08-12 08:00,50.00,41.00,71.06,60.00,4.00,0.00,30.59,M,6.21,M,FEW,M,M,M,1000.00,M,M,M,M,M,M,M,M,M,M,50.00,FABL 120800Z 06004KT 020V090 9999 FEW010 10/05 Q1036 NOSIG,M
FABL,2026-08-12 09:00,50.00,39.20,66.26,70.00,5.00,0.00,30.59,M,6.21,M,FEW,M,M,M,2000.00,M,M,M,M,M,M,M,M,M,M,50.00,FABL 120900Z 07005KT 020V110 9999 FEW020 10/04 Q1036 NOSIG,M
FABL,2026-08-12 10:00,55.40,41.00,58.27,60.00,7.00,0.00,30.56,M,6.21,M,FEW,M,M,M,2000.00,M,M,M,M,M,M,M,M,M,M,55.40,FABL 121000Z 06007KT 350V090 9999 FEW020 13/05 Q1035 NOSIG,M
FABL,2026-08-12 11:00,55.40,37.40,50.63,50.00,7.00,0.00,30.56,M,6.21,M,FEW,BKN,M,M,2500.00,8000.00,M,M,M,M,M,M,M,M,M,55.40,FABL 121100Z 05007KT 010V090 9999 FEW025 BKN080 13/03 Q1035 NOSIG,M
FABL,2026-08-12 12:00,57.20,39.20,50.91,10.00,8.00,0.00,30.53,M,6.21,M,FEW,M,M,M,2000.00,M,M,M,M,M,M,M,M,M,M,57.20,FABL 121200Z 01008KT 340V050 9999 FEW020 14/04 Q1034 NOSIG,M
FABL,2026-08-12 13:00,57.20,39.20,50.91,40.00,10.00,0.00,30.53,M,6.21,M,SCT,M,M,M,2000.00,M,M,M,M,M,M,M,M,M,M,57.20,FABL 121300Z 04010KT 9999 SCT020 14/04 Q1034 NOSIG,M
FABL,2026-08-12 14:00,55.40,39.20,54.33,350.00,7.00,0.00,30.50,M,6.21,M,SCT,M,M,M,2500.00,M,M,M,M,M,M,M,M,M,M,55.40,FABL 121400Z 35007KT 9999 SCT025 13/04 Q1033 NOSIG,M
FABL,2026-08-12 15:00,55.40,39.20,54.33,20.00,11.00,0.00,30.50,M,6.21,M,SCT,M,M,M,2500.00,M,M,M,M,M,M,M,M,M,M,55.40,FABL 121500Z 02011KT 9999 SCT025 13/04 Q1033 NOSIG,M
FABL,2026-08-12 16:00,53.60,39.20,58.02,20.00,10.00,0.00,30.50,M,6.21,M,SCT,M,M,M,2500.00,M,M,M,M,M,M,M,M,M,M,53.60,FABL 121600Z 02010KT 9999 SCT025 12/04 Q1033 NOSIG,M
FABL,2026-08-12 17:00,51.80,39.20,61.99,30.00,10.00,0.00,30.53,M,6.21,M,SCT,M,M,M,2500.00,M,M,M,M,M,M,M,M,M,M,51.80,FABL 121700Z 03010KT 9999 SCT025 11/04 Q1034 NOSIG,M
FABL,2026-08-12 18:00,51.80,39.20,61.99,20.00,13.00,0.00,30.53,M,6.21,M,M,M,M,M,M,M,M,M,M,M,M,M,M,M,M,51.80,FABL 121800Z 02013KT CAVOK 11/04 Q1034 NOSIG,M
FABL,2026-08-12 19:00,50.00,39.20,66.26,30.00,14.00,0.00,30.56,M,6.21,M,M,M,M,M,M,M,M,M,,M,M,M,M,M,M,50.00,FABL 121900Z AUTO 03014KT 9999 // ///////// 10/04 Q1035,M
FABL,2026-08-12 20:00,48.20,37.40,66.04,40.00,13.00,0.00,30.56,M,6.21,M,M,M,M,M,M,M,M,M,,M,M,M,M,M,M,42.32,FABL 122000Z AUTO 04013KT 9999 // ///////// 09/03 Q1035,M
FABL,2026-08-12 21:00,46.40,37.40,70.67,30.00,9.00,0.00,30.59,M,6.21,M,M,M,M,M,M,M,M,M,,M,M,M,M,M,M,41.42,FABL 122100Z AUTO 03009KT 9999 // ///////// 08/03 Q1036,M
FABL,2026-08-12 22:00,44.60,37.40,75.67,40.00,6.00,0.00,30.59,M,6.21,M,M,M,M,M,M,M,M,M,,M,M,M,M,M,M,40.71,FABL 122200Z AUTO 04006KT 9999 // ///////// 07/03 Q1036,M
FABL,2026-08-12 23:00,44.60,37.40,75.67,40.00,11.00,0.00,30.59,M,6.21,M,M,M,M,M,M,M,M,M,,M,M,M,M,M,M,38.39,FABL 122300Z AUTO 04011KT 9999 // ///////// 07/03 Q1036,M
FABL,2026-08-13 00:00,42.80,35.60,75.49,40.00,10.00,0.00,30.56,M,6.21,M,M,M,M,M,M,M,M,M,,M,M,M,M,M,M,36.51,FABL 130000Z AUTO 04010KT 9999 // ///////// 06/02 Q1035,M
FABL,2026-08-13 01:00,42.80,35.60,75.49,50.00,8.00,0.00,30.56,M,6.21,M,M,M,M,M,M,M,M,M,,M,M,M,M,M,M,37.42,FABL 130100Z AUTO 05008KT 030V090 9999 // ///////// 06/02 Q1035,M
FABL,2026-08-13 02:00,41.00,35.60,80.92,60.00,5.00,0.00,30.56,M,6.21,M,M,M,M,M,M,M,M,M,,M,M,M,M,M,M,37.08,FABL 130200Z AUTO 06005KT 020V090 9999 // ///////// 05/02 Q1035,M
FABL,2026-08-13 03:00,37.40,33.80,86.69,40.00,5.00,0.00,30.56,M,6.21,M,M,M,M,M,M,M,M,M,M,M,M,M,M,M,M,32.81,FABL 130300Z 04005KT CAVOK 03/01 Q1035 NOSIG,M
FABL,2026-08-13 04:00,37.40,35.60,93.13,100.00,3.00,0.00,30.56,M,6.21,M,M,M,M,M,M,M,M,M,M,M,M,M,M,M,M,34.86,FABL 130400Z 10003KT CAVOK 03/02 Q1035 NOSIG,M
FABL,2026-08-13 05:00,35.60,33.80,93.08,60.00,3.00,0.00,30.59,M,6.21,M,M,M,M,M,M,M,M,M,M,M,M,M,M,M,M,32.80,FABL 130500Z 06003KT CAVOK 02/01 Q1036 NOSIG,M
FABL,2026-08-13 06:00,41.00,35.60,80.92,M,2.00,0.00,30.62,M,6.21,M,M,M,M,M,M,M,M,M,M,M,M,M,M,M,M,41.00,FABL 130600Z VRB02KT CAVOK 05/02 Q1037 NOSIG,M
FABL,2026-08-13 07:00,44.60,37.40,75.67,40.00,9.00,0.00,30.62,M,6.21,M,M,M,M,M,M,M,M,M,M,M,M,M,M,M,M,39.18,FABL 130700Z 04009KT CAVOK 07/03 Q1037 NOSIG,M
FABL,2026-08-13 08:00,51.80,35.60,53.80,40.00,13.00,0.00,30.62,M,6.21,M,M,M,M,M,M,M,M,M,M,M,M,M,M,M,M,51.80,FABL 130800Z 04013KT CAVOK 11/02 Q1037 NOSIG,M
FABL,2026-08-13 09:00,55.40,37.40,50.63,20.00,10.00,0.00,30.62,M,6.21,M,FEW,M,M,M,3500.00,M,M,M,M,M,M,M,M,M,M,55.40,FABL 130900Z 02010KT 9999 FEW035 13/03 Q1037 NOSIG,M
FABL,2026-08-13 10:00,57.20,37.40,47.44,360.00,8.00,0.00,30.59,M,6.21,M,FEW,M,M,M,3500.00,M,M,M,M,M,M,M,M,M,M,57.20,FABL 131000Z 36008KT 320V050 9999 FEW035 14/03 Q1036 NOSIG,M
FABL,2026-08-13 11:00,60.80,37.40,41.71,30.00,7.00,0.00,30.56,M,6.21,M,FEW,M,M,M,3500.00,M,M,M,M,M,M,M,M,M,M,60.80,FABL 131100Z 03007KT 330V060 9999 FEW035 16/03 Q1035 NOSIG,M
FABL,2026-08-13 12:00,60.80,37.40,41.71,350.00,6.00,0.00,30.50,M,6.21,M,BKN,M,M,M,3500.00,M,M,M,M,M,M,M,M,M,M,60.80,FABL 131200Z 35006KT 300V050 9999 BKN035 16/03 Q1033 NOSIG,M
FABL,2026-08-13 13:00,62.60,37.40,39.14,30.00,6.00,0.00,30.47,M,6.21,M,BKN,M,M,M,3500.00,M,M,M,M,M,M,M,M,M,M,62.60,FABL 131300Z 03006KT 320V080 9999 BKN035 17/03 Q1032 NOSIG,M
FABL,2026-08-13 15:00,60.80,37.40,41.71,360.00,5.00,0.00,30.47,M,6.21,M,SCT,M,M,M,4000.00,M,M,M,M,M,M,M,M,M,M,60.80,FABL 131500Z 36005KT 9999 SCT040 16/03 Q1032 NOSIG,M
FABL,2026-08-13 16:00,55.40,37.40,50.63,360.00,2.00,0.00,30.47,M,6.21,M,M,M,M,M,M,M,M,M,M,M,M,M,M,M,M,55.40,FABL 131600Z 36002KT CAVOK 13/03 Q1032 NOSIG,M
FABL,2026-08-13 17:00,51.80,39.20,61.99,310.00,3.00,0.00,30.50,M,6.21,M,M,M,M,M,M,M,M,M,M,M,M,M,M,M,M,51.80,FABL 131700Z 31003KT CAVOK 11/04 Q1033 NOSIG,M
FABL,2026-08-13 18:00,48.20,39.20,70.87,M,1.00,0.00,30.50,M,6.21,M,M,M,M,M,M,M,M,M,M,M,M,M,M,M,M,48.20,FABL 131800Z VRB01KT CAVOK 09/04 Q1033 NOSIG,M
FABL,2026-08-13 19:00,44.60,39.20,81.20,0.00,0.00,0.00,30.50,M,6.21,M,M,M,M,M,M,M,M,M,,M,M,M,M,M,M,44.60,FABL 131900Z AUTO 00000KT 9999 // ///////// 07/04 Q1033,M
FABL,2026-08-13 20:00,42.80,37.40,81.06,M,2.00,0.00,30.53,M,6.21,M,M,M,M,M,M,M,M,M,,M,M,M,M,M,M,42.80,FABL 132000Z AUTO VRB02KT 9999 // ///////// 06/03 Q1034,M
FABL,2026-08-13 21:00,41.00,37.40,86.89,M,2.00,0.00,30.53,M,6.21,M,M,M,M,M,M,M,M,M,,M,M,M,M,M,M,41.00,FABL 132100Z AUTO VRB02KT 9999 // ///////// 05/03 Q1034,M
FABL,2026-08-13 22:00,37.40,35.60,93.13,M,1.00,0.00,30.50,M,6.21,M,M,M,M,M,M,M,M,M,,M,M,M,M,M,M,37.40,FABL 132200Z AUTO VRB01KT 9999 // ///////// 03/02 Q1033,M
FABL,2026-08-13 23:00,41.00,37.40,86.89,M,2.00,0.00,30.53,M,6.21,M,M,M,M,M,M,M,M,M,,M,M,M,M,M,M,41.00,FABL 132300Z AUTO VRB02KT 9999 // ///////// 05/03 Q1034,M
FABL,2026-08-14 00:00,39.20,35.60,86.79,0.00,0.00,0.00,30.53,M,6.21,M,M,M,M,M,M,M,M,M,,M,M,M,M,M,M,39.20,FABL 140000Z AUTO 00000KT 9999 // ///////// 04/02 Q1034,M
FABL,2026-08-14 01:00,35.60,33.80,93.08,170.00,2.00,0.00,30.50,M,6.21,M,M,M,M,M,M,M,M,M,,M,M,M,M,M,M,35.60,FABL 140100Z AUTO 17002KT 9999 // ///////// 02/01 Q1033,M
FABL,2026-08-14 02:00,35.60,33.80,93.08,M,1.00,0.00,30.50,M,6.21,M,M,M,M,M,M,M,M,M,,M,M,M,M,M,M,35.60,FABL 140200Z AUTO VRB01KT 9999 // ///////// 02/01 Q1033,M
FABL,2026-08-14 03:00,37.40,33.80,86.69,160.00,3.00,0.00,30.50,M,6.21,M,M,M,M,M,M,M,M,M,M,M,M,M,M,M,M,34.86,FABL 140300Z 16003KT 120V220 CAVOK 03/01 Q1033 NOSIG,M
FABL,2026-08-14 04:00,33.80,32.00,93.02,M,2.00,0.00,30.50,M,6.21,M,M,M,M,M,M,M,M,M,M,M,M,M,M,M,M,33.80,FABL 140400Z VRB02KT CAVOK 01/00 Q1033 NOSIG,M
FABL,2026-08-14 05:00,33.80,32.00,93.02,M,2.00,0.00,30.50,M,6.21,M,M,M,M,M,M,M,M,M,M,M,M,M,M,M,M,33.80,FABL 140500Z VRB02KT CAVOK 01/M00 Q1033 NOSIG,M
FABL,2026-08-14 06:00,41.00,35.60,80.92,M,2.00,0.00,30.50,M,6.21,M,M,M,M,M,M,M,M,M,M,M,M,M,M,M,M,41.00,FABL 140600Z VRB02KT CAVOK 05/02 Q1033 NOSIG,M
FABL,2026-08-14 07:00,46.40,37.40,70.67,80.00,6.00,0.00,30.50,M,6.21,M,M,M,M,M,M,M,M,M,M,M,M,M,M,M,M,42.87,FABL 140700Z 08006KT CAVOK 08/03 Q1033 NOSIG,M
FABL,2026-08-14 08:00,51.80,39.20,61.99,10.00,5.00,0.00,30.50,M,6.21,M,M,M,M,M,M,M,M,M,M,M,M,M,M,M,M,51.80,FABL 140800Z 01005KT 320V060 CAVOK 11/04 Q1033 NOSIG,M
FABL,2026-08-14 09:00,57.20,39.20,50.91,10.00,6.00,0.00,30.50,M,6.21,M,M,M,M,M,M,M,M,M,M,M,M,M,M,M,M,57.20,FABL 140900Z 01006KT 330V060 CAVOK 14/04 Q1033 NOSIG,M
FABL,2026-08-14 10:00,60.80,39.20,44.76,10.00,6.00,0.00,30.47,M,6.21,M,M,M,M,M,M,M,M,M,M,M,M,M,M,M,M,60.80,FABL 141000Z 01006KT 310V060 CAVOK 16/04 Q1032 NOSIG,M
FABL,2026-08-14 11:00,60.80,39.20,44.76,M,5.00,0.00,30.45,M,6.21,M,SCT,M,M,M,3000.00,M,M,M,M,M,M,M,M,M,M,60.80,FABL 141100Z VRB05KT 9999 SCT030 16/04 Q1031 NOSIG,M
FABL,2026-08-14 12:00,64.40,37.40,36.75,M,4.00,0.00,30.42,M,6.21,M,SCT,M,M,M,3000.00,M,M,M,M,M,M,M,M,M,M,64.40,FABL 141200Z VRB04KT 9999 SCT030 18/03 Q1030 NOSIG,M
FABL,2026-08-14 13:00,64.40,37.40,36.75,350.00,6.00,0.00,30.39,M,6.21,M,SCT,M,M,M,3000.00,M,M,M,M,M,M,M,M,M,M,64.40,FABL 141300Z 35006KT 310V070 9999 SCT030 18/03 Q1029 NOSIG,M
FABL,2026-08-14 14:00,64.40,39.20,39.44,M,5.00,0.00,30.39,M,6.21,M,SCT,M,M,M,3500.00,M,M,M,M,M,M,M,M,M,M,64.40,FABL 141400Z VRB05KT 9999 SCT035 18/04 Q1029 NOSIG,M
FABL,2026-08-14 15:00,64.40,37.40,36.75,300.00,3.00,0.00,30.39,M,6.21,M,FEW,M,M,M,4000.00,M,M,M,M,M,M,M,M,M,M,64.40,FABL 141500Z 30003KT 9999 FEW040 18/03 Q1029 NOSIG,M
FABL,2026-08-14 16:00,60.80,37.40,41.71,230.00,2.00,0.00,30.39,M,6.21,M,M,M,M,M,M,M,M,M,M,M,M,M,M,M,M,60.80,FABL 141600Z 23002KT CAVOK 16/03 Q1029 NOSIG,M
FABL,2026-08-14 17:00,57.20,37.40,47.44,0.00,0.00,0.00,30.39,M,6.21,M,M,M,M,M,M,M,M,M,M,M,M,M,M,M,M,57.20,FABL 141700Z 00000KT CAVOK 14/03 Q1029 NOSIG,M
FABL,2026-08-14 18:00,48.20,39.20,70.87,220.00,3.00,0.00,30.42,M,6.21,M,M,M,M,M,M,M,M,M,M,M,M,M,M,M,M,47.21,FABL 141800Z 22003KT CAVOK 09/04 Q1030 NOSIG,M
FABL,2026-08-14 19:00,46.40,39.20,75.84,240.00,4.00,0.00,30.42,M,6.21,M,M,M,M,M,M,M,M,M,,M,M,M,M,M,M,44.24,FABL 141900Z AUTO 24004KT 9999 // ///////// 08/04 Q1030,M
FABL,2026-08-14 20:00,44.60,39.20,81.20,240.00,1.00,0.00,30.42,M,6.21,M,M,M,M,M,M,M,M,M,,M,M,M,M,M,M,44.60,FABL 142000Z AUTO 24001KT 9999 // ///////// 07/04 Q1030,M
FABL,2026-08-14 21:00,42.80,37.40,81.06,170.00,2.00,0.00,30.42,M,6.21,M,M,M,M,M,M,M,M,M,,M,M,M,M,M,M,42.80,FABL 142100Z AUTO 17002KT 9999 // ///////// 06/03 Q1030,M
FABL,2026-08-14 22:00,41.00,37.40,86.89,280.00,2.00,0.00,30.42,M,6.21,M,M,M,M,M,M,M,M,M,,M,M,M,M,M,M,41.00,FABL 142200Z AUTO 28002KT 9999 // ///////// 05/03 Q1030,M
FABL,2026-08-14 23:00,39.20,35.60,86.79,0.00,0.00,0.00,30.42,M,5.59,M,M,M,M,M,M,M,M,M,,M,M,M,M,M,M,39.20,FABL 142300Z AUTO 00000KT 9000 // ///////// 04/02 Q1030,M
FABL,2026-08-15 00:00,37.40,35.60,93.13,160.00,2.00,0.00,30.42,M,2.98,M,M,M,M,M,M,M,M,M,,M,M,M,M,M,M,37.40,FABL 150000Z AUTO 16002KT 4800 // ///////// 03/02 Q1030,M
FABL,2026-08-15 01:00,37.40,35.60,93.13,210.00,2.00,0.00,30.42,M,3.73,M,M,M,M,M,M,M,M,M,,M,M,M,M,M,M,37.40,FABL 150100Z AUTO 21002KT 6000 // ///////// 03/02 Q1030,M
FABL,2026-08-15 02:00,35.60,33.80,93.08,260.00,1.00,0.00,30.39,M,4.35,M,M,M,M,M,M,M,M,M,,M,M,M,M,M,M,35.60,FABL 150200Z AUTO 26001KT 7000 // ///////// 02/01 Q1029,M
FABL,2026-08-15 03:00,35.60,33.80,93.08,M,1.00,0.00,30.39,M,3.11,M,NSC,M,M,M,M,M,M,M,BR,M,M,M,M,M,M,35.60,FABL 150300Z VRB01KT 5000 BR NSC 02/01 Q1029 TEMPO 0900 FG,M
FABL,2026-08-15 04:00,33.80,32.00,93.02,240.00,3.00,0.00,30.39,M,3.04,M,NSC,M,M,M,M,M,M,M,BR,M,M,M,M,M,M,30.75,FABL 150400Z 24003KT 4900 BR NSC 01/00 Q1029 TEMPO 0900 FG,M
FABL,2026-08-15 05:00,33.80,32.00,93.02,210.00,2.00,0.00,30.42,M,2.55,M,NSC,M,M,M,M,M,M,M,BR,M,M,M,M,M,M,33.80,FABL 150500Z 21002KT 4100 BR NSC 01/M00 Q1030 TEMPO 3000,M
FABL,2026-08-15 06:00,39.20,35.60,86.79,130.00,2.00,0.00,30.42,M,5.59,M,NSC,M,M,M,M,M,M,M,M,M,M,M,M,M,M,39.20,FABL 150600Z 13002KT 9000 NSC 04/02 Q1030 NOSIG,M
FABL,2026-08-15 07:00,48.20,41.00,76.01,M,2.00,0.00,30.42,M,6.21,M,M,M,M,M,M,M,M,M,M,M,M,M,M,M,M,48.20,FABL 150700Z VRB02KT CAVOK 09/05 Q1030 NOSIG,M
FABL,2026-08-15 08:00,55.40,41.00,58.27,M,2.00,0.00,30.45,M,6.21,M,M,M,M,M,M,M,M,M,M,M,M,M,M,M,M,55.40,FABL 150800Z VRB02KT CAVOK 13/05 Q1031 NOSIG,M
FABL,2026-08-15 09:00,60.80,37.40,41.71,M,3.00,0.00,30.42,M,6.21,M,M,M,M,M,M,M,M,M,M,M,M,M,M,M,M,60.80,FABL 150900Z VRB03KT CAVOK 16/03 Q1030 NOSIG,M
FABL,2026-08-15 10:00,64.40,33.80,31.86,180.00,3.00,0.00,30.42,M,6.21,M,M,M,M,M,M,M,M,M,M,M,M,M,M,M,M,64.40,FABL 151000Z 18003KT 120V260 CAVOK 18/01 Q1030 NOSIG,M
FABL,2026-08-15 11:00,66.20,33.80,29.92,150.00,7.00,0.00,30.36,M,6.21,M,M,M,M,M,M,M,M,M,M,M,M,M,M,M,M,66.20,FABL 151100Z 15007KT 090V200 CAVOK 19/01 Q1028 NOSIG,M
FABL,2026-08-15 12:00,68.00,33.80,28.12,50.00,5.00,0.00,30.33,M,6.21,M,M,M,M,M,M,M,M,M,M,M,M,M,M,M,M,68.00,FABL 151200Z 05005KT 330V100 CAVOK 20/01 Q1027 NOSIG,M
FABL,2026-08-15 13:00,68.00,33.80,28.12,220.00,5.00,0.00,30.33,M,6.21,M,M,M,M,M,M,M,M,M,M,M,M,M,M,M,M,68.00,FABL 151300Z 22005KT 190V270 CAVOK 20/01 Q1027 NOSIG,M
FABL,2026-08-15 14:00,68.00,28.40,22.60,110.00,4.00,0.00,30.33,M,6.21,M,M,M,M,M,M,M,M,M,M,M,M,M,M,M,M,68.00,FABL 151400Z 11004KT 060V170 CAVOK 20/M02 Q1027 NOSIG,M
FABL,2026-08-15 15:00,68.00,30.20,24.32,260.00,4.00,0.00,30.33,M,6.21,M,M,M,M,M,M,M,M,M,M,M,M,M,M,M,M,68.00,FABL 151500Z 26004KT 170V340 CAVOK 20/M01 Q1027 NOSIG,M
FABL,2026-08-15 16:00,62.60,32.00,31.56,320.00,5.00,0.00,30.33,M,6.21,M,M,M,M,M,M,M,M,M,M,M,M,M,M,M,M,62.60,FABL 151600Z 32005KT CAVOK 17/00 Q1027 NOSIG,M
FABL,2026-08-15 17:00,55.40,35.60,47.15,220.00,3.00,0.00,30.36,M,6.21,M,M,M,M,M,M,M,M,M,M,M,M,M,M,M,M,55.40,FABL 151700Z 22003KT 140V310 CAVOK 13/02 Q1028 NOSIG,M
FABL,2026-08-15 18:00,51.80,35.60,53.80,M,2.00,0.00,30.36,M,6.21,M,M,M,M,M,M,M,M,M,M,M,M,M,M,M,M,51.80,FABL 151800Z VRB02KT CAVOK 11/02 Q1028 NOSIG,M
FABL,2026-08-15 19:00,46.40,37.40,70.67,160.00,3.00,0.00,30.39,M,6.21,M,M,M,M,M,M,M,M,M,,M,M,M,M,M,M,45.15,FABL 151900Z AUTO 16003KT 9999 // ///////// 08/03 Q1029,M
FABL,2026-08-15 20:00,44.60,35.60,70.47,200.00,3.00,0.00,30.39,M,6.21,M,M,M,M,M,M,M,M,M,,M,M,M,M,M,M,43.09,FABL 152000Z AUTO 20003KT 180V240 9999 // ///////// 07/02 Q1029,M
FABL,2026-08-15 21:00,44.60,35.60,70.47,80.00,2.00,0.00,30.39,M,6.21,M,M,M,M,M,M,M,M,M,,M,M,M,M,M,M,44.60,FABL 152100Z AUTO 08002KT 9999 // ///////// 07/02 Q1029,M
FABL,2026-08-15 22:00,42.80,35.60,75.49,330.00,4.00,0.00,30.39,M,6.21,M,M,M,M,M,M,M,M,M,,M,M,M,M,M,M,40.03,FABL 152200Z AUTO 33004KT 9999 // ///////// 06/02 Q1029,M
FABL,2026-08-15 23:00,41.00,35.60,80.92,150.00,3.00,0.00,30.36,M,6.21,M,M,M,M,M,M,M,M,M,,M,M,M,M,M,M,38.98,FABL 152300Z AUTO 15003KT 9999 // ///////// 05/02 Q1028,M
FABL,2026-08-16 00:00,37.40,33.80,86.69,170.00,2.00,0.00,30.36,M,6.21,M,M,M,M,M,M,M,M,M,,M,M,M,M,M,M,37.40,FABL 160000Z AUTO 17002KT 9999 // ///////// 03/01 Q1028,M
FABL,2026-08-16 01:00,37.40,33.80,86.69,210.00,3.00,0.00,30.36,M,6.21,M,M,M,M,M,M,M,M,M,,M,M,M,M,M,M,34.86,FABL 160100Z AUTO 21003KT 9999 // ///////// 03/01 Q1028,M
FABL,2026-08-16 02:00,37.40,33.80,86.69,190.00,2.00,0.00,30.36,M,6.21,M,M,M,M,M,M,M,M,M,,M,M,M,M,M,M,37.40,FABL 160200Z AUTO 19002KT 9999 // ///////// 03/01 Q1028,M
FABL,2026-08-16 03:00,35.60,33.80,93.08,0.00,0.00,0.00,30.36,M,4.97,M,NSC,M,M,M,M,M,M,M,M,M,M,M,M,M,M,35.60,FABL 160300Z 00000KT 8000 NSC 02/01 Q1028 NOSIG,M
FABL,2026-08-16 04:00,33.80,32.00,93.02,30.00,3.00,0.00,30.39,M,4.97,M,NSC,M,M,M,M,M,M,M,M,M,M,M,M,M,M,30.75,FABL 160400Z 03003KT 360V070 8000 NSC 01/M00 Q1029 NOSIG,M
FABL,2026-08-16 05:00,33.80,30.20,86.48,M,1.00,0.00,30.39,M,6.21,M,M,M,M,M,M,M,M,M,M,M,M,M,M,M,M,33.80,FABL 160500Z VRB01KT CAVOK 01/M01 Q1029 NOSIG,M
FABL,2026-08-16 06:00,42.80,37.40,81.06,200.00,3.00,0.00,30.42,M,6.21,M,M,M,M,M,M,M,M,M,M,M,M,M,M,M,M,41.03,FABL 160600Z 20003KT 160V230 CAVOK 06/03 Q1030 NOSIG,M
FABL,2026-08-16 07:00,48.20,37.40,66.04,M,2.00,0.00,30.42,M,6.21,M,M,M,M,M,M,M,M,M,M,M,M,M,M,M,M,48.20,FABL 160700Z VRB02KT CAVOK 09/03 Q1030 NOSIG,M
FABL,2026-08-16 08:00,59.00,41.00,51.18,60.00,4.00,0.00,30.42,M,6.21,M,M,M,M,M,M,M,M,M,M,M,M,M,M,M,M,59.00,FABL 160800Z 06004KT 010V120 CAVOK 15/05 Q1030 NOSIG,M
FABL,2026-08-16 09:00,64.40,35.60,34.23,M,2.00,0.00,30.42,M,6.21,M,M,M,M,M,M,M,M,M,M,M,M,M,M,M,M,64.40,FABL 160900Z VRB02KT CAVOK 18/02 Q1030 NOSIG,M
FABL,2026-08-16 10:00,68.00,33.80,28.12,M,4.00,0.00,30.39,M,6.21,M,M,M,M,M,M,M,M,M,M,M,M,M,M,M,M,68.00,FABL 161000Z VRB04KT CAVOK 20/01 Q1029 NOSIG,M
FABL,2026-08-16 11:00,68.00,33.80,28.12,30.00,4.00,0.00,30.36,M,6.21,M,M,M,M,M,M,M,M,M,M,M,M,M,M,M,M,68.00,FABL 161100Z 03004KT 340V100 CAVOK 20/01 Q1028 NOSIG,M
FABL,2026-08-16 12:00,69.80,33.80,26.44,110.00,4.00,0.00,30.33,M,6.21,M,M,M,M,M,M,M,M,M,M,M,M,M,M,M,M,69.80,FABL 161200Z 11004KT 060V160 CAVOK 21/01 Q1027 NOSIG,M
FABL,2026-08-16 14:00,71.60,32.00,23.14,M,3.00,0.00,30.30,M,6.21,M,M,M,M,M,M,M,M,M,M,M,M,M,M,M,M,71.60,FABL 161400Z VRB03KT CAVOK 22/00 Q1026 NOSIG,M
FABL,2026-08-16 15:00,69.80,33.80,26.44,180.00,3.00,0.00,30.30,M,6.21,M,M,M,M,M,M,M,M,M,M,M,M,M,M,M,M,69.80,FABL 161500Z 18003KT 130V220 CAVOK 21/01 Q1026 NOSIG,M
FABL,2026-08-16 16:00,64.40,32.00,29.63,350.00,3.00,0.00,30.30,M,6.21,M,M,M,M,M,M,M,M,M,M,M,M,M,M,M,M,64.40,FABL 161600Z 35003KT CAVOK 18/00 Q1026 NOSIG,M
FABL,2026-08-16 17:00,59.00,35.60,41.42,260.00,4.00,0.00,30.33,M,6.21,M,M,M,M,M,M,M,M,M,M,M,M,M,M,M,M,59.00,FABL 161700Z 26004KT 200V280 CAVOK 15/02 Q1027 NOSIG,M
FABL,2026-08-16 18:00,51.80,35.60,53.80,280.00,3.00,0.00,30.33,M,6.21,M,M,M,M,M,M,M,M,M,M,M,M,M,M,M,M,51.80,FABL 161800Z 28003KT CAVOK 11/02 Q1027 NOSIG,M
FABL,2026-08-16 19:00,48.20,37.40,66.04,200.00,1.00,0.00,30.36,M,6.21,M,M,M,M,M,M,M,M,M,,M,M,M,M,M,M,48.20,FABL 161900Z AUTO 20001KT 9999 // ///////// 09/03 Q1028,M
FABL,2026-08-16 20:00,46.40,35.60,65.82,210.00,3.00,0.00,30.36,M,6.21,M,M,M,M,M,M,M,M,M,,M,M,M,M,M,M,45.15,FABL 162000Z AUTO 21003KT 9999 // ///////// 08/02 Q1028,M
FABL,2026-08-16 21:00,44.60,35.60,70.47,M,1.00,0.00,30.36,M,6.21,M,M,M,M,M,M,M,M,M,,M,M,M,M,M,M,44.60,FABL 162100Z AUTO VRB01KT 9999 // ///////// 07/02 Q1028,M
FABL,2026-08-16 22:00,42.80,35.60,75.49,200.00,2.00,0.00,30.36,M,6.21,M,M,M,M,M,M,M,M,M,,M,M,M,M,M,M,42.80,FABL 162200Z AUTO 20002KT 9999 // ///////// 06/02 Q1028,M
FABL,2026-08-16 23:00,39.20,35.60,86.79,210.00,2.00,0.00,30.39,M,6.21,M,M,M,M,M,M,M,M,M,,M,M,M,M,M,M,39.20,FABL 162300Z AUTO 21002KT 9999 // ///////// 04/02 Q1029,M
FABL,2026-08-17 00:00,39.20,33.80,80.78,230.00,2.00,0.00,30.36,M,6.21,M,M,M,M,M,M,M,M,M,,M,M,M,M,M,M,39.20,FABL 170000Z AUTO 23002KT 9999 // ///////// 04/01 Q1028,M
FABL,2026-08-17 01:00,37.40,33.80,86.69,240.00,2.00,0.00,30.36,M,6.21,M,M,M,M,M,M,M,M,M,,M,M,M,M,M,M,37.40,FABL 170100Z AUTO 24002KT 9999 // ///////// 03/01 Q1028,M
FABL,2026-08-17 02:00,37.40,32.00,80.64,0.00,0.00,0.00,30.36,M,6.21,M,M,M,M,M,M,M,M,M,,M,M,M,M,M,M,37.40,FABL 170200Z AUTO 00000KT 9999 // ///////// 03/00 Q1028,M
FABL,2026-08-17 03:00,35.60,32.00,86.58,0.00,0.00,0.00,30.33,M,6.21,M,M,M,M,M,M,M,M,M,M,M,M,M,M,M,M,35.60,FABL 170300Z 00000KT CAVOK 02/00 Q1027 NOSIG,M
FABL,2026-08-17 04:00,35.60,32.00,86.58,0.00,0.00,0.00,30.36,M,6.21,M,M,M,M,M,M,M,M,M,M,M,M,M,M,M,M,35.60,FABL 170400Z 00000KT CAVOK 02/00 Q1028 NOSIG,M
FABL,2026-08-17 05:00,35.60,32.00,86.58,0.00,0.00,0.00,30.36,M,6.21,M,M,M,M,M,M,M,M,M,M,M,M,M,M,M,M,35.60,FABL 170500Z 00000KT CAVOK 02/00 Q1028 NOSIG,M
FABL,2026-08-17 06:00,46.40,39.20,75.84,0.00,0.00,0.00,30.36,M,6.21,M,M,M,M,M,M,M,M,M,M,M,M,M,M,M,M,46.40,FABL 170600Z 00000KT CAVOK 08/04 Q1028 NOSIG,M
FABL,2026-08-17 07:00,53.60,39.20,58.02,M,2.00,0.00,30.39,M,6.21,M,M,M,M,M,M,M,M,M,M,M,M,M,M,M,M,53.60,FABL 170700Z VRB02KT CAVOK 12/04 Q1029 NOSIG,M
FABL,2026-08-17 08:00,60.80,37.40,41.71,M,1.00,0.00,30.39,M,6.21,M,M,M,M,M,M,M,M,M,M,M,M,M,M,M,M,60.80,FABL 170800Z VRB01KT CAVOK 16/03 Q1029 NOSIG,M
FABL,2026-08-17 09:00,68.00,35.60,30.21,20.00,3.00,0.00,30.39,M,6.21,M,M,M,M,M,M,M,M,M,M,M,M,M,M,M,M,68.00,FABL 170900Z 02003KT 320V080 CAVOK 20/02 Q1029 NOSIG,M
FABL,2026-08-17 10:00,71.60,35.60,26.72,M,3.00,0.00,30.36,M,6.21,M,M,M,M,M,M,M,M,M,M,M,M,M,M,M,M,71.60,FABL 171000Z VRB03KT CAVOK 22/02 Q1028 NOSIG,M
FABL,2026-08-17 11:00,73.40,33.80,23.41,M,3.00,0.00,30.33,M,6.21,M,M,M,M,M,M,M,M,M,M,M,M,M,M,M,M,73.40,FABL 171100Z VRB03KT CAVOK 23/01 Q1027 NOSIG,M
FABL,2026-08-17 12:00,75.20,33.80,22.04,M,3.00,0.00,30.30,M,6.21,M,M,M,M,M,M,M,M,M,M,M,M,M,M,M,M,75.20,FABL 171200Z VRB03KT CAVOK 24/01 Q1026 NOSIG,M
FABL,2026-08-17 13:00,77.00,35.60,22.31,260.00,4.00,0.00,30.30,M,6.21,M,M,M,M,M,M,M,M,M,M,M,M,M,M,M,M,77.00,FABL 171300Z 26004KT 190V300 CAVOK 25/02 Q1026 NOSIG,M
FABL,2026-08-17 14:00,77.00,33.80,20.76,M,2.00,0.00,30.30,M,6.21,M,M,M,M,M,M,M,M,M,M,M,M,M,M,M,M,77.00,FABL 171400Z VRB02KT CAVOK 25/01 Q1026 NOSIG,M
FABL,2026-08-17 15:00,75.20,35.60,23.68,250.00,3.00,0.00,30.30,M,6.21,M,M,M,M,M,M,M,M,M,M,M,M,M,M,M,M,75.20,FABL 171500Z 25003KT 220V290 CAVOK 24/02 Q1026 NOSIG,M
FABL,2026-08-17 16:00,69.80,33.80,26.44,M,1.00,0.00,30.30,M,6.21,M,M,M,M,M,M,M,M,M,M,M,M,M,M,M,M,69.80,FABL 171600Z VRB01KT CAVOK 21/01 Q1026 NOSIG,M
FABL,2026-08-17 17:00,62.60,33.80,33.93,300.00,4.00,0.00,30.33,M,6.21,M,M,M,M,M,M,M,M,M,M,M,M,M,M,M,M,62.60,FABL 171700Z 30004KT CAVOK 17/01 Q1027 NOSIG,M
FABL,2026-08-17 18:00,53.60,37.40,54.07,260.00,3.00,0.00,30.33,M,6.21,M,M,M,M,M,M,M,M,M,M,M,M,M,M,M,M,53.60,FABL 171800Z 26003KT CAVOK 12/03 Q1027 NOSIG,M
FABL,2026-08-17 19:00,51.80,37.40,57.76,0.00,0.00,0.00,30.36,M,6.21,M,M,M,M,M,M,M,M,M,,M,M,M,M,M,M,51.80,FABL 171900Z AUTO 00000KT 9999 // ///////// 11/03 Q1028,M
FABL,2026-08-17 20:00,48.20,37.40,66.04,170.00,2.00,0.00,30.36,M,6.21,M,M,M,M,M,M,M,M,M,,M,M,M,M,M,M,48.20,FABL 172000Z AUTO 17002KT 9999 // ///////// 09/03 Q1028,M
FABL,2026-08-17 21:00,46.40,37.40,70.67,M,2.00,0.00,30.36,M,6.21,M,M,M,M,M,M,M,M,M,,M,M,M,M,M,M,46.40,FABL 172100Z AUTO VRB02KT 9999 // ///////// 08/03 Q1028,M
FABL,2026-08-17 22:00,44.60,37.40,75.67,160.00,2.00,0.00,30.36,M,6.21,M,M,M,M,M,M,M,M,M,,M,M,M,M,M,M,44.60,FABL 172200Z AUTO 16002KT 9999 // ///////// 07/03 Q1028,M
FABL,2026-08-17 23:00,41.00,35.60,80.92,230.00,4.00,0.00,30.36,M,6.21,M,M,M,M,M,M,M,M,M,,M,M,M,M,M,M,37.93,FABL 172300Z AUTO 23004KT 9999 // ///////// 05/02 Q1028,M
FABL,2026-08-18 00:00,39.20,35.60,86.79,290.00,2.00,0.00,30.36,M,6.21,M,M,M,M,M,M,M,M,M,,M,M,M,M,M,M,39.20,FABL 180000Z AUTO 29002KT 9999 // ///////// 04/02 Q1028,M
FABL,2026-08-18 01:00,39.20,35.60,86.79,230.00,1.00,0.00,30.33,M,6.21,M,M,M,M,M,M,M,M,M,,M,M,M,M,M,M,39.20,FABL 180100Z AUTO 23001KT 9999 // ///////// 04/02 Q1027,M
FABL,2026-08-18 02:00,39.20,33.80,80.78,260.00,2.00,0.00,30.36,M,6.21,M,M,M,M,M,M,M,M,M,,M,M,M,M,M,M,39.20,FABL 180200Z AUTO 26002KT 9999 // ///////// 04/01 Q1028,M
FABL,2026-08-18 03:00,39.20,35.60,86.79,170.00,3.00,0.00,30.36,M,6.21,M,M,M,M,M,M,M,M,M,M,M,M,M,M,M,M,36.92,FABL 180300Z 17003KT CAVOK 04/02 Q1028 NOSIG,M
FABL,2026-08-18 04:00,37.40,33.80,86.69,230.00,1.00,0.00,30.36,M,6.21,M,M,M,M,M,M,M,M,M,M,M,M,M,M,M,M,37.40,FABL 180400Z 23001KT CAVOK 03/01 Q1028 NOSIG,M
FABL,2026-08-18 05:00,37.40,33.80,86.69,0.00,0.00,0.00,30.39,M,6.21,M,M,M,M,M,M,M,M,M,M,M,M,M,M,M,M,37.40,FABL 180500Z 00000KT CAVOK 03/01 Q1029 NOSIG,M
FABL,2026-08-18 06:00,44.60,39.20,81.20,M,1.00,0.00,30.39,M,6.21,M,M,M,M,M,M,M,M,M,M,M,M,M,M,M,M,44.60,FABL 180600Z VRB01KT CAVOK 07/04 Q1029 NOSIG,M
FABL,2026-08-18 07:00,55.40,39.20,54.33,0.00,0.00,0.00,30.42,M,6.21,M,M,M,M,M,M,M,M,M,M,M,M,M,M,M,M,55.40,FABL 180700Z 00000KT CAVOK 13/04 Q1030 NOSIG,M
FABL,2026-08-18 08:00,62.60,37.40,39.14,M,2.00,0.00,30.42,M,6.21,M,M,M,M,M,M,M,M,M,M,M,M,M,M,M,M,62.60,FABL 180800Z VRB02KT CAVOK 17/03 Q1030 NOSIG,M
FABL,2026-08-18 09:00,69.80,37.40,30.50,M,2.00,0.00,30.42,M,6.21,M,M,M,M,M,M,M,M,M,M,M,M,M,M,M,M,69.80,FABL 180900Z VRB02KT CAVOK 21/03 Q1030 NOSIG,M
FABL,2026-08-18 10:00,77.00,32.00,19.31,M,3.00,0.00,30.39,M,6.21,M,M,M,M,M,M,M,M,M,M,M,M,M,M,M,M,77.00,FABL 181000Z VRB03KT CAVOK 25/00 Q1029 NOSIG,M
FABL,2026-08-18 11:00,77.00,33.80,20.76,100.00,4.00,0.00,30.36,M,6.21,M,M,M,M,M,M,M,M,M,M,M,M,M,M,M,M,77.00,FABL 181100Z 10004KT 040V170 CAVOK 25/01 Q1028 NOSIG,M
FABL,2026-08-18 12:00,78.80,32.00,18.20,M,3.00,0.00,30.33,M,6.21,M,M,M,M,M,M,M,M,M,M,M,M,M,M,M,M,78.80,FABL 181200Z VRB03KT CAVOK 26/00 Q1027 NOSIG,M
FABL,2026-08-18 13:00,78.80,32.00,18.20,190.00,6.00,0.00,30.30,M,6.21,M,M,M,M,M,M,M,M,M,M,M,M,M,M,M,M,78.80,FABL 181300Z 19006KT 150V240 CAVOK 26/M00 Q1026 NOSIG,M
FABL,2026-08-18 14:00,78.80,30.20,16.92,210.00,6.00,0.00,30.30,M,6.21,M,M,M,M,M,M,M,M,M,M,M,M,M,M,M,M,78.80,FABL 181400Z 21006KT 170V240 CAVOK 26/M01 Q1026 NOSIG,M
FABL,2026-08-18 15:00,78.80,30.20,16.92,250.00,4.00,0.00,30.33,M,6.21,M,M,M,M,M,M,M,M,M,M,M,M,M,M,M,M,78.80,FABL 181500Z 25004KT 200V280 CAVOK 26/M01 Q1027 NOSIG,M
FABL,2026-08-18 16:00,69.80,32.00,24.60,290.00,3.00,0.00,30.33,M,6.21,M,M,M,M,M,M,M,M,M,M,M,M,M,M,M,M,69.80,FABL 181600Z 29003KT CAVOK 21/00 Q1027 NOSIG,M
FABL,2026-08-18 17:00,62.60,33.80,33.93,260.00,3.00,0.00,30.33,M,6.21,M,M,M,M,M,M,M,M,M,M,M,M,M,M,M,M,62.60,FABL 181700Z 26003KT 210V270 CAVOK 17/01 Q1027 NOSIG,M
FABL,2026-08-18 18:00,55.40,35.60,47.15,M,2.00,0.00,30.36,M,6.21,M,M,M,M,M,M,M,M,M,M,M,M,M,M,M,M,55.40,FABL 181800Z VRB02KT CAVOK 13/02 Q1028 NOSIG,M
FABL,2026-08-18 19:00,51.80,37.40,57.76,180.00,1.00,0.00,30.36,M,6.21,M,M,M,M,M,M,M,M,M,,M,M,M,M,M,M,51.80,FABL 181900Z AUTO 18001KT 9999 // ///////// 11/03 Q1028,M
FABL,2026-08-18 20:00,48.20,37.40,66.04,180.00,1.00,0.00,30.36,M,6.21,M,M,M,M,M,M,M,M,M,,M,M,M,M,M,M,48.20,FABL 182000Z AUTO 18001KT 9999 // ///////// 09/03 Q1028,M
FABL,2026-08-18 21:00,48.20,37.40,66.04,180.00,2.00,0.00,30.36,M,6.21,M,M,M,M,M,M,M,M,M,,M,M,M,M,M,M,48.20,FABL 182100Z AUTO 18002KT 9999 // ///////// 09/03 Q1028,M
FABL,2026-08-18 22:00,44.60,35.60,70.47,M,2.00,0.00,30.36,M,6.21,M,M,M,M,M,M,M,M,M,,M,M,M,M,M,M,44.60,FABL 182200Z AUTO VRB02KT 9999 // ///////// 07/02 Q1028,M
FABL,2026-08-18 23:00,42.80,35.60,75.49,210.00,2.00,0.00,30.36,M,6.21,M,M,M,M,M,M,M,M,M,,M,M,M,M,M,M,42.80,FABL 182300Z AUTO 21002KT 9999 // ///////// 06/02 Q1028,M
FABL,2026-08-19 00:00,41.00,35.60,80.92,0.00,0.00,0.00,30.36,M,6.21,M,M,M,M,M,M,M,M,M,,M,M,M,M,M,M,41.00,FABL 190000Z AUTO 00000KT 9999 // ///////// 05/02 Q1028,M
FABL,2026-08-19 01:00,41.00,35.60,80.92,0.00,0.00,0.00,30.33,M,6.21,M,M,M,M,M,M,M,M,M,,M,M,M,M,M,M,41.00,FABL 190100Z AUTO 00000KT 9999 // ///////// 05/02 Q1027,M
FABL,2026-08-19 02:00,39.20,35.60,86.79,160.00,2.00,0.00,30.33,M,6.21,M,M,M,M,M,M,M,M,M,,M,M,M,M,M,M,39.20,FABL 190200Z AUTO 16002KT 9999 // ///////// 04/02 Q1027,M
FABL,2026-08-19 03:00,39.20,33.80,80.78,200.00,1.00,0.00,30.33,M,6.21,M,M,M,M,M,M,M,M,M,M,M,M,M,M,M,M,39.20,FABL 190300Z 20001KT CAVOK 04/01 Q1027 NOSIG,M
FABL,2026-08-19 04:00,37.40,33.80,86.69,M,2.00,0.00,30.36,M,6.21,M,M,M,M,M,M,M,M,M,M,M,M,M,M,M,M,37.40,FABL 190400Z VRB02KT CAVOK 03/01 Q1028 NOSIG,M
FABL,2026-08-19 05:00,37.40,33.80,86.69,280.00,2.00,0.00,30.36,M,6.21,M,M,M,M,M,M,M,M,M,M,M,M,M,M,M,M,37.40,FABL 190500Z 28002KT CAVOK 03/01 Q1028 NOSIG,M
FABL,2026-08-19 06:00,48.20,39.20,70.87,M,1.00,0.00,30.39,M,6.21,M,M,M,M,M,M,M,M,M,M,M,M,M,M,M,M,48.20,FABL 190600Z VRB01KT CAVOK 09/04 Q1029 NOSIG,M
FABL,2026-08-19 07:00,57.20,37.40,47.44,M,1.00,0.00,30.39,M,6.21,M,M,M,M,M,M,M,M,M,M,M,M,M,M,M,M,57.20,FABL 190700Z VRB01KT CAVOK 14/03 Q1029 NOSIG,M
FABL,2026-08-19 08:00,64.40,39.20,39.44,20.00,4.00,0.00,30.39,M,6.21,M,M,M,M,M,M,M,M,M,M,M,M,M,M,M,M,64.40,FABL 190800Z 02004KT 340V080 CAVOK 18/04 Q1029 NOSIG,M
FABL,2026-08-19 09:00,71.60,37.40,28.69,350.00,5.00,0.00,30.39,M,6.21,M,M,M,M,M,M,M,M,M,M,M,M,M,M,M,M,71.60,FABL 190900Z 35005KT 300V070 CAVOK 22/03 Q1029 NOSIG,M
FABL,2026-08-19 10:00,75.20,35.60,23.68,310.00,10.00,0.00,30.36,M,6.21,M,M,M,M,M,M,M,M,M,M,M,M,M,M,M,M,75.20,FABL 191000Z 31010KT CAVOK 24/02 Q1028 NOSIG,M
FABL,2026-08-19 11:00,78.80,35.60,21.02,320.00,12.00,0.00,30.33,M,6.21,M,M,M,M,M,M,M,M,M,M,M,M,M,M,M,M,78.80,FABL 191100Z 32012KT CAVOK 26/02 Q1027 NOSIG,M
FABL,2026-08-19 12:00,78.80,32.00,18.20,310.00,14.00,0.00,30.30,M,6.21,M,M,M,M,M,M,M,M,M,M,M,M,M,M,M,M,78.80,FABL 191200Z 31014KT 280V350 CAVOK 26/M00 Q1026 NOSIG,M
FABL,2026-08-19 13:00,80.60,28.40,14.82,290.00,14.00,0.00,30.30,M,6.21,M,M,M,M,M,M,M,M,M,M,M,M,M,M,M,M,78.72,FABL 191300Z 29014KT 260V320 CAVOK 27/M02 Q1026 NOSIG,M
FABL,2026-08-19 14:00,80.60,26.60,13.76,310.00,13.00,0.00,30.30,M,6.21,M,M,M,M,M,M,M,M,M,M,M,M,M,M,M,M,78.68,FABL 191400Z 31013KT CAVOK 27/M03 Q1026 NOSIG,M
FABL,2026-08-19 15:00,78.80,28.40,15.72,310.00,9.00,0.00,30.30,M,6.21,M,M,M,M,M,M,M,M,M,M,M,M,M,M,M,M,78.80,FABL 191500Z 31009KT CAVOK 26/M02 Q1026 NOSIG,M
FABL,2026-08-19 16:00,75.20,28.40,17.71,310.00,4.00,0.00,30.30,M,6.21,M,M,M,M,M,M,M,M,M,M,M,M,M,M,M,M,75.20,FABL 191600Z 31004KT CAVOK 24/M02 Q1026 NOSIG,M
FABL,2026-08-19 18:00,57.20,35.60,44.18,160.00,3.00,0.00,30.30,M,6.21,M,M,M,M,M,M,M,M,M,M,M,M,M,M,M,M,57.20,FABL 191800Z 16003KT CAVOK 14/02 Q1026 NOSIG,M
FABL,2026-08-19 19:00,53.60,35.60,50.35,M,2.00,0.00,30.30,M,6.21,M,M,M,M,M,M,M,M,M,,M,M,M,M,M,M,53.60,FABL 191900Z AUTO VRB02KT 9999 // ///////// 12/02 Q1026,M
FABL,2026-08-19 20:00,50.00,35.60,57.51,M,1.00,0.00,30.33,M,6.21,M,M,M,M,M,M,M,M,M,,M,M,M,M,M,M,50.00,FABL 192000Z AUTO VRB01KT 9999 // ///////// 10/02 Q1027,M
FABL,2026-08-19 21:00,48.20,35.60,61.50,0.00,0.00,0.00,30.33,M,6.21,M,M,M,M,M,M,M,M,M,,M,M,M,M,M,M,48.20,FABL 192100Z AUTO 00000KT 9999 // ///////// 09/02 Q1027,M
FABL,2026-08-19 22:00,46.40,35.60,65.82,M,2.00,0.00,30.33,M,6.21,M,M,M,M,M,M,M,M,M,,M,M,M,M,M,M,46.40,FABL 192200Z AUTO VRB02KT 9999 // ///////// 08/02 Q1027,M
FABL,2026-08-19 23:00,42.80,35.60,75.49,M,2.00,0.00,30.33,M,6.21,M,M,M,M,M,M,M,M,M,,M,M,M,M,M,M,42.80,FABL 192300Z AUTO VRB02KT 9999 // ///////// 06/02 Q1027,M
FABL,2026-08-20 00:00,42.80,35.60,75.49,0.00,0.00,0.00,30.30,M,6.21,M,M,M,M,M,M,M,M,M,,M,M,M,M,M,M,42.80,FABL 200000Z AUTO 00000KT 9999 // ///////// 06/02 Q1026,M
FABL,2026-08-20 01:00,41.00,33.80,75.32,0.00,0.00,0.00,30.30,M,6.21,M,M,M,M,M,M,M,M,M,,M,M,M,M,M,M,41.00,FABL 200100Z AUTO 00000KT 9999 // ///////// 05/01 Q1026,M
FABL,2026-08-20 02:00,41.00,35.60,80.92,170.00,2.00,0.00,30.30,M,6.21,M,M,M,M,M,M,M,M,M,,M,M,M,M,M,M,41.00,FABL 200200Z AUTO 17002KT 9999 // ///////// 05/02 Q1026,M
FABL,2026-08-20 03:00,39.20,32.00,75.14,360.00,3.00,0.00,30.30,M,6.21,M,M,M,M,M,M,M,M,M,M,M,M,M,M,M,M,36.92,FABL 200300Z 36003KT CAVOK 04/M00 Q1026 NOSIG,M
FABL,2026-08-20 04:00,37.40,32.00,80.64,170.00,2.00,0.00,30.33,M,6.21,M,M,M,M,M,M,M,M,M,M,M,M,M,M,M,M,37.40,FABL 200400Z 17002KT CAVOK 03/00 Q1027 NOSIG,M
FABL,2026-08-20 05:00,37.40,32.00,80.64,340.00,2.00,0.00,30.33,M,6.21,M,M,M,M,M,M,M,M,M,M,M,M,M,M,M,M,37.40,FABL 200500Z 34002KT CAVOK 03/00 Q1027 NOSIG,M
FABL,2026-08-20 06:00,46.40,37.40,70.67,M,2.00,0.00,30.36,M,6.21,M,M,M,M,M,M,M,M,M,M,M,M,M,M,M,M,46.40,FABL 200600Z VRB02KT CAVOK 08/03 Q1028 NOSIG,M
FABL,2026-08-20 07:00,55.40,39.20,54.33,0.00,0.00,0.00,30.36,M,6.21,M,M,M,M,M,M,M,M,M,M,M,M,M,M,M,M,55.40,FABL 200700Z 00000KT CAVOK 13/04 Q1028 NOSIG,M
FABL,2026-08-20 08:00,68.00,37.40,32.44,310.00,8.00,0.00,30.36,M,6.21,M,M,M,M,M,M,M,M,M,M,M,M,M,M,M,M,68.00,FABL 200800Z 31008KT 270V340 CAVOK 20/03 Q1028 NOSIG,M
FABL,2026-08-20 09:00,73.40,37.40,27.00,330.00,8.00,0.00,30.36,M,6.21,M,M,M,M,M,M,M,M,M,M,M,M,M,M,M,M,73.40,FABL 200900Z 33008KT CAVOK 23/03 Q1028 NOSIG,M
FABL,2026-08-20 10:00,77.00,35.60,22.31,310.00,8.00,0.00,30.33,M,6.21,M,M,M,M,M,M,M,M,M,M,M,M,M,M,M,M,77.00,FABL 201000Z 31008KT 280V350 CAVOK 25/02 Q1027 NOSIG,M
FABL,2026-08-20 11:00,78.80,33.80,19.57,320.00,8.00,0.00,30.30,M,6.21,M,M,M,M,M,M,M,M,M,M,M,M,M,M,M,M,78.80,FABL 201100Z 32008KT CAVOK 26/01 Q1026 NOSIG,M
FABL,2026-08-20 12:00,80.60,32.00,17.16,310.00,11.00,0.00,30.27,M,6.21,M,M,M,M,M,M,M,M,M,M,M,M,M,M,M,M,78.82,FABL 201200Z 31011KT CAVOK 27/M00 Q1025 NOSIG,M
FABL,2026-08-20 13:00,80.60,30.20,15.95,310.00,10.00,0.00,30.27,M,6.21,M,M,M,M,M,M,M,M,M,M,M,M,M,M,M,M,78.77,FABL 201300Z 31010KT CAVOK 27/M01 Q1025 NOSIG,M
FABL,2026-08-20 14:00,80.60,30.20,15.95,300.00,9.00,0.00,30.27,M,6.21,M,M,M,M,M,M,M,M,M,M,M,M,M,M,M,M,78.77,FABL 201400Z 30009KT 270V330 CAVOK 27/M01 Q1025 NOSIG,M
FABL,2026-08-20 15:00,78.80,30.20,16.92,310.00,8.00,0.00,30.27,M,6.21,M,M,M,M,M,M,M,M,M,M,M,M,M,M,M,M,78.80,FABL 201500Z 31008KT CAVOK 26/M01 Q1025 NOSIG,M
FABL,2026-08-20 17:00,62.60,33.80,33.93,M,1.00,0.00,30.30,M,6.21,M,M,M,M,M,M,M,M,M,M,M,M,M,M,M,M,62.60,FABL 201700Z VRB01KT CAVOK 17/01 Q1026 NOSIG,M
FABL,2026-08-20 18:00,57.20,35.60,44.18,210.00,3.00,0.00,30.30,M,6.21,M,M,M,M,M,M,M,M,M,M,M,M,M,M,M,M,57.20,FABL 201800Z 21003KT CAVOK 14/02 Q1026 NOSIG,M
FABL,2026-08-20 19:00,55.40,37.40,50.63,M,1.00,0.00,30.30,M,6.21,M,M,M,M,M,M,M,M,M,,M,M,M,M,M,M,55.40,FABL 201900Z AUTO VRB01KT 9999 // ///////// 13/03 Q1026,M
FABL,2026-08-20 20:00,53.60,37.40,54.07,0.00,0.00,0.00,30.30,M,6.21,M,M,M,M,M,M,M,M,M,,M,M,M,M,M,M,53.60,FABL 202000Z AUTO 00000KT 9999 // ///////// 12/03 Q1026,M
FABL,2026-08-20 21:00,51.80,37.40,57.76,M,1.00,0.00,30.30,M,6.21,M,M,M,M,M,M,M,M,M,,M,M,M,M,M,M,51.80,FABL 202100Z AUTO VRB01KT 9999 // ///////// 11/03 Q1026,M
FABL,2026-08-20 22:00,48.20,39.20,70.87,M,1.00,0.00,30.30,M,6.21,M,M,M,M,M,M,M,M,M,,M,M,M,M,M,M,48.20,FABL 202200Z AUTO VRB01KT 9999 // ///////// 09/04 Q1026,M
FABL,2026-08-20 23:00,48.20,37.40,66.04,130.00,2.00,0.00,30.30,M,6.21,M,M,M,M,M,M,M,M,M,,M,M,M,M,M,M,48.20,FABL 202300Z AUTO 13002KT 9999 // ///////// 09/03 Q1026,M
FABL,2026-08-21 00:00,48.20,37.40,66.04,120.00,2.00,0.00,30.30,M,6.21,M,M,M,M,M,M,M,M,M,,M,M,M,M,M,M,48.20,FABL 210000Z AUTO 12002KT 9999 // ///////// 09/03 Q1026,M
FABL,2026-08-21 01:00,44.60,37.40,75.67,160.00,3.00,0.00,30.27,M,6.21,M,M,M,M,M,M,M,M,M,,M,M,M,M,M,M,43.09,FABL 210100Z AUTO 16003KT 9999 // ///////// 07/03 Q1025,M
FABL,2026-08-21 02:00,46.40,37.40,70.67,M,1.00,0.00,30.27,M,6.21,M,M,M,M,M,M,M,M,M,,M,M,M,M,M,M,46.40,FABL 210200Z AUTO VRB01KT 9999 // ///////// 08/03 Q1025,M
FABL,2026-08-21 03:00,42.80,35.60,75.49,M,2.00,0.00,30.27,M,6.21,M,M,M,M,M,M,M,M,M,,M,M,M,M,M,M,42.80,FABL 210300Z AUTO VRB02KT 9999 // ///////// 06/02 Q1025,M
FABL,2026-08-21 04:00,41.00,35.60,80.92,M,1.00,0.00,30.30,M,6.21,M,M,M,M,M,M,M,M,M,M,M,M,M,M,M,M,41.00,FABL 210400Z VRB01KT CAVOK 05/02 Q1026 NOSIG,M
FABL,2026-08-21 05:00,41.00,33.80,75.32,0.00,0.00,0.00,30.30,M,6.21,M,M,M,M,M,M,M,M,M,M,M,M,M,M,M,M,41.00,FABL 210500Z 00000KT CAVOK 05/01 Q1026 NOSIG,M
FABL,2026-08-21 06:00,48.20,39.20,70.87,M,1.00,0.00,30.33,M,6.21,M,M,M,M,M,M,M,M,M,M,M,M,M,M,M,M,48.20,FABL 210600Z VRB01KT CAVOK 09/04 Q1027 NOSIG,M
FABL,2026-08-21 07:00,55.40,37.40,50.63,M,2.00,0.00,30.36,M,6.21,M,M,M,M,M,M,M,M,M,M,M,M,M,M,M,M,55.40,FABL 210700Z VRB02KT CAVOK 13/03 Q1028 NOSIG,M
FABL,2026-08-21 08:00,62.60,35.60,36.45,M,2.00,0.00,30.36,M,6.21,M,M,M,M,M,M,M,M,M,M,M,M,M,M,M,M,62.60,FABL 210800Z VRB02KT CAVOK 17/02 Q1028 NOSIG,M
FABL,2026-08-21 09:00,69.80,35.60,28.41,M,2.00,0.00,30.33,M,6.21,M,M,M,M,M,M,M,M,M,M,M,M,M,M,M,M,69.80,FABL 210900Z VRB02KT CAVOK 21/02 Q1027 NOSIG,M
FABL,2026-08-21 10:00,77.00,24.80,14.37,M,7.00,0.00,30.33,M,6.21,M,M,M,M,M,M,M,M,M,M,M,M,M,M,M,M,77.00,FABL 211000Z VRB07KT CAVOK 25/M04 Q1027 NOSIG,M
FABL,2026-08-21 11:00,80.60,26.60,13.76,290.00,12.00,0.00,30.30,M,6.21,M,M,M,M,M,M,M,M,M,M,M,M,M,M,M,M,78.68,FABL 211100Z 29012KT 250V320 CAVOK 27/M03 Q1026 NOSIG,M
FABL,2026-08-21 12:00,82.40,30.20,15.05,290.00,10.00,0.00,30.27,M,6.21,M,M,M,M,M,M,M,M,M,M,M,M,M,M,M,M,79.97,FABL 211200Z 29010KT 260V330 CAVOK 28/M01 Q1025 NOSIG,M
FABL,2026-08-21 13:00,82.40,28.40,13.98,270.00,10.00,0.00,30.24,M,6.21,M,M,M,M,M,M,M,M,M,M,M,M,M,M,M,M,79.94,FABL 211300Z 27010KT 240V310 CAVOK 28/M02 Q1024 NOSIG,M
FABL,2026-08-21 14:00,82.40,26.60,12.98,260.00,8.00,0.00,30.24,M,6.21,M,M,M,M,M,M,M,M,M,M,M,M,M,M,M,M,79.92,FABL 211400Z 26008KT 220V300 CAVOK 28/M03 Q1024 NOSIG,M
FABL,2026-08-21 15:00,80.60,24.80,12.77,280.00,6.00,0.00,30.24,M,6.21,M,M,M,M,M,M,M,M,M,M,M,M,M,M,M,M,78.94,FABL 211500Z 28006KT CAVOK 27/M04 Q1024 NOSIG,M
FABL,2026-08-21 16:00,73.40,26.60,17.46,310.00,6.00,0.00,30.24,M,6.21,M,M,M,M,M,M,M,M,M,M,M,M,M,M,M,M,73.40,FABL 211600Z 31006KT CAVOK 23/M03 Q1024 NOSIG,M
FABL,2026-08-21 17:00,68.00,26.60,20.98,240.00,4.00,0.00,30.27,M,6.21,M,M,M,M,M,M,M,M,M,M,M,M,M,M,M,M,68.00,FABL 211700Z 24004KT CAVOK 20/M03 Q1025 NOSIG,M
FABL,2026-08-21 18:00,62.60,30.20,29.34,M,1.00,0.00,30.27,M,6.21,M,M,M,M,M,M,M,M,M,M,M,M,M,M,M,M,62.60,FABL 211800Z VRB01KT CAVOK 17/M01 Q1025 NOSIG,M
FABL,2026-08-21 19:00,57.20,30.20,35.56,M,2.00,0.00,30.27,M,6.21,M,M,M,M,M,M,M,M,M,,M,M,M,M,M,M,57.20,FABL 211900Z AUTO VRB02KT 9999 // ///////// 14/M01 Q1025,M
FABL,2026-08-21 20:00,51.80,33.80,50.07,0.00,0.00,0.00,30.30,M,6.21,M,M,M,M,M,M,M,M,M,,M,M,M,M,M,M,51.80,FABL 212000Z AUTO 00000KT 9999 // ///////// 11/01 Q1026,M
FABL,2026-08-21 21:00,50.00,33.80,53.52,M,1.00,0.00,30.27,M,6.21,M,M,M,M,M,M,M,M,M,,M,M,M,M,M,M,50.00,FABL 212100Z AUTO VRB01KT 9999 // ///////// 10/01 Q1025,M
FABL,2026-08-21 22:00,48.20,35.60,61.50,M,2.00,0.00,30.27,M,5.59,M,M,M,M,M,M,M,M,M,,M,M,M,M,M,M,48.20,FABL 212200Z AUTO VRB02KT 9000 // ///////// 09/02 Q1025,M
FABL,2026-08-21 23:00,46.40,35.60,65.82,M,2.00,0.00,30.27,M,6.21,M,M,M,M,M,M,M,M,M,,M,M,M,M,M,M,46.40,FABL 212300Z AUTO VRB02KT 9999 // ///////// 08/02 Q1025,M
FABL,2026-08-22 00:00,46.40,33.80,61.26,20.00,6.00,0.00,30.27,M,6.21,M,M,M,M,M,M,M,M,M,,M,M,M,M,M,M,42.87,FABL 220000Z AUTO 02006KT 9999 // ///////// 08/01 Q1025,M
FABL,2026-08-22 01:00,42.80,33.80,70.27,M,2.00,0.00,30.27,M,6.21,M,M,M,M,M,M,M,M,M,,M,M,M,M,M,M,42.80,FABL 220100Z AUTO VRB02KT 9999 // ///////// 06/01 Q1025,M
FABL,2026-08-22 02:00,42.80,33.80,70.27,M,1.00,0.00,30.24,M,6.21,M,M,M,M,M,M,M,M,M,,M,M,M,M,M,M,42.80,FABL 220200Z AUTO VRB01KT 9999 // ///////// 06/01 Q1024,M
FABL,2026-08-22 03:00,42.80,33.80,70.27,60.00,6.00,0.00,30.27,M,6.21,M,M,M,M,M,M,M,M,M,M,M,M,M,M,M,M,38.54,FABL 220300Z 06006KT CAVOK 06/01 Q1025 NOSIG,M
FABL,2026-08-22 04:00,41.00,32.00,70.06,M,2.00,0.00,30.27,M,6.21,M,M,M,M,M,M,M,M,M,M,M,M,M,M,M,M,41.00,FABL 220400Z VRB02KT CAVOK 05/00 Q1025 NOSIG,M
FABL,2026-08-22 05:00,42.80,33.80,70.27,30.00,3.00,0.00,30.27,M,6.21,M,M,M,M,M,M,M,M,M,M,M,M,M,M,M,M,41.03,FABL 220500Z 03003KT CAVOK 06/01 Q1025 NOSIG,M
FABL,2026-08-22 06:00,50.00,37.40,61.75,M,1.00,0.00,30.30,M,6.21,M,M,M,M,M,M,M,M,M,M,M,M,M,M,M,M,50.00,FABL 220600Z VRB01KT CAVOK 10/03 Q1026 NOSIG,M
FABL,2026-08-22 07:00,64.40,35.60,34.23,330.00,7.00,0.00,30.30,M,6.21,M,M,M,M,M,M,M,M,M,M,M,M,M,M,M,M,64.40,FABL 220700Z 33007KT 280V020 CAVOK 18/02 Q1026 NOSIG,M
FABL,2026-08-22 08:00,69.80,32.00,24.60,260.00,7.00,0.00,30.33,M,6.21,M,M,M,M,M,M,M,M,M,M,M,M,M,M,M,M,69.80,FABL 220800Z 26007KT 220V320 CAVOK 21/00 Q1027 NOSIG,M
FABL,2026-08-22 09:00,73.40,32.00,21.77,300.00,9.00,0.00,30.30,M,6.21,M,M,M,M,M,M,M,M,M,M,M,M,M,M,M,M,73.40,FABL 220900Z 30009KT CAVOK 23/M00 Q1026 NOSIG,M
FABL,2026-08-22 10:00,77.00,30.20,17.96,300.00,14.00,0.00,30.27,M,6.21,M,M,M,M,M,M,M,M,M,M,M,M,M,M,M,M,77.00,FABL 221000Z 30014KT CAVOK 25/M01 Q1025 NOSIG,M
FABL,2026-08-22 11:00,78.80,30.20,16.92,300.00,14.00,0.00,30.24,M,6.21,M,M,M,M,M,M,M,M,M,M,M,M,M,M,M,M,78.80,FABL 221100Z 30014KT 270V340 CAVOK 26/M01 Q1024 NOSIG,M
FABL,2026-08-22 12:00,80.60,28.40,14.82,280.00,15.00,0.00,30.21,M,6.21,M,M,M,M,M,M,M,M,M,M,M,M,M,M,M,M,78.72,FABL 221200Z 28015KT 250V320 CAVOK 27/M02 Q1023 NOSIG,M
FABL,2026-08-22 13:00,82.40,24.80,12.05,270.00,13.00,0.00,30.21,M,6.21,24.00,M,M,M,M,M,M,M,M,M,M,M,M,M,M,M,79.79,FABL 221300Z 27013G24KT CAVOK 28/M04 Q1023 NOSIG,M
FABL,2026-08-22 14:00,80.60,24.80,12.77,290.00,13.00,0.00,30.18,M,6.21,M,FEW,M,M,M,3000.00,M,M,M,M,M,M,M,M,M,M,78.94,FABL 221400Z 29013KT 9999 FEW030 27/M04 Q1022 NOSIG,M
FABL,2026-08-22 15:00,78.80,26.60,14.60,250.00,14.00,0.00,30.21,M,6.21,M,FEW,M,M,M,3000.00,M,M,M,M,M,M,M,M,M,M,78.80,FABL 221500Z 25014KT 9999 FEW030 26/M03 Q1023 NOSIG,M
FABL,2026-08-22 16:00,73.40,24.80,16.21,240.00,10.00,0.00,30.24,M,6.21,M,FEW,M,M,M,3000.00,M,M,M,M,M,M,M,M,M,M,73.40,FABL 221600Z 24010KT 9999 FEW030 23/M04 Q1024 NOSIG,M
FABL,2026-08-22 17:00,69.80,24.80,18.31,230.00,10.00,0.00,30.27,M,6.21,M,M,M,M,M,M,M,M,M,M,M,M,M,M,M,M,69.80,FABL 221700Z 23010KT CAVOK 21/M04 Q1025 NOSIG,M
FABL,2026-08-22 18:00,66.20,23.00,19.21,230.00,10.00,0.00,30.27,M,6.21,M,M,M,M,M,M,M,M,M,M,M,M,M,M,M,M,66.20,FABL 221800Z 23010KT CAVOK 19/M05 Q1025 NOSIG,M
FABL,2026-08-22 19:00,62.60,21.20,20.19,230.00,9.00,0.00,30.30,M,6.21,M,M,M,M,M,M,M,M,M,,M,M,M,M,M,M,62.60,FABL 221900Z AUTO 23009KT 9999 // ///////// 17/M06 Q1026,M
FABL,2026-08-22 20:00,59.00,21.20,22.94,200.00,11.00,0.00,30.33,M,6.21,M,M,M,M,M,M,M,M,M,,M,M,M,M,M,M,59.00,FABL 222000Z AUTO 20011KT 9999 // ///////// 15/M06 Q1027,M
FABL,2026-08-22 21:00,51.80,24.80,34.67,130.00,3.00,0.00,30.33,M,6.21,M,M,M,M,M,M,M,M,M,,M,M,M,M,M,M,51.80,FABL 222100Z AUTO 13003KT 090V160 9999 // ///////// 11/M04 Q1027,M
FABL,2026-08-22 22:00,50.00,28.40,43.01,140.00,3.00,0.00,30.36,M,6.21,M,M,M,M,M,M,M,M,M,,M,M,M,M,M,M,50.00,FABL 222200Z AUTO 14003KT 110V180 9999 // ///////// 10/M02 Q1028,M
FABL,2026-08-22 23:00,46.40,30.20,52.98,200.00,6.00,0.00,30.36,M,6.21,M,M,M,M,M,M,M,M,M,,M,M,M,M,M,M,42.87,FABL 222300Z AUTO 20006KT 9999 // ///////// 08/M01 Q1028,M
FABL,2026-08-23 00:00,44.60,28.40,52.70,190.00,7.00,0.00,30.33,M,6.21,M,M,M,M,M,M,M,M,M,,M,M,M,M,M,M,40.14,FABL 230000Z AUTO 19007KT 9999 // ///////// 07/M02 Q1027,M
FABL,2026-08-23 01:00,42.80,30.20,60.77,170.00,5.00,0.00,30.33,M,6.21,M,M,M,M,M,M,M,M,M,,M,M,M,M,M,M,39.22,FABL 230100Z AUTO 17005KT 9999 // ///////// 06/M01 Q1027,M
FABL,2026-08-23 02:00,39.20,30.20,69.86,190.00,7.00,0.00,30.33,M,6.21,M,M,M,M,M,M,M,M,M,,M,M,M,M,M,M,33.56,FABL 230200Z AUTO 19007KT 9999 // ///////// 04/M01 Q1027,M
FABL,2026-08-23 03:00,39.20,32.00,75.14,200.00,7.00,0.00,30.36,M,6.21,M,M,M,M,M,M,M,M,M,M,M,M,M,M,M,M,33.56,COR FABL 230300Z 20007KT CAVOK 04/M00 Q1028 NOSIG,M
FABL,2026-08-23 04:00,39.20,32.00,75.14,200.00,7.00,0.00,30.36,M,6.21,M,M,M,M,M,M,M,M,M,M,M,M,M,M,M,M,33.56,FABL 230400Z 20007KT CAVOK 04/00 Q1028 NOSIG,M
FABL,2026-08-23 05:00,41.00,32.00,70.06,210.00,7.00,0.00,30.39,M,6.21,M,M,M,M,M,M,M,M,M,M,M,M,M,M,M,M,35.75,FABL 230500Z 21007KT CAVOK 05/00 Q1029 NOSIG,M
FABL,2026-08-23 06:00,44.60,33.80,65.59,180.00,12.00,0.00,30.42,M,6.21,M,M,M,M,M,M,M,M,M,M,M,M,M,M,M,M,38.04,FABL 230600Z 18012KT CAVOK 07/01 Q1030 NOSIG,M
FABL,2026-08-23 07:00,53.60,30.20,40.53,160.00,11.00,0.00,30.42,M,6.21,M,M,M,M,M,M,M,M,M,M,M,M,M,M,M,M,53.60,FABL 230700Z 16011KT CAVOK 12/M01 Q1030 NOSIG,M
FABL,2026-08-23 08:00,62.60,21.20,20.19,130.00,14.00,0.00,30.42,M,6.21,M,M,M,M,M,M,M,M,M,M,M,M,M,M,M,M,62.60,FABL 230800Z 13014KT CAVOK 17/M06 Q1030 NOSIG,M
FABL,2026-08-23 09:00,66.20,23.00,19.21,110.00,10.00,0.00,30.42,M,6.21,M,M,M,M,M,M,M,M,M,M,M,M,M,M,M,M,66.20,FABL 230900Z 11010KT 080V150 CAVOK 19/M05 Q1030 NOSIG,M
FABL,2026-08-23 10:00,69.80,21.20,15.73,130.00,9.00,0.00,30.39,M,6.21,M,M,M,M,M,M,M,M,M,M,M,M,M,M,M,M,69.80,FABL 231000Z 13009KT CAVOK 21/M06 Q1029 NOSIG,M
FABL,2026-08-23 11:00,75.20,12.20,8.88,170.00,5.00,0.00,30.36,M,6.21,M,M,M,M,M,M,M,M,M,M,M,M,M,M,M,M,75.20,FABL 231100Z 17005KT 080V240 CAVOK 24/M11 Q1028 NOSIG,M
FABL,2026-08-23 12:00,75.20,6.80,6.97,150.00,5.00,0.00,30.36,M,6.21,M,M,M,M,M,M,M,M,M,M,M,M,M,M,M,M,75.20,FABL 231200Z 15005KT 060V220 CAVOK 24/M14 Q1028 NOSIG,M
FABL,2026-08-23 13:00,75.20,6.80,6.97,150.00,8.00,0.00,30.33,M,6.21,M,M,M,M,M,M,M,M,M,M,M,M,M,M,M,M,75.20,FABL 231300Z 15008KT 110V190 CAVOK 24/M14 Q1027 NOSIG,M
FABL,2026-08-23 14:00,75.20,6.80,6.97,180.00,8.00,0.00,30.33,M,6.21,M,M,M,M,M,M,M,M,M,M,M,M,M,M,M,M,75.20,FABL 231400Z 18008KT 150V220 CAVOK 24/M14 Q1027 NOSIG,M
FABL,2026-08-23 15:00,73.40,6.80,7.40,170.00,9.00,0.00,30.33,M,6.21,M,M,M,M,M,M,M,M,M,M,M,M,M,M,M,M,73.40,FABL 231500Z 17009KT CAVOK 23/M14 Q1027 NOSIG,M
FABL,2026-08-23 16:00,64.40,12.20,12.83,170.00,6.00,0.00,30.36,M,6.21,M,M,M,M,M,M,M,M,M,M,M,M,M,M,M,M,64.40,FABL 231600Z 17006KT CAVOK 18/M11 Q1028 NOSIG,M
FABL,2026-08-23 17:00,60.80,15.80,17.06,180.00,4.00,0.00,30.39,M,6.21,M,M,M,M,M,M,M,M,M,M,M,M,M,M,M,M,60.80,FABL 231700Z 18004KT CAVOK 16/M09 Q1029 NOSIG,M
FABL,2026-08-23 18:00,57.20,14.00,17.94,200.00,5.00,0.00,30.39,M,6.21,M,M,M,M,M,M,M,M,M,M,M,M,M,M,M,M,57.20,FABL 231800Z 20005KT CAVOK 14/M10 Q1029 NOSIG,M
FABL,2026-08-23 19:00,50.00,17.60,27.30,180.00,5.00,0.00,30.39,M,6.21,M,M,M,M,M,M,M,M,M,,M,M,M,M,M,M,50.00,FABL 231900Z AUTO 18005KT 9999 // ///////// 10/M08 Q1029,M
FABL,2026-08-23 20:00,48.20,17.60,29.20,180.00,4.00,0.00,30.39,M,6.21,M,M,M,M,M,M,M,M,M,,M,M,M,M,M,M,46.34,FABL 232000Z AUTO 18004KT 110V190 9999 // ///////// 09/M08 Q1029,M
FABL,2026-08-23 21:00,42.80,21.20,41.81,200.00,3.00,0.00,30.42,M,6.21,M,M,M,M,M,M,M,M,M,,M,M,M,M,M,M,41.03,FABL 232100Z AUTO 20003KT 9999 // ///////// 06/M06 Q1030,M
FABL,2026-08-23 22:00,41.00,23.00,48.36,0.00,0.00,0.00,30.39,M,6.21,M,M,M,M,M,M,M,M,M,,M,M,M,M,M,M,41.00,FABL 232200Z AUTO 00000KT 9999 // ///////// 05/M05 Q1029,M
FABL,2026-08-23 23:00,37.40,23.00,55.66,240.00,3.00,0.00,30.39,M,6.21,M,M,M,M,M,M,M,M,M,,M,M,M,M,M,M,34.86,FABL 232300Z AUTO 24003KT 9999 // ///////// 03/M05 Q1029,M
FABL,2026-08-24 00:00,37.40,24.80,60.01,M,1.00,0.00,30.39,M,6.21,M,M,M,M,M,M,M,M,M,,M,M,M,M,M,M,37.40,FABL 240000Z AUTO VRB01KT 9999 // ///////// 03/M04 Q1029,M
FABL,2026-08-24 01:00,33.80,23.00,64.20,250.00,3.00,0.00,30.39,M,6.21,M,M,M,M,M,M,M,M,M,,M,M,M,M,M,M,30.75,FABL 240100Z AUTO 25003KT 9999 // ///////// 01/M05 Q1029,M
FABL,2026-08-24 02:00,33.80,23.00,64.20,M,1.00,0.00,30.39,M,6.21,M,M,M,M,M,M,M,M,M,,M,M,M,M,M,M,33.80,FABL 240200Z AUTO VRB01KT 9999 // ///////// 01/M05 Q1029,M
FABL,2026-08-24 03:00,32.00,23.00,69.02,0.00,0.00,0.00,30.39,M,6.21,M,M,M,M,M,M,M,M,M,M,M,M,M,M,M,M,32.00,FABL 240300Z 00000KT CAVOK 00/M05 Q1029 NOSIG,M
FABL,2026-08-24 04:00,33.80,23.00,64.20,210.00,3.00,0.00,30.39,M,6.21,M,M,M,M,M,M,M,M,M,M,M,M,M,M,M,M,30.75,FABL 240400Z 21003KT CAVOK 01/M05 Q1029 NOSIG,M
FABL,2026-08-24 05:00,33.80,24.80,69.23,270.00,2.00,0.00,30.42,M,6.21,M,M,M,M,M,M,M,M,M,M,M,M,M,M,M,M,33.80,FABL 240500Z 27002KT CAVOK 01/M04 Q1030 NOSIG,M
FABL,2026-08-24 06:00,44.60,32.00,61.01,M,2.00,0.00,30.45,M,6.21,M,M,M,M,M,M,M,M,M,M,M,M,M,M,M,M,44.60,FABL 240600Z VRB02KT CAVOK 07/00 Q1031 NOSIG,M
FABL,2026-08-24 07:00,53.60,39.20,58.02,60.00,3.00,0.00,30.45,M,6.21,M,M,M,M,M,M,M,M,M,M,M,M,M,M,M,M,53.60,FABL 240700Z 06003KT 360V130 CAVOK 12/04 Q1031 NOSIG,M
FABL,2026-08-24 08:00,59.00,41.00,51.18,30.00,4.00,0.00,30.45,M,6.21,M,M,M,M,M,M,M,M,M,M,M,M,M,M,M,M,59.00,FABL 240800Z 03004KT 340V080 CAVOK 15/05 Q1031 NOSIG,M
FABL,2026-08-24 09:00,66.20,37.40,34.52,30.00,3.00,0.00,30.42,M,6.21,M,M,M,M,M,M,M,M,M,M,M,M,M,M,M,M,66.20,FABL 240900Z 03003KT 300V090 CAVOK 19/03 Q1030 NOSIG,M
FABL,2026-08-24 10:00,69.80,33.80,26.44,10.00,3.00,0.00,30.39,M,6.21,M,M,M,M,M,M,M,M,M,M,M,M,M,M,M,M,69.80,FABL 241000Z 01003KT 300V070 CAVOK 21/01 Q1029 NOSIG,M
FABL,2026-08-24 11:00,73.40,26.60,17.46,50.00,4.00,0.00,30.36,M,6.21,M,M,M,M,M,M,M,M,M,M,M,M,M,M,M,M,73.40,FABL 241100Z 05004KT 290V100 CAVOK 23/M03 Q1028 NOSIG,M
FABL,2026-08-24 12:00,75.20,23.00,14.15,M,5.00,0.00,30.33,M,6.21,M,M,M,M,M,M,M,M,M,M,M,M,M,M,M,M,75.20,FABL 241200Z VRB05KT CAVOK 24/M05 Q1027 NOSIG,M
FABL,2026-08-24 13:00,75.20,24.80,15.26,M,4.00,0.00,30.33,M,6.21,M,M,M,M,M,M,M,M,M,M,M,M,M,M,M,M,75.20,FABL 241300Z VRB04KT CAVOK 24/M04 Q1027 NOSIG,M
FABL,2026-08-24 14:00,75.20,23.00,14.15,250.00,4.00,0.00,30.30,M,6.21,M,M,M,M,M,M,M,M,M,M,M,M,M,M,M,M,75.20,FABL 241400Z 25004KT 210V350 CAVOK 24/M05 Q1026 NOSIG,M
FABL,2026-08-24 15:00,75.20,24.80,15.26,300.00,4.00,0.00,30.30,M,6.21,M,M,M,M,M,M,M,M,M,M,M,M,M,M,M,M,75.20,FABL 241500Z 30004KT 260V330 CAVOK 24/M04 Q1026 NOSIG,M
FABL,2026-08-24 16:00,69.80,24.80,18.31,300.00,3.00,0.00,30.30,M,6.21,M,M,M,M,M,M,M,M,M,M,M,M,M,M,M,M,69.80,FABL 241600Z 30003KT CAVOK 21/M04 Q1026 NOSIG,M
FABL,2026-08-24 17:00,59.00,28.40,30.98,230.00,3.00,0.00,30.30,M,6.21,M,M,M,M,M,M,M,M,M,M,M,M,M,M,M,M,59.00,FABL 241700Z 23003KT CAVOK 15/M02 Q1026 NOSIG,M
FABL,2026-08-24 18:00,53.60,30.20,40.53,260.00,3.00,0.00,30.30,M,6.21,M,M,M,M,M,M,M,M,M,M,M,M,M,M,M,M,53.60,FABL 241800Z 26003KT CAVOK 12/M01 Q1026 NOSIG,M
FABL,2026-08-24 19:00,51.80,30.20,43.30,0.00,0.00,0.00,30.33,M,6.21,M,M,M,M,M,M,M,M,M,,M,M,M,M,M,M,51.80,FABL 241900Z AUTO 00000KT 9999 // ///////// 11/M01 Q1027,M
FABL,2026-08-24 20:00,48.20,32.00,53.25,190.00,2.00,0.00,30.33,M,6.21,M,M,M,M,M,M,M,M,M,,M,M,M,M,M,M,48.20,FABL 242000Z AUTO 19002KT 9999 // ///////// 09/M00 Q1027,M
FABL,2026-08-24 21:00,46.40,30.20,52.98,M,1.00,0.00,30.33,M,6.21,M,M,M,M,M,M,M,M,M,,M,M,M,M,M,M,46.40,FABL 242100Z AUTO VRB01KT 9999 // ///////// 08/M01 Q1027,M
FABL,2026-08-24 22:00,41.00,30.20,65.14,M,2.00,0.00,30.33,M,6.21,M,M,M,M,M,M,M,M,M,,M,M,M,M,M,M,41.00,FABL 242200Z AUTO VRB02KT 9999 // ///////// 05/M01 Q1027,M
FABL,2026-08-24 23:00,41.00,30.20,65.14,230.00,3.00,0.00,30.33,M,6.21,M,M,M,M,M,M,M,M,M,,M,M,M,M,M,M,38.98,FABL 242300Z AUTO 23003KT 9999 // ///////// 05/M01 Q1027,M
FABL,2026-08-25 00:00,39.20,30.20,69.86,M,2.00,0.00,30.33,M,6.21,M,M,M,M,M,M,M,M,M,,M,M,M,M,M,M,39.20,FABL 250000Z AUTO VRB02KT 9999 // ///////// 04/M01 Q1027,M
FABL,2026-08-25 01:00,39.20,28.40,64.91,230.00,2.00,0.00,30.30,M,6.21,M,M,M,M,M,M,M,M,M,,M,M,M,M,M,M,39.20,FABL 250100Z AUTO 23002KT 9999 // ///////// 04/M02 Q1026,M
FABL,2026-08-25 02:00,39.20,30.20,69.86,M,2.00,0.00,30.30,M,6.21,M,M,M,M,M,M,M,M,M,,M,M,M,M,M,M,39.20,FABL 250200Z AUTO VRB02KT 9999 // ///////// 04/M01 Q1026,M
FABL,2026-08-25 03:00,35.60,28.40,74.79,210.00,1.00,0.00,30.30,M,6.21,M,M,M,M,M,M,M,M,M,M,M,M,M,M,M,M,35.60,FABL 250300Z 21001KT CAVOK 02/M02 Q1026 NOSIG,M
FABL,2026-08-25 04:00,35.60,30.20,80.49,M,1.00,0.00,30.30,M,6.21,M,M,M,M,M,M,M,M,M,M,M,M,M,M,M,M,35.60,FABL 250400Z VRB01KT CAVOK 02/M01 Q1026 NOSIG,M
FABL,2026-08-25 05:00,35.60,28.40,74.79,310.00,2.00,0.00,30.30,M,6.21,M,M,M,M,M,M,M,M,M,M,M,M,M,M,M,M,35.60,FABL 250500Z 31002KT CAVOK 02/M02 Q1026 NOSIG,M
FABL,2026-08-25 06:00,46.40,33.80,61.26,0.00,0.00,0.00,30.33,M,6.21,M,M,M,M,M,M,M,M,M,M,M,M,M,M,M,M,46.40,FABL 250600Z 00000KT CAVOK 08/01 Q1027 NOSIG,M
FABL,2026-08-25 07:00,55.40,30.20,37.96,M,1.00,0.00,30.33,M,6.21,M,M,M,M,M,M,M,M,M,M,M,M,M,M,M,M,55.40,FABL 250700Z VRB01KT CAVOK 13/M01 Q1027 NOSIG,M
FABL,2026-08-25 08:00,64.40,30.20,27.55,60.00,3.00,0.00,30.33,M,6.21,M,M,M,M,M,M,M,M,M,M,M,M,M,M,M,M,64.40,FABL 250800Z 06003KT 350V140 CAVOK 18/M01 Q1027 NOSIG,M
FABL,2026-08-25 09:00,73.40,28.40,18.81,M,4.00,0.00,30.33,M,6.21,M,M,M,M,M,M,M,M,M,M,M,M,M,M,M,M,73.40,FABL 250900Z VRB04KT CAVOK 23/M02 Q1027 NOSIG,M
FABL,2026-08-25 10:00,75.20,23.00,14.15,260.00,6.00,0.00,30.30,M,6.21,M,M,M,M,M,M,M,M,M,M,M,M,M,M,M,M,75.20,FABL 251000Z 26006KT 210V310 CAVOK 24/M05 Q1026 NOSIG,M
FABL,2026-08-25 11:00,77.00,21.20,12.35,280.00,5.00,0.00,30.27,M,6.21,M,M,M,M,M,M,M,M,M,M,M,M,M,M,M,M,77.00,FABL 251100Z 28005KT 180V330 CAVOK 25/M06 Q1025 NOSIG,M
FABL,2026-08-25 12:00,77.00,17.60,10.59,M,6.00,0.00,30.24,M,6.21,M,M,M,M,M,M,M,M,M,M,M,M,M,M,M,M,77.00,FABL 251200Z VRB06KT CAVOK 25/M08 Q1024 NOSIG,M
FABL,2026-08-25 13:00,80.60,19.40,10.17,M,5.00,0.00,30.24,M,6.21,M,M,M,M,M,M,M,M,M,M,M,M,M,M,M,M,78.56,FABL 251300Z VRB05KT CAVOK 27/M07 Q1024 NOSIG,M
FABL,2026-08-25 14:00,78.80,17.60,9.98,240.00,7.00,0.00,30.24,M,6.21,M,M,M,M,M,M,M,M,M,M,M,M,M,M,M,M,78.80,FABL 251400Z 24007KT 210V280 CAVOK 26/M08 Q1024 NOSIG,M
FABL,2026-08-25 15:00,77.00,19.40,11.44,200.00,4.00,0.00,30.24,M,6.21,M,M,M,M,M,M,M,M,M,M,M,M,M,M,M,M,77.00,FABL 251500Z 20004KT 150V250 CAVOK 25/M07 Q1024 NOSIG,M
FABL,2026-08-25 16:00,73.40,21.20,13.93,240.00,2.00,0.00,30.24,M,6.21,M,M,M,M,M,M,M,M,M,M,M,M,M,M,M,M,73.40,FABL 251600Z 24002KT CAVOK 23/M06 Q1024 NOSIG,M
FABL,2026-08-25 17:00,60.80,24.80,25.03,0.00,0.00,0.00,30.24,M,6.21,M,M,M,M,M,M,M,M,M,M,M,M,M,M,M,M,60.80,FABL 251700Z 00000KT CAVOK 16/M04 Q1024 NOSIG,M
FABL,2026-08-25 18:00,55.40,30.20,37.96,210.00,3.00,0.00,30.27,M,6.21,M,M,M,M,M,M,M,M,M,M,M,M,M,M,M,M,55.40,FABL 251800Z 21003KT CAVOK 13/M01 Q1025 NOSIG,M
FABL,2026-08-25 19:00,51.80,32.00,46.58,200.00,4.00,0.00,30.27,M,6.21,M,M,M,M,M,M,M,M,M,,M,M,M,M,M,M,51.80,FABL 251900Z AUTO 20004KT 9999 // ///////// 11/M00 Q1025,M
FABL,2026-08-25 20:00,48.20,30.20,49.51,M,1.00,0.00,30.27,M,6.21,M,M,M,M,M,M,M,M,M,,M,M,M,M,M,M,48.20,FABL 252000Z AUTO VRB01KT 9999 // ///////// 09/M01 Q1025,M
FABL,2026-08-25 21:00,44.60,32.00,61.01,160.00,1.00,0.00,30.27,M,6.21,M,M,M,M,M,M,M,M,M,,M,M,M,M,M,M,44.60,FABL 252100Z AUTO 16001KT 9999 // ///////// 07/M00 Q1025,M
FABL,2026-08-25 22:00,42.80,30.20,60.77,250.00,2.00,0.00,30.27,M,6.21,M,M,M,M,M,M,M,M,M,,M,M,M,M,M,M,42.80,FABL 252200Z AUTO 25002KT 9999 // ///////// 06/M01 Q1025,M
FABL,2026-08-25 23:00,41.00,30.20,65.14,230.00,2.00,0.00,30.27,M,6.21,M,M,M,M,M,M,M,M,M,,M,M,M,M,M,M,41.00,FABL 252300Z AUTO 23002KT 9999 // ///////// 05/M01 Q1025,M
FABL,2026-08-26 00:00,41.00,30.20,65.14,220.00,2.00,0.00,30.27,M,6.21,M,M,M,M,M,M,M,M,M,,M,M,M,M,M,M,41.00,FABL 260000Z AUTO 22002KT 9999 // ///////// 05/M01 Q1025,M
FABL,2026-08-26 01:00,41.00,30.20,65.14,180.00,4.00,0.00,30.27,M,6.21,M,M,M,M,M,M,M,M,M,,M,M,M,M,M,M,37.93,FABL 260100Z AUTO 18004KT 140V300 9999 // ///////// 05/M01 Q1025,M
FABL,2026-08-26 02:00,37.40,30.20,74.97,M,1.00,0.00,30.27,M,6.21,M,M,M,M,M,M,M,M,M,,M,M,M,M,M,M,37.40,FABL 260200Z AUTO VRB01KT 9999 // ///////// 03/M01 Q1025,M
FABL,2026-08-26 03:00,39.20,28.40,64.91,330.00,3.00,0.00,30.27,M,6.21,M,M,M,M,M,M,M,M,M,M,M,M,M,M,M,M,36.92,COR FABL 260300Z 33003KT 240V350 CAVOK 04/M02 Q1025 NOSIG,M
FABL,2026-08-26 04:00,37.40,28.40,69.65,190.00,1.00,0.00,30.27,M,6.21,M,M,M,M,M,M,M,M,M,M,M,M,M,M,M,M,37.40,FABL 260400Z 19001KT CAVOK 03/M02 Q1025 NOSIG,M
FABL,2026-08-26 05:00,35.60,30.20,80.49,230.00,2.00,0.00,30.30,M,6.21,M,M,M,M,M,M,M,M,M,M,M,M,M,M,M,M,35.60,FABL 260500Z 23002KT CAVOK 02/M01 Q1026 NOSIG,M
FABL,2026-08-26 06:00,46.40,33.80,61.26,M,2.00,0.00,30.33,M,6.21,M,M,M,M,M,M,M,M,M,M,M,M,M,M,M,M,46.40,FABL 260600Z VRB02KT CAVOK 08/01 Q1027 NOSIG,M
FABL,2026-08-26 07:00,57.20,37.40,47.44,M,2.00,0.00,30.36,M,6.21,M,M,M,M,M,M,M,M,M,M,M,M,M,M,M,M,57.20,FABL 260700Z VRB02KT CAVOK 14/03 Q1028 NOSIG,M
FABL,2026-08-26 08:00,64.40,41.00,42.30,30.00,4.00,0.00,30.36,M,6.21,M,M,M,M,M,M,M,M,M,M,M,M,M,M,M,M,64.40,FABL 260800Z 03004KT 350V060 CAVOK 18/05 Q1028 NOSIG,M
FABL,2026-08-26 09:00,71.60,41.00,33.02,40.00,5.00,0.00,30.36,M,6.21,M,M,M,M,M,M,M,M,M,M,M,M,M,M,M,M,71.60,FABL 260900Z 04005KT 360V080 CAVOK 22/05 Q1028 NOSIG,M
FABL,2026-08-26 10:00,75.20,37.40,25.43,10.00,6.00,0.00,30.33,M,6.21,M,M,M,M,M,M,M,M,M,M,M,M,M,M,M,M,75.20,FABL 261000Z 01006KT 330V080 CAVOK 24/03 Q1027 NOSIG,M
FABL,2026-08-26 11:00,77.00,28.40,16.68,320.00,5.00,0.00,30.30,M,6.21,M,M,M,M,M,M,M,M,M,M,M,M,M,M,M,M,77.00,FABL 261100Z 32005KT 260V030 CAVOK 25/M02 Q1026 NOSIG,M
FABL,2026-08-26 12:00,80.60,26.60,13.76,M,4.00,0.00,30.27,M,6.21,M,M,M,M,M,M,M,M,M,M,M,M,M,M,M,M,78.68,FABL 261200Z VRB04KT CAVOK 27/M03 Q1025 NOSIG,M
FABL,2026-08-26 13:00,80.60,19.40,10.17,260.00,5.00,0.00,30.27,M,6.21,M,M,M,M,M,M,M,M,M,M,M,M,M,M,M,M,78.56,FABL 261300Z 26005KT 220V310 CAVOK 27/M07 Q1025 NOSIG,M
FABL,2026-08-26 14:00,78.80,21.20,11.64,360.00,5.00,0.00,30.27,M,6.21,M,M,M,M,M,M,M,M,M,M,M,M,M,M,M,M,78.80,FABL 261400Z 36005KT 300V030 CAVOK 26/M06 Q1025 NOSIG,M
FABL,2026-08-26 15:00,78.80,21.20,11.64,80.00,3.00,0.00,30.27,M,6.21,M,M,M,M,M,M,M,M,M,M,M,M,M,M,M,M,78.80,FABL 261500Z 08003KT 020V120 CAVOK 26/M06 Q1025 NOSIG,M
FABL,2026-08-26 16:00,75.20,23.00,14.15,290.00,2.00,0.00,30.27,M,6.21,M,M,M,M,M,M,M,M,M,M,M,M,M,M,M,M,75.20,FABL 261600Z 29002KT CAVOK 24/M05 Q1025 NOSIG,M
FABL,2026-08-26 17:00,64.40,26.60,23.77,210.00,6.00,0.00,30.30,M,6.21,M,M,M,M,M,M,M,M,M,M,M,M,M,M,M,M,64.40,FABL 261700Z 21006KT CAVOK 18/M03 Q1026 NOSIG,M
FABL,2026-08-26 18:00,57.20,30.20,35.56,220.00,2.00,0.00,30.30,M,6.21,M,M,M,M,M,M,M,M,M,M,M,M,M,M,M,M,57.20,FABL 261800Z 22002KT CAVOK 14/M01 Q1026 NOSIG,M
FABL,2026-08-26 19:00,53.60,32.00,43.60,210.00,4.00,0.00,30.33,M,6.21,M,M,M,M,M,M,M,M,M,,M,M,M,M,M,M,53.60,FABL 261900Z AUTO 21004KT 9999 // ///////// 12/00 Q1027,M
FABL,2026-08-26 20:00,50.00,32.00,49.79,M,2.00,0.00,30.33,M,6.21,M,M,M,M,M,M,M,M,M,,M,M,M,M,M,M,50.00,FABL 262000Z AUTO VRB02KT 9999 // ///////// 10/00 Q1027,M
FABL,2026-08-26 21:00,48.20,33.80,57.25,0.00,0.00,0.00,30.33,M,6.21,M,M,M,M,M,M,M,M,M,,M,M,M,M,M,M,48.20,FABL 262100Z AUTO 00000KT 9999 // ///////// 09/01 Q1027,M
FABL,2026-08-26 22:00,48.20,35.60,61.50,10.00,6.00,0.00,30.36,M,6.21,M,M,M,M,M,M,M,M,M,,M,M,M,M,M,M,45.04,FABL 262200Z AUTO 01006KT 9999 // ///////// 09/02 Q1028,M
FABL,2026-08-26 23:00,53.60,44.60,71.45,30.00,11.00,0.00,30.39,M,6.21,M,M,M,M,M,M,M,M,M,,M,M,M,M,M,M,53.60,FABL 262300Z AUTO 03011KT 9999 // ///////// 12/07 Q1029,M
FABL,2026-08-27 00:00,53.60,46.40,76.51,20.00,10.00,0.00,30.39,M,6.21,M,M,M,M,M,M,M,M,M,,M,M,M,M,M,M,53.60,FABL 270000Z AUTO 02010KT 9999 // ///////// 12/08 Q1029,M
FABL,2026-08-27 01:00,53.60,46.40,76.51,40.00,11.00,0.00,30.36,M,6.21,M,M,M,M,M,M,M,M,M,,M,M,M,M,M,M,53.60,FABL 270100Z AUTO 04011KT 9999 // ///////// 12/08 Q1028,M
FABL,2026-08-27 02:00,53.60,46.40,76.51,40.00,9.00,0.00,30.36,M,6.21,M,M,M,M,M,M,M,M,M,,M,M,M,M,M,M,53.60,FABL 270200Z AUTO 04009KT 9999 // ///////// 12/08 Q1028,M
FABL,2026-08-27 03:00,51.80,46.40,81.74,40.00,10.00,0.00,30.39,M,6.21,M,M,M,M,M,M,M,M,M,,M,M,M,M,M,M,51.80,FABL 270300Z AUTO 04010KT 9999 // ///////// 11/08 Q1029,M
FABL,2026-08-27 04:00,51.80,46.40,81.74,40.00,9.00,0.00,30.39,M,6.21,M,M,M,M,M,M,M,M,M,,M,M,M,M,M,M,51.80,FABL 270400Z AUTO 04009KT 9999 // ///////// 11/08 Q1029,M
FABL,2026-08-27 05:00,51.80,46.40,81.74,40.00,8.00,0.00,30.42,M,6.21,M,M,M,M,M,M,M,M,M,,M,M,M,M,M,M,51.80,FABL 270500Z AUTO 04008KT 9999 // ///////// 11/08 Q1030,M
FABL,2026-08-27 06:00,53.60,46.40,76.51,40.00,10.00,0.00,30.45,M,6.21,M,M,M,M,M,M,M,M,M,,M,M,M,M,M,M,53.60,FABL 270600Z AUTO 04010KT 9999 // ///////// 12/08 Q1031,M
FABL,2026-08-27 07:00,59.00,48.20,67.34,30.00,14.00,0.00,30.45,M,6.21,M,M,M,M,M,M,M,M,M,,M,M,M,M,M,M,59.00,FABL 270700Z AUTO 03014KT 9999 // ///////// 15/09 Q1031,M
FABL,2026-08-27 08:00,64.40,48.20,55.65,20.00,13.00,0.00,30.45,M,6.21,M,M,M,M,M,M,M,M,M,M,M,M,M,M,M,M,64.40,FABL 270800Z 02013KT 9999 CAVOK 18/09 Q1031 NOSIG,M
FABL,2026-08-27 09:00,68.00,48.20,49.12,10.00,16.00,0.00,30.45,M,6.21,M,M,M,M,M,M,M,M,M,M,M,M,M,M,M,M,68.00,FABL 270900Z 01016KT CAVOK 20/09 Q1031 NOSIG,M
FABL,2026-08-27 10:00,68.00,50.00,52.54,360.00,11.00,0.00,30.45,M,6.21,M,M,M,M,M,M,M,M,M,M,M,M,M,M,M,M,68.00,FABL 271000Z 36011KT CAVOK 20/10 Q1031 NOSIG,M
FABL,2026-08-27 11:00,71.60,48.20,43.45,360.00,11.00,0.00,30.42,M,6.21,M,M,M,M,M,M,M,M,M,M,M,M,M,M,M,M,71.60,FABL 271100Z 36011KT 320V040 CAVOK 22/09 Q1030 NOSIG,M
FABL,2026-08-27 12:00,73.40,46.40,38.21,350.00,9.00,0.00,30.39,M,6.21,M,M,M,M,M,M,M,M,M,M,M,M,M,M,M,M,73.40,FABL 271200Z 35009KT 300V030 CAVOK 23/08 Q1029 NOSIG,M
FABL,2026-08-27 13:00,75.20,46.40,35.98,350.00,8.00,0.00,30.36,M,6.21,M,M,M,M,M,M,M,M,M,M,M,M,M,M,M,M,75.20,FABL 271300Z 35008KT 310V060 CAVOK 24/08 Q1028 NOSIG,M
FABL,2026-08-27 14:00,75.20,44.60,33.60,360.00,8.00,0.00,30.33,M,6.21,M,M,M,M,M,M,M,M,M,M,M,M,M,M,M,M,75.20,FABL 271400Z 36008KT 320V030 CAVOK 24/07 Q1027 NOSIG,M
FABL,2026-08-27 15:00,73.40,46.40,38.21,30.00,6.00,0.00,30.33,M,6.21,M,M,M,M,M,M,M,M,M,M,M,M,M,M,M,M,73.40,FABL 271500Z 03006KT CAVOK 23/08 Q1027 NOSIG,M
FABL,2026-08-27 16:00,68.00,46.40,45.91,60.00,2.00,0.00,30.36,M,6.21,M,M,M,M,M,M,M,M,M,M,M,M,M,M,M,M,68.00,FABL 271600Z 06002KT CAVOK 20/08 Q1028 NOSIG,M
FABL,2026-08-27 17:00,62.60,46.40,55.39,30.00,4.00,0.00,30.36,M,6.21,M,M,M,M,M,M,M,M,M,M,M,M,M,M,M,M,62.60,FABL 271700Z 03004KT CAVOK 17/08 Q1028 NOSIG,M
FABL,2026-08-27 18:00,57.20,44.60,62.70,M,2.00,0.00,30.39,M,6.21,M,M,M,M,M,M,M,M,M,M,M,M,M,M,M,M,57.20,FABL 271800Z VRB02KT CAVOK 14/07 Q1029 NOSIG,M
FABL,2026-08-27 19:00,59.00,44.60,58.78,140.00,3.00,0.00,30.39,M,6.21,M,M,M,M,M,M,M,M,M,,M,M,M,M,M,M,59.00,FABL 271900Z AUTO 14003KT 9999 // ///////// 15/07 Q1029,M
FABL,2026-08-27 20:00,57.20,46.40,67.13,M,2.00,0.00,30.42,M,6.21,M,M,M,M,M,M,M,M,M,,M,M,M,M,M,M,57.20,FABL 272000Z AUTO VRB02KT 9999 // ///////// 14/08 Q1030,M
FABL,2026-08-27 21:00,55.40,46.40,71.65,M,2.00,0.00,30.42,M,6.21,M,M,M,M,M,M,M,M,M,,M,M,M,M,M,M,55.40,FABL 272100Z AUTO VRB02KT 9999 // ///////// 13/08 Q1030,M
FABL,2026-08-27 22:00,55.40,46.40,71.65,M,2.00,0.00,30.42,M,6.21,M,M,M,M,M,M,M,M,M,,M,M,M,M,M,M,55.40,FABL 272200Z AUTO VRB02KT 9999 // ///////// 13/08 Q1030,M
FABL,2026-08-27 23:00,55.40,44.60,66.91,50.00,6.00,0.00,30.42,M,6.21,M,M,M,M,M,M,M,M,M,,M,M,M,M,M,M,55.40,FABL 272300Z AUTO 05006KT 9999 // ///////// 13/07 Q1030,M
FABL,2026-08-28 00:00,53.60,44.60,71.45,50.00,5.00,0.00,30.42,M,6.21,M,M,M,M,M,M,M,M,M,,M,M,M,M,M,M,53.60,FABL 280000Z AUTO 05005KT 9999 // ///////// 12/07 Q1030,M
FABL,2026-08-28 01:00,50.00,42.80,76.17,M,1.00,0.00,30.42,M,6.21,M,M,M,M,M,M,M,M,M,,M,M,M,M,M,M,50.00,FABL 280100Z AUTO VRB01KT 9999 // ///////// 10/06 Q1030,M
FABL,2026-08-28 02:00,48.20,42.80,81.47,130.00,3.00,0.00,30.39,M,6.21,M,M,M,M,M,M,M,M,M,,M,M,M,M,M,M,47.21,FABL 280200Z AUTO 13003KT 070V180 9999 // ///////// 09/06 Q1029,M
FABL,2026-08-28 03:00,48.20,44.60,87.28,20.00,8.00,0.00,30.39,M,6.21,M,M,M,M,M,M,M,M,M,M,M,M,M,M,M,M,44.07,FABL 280300Z 02008KT CAVOK 09/07 Q1029 NOSIG,M
FABL,2026-08-28 04:00,46.40,42.80,87.18,100.00,4.00,0.00,30.42,M,6.21,M,M,M,M,M,M,M,M,M,M,M,M,M,M,M,M,44.24,FABL 280400Z 10004KT CAVOK 08/06 Q1030 NOSIG,M
FABL,2026-08-28 05:00,46.40,42.80,87.18,0.00,0.00,0.00,30.45,M,5.59,M,NSC,M,M,M,M,M,M,M,M,M,M,M,M,M,M,46.40,FABL 280500Z 00000KT 9000 NSC 08/06 Q1031 NOSIG,M
FABL,2026-08-28 07:00,59.00,48.20,67.34,30.00,7.00,0.00,30.47,M,6.21,M,M,M,M,M,M,M,M,M,M,M,M,M,M,M,M,59.00,FABL 280700Z 03007KT 350V060 CAVOK 15/09 Q1032 NOSIG,M
FABL,2026-08-28 08:00,64.40,46.40,52.00,350.00,7.00,0.00,30.47,M,6.21,M,M,M,M,M,M,M,M,M,M,M,M,M,M,M,M,64.40,FABL 280800Z 35007KT 320V020 CAVOK 18/08 Q1032 NOSIG,M
FABL,2026-08-28 09:00,68.00,46.40,45.91,360.00,8.00,0.00,30.47,M,6.21,M,M,M,M,M,M,M,M,M,M,M,M,M,M,M,M,68.00,FABL 280900Z 36008KT 330V060 CAVOK 20/08 Q1032 NOSIG,M
FABL,2026-08-28 10:00,69.80,46.40,43.16,10.00,6.00,0.00,30.45,M,6.21,M,M,M,M,M,M,M,M,M,M,M,M,M,M,M,M,69.80,FABL 281000Z 01006KT 320V050 CAVOK 21/08 Q1031 NOSIG,M
FABL,2026-08-28 11:00,71.60,48.20,43.45,10.00,6.00,0.00,30.39,M,6.21,M,M,M,M,M,M,M,M,M,M,M,M,M,M,M,M,71.60,FABL 281100Z 01006KT 320V050 CAVOK 22/09 Q1029 NOSIG,M
FABL,2026-08-28 12:00,75.20,46.40,35.98,10.00,6.00,0.00,30.36,M,6.21,M,M,M,M,M,M,M,M,M,M,M,M,M,M,M,M,75.20,FABL 281200Z 01006KT 320V060 CAVOK 24/08 Q1028 NOSIG,M
FABL,2026-08-28 13:00,75.20,46.40,35.98,340.00,8.00,0.00,30.36,M,6.21,18.00,M,M,M,M,M,M,M,M,M,M,M,M,M,M,M,75.20,FABL 281300Z 34008G18KT 310V040 CAVOK 24/08 Q1028 NOSIG,M
FABL,2026-08-28 14:00,75.20,46.40,35.98,310.00,6.00,0.00,30.33,M,6.21,M,M,M,M,M,M,M,M,M,M,M,M,M,M,M,M,75.20,FABL 281400Z 31006KT 250V340 CAVOK 24/08 Q1027 NOSIG,M
FABL,2026-08-28 15:00,73.40,44.60,35.69,340.00,5.00,0.00,30.33,M,6.21,M,M,M,M,M,M,M,M,M,M,M,M,M,M,M,M,73.40,FABL 281500Z 34005KT CAVOK 23/07 Q1027 NOSIG,M
FABL,2026-08-28 16:00,69.80,46.40,43.16,320.00,2.00,0.00,30.33,M,6.21,M,M,M,M,M,M,M,M,M,M,M,M,M,M,M,M,69.80,FABL 281600Z 32002KT CAVOK 21/08 Q1027 NOSIG,M
FABL,2026-08-28 17:00,60.80,46.40,59.02,M,1.00,0.00,30.36,M,6.21,M,M,M,M,M,M,M,M,M,M,M,M,M,M,M,M,60.80,FABL 281700Z VRB01KT CAVOK 16/08 Q1028 NOSIG,M
FABL,2026-08-28 18:00,57.20,46.40,67.13,0.00,0.00,0.00,30.36,M,6.21,M,M,M,M,M,M,M,M,M,M,M,M,M,M,M,M,57.20,FABL 281800Z 00000KT CAVOK 14/08 Q1028 NOSIG,M
FABL,2026-08-28 19:00,55.40,44.60,66.91,210.00,2.00,0.00,30.39,M,6.21,M,M,M,M,M,M,M,M,M,,M,M,M,M,M,M,55.40,FABL 281900Z AUTO 21002KT 9999 // ///////// 13/07 Q1029,M
FABL,2026-08-28 20:00,51.80,44.60,76.34,110.00,2.00,0.00,30.39,M,6.21,M,M,M,M,M,M,M,M,M,,M,M,M,M,M,M,51.80,FABL 282000Z AUTO 11002KT 9999 // ///////// 11/07 Q1029,M
FABL,2026-08-28 21:00,50.00,44.60,81.60,210.00,1.00,0.00,30.39,M,6.21,M,M,M,M,M,M,M,M,M,,M,M,M,M,M,M,50.00,FABL 282100Z AUTO 21001KT 9999 // ///////// 10/07 Q1029,M
FABL,2026-08-28 22:00,48.20,42.80,81.47,230.00,2.00,0.00,30.36,M,6.21,M,M,M,M,M,M,M,M,M,,M,M,M,M,M,M,48.20,FABL 282200Z AUTO 23002KT 9999 // ///////// 09/06 Q1028,M
FABL,2026-08-28 23:00,46.40,42.80,87.18,150.00,2.00,0.00,30.36,M,5.59,M,M,M,M,M,M,M,M,M,,M,M,M,M,M,M,46.40,FABL 282300Z AUTO 15002KT 9000 // ///////// 08/06 Q1028,M
FABL,2026-08-29 00:00,46.40,42.80,87.18,M,1.00,0.00,30.33,M,5.59,M,M,M,M,M,M,M,M,M,,M,M,M,M,M,M,46.40,FABL 290000Z AUTO VRB01KT 9000 // ///////// 08/06 Q1027,M
FABL,2026-08-29 01:00,46.40,42.80,87.18,350.00,3.00,0.00,30.33,M,6.21,M,M,M,M,M,M,M,M,M,,M,M,M,M,M,M,45.15,FABL 290100Z AUTO 35003KT 9999 // ///////// 08/06 Q1027,M
FABL,2026-08-29 02:00,42.80,41.00,93.29,160.00,1.00,0.00,30.30,M,4.97,M,M,M,M,M,M,M,M,M,,M,M,M,M,M,M,42.80,FABL 290200Z AUTO 16001KT 8000 // ///////// 06/05 Q1026,M
FABL,2026-08-29 03:00,44.60,41.00,87.08,270.00,2.00,0.00,30.30,M,6.21,M,M,M,M,M,M,M,M,M,M,M,M,M,M,M,M,44.60,FABL 290300Z 27002KT CAVOK 07/05 Q1026 NOSIG,M
FABL,2026-08-29 04:00,42.80,41.00,93.29,190.00,2.00,0.00,30.33,M,6.21,M,M,M,M,M,M,M,M,M,M,M,M,M,M,M,M,42.80,FABL 290400Z 19002KT CAVOK 06/05 Q1027 NOSIG,M
FABL,2026-08-29 05:00,42.80,41.00,93.29,M,1.00,0.00,30.36,M,5.59,M,NSC,M,M,M,M,M,M,M,M,M,M,M,M,M,M,42.80,FABL 290500Z VRB01KT 9000 NSC 06/05 Q1028 NOSIG,M
FABL,2026-08-29 06:00,50.00,44.60,81.60,40.00,3.00,0.00,30.36,M,6.21,M,M,M,M,M,M,M,M,M,M,M,M,M,M,M,M,50.00,FABL 290600Z 04003KT CAVOK 10/07 Q1028 NOSIG,M
FABL,2026-08-29 07:00,57.20,46.40,67.13,50.00,4.00,0.00,30.36,M,6.21,M,M,M,M,M,M,M,M,M,M,M,M,M,M,M,M,57.20,FABL 290700Z 05004KT 010V080 CAVOK 14/08 Q1028 NOSIG,M
FABL,2026-08-29 08:00,64.40,42.80,45.34,330.00,10.00,0.00,30.36,M,6.21,M,M,M,M,M,M,M,M,M,M,M,M,M,M,M,M,64.40,FABL 290800Z 33010KT 290V350 CAVOK 18/06 Q1028 NOSIG,M
FABL,2026-08-29 09:00,68.00,42.80,40.02,330.00,10.00,0.00,30.33,M,6.21,M,M,M,M,M,M,M,M,M,M,M,M,M,M,M,M,68.00,FABL 290900Z 33010KT 300V360 CAVOK 20/06 Q1027 NOSIG,M
FABL,2026-08-29 10:00,71.60,42.80,35.40,330.00,8.00,0.00,30.30,M,6.21,M,M,M,M,M,M,M,M,M,M,M,M,M,M,M,M,71.60,FABL 291000Z 33008KT 300V030 CAVOK 22/06 Q1026 NOSIG,M
FABL,2026-08-29 11:00,73.40,41.00,31.08,320.00,9.00,0.00,30.27,M,6.21,M,M,M,M,M,M,M,M,M,M,M,M,M,M,M,M,73.40,FABL 291100Z 32009KT 290V010 CAVOK 23/05 Q1025 NOSIG,M
FABL,2026-08-29 12:00,75.20,42.80,31.37,360.00,9.00,0.00,30.21,M,6.21,M,M,M,M,M,M,M,M,M,M,M,M,M,M,M,M,75.20,FABL 291200Z 36009KT 310V040 CAVOK 24/06 Q1023 NOSIG,M
FABL,2026-08-29 13:00,75.20,41.00,29.26,350.00,11.00,0.00,30.18,M,6.21,M,M,M,M,M,M,M,M,M,M,M,M,M,M,M,M,75.20,FABL 291300Z 35011KT 320V020 CAVOK 24/05 Q1022 NOSIG,M
FABL,2026-08-29 14:00,75.20,39.20,27.28,350.00,13.00,0.00,30.18,M,6.21,M,M,M,M,M,M,M,M,M,M,M,M,M,M,M,M,75.20,FABL 291400Z 35013KT 320V030 CAVOK 24/04 Q1022 NOSIG,M
FABL,2026-08-29 15:00,73.40,39.20,28.98,350.00,12.00,0.00,30.18,M,6.21,M,M,M,M,M,M,M,M,M,M,M,M,M,M,M,M,73.40,FABL 291500Z 35012KT CAVOK 23/04 Q1022 NOSIG,M
FABL,2026-08-29 16:00,69.80,39.20,32.73,350.00,10.00,0.00,30.18,M,6.21,M,M,M,M,M,M,M,M,M,M,M,M,M,M,M,M,69.80,FABL 291600Z 35010KT CAVOK 21/04 Q1022 NOSIG,M
FABL,2026-08-29 17:00,60.80,39.20,44.76,360.00,5.00,0.00,30.18,M,6.21,M,M,M,M,M,M,M,M,M,M,M,M,M,M,M,M,60.80,FABL 291700Z 36005KT CAVOK 16/04 Q1022 NOSIG,M
FABL,2026-08-29 18:00,59.00,39.20,47.72,M,2.00,0.00,30.21,M,6.21,M,M,M,M,M,M,M,M,M,M,M,M,M,M,M,M,59.00,FABL 291800Z VRB02KT CAVOK 15/04 Q1023 NOSIG,M
FABL,2026-08-29 19:00,57.20,39.20,50.91,30.00,4.00,0.00,30.24,M,6.21,M,M,M,M,M,M,M,M,M,,M,M,M,M,M,M,57.20,FABL 291900Z AUTO 03004KT 9999 // ///////// 14/04 Q1024,M
FABL,2026-08-29 20:00,53.60,39.20,58.02,0.00,0.00,0.00,30.24,M,6.21,M,M,M,M,M,M,M,M,M,,M,M,M,M,M,M,53.60,FABL 292000Z AUTO 00000KT 9999 // ///////// 12/04 Q1024,M
FABL,2026-08-29 21:00,57.20,37.40,47.44,20.00,4.00,0.00,30.24,M,6.21,M,M,M,M,M,M,M,M,M,,M,M,M,M,M,M,57.20,FABL 292100Z AUTO 02004KT 9999 // ///////// 14/03 Q1024,M
FABL,2026-08-29 22:00,51.80,35.60,53.80,20.00,6.00,0.00,30.21,M,6.21,M,M,M,M,M,M,M,M,M,,M,M,M,M,M,M,51.80,FABL 292200Z AUTO 02006KT 9999 // ///////// 11/02 Q1023,M
FABL,2026-08-29 23:00,48.20,35.60,61.50,360.00,6.00,0.00,30.21,M,6.21,M,M,M,M,M,M,M,M,M,,M,M,M,M,M,M,45.04,FABL 292300Z AUTO 36006KT 9999 // ///////// 09/02 Q1023,M
FABL,2026-08-30 00:00,51.80,32.00,46.58,M,2.00,0.00,30.21,M,6.21,M,M,M,M,M,M,M,M,M,,M,M,M,M,M,M,51.80,FABL 300000Z AUTO VRB02KT 9999 // ///////// 11/00 Q1023,M
FABL,2026-08-30 01:00,50.00,33.80,53.52,10.00,2.00,0.00,30.21,M,6.21,M,M,M,M,M,M,M,M,M,,M,M,M,M,M,M,50.00,FABL 300100Z AUTO 01002KT 9999 // ///////// 10/01 Q1023,M
FABL,2026-08-30 02:00,48.20,33.80,57.25,0.00,0.00,0.00,30.21,M,6.21,M,M,M,M,M,M,M,M,M,,M,M,M,M,M,M,48.20,FABL 300200Z AUTO 00000KT 9999 // ///////// 09/01 Q1023,M
FABL,2026-08-30 03:00,44.60,33.80,65.59,M,2.00,0.00,30.21,M,6.21,M,M,M,M,M,M,M,M,M,M,M,M,M,M,M,M,44.60,FABL 300300Z VRB02KT CAVOK 07/01 Q1023 NOSIG,M
FABL,2026-08-30 04:00,46.40,35.60,65.82,70.00,5.00,0.00,30.21,M,6.21,M,M,M,M,M,M,M,M,M,M,M,M,M,M,M,M,43.50,FABL 300400Z 07005KT 030V090 CAVOK 08/02 Q1023 NOSIG,M
FABL,2026-08-30 05:00,44.60,35.60,70.47,M,2.00,0.00,30.24,M,6.21,M,FEW,M,M,M,3000.00,M,M,M,M,M,M,M,M,M,M,44.60,FABL 300500Z VRB02KT 9999 FEW030 07/02 Q1024 NOSIG,M
FABL,2026-08-30 06:00,48.20,39.20,70.87,30.00,4.00,0.00,30.24,M,6.21,M,FEW,M,M,M,3000.00,M,M,M,M,M,M,M,M,M,M,46.34,FABL 300600Z 03004KT 9999 FEW030 09/04 Q1024 NOSIG,M
FABL,2026-08-30 07:00,55.40,39.20,54.33,40.00,5.00,0.00,30.27,M,6.21,M,M,M,M,M,M,M,M,M,M,M,M,M,M,M,M,55.40,FABL 300700Z 04005KT CAVOK 13/04 Q1025 NOSIG,M
FABL,2026-08-30 08:00,66.20,35.60,32.15,350.00,9.00,0.00,30.27,M,6.21,M,M,M,M,M,M,M,M,M,M,M,M,M,M,M,M,66.20,FABL 300800Z 35009KT 320V020 CAVOK 19/02 Q1025 NOSIG,M
FABL,2026-08-30 09:00,69.80,35.60,28.41,340.00,12.00,0.00,30.24,M,6.21,M,M,M,M,M,M,M,M,M,M,M,M,M,M,M,M,69.80,FABL 300900Z 34012KT CAVOK 21/02 Q1024 NOSIG,M
FABL,2026-08-30 10:00,73.40,37.40,27.00,340.00,13.00,0.00,30.21,M,6.21,M,M,M,M,M,M,M,M,M,M,M,M,M,M,M,M,73.40,FABL 301000Z 34013KT CAVOK 23/03 Q1023 NOSIG,M
FABL,2026-08-30 11:00,73.40,37.40,27.00,330.00,14.00,0.00,30.18,M,6.21,M,M,M,M,M,M,M,M,M,M,M,M,M,M,M,M,73.40,FABL 301100Z 33014KT CAVOK 23/03 Q1022 NOSIG,M
FABL,2026-08-30 13:00,77.00,37.40,23.95,340.00,11.00,0.00,30.15,M,6.21,M,M,M,M,M,M,M,M,M,M,M,M,M,M,M,M,77.00,FABL 301300Z 34011KT 310V010 CAVOK 25/03 Q1021 NOSIG,M
FABL,2026-08-30 14:00,77.00,37.40,23.95,340.00,12.00,0.00,30.12,M,6.21,M,M,M,M,M,M,M,M,M,M,M,M,M,M,M,M,77.00,FABL 301400Z 34012KT CAVOK 25/03 Q1020 NOSIG,M
FABL,2026-08-30 15:00,75.20,35.60,23.68,330.00,10.00,0.00,30.15,M,6.21,M,M,M,M,M,M,M,M,M,M,M,M,M,M,M,M,75.20,FABL 301500Z 33010KT CAVOK 24/02 Q1021 NOSIG,M
FABL,2026-08-30 16:00,69.80,37.40,30.50,290.00,6.00,0.00,30.15,M,6.21,M,M,M,M,M,M,M,M,M,M,M,M,M,M,M,M,69.80,FABL 301600Z 29006KT CAVOK 21/03 Q1021 NOSIG,M
FABL,2026-08-30 17:00,64.40,37.40,36.75,350.00,3.00,0.00,30.18,M,6.21,M,M,M,M,M,M,M,M,M,M,M,M,M,M,M,M,64.40,FABL 301700Z 35003KT CAVOK 18/03 Q1022 NOSIG,M
FABL,2026-08-30 18:00,59.00,39.20,47.72,40.00,5.00,0.00,30.18,M,6.21,M,M,M,M,M,M,M,M,M,M,M,M,M,M,M,M,59.00,FABL 301800Z 04005KT CAVOK 15/04 Q1022 NOSIG,M
FABL,2026-08-30 19:00,57.20,39.20,50.91,130.00,3.00,0.00,30.21,M,6.21,M,M,M,M,M,M,M,M,M,,M,M,M,M,M,M,57.20,FABL 301900Z AUTO 13003KT 090V150 9999 // ///////// 14/04 Q1023,M
FABL,2026-08-30 20:00,51.80,39.20,61.99,30.00,5.00,0.00,30.18,M,6.21,M,M,M,M,M,M,M,M,M,,M,M,M,M,M,M,51.80,FABL 302000Z AUTO 03005KT 9999 // ///////// 11/04 Q1022,M
FABL,2026-08-30 21:00,51.80,39.20,61.99,170.00,2.00,0.00,30.21,M,6.21,M,M,M,M,M,M,M,M,M,,M,M,M,M,M,M,51.80,FABL 302100Z AUTO 17002KT 9999 // ///////// 11/04 Q1023,M
FABL,2026-08-30 22:00,50.00,39.20,66.26,170.00,4.00,0.00,30.21,M,6.21,M,M,M,M,M,M,M,M,M,,M,M,M,M,M,M,50.00,FABL 302200Z AUTO 17004KT 9999 // ///////// 10/04 Q1023,M
FABL,2026-08-30 23:00,50.00,39.20,66.26,250.00,3.00,0.00,30.21,M,6.21,M,M,M,M,M,M,M,M,M,,M,M,M,M,M,M,50.00,FABL 302300Z AUTO 25003KT 180V290 9999 // ///////// 10/04 Q1023,M
FABL,2026-08-31 00:00,48.20,39.20,70.87,20.00,4.00,0.00,30.21,M,6.21,M,M,M,M,M,M,M,M,M,,M,M,M,M,M,M,46.34,FABL 310000Z AUTO 02004KT 9999 // ///////// 09/04 Q1023,M
FABL,2026-08-31 01:00,46.40,39.20,75.84,20.00,5.00,0.00,30.21,M,6.21,M,M,M,M,M,M,M,M,M,,M,M,M,M,M,M,43.50,FABL 310100Z AUTO 02005KT 9999 // ///////// 08/04 Q1023,M
FABL,2026-08-31 02:00,48.20,39.20,70.87,50.00,4.00,0.00,30.21,M,6.21,M,M,M,M,M,M,M,M,M,,M,M,M,M,M,M,46.34,FABL 310200Z AUTO 05004KT 9999 // ///////// 09/04 Q1023,M
FABL,2026-08-31 03:00,48.20,39.20,70.87,50.00,8.00,0.00,30.21,M,6.21,M,M,M,M,M,M,M,M,M,M,M,M,M,M,M,M,44.07,FABL 310300Z 05008KT CAVOK 09/04 Q1023 NOSIG,M
FABL,2026-08-31 04:00,46.40,39.20,75.84,40.00,3.00,0.00,30.21,M,6.21,M,M,M,M,M,M,M,M,M,M,M,M,M,M,M,M,45.15,FABL 310400Z 04003KT CAVOK 08/04 Q1023 NOSIG,M
FABL,2026-08-31 05:00,46.40,41.00,81.33,180.00,5.00,0.00,30.27,M,6.21,M,FEW,M,M,M,2500.00,M,M,M,M,M,M,M,M,M,M,43.50,FABL 310500Z 18005KT 9999 FEW025 08/05 Q1025 NOSIG,M
FABL,2026-08-31 06:00,51.80,41.00,66.48,80.00,3.00,0.00,30.33,M,6.21,M,BKN,M,M,M,2000.00,M,M,M,M,M,M,M,M,M,M,51.80,FABL 310600Z 08003KT 060V120 9999 BKN020 11/05 Q1027 NOSIG,M
FABL,2026-08-31 07:00,53.60,42.80,66.70,M,2.00,0.00,30.33,M,6.21,M,BKN,M,M,M,2500.00,M,M,M,-RA,M,M,M,M,M,M,53.60,FABL 310700Z VRB02KT 9999 -RA BKN025 12/06 Q1027 NOSIG,M
FABL,2026-08-31 08:00,64.40,44.60,48.57,290.00,9.00,0.00,30.33,M,6.21,M,SCT,M,M,M,2000.00,M,M,M,M,M,M,M,M,M,M,64.40,FABL 310800Z 29009KT 9999 SCT020 18/07 Q1027 NOSIG,M
FABL,2026-08-31 09:00,59.00,48.20,67.34,330.00,20.00,0.00,30.30,M,6.21,M,BKN,FEW,M,M,2000.00,3000.00,M,M,-SHRA,M,M,M,M,M,M,59.00,FABL 310900Z 33020KT 9999 -SHRA BKN020 FEW030CB 15/09 Q1026 NOSIG,M
FABL,2026-08-31 10:00,60.80,48.20,63.16,330.00,13.00,0.00,30.30,M,6.21,M,BKN,M,M,M,2000.00,M,M,M,M,M,M,M,M,M,M,60.80,FABL 311000Z 33013KT 9999 BKN020 16/09 Q1026 NOSIG,M
FABL,2026-08-31 11:00,64.40,46.40,52.00,350.00,12.00,0.00,30.27,M,6.21,M,FEW,BKN,M,M,2000.00,6000.00,M,M,M,M,M,M,M,M,M,64.40,FABL 311100Z 35012KT 9999 FEW020 BKN060 18/08 Q1025 NOSIG,M
FABL,2026-08-31 12:00,69.80,44.60,40.31,340.00,13.00,0.00,30.27,M,6.21,M,BKN,M,M,M,2000.00,M,M,M,M,M,M,M,M,M,M,69.80,FABL 311200Z 34013KT 9999 BKN020 21/07 Q1025 NOSIG,M
FABL,2026-08-31 13:00,71.60,42.80,35.40,340.00,11.00,0.00,30.27,M,6.21,M,SCT,M,M,M,2500.00,M,M,M,M,M,M,M,M,M,M,71.60,FABL 311300Z 34011KT 310V010 9999 SCT025 22/06 Q1025 NOSIG,M
FABL,2026-08-31 14:00,69.80,41.00,35.11,330.00,10.00,0.00,30.27,M,6.21,M,SCT,M,M,M,2500.00,M,M,M,M,M,M,M,M,M,M,69.80,FABL 311400Z 33010KT 9999 SCT025 21/05 Q1025 NOSIG,M
FABL,2026-08-31 15:00,66.20,42.80,42.59,350.00,5.00,0.00,30.27,M,6.21,M,SCT,M,M,M,2500.00,M,M,M,M,M,M,M,M,M,M,66.20,FABL 311500Z 35005KT 9999 SCT025 19/06 Q1025 NOSIG,M
FABL,2026-08-31 16:00,66.20,42.80,42.59,320.00,4.00,0.00,30.27,M,6.21,M,SCT,M,M,M,3000.00,M,M,M,M,M,M,M,M,M,M,66.20,FABL 311600Z 32004KT 290V350 9999 SCT030 19/06 Q1025 NOSIG,M
FABL,2026-08-31 17:00,64.40,42.80,45.34,170.00,3.00,0.00,30.27,M,6.21,M,SCT,M,M,M,3000.00,M,M,M,M,M,M,M,M,M,M,64.40,FABL 311700Z 17003KT 150V220 9999 SCT030 18/06 Q1025 NOSIG,M
FABL,2026-08-31 18:00,57.20,42.80,58.52,M,2.00,0.00,30.30,M,6.21,M,SCT,M,M,M,3000.00,M,M,M,M,M,M,M,M,M,M,57.20,FABL 311800Z VRB02KT 9999 SCT030 14/06 Q1026 NOSIG,M
FABL,2026-08-31 19:00,51.80,41.00,66.48,M,1.00,0.00,30.30,M,6.21,M,M,M,M,M,M,M,M,M,,M,M,M,M,M,M,51.80,FABL 311900Z AUTO VRB01KT 9999 // ///////// 11/05 Q1026,M
FABL,2026-08-31 20:00,48.20,41.00,76.01,0.00,0.00,0.00,30.33,M,6.21,M,M,M,M,M,M,M,M,M,,M,M,M,M,M,M,48.20,FABL 312000Z AUTO 00000KT 9999 // ///////// 09/05 Q1027,M
FABL,2026-08-31 21:00,46.40,41.00,81.33,M,1.00,0.00,30.30,M,6.21,M,M,M,M,M,M,M,M,M,,M,M,M,M,M,M,46.40,FABL 312100Z AUTO VRB01KT 9999 // ///////// 08/05 Q1026,M
FABL,2026-08-31 22:00,50.00,44.60,81.60,0.00,0.00,0.00,30.33,M,6.21,M,M,M,M,M,M,M,M,M,,M,M,M,M,M,M,50.00,FABL 312200Z AUTO 00000KT 9999 // ///////// 10/07 Q1027,M
FABL,2026-08-31 23:00,50.00,44.60,81.60,200.00,2.00,0.00,30.33,M,6.21,M,M,M,M,M,M,M,M,M,,M,M,M,M,M,M,50.00,FABL 312300Z AUTO 20002KT 9999 // ///////// 10/07 Q1027,M
FABL,2026-09-01 00:00,50.00,44.60,81.60,240.00,2.00,0.00,30.33,M,6.21,M,M,M,M,M,M,M,M,M,,M,M,M,M,M,M,50.00,FABL 010000Z AUTO 24002KT 9999 // ///////// 10/07 Q1027,M
FABL,2026-09-01 01:00,48.20,44.60,87.28,200.00,2.00,0.00,30.33,M,6.21,M,M,M,M,M,M,M,M,M,,M,M,M,M,M,M,48.20,FABL 010100Z AUTO 20002KT 9999 // ///////// 09/07 Q1027,M
FABL,2026-09-01 02:00,46.40,42.80,87.18,210.00,2.00,0.00,30.30,M,6.21,M,M,M,M,M,M,M,M,M,,M,M,M,M,M,M,46.40,FABL 010200Z AUTO 21002KT 9999 // ///////// 08/06 Q1026,M
FABL,2026-09-01 03:00,44.60,41.00,87.08,220.00,2.00,0.00,30.33,M,6.21,M,M,M,M,M,M,M,M,M,,M,M,M,M,M,M,44.60,FABL 010300Z AUTO 22002KT 9999 // ///////// 07/05 Q1027,M
FABL,2026-09-01 04:00,42.80,41.00,93.29,260.00,2.00,0.00,30.33,M,6.21,M,M,M,M,M,M,M,M,M,M,M,M,M,M,M,M,42.80,FABL 010400Z 26002KT CAVOK 06/05 Q1027 NOSIG,M
FABL,2026-09-01 05:00,42.80,41.00,93.29,260.00,3.00,0.00,30.36,M,6.21,M,M,M,M,M,M,M,M,M,M,M,M,M,M,M,M,41.03,FABL 010500Z 26003KT CAVOK 06/05 Q1028 NOSIG,M
FABL,2026-09-01 06:00,50.00,46.40,87.37,0.00,0.00,0.00,30.36,M,6.21,M,M,M,M,M,M,M,M,M,M,M,M,M,M,M,M,50.00,FABL 010600Z 00000KT CAVOK 10/08 Q1028 NOSIG,M
FABL,2026-09-01 07:00,59.00,44.60,58.78,M,1.00,0.00,30.39,M,6.21,M,M,M,M,M,M,M,M,M,M,M,M,M,M,M,M,59.00,FABL 010700Z VRB01KT CAVOK 15/07 Q1029 NOSIG,M
FABL,2026-09-01 08:00,68.00,44.60,42.87,50.00,4.00,0.00,30.39,M,6.21,M,M,M,M,M,M,M,M,M,M,M,M,M,M,M,M,68.00,FABL 010800Z 05004KT 010V080 CAVOK 20/07 Q1029 NOSIG,M
FABL,2026-09-01 09:00,73.40,42.80,33.31,360.00,7.00,0.00,30.36,M,6.21,M,M,M,M,M,M,M,M,M,M,M,M,M,M,M,M,73.40,FABL 010900Z 36007KT 320V040 CAVOK 23/06 Q1028 NOSIG,M
FABL,2026-09-01 10:00,78.80,39.20,24.22,360.00,7.00,0.00,30.33,M,6.21,M,M,M,M,M,M,M,M,M,M,M,M,M,M,M,M,78.80,FABL 011000Z 36007KT 310V060 CAVOK 26/04 Q1027 NOSIG,M
FABL,2026-09-01 11:00,78.80,39.20,24.22,340.00,9.00,0.00,30.30,M,6.21,M,M,M,M,M,M,M,M,M,M,M,M,M,M,M,M,78.80,FABL 011100Z 34009KT 270V050 CAVOK 26/04 Q1026 NOSIG,M
FABL,2026-09-01 12:00,80.60,39.20,22.84,310.00,13.00,0.00,30.27,M,6.21,M,FEW,M,M,M,3000.00,M,M,M,M,M,M,M,M,M,M,79.11,FABL 011200Z 31013KT 9999 FEW030 27/04 Q1025 NOSIG,M
FABL,2026-09-01 13:00,80.60,37.40,21.28,350.00,11.00,0.00,30.27,M,6.21,M,FEW,M,M,M,3000.00,M,M,M,M,M,M,M,M,M,M,79.02,FABL 011300Z 35011KT 9999 FEW030 27/03 Q1025 NOSIG,M
FABL,2026-09-01 14:00,80.60,35.60,19.82,330.00,9.00,0.00,30.24,M,6.21,M,M,M,M,M,M,M,M,M,M,M,M,M,M,M,M,78.95,FABL 011400Z 33009KT CAVOK 27/02 Q1024 NOSIG,M
FABL,2026-09-01 15:00,78.80,35.60,21.02,330.00,5.00,0.00,30.24,M,6.21,M,M,M,M,M,M,M,M,M,M,M,M,M,M,M,M,78.80,FABL 011500Z 33005KT 280V360 CAVOK 26/02 Q1024 NOSIG,M
FABL,2026-09-01 16:00,73.40,35.60,25.15,320.00,3.00,0.00,30.24,M,6.21,M,M,M,M,M,M,M,M,M,M,M,M,M,M,M,M,73.40,FABL 011600Z 32003KT CAVOK 23/02 Q1024 NOSIG,M
FABL,2026-09-01 17:00,64.40,39.20,39.44,0.00,0.00,0.00,30.27,M,6.21,M,M,M,M,M,M,M,M,M,M,M,M,M,M,M,M,64.40,FABL 011700Z 00000KT CAVOK 18/04 Q1025 NOSIG,M
FABL,2026-09-01 18:00,59.00,39.20,47.72,210.00,3.00,0.00,30.27,M,6.21,M,M,M,M,M,M,M,M,M,M,M,M,M,M,M,M,59.00,FABL 011800Z 21003KT CAVOK 15/04 Q1025 NOSIG,M
FABL,2026-09-01 19:00,55.40,41.00,58.27,M,2.00,0.00,30.30,M,6.21,M,M,M,M,M,M,M,M,M,,M,M,M,M,M,M,55.40,FABL 011900Z AUTO VRB02KT 9999 // ///////// 13/05 Q1026,M
FABL,2026-09-01 20:00,53.60,41.00,62.22,0.00,0.00,0.00,30.30,M,6.21,M,M,M,M,M,M,M,M,M,,M,M,M,M,M,M,53.60,FABL 012000Z AUTO 00000KT 9999 // ///////// 12/05 Q1026,M
FABL,2026-09-01 21:00,55.40,44.60,66.91,0.00,0.00,0.00,30.30,M,6.21,M,M,M,M,M,M,M,M,M,,M,M,M,M,M,M,55.40,FABL 012100Z AUTO 00000KT 9999 // ///////// 13/07 Q1026,M
FABL,2026-09-01 22:00,53.60,42.80,66.70,260.00,2.00,0.00,30.27,M,6.21,M,M,M,M,M,M,M,M,M,,M,M,M,M,M,M,53.60,FABL 012200Z AUTO 26002KT 9999 // ///////// 12/06 Q1025,M
FABL,2026-09-01 23:00,53.60,41.00,62.22,300.00,2.00,0.00,30.27,M,6.21,M,M,M,M,M,M,M,M,M,,M,M,M,M,M,M,53.60,FABL 012300Z AUTO 30002KT 9999 // ///////// 12/05 Q1025,M
FABL,2026-09-02 00:00,50.00,41.00,71.06,M,1.00,0.00,30.27,M,6.21,M,M,M,M,M,M,M,M,M,,M,M,M,M,M,M,50.00,FABL 020000Z AUTO VRB01KT 9999 // ///////// 10/05 Q1025,M
FABL,2026-09-02 01:00,50.00,41.00,71.06,0.00,0.00,0.00,30.27,M,6.21,M,M,M,M,M,M,M,M,M,,M,M,M,M,M,M,50.00,FABL 020100Z AUTO 00000KT 9999 // ///////// 10/05 Q1025,M
FABL,2026-09-02 02:00,46.40,41.00,81.33,0.00,0.00,0.00,30.27,M,6.21,M,M,M,M,M,M,M,M,M,,M,M,M,M,M,M,46.40,FABL 020200Z AUTO 00000KT 9999 // ///////// 08/05 Q1025,M
FABL,2026-09-02 03:00,46.40,39.20,75.84,M,1.00,0.00,30.27,M,6.21,M,M,M,M,M,M,M,M,M,,M,M,M,M,M,M,46.40,FABL 020300Z AUTO VRB01KT 9999 // ///////// 08/04 Q1025,M
FABL,2026-09-02 04:00,44.60,39.20,81.20,M,1.00,0.00,30.27,M,6.21,M,M,M,M,M,M,M,M,M,M,M,M,M,M,M,M,44.60,FABL 020400Z VRB01KT CAVOK 07/04 Q1025 NOSIG,M
FABL,2026-09-02 05:00,44.60,41.00,87.08,210.00,4.00,0.00,30.30,M,6.21,M,M,M,M,M,M,M,M,M,M,M,M,M,M,M,M,42.13,FABL 020500Z 21004KT CAVOK 07/05 Q1026 NOSIG,M
FABL,2026-09-02 06:00,53.60,42.80,66.70,M,1.00,0.00,30.33,M,6.21,M,M,M,M,M,M,M,M,M,M,M,M,M,M,M,M,53.60,FABL 020600Z VRB01KT CAVOK 12/06 Q1027 NOSIG,M
FABL,2026-09-02 07:00,60.80,41.00,48.01,40.00,5.00,0.00,30.33,M,6.21,M,M,M,M,M,M,M,M,M,M,M,M,M,M,M,M,60.80,FABL 020700Z 04005KT CAVOK 16/05 Q1027 NOSIG,M
FABL,2026-09-02 08:00,68.00,42.80,40.02,10.00,9.00,0.00,30.33,M,6.21,M,M,M,M,M,M,M,M,M,M,M,M,M,M,M,M,68.00,FABL 020800Z 01009KT CAVOK 20/06 Q1027 NOSIG,M
FABL,2026-09-02 09:00,75.20,42.80,31.37,330.00,12.00,0.00,30.30,M,6.21,M,M,M,M,M,M,M,M,M,M,M,M,M,M,M,M,75.20,FABL 020900Z 33012KT CAVOK 24/06 Q1026 NOSIG,M
FABL,2026-09-02 10:00,77.00,44.60,31.65,330.00,13.00,0.00,30.27,M,6.21,M,M,M,M,M,M,M,M,M,M,M,M,M,M,M,M,77.00,FABL 021000Z 33013KT CAVOK 25/07 Q1025 NOSIG,M
FABL,2026-09-02 11:00,80.60,44.60,28.13,340.00,11.00,0.00,30.24,M,6.21,M,M,M,M,M,M,M,M,M,M,M,M,M,M,M,M,79.43,FABL 021100Z 34011KT 310V010 CAVOK 27/07 Q1024 NOSIG,M
FABL,2026-09-02 12:00,82.40,41.00,23.10,350.00,13.00,0.00,30.21,M,6.21,M,M,M,M,M,M,M,M,M,M,M,M,M,M,M,M,80.29,FABL 021200Z 35013KT 310V030 CAVOK 28/05 Q1023 NOSIG,M
FABL,2026-09-02 13:00,82.40,41.00,23.10,10.00,14.00,0.00,30.18,M,6.21,M,FEW,M,M,M,3000.00,M,M,M,M,M,M,M,M,M,M,80.29,FABL 021300Z 01014KT 9999 FEW030 28/05 Q1022 NOSIG,M
FABL,2026-09-02 14:00,80.60,39.20,22.84,20.00,13.00,0.00,30.15,M,6.21,M,FEW,M,M,M,3000.00,M,M,M,M,M,M,M,M,M,M,79.11,FABL 021400Z 02013KT 9999 FEW030 27/04 Q1021 NOSIG,M
FABL,2026-09-02 15:00,78.80,39.20,24.22,10.00,10.00,0.00,30.15,M,6.21,M,M,M,M,M,M,M,M,M,M,M,M,M,M,M,M,78.80,FABL 021500Z 01010KT CAVOK 26/04 Q1021 NOSIG,M
FABL,2026-09-02 16:00,68.00,39.20,34.81,10.00,6.00,0.00,30.15,M,6.21,M,M,M,M,M,M,M,M,M,M,M,M,M,M,M,M,68.00,FABL 021600Z 01006KT CAVOK 20/04 Q1021 NOSIG,M
FABL,2026-09-02 17:00,66.20,39.20,37.04,360.00,6.00,0.00,30.15,M,6.21,M,M,M,M,M,M,M,M,M,M,M,M,M,M,M,M,66.20,FABL 021700Z 36006KT CAVOK 19/04 Q1021 NOSIG,M
FABL,2026-09-02 18:00,64.40,39.20,39.44,360.00,4.00,0.00,30.15,M,6.21,M,M,M,M,M,M,M,M,M,M,M,M,M,M,M,M,64.40,FABL 021800Z 36004KT CAVOK 18/04 Q1021 NOSIG,M
FABL,2026-09-02 19:00,60.80,37.40,41.71,80.00,2.00,0.00,30.15,M,6.21,M,M,M,M,M,M,M,M,M,,M,M,M,M,M,M,60.80,FABL 021900Z AUTO 08002KT 9999 // ///////// 16/03 Q1021,M
FABL,2026-09-02 20:00,55.40,39.20,54.33,70.00,2.00,0.00,30.15,M,6.21,M,M,M,M,M,M,M,M,M,,M,M,M,M,M,M,55.40,FABL 022000Z AUTO 07002KT 9999 // ///////// 13/04 Q1021,M
FABL,2026-09-02 21:00,53.60,39.20,58.02,200.00,1.00,0.00,30.15,M,6.21,M,M,M,M,M,M,M,M,M,,M,M,M,M,M,M,53.60,FABL 022100Z AUTO 20001KT 9999 // ///////// 12/04 Q1021,M
FABL,2026-09-02 22:00,53.60,39.20,58.02,M,1.00,0.00,30.12,M,6.21,M,M,M,M,M,M,M,M,M,,M,M,M,M,M,M,53.60,FABL 022200Z AUTO VRB01KT 9999 // ///////// 12/04 Q1020,M
FABL,2026-09-02 23:00,53.60,39.20,58.02,30.00,3.00,0.00,30.12,M,6.21,M,M,M,M,M,M,M,M,M,,M,M,M,M,M,M,53.60,FABL 022300Z AUTO 03003KT 9999 // ///////// 12/04 Q1020,M
FABL,2026-09-03 00:00,60.80,41.00,48.01,350.00,9.00,0.00,30.09,M,6.21,M,M,M,M,M,M,M,M,M,,M,M,M,M,M,M,60.80,FABL 030000Z AUTO 35009KT 9999 // ///////// 16/05 Q1019,M
FABL,2026-09-03 01:00,60.80,39.20,44.76,350.00,9.00,0.00,30.06,M,6.21,M,M,M,M,M,M,M,M,M,,M,M,M,M,M,M,60.80,FABL 030100Z AUTO 35009KT 9999 // ///////// 16/04 Q1018,M
FABL,2026-09-03 02:00,59.00,37.40,44.47,360.00,11.00,0.00,30.03,M,6.21,M,M,M,M,M,M,M,M,M,,M,M,M,M,M,M,59.00,FABL 030200Z AUTO 36011KT 9999 // ///////// 15/03 Q1017,M
FABL,2026-09-03 03:00,59.00,37.40,44.47,10.00,11.00,0.00,30.03,M,6.21,M,M,M,M,M,M,M,M,M,M,M,M,M,M,M,M,59.00,FABL 030300Z 01011KT CAVOK 15/03 Q1017 NOSIG,M
FABL,2026-09-03 04:00,57.20,37.40,47.44,20.00,9.00,0.00,30.00,M,6.21,M,M,M,M,M,M,M,M,M,M,M,M,M,M,M,M,57.20,FABL 030400Z 02009KT CAVOK 14/03 Q1016 NOSIG,M
FABL,2026-09-03 05:00,59.00,39.20,47.72,10.00,12.00,0.00,30.03,M,6.21,M,M,M,M,M,M,M,M,M,M,M,M,M,M,M,M,59.00,FABL 030500Z 01012KT CAVOK 15/04 Q1017 NOSIG,M
FABL,2026-09-03 06:00,64.40,39.20,39.44,360.00,14.00,0.00,30.06,M,6.21,M,M,M,M,M,M,M,M,M,M,M,M,M,M,M,M,64.40,FABL 030600Z 36014KT CAVOK 18/04 Q1018 NOSIG,M
FABL,2026-09-03 07:00,66.20,41.00,39.73,350.00,18.00,0.00,30.06,M,6.21,M,FEW,M,M,M,3000.00,M,M,M,M,M,M,M,M,M,M,66.20,COR FABL 030700Z 35018KT 9999 FEW030 19/05 Q1018 NOSIG,M
FABL,2026-09-03 08:00,69.80,39.20,32.73,340.00,21.00,0.00,30.03,M,6.21,M,FEW,M,M,M,4000.00,M,M,M,M,M,M,M,M,M,M,69.80,FABL 030800Z 34021KT 9999 FEW040 21/04 Q1017 NOSIG,M
FABL,2026-09-03 09:00,71.60,41.00,33.02,350.00,16.00,0.00,30.03,M,6.21,M,M,M,M,M,M,M,M,M,M,M,M,M,M,M,M,71.60,FABL 030900Z 35016KT CAVOK 22/05 Q1017 NOSIG,M
FABL,2026-09-03 10:00,78.80,42.80,27.85,350.00,18.00,0.00,29.97,M,6.21,M,M,M,M,M,M,M,M,M,M,M,M,M,M,M,M,78.80,FABL 031000Z 35018KT CAVOK 26/06 Q1015 NOSIG,M
FABL,2026-09-03 11:00,77.00,41.00,27.57,330.00,20.00,0.00,29.91,M,6.21,M,FEW,M,M,M,2500.00,M,M,M,M,M,M,M,M,M,M,77.00,FABL 031100Z 33020KT 9999 FEW025 25/05 Q1013 NOSIG,M
FABL,2026-09-03 12:00,80.60,41.00,24.49,330.00,19.00,0.00,29.88,M,6.21,M,FEW,M,M,M,3000.00,M,M,M,M,M,M,M,M,M,M,79.20,FABL 031200Z 33019KT 9999 FEW030TCU 27/05 Q1012 NOSIG,M
FABL,2026-09-03 13:00,80.60,41.00,24.49,330.00,21.00,0.00,29.85,M,6.21,33.00,FEW,M,M,M,3000.00,M,M,M,M,M,M,M,M,M,M,79.20,FABL 031300Z 33021G33KT 9999 FEW030 27/05 Q1011 NOSIG,M
FABL,2026-09-03 14:00,80.60,39.20,22.84,330.00,21.00,0.00,29.83,M,6.21,M,FEW,M,M,M,3000.00,M,M,M,M,M,M,M,M,M,M,79.11,FABL 031400Z 33021KT 9999 FEW030 27/04 Q1010 NOSIG,M
FABL,2026-09-03 15:00,78.80,39.20,24.22,330.00,15.00,0.00,29.83,M,6.21,M,M,M,M,M,M,M,M,M,M,M,M,M,M,M,M,78.80,FABL 031500Z 33015KT CAVOK 26/04 Q1010 NOSIG,M
FABL,2026-09-03 16:00,75.20,39.20,27.28,340.00,11.00,0.00,29.83,M,6.21,M,FEW,M,M,M,2500.00,M,M,M,M,M,M,M,M,M,M,75.20,FABL 031600Z 34011KT 9999 FEW025 24/04 Q1010 NOSIG,M
FABL,2026-09-03 17:00,68.00,41.00,37.34,360.00,9.00,0.00,29.83,M,6.21,M,M,M,M,M,M,M,M,M,M,M,M,M,M,M,M,68.00,FABL 031700Z 36009KT CAVOK 20/05 Q1010 NOSIG,M
FABL,2026-09-03 18:00,71.60,39.20,30.79,250.00,16.00,0.00,29.88,M,6.21,M,FEW,M,M,M,3000.00,M,M,M,TS,M,M,M,M,M,M,71.60,FABL 031800Z 25016KT 210V270 9999 TS FEW030CB 22/04 Q1012 NOSIG,M
FABL,2026-09-03 19:00,60.80,48.20,63.16,160.00,12.00,0.00,29.85,M,6.21,M,M,M,M,M,M,M,M,M,,M,M,M,M,M,M,60.80,FABL 031900Z AUTO 16012KT 9999 // ///////// 16/09 Q1011,M
FABL,2026-09-03 20:00,59.00,50.00,72.02,M,6.00,0.00,29.91,M,6.21,M,M,M,M,M,M,M,M,M,,M,M,M,M,M,M,59.00,FABL 032000Z AUTO VRB06KT 9999 // ///////// 15/10 Q1013,M
FABL,2026-09-03 21:00,59.00,50.00,72.02,70.00,4.00,0.00,29.91,M,6.21,M,M,M,M,M,M,M,M,M,,M,M,M,M,M,M,59.00,FABL 032100Z AUTO 07004KT 9999 // ///////// 15/10 Q1013,M
FABL,2026-09-03 22:00,55.40,50.00,82.00,230.00,10.00,0.00,29.94,M,6.21,M,M,M,M,M,M,M,M,M,,M,M,M,M,M,M,55.40,FABL 032200Z AUTO 23010KT 9999 // ///////// 13/10 Q1014,M
FABL,2026-09-03 23:00,55.40,51.80,87.65,150.00,12.00,0.00,29.94,M,6.21,M,M,M,M,M,M,M,M,M,,M,M,M,M,M,M,55.40,FABL 032300Z AUTO 15012KT 9999 // ///////// 13/11 Q1014,M
FABL,2026-09-04 00:00,55.40,51.80,87.65,140.00,8.00,0.00,29.94,M,6.21,M,M,M,M,M,M,M,M,M,,M,M,M,M,M,M,55.40,FABL 040000Z AUTO 14008KT 9999 // ///////// 13/11 Q1014,M
FABL,2026-09-04 01:00,55.40,51.80,87.65,180.00,4.00,0.00,29.94,M,6.21,M,M,M,M,M,M,M,M,M,,M,M,M,M,M,M,55.40,FABL 040100Z AUTO 18004KT 150V210 9999 // ///////// 13/11 Q1014,M
FABL,2026-09-04 02:00,53.60,51.80,93.60,160.00,10.00,0.00,29.94,M,6.21,M,M,M,M,M,M,M,M,M,,M,M,M,M,M,M,53.60,FABL 040200Z AUTO 16010KT 9999 // ///////// 12/11 Q1014,M
FABL,2026-09-04 03:00,55.40,51.80,87.65,110.00,6.00,0.00,29.97,M,6.21,M,M,M,M,M,M,M,M,M,,M,M,M,M,M,M,55.40,FABL 040300Z AUTO 11006KT 070V140 9999 // ///////// 13/11 Q1015,M
FABL,2026-09-04 06:00,55.40,51.80,87.65,140.00,15.00,0.00,30.03,M,6.21,M,BKN,M,M,M,2000.00,M,M,M,M,M,M,M,M,M,M,55.40,FABL 040600Z 14015KT 9999 BKN020 13/11 Q1017 NOSIG,M
FABL,2026-09-04 07:00,53.60,48.20,81.87,140.00,20.00,0.00,30.09,M,6.21,31.00,FEW,BKN,M,M,1200.00,2000.00,M,M,M,M,M,M,M,M,M,53.60,FABL 040700Z 14020G31KT 9999 FEW012 BKN020 12/09 Q1019 NOSIG,M
FABL,2026-09-04 08:00,53.60,48.20,81.87,130.00,21.00,0.00,30.12,M,6.21,M,FEW,BKN,M,M,1200.00,2000.00,M,M,M,M,M,M,M,M,M,53.60,FABL 040800Z 13021KT 9999 FEW012 BKN020 12/09 Q1020 NOSIG,M
FABL,2026-09-04 09:00,57.20,50.00,76.83,130.00,25.00,0.00,30.12,M,6.21,M,FEW,M,M,M,1500.00,M,M,M,M,M,M,M,M,M,M,57.20,FABL 040900Z 13025KT 9999 FEW015 14/10 Q1020 NOSIG,M
FABL,2026-09-04 10:00,57.20,46.40,67.13,130.00,22.00,0.00,30.12,M,6.21,32.00,SCT,M,M,M,2500.00,M,M,M,M,M,M,M,M,M,M,57.20,FABL 041000Z 13022G32KT 9999 SCT025 14/08 Q1020 NOSIG,M
FABL,2026-09-04 11:00,57.20,46.40,67.13,120.00,23.00,0.00,30.12,M,6.21,M,FEW,M,M,M,2500.00,M,M,M,-DZ,M,M,M,M,M,M,57.20,FABL 041100Z 12023KT 9999 -DZ FEW025 14/08 Q1020 NOSIG,M
FABL,2026-09-04 12:00,59.00,44.60,58.78,110.00,18.00,0.00,30.12,M,6.21,29.00,FEW,M,M,M,3000.00,M,M,M,M,M,M,M,M,M,M,59.00,FABL 041200Z 11018G29KT 9999 FEW030 15/07 Q1020 NOSIG,M
FABL,2026-09-04 13:00,57.20,46.40,67.13,110.00,7.00,0.00,30.15,M,6.21,M,BKN,M,M,M,2500.00,M,M,M,M,M,M,M,M,M,M,57.20,FABL 041300Z 11007KT 9999 BKN025 14/08 Q1021 NOSIG,M
FABL,2026-09-04 15:00,60.80,46.40,59.02,50.00,6.00,0.00,30.18,M,6.21,M,SCT,M,M,M,2500.00,M,M,M,-RA,M,M,M,M,M,M,60.80,FABL 041500Z 05006KT 010V100 9999 -RA SCT025 16/08 Q1022 NOSIG,M
FABL,2026-09-04 16:00,57.20,50.00,76.83,30.00,12.00,0.00,30.18,M,6.21,M,SCT,M,M,M,2500.00,M,M,M,-RA,M,M,M,M,M,M,57.20,FABL 041600Z 03012KT 9999 -RA SCT025 14/10 Q1022 NOSIG,M
FABL,2026-09-04 17:00,57.20,48.20,71.84,90.00,15.00,0.00,30.09,M,6.21,M,SCT,M,M,M,2500.00,M,M,M,M,M,M,M,M,M,M,57.20,FABL 041700Z 09015KT 9999 SCT025 14/09 Q1019 NOSIG,M
FABL,2026-09-04 18:00,55.40,50.00,82.00,70.00,13.00,0.00,30.15,M,6.21,M,SCT,M,M,M,2500.00,M,M,M,M,M,M,M,M,M,M,55.40,FABL 041800Z 07013KT 9999 SCT025 13/10 Q1021 NOSIG,M
FABL,2026-09-04 19:00,55.40,44.60,66.91,40.00,12.00,0.00,30.18,M,6.21,M,M,M,M,M,M,M,M,M,,M,M,M,M,M,M,55.40,FABL 041900Z AUTO 04012KT 9999 // ///////// 13/07 Q1022,M
FABL,2026-09-04 20:00,57.20,44.60,62.70,50.00,13.00,0.00,30.18,M,6.21,M,M,M,M,M,M,M,M,M,,M,M,M,M,M,M,57.20,FABL 042000Z AUTO 05013KT 9999 // ///////// 14/07 Q1022,M
FABL,2026-09-04 21:00,57.20,44.60,62.70,80.00,13.00,0.00,30.15,M,6.21,M,M,M,M,M,M,M,M,M,,M,M,M,M,M,M,57.20,FABL 042100Z AUTO 08013KT 9999 // ///////// 14/07 Q1021,M
FABL,2026-09-04 22:00,55.40,44.60,66.91,120.00,9.00,0.00,30.15,M,6.21,M,M,M,M,M,M,M,M,M,,M,M,M,M,M,M,55.40,FABL 042200Z AUTO 12009KT 080V140 9999 // ///////// 13/07 Q1021,M
FABL,2026-09-04 23:00,55.40,44.60,66.91,70.00,9.00,0.00,30.21,M,6.21,M,M,M,M,M,M,M,M,M,,M,M,M,M,M,M,55.40,FABL 042300Z AUTO 07009KT 040V100 9999 // ///////// 13/07 Q1023,M
FABL,2026-09-05 01:00,55.40,42.80,62.46,60.00,15.00,0.00,30.18,M,6.21,M,M,M,M,M,M,M,M,M,,M,M,M,M,M,M,55.40,FABL 050100Z AUTO 06015KT 9999 // ///////// 13/06 Q1022,M
FABL,2026-09-05 02:00,53.60,42.80,66.70,30.00,16.00,0.00,30.24,M,6.21,M,M,M,M,M,M,M,M,M,,M,M,M,M,M,M,53.60,FABL 050200Z AUTO 03016KT 9999 // ///////// 12/06 Q1024,M
FABL,2026-09-05 03:00,51.80,46.40,81.74,40.00,10.00,0.00,30.21,M,6.21,M,BKN,M,M,M,2500.00,M,M,M,-RA,M,M,M,M,M,M,51.80,FABL 050300Z 04010KT 020V080 9999 -RA BKN025 11/08 Q1023 NOSIG,M
FABL,2026-09-05 04:00,51.80,44.60,76.34,70.00,9.00,0.00,30.21,M,6.21,M,FEW,M,M,M,4000.00,M,M,M,M,M,M,M,M,M,M,51.80,FABL 050400Z 07009KT 9999 FEW040 11/07 Q1023 NOSIG,M
FABL,2026-09-05 05:00,51.80,44.60,76.34,60.00,9.00,0.00,30.21,M,6.21,M,M,M,M,M,M,M,M,M,M,M,M,M,M,M,M,51.80,FABL 050500Z 06009KT CAVOK 11/07 Q1023 NOSIG,M
FABL,2026-09-05 06:00,55.40,44.60,66.91,60.00,8.00,0.00,30.24,M,6.21,M,M,M,M,M,M,M,M,M,M,M,M,M,M,M,M,55.40,FABL 050600Z 06008KT CAVOK 13/07 Q1024 NOSIG,M
FABL,2026-09-05 07:00,59.00,44.60,58.78,60.00,10.00,0.00,30.27,M,6.21,M,M,M,M,M,M,M,M,M,M,M,M,M,M,M,M,59.00,FABL 050700Z 06010KT CAVOK 15/07 Q1025 NOSIG,M
FABL,2026-09-05 08:00,60.80,44.60,55.13,10.00,10.00,0.00,30.30,M,6.21,M,BKN,M,M,M,2500.00,M,M,M,M,M,M,M,M,M,M,60.80,FABL 050800Z 01010KT 330V050 9999 BKN025 16/07 Q1026 NOSIG,M
FABL,2026-09-05 12:00,62.60,48.20,59.27,60.00,14.00,0.00,30.18,M,6.21,M,BKN,M,M,M,3500.00,M,M,M,M,M,M,M,M,M,M,62.60,FABL 051200Z 06014KT 9999 BKN035 17/09 Q1022 NOSIG,M
FABL,2026-09-05 15:00,60.80,50.00,67.55,100.00,8.00,0.00,30.18,M,6.21,M,OVC,M,M,M,2500.00,M,M,M,-RA,M,M,M,M,M,M,60.80,FABL 051500Z 10008KT 9999 -RA OVC025 16/10 Q1022 NOSIG,M
FABL,2026-09-05 16:00,59.00,51.80,76.99,150.00,6.00,0.00,30.18,M,6.21,M,OVC,M,M,M,2500.00,M,M,M,M,M,M,M,M,M,M,59.00,FABL 051600Z 15006KT 9999 OVC025 15/11 Q1022 RERA NOSIG,M
FABL,2026-09-05 17:00,60.80,51.80,72.21,120.00,6.00,0.00,30.18,M,6.21,M,M,M,M,M,M,M,M,M,M,M,M,M,M,M,M,60.80,FABL 051700Z 12006KT 090V150 CAVOK 16/11 Q1022 NOSIG,M
FABL,2026-09-05 18:00,59.00,51.80,76.99,180.00,6.00,0.00,30.21,M,6.21,M,OVC,M,M,M,2500.00,M,M,M,M,M,M,M,M,M,M,59.00,FABL 051800Z 18006KT 140V220 9999 OVC025 15/11 Q1023 NOSIG,M
FABL,2026-09-05 19:00,59.00,53.60,82.26,130.00,7.00,0.00,30.24,M,6.21,M,M,M,M,M,M,M,M,M,,M,M,M,M,M,M,59.00,FABL 051900Z AUTO 13007KT 9999 // ///////// 15/12 Q1024,M
FABL,2026-09-05 20:00,57.20,53.60,87.75,120.00,6.00,0.00,30.24,M,6.21,M,M,M,M,M,M,M,M,M,,M,M,M,M,M,M,57.20,FABL 052000Z AUTO 12006KT 090V150 9999 // ///////// 14/12 Q1024,M
FABL,2026-09-05 21:00,59.00,50.00,72.02,70.00,8.00,0.00,30.27,M,6.21,M,M,M,M,M,M,M,M,M,,M,M,M,M,M,M,59.00,FABL 052100Z AUTO 07008KT 9999 // ///////// 15/10 Q1025,M
FABL,2026-09-05 22:00,55.40,51.80,87.65,10.00,7.00,0.00,30.27,M,4.35,M,M,M,M,M,M,M,M,M,,M,M,M,M,M,M,55.40,FABL 052200Z AUTO 01007KT 7000 // ///////// 13/11 Q1025,M
FABL,2026-09-05 23:00,55.40,51.80,87.65,M,2.00,0.00,30.27,M,4.97,M,M,M,M,M,M,M,M,M,,M,M,M,M,M,M,55.40,FABL 052300Z AUTO VRB02KT 8000 // ///////// 13/11 Q1025,M
FABL,2026-09-06 00:00,55.40,51.80,87.65,80.00,5.00,0.00,30.24,M,4.35,M,M,M,M,M,M,M,M,M,,M,M,M,M,M,M,55.40,FABL 060000Z AUTO 08005KT 7000 // ///////// 13/11 Q1024,M
FABL,2026-09-06 01:00,53.60,50.00,87.56,60.00,6.00,0.00,30.21,M,4.97,M,M,M,M,M,M,M,M,M,,M,M,M,M,M,M,53.60,FABL 060100Z AUTO 06006KT 8000 // ///////// 12/10 Q1023,M
FABL,2026-09-06 02:00,51.80,48.20,87.47,70.00,6.00,0.00,30.21,M,6.21,M,M,M,M,M,M,M,M,M,,M,M,M,M,M,M,51.80,FABL 060200Z AUTO 07006KT 9999 // ///////// 11/09 Q1023,M
FABL,2026-09-06 03:00,51.80,48.20,87.47,70.00,5.00,0.00,30.24,M,6.21,M,M,M,M,M,M,M,M,M,M,M,M,M,M,M,M,51.80,FABL 060300Z 07005KT CAVOK 11/09 Q1024 NOSIG,M
FABL,2026-09-06 04:00,50.00,48.20,93.50,150.00,4.00,0.00,30.24,M,6.21,M,M,M,M,M,M,M,M,M,M,M,M,M,M,M,M,50.00,FABL 060400Z 15004KT 110V170 CAVOK 10/09 Q1024 NOSIG,M
FABL,2026-09-06 05:00,51.80,48.20,87.47,90.00,5.00,0.00,30.27,M,6.21,M,FEW,M,M,M,2000.00,M,M,M,M,M,M,M,M,M,M,51.80,FABL 060500Z 09005KT 9999 FEW020 11/09 Q1025 NOSIG,M
FABL,2026-09-06 06:00,55.40,50.00,82.00,110.00,4.00,0.00,30.27,M,6.21,M,FEW,M,M,M,2000.00,M,M,M,M,M,M,M,M,M,M,55.40,FABL 060600Z 11004KT 070V150 9999 FEW020 13/10 Q1025 NOSIG,M
FABL,2026-09-06 07:00,57.20,51.80,82.13,90.00,8.00,0.00,30.30,M,6.21,M,FEW,M,M,M,2000.00,M,M,M,M,M,M,M,M,M,M,57.20,FABL 060700Z 09008KT 9999 FEW020 14/11 Q1026 NOSIG,M
FABL,2026-09-06 08:00,60.80,51.80,72.21,80.00,11.00,0.00,30.30,M,6.21,M,FEW,M,M,M,2000.00,M,M,M,M,M,M,M,M,M,M,60.80,COR FABL 060800Z 08011KT 9999 FEW020 16/11 Q1026 NOSIG,M
FABL,2026-09-06 09:00,62.60,50.00,63.39,60.00,13.00,0.00,30.27,M,6.21,M,FEW,M,M,M,2500.00,M,M,M,M,M,M,M,M,M,M,62.60,FABL 060900Z 06013KT 9999 FEW025 17/10 Q1025 NOSIG,M
FABL,2026-09-06 10:00,64.40,50.00,59.52,50.00,13.00,0.00,30.27,M,6.21,M,FEW,M,M,M,2500.00,M,M,M,M,M,M,M,M,M,M,64.40,FABL 061000Z 05013KT 9999 FEW025 18/10 Q1025 NOSIG,M
FABL,2026-09-06 11:00,66.20,48.20,52.27,50.00,9.00,0.00,30.24,M,6.21,M,BKN,M,M,M,2500.00,M,M,M,M,M,M,M,M,M,M,66.20,FABL 061100Z 05009KT 9999 BKN025 19/09 Q1024 NOSIG,M
FABL,2026-09-06 12:00,60.80,53.60,77.15,310.00,10.00,0.00,30.24,M,6.21,M,FEW,BKN,FEW,M,800.00,2500.00,3500.00,M,M,M,M,M,M,M,M,60.80,FABL 061200Z 31010KT 280V350 9999 FEW008 BKN025 FEW035CB 16/12 Q1024 RETS NOSIG,M
FABL,2026-09-06 13:00,62.60,51.80,67.76,20.00,13.00,0.00,30.24,M,6.21,M,SCT,FEW,M,M,4500.00,6000.00,M,M,M,M,M,M,M,M,M,62.60,COR FABL 061300Z 02013KT 9999 SCT045 FEW060CB 17/11 Q1024 NOSIG,M
FABL,2026-09-06 14:00,57.20,51.80,82.13,10.00,8.00,0.00,30.24,M,6.21,M,FEW,BKN,M,M,1000.00,6000.00,M,M,M,M,M,M,M,M,M,57.20,FABL 061400Z 01008KT 9999 FEW010 BKN060 14/11 Q1024 NOSIG,M
FABL,2026-09-06 15:00,60.80,50.00,67.55,60.00,7.00,0.00,30.21,M,6.21,M,FEW,M,M,M,3500.00,M,M,M,M,M,M,M,M,M,M,60.80,FABL 061500Z 06007KT 9999 FEW035 16/10 Q1023 NOSIG,M
FABL,2026-09-06 16:00,57.20,51.80,82.13,40.00,9.00,0.00,30.24,M,6.21,M,FEW,M,M,M,3500.00,M,M,M,M,M,M,M,M,M,M,57.20,FABL 061600Z 04009KT 9999 FEW035 14/11 Q1024 NOSIG,M
FABL,2026-09-06 17:00,57.20,51.80,82.13,70.00,5.00,0.00,30.30,M,6.21,M,M,M,M,M,M,M,M,M,M,M,M,M,M,M,M,57.20,FABL 061700Z 07005KT CAVOK 14/11 Q1026 NOSIG,M
FABL,2026-09-06 18:00,57.20,50.00,76.83,80.00,5.00,0.00,30.30,M,6.21,M,SCT,M,M,M,1500.00,M,M,M,M,M,M,M,M,M,M,57.20,FABL 061800Z 08005KT 9999 SCT015 14/10 Q1026 NOSIG,M
FABL,2026-09-06 19:00,57.20,50.00,76.83,40.00,7.00,0.00,30.33,M,6.21,M,M,M,M,M,M,M,M,M,,M,M,M,M,M,M,57.20,FABL 061900Z AUTO 04007KT 9999 // ///////// 14/10 Q1027,M
FABL,2026-09-06 20:00,57.20,50.00,76.83,30.00,9.00,0.00,30.36,M,6.21,M,M,M,M,M,M,M,M,M,,M,M,M,M,M,M,57.20,FABL 062000Z AUTO 03009KT 9999 // ///////// 14/10 Q1028,M
FABL,2026-09-06 21:00,57.20,50.00,76.83,50.00,6.00,0.00,30.36,M,6.21,M,M,M,M,M,M,M,M,M,,M,M,M,M,M,M,57.20,FABL 062100Z AUTO 05006KT 9999 // ///////// 14/10 Q1028,M
FABL,2026-09-06 22:00,55.40,48.20,76.67,50.00,9.00,0.00,30.33,M,6.21,M,M,M,M,M,M,M,M,M,,M,M,M,M,M,M,55.40,FABL 062200Z AUTO 05009KT 9999 // ///////// 13/09 Q1027,M
FABL,2026-09-06 23:00,53.60,48.20,81.87,70.00,4.00,0.00,30.36,M,6.21,M,M,M,M,M,M,M,M,M,,M,M,M,M,M,M,53.60,FABL 062300Z AUTO 07004KT 040V120 9999 // ///////// 12/09 Q1028,M
FABL,2026-09-07 00:00,53.60,48.20,81.87,50.00,6.00,0.00,30.33,M,6.21,M,M,M,M,M,M,M,M,M,,M,M,M,M,M,M,53.60,FABL 070000Z AUTO 05006KT 020V080 9999 // ///////// 12/09 Q1027,M
FABL,2026-09-07 01:00,55.40,48.20,76.67,50.00,11.00,0.00,30.33,M,6.21,M,M,M,M,M,M,M,M,M,,M,M,M,M,M,M,55.40,FABL 070100Z AUTO 05011KT 9999 // ///////// 13/09 Q1027,M
FABL,2026-09-07 02:00,55.40,48.20,76.67,60.00,9.00,0.00,30.33,M,6.21,M,M,M,M,M,M,M,M,M,,M,M,M,M,M,M,55.40,FABL 070200Z AUTO 06009KT 9999 // ///////// 13/09 Q1027,M
FABL,2026-09-07 03:00,53.60,48.20,81.87,40.00,7.00,0.00,30.36,M,6.21,M,FEW,M,M,M,2000.00,M,M,M,M,M,M,M,M,M,M,53.60,FABL 070300Z 04007KT 9999 FEW020 12/09 Q1028 NOSIG,M
FABL,2026-09-07 04:00,53.60,48.20,81.87,40.00,11.00,0.00,30.36,M,6.21,M,FEW,M,M,M,2000.00,M,M,M,M,M,M,M,M,M,M,53.60,FABL 070400Z 04011KT 9999 FEW020 12/09 Q1028 NOSIG,M
FABL,2026-09-07 05:00,53.60,48.20,81.87,40.00,9.00,0.00,30.39,M,6.21,M,FEW,M,M,M,2000.00,M,M,M,M,M,M,M,M,M,M,53.60,FABL 070500Z 04009KT 9999 FEW020 12/09 Q1029 NOSIG,M
FABL,2026-09-07 06:00,55.40,50.00,82.00,40.00,10.00,0.00,30.42,M,6.21,M,BKN,M,M,M,2000.00,M,M,M,M,M,M,M,M,M,M,55.40,FABL 070600Z 04010KT 9999 BKN020 13/10 Q1030 NOSIG,M
FABL,2026-09-07 07:00,55.40,48.20,76.67,40.00,11.00,0.00,30.45,M,6.21,M,BKN,M,M,M,2000.00,M,M,M,M,M,M,M,M,M,M,55.40,FABL 070700Z 04011KT 9999 BKN020 13/09 Q1031 NOSIG,M
FABL,2026-09-07 08:00,55.40,48.20,76.67,40.00,11.00,0.00,30.47,M,6.21,M,BKN,M,M,M,2000.00,M,M,M,M,M,M,M,M,M,M,55.40,FABL 070800Z 04011KT 9999 BKN020 13/09 Q1032 NOSIG,M
FABL,2026-09-07 09:00,57.20,48.20,71.84,30.00,14.00,0.00,30.47,M,6.21,M,BKN,M,M,M,2000.00,M,M,M,M,M,M,M,M,M,M,57.20,FABL 070900Z 03014KT 9999 BKN020 14/09 Q1032 NOSIG,M
FABL,2026-09-07 10:00,59.00,50.00,72.02,30.00,13.00,0.00,30.45,M,6.21,M,BKN,M,M,M,2000.00,M,M,M,M,M,M,M,M,M,M,59.00,FABL 071000Z 03013KT 9999 BKN020 15/10 Q1031 NOSIG,M
FABL,2026-09-07 11:00,60.80,50.00,67.55,20.00,13.00,0.00,30.42,M,6.21,M,BKN,M,M,M,3500.00,M,M,M,M,M,M,M,M,M,M,60.80,FABL 071100Z 02013KT 9999 BKN035 16/10 Q1030 NOSIG,M
FABL,2026-09-07 12:00,62.60,51.80,67.76,10.00,12.00,0.00,30.42,M,6.21,M,BKN,M,M,M,3000.00,M,M,M,M,M,M,M,M,M,M,62.60,FABL 071200Z 01012KT 9999 BKN030 17/11 Q1030 NOSIG,M
FABL,2026-09-07 13:00,62.60,50.00,63.39,20.00,9.00,0.00,30.42,M,6.21,M,BKN,M,M,M,2500.00,M,M,M,M,M,M,M,M,M,M,62.60,FABL 071300Z 02009KT 9999 BKN025 17/10 Q1030 NOSIG,M
FABL,2026-09-07 14:00,60.80,51.80,72.21,70.00,6.00,0.00,30.39,M,6.21,M,BKN,M,M,M,2000.00,M,M,M,-DZ,M,M,M,M,M,M,60.80,FABL 071400Z 07006KT 9999 -DZ BKN020 16/11 Q1029 NOSIG,M
FABL,2026-09-07 15:00,62.60,50.00,63.39,50.00,11.00,0.00,30.39,M,6.21,M,FEW,M,M,M,2500.00,M,M,M,M,M,M,M,M,M,M,62.60,FABL 071500Z 05011KT 9999 FEW025 17/10 Q1029 NOSIG,M
FABL,2026-09-07 16:00,59.00,50.00,72.02,40.00,7.00,0.00,30.39,M,6.21,M,FEW,M,M,M,2000.00,M,M,M,M,M,M,M,M,M,M,59.00,FABL 071600Z 04007KT 9999 FEW020 15/10 Q1029 NOSIG,M
FABL,2026-09-07 17:00,55.40,50.00,82.00,40.00,8.00,0.00,30.42,M,6.21,M,M,M,M,M,M,M,M,M,M,M,M,M,M,M,M,55.40,FABL 071700Z 04008KT CAVOK 13/10 Q1030 NOSIG,M
FABL,2026-09-07 18:00,53.60,48.20,81.87,20.00,5.00,0.00,30.45,M,6.21,M,M,M,M,M,M,M,M,M,M,M,M,M,M,M,M,53.60,FABL 071800Z 02005KT CAVOK 12/09 Q1031 NOSIG,M
FABL,2026-09-07 19:00,53.60,48.20,81.87,70.00,4.00,0.00,30.47,M,6.21,M,M,M,M,M,M,M,M,M,,M,M,M,M,M,M,53.60,FABL 071900Z AUTO 07004KT 9999 // ///////// 12/09 Q1032,M
FABL,2026-09-07 20:00,53.60,48.20,81.87,60.00,6.00,0.00,30.47,M,6.21,M,M,M,M,M,M,M,M,M,,M,M,M,M,M,M,53.60,FABL 072000Z AUTO 06006KT 9999 // ///////// 12/09 Q1032,M
FABL,2026-09-07 21:00,51.80,48.20,87.47,40.00,4.00,0.00,30.47,M,6.21,M,M,M,M,M,M,M,M,M,,M,M,M,M,M,M,51.80,FABL 072100Z AUTO 04004KT 9999 // ///////// 11/09 Q1032,M
FABL,2026-09-07 22:00,51.80,48.20,87.47,80.00,3.00,0.00,30.47,M,6.21,M,M,M,M,M,M,M,M,M,,M,M,M,M,M,M,51.80,FABL 072200Z AUTO 08003KT 9999 // ///////// 11/09 Q1032,M
FABL,2026-09-07 23:00,53.60,48.20,81.87,50.00,4.00,0.00,30.47,M,6.21,M,M,M,M,M,M,M,M,M,,M,M,M,M,M,M,53.60,FABL 072300Z AUTO 05004KT 9999 // ///////// 12/09 Q1032,M
FABL,2026-09-08 00:00,53.60,48.20,81.87,30.00,6.00,0.00,30.45,M,6.21,M,M,M,M,M,M,M,M,M,,M,M,M,M,M,M,53.60,FABL 080000Z AUTO 03006KT 9999 // ///////// 12/09 Q1031,M
FABL,2026-09-08 01:00,53.60,48.20,81.87,40.00,5.00,0.00,30.45,M,6.21,M,M,M,M,M,M,M,M,M,,M,M,M,M,M,M,53.60,FABL 080100Z AUTO 04005KT 9999 // ///////// 12/09 Q1031,M
FABL,2026-09-08 02:00,53.60,50.00,87.56,50.00,5.00,0.00,30.45,M,6.21,M,M,M,M,M,M,M,M,M,,M,M,M,M,M,M,53.60,FABL 080200Z AUTO 05005KT 9999 // ///////// 12/10 Q1031,M
FABL,2026-09-08 03:00,53.60,50.00,87.56,80.00,3.00,0.00,30.45,M,6.21,M,M,M,M,M,M,M,M,M,M,M,M,M,M,M,M,53.60,COR FABL 080300Z 08003KT CAVOK 12/10 Q1031 NOSIG,M
FABL,2026-09-08 04:00,53.60,50.00,87.56,50.00,6.00,0.00,30.45,M,6.21,M,M,M,M,M,M,M,M,M,M,M,M,M,M,M,M,53.60,FABL 080400Z 05006KT CAVOK 12/10 Q1031 NOSIG,M
FABL,2026-09-08 05:00,53.60,50.00,87.56,40.00,3.00,0.00,30.47,M,6.21,M,BKN,M,M,M,2500.00,M,M,M,M,M,M,M,M,M,M,53.60,FABL 080500Z 04003KT 9999 BKN025 12/10 Q1032 NOSIG,M
FABL,2026-09-08 06:00,55.40,50.00,82.00,50.00,4.00,0.00,30.50,M,6.21,M,BKN,M,M,M,2500.00,M,M,M,M,M,M,M,M,M,M,55.40,FABL 080600Z 05004KT 9999 BKN025 13/10 Q1033 NOSIG,M
FABL,2026-09-08 07:00,57.20,50.00,76.83,40.00,7.00,0.00,30.50,M,6.21,M,OVC,M,M,M,1500.00,M,M,M,M,M,M,M,M,M,M,57.20,FABL 080700Z 04007KT 9999 OVC015 14/10 Q1033 NOSIG,M
FABL,2026-09-08 08:00,60.80,51.80,72.21,20.00,7.00,0.00,30.50,M,6.21,M,BKN,M,M,M,1500.00,M,M,M,M,M,M,M,M,M,M,60.80,FABL 080800Z 02007KT 9999 BKN015 16/11 Q1033 NOSIG,M
FABL,2026-09-08 09:00,60.80,51.80,72.21,360.00,5.00,0.00,30.50,M,6.21,M,BKN,M,M,M,1500.00,M,M,M,M,M,M,M,M,M,M,60.80,FABL 080900Z 36005KT 300V050 9999 BKN015 16/11 Q1033 NOSIG,M
FABL,2026-09-08 10:00,64.40,51.80,63.62,30.00,6.00,0.00,30.47,M,6.21,M,BKN,M,M,M,1500.00,M,M,M,M,M,M,M,M,M,M,64.40,FABL 081000Z 03006KT 340V070 9999 BKN015 18/11 Q1032 NOSIG,M
FABL,2026-09-08 11:00,68.00,53.60,60.00,20.00,7.00,0.00,30.45,M,6.21,M,SCT,M,M,M,2000.00,M,M,M,M,M,M,M,M,M,M,68.00,FABL 081100Z 02007KT 340V080 9999 SCT020 20/12 Q1031 NOSIG,M
FABL,2026-09-08 12:00,66.20,51.80,59.76,10.00,4.00,0.00,30.42,M,6.21,M,SCT,M,M,M,2000.00,M,M,M,M,M,M,M,M,M,M,66.20,FABL 081200Z 01004KT 330V050 9999 SCT020 19/11 Q1030 NOSIG,M
FABL,2026-09-08 13:00,68.00,51.80,56.16,70.00,4.00,0.00,30.42,M,6.21,M,SCT,FEW,M,M,2000.00,3000.00,M,M,M,M,M,M,M,M,M,68.00,FABL 081300Z 07004KT 030V200 9999 SCT020 FEW030TCU 20/11 Q1030 NOSIG,M
FABL,2026-09-08 14:00,68.00,51.80,56.16,60.00,5.00,0.00,30.42,M,6.21,M,SCT,FEW,M,M,2000.00,3000.00,M,M,M,M,M,M,M,M,M,68.00,FABL 081400Z 06005KT 040V100 9999 SCT020 FEW030TCU 20/11 Q1030 NOSIG,M
FABL,2026-09-08 15:00,68.00,51.80,56.16,90.00,4.00,0.00,30.42,M,6.21,M,FEW,FEW,M,M,2500.00,3000.00,M,M,M,M,M,M,M,M,M,68.00,FABL 081500Z 09004KT 9999 FEW025 FEW030TCU 20/11 Q1030 NOSIG,M
FABL,2026-09-08 16:00,66.20,51.80,59.76,80.00,5.00,0.00,30.42,M,6.21,M,FEW,M,M,M,2500.00,M,M,M,M,M,M,M,M,M,M,66.20,FABL 081600Z 08005KT 9999 FEW025 19/11 Q1030 NOSIG,M
FABL,2026-09-08 17:00,60.80,51.80,72.21,50.00,4.00,0.00,30.42,M,6.21,M,M,M,M,M,M,M,M,M,M,M,M,M,M,M,M,60.80,FABL 081700Z 05004KT CAVOK 16/11 Q1030 NOSIG,M
FABL,2026-09-08 18:00,57.20,50.00,76.83,M,1.00,0.00,30.42,M,6.21,M,M,M,M,M,M,M,M,M,M,M,M,M,M,M,M,57.20,FABL 081800Z VRB01KT CAVOK 14/10 Q1030 NOSIG,M
FABL,2026-09-09 03:00,42.80,41.00,93.29,320.00,2.00,0.00,30.42,M,0.28,M,NSC,M,M,M,M,M,M,M,FG,M,M,M,M,M,M,42.80,FABL 090300Z 32002KT 0450 R02/0450N FG NSC 06/05 Q1030 NOSIG,M
FABL,2026-09-09 04:00,42.80,41.00,93.29,0.00,0.00,0.00,30.42,M,0.25,M,NSC,M,M,M,M,M,M,M,FG,M,M,M,M,M,M,42.80,FABL 090400Z 00000KT 0400 R02/0400D FG NSC 06/05 Q1030 NOSIG,M
FABL,2026-09-09 05:00,42.80,41.00,93.29,0.00,0.00,0.00,30.42,M,3.11,M,NSC,M,M,M,M,M,M,M,BR,M,M,M,M,M,M,42.80,FABL 090500Z 00000KT 5000 BR NSC 06/05 Q1030 NOSIG,M
FABL,2026-09-09 06:00,51.80,48.20,87.47,M,1.00,0.00,30.45,M,6.21,M,M,M,M,M,M,M,M,M,M,M,M,M,M,M,M,51.80,FABL 090600Z VRB01KT CAVOK 11/09 Q1031 NOSIG,M
FABL,2026-09-09 07:00,59.00,50.00,72.02,40.00,3.00,0.00,30.45,M,6.21,M,M,M,M,M,M,M,M,M,M,M,M,M,M,M,M,59.00,FABL 090700Z 04003KT 360V080 CAVOK 15/10 Q1031 NOSIG,M
FABL,2026-09-09 08:00,62.60,51.80,67.76,20.00,4.00,0.00,30.45,M,6.21,M,M,M,M,M,M,M,M,M,M,M,M,M,M,M,M,62.60,FABL 090800Z 02004KT 330V050 CAVOK 17/11 Q1031 NOSIG,M
FABL,2026-09-09 09:00,68.00,51.80,56.16,40.00,5.00,0.00,30.45,M,6.21,M,FEW,M,M,M,3000.00,M,M,M,M,M,M,M,M,M,M,68.00,FABL 090900Z 04005KT 350V070 9999 FEW030 20/11 Q1031 NOSIG,M
FABL,2026-09-09 10:00,71.60,50.00,46.47,320.00,4.00,0.00,30.42,M,6.21,M,SCT,M,M,M,3000.00,M,M,M,M,M,M,M,M,M,M,71.60,FABL 091000Z 32004KT 240V010 9999 SCT030 22/10 Q1030 NOSIG,M
FABL,2026-09-09 11:00,71.60,48.20,43.45,290.00,6.00,0.00,30.39,M,6.21,M,BKN,M,M,M,3500.00,M,M,M,M,M,M,M,M,M,M,71.60,FABL 091100Z 29006KT 250V020 9999 BKN035 22/09 Q1029 NOSIG,M
FABL,2026-09-09 12:00,73.40,48.20,40.89,310.00,4.00,0.00,30.36,M,6.21,M,BKN,M,M,M,3500.00,M,M,M,M,M,M,M,M,M,M,73.40,FABL 091200Z 31004KT 220V010 9999 BKN035 23/09 Q1028 NOSIG,M
FABL,2026-09-09 13:00,73.40,46.40,38.21,M,5.00,0.00,30.33,M,6.21,M,SCT,M,M,M,3500.00,M,M,M,M,M,M,M,M,M,M,73.40,FABL 091300Z VRB05KT 9999 SCT035 23/08 Q1027 NOSIG,M
FABL,2026-09-09 14:00,71.60,46.40,40.60,330.00,7.00,0.00,30.33,M,6.21,M,BKN,M,M,M,4000.00,M,M,M,M,M,M,M,M,M,M,71.60,FABL 091400Z 33007KT 280V350 9999 BKN040 22/08 Q1027 NOSIG,M
FABL,2026-09-09 15:00,71.60,46.40,40.60,320.00,6.00,0.00,30.33,M,6.21,M,FEW,BKN,M,M,1500.00,5000.00,M,M,M,M,M,M,M,M,M,71.60,FABL 091500Z 32006KT 9999 FEW015 BKN050 22/08 Q1027 NOSIG,M
FABL,2026-09-09 16:00,68.00,46.40,45.91,310.00,4.00,0.00,30.33,M,6.21,M,M,M,M,M,M,M,M,M,M,M,M,M,M,M,M,68.00,FABL 091600Z 31004KT CAVOK 20/08 Q1027 NOSIG,M
FABL,2026-09-09 17:00,62.60,46.40,55.39,290.00,5.00,0.00,30.36,M,6.21,M,M,M,M,M,M,M,M,M,M,M,M,M,M,M,M,62.60,FABL 091700Z 29005KT CAVOK 17/08 Q1028 NOSIG,M
FABL,2026-09-09 18:00,57.20,46.40,67.13,290.00,4.00,0.00,30.36,M,6.21,M,M,M,M,M,M,M,M,M,M,M,M,M,M,M,M,57.20,FABL 091800Z 29004KT CAVOK 14/08 Q1028 NOSIG,M
FABL,2026-09-09 19:00,55.40,46.40,71.65,M,1.00,0.00,30.36,M,6.21,M,M,M,M,M,M,M,M,M,,M,M,M,M,M,M,55.40,FABL 091900Z AUTO VRB01KT 9999 // ///////// 13/08 Q1028,M
FABL,2026-09-09 20:00,53.60,46.40,76.51,300.00,2.00,0.00,30.39,M,6.21,M,M,M,M,M,M,M,M,M,,M,M,M,M,M,M,53.60,FABL 092000Z AUTO 30002KT 9999 // ///////// 12/08 Q1029,M
FABL,2026-09-09 21:00,51.80,46.40,81.74,M,2.00,0.00,30.36,M,6.21,M,M,M,M,M,M,M,M,M,,M,M,M,M,M,M,51.80,FABL 092100Z AUTO VRB02KT 9999 // ///////// 11/08 Q1028,M
FABL,2026-09-09 22:00,50.00,46.40,87.37,0.00,0.00,0.00,30.36,M,6.21,M,M,M,M,M,M,M,M,M,,M,M,M,M,M,M,50.00,FABL 092200Z AUTO 00000KT 9999 // ///////// 10/08 Q1028,M
FABL,2026-09-09 23:00,50.00,46.40,87.37,M,1.00,0.00,30.36,M,6.21,M,M,M,M,M,M,M,M,M,,M,M,M,M,M,M,50.00,FABL 092300Z AUTO VRB01KT 9999 // ///////// 10/08 Q1028,M
FABL,2026-09-10 00:00,48.20,44.60,87.28,140.00,1.00,0.00,30.36,M,6.21,M,M,M,M,M,M,M,M,M,,M,M,M,M,M,M,48.20,FABL 100000Z AUTO 14001KT 9999 // ///////// 09/07 Q1028,M
FABL,2026-09-10 01:00,46.40,42.80,87.18,M,2.00,0.00,30.36,M,5.59,M,M,M,M,M,M,M,M,M,,M,M,M,M,M,M,46.40,FABL 100100Z AUTO VRB02KT 9000 // ///////// 08/06 Q1028,M
FABL,2026-09-10 02:00,46.40,42.80,87.18,M,1.00,0.00,30.33,M,6.21,M,M,M,M,M,M,M,M,M,,M,M,M,M,M,M,46.40,FABL 100200Z AUTO VRB01KT 9999 // ///////// 08/06 Q1027,M
FABL,2026-09-10 03:00,44.60,42.80,93.35,M,2.00,0.00,30.33,M,6.21,M,M,M,M,M,M,M,M,M,M,M,M,M,M,M,M,44.60,FABL 100300Z VRB02KT CAVOK 07/06 Q1027 NOSIG,M
FABL,2026-09-10 04:00,44.60,42.80,93.35,M,1.00,0.00,30.36,M,5.59,M,NSC,M,M,M,M,M,M,M,M,M,M,M,M,M,M,44.60,FABL 100400Z VRB01KT 9000 NSC 07/06 Q1028 NOSIG,M
FABL,2026-09-10 07:00,60.80,50.00,67.55,M,2.00,0.00,30.39,M,6.21,M,M,M,M,M,M,M,M,M,M,M,M,M,M,M,M,60.80,FABL 100700Z VRB02KT CAVOK 16/10 Q1029 NOSIG,M
FABL,2026-09-10 08:00,68.00,50.00,52.54,M,2.00,0.00,30.39,M,6.21,M,M,M,M,M,M,M,M,M,M,M,M,M,M,M,M,68.00,FABL 100800Z VRB02KT CAVOK 20/10 Q1029 NOSIG,M
FABL,2026-09-10 09:00,71.60,48.20,43.45,M,3.00,0.00,30.39,M,6.21,M,FEW,M,M,M,3000.00,M,M,M,M,M,M,M,M,M,M,71.60,FABL 100900Z VRB03KT 9999 FEW030 22/09 Q1029 NOSIG,M
FABL,2026-09-10 10:00,75.20,44.60,33.60,M,2.00,0.00,30.36,M,6.21,M,FEW,M,M,M,3000.00,M,M,M,M,M,M,M,M,M,M,75.20,FABL 101000Z VRB02KT 9999 FEW030 24/07 Q1028 NOSIG,M
FABL,2026-09-10 11:00,75.20,44.60,33.60,M,3.00,0.00,30.33,M,6.21,M,M,M,M,M,M,M,M,M,M,M,M,M,M,M,M,75.20,FABL 101100Z VRB03KT CAVOK 24/07 Q1027 NOSIG,M
FABL,2026-09-10 12:00,77.00,44.60,31.65,M,3.00,0.00,30.30,M,6.21,M,M,M,M,M,M,M,M,M,M,M,M,M,M,M,M,77.00,FABL 101200Z VRB03KT CAVOK 25/07 Q1026 NOSIG,M
FABL,2026-09-10 13:00,77.00,44.60,31.65,M,3.00,0.00,30.27,M,6.21,M,M,M,M,M,M,M,M,M,M,M,M,M,M,M,M,77.00,FABL 101300Z VRB03KT CAVOK 25/07 Q1025 NOSIG,M
FABL,2026-09-10 14:00,77.00,42.80,29.55,M,3.00,0.00,30.27,M,6.21,M,M,M,M,M,M,M,M,M,M,M,M,M,M,M,M,77.00,FABL 101400Z VRB03KT CAVOK 25/06 Q1025 NOSIG,M
FABL,2026-09-10 15:00,77.00,42.80,29.55,200.00,3.00,0.00,30.27,M,6.21,M,M,M,M,M,M,M,M,M,M,M,M,M,M,M,M,77.00,FABL 101500Z 20003KT 160V250 CAVOK 25/06 Q1025 NOSIG,M
FABL,2026-09-10 16:00,75.20,42.80,31.37,210.00,3.00,0.00,30.27,M,6.21,M,M,M,M,M,M,M,M,M,M,M,M,M,M,M,M,75.20,FABL 101600Z 21003KT 180V240 CAVOK 24/06 Q1025 NOSIG,M
FABL,2026-09-10 17:00,66.20,42.80,42.59,280.00,4.00,0.00,30.27,M,6.21,M,M,M,M,M,M,M,M,M,M,M,M,M,M,M,M,66.20,FABL 101700Z 28004KT CAVOK 19/06 Q1025 NOSIG,M
FABL,2026-09-10 18:00,62.60,44.60,51.73,280.00,4.00,0.00,30.30,M,6.21,M,M,M,M,M,M,M,M,M,M,M,M,M,M,M,M,62.60,FABL 101800Z 28004KT CAVOK 17/07 Q1026 NOSIG,M
FABL,2026-09-10 19:00,59.00,44.60,58.78,240.00,3.00,0.00,30.30,M,6.21,M,M,M,M,M,M,M,M,M,,M,M,M,M,M,M,59.00,FABL 101900Z AUTO 24003KT 9999 // ///////// 15/07 Q1026,M
FABL,2026-09-10 20:00,55.40,44.60,66.91,70.00,2.00,0.00,30.33,M,6.21,M,M,M,M,M,M,M,M,M,,M,M,M,M,M,M,55.40,FABL 102000Z AUTO 07002KT 9999 // ///////// 13/07 Q1027,M
FABL,2026-09-10 21:00,57.20,44.60,62.70,M,2.00,0.00,30.33,M,6.21,M,M,M,M,M,M,M,M,M,,M,M,M,M,M,M,57.20,FABL 102100Z AUTO VRB02KT 9999 // ///////// 14/07 Q1027,M
FABL,2026-09-10 22:00,51.80,44.60,76.34,M,1.00,0.00,30.33,M,6.21,M,M,M,M,M,M,M,M,M,,M,M,M,M,M,M,51.80,FABL 102200Z AUTO VRB01KT 9999 // ///////// 11/07 Q1027,M
FABL,2026-09-10 23:00,48.20,44.60,87.28,140.00,2.00,0.00,30.33,M,6.21,M,M,M,M,M,M,M,M,M,,M,M,M,M,M,M,48.20,FABL 102300Z AUTO 14002KT 9999 // ///////// 09/07 Q1027,M
FABL,2026-09-11 00:00,48.20,44.60,87.28,0.00,0.00,0.00,30.33,M,6.21,M,M,M,M,M,M,M,M,M,,M,M,M,M,M,M,48.20,FABL 110000Z AUTO 00000KT 9999 // ///////// 09/07 Q1027,M
FABL,2026-09-11 01:00,48.20,42.80,81.47,0.00,0.00,0.00,30.33,M,6.21,M,M,M,M,M,M,M,M,M,,M,M,M,M,M,M,48.20,FABL 110100Z AUTO 00000KT 9999 // ///////// 09/06 Q1027,M
FABL,2026-09-11 02:00,46.40,42.80,87.18,320.00,2.00,0.00,30.30,M,6.21,M,M,M,M,M,M,M,M,M,,M,M,M,M,M,M,46.40,FABL 110200Z AUTO 32002KT 9999 // ///////// 08/06 Q1026,M
FABL,2026-09-11 03:00,46.40,42.80,87.18,220.00,2.00,0.00,30.30,M,6.21,M,M,M,M,M,M,M,M,M,M,M,M,M,M,M,M,46.40,COR FABL 110300Z 22002KT CAVOK 08/06 Q1026 NOSIG,M
FABL,2026-09-11 04:00,44.60,41.00,87.08,210.00,2.00,0.00,30.30,M,6.21,M,M,M,M,M,M,M,M,M,M,M,M,M,M,M,M,44.60,FABL 110400Z 21002KT CAVOK 07/05 Q1026 NOSIG,M
FABL,2026-09-11 05:00,46.40,44.60,93.40,180.00,1.00,0.00,30.33,M,6.21,M,M,M,M,M,M,M,M,M,M,M,M,M,M,M,M,46.40,FABL 110500Z 18001KT CAVOK 08/07 Q1027 NOSIG,M
FABL,2026-09-11 06:00,57.20,46.40,67.13,M,1.00,0.00,30.33,M,6.21,M,M,M,M,M,M,M,M,M,M,M,M,M,M,M,M,57.20,FABL 110600Z VRB01KT CAVOK 14/08 Q1027 NOSIG,M
FABL,2026-09-11 07:00,62.60,50.00,63.39,M,2.00,0.00,30.33,M,6.21,M,M,M,M,M,M,M,M,M,M,M,M,M,M,M,M,62.60,FABL 110700Z VRB02KT CAVOK 17/10 Q1027 NOSIG,M
FABL,2026-09-11 08:00,69.80,46.40,43.16,M,1.00,0.00,30.33,M,6.21,M,M,M,M,M,M,M,M,M,M,M,M,M,M,M,M,69.80,FABL 110800Z VRB01KT CAVOK 21/08 Q1027 NOSIG,M
FABL,2026-09-11 09:00,75.20,48.20,38.50,M,2.00,0.00,30.30,M,6.21,M,M,M,M,M,M,M,M,M,M,M,M,M,M,M,M,75.20,FABL 110900Z VRB02KT CAVOK 24/09 Q1026 NOSIG,M
FABL,2026-09-11 10:00,77.00,44.60,31.65,10.00,4.00,0.00,30.27,M,6.21,M,M,M,M,M,M,M,M,M,M,M,M,M,M,M,M,77.00,FABL 111000Z 01004KT 300V080 CAVOK 25/07 Q1025 NOSIG,M
FABL,2026-09-11 11:00,78.80,39.20,24.22,M,4.00,0.00,30.24,M,6.21,M,FEW,M,M,M,3000.00,M,M,M,M,M,M,M,M,M,M,78.80,FABL 111100Z VRB04KT 9999 FEW030 26/04 Q1024 NOSIG,M
FABL,2026-09-11 12:00,80.60,39.20,22.84,60.00,6.00,0.00,30.21,M,6.21,M,FEW,M,M,M,3000.00,M,M,M,M,M,M,M,M,M,M,79.11,FABL 111200Z 06006KT 020V100 9999 FEW030 27/04 Q1023 NOSIG,M
FABL,2026-09-11 13:00,82.40,41.00,23.10,360.00,5.00,0.00,30.21,M,6.21,M,FEW,M,M,M,3000.00,M,M,M,M,M,M,M,M,M,M,80.29,FABL 111300Z 36005KT 230V040 9999 FEW030 28/05 Q1023 NOSIG,M
FABL,2026-09-11 14:00,80.60,39.20,22.84,60.00,5.00,0.00,30.21,M,6.21,M,M,M,M,M,M,M,M,M,M,M,M,M,M,M,M,79.11,FABL 111400Z 06005KT 010V110 CAVOK 27/04 Q1023 NOSIG,M
FABL,2026-09-11 15:00,78.80,39.20,24.22,310.00,5.00,0.00,30.18,M,6.21,M,M,M,M,M,M,M,M,M,M,M,M,M,M,M,M,78.80,FABL 111500Z 31005KT 270V350 CAVOK 26/04 Q1022 NOSIG,M
FABL,2026-09-11 16:00,75.20,41.00,29.26,300.00,4.00,0.00,30.21,M,6.21,M,M,M,M,M,M,M,M,M,M,M,M,M,M,M,M,75.20,FABL 111600Z 30004KT CAVOK 24/05 Q1023 NOSIG,M
FABL,2026-09-11 17:00,69.80,41.00,35.11,310.00,5.00,0.00,30.21,M,6.21,M,M,M,M,M,M,M,M,M,M,M,M,M,M,M,M,69.80,FABL 111700Z 31005KT CAVOK 21/05 Q1023 NOSIG,M
FABL,2026-09-11 18:00,66.20,41.00,39.73,310.00,5.00,0.00,30.24,M,6.21,M,M,M,M,M,M,M,M,M,M,M,M,M,M,M,M,66.20,FABL 111800Z 31005KT CAVOK 19/05 Q1024 NOSIG,M
FABL,2026-09-11 19:00,66.20,42.80,42.59,300.00,7.00,0.00,30.24,M,6.21,M,M,M,M,M,M,M,M,M,,M,M,M,M,M,M,66.20,FABL 111900Z AUTO 30007KT 9999 // ///////// 19/06 Q1024,M
FABL,2026-09-11 20:00,62.60,42.80,48.29,210.00,3.00,0.00,30.24,M,6.21,M,M,M,M,M,M,M,M,M,,M,M,M,M,M,M,62.60,FABL 112000Z AUTO 21003KT 160V260 9999 // ///////// 17/06 Q1024,M
FABL,2026-09-11 21:00,60.80,42.80,51.46,340.00,4.00,0.00,30.24,M,6.21,M,M,M,M,M,M,M,M,M,,M,M,M,M,M,M,60.80,FABL 112100Z AUTO 34004KT 9999 // ///////// 16/06 Q1024,M
FABL,2026-09-11 22:00,55.40,42.80,62.46,0.00,0.00,0.00,30.24,M,6.21,M,M,M,M,M,M,M,M,M,,M,M,M,M,M,M,55.40,FABL 112200Z AUTO 00000KT 9999 // ///////// 13/06 Q1024,M
FABL,2026-09-11 23:00,53.60,42.80,66.70,M,4.00,0.00,30.24,M,6.21,M,M,M,M,M,M,M,M,M,,M,M,M,M,M,M,53.60,FABL 112300Z AUTO VRB04KT 9999 // ///////// 12/06 Q1024,M
FABL,2026-09-12 08:00,69.80,44.60,40.31,30.00,5.00,0.00,30.27,M,6.21,M,M,M,M,M,M,M,M,M,M,M,M,M,M,M,M,69.80,FABL 120800Z 03005KT 320V080 CAVOK 21/07 Q1025 NOSIG,M
FABL,2026-09-12 09:00,77.00,42.80,29.55,M,7.00,0.00,30.24,M,6.21,M,FEW,M,M,M,3000.00,M,M,M,M,M,M,M,M,M,M,77.00,FABL 120900Z VRB07KT 9999 FEW030 25/06 Q1024 NOSIG,M
FABL,2026-09-12 10:00,78.80,33.80,19.57,310.00,9.00,0.00,30.21,M,6.21,M,FEW,M,M,M,3000.00,M,M,M,M,M,M,M,M,M,M,78.80,FABL 121000Z 31009KT 260V340 9999 FEW030 26/01 Q1023 NOSIG,M
FABL,2026-09-12 11:00,78.80,35.60,21.02,330.00,10.00,0.00,30.18,M,6.21,M,FEW,M,M,M,3000.00,M,M,M,M,M,M,M,M,M,M,78.80,FABL 121100Z 33010KT 9999 FEW030 26/02 Q1022 NOSIG,M
FABL,2026-09-12 12:00,78.80,33.80,19.57,350.00,12.00,0.00,30.15,M,6.21,M,FEW,M,M,M,3000.00,M,M,M,M,M,M,M,M,M,M,78.80,FABL 121200Z 35012KT 310V030 9999 FEW030 26/01 Q1021 NOSIG,M
FABL,2026-09-12 14:00,80.60,37.40,21.28,350.00,8.00,0.00,30.12,M,6.21,M,M,M,M,M,M,M,M,M,M,M,M,M,M,M,M,79.02,FABL 121400Z 35008KT 260V050 CAVOK 27/03 Q1020 NOSIG,M
FABL,2026-09-12 15:00,75.20,33.80,22.04,330.00,10.00,0.00,30.12,M,6.21,M,M,M,M,M,M,M,M,M,M,M,M,M,M,M,M,75.20,FABL 121500Z 33010KT CAVOK 24/01 Q1020 NOSIG,M
FABL,2026-09-12 16:00,73.40,35.60,25.15,300.00,4.00,0.00,30.12,M,6.21,M,M,M,M,M,M,M,M,M,M,M,M,M,M,M,M,73.40,FABL 121600Z 30004KT CAVOK 23/02 Q1020 NOSIG,M
FABL,2026-09-12 18:00,60.80,39.20,44.76,0.00,0.00,0.00,30.15,M,6.21,M,M,M,M,M,M,M,M,M,M,M,M,M,M,M,M,60.80,FABL 121800Z 00000KT CAVOK 16/04 Q1021 NOSIG,M
FABL,2026-09-12 19:00,57.20,41.00,54.60,150.00,2.00,0.00,30.18,M,6.21,M,M,M,M,M,M,M,M,M,,M,M,M,M,M,M,57.20,FABL 121900Z AUTO 15002KT 9999 // ///////// 14/05 Q1022,M
FABL,2026-09-12 20:00,55.40,41.00,58.27,M,1.00,0.00,30.18,M,6.21,M,M,M,M,M,M,M,M,M,,M,M,M,M,M,M,55.40,FABL 122000Z AUTO VRB01KT 9999 // ///////// 13/05 Q1022,M
FABL,2026-09-12 21:00,53.60,41.00,62.22,M,1.00,0.00,30.18,M,6.21,M,M,M,M,M,M,M,M,M,,M,M,M,M,M,M,53.60,FABL 122100Z AUTO VRB01KT 9999 // ///////// 12/05 Q1022,M
FABL,2026-09-12 22:00,51.80,41.00,66.48,M,1.00,0.00,30.18,M,6.21,M,M,M,M,M,M,M,M,M,,M,M,M,M,M,M,51.80,FABL 122200Z AUTO VRB01KT 9999 // ///////// 11/05 Q1022,M
FABL,2026-09-12 23:00,53.60,42.80,66.70,0.00,0.00,0.00,30.18,M,6.21,M,M,M,M,M,M,M,M,M,,M,M,M,M,M,M,53.60,FABL 122300Z AUTO 00000KT 9999 // ///////// 12/06 Q1022,M
FABL,2026-09-13 00:00,53.60,41.00,62.22,30.00,3.00,0.00,30.15,M,6.21,M,M,M,M,M,M,M,M,M,,M,M,M,M,M,M,53.60,FABL 130000Z AUTO 03003KT 350V050 9999 // ///////// 12/05 Q1021,M
FABL,2026-09-13 01:00,50.00,41.00,71.06,M,2.00,0.00,30.15,M,6.21,M,M,M,M,M,M,M,M,M,,M,M,M,M,M,M,50.00,FABL 130100Z AUTO VRB02KT 9999 // ///////// 10/05 Q1021,M
FABL,2026-09-13 02:00,48.20,39.20,70.87,M,2.00,0.00,30.15,M,6.21,M,M,M,M,M,M,M,M,M,,M,M,M,M,M,M,48.20,FABL 130200Z AUTO VRB02KT 9999 // ///////// 09/04 Q1021,M
FABL,2026-09-13 03:00,46.40,39.20,75.84,0.00,0.00,0.00,30.15,M,6.21,M,M,M,M,M,M,M,M,M,M,M,M,M,M,M,M,46.40,FABL 130300Z 00000KT CAVOK 08/04 Q1021 NOSIG,M
FABL,2026-09-13 04:00,44.60,39.20,81.20,0.00,0.00,0.00,30.15,M,6.21,M,M,M,M,M,M,M,M,M,M,M,M,M,M,M,M,44.60,FABL 130400Z 00000KT CAVOK 07/04 Q1021 NOSIG,M
FABL,2026-09-13 05:00,46.40,41.00,81.33,0.00,0.00,0.00,30.18,M,6.21,M,M,M,M,M,M,M,M,M,M,M,M,M,M,M,M,46.40,FABL 130500Z 00000KT CAVOK 08/05 Q1022 NOSIG,M
FABL,2026-09-13 06:00,57.20,41.00,54.60,0.00,0.00,0.00,30.21,M,6.21,M,M,M,M,M,M,M,M,M,M,M,M,M,M,M,M,57.20,FABL 130600Z 00000KT CAVOK 14/05 Q1023 NOSIG,M
FABL,2026-09-13 07:00,64.40,42.80,45.34,20.00,3.00,0.00,30.21,M,6.21,M,M,M,M,M,M,M,M,M,M,M,M,M,M,M,M,64.40,FABL 130700Z 02003KT 350V070 CAVOK 18/06 Q1023 NOSIG,M
FABL,2026-09-13 08:00,75.20,41.00,29.26,360.00,7.00,0.00,30.21,M,6.21,M,M,M,M,M,M,M,M,M,M,M,M,M,M,M,M,75.20,FABL 130800Z 36007KT 330V040 CAVOK 24/05 Q1023 NOSIG,M
FABL,2026-09-13 09:00,77.00,41.00,27.57,340.00,12.00,0.00,30.21,M,6.21,M,M,M,M,M,M,M,M,M,M,M,M,M,M,M,M,77.00,FABL 130900Z 34012KT 300V010 CAVOK 25/05 Q1023 NOSIG,M
FABL,2026-09-13 10:00,78.80,42.80,27.85,330.00,13.00,0.00,30.18,M,6.21,M,M,M,M,M,M,M,M,M,M,M,M,M,M,M,M,78.80,FABL 131000Z 33013KT 300V360 CAVOK 26/06 Q1022 NOSIG,M
FABL,2026-09-13 11:00,82.40,39.20,21.54,320.00,11.00,0.00,30.15,M,6.21,M,M,M,M,M,M,M,M,M,M,M,M,M,M,M,M,80.21,FABL 131100Z 32011KT 280V360 CAVOK 28/04 Q1021 NOSIG,M
FABL,2026-09-13 12:00,82.40,42.80,24.77,330.00,11.00,0.00,30.12,M,6.21,M,FEW,M,M,M,3000.00,M,M,M,M,M,M,M,M,M,M,80.39,FABL 131200Z 33011KT 290V010 9999 FEW030 28/06 Q1020 NOSIG,M
FABL,2026-09-13 13:00,84.20,42.80,23.37,320.00,10.00,0.00,30.12,M,6.21,M,FEW,M,M,M,3000.00,M,M,M,M,M,M,M,M,M,M,81.61,FABL 131300Z 32010KT 290V360 9999 FEW030 29/06 Q1020 NOSIG,M
FABL,2026-09-13 14:00,80.60,41.00,24.49,350.00,10.00,0.00,30.09,M,6.21,M,SCT,M,M,M,3000.00,M,M,M,M,M,M,M,M,M,M,79.20,FABL 131400Z 35010KT 9999 SCT030 27/05 Q1019 NOSIG,M
FABL,2026-09-13 15:00,82.40,41.00,23.10,10.00,7.00,0.00,30.09,M,6.21,M,M,M,M,M,M,M,M,M,M,M,M,M,M,M,M,80.29,FABL 131500Z 01007KT 330V030 CAVOK 28/05 Q1019 NOSIG,M
FABL,2026-09-13 16:00,73.40,42.80,33.31,360.00,5.00,0.00,30.12,M,6.21,M,M,M,M,M,M,M,M,M,M,M,M,M,M,M,M,73.40,FABL 131600Z 36005KT CAVOK 23/06 Q1020 NOSIG,M
FABL,2026-09-13 17:00,68.00,42.80,40.02,20.00,4.00,0.00,30.12,M,6.21,M,M,M,M,M,M,M,M,M,M,M,M,M,M,M,M,68.00,FABL 131700Z 02004KT CAVOK 20/06 Q1020 NOSIG,M
FABL,2026-09-13 18:00,64.40,41.00,42.30,360.00,2.00,0.00,30.12,M,6.21,M,M,M,M,M,M,M,M,M,M,M,M,M,M,M,M,64.40,FABL 131800Z 36002KT CAVOK 18/05 Q1020 NOSIG,M
FABL,2026-09-13 19:00,62.60,42.80,48.29,80.00,3.00,0.00,30.15,M,6.21,M,M,M,M,M,M,M,M,M,,M,M,M,M,M,M,62.60,FABL 131900Z AUTO 08003KT 9999 // ///////// 17/06 Q1021,M
FABL,2026-09-13 20:00,60.80,42.80,51.46,60.00,4.00,0.00,30.15,M,6.21,M,M,M,M,M,M,M,M,M,,M,M,M,M,M,M,60.80,FABL 132000Z AUTO 06004KT 9999 // ///////// 16/06 Q1021,M
FABL,2026-09-13 21:00,57.20,42.80,58.52,M,1.00,0.00,30.15,M,6.21,M,M,M,M,M,M,M,M,M,,M,M,M,M,M,M,57.20,FABL 132100Z AUTO VRB01KT 9999 // ///////// 14/06 Q1021,M
FABL,2026-09-13 22:00,55.40,44.60,66.91,100.00,2.00,0.00,30.15,M,6.21,M,M,M,M,M,M,M,M,M,,M,M,M,M,M,M,55.40,FABL 132200Z AUTO 10002KT 9999 // ///////// 13/07 Q1021,M
FABL,2026-09-13 23:00,51.80,42.80,71.26,M,1.00,0.00,30.12,M,6.21,M,M,M,M,M,M,M,M,M,,M,M,M,M,M,M,51.80,FABL 132300Z AUTO VRB01KT 9999 // ///////// 11/06 Q1020,M
FABL,2026-09-14 00:00,59.00,41.00,51.18,60.00,5.00,0.00,30.09,M,6.21,M,M,M,M,M,M,M,M,M,,M,M,M,M,M,M,59.00,FABL 140000Z AUTO 06005KT 9999 // ///////// 15/05 Q1019,M
FABL,2026-09-14 01:00,55.40,42.80,62.46,M,2.00,0.00,30.09,M,6.21,M,M,M,M,M,M,M,M,M,,M,M,M,M,M,M,55.40,FABL 140100Z AUTO VRB02KT 9999 // ///////// 13/06 Q1019,M
FABL,2026-09-14 02:00,55.40,42.80,62.46,30.00,6.00,0.00,30.09,M,6.21,M,M,M,M,M,M,M,M,M,,M,M,M,M,M,M,55.40,FABL 140200Z AUTO 03006KT 9999 // ///////// 13/06 Q1019,M
FABL,2026-09-14 03:00,57.20,44.60,62.70,40.00,8.00,0.00,30.09,M,6.21,M,M,M,M,M,M,M,M,M,,M,M,M,M,M,M,57.20,FABL 140300Z AUTO 04008KT 9999 // ///////// 14/07 Q1019,M
FABL,2026-09-14 04:00,57.20,46.40,67.13,20.00,9.00,0.00,30.09,M,6.21,M,M,M,M,M,M,M,M,M,M,M,M,M,M,M,M,57.20,FABL 140400Z 02009KT CAVOK 14/08 Q1019 NOSIG,M
FABL,2026-09-14 05:00,57.20,48.20,71.84,20.00,13.00,0.00,30.09,M,6.21,M,M,M,M,M,M,M,M,M,M,M,M,M,M,M,M,57.20,FABL 140500Z 02013KT CAVOK 14/09 Q1019 NOSIG,M
FABL,2026-09-14 07:00,66.20,46.40,48.85,20.00,16.00,0.00,30.12,M,6.21,M,M,M,M,M,M,M,M,M,M,M,M,M,M,M,M,66.20,FABL 140700Z 02016KT CAVOK 19/08 Q1020 NOSIG,M
FABL,2026-09-14 08:00,69.80,46.40,43.16,20.00,17.00,0.00,30.12,M,6.21,M,M,M,M,M,M,M,M,M,M,M,M,M,M,M,M,69.80,FABL 140800Z 02017KT CAVOK 21/08 Q1020 NOSIG,M
FABL,2026-09-14 09:00,71.60,48.20,43.45,350.00,15.00,0.00,30.12,M,6.21,M,M,M,M,M,M,M,M,M,M,M,M,M,M,M,M,71.60,FABL 140900Z 35015KT CAVOK 22/09 Q1020 NOSIG,M
FABL,2026-09-14 10:00,69.80,48.20,46.19,340.00,14.00,0.00,30.12,M,6.21,M,FEW,M,M,M,3000.00,M,M,M,M,M,M,M,M,M,M,69.80,FABL 141000Z 34014KT 9999 FEW030 21/09 Q1020 NOSIG,M
FABL,2026-09-14 11:00,64.40,48.20,55.65,280.00,12.00,0.00,30.15,M,6.21,M,SCT,M,M,M,1000.00,M,M,M,-RA,M,M,M,M,M,M,64.40,FABL 141100Z 28012KT 9999 -RA SCT010 18/09 Q1021 NOSIG,M
FABL,2026-09-14 12:00,62.60,46.40,55.39,290.00,12.00,0.00,30.15,M,6.21,M,SCT,M,M,M,1500.00,M,M,M,-RA,M,M,M,M,M,M,62.60,FABL 141200Z 29012KT 9999 -RA SCT015 17/08 Q1021 NOSIG,M
FABL,2026-09-14 13:00,51.80,46.40,81.74,230.00,17.00,0.00,30.18,M,6.21,M,SCT,M,M,M,1000.00,M,M,M,-RA,M,M,M,M,M,M,51.80,FABL 141300Z 23017KT 9999 -RA SCT010 11/08 Q1022 NOSIG,M
FABL,2026-09-14 14:00,50.00,48.20,93.50,240.00,8.00,0.00,30.18,M,6.21,M,SCT,M,M,M,500.00,M,M,M,RA,M,M,M,M,M,M,50.00,FABL 141400Z 24008KT 190V340 9999 RA SCT005 10/09 Q1022 TEMPO BKN010,M
FABL,2026-09-14 15:00,50.00,48.20,93.50,200.00,3.00,0.00,30.21,M,4.97,M,BKN,M,M,M,500.00,M,M,M,RA,M,M,M,M,M,M,50.00,FABL 141500Z 20003KT 160V260 8000 RA BKN005 10/09 Q1023 TEMPO 5000,M
FABL,2026-09-14 16:00,51.80,48.20,87.47,60.00,11.00,0.00,30.12,M,6.21,M,BKN,M,M,M,1000.00,M,M,M,-RA,M,M,M,M,M,M,51.80,FABL 141600Z 06011KT 9999 -RA BKN010 11/09 Q1020 BECMG BKN015,M
FABL,2026-09-14 17:00,51.80,48.20,87.47,80.00,5.00,0.00,30.15,M,6.21,M,BKN,M,M,M,1500.00,M,M,M,M,M,M,M,M,M,M,51.80,FABL 141700Z 08005KT 9999 BKN015 11/09 Q1021 NOSIG,M
FABL,2026-09-14 18:00,51.80,50.00,93.55,80.00,5.00,0.00,30.15,M,6.21,M,SCT,M,M,M,1500.00,M,M,M,M,M,M,M,M,M,M,51.80,FABL 141800Z 08005KT 9999 SCT015 11/10 Q1021 NOSIG,M
FABL,2026-09-14 19:00,51.80,48.20,87.47,40.00,5.00,0.00,30.18,M,6.21,M,M,M,M,M,M,M,M,M,,M,M,M,M,M,M,51.80,FABL 141900Z AUTO 04005KT 9999 // ///////// 11/09 Q1022,M
FABL,2026-09-14 20:00,51.80,50.00,93.55,190.00,3.00,0.00,30.18,M,6.21,M,M,M,M,M,M,M,M,M,,M,M,M,M,M,M,51.80,FABL 142000Z AUTO 19003KT 110V250 9999 // ///////// 11/10 Q1022,M
FABL,2026-09-14 21:00,51.80,48.20,87.47,290.00,9.00,0.00,30.18,M,6.21,19.00,M,M,M,M,M,M,M,M,,M,M,M,M,M,M,51.80,FABL 142100Z AUTO 29009G19KT 9999 // ///////// 11/09 Q1022,M
FABL,2026-09-14 22:00,50.00,48.20,93.50,30.00,6.00,0.00,30.15,M,6.21,M,M,M,M,M,M,M,M,M,,M,M,M,M,M,M,50.00,FABL 142200Z AUTO 03006KT 360V070 9999 // ///////// 10/09 Q1021,M
FABL,2026-09-14 23:00,50.00,48.20,93.50,50.00,4.00,0.00,30.12,M,6.21,M,M,M,M,M,M,M,M,M,,M,M,M,M,M,M,50.00,FABL 142300Z AUTO 05004KT 9999 // ///////// 10/09 Q1020,M
FABL,2026-09-15 00:00,48.20,46.40,93.45,290.00,3.00,0.00,30.15,M,6.21,M,M,M,M,M,M,M,M,M,,M,M,M,M,M,M,47.21,FABL 150000Z AUTO 29003KT 260V340 9999 // ///////// 09/08 Q1021,M
FABL,2026-09-15 01:00,48.20,48.20,100.00,330.00,4.00,0.00,30.12,M,6.21,M,M,M,M,M,M,M,M,M,,M,M,M,M,M,M,46.34,FABL 150100Z AUTO 33004KT 290V360 9999 // ///////// 09/09 Q1020,M
FABL,2026-09-15 02:00,50.00,46.40,87.37,30.00,4.00,0.00,30.12,M,6.21,M,M,M,M,M,M,M,M,M,,M,M,M,M,M,M,50.00,FABL 150200Z AUTO 03004KT 9999 // ///////// 10/08 Q1020,M
FABL,2026-09-15 03:00,48.20,46.40,93.45,360.00,4.00,0.00,30.12,M,6.21,M,M,M,M,M,M,M,M,M,,M,M,M,M,M,M,46.34,FABL 150300Z AUTO 36004KT 9999 // ///////// 09/08 Q1020,M
FABL,2026-09-15 04:00,46.40,44.60,93.40,350.00,5.00,0.00,30.15,M,6.21,M,M,M,M,M,M,M,M,M,,M,M,M,M,M,M,43.50,FABL 150400Z AUTO 35005KT 9999 // ///////// 08/07 Q1021,M
FABL,2026-09-15 05:00,48.20,48.20,100.00,310.00,6.00,0.00,30.18,M,6.21,M,SCT,M,M,M,500.00,M,M,M,M,M,M,M,M,M,M,45.04,FABL 150500Z 31006KT 9999 SCT005 09/09 Q1022 NOSIG,M
FABL,2026-09-15 06:00,51.80,48.20,87.47,260.00,7.00,0.00,30.21,M,6.21,M,SCT,M,M,M,700.00,M,M,M,M,M,M,M,M,M,M,51.80,FABL 150600Z 26007KT 9999 SCT007 11/09 Q1023 NOSIG,M
FABL,2026-09-15 07:00,51.80,48.20,87.47,220.00,5.00,0.00,30.24,M,6.21,M,BKN,M,M,M,1000.00,M,M,M,M,M,M,M,M,M,M,51.80,FABL 150700Z 22005KT 190V270 9999 BKN010 11/09 Q1024 NOSIG,M
FABL,2026-09-15 08:00,57.20,46.40,67.13,310.00,7.00,0.00,30.24,M,6.21,M,SCT,M,M,M,1500.00,M,M,M,M,M,M,M,M,M,M,57.20,FABL 150800Z 31007KT 280V340 9999 SCT015 14/08 Q1024 NOSIG,M
FABL,2026-09-15 09:00,60.80,46.40,59.02,290.00,9.00,0.00,30.24,M,6.21,M,SCT,M,M,M,1500.00,M,M,M,M,M,M,M,M,M,M,60.80,FABL 150900Z 29009KT 240V330 9999 SCT015 16/08 Q1024 NOSIG,M
FABL,2026-09-15 10:00,62.60,42.80,48.29,300.00,10.00,0.00,30.21,M,6.21,M,SCT,M,M,M,1500.00,M,M,M,M,M,M,M,M,M,M,62.60,FABL 151000Z 30010KT 9999 SCT015 17/06 Q1023 NOSIG,M
FABL,2026-09-15 11:00,62.60,44.60,51.73,300.00,10.00,0.00,30.21,M,6.21,M,BKN,M,M,M,1500.00,M,M,M,M,M,M,M,M,M,M,62.60,FABL 151100Z 30010KT 270V330 9999 BKN015 17/07 Q1023 NOSIG,M
FABL,2026-09-15 12:00,62.60,42.80,48.29,280.00,9.00,0.00,30.18,M,6.21,M,BKN,M,M,M,2000.00,M,M,M,M,M,M,M,M,M,M,62.60,FABL 151200Z 28009KT 9999 BKN020 17/06 Q1022 NOSIG,M
FABL,2026-09-15 13:00,64.40,41.00,42.30,270.00,10.00,0.00,30.18,M,6.21,M,SCT,M,M,M,2000.00,M,M,M,M,M,M,M,M,M,M,64.40,FABL 151300Z 27010KT 240V310 9999 SCT020 18/05 Q1022 NOSIG,M
FABL,2026-09-15 14:00,66.20,42.80,42.59,270.00,9.00,0.00,30.18,M,6.21,M,SCT,M,M,M,2000.00,M,M,M,M,M,M,M,M,M,M,66.20,FABL 151400Z 27009KT 230V310 9999 SCT020 19/06 Q1022 NOSIG,M
FABL,2026-09-15 16:00,62.60,42.80,48.29,260.00,4.00,0.00,30.21,M,6.21,M,FEW,M,M,M,2500.00,M,M,M,M,M,M,M,M,M,M,62.60,FABL 151600Z 26004KT 9999 FEW025 17/06 Q1023 NOSIG,M
FABL,2026-09-15 17:00,59.00,42.80,54.86,260.00,3.00,0.00,30.24,M,6.21,M,M,M,M,M,M,M,M,M,M,M,M,M,M,M,M,59.00,FABL 151700Z 26003KT CAVOK 15/06 Q1024 NOSIG,M
FABL,2026-09-15 18:00,53.60,44.60,71.45,270.00,4.00,0.00,30.24,M,6.21,M,M,M,M,M,M,M,M,M,M,M,M,M,M,M,M,53.60,FABL 151800Z 27004KT CAVOK 12/07 Q1024 NOSIG,M
FABL,2026-09-15 19:00,51.80,44.60,76.34,60.00,2.00,0.00,30.27,M,6.21,M,M,M,M,M,M,M,M,M,,M,M,M,M,M,M,51.80,FABL 151900Z AUTO 06002KT 9999 // ///////// 11/07 Q1025,M
FABL,2026-09-15 20:00,50.00,44.60,81.60,0.00,0.00,0.00,30.27,M,6.21,M,M,M,M,M,M,M,M,M,,M,M,M,M,M,M,50.00,FABL 152000Z AUTO 00000KT 9999 // ///////// 10/07 Q1025,M
FABL,2026-09-15 21:00,48.20,44.60,87.28,210.00,5.00,0.00,30.27,M,6.21,M,M,M,M,M,M,M,M,M,,M,M,M,M,M,M,45.63,FABL 152100Z AUTO 21005KT 9999 // ///////// 09/07 Q1025,M
FABL,2026-09-15 22:00,46.40,42.80,87.18,M,2.00,0.00,30.27,M,6.21,M,M,M,M,M,M,M,M,M,,M,M,M,M,M,M,46.40,FABL 152200Z AUTO VRB02KT 9999 // ///////// 08/06 Q1025,M
FABL,2026-09-15 23:00,44.60,42.80,93.35,M,1.00,0.00,30.27,M,6.21,M,M,M,M,M,M,M,M,M,,M,M,M,M,M,M,44.60,FABL 152300Z AUTO VRB01KT 9999 // ///////// 07/06 Q1025,M
FABL,2026-09-16 00:00,42.80,41.00,93.29,0.00,0.00,0.00,30.24,M,6.21,M,M,M,M,M,M,M,M,M,,M,M,M,M,M,M,42.80,FABL 160000Z AUTO 00000KT 9999 // ///////// 06/05 Q1024,M
FABL,2026-09-16 01:00,42.80,41.00,93.29,0.00,0.00,0.00,30.24,M,6.21,M,M,M,M,M,M,M,M,M,,M,M,M,M,M,M,42.80,FABL 160100Z AUTO 00000KT 9999 // ///////// 06/05 Q1024,M
FABL,2026-09-16 02:00,44.60,42.80,93.35,210.00,4.00,0.00,30.24,M,6.21,M,M,M,M,M,M,M,M,M,,M,M,M,M,M,M,42.13,FABL 160200Z AUTO 21004KT 9999 // ///////// 07/06 Q1024,M
FABL,2026-09-16 03:00,41.00,41.00,100.00,0.00,0.00,0.00,30.24,M,6.21,M,M,M,M,M,M,M,M,M,M,M,M,M,M,M,M,41.00,FABL 160300Z 00000KT CAVOK 05/05 Q1024 NOSIG,M
FABL,2026-09-16 04:00,41.00,39.20,93.24,M,1.00,0.00,30.24,M,6.21,M,M,M,M,M,M,M,M,M,M,M,M,M,M,M,M,41.00,FABL 160400Z VRB01KT CAVOK 05/04 Q1024 NOSIG,M
FABL,2026-09-16 05:00,44.60,42.80,93.35,350.00,3.00,0.00,30.24,M,6.21,M,M,M,M,M,M,M,M,M,M,M,M,M,M,M,M,43.09,FABL 160500Z 35003KT CAVOK 07/06 Q1024 NOSIG,M
FABL,2026-09-16 06:00,51.80,44.60,76.34,M,2.00,0.00,30.24,M,6.21,M,M,M,M,M,M,M,M,M,M,M,M,M,M,M,M,51.80,FABL 160600Z VRB02KT CAVOK 11/07 Q1024 NOSIG,M
FABL,2026-09-16 07:00,59.00,46.40,62.93,60.00,4.00,0.00,30.27,M,6.21,M,M,M,M,M,M,M,M,M,M,M,M,M,M,M,M,59.00,FABL 160700Z 06004KT 360V090 CAVOK 15/08 Q1025 NOSIG,M
FABL,2026-09-16 08:00,66.20,46.40,48.85,340.00,6.00,0.00,30.27,M,6.21,M,M,M,M,M,M,M,M,M,M,M,M,M,M,M,M,66.20,FABL 160800Z 34006KT 280V030 CAVOK 19/08 Q1025 NOSIG,M
FABL,2026-09-16 09:00,69.80,44.60,40.31,310.00,9.00,0.00,30.27,M,6.21,M,M,M,M,M,M,M,M,M,M,M,M,M,M,M,M,69.80,FABL 160900Z 31009KT 270V350 CAVOK 21/07 Q1025 NOSIG,M
FABL,2026-09-16 10:00,71.60,42.80,35.40,M,M,0.00,30.27,M,6.21,M,M,M,M,M,M,M,M,M,M,M,M,M,M,M,M,71.60,FABL 161000Z /////KT CAVOK 22/06 Q1025 NOSIG,M
FABL,2026-09-16 12:00,75.20,41.00,29.26,M,6.00,0.00,30.21,M,6.21,M,M,M,M,M,M,M,M,M,M,M,M,M,M,M,M,75.20,FABL 161200Z VRB06KT CAVOK 24/05 Q1023 NOSIG,M
FABL,2026-09-16 13:00,75.20,41.00,29.26,290.00,8.00,0.00,30.18,M,6.21,M,M,M,M,M,M,M,M,M,M,M,M,M,M,M,M,75.20,FABL 161300Z 29008KT 240V320 CAVOK 24/05 Q1022 NOSIG,M
FABL,2026-09-16 14:00,73.40,41.00,31.08,270.00,9.00,0.00,30.18,M,6.21,M,FEW,M,M,M,3000.00,M,M,M,M,M,M,M,M,M,M,73.40,FABL 161400Z 27009KT 230V320 9999 FEW030 23/05 Q1022 NOSIG,M
FABL,2026-09-16 16:00,69.80,42.80,37.63,250.00,4.00,0.00,30.21,M,6.21,M,M,M,M,M,M,M,M,M,M,M,M,M,M,M,M,69.80,FABL 161600Z 25004KT CAVOK 21/06 Q1023 NOSIG,M
FABL,2026-09-16 17:00,66.20,42.80,42.59,250.00,4.00,0.00,30.24,M,6.21,M,M,M,M,M,M,M,M,M,M,M,M,M,M,M,M,66.20,FABL 161700Z 25004KT CAVOK 19/06 Q1024 NOSIG,M
FABL,2026-09-16 18:00,62.60,44.60,51.73,180.00,3.00,0.00,30.24,M,6.21,M,M,M,M,M,M,M,M,M,M,M,M,M,M,M,M,62.60,FABL 161800Z 18003KT CAVOK 17/07 Q1024 NOSIG,M
FABL,2026-09-16 19:00,59.00,46.40,62.93,180.00,3.00,0.00,30.24,M,6.21,M,M,M,M,M,M,M,M,M,,M,M,M,M,M,M,59.00,FABL 161900Z AUTO 18003KT 9999 // ///////// 15/08 Q1024,M
FABL,2026-09-16 20:00,55.40,46.40,71.65,170.00,2.00,0.00,30.24,M,6.21,M,M,M,M,M,M,M,M,M,,M,M,M,M,M,M,55.40,FABL 162000Z AUTO 17002KT 9999 // ///////// 13/08 Q1024,M
FABL,2026-09-16 22:00,50.00,44.60,81.60,240.00,2.00,0.00,30.21,M,6.21,M,M,M,M,M,M,M,M,M,,M,M,M,M,M,M,50.00,FABL 162200Z AUTO 24002KT 9999 // ///////// 10/07 Q1023,M
FABL,2026-09-16 23:00,50.00,44.60,81.60,250.00,4.00,0.00,30.21,M,6.21,M,M,M,M,M,M,M,M,M,,M,M,M,M,M,M,50.00,FABL 162300Z AUTO 25004KT 9999 // ///////// 10/07 Q1023,M
FABL,2026-09-17 00:00,50.00,44.60,81.60,200.00,2.00,0.00,30.21,M,6.21,M,M,M,M,M,M,M,M,M,,M,M,M,M,M,M,50.00,FABL 170000Z AUTO 20002KT 9999 // ///////// 10/07 Q1023,M
FABL,2026-09-17 01:00,50.00,44.60,81.60,M,1.00,0.00,30.18,M,6.21,M,M,M,M,M,M,M,M,M,,M,M,M,M,M,M,50.00,FABL 170100Z AUTO VRB01KT 9999 // ///////// 10/07 Q1022,M
FABL,2026-09-17 02:00,48.20,44.60,87.28,180.00,5.00,0.00,30.18,M,6.21,M,M,M,M,M,M,M,M,M,,M,M,M,M,M,M,45.63,FABL 170200Z AUTO 18005KT 9999 // ///////// 09/07 Q1022,M
FABL,2026-09-17 03:00,50.00,46.40,87.37,180.00,3.00,0.00,30.21,M,6.21,M,BKN,M,M,M,3000.00,M,M,M,M,M,M,M,M,M,M,50.00,FABL 170300Z 18003KT 9999 BKN030 10/08 Q1023 NOSIG,M
FABL,2026-09-17 04:00,51.80,46.40,81.74,210.00,4.00,0.00,30.21,M,6.21,M,BKN,FEW,M,M,3000.00,4500.00,M,M,-TSRA,M,M,M,M,M,M,51.80,FABL 170400Z 21004KT 9999 -TSRA BKN030 FEW045CB 11/08 Q1023 NOSIG,M
FABL,2026-09-17 05:00,50.00,48.20,93.50,150.00,3.00,0.00,30.24,M,6.21,M,FEW,SCT,M,M,1500.00,4500.00,M,M,TSRA,M,M,M,M,M,M,50.00,COR FABL 170500Z 15003KT 9999 TSRA FEW015 SCT045CB 10/09 Q1024 TEMPO 5000,M
FABL,2026-09-17 06:00,51.80,48.20,87.47,170.00,5.00,0.00,30.24,M,6.21,M,BKN,SCT,M,M,4000.00,4500.00,M,M,-TSRA,M,M,M,M,M,M,51.80,FABL 170600Z 17005KT 140V200 9999 -TSRA BKN040 SCT045CB 11/09 Q1024 NOSIG,M
FABL,2026-09-17 07:00,53.60,50.00,87.56,110.00,5.00,0.00,30.24,M,6.21,M,FEW,BKN,FEW,M,1000.00,4000.00,4500.00,M,-TSRA,M,M,M,M,M,M,53.60,FABL 170700Z 11005KT 090V160 9999 -TSRA FEW010 BKN040 FEW045CB 12/10 Q1024 TEMPO 5000 TSRA,M
FABL,2026-09-17 08:00,55.40,51.80,87.65,140.00,4.00,0.00,30.21,M,6.21,M,BKN,FEW,M,M,4000.00,4500.00,M,M,-TSRA,M,M,M,M,M,M,55.40,FABL 170800Z 14004KT 070V190 9999 -TSRA BKN040 FEW045CB 13/11 Q1023 NOSIG,M
FABL,2026-09-17 09:00,55.40,53.60,93.65,130.00,7.00,0.00,30.24,M,6.21,M,BKN,FEW,M,M,1000.00,3500.00,M,M,-TSRA,M,M,M,M,M,M,55.40,FABL 170900Z 13007KT 9999 -TSRA BKN010 FEW035CB 13/12 Q1024 NOSIG,M
FABL,2026-09-17 10:00,59.00,55.40,87.84,120.00,7.00,0.00,30.21,M,6.21,M,BKN,M,M,M,1500.00,M,M,M,M,M,M,M,M,M,M,59.00,FABL 171000Z 12007KT 080V150 9999 BKN015 15/13 Q1023 NOSIG,M
FABL,2026-09-17 11:00,64.40,59.00,82.63,80.00,5.00,0.00,30.18,M,6.21,M,BKN,M,M,M,2000.00,M,M,M,M,M,M,M,M,M,M,64.40,FABL 171100Z 08005KT 060V120 9999 BKN020 18/15 Q1022 NOSIG,M
FABL,2026-09-17 12:00,64.40,55.40,72.58,360.00,6.00,0.00,30.15,M,6.21,M,SCT,M,M,M,2500.00,M,M,M,M,M,M,M,M,M,M,64.40,FABL 171200Z 36006KT 9999 SCT025 18/13 Q1021 NOSIG,M
FABL,2026-09-17 13:00,66.20,57.20,72.76,50.00,7.00,0.00,30.15,M,6.21,M,SCT,FEW,M,M,3000.00,3500.00,M,M,TS,M,M,M,M,M,M,66.20,FABL 171300Z 05007KT 9999 TS SCT030 FEW035CB 19/14 Q1021 NOSIG,M
FABL,2026-09-17 14:00,64.40,59.00,82.63,30.00,7.00,0.00,30.15,M,6.21,M,SCT,FEW,M,M,2500.00,3500.00,M,M,-TSRA,M,M,M,M,M,M,64.40,FABL 171400Z 03007KT 9999 -TSRA SCT025 FEW035CB 18/15 Q1021 NOSIG,M
FABL,2026-09-17 16:00,62.60,59.00,88.01,140.00,4.00,0.00,30.15,M,6.21,M,SCT,M,M,M,2500.00,M,M,M,M,M,M,M,M,M,M,62.60,FABL 171600Z 14004KT 9999 SCT025 17/15 Q1021 NOSIG,M
FABL,2026-09-17 17:00,60.80,57.20,87.93,100.00,6.00,0.00,30.18,M,6.21,M,SCT,M,M,M,2500.00,M,M,M,M,M,M,M,M,M,M,60.80,FABL 171700Z 10006KT 9999 SCT025 16/14 Q1022 NOSIG,M
FABL,2026-09-17 18:00,59.00,55.40,87.84,100.00,6.00,0.00,30.18,M,6.21,M,SCT,M,M,M,2500.00,M,M,M,M,M,M,M,M,M,M,59.00,FABL 171800Z 10006KT 9999 SCT025 15/13 Q1022 NOSIG,M
FABL,2026-09-17 19:00,59.00,55.40,87.84,120.00,4.00,0.00,30.21,M,6.21,M,M,M,M,M,M,M,M,M,,M,M,M,M,M,M,59.00,FABL 171900Z AUTO 12004KT 080V140 9999 // ///////// 15/13 Q1023,M
FABL,2026-09-17 20:00,59.00,55.40,87.84,140.00,5.00,0.00,30.21,M,6.21,M,M,M,M,M,M,M,M,M,,M,M,M,M,M,M,59.00,FABL 172000Z AUTO 14005KT 9999 // ///////// 15/13 Q1023,M
FABL,2026-09-17 21:00,57.20,55.40,93.70,140.00,5.00,0.00,30.21,M,6.21,M,M,M,M,M,M,M,M,M,,M,M,M,M,M,M,57.20,FABL 172100Z AUTO 14005KT 9999 // ///////// 14/13 Q1023,M
FABL,2026-09-17 22:00,57.20,51.80,82.13,60.00,10.00,0.00,30.21,M,6.21,M,M,M,M,M,M,M,M,M,,M,M,M,M,M,M,57.20,FABL 172200Z AUTO 06010KT 9999 // ///////// 14/11 Q1023,M
FABL,2026-09-17 23:00,57.20,51.80,82.13,90.00,7.00,0.00,30.21,M,6.21,M,M,M,M,M,M,M,M,M,,M,M,M,M,M,M,57.20,FABL 172300Z AUTO 09007KT 9999 // ///////// 14/11 Q1023,M
FABL,2026-09-18 00:00,57.20,50.00,76.83,70.00,10.00,0.00,30.21,M,6.21,M,M,M,M,M,M,M,M,M,,M,M,M,M,M,M,57.20,FABL 180000Z AUTO 07010KT 9999 // ///////// 14/10 Q1023,M
FABL,2026-09-18 02:00,55.40,51.80,87.65,100.00,6.00,0.00,30.21,M,6.21,M,M,M,M,M,M,M,M,M,,M,M,M,M,M,M,55.40,FABL 180200Z AUTO 10006KT 9999 // ///////// 13/11 Q1023,M
FABL,2026-09-18 03:00,55.40,51.80,87.65,50.00,6.00,0.00,30.24,M,6.21,M,BKN,FEW,M,M,2000.00,3000.00,M,M,TS,M,M,M,M,M,M,55.40,FABL 180300Z 05006KT 9999 TS BKN020 FEW030CB 13/11 Q1024 NOSIG,M
FABL,2026-09-18 04:55,55.40,51.80,87.65,80.00,5.00,0.00,30.27,M,6.21,M,BKN,FEW,M,M,1500.00,3500.00,M,M,TS,M,M,M,M,M,M,55.40,FABL 180455Z 08005KT 9999 TS BKN015 FEW035CB 13/11 Q1025 TEMPO -TSRA BKN010,M
FABL,2026-09-18 06:00,53.60,51.80,93.60,30.00,7.00,0.00,30.33,M,3.11,M,OVC,FEW,M,M,600.00,3500.00,M,M,SHRA,M,M,M,M,M,M,53.60,COR FABL 180600Z 03007KT 350V070 5000 SHRA OVC006 FEW035CB 12/11 Q1027 RETS TEMPO 7000 -TSRA,M
FABL,2026-09-18 08:00,53.60,51.80,93.60,40.00,9.00,0.00,30.36,M,4.97,M,OVC,M,M,M,1000.00,M,M,M,-RA,M,M,M,M,M,M,53.60,FABL 180800Z 04009KT 8000 -RA OVC010 12/11 Q1028 NOSIG,M
FABL,2026-09-18 09:00,53.60,51.80,93.60,50.00,8.00,0.00,30.39,M,4.97,M,OVC,M,M,M,1000.00,M,M,M,-RA,M,M,M,M,M,M,53.60,FABL 180900Z 05008KT 8000 -RA OVC010 12/11 Q1029 TEMPO 8000 -RA,M
FABL,2026-09-18 10:00,53.60,51.80,93.60,90.00,10.00,0.00,30.36,M,3.11,M,OVC,M,M,M,800.00,M,M,M,RA,M,M,M,M,M,M,53.60,FABL 181000Z 09010KT 5000 RA OVC008 12/11 Q1028 NOSIG,M
FABL,2026-09-18 11:00,53.60,53.60,100.00,70.00,9.00,0.00,30.36,M,3.11,M,OVC,M,M,M,700.00,M,M,M,RA,M,M,M,M,M,M,53.60,FABL 181100Z 07009KT 5000 RA OVC007 12/12 Q1028 TEMPO 7000 -RA,M
FABL,2026-09-18 11:50,53.60,53.60,100.00,80.00,10.00,0.00,30.33,M,6.21,M,SCT,OVC,M,M,700.00,1000.00,M,M,-RA,M,M,M,M,M,M,53.60,FABL 181150Z 08010KT 9999 -RA SCT007 OVC010 12/12 Q1027 BECMG BKN015,M
FABL,2026-09-18 12:00,55.40,53.60,93.65,80.00,10.00,0.00,30.33,M,6.21,M,FEW,OVC,M,M,500.00,1000.00,M,M,-RA,M,M,M,M,M,M,55.40,FABL 181200Z 08010KT 9999 -RA FEW005 OVC010 13/12 Q1027 BECMG BKN015,M
FABL,2026-09-18 13:00,55.40,51.80,87.65,100.00,8.00,0.00,30.33,M,6.21,M,FEW,SCT,BKN,M,500.00,1500.00,3000.00,M,M,M,M,M,M,M,M,55.40,FABL 181300Z 10008KT 9999 FEW005 SCT015 BKN030 13/11 Q1027 RERA NOSIG,M
FABL,2026-09-18 14:00,55.40,51.80,87.65,110.00,6.00,0.00,30.33,M,6.21,M,FEW,BKN,M,M,500.00,3000.00,M,M,M,M,M,M,M,M,M,55.40,FABL 181400Z 11006KT 9999 FEW005 BKN030 13/11 Q1027 NOSIG,M
FABL,2026-09-18 17:00,53.60,51.80,93.60,140.00,9.00,0.00,30.42,M,6.21,M,FEW,BKN,M,M,500.00,1000.00,M,M,-RA,M,M,M,M,M,M,53.60,FABL 181700Z 14009KT 9999 -RA FEW005 BKN010 12/11 Q1030 NOSIG,M
FABL,2026-09-18 18:00,53.60,51.80,93.60,150.00,6.00,0.00,30.45,M,6.21,M,FEW,BKN,M,M,500.00,1000.00,M,M,-RA,M,M,M,M,M,M,53.60,FABL 181800Z 15006KT 9999 -RA FEW005 BKN010 12/11 Q1031 NOSIG,M
FABL,2026-09-19 03:00,53.60,50.00,87.56,10.00,9.00,0.00,30.39,M,6.21,M,BKN,M,M,M,1000.00,M,M,M,-RA,M,M,M,M,M,M,53.60,FABL 190300Z 01009KT 9999 -RA BKN010 12/10 Q1029 BECMG OVC010,M
FABL,2026-09-19 04:00,53.60,50.00,87.56,20.00,8.00,0.00,30.39,M,6.21,M,OVC,M,M,M,1500.00,M,M,M,M,M,M,M,M,M,M,53.60,FABL 190400Z 02008KT 9999 OVC015 12/10 Q1029 NOSIG,M
FABL,2026-09-19 05:00,55.40,48.20,76.67,20.00,12.00,0.00,30.39,M,6.21,M,OVC,M,M,M,1500.00,M,M,M,M,M,M,M,M,M,M,55.40,FABL 190500Z 02012KT 9999 OVC015 13/09 Q1029 NOSIG,M
FABL,2026-09-19 06:00,57.20,50.00,76.83,20.00,10.00,0.00,30.42,M,6.21,M,OVC,M,M,M,1500.00,M,M,M,M,M,M,M,M,M,M,57.20,FABL 190600Z 02010KT 9999 OVC015 14/10 Q1030 NOSIG,M
FABL,2026-09-19 07:00,57.20,50.00,76.83,30.00,10.00,0.00,30.42,M,6.21,M,OVC,M,M,M,2000.00,M,M,M,M,M,M,M,M,M,M,57.20,FABL 190700Z 03010KT 9999 OVC020 14/10 Q1030 NOSIG,M
FABL,2026-09-19 08:00,55.40,50.00,82.00,280.00,9.00,0.00,30.42,M,6.21,M,SCT,OVC,M,M,1000.00,1500.00,M,M,M,M,M,M,M,M,M,55.40,FABL 190800Z 28009KT 9999 SCT010 OVC015 13/10 Q1030 BECMG BKN010,M
FABL,2026-09-19 08:38,51.80,50.00,93.55,240.00,4.00,0.00,30.47,M,3.11,M,OVC,M,M,M,500.00,M,M,M,RA,M,M,M,M,M,M,51.80,FABL 190838Z 24004KT 5000 RA OVC005 11/10 Q1032 TEMPO 7000 -RA OVC008,M
FABL,2026-09-19 09:00,51.80,51.80,100.00,220.00,4.00,0.00,30.45,M,3.73,M,OVC,M,M,M,500.00,M,M,M,RA,M,M,M,M,M,M,51.80,FABL 190900Z 22004KT 6000 RA OVC005 11/11 Q1031 TEMPO OVC008,M
FABL,2026-09-19 13:00,60.80,53.60,77.15,120.00,5.00,0.00,30.36,M,6.21,M,OVC,M,M,M,2000.00,M,M,M,M,M,M,M,M,M,M,60.80,FABL 191300Z 12005KT 9999 OVC020 16/12 Q1028 NOSIG,M
FABL,2026-09-19 14:00,60.80,53.60,77.15,190.00,4.00,0.00,30.36,M,6.21,M,OVC,M,M,M,2000.00,M,M,M,M,M,M,M,M,M,M,60.80,FABL 191400Z 19004KT 9999 OVC020 16/12 Q1028 NOSIG,M
FABL,2026-09-19 15:00,60.80,53.60,77.15,150.00,6.00,0.00,30.33,M,6.21,M,OVC,M,M,M,2000.00,M,M,M,-RA,M,M,M,M,M,M,60.80,FABL 191500Z 15006KT 9999 -RA OVC020 16/12 Q1027 NOSIG,M
FABL,2026-09-19 17:00,59.00,53.60,82.26,150.00,6.00,0.00,30.36,M,6.21,M,OVC,M,M,M,1500.00,M,M,M,-RA,M,M,M,M,M,M,59.00,FABL 191700Z 15006KT 9999 -RA OVC015 15/12 Q1028 NOSIG,M
FABL,2026-09-19 18:00,57.20,53.60,87.75,170.00,6.00,0.00,30.36,M,6.21,M,OVC,M,M,M,1500.00,M,M,M,-RA,M,M,M,M,M,M,57.20,FABL 191800Z 17006KT 9999 -RA OVC015 14/12 Q1028 NOSIG,M
FABL,2026-09-20 03:00,53.60,51.80,93.60,50.00,6.00,0.00,30.36,M,6.21,M,BKN,M,M,M,1500.00,M,M,M,M,M,M,M,M,M,M,53.60,FABL 200300Z 05006KT 9999 BKN015 12/11 Q1028 NOSIG,M
FABL,2026-09-20 10:00,68.00,53.60,60.00,20.00,13.00,0.00,30.36,M,6.21,M,FEW,M,M,M,2000.00,M,M,M,M,M,M,M,M,M,M,68.00,FABL 201000Z 02013KT 9999 FEW020 20/12 Q1028 NOSIG,M
FABL,2026-09-20 12:00,71.60,53.60,53.07,350.00,8.00,0.00,30.33,M,6.21,M,FEW,M,M,M,2000.00,M,M,M,M,M,M,M,M,M,M,71.60,FABL 201200Z 35008KT 9999 FEW020 22/12 Q1027 NOSIG,M
FABL,2026-09-20 13:00,71.60,51.80,49.67,340.00,7.00,0.00,30.30,M,6.21,M,FEW,OVC,M,M,2000.00,7000.00,M,M,M,M,M,M,M,M,M,71.60,FABL 201300Z 34007KT 9999 FEW020 OVC070 22/11 Q1026 NOSIG,M
FABL,2026-09-20 14:00,71.60,51.80,49.67,330.00,2.00,0.00,30.30,M,6.21,M,FEW,OVC,M,M,2000.00,7000.00,M,M,M,M,M,M,M,M,M,71.60,FABL 201400Z 33002KT 9999 FEW020 OVC070 22/11 Q1026 NOSIG,M
FABL,2026-09-20 15:00,69.80,51.80,52.81,M,1.00,0.00,30.30,M,6.21,M,FEW,OVC,M,M,3000.00,7000.00,M,M,M,M,M,M,M,M,M,69.80,FABL 201500Z VRB01KT 9999 FEW030 OVC070 21/11 Q1026 NOSIG,M
FABL,2026-09-20 16:00,68.00,51.80,56.16,M,2.00,0.00,30.30,M,6.21,M,M,M,M,M,M,M,M,M,M,M,M,M,M,M,M,68.00,FABL 201600Z VRB02KT CAVOK 20/11 Q1026 NOSIG,M
FABL,2026-09-20 17:00,62.60,55.40,77.31,220.00,3.00,0.00,30.30,M,6.21,M,M,M,M,M,M,M,M,M,M,M,M,M,M,M,M,62.60,FABL 201700Z 22003KT CAVOK 17/13 Q1026 NOSIG,M
FABL,2026-09-20 18:00,62.60,55.40,77.31,170.00,4.00,0.00,30.30,M,6.21,M,M,M,M,M,M,M,M,M,M,M,M,M,M,M,M,62.60,FABL 201800Z 17004KT CAVOK 17/13 Q1026 NOSIG,M
FABL,2026-09-21 03:00,53.60,53.60,100.00,310.00,3.00,0.00,30.27,M,6.21,M,BKN,M,M,M,1500.00,M,M,M,M,M,M,M,M,M,M,53.60,FABL 210300Z 31003KT 9999 BKN015 12/12 Q1025 NOSIG,M
FABL,2026-09-21 04:00,55.40,53.60,93.65,150.00,3.00,0.00,30.30,M,6.21,M,SCT,M,M,M,2000.00,M,M,M,M,M,M,M,M,M,M,55.40,FABL 210400Z 15003KT 9999 SCT020 13/12 Q1026 NOSIG,M
FABL,2026-09-21 05:00,55.40,53.60,93.65,40.00,2.00,0.00,30.30,M,6.21,M,SCT,M,M,M,2500.00,M,M,M,M,M,M,M,M,M,M,55.40,FABL 210500Z 04002KT 9999 SCT025 13/12 Q1026 NOSIG,M
FABL,2026-09-21 06:00,59.00,55.40,87.84,190.00,3.00,0.00,30.30,M,6.21,M,M,M,M,M,M,M,M,M,M,M,M,M,M,M,M,59.00,FABL 210600Z 19003KT CAVOK 15/13 Q1026 NOSIG,M
FABL,2026-09-21 08:00,69.80,55.40,60.24,80.00,5.00,0.00,30.30,M,6.21,M,FEW,M,M,M,3500.00,M,M,M,M,M,M,M,M,M,M,69.80,FABL 210800Z 08005KT 9999 FEW035 21/13 Q1026 NOSIG,M
FABL,2026-09-21 09:00,73.40,53.60,49.95,70.00,4.00,0.00,30.30,M,6.21,M,FEW,M,M,M,3500.00,M,M,M,M,M,M,M,M,M,M,73.40,FABL 210900Z 07004KT 9999 FEW035 23/12 Q1026 NOSIG,M
FABL,2026-09-21 10:00,77.00,53.60,44.30,50.00,6.00,0.00,30.27,M,6.21,M,SCT,M,M,M,3500.00,M,M,M,M,M,M,M,M,M,M,77.00,FABL 211000Z 05006KT 9999 SCT035 25/12 Q1025 NOSIG,M
FABL,2026-09-21 11:00,75.20,51.80,44.02,40.00,2.00,0.00,30.24,M,6.21,M,SCT,M,M,M,3500.00,M,M,M,M,M,M,M,M,M,M,75.20,FABL 211100Z 04002KT 9999 SCT035 24/11 Q1024 NOSIG,M
FABL,2026-09-21 15:00,66.20,51.80,59.76,200.00,8.00,0.00,30.21,M,6.21,M,FEW,FEW,M,M,3000.00,4000.00,M,M,M,M,M,M,M,M,M,66.20,FABL 211500Z 20008KT 9999 FEW030 FEW040CB 19/11 Q1023 NOSIG,M
FABL,2026-09-22 03:00,51.80,50.00,93.55,40.00,3.00,0.00,30.27,M,6.21,M,M,M,M,M,M,M,M,M,M,M,M,M,M,M,M,51.80,FABL 220300Z 04003KT CAVOK 11/10 Q1025 NOSIG,M
FABL,2026-09-22 04:00,53.60,50.00,87.56,60.00,3.00,0.00,30.27,M,6.21,M,M,M,M,M,M,M,M,M,M,M,M,M,M,M,M,53.60,FABL 220400Z 06003KT CAVOK 12/10 Q1025 NOSIG,M
FABL,2026-09-22 05:00,55.40,50.00,82.00,80.00,6.00,0.00,30.30,M,6.21,M,M,M,M,M,M,M,M,M,M,M,M,M,M,M,M,55.40,FABL 220500Z 08006KT CAVOK 13/10 Q1026 NOSIG,M
FABL,2026-09-22 06:00,59.00,51.80,76.99,60.00,6.00,0.00,30.30,M,6.21,M,M,M,M,M,M,M,M,M,M,M,M,M,M,M,M,59.00,FABL 220600Z 06006KT CAVOK 15/11 Q1026 NOSIG,M
FABL,2026-09-22 07:00,64.40,53.60,67.97,60.00,4.00,0.00,30.30,M,6.21,M,M,M,M,M,M,M,M,M,M,M,M,M,M,M,M,64.40,FABL 220700Z 06004KT 020V100 CAVOK 18/12 Q1026 NOSIG,M
FABL,2026-09-22 08:00,69.80,51.80,52.81,M,4.00,0.00,30.30,M,6.21,M,M,M,M,M,M,M,M,M,M,M,M,M,M,M,M,69.80,FABL 220800Z VRB04KT CAVOK 21/11 Q1026 NOSIG,M
FABL,2026-09-22 12:00,75.20,50.00,41.18,M,M,0.00,30.21,M,6.21,M,SCT,M,M,M,3000.00,M,M,M,M,M,M,M,M,M,M,75.20,FABL 221200Z /////KT 9999 SCT030 24/10 Q1023 NOSIG,M
FABL,2026-09-22 13:00,78.80,48.20,34.18,M,M,0.00,30.18,M,6.21,M,SCT,M,M,M,3000.00,M,M,M,M,M,M,M,M,M,M,78.80,FABL 221300Z /////KT 9999 SCT030 26/09 Q1022 NOSIG,M
FABL,2026-09-22 14:00,77.00,48.20,36.27,M,M,0.00,30.18,M,6.21,M,SCT,M,M,M,3000.00,M,M,M,M,M,M,M,M,M,M,77.00,FABL 221400Z /////KT 9999 SCT030 25/09 Q1022 NOSIG,M
