station,valid,tmpf,dwpf,relh,drct,sknt,p01i,alti,mslp,vsby,gust,skyc1,skyc2,skyc3,skyc4,skyl1,skyl2,skyl3,skyl4,wxcodes,ice_accretion_1hr,ice_accretion_3hr,ice_accretion_6hr,peak_wind_gust,peak_wind_drct,peak_wind_time,feel,metar,snowdepth
FAGG,2026-06-24 00:00,57.20,53.60,87.75,260.00,9.00,0.00,30.15,M,6.21,M,OVC,M,M,M,1400.00,M,M,M,M,M,M,M,M,M,M,57.20,FAGG 240000Z AUTO 26009KT 9999 OVC014/// 14/12 Q1021,M
FAGG,2026-06-24 00:15,55.40,53.60,93.65,270.00,7.00,0.00,30.18,M,6.21,M,BKN,OVC,M,M,1000.00,1300.00,M,M,-RA,M,M,M,M,M,M,55.40,FAGG 240015Z AUTO 27007KT 9999 -RA BKN010/// OVC013/// 13/12 Q1022,M
FAGG,2026-06-24 00:31,55.40,53.60,93.65,280.00,7.00,0.00,30.18,M,6.21,M,BKN,BKN,BKN,M,900.00,1100.00,1300.00,M,M,M,M,M,M,M,M,55.40,FAGG 240031Z AUTO 28007KT 9999 BKN009/// BKN011/// BKN013/// 13/12 Q1022,M
FAGG,2026-06-24 00:44,55.40,53.60,93.65,290.00,7.00,0.00,30.18,M,6.21,M,BKN,BKN,M,M,800.00,1200.00,M,M,-RA,M,M,M,M,M,M,55.40,FAGG 240044Z AUTO 29007KT 9999 -RA BKN008/// BKN012/// 13/12 Q1022,M
FAGG,2026-06-24 00:51,55.40,55.40,100.00,280.00,6.00,0.00,30.18,M,3.73,M,FEW,BKN,OVC,M,600.00,800.00,1400.00,M,-RA,M,M,M,M,M,M,55.40,FAGG 240051Z AUTO 28006KT 6000 -RA FEW006/// BKN008/// OVC014/// 13/13 Q1022,M
FAGG,2026-06-24 00:54,55.40,53.60,93.65,280.00,6.00,0.00,30.18,M,3.73,M,FEW,OVC,M,M,600.00,800.00,M,M,-RA,M,M,M,M,M,M,55.40,FAGG 240054Z AUTO 28006KT 6000 -RA FEW006/// OVC008/// 13/12 Q1022,M
FAGG,2026-06-24 01:00,55.40,53.60,93.65,280.00,6.00,0.00,30.18,M,3.73,M,FEW,OVC,M,M,600.00,800.00,M,M,-RA,M,M,M,M,M,M,55.40,FAGG 240100Z AUTO 28006KT 6000 -RA FEW006/// OVC008/// 13/12 Q1022,M
FAGG,2026-06-24 01:05,55.40,55.40,100.00,280.00,5.00,0.00,30.18,M,3.73,M,SCT,BKN,OVC,M,500.00,800.00,1400.00,M,-RA,M,M,M,M,M,M,55.40,FAGG 240105Z AUTO 28005KT 6000 -RA SCT005/// BKN008/// OVC014/// 13/13 Q1022,M
FAGG,2026-06-24 01:22,55.40,55.40,100.00,300.00,4.00,0.00,30.18,M,6.21,M,SCT,BKN,BKN,M,400.00,1200.00,2100.00,M,-RA,M,M,M,M,M,M,55.40,FAGG 240122Z AUTO 30004KT 9999 -RA SCT004/// BKN012/// BKN021/// 13/13 Q1022,M
FAGG,2026-06-24 01:31,55.40,55.40,100.00,290.00,4.00,0.00,30.18,M,6.21,M,SCT,BKN,BKN,M,400.00,1200.00,2900.00,M,-RA,M,M,M,M,M,M,55.40,FAGG 240131Z AUTO 29004KT 9999 -RA SCT004/// BKN012/// BKN029/// 13/13 Q1022,M
FAGG,2026-06-24 01:32,55.40,55.40,100.00,290.00,4.00,0.00,30.18,M,6.21,M,BKN,BKN,BKN,M,300.00,1200.00,2900.00,M,-RA,M,M,M,M,M,M,55.40,FAGG 240132Z AUTO 29004KT 9999 -RA BKN003/// BKN012/// BKN029/// 13/13 Q1022,M
FAGG,2026-06-24 01:43,55.40,55.40,100.00,290.00,4.00,0.00,30.18,M,6.21,M,SCT,BKN,BKN,M,300.00,2000.00,2900.00,M,M,M,M,M,M,M,M,55.40,FAGG 240143Z AUTO 29004KT 9999 SCT003/// BKN020/// BKN029/// 13/13 Q1022,M
FAGG,2026-06-24 01:47,55.40,55.40,100.00,280.00,3.00,0.00,30.18,M,6.21,M,SCT,BKN,BKN,M,400.00,1100.00,2100.00,M,M,M,M,M,M,M,M,55.40,FAGG 240147Z AUTO 28003KT 9999 SCT004/// BKN011/// BKN021/// 13/13 Q1022,M
FAGG,2026-06-24 01:51,55.40,55.40,100.00,280.00,3.00,0.00,30.18,M,6.21,M,SCT,BKN,BKN,M,400.00,900.00,2600.00,M,M,M,M,M,M,M,M,55.40,FAGG 240151Z AUTO 28003KT 9999 SCT004/// BKN009/// BKN026/// 13/13 Q1022,M
FAGG,2026-06-24 01:54,55.40,55.40,100.00,280.00,3.00,0.00,30.18,M,4.35,M,SCT,BKN,BKN,M,400.00,800.00,1100.00,M,-RA,M,M,M,M,M,M,55.40,FAGG 240154Z AUTO 28003KT 7000 3300 -RA SCT004/// BKN008/// BKN011/// 13/13 Q1022,M
FAGG,2026-06-24 01:56,55.40,55.40,100.00,280.00,3.00,0.00,30.18,M,2.73,M,SCT,BKN,BKN,M,400.00,700.00,1100.00,M,-RA,M,M,M,M,M,M,55.40,FAGG 240156Z AUTO 28003KT 4400 -RA SCT004/// BKN007/// BKN011/// 13/13 Q1022,M
FAGG,2026-06-24 02:00,55.40,55.40,100.00,280.00,3.00,0.00,30.18,M,2.73,M,SCT,BKN,BKN,M,400.00,700.00,1100.00,M,-RA,M,M,M,M,M,M,55.40,FAGG 240200Z AUTO 28003KT 4400 -RA SCT004/// BKN007/// BKN011/// 13/13 Q1022,M
FAGG,2026-06-24 02:01,55.40,55.40,100.00,280.00,2.00,0.00,30.18,M,3.73,M,BKN,BKN,M,M,300.00,2000.00,M,M,-RA,M,M,M,M,M,M,55.40,FAGG 240201Z AUTO 28002KT 6000 -RA BKN003/// BKN020/// 13/13 Q1022,M
FAGG,2026-06-24 02:08,55.40,55.40,100.00,250.00,4.00,0.00,30.18,M,3.11,M,BKN,BKN,M,M,200.00,500.00,M,M,-RA,M,M,M,M,M,M,55.40,FAGG 240208Z AUTO 25004KT 220V290 5000 -RA BKN002/// BKN005/// 13/13 Q1022,M
FAGG,2026-06-24 02:13,55.40,55.40,100.00,240.00,5.00,0.00,30.18,M,3.11,M,BKN,OVC,M,M,200.00,900.00,M,M,-RA,M,M,M,M,M,M,55.40,FAGG 240213Z 24005KT 5000 -RA BKN002 OVC009 13/13 Q1022,M
FAGG,2026-06-24 02:39,53.60,53.60,100.00,260.00,4.00,0.00,30.18,M,2.55,M,FEW,BKN,OVC,M,300.00,800.00,1400.00,M,-RA BR,M,M,M,M,M,M,53.60,FAGG 240239Z 26004KT 220V280 4100 -RA BR FEW003 BKN008 OVC014 12/12 Q1022,M
FAGG,2026-06-24 02:53,53.60,53.60,100.00,270.00,4.00,0.00,30.18,M,4.35,M,FEW,BKN,OVC,M,800.00,1400.00,1700.00,M,-DZ,M,M,M,M,M,M,53.60,FAGG 240253Z 27004KT 7000 -DZ FEW008 BKN014 OVC017 12/12 Q1022,M
FAGG,2026-06-24 03:00,53.60,53.60,100.00,280.00,4.00,0.00,30.18,M,4.35,M,FEW,BKN,OVC,M,800.00,1400.00,1800.00,M,-DZ,M,M,M,M,M,M,53.60,FAGG 240300Z 28004KT 7000 -DZ FEW008 BKN014 OVC018 12/12 Q1022,M
FAGG,2026-06-24 03:46,53.60,53.60,100.00,320.00,5.00,0.00,30.21,M,6.21,M,SCT,BKN,M,M,1000.00,1900.00,M,M,M,M,M,M,M,M,M,53.60,FAGG 240346Z 32005KT 9999 SCT010 BKN019 12/12 Q1023,M
FAGG,2026-06-24 04:00,53.60,53.60,100.00,330.00,4.00,0.00,30.21,M,6.21,M,SCT,OVC,M,M,1000.00,2000.00,M,M,M,M,M,M,M,M,M,53.60,FAGG 240400Z 33004KT 9999 SCT010 OVC020 12/12 Q1023,M
FAGG,2026-06-24 05:00,53.60,53.60,100.00,340.00,5.00,0.00,30.21,M,6.21,M,SCT,BKN,OVC,M,1200.00,2000.00,3000.00,M,M,M,M,M,M,M,M,53.60,FAGG 240500Z 34005KT 9999 SCT012 BKN020 OVC030 12/12 Q1023,M
FAGG,2026-06-24 06:00,53.60,53.60,100.00,350.00,3.00,0.00,30.24,M,6.21,M,SCT,BKN,M,M,1500.00,3000.00,M,M,M,M,M,M,M,M,M,53.60,FAGG 240600Z 35003KT 9999 SCT015 BKN030 12/12 Q1024,M
FAGG,2026-06-24 07:00,55.40,53.60,93.65,320.00,4.00,0.00,30.24,M,6.21,M,FEW,BKN,M,M,1200.00,2300.00,M,M,M,M,M,M,M,M,M,55.40,FAGG 240700Z 32004KT 270V340 9999 FEW012 BKN023 13/12 Q1024,M
FAGG,2026-06-24 08:00,57.20,51.80,82.13,330.00,3.00,0.00,30.27,M,6.21,M,SCT,BKN,M,M,1500.00,2600.00,M,M,M,M,M,M,M,M,M,57.20,FAGG 240800Z 33003KT 280V010 9999 SCT015 BKN026 14/11 Q1025,M
FAGG,2026-06-24 09:00,59.00,53.60,82.26,M,1.00,0.00,30.27,M,6.21,M,SCT,BKN,M,M,1500.00,2700.00,M,M,M,M,M,M,M,M,M,59.00,FAGG 240900Z VRB01KT 9999 SCT015 BKN027 15/12 Q1025,M
FAGG,2026-06-24 10:00,57.20,53.60,87.75,150.00,7.00,0.00,30.24,M,6.21,M,SCT,BKN,M,M,1700.00,2500.00,M,M,M,M,M,M,M,M,M,57.20,FAGG 241000Z 15007KT 9999 SCT017 BKN025 14/12 Q1024,M
FAGG,2026-06-24 11:00,59.00,53.60,82.26,160.00,5.00,0.00,30.24,M,6.21,M,SCT,BKN,M,M,1000.00,3000.00,M,M,M,M,M,M,M,M,M,59.00,FAGG 241100Z 16005KT 130V190 9999 SCT010 BKN030 15/12 Q1024,M
FAGG,2026-06-24 12:00,57.20,53.60,87.75,160.00,6.00,0.00,30.21,M,6.21,M,FEW,SCT,BKN,M,1000.00,3200.00,3800.00,M,M,M,M,M,M,M,M,57.20,FAGG 241200Z 16006KT 9999 FEW010 SCT032 BKN038 14/12 Q1023,M
FAGG,2026-06-24 13:00,59.00,53.60,82.26,120.00,5.00,0.00,30.21,M,6.21,M,FEW,BKN,M,M,1100.00,3600.00,M,M,M,M,M,M,M,M,M,59.00,FAGG 241300Z 12005KT 090V160 9999 FEW011 BKN036 15/12 Q1023,M
FAGG,2026-06-24 14:00,59.00,53.60,82.26,130.00,6.00,0.00,30.21,M,6.21,M,FEW,BKN,M,M,1800.00,4000.00,M,M,M,M,M,M,M,M,M,59.00,FAGG 241400Z 13006KT 9999 FEW018 BKN040 15/12 Q1023,M
FAGG,2026-06-24 15:00,57.20,51.80,82.13,90.00,7.00,0.00,30.21,M,6.21,M,FEW,BKN,M,M,3000.00,3700.00,M,M,M,M,M,M,M,M,M,57.20,FAGG 241500Z 09007KT 9999 FEW030 BKN037 14/11 Q1023,M
FAGG,2026-06-24 16:00,57.20,53.60,87.75,100.00,5.00,0.00,30.21,M,6.21,M,FEW,BKN,M,M,3000.00,3700.00,M,M,M,M,M,M,M,M,M,57.20,FAGG 241600Z 10005KT 9999 FEW030 BKN037 14/12 Q1023,M
FAGG,2026-06-24 17:00,57.20,53.60,87.75,90.00,7.00,0.00,30.24,M,4.97,M,FEW,BKN,M,M,3000.00,3800.00,M,M,M,M,M,M,M,M,M,57.20,FAGG 241700Z 09007KT 8000 FEW030 BKN038 14/12 Q1024,M
FAGG,2026-06-24 18:00,55.40,53.60,93.65,100.00,6.00,0.00,30.24,M,6.21,M,FEW,BKN,M,M,3000.00,3800.00,M,M,M,M,M,M,M,M,M,55.40,FAGG 241800Z 10006KT 9999 FEW030 BKN038 13/12 Q1024,M
FAGG,2026-06-24 18:21,55.40,53.60,93.65,100.00,7.00,0.00,30.24,M,4.97,M,FEW,M,M,M,3700.00,M,M,M,M,M,M,M,M,M,M,55.40,FAGG 241821Z AUTO 10007KT 8000 FEW037/// 13/12 Q1024,M
FAGG,2026-06-24 18:32,55.40,53.60,93.65,100.00,6.00,0.00,30.24,M,5.59,M,FEW,M,M,M,3700.00,M,M,M,M,M,M,M,M,M,M,55.40,FAGG 241832Z AUTO 10006KT 9000 FEW037/// 13/12 Q1024,M
FAGG,2026-06-24 18:42,53.60,53.60,100.00,100.00,7.00,0.00,30.24,M,5.59,M,FEW,M,M,M,3700.00,M,M,M,M,M,M,M,M,M,M,53.60,FAGG 241842Z AUTO 10007KT 9000 FEW037/// 12/12 Q1024,M
FAGG,2026-06-24 18:47,53.60,53.60,100.00,100.00,7.00,0.00,30.24,M,5.59,M,FEW,M,M,M,3700.00,M,M,M,M,M,M,M,M,M,M,53.60,FAGG 241847Z AUTO 10007KT 9000 FEW037/// 12/12 Q1024,M
FAGG,2026-06-24 18:48,53.60,53.60,100.00,90.00,6.00,0.00,30.24,M,5.59,M,FEW,M,M,M,3600.00,M,M,M,M,M,M,M,M,M,M,53.60,FAGG 241848Z AUTO 09006KT 9000 FEW036/// 12/12 Q1024,M
FAGG,2026-06-24 18:50,53.60,53.60,100.00,90.00,7.00,0.00,30.24,M,5.59,M,FEW,M,M,M,3600.00,M,M,M,M,M,M,M,M,M,M,53.60,FAGG 241850Z AUTO 09007KT 9000 FEW036/// 12/12 Q1024,M
FAGG,2026-06-24 19:00,53.60,53.60,100.00,90.00,7.00,0.00,30.24,M,5.59,M,FEW,M,M,M,3600.00,M,M,M,M,M,M,M,M,M,M,53.60,FAGG 241900Z AUTO 09007KT 9000 FEW036/// 12/12 Q1024,M
FAGG,2026-06-24 19:03,53.60,53.60,100.00,90.00,6.00,0.00,30.24,M,6.21,M,M,M,M,M,M,M,M,M,M,M,M,M,M,M,M,53.60,FAGG 241903Z AUTO 09006KT CAVOK 12/12 Q1024,M
FAGG,2026-06-24 19:10,53.60,51.80,93.60,110.00,6.00,0.00,30.24,M,6.21,M,M,M,M,M,M,M,M,M,M,M,M,M,M,M,M,53.60,FAGG 241910Z AUTO 11006KT CAVOK 12/11 Q1024,M
FAGG,2026-06-24 19:23,53.60,51.80,93.60,110.00,5.00,0.00,30.24,M,6.21,M,M,M,M,M,M,M,M,M,M,M,M,M,M,M,M,53.60,FAGG 241923Z AUTO 11005KT CAVOK 12/11 Q1024,M
FAGG,2026-06-24 19:39,53.60,51.80,93.60,110.00,6.00,0.00,30.24,M,6.21,M,FEW,M,M,M,1600.00,M,M,M,M,M,M,M,M,M,M,53.60,FAGG 241939Z AUTO 11006KT 9999 FEW016/// 12/11 Q1024,M
FAGG,2026-06-24 19:52,53.60,51.80,93.60,100.00,6.00,0.00,30.24,M,6.21,M,FEW,M,M,M,1500.00,M,M,M,M,M,M,M,M,M,M,53.60,FAGG 241952Z AUTO 10006KT 9999 FEW015/// 12/11 Q1024,M
FAGG,2026-06-24 20:00,53.60,51.80,93.60,100.00,6.00,0.00,30.24,M,6.21,M,FEW,M,M,M,1500.00,M,M,M,M,M,M,M,M,M,M,53.60,FAGG 242000Z AUTO 10006KT 9999 FEW015/// 12/11 Q1024,M
FAGG,2026-06-24 20:01,53.60,51.80,93.60,90.00,7.00,0.00,30.24,M,6.21,M,FEW,M,M,M,1600.00,M,M,M,M,M,M,M,M,M,M,53.60,FAGG 242001Z AUTO 09007KT 9999 FEW016/// 12/11 Q1024,M
FAGG,2026-06-24 20:42,53.60,51.80,93.60,90.00,6.00,0.00,30.24,M,6.21,M,FEW,M,M,M,1300.00,M,M,M,M,M,M,M,M,M,M,53.60,FAGG 242042Z AUTO 09006KT 9999 FEW013/// 12/11 Q1024,M
FAGG,2026-06-24 21:00,53.60,51.80,93.60,100.00,6.00,0.00,30.21,M,6.21,M,FEW,M,M,M,1600.00,M,M,M,M,M,M,M,M,M,M,53.60,FAGG 242100Z AUTO 10006KT 9999 FEW016/// 12/11 Q1023,M
FAGG,2026-06-24 21:03,53.60,53.60,100.00,110.00,6.00,0.00,30.21,M,6.21,M,FEW,M,M,M,2000.00,M,M,M,M,M,M,M,M,M,M,53.60,FAGG 242103Z AUTO 11006KT 9999 FEW020/// 12/12 Q1023,M
FAGG,2026-06-24 22:00,55.40,53.60,93.65,90.00,7.00,0.00,30.21,M,6.21,M,FEW,SCT,M,M,1500.00,19000.00,M,M,M,M,M,M,M,M,M,55.40,FAGG 242200Z AUTO 09007KT 9999 FEW015/// SCT190/// 13/12 Q1023,M
FAGG,2026-06-24 22:09,55.40,53.60,93.65,90.00,6.00,0.00,30.21,M,6.21,M,FEW,SCT,M,M,1500.00,18000.00,M,M,M,M,M,M,M,M,M,55.40,FAGG 242209Z AUTO 09006KT 9999 FEW015/// SCT180/// 13/12 Q1023,M
FAGG,2026-06-24 22:15,55.40,53.60,93.65,90.00,7.00,0.00,30.21,M,6.21,M,FEW,SCT,M,M,1500.00,18000.00,M,M,M,M,M,M,M,M,M,55.40,FAGG 242215Z AUTO 09007KT 9999 FEW015/// SCT180/// 13/12 Q1023,M
FAGG,2026-06-24 23:00,55.40,53.60,93.65,100.00,7.00,0.00,30.21,M,6.21,M,FEW,M,M,M,21000.00,M,M,M,M,M,M,M,M,M,M,55.40,FAGG 242300Z AUTO 10007KT 9999 FEW210/// 13/12 Q1023,M
FAGG,2026-06-24 23:23,53.60,51.80,93.60,110.00,5.00,0.00,30.18,M,6.21,M,M,M,M,M,M,M,M,M,M,M,M,M,M,M,M,53.60,FAGG 242323Z AUTO 11005KT CAVOK 12/11 Q1022,M
FAGG,2026-06-25 00:00,51.80,50.00,93.55,340.00,4.00,0.00,30.18,M,6.21,M,FEW,M,M,M,12000.00,M,M,M,M,M,M,M,M,M,M,51.80,FAGG 250000Z AUTO 34004KT 9999 FEW120/// 11/10 Q1022,M
FAGG,2026-06-25 01:00,51.80,50.00,93.55,320.00,5.00,0.00,30.18,M,6.21,M,SCT,M,M,M,10000.00,M,M,M,M,M,M,M,M,M,M,51.80,FAGG 250100Z AUTO 32005KT 9999 SCT100/// 11/10 Q1022,M
FAGG,2026-06-25 02:00,51.80,50.00,93.55,330.00,2.00,0.00,30.15,M,6.21,M,FEW,M,M,M,10000.00,M,M,M,M,M,M,M,M,M,M,51.80,FAGG 250200Z AUTO 33002KT 9999 FEW100/// 11/10 Q1021,M
FAGG,2026-06-25 03:00,51.80,50.00,93.55,50.00,3.00,0.00,30.12,M,6.21,M,M,M,M,M,M,M,M,M,M,M,M,M,M,M,M,51.80,FAGG 250300Z 05003KT CAVOK 11/10 Q1020,M
FAGG,2026-06-25 04:00,51.80,50.00,93.55,250.00,4.00,0.00,30.12,M,6.21,M,M,M,M,M,M,M,M,M,M,M,M,M,M,M,M,51.80,FAGG 250400Z 25004KT CAVOK 11/10 Q1020,M
FAGG,2026-06-25 05:00,51.80,50.00,93.55,310.00,5.00,0.00,30.15,M,6.21,M,M,M,M,M,M,M,M,M,M,M,M,M,M,M,M,51.80,FAGG 250500Z 31005KT CAVOK 11/10 Q1021,M
FAGG,2026-06-25 06:00,51.80,50.00,93.55,300.00,6.00,0.00,30.18,M,6.21,M,M,M,M,M,M,M,M,M,M,M,M,M,M,M,M,51.80,FAGG 250600Z 30006KT CAVOK 11/10 Q1022,M
FAGG,2026-06-25 07:00,53.60,51.80,93.60,310.00,4.00,0.00,30.18,M,6.21,M,M,M,M,M,M,M,M,M,M,M,M,M,M,M,M,53.60,FAGG 250700Z 31004KT CAVOK 12/11 Q1022,M
FAGG,2026-06-25 08:00,57.20,53.60,87.75,300.00,6.00,0.00,30.21,M,6.21,M,M,M,M,M,M,M,M,M,M,M,M,M,M,M,M,57.20,FAGG 250800Z 30006KT CAVOK 14/12 Q1023,M
FAGG,2026-06-25 08:10,57.20,53.60,87.75,280.00,6.00,0.00,30.21,M,6.21,M,FEW,M,M,M,8000.00,M,M,M,TS,M,M,M,M,M,M,57.20,FAGG 250810Z 28006KT 9999 TS FEW080CB 14/12 Q1023,M
FAGG,2026-06-25 08:24,57.20,53.60,87.75,300.00,5.00,0.00,30.21,M,6.21,M,FEW,M,M,M,8000.00,M,M,M,M,M,M,M,M,M,M,57.20,FAGG 250824Z 30005KT 9999 FEW080CB 14/12 Q1023 RETS,M
FAGG,2026-06-25 08:49,60.80,53.60,77.15,280.00,5.00,0.00,30.21,M,6.21,M,M,M,M,M,M,M,M,M,M,M,M,M,M,M,M,60.80,FAGG 250849Z 28005KT 250V310 CAVOK 16/12 Q1023,M
FAGG,2026-06-25 09:00,60.80,55.40,82.38,270.00,5.00,0.00,30.21,M,6.21,M,M,M,M,M,M,M,M,M,M,M,M,M,M,M,M,60.80,FAGG 250900Z 27005KT 250V310 CAVOK 16/13 Q1023,M
FAGG,2026-06-25 10:00,64.40,53.60,67.97,280.00,3.00,0.00,30.18,M,6.21,M,M,M,M,M,M,M,M,M,M,M,M,M,M,M,M,64.40,FAGG 251000Z 28003KT 230V340 CAVOK 18/12 Q1022,M
FAGG,2026-06-25 11:00,66.20,53.60,63.85,M,3.00,0.00,30.15,M,6.21,M,M,M,M,M,M,M,M,M,M,M,M,M,M,M,M,66.20,FAGG 251100Z VRB03KT CAVOK 19/12 Q1021,M
FAGG,2026-06-25 11:56,66.20,55.40,68.18,10.00,7.00,0.00,30.12,M,6.21,17.00,M,M,M,M,M,M,M,M,M,M,M,M,M,M,M,66.20,FAGG 251156Z 01007G17KT 300V080 CAVOK 19/13 Q1020,M
FAGG,2026-06-25 12:00,66.20,55.40,68.18,10.00,7.00,0.00,30.12,M,6.21,17.00,M,M,M,M,M,M,M,M,M,M,M,M,M,M,M,66.20,FAGG 251200Z 01007G17KT 300V080 CAVOK 19/13 Q1020,M
FAGG,2026-06-25 13:00,64.40,57.20,77.46,140.00,6.00,0.00,30.12,M,6.21,M,M,M,M,M,M,M,M,M,M,M,M,M,M,M,M,64.40,FAGG 251300Z 14006KT 110V190 CAVOK 18/14 Q1020,M
FAGG,2026-06-25 14:00,62.60,57.20,82.51,190.00,4.00,0.00,30.12,M,6.21,M,M,M,M,M,M,M,M,M,M,M,M,M,M,M,M,62.60,FAGG 251400Z 19004KT 160V240 CAVOK 17/14 Q1020,M
FAGG,2026-06-25 15:00,60.80,57.20,87.93,30.00,3.00,0.00,30.15,M,5.59,M,NSC,M,M,M,M,M,M,M,M,M,M,M,M,M,M,60.80,FAGG 251500Z 03003KT 340V090 9000 NSC 16/14 Q1021,M
FAGG,2026-06-25 16:00,60.80,57.20,87.93,40.00,4.00,0.00,30.15,M,6.21,M,FEW,M,M,M,4900.00,M,M,M,-RA,M,M,M,M,M,M,60.80,FAGG 251600Z 04004KT 340V090 9999 -RA FEW049 16/14 Q1021,M
FAGG,2026-06-25 17:00,59.00,57.20,93.74,30.00,6.00,0.00,30.18,M,6.21,M,M,M,M,M,M,M,M,M,M,M,M,M,M,M,M,59.00,FAGG 251700Z 03006KT 280V090 CAVOK 15/14 Q1022,M
FAGG,2026-06-25 18:00,57.20,55.40,93.70,80.00,5.00,0.00,30.18,M,6.21,M,M,M,M,M,M,M,M,M,M,M,M,M,M,M,M,57.20,FAGG 251800Z 08005KT CAVOK 14/13 Q1022,M
FAGG,2026-06-25 18:22,60.80,55.40,82.38,40.00,4.00,0.00,30.18,M,6.21,M,FEW,SCT,M,M,11000.00,13000.00,M,M,M,M,M,M,M,M,M,60.80,FAGG 251822Z AUTO 04004KT 9999 FEW110/// SCT130/// 16/13 Q1022,M
FAGG,2026-06-25 19:00,59.00,55.40,87.84,200.00,7.00,0.00,30.18,M,6.21,M,SCT,SCT,BKN,M,10000.00,12000.00,19000.00,M,M,M,M,M,M,M,M,59.00,FAGG 251900Z AUTO 20007KT 9999 SCT100/// SCT120/// BKN190/// 15/13 Q1022,M
FAGG,2026-06-25 20:00,59.00,57.20,93.74,320.00,5.00,0.00,30.24,M,6.21,M,FEW,SCT,OVC,M,5200.00,6500.00,8500.00,M,-RA,M,M,M,M,M,M,59.00,FAGG 252000Z AUTO 32005KT 9999 -RA FEW052/// SCT065/// OVC085/// 15/14 Q1024,M
FAGG,2026-06-25 20:09,59.00,55.40,87.84,10.00,7.00,0.00,30.21,M,5.59,M,FEW,BKN,OVC,M,2900.00,6400.00,7800.00,M,RA,M,M,M,M,M,M,59.00,FAGG 252009Z AUTO 01007KT 9000 RA FEW029/// BKN064/// OVC078/// 15/13 Q1023,M
FAGG,2026-06-25 20:25,60.80,57.20,87.93,50.00,8.00,0.00,30.21,M,6.21,M,SCT,BKN,BKN,M,3200.00,6400.00,10000.00,M,-RA,M,M,M,M,M,M,60.80,FAGG 252025Z AUTO 05008KT 9999 -RA SCT032/// BKN064/// BKN100/// 16/14 Q1023 RERA,M
FAGG,2026-06-25 20:59,64.40,55.40,72.58,20.00,9.00,0.00,30.18,M,6.21,M,FEW,SCT,M,M,11000.00,13000.00,M,M,M,M,M,M,M,M,M,64.40,FAGG 252059Z AUTO 02009KT 340V050 9999 FEW110/// SCT130/// 18/13 Q1022,M
FAGG,2026-06-25 21:00,64.40,55.40,72.58,20.00,9.00,0.00,30.18,M,6.21,M,FEW,SCT,M,M,11000.00,13000.00,M,M,M,M,M,M,M,M,M,64.40,FAGG 252100Z AUTO 02009KT 340V050 9999 FEW110/// SCT130/// 18/13 Q1022,M
FAGG,2026-06-25 22:00,62.60,55.40,77.31,240.00,8.00,0.00,30.24,M,6.21,M,SCT,SCT,M,M,11000.00,14000.00,M,M,M,M,M,M,M,M,M,62.60,FAGG 252200Z AUTO 24008KT 210V280 9999 SCT110/// SCT140/// 17/13 Q1024,M
FAGG,2026-06-25 22:51,62.60,57.20,82.51,350.00,10.00,0.00,30.24,M,6.21,M,FEW,SCT,BKN,M,4300.00,5400.00,9900.00,M,-RA VCTS,M,M,M,M,M,M,62.60,FAGG 252251Z AUTO 35010KT 9999 -RA VCTS FEW043/// SCT054/// BKN099/// 17/14 Q1024,M
FAGG,2026-06-25 22:57,62.60,57.20,82.51,50.00,16.00,0.00,30.18,M,6.21,M,FEW,SCT,BKN,M,3400.00,7000.00,10000.00,M,-RA VCTS,M,M,M,M,M,M,62.60,FAGG 252257Z AUTO 05016KT 9999 -RA VCTS FEW034/// SCT070/// BKN100/// 17/14 Q1022,M
FAGG,2026-06-25 23:00,62.60,57.20,82.51,50.00,16.00,0.00,30.18,M,6.21,M,FEW,SCT,BKN,M,3400.00,7000.00,10000.00,M,-RA VCTS,M,M,M,M,M,M,62.60,FAGG 252300Z AUTO 05016KT 9999 -RA VCTS FEW034/// SCT070/// BKN100/// 17/14 Q1022,M
FAGG,2026-06-25 23:01,62.60,57.20,82.51,40.00,16.00,0.00,30.21,M,6.21,M,FEW,SCT,BKN,M,2900.00,7000.00,10000.00,M,-RA,M,M,M,M,M,M,62.60,FAGG 252301Z AUTO 04016KT 350V060 9999 -RA FEW029/// SCT070/// BKN100/// 17/14 Q1023,M
FAGG,2026-06-25 23:08,62.60,57.20,82.51,20.00,12.00,0.00,30.21,M,6.21,M,FEW,SCT,BKN,M,2900.00,4500.00,10000.00,M,-RA,M,M,M,M,M,M,62.60,FAGG 252308Z AUTO 02012KT 350V060 9999 -RA FEW029/// SCT045/// BKN100/// 17/14 Q1023,M
FAGG,2026-06-26 00:00,64.40,55.40,72.58,10.00,6.00,0.00,30.21,M,6.21,M,BKN,M,M,M,9500.00,M,M,M,M,M,M,M,M,M,M,64.40,FAGG 260000Z AUTO 01006KT 9999 BKN095/// 18/13 Q1023,M
FAGG,2026-06-26 01:00,62.60,55.40,77.31,190.00,5.00,0.00,30.21,M,6.21,M,SCT,BKN,M,M,8000.00,12000.00,M,M,M,M,M,M,M,M,M,62.60,FAGG 260100Z AUTO 19005KT 160V220 9999 SCT080/// BKN120/// 17/13 Q1023,M
FAGG,2026-06-26 02:00,60.80,55.40,82.38,140.00,5.00,0.00,30.18,M,6.21,M,SCT,M,M,M,11000.00,M,M,M,M,M,M,M,M,M,M,60.80,FAGG 260200Z AUTO 14005KT 9999 SCT110/// 16/13 Q1022,M
FAGG,2026-06-26 03:00,60.80,57.20,87.93,250.00,5.00,0.00,30.21,M,6.21,M,FEW,M,M,M,4900.00,M,M,M,M,M,M,M,M,M,M,60.80,FAGG 260300Z 25005KT 9999 FEW049 16/14 Q1023,M
FAGG,2026-06-26 04:00,59.00,57.20,93.74,320.00,4.00,0.00,30.21,M,6.21,M,M,M,M,M,M,M,M,M,M,M,M,M,M,M,M,59.00,FAGG 260400Z 32004KT CAVOK 15/14 Q1023,M
FAGG,2026-06-26 05:00,57.20,55.40,93.70,270.00,5.00,0.00,30.21,M,6.21,M,M,M,M,M,M,M,M,M,M,M,M,M,M,M,M,57.20,FAGG 260500Z 27005KT CAVOK 14/13 Q1023,M
FAGG,2026-06-26 06:00,59.00,55.40,87.84,330.00,3.00,0.00,30.21,M,6.21,M,M,M,M,M,M,M,M,M,M,M,M,M,M,M,M,59.00,FAGG 260600Z 33003KT CAVOK 15/13 Q1023,M
FAGG,2026-06-26 07:00,59.00,55.40,87.84,340.00,3.00,0.00,30.21,M,6.21,M,M,M,M,M,M,M,M,M,M,M,M,M,M,M,M,59.00,FAGG 260700Z 34003KT CAVOK 15/13 Q1023,M
FAGG,2026-06-26 07:17,62.60,57.20,82.51,170.00,3.00,0.00,30.21,M,6.21,M,M,M,M,M,M,M,M,M,M,M,M,M,M,M,M,62.60,FAGG 260717Z 17003KT 140V200 CAVOK 17/14 Q1023,M
FAGG,2026-06-26 07:44,64.40,59.00,82.63,220.00,4.00,0.00,30.21,M,6.21,M,M,M,M,M,M,M,M,M,M,M,M,M,M,M,M,64.40,FAGG 260744Z 22004KT 200V340 CAVOK 18/15 Q1023,M
FAGG,2026-06-26 08:00,64.40,59.00,82.63,M,2.00,0.00,30.21,M,6.21,M,M,M,M,M,M,M,M,M,M,M,M,M,M,M,M,64.40,FAGG 260800Z VRB02KT CAVOK 18/15 Q1023,M
FAGG,2026-06-26 09:00,64.40,60.80,88.10,60.00,4.00,0.00,30.21,M,6.21,M,M,M,M,M,M,M,M,M,M,M,M,M,M,M,M,64.40,FAGG 260900Z 06004KT 030V120 CAVOK 18/16 Q1023,M
FAGG,2026-06-26 09:08,68.00,59.00,72.95,40.00,5.00,0.00,30.18,M,6.21,M,M,M,M,M,M,M,M,M,M,M,M,M,M,M,M,68.00,FAGG 260908Z 04005KT CAVOK 20/15 Q1022,M
FAGG,2026-06-26 09:52,69.80,60.80,73.13,170.00,4.00,0.00,30.18,M,6.21,M,M,M,M,M,M,M,M,M,M,M,M,M,M,M,M,69.80,FAGG 260952Z 17004KT CAVOK 21/16 Q1022,M
FAGG,2026-06-26 10:00,69.80,60.80,73.13,170.00,4.00,0.00,30.18,M,6.21,M,M,M,M,M,M,M,M,M,M,M,M,M,M,M,M,69.80,FAGG 261000Z 17004KT CAVOK 21/16 Q1022,M
FAGG,2026-06-26 10:09,73.40,60.80,64.74,200.00,3.00,0.00,30.18,M,6.21,M,M,M,M,M,M,M,M,M,M,M,M,M,M,M,M,73.40,FAGG 261009Z 20003KT 170V230 CAVOK 23/16 Q1022,M
FAGG,2026-06-26 11:00,71.60,62.60,73.30,160.00,4.00,0.00,30.15,M,6.21,M,M,M,M,M,M,M,M,M,M,M,M,M,M,M,M,71.60,FAGG 261100Z 16004KT 090V220 CAVOK 22/17 Q1021,M
FAGG,2026-06-26 12:00,68.00,60.80,77.77,160.00,6.00,0.00,30.12,M,6.21,M,M,M,M,M,M,M,M,M,M,M,M,M,M,M,M,68.00,FAGG 261200Z 16006KT CAVOK 20/16 Q1020,M
FAGG,2026-06-26 13:00,68.00,60.80,77.77,70.00,4.00,0.00,30.09,M,6.21,M,M,M,M,M,M,M,M,M,M,M,M,M,M,M,M,68.00,FAGG 261300Z 07004KT CAVOK 20/16 Q1019,M
FAGG,2026-06-26 14:00,66.20,60.80,82.76,190.00,6.00,0.00,30.09,M,6.21,M,M,M,M,M,M,M,M,M,M,M,M,M,M,M,M,66.20,FAGG 261400Z 19006KT CAVOK 19/16 Q1019,M
FAGG,2026-06-26 15:00,62.60,59.00,88.01,220.00,3.00,0.00,30.12,M,6.21,M,M,M,M,M,M,M,M,M,M,M,M,M,M,M,M,62.60,FAGG 261500Z 22003KT CAVOK 17/15 Q1020,M
FAGG,2026-06-26 16:00,60.80,59.00,93.79,M,3.00,0.00,30.12,M,6.21,M,M,M,M,M,M,M,M,M,M,M,M,M,M,M,M,60.80,FAGG 261600Z VRB03KT CAVOK 16/15 Q1020,M
FAGG,2026-06-26 17:00,60.80,59.00,93.79,200.00,4.00,0.00,30.12,M,6.21,M,M,M,M,M,M,M,M,M,M,M,M,M,M,M,M,60.80,FAGG 261700Z 20004KT 160V220 CAVOK 16/15 Q1020,M
FAGG,2026-06-26 18:00,60.80,59.00,93.79,300.00,5.00,0.00,30.15,M,6.21,M,M,M,M,M,M,M,M,M,M,M,M,M,M,M,M,60.80,FAGG 261800Z 30005KT CAVOK 16/15 Q1021,M
FAGG,2026-06-26 19:00,60.80,59.00,93.79,320.00,3.00,0.00,30.12,M,6.21,M,FEW,SCT,BKN,M,7500.00,8900.00,12000.00,M,M,M,M,M,M,M,M,60.80,FAGG 261900Z AUTO 32003KT 250V360 9999 FEW075/// SCT089/// BKN120/// 16/15 Q1020,M
FAGG,2026-06-26 20:00,59.00,59.00,100.00,310.00,4.00,0.00,30.12,M,6.21,M,SCT,SCT,M,M,12000.00,14000.00,M,M,M,M,M,M,M,M,M,59.00,FAGG 262000Z AUTO 31004KT 260V010 9999 SCT120/// SCT140/// 15/15 Q1020,M
FAGG,2026-06-26 21:00,60.80,59.00,93.79,320.00,4.00,0.00,30.12,M,6.21,M,FEW,SCT,M,M,10000.00,12000.00,M,M,M,M,M,M,M,M,M,60.80,FAGG 262100Z AUTO 32004KT 9999 FEW100/// SCT120/// 16/15 Q1020,M
FAGG,2026-06-26 22:00,60.80,57.20,87.93,M,2.00,0.00,30.09,M,6.21,M,FEW,SCT,M,M,17000.00,21000.00,M,M,M,M,M,M,M,M,M,60.80,FAGG 262200Z AUTO VRB02KT 9999 FEW170/// SCT210/// 16/14 Q1019,M
FAGG,2026-06-26 23:00,60.80,55.40,82.38,350.00,4.00,0.00,30.09,M,6.21,M,SCT,SCT,M,M,18000.00,21000.00,M,M,M,M,M,M,M,M,M,60.80,FAGG 262300Z AUTO 35004KT 9999 SCT180/// SCT210/// 16/13 Q1019,M
FAGG,2026-06-26 23:42,64.40,55.40,72.58,360.00,3.00,0.00,30.06,M,6.21,M,SCT,M,M,M,17000.00,M,M,M,M,M,M,M,M,M,M,64.40,FAGG 262342Z AUTO 36003KT 300V030 9999 SCT170/// 18/13 Q1018,M
FAGG,2026-06-27 00:00,62.60,55.40,77.31,360.00,5.00,0.00,30.06,M,6.21,M,SCT,M,M,M,19000.00,M,M,M,M,M,M,M,M,M,M,62.60,FAGG 270000Z AUTO 36005KT 9999 SCT190/// 17/13 Q1018,M
FAGG,2026-06-27 01:00,64.40,53.60,67.97,10.00,3.00,0.00,30.03,M,6.21,M,SCT,M,M,M,18000.00,M,M,M,M,M,M,M,M,M,M,64.40,FAGG 270100Z AUTO 01003KT 330V100 9999 SCT180/// 18/12 Q1017,M
FAGG,2026-06-27 01:25,68.00,53.60,60.00,190.00,5.00,0.00,30.03,M,6.21,M,SCT,M,M,M,19000.00,M,M,M,M,M,M,M,M,M,M,68.00,FAGG 270125Z AUTO 19005KT 160V300 9999 SCT190/// 20/12 Q1017,M
FAGG,2026-06-27 01:31,71.60,51.80,49.67,M,3.00,0.00,30.03,M,6.21,M,SCT,M,M,M,19000.00,M,M,M,M,M,M,M,M,M,M,71.60,FAGG 270131Z AUTO VRB03KT 9999 SCT190/// 22/11 Q1017,M
FAGG,2026-06-27 02:00,69.80,51.80,52.81,M,3.00,0.00,30.00,M,6.21,M,SCT,M,M,M,18000.00,M,M,M,M,M,M,M,M,M,M,69.80,FAGG 270200Z AUTO VRB03KT 9999 SCT180/// 21/11 Q1016,M
FAGG,2026-06-27 02:01,73.40,50.00,43.73,M,3.00,0.00,30.00,M,6.21,M,SCT,M,M,M,18000.00,M,M,M,M,M,M,M,M,M,M,73.40,FAGG 270201Z AUTO VRB03KT 9999 SCT180/// 23/10 Q1016,M
FAGG,2026-06-27 03:00,75.20,50.00,41.18,350.00,9.00,0.00,30.00,M,6.21,M,M,M,M,M,M,M,M,M,M,M,M,M,M,M,M,75.20,FAGG 270300Z 35009KT 320V020 CAVOK 24/10 Q1016,M
FAGG,2026-06-27 04:00,66.20,53.60,63.85,220.00,9.00,0.00,30.00,M,6.21,M,M,M,M,M,M,M,M,M,M,M,M,M,M,M,M,66.20,FAGG 270400Z 22009KT 180V290 CAVOK 19/12 Q1016,M
FAGG,2026-06-27 05:00,60.80,55.40,82.38,10.00,3.00,0.00,30.00,M,6.21,M,M,M,M,M,M,M,M,M,M,M,M,M,M,M,M,60.80,FAGG 270500Z 01003KT 310V030 CAVOK 16/13 Q1016,M
FAGG,2026-06-27 05:23,66.20,53.60,63.85,340.00,5.00,0.00,30.00,M,6.21,M,M,M,M,M,M,M,M,M,M,M,M,M,M,M,M,66.20,FAGG 270523Z 34005KT CAVOK 19/12 Q1016,M
FAGG,2026-06-27 06:00,66.20,53.60,63.85,250.00,6.00,0.00,30.00,M,6.21,M,M,M,M,M,M,M,M,M,M,M,M,M,M,M,M,66.20,FAGG 270600Z 25006KT CAVOK 19/12 Q1016,M
FAGG,2026-06-27 06:38,68.00,51.80,56.16,330.00,5.00,0.00,30.00,M,6.21,M,M,M,M,M,M,M,M,M,M,M,M,M,M,M,M,68.00,FAGG 270638Z 33005KT 270V360 CAVOK 20/11 Q1016,M
FAGG,2026-06-27 07:00,66.20,53.60,63.85,360.00,6.00,0.00,30.00,M,6.21,M,M,M,M,M,M,M,M,M,M,M,M,M,M,M,M,66.20,FAGG 270700Z 36006KT CAVOK 19/12 Q1016,M
FAGG,2026-06-27 07:01,71.60,50.00,46.47,360.00,9.00,0.00,30.00,M,6.21,M,M,M,M,M,M,M,M,M,M,M,M,M,M,M,M,71.60,FAGG 270701Z 36009KT CAVOK 22/10 Q1016,M
FAGG,2026-06-27 07:40,73.40,53.60,49.95,240.00,10.00,0.00,30.03,M,6.21,M,M,M,M,M,M,M,M,M,M,M,M,M,M,M,M,73.40,FAGG 270740Z 24010KT 200V290 CAVOK 23/12 Q1017,M
FAGG,2026-06-27 08:00,66.20,55.40,68.18,220.00,8.00,0.00,30.03,M,6.21,M,M,M,M,M,M,M,M,M,M,M,M,M,M,M,M,66.20,FAGG 270800Z 22008KT CAVOK 19/13 Q1017,M
FAGG,2026-06-27 09:00,64.40,59.00,82.63,210.00,5.00,0.00,30.03,M,6.21,M,M,M,M,M,M,M,M,M,M,M,M,M,M,M,M,64.40,FAGG 270900Z 21005KT 170V230 CAVOK 18/15 Q1017,M
FAGG,2026-06-27 09:19,68.00,59.00,72.95,M,2.00,0.00,30.03,M,6.21,M,M,M,M,M,M,M,M,M,M,M,M,M,M,M,M,68.00,FAGG 270919Z VRB02KT CAVOK 20/15 Q1017,M
FAGG,2026-06-27 09:40,71.60,59.00,64.52,M,2.00,0.00,30.03,M,6.21,M,M,M,M,M,M,M,M,M,M,M,M,M,M,M,M,71.60,FAGG 270940Z VRB02KT CAVOK 22/15 Q1017,M
FAGG,2026-06-27 10:00,71.60,59.00,64.52,260.00,3.00,0.00,30.00,M,6.21,M,M,M,M,M,M,M,M,M,M,M,M,M,M,M,M,71.60,FAGG 271000Z 26003KT 230V320 CAVOK 22/15 Q1016,M
FAGG,2026-06-27 11:00,66.20,60.80,82.76,150.00,6.00,0.00,30.00,M,6.21,M,FEW,M,M,M,600.00,M,M,M,M,M,M,M,M,M,M,66.20,FAGG 271100Z 15006KT 9999 FEW006 19/16 Q1016,M
FAGG,2026-06-27 11:39,62.60,59.00,88.01,180.00,9.00,0.00,29.97,M,6.21,M,BKN,M,M,M,300.00,M,M,M,M,M,M,M,M,M,M,62.60,FAGG 271139Z 18009KT 9999 BKN003 17/15 Q1015,M
FAGG,2026-06-27 12:00,60.80,59.00,93.79,190.00,7.00,0.00,29.97,M,4.35,M,BKN,M,M,M,300.00,M,M,M,M,M,M,M,M,M,M,60.80,FAGG 271200Z 19007KT 7000 BKN003 16/15 Q1015,M
FAGG,2026-06-27 13:00,60.80,59.00,93.79,150.00,4.00,0.00,29.97,M,6.21,M,BKN,M,M,M,300.00,M,M,M,M,M,M,M,M,M,M,60.80,FAGG 271300Z 15004KT 120V180 9999 BKN003 16/15 Q1015,M
FAGG,2026-06-27 13:14,62.60,60.80,93.84,150.00,4.00,0.00,29.97,M,6.21,M,BKN,M,M,M,500.00,M,M,M,M,M,M,M,M,M,M,62.60,FAGG 271314Z 15004KT 110V200 9999 BKN005 17/16 Q1015,M
FAGG,2026-06-27 13:41,62.60,59.00,88.01,190.00,5.00,0.00,29.97,M,6.21,M,SCT,M,M,M,700.00,M,M,M,M,M,M,M,M,M,M,62.60,FAGG 271341Z 19005KT 9999 SCT007 17/15 Q1015,M
FAGG,2026-06-27 14:00,60.80,57.20,87.93,180.00,4.00,0.00,29.97,M,6.21,M,FEW,SCT,M,M,300.00,900.00,M,M,M,M,M,M,M,M,M,60.80,FAGG 271400Z 18004KT 150V210 9999 FEW003 SCT009 16/14 Q1015,M
FAGG,2026-06-27 14:21,60.80,59.00,93.79,140.00,2.00,0.00,29.97,M,6.21,M,BKN,M,M,M,800.00,M,M,M,M,M,M,M,M,M,M,60.80,FAGG 271421Z 14002KT 9999 BKN008 16/15 Q1015,M
FAGG,2026-06-27 15:00,60.80,59.00,93.79,160.00,5.00,0.00,29.94,M,4.97,M,BKN,M,M,M,800.00,M,M,M,M,M,M,M,M,M,M,60.80,FAGG 271500Z 16005KT 8000 BKN008 16/15 Q1014,M
FAGG,2026-06-27 15:38,59.00,59.00,100.00,120.00,3.00,0.00,29.94,M,2.61,M,OVC,M,M,M,500.00,M,M,M,BR,M,M,M,M,M,M,59.00,FAGG 271538Z 12003KT 090V150 4200 BR OVC005 15/15 Q1014,M
FAGG,2026-06-27 16:00,59.00,59.00,100.00,120.00,4.00,0.00,29.94,M,2.86,M,OVC,M,M,M,500.00,M,M,M,BR,M,M,M,M,M,M,59.00,FAGG 271600Z 12004KT 4600 BR OVC005 15/15 Q1014,M
FAGG,2026-06-27 16:20,59.00,59.00,100.00,110.00,4.00,0.00,29.94,M,3.73,M,OVC,M,M,M,400.00,M,M,M,M,M,M,M,M,M,M,59.00,FAGG 271620Z 11004KT 6000 OVC004 15/15 Q1014,M
FAGG,2026-06-27 16:53,59.00,59.00,100.00,180.00,5.00,0.00,29.97,M,3.73,M,OVC,M,M,M,200.00,M,M,M,M,M,M,M,M,M,M,59.00,FAGG 271653Z 18005KT 6000 OVC002 15/15 Q1015,M
FAGG,2026-06-27 17:00,59.00,59.00,100.00,180.00,4.00,0.00,29.97,M,3.73,M,OVC,M,M,M,200.00,M,M,M,M,M,M,M,M,M,M,59.00,FAGG 271700Z 18004KT 6000 OVC002 15/15 Q1015,M
FAGG,2026-06-27 18:00,59.00,57.20,93.74,M,2.00,0.00,29.97,M,3.73,M,OVC,M,M,M,200.00,M,M,M,M,M,M,M,M,M,M,59.00,FAGG 271800Z VRB02KT 6000 OVC002 15/14 Q1015,M
FAGG,2026-06-27 19:00,59.00,57.20,93.74,100.00,3.00,0.00,29.94,M,4.97,M,BKN,M,M,M,400.00,M,M,M,M,M,M,M,M,M,M,59.00,FAGG 271900Z AUTO 10003KT 070V130 8000 BKN004/// 15/14 Q1014,M
FAGG,2026-06-27 19:21,59.00,57.20,93.74,130.00,3.00,0.00,29.94,M,4.97,M,BKN,BKN,M,M,400.00,600.00,M,M,M,M,M,M,M,M,M,59.00,FAGG 271921Z AUTO 13003KT 090V260 8000 BKN004/// BKN006/// 15/14 Q1014,M
FAGG,2026-06-27 20:00,59.00,57.20,93.74,80.00,4.00,0.00,29.94,M,4.97,M,BKN,M,M,M,500.00,M,M,M,M,M,M,M,M,M,M,59.00,FAGG 272000Z AUTO 08004KT 8000 BKN005/// 15/14 Q1014,M
FAGG,2026-06-27 20:24,59.00,57.20,93.74,70.00,4.00,0.00,29.91,M,5.59,M,BKN,M,M,M,400.00,M,M,M,M,M,M,M,M,M,M,59.00,FAGG 272024Z AUTO 07004KT 9000 BKN004/// 15/14 Q1013,M
FAGG,2026-06-27 21:00,57.20,57.20,100.00,80.00,5.00,0.00,29.91,M,4.35,M,OVC,M,M,M,400.00,M,M,M,M,M,M,M,M,M,M,57.20,FAGG 272100Z AUTO 08005KT 7000 OVC004/// 14/14 Q1013,M
FAGG,2026-06-27 22:00,57.20,57.20,100.00,M,2.00,0.00,29.91,M,3.73,M,BKN,M,M,M,300.00,M,M,M,M,M,M,M,M,M,M,57.20,FAGG 272200Z AUTO VRB02KT 6000 BKN003/// 14/14 Q1013,M
FAGG,2026-06-27 22:58,57.20,57.20,100.00,M,2.00,0.00,29.88,M,2.80,M,BKN,M,M,M,200.00,M,M,M,BR,M,M,M,M,M,M,57.20,FAGG 272258Z AUTO VRB02KT 4500 BR BKN002/// 14/14 Q1012,M
FAGG,2026-06-27 23:00,57.20,57.20,100.00,M,2.00,0.00,29.88,M,2.80,M,BKN,M,M,M,200.00,M,M,M,BR,M,M,M,M,M,M,57.20,FAGG 272300Z AUTO VRB02KT 4500 BR BKN002/// 14/14 Q1012,M
FAGG,2026-06-27 23:07,57.20,57.20,100.00,350.00,3.00,0.00,29.88,M,1.68,M,OVC,M,M,M,200.00,M,M,M,BR,M,M,M,M,M,M,57.20,FAGG 272307Z AUTO 35003KT 300V020 2700 BR OVC002/// 14/14 Q1012,M
FAGG,2026-06-27 23:11,57.20,57.20,100.00,M,2.00,0.00,29.88,M,1.80,M,OVC,M,M,M,100.00,M,M,M,BR,M,M,M,M,M,M,57.20,FAGG 272311Z AUTO VRB02KT 2900 BR OVC001/// 14/14 Q1012,M
FAGG,2026-06-27 23:24,57.20,57.20,100.00,M,2.00,0.00,29.88,M,0.87,M,OVC,M,M,M,100.00,M,M,M,BR,M,M,M,M,M,M,57.20,FAGG 272324Z AUTO VRB02KT 1400 1000 R29/1500U BR OVC001/// 14/14 Q1012,M
FAGG,2026-06-27 23:26,57.20,57.20,100.00,M,2.00,0.00,29.88,M,0.81,M,BKN,OVC,M,M,100.00,400.00,M,M,BR,M,M,M,M,M,M,57.20,FAGG 272326Z AUTO VRB02KT 1300 1000 R29/1500D BR BKN001/// OVC004/// 14/14 Q1012,M
FAGG,2026-06-27 23:32,57.20,57.20,100.00,M,2.00,0.00,29.85,M,0.68,M,BKN,OVC,M,M,100.00,400.00,M,M,BR,M,M,M,M,M,M,57.20,FAGG 272332Z AUTO VRB02KT 1100 0700 R29/0700D BR BKN001/// OVC004/// 14/14 Q1011,M
FAGG,2026-06-27 23:40,57.20,57.20,100.00,M,2.00,0.00,29.85,M,0.43,M,BKN,OVC,M,M,100.00,400.00,M,M,FG,M,M,M,M,M,M,57.20,FAGG 272340Z AUTO VRB02KT 0700 0650 R29/0800N FG BKN001/// OVC004/// 14/14 Q1011,M
FAGG,2026-06-27 23:42,57.20,57.20,100.00,M,2.00,0.00,29.85,M,0.47,M,BKN,OVC,M,M,100.00,400.00,M,M,FG,M,M,M,M,M,M,57.20,FAGG 272342Z AUTO VRB02KT 0750 0650 R29/0750N FG BKN001/// OVC004/// 14/14 Q1011,M
FAGG,2026-06-27 23:58,55.40,55.40,100.00,340.00,3.00,0.00,29.88,M,0.62,M,SCT,OVC,M,M,100.00,300.00,M,M,BR,M,M,M,M,M,M,55.40,FAGG 272358Z AUTO 34003KT 290V360 1000 0700 R29/0700D BR SCT001/// OVC003/// 13/13 Q1012,M
FAGG,2026-06-28 00:00,55.40,55.40,100.00,340.00,3.00,0.00,29.88,M,0.62,M,SCT,OVC,M,M,100.00,300.00,M,M,BR,M,M,M,M,M,M,55.40,FAGG 280000Z AUTO 34003KT 290V360 1000 0700 R29/0700D BR SCT001/// OVC003/// 13/13 Q1012,M
FAGG,2026-06-28 00:03,55.40,55.40,100.00,340.00,3.00,0.00,29.88,M,0.62,M,SCT,OVC,M,M,100.00,300.00,M,M,BR,M,M,M,M,M,M,55.40,FAGG 280003Z AUTO 34003KT 1000 0550 R29/0400D BR SCT001/// OVC003/// 13/13 Q1012,M
FAGG,2026-06-28 00:15,55.40,55.40,100.00,20.00,3.00,0.00,29.85,M,0.40,M,SCT,OVC,M,M,100.00,300.00,M,M,FG,M,M,M,M,M,M,55.40,FAGG 280015Z AUTO 02003KT 310V050 0650 0450 R29/0450D FG SCT001/// OVC003/// 13/13 Q1011,M
FAGG,2026-06-28 00:27,55.40,55.40,100.00,M,2.00,0.00,29.85,M,0.31,M,VV ,M,M,M,100.00,M,M,M,-RA FG,M,M,M,M,M,M,55.40,FAGG 280027Z AUTO VRB02KT 0500 0300 R29/0325N -RA FG VV001 13/13 Q1011,M
FAGG,2026-06-28 00:49,53.60,53.60,100.00,70.00,2.00,0.00,29.85,M,0.28,M,FEW,BKN,M,M,100.00,300.00,M,M,-RA FG,M,M,M,M,M,M,53.60,FAGG 280049Z AUTO 07002KT 0450 0250 R29/0300N -RA FG FEW001/// BKN003/// 12/12 Q1011,M
FAGG,2026-06-28 00:50,53.60,53.60,100.00,70.00,3.00,0.00,29.85,M,0.28,M,VV ,M,M,M,100.00,M,M,M,-RA FG,M,M,M,M,M,M,53.60,FAGG 280050Z AUTO 07003KT 0450 0250 R29/0325N -RA FG VV001 12/12 Q1011,M
FAGG,2026-06-28 00:59,53.60,53.60,100.00,80.00,3.00,0.00,29.85,M,0.28,M,VV ,M,M,M,100.00,M,M,M,-RA FG,M,M,M,M,M,M,53.60,FAGG 280059Z AUTO 08003KT 0450 0300 R29/0275N -RA FG VV001 12/12 Q1011,M
FAGG,2026-06-28 01:00,53.60,53.60,100.00,80.00,3.00,0.00,29.85,M,0.28,M,VV ,M,M,M,100.00,M,M,M,-RA FG,M,M,M,M,M,M,53.60,FAGG 280100Z AUTO 08003KT 0450 0300 R29/0275N -RA FG VV001 12/12 Q1011,M
FAGG,2026-06-28 01:37,53.60,53.60,100.00,10.00,3.00,0.00,29.85,M,0.28,M,VV ,M,M,M,100.00,M,M,M,-RA FG,M,M,M,M,M,M,53.60,FAGG 280137Z AUTO 01003KT 0450 0300 R29/0350N -RA FG VV001 12/12 Q1011,M
FAGG,2026-06-28 01:53,53.60,53.60,100.00,20.00,4.00,0.00,29.85,M,0.50,M,BKN,M,M,M,200.00,M,M,M,-RA FG,M,M,M,M,M,M,53.60,FAGG 280153Z AUTO 02004KT 0800 0550 R29/0900U -RA FG BKN002/// 12/12 Q1011,M
FAGG,2026-06-28 02:00,53.60,53.60,100.00,10.00,4.00,0.00,29.85,M,0.56,M,BKN,M,M,M,200.00,M,M,M,-RA FG,M,M,M,M,M,M,53.60,FAGG 280200Z AUTO 01004KT 0900 0500 R29/1100U -RA FG BKN002/// 12/12 Q1011,M
FAGG,2026-06-28 02:07,53.60,53.60,100.00,20.00,2.00,0.00,29.85,M,2.17,M,FEW,M,M,M,200.00,M,M,M,-RA BR,M,M,M,M,M,M,53.60,FAGG 280207Z AUTO 02002KT 3500 0700 -RA BR FEW002/// 12/12 Q1011,M
FAGG,2026-06-28 02:11,53.60,53.60,100.00,20.00,2.00,0.00,29.83,M,1.24,M,FEW,M,M,M,200.00,M,M,M,BCFG,M,M,M,M,M,M,53.60,FAGG 280211Z 02002KT 2000 BCFG FEW002 12/12 Q1010,M
FAGG,2026-06-28 03:26,51.80,51.80,100.00,M,2.00,0.00,29.83,M,5.59,M,NSC,M,M,M,M,M,M,M,M,M,M,M,M,M,M,51.80,FAGG 280326Z VRB02KT 9000 NSC 11/11 Q1010,M
FAGG,2026-06-28 03:51,53.60,53.60,100.00,50.00,2.00,0.00,29.83,M,6.21,M,M,M,M,M,M,M,M,M,M,M,M,M,M,M,M,53.60,FAGG 280351Z 05002KT CAVOK 12/12 Q1010,M
FAGG,2026-06-28 04:00,53.60,53.60,100.00,50.00,2.00,0.00,29.83,M,6.21,M,M,M,M,M,M,M,M,M,M,M,M,M,M,M,M,53.60,FAGG 280400Z 05002KT CAVOK 12/12 Q1010,M
FAGG,2026-06-28 05:00,53.60,50.00,87.56,M,2.00,0.00,29.83,M,6.21,M,M,M,M,M,M,M,M,M,M,M,M,M,M,M,M,53.60,FAGG 280500Z VRB02KT CAVOK 12/10 Q1010,M
FAGG,2026-06-28 05:03,57.20,53.60,87.75,320.00,3.00,0.00,29.83,M,6.21,M,M,M,M,M,M,M,M,M,M,M,M,M,M,M,M,57.20,FAGG 280503Z 32003KT 200V010 CAVOK 14/12 Q1010,M
FAGG,2026-06-28 06:00,57.20,51.80,82.13,M,7.00,0.00,29.83,M,6.21,M,FEW,M,M,M,4800.00,M,M,M,M,M,M,M,M,M,M,57.20,FAGG 280600Z VRB07KT 9999 FEW048 14/11 Q1010,M
FAGG,2026-06-28 07:00,59.00,53.60,82.26,M,2.00,0.00,29.85,M,6.21,M,M,M,M,M,M,M,M,M,M,M,M,M,M,M,M,59.00,FAGG 280700Z VRB02KT CAVOK 15/12 Q1011,M
FAGG,2026-06-28 08:00,62.60,55.40,77.31,280.00,9.00,0.00,29.85,M,6.21,M,M,M,M,M,M,M,M,M,M,M,M,M,M,M,M,62.60,FAGG 280800Z 28009KT 240V320 CAVOK 17/13 Q1011,M
FAGG,2026-06-28 08:17,66.20,51.80,59.76,M,6.00,0.00,29.85,M,6.21,M,M,M,M,M,M,M,M,M,M,M,M,M,M,M,M,66.20,FAGG 280817Z VRB06KT CAVOK 19/11 Q1011,M
FAGG,2026-06-28 08:42,68.00,50.00,52.54,300.00,15.00,0.00,29.83,M,6.21,27.00,M,M,M,M,M,M,M,M,M,M,M,M,M,M,M,68.00,FAGG 280842Z 30015G27KT 260V320 CAVOK 20/10 Q1010,M
FAGG,2026-06-28 09:00,66.20,51.80,59.76,300.00,17.00,0.00,29.83,M,6.21,27.00,M,M,M,M,M,M,M,M,M,M,M,M,M,M,M,66.20,FAGG 280900Z 30017G27KT CAVOK 19/11 Q1010,M
FAGG,2026-06-28 09:36,68.00,50.00,52.54,300.00,21.00,0.00,29.83,M,6.21,31.00,M,M,M,M,M,M,M,M,M,M,M,M,M,M,M,68.00,FAGG 280936Z 30021G31KT CAVOK 20/10 Q1010,M
FAGG,2026-06-28 10:00,68.00,50.00,52.54,300.00,20.00,0.00,29.83,M,6.21,M,M,M,M,M,M,M,M,M,M,M,M,M,M,M,M,68.00,FAGG 281000Z 30020KT CAVOK 20/10 Q1010,M
FAGG,2026-06-28 10:28,68.00,48.20,49.12,300.00,16.00,0.00,29.83,M,6.21,26.00,M,M,M,M,M,M,M,M,M,M,M,M,M,M,M,68.00,FAGG 281028Z 30016G26KT CAVOK 20/09 Q1010,M
FAGG,2026-06-28 11:00,68.00,50.00,52.54,210.00,5.00,0.00,29.83,M,6.21,M,M,M,M,M,M,M,M,M,M,M,M,M,M,M,M,68.00,FAGG 281100Z 21005KT 180V250 CAVOK 20/10 Q1010,M
FAGG,2026-06-28 11:25,66.20,51.80,59.76,270.00,11.00,0.00,29.83,M,6.21,M,M,M,M,M,M,M,M,M,M,M,M,M,M,M,M,66.20,FAGG 281125Z 27011KT 230V290 CAVOK 19/11 Q1010,M
FAGG,2026-06-28 12:00,66.20,51.80,59.76,280.00,10.00,0.00,29.80,M,6.21,M,M,M,M,M,M,M,M,M,M,M,M,M,M,M,M,66.20,FAGG 281200Z 28010KT CAVOK 19/11 Q1009,M
FAGG,2026-06-28 13:00,69.80,53.60,56.42,280.00,4.00,0.00,29.80,M,6.21,M,M,M,M,M,M,M,M,M,M,M,M,M,M,M,M,69.80,FAGG 281300Z 28004KT CAVOK 21/12 Q1009,M
FAGG,2026-06-28 14:00,69.80,50.00,49.40,300.00,8.00,0.00,29.80,M,6.21,M,M,M,M,M,M,M,M,M,M,M,M,M,M,M,M,69.80,FAGG 281400Z 30008KT CAVOK 21/10 Q1009,M
FAGG,2026-06-28 15:00,66.20,50.00,55.91,300.00,5.00,0.00,29.83,M,6.21,M,M,M,M,M,M,M,M,M,M,M,M,M,M,M,M,66.20,FAGG 281500Z 30005KT 260V330 CAVOK 19/10 Q1010,M
FAGG,2026-06-28 16:00,66.20,48.20,52.27,300.00,7.00,0.00,29.83,M,6.21,M,M,M,M,M,M,M,M,M,M,M,M,M,M,M,M,66.20,FAGG 281600Z 30007KT CAVOK 19/09 Q1010,M
FAGG,2026-06-28 16:05,64.40,51.80,63.62,200.00,10.00,0.00,29.85,M,6.21,M,M,M,M,M,M,M,M,M,M,M,M,M,M,M,M,64.40,FAGG 281605Z 20010KT 180V240 CAVOK 18/11 Q1011,M
FAGG,2026-06-28 17:00,59.00,55.40,87.84,220.00,15.00,0.00,29.88,M,6.21,M,FEW,M,M,M,1300.00,M,M,M,M,M,M,M,M,M,M,59.00,FAGG 281700Z 22015KT 9999 FEW013 15/13 Q1012,M
FAGG,2026-06-28 17:21,59.00,53.60,82.26,260.00,11.00,0.00,29.88,M,6.21,M,BKN,M,M,M,1400.00,M,M,M,-DZ,M,M,M,M,M,M,59.00,FAGG 281721Z 26011KT 9999 -DZ BKN014 15/12 Q1012,M
FAGG,2026-06-28 18:00,57.20,55.40,93.70,230.00,11.00,0.00,29.91,M,6.21,M,SCT,OVC,M,M,600.00,1400.00,M,M,M,M,M,M,M,M,M,57.20,FAGG 281800Z 23011KT 9999 SCT006 OVC014 14/13 Q1013,M
FAGG,2026-06-28 18:15,55.40,53.60,93.65,240.00,14.00,0.00,29.91,M,4.97,M,BKN,OVC,M,M,600.00,2400.00,M,M,-RA,M,M,M,M,M,M,55.40,FAGG 281815Z AUTO 24014KT 8000 -RA BKN006/// OVC024/// 13/12 Q1013,M
FAGG,2026-06-28 18:45,55.40,53.60,93.65,270.00,12.00,0.00,29.94,M,3.73,M,BKN,BKN,OVC,M,500.00,1400.00,2700.00,M,-RA,M,M,M,M,M,M,55.40,FAGG 281845Z AUTO 27012KT 6000 -RA BKN005/// BKN014/// OVC027/// 13/12 Q1014,M
FAGG,2026-06-28 18:54,53.60,53.60,100.00,270.00,13.00,0.00,29.94,M,3.11,M,BKN,BKN,OVC,M,500.00,800.00,1300.00,M,-RA,M,M,M,M,M,M,53.60,FAGG 281854Z AUTO 27013KT 5000 -RA BKN005/// BKN008/// OVC013/// 12/12 Q1014,M
FAGG,2026-06-28 19:00,53.60,53.60,100.00,270.00,13.00,0.00,29.94,M,3.11,M,BKN,BKN,OVC,M,500.00,800.00,1300.00,M,-RA,M,M,M,M,M,M,53.60,FAGG 281900Z AUTO 27013KT 5000 -RA BKN005/// BKN008/// OVC013/// 12/12 Q1014,M
FAGG,2026-06-28 19:07,53.60,51.80,93.60,270.00,12.00,0.00,29.94,M,3.73,M,SCT,BKN,OVC,M,500.00,1200.00,2700.00,M,-RA,M,M,M,M,M,M,53.60,FAGG 281907Z AUTO 27012KT 6000 -RA SCT005/// BKN012/// OVC027/// 12/11 Q1014,M
FAGG,2026-06-28 19:09,53.60,51.80,93.60,270.00,13.00,0.00,29.94,M,3.73,M,SCT,BKN,OVC,M,500.00,800.00,2600.00,M,-RA,M,M,M,M,M,M,53.60,FAGG 281909Z AUTO 27013KT 6000 -RA SCT005/// BKN008/// OVC026/// 12/11 Q1014,M
FAGG,2026-06-28 19:22,53.60,51.80,93.60,270.00,11.00,0.00,29.94,M,3.73,M,SCT,BKN,OVC,M,500.00,2300.00,3500.00,M,-RA,M,M,M,M,M,M,53.60,FAGG 281922Z AUTO 27011KT 6000 -RA SCT005/// BKN023/// OVC035/// 12/11 Q1014,M
FAGG,2026-06-28 19:33,53.60,51.80,93.60,270.00,12.00,0.00,29.97,M,3.73,M,FEW,BKN,OVC,M,600.00,800.00,3500.00,M,-RA,M,M,M,M,M,M,53.60,FAGG 281933Z AUTO 27012KT 6000 -RA FEW006/// BKN008/// OVC035/// 12/11 Q1015,M
FAGG,2026-06-28 19:44,53.60,51.80,93.60,260.00,13.00,0.00,29.97,M,3.11,M,BKN,BKN,OVC,M,700.00,1700.00,3600.00,M,RA,M,M,M,M,M,M,53.60,FAGG 281944Z AUTO 26013KT 5000 RA BKN007/// BKN017/// OVC036/// 12/11 Q1015,M
FAGG,2026-06-28 19:54,51.80,51.80,100.00,270.00,13.00,0.00,29.97,M,3.73,M,SCT,BKN,OVC,M,600.00,1700.00,3900.00,M,RA,M,M,M,M,M,M,51.80,FAGG 281954Z AUTO 27013KT 6000 RA SCT006/// BKN017/// OVC039/// 11/11 Q1015,M
FAGG,2026-06-28 20:00,51.80,51.80,100.00,270.00,13.00,0.00,29.97,M,4.35,M,SCT,BKN,OVC,M,600.00,1700.00,3900.00,M,RA,M,M,M,M,M,M,51.80,FAGG 282000Z AUTO 27013KT 7000 RA SCT006/// BKN017/// OVC039/// 11/11 Q1015,M
FAGG,2026-06-28 20:02,51.80,51.80,100.00,270.00,15.00,0.00,29.97,M,4.35,M,FEW,BKN,OVC,M,600.00,1400.00,4200.00,M,-RA,M,M,M,M,M,M,51.80,FAGG 282002Z AUTO 27015KT 7000 -RA FEW006/// BKN014/// OVC042/// 11/11 Q1015,M
FAGG,2026-06-28 20:13,51.80,50.00,93.55,270.00,18.00,0.00,29.97,M,4.35,M,FEW,BKN,OVC,M,800.00,1800.00,2900.00,M,-RA,M,M,M,M,M,M,51.80,FAGG 282013Z AUTO 27018KT 7000 -RA FEW008/// BKN018/// OVC029/// 11/10 Q1015,M
FAGG,2026-06-28 20:14,51.80,50.00,93.55,270.00,18.00,0.00,29.97,M,4.35,M,FEW,BKN,OVC,M,800.00,1400.00,3300.00,M,-RA,M,M,M,M,M,M,51.80,FAGG 282014Z AUTO 27018KT 7000 -RA FEW008/// BKN014/// OVC033/// 11/10 Q1015,M
FAGG,2026-06-28 20:29,51.80,50.00,93.55,270.00,15.00,0.00,29.97,M,4.97,M,FEW,BKN,OVC,M,1100.00,2300.00,2900.00,M,-RA,M,M,M,M,M,M,51.80,FAGG 282029Z AUTO 27015KT 8000 -RA FEW011/// BKN023/// OVC029/// 11/10 Q1015,M
FAGG,2026-06-28 21:00,51.80,50.00,93.55,290.00,11.00,0.00,30.00,M,5.59,M,FEW,SCT,OVC,M,800.00,2400.00,4900.00,M,-RA,M,M,M,M,M,M,51.80,FAGG 282100Z AUTO 29011KT 9000 -RA FEW008/// SCT024/// OVC049/// 11/10 Q1016,M
FAGG,2026-06-28 21:39,50.00,50.00,100.00,290.00,12.00,0.00,30.00,M,5.59,M,FEW,OVC,M,M,1000.00,3900.00,M,M,DZ,M,M,M,M,M,M,50.00,FAGG 282139Z AUTO 29012KT 9000 DZ FEW010/// OVC039/// 10/10 Q1016,M
FAGG,2026-06-28 21:51,50.00,50.00,100.00,290.00,12.00,0.00,30.00,M,6.21,M,FEW,BKN,OVC,M,3100.00,4000.00,4700.00,M,-RA,M,M,M,M,M,M,50.00,FAGG 282151Z AUTO 29012KT 9999 -RA FEW031/// BKN040/// OVC047/// 10/10 Q1016 REDZ,M
FAGG,2026-06-28 22:00,50.00,50.00,100.00,290.00,12.00,0.00,30.00,M,6.21,M,FEW,BKN,OVC,M,3100.00,4000.00,4800.00,M,-RA,M,M,M,M,M,M,50.00,FAGG 282200Z AUTO 29012KT 9999 -RA FEW031/// BKN040/// OVC048/// 10/10 Q1016 REDZ,M
FAGG,2026-06-28 23:00,50.00,48.20,93.50,300.00,11.00,0.00,30.00,M,6.21,M,FEW,BKN,OVC,M,3900.00,4400.00,5900.00,M,-RA,M,M,M,M,M,M,50.00,FAGG 282300Z AUTO 30011KT 9999 -RA FEW039/// BKN044/// OVC059/// 10/09 Q1016,M
FAGG,2026-06-29 00:00,51.80,48.20,87.47,310.00,13.00,0.00,30.03,M,6.21,M,SCT,BKN,M,M,4000.00,4600.00,M,M,-RA,M,M,M,M,M,M,51.80,FAGG 290000Z AUTO 31013KT 9999 -RA SCT040/// BKN046/// 11/09 Q1017,M
FAGG,2026-06-29 01:00,50.00,48.20,93.50,300.00,10.00,0.00,30.06,M,6.21,M,BKN,M,M,M,4800.00,M,M,M,-RA,M,M,M,M,M,M,50.00,FAGG 290100Z AUTO 30010KT 9999 -RA BKN048/// 10/09 Q1018,M
FAGG,2026-06-29 02:00,50.00,46.40,87.37,330.00,8.00,0.00,30.06,M,6.21,M,BKN,M,M,M,4700.00,M,M,M,M,M,M,M,M,M,M,50.00,FAGG 290200Z AUTO 33008KT 9999 BKN047/// 10/08 Q1018,M
FAGG,2026-06-29 03:00,50.00,46.40,87.37,280.00,10.00,0.00,30.06,M,6.21,M,SCT,M,M,M,4900.00,M,M,M,M,M,M,M,M,M,M,50.00,FAGG 290300Z 28010KT 9999 SCT049 10/08 Q1018,M
FAGG,2026-06-29 04:00,48.20,44.60,87.28,280.00,9.00,0.00,30.09,M,6.21,M,M,M,M,M,M,M,M,M,M,M,M,M,M,M,M,43.66,FAGG 290400Z 28009KT CAVOK 09/07 Q1019,M
FAGG,2026-06-29 05:00,48.20,42.80,81.47,290.00,8.00,0.00,30.12,M,6.21,M,M,M,M,M,M,M,M,M,M,M,M,M,M,M,M,44.07,FAGG 290500Z 29008KT CAVOK 09/06 Q1020,M
FAGG,2026-06-29 06:00,48.20,42.80,81.47,280.00,10.00,0.00,30.18,M,6.21,M,FEW,SCT,M,M,3000.00,4900.00,M,M,M,M,M,M,M,M,M,43.28,FAGG 290600Z 28010KT 9999 FEW030 SCT049 09/06 Q1022,M
FAGG,2026-06-29 07:00,50.00,42.80,76.17,290.00,12.00,0.00,30.18,M,6.21,M,FEW,SCT,M,M,3500.00,4900.00,M,M,M,M,M,M,M,M,M,50.00,FAGG 290700Z 29012KT 9999 FEW035 SCT049 10/06 Q1022,M
FAGG,2026-06-29 08:00,51.80,42.80,71.26,280.00,14.00,0.00,30.21,M,6.21,M,FEW,M,M,M,3500.00,M,M,M,M,M,M,M,M,M,M,51.80,FAGG 290800Z 28014KT 9999 FEW035 11/06 Q1023,M
FAGG,2026-06-29 08:23,55.40,42.80,62.46,270.00,10.00,0.00,30.21,M,6.21,M,FEW,M,M,M,3500.00,M,M,M,M,M,M,M,M,M,M,55.40,FAGG 290823Z 27010KT 9999 FEW035 13/06 Q1023,M
FAGG,2026-06-29 09:00,55.40,42.80,62.46,270.00,13.00,0.00,30.24,M,6.21,M,FEW,M,M,M,3500.00,M,M,M,M,M,M,M,M,M,M,55.40,FAGG 290900Z 27013KT 9999 FEW035 13/06 Q1024,M
FAGG,2026-06-29 10:00,55.40,42.80,62.46,240.00,12.00,0.00,30.24,M,6.21,M,SCT,M,M,M,3400.00,M,M,M,M,M,M,M,M,M,M,55.40,FAGG 291000Z 24012KT 9999 SCT034 13/06 Q1024,M
FAGG,2026-06-29 11:00,53.60,41.00,62.22,260.00,11.00,0.00,30.21,M,6.21,M,FEW,SCT,M,M,3700.00,4600.00,M,M,M,M,M,M,M,M,M,53.60,FAGG 291100Z 26011KT 230V290 9999 FEW037 SCT046 12/05 Q1023,M
FAGG,2026-06-29 11:03,57.20,41.00,54.60,240.00,10.00,0.00,30.21,M,6.21,M,FEW,SCT,M,M,3700.00,4600.00,M,M,M,M,M,M,M,M,M,57.20,FAGG 291103Z 24010KT 9999 FEW037 SCT046 14/05 Q1023,M
FAGG,2026-06-29 12:00,55.40,44.60,66.91,220.00,10.00,0.00,30.21,M,6.21,M,FEW,SCT,M,M,2500.00,3700.00,M,M,M,M,M,M,M,M,M,55.40,FAGG 291200Z 22010KT 9999 FEW025 SCT037 13/07 Q1023,M
FAGG,2026-06-29 13:00,51.80,42.80,71.26,230.00,12.00,0.00,30.24,M,6.21,M,FEW,SCT,M,M,3200.00,3600.00,M,M,-RA,M,M,M,M,M,M,51.80,FAGG 291300Z 23012KT 9999 -RA FEW032 SCT036 11/06 Q1024,M
FAGG,2026-06-29 14:00,51.80,48.20,87.47,220.00,5.00,0.00,30.24,M,6.21,M,FEW,BKN,M,M,3200.00,4800.00,M,M,M,M,M,M,M,M,M,51.80,FAGG 291400Z 22005KT 9999 FEW032 BKN048 11/09 Q1024,M
FAGG,2026-06-29 15:00,51.80,46.40,81.74,330.00,6.00,0.00,30.24,M,6.21,M,FEW,SCT,M,M,3400.00,4700.00,M,M,M,M,M,M,M,M,M,51.80,FAGG 291500Z 33006KT 9999 FEW034 SCT047 11/08 Q1024,M
FAGG,2026-06-29 16:00,50.00,46.40,87.37,350.00,4.00,0.00,30.24,M,6.21,M,FEW,SCT,M,M,3500.00,4700.00,M,M,M,M,M,M,M,M,M,50.00,FAGG 291600Z 35004KT 9999 FEW035 SCT047 10/08 Q1024,M
FAGG,2026-06-29 17:00,48.20,42.80,81.47,340.00,5.00,0.00,30.27,M,6.21,M,FEW,M,M,M,3500.00,M,M,M,M,M,M,M,M,M,M,45.63,FAGG 291700Z 34005KT 9999 FEW035 09/06 Q1025,M
FAGG,2026-06-29 18:00,46.40,41.00,81.33,340.00,4.00,0.00,30.27,M,6.21,M,M,M,M,M,M,M,M,M,M,M,M,M,M,M,M,44.24,FAGG 291800Z 34004KT CAVOK 08/05 Q1025,M
FAGG,2026-06-29 19:00,46.40,41.00,81.33,320.00,3.00,0.00,30.27,M,6.21,M,M,M,M,M,M,M,M,M,M,M,M,M,M,M,M,45.15,FAGG 291900Z AUTO 32003KT CAVOK 08/05 Q1025,M
FAGG,2026-06-29 20:00,44.60,41.00,87.08,330.00,2.00,0.00,30.27,M,6.21,M,M,M,M,M,M,M,M,M,M,M,M,M,M,M,M,44.60,FAGG 292000Z AUTO 33002KT CAVOK 07/05 Q1025,M
FAGG,2026-06-29 21:00,42.80,39.20,86.99,330.00,4.00,0.00,30.27,M,6.21,M,M,M,M,M,M,M,M,M,M,M,M,M,M,M,M,40.03,FAGG 292100Z AUTO 33004KT CAVOK 06/04 Q1025,M
FAGG,2026-06-29 22:00,42.80,39.20,86.99,320.00,3.00,0.00,30.27,M,6.21,M,M,M,M,M,M,M,M,M,M,M,M,M,M,M,M,41.03,FAGG 292200Z AUTO 32003KT CAVOK 06/04 Q1025,M
FAGG,2026-06-29 23:00,41.00,39.20,93.24,340.00,2.00,0.00,30.27,M,6.21,M,FEW,M,M,M,8200.00,M,M,M,M,M,M,M,M,M,M,41.00,FAGG 292300Z AUTO 34002KT 9999 FEW082/// 05/04 Q1025,M
FAGG,2026-06-30 00:00,41.00,39.20,93.24,320.00,4.00,0.00,30.27,M,6.21,M,SCT,M,M,M,7600.00,M,M,M,M,M,M,M,M,M,M,37.93,FAGG 300000Z AUTO 32004KT 9999 SCT076/// 05/04 Q1025,M
FAGG,2026-06-30 01:00,41.00,39.20,93.24,330.00,4.00,0.00,30.24,M,6.21,M,FEW,M,M,M,7400.00,M,M,M,M,M,M,M,M,M,M,37.93,FAGG 300100Z AUTO 33004KT 9999 FEW074/// 05/04 Q1024,M
FAGG,2026-06-30 02:00,42.80,39.20,86.99,360.00,2.00,0.00,30.21,M,6.21,M,SCT,M,M,M,7300.00,M,M,M,M,M,M,M,M,M,M,42.80,FAGG 300200Z AUTO 36002KT 9999 SCT073/// 06/04 Q1023,M
FAGG,2026-06-30 03:00,41.00,37.40,86.89,340.00,4.00,0.00,30.21,M,6.21,M,M,M,M,M,M,M,M,M,M,M,M,M,M,M,M,37.93,FAGG 300300Z 34004KT 300V360 CAVOK 05/03 Q1023,M
FAGG,2026-06-30 04:00,41.00,39.20,93.24,20.00,4.00,0.00,30.21,M,6.21,M,M,M,M,M,M,M,M,M,M,M,M,M,M,M,M,37.93,FAGG 300400Z 02004KT CAVOK 05/04 Q1023,M
FAGG,2026-06-30 05:00,41.00,37.40,86.89,30.00,4.00,0.00,30.21,M,6.21,M,M,M,M,M,M,M,M,M,M,M,M,M,M,M,M,37.93,FAGG 300500Z 03004KT CAVOK 05/03 Q1023,M
FAGG,2026-06-30 06:00,44.60,39.20,81.20,60.00,3.00,0.00,30.18,M,6.21,M,M,M,M,M,M,M,M,M,M,M,M,M,M,M,M,43.09,FAGG 300600Z 06003KT CAVOK 07/04 Q1022,M
FAGG,2026-06-30 06:45,48.20,42.80,81.47,40.00,4.00,0.00,30.18,M,6.21,M,M,M,M,M,M,M,M,M,M,M,M,M,M,M,M,46.34,FAGG 300645Z 04004KT CAVOK 09/06 Q1022,M
FAGG,2026-06-30 07:00,48.20,41.00,76.01,50.00,4.00,0.00,30.18,M,6.21,M,M,M,M,M,M,M,M,M,M,M,M,M,M,M,M,46.34,FAGG 300700Z 05004KT CAVOK 09/05 Q1022,M
FAGG,2026-06-30 07:21,51.80,41.00,66.48,80.00,5.00,0.00,30.18,M,6.21,M,M,M,M,M,M,M,M,M,M,M,M,M,M,M,M,51.80,FAGG 300721Z 08005KT CAVOK 11/05 Q1022,M
FAGG,2026-06-30 08:00,53.60,44.60,71.45,90.00,7.00,0.00,30.18,M,6.21,M,M,M,M,M,M,M,M,M,M,M,M,M,M,M,M,53.60,FAGG 300800Z 09007KT CAVOK 12/07 Q1022,M
FAGG,2026-06-30 09:00,55.40,42.80,62.46,100.00,12.00,0.00,30.15,M,6.21,M,M,M,M,M,M,M,M,M,M,M,M,M,M,M,M,55.40,FAGG 300900Z 10012KT CAVOK 13/06 Q1021,M
FAGG,2026-06-30 10:00,57.20,44.60,62.70,100.00,7.00,0.00,30.15,M,6.21,M,M,M,M,M,M,M,M,M,M,M,M,M,M,M,M,57.20,FAGG 301000Z 10007KT CAVOK 14/07 Q1021,M
FAGG,2026-06-30 11:00,59.00,44.60,58.78,130.00,6.00,0.00,30.12,M,6.21,M,M,M,M,M,M,M,M,M,M,M,M,M,M,M,M,59.00,FAGG 301100Z 13006KT 100V160 CAVOK 15/07 Q1020,M
FAGG,2026-06-30 12:00,59.00,44.60,58.78,M,2.00,0.00,30.09,M,6.21,M,M,M,M,M,M,M,M,M,M,M,M,M,M,M,M,59.00,FAGG 301200Z VRB02KT CAVOK 15/07 Q1019,M
FAGG,2026-06-30 13:00,59.00,46.40,62.93,180.00,4.00,0.00,30.09,M,6.21,M,FEW,M,M,M,3000.00,M,M,M,M,M,M,M,M,M,M,59.00,FAGG 301300Z 18004KT 160V240 9999 FEW030 15/08 Q1019,M
FAGG,2026-06-30 14:00,57.20,46.40,67.13,260.00,4.00,0.00,30.09,M,6.21,M,FEW,M,M,M,3000.00,M,M,M,M,M,M,M,M,M,M,57.20,FAGG 301400Z 26004KT 230V290 9999 FEW030 14/08 Q1019,M
FAGG,2026-06-30 15:00,55.40,46.40,71.65,M,1.00,0.00,30.09,M,6.21,M,FEW,M,M,M,3000.00,M,M,M,M,M,M,M,M,M,M,55.40,FAGG 301500Z VRB01KT 9999 FEW030 13/08 Q1019,M
FAGG,2026-06-30 16:00,51.80,46.40,81.74,0.00,0.00,0.00,30.09,M,6.21,M,M,M,M,M,M,M,M,M,M,M,M,M,M,M,M,51.80,FAGG 301600Z 00000KT CAVOK 11/08 Q1019,M
FAGG,2026-06-30 17:00,50.00,46.40,87.37,330.00,3.00,0.00,30.09,M,6.21,M,M,M,M,M,M,M,M,M,M,M,M,M,M,M,M,50.00,FAGG 301700Z 33003KT CAVOK 10/08 Q1019,M
FAGG,2026-06-30 18:00,48.20,46.40,93.45,320.00,3.00,0.00,30.09,M,6.21,M,M,M,M,M,M,M,M,M,M,M,M,M,M,M,M,47.21,FAGG 301800Z 32003KT CAVOK 09/08 Q1019,M
FAGG,2026-06-30 19:00,48.20,44.60,87.28,330.00,3.00,0.00,30.09,M,6.21,M,FEW,M,M,M,8800.00,M,M,M,M,M,M,M,M,M,M,47.21,FAGG 301900Z AUTO 33003KT 9999 FEW088/// 09/07 Q1019,M
FAGG,2026-06-30 20:00,46.40,44.60,93.40,310.00,4.00,0.00,30.09,M,6.21,M,FEW,M,M,M,8900.00,M,M,M,M,M,M,M,M,M,M,44.24,FAGG 302000Z AUTO 31004KT 9999 FEW089/// 08/07 Q1019,M
FAGG,2026-06-30 21:00,46.40,44.60,93.40,320.00,5.00,0.00,30.09,M,6.21,M,FEW,M,M,M,9100.00,M,M,M,M,M,M,M,M,M,M,43.50,FAGG 302100Z AUTO 32005KT 9999 FEW091/// 08/07 Q1019,M
FAGG,2026-06-30 22:00,46.40,42.80,87.18,330.00,4.00,0.00,30.09,M,6.21,M,FEW,M,M,M,9000.00,M,M,M,M,M,M,M,M,M,M,44.24,FAGG 302200Z AUTO 33004KT 9999 FEW090/// 08/06 Q1019,M
FAGG,2026-06-30 23:00,44.60,42.80,93.35,310.00,5.00,0.00,30.09,M,6.21,M,FEW,M,M,M,9100.00,M,M,M,M,M,M,M,M,M,M,41.36,FAGG 302300Z AUTO 31005KT 9999 FEW091/// 07/06 Q1019,M
FAGG,2026-07-01 00:00,46.40,44.60,93.40,320.00,4.00,0.00,30.09,M,6.21,M,SCT,M,M,M,7000.00,M,M,M,M,M,M,M,M,M,M,44.24,FAGG 010000Z AUTO 32004KT 9999 SCT070/// 08/07 Q1019,M
FAGG,2026-07-01 01:00,48.20,46.40,93.45,320.00,4.00,0.00,30.06,M,6.21,M,FEW,SCT,M,M,2000.00,7000.00,M,M,M,M,M,M,M,M,M,46.34,FAGG 010100Z AUTO 32004KT 9999 FEW020/// SCT070/// 09/08 Q1018,M
FAGG,2026-07-01 02:00,48.20,46.40,93.45,300.00,4.00,0.00,30.03,M,6.21,M,FEW,SCT,M,M,1500.00,6800.00,M,M,M,M,M,M,M,M,M,46.34,FAGG 010200Z AUTO 30004KT 9999 FEW015/// SCT068/// 09/08 Q1017,M
FAGG,2026-07-01 03:00,50.00,46.40,87.37,310.00,4.00,0.00,30.03,M,6.21,M,FEW,M,M,M,1400.00,M,M,M,M,M,M,M,M,M,M,50.00,FAGG 010300Z 31004KT 9999 FEW014 10/08 Q1017,M
FAGG,2026-07-01 04:00,50.00,48.20,93.50,290.00,3.00,0.00,30.03,M,6.21,M,SCT,BKN,M,M,1600.00,3000.00,M,M,M,M,M,M,M,M,M,50.00,FAGG 010400Z 29003KT 9999 SCT016 BKN030 10/09 Q1017,M
FAGG,2026-07-01 05:00,50.00,48.20,93.50,320.00,3.00,0.00,30.03,M,6.21,M,FEW,SCT,M,M,1900.00,3400.00,M,M,M,M,M,M,M,M,M,50.00,FAGG 010500Z 32003KT 290V350 9999 FEW019 SCT034 10/09 Q1017,M
FAGG,2026-07-01 06:00,51.80,50.00,93.55,310.00,5.00,0.00,30.03,M,6.21,M,FEW,SCT,M,M,2300.00,4400.00,M,M,M,M,M,M,M,M,M,51.80,FAGG 010600Z 31005KT 9999 FEW023 SCT044 11/10 Q1017,M
FAGG,2026-07-01 07:00,51.80,51.80,100.00,290.00,5.00,0.00,30.03,M,6.21,M,FEW,SCT,BKN,M,2500.00,3700.00,4900.00,M,M,M,M,M,M,M,M,51.80,FAGG 010700Z 29005KT 9999 FEW025 SCT037 BKN049 11/11 Q1017,M
FAGG,2026-07-01 08:00,53.60,51.80,93.60,300.00,5.00,0.00,30.03,M,6.21,M,FEW,SCT,BKN,M,2100.00,3000.00,4500.00,M,M,M,M,M,M,M,M,53.60,FAGG 010800Z 30005KT 9999 FEW021 SCT030 BKN045 12/11 Q1017,M
FAGG,2026-07-01 09:00,53.60,51.80,93.60,280.00,6.00,0.00,30.03,M,6.21,M,BKN,M,M,M,2400.00,M,M,M,M,M,M,M,M,M,M,53.60,FAGG 010900Z 28006KT 9999 BKN024 12/11 Q1017,M
FAGG,2026-07-01 10:00,55.40,50.00,82.00,290.00,7.00,0.00,30.03,M,6.21,M,BKN,M,M,M,2800.00,M,M,M,M,M,M,M,M,M,M,55.40,FAGG 011000Z 29007KT 9999 BKN028 13/10 Q1017,M
FAGG,2026-07-01 11:00,55.40,50.00,82.00,290.00,8.00,0.00,30.00,M,6.21,M,SCT,BKN,M,M,3200.00,4900.00,M,M,M,M,M,M,M,M,M,55.40,FAGG 011100Z 29008KT 9999 SCT032 BKN049 13/10 Q1016,M
FAGG,2026-07-01 12:00,55.40,48.20,76.67,280.00,7.00,0.00,29.97,M,6.21,M,BKN,M,M,M,3300.00,M,M,M,M,M,M,M,M,M,M,55.40,FAGG 011200Z 28007KT 9999 BKN033 13/09 Q1015,M
FAGG,2026-07-01 13:00,55.40,48.20,76.67,270.00,8.00,0.00,29.97,M,6.21,M,SCT,BKN,OVC,M,1600.00,2200.00,3900.00,M,M,M,M,M,M,M,M,55.40,FAGG 011300Z 27008KT 9999 SCT016 BKN022 OVC039 13/09 Q1015,M
FAGG,2026-07-01 14:00,53.60,48.20,81.87,260.00,9.00,0.00,29.97,M,6.21,M,SCT,BKN,OVC,M,1600.00,2500.00,3900.00,M,M,M,M,M,M,M,M,53.60,FAGG 011400Z 26009KT 9999 SCT016 BKN025 OVC039 12/09 Q1015,M
FAGG,2026-07-01 15:00,51.80,48.20,87.47,290.00,8.00,0.00,30.00,M,6.21,M,SCT,BKN,M,M,1600.00,4000.00,M,M,M,M,M,M,M,M,M,51.80,FAGG 011500Z 29008KT 9999 SCT016 BKN040 11/09 Q1016,M
FAGG,2026-07-01 16:00,51.80,46.40,81.74,290.00,8.00,0.00,30.00,M,6.21,M,SCT,BKN,M,M,1800.00,3000.00,M,M,M,M,M,M,M,M,M,51.80,FAGG 011600Z 29008KT 9999 SCT018 BKN030 11/08 Q1016,M
FAGG,2026-07-01 17:00,51.80,46.40,81.74,290.00,8.00,0.00,30.00,M,6.21,M,SCT,OVC,M,M,2400.00,3200.00,M,M,M,M,M,M,M,M,M,51.80,FAGG 011700Z 29008KT 9999 SCT024 OVC032 11/08 Q1016,M
FAGG,2026-07-01 18:00,51.80,46.40,81.74,290.00,10.00,0.00,30.03,M,6.21,M,SCT,OVC,M,M,2400.00,3300.00,M,M,M,M,M,M,M,M,M,51.80,FAGG 011800Z 29010KT 9999 SCT024 OVC033 11/08 Q1017,M
FAGG,2026-07-01 19:00,50.00,44.60,81.60,300.00,10.00,0.00,30.03,M,6.21,M,SCT,BKN,OVC,M,3600.00,4500.00,6500.00,M,-RA,M,M,M,M,M,M,50.00,FAGG 011900Z AUTO 30010KT 9999 -RA SCT036/// BKN045/// OVC065/// 10/07 Q1017,M
FAGG,2026-07-01 19:06,50.00,44.60,81.60,310.00,6.00,0.00,30.03,M,6.21,M,SCT,BKN,OVC,M,3800.00,4900.00,6200.00,M,-RA,M,M,M,M,M,M,50.00,FAGG 011906Z AUTO 31006KT 9999 -RA SCT038/// BKN049/// OVC062/// 10/07 Q1017,M
FAGG,2026-07-01 19:23,50.00,46.40,87.37,320.00,7.00,0.00,30.03,M,6.21,M,FEW,OVC,M,M,4400.00,5000.00,M,M,M,M,M,M,M,M,M,50.00,FAGG 011923Z AUTO 32007KT 9999 FEW044/// OVC050/// 10/08 Q1017,M
FAGG,2026-07-01 20:00,50.00,46.40,87.37,320.00,8.00,0.00,30.03,M,6.21,M,FEW,BKN,OVC,M,3700.00,4400.00,5200.00,M,-RA,M,M,M,M,M,M,50.00,FAGG 012000Z AUTO 32008KT 9999 -RA FEW037/// BKN044/// OVC052/// 10/08 Q1017,M
FAGG,2026-07-01 20:53,51.80,46.40,81.74,300.00,6.00,0.00,30.03,M,6.21,M,BKN,OVC,M,M,6600.00,9800.00,M,M,M,M,M,M,M,M,M,51.80,FAGG 012053Z AUTO 30006KT 9999 BKN066/// OVC098/// 11/08 Q1017,M
FAGG,2026-07-01 20:54,51.80,46.40,81.74,300.00,7.00,0.00,30.03,M,6.21,M,BKN,OVC,M,M,6600.00,9800.00,M,M,M,M,M,M,M,M,M,51.80,FAGG 012054Z AUTO 30007KT 9999 BKN066/// OVC098/// 11/08 Q1017,M
FAGG,2026-07-01 21:00,51.80,46.40,81.74,300.00,7.00,0.00,30.03,M,6.21,M,BKN,OVC,M,M,6600.00,9800.00,M,M,M,M,M,M,M,M,M,51.80,FAGG 012100Z AUTO 30007KT 9999 BKN066/// OVC098/// 11/08 Q1017,M
FAGG,2026-07-01 22:00,51.80,44.60,76.34,280.00,13.00,0.00,30.03,M,6.21,M,SCT,OVC,M,M,4500.00,8200.00,M,M,M,M,M,M,M,M,M,51.80,FAGG 012200Z AUTO 28013KT 9999 SCT045/// OVC082/// 11/07 Q1017,M
FAGG,2026-07-01 23:00,51.80,44.60,76.34,290.00,11.00,0.00,30.03,M,6.21,M,FEW,OVC,M,M,2600.00,4600.00,M,M,M,M,M,M,M,M,M,51.80,FAGG 012300Z AUTO 29011KT 9999 FEW026/// OVC046/// 11/07 Q1017,M
FAGG,2026-07-02 00:00,51.80,44.60,76.34,300.00,11.00,0.00,30.03,M,6.21,M,FEW,BKN,OVC,M,2900.00,4200.00,5700.00,M,M,M,M,M,M,M,M,51.80,FAGG 020000Z AUTO 30011KT 9999 FEW029/// BKN042/// OVC057/// 11/07 Q1017,M
FAGG,2026-07-02 01:00,51.80,44.60,76.34,280.00,14.00,0.00,30.06,M,6.21,M,FEW,OVC,M,M,4700.00,5400.00,M,M,M,M,M,M,M,M,M,51.80,FAGG 020100Z AUTO 28014KT 9999 FEW047/// OVC054/// 11/07 Q1018,M
FAGG,2026-07-02 02:00,50.00,44.60,81.60,290.00,14.00,0.00,30.06,M,6.21,M,FEW,M,M,M,4800.00,M,M,M,M,M,M,M,M,M,M,50.00,FAGG 020200Z AUTO 29014KT 9999 FEW048/// 10/07 Q1018,M
FAGG,2026-07-02 03:00,50.00,42.80,76.17,280.00,13.00,0.00,30.06,M,6.21,M,FEW,M,M,M,4200.00,M,M,M,M,M,M,M,M,M,M,50.00,FAGG 020300Z 28013KT 9999 FEW042 10/06 Q1018,M
FAGG,2026-07-02 04:00,50.00,42.80,76.17,310.00,10.00,0.00,30.06,M,6.21,M,FEW,M,M,M,4400.00,M,M,M,M,M,M,M,M,M,M,50.00,FAGG 020400Z 31010KT 9999 FEW044 10/06 Q1018,M
FAGG,2026-07-02 05:00,50.00,42.80,76.17,290.00,12.00,0.00,30.09,M,6.21,M,FEW,M,M,M,3600.00,M,M,M,M,M,M,M,M,M,M,50.00,FAGG 020500Z 29012KT 9999 FEW036 10/06 Q1019,M
FAGG,2026-07-02 06:00,50.00,41.00,71.06,300.00,11.00,0.00,30.09,M,6.21,M,FEW,M,M,M,3500.00,M,M,M,M,M,M,M,M,M,M,50.00,FAGG 020600Z 30011KT 9999 FEW035 10/05 Q1019,M
FAGG,2026-07-02 07:00,53.60,42.80,66.70,290.00,14.00,0.00,30.12,M,6.21,M,FEW,M,M,M,3300.00,M,M,M,M,M,M,M,M,M,M,53.60,FAGG 020700Z 29014KT 9999 FEW033 12/06 Q1020,M
FAGG,2026-07-02 08:00,55.40,41.00,58.27,290.00,14.00,0.00,30.12,M,6.21,M,M,M,M,M,M,M,M,M,M,M,M,M,M,M,M,55.40,FAGG 020800Z 29014KT CAVOK 13/05 Q1020,M
FAGG,2026-07-02 09:00,57.20,37.40,47.44,280.00,15.00,0.00,30.15,M,6.21,M,M,M,M,M,M,M,M,M,M,M,M,M,M,M,M,57.20,FAGG 020900Z 28015KT CAVOK 14/03 Q1021,M
FAGG,2026-07-02 10:00,59.00,39.20,47.72,280.00,14.00,0.00,30.15,M,6.21,M,FEW,M,M,M,4500.00,M,M,M,M,M,M,M,M,M,M,59.00,FAGG 021000Z 28014KT 9999 FEW045 15/04 Q1021,M
FAGG,2026-07-02 11:00,57.20,39.20,50.91,270.00,20.00,0.00,30.12,M,6.21,M,FEW,M,M,M,4900.00,M,M,M,M,M,M,M,M,M,M,57.20,FAGG 021100Z 27020KT 9999 FEW049 14/04 Q1020,M
FAGG,2026-07-02 11:09,60.80,42.80,51.46,280.00,14.00,0.00,30.12,M,6.21,M,FEW,M,M,M,4800.00,M,M,M,M,M,M,M,M,M,M,60.80,FAGG 021109Z 28014KT 9999 FEW048 16/06 Q1020,M
FAGG,2026-07-02 12:00,60.80,39.20,44.76,290.00,16.00,0.00,30.09,M,6.21,M,SCT,M,M,M,4800.00,M,M,M,M,M,M,M,M,M,M,60.80,FAGG 021200Z 29016KT 9999 SCT048 16/04 Q1019,M
FAGG,2026-07-02 13:00,60.80,41.00,48.01,260.00,14.00,0.00,30.12,M,6.21,M,M,M,M,M,M,M,M,M,M,M,M,M,M,M,M,60.80,FAGG 021300Z 26014KT CAVOK 16/05 Q1020,M
FAGG,2026-07-02 14:00,57.20,39.20,50.91,270.00,11.00,0.00,30.12,M,6.21,M,M,M,M,M,M,M,M,M,M,M,M,M,M,M,M,57.20,FAGG 021400Z 27011KT CAVOK 14/04 Q1020,M
FAGG,2026-07-02 15:00,57.20,39.20,50.91,260.00,10.00,0.00,30.12,M,6.21,M,M,M,M,M,M,M,M,M,M,M,M,M,M,M,M,57.20,FAGG 021500Z 26010KT CAVOK 14/04 Q1020,M
FAGG,2026-07-02 16:00,51.80,41.00,66.48,260.00,6.00,0.00,30.12,M,6.21,M,M,M,M,M,M,M,M,M,M,M,M,M,M,M,M,51.80,FAGG 021600Z 26006KT CAVOK 11/05 Q1020,M
FAGG,2026-07-02 17:00,50.00,41.00,71.06,330.00,6.00,0.00,30.15,M,6.21,M,M,M,M,M,M,M,M,M,M,M,M,M,M,M,M,50.00,FAGG 021700Z 33006KT CAVOK 10/05 Q1021,M
FAGG,2026-07-02 18:00,48.20,41.00,76.01,320.00,6.00,0.00,30.15,M,6.21,M,M,M,M,M,M,M,M,M,M,M,M,M,M,M,M,45.04,FAGG 021800Z 32006KT CAVOK 09/05 Q1021,M
FAGG,2026-07-02 19:00,46.40,41.00,81.33,320.00,5.00,0.00,30.15,M,6.21,M,SCT,M,M,M,11000.00,M,M,M,M,M,M,M,M,M,M,43.50,FAGG 021900Z AUTO 32005KT 9999 SCT110/// 08/05 Q1021,M
FAGG,2026-07-02 19:53,50.00,41.00,71.06,320.00,5.00,0.00,30.15,M,6.21,M,FEW,SCT,M,M,8800.00,11000.00,M,M,M,M,M,M,M,M,M,50.00,FAGG 021953Z AUTO 32005KT 9999 FEW088/// SCT110/// 10/05 Q1021,M
FAGG,2026-07-02 20:00,50.00,41.00,71.06,320.00,5.00,0.00,30.15,M,6.21,M,FEW,BKN,M,M,8700.00,11000.00,M,M,M,M,M,M,M,M,M,50.00,FAGG 022000Z AUTO 32005KT 9999 FEW087/// BKN110/// 10/05 Q1021,M
FAGG,2026-07-02 21:00,50.00,41.00,71.06,330.00,4.00,0.00,30.18,M,6.21,M,SCT,SCT,BKN,M,7000.00,8200.00,10000.00,M,M,M,M,M,M,M,M,50.00,FAGG 022100Z AUTO 33004KT 9999 SCT070/// SCT082/// BKN100/// 10/05 Q1022,M
FAGG,2026-07-02 22:00,50.00,39.20,66.26,M,2.00,0.00,30.18,M,6.21,M,FEW,SCT,M,M,7000.00,10000.00,M,M,M,M,M,M,M,M,M,50.00,FAGG 022200Z AUTO VRB02KT 9999 FEW070/// SCT100/// 10/04 Q1022,M
FAGG,2026-07-02 22:56,51.80,39.20,61.99,320.00,5.00,0.00,30.18,M,6.21,M,BKN,M,M,M,10000.00,M,M,M,M,M,M,M,M,M,M,51.80,FAGG 022256Z AUTO 32005KT 9999 BKN100/// 11/04 Q1022,M
FAGG,2026-07-02 23:00,51.80,39.20,61.99,320.00,5.00,0.00,30.18,M,6.21,M,BKN,M,M,M,10000.00,M,M,M,M,M,M,M,M,M,M,51.80,FAGG 022300Z AUTO 32005KT 9999 BKN100/// 11/04 Q1022,M
FAGG,2026-07-03 00:00,50.00,39.20,66.26,290.00,7.00,0.00,30.18,M,6.21,M,FEW,M,M,M,10000.00,M,M,M,M,M,M,M,M,M,M,50.00,FAGG 030000Z AUTO 29007KT 9999 FEW100/// 10/04 Q1022,M
FAGG,2026-07-03 01:00,48.20,39.20,70.87,330.00,3.00,0.00,30.18,M,6.21,M,SCT,SCT,BKN,M,6900.00,8000.00,9400.00,M,M,M,M,M,M,M,M,47.21,FAGG 030100Z AUTO 33003KT 300V360 9999 SCT069/// SCT080/// BKN094/// 09/04 Q1022,M
FAGG,2026-07-03 01:14,51.80,39.20,61.99,310.00,4.00,0.00,30.18,M,6.21,M,FEW,SCT,M,M,6200.00,7300.00,M,M,M,M,M,M,M,M,M,51.80,FAGG 030114Z AUTO 31004KT 9999 FEW062/// SCT073/// 11/04 Q1022,M
FAGG,2026-07-03 02:00,51.80,39.20,61.99,320.00,5.00,0.00,30.15,M,6.21,M,FEW,M,M,M,5400.00,M,M,M,M,M,M,M,M,M,M,51.80,FAGG 030200Z AUTO 32005KT 9999 FEW054/// 11/04 Q1021,M
FAGG,2026-07-03 02:55,53.60,39.20,58.02,310.00,4.00,0.00,30.15,M,6.21,M,M,M,M,M,M,M,M,M,M,M,M,M,M,M,M,53.60,FAGG 030255Z 31004KT 280V350 CAVOK 12/04 Q1021,M
FAGG,2026-07-03 03:00,53.60,39.20,58.02,310.00,4.00,0.00,30.15,M,6.21,M,M,M,M,M,M,M,M,M,M,M,M,M,M,M,M,53.60,FAGG 030300Z 31004KT 280V350 CAVOK 12/04 Q1021,M
FAGG,2026-07-03 04:00,51.80,39.20,61.99,10.00,4.00,0.00,30.15,M,6.21,M,M,M,M,M,M,M,M,M,M,M,M,M,M,M,M,51.80,FAGG 030400Z 01004KT CAVOK 11/04 Q1021,M
FAGG,2026-07-03 05:00,51.80,39.20,61.99,360.00,5.00,0.00,30.15,M,6.21,M,M,M,M,M,M,M,M,M,M,M,M,M,M,M,M,51.80,FAGG 030500Z 36005KT CAVOK 11/04 Q1021,M
FAGG,2026-07-03 05:05,55.40,39.20,54.33,340.00,4.00,0.00,30.15,M,6.21,M,M,M,M,M,M,M,M,M,M,M,M,M,M,M,M,55.40,FAGG 030505Z 34004KT CAVOK 13/04 Q1021,M
FAGG,2026-07-03 06:00,53.60,39.20,58.02,360.00,4.00,0.00,30.18,M,6.21,M,M,M,M,M,M,M,M,M,M,M,M,M,M,M,M,53.60,FAGG 030600Z 36004KT CAVOK 12/04 Q1022,M
FAGG,2026-07-03 06:58,57.20,42.80,58.52,340.00,4.00,0.00,30.18,M,6.21,M,M,M,M,M,M,M,M,M,M,M,M,M,M,M,M,57.20,FAGG 030658Z 34004KT CAVOK 14/06 Q1022,M
FAGG,2026-07-03 07:00,57.20,42.80,58.52,340.00,4.00,0.00,30.18,M,6.21,M,M,M,M,M,M,M,M,M,M,M,M,M,M,M,M,57.20,FAGG 030700Z 34004KT CAVOK 14/06 Q1022,M
FAGG,2026-07-03 08:00,59.00,44.60,58.78,30.00,4.00,0.00,30.18,M,6.21,M,M,M,M,M,M,M,M,M,M,M,M,M,M,M,M,59.00,FAGG 030800Z 03004KT CAVOK 15/07 Q1022,M
FAGG,2026-07-03 09:00,62.60,42.80,48.29,350.00,5.00,0.00,30.18,M,6.21,M,M,M,M,M,M,M,M,M,M,M,M,M,M,M,M,62.60,FAGG 030900Z 35005KT 320V030 CAVOK 17/06 Q1022,M
FAGG,2026-07-03 10:00,62.60,42.80,48.29,350.00,6.00,0.00,30.18,M,6.21,M,M,M,M,M,M,M,M,M,M,M,M,M,M,M,M,62.60,FAGG 031000Z 35006KT CAVOK 17/06 Q1022,M
FAGG,2026-07-03 11:00,62.60,41.00,45.05,320.00,8.00,0.00,30.18,M,6.21,M,M,M,M,M,M,M,M,M,M,M,M,M,M,M,M,62.60,FAGG 031100Z 32008KT CAVOK 17/05 Q1022,M
FAGG,2026-07-03 11:29,66.20,41.00,39.73,330.00,11.00,0.00,30.15,M,6.21,M,M,M,M,M,M,M,M,M,M,M,M,M,M,M,M,66.20,FAGG 031129Z 33011KT CAVOK 19/05 Q1021,M
FAGG,2026-07-03 12:00,64.40,42.80,45.34,320.00,7.00,0.00,30.15,M,6.21,M,M,M,M,M,M,M,M,M,M,M,M,M,M,M,M,64.40,FAGG 031200Z 32007KT CAVOK 18/06 Q1021,M
FAGG,2026-07-03 12:04,68.00,42.80,40.02,300.00,6.00,0.00,30.12,M,6.21,M,M,M,M,M,M,M,M,M,M,M,M,M,M,M,M,68.00,FAGG 031204Z 30006KT CAVOK 20/06 Q1020,M
FAGG,2026-07-03 12:44,68.00,42.80,40.02,M,3.00,0.00,30.12,M,6.21,M,M,M,M,M,M,M,M,M,M,M,M,M,M,M,M,68.00,FAGG 031244Z VRB03KT CAVOK 20/06 Q1020,M
FAGG,2026-07-03 13:00,66.20,42.80,42.59,M,2.00,0.00,30.12,M,6.21,M,M,M,M,M,M,M,M,M,M,M,M,M,M,M,M,66.20,FAGG 031300Z VRB02KT CAVOK 19/06 Q1020,M
FAGG,2026-07-03 14:00,62.60,50.00,63.39,140.00,5.00,0.00,30.12,M,6.21,M,M,M,M,M,M,M,M,M,M,M,M,M,M,M,M,62.60,FAGG 031400Z 14005KT CAVOK 17/10 Q1020,M
FAGG,2026-07-03 15:00,59.00,46.40,62.93,140.00,3.00,0.00,30.12,M,6.21,M,M,M,M,M,M,M,M,M,M,M,M,M,M,M,M,59.00,FAGG 031500Z 14003KT CAVOK 15/08 Q1020,M
FAGG,2026-07-03 16:00,55.40,46.40,71.65,270.00,4.00,0.00,30.15,M,6.21,M,M,M,M,M,M,M,M,M,M,M,M,M,M,M,M,55.40,FAGG 031600Z 27004KT 230V310 CAVOK 13/08 Q1021,M
FAGG,2026-07-03 17:00,53.60,42.80,66.70,350.00,6.00,0.00,30.15,M,6.21,M,M,M,M,M,M,M,M,M,M,M,M,M,M,M,M,53.60,FAGG 031700Z 35006KT CAVOK 12/06 Q1021,M
FAGG,2026-07-03 18:00,50.00,42.80,76.17,150.00,3.00,0.00,30.15,M,6.21,M,M,M,M,M,M,M,M,M,M,M,M,M,M,M,M,50.00,FAGG 031800Z 15003KT 030V170 CAVOK 10/06 Q1021,M
FAGG,2026-07-03 18:33,51.80,44.60,76.34,M,1.00,0.00,30.15,M,6.21,M,M,M,M,M,M,M,M,M,M,M,M,M,M,M,M,51.80,FAGG 031833Z AUTO VRB01KT CAVOK 11/07 Q1021,M
FAGG,2026-07-03 19:00,50.00,42.80,76.17,M,2.00,0.00,30.15,M,6.21,M,M,M,M,M,M,M,M,M,M,M,M,M,M,M,M,50.00,FAGG 031900Z AUTO VRB02KT CAVOK 10/06 Q1021,M
FAGG,2026-07-03 20:00,48.20,42.80,81.47,M,2.00,0.00,30.15,M,6.21,M,M,M,M,M,M,M,M,M,M,M,M,M,M,M,M,48.20,FAGG 032000Z AUTO VRB02KT CAVOK 09/06 Q1021,M
FAGG,2026-07-03 20:31,50.00,41.00,71.06,340.00,4.00,0.00,30.15,M,6.21,M,M,M,M,M,M,M,M,M,M,M,M,M,M,M,M,50.00,FAGG 032031Z AUTO 34004KT CAVOK 10/05 Q1021,M
FAGG,2026-07-03 21:00,48.20,41.00,76.01,M,2.00,0.00,30.15,M,6.21,M,M,M,M,M,M,M,M,M,M,M,M,M,M,M,M,48.20,FAGG 032100Z AUTO VRB02KT CAVOK 09/05 Q1021,M
FAGG,2026-07-03 21:40,50.00,39.20,66.26,340.00,5.00,0.00,30.15,M,6.21,M,M,M,M,M,M,M,M,M,M,M,M,M,M,M,M,50.00,FAGG 032140Z AUTO 34005KT CAVOK 10/04 Q1021,M
FAGG,2026-07-03 21:48,53.60,39.20,58.02,310.00,4.00,0.00,30.15,M,6.21,M,M,M,M,M,M,M,M,M,M,M,M,M,M,M,M,53.60,FAGG 032148Z AUTO 31004KT 280V340 CAVOK 12/04 Q1021,M
FAGG,2026-07-03 22:00,53.60,39.20,58.02,300.00,4.00,0.00,30.15,M,6.21,M,M,M,M,M,M,M,M,M,M,M,M,M,M,M,M,53.60,FAGG 032200Z AUTO 30004KT CAVOK 12/04 Q1021,M
FAGG,2026-07-03 22:32,48.20,39.20,70.87,330.00,4.00,0.00,30.15,M,6.21,M,M,M,M,M,M,M,M,M,M,M,M,M,M,M,M,46.34,FAGG 032232Z AUTO 33004KT 300V360 CAVOK 09/04 Q1021,M
FAGG,2026-07-03 22:44,51.80,39.20,61.99,310.00,4.00,0.00,30.15,M,6.21,M,M,M,M,M,M,M,M,M,M,M,M,M,M,M,M,51.80,FAGG 032244Z AUTO 31004KT 290V350 CAVOK 11/04 Q1021,M
FAGG,2026-07-03 23:00,50.00,39.20,66.26,330.00,3.00,0.00,30.15,M,6.21,M,M,M,M,M,M,M,M,M,M,M,M,M,M,M,M,50.00,FAGG 032300Z AUTO 33003KT CAVOK 10/04 Q1021,M
FAGG,2026-07-03 23:31,50.00,37.40,61.75,360.00,3.00,0.00,30.15,M,6.21,M,M,M,M,M,M,M,M,M,M,M,M,M,M,M,M,50.00,FAGG 032331Z AUTO 36003KT CAVOK 10/03 Q1021,M
FAGG,2026-07-04 00:00,51.80,37.40,57.76,360.00,3.00,0.00,30.15,M,6.21,M,M,M,M,M,M,M,M,M,M,M,M,M,M,M,M,51.80,FAGG 040000Z AUTO 36003KT CAVOK 11/03 Q1021,M
FAGG,2026-07-04 01:00,46.40,37.40,70.67,340.00,3.00,0.00,30.15,M,6.21,M,M,M,M,M,M,M,M,M,M,M,M,M,M,M,M,45.15,FAGG 040100Z AUTO 34003KT CAVOK 08/03 Q1021,M
FAGG,2026-07-04 01:24,50.00,37.40,61.75,350.00,3.00,0.00,30.15,M,6.21,M,M,M,M,M,M,M,M,M,M,M,M,M,M,M,M,50.00,FAGG 040124Z AUTO 35003KT CAVOK 10/03 Q1021,M
FAGG,2026-07-04 02:00,48.20,37.40,66.04,360.00,3.00,0.00,30.15,M,6.21,M,FEW,M,M,M,19000.00,M,M,M,M,M,M,M,M,M,M,47.21,FAGG 040200Z AUTO 36003KT 300V020 9999 FEW190/// 09/03 Q1021,M
FAGG,2026-07-04 03:00,48.20,37.40,66.04,10.00,4.00,0.00,30.12,M,6.21,M,M,M,M,M,M,M,M,M,M,M,M,M,M,M,M,46.34,FAGG 040300Z 01004KT CAVOK 09/03 Q1020,M
FAGG,2026-07-04 03:41,51.80,35.60,53.80,360.00,3.00,0.00,30.12,M,6.21,M,M,M,M,M,M,M,M,M,M,M,M,M,M,M,M,51.80,FAGG 040341Z 36003KT 310V020 CAVOK 11/02 Q1020,M
FAGG,2026-07-04 04:00,50.00,35.60,57.51,20.00,4.00,0.00,30.12,M,6.21,M,M,M,M,M,M,M,M,M,M,M,M,M,M,M,M,50.00,FAGG 040400Z 02004KT CAVOK 10/02 Q1020,M
FAGG,2026-07-04 05:00,50.00,35.60,57.51,360.00,3.00,0.00,30.15,M,6.21,M,M,M,M,M,M,M,M,M,M,M,M,M,M,M,M,50.00,FAGG 040500Z 36003KT CAVOK 10/02 Q1021,M
FAGG,2026-07-04 06:00,50.00,37.40,61.75,260.00,3.00,0.00,30.18,M,6.21,M,M,M,M,M,M,M,M,M,M,M,M,M,M,M,M,50.00,FAGG 040600Z 26003KT CAVOK 10/03 Q1022,M
FAGG,2026-07-04 06:46,50.00,41.00,71.06,330.00,4.00,0.00,30.18,M,6.21,M,M,M,M,M,M,M,M,M,M,M,M,M,M,M,M,50.00,FAGG 040646Z 33004KT CAVOK 10/05 Q1022,M
FAGG,2026-07-04 07:00,51.80,41.00,66.48,340.00,3.00,0.00,30.18,M,6.21,M,M,M,M,M,M,M,M,M,M,M,M,M,M,M,M,51.80,FAGG 040700Z 34003KT CAVOK 11/05 Q1022,M
FAGG,2026-07-04 07:09,55.40,41.00,58.27,340.00,3.00,0.00,30.18,M,6.21,M,M,M,M,M,M,M,M,M,M,M,M,M,M,M,M,55.40,FAGG 040709Z 34003KT 220V020 CAVOK 13/05 Q1022,M
FAGG,2026-07-04 08:00,59.00,42.80,54.86,360.00,3.00,0.00,30.18,M,6.21,M,M,M,M,M,M,M,M,M,M,M,M,M,M,M,M,59.00,FAGG 040800Z 36003KT CAVOK 15/06 Q1022,M
FAGG,2026-07-04 08:16,62.60,42.80,48.29,M,1.00,0.00,30.18,M,6.21,M,M,M,M,M,M,M,M,M,M,M,M,M,M,M,M,62.60,FAGG 040816Z VRB01KT CAVOK 17/06 Q1022,M
FAGG,2026-07-04 09:00,62.60,41.00,45.05,M,2.00,0.00,30.18,M,6.21,M,M,M,M,M,M,M,M,M,M,M,M,M,M,M,M,62.60,FAGG 040900Z VRB02KT CAVOK 17/05 Q1022,M
FAGG,2026-07-04 09:17,66.20,41.00,39.73,M,2.00,0.00,30.18,M,6.21,M,M,M,M,M,M,M,M,M,M,M,M,M,M,M,M,66.20,FAGG 040917Z VRB02KT CAVOK 19/05 Q1022,M
FAGG,2026-07-04 10:00,66.20,41.00,39.73,350.00,3.00,0.00,30.18,M,6.21,M,M,M,M,M,M,M,M,M,M,M,M,M,M,M,M,66.20,FAGG 041000Z 35003KT 260V060 CAVOK 19/05 Q1022,M
FAGG,2026-07-04 11:00,64.40,42.80,45.34,220.00,4.00,0.00,30.15,M,6.21,M,M,M,M,M,M,M,M,M,M,M,M,M,M,M,M,64.40,FAGG 041100Z 22004KT 180V340 CAVOK 18/06 Q1021,M
FAGG,2026-07-04 12:00,66.20,42.80,42.59,120.00,5.00,0.00,30.15,M,6.21,M,M,M,M,M,M,M,M,M,M,M,M,M,M,M,M,66.20,FAGG 041200Z 12005KT 090V150 CAVOK 19/06 Q1021,M
FAGG,2026-07-04 13:00,66.20,39.20,37.04,M,1.00,0.00,30.12,M,6.21,M,M,M,M,M,M,M,M,M,M,M,M,M,M,M,M,66.20,FAGG 041300Z VRB01KT CAVOK 19/04 Q1020,M
FAGG,2026-07-04 14:00,64.40,41.00,42.30,130.00,4.00,0.00,30.12,M,6.21,M,M,M,M,M,M,M,M,M,M,M,M,M,M,M,M,64.40,FAGG 041400Z 13004KT CAVOK 18/05 Q1020,M
FAGG,2026-07-04 15:00,60.80,41.00,48.01,130.00,4.00,0.00,30.15,M,6.21,M,M,M,M,M,M,M,M,M,M,M,M,M,M,M,M,60.80,FAGG 041500Z 13004KT CAVOK 16/05 Q1021,M
FAGG,2026-07-04 16:00,55.40,37.40,50.63,60.00,5.00,0.00,30.15,M,6.21,M,M,M,M,M,M,M,M,M,M,M,M,M,M,M,M,55.40,FAGG 041600Z 06005KT CAVOK 13/03 Q1021,M
FAGG,2026-07-04 17:00,55.40,37.40,50.63,70.00,5.00,0.00,30.15,M,6.21,M,M,M,M,M,M,M,M,M,M,M,M,M,M,M,M,55.40,FAGG 041700Z 07005KT CAVOK 13/03 Q1021,M
FAGG,2026-07-04 18:00,51.80,41.00,66.48,60.00,6.00,0.00,30.15,M,6.21,M,M,M,M,M,M,M,M,M,M,M,M,M,M,M,M,51.80,FAGG 041800Z 06006KT CAVOK 11/05 Q1021,M
FAGG,2026-07-04 18:32,55.40,39.20,54.33,60.00,5.00,0.00,30.15,M,6.21,M,M,M,M,M,M,M,M,M,M,M,M,M,M,M,M,55.40,FAGG 041832Z AUTO 06005KT CAVOK 13/04 Q1021,M
FAGG,2026-07-04 19:00,50.00,39.20,66.26,60.00,5.00,0.00,30.15,M,6.21,M,M,M,M,M,M,M,M,M,M,M,M,M,M,M,M,50.00,FAGG 041900Z AUTO 06005KT CAVOK 10/04 Q1021,M
FAGG,2026-07-04 19:34,53.60,37.40,54.07,40.00,3.00,0.00,30.12,M,6.21,M,M,M,M,M,M,M,M,M,M,M,M,M,M,M,M,53.60,FAGG 041934Z AUTO 04003KT 360V060 CAVOK 12/03 Q1020,M
FAGG,2026-07-04 20:00,53.60,37.40,54.07,60.00,4.00,0.00,30.12,M,6.21,M,M,M,M,M,M,M,M,M,M,M,M,M,M,M,M,53.60,FAGG 042000Z AUTO 06004KT CAVOK 12/03 Q1020,M
FAGG,2026-07-04 21:00,50.00,39.20,66.26,360.00,3.00,0.00,30.12,M,6.21,M,M,M,M,M,M,M,M,M,M,M,M,M,M,M,M,50.00,FAGG 042100Z AUTO 36003KT 320V020 CAVOK 10/04 Q1020,M
FAGG,2026-07-04 22:00,50.00,37.40,61.75,10.00,2.00,0.00,30.12,M,6.21,M,M,M,M,M,M,M,M,M,M,M,M,M,M,M,M,50.00,FAGG 042200Z AUTO 01002KT CAVOK 10/03 Q1020,M
FAGG,2026-07-04 23:00,53.60,37.40,54.07,M,2.00,0.00,30.12,M,6.21,M,M,M,M,M,M,M,M,M,M,M,M,M,M,M,M,53.60,FAGG 042300Z AUTO VRB02KT CAVOK 12/03 Q1020,M
FAGG,2026-07-05 00:00,46.40,39.20,75.84,300.00,5.00,0.00,30.12,M,6.21,M,M,M,M,M,M,M,M,M,M,M,M,M,M,M,M,43.50,FAGG 050000Z AUTO 30005KT CAVOK 08/04 Q1020,M
FAGG,2026-07-05 00:14,50.00,37.40,61.75,290.00,6.00,0.00,30.12,M,6.21,M,M,M,M,M,M,M,M,M,M,M,M,M,M,M,M,50.00,FAGG 050014Z AUTO 29006KT CAVOK 10/03 Q1020,M
FAGG,2026-07-05 00:54,50.00,37.40,61.75,320.00,5.00,0.00,30.12,M,6.21,M,M,M,M,M,M,M,M,M,M,M,M,M,M,M,M,50.00,FAGG 050054Z AUTO 32005KT CAVOK 10/03 Q1020,M
FAGG,2026-07-05 01:00,50.00,37.40,61.75,320.00,5.00,0.00,30.12,M,6.21,M,M,M,M,M,M,M,M,M,M,M,M,M,M,M,M,50.00,FAGG 050100Z AUTO 32005KT CAVOK 10/03 Q1020,M
FAGG,2026-07-05 01:14,53.60,37.40,54.07,320.00,6.00,0.00,30.12,M,6.21,M,M,M,M,M,M,M,M,M,M,M,M,M,M,M,M,53.60,FAGG 050114Z AUTO 32006KT CAVOK 12/03 Q1020,M
FAGG,2026-07-05 02:00,51.80,37.40,57.76,10.00,5.00,0.00,30.09,M,6.21,M,M,M,M,M,M,M,M,M,M,M,M,M,M,M,M,51.80,FAGG 050200Z AUTO 01005KT CAVOK 11/03 Q1019,M
FAGG,2026-07-05 03:00,48.20,35.60,61.50,20.00,4.00,0.00,30.09,M,6.21,M,M,M,M,M,M,M,M,M,M,M,M,M,M,M,M,46.34,FAGG 050300Z 02004KT CAVOK 09/02 Q1019,M
FAGG,2026-07-05 03:06,51.80,35.60,53.80,30.00,5.00,0.00,30.09,M,6.21,M,M,M,M,M,M,M,M,M,M,M,M,M,M,M,M,51.80,FAGG 050306Z 03005KT CAVOK 11/02 Q1019,M
FAGG,2026-07-05 03:45,51.80,35.60,53.80,340.00,5.00,0.00,30.09,M,6.21,M,M,M,M,M,M,M,M,M,M,M,M,M,M,M,M,51.80,FAGG 050345Z 34005KT CAVOK 11/02 Q1019,M
FAGG,2026-07-05 04:00,51.80,33.80,50.07,340.00,3.00,0.00,30.09,M,6.21,M,M,M,M,M,M,M,M,M,M,M,M,M,M,M,M,51.80,FAGG 050400Z 34003KT CAVOK 11/01 Q1019,M
FAGG,2026-07-05 04:31,51.80,33.80,50.07,30.00,4.00,0.00,30.09,M,6.21,M,M,M,M,M,M,M,M,M,M,M,M,M,M,M,M,51.80,FAGG 050431Z 03004KT CAVOK 11/01 Q1019,M
FAGG,2026-07-05 05:00,51.80,35.60,53.80,10.00,5.00,0.00,30.09,M,6.21,M,M,M,M,M,M,M,M,M,M,M,M,M,M,M,M,51.80,FAGG 050500Z 01005KT CAVOK 11/02 Q1019,M
FAGG,2026-07-05 06:00,50.00,35.60,57.51,10.00,4.00,0.00,30.09,M,6.21,M,M,M,M,M,M,M,M,M,M,M,M,M,M,M,M,50.00,FAGG 050600Z 01004KT CAVOK 10/02 Q1019,M
FAGG,2026-07-05 06:21,53.60,35.60,50.35,350.00,3.00,0.00,30.09,M,6.21,M,M,M,M,M,M,M,M,M,M,M,M,M,M,M,M,53.60,FAGG 050621Z 35003KT 320V030 CAVOK 12/02 Q1019,M
FAGG,2026-07-05 06:33,57.20,35.60,44.18,M,2.00,0.00,30.12,M,6.21,M,M,M,M,M,M,M,M,M,M,M,M,M,M,M,M,57.20,FAGG 050633Z VRB02KT CAVOK 14/02 Q1020,M
FAGG,2026-07-05 07:00,59.00,39.20,47.72,M,1.00,0.00,30.12,M,6.21,M,M,M,M,M,M,M,M,M,M,M,M,M,M,M,M,59.00,FAGG 050700Z VRB01KT CAVOK 15/04 Q1020,M
FAGG,2026-07-05 08:00,60.80,41.00,48.01,M,2.00,0.00,30.12,M,6.21,M,M,M,M,M,M,M,M,M,M,M,M,M,M,M,M,60.80,FAGG 050800Z VRB02KT CAVOK 16/05 Q1020,M
FAGG,2026-07-05 08:03,64.40,42.80,45.34,350.00,3.00,0.00,30.12,M,6.21,M,M,M,M,M,M,M,M,M,M,M,M,M,M,M,M,64.40,FAGG 050803Z 35003KT CAVOK 18/06 Q1020,M
FAGG,2026-07-05 08:23,68.00,41.00,37.34,360.00,3.00,0.00,30.12,M,6.21,M,M,M,M,M,M,M,M,M,M,M,M,M,M,M,M,68.00,FAGG 050823Z 36003KT 310V030 CAVOK 20/05 Q1020,M
FAGG,2026-07-05 09:00,69.80,41.00,35.11,20.00,3.00,0.00,30.12,M,6.21,M,M,M,M,M,M,M,M,M,M,M,M,M,M,M,M,69.80,FAGG 050900Z 02003KT 340V060 CAVOK 21/05 Q1020,M
FAGG,2026-07-05 10:00,73.40,35.60,25.15,340.00,6.00,0.00,30.12,M,6.21,M,M,M,M,M,M,M,M,M,M,M,M,M,M,M,M,73.40,FAGG 051000Z 34006KT CAVOK 23/02 Q1020,M
FAGG,2026-07-05 11:00,75.20,35.60,23.68,M,2.00,0.00,30.09,M,6.21,M,M,M,M,M,M,M,M,M,M,M,M,M,M,M,M,75.20,FAGG 051100Z VRB02KT CAVOK 24/02 Q1019,M
FAGG,2026-07-05 12:00,69.80,44.60,40.31,150.00,5.00,0.00,30.06,M,6.21,M,M,M,M,M,M,M,M,M,M,M,M,M,M,M,M,69.80,FAGG 051200Z 15005KT CAVOK 21/07 Q1018,M
FAGG,2026-07-05 13:00,71.60,42.80,35.40,190.00,5.00,0.00,30.06,M,6.21,M,M,M,M,M,M,M,M,M,M,M,M,M,M,M,M,71.60,FAGG 051300Z 19005KT 140V220 CAVOK 22/06 Q1018,M
FAGG,2026-07-05 14:00,69.80,42.80,37.63,130.00,4.00,0.00,30.06,M,6.21,M,M,M,M,M,M,M,M,M,M,M,M,M,M,M,M,69.80,FAGG 051400Z 13004KT CAVOK 21/06 Q1018,M
FAGG,2026-07-05 15:00,68.00,44.60,42.87,100.00,3.00,0.00,30.09,M,6.21,M,M,M,M,M,M,M,M,M,M,M,M,M,M,M,M,68.00,FAGG 051500Z 10003KT CAVOK 20/07 Q1019,M
FAGG,2026-07-05 16:00,60.80,44.60,55.13,40.00,3.00,0.00,30.09,M,6.21,M,M,M,M,M,M,M,M,M,M,M,M,M,M,M,M,60.80,FAGG 051600Z 04003KT CAVOK 16/07 Q1019,M
FAGG,2026-07-05 17:00,57.20,44.60,62.70,M,2.00,0.00,30.12,M,6.21,M,M,M,M,M,M,M,M,M,M,M,M,M,M,M,M,57.20,FAGG 051700Z VRB02KT CAVOK 14/07 Q1020,M
FAGG,2026-07-05 18:00,53.60,42.80,66.70,330.00,5.00,0.00,30.12,M,6.21,M,M,M,M,M,M,M,M,M,M,M,M,M,M,M,M,53.60,FAGG 051800Z 33005KT CAVOK 12/06 Q1020,M
FAGG,2026-07-05 19:00,51.80,42.80,71.26,300.00,3.00,0.00,30.12,M,6.21,M,M,M,M,M,M,M,M,M,M,M,M,M,M,M,M,51.80,FAGG 051900Z AUTO 30003KT CAVOK 11/06 Q1020,M
FAGG,2026-07-05 19:34,53.60,41.00,62.22,320.00,4.00,0.00,30.12,M,6.21,M,M,M,M,M,M,M,M,M,M,M,M,M,M,M,M,53.60,FAGG 051934Z AUTO 32004KT CAVOK 12/05 Q1020,M
FAGG,2026-07-05 20:00,51.80,39.20,61.99,350.00,4.00,0.00,30.12,M,6.21,M,M,M,M,M,M,M,M,M,M,M,M,M,M,M,M,51.80,FAGG 052000Z AUTO 35004KT CAVOK 11/04 Q1020,M
FAGG,2026-07-05 21:00,50.00,39.20,66.26,M,1.00,0.00,30.12,M,6.21,M,M,M,M,M,M,M,M,M,M,M,M,M,M,M,M,50.00,FAGG 052100Z AUTO VRB01KT CAVOK 10/04 Q1020,M
FAGG,2026-07-05 21:28,53.60,39.20,58.02,220.00,3.00,0.00,30.12,M,6.21,M,M,M,M,M,M,M,M,M,M,M,M,M,M,M,M,53.60,FAGG 052128Z AUTO 22003KT 200V260 CAVOK 12/04 Q1020,M
FAGG,2026-07-05 22:00,46.40,41.00,81.33,280.00,5.00,0.00,30.12,M,6.21,M,M,M,M,M,M,M,M,M,M,M,M,M,M,M,M,43.50,FAGG 052200Z AUTO 28005KT 250V310 CAVOK 08/05 Q1020,M
FAGG,2026-07-05 23:00,50.00,42.80,76.17,280.00,5.00,0.00,30.15,M,6.21,M,M,M,M,M,M,M,M,M,M,M,M,M,M,M,M,50.00,FAGG 052300Z AUTO 28005KT CAVOK 10/06 Q1021,M
FAGG,2026-07-05 23:39,48.20,44.60,87.28,310.00,6.00,0.00,30.15,M,6.21,M,SCT,BKN,M,M,100.00,400.00,M,M,M,M,M,M,M,M,M,45.04,FAGG 052339Z AUTO 31006KT 9999 SCT001/// BKN004/// 09/07 Q1021,M
FAGG,2026-07-05 23:43,50.00,44.60,81.60,310.00,5.00,0.00,30.15,M,6.21,M,BKN,BKN,M,M,100.00,400.00,M,M,M,M,M,M,M,M,M,50.00,FAGG 052343Z AUTO 31005KT 9999 BKN001/// BKN004/// 10/07 Q1021,M
FAGG,2026-07-05 23:58,50.00,44.60,81.60,320.00,5.00,0.00,30.15,M,6.21,M,SCT,SCT,M,M,200.00,400.00,M,M,M,M,M,M,M,M,M,50.00,FAGG 052358Z AUTO 32005KT 9999 SCT002/// SCT004/// 10/07 Q1021,M
FAGG,2026-07-06 00:00,50.00,44.60,81.60,320.00,4.00,0.00,30.15,M,6.21,M,SCT,SCT,M,M,200.00,400.00,M,M,M,M,M,M,M,M,M,50.00,FAGG 060000Z AUTO 32004KT 9999 SCT002/// SCT004/// 10/07 Q1021,M
FAGG,2026-07-06 01:00,48.20,42.80,81.47,330.00,4.00,0.00,30.18,M,6.21,M,M,M,M,M,M,M,M,M,M,M,M,M,M,M,M,46.34,FAGG 060100Z AUTO 33004KT CAVOK 09/06 Q1022,M
FAGG,2026-07-06 02:00,48.20,44.60,87.28,320.00,5.00,0.00,30.18,M,6.21,M,M,M,M,M,M,M,M,M,M,M,M,M,M,M,M,45.63,FAGG 060200Z AUTO 32005KT CAVOK 09/07 Q1022,M
FAGG,2026-07-06 03:00,48.20,44.60,87.28,350.00,4.00,0.00,30.18,M,6.21,M,M,M,M,M,M,M,M,M,M,M,M,M,M,M,M,46.34,FAGG 060300Z 35004KT CAVOK 09/07 Q1022,M
FAGG,2026-07-06 04:00,48.20,42.80,81.47,360.00,3.00,0.00,30.18,M,6.21,M,M,M,M,M,M,M,M,M,M,M,M,M,M,M,M,47.21,FAGG 060400Z 36003KT CAVOK 09/06 Q1022,M
FAGG,2026-07-06 05:00,46.40,42.80,87.18,0.00,0.00,0.00,30.21,M,6.21,M,M,M,M,M,M,M,M,M,M,M,M,M,M,M,M,46.40,FAGG 060500Z 00000KT CAVOK 08/06 Q1023,M
FAGG,2026-07-06 06:00,46.40,42.80,87.18,M,1.00,0.00,30.21,M,6.21,M,FEW,M,M,M,3700.00,M,M,M,M,M,M,M,M,M,M,46.40,FAGG 060600Z VRB01KT 9999 FEW037 08/06 Q1023,M
FAGG,2026-07-06 06:59,51.80,46.40,81.74,350.00,2.00,0.00,30.24,M,6.21,M,FEW,M,M,M,2500.00,M,M,M,M,M,M,M,M,M,M,51.80,FAGG 060659Z 35002KT 9999 FEW025 11/08 Q1024,M
FAGG,2026-07-06 07:00,51.80,46.40,81.74,350.00,2.00,0.00,30.24,M,6.21,M,FEW,M,M,M,2500.00,M,M,M,M,M,M,M,M,M,M,51.80,FAGG 060700Z 35002KT 9999 FEW025 11/08 Q1024,M
FAGG,2026-07-06 07:23,55.40,50.00,82.00,350.00,3.00,0.00,30.24,M,6.21,M,FEW,M,M,M,2500.00,M,M,M,M,M,M,M,M,M,M,55.40,FAGG 060723Z 35003KT 9999 FEW025 13/10 Q1024,M
FAGG,2026-07-06 07:48,59.00,51.80,76.99,10.00,2.00,0.00,30.24,M,6.21,M,FEW,M,M,M,2500.00,M,M,M,M,M,M,M,M,M,M,59.00,FAGG 060748Z 01002KT 9999 FEW025 15/11 Q1024,M
FAGG,2026-07-06 08:00,59.00,51.80,76.99,M,2.00,0.00,30.24,M,6.21,M,FEW,M,M,M,2500.00,M,M,M,M,M,M,M,M,M,M,59.00,FAGG 060800Z VRB02KT 9999 FEW025 15/11 Q1024,M
FAGG,2026-07-06 09:00,60.80,53.60,77.15,50.00,3.00,0.00,30.21,M,6.21,M,FEW,M,M,M,2500.00,M,M,M,M,M,M,M,M,M,M,60.80,FAGG 060900Z 05003KT 340V090 9999 FEW025 16/12 Q1023,M
FAGG,2026-07-06 10:00,62.60,53.60,72.40,M,3.00,0.00,30.21,M,6.21,M,FEW,M,M,M,3500.00,M,M,M,M,M,M,M,M,M,M,62.60,FAGG 061000Z VRB03KT 9999 FEW035 17/12 Q1023,M
FAGG,2026-07-06 11:00,62.60,55.40,77.31,160.00,7.00,0.00,30.18,M,6.21,M,FEW,M,M,M,1500.00,M,M,M,M,M,M,M,M,M,M,62.60,FAGG 061100Z 16007KT 120V190 9999 FEW015 17/13 Q1022,M
FAGG,2026-07-06 12:00,62.60,55.40,77.31,170.00,5.00,0.00,30.18,M,6.21,M,FEW,M,M,M,1600.00,M,M,M,M,M,M,M,M,M,M,62.60,FAGG 061200Z 17005KT 110V190 9999 FEW016 17/13 Q1022,M
FAGG,2026-07-06 13:00,62.60,55.40,77.31,140.00,5.00,0.00,30.15,M,6.21,M,FEW,M,M,M,1600.00,M,M,M,M,M,M,M,M,M,M,62.60,FAGG 061300Z 14005KT 100V160 9999 FEW016 17/13 Q1021,M
FAGG,2026-07-06 14:00,62.60,55.40,77.31,120.00,4.00,0.00,30.15,M,6.21,M,FEW,M,M,M,1600.00,M,M,M,M,M,M,M,M,M,M,62.60,FAGG 061400Z 12004KT 090V150 9999 FEW016 17/13 Q1021,M
FAGG,2026-07-06 15:00,60.80,55.40,82.38,110.00,4.00,0.00,30.18,M,6.21,M,M,M,M,M,M,M,M,M,M,M,M,M,M,M,M,60.80,FAGG 061500Z 11004KT CAVOK 16/13 Q1022,M
FAGG,2026-07-06 16:00,55.40,53.60,93.65,90.00,6.00,0.00,30.15,M,6.21,M,M,M,M,M,M,M,M,M,M,M,M,M,M,M,M,55.40,FAGG 061600Z 09006KT CAVOK 13/12 Q1021,M
FAGG,2026-07-06 17:00,55.40,51.80,87.65,80.00,6.00,0.00,30.15,M,6.21,M,M,M,M,M,M,M,M,M,M,M,M,M,M,M,M,55.40,FAGG 061700Z 08006KT CAVOK 13/11 Q1021,M
FAGG,2026-07-06 17:35,51.80,51.80,100.00,30.00,3.00,0.00,30.18,M,2.24,M,NSC,M,M,M,M,M,M,M,BR,M,M,M,M,M,M,51.80,FAGG 061735Z 03003KT 350V070 3600 BR NSC 11/11 Q1022,M
FAGG,2026-07-06 17:51,50.00,50.00,100.00,330.00,3.00,0.00,30.18,M,3.73,M,NSC,M,M,M,M,M,M,M,M,M,M,M,M,M,M,50.00,FAGG 061751Z 33003KT 6000 NSC 10/10 Q1022,M
FAGG,2026-07-06 18:00,50.00,50.00,100.00,320.00,4.00,0.00,30.21,M,4.35,M,NSC,M,M,M,M,M,M,M,M,M,M,M,M,M,M,50.00,FAGG 061800Z 32004KT 7000 NSC 10/10 Q1023,M
FAGG,2026-07-06 19:00,50.00,46.40,87.37,300.00,5.00,0.00,30.18,M,6.21,M,M,M,M,M,M,M,M,M,M,M,M,M,M,M,M,50.00,FAGG 061900Z AUTO 30005KT CAVOK 10/08 Q1022,M
FAGG,2026-07-06 20:00,48.20,46.40,93.45,330.00,5.00,0.00,30.18,M,6.21,M,M,M,M,M,M,M,M,M,M,M,M,M,M,M,M,45.63,FAGG 062000Z AUTO 33005KT CAVOK 09/08 Q1022,M
FAGG,2026-07-06 20:06,51.80,48.20,87.47,330.00,5.00,0.00,30.18,M,6.21,M,M,M,M,M,M,M,M,M,M,M,M,M,M,M,M,51.80,FAGG 062006Z AUTO 33005KT CAVOK 11/09 Q1022,M
FAGG,2026-07-06 21:00,50.00,46.40,87.37,340.00,1.00,0.00,30.18,M,6.21,M,M,M,M,M,M,M,M,M,M,M,M,M,M,M,M,50.00,FAGG 062100Z AUTO 34001KT CAVOK 10/08 Q1022,M
FAGG,2026-07-06 22:00,46.40,42.80,87.18,290.00,6.00,0.00,30.21,M,6.21,M,M,M,M,M,M,M,M,M,M,M,M,M,M,M,M,42.87,FAGG 062200Z AUTO 29006KT CAVOK 08/06 Q1023,M
FAGG,2026-07-06 22:57,51.80,44.60,76.34,310.00,5.00,0.00,30.21,M,6.21,M,M,M,M,M,M,M,M,M,M,M,M,M,M,M,M,51.80,FAGG 062257Z AUTO 31005KT CAVOK 11/07 Q1023,M
FAGG,2026-07-06 23:00,51.80,44.60,76.34,310.00,5.00,0.00,30.21,M,6.21,M,M,M,M,M,M,M,M,M,M,M,M,M,M,M,M,51.80,FAGG 062300Z AUTO 31005KT CAVOK 11/07 Q1023,M
FAGG,2026-07-07 00:00,50.00,44.60,81.60,310.00,4.00,0.00,30.21,M,6.21,M,M,M,M,M,M,M,M,M,M,M,M,M,M,M,M,50.00,FAGG 070000Z AUTO 31004KT CAVOK 10/07 Q1023,M
FAGG,2026-07-07 01:00,48.20,42.80,81.47,310.00,6.00,0.00,30.24,M,6.21,M,M,M,M,M,M,M,M,M,M,M,M,M,M,M,M,45.04,FAGG 070100Z AUTO 31006KT CAVOK 09/06 Q1024,M
FAGG,2026-07-07 02:00,48.20,42.80,81.47,300.00,6.00,0.00,30.24,M,6.21,M,M,M,M,M,M,M,M,M,M,M,M,M,M,M,M,45.04,FAGG 070200Z AUTO 30006KT CAVOK 09/06 Q1024,M
FAGG,2026-07-07 03:00,50.00,46.40,87.37,250.00,10.00,0.00,30.27,M,6.21,M,M,M,M,M,M,M,M,M,M,M,M,M,M,M,M,50.00,FAGG 070300Z 25010KT CAVOK 10/08 Q1025,M
FAGG,2026-07-07 04:00,48.20,46.40,93.45,310.00,8.00,0.00,30.30,M,6.21,M,SCT,M,M,M,1200.00,M,M,M,M,M,M,M,M,M,M,44.07,FAGG 070400Z 31008KT 9999 SCT012 09/08 Q1026,M
FAGG,2026-07-07 04:14,51.80,50.00,93.55,310.00,8.00,0.00,30.30,M,6.21,M,BKN,M,M,M,1100.00,M,M,M,M,M,M,M,M,M,M,51.80,FAGG 070414Z 31008KT 9999 BKN011 11/10 Q1026,M
FAGG,2026-07-07 05:00,53.60,50.00,87.56,320.00,8.00,0.00,30.30,M,6.21,M,BKN,M,M,M,1200.00,M,M,M,M,M,M,M,M,M,M,53.60,FAGG 070500Z 32008KT 9999 BKN012 12/10 Q1026,M
FAGG,2026-07-07 05:49,51.80,50.00,93.55,350.00,4.00,0.00,30.30,M,6.21,M,SCT,M,M,M,1100.00,M,M,M,M,M,M,M,M,M,M,51.80,FAGG 070549Z 35004KT 9999 SCT011 11/10 Q1026,M
FAGG,2026-07-07 06:00,51.80,50.00,93.55,350.00,5.00,0.00,30.30,M,6.21,M,FEW,M,M,M,1100.00,M,M,M,M,M,M,M,M,M,M,51.80,FAGG 070600Z 35005KT 9999 FEW011 11/10 Q1026,M
FAGG,2026-07-07 06:47,55.40,51.80,87.65,20.00,3.00,0.00,30.33,M,6.21,M,M,M,M,M,M,M,M,M,M,M,M,M,M,M,M,55.40,FAGG 070647Z 02003KT 350V070 CAVOK 13/11 Q1027,M
FAGG,2026-07-07 07:00,55.40,51.80,87.65,M,1.00,0.00,30.33,M,6.21,M,M,M,M,M,M,M,M,M,M,M,M,M,M,M,M,55.40,FAGG 070700Z VRB01KT CAVOK 13/11 Q1027,M
FAGG,2026-07-07 07:47,59.00,53.60,82.26,190.00,3.00,0.00,30.36,M,6.21,M,M,M,M,M,M,M,M,M,M,M,M,M,M,M,M,59.00,FAGG 070747Z 19003KT 140V220 CAVOK 15/12 Q1028,M
FAGG,2026-07-07 08:00,59.00,51.80,76.99,200.00,4.00,0.00,30.36,M,6.21,M,M,M,M,M,M,M,M,M,M,M,M,M,M,M,M,59.00,FAGG 070800Z 20004KT CAVOK 15/11 Q1028,M
FAGG,2026-07-07 09:00,60.80,51.80,72.21,M,2.00,0.00,30.36,M,6.21,M,M,M,M,M,M,M,M,M,M,M,M,M,M,M,M,60.80,FAGG 070900Z VRB02KT CAVOK 16/11 Q1028,M
FAGG,2026-07-07 10:00,62.60,53.60,72.40,M,2.00,0.00,30.36,M,6.21,M,FEW,M,M,M,1900.00,M,M,M,M,M,M,M,M,M,M,62.60,FAGG 071000Z VRB02KT 9999 FEW019 17/12 Q1028,M
FAGG,2026-07-07 11:00,62.60,55.40,77.31,M,4.00,0.00,30.33,M,6.21,M,FEW,M,M,M,3000.00,M,M,M,M,M,M,M,M,M,M,62.60,FAGG 071100Z VRB04KT 9999 FEW030 17/13 Q1027,M
FAGG,2026-07-07 12:00,64.40,53.60,67.97,220.00,4.00,0.00,30.33,M,6.21,M,FEW,M,M,M,3000.00,M,M,M,M,M,M,M,M,M,M,64.40,FAGG 071200Z 22004KT 150V310 9999 FEW030 18/12 Q1027,M
FAGG,2026-07-07 13:00,62.60,55.40,77.31,160.00,7.00,0.00,30.30,M,6.21,M,FEW,M,M,M,3000.00,M,M,M,M,M,M,M,M,M,M,62.60,FAGG 071300Z 16007KT 9999 FEW030 17/13 Q1026,M
FAGG,2026-07-07 14:00,62.60,53.60,72.40,170.00,5.00,0.00,30.30,M,6.21,M,FEW,M,M,M,2000.00,M,M,M,M,M,M,M,M,M,M,62.60,FAGG 071400Z 17005KT 140V200 9999 FEW020 17/12 Q1026,M
FAGG,2026-07-07 15:00,60.80,53.60,77.15,140.00,3.00,0.00,30.30,M,6.21,M,FEW,M,M,M,2000.00,M,M,M,M,M,M,M,M,M,M,60.80,FAGG 071500Z 14003KT 9999 FEW020 16/12 Q1026,M
FAGG,2026-07-07 16:00,57.20,53.60,87.75,100.00,3.00,0.00,30.30,M,6.21,M,FEW,M,M,M,2000.00,M,M,M,M,M,M,M,M,M,M,57.20,FAGG 071600Z 10003KT 9999 FEW020 14/12 Q1026,M
FAGG,2026-07-07 17:00,55.40,51.80,87.65,M,2.00,0.00,30.30,M,6.21,M,M,M,M,M,M,M,M,M,M,M,M,M,M,M,M,55.40,FAGG 071700Z VRB02KT CAVOK 13/11 Q1026,M
FAGG,2026-07-07 18:00,51.80,50.00,93.55,10.00,1.00,0.00,30.33,M,6.21,M,M,M,M,M,M,M,M,M,M,M,M,M,M,M,M,51.80,FAGG 071800Z 01001KT CAVOK 11/10 Q1027,M
FAGG,2026-07-07 19:00,50.00,48.20,93.50,360.00,4.00,0.00,30.30,M,6.21,M,M,M,M,M,M,M,M,M,M,M,M,M,M,M,M,50.00,FAGG 071900Z AUTO 36004KT CAVOK 10/09 Q1026,M
FAGG,2026-07-07 20:00,50.00,48.20,93.50,310.00,3.00,0.00,30.30,M,6.21,M,M,M,M,M,M,M,M,M,M,M,M,M,M,M,M,50.00,FAGG 072000Z AUTO 31003KT CAVOK 10/09 Q1026,M
FAGG,2026-07-07 21:00,48.20,46.40,93.45,M,2.00,0.00,30.30,M,6.21,M,M,M,M,M,M,M,M,M,M,M,M,M,M,M,M,48.20,FAGG 072100Z AUTO VRB02KT CAVOK 09/08 Q1026,M
FAGG,2026-07-07 22:00,48.20,46.40,93.45,360.00,4.00,0.00,30.30,M,6.21,M,M,M,M,M,M,M,M,M,M,M,M,M,M,M,M,46.34,FAGG 072200Z AUTO 36004KT CAVOK 09/08 Q1026,M
FAGG,2026-07-07 23:00,48.20,44.60,87.28,330.00,3.00,0.00,30.27,M,6.21,M,M,M,M,M,M,M,M,M,M,M,M,M,M,M,M,47.21,FAGG 072300Z AUTO 33003KT CAVOK 09/07 Q1025,M
FAGG,2026-07-08 00:00,48.20,46.40,93.45,320.00,3.00,0.00,30.27,M,6.21,M,M,M,M,M,M,M,M,M,M,M,M,M,M,M,M,47.21,FAGG 080000Z AUTO 32003KT CAVOK 09/08 Q1025,M
FAGG,2026-07-08 00:45,50.00,48.20,93.50,320.00,3.00,0.00,30.27,M,6.21,M,M,M,M,M,M,M,M,M,M,M,M,M,M,M,M,50.00,FAGG 080045Z AUTO 32003KT CAVOK 10/09 Q1025,M
FAGG,2026-07-08 01:00,50.00,46.40,87.37,290.00,2.00,0.00,30.24,M,6.21,M,M,M,M,M,M,M,M,M,M,M,M,M,M,M,M,50.00,FAGG 080100Z AUTO 29002KT CAVOK 10/08 Q1024,M
FAGG,2026-07-08 02:00,46.40,44.60,93.40,300.00,5.00,0.00,30.24,M,6.21,M,M,M,M,M,M,M,M,M,M,M,M,M,M,M,M,43.50,FAGG 080200Z AUTO 30005KT CAVOK 08/07 Q1024,M
FAGG,2026-07-08 02:50,51.80,48.20,87.47,340.00,7.00,0.00,30.24,M,6.21,M,M,M,M,M,M,M,M,M,M,M,M,M,M,M,M,51.80,FAGG 080250Z 34007KT CAVOK 11/09 Q1024,M
FAGG,2026-07-08 03:00,51.80,48.20,87.47,340.00,6.00,0.00,30.24,M,6.21,M,M,M,M,M,M,M,M,M,M,M,M,M,M,M,M,51.80,FAGG 080300Z 34006KT CAVOK 11/09 Q1024,M
FAGG,2026-07-08 04:00,48.20,46.40,93.45,310.00,5.00,0.00,30.24,M,6.21,M,M,M,M,M,M,M,M,M,M,M,M,M,M,M,M,45.63,FAGG 080400Z 31005KT CAVOK 09/08 Q1024,M
FAGG,2026-07-08 05:00,46.40,44.60,93.40,270.00,6.00,0.00,30.24,M,6.21,M,M,M,M,M,M,M,M,M,M,M,M,M,M,M,M,42.87,FAGG 080500Z 27006KT CAVOK 08/07 Q1024,M
FAGG,2026-07-08 06:00,48.20,46.40,93.45,320.00,5.00,0.00,30.27,M,6.21,M,FEW,M,M,M,2700.00,M,M,M,M,M,M,M,M,M,M,45.63,FAGG 080600Z 32005KT 9999 FEW027 09/08 Q1025,M
FAGG,2026-07-08 06:27,51.80,48.20,87.47,300.00,5.00,0.00,30.27,M,6.21,M,FEW,M,M,M,2700.00,M,M,M,M,M,M,M,M,M,M,51.80,FAGG 080627Z 30005KT 9999 FEW027 11/09 Q1025,M
FAGG,2026-07-08 07:00,53.60,50.00,87.56,300.00,5.00,0.00,30.27,M,6.21,M,FEW,M,M,M,2700.00,M,M,M,M,M,M,M,M,M,M,53.60,FAGG 080700Z 30005KT 9999 FEW027 12/10 Q1025,M
FAGG,2026-07-08 07:24,57.20,51.80,82.13,310.00,4.00,0.00,30.27,M,6.21,M,FEW,M,M,M,2700.00,M,M,M,M,M,M,M,M,M,M,57.20,FAGG 080724Z 31004KT 9999 FEW027 14/11 Q1025,M
FAGG,2026-07-08 08:00,59.00,51.80,76.99,330.00,4.00,0.00,30.27,M,6.21,M,FEW,M,M,M,2700.00,M,M,M,M,M,M,M,M,M,M,59.00,FAGG 080800Z 33004KT 9999 FEW027 15/11 Q1025,M
FAGG,2026-07-08 08:22,62.60,53.60,72.40,280.00,6.00,0.00,30.27,M,6.21,M,FEW,M,M,M,2700.00,M,M,M,M,M,M,M,M,M,M,62.60,FAGG 080822Z 28006KT 250V310 9999 FEW027 17/12 Q1025,M
FAGG,2026-07-08 09:00,64.40,53.60,67.97,270.00,8.00,0.00,30.27,M,6.21,M,M,M,M,M,M,M,M,M,M,M,M,M,M,M,M,64.40,FAGG 080900Z 27008KT CAVOK 18/12 Q1025,M
FAGG,2026-07-08 10:00,64.40,53.60,67.97,240.00,11.00,0.00,30.27,M,6.21,M,FEW,M,M,M,3500.00,M,M,M,M,M,M,M,M,M,M,64.40,FAGG 081000Z 24011KT 9999 FEW035 18/12 Q1025,M
FAGG,2026-07-08 11:00,68.00,48.20,49.12,260.00,13.00,0.00,30.24,M,6.21,M,FEW,M,M,M,3500.00,M,M,M,M,M,M,M,M,M,M,68.00,FAGG 081100Z 26013KT 9999 FEW035 20/09 Q1024,M
FAGG,2026-07-08 12:00,64.40,51.80,63.62,230.00,13.00,0.00,30.24,M,6.21,M,FEW,M,M,M,3500.00,M,M,M,M,M,M,M,M,M,M,64.40,FAGG 081200Z 23013KT 9999 FEW035 18/11 Q1024,M
FAGG,2026-07-08 13:00,62.60,53.60,72.40,220.00,8.00,0.00,30.21,M,6.21,M,FEW,M,M,M,3500.00,M,M,M,M,M,M,M,M,M,M,62.60,FAGG 081300Z 22008KT 9999 FEW035 17/12 Q1023,M
FAGG,2026-07-08 14:00,64.40,53.60,67.97,220.00,8.00,0.00,30.24,M,6.21,M,FEW,M,M,M,3500.00,M,M,M,M,M,M,M,M,M,M,64.40,FAGG 081400Z 22008KT 9999 FEW035 18/12 Q1024,M
FAGG,2026-07-08 15:00,62.60,53.60,72.40,230.00,6.00,0.00,30.21,M,6.21,M,FEW,M,M,M,3000.00,M,M,M,M,M,M,M,M,M,M,62.60,FAGG 081500Z 23006KT 200V260 9999 FEW030 17/12 Q1023,M
FAGG,2026-07-08 16:00,59.00,57.20,93.74,220.00,13.00,0.00,30.24,M,6.21,M,SCT,BKN,M,M,900.00,4000.00,M,M,M,M,M,M,M,M,M,59.00,FAGG 081600Z 22013KT 9999 SCT009 BKN040 15/14 Q1024,M
FAGG,2026-07-08 16:19,59.00,57.20,93.74,230.00,12.00,0.00,30.24,M,3.11,M,BKN,OVC,M,M,200.00,4000.00,M,M,BR,M,M,M,M,M,M,59.00,FAGG 081619Z 23012KT 5000 BR BKN002 OVC040 15/14 Q1024,M
FAGG,2026-07-08 17:00,57.20,57.20,100.00,210.00,7.00,0.00,30.24,M,2.49,M,BKN,OVC,M,M,200.00,800.00,M,M,BR,M,M,M,M,M,M,57.20,FAGG 081700Z 21007KT 4000 BR BKN002 OVC008 14/14 Q1024,M
FAGG,2026-07-08 17:05,57.20,55.40,93.70,210.00,6.00,0.00,30.24,M,4.97,M,BKN,OVC,M,M,200.00,800.00,M,M,M,M,M,M,M,M,M,57.20,FAGG 081705Z 21006KT 8000 BKN002 OVC008 14/13 Q1024,M
FAGG,2026-07-08 17:49,55.40,55.40,100.00,220.00,7.00,0.00,30.24,M,3.73,M,SCT,BKN,OVC,M,200.00,1300.00,1800.00,M,-DZ,M,M,M,M,M,M,55.40,FAGG 081749Z 22007KT 6000 -DZ SCT002 BKN013 OVC018 13/13 Q1024,M
FAGG,2026-07-08 18:00,55.40,55.40,100.00,230.00,6.00,0.00,30.27,M,3.11,M,SCT,BKN,OVC,M,200.00,1300.00,1900.00,M,-DZ,M,M,M,M,M,M,55.40,FAGG 081800Z 23006KT 5000 -DZ SCT002 BKN013 OVC019 13/13 Q1025,M
FAGG,2026-07-08 18:15,55.40,55.40,100.00,210.00,9.00,0.00,30.27,M,2.80,M,SCT,BKN,OVC,M,200.00,500.00,1600.00,M,RA,M,M,M,M,M,M,55.40,FAGG 081815Z AUTO 21009KT 4500 RA SCT002/// BKN005/// OVC016/// 13/13 Q1025,M
FAGG,2026-07-08 18:20,55.40,55.40,100.00,220.00,9.00,0.00,30.27,M,3.11,M,SCT,BKN,OVC,M,200.00,400.00,1800.00,M,RA,M,M,M,M,M,M,55.40,FAGG 081820Z AUTO 22009KT 5000 RA SCT002/// BKN004/// OVC018/// 13/13 Q1025,M
FAGG,2026-07-08 18:21,55.40,55.40,100.00,220.00,9.00,0.00,30.27,M,3.11,M,BKN,BKN,OVC,M,300.00,1000.00,1800.00,M,RA,M,M,M,M,M,M,55.40,FAGG 081821Z AUTO 22009KT 5000 RA BKN003/// BKN010/// OVC018/// 13/13 Q1025,M
FAGG,2026-07-08 18:29,55.40,55.40,100.00,210.00,8.00,0.00,30.27,M,3.11,M,BKN,OVC,M,M,200.00,400.00,M,M,-RA,M,M,M,M,M,M,55.40,FAGG 081829Z AUTO 21008KT 5000 -RA BKN002/// OVC004/// 13/13 Q1025 RERA,M
FAGG,2026-07-08 18:34,55.40,53.60,93.65,210.00,9.00,0.00,30.27,M,2.61,M,OVC,M,M,M,200.00,M,M,M,-RA,M,M,M,M,M,M,55.40,FAGG 081834Z AUTO 21009KT 4200 -RA OVC002/// 13/12 Q1025,M
FAGG,2026-07-08 18:35,55.40,53.60,93.65,210.00,10.00,0.00,30.27,M,2.55,M,BKN,OVC,M,M,200.00,600.00,M,M,-RA,M,M,M,M,M,M,55.40,FAGG 081835Z AUTO 21010KT 4100 -RA BKN002/// OVC006/// 13/12 Q1025,M
FAGG,2026-07-08 18:38,55.40,53.60,93.65,210.00,9.00,0.00,30.27,M,2.73,M,BKN,BKN,OVC,M,200.00,400.00,1100.00,M,-RA,M,M,M,M,M,M,55.40,FAGG 081838Z AUTO 21009KT 4400 -RA BKN002/// BKN004/// OVC011/// 13/12 Q1025,M
FAGG,2026-07-08 18:50,55.40,53.60,93.65,220.00,6.00,0.00,30.27,M,2.73,M,BKN,OVC,M,M,200.00,1100.00,M,M,-RA,M,M,M,M,M,M,55.40,FAGG 081850Z AUTO 22006KT 4400 -RA BKN002/// OVC011/// 13/12 Q1025,M
FAGG,2026-07-08 18:55,55.40,53.60,93.65,230.00,6.00,0.00,30.27,M,3.11,M,BKN,BKN,OVC,M,200.00,600.00,3700.00,M,-RA BR,M,M,M,M,M,M,55.40,FAGG 081855Z AUTO 23006KT 5000 -RA BR BKN002/// BKN006/// OVC037/// 13/12 Q1025,M
FAGG,2026-07-08 18:57,55.40,53.60,93.65,230.00,6.00,0.00,30.27,M,3.11,M,BKN,BKN,OVC,M,300.00,600.00,1100.00,M,-RA BR,M,M,M,M,M,M,55.40,FAGG 081857Z AUTO 23006KT 5000 -RA BR BKN003/// BKN006/// OVC011/// 13/12 Q1025,M
FAGG,2026-07-08 19:00,55.40,53.60,93.65,230.00,6.00,0.00,30.27,M,3.11,M,BKN,BKN,OVC,M,300.00,600.00,1100.00,M,-RA BR,M,M,M,M,M,M,55.40,FAGG 081900Z AUTO 23006KT 5000 -RA BR BKN003/// BKN006/// OVC011/// 13/12 Q1025,M
FAGG,2026-07-08 19:10,55.40,53.60,93.65,250.00,5.00,0.00,30.27,M,4.35,M,FEW,BKN,OVC,M,200.00,400.00,1000.00,M,-RA,M,M,M,M,M,M,55.40,FAGG 081910Z AUTO 25005KT 7000 -RA FEW002/// BKN004/// OVC010/// 13/12 Q1025,M
FAGG,2026-07-08 19:14,55.40,53.60,93.65,260.00,4.00,0.00,30.27,M,2.98,M,BKN,OVC,M,M,300.00,1000.00,M,M,-RA,M,M,M,M,M,M,55.40,FAGG 081914Z AUTO 26004KT 4800 -RA BKN003/// OVC010/// 13/12 Q1025,M
FAGG,2026-07-08 19:20,55.40,53.60,93.65,260.00,4.00,0.00,30.27,M,1.80,M,OVC,M,M,M,300.00,M,M,M,-RA,M,M,M,M,M,M,55.40,FAGG 081920Z AUTO 26004KT 2900 -RA OVC003/// 13/12 Q1025,M
FAGG,2026-07-08 19:39,55.40,53.60,93.65,230.00,8.00,0.00,30.27,M,2.30,M,BKN,BKN,OVC,M,200.00,900.00,1100.00,M,-RA,M,M,M,M,M,M,55.40,FAGG 081939Z AUTO 23008KT 200V260 3700 -RA BKN002/// BKN009/// OVC011/// 13/12 Q1025,M
FAGG,2026-07-08 19:43,53.60,53.60,100.00,220.00,9.00,0.00,30.27,M,2.55,M,BKN,BKN,OVC,M,200.00,400.00,1100.00,M,-RA,M,M,M,M,M,M,53.60,FAGG 081943Z AUTO 22009KT 4100 -RA BKN002/// BKN004/// OVC011/// 12/12 Q1025,M
FAGG,2026-07-08 19:55,53.60,53.60,100.00,230.00,8.00,0.00,30.27,M,2.55,M,SCT,BKN,OVC,M,200.00,1100.00,2000.00,M,-RA,M,M,M,M,M,M,53.60,FAGG 081955Z AUTO 23008KT 4100 -RA SCT002/// BKN011/// OVC020/// 12/12 Q1025,M
FAGG,2026-07-08 20:00,53.60,53.60,100.00,230.00,8.00,0.00,30.27,M,2.55,M,SCT,BKN,OVC,M,200.00,1100.00,2000.00,M,-RA,M,M,M,M,M,M,53.60,FAGG 082000Z AUTO 23008KT 4100 -RA SCT002/// BKN011/// OVC020/// 12/12 Q1025,M
FAGG,2026-07-08 20:08,53.60,53.60,100.00,250.00,6.00,0.00,30.27,M,3.73,M,SCT,BKN,OVC,M,400.00,1100.00,2800.00,M,-RA,M,M,M,M,M,M,53.60,FAGG 082008Z AUTO 25006KT 6000 -RA SCT004/// BKN011/// OVC028/// 12/12 Q1025,M
FAGG,2026-07-08 20:10,53.60,53.60,100.00,250.00,6.00,0.00,30.27,M,3.73,M,SCT,BKN,OVC,M,400.00,2100.00,2700.00,M,-RA,M,M,M,M,M,M,53.60,FAGG 082010Z AUTO 25006KT 6000 -RA SCT004/// BKN021/// OVC027/// 12/12 Q1025,M
FAGG,2026-07-08 20:19,53.60,53.60,100.00,260.00,6.00,0.00,30.27,M,5.59,M,BKN,BKN,OVC,M,400.00,2300.00,2800.00,M,-DZ,M,M,M,M,M,M,53.60,FAGG 082019Z AUTO 26006KT 9000 -DZ BKN004/// BKN023/// OVC028/// 12/12 Q1025,M
FAGG,2026-07-08 20:31,53.60,53.60,100.00,270.00,6.00,0.00,30.27,M,6.21,M,SCT,BKN,OVC,M,400.00,1100.00,2200.00,M,M,M,M,M,M,M,M,53.60,FAGG 082031Z AUTO 27006KT 9999 SCT004/// BKN011/// OVC022/// 12/12 Q1025,M
FAGG,2026-07-08 20:33,53.60,53.60,100.00,270.00,6.00,0.00,30.27,M,6.21,M,FEW,BKN,OVC,M,400.00,900.00,2100.00,M,M,M,M,M,M,M,M,53.60,FAGG 082033Z AUTO 27006KT 9999 FEW004/// BKN009/// OVC021/// 12/12 Q1025,M
FAGG,2026-07-08 20:45,53.60,53.60,100.00,280.00,6.00,0.00,30.27,M,2.92,M,FEW,SCT,OVC,M,200.00,400.00,800.00,M,-RA,M,M,M,M,M,M,53.60,FAGG 082045Z AUTO 28006KT 4700 -RA FEW002/// SCT004/// OVC008/// 12/12 Q1025,M
FAGG,2026-07-08 20:46,53.60,53.60,100.00,280.00,5.00,0.00,30.27,M,2.55,M,SCT,BKN,OVC,M,200.00,600.00,800.00,M,-RA BR,M,M,M,M,M,M,53.60,FAGG 082046Z AUTO 28005KT 4100 -RA BR SCT002/// BKN006/// OVC008/// 12/12 Q1025,M
FAGG,2026-07-08 20:50,53.60,53.60,100.00,280.00,5.00,0.00,30.27,M,2.55,M,FEW,BKN,OVC,M,200.00,400.00,700.00,M,-RA BR,M,M,M,M,M,M,53.60,FAGG 082050Z AUTO 28005KT 4100 -RA BR FEW002/// BKN004/// OVC007/// 12/12 Q1025,M
FAGG,2026-07-08 21:00,53.60,53.60,100.00,280.00,5.00,0.00,30.27,M,2.42,M,BKN,BKN,OVC,M,200.00,700.00,1800.00,M,-RA BR,M,M,M,M,M,M,53.60,FAGG 082100Z AUTO 28005KT 3900 -RA BR BKN002/// BKN007/// OVC018/// 12/12 Q1025,M
FAGG,2026-07-08 21:13,53.60,53.60,100.00,300.00,6.00,0.00,30.27,M,2.05,M,OVC,M,M,M,200.00,M,M,M,-RA,M,M,M,M,M,M,53.60,FAGG 082113Z AUTO 30006KT 3300 -RA OVC002/// 12/12 Q1025,M
FAGG,2026-07-08 21:22,53.60,53.60,100.00,290.00,6.00,0.00,30.27,M,1.74,M,OVC,M,M,M,200.00,M,M,M,-RA,M,M,M,M,M,M,53.60,FAGG 082122Z AUTO 29006KT 2800 -RA OVC002/// 12/12 Q1025,M
FAGG,2026-07-08 21:53,53.60,53.60,100.00,290.00,6.00,0.00,30.27,M,2.24,M,OVC,M,M,M,200.00,M,M,M,-DZ,M,M,M,M,M,M,53.60,FAGG 082153Z AUTO 29006KT 3600 -DZ OVC002/// 12/12 Q1025,M
FAGG,2026-07-08 21:59,53.60,53.60,100.00,290.00,5.00,0.00,30.27,M,1.74,M,OVC,M,M,M,200.00,M,M,M,-DZ,M,M,M,M,M,M,53.60,FAGG 082159Z AUTO 29005KT 2800 -DZ OVC002/// 12/12 Q1025,M
FAGG,2026-07-08 22:00,53.60,53.60,100.00,290.00,5.00,0.00,30.27,M,1.74,M,OVC,M,M,M,200.00,M,M,M,-DZ,M,M,M,M,M,M,53.60,FAGG 082200Z AUTO 29005KT 2800 -DZ OVC002/// 12/12 Q1025,M
FAGG,2026-07-08 22:10,53.60,53.60,100.00,270.00,6.00,0.00,30.27,M,1.68,M,OVC,M,M,M,200.00,M,M,M,DZ,M,M,M,M,M,M,53.60,FAGG 082210Z AUTO 27006KT 230V290 2700 DZ OVC002/// 12/12 Q1025,M
FAGG,2026-07-08 22:12,53.60,53.60,100.00,250.00,6.00,0.00,30.27,M,1.74,M,BKN,OVC,M,M,200.00,900.00,M,M,DZ,M,M,M,M,M,M,53.60,FAGG 082212Z AUTO 25006KT 210V290 2800 DZ BKN002/// OVC009/// 12/12 Q1025,M
FAGG,2026-07-08 22:14,53.60,53.60,100.00,240.00,6.00,0.00,30.27,M,2.11,M,BKN,BKN,OVC,M,200.00,900.00,1200.00,M,-RA,M,M,M,M,M,M,53.60,FAGG 082214Z AUTO 24006KT 210V280 3400 -RA BKN002/// BKN009/// OVC012/// 12/12 Q1025 REDZ,M
FAGG,2026-07-08 22:25,53.60,51.80,93.60,240.00,5.00,0.00,30.24,M,4.97,M,SCT,BKN,OVC,M,200.00,500.00,1300.00,M,-RA,M,M,M,M,M,M,53.60,FAGG 082225Z AUTO 24005KT 220V290 8000 -RA SCT002/// BKN005/// OVC013/// 12/11 Q1024 REDZ,M
FAGG,2026-07-08 22:35,53.60,51.80,93.60,290.00,4.00,0.00,30.24,M,6.21,M,FEW,OVC,M,M,200.00,1400.00,M,M,-RA,M,M,M,M,M,M,53.60,FAGG 082235Z AUTO 29004KT 9999 -RA FEW002/// OVC014/// 12/11 Q1024,M
FAGG,2026-07-08 22:52,53.60,53.60,100.00,310.00,4.00,0.00,30.24,M,6.21,M,SCT,OVC,M,M,1600.00,2000.00,M,M,M,M,M,M,M,M,M,53.60,FAGG 082252Z AUTO 31004KT 9999 SCT016/// OVC020/// 12/12 Q1024,M
FAGG,2026-07-08 23:00,53.60,53.60,100.00,310.00,4.00,0.00,30.24,M,6.21,M,SCT,OVC,M,M,1700.00,2000.00,M,M,M,M,M,M,M,M,M,53.60,FAGG 082300Z AUTO 31004KT 9999 SCT017/// OVC020/// 12/12 Q1024,M
FAGG,2026-07-08 23:58,53.60,51.80,93.60,300.00,6.00,0.00,30.24,M,6.21,M,FEW,BKN,OVC,M,800.00,1000.00,1800.00,M,M,M,M,M,M,M,M,53.60,FAGG 082358Z AUTO 30006KT 9999 FEW008/// BKN010/// OVC018/// 12/11 Q1024,M
FAGG,2026-07-08 23:59,53.60,51.80,93.60,300.00,6.00,0.00,30.24,M,6.21,M,FEW,BKN,OVC,M,700.00,900.00,1800.00,M,M,M,M,M,M,M,M,53.60,FAGG 082359Z AUTO 30006KT 9999 FEW007/// BKN009/// OVC018/// 12/11 Q1024,M
FAGG,2026-07-09 00:00,53.60,51.80,93.60,300.00,6.00,0.00,30.24,M,6.21,M,FEW,BKN,OVC,M,700.00,900.00,1800.00,M,M,M,M,M,M,M,M,53.60,FAGG 090000Z AUTO 30006KT 9999 FEW007/// BKN009/// OVC018/// 12/11 Q1024,M
FAGG,2026-07-09 00:09,53.60,51.80,93.60,300.00,7.00,0.00,30.24,M,2.73,M,BKN,BKN,OVC,M,600.00,1500.00,1700.00,M,-RA BR,M,M,M,M,M,M,53.60,FAGG 090009Z AUTO 30007KT 4400 -RA BR BKN006/// BKN015/// OVC017/// 12/11 Q1024,M
FAGG,2026-07-09 00:13,53.60,51.80,93.60,300.00,6.00,0.00,30.24,M,2.61,M,BKN,BKN,OVC,M,600.00,1400.00,1700.00,M,-DZ BR,M,M,M,M,M,M,53.60,FAGG 090013Z AUTO 30006KT 4200 -DZ BR BKN006/// BKN014/// OVC017/// 12/11 Q1024,M
FAGG,2026-07-09 00:22,53.60,51.80,93.60,300.00,6.00,0.00,30.24,M,2.30,M,OVC,M,M,M,400.00,M,M,M,-DZ,M,M,M,M,M,M,53.60,FAGG 090022Z AUTO 30006KT 3700 -DZ OVC004/// 12/11 Q1024,M
FAGG,2026-07-09 00:31,53.60,51.80,93.60,290.00,6.00,0.00,30.24,M,1.62,M,OVC,M,M,M,300.00,M,M,M,-DZ,M,M,M,M,M,M,53.60,FAGG 090031Z AUTO 29006KT 2600 -DZ OVC003/// 12/11 Q1024,M
FAGG,2026-07-09 00:42,51.80,51.80,100.00,290.00,5.00,0.00,30.24,M,1.55,M,OVC,M,M,M,200.00,M,M,M,DZ,M,M,M,M,M,M,51.80,FAGG 090042Z AUTO 29005KT 2500 DZ OVC002/// 11/11 Q1024,M
FAGG,2026-07-09 01:00,51.80,51.80,100.00,290.00,6.00,0.00,30.24,M,1.80,M,OVC,M,M,M,200.00,M,M,M,-RA,M,M,M,M,M,M,51.80,FAGG 090100Z AUTO 29006KT 2900 -RA OVC002/// 11/11 Q1024 REDZ,M
FAGG,2026-07-09 01:02,51.80,51.80,100.00,290.00,6.00,0.00,30.24,M,1.99,M,BKN,OVC,M,M,200.00,1300.00,M,M,-RA,M,M,M,M,M,M,51.80,FAGG 090102Z AUTO 29006KT 3200 -RA BKN002/// OVC013/// 11/11 Q1024,M
FAGG,2026-07-09 01:15,51.80,51.80,100.00,290.00,5.00,0.00,30.24,M,4.35,M,BKN,OVC,M,M,200.00,1500.00,M,M,-RA,M,M,M,M,M,M,51.80,FAGG 090115Z AUTO 29005KT 7000 -RA BKN002/// OVC015/// 11/11 Q1024,M
FAGG,2026-07-09 01:50,51.80,51.80,100.00,320.00,6.00,0.00,30.24,M,6.21,M,BKN,BKN,OVC,M,1500.00,1700.00,2600.00,M,M,M,M,M,M,M,M,51.80,FAGG 090150Z AUTO 32006KT 9999 BKN015/// BKN017/// OVC026/// 11/11 Q1024,M
FAGG,2026-07-09 02:00,51.80,51.80,100.00,320.00,6.00,0.00,30.24,M,6.21,M,BKN,BKN,OVC,M,1500.00,1700.00,2600.00,M,M,M,M,M,M,M,M,51.80,FAGG 090200Z AUTO 32006KT 9999 BKN015/// BKN017/// OVC026/// 11/11 Q1024,M
FAGG,2026-07-09 03:00,51.80,51.80,100.00,330.00,6.00,0.00,30.21,M,6.21,M,FEW,BKN,OVC,M,1300.00,1800.00,2500.00,M,M,M,M,M,M,M,M,51.80,FAGG 090300Z 33006KT 9999 FEW013 BKN018 OVC025 11/11 Q1023,M
FAGG,2026-07-09 04:00,51.80,50.00,93.55,310.00,6.00,0.00,30.21,M,6.21,M,BKN,OVC,M,M,2500.00,3300.00,M,M,M,M,M,M,M,M,M,51.80,FAGG 090400Z 31006KT 9999 BKN025 OVC033 11/10 Q1023,M
FAGG,2026-07-09 05:00,51.80,50.00,93.55,320.00,6.00,0.00,30.21,M,6.21,M,OVC,M,M,M,2000.00,M,M,M,M,M,M,M,M,M,M,51.80,FAGG 090500Z 32006KT 9999 OVC020 11/10 Q1023,M
FAGG,2026-07-09 06:00,53.60,50.00,87.56,300.00,5.00,0.00,30.21,M,6.21,M,OVC,M,M,M,2000.00,M,M,M,M,M,M,M,M,M,M,53.60,FAGG 090600Z 30005KT 9999 OVC020 12/10 Q1023,M
FAGG,2026-07-09 07:00,53.60,50.00,87.56,290.00,3.00,0.00,30.21,M,6.21,M,OVC,M,M,M,2000.00,M,M,M,M,M,M,M,M,M,M,53.60,FAGG 090700Z 29003KT 9999 OVC020 12/10 Q1023,M
FAGG,2026-07-09 08:00,53.60,50.00,87.56,260.00,7.00,0.00,30.21,M,6.21,M,SCT,BKN,M,M,1500.00,2500.00,M,M,M,M,M,M,M,M,M,53.60,FAGG 090800Z 26007KT 9999 SCT015 BKN025 12/10 Q1023,M
FAGG,2026-07-09 09:00,55.40,50.00,82.00,250.00,7.00,0.00,30.21,M,6.21,M,FEW,SCT,BKN,M,1200.00,1900.00,2800.00,M,M,M,M,M,M,M,M,55.40,FAGG 090900Z 25007KT 9999 FEW012 SCT019 BKN028 13/10 Q1023,M
FAGG,2026-07-09 10:00,55.40,48.20,76.67,250.00,4.00,0.00,30.21,M,6.21,M,FEW,SCT,BKN,M,1500.00,2400.00,3500.00,M,M,M,M,M,M,M,M,55.40,FAGG 091000Z 25004KT 220V300 9999 FEW015 SCT024 BKN035 13/09 Q1023,M
FAGG,2026-07-09 11:00,55.40,48.20,76.67,230.00,5.00,0.00,30.18,M,6.21,M,FEW,SCT,BKN,M,1600.00,2200.00,2800.00,M,M,M,M,M,M,M,M,55.40,FAGG 091100Z 23005KT 9999 FEW016 SCT022 BKN028 13/09 Q1022,M
FAGG,2026-07-09 12:00,57.20,46.40,67.13,240.00,6.00,0.00,30.15,M,6.21,M,FEW,BKN,M,M,1600.00,3500.00,M,M,M,M,M,M,M,M,M,57.20,FAGG 091200Z 24006KT 9999 FEW016 BKN035 14/08 Q1021,M
FAGG,2026-07-09 13:00,57.20,48.20,71.84,230.00,5.00,0.00,30.15,M,6.21,M,SCT,BKN,M,M,2300.00,3500.00,M,M,M,M,M,M,M,M,M,57.20,FAGG 091300Z 23005KT 200V260 9999 SCT023 BKN035 14/09 Q1021,M
FAGG,2026-07-09 14:00,55.40,46.40,71.65,210.00,5.00,0.00,30.15,M,6.21,M,SCT,BKN,M,M,2300.00,3500.00,M,M,M,M,M,M,M,M,M,55.40,FAGG 091400Z 21005KT 9999 SCT023 BKN035 13/08 Q1021,M
FAGG,2026-07-09 15:00,55.40,48.20,76.67,220.00,4.00,0.00,30.15,M,6.21,M,SCT,BKN,M,M,2300.00,3500.00,M,M,M,M,M,M,M,M,M,55.40,FAGG 091500Z 22004KT 9999 SCT023 BKN035 13/09 Q1021,M
FAGG,2026-07-09 16:00,53.60,46.40,76.51,M,2.00,0.00,30.15,M,6.21,M,SCT,BKN,M,M,2500.00,3500.00,M,M,M,M,M,M,M,M,M,53.60,FAGG 091600Z VRB02KT 9999 SCT025 BKN035 12/08 Q1021,M
FAGG,2026-07-09 17:00,53.60,48.20,81.87,M,2.00,0.00,30.15,M,6.21,M,BKN,M,M,M,3200.00,M,M,M,M,M,M,M,M,M,M,53.60,FAGG 091700Z VRB02KT 9999 BKN032 12/09 Q1021,M
FAGG,2026-07-09 18:00,53.60,48.20,81.87,320.00,3.00,0.00,30.15,M,6.21,M,BKN,M,M,M,3000.00,M,M,M,M,M,M,M,M,M,M,53.60,FAGG 091800Z 32003KT 9999 BKN030 12/09 Q1021,M
FAGG,2026-07-09 19:00,53.60,48.20,81.87,340.00,2.00,0.00,30.15,M,6.21,M,OVC,M,M,M,3100.00,M,M,M,M,M,M,M,M,M,M,53.60,FAGG 091900Z AUTO 34002KT 9999 OVC031/// 12/09 Q1021,M
FAGG,2026-07-09 20:00,53.60,48.20,81.87,320.00,4.00,0.00,30.15,M,6.21,M,OVC,M,M,M,3100.00,M,M,M,M,M,M,M,M,M,M,53.60,FAGG 092000Z AUTO 32004KT 9999 OVC031/// 12/09 Q1021,M
FAGG,2026-07-09 21:00,51.80,48.20,87.47,320.00,3.00,0.00,30.15,M,6.21,M,OVC,M,M,M,3300.00,M,M,M,M,M,M,M,M,M,M,51.80,FAGG 092100Z AUTO 32003KT 290V360 9999 OVC033/// 11/09 Q1021,M
FAGG,2026-07-09 22:00,51.80,48.20,87.47,280.00,4.00,0.00,30.15,M,6.21,M,OVC,M,M,M,3400.00,M,M,M,M,M,M,M,M,M,M,51.80,FAGG 092200Z AUTO 28004KT 9999 OVC034/// 11/09 Q1021,M
FAGG,2026-07-09 23:00,51.80,44.60,76.34,250.00,4.00,0.00,30.15,M,6.21,M,OVC,M,M,M,3500.00,M,M,M,M,M,M,M,M,M,M,51.80,FAGG 092300Z AUTO 25004KT 9999 OVC035/// 11/07 Q1021,M
FAGG,2026-07-10 00:00,51.80,46.40,81.74,290.00,5.00,0.00,30.15,M,6.21,M,BKN,M,M,M,3500.00,M,M,M,M,M,M,M,M,M,M,51.80,FAGG 100000Z AUTO 29005KT 9999 BKN035/// 11/08 Q1021,M
FAGG,2026-07-10 01:00,50.00,44.60,81.60,330.00,4.00,0.00,30.15,M,6.21,M,SCT,M,M,M,3600.00,M,M,M,M,M,M,M,M,M,M,50.00,FAGG 100100Z AUTO 33004KT 9999 SCT036/// 10/07 Q1021,M
FAGG,2026-07-10 02:00,50.00,44.60,81.60,340.00,6.00,0.00,30.15,M,6.21,M,OVC,M,M,M,3500.00,M,M,M,M,M,M,M,M,M,M,50.00,FAGG 100200Z AUTO 34006KT 9999 OVC035/// 10/07 Q1021,M
FAGG,2026-07-10 03:00,51.80,42.80,71.26,340.00,4.00,0.00,30.15,M,6.21,M,BKN,M,M,M,3900.00,M,M,M,M,M,M,M,M,M,M,51.80,FAGG 100300Z 34004KT 9999 BKN039 11/06 Q1021,M
FAGG,2026-07-10 04:00,48.20,44.60,87.28,300.00,5.00,0.00,30.15,M,6.21,M,BKN,M,M,M,4100.00,M,M,M,M,M,M,M,M,M,M,45.63,FAGG 100400Z 30005KT 9999 BKN041 09/07 Q1021,M
FAGG,2026-07-10 05:00,48.20,44.60,87.28,M,2.00,0.00,30.18,M,6.21,M,SCT,BKN,M,M,2700.00,4000.00,M,M,M,M,M,M,M,M,M,48.20,FAGG 100500Z VRB02KT 9999 SCT027 BKN040 09/07 Q1022,M
FAGG,2026-07-10 06:00,48.20,44.60,87.28,320.00,3.00,0.00,30.18,M,6.21,M,FEW,M,M,M,2900.00,M,M,M,M,M,M,M,M,M,M,47.21,FAGG 100600Z 32003KT 9999 FEW029 09/07 Q1022,M
FAGG,2026-07-10 07:00,50.00,46.40,87.37,310.00,4.00,0.00,30.18,M,6.21,M,SCT,M,M,M,4600.00,M,M,M,M,M,M,M,M,M,M,50.00,FAGG 100700Z 31004KT 9999 SCT046 10/08 Q1022,M
FAGG,2026-07-10 07:18,53.60,46.40,76.51,310.00,4.00,0.00,30.21,M,6.21,M,FEW,SCT,M,M,3900.00,4700.00,M,M,M,M,M,M,M,M,M,53.60,FAGG 100718Z 31004KT 9999 FEW039 SCT047 12/08 Q1023,M
FAGG,2026-07-10 08:00,53.60,46.40,76.51,300.00,4.00,0.00,30.21,M,6.21,M,FEW,SCT,M,M,3900.00,4600.00,M,M,M,M,M,M,M,M,M,53.60,FAGG 100800Z 30004KT 9999 FEW039 SCT046 12/08 Q1023,M
FAGG,2026-07-10 08:56,59.00,46.40,62.93,280.00,4.00,0.00,30.21,M,6.21,M,FEW,M,M,M,4600.00,M,M,M,M,M,M,M,M,M,M,59.00,FAGG 100856Z 28004KT 240V310 9999 FEW046 15/08 Q1023,M
FAGG,2026-07-10 09:00,59.00,46.40,62.93,280.00,4.00,0.00,30.21,M,6.21,M,FEW,M,M,M,4600.00,M,M,M,M,M,M,M,M,M,M,59.00,FAGG 100900Z 28004KT 240V310 9999 FEW046 15/08 Q1023,M
FAGG,2026-07-10 10:00,59.00,46.40,62.93,260.00,5.00,0.00,30.21,M,6.21,M,FEW,M,M,M,2900.00,M,M,M,M,M,M,M,M,M,M,59.00,FAGG 101000Z 26005KT 200V350 9999 FEW029 15/08 Q1023,M
FAGG,2026-07-10 11:00,59.00,48.20,67.34,220.00,5.00,0.00,30.18,M,6.21,M,FEW,SCT,M,M,2700.00,4900.00,M,M,M,M,M,M,M,M,M,59.00,FAGG 101100Z 22005KT 170V270 9999 FEW027 SCT049 15/09 Q1022,M
FAGG,2026-07-10 12:00,59.00,48.20,67.34,200.00,6.00,0.00,30.15,M,6.21,M,FEW,BKN,M,M,2600.00,4300.00,M,M,M,M,M,M,M,M,M,59.00,FAGG 101200Z 20006KT 170V230 9999 FEW026 BKN043 15/09 Q1021,M
FAGG,2026-07-10 13:00,59.00,46.40,62.93,200.00,6.00,0.00,30.15,M,6.21,M,FEW,BKN,M,M,2500.00,4300.00,M,M,M,M,M,M,M,M,M,59.00,FAGG 101300Z 20006KT 170V230 9999 FEW025 BKN043 15/08 Q1021,M
FAGG,2026-07-10 14:00,57.20,48.20,71.84,210.00,5.00,0.00,30.18,M,6.21,M,FEW,SCT,M,M,2500.00,4200.00,M,M,M,M,M,M,M,M,M,57.20,FAGG 101400Z 21005KT 9999 FEW025 SCT042 14/09 Q1022,M
FAGG,2026-07-10 15:00,57.20,50.00,76.83,210.00,3.00,0.00,30.18,M,6.21,M,FEW,BKN,M,M,2500.00,3900.00,M,M,M,M,M,M,M,M,M,57.20,FAGG 101500Z 21003KT 9999 FEW025 BKN039 14/10 Q1022,M
FAGG,2026-07-10 16:00,55.40,50.00,82.00,180.00,2.00,0.00,30.18,M,6.21,M,FEW,BKN,M,M,2500.00,3600.00,M,M,M,M,M,M,M,M,M,55.40,FAGG 101600Z 18002KT 9999 FEW025 BKN036 13/10 Q1022,M
FAGG,2026-07-10 17:00,53.60,50.00,87.56,M,2.00,0.00,30.21,M,6.21,M,SCT,M,M,M,3300.00,M,M,M,M,M,M,M,M,M,M,53.60,FAGG 101700Z VRB02KT 9999 SCT033 12/10 Q1023,M
FAGG,2026-07-10 18:00,51.80,48.20,87.47,320.00,3.00,0.00,30.21,M,6.21,M,FEW,SCT,BKN,M,1400.00,2200.00,3400.00,M,M,M,M,M,M,M,M,51.80,FAGG 101800Z 32003KT 9999 FEW014 SCT022 BKN034 11/09 Q1023,M
FAGG,2026-07-10 18:55,51.80,48.20,87.47,M,2.00,0.00,30.21,M,6.21,M,FEW,BKN,OVC,M,1200.00,1400.00,2300.00,M,M,M,M,M,M,M,M,51.80,FAGG 101855Z AUTO VRB02KT 9999 FEW012/// BKN014/// OVC023/// 11/09 Q1023,M
FAGG,2026-07-10 19:00,51.80,48.20,87.47,M,2.00,0.00,30.21,M,6.21,M,FEW,BKN,OVC,M,1200.00,1400.00,2300.00,M,M,M,M,M,M,M,M,51.80,FAGG 101900Z AUTO VRB02KT 9999 FEW012/// BKN014/// OVC023/// 11/09 Q1023,M
FAGG,2026-07-10 19:10,51.80,48.20,87.47,M,1.00,0.00,30.21,M,6.21,M,SCT,BKN,BKN,M,1300.00,2600.00,3700.00,M,M,M,M,M,M,M,M,51.80,FAGG 101910Z AUTO VRB01KT 9999 SCT013/// BKN026/// BKN037/// 11/09 Q1023,M
FAGG,2026-07-10 20:00,50.00,48.20,93.50,310.00,3.00,0.00,30.21,M,6.21,M,FEW,SCT,M,M,1200.00,6100.00,M,M,M,M,M,M,M,M,M,50.00,FAGG 102000Z AUTO 31003KT 9999 FEW012/// SCT061/// 10/09 Q1023,M
FAGG,2026-07-10 20:16,50.00,48.20,93.50,M,2.00,0.00,30.21,M,5.59,M,SCT,BKN,BKN,M,1200.00,3500.00,6000.00,M,DZ,M,M,M,M,M,M,50.00,FAGG 102016Z AUTO VRB02KT 9000 DZ SCT012/// BKN035/// BKN060/// 10/09 Q1023,M
FAGG,2026-07-10 20:19,50.00,48.20,93.50,M,2.00,0.00,30.21,M,4.97,M,FEW,BKN,BKN,M,1100.00,1300.00,3500.00,M,DZ,M,M,M,M,M,M,50.00,FAGG 102019Z AUTO VRB02KT 8000 DZ FEW011/// BKN013/// BKN035/// 10/09 Q1023,M
FAGG,2026-07-10 20:36,50.00,48.20,93.50,M,1.00,0.00,30.21,M,3.11,M,SCT,BKN,OVC,M,1100.00,1800.00,2300.00,M,RA,M,M,M,M,M,M,50.00,FAGG 102036Z AUTO VRB01KT 5000 RA SCT011/// BKN018/// OVC023/// 10/09 Q1023,M
FAGG,2026-07-10 20:55,50.00,50.00,100.00,M,1.00,0.00,30.21,M,3.73,M,SCT,OVC,M,M,1200.00,1400.00,M,M,RA,M,M,M,M,M,M,50.00,FAGG 102055Z AUTO VRB01KT 6000 RA SCT012/// OVC014/// 10/10 Q1023,M
FAGG,2026-07-10 21:00,50.00,50.00,100.00,M,1.00,0.00,30.21,M,3.73,M,SCT,OVC,M,M,1200.00,1400.00,M,M,RA,M,M,M,M,M,M,50.00,FAGG 102100Z AUTO VRB01KT 6000 RA SCT012/// OVC014/// 10/10 Q1023,M
FAGG,2026-07-10 21:04,50.00,50.00,100.00,M,1.00,0.00,30.21,M,2.73,M,SCT,OVC,M,M,1300.00,1800.00,M,M,RA,M,M,M,M,M,M,50.00,FAGG 102104Z AUTO VRB01KT 4400 RA SCT013/// OVC018/// 10/10 Q1023,M
FAGG,2026-07-10 21:05,50.00,50.00,100.00,M,1.00,0.00,30.21,M,2.86,M,SCT,OVC,M,M,1300.00,1800.00,M,M,+RA,M,M,M,M,M,M,50.00,FAGG 102105Z AUTO VRB01KT 4600 +RA SCT013/// OVC018/// 10/10 Q1023,M
FAGG,2026-07-10 21:12,50.00,50.00,100.00,50.00,2.00,0.00,30.21,M,3.04,M,SCT,BKN,OVC,M,1200.00,1400.00,1700.00,M,+RA,M,M,M,M,M,M,50.00,FAGG 102112Z AUTO 05002KT 4900 +RA SCT012/// BKN014/// OVC017/// 10/10 Q1023,M
FAGG,2026-07-10 21:16,50.00,50.00,100.00,50.00,3.00,0.00,30.21,M,2.73,M,BKN,BKN,OVC,M,1000.00,1400.00,1600.00,M,+RA,M,M,M,M,M,M,50.00,FAGG 102116Z AUTO 05003KT 040V110 4400 +RA BKN010/// BKN014/// OVC016/// 10/10 Q1023,M
FAGG,2026-07-10 21:21,50.00,50.00,100.00,M,2.00,0.00,30.21,M,2.80,M,BKN,BKN,OVC,M,1000.00,1200.00,1400.00,M,+RA,M,M,M,M,M,M,50.00,FAGG 102121Z AUTO VRB02KT 4500 +RA BKN010/// BKN012/// OVC014/// 10/10 Q1023,M
FAGG,2026-07-10 21:31,50.00,50.00,100.00,20.00,3.00,0.00,30.21,M,4.35,M,BKN,BKN,OVC,M,1000.00,1200.00,1400.00,M,RA,M,M,M,M,M,M,50.00,FAGG 102131Z AUTO 02003KT 350V050 7000 RA BKN010/// BKN012/// OVC014/// 10/10 Q1023,M
FAGG,2026-07-10 21:42,51.80,50.00,93.55,360.00,4.00,0.00,30.21,M,5.59,M,SCT,OVC,M,M,800.00,1100.00,M,M,-RA,M,M,M,M,M,M,51.80,FAGG 102142Z AUTO 36004KT 310V060 9000 -RA SCT008/// OVC011/// 11/10 Q1023 RERA,M
FAGG,2026-07-10 21:49,51.80,50.00,93.55,20.00,4.00,0.00,30.21,M,6.21,M,SCT,BKN,OVC,M,800.00,1000.00,1200.00,M,M,M,M,M,M,M,M,51.80,FAGG 102149Z AUTO 02004KT 340V060 9999 SCT008/// BKN010/// OVC012/// 11/10 Q1023 RERA,M
FAGG,2026-07-10 21:57,51.80,50.00,93.55,360.00,3.00,0.00,30.21,M,6.21,M,OVC,M,M,M,800.00,M,M,M,M,M,M,M,M,M,M,51.80,FAGG 102157Z AUTO 36003KT 340V040 9999 OVC008/// 11/10 Q1023 RERA,M
FAGG,2026-07-10 22:00,51.80,50.00,93.55,360.00,3.00,0.00,30.21,M,6.21,M,OVC,M,M,M,800.00,M,M,M,M,M,M,M,M,M,M,51.80,FAGG 102200Z AUTO 36003KT 340V040 9999 OVC008/// 11/10 Q1023 RERA,M
FAGG,2026-07-10 22:27,51.80,50.00,93.55,M,1.00,0.00,30.21,M,6.21,M,BKN,BKN,OVC,M,700.00,900.00,1500.00,M,-RA,M,M,M,M,M,M,51.80,FAGG 102227Z AUTO VRB01KT 9999 -RA BKN007/// BKN009/// OVC015/// 11/10 Q1023,M
FAGG,2026-07-10 22:32,51.80,51.80,100.00,M,2.00,0.00,30.21,M,6.21,M,BKN,BKN,OVC,M,700.00,1100.00,1400.00,M,-RA,M,M,M,M,M,M,51.80,FAGG 102232Z AUTO VRB02KT 9999 -RA BKN007/// BKN011/// OVC014/// 11/11 Q1023,M
FAGG,2026-07-10 22:35,51.80,50.00,93.55,M,2.00,0.00,30.21,M,2.92,M,BKN,BKN,OVC,M,700.00,1100.00,1400.00,M,-RA,M,M,M,M,M,M,51.80,FAGG 102235Z AUTO VRB02KT 4700 -RA BKN007/// BKN011/// OVC014/// 11/10 Q1023,M
FAGG,2026-07-10 22:38,51.80,50.00,93.55,360.00,3.00,0.00,30.21,M,3.04,M,BKN,BKN,OVC,M,700.00,900.00,1300.00,M,-RA,M,M,M,M,M,M,51.80,FAGG 102238Z AUTO 36003KT 4900 -RA BKN007/// BKN009/// OVC013/// 11/10 Q1023,M
FAGG,2026-07-10 22:48,51.80,50.00,93.55,40.00,3.00,0.00,30.21,M,4.35,M,BKN,OVC,M,M,700.00,1100.00,M,M,-RA,M,M,M,M,M,M,51.80,FAGG 102248Z AUTO 04003KT 7000 -RA BKN007/// OVC011/// 11/10 Q1023,M
FAGG,2026-07-10 22:52,51.80,50.00,93.55,50.00,3.00,0.00,30.21,M,4.35,M,BKN,OVC,M,M,700.00,2500.00,M,M,-RA,M,M,M,M,M,M,51.80,FAGG 102252Z AUTO 05003KT 7000 -RA BKN007/// OVC025/// 11/10 Q1023,M
FAGG,2026-07-10 22:56,51.80,50.00,93.55,40.00,3.00,0.00,30.21,M,4.97,M,BKN,BKN,OVC,M,700.00,900.00,2300.00,M,-RA,M,M,M,M,M,M,51.80,FAGG 102256Z AUTO 04003KT 8000 -RA BKN007/// BKN009/// OVC023/// 11/10 Q1023,M
FAGG,2026-07-10 23:00,51.80,50.00,93.55,40.00,3.00,0.00,30.21,M,4.97,M,BKN,BKN,OVC,M,700.00,900.00,2300.00,M,-RA,M,M,M,M,M,M,51.80,FAGG 102300Z AUTO 04003KT 8000 -RA BKN007/// BKN009/// OVC023/// 11/10 Q1023,M
FAGG,2026-07-10 23:07,51.80,50.00,93.55,360.00,3.00,0.00,30.21,M,6.21,M,SCT,SCT,BKN,M,700.00,2300.00,3200.00,M,M,M,M,M,M,M,M,51.80,FAGG 102307Z AUTO 36003KT 330V030 9999 SCT007/// SCT023/// BKN032/// 11/10 Q1023,M
FAGG,2026-07-10 23:49,51.80,50.00,93.55,M,2.00,0.00,30.21,M,6.21,M,BKN,BKN,OVC,M,1300.00,2500.00,3400.00,M,M,M,M,M,M,M,M,51.80,FAGG 102349Z AUTO VRB02KT 9999 BKN013/// BKN025/// OVC034/// 11/10 Q1023,M
FAGG,2026-07-11 00:00,51.80,50.00,93.55,M,1.00,0.00,30.21,M,6.21,M,BKN,BKN,OVC,M,1300.00,2800.00,3200.00,M,M,M,M,M,M,M,M,51.80,FAGG 110000Z AUTO VRB01KT 9999 BKN013/// BKN028/// OVC032/// 11/10 Q1023,M
FAGG,2026-07-11 00:28,51.80,50.00,93.55,M,1.00,0.00,30.21,M,6.21,M,FEW,BKN,OVC,M,1300.00,2300.00,2800.00,M,M,M,M,M,M,M,M,51.80,FAGG 110028Z AUTO VRB01KT 9999 FEW013/// BKN023/// OVC028/// 11/10 Q1023,M
FAGG,2026-07-11 01:00,51.80,51.80,100.00,20.00,6.00,0.00,30.21,M,6.21,M,BKN,BKN,OVC,M,2700.00,3100.00,3500.00,M,M,M,M,M,M,M,M,51.80,FAGG 110100Z AUTO 02006KT 9999 BKN027/// BKN031/// OVC035/// 11/11 Q1023,M
FAGG,2026-07-11 02:00,51.80,50.00,93.55,310.00,3.00,0.00,30.21,M,6.21,M,BKN,OVC,M,M,4000.00,4700.00,M,M,M,M,M,M,M,M,M,51.80,FAGG 110200Z AUTO 31003KT 9999 BKN040/// OVC047/// 11/10 Q1023,M
FAGG,2026-07-11 03:00,51.80,50.00,93.55,M,1.00,0.00,30.21,M,6.21,M,FEW,BKN,M,M,2500.00,4000.00,M,M,M,M,M,M,M,M,M,51.80,FAGG 110300Z VRB01KT 9999 FEW025 BKN040 11/10 Q1023,M
FAGG,2026-07-11 04:00,51.80,50.00,93.55,120.00,5.00,0.00,30.21,M,6.21,M,FEW,BKN,M,M,2500.00,4000.00,M,M,M,M,M,M,M,M,M,51.80,FAGG 110400Z 12005KT 9999 FEW025 BKN040 11/10 Q1023,M
FAGG,2026-07-11 05:00,51.80,51.80,100.00,40.00,6.00,0.00,30.21,M,6.21,M,FEW,BKN,M,M,1200.00,3200.00,M,M,M,M,M,M,M,M,M,51.80,FAGG 110500Z 04006KT 9999 FEW012 BKN032 11/11 Q1023,M
FAGG,2026-07-11 06:00,51.80,50.00,93.55,40.00,3.00,0.00,30.24,M,6.21,M,FEW,BKN,M,M,2000.00,3500.00,M,M,M,M,M,M,M,M,M,51.80,FAGG 110600Z 04003KT 9999 FEW020 BKN035 11/10 Q1024,M
FAGG,2026-07-11 06:43,55.40,51.80,87.65,70.00,4.00,0.00,30.24,M,6.21,M,FEW,BKN,M,M,2000.00,3800.00,M,M,M,M,M,M,M,M,M,55.40,FAGG 110643Z 07004KT 9999 FEW020 BKN038 13/11 Q1024,M
FAGG,2026-07-11 07:00,57.20,51.80,82.13,130.00,4.00,0.00,30.24,M,6.21,M,FEW,BKN,M,M,3500.00,4000.00,M,M,M,M,M,M,M,M,M,57.20,FAGG 110700Z 13004KT 100V160 9999 FEW035 BKN040 14/11 Q1024,M
FAGG,2026-07-11 08:00,55.40,51.80,87.65,120.00,4.00,0.00,30.24,M,6.21,M,FEW,BKN,M,M,1400.00,3200.00,M,M,M,M,M,M,M,M,M,55.40,FAGG 110800Z 12004KT 9999 FEW014 BKN032 13/11 Q1024,M
FAGG,2026-07-11 09:00,57.20,51.80,82.13,120.00,5.00,0.00,30.24,M,6.21,M,FEW,M,M,M,2000.00,M,M,M,M,M,M,M,M,M,M,57.20,FAGG 110900Z 12005KT 070V150 9999 FEW020 14/11 Q1024,M
FAGG,2026-07-11 10:00,59.00,51.80,76.99,120.00,3.00,0.00,30.24,M,6.21,M,FEW,M,M,M,1500.00,M,M,M,M,M,M,M,M,M,M,59.00,FAGG 111000Z 12003KT 060V190 9999 FEW015 15/11 Q1024,M
FAGG,2026-07-11 11:00,60.80,53.60,77.15,150.00,4.00,0.00,30.21,M,6.21,M,FEW,M,M,M,2000.00,M,M,M,M,M,M,M,M,M,M,60.80,FAGG 111100Z 15004KT 110V190 9999 FEW020 16/12 Q1023,M
FAGG,2026-07-11 12:00,60.80,53.60,77.15,140.00,8.00,0.00,30.21,M,6.21,M,FEW,M,M,M,1500.00,M,M,M,M,M,M,M,M,M,M,60.80,FAGG 111200Z 14008KT 110V170 9999 FEW015 16/12 Q1023,M
FAGG,2026-07-11 13:00,59.00,51.80,76.99,140.00,7.00,0.00,30.18,M,6.21,M,FEW,M,M,M,1800.00,M,M,M,M,M,M,M,M,M,M,59.00,FAGG 111300Z 14007KT 100V160 9999 FEW018 15/11 Q1022,M
FAGG,2026-07-11 14:00,59.00,51.80,76.99,120.00,6.00,0.00,30.18,M,6.21,M,FEW,M,M,M,1500.00,M,M,M,M,M,M,M,M,M,M,59.00,FAGG 111400Z 12006KT 080V140 9999 FEW015 15/11 Q1022,M
FAGG,2026-07-11 15:00,57.20,51.80,82.13,100.00,7.00,0.00,30.21,M,6.21,M,FEW,SCT,M,M,1500.00,4500.00,M,M,M,M,M,M,M,M,M,57.20,FAGG 111500Z 10007KT 9999 FEW015 SCT045 14/11 Q1023,M
FAGG,2026-07-11 16:00,53.60,51.80,93.60,90.00,5.00,0.00,30.21,M,6.21,M,FEW,SCT,M,M,1500.00,4700.00,M,M,M,M,M,M,M,M,M,53.60,FAGG 111600Z 09005KT 9999 FEW015 SCT047 12/11 Q1023,M
FAGG,2026-07-11 17:00,53.60,51.80,93.60,80.00,4.00,0.00,30.21,M,6.21,M,FEW,SCT,M,M,1200.00,4500.00,M,M,M,M,M,M,M,M,M,53.60,FAGG 111700Z 08004KT 9999 FEW012 SCT045 12/11 Q1023,M
FAGG,2026-07-11 18:00,53.60,51.80,93.60,110.00,4.00,0.00,30.24,M,6.21,M,M,M,M,M,M,M,M,M,M,M,M,M,M,M,M,53.60,FAGG 111800Z 11004KT CAVOK 12/11 Q1024,M
FAGG,2026-07-11 18:21,53.60,51.80,93.60,M,2.00,0.00,30.24,M,1.93,M,FEW,M,M,M,2000.00,M,M,M,BR,M,M,M,M,M,M,53.60,FAGG 111821Z AUTO VRB02KT 3100 BR FEW020/// 12/11 Q1024,M
FAGG,2026-07-11 18:46,51.80,51.80,100.00,100.00,3.00,0.00,30.24,M,1.80,M,NCD,M,M,M,M,M,M,M,BR,M,M,M,M,M,M,51.80,FAGG 111846Z AUTO 10003KT 050V120 2900 1400 BR NCD 11/11 Q1024,M
FAGG,2026-07-11 18:59,51.80,51.80,100.00,110.00,4.00,0.00,30.24,M,4.35,M,NCD,M,M,M,M,M,M,M,M,M,M,M,M,M,M,51.80,FAGG 111859Z AUTO 11004KT 7000 NCD 11/11 Q1024,M
FAGG,2026-07-11 19:00,51.80,51.80,100.00,110.00,4.00,0.00,30.24,M,4.35,M,NCD,M,M,M,M,M,M,M,M,M,M,M,M,M,M,51.80,FAGG 111900Z AUTO 11004KT 7000 NCD 11/11 Q1024,M
FAGG,2026-07-11 20:00,51.80,50.00,93.55,100.00,7.00,0.00,30.24,M,6.21,M,M,M,M,M,M,M,M,M,M,M,M,M,M,M,M,51.80,FAGG 112000Z AUTO 10007KT CAVOK 11/10 Q1024,M
FAGG,2026-07-11 21:00,51.80,50.00,93.55,M,2.00,0.00,30.24,M,4.35,M,NCD,M,M,M,M,M,M,M,M,M,M,M,M,M,M,51.80,FAGG 112100Z AUTO VRB02KT 7000 NCD 11/10 Q1024,M
FAGG,2026-07-11 22:00,48.20,46.40,93.45,330.00,4.00,0.00,30.24,M,4.97,M,NCD,M,M,M,M,M,M,M,M,M,M,M,M,M,M,46.34,FAGG 112200Z AUTO 33004KT 8000 NCD 09/08 Q1024,M
FAGG,2026-07-11 23:00,48.20,46.40,93.45,310.00,3.00,0.00,30.24,M,6.21,M,M,M,M,M,M,M,M,M,M,M,M,M,M,M,M,47.21,FAGG 112300Z AUTO 31003KT CAVOK 09/08 Q1024,M
FAGG,2026-07-12 00:00,46.40,44.60,93.40,340.00,3.00,0.00,30.21,M,6.21,M,M,M,M,M,M,M,M,M,M,M,M,M,M,M,M,45.15,FAGG 120000Z AUTO 34003KT CAVOK 08/07 Q1023,M
FAGG,2026-07-12 01:00,46.40,44.60,93.40,340.00,3.00,0.00,30.21,M,6.21,M,M,M,M,M,M,M,M,M,M,M,M,M,M,M,M,45.15,FAGG 120100Z AUTO 34003KT CAVOK 08/07 Q1023,M
FAGG,2026-07-12 02:00,46.40,44.60,93.40,10.00,3.00,0.00,30.21,M,6.21,M,M,M,M,M,M,M,M,M,M,M,M,M,M,M,M,45.15,FAGG 120200Z AUTO 01003KT CAVOK 08/07 Q1023,M
FAGG,2026-07-12 03:00,46.40,42.80,87.18,360.00,3.00,0.00,30.21,M,6.21,M,M,M,M,M,M,M,M,M,M,M,M,M,M,M,M,45.15,FAGG 120300Z 36003KT CAVOK 08/06 Q1023,M
FAGG,2026-07-12 04:00,44.60,42.80,93.35,10.00,2.00,0.00,30.21,M,6.21,M,M,M,M,M,M,M,M,M,M,M,M,M,M,M,M,44.60,FAGG 120400Z 01002KT CAVOK 07/06 Q1023,M
FAGG,2026-07-12 05:00,44.60,42.80,93.35,10.00,3.00,0.00,30.21,M,6.21,M,M,M,M,M,M,M,M,M,M,M,M,M,M,M,M,43.09,FAGG 120500Z 01003KT CAVOK 07/06 Q1023,M
FAGG,2026-07-12 06:00,46.40,42.80,87.18,310.00,2.00,0.00,30.24,M,6.21,M,M,M,M,M,M,M,M,M,M,M,M,M,M,M,M,46.40,FAGG 120600Z 31002KT CAVOK 08/06 Q1024,M
FAGG,2026-07-12 06:28,50.00,44.60,87.28,0.00,0.00,0.00,30.24,M,6.21,M,FEW,M,M,M,4500.00,M,M,M,M,M,M,M,M,M,M,48.20,COR FAGG 120628Z 00000KT 9999 FEW045 10/07 Q1024,M
FAGG,2026-07-12 07:00,51.80,48.20,87.47,M,1.00,0.00,30.24,M,6.21,M,M,M,M,M,M,M,M,M,M,M,M,M,M,M,M,51.80,FAGG 120700Z VRB01KT CAVOK 11/09 Q1024,M
FAGG,2026-07-12 07:21,55.40,48.20,76.67,M,2.00,0.00,30.24,M,6.21,M,M,M,M,M,M,M,M,M,M,M,M,M,M,M,M,55.40,FAGG 120721Z VRB02KT CAVOK 13/09 Q1024,M
FAGG,2026-07-12 08:00,57.20,48.20,71.84,M,2.00,0.00,30.24,M,6.21,M,M,M,M,M,M,M,M,M,M,M,M,M,M,M,M,57.20,FAGG 120800Z VRB02KT CAVOK 14/09 Q1024,M
FAGG,2026-07-12 08:48,60.80,50.00,67.55,140.00,3.00,0.00,30.21,M,6.21,M,M,M,M,M,M,M,M,M,M,M,M,M,M,M,M,60.80,FAGG 120848Z 14003KT 090V190 CAVOK 16/10 Q1023,M
FAGG,2026-07-12 09:00,60.80,50.00,67.55,140.00,4.00,0.00,30.21,M,6.21,M,M,M,M,M,M,M,M,M,M,M,M,M,M,M,M,60.80,FAGG 120900Z 14004KT 110V180 CAVOK 16/10 Q1023,M
FAGG,2026-07-12 10:00,60.80,50.00,67.55,150.00,8.00,0.00,30.21,M,6.21,M,FEW,M,M,M,3000.00,M,M,M,M,M,M,M,M,M,M,60.80,FAGG 121000Z 15008KT 120V180 9999 FEW030 16/10 Q1023,M
FAGG,2026-07-12 11:00,62.60,51.80,67.76,120.00,10.00,0.00,30.18,M,6.21,M,FEW,M,M,M,3500.00,M,M,M,M,M,M,M,M,M,M,62.60,FAGG 121100Z 12010KT 9999 FEW035 17/11 Q1022,M
FAGG,2026-07-12 12:00,62.60,50.00,63.39,110.00,8.00,0.00,30.15,M,6.21,M,FEW,M,M,M,3500.00,M,M,M,M,M,M,M,M,M,M,62.60,FAGG 121200Z 11008KT 080V140 9999 FEW035 17/10 Q1021,M
FAGG,2026-07-12 13:00,62.60,53.60,72.40,100.00,9.00,0.00,30.15,M,6.21,M,FEW,M,M,M,3500.00,M,M,M,M,M,M,M,M,M,M,62.60,FAGG 121300Z 10009KT 9999 FEW035 17/12 Q1021,M
FAGG,2026-07-12 14:00,62.60,53.60,72.40,110.00,9.00,0.00,30.15,M,6.21,M,FEW,M,M,M,3500.00,M,M,M,M,M,M,M,M,M,M,62.60,FAGG 121400Z 11009KT 9999 FEW035 17/12 Q1021,M
FAGG,2026-07-12 15:00,59.00,55.40,87.84,110.00,7.00,0.00,30.15,M,6.21,M,FEW,M,M,M,2500.00,M,M,M,M,M,M,M,M,M,M,59.00,FAGG 121500Z 11007KT 9999 FEW025 15/13 Q1021,M
FAGG,2026-07-12 16:00,57.20,55.40,93.70,100.00,7.00,0.00,30.15,M,6.21,M,FEW,M,M,M,3200.00,M,M,M,M,M,M,M,M,M,M,57.20,FAGG 121600Z 10007KT 9999 FEW032 14/13 Q1021,M
FAGG,2026-07-12 17:00,55.40,53.60,93.65,70.00,4.00,0.00,30.15,M,6.21,M,FEW,M,M,M,3200.00,M,M,M,M,M,M,M,M,M,M,55.40,FAGG 121700Z 07004KT 9999 FEW032 13/12 Q1021,M
FAGG,2026-07-12 18:00,53.60,51.80,93.60,350.00,2.00,0.00,30.18,M,6.21,M,M,M,M,M,M,M,M,M,M,M,M,M,M,M,M,53.60,FAGG 121800Z 35002KT CAVOK 12/11 Q1022,M
FAGG,2026-07-12 19:00,51.80,48.20,87.47,M,2.00,0.00,30.18,M,6.21,M,FEW,M,M,M,13000.00,M,M,M,M,M,M,M,M,M,M,51.80,FAGG 121900Z AUTO VRB02KT 9999 FEW130/// 11/09 Q1022,M
FAGG,2026-07-12 20:00,50.00,48.20,93.50,290.00,3.00,0.00,30.18,M,6.21,M,M,M,M,M,M,M,M,M,M,M,M,M,M,M,M,50.00,FAGG 122000Z AUTO 29003KT CAVOK 10/09 Q1022,M
FAGG,2026-07-12 21:00,48.20,46.40,93.45,330.00,4.00,0.00,30.18,M,6.21,M,M,M,M,M,M,M,M,M,M,M,M,M,M,M,M,46.34,FAGG 122100Z AUTO 33004KT CAVOK 09/08 Q1022,M
FAGG,2026-07-12 21:56,51.80,48.20,87.47,310.00,4.00,0.00,30.15,M,6.21,M,M,M,M,M,M,M,M,M,M,M,M,M,M,M,M,51.80,FAGG 122156Z AUTO 31004KT CAVOK 11/09 Q1021,M
FAGG,2026-07-12 22:00,51.80,48.20,87.47,310.00,4.00,0.00,30.15,M,6.21,M,M,M,M,M,M,M,M,M,M,M,M,M,M,M,M,51.80,FAGG 122200Z AUTO 31004KT CAVOK 11/09 Q1021,M
FAGG,2026-07-12 23:00,48.20,44.60,87.28,280.00,5.00,0.00,30.15,M,6.21,M,SCT,M,M,M,12000.00,M,M,M,M,M,M,M,M,M,M,45.63,FAGG 122300Z AUTO 28005KT 9999 SCT120/// 09/07 Q1021,M
FAGG,2026-07-13 00:00,50.00,48.20,93.50,310.00,5.00,0.00,30.15,M,6.21,M,FEW,M,M,M,12000.00,M,M,M,M,M,M,M,M,M,M,50.00,FAGG 130000Z AUTO 31005KT 9999 FEW120/// 10/09 Q1021,M
FAGG,2026-07-13 01:00,48.20,48.20,100.00,M,2.00,0.00,30.15,M,6.21,M,M,M,M,M,M,M,M,M,M,M,M,M,M,M,M,48.20,FAGG 130100Z AUTO VRB02KT CAVOK 09/09 Q1021,M
FAGG,2026-07-13 02:00,48.20,46.40,93.45,M,2.00,0.00,30.12,M,6.21,M,M,M,M,M,M,M,M,M,M,M,M,M,M,M,M,48.20,FAGG 130200Z AUTO VRB02KT CAVOK 09/08 Q1020,M
FAGG,2026-07-13 03:00,50.00,44.60,81.60,340.00,5.00,0.00,30.12,M,6.21,M,M,M,M,M,M,M,M,M,M,M,M,M,M,M,M,50.00,FAGG 130300Z 34005KT CAVOK 10/07 Q1020,M
FAGG,2026-07-13 04:00,48.20,44.60,87.28,320.00,4.00,0.00,30.12,M,6.21,M,M,M,M,M,M,M,M,M,M,M,M,M,M,M,M,46.34,FAGG 130400Z 32004KT CAVOK 09/07 Q1020,M
FAGG,2026-07-13 05:00,50.00,44.60,81.60,360.00,5.00,0.00,30.12,M,6.21,M,M,M,M,M,M,M,M,M,M,M,M,M,M,M,M,50.00,FAGG 130500Z 36005KT CAVOK 10/07 Q1020,M
FAGG,2026-07-13 06:00,51.80,46.40,81.74,330.00,4.00,0.00,30.12,M,6.21,M,M,M,M,M,M,M,M,M,M,M,M,M,M,M,M,51.80,FAGG 130600Z 33004KT CAVOK 11/08 Q1020,M
FAGG,2026-07-13 06:52,55.40,50.00,82.00,310.00,3.00,0.00,30.15,M,6.21,M,M,M,M,M,M,M,M,M,M,M,M,M,M,M,M,55.40,FAGG 130652Z 31003KT CAVOK 13/10 Q1021,M
FAGG,2026-07-13 07:00,55.40,50.00,82.00,310.00,3.00,0.00,30.15,M,6.21,M,M,M,M,M,M,M,M,M,M,M,M,M,M,M,M,55.40,FAGG 130700Z 31003KT CAVOK 13/10 Q1021,M
FAGG,2026-07-13 08:00,55.40,51.80,87.65,10.00,2.00,0.00,30.15,M,6.21,M,M,M,M,M,M,M,M,M,M,M,M,M,M,M,M,55.40,FAGG 130800Z 01002KT CAVOK 13/11 Q1021,M
FAGG,2026-07-13 08:13,59.00,51.80,76.99,M,1.00,0.00,30.15,M,6.21,M,M,M,M,M,M,M,M,M,M,M,M,M,M,M,M,59.00,FAGG 130813Z VRB01KT CAVOK 15/11 Q1021,M
FAGG,2026-07-13 09:00,60.80,51.80,72.21,230.00,3.00,0.00,30.15,M,6.21,M,M,M,M,M,M,M,M,M,M,M,M,M,M,M,M,60.80,FAGG 130900Z 23003KT CAVOK 16/11 Q1021,M
FAGG,2026-07-13 10:00,62.60,50.00,63.39,230.00,5.00,0.00,30.15,M,6.21,M,M,M,M,M,M,M,M,M,M,M,M,M,M,M,M,62.60,FAGG 131000Z 23005KT CAVOK 17/10 Q1021,M
FAGG,2026-07-13 11:00,64.40,50.00,59.52,210.00,4.00,0.00,30.12,M,6.21,M,M,M,M,M,M,M,M,M,M,M,M,M,M,M,M,64.40,FAGG 131100Z 21004KT 150V240 CAVOK 18/10 Q1020,M
FAGG,2026-07-13 12:00,64.40,46.40,52.00,200.00,5.00,0.00,30.09,M,6.21,M,M,M,M,M,M,M,M,M,M,M,M,M,M,M,M,64.40,FAGG 131200Z 20005KT CAVOK 18/08 Q1019,M
FAGG,2026-07-13 13:00,64.40,48.20,55.65,170.00,4.00,0.00,30.09,M,6.21,M,M,M,M,M,M,M,M,M,M,M,M,M,M,M,M,64.40,FAGG 131300Z 17004KT 140V240 CAVOK 18/09 Q1019,M
FAGG,2026-07-13 14:00,62.60,48.20,59.27,190.00,5.00,0.00,30.06,M,6.21,M,M,M,M,M,M,M,M,M,M,M,M,M,M,M,M,62.60,FAGG 131400Z 19005KT 160V220 CAVOK 17/09 Q1018,M
FAGG,2026-07-13 15:00,60.80,48.20,63.16,200.00,3.00,0.00,30.09,M,6.21,M,M,M,M,M,M,M,M,M,M,M,M,M,M,M,M,60.80,FAGG 131500Z 20003KT CAVOK 16/09 Q1019,M
FAGG,2026-07-13 16:00,57.20,50.00,76.83,0.00,0.00,0.00,30.09,M,6.21,M,M,M,M,M,M,M,M,M,M,M,M,M,M,M,M,57.20,FAGG 131600Z 00000KT CAVOK 14/10 Q1019,M
FAGG,2026-07-13 17:00,55.40,48.20,76.67,310.00,3.00,0.00,30.09,M,6.21,M,M,M,M,M,M,M,M,M,M,M,M,M,M,M,M,55.40,FAGG 131700Z 31003KT CAVOK 13/09 Q1019,M
FAGG,2026-07-13 18:00,50.00,48.20,93.50,350.00,3.00,0.00,30.12,M,6.21,M,M,M,M,M,M,M,M,M,M,M,M,M,M,M,M,50.00,FAGG 131800Z 35003KT CAVOK 10/09 Q1020,M
FAGG,2026-07-13 19:00,50.00,48.20,93.50,310.00,3.00,0.00,30.12,M,6.21,M,M,M,M,M,M,M,M,M,M,M,M,M,M,M,M,50.00,FAGG 131900Z AUTO 31003KT CAVOK 10/09 Q1020,M
FAGG,2026-07-13 20:00,50.00,46.40,87.37,330.00,3.00,0.00,30.12,M,6.21,M,M,M,M,M,M,M,M,M,M,M,M,M,M,M,M,50.00,FAGG 132000Z AUTO 33003KT CAVOK 10/08 Q1020,M
FAGG,2026-07-13 21:00,48.20,44.60,87.28,320.00,4.00,0.00,30.12,M,6.21,M,M,M,M,M,M,M,M,M,M,M,M,M,M,M,M,46.34,FAGG 132100Z AUTO 32004KT CAVOK 09/07 Q1020,M
FAGG,2026-07-13 22:00,50.00,48.20,93.50,340.00,5.00,0.00,30.12,M,6.21,M,M,M,M,M,M,M,M,M,M,M,M,M,M,M,M,50.00,FAGG 132200Z AUTO 34005KT CAVOK 10/09 Q1020,M
FAGG,2026-07-13 23:00,50.00,46.40,87.37,340.00,4.00,0.00,30.12,M,6.21,M,M,M,M,M,M,M,M,M,M,M,M,M,M,M,M,50.00,FAGG 132300Z AUTO 34004KT CAVOK 10/08 Q1020,M
FAGG,2026-07-14 00:00,50.00,46.40,87.37,310.00,5.00,0.00,30.12,M,6.21,M,M,M,M,M,M,M,M,M,M,M,M,M,M,M,M,50.00,FAGG 140000Z AUTO 31005KT CAVOK 10/08 Q1020,M
FAGG,2026-07-14 01:00,48.20,46.40,93.45,310.00,5.00,0.00,30.12,M,6.21,M,M,M,M,M,M,M,M,M,M,M,M,M,M,M,M,45.63,FAGG 140100Z AUTO 31005KT CAVOK 09/08 Q1020,M
FAGG,2026-07-14 02:00,48.20,46.40,93.45,270.00,3.00,0.00,30.12,M,6.21,M,M,M,M,M,M,M,M,M,M,M,M,M,M,M,M,47.21,FAGG 140200Z AUTO 27003KT CAVOK 09/08 Q1020,M
FAGG,2026-07-14 03:00,46.40,46.40,100.00,340.00,2.00,0.00,30.12,M,6.21,M,M,M,M,M,M,M,M,M,M,M,M,M,M,M,M,46.40,FAGG 140300Z 34002KT CAVOK 08/08 Q1020,M
FAGG,2026-07-14 04:00,50.00,46.40,87.37,340.00,4.00,0.00,30.12,M,6.21,M,M,M,M,M,M,M,M,M,M,M,M,M,M,M,M,50.00,FAGG 140400Z 34004KT CAVOK 10/08 Q1020,M
FAGG,2026-07-14 05:00,46.40,44.60,93.40,300.00,2.00,0.00,30.12,M,6.21,M,M,M,M,M,M,M,M,M,M,M,M,M,M,M,M,46.40,FAGG 140500Z 30002KT CAVOK 08/07 Q1020,M
FAGG,2026-07-14 06:00,46.40,44.60,93.40,0.00,0.00,0.00,30.12,M,6.21,M,M,M,M,M,M,M,M,M,M,M,M,M,M,M,M,46.40,FAGG 140600Z 00000KT CAVOK 08/07 Q1020,M
FAGG,2026-07-14 06:16,50.00,48.20,93.50,0.00,0.00,0.00,30.12,M,6.21,M,M,M,M,M,M,M,M,M,M,M,M,M,M,M,M,50.00,FAGG 140616Z 00000KT CAVOK 10/09 Q1020,M
FAGG,2026-07-14 07:00,51.80,50.00,93.55,50.00,3.00,0.00,30.12,M,6.21,M,M,M,M,M,M,M,M,M,M,M,M,M,M,M,M,51.80,FAGG 140700Z 05003KT CAVOK 11/10 Q1020,M
FAGG,2026-07-14 07:11,55.40,51.80,87.65,M,2.00,0.00,30.12,M,6.21,M,M,M,M,M,M,M,M,M,M,M,M,M,M,M,M,55.40,FAGG 140711Z VRB02KT CAVOK 13/11 Q1020,M
FAGG,2026-07-14 08:00,55.40,53.60,93.65,150.00,3.00,0.00,30.15,M,6.21,M,M,M,M,M,M,M,M,M,M,M,M,M,M,M,M,55.40,FAGG 140800Z 15003KT 120V180 CAVOK 13/12 Q1021,M
FAGG,2026-07-14 08:10,59.00,55.40,87.84,170.00,4.00,0.00,30.15,M,6.21,M,FEW,M,M,M,600.00,M,M,M,M,M,M,M,M,M,M,59.00,FAGG 140810Z 17004KT 100V240 9999 FEW006 15/13 Q1021,M
FAGG,2026-07-14 09:00,57.20,53.60,87.75,M,2.00,0.00,30.18,M,6.21,M,SCT,M,M,M,800.00,M,M,M,M,M,M,M,M,M,M,57.20,FAGG 140900Z VRB02KT 9999 SCT008 14/12 Q1022,M
FAGG,2026-07-14 10:00,55.40,53.60,93.65,190.00,5.00,0.00,30.15,M,6.21,M,FEW,SCT,M,M,200.00,700.00,M,M,M,M,M,M,M,M,M,55.40,FAGG 141000Z 19005KT 150V220 9999 FEW002 SCT007 13/12 Q1021,M
FAGG,2026-07-14 11:00,59.00,53.60,82.26,200.00,4.00,0.00,30.15,M,6.21,M,FEW,SCT,M,M,400.00,600.00,M,M,M,M,M,M,M,M,M,59.00,FAGG 141100Z 20004KT 140V240 9999 FEW004 SCT006 15/12 Q1021,M
FAGG,2026-07-14 12:00,60.80,53.60,77.15,160.00,4.00,0.00,30.12,M,6.21,M,FEW,M,M,M,900.00,M,M,M,M,M,M,M,M,M,M,60.80,FAGG 141200Z 16004KT 090V240 9999 FEW009 16/12 Q1020,M
FAGG,2026-07-14 13:00,59.00,53.60,82.26,190.00,4.00,0.00,30.12,M,6.21,M,FEW,BKN,M,M,1000.00,1600.00,M,M,M,M,M,M,M,M,M,59.00,FAGG 141300Z 19004KT 160V220 9999 FEW010 BKN016 15/12 Q1020,M
FAGG,2026-07-14 14:00,59.00,55.40,87.84,150.00,5.00,0.00,30.12,M,6.21,M,FEW,SCT,M,M,900.00,1400.00,M,M,M,M,M,M,M,M,M,59.00,FAGG 141400Z 15005KT 9999 FEW009 SCT014 15/13 Q1020,M
FAGG,2026-07-14 14:25,57.20,53.60,87.75,170.00,5.00,0.00,30.15,M,6.21,M,FEW,BKN,M,M,800.00,1300.00,M,M,M,M,M,M,M,M,M,57.20,FAGG 141425Z 17005KT 130V190 9999 FEW008 BKN013 14/12 Q1021,M
FAGG,2026-07-14 14:52,57.20,53.60,87.75,180.00,6.00,0.00,30.15,M,6.21,M,BKN,OVC,M,M,600.00,1000.00,M,M,M,M,M,M,M,M,M,57.20,FAGG 141452Z 18006KT 9999 BKN006 OVC010 14/12 Q1021,M
FAGG,2026-07-14 15:00,57.20,53.60,87.75,190.00,6.00,0.00,30.15,M,6.21,M,BKN,OVC,M,M,600.00,1000.00,M,M,M,M,M,M,M,M,M,57.20,FAGG 141500Z 19006KT 9999 BKN006 OVC010 14/12 Q1021,M
FAGG,2026-07-14 16:00,55.40,53.60,93.65,190.00,3.00,0.00,30.15,M,6.21,M,OVC,M,M,M,600.00,M,M,M,M,M,M,M,M,M,M,55.40,FAGG 141600Z 19003KT 9999 OVC006 13/12 Q1021,M
FAGG,2026-07-14 17:00,55.40,53.60,93.65,210.00,3.00,0.00,30.15,M,6.21,M,OVC,M,M,M,600.00,M,M,M,M,M,M,M,M,M,M,55.40,FAGG 141700Z 21003KT 9999 OVC006 13/12 Q1021,M
FAGG,2026-07-14 18:00,55.40,53.60,93.65,340.00,2.00,0.00,30.18,M,3.11,M,OVC,M,M,M,500.00,M,M,M,BR,M,M,M,M,M,M,55.40,FAGG 141800Z 34002KT 5000 BR OVC005 13/12 Q1022,M
FAGG,2026-07-14 18:59,55.40,53.60,93.65,190.00,5.00,0.00,30.18,M,5.59,M,OVC,M,M,M,400.00,M,M,M,M,M,M,M,M,M,M,55.40,FAGG 141859Z AUTO 19005KT 9000 OVC004/// 13/12 Q1022,M
FAGG,2026-07-14 19:00,55.40,53.60,93.65,190.00,5.00,0.00,30.18,M,5.59,M,OVC,M,M,M,400.00,M,M,M,M,M,M,M,M,M,M,55.40,FAGG 141900Z AUTO 19005KT 9000 OVC004/// 13/12 Q1022,M
FAGG,2026-07-14 19:28,55.40,53.60,93.65,290.00,4.00,0.00,30.21,M,6.21,M,OVC,M,M,M,500.00,M,M,M,M,M,M,M,M,M,M,55.40,FAGG 141928Z AUTO 29004KT 220V320 9999 OVC005/// 13/12 Q1023,M
FAGG,2026-07-14 19:49,55.40,53.60,93.65,330.00,5.00,0.00,30.21,M,6.21,M,BKN,OVC,M,M,500.00,1000.00,M,M,M,M,M,M,M,M,M,55.40,FAGG 141949Z AUTO 33005KT 9999 BKN005/// OVC010/// 13/12 Q1023,M
FAGG,2026-07-14 19:51,55.40,53.60,93.65,340.00,5.00,0.00,30.21,M,6.21,M,BKN,OVC,M,M,500.00,900.00,M,M,M,M,M,M,M,M,M,55.40,FAGG 141951Z AUTO 34005KT 9999 BKN005/// OVC009/// 13/12 Q1023,M
FAGG,2026-07-14 20:00,55.40,53.60,93.65,340.00,5.00,0.00,30.21,M,6.21,M,BKN,OVC,M,M,500.00,800.00,M,M,M,M,M,M,M,M,M,55.40,FAGG 142000Z AUTO 34005KT 9999 BKN005/// OVC008/// 13/12 Q1023,M
FAGG,2026-07-14 20:08,53.60,51.80,93.60,340.00,6.00,0.00,30.21,M,6.21,M,SCT,OVC,M,M,600.00,800.00,M,M,M,M,M,M,M,M,M,53.60,FAGG 142008Z AUTO 34006KT 9999 SCT006/// OVC008/// 12/11 Q1023,M
FAGG,2026-07-14 20:10,53.60,51.80,93.60,340.00,5.00,0.00,30.21,M,6.21,M,FEW,BKN,OVC,M,600.00,800.00,1200.00,M,M,M,M,M,M,M,M,53.60,FAGG 142010Z AUTO 34005KT 9999 FEW006/// BKN008/// OVC012/// 12/11 Q1023,M
FAGG,2026-07-14 20:28,53.60,51.80,93.60,330.00,6.00,0.00,30.21,M,6.21,M,FEW,SCT,BKN,M,700.00,1000.00,1200.00,M,M,M,M,M,M,M,M,53.60,FAGG 142028Z AUTO 33006KT 9999 FEW007/// SCT010/// BKN012/// 12/11 Q1023,M
FAGG,2026-07-14 20:42,53.60,51.80,93.60,330.00,7.00,0.00,30.21,M,6.21,M,FEW,SCT,M,M,1000.00,22000.00,M,M,M,M,M,M,M,M,M,53.60,FAGG 142042Z AUTO 33007KT 9999 FEW010/// SCT220/// 12/11 Q1023,M
FAGG,2026-07-14 21:00,53.60,51.80,93.60,340.00,7.00,0.00,30.21,M,6.21,M,BKN,M,M,M,23000.00,M,M,M,M,M,M,M,M,M,M,53.60,FAGG 142100Z AUTO 34007KT 9999 BKN230/// 12/11 Q1023,M
FAGG,2026-07-14 22:00,51.80,50.00,93.55,290.00,3.00,0.00,30.18,M,6.21,M,SCT,M,M,M,23000.00,M,M,M,M,M,M,M,M,M,M,51.80,FAGG 142200Z AUTO 29003KT 9999 SCT230/// 11/10 Q1022,M
FAGG,2026-07-14 23:00,50.00,48.20,93.50,330.00,5.00,0.00,30.18,M,6.21,M,SCT,M,M,M,24000.00,M,M,M,M,M,M,M,M,M,M,50.00,FAGG 142300Z AUTO 33005KT 9999 SCT240/// 10/09 Q1022,M
FAGG,2026-07-15 00:00,50.00,46.40,87.37,330.00,6.00,0.00,30.18,M,6.21,M,M,M,M,M,M,M,M,M,M,M,M,M,M,M,M,50.00,FAGG 150000Z AUTO 33006KT CAVOK 10/08 Q1022,M
FAGG,2026-07-15 01:00,50.00,46.40,87.37,310.00,5.00,0.00,30.18,M,6.21,M,M,M,M,M,M,M,M,M,M,M,M,M,M,M,M,50.00,FAGG 150100Z AUTO 31005KT CAVOK 10/08 Q1022,M
FAGG,2026-07-15 02:00,50.00,46.40,87.37,330.00,6.00,0.00,30.18,M,6.21,M,M,M,M,M,M,M,M,M,M,M,M,M,M,M,M,50.00,FAGG 150200Z AUTO 33006KT CAVOK 10/08 Q1022,M
FAGG,2026-07-15 03:00,50.00,46.40,87.37,340.00,4.00,0.00,30.18,M,6.21,M,M,M,M,M,M,M,M,M,M,M,M,M,M,M,M,50.00,FAGG 150300Z 34004KT CAVOK 10/08 Q1022,M
FAGG,2026-07-15 04:00,48.20,46.40,93.45,320.00,4.00,0.00,30.18,M,6.21,M,M,M,M,M,M,M,M,M,M,M,M,M,M,M,M,46.34,FAGG 150400Z 32004KT CAVOK 09/08 Q1022,M
FAGG,2026-07-15 05:00,48.20,46.40,93.45,330.00,4.00,0.00,30.21,M,6.21,M,FEW,M,M,M,3000.00,M,M,M,M,M,M,M,M,M,M,46.34,FAGG 150500Z 33004KT 9999 FEW030 09/08 Q1023,M
FAGG,2026-07-15 06:00,50.00,46.40,87.37,330.00,8.00,0.00,30.24,M,6.21,M,M,M,M,M,M,M,M,M,M,M,M,M,M,M,M,50.00,FAGG 150600Z 33008KT CAVOK 10/08 Q1024,M
FAGG,2026-07-15 06:12,53.60,48.20,81.87,340.00,7.00,0.00,30.24,M,6.21,M,M,M,M,M,M,M,M,M,M,M,M,M,M,M,M,53.60,FAGG 150612Z 34007KT CAVOK 12/09 Q1024,M
FAGG,2026-07-15 07:00,55.40,48.20,76.67,10.00,5.00,0.00,30.24,M,6.21,M,M,M,M,M,M,M,M,M,M,M,M,M,M,M,M,55.40,FAGG 150700Z 01005KT CAVOK 13/09 Q1024,M
FAGG,2026-07-15 07:25,59.00,50.00,72.02,M,2.00,0.00,30.24,M,6.21,M,M,M,M,M,M,M,M,M,M,M,M,M,M,M,M,59.00,FAGG 150725Z VRB02KT CAVOK 15/10 Q1024,M
FAGG,2026-07-15 08:00,60.80,50.00,67.55,M,2.00,0.00,30.24,M,6.21,M,M,M,M,M,M,M,M,M,M,M,M,M,M,M,M,60.80,FAGG 150800Z VRB02KT CAVOK 16/10 Q1024,M
FAGG,2026-07-15 09:00,62.60,48.20,59.27,250.00,5.00,0.00,30.27,M,6.21,M,M,M,M,M,M,M,M,M,M,M,M,M,M,M,M,62.60,FAGG 150900Z 25005KT 220V290 CAVOK 17/09 Q1025,M
FAGG,2026-07-15 10:00,64.40,50.00,59.52,250.00,6.00,0.00,30.27,M,6.21,M,FEW,M,M,M,3400.00,M,M,M,M,M,M,M,M,M,M,64.40,FAGG 151000Z 25006KT 220V280 9999 FEW034 18/10 Q1025,M
FAGG,2026-07-15 11:00,64.40,48.20,55.65,250.00,8.00,0.00,30.24,M,6.21,M,M,M,M,M,M,M,M,M,M,M,M,M,M,M,M,64.40,FAGG 151100Z 25008KT CAVOK 18/09 Q1024,M
FAGG,2026-07-15 12:00,66.20,48.20,52.27,270.00,7.00,0.00,30.24,M,6.21,M,M,M,M,M,M,M,M,M,M,M,M,M,M,M,M,66.20,FAGG 151200Z 27007KT CAVOK 19/09 Q1024,M
FAGG,2026-07-15 15:00,62.60,53.60,72.40,190.00,5.00,0.00,30.24,M,6.21,M,SCT,M,M,M,4500.00,M,M,M,M,M,M,M,M,M,M,62.60,FAGG 151500Z 19005KT 9999 SCT045 17/12 Q1024,M
FAGG,2026-07-15 16:00,59.00,55.40,87.84,210.00,7.00,0.00,30.27,M,6.21,M,FEW,SCT,M,M,700.00,4800.00,M,M,M,M,M,M,M,M,M,59.00,FAGG 151600Z 21007KT 9999 FEW007 SCT048 15/13 Q1025,M
FAGG,2026-07-15 16:35,59.00,57.20,93.74,230.00,9.00,0.00,30.27,M,6.21,M,BKN,OVC,M,M,400.00,1100.00,M,M,M,M,M,M,M,M,M,59.00,FAGG 151635Z 23009KT 200V260 9999 BKN004 OVC011 15/14 Q1025,M
FAGG,2026-07-15 17:00,59.00,57.20,93.74,270.00,4.00,0.00,30.27,M,6.21,M,BKN,OVC,M,M,400.00,1100.00,M,M,M,M,M,M,M,M,M,59.00,FAGG 151700Z 27004KT 240V310 9999 BKN004 OVC011 15/14 Q1025,M
FAGG,2026-07-15 18:00,59.00,57.20,93.74,250.00,5.00,0.00,30.30,M,6.21,M,BKN,OVC,M,M,400.00,1200.00,M,M,M,M,M,M,M,M,M,59.00,FAGG 151800Z 25005KT 9999 BKN004 OVC012 15/14 Q1026,M
FAGG,2026-07-15 18:23,59.00,57.20,93.74,M,2.00,0.00,30.30,M,6.21,M,FEW,OVC,M,M,400.00,800.00,M,M,M,M,M,M,M,M,M,59.00,FAGG 151823Z AUTO VRB02KT 9999 FEW004/// OVC008/// 15/14 Q1026,M
FAGG,2026-07-15 18:50,59.00,57.20,93.74,240.00,5.00,0.00,30.30,M,6.21,M,BKN,OVC,M,M,600.00,800.00,M,M,M,M,M,M,M,M,M,59.00,FAGG 151850Z AUTO 24005KT 9999 BKN006/// OVC008/// 15/14 Q1026,M
FAGG,2026-07-15 18:55,59.00,57.20,93.74,240.00,5.00,0.00,30.30,M,5.59,M,BKN,OVC,M,M,500.00,800.00,M,M,DZ,M,M,M,M,M,M,59.00,FAGG 151855Z AUTO 24005KT 9000 DZ BKN005/// OVC008/// 15/14 Q1026,M
FAGG,2026-07-15 19:00,59.00,57.20,93.74,240.00,5.00,0.00,30.30,M,5.59,M,BKN,OVC,M,M,500.00,800.00,M,M,DZ,M,M,M,M,M,M,59.00,FAGG 151900Z AUTO 24005KT 9000 DZ BKN005/// OVC008/// 15/14 Q1026,M
FAGG,2026-07-15 19:21,57.20,57.20,100.00,250.00,4.00,0.00,30.30,M,6.21,M,SCT,OVC,M,M,600.00,800.00,M,M,-RA,M,M,M,M,M,M,57.20,FAGG 151921Z AUTO 25004KT 9999 -RA SCT006/// OVC008/// 14/14 Q1026 REDZ,M
FAGG,2026-07-15 19:49,57.20,55.40,93.70,270.00,6.00,0.00,30.30,M,6.21,M,OVC,M,M,M,1000.00,M,M,M,-RA,M,M,M,M,M,M,57.20,FAGG 151949Z AUTO 27006KT 9999 -RA OVC010/// 14/13 Q1026,M
FAGG,2026-07-15 20:00,57.20,55.40,93.70,270.00,5.00,0.00,30.30,M,6.21,M,OVC,M,M,M,1000.00,M,M,M,-RA,M,M,M,M,M,M,57.20,FAGG 152000Z AUTO 27005KT 9999 -RA OVC010/// 14/13 Q1026,M
FAGG,2026-07-15 21:00,57.20,57.20,100.00,270.00,3.00,0.00,30.30,M,6.21,M,FEW,OVC,M,M,800.00,1200.00,M,M,M,M,M,M,M,M,M,57.20,FAGG 152100Z AUTO 27003KT 9999 FEW008/// OVC012/// 14/14 Q1026,M
FAGG,2026-07-15 21:14,57.20,55.40,93.70,260.00,3.00,0.00,30.30,M,6.21,M,SCT,BKN,OVC,M,700.00,1100.00,1300.00,M,M,M,M,M,M,M,M,57.20,FAGG 152114Z AUTO 26003KT 9999 SCT007/// BKN011/// OVC013/// 14/13 Q1026,M
FAGG,2026-07-15 21:19,57.20,55.40,93.70,260.00,3.00,0.00,30.30,M,6.21,M,BKN,BKN,OVC,M,700.00,1400.00,1600.00,M,M,M,M,M,M,M,M,57.20,FAGG 152119Z AUTO 26003KT 9999 BKN007/// BKN014/// OVC016/// 14/13 Q1026,M
FAGG,2026-07-15 21:32,57.20,55.40,93.70,260.00,3.00,0.00,30.30,M,6.21,M,BKN,OVC,M,M,600.00,1500.00,M,M,M,M,M,M,M,M,M,57.20,FAGG 152132Z AUTO 26003KT 230V290 9999 BKN006/// OVC015/// 14/13 Q1026,M
FAGG,2026-07-15 21:37,57.20,55.40,93.70,270.00,3.00,0.00,30.30,M,6.21,M,BKN,BKN,OVC,M,600.00,1400.00,1600.00,M,M,M,M,M,M,M,M,57.20,FAGG 152137Z AUTO 27003KT 9999 BKN006/// BKN014/// OVC016/// 14/13 Q1026,M
FAGG,2026-07-15 21:40,57.20,55.40,93.70,280.00,3.00,0.00,30.30,M,6.21,M,BKN,BKN,OVC,M,600.00,800.00,1600.00,M,M,M,M,M,M,M,M,57.20,FAGG 152140Z AUTO 28003KT 260V320 9999 BKN006/// BKN008/// OVC016/// 14/13 Q1026,M
FAGG,2026-07-15 21:53,57.20,55.40,93.70,300.00,3.00,0.00,30.30,M,6.21,M,OVC,M,M,M,600.00,M,M,M,M,M,M,M,M,M,M,57.20,FAGG 152153Z AUTO 30003KT 9999 OVC006/// 14/13 Q1026,M
FAGG,2026-07-15 22:00,57.20,55.40,93.70,300.00,3.00,0.00,30.30,M,6.21,M,OVC,M,M,M,600.00,M,M,M,M,M,M,M,M,M,M,57.20,FAGG 152200Z AUTO 30003KT 9999 OVC006/// 14/13 Q1026,M
FAGG,2026-07-15 22:42,57.20,55.40,93.70,M,2.00,0.00,30.30,M,6.21,M,BKN,BKN,OVC,M,700.00,900.00,2000.00,M,M,M,M,M,M,M,M,57.20,FAGG 152242Z AUTO VRB02KT 9999 BKN007/// BKN009/// OVC020/// 14/13 Q1026,M
FAGG,2026-07-15 23:00,57.20,55.40,93.70,M,2.00,0.00,30.30,M,6.21,M,BKN,OVC,M,M,600.00,2000.00,M,M,M,M,M,M,M,M,M,57.20,FAGG 152300Z AUTO VRB02KT 9999 BKN006/// OVC020/// 14/13 Q1026,M
FAGG,2026-07-15 23:36,57.20,55.40,93.70,320.00,2.00,0.00,30.30,M,6.21,M,BKN,OVC,M,M,700.00,1300.00,M,M,M,M,M,M,M,M,M,57.20,FAGG 152336Z AUTO 32002KT 9999 BKN007/// OVC013/// 14/13 Q1026,M
FAGG,2026-07-15 23:59,57.20,55.40,93.70,300.00,2.00,0.00,30.30,M,6.21,M,FEW,SCT,OVC,M,800.00,1000.00,2400.00,M,M,M,M,M,M,M,M,57.20,FAGG 152359Z AUTO 30002KT 9999 FEW008/// SCT010/// OVC024/// 14/13 Q1026,M
FAGG,2026-07-16 00:00,57.20,55.40,93.70,300.00,2.00,0.00,30.30,M,6.21,M,FEW,SCT,OVC,M,800.00,1000.00,2400.00,M,M,M,M,M,M,M,M,57.20,FAGG 160000Z AUTO 30002KT 9999 FEW008/// SCT010/// OVC024/// 14/13 Q1026,M
FAGG,2026-07-16 00:35,55.40,55.40,100.00,M,1.00,0.00,30.27,M,4.97,M,SCT,BKN,M,M,500.00,2400.00,M,M,M,M,M,M,M,M,M,55.40,FAGG 160035Z AUTO VRB01KT 8000 1700 SCT005/// BKN024/// 13/13 Q1025,M
FAGG,2026-07-16 00:49,55.40,55.40,100.00,300.00,2.00,0.00,30.27,M,0.62,M,FEW,SCT,M,M,300.00,500.00,M,M,BR,M,M,M,M,M,M,55.40,FAGG 160049Z AUTO 30002KT 1000 R29/1900D BR FEW003/// SCT005/// 13/13 Q1025,M
FAGG,2026-07-16 00:54,55.40,53.60,93.65,M,1.00,0.00,30.27,M,0.43,M,FEW,SCT,M,M,300.00,500.00,M,M,FG,M,M,M,M,M,M,55.40,FAGG 160054Z AUTO VRB01KT 0700 0650 R29/1400D FG FEW003/// SCT005/// 13/12 Q1025,M
FAGG,2026-07-16 00:58,55.40,53.60,93.65,0.00,0.00,0.00,30.27,M,0.43,M,FEW,M,M,M,300.00,M,M,M,FG,M,M,M,M,M,M,55.40,FAGG 160058Z AUTO 00000KT 0700 0650 R29/0650D FG FEW003/// 13/12 Q1025,M
FAGG,2026-07-16 01:00,55.40,53.60,93.65,0.00,0.00,0.00,30.27,M,0.43,M,FEW,M,M,M,300.00,M,M,M,FG,M,M,M,M,M,M,55.40,FAGG 160100Z AUTO 00000KT 0700 0650 R29/0650D FG FEW003/// 13/12 Q1025,M
FAGG,2026-07-16 01:10,55.40,53.60,93.65,0.00,0.00,0.00,30.27,M,0.37,M,FEW,M,M,M,600.00,M,M,M,FG,M,M,M,M,M,M,55.40,FAGG 160110Z AUTO 00000KT 0600 0550 R29/0500D FG FEW006/// 13/12 Q1025,M
FAGG,2026-07-16 01:24,55.40,53.60,93.65,M,1.00,0.00,30.30,M,0.43,M,SCT,M,M,M,500.00,M,M,M,FG,M,M,M,M,M,M,55.40,FAGG 160124Z AUTO VRB01KT 0700 0600 R29/0750N FG SCT005/// 13/12 Q1026,M
FAGG,2026-07-16 01:36,55.40,53.60,93.65,280.00,2.00,0.00,30.30,M,0.28,M,FEW,SCT,M,M,200.00,500.00,M,M,FG,M,M,M,M,M,M,55.40,FAGG 160136Z AUTO 28002KT 0450 0400 R29/0500D FG FEW002/// SCT005/// 13/12 Q1026,M
FAGG,2026-07-16 01:57,53.60,53.60,100.00,310.00,3.00,0.00,30.30,M,0.25,M,SCT,BKN,M,M,200.00,900.00,M,M,FG,M,M,M,M,M,M,53.60,FAGG 160157Z AUTO 31003KT 0400 0250 R29/0550N FG SCT002/// BKN009/// 12/12 Q1026,M
FAGG,2026-07-16 02:00,53.60,53.60,100.00,310.00,3.00,0.00,30.30,M,0.25,M,SCT,BKN,M,M,200.00,900.00,M,M,FG,M,M,M,M,M,M,53.60,FAGG 160200Z AUTO 31003KT 0400 0250 R29/0550N FG SCT002/// BKN009/// 12/12 Q1026,M
FAGG,2026-07-16 02:01,53.60,53.60,100.00,320.00,3.00,0.00,30.30,M,0.22,M,SCT,BKN,M,M,200.00,600.00,M,M,FG,M,M,M,M,M,M,53.60,FAGG 160201Z AUTO 32003KT 0350 0250 R29/0500N FG SCT002/// BKN006/// 12/12 Q1026,M
FAGG,2026-07-16 02:10,53.60,51.80,93.60,300.00,4.00,0.00,30.30,M,0.40,M,FEW,SCT,BKN,M,200.00,500.00,1000.00,M,FG,M,M,M,M,M,M,53.60,FAGG 160210Z AUTO 30004KT 0650 0500 R29/0600U FG FEW002/// SCT005/// BKN010/// 12/11 Q1026,M
FAGG,2026-07-16 02:20,53.60,53.60,100.00,290.00,5.00,0.00,30.30,M,4.35,M,SCT,BKN,M,M,400.00,1000.00,M,M,M,M,M,M,M,M,M,53.60,FAGG 160220Z 29005KT 7000 SCT004 BKN010 12/12 Q1026,M
FAGG,2026-07-16 02:55,55.40,55.40,100.00,330.00,4.00,0.00,30.27,M,6.21,M,BKN,M,M,M,500.00,M,M,M,M,M,M,M,M,M,M,55.40,FAGG 160255Z 33004KT 9999 BKN005 13/13 Q1025,M
FAGG,2026-07-16 03:00,55.40,55.40,100.00,330.00,4.00,0.00,30.27,M,6.21,M,BKN,M,M,M,500.00,M,M,M,M,M,M,M,M,M,M,55.40,FAGG 160300Z 33004KT 9999 BKN005 13/13 Q1025,M
FAGG,2026-07-16 03:23,55.40,53.60,93.65,330.00,3.00,0.00,30.27,M,6.21,M,FEW,BKN,M,M,500.00,2000.00,M,M,M,M,M,M,M,M,M,55.40,FAGG 160323Z 33003KT 300V360 9999 FEW005 BKN020 13/12 Q1025,M
FAGG,2026-07-16 04:00,55.40,53.60,93.65,0.00,0.00,0.00,30.27,M,6.21,M,FEW,M,M,M,2000.00,M,M,M,M,M,M,M,M,M,M,55.40,FAGG 160400Z 00000KT 9999 FEW020 13/12 Q1025,M
FAGG,2026-07-16 04:24,51.80,51.80,100.00,0.00,0.00,0.00,30.27,M,3.11,M,NSC,M,M,M,M,M,M,M,BCFG,M,M,M,M,M,M,51.80,FAGG 160424Z 00000KT 5000 0900S BCFG NSC 11/11 Q1025,M
FAGG,2026-07-16 04:43,50.00,50.00,100.00,320.00,3.00,0.00,30.30,M,0.31,M,FEW,M,M,M,1000.00,M,M,M,FG,M,M,M,M,M,M,50.00,FAGG 160443Z 32003KT 280V350 0500 R29/2000D FG FEW010 10/10 Q1026,M
FAGG,2026-07-16 04:55,51.80,50.00,93.55,330.00,4.00,0.00,30.27,M,3.11,M,FEW,M,M,M,1000.00,M,M,M,BCFG,M,M,M,M,M,M,51.80,FAGG 160455Z 33004KT 5000 0500W BCFG FEW010 11/10 Q1025,M
FAGG,2026-07-16 05:00,51.80,50.00,93.55,330.00,4.00,0.00,30.27,M,3.11,M,FEW,M,M,M,1000.00,M,M,M,BCFG,M,M,M,M,M,M,51.80,FAGG 160500Z 33004KT 5000 0500W BCFG FEW010 11/10 Q1025,M
FAGG,2026-07-16 05:27,50.00,50.00,100.00,320.00,5.00,0.00,30.30,M,4.97,M,FEW,M,M,M,1000.00,M,M,M,BCFG,M,M,M,M,M,M,50.00,FAGG 160527Z 32005KT 8000 0900W BCFG FEW010 10/10 Q1026,M
FAGG,2026-07-16 05:55,51.80,50.00,93.55,330.00,4.00,0.00,30.27,M,5.59,M,FEW,M,M,M,2000.00,M,M,M,M,M,M,M,M,M,M,51.80,FAGG 160555Z 33004KT 9000 2000W FEW020 11/10 Q1025,M
FAGG,2026-07-16 06:00,51.80,50.00,93.55,330.00,4.00,0.00,30.27,M,5.59,M,FEW,M,M,M,2000.00,M,M,M,M,M,M,M,M,M,M,51.80,FAGG 160600Z 33004KT 9000 2000W FEW020 11/10 Q1025,M
FAGG,2026-07-16 06:26,51.80,51.80,100.00,260.00,4.00,0.00,30.30,M,6.21,M,FEW,M,M,M,2000.00,M,M,M,M,M,M,M,M,M,M,51.80,FAGG 160626Z 26004KT 210V270 9999 FEW020 11/11 Q1026,M
FAGG,2026-07-16 06:59,53.60,51.80,93.60,360.00,3.00,0.00,30.30,M,6.21,M,FEW,M,M,M,2000.00,M,M,M,M,M,M,M,M,M,M,53.60,FAGG 160659Z 36003KT 9999 FEW020 12/11 Q1026,M
FAGG,2026-07-16 07:00,53.60,51.80,93.60,360.00,3.00,0.00,30.30,M,6.21,M,FEW,M,M,M,2000.00,M,M,M,M,M,M,M,M,M,M,53.60,FAGG 160700Z 36003KT 9999 FEW020 12/11 Q1026,M
FAGG,2026-07-16 07:12,57.20,53.60,87.75,360.00,3.00,0.00,30.30,M,6.21,M,FEW,M,M,M,2000.00,M,M,M,M,M,M,M,M,M,M,57.20,FAGG 160712Z 36003KT 9999 FEW020 14/12 Q1026,M
FAGG,2026-07-16 08:00,59.00,53.60,82.26,270.00,3.00,0.00,30.30,M,6.21,M,FEW,M,M,M,1500.00,M,M,M,M,M,M,M,M,M,M,59.00,FAGG 160800Z 27003KT 240V310 9999 FEW015 15/12 Q1026,M
FAGG,2026-07-16 09:00,60.80,53.60,77.15,300.00,3.00,0.00,30.27,M,6.21,M,FEW,M,M,M,3000.00,M,M,M,M,M,M,M,M,M,M,60.80,FAGG 160900Z 30003KT 220V340 9999 FEW030 16/12 Q1025,M
FAGG,2026-07-16 09:53,66.20,55.40,68.18,M,2.00,0.00,30.27,M,6.21,M,M,M,M,M,M,M,M,M,M,M,M,M,M,M,M,66.20,FAGG 160953Z VRB02KT CAVOK 19/13 Q1025,M
FAGG,2026-07-16 10:00,66.20,55.40,68.18,M,2.00,0.00,30.27,M,6.21,M,M,M,M,M,M,M,M,M,M,M,M,M,M,M,M,66.20,FAGG 161000Z VRB02KT CAVOK 19/13 Q1025,M
FAGG,2026-07-16 11:00,66.20,53.60,63.85,230.00,4.00,0.00,30.24,M,6.21,M,M,M,M,M,M,M,M,M,M,M,M,M,M,M,M,66.20,FAGG 161100Z 23004KT 200V260 CAVOK 19/12 Q1024,M
FAGG,2026-07-16 12:00,66.20,55.40,68.18,190.00,4.00,0.00,30.21,M,6.21,M,M,M,M,M,M,M,M,M,M,M,M,M,M,M,M,66.20,FAGG 161200Z 19004KT 160V230 CAVOK 19/13 Q1023,M
FAGG,2026-07-16 13:00,64.40,55.40,72.58,200.00,3.00,0.00,30.21,M,6.21,M,M,M,M,M,M,M,M,M,M,M,M,M,M,M,M,64.40,FAGG 161300Z 20003KT 160V230 CAVOK 18/13 Q1023,M
FAGG,2026-07-16 14:00,64.40,57.20,77.46,160.00,4.00,0.00,30.18,M,6.21,M,M,M,M,M,M,M,M,M,M,M,M,M,M,M,M,64.40,FAGG 161400Z 16004KT 130V200 CAVOK 18/14 Q1022,M
FAGG,2026-07-16 15:00,59.00,55.40,87.84,M,1.00,0.00,30.21,M,6.21,M,FEW,M,M,M,1000.00,M,M,M,M,M,M,M,M,M,M,59.00,FAGG 161500Z VRB01KT 9999 FEW010 15/13 Q1023,M
FAGG,2026-07-16 16:00,57.20,53.60,87.75,M,2.00,0.00,30.18,M,6.21,M,M,M,M,M,M,M,M,M,M,M,M,M,M,M,M,57.20,FAGG 161600Z VRB02KT CAVOK 14/12 Q1022,M
FAGG,2026-07-16 17:00,55.40,53.60,93.65,M,2.00,0.00,30.21,M,6.21,M,M,M,M,M,M,M,M,M,M,M,M,M,M,M,M,55.40,FAGG 161700Z VRB02KT CAVOK 13/12 Q1023,M
FAGG,2026-07-16 18:00,55.40,53.60,93.65,190.00,4.00,0.00,30.21,M,6.21,M,FEW,M,M,M,300.00,M,M,M,M,M,M,M,M,M,M,55.40,FAGG 161800Z 19004KT 9999 FEW003 13/12 Q1023,M
FAGG,2026-07-16 18:16,53.60,51.80,93.60,0.00,0.00,0.00,30.21,M,1.62,M,FEW,M,M,M,100.00,M,M,M,-RA BR,M,M,M,M,M,M,53.60,FAGG 161816Z AUTO 00000KT 2600 -RA BR FEW001/// 12/11 Q1023,M
FAGG,2026-07-16 18:23,53.60,51.80,93.60,M,1.00,0.00,30.21,M,6.21,M,FEW,SCT,M,M,100.00,300.00,M,M,-RA BCFG,M,M,M,M,M,M,53.60,FAGG 161823Z AUTO VRB01KT 9999 0600 R29/0650D -RA BCFG FEW001/// SCT003/// 12/11 Q1023,M
FAGG,2026-07-16 18:44,53.60,53.60,100.00,M,2.00,0.00,30.21,M,6.21,M,SCT,M,M,M,300.00,M,M,M,-RA,M,M,M,M,M,M,53.60,FAGG 161844Z AUTO VRB02KT 9999 3500 -RA SCT003/// 12/12 Q1023,M
FAGG,2026-07-16 18:47,53.60,53.60,100.00,M,2.00,0.00,30.21,M,6.21,M,VV ,M,M,M,100.00,M,M,M,-RA,M,M,M,M,M,M,53.60,FAGG 161847Z AUTO VRB02KT 9999 1300 -RA VV001 12/12 Q1023,M
FAGG,2026-07-16 18:50,53.60,53.60,100.00,320.00,2.00,0.00,30.21,M,2.05,M,VV ,M,M,M,200.00,M,M,M,,M,M,M,M,M,M,53.60,FAGG 161850Z AUTO 32002KT 3300 1200 // VV002 12/12 Q1023,M
FAGG,2026-07-16 18:56,53.60,51.80,93.60,330.00,2.00,0.00,30.21,M,0.62,M,VV ,M,M,M,200.00,M,M,M,BCFG,M,M,M,M,M,M,53.60,FAGG 161856Z AUTO 33002KT 1000 0900 R29/P2000N BCFG VV002 12/11 Q1023,M
FAGG,2026-07-16 19:00,53.60,51.80,93.60,330.00,2.00,0.00,30.21,M,0.62,M,VV ,M,M,M,200.00,M,M,M,BCFG,M,M,M,M,M,M,53.60,FAGG 161900Z AUTO 33002KT 1000 0900 R29/P2000N BCFG VV002 12/11 Q1023,M
FAGG,2026-07-16 19:02,51.80,51.80,100.00,310.00,3.00,0.00,30.21,M,0.50,M,VV ,M,M,M,100.00,M,M,M,FG,M,M,M,M,M,M,51.80,FAGG 161902Z AUTO 31003KT 280V340 0800 0400 R29/P2000N FG VV001 11/11 Q1023,M
FAGG,2026-07-16 19:03,51.80,51.80,100.00,300.00,3.00,0.00,30.21,M,0.40,M,VV ,M,M,M,100.00,M,M,M,FG,M,M,M,M,M,M,51.80,FAGG 161903Z AUTO 30003KT 280V340 0650 0350 R29/0450D FG VV001 11/11 Q1023,M
FAGG,2026-07-16 19:20,51.80,51.80,100.00,330.00,2.00,0.00,30.24,M,0.31,M,VV ,M,M,M,100.00,M,M,M,FG,M,M,M,M,M,M,51.80,FAGG 161920Z AUTO 33002KT 0500 0400 R29/1700D FG VV001 11/11 Q1024,M
FAGG,2026-07-16 19:22,51.80,51.80,100.00,340.00,3.00,0.00,30.24,M,0.31,M,VV ,M,M,M,100.00,M,M,M,FG,M,M,M,M,M,M,51.80,FAGG 161922Z AUTO 34003KT 0500 0400 R29/0600D FG VV001 11/11 Q1024,M
FAGG,2026-07-16 20:09,53.60,53.60,100.00,210.00,4.00,0.00,30.24,M,0.81,M,BKN,OVC,M,M,200.00,400.00,M,M,-RA BR,M,M,M,M,M,M,53.60,FAGG 162009Z AUTO 21004KT 190V250 1300 1000 R29/1200U -RA BR BKN002/// OVC004/// 12/12 Q1024,M
FAGG,2026-07-16 20:20,55.40,53.60,93.65,190.00,3.00,0.00,30.24,M,1.43,M,BKN,OVC,M,M,200.00,500.00,M,M,-RA BR,M,M,M,M,M,M,55.40,FAGG 162020Z AUTO 19003KT 2300 -RA BR BKN002/// OVC005/// 13/12 Q1024,M
FAGG,2026-07-16 20:36,55.40,55.40,100.00,M,1.00,0.00,30.24,M,2.05,M,BKN,OVC,M,M,200.00,500.00,M,M,BR,M,M,M,M,M,M,55.40,FAGG 162036Z AUTO VRB01KT 3300 1000 BR BKN002/// OVC005/// 13/13 Q1024,M
FAGG,2026-07-16 20:38,55.40,55.40,100.00,0.00,0.00,0.00,30.24,M,2.42,M,BKN,OVC,M,M,200.00,400.00,M,M,BR,M,M,M,M,M,M,55.40,FAGG 162038Z AUTO 00000KT 3900 1400 BR BKN002/// OVC004/// 13/13 Q1024,M
FAGG,2026-07-16 20:49,53.60,53.60,100.00,M,2.00,0.00,30.24,M,3.11,M,OVC,M,M,M,200.00,M,M,M,BR,M,M,M,M,M,M,53.60,FAGG 162049Z AUTO VRB02KT 5000 BR OVC002/// 12/12 Q1024,M
FAGG,2026-07-16 20:51,53.60,53.60,100.00,M,2.00,0.00,30.24,M,2.92,M,OVC,M,M,M,200.00,M,M,M,BR,M,M,M,M,M,M,53.60,FAGG 162051Z AUTO VRB02KT 4700 BR OVC002/// 12/12 Q1024,M
FAGG,2026-07-16 21:00,53.60,53.60,100.00,10.00,2.00,0.00,30.24,M,2.86,M,OVC,M,M,M,200.00,M,M,M,BR,M,M,M,M,M,M,53.60,FAGG 162100Z AUTO 01002KT 4600 BR OVC002/// 12/12 Q1024,M
FAGG,2026-07-16 21:02,55.40,53.60,93.65,M,2.00,0.00,30.24,M,2.86,M,BKN,OVC,M,M,200.00,400.00,M,M,BR,M,M,M,M,M,M,55.40,FAGG 162102Z AUTO VRB02KT 4600 BR BKN002/// OVC004/// 13/12 Q1024,M
FAGG,2026-07-16 21:14,55.40,55.40,100.00,50.00,3.00,0.00,30.24,M,2.24,M,OVC,M,M,M,200.00,M,M,M,BR,M,M,M,M,M,M,55.40,FAGG 162114Z AUTO 05003KT 3600 BR OVC002/// 13/13 Q1024,M
FAGG,2026-07-16 21:40,55.40,55.40,100.00,360.00,3.00,0.00,30.24,M,3.11,M,SCT,BKN,OVC,M,200.00,400.00,700.00,M,BR,M,M,M,M,M,M,55.40,FAGG 162140Z AUTO 36003KT 290V050 5000 BR SCT002/// BKN004/// OVC007/// 13/13 Q1024,M
FAGG,2026-07-16 21:42,55.40,55.40,100.00,360.00,3.00,0.00,30.24,M,2.30,M,SCT,OVC,M,M,200.00,400.00,M,M,BR,M,M,M,M,M,M,55.40,FAGG 162142Z AUTO 36003KT 290V010 3700 BR SCT002/// OVC004/// 13/13 Q1024,M
FAGG,2026-07-16 21:48,55.40,55.40,100.00,360.00,3.00,0.00,30.24,M,2.11,M,SCT,BKN,OVC,M,200.00,400.00,700.00,M,BR,M,M,M,M,M,M,55.40,FAGG 162148Z AUTO 36003KT 3400 BR SCT002/// BKN004/// OVC007/// 13/13 Q1024,M
FAGG,2026-07-16 21:53,55.40,55.40,100.00,340.00,3.00,0.00,30.24,M,1.62,M,VV ,M,M,M,400.00,M,M,M,BR,M,M,M,M,M,M,55.40,FAGG 162153Z AUTO 34003KT 300V010 2600 BR VV004 13/13 Q1024,M
FAGG,2026-07-16 22:00,55.40,55.40,100.00,M,2.00,0.00,30.24,M,2.11,M,VV ,M,M,M,300.00,M,M,M,BR,M,M,M,M,M,M,55.40,FAGG 162200Z AUTO VRB02KT 3400 BR VV003 13/13 Q1024,M
FAGG,2026-07-16 22:01,55.40,55.40,100.00,M,2.00,0.00,30.24,M,1.24,M,VV ,M,M,M,300.00,M,M,M,BR,M,M,M,M,M,M,55.40,FAGG 162201Z AUTO VRB02KT 2000 0900 BR VV003 13/13 Q1024,M
FAGG,2026-07-16 22:03,55.40,55.40,100.00,M,2.00,0.00,30.24,M,0.81,M,VV ,M,M,M,400.00,M,M,M,BR,M,M,M,M,M,M,55.40,FAGG 162203Z AUTO VRB02KT 1300 0900 R29/1600D BR VV004 13/13 Q1024,M
FAGG,2026-07-16 22:15,55.40,55.40,100.00,M,2.00,0.00,30.24,M,1.30,M,FEW,OVC,M,M,200.00,400.00,M,M,BR,M,M,M,M,M,M,55.40,FAGG 162215Z AUTO VRB02KT 2100 1100 R29/1300D BR FEW002/// OVC004/// 13/13 Q1024,M
FAGG,2026-07-16 22:31,55.40,55.40,100.00,350.00,2.00,0.00,30.24,M,2.49,M,FEW,BKN,OVC,M,200.00,400.00,700.00,M,BR,M,M,M,M,M,M,55.40,FAGG 162231Z AUTO 35002KT 4000 BR FEW002/// BKN004/// OVC007/// 13/13 Q1024,M
FAGG,2026-07-16 22:43,55.40,55.40,100.00,10.00,3.00,0.00,30.24,M,3.73,M,FEW,OVC,M,M,200.00,400.00,M,M,M,M,M,M,M,M,M,55.40,FAGG 162243Z AUTO 01003KT 6000 FEW002/// OVC004/// 13/13 Q1024,M
FAGG,2026-07-16 22:45,55.40,55.40,100.00,10.00,4.00,0.00,30.24,M,3.73,M,BKN,OVC,M,M,200.00,400.00,M,M,M,M,M,M,M,M,M,55.40,FAGG 162245Z AUTO 01004KT 6000 BKN002/// OVC004/// 13/13 Q1024,M
FAGG,2026-07-16 22:46,55.40,55.40,100.00,360.00,4.00,0.00,30.24,M,3.73,M,BKN,BKN,OVC,M,200.00,400.00,700.00,M,M,M,M,M,M,M,M,55.40,FAGG 162246Z AUTO 36004KT 6000 2900 BKN002/// BKN004/// OVC007/// 13/13 Q1024,M
FAGG,2026-07-16 22:58,55.40,55.40,100.00,M,2.00,0.00,30.24,M,4.35,M,BKN,OVC,M,M,200.00,600.00,M,M,M,M,M,M,M,M,M,55.40,FAGG 162258Z AUTO VRB02KT 7000 2200 BKN002/// OVC006/// 13/13 Q1024,M
FAGG,2026-07-16 23:00,55.40,55.40,100.00,M,2.00,0.00,30.24,M,4.35,M,BKN,OVC,M,M,200.00,600.00,M,M,M,M,M,M,M,M,M,55.40,FAGG 162300Z AUTO VRB02KT 7000 2200 BKN002/// OVC006/// 13/13 Q1024,M
FAGG,2026-07-16 23:08,55.40,55.40,100.00,M,1.00,0.00,30.24,M,4.97,M,OVC,M,M,M,200.00,M,M,M,M,M,M,M,M,M,M,55.40,FAGG 162308Z AUTO VRB01KT 8000 3800 OVC002/// 13/13 Q1024,M
FAGG,2026-07-16 23:33,55.40,55.40,100.00,350.00,2.00,0.00,30.24,M,4.35,M,BKN,OVC,M,M,200.00,400.00,M,M,M,M,M,M,M,M,M,55.40,FAGG 162333Z AUTO 35002KT 7000 BKN002/// OVC004/// 13/13 Q1024,M
FAGG,2026-07-17 00:00,55.40,55.40,100.00,350.00,3.00,0.00,30.24,M,3.73,M,BKN,OVC,M,M,200.00,400.00,M,M,M,M,M,M,M,M,M,55.40,FAGG 170000Z AUTO 35003KT 6000 BKN002/// OVC004/// 13/13 Q1024,M
FAGG,2026-07-17 00:01,55.40,55.40,100.00,M,2.00,0.00,30.21,M,2.98,M,BKN,OVC,M,M,200.00,400.00,M,M,BR,M,M,M,M,M,M,55.40,FAGG 170001Z AUTO VRB02KT 4800 BR BKN002/// OVC004/// 13/13 Q1023,M
FAGG,2026-07-17 00:03,55.40,55.40,100.00,M,2.00,0.00,30.21,M,2.11,M,OVC,M,M,M,200.00,M,M,M,BR,M,M,M,M,M,M,55.40,FAGG 170003Z AUTO VRB02KT 3400 BR OVC002/// 13/13 Q1023,M
FAGG,2026-07-17 00:04,55.40,55.40,100.00,M,2.00,0.00,30.21,M,1.74,M,OVC,M,M,M,200.00,M,M,M,BR,M,M,M,M,M,M,55.40,FAGG 170004Z AUTO VRB02KT 2800 BR OVC002/// 13/13 Q1023,M
FAGG,2026-07-17 00:33,55.40,53.60,93.65,310.00,3.00,0.00,30.21,M,1.37,M,BKN,OVC,M,M,200.00,400.00,M,M,BR,M,M,M,M,M,M,55.40,FAGG 170033Z AUTO 31003KT 2200 BR BKN002/// OVC004/// 13/12 Q1023,M
FAGG,2026-07-17 00:48,53.60,53.60,100.00,330.00,3.00,0.00,30.21,M,1.43,M,BKN,OVC,M,M,200.00,500.00,M,M,BR,M,M,M,M,M,M,53.60,FAGG 170048Z AUTO 33003KT 2300 BR BKN002/// OVC005/// 12/12 Q1023,M
FAGG,2026-07-17 01:00,53.60,53.60,100.00,340.00,3.00,0.00,30.21,M,1.43,M,OVC,M,M,M,200.00,M,M,M,BR,M,M,M,M,M,M,53.60,FAGG 170100Z AUTO 34003KT 2300 BR OVC002/// 12/12 Q1023,M
FAGG,2026-07-17 01:10,53.60,53.60,100.00,340.00,3.00,0.00,30.21,M,2.73,M,OVC,M,M,M,200.00,M,M,M,BR,M,M,M,M,M,M,53.60,FAGG 170110Z AUTO 34003KT 4400 BR OVC002/// 12/12 Q1023,M
FAGG,2026-07-17 01:20,53.60,53.60,100.00,M,2.00,0.00,30.21,M,3.11,M,BKN,OVC,M,M,200.00,500.00,M,M,BR,M,M,M,M,M,M,53.60,FAGG 170120Z AUTO VRB02KT 5000 BR BKN002/// OVC005/// 12/12 Q1023,M
FAGG,2026-07-17 01:37,53.60,53.60,100.00,310.00,2.00,0.00,30.21,M,3.73,M,OVC,M,M,M,200.00,M,M,M,M,M,M,M,M,M,M,53.60,FAGG 170137Z AUTO 31002KT 6000 OVC002/// 12/12 Q1023,M
FAGG,2026-07-17 02:00,53.60,53.60,100.00,M,2.00,0.00,30.21,M,3.73,M,OVC,M,M,M,200.00,M,M,M,M,M,M,M,M,M,M,53.60,FAGG 170200Z AUTO VRB02KT 6000 OVC002/// 12/12 Q1023,M
FAGG,2026-07-17 02:15,53.60,53.60,100.00,M,2.00,0.00,30.18,M,3.73,M,OVC,M,M,M,200.00,M,M,M,M,M,M,M,M,M,M,53.60,FAGG 170215Z VRB02KT 6000 OVC002 12/12 Q1022,M
FAGG,2026-07-17 03:00,53.60,53.60,100.00,30.00,3.00,0.00,30.18,M,5.59,M,OVC,M,M,M,300.00,M,M,M,M,M,M,M,M,M,M,53.60,FAGG 170300Z 03003KT 360V070 9000 OVC003 12/12 Q1022,M
FAGG,2026-07-17 03:49,53.60,51.80,93.60,60.00,3.00,0.00,30.18,M,2.67,M,OVC,M,M,M,200.00,M,M,M,BR,M,M,M,M,M,M,53.60,FAGG 170349Z 06003KT 020V090 4300 BR OVC002 12/11 Q1022,M
FAGG,2026-07-17 04:00,53.60,51.80,93.60,80.00,3.00,0.00,30.18,M,2.80,M,OVC,M,M,M,200.00,M,M,M,BR,M,M,M,M,M,M,53.60,FAGG 170400Z 08003KT 050V130 4500 BR OVC002 12/11 Q1022,M
FAGG,2026-07-17 04:10,53.60,51.80,93.60,130.00,3.00,0.00,30.18,M,2.17,M,BKN,OVC,M,M,200.00,400.00,M,M,BR,M,M,M,M,M,M,53.60,FAGG 170410Z 13003KT 090V170 3500 BR BKN002 OVC004 12/11 Q1022,M
FAGG,2026-07-17 04:31,53.60,53.60,100.00,110.00,4.00,0.00,30.18,M,1.37,M,BKN,OVC,M,M,100.00,400.00,M,M,BR,M,M,M,M,M,M,53.60,FAGG 170431Z 11004KT 060V150 2200 BR BKN001 OVC004 12/12 Q1022,M
FAGG,2026-07-17 05:00,53.60,53.60,100.00,130.00,3.00,0.00,30.18,M,1.12,M,BKN,OVC,M,M,100.00,400.00,M,M,BR,M,M,M,M,M,M,53.60,FAGG 170500Z 13003KT 080V170 1800 BR BKN001 OVC004 12/12 Q1022,M
FAGG,2026-07-17 05:03,53.60,53.60,100.00,160.00,3.00,0.00,30.18,M,0.68,M,BKN,OVC,M,M,100.00,400.00,M,M,BR,M,M,M,M,M,M,53.60,FAGG 170503Z 16003KT 110V200 1100 R29/1000D BR BKN001 OVC004 12/12 Q1022,M
FAGG,2026-07-17 05:43,53.60,53.60,100.00,M,2.00,0.00,30.18,M,0.81,M,BKN,OVC,M,M,100.00,400.00,M,M,BR,M,M,M,M,M,M,53.60,FAGG 170543Z VRB02KT 1300 R29/1500U BR BKN001 OVC004 12/12 Q1022,M
FAGG,2026-07-17 05:45,53.60,53.60,100.00,M,2.00,0.00,30.18,M,1.24,M,BKN,OVC,M,M,100.00,400.00,M,M,BR,M,M,M,M,M,M,53.60,FAGG 170545Z VRB02KT 2000 BR BKN001 OVC004 12/12 Q1022,M
FAGG,2026-07-17 06:00,53.60,53.60,100.00,M,2.00,0.00,30.18,M,1.80,M,BKN,OVC,M,M,100.00,400.00,M,M,BR,M,M,M,M,M,M,53.60,FAGG 170600Z VRB02KT 2900 BR BKN001 OVC004 12/12 Q1022,M
FAGG,2026-07-17 06:22,53.60,51.80,93.60,M,2.00,0.00,30.18,M,0.75,M,BKN,OVC,M,M,100.00,400.00,M,M,BR,M,M,M,M,M,M,53.60,FAGG 170622Z VRB02KT 1200 R29/1000N BR BKN001 OVC004 12/11 Q1022,M
FAGG,2026-07-17 06:53,53.60,53.60,100.00,M,2.00,0.00,30.18,M,1.74,M,BKN,OVC,M,M,200.00,500.00,M,M,BR,M,M,M,M,M,M,53.60,FAGG 170653Z VRB02KT 2800 BR BKN002 OVC005 12/12 Q1022,M
FAGG,2026-07-17 07:00,53.60,53.60,100.00,M,2.00,0.00,30.18,M,1.80,M,BKN,OVC,M,M,200.00,500.00,M,M,BR,M,M,M,M,M,M,53.60,FAGG 170700Z VRB02KT 2900 BR BKN002 OVC005 12/12 Q1022,M
FAGG,2026-07-17 07:02,53.60,53.60,100.00,M,2.00,0.00,30.21,M,2.11,M,BKN,OVC,M,M,200.00,500.00,M,M,BR,M,M,M,M,M,M,53.60,FAGG 170702Z VRB02KT 3400 BR BKN002 OVC005 12/12 Q1023,M
FAGG,2026-07-17 08:00,53.60,53.60,100.00,M,2.00,0.00,30.21,M,3.11,M,OVC,M,M,M,200.00,M,M,M,BR,M,M,M,M,M,M,53.60,FAGG 170800Z VRB02KT 5000 BR OVC002 12/12 Q1023,M
FAGG,2026-07-17 09:00,55.40,53.60,93.65,80.00,3.00,0.00,30.21,M,2.86,M,OVC,M,M,M,300.00,M,M,M,BR,M,M,M,M,M,M,55.40,FAGG 170900Z 08003KT 060V130 4600 BR OVC003 13/12 Q1023,M
FAGG,2026-07-17 09:06,55.40,53.60,93.65,110.00,3.00,0.00,30.21,M,3.73,M,OVC,M,M,M,300.00,M,M,M,M,M,M,M,M,M,M,55.40,FAGG 170906Z 11003KT 070V140 6000 OVC003 13/12 Q1023,M
FAGG,2026-07-17 09:21,55.40,53.60,93.65,110.00,3.00,0.00,30.21,M,4.35,M,BKN,OVC,M,M,300.00,700.00,M,M,M,M,M,M,M,M,M,55.40,FAGG 170921Z 11003KT 080V170 7000 BKN003 OVC007 13/12 Q1023,M
FAGG,2026-07-17 10:00,55.40,53.60,93.65,70.00,3.00,0.00,30.18,M,5.59,M,OVC,M,M,M,600.00,M,M,M,M,M,M,M,M,M,M,55.40,FAGG 171000Z 07003KT 030V130 9000 OVC006 13/12 Q1022,M
FAGG,2026-07-17 11:00,57.20,53.60,87.75,M,3.00,0.00,30.18,M,6.21,M,BKN,M,M,M,700.00,M,M,M,M,M,M,M,M,M,M,57.20,FAGG 171100Z VRB03KT 9999 BKN007 14/12 Q1022,M
FAGG,2026-07-17 12:00,57.20,55.40,93.70,180.00,3.00,0.00,30.15,M,6.21,M,BKN,M,M,M,800.00,M,M,M,M,M,M,M,M,M,M,57.20,FAGG 171200Z 18003KT 9999 BKN008 14/13 Q1021,M
FAGG,2026-07-17 12:55,59.00,55.40,87.84,M,2.00,0.00,30.12,M,6.21,M,SCT,M,M,M,800.00,M,M,M,M,M,M,M,M,M,M,59.00,FAGG 171255Z VRB02KT 9999 SCT008 15/13 Q1020,M
FAGG,2026-07-17 13:00,59.00,55.40,87.84,M,2.00,0.00,30.12,M,6.21,M,SCT,M,M,M,800.00,M,M,M,M,M,M,M,M,M,M,59.00,FAGG 171300Z VRB02KT 9999 SCT008 15/13 Q1020,M
FAGG,2026-07-17 14:00,60.80,55.40,82.38,M,2.00,0.00,30.12,M,6.21,M,FEW,M,M,M,800.00,M,M,M,M,M,M,M,M,M,M,60.80,FAGG 171400Z VRB02KT 9999 FEW008 16/13 Q1020,M
FAGG,2026-07-17 15:00,60.80,55.40,82.38,M,1.00,0.00,30.09,M,6.21,M,M,M,M,M,M,M,M,M,M,M,M,M,M,M,M,60.80,FAGG 171500Z VRB01KT CAVOK 16/13 Q1019,M
FAGG,2026-07-17 16:00,55.40,53.60,93.65,110.00,1.00,0.00,30.09,M,5.59,M,NSC,M,M,M,M,M,M,M,M,M,M,M,M,M,M,55.40,FAGG 171600Z 11001KT 9000 NSC 13/12 Q1019,M
FAGG,2026-07-17 17:00,53.60,51.80,93.60,10.00,3.00,0.00,30.12,M,6.21,M,M,M,M,M,M,M,M,M,M,M,M,M,M,M,M,53.60,FAGG 171700Z 01003KT 330V050 CAVOK 12/11 Q1020,M
FAGG,2026-07-17 18:00,51.80,50.00,93.55,340.00,2.00,0.00,30.12,M,6.21,M,M,M,M,M,M,M,M,M,M,M,M,M,M,M,M,51.80,FAGG 171800Z 34002KT CAVOK 11/10 Q1020,M
FAGG,2026-07-17 19:00,50.00,48.20,93.50,M,1.00,0.00,30.12,M,6.21,M,M,M,M,M,M,M,M,M,M,M,M,M,M,M,M,50.00,FAGG 171900Z AUTO VRB01KT CAVOK 10/09 Q1020,M
FAGG,2026-07-17 20:00,50.00,48.20,93.50,210.00,4.00,0.00,30.12,M,6.21,M,M,M,M,M,M,M,M,M,M,M,M,M,M,M,M,50.00,FAGG 172000Z AUTO 21004KT CAVOK 10/09 Q1020,M
FAGG,2026-07-17 21:00,50.00,48.20,93.50,M,2.00,0.00,30.09,M,6.21,M,FEW,M,M,M,25000.00,M,M,M,M,M,M,M,M,M,M,50.00,FAGG 172100Z AUTO VRB02KT 9999 FEW250/// 10/09 Q1019,M
FAGG,2026-07-17 22:00,51.80,48.20,87.47,360.00,3.00,0.00,30.09,M,6.21,M,M,M,M,M,M,M,M,M,M,M,M,M,M,M,M,51.80,FAGG 172200Z AUTO 36003KT CAVOK 11/09 Q1019,M
FAGG,2026-07-17 23:00,50.00,46.40,87.37,340.00,6.00,0.00,30.06,M,6.21,M,M,M,M,M,M,M,M,M,M,M,M,M,M,M,M,50.00,FAGG 172300Z AUTO 34006KT CAVOK 10/08 Q1018,M
FAGG,2026-07-17 23:48,48.20,46.40,93.45,220.00,4.00,0.00,30.06,M,0.68,M,VV ,M,M,M,100.00,M,M,M,BCFG,M,M,M,M,M,M,46.34,FAGG 172348Z AUTO 22004KT 1100 0400 R29/P2000N BCFG VV001 09/08 Q1018,M
FAGG,2026-07-17 23:55,48.20,48.20,100.00,210.00,4.00,0.00,30.06,M,0.28,M,VV ,M,M,M,100.00,M,M,M,FG,M,M,M,M,M,M,46.34,FAGG 172355Z AUTO 21004KT 0450 0350 R29/0375D FG VV001 09/09 Q1018,M
FAGG,2026-07-17 23:57,50.00,48.20,93.50,210.00,3.00,0.00,30.06,M,0.25,M,VV ,M,M,M,100.00,M,M,M,-RA FG,M,M,M,M,M,M,50.00,FAGG 172357Z AUTO 21003KT 0400 0350 R29/0250D -RA FG VV001 10/09 Q1018,M
FAGG,2026-07-18 00:00,50.00,48.20,93.50,210.00,3.00,0.00,30.06,M,0.25,M,VV ,M,M,M,100.00,M,M,M,-RA FG,M,M,M,M,M,M,50.00,FAGG 180000Z AUTO 21003KT 0400 0350 R29/0250D -RA FG VV001 10/09 Q1018,M
FAGG,2026-07-18 00:14,50.00,50.00,100.00,310.00,1.00,0.00,30.06,M,0.25,M,VV ,M,M,M,100.00,M,M,M,-RA FG,M,M,M,M,M,M,50.00,FAGG 180014Z AUTO 31001KT 0400 0300 R29/0350N -RA FG VV001 10/10 Q1018,M
FAGG,2026-07-18 00:20,50.00,50.00,100.00,M,2.00,0.00,30.06,M,0.22,M,VV ,M,M,M,100.00,M,M,M,-RA FG,M,M,M,M,M,M,50.00,FAGG 180020Z AUTO VRB02KT 0350 0250 R29/0250N -RA FG VV001 10/10 Q1018,M
FAGG,2026-07-18 00:41,51.80,50.00,93.55,320.00,2.00,0.00,30.06,M,0.12,M,VV ,M,M,M,100.00,M,M,M,-RA FG,M,M,M,M,M,M,51.80,FAGG 180041Z AUTO 32002KT 0200 0150 R29/0150N -RA FG VV001 11/10 Q1018,M
FAGG,2026-07-18 01:00,50.00,50.00,100.00,330.00,2.00,0.00,30.06,M,0.09,M,VV ,M,M,M,100.00,M,M,M,-RA FG,M,M,M,M,M,M,50.00,FAGG 180100Z AUTO 33002KT 0150 0100 R29/0175N -RA FG VV001 10/10 Q1018,M
FAGG,2026-07-18 01:15,50.00,48.20,93.50,0.00,0.00,0.00,30.06,M,0.16,M,VV ,M,M,M,200.00,M,M,M,-RA FG,M,M,M,M,M,M,50.00,FAGG 180115Z AUTO 00000KT 0250 R29/0275N -RA FG VV002 10/09 Q1018,M
FAGG,2026-07-18 01:24,50.00,50.00,100.00,360.00,2.00,0.00,30.06,M,0.37,M,VV ,M,M,M,100.00,M,M,M,-RA FG,M,M,M,M,M,M,50.00,FAGG 180124Z AUTO 36002KT 0600 0350 R29/0800U -RA FG VV001 10/10 Q1018,M
FAGG,2026-07-18 01:45,50.00,50.00,100.00,20.00,3.00,0.00,30.06,M,0.40,M,VV ,M,M,M,100.00,M,M,M,-RA FG,M,M,M,M,M,M,50.00,FAGG 180145Z AUTO 02003KT 0650 0400 R29/0700D -RA FG VV001 10/10 Q1018,M
FAGG,2026-07-18 01:54,50.00,50.00,100.00,20.00,2.00,0.00,30.06,M,0.34,M,VV ,M,M,M,100.00,M,M,M,-RA FG,M,M,M,M,M,M,50.00,FAGG 180154Z AUTO 02002KT 0550 0500 R29/0500N -RA FG VV001 10/10 Q1018,M
FAGG,2026-07-18 02:00,50.00,50.00,100.00,20.00,2.00,0.00,30.06,M,0.34,M,VV ,M,M,M,100.00,M,M,M,-RA FG,M,M,M,M,M,M,50.00,FAGG 180200Z AUTO 02002KT 0550 0500 R29/0500N -RA FG VV001 10/10 Q1018,M
FAGG,2026-07-18 02:05,51.80,51.80,100.00,360.00,3.00,0.00,30.06,M,0.25,M,VV ,M,M,M,100.00,M,M,M,FG,M,M,M,M,M,M,51.80,FAGG 180205Z 36003KT 0400 R29/0450N FG VV001 11/11 Q1018,M
FAGG,2026-07-18 03:00,51.80,51.80,100.00,340.00,3.00,0.00,30.06,M,0.25,M,VV ,M,M,M,100.00,M,M,M,FG,M,M,M,M,M,M,51.80,FAGG 180300Z 34003KT 0400 R29/0375N FG VV001 11/11 Q1018,M
FAGG,2026-07-18 04:00,50.00,50.00,100.00,360.00,5.00,0.00,30.06,M,0.43,M,VV ,M,M,M,100.00,M,M,M,FG,M,M,M,M,M,M,50.00,FAGG 180400Z 36005KT 0700 R29/0750U FG VV001 10/10 Q1018,M
FAGG,2026-07-18 04:04,50.00,50.00,100.00,360.00,3.00,0.00,30.06,M,0.68,M,BKN,M,M,M,100.00,M,M,M,BR,M,M,M,M,M,M,50.00,FAGG 180404Z 36003KT 1100 R29/1500U BR BKN001 10/10 Q1018,M
FAGG,2026-07-18 04:15,50.00,50.00,100.00,M,1.00,0.00,30.03,M,0.37,M,VV ,M,M,M,100.00,M,M,M,FG,M,M,M,M,M,M,50.00,FAGG 180415Z VRB01KT 0600 R29/0650D FG VV001 10/10 Q1017,M
FAGG,2026-07-18 05:00,48.20,48.20,100.00,M,1.00,0.00,30.03,M,0.43,M,VV ,M,M,M,100.00,M,M,M,FG,M,M,M,M,M,M,48.20,FAGG 180500Z VRB01KT 0700 R29/0550D FG VV001 09/09 Q1017,M
FAGG,2026-07-18 05:01,48.20,48.20,100.00,0.00,0.00,0.00,30.03,M,0.87,M,SCT,M,M,M,200.00,M,M,M,BR,M,M,M,M,M,M,48.20,FAGG 180501Z 00000KT 1400 R29/1300U BR SCT002 09/09 Q1017,M
FAGG,2026-07-18 05:09,48.20,48.20,100.00,M,1.00,0.00,30.03,M,1.80,M,FEW,M,M,M,300.00,M,M,M,BR,M,M,M,M,M,M,48.20,FAGG 180509Z VRB01KT 2900 R29/1200D BR FEW003 09/09 Q1017,M
FAGG,2026-07-18 05:44,46.40,46.40,100.00,M,1.00,0.00,30.06,M,2.17,M,FEW,M,M,M,300.00,M,M,M,BR,M,M,M,M,M,M,46.40,FAGG 180544Z VRB01KT 3500 BR FEW003 08/08 Q1018,M
FAGG,2026-07-18 05:53,46.40,46.40,100.00,0.00,0.00,0.00,30.06,M,3.11,M,FEW,M,M,M,300.00,M,M,M,BR,M,M,M,M,M,M,46.40,FAGG 180553Z 00000KT 5000 BR FEW003 08/08 Q1018,M
FAGG,2026-07-18 06:00,46.40,46.40,100.00,0.00,0.00,0.00,30.06,M,3.11,M,FEW,M,M,M,300.00,M,M,M,BR,M,M,M,M,M,M,46.40,FAGG 180600Z 00000KT 5000 BR FEW003 08/08 Q1018,M
FAGG,2026-07-18 06:20,50.00,50.00,100.00,M,1.00,0.00,30.06,M,1.86,M,SCT,M,M,M,100.00,M,M,M,BR,M,M,M,M,M,M,50.00,FAGG 180620Z VRB01KT 3000 R29/0175D BR SCT001 10/10 Q1018,M
FAGG,2026-07-18 06:21,50.00,50.00,100.00,40.00,1.00,0.00,30.06,M,0.93,M,SCT,M,M,M,100.00,M,M,M,BR,M,M,M,M,M,M,50.00,FAGG 180621Z 04001KT 1500 R29/0175D BR SCT001 10/10 Q1018,M
FAGG,2026-07-18 06:22,50.00,50.00,100.00,40.00,1.00,0.00,30.06,M,0.50,M,VV ,M,M,M,100.00,M,M,M,FG,M,M,M,M,M,M,50.00,FAGG 180622Z 04001KT 0800 R29/0175D FG VV001 10/10 Q1018,M
FAGG,2026-07-18 06:23,50.00,50.00,100.00,40.00,1.00,0.00,30.06,M,0.19,M,VV ,M,M,M,100.00,M,M,M,FG,M,M,M,M,M,M,50.00,FAGG 180623Z 04001KT 0300 R29/0175D FG VV001 10/10 Q1018,M
FAGG,2026-07-18 06:54,50.00,50.00,100.00,20.00,3.00,0.00,30.06,M,0.68,M,SCT,M,M,M,100.00,M,M,M,BR,M,M,M,M,M,M,50.00,FAGG 180654Z 02003KT 1100 R29/0400U BR SCT001 10/10 Q1018,M
FAGG,2026-07-18 06:56,50.00,50.00,100.00,20.00,3.00,0.00,30.06,M,1.80,M,SCT,M,M,M,100.00,M,M,M,BR,M,M,M,M,M,M,50.00,FAGG 180656Z 02003KT 2900 R29/1100U BR SCT001 10/10 Q1018,M
FAGG,2026-07-18 06:58,50.00,50.00,100.00,M,2.00,0.00,30.06,M,2.36,M,SCT,M,M,M,100.00,M,M,M,BR,M,M,M,M,M,M,50.00,FAGG 180658Z VRB02KT 3800 BR SCT001 10/10 Q1018,M
FAGG,2026-07-18 07:00,50.00,50.00,100.00,M,2.00,0.00,30.06,M,2.42,M,SCT,M,M,M,100.00,M,M,M,BR,M,M,M,M,M,M,50.00,FAGG 180700Z VRB02KT 3900 BR SCT001 10/10 Q1018,M
FAGG,2026-07-18 07:09,51.80,51.80,100.00,M,1.00,0.00,30.06,M,3.11,M,FEW,SCT,M,M,100.00,200.00,M,M,BR,M,M,M,M,M,M,51.80,FAGG 180709Z VRB01KT 5000 BR FEW001 SCT002 11/11 Q1018,M
FAGG,2026-07-18 07:40,53.60,53.60,100.00,M,2.00,0.00,30.06,M,6.21,M,FEW,SCT,BKN,M,100.00,300.00,500.00,M,M,M,M,M,M,M,M,53.60,FAGG 180740Z VRB02KT 9999 FEW001 SCT003 BKN005 12/12 Q1018,M
FAGG,2026-07-18 07:44,53.60,53.60,100.00,M,2.00,0.00,30.06,M,6.21,M,FEW,BKN,M,M,100.00,300.00,M,M,M,M,M,M,M,M,M,53.60,FAGG 180744Z VRB02KT 9999 FEW001 BKN003 12/12 Q1018,M
FAGG,2026-07-18 07:53,53.60,53.60,100.00,220.00,3.00,0.00,30.06,M,6.21,M,BKN,M,M,M,200.00,M,M,M,M,M,M,M,M,M,M,53.60,FAGG 180753Z 22003KT 170V300 9999 BKN002 12/12 Q1018,M
FAGG,2026-07-18 08:00,53.60,53.60,100.00,220.00,3.00,0.00,30.06,M,6.21,M,BKN,M,M,M,200.00,M,M,M,M,M,M,M,M,M,M,53.60,FAGG 180800Z 22003KT 170V300 9999 BKN002 12/12 Q1018,M
FAGG,2026-07-18 08:06,53.60,53.60,100.00,210.00,3.00,0.00,30.06,M,1.86,M,BKN,OVC,M,M,200.00,500.00,M,M,BR,M,M,M,M,M,M,53.60,FAGG 180806Z 21003KT 170V240 3000 BR BKN002 OVC005 12/12 Q1018,M
FAGG,2026-07-18 08:37,53.60,53.60,100.00,190.00,4.00,0.00,30.09,M,3.11,M,BKN,OVC,M,M,200.00,500.00,M,M,BR,M,M,M,M,M,M,53.60,FAGG 180837Z 19004KT 160V260 5000 BR BKN002 OVC005 12/12 Q1019,M
FAGG,2026-07-18 09:00,53.60,53.60,100.00,M,2.00,0.00,30.09,M,6.21,M,BKN,OVC,M,M,200.00,500.00,M,M,M,M,M,M,M,M,M,53.60,FAGG 180900Z VRB02KT 9999 BKN002 OVC005 12/12 Q1019,M
FAGG,2026-07-18 09:07,53.60,53.60,100.00,M,2.00,0.00,30.06,M,6.21,M,OVC,M,M,M,300.00,M,M,M,M,M,M,M,M,M,M,53.60,FAGG 180907Z VRB02KT 9999 OVC003 12/12 Q1018,M
FAGG,2026-07-18 09:23,55.40,53.60,93.65,M,1.00,0.00,30.06,M,6.21,M,BKN,M,M,M,500.00,M,M,M,M,M,M,M,M,M,M,55.40,FAGG 180923Z VRB01KT 9999 BKN005 13/12 Q1018,M
FAGG,2026-07-18 10:00,55.40,53.60,93.65,180.00,4.00,0.00,30.06,M,6.21,M,BKN,M,M,M,600.00,M,M,M,M,M,M,M,M,M,M,55.40,FAGG 181000Z 18004KT 140V230 9999 BKN006 13/12 Q1018,M
FAGG,2026-07-18 10:41,57.20,55.40,93.70,210.00,3.00,0.00,30.06,M,6.21,M,FEW,SCT,M,M,600.00,900.00,M,M,M,M,M,M,M,M,M,57.20,FAGG 181041Z 21003KT 180V260 9999 FEW006 SCT009 14/13 Q1018,M
FAGG,2026-07-18 11:00,57.20,55.40,93.70,200.00,4.00,0.00,30.06,M,6.21,M,FEW,SCT,M,M,600.00,900.00,M,M,M,M,M,M,M,M,M,57.20,FAGG 181100Z 20004KT 150V280 9999 FEW006 SCT009 14/13 Q1018,M
FAGG,2026-07-18 12:00,57.20,53.60,87.75,200.00,5.00,0.00,30.03,M,6.21,M,SCT,SCT,M,M,700.00,1000.00,M,M,M,M,M,M,M,M,M,57.20,FAGG 181200Z 20005KT 160V230 9999 SCT007 SCT010 14/12 Q1017,M
FAGG,2026-07-18 13:00,57.20,53.60,87.75,190.00,5.00,0.00,30.03,M,6.21,M,SCT,M,M,M,800.00,M,M,M,M,M,M,M,M,M,M,57.20,FAGG 181300Z 19005KT 160V220 9999 SCT008 14/12 Q1017,M
FAGG,2026-07-18 14:00,57.20,53.60,87.75,140.00,4.00,0.00,30.03,M,6.21,M,SCT,M,M,M,800.00,M,M,M,M,M,M,M,M,M,M,57.20,FAGG 181400Z 14004KT 110V170 9999 SCT008 14/12 Q1017,M
FAGG,2026-07-18 14:17,57.20,53.60,87.75,150.00,4.00,0.00,30.03,M,6.21,M,BKN,M,M,M,800.00,M,M,M,M,M,M,M,M,M,M,57.20,FAGG 181417Z 15004KT 9999 BKN008 14/12 Q1017,M
FAGG,2026-07-18 15:00,57.20,53.60,87.75,160.00,3.00,0.00,30.03,M,6.21,M,OVC,M,M,M,900.00,M,M,M,M,M,M,M,M,M,M,57.20,FAGG 181500Z 16003KT 100V200 9999 OVC009 14/12 Q1017,M
FAGG,2026-07-18 16:00,57.20,53.60,87.75,0.00,0.00,0.00,30.03,M,6.21,M,OVC,M,M,M,900.00,M,M,M,M,M,M,M,M,M,M,57.20,FAGG 181600Z 00000KT 9999 OVC009 14/12 Q1017,M
FAGG,2026-07-18 17:00,55.40,53.60,93.65,M,1.00,0.00,30.03,M,6.21,M,OVC,M,M,M,700.00,M,M,M,M,M,M,M,M,M,M,55.40,FAGG 181700Z VRB01KT 9999 OVC007 13/12 Q1017,M
FAGG,2026-07-18 18:00,55.40,53.60,93.65,M,2.00,0.00,30.03,M,6.21,M,OVC,M,M,M,700.00,M,M,M,M,M,M,M,M,M,M,55.40,FAGG 181800Z VRB02KT 9999 OVC007 13/12 Q1017,M
FAGG,2026-07-18 19:00,55.40,53.60,93.65,M,2.00,0.00,30.03,M,6.21,M,OVC,M,M,M,500.00,M,M,M,M,M,M,M,M,M,M,55.40,FAGG 181900Z AUTO VRB02KT 9999 OVC005/// 13/12 Q1017,M
FAGG,2026-07-18 20:00,55.40,53.60,93.65,0.00,0.00,0.00,30.03,M,6.21,M,OVC,M,M,M,500.00,M,M,M,M,M,M,M,M,M,M,55.40,FAGG 182000Z AUTO 00000KT 9999 OVC005/// 13/12 Q1017,M
FAGG,2026-07-18 20:03,55.40,53.60,93.65,M,2.00,0.00,30.03,M,6.21,M,OVC,M,M,M,400.00,M,M,M,M,M,M,M,M,M,M,55.40,FAGG 182003Z AUTO VRB02KT 9999 OVC004/// 13/12 Q1017,M
FAGG,2026-07-18 20:35,55.40,53.60,93.65,360.00,3.00,0.00,30.03,M,6.21,M,OVC,M,M,M,500.00,M,M,M,M,M,M,M,M,M,M,55.40,FAGG 182035Z AUTO 36003KT 9999 OVC005/// 13/12 Q1017,M
FAGG,2026-07-18 21:00,55.40,53.60,93.65,350.00,3.00,0.00,30.03,M,6.21,M,OVC,M,M,M,500.00,M,M,M,M,M,M,M,M,M,M,55.40,FAGG 182100Z AUTO 35003KT 9999 OVC005/// 13/12 Q1017,M
FAGG,2026-07-18 21:24,55.40,53.60,93.65,330.00,3.00,0.00,30.03,M,6.21,M,OVC,M,M,M,400.00,M,M,M,M,M,M,M,M,M,M,55.40,FAGG 182124Z AUTO 33003KT 310V010 9999 OVC004/// 13/12 Q1017,M
FAGG,2026-07-18 21:35,55.40,53.60,93.65,310.00,3.00,0.00,30.03,M,6.21,M,OVC,M,M,M,500.00,M,M,M,M,M,M,M,M,M,M,55.40,FAGG 182135Z AUTO 31003KT 270V350 9999 OVC005/// 13/12 Q1017,M
FAGG,2026-07-18 21:38,55.40,53.60,93.65,310.00,3.00,0.00,30.03,M,6.21,M,OVC,M,M,M,400.00,M,M,M,M,M,M,M,M,M,M,55.40,FAGG 182138Z AUTO 31003KT 270V340 9999 OVC004/// 13/12 Q1017,M
FAGG,2026-07-18 22:00,55.40,53.60,93.65,330.00,3.00,0.00,30.03,M,5.59,M,OVC,M,M,M,400.00,M,M,M,M,M,M,M,M,M,M,55.40,FAGG 182200Z AUTO 33003KT 310V010 9000 OVC004/// 13/12 Q1017,M
FAGG,2026-07-18 22:27,55.40,53.60,93.65,250.00,3.00,0.00,30.03,M,6.21,M,BKN,OVC,M,M,400.00,800.00,M,M,M,M,M,M,M,M,M,55.40,FAGG 182227Z AUTO 25003KT 220V290 9999 BKN004/// OVC008/// 13/12 Q1017,M
FAGG,2026-07-18 22:46,55.40,51.80,87.65,300.00,4.00,0.00,30.03,M,6.21,M,FEW,SCT,OVC,M,400.00,600.00,800.00,M,M,M,M,M,M,M,M,55.40,FAGG 182246Z AUTO 30004KT 9999 FEW004/// SCT006/// OVC008/// 13/11 Q1017,M
FAGG,2026-07-18 23:00,55.40,51.80,87.65,300.00,4.00,0.00,30.03,M,6.21,M,SCT,OVC,M,M,600.00,800.00,M,M,M,M,M,M,M,M,M,55.40,FAGG 182300Z AUTO 30004KT 9999 SCT006/// OVC008/// 13/11 Q1017,M
FAGG,2026-07-18 23:15,55.40,51.80,87.65,320.00,5.00,0.00,30.00,M,6.21,M,SCT,OVC,M,M,900.00,1100.00,M,M,M,M,M,M,M,M,M,55.40,FAGG 182315Z AUTO 32005KT 9999 SCT009/// OVC011/// 13/11 Q1016,M
FAGG,2026-07-19 00:00,53.60,51.80,93.60,320.00,6.00,0.00,30.00,M,6.21,M,OVC,M,M,M,1200.00,M,M,M,M,M,M,M,M,M,M,53.60,FAGG 190000Z AUTO 32006KT 9999 OVC012/// 12/11 Q1016,M
FAGG,2026-07-19 01:00,53.60,51.80,93.60,330.00,5.00,0.00,30.00,M,6.21,M,OVC,M,M,M,1400.00,M,M,M,M,M,M,M,M,M,M,53.60,FAGG 190100Z AUTO 33005KT 9999 OVC014/// 12/11 Q1016,M
FAGG,2026-07-19 01:14,53.60,51.80,93.60,340.00,4.00,0.00,30.00,M,6.21,M,OVC,M,M,M,1500.00,M,M,M,M,M,M,M,M,M,M,53.60,FAGG 190114Z AUTO 34004KT 9999 OVC015/// 12/11 Q1016,M
FAGG,2026-07-19 02:00,53.60,51.80,93.60,340.00,4.00,0.00,30.00,M,6.21,M,OVC,M,M,M,1600.00,M,M,M,M,M,M,M,M,M,M,53.60,FAGG 190200Z AUTO 34004KT 9999 OVC016/// 12/11 Q1016,M
FAGG,2026-07-19 03:00,53.60,50.00,87.56,340.00,6.00,0.00,30.00,M,6.21,M,OVC,M,M,M,1900.00,M,M,M,M,M,M,M,M,M,M,53.60,FAGG 190300Z 34006KT 9999 OVC019 12/10 Q1016,M
FAGG,2026-07-19 04:00,53.60,50.00,87.56,330.00,5.00,0.00,30.00,M,6.21,M,OVC,M,M,M,2000.00,M,M,M,M,M,M,M,M,M,M,53.60,FAGG 190400Z 33005KT 9999 OVC020 12/10 Q1016,M
FAGG,2026-07-19 05:00,53.60,50.00,87.56,330.00,3.00,0.00,30.00,M,6.21,M,BKN,M,M,M,2000.00,M,M,M,M,M,M,M,M,M,M,53.60,FAGG 190500Z 33003KT 9999 BKN020 12/10 Q1016,M
FAGG,2026-07-19 06:00,53.60,48.20,81.87,320.00,3.00,0.00,30.00,M,6.21,M,FEW,M,M,M,2300.00,M,M,M,M,M,M,M,M,M,M,53.60,FAGG 190600Z 32003KT 9999 FEW023 12/09 Q1016,M
FAGG,2026-07-19 07:00,53.60,50.00,87.56,310.00,4.00,0.00,30.03,M,6.21,M,FEW,M,M,M,2000.00,M,M,M,M,M,M,M,M,M,M,53.60,FAGG 190700Z 31004KT 9999 FEW020 12/10 Q1017,M
FAGG,2026-07-19 07:17,57.20,50.00,76.83,310.00,4.00,0.00,30.03,M,6.21,M,FEW,M,M,M,2000.00,M,M,M,M,M,M,M,M,M,M,57.20,COR FAGG 190717Z 31004KT 9999 FEW020 14/10 Q1017,M
FAGG,2026-07-19 08:00,59.00,50.00,72.02,320.00,6.00,0.00,30.03,M,6.21,M,FEW,M,M,M,2000.00,M,M,M,M,M,M,M,M,M,M,59.00,FAGG 190800Z 32006KT 300V360 9999 FEW020 15/10 Q1017,M
FAGG,2026-07-19 09:00,60.80,48.20,63.16,280.00,6.00,0.00,30.03,M,6.21,M,FEW,M,M,M,2000.00,M,M,M,M,M,M,M,M,M,M,60.80,FAGG 190900Z 28006KT 230V320 9999 FEW020 16/09 Q1017,M
FAGG,2026-07-19 10:00,62.60,48.20,59.27,330.00,6.00,0.00,30.03,M,6.21,M,FEW,M,M,M,2500.00,M,M,M,M,M,M,M,M,M,M,62.60,FAGG 191000Z 33006KT 290V350 9999 FEW025 17/09 Q1017,M
FAGG,2026-07-19 11:00,64.40,48.20,55.65,280.00,6.00,0.00,30.00,M,6.21,M,BKN,M,M,M,3500.00,M,M,M,M,M,M,M,M,M,M,64.40,FAGG 191100Z 28006KT 240V320 9999 BKN035 18/09 Q1016,M
FAGG,2026-07-19 12:00,66.20,50.00,55.91,260.00,9.00,0.00,29.97,M,6.21,M,SCT,BKN,M,M,3300.00,4300.00,M,M,M,M,M,M,M,M,M,66.20,FAGG 191200Z 26009KT 230V300 9999 SCT033 BKN043 19/10 Q1015,M
FAGG,2026-07-19 13:00,59.00,53.60,82.26,190.00,4.00,0.00,29.97,M,6.21,M,FEW,SCT,BKN,M,1600.00,3200.00,3800.00,M,-RA,M,M,M,M,M,M,59.00,FAGG 191300Z 19004KT 150V210 9999 -RA FEW016 SCT032 BKN038 15/12 Q1015,M
FAGG,2026-07-19 14:00,60.80,53.60,77.15,270.00,7.00,0.00,29.97,M,6.21,M,FEW,SCT,BKN,M,1900.00,3500.00,4300.00,M,M,M,M,M,M,M,M,60.80,FAGG 191400Z 27007KT 9999 FEW019 SCT035 BKN043 16/12 Q1015,M
FAGG,2026-07-19 15:00,57.20,55.40,93.70,210.00,9.00,0.00,30.00,M,6.21,M,FEW,SCT,BKN,M,800.00,1100.00,1700.00,M,M,M,M,M,M,M,M,57.20,FAGG 191500Z 21009KT 9999 FEW008 SCT011 BKN017 14/13 Q1016,M
FAGG,2026-07-19 16:00,57.20,53.60,87.75,240.00,9.00,0.00,30.00,M,6.21,M,FEW,SCT,BKN,M,1200.00,1400.00,2200.00,M,M,M,M,M,M,M,M,57.20,FAGG 191600Z 24009KT 9999 FEW012 SCT014 BKN022 14/12 Q1016,M
FAGG,2026-07-19 17:00,57.20,53.60,87.75,240.00,10.00,0.00,30.03,M,6.21,M,FEW,SCT,BKN,M,1300.00,1700.00,4500.00,M,M,M,M,M,M,M,M,57.20,FAGG 191700Z 24010KT 220V280 9999 FEW013 SCT017 BKN045 14/12 Q1017,M
FAGG,2026-07-19 18:00,57.20,51.80,82.13,230.00,10.00,0.00,30.06,M,6.21,M,SCT,BKN,M,M,2000.00,2600.00,M,M,M,M,M,M,M,M,M,57.20,FAGG 191800Z 23010KT 9999 SCT020 BKN026 14/11 Q1018,M
FAGG,2026-07-19 19:00,57.20,51.80,82.13,260.00,7.00,0.00,30.09,M,6.21,M,FEW,BKN,OVC,M,2100.00,2700.00,4100.00,M,M,M,M,M,M,M,M,57.20,FAGG 191900Z AUTO 26007KT 9999 FEW021/// BKN027/// OVC041/// 14/11 Q1019,M
FAGG,2026-07-19 20:00,55.40,51.80,87.65,290.00,7.00,0.00,30.09,M,6.21,M,FEW,BKN,M,M,2100.00,4200.00,M,M,M,M,M,M,M,M,M,55.40,FAGG 192000Z AUTO 29007KT 9999 FEW021/// BKN042/// 13/11 Q1019,M
FAGG,2026-07-19 21:00,53.60,50.00,87.56,290.00,7.00,0.00,30.09,M,6.21,M,FEW,SCT,M,M,2300.00,3700.00,M,M,M,M,M,M,M,M,M,53.60,FAGG 192100Z AUTO 29007KT 9999 FEW023/// SCT037/// 12/10 Q1019,M
FAGG,2026-07-19 22:00,51.80,48.20,87.47,290.00,6.00,0.00,30.09,M,6.21,M,FEW,M,M,M,4600.00,M,M,M,M,M,M,M,M,M,M,51.80,FAGG 192200Z AUTO 29006KT 9999 FEW046/// 11/09 Q1019,M
FAGG,2026-07-19 23:00,50.00,48.20,93.50,300.00,5.00,0.00,30.09,M,6.21,M,M,M,M,M,M,M,M,M,M,M,M,M,M,M,M,50.00,FAGG 192300Z AUTO 30005KT CAVOK 10/09 Q1019,M
FAGG,2026-07-20 00:00,50.00,46.40,87.37,290.00,5.00,0.00,30.06,M,6.21,M,M,M,M,M,M,M,M,M,M,M,M,M,M,M,M,50.00,FAGG 200000Z AUTO 29005KT CAVOK 10/08 Q1018,M
FAGG,2026-07-20 01:00,50.00,44.60,81.60,300.00,5.00,0.00,30.06,M,6.21,M,M,M,M,M,M,M,M,M,M,M,M,M,M,M,M,50.00,FAGG 200100Z AUTO 30005KT CAVOK 10/07 Q1018,M
FAGG,2026-07-20 02:00,50.00,44.60,81.60,290.00,4.00,0.00,30.06,M,6.21,M,M,M,M,M,M,M,M,M,M,M,M,M,M,M,M,50.00,FAGG 200200Z AUTO 29004KT CAVOK 10/07 Q1018,M
FAGG,2026-07-20 03:00,48.20,44.60,87.28,0.00,0.00,0.00,30.06,M,6.21,M,M,M,M,M,M,M,M,M,M,M,M,M,M,M,M,48.20,FAGG 200300Z 00000KT CAVOK 09/07 Q1018,M
FAGG,2026-07-20 04:00,46.40,42.80,87.18,310.00,5.00,0.00,30.06,M,6.21,M,M,M,M,M,M,M,M,M,M,M,M,M,M,M,M,43.50,FAGG 200400Z 31005KT CAVOK 08/06 Q1018,M
FAGG,2026-07-20 05:00,46.40,42.80,87.18,320.00,5.00,0.00,30.06,M,6.21,M,M,M,M,M,M,M,M,M,M,M,M,M,M,M,M,43.50,FAGG 200500Z 32005KT CAVOK 08/06 Q1018,M
FAGG,2026-07-20 06:00,46.40,42.80,87.18,320.00,4.00,0.00,30.06,M,6.21,M,FEW,M,M,M,3500.00,M,M,M,M,M,M,M,M,M,M,44.24,FAGG 200600Z 32004KT 9999 FEW035 08/06 Q1018,M
FAGG,2026-07-20 06:23,50.00,44.60,81.60,310.00,4.00,0.00,30.06,M,6.21,M,FEW,M,M,M,3500.00,M,M,M,M,M,M,M,M,M,M,50.00,FAGG 200623Z 31004KT 9999 FEW035 10/07 Q1018,M
FAGG,2026-07-20 06:50,53.60,48.20,81.87,320.00,3.00,0.00,30.06,M,6.21,M,FEW,M,M,M,3500.00,M,M,M,M,M,M,M,M,M,M,53.60,FAGG 200650Z 32003KT 290V360 9999 FEW035 12/09 Q1018,M
FAGG,2026-07-20 07:00,53.60,48.20,81.87,320.00,3.00,0.00,30.06,M,6.21,M,FEW,M,M,M,3500.00,M,M,M,M,M,M,M,M,M,M,53.60,FAGG 200700Z 32003KT 290V360 9999 FEW035 12/09 Q1018,M
FAGG,2026-07-20 07:29,57.20,50.00,76.83,300.00,3.00,0.00,30.09,M,6.21,M,M,M,M,M,M,M,M,M,M,M,M,M,M,M,M,57.20,FAGG 200729Z 30003KT 270V330 CAVOK 14/10 Q1019,M
FAGG,2026-07-20 08:00,59.00,48.20,67.34,290.00,5.00,0.00,30.09,M,6.21,M,FEW,M,M,M,3000.00,M,M,M,M,M,M,M,M,M,M,59.00,FAGG 200800Z 29005KT 9999 FEW030 15/09 Q1019,M
FAGG,2026-07-20 09:00,60.80,50.00,67.55,240.00,5.00,0.00,30.06,M,6.21,M,FEW,M,M,M,3500.00,M,M,M,M,M,M,M,M,M,M,60.80,FAGG 200900Z 24005KT 210V290 9999 FEW035 16/10 Q1018,M
FAGG,2026-07-20 10:00,60.80,48.20,63.16,210.00,5.00,0.00,30.03,M,6.21,M,FEW,M,M,M,2500.00,M,M,M,M,M,M,M,M,M,M,60.80,FAGG 201000Z 21005KT 170V250 9999 FEW025 16/09 Q1017,M
FAGG,2026-07-20 11:00,60.80,48.20,63.16,M,3.00,0.00,30.00,M,6.21,M,FEW,M,M,M,2500.00,M,M,M,M,M,M,M,M,M,M,60.80,FAGG 201100Z VRB03KT 9999 FEW025 16/09 Q1016,M
FAGG,2026-07-20 12:00,62.60,50.00,63.39,190.00,4.00,0.00,30.00,M,6.21,M,FEW,M,M,M,2500.00,M,M,M,M,M,M,M,M,M,M,62.60,FAGG 201200Z 19004KT 140V230 9999 FEW025 17/10 Q1016,M
FAGG,2026-07-20 13:00,60.80,50.00,67.55,160.00,6.00,0.00,29.97,M,6.21,M,M,M,M,M,M,M,M,M,M,M,M,M,M,M,M,60.80,FAGG 201300Z 16006KT 120V180 CAVOK 16/10 Q1015,M
FAGG,2026-07-20 14:00,59.00,50.00,72.02,150.00,5.00,0.00,29.97,M,6.21,M,FEW,M,M,M,3000.00,M,M,M,M,M,M,M,M,M,M,59.00,FAGG 201400Z 15005KT 110V190 9999 FEW030 15/10 Q1015,M
FAGG,2026-07-20 15:00,59.00,50.00,72.02,140.00,3.00,0.00,30.00,M,6.21,M,FEW,M,M,M,3000.00,M,M,M,M,M,M,M,M,M,M,59.00,FAGG 201500Z 14003KT 9999 FEW030 15/10 Q1016,M
FAGG,2026-07-20 16:00,55.40,50.00,82.00,M,2.00,0.00,30.00,M,6.21,M,FEW,M,M,M,2000.00,M,M,M,M,M,M,M,M,M,M,55.40,FAGG 201600Z VRB02KT 9999 FEW020 13/10 Q1016,M
FAGG,2026-07-20 17:00,53.60,50.00,87.56,0.00,0.00,0.00,30.03,M,6.21,M,BKN,M,M,M,2500.00,M,M,M,M,M,M,M,M,M,M,53.60,FAGG 201700Z 00000KT 9999 BKN025 12/10 Q1017,M
FAGG,2026-07-20 18:00,53.60,50.00,87.56,310.00,3.00,0.00,30.03,M,6.21,M,SCT,M,M,M,2500.00,M,M,M,M,M,M,M,M,M,M,53.60,FAGG 201800Z 31003KT 9999 SCT025 12/10 Q1017,M
FAGG,2026-07-20 19:00,51.80,50.00,93.55,310.00,3.00,0.00,30.06,M,6.21,M,BKN,M,M,M,2700.00,M,M,M,M,M,M,M,M,M,M,51.80,FAGG 201900Z AUTO 31003KT 9999 BKN027/// 11/10 Q1018,M
FAGG,2026-07-20 20:00,53.60,50.00,87.56,330.00,5.00,0.00,30.06,M,6.21,M,OVC,M,M,M,3200.00,M,M,M,M,M,M,M,M,M,M,53.60,FAGG 202000Z AUTO 33005KT 9999 OVC032/// 12/10 Q1018,M
FAGG,2026-07-20 21:00,51.80,50.00,93.55,320.00,3.00,0.00,30.06,M,6.21,M,FEW,OVC,M,M,1700.00,3800.00,M,M,M,M,M,M,M,M,M,51.80,FAGG 202100Z AUTO 32003KT 9999 FEW017/// OVC038/// 11/10 Q1018,M
FAGG,2026-07-20 22:00,53.60,50.00,87.56,340.00,4.00,0.00,30.06,M,6.21,M,FEW,M,M,M,4200.00,M,M,M,M,M,M,M,M,M,M,53.60,FAGG 202200Z AUTO 34004KT 9999 FEW042/// 12/10 Q1018,M
FAGG,2026-07-20 23:00,51.80,48.20,87.47,350.00,4.00,0.00,30.06,M,6.21,M,M,M,M,M,M,M,M,M,M,M,M,M,M,M,M,51.80,FAGG 202300Z AUTO 35004KT CAVOK 11/09 Q1018,M
FAGG,2026-07-21 00:00,50.00,46.40,87.37,320.00,2.00,0.00,30.06,M,6.21,M,M,M,M,M,M,M,M,M,M,M,M,M,M,M,M,50.00,FAGG 210000Z AUTO 32002KT CAVOK 10/08 Q1018,M
FAGG,2026-07-21 01:00,46.40,44.60,93.40,320.00,3.00,0.00,30.06,M,6.21,M,M,M,M,M,M,M,M,M,M,M,M,M,M,M,M,45.15,FAGG 210100Z AUTO 32003KT 270V340 CAVOK 08/07 Q1018,M
FAGG,2026-07-21 02:00,48.20,44.60,87.28,330.00,4.00,0.00,30.06,M,6.21,M,BKN,M,M,M,3500.00,M,M,M,M,M,M,M,M,M,M,46.34,FAGG 210200Z AUTO 33004KT 9999 BKN035/// 09/07 Q1018,M
FAGG,2026-07-21 03:00,48.20,44.60,87.28,340.00,3.00,0.00,30.06,M,6.21,M,FEW,M,M,M,3200.00,M,M,M,M,M,M,M,M,M,M,47.21,FAGG 210300Z 34003KT 9999 FEW032 09/07 Q1018,M
FAGG,2026-07-21 04:00,48.20,44.60,87.28,M,2.00,0.00,30.06,M,6.21,M,SCT,BKN,M,M,1800.00,3400.00,M,M,M,M,M,M,M,M,M,48.20,FAGG 210400Z VRB02KT 9999 SCT018 BKN034 09/07 Q1018,M
FAGG,2026-07-21 05:00,48.20,46.40,93.45,330.00,3.00,0.00,30.06,M,6.21,M,FEW,BKN,M,M,1800.00,3300.00,M,M,M,M,M,M,M,M,M,47.21,FAGG 210500Z 33003KT 9999 FEW018 BKN033 09/08 Q1018,M
FAGG,2026-07-21 06:00,50.00,48.20,93.50,350.00,2.00,0.00,30.06,M,6.21,M,FEW,BKN,M,M,1800.00,3400.00,M,M,M,M,M,M,M,M,M,50.00,FAGG 210600Z 35002KT 9999 FEW018 BKN034 10/09 Q1018,M
FAGG,2026-07-21 06:50,55.40,50.00,82.00,340.00,3.00,0.00,30.09,M,6.21,M,FEW,M,M,M,3500.00,M,M,M,M,M,M,M,M,M,M,55.40,FAGG 210650Z 34003KT 9999 FEW035 13/10 Q1019,M
FAGG,2026-07-21 07:00,55.40,50.00,82.00,340.00,3.00,0.00,30.09,M,6.21,M,FEW,M,M,M,3500.00,M,M,M,M,M,M,M,M,M,M,55.40,FAGG 210700Z 34003KT 9999 FEW035 13/10 Q1019,M
FAGG,2026-07-21 07:19,59.00,51.80,76.99,0.00,0.00,0.00,30.09,M,6.21,M,FEW,M,M,M,3400.00,M,M,M,M,M,M,M,M,M,M,59.00,FAGG 210719Z 00000KT 9999 FEW034 15/11 Q1019,M
FAGG,2026-07-21 08:00,59.00,51.80,76.99,M,2.00,0.00,30.09,M,6.21,M,FEW,M,M,M,3400.00,M,M,M,M,M,M,M,M,M,M,59.00,FAGG 210800Z VRB02KT 9999 FEW034 15/11 Q1019,M
FAGG,2026-07-21 09:00,59.00,51.80,76.99,170.00,3.00,0.00,30.09,M,6.21,M,FEW,M,M,M,3000.00,M,M,M,M,M,M,M,M,M,M,59.00,FAGG 210900Z 17003KT 110V210 9999 FEW030 15/11 Q1019,M
FAGG,2026-07-21 09:14,62.60,51.80,67.76,M,2.00,0.00,30.09,M,6.21,M,FEW,M,M,M,1800.00,M,M,M,M,M,M,M,M,M,M,62.60,FAGG 210914Z VRB02KT 9999 FEW018 17/11 Q1019,M
FAGG,2026-07-21 10:00,59.00,51.80,76.99,190.00,5.00,0.00,30.09,M,6.21,M,FEW,SCT,M,M,1900.00,2600.00,M,M,M,M,M,M,M,M,M,59.00,FAGG 211000Z 19005KT 9999 FEW019 SCT026 15/11 Q1019,M
FAGG,2026-07-21 11:00,60.80,51.80,72.21,150.00,5.00,0.00,30.06,M,6.21,M,FEW,BKN,M,M,2000.00,3000.00,M,M,M,M,M,M,M,M,M,60.80,FAGG 211100Z 15005KT 120V180 9999 FEW020 BKN030 16/11 Q1018,M
FAGG,2026-07-21 12:00,59.00,51.80,76.99,180.00,6.00,0.00,30.06,M,6.21,M,FEW,SCT,M,M,1700.00,2700.00,M,M,M,M,M,M,M,M,M,59.00,FAGG 211200Z 18006KT 140V220 9999 FEW017 SCT027 15/11 Q1018,M
FAGG,2026-07-21 13:00,59.00,51.80,76.99,160.00,7.00,0.00,30.03,M,6.21,M,FEW,BKN,M,M,1500.00,2500.00,M,M,M,M,M,M,M,M,M,59.00,FAGG 211300Z 16007KT 9999 FEW015 BKN025 15/11 Q1017,M
FAGG,2026-07-21 14:00,59.00,53.60,82.26,140.00,7.00,0.00,30.03,M,6.21,M,FEW,SCT,M,M,1200.00,2400.00,M,M,M,M,M,M,M,M,M,59.00,FAGG 211400Z 14007KT 9999 FEW012 SCT024 15/12 Q1017,M
FAGG,2026-07-21 15:00,57.20,53.60,87.75,120.00,5.00,0.00,30.03,M,6.21,M,FEW,BKN,M,M,1500.00,2000.00,M,M,M,M,M,M,M,M,M,57.20,FAGG 211500Z 12005KT 9999 FEW015 BKN020 14/12 Q1017,M
FAGG,2026-07-21 16:00,57.20,53.60,87.75,110.00,5.00,0.00,30.06,M,6.21,M,SCT,BKN,M,M,1200.00,2300.00,M,M,M,M,M,M,M,M,M,57.20,FAGG 211600Z 11005KT 9999 SCT012 BKN023 14/12 Q1018,M
FAGG,2026-07-21 17:00,55.40,53.60,93.65,110.00,4.00,0.00,30.06,M,6.21,M,FEW,BKN,M,M,800.00,2500.00,M,M,M,M,M,M,M,M,M,55.40,FAGG 211700Z 11004KT 9999 FEW008 BKN025 13/12 Q1018,M
FAGG,2026-07-21 18:00,53.60,53.60,100.00,50.00,3.00,0.00,30.06,M,4.97,M,FEW,BKN,M,M,800.00,2500.00,M,M,M,M,M,M,M,M,M,53.60,FAGG 211800Z 05003KT 8000 FEW008 BKN025 12/12 Q1018,M
FAGG,2026-07-21 18:55,53.60,51.80,93.60,120.00,4.00,0.00,30.06,M,2.42,M,FEW,M,M,M,2200.00,M,M,M,BR,M,M,M,M,M,M,53.60,FAGG 211855Z AUTO 12004KT 3900 BR FEW022/// 12/11 Q1018,M
FAGG,2026-07-21 19:00,53.60,51.80,93.60,120.00,4.00,0.00,30.06,M,2.42,M,FEW,M,M,M,2200.00,M,M,M,BR,M,M,M,M,M,M,53.60,FAGG 211900Z AUTO 12004KT 3900 BR FEW022/// 12/11 Q1018,M
FAGG,2026-07-21 19:21,51.80,51.80,100.00,40.00,3.00,0.00,30.06,M,3.73,M,FEW,M,M,M,500.00,M,M,M,M,M,M,M,M,M,M,51.80,FAGG 211921Z AUTO 04003KT 6000 FEW005/// 11/11 Q1018,M
FAGG,2026-07-21 19:56,51.80,51.80,100.00,M,2.00,0.00,30.06,M,2.42,M,FEW,M,M,M,400.00,M,M,M,BCFG,M,M,M,M,M,M,51.80,FAGG 211956Z AUTO VRB02KT 3900 0650 BCFG FEW004/// 11/11 Q1018,M
FAGG,2026-07-21 20:00,51.80,51.80,100.00,M,2.00,0.00,30.06,M,2.42,M,FEW,M,M,M,400.00,M,M,M,BCFG,M,M,M,M,M,M,51.80,FAGG 212000Z AUTO VRB02KT 3900 0650 BCFG FEW004/// 11/11 Q1018,M
FAGG,2026-07-21 20:01,51.80,51.80,100.00,M,2.00,0.00,30.06,M,1.12,M,FEW,M,M,M,200.00,M,M,M,-RA BR,M,M,M,M,M,M,51.80,FAGG 212001Z AUTO VRB02KT 1800 0650 -RA BR FEW002/// 11/11 Q1018,M
FAGG,2026-07-21 20:03,51.80,51.80,100.00,50.00,2.00,0.00,30.06,M,0.87,M,FEW,M,M,M,300.00,M,M,M,-RA BCFG,M,M,M,M,M,M,51.80,FAGG 212003Z AUTO 05002KT 1400 0550 R29/1900D -RA BCFG FEW003/// 11/11 Q1018,M
FAGG,2026-07-21 20:16,51.80,50.00,93.55,340.00,3.00,0.00,30.06,M,1.30,M,SCT,M,M,M,300.00,M,M,M,-RA BR,M,M,M,M,M,M,51.80,FAGG 212016Z AUTO 34003KT 2100 0450 -RA BR SCT003/// 11/10 Q1018,M
FAGG,2026-07-21 20:28,50.00,48.20,93.50,330.00,3.00,0.00,30.06,M,5.59,M,FEW,M,M,M,200.00,M,M,M,BCFG,M,M,M,M,M,M,50.00,FAGG 212028Z AUTO 33003KT 9000 0500 BCFG FEW002/// 10/09 Q1018,M
FAGG,2026-07-21 20:37,48.20,48.20,100.00,340.00,3.00,0.00,30.06,M,0.37,M,FEW,M,M,M,300.00,M,M,M,FG,M,M,M,M,M,M,47.21,FAGG 212037Z AUTO 34003KT 0600 0550 R29/P2000N FG FEW003/// 09/09 Q1018,M
FAGG,2026-07-21 20:48,48.20,48.20,100.00,340.00,3.00,0.00,30.06,M,6.21,M,FEW,M,M,M,400.00,M,M,M,M,M,M,M,M,M,M,47.21,FAGG 212048Z AUTO 34003KT 9999 4000 FEW004/// 09/09 Q1018,M
FAGG,2026-07-21 21:00,48.20,48.20,100.00,360.00,3.00,0.00,30.06,M,6.21,M,FEW,M,M,M,400.00,M,M,M,M,M,M,M,M,M,M,47.21,FAGG 212100Z AUTO 36003KT 9999 1100 FEW004/// 09/09 Q1018,M
FAGG,2026-07-21 22:00,46.40,46.40,100.00,M,2.00,0.00,30.03,M,3.11,M,NCD,M,M,M,M,M,M,M,BR,M,M,M,M,M,M,46.40,FAGG 212200Z AUTO VRB02KT 5000 2200 BR NCD 08/08 Q1017,M
FAGG,2026-07-21 23:00,46.40,46.40,100.00,340.00,2.00,0.00,30.03,M,6.21,M,M,M,M,M,M,M,M,M,M,M,M,M,M,M,M,46.40,FAGG 212300Z AUTO 34002KT CAVOK 08/08 Q1017,M
FAGG,2026-07-22 00:00,46.40,46.40,100.00,360.00,3.00,0.00,30.00,M,6.21,M,M,M,M,M,M,M,M,M,M,M,M,M,M,M,M,45.15,FAGG 220000Z AUTO 36003KT CAVOK 08/08 Q1016,M
FAGG,2026-07-22 01:00,46.40,44.60,93.40,350.00,3.00,0.00,30.00,M,6.21,M,M,M,M,M,M,M,M,M,M,M,M,M,M,M,M,45.15,FAGG 220100Z AUTO 35003KT CAVOK 08/07 Q1016,M
FAGG,2026-07-22 02:00,46.40,44.60,93.40,310.00,2.00,0.00,30.00,M,6.21,M,M,M,M,M,M,M,M,M,M,M,M,M,M,M,M,46.40,FAGG 220200Z AUTO 31002KT CAVOK 08/07 Q1016,M
FAGG,2026-07-22 03:00,46.40,44.60,93.40,360.00,4.00,0.00,30.00,M,6.21,M,FEW,M,M,M,1200.00,M,M,M,M,M,M,M,M,M,M,44.24,FAGG 220300Z 36004KT 9999 FEW012 08/07 Q1016,M
FAGG,2026-07-22 04:00,44.60,42.80,93.35,340.00,3.00,0.00,30.00,M,6.21,M,FEW,M,M,M,1500.00,M,M,M,M,M,M,M,M,M,M,43.09,FAGG 220400Z 34003KT 9999 FEW015 07/06 Q1016,M
FAGG,2026-07-22 05:00,44.60,42.80,93.35,300.00,6.00,0.00,30.03,M,6.21,M,FEW,BKN,M,M,500.00,1500.00,M,M,M,M,M,M,M,M,M,40.71,FAGG 220500Z 30006KT 9999 FEW005 BKN015 07/06 Q1017,M
FAGG,2026-07-22 06:00,46.40,44.60,93.40,310.00,5.00,0.00,30.06,M,6.21,M,FEW,BKN,M,M,400.00,2000.00,M,M,M,M,M,M,M,M,M,43.50,FAGG 220600Z 31005KT 9999 FEW004 BKN020 08/07 Q1018,M
FAGG,2026-07-22 06:32,50.00,48.20,93.50,300.00,4.00,0.00,30.06,M,6.21,M,SCT,BKN,M,M,800.00,1200.00,M,M,M,M,M,M,M,M,M,50.00,FAGG 220632Z 30004KT 9999 SCT008 BKN012 10/09 Q1018,M
FAGG,2026-07-22 07:00,51.80,48.20,87.47,310.00,6.00,0.00,30.06,M,6.21,M,SCT,BKN,M,M,900.00,1200.00,M,M,M,M,M,M,M,M,M,51.80,FAGG 220700Z 31006KT 9999 SCT009 BKN012 11/09 Q1018,M
FAGG,2026-07-22 07:23,53.60,50.00,87.56,310.00,5.00,0.00,30.06,M,6.21,M,SCT,M,M,M,1200.00,M,M,M,M,M,M,M,M,M,M,53.60,FAGG 220723Z 31005KT 9999 SCT012 12/10 Q1018,M
FAGG,2026-07-22 08:00,55.40,51.80,87.65,290.00,3.00,0.00,30.06,M,6.21,M,SCT,M,M,M,1200.00,M,M,M,M,M,M,M,M,M,M,55.40,FAGG 220800Z 29003KT 260V320 9999 SCT012 13/11 Q1018,M
FAGG,2026-07-22 08:22,59.00,55.40,87.84,290.00,3.00,0.00,30.06,M,6.21,M,FEW,M,M,M,1000.00,M,M,M,M,M,M,M,M,M,M,59.00,FAGG 220822Z 29003KT 240V320 9999 FEW010 15/13 Q1018,M
FAGG,2026-07-22 09:00,59.00,53.60,82.26,250.00,3.00,0.00,30.06,M,6.21,M,FEW,M,M,M,1100.00,M,M,M,M,M,M,M,M,M,M,59.00,FAGG 220900Z 25003KT 200V360 9999 FEW011 15/12 Q1018,M
FAGG,2026-07-22 10:00,60.80,53.60,77.15,210.00,6.00,0.00,30.06,M,6.21,M,SCT,M,M,M,1300.00,M,M,M,M,M,M,M,M,M,M,60.80,FAGG 221000Z 21006KT 170V280 9999 SCT013 16/12 Q1018,M
FAGG,2026-07-22 11:00,60.80,53.60,77.15,230.00,6.00,0.00,30.06,M,6.21,M,FEW,M,M,M,1500.00,M,M,M,M,M,M,M,M,M,M,60.80,FAGG 221100Z 23006KT 9999 FEW015 16/12 Q1018,M
FAGG,2026-07-22 12:00,60.80,51.80,72.21,230.00,10.00,0.00,30.06,M,6.21,M,SCT,M,M,M,2500.00,M,M,M,M,M,M,M,M,M,M,60.80,FAGG 221200Z 23010KT 200V260 9999 SCT025 16/11 Q1018,M
FAGG,2026-07-22 12:51,59.00,53.60,82.26,210.00,8.00,0.00,30.06,M,6.21,M,BKN,M,M,M,800.00,M,M,M,M,M,M,M,M,M,M,59.00,FAGG 221251Z 21008KT 9999 BKN008 15/12 Q1018,M
FAGG,2026-07-22 13:00,59.00,53.60,82.26,220.00,8.00,0.00,30.06,M,6.21,M,BKN,M,M,M,800.00,M,M,M,M,M,M,M,M,M,M,59.00,FAGG 221300Z 22008KT 9999 BKN008 15/12 Q1018,M
FAGG,2026-07-22 13:24,59.00,53.60,82.26,210.00,7.00,0.00,30.06,M,6.21,M,FEW,BKN,M,M,800.00,1200.00,M,M,M,M,M,M,M,M,M,59.00,FAGG 221324Z 21007KT 9999 FEW008 BKN012 15/12 Q1018,M
FAGG,2026-07-22 13:54,57.20,51.80,82.13,230.00,11.00,0.00,30.06,M,6.21,M,SCT,M,M,M,1200.00,M,M,M,M,M,M,M,M,M,M,57.20,FAGG 221354Z 23011KT 9999 SCT012 14/11 Q1018,M
FAGG,2026-07-22 14:00,57.20,51.80,82.13,230.00,11.00,0.00,30.06,M,6.21,M,SCT,M,M,M,1200.00,M,M,M,M,M,M,M,M,M,M,57.20,FAGG 221400Z 23011KT 9999 SCT012 14/11 Q1018,M
FAGG,2026-07-22 15:00,55.40,51.80,87.65,220.00,8.00,0.00,30.06,M,6.21,M,FEW,M,M,M,1500.00,M,M,M,M,M,M,M,M,M,M,55.40,FAGG 221500Z 22008KT 9999 FEW015 13/11 Q1018,M
FAGG,2026-07-22 16:00,51.80,50.00,93.55,240.00,5.00,0.00,30.09,M,6.21,M,FEW,M,M,M,800.00,M,M,M,M,M,M,M,M,M,M,51.80,FAGG 221600Z 24005KT 9999 FEW008 11/10 Q1019,M
FAGG,2026-07-22 17:00,51.80,50.00,93.55,340.00,5.00,0.00,30.12,M,6.21,M,BKN,M,M,M,2500.00,M,M,M,M,M,M,M,M,M,M,51.80,FAGG 221700Z 34005KT 9999 BKN025 11/10 Q1020,M
FAGG,2026-07-22 18:00,53.60,50.00,87.56,350.00,3.00,0.00,30.12,M,6.21,M,BKN,M,M,M,3000.00,M,M,M,M,M,M,M,M,M,M,53.60,FAGG 221800Z 35003KT 9999 BKN030 12/10 Q1020,M
FAGG,2026-07-22 19:00,53.60,50.00,87.56,340.00,4.00,0.00,30.12,M,6.21,M,BKN,M,M,M,2900.00,M,M,M,M,M,M,M,M,M,M,53.60,FAGG 221900Z AUTO 34004KT 9999 BKN029/// 12/10 Q1020,M
FAGG,2026-07-22 20:00,53.60,50.00,87.56,320.00,3.00,0.00,30.12,M,6.21,M,OVC,M,M,M,3200.00,M,M,M,M,M,M,M,M,M,M,53.60,FAGG 222000Z AUTO 32003KT 9999 OVC032/// 12/10 Q1020,M
FAGG,2026-07-22 21:00,53.60,50.00,87.56,330.00,3.00,0.00,30.12,M,6.21,M,OVC,M,M,M,3200.00,M,M,M,M,M,M,M,M,M,M,53.60,FAGG 222100Z AUTO 33003KT 9999 OVC032/// 12/10 Q1020,M
FAGG,2026-07-22 22:00,53.60,50.00,87.56,340.00,3.00,0.00,30.12,M,6.21,M,OVC,M,M,M,3200.00,M,M,M,M,M,M,M,M,M,M,53.60,FAGG 222200Z AUTO 34003KT 9999 OVC032/// 12/10 Q1020,M
FAGG,2026-07-22 23:00,53.60,48.20,81.87,350.00,4.00,0.00,30.09,M,6.21,M,M,M,M,M,M,M,M,M,M,M,M,M,M,M,M,53.60,FAGG 222300Z AUTO 35004KT CAVOK 12/09 Q1019,M
FAGG,2026-07-23 00:00,48.20,44.60,87.28,290.00,5.00,0.00,30.09,M,6.21,M,FEW,M,M,M,3500.00,M,M,M,M,M,M,M,M,M,M,45.63,FAGG 230000Z AUTO 29005KT 9999 FEW035/// 09/07 Q1019,M
FAGG,2026-07-23 01:00,50.00,46.40,87.37,290.00,6.00,0.00,30.12,M,6.21,M,OVC,M,M,M,3200.00,M,M,M,M,M,M,M,M,M,M,50.00,FAGG 230100Z AUTO 29006KT 9999 OVC032/// 10/08 Q1020,M
FAGG,2026-07-23 02:00,53.60,46.40,76.51,310.00,8.00,0.00,30.09,M,6.21,M,OVC,M,M,M,3500.00,M,M,M,M,M,M,M,M,M,M,53.60,FAGG 230200Z AUTO 31008KT 9999 OVC035/// 12/08 Q1019,M
FAGG,2026-07-23 03:00,51.80,44.60,76.34,330.00,7.00,0.00,30.09,M,6.21,M,SCT,M,M,M,4100.00,M,M,M,M,M,M,M,M,M,M,51.80,FAGG 230300Z 33007KT 9999 SCT041 11/07 Q1019,M
FAGG,2026-07-23 04:00,51.80,42.80,71.26,360.00,9.00,0.00,30.06,M,6.21,M,FEW,M,M,M,4000.00,M,M,M,M,M,M,M,M,M,M,51.80,FAGG 230400Z 36009KT 9999 FEW040 11/06 Q1018,M
FAGG,2026-07-23 04:29,55.40,42.80,62.46,340.00,7.00,0.00,30.06,M,6.21,M,FEW,M,M,M,4000.00,M,M,M,M,M,M,M,M,M,M,55.40,FAGG 230429Z 34007KT 9999 FEW040 13/06 Q1018,M
FAGG,2026-07-23 05:00,53.60,42.80,66.70,320.00,9.00,0.00,30.06,M,6.21,M,FEW,M,M,M,4000.00,M,M,M,M,M,M,M,M,M,M,53.60,FAGG 230500Z 32009KT 9999 FEW040 12/06 Q1018,M
FAGG,2026-07-23 06:00,50.00,42.80,76.17,280.00,4.00,0.00,30.12,M,6.21,M,FEW,M,M,M,4700.00,M,M,M,M,M,M,M,M,M,M,50.00,FAGG 230600Z 28004KT 9999 FEW047 10/06 Q1020,M
FAGG,2026-07-23 06:24,53.60,44.60,71.45,330.00,4.00,0.00,30.12,M,6.21,M,FEW,M,M,M,4700.00,M,M,M,M,M,M,M,M,M,M,53.60,FAGG 230624Z 33004KT 9999 FEW047 12/07 Q1020,M
FAGG,2026-07-23 06:35,57.20,44.60,62.70,340.00,4.00,0.00,30.12,M,6.21,M,FEW,M,M,M,4800.00,M,M,M,M,M,M,M,M,M,M,57.20,FAGG 230635Z 34004KT 320V020 9999 FEW048 14/07 Q1020,M
FAGG,2026-07-23 07:00,57.20,44.60,62.70,320.00,4.00,0.00,30.12,M,6.21,M,SCT,M,M,M,4100.00,M,M,M,M,M,M,M,M,M,M,57.20,FAGG 230700Z 32004KT 280V340 9999 SCT041 14/07 Q1020,M
FAGG,2026-07-23 07:52,60.80,48.20,63.16,320.00,3.00,0.00,30.12,M,6.21,M,FEW,M,M,M,4100.00,M,M,M,M,M,M,M,M,M,M,60.80,FAGG 230752Z 32003KT 9999 FEW041 16/09 Q1020,M
FAGG,2026-07-23 08:00,60.80,48.20,63.16,320.00,3.00,0.00,30.12,M,6.21,M,FEW,M,M,M,4100.00,M,M,M,M,M,M,M,M,M,M,60.80,FAGG 230800Z 32003KT 290V350 9999 FEW041 16/09 Q1020,M
FAGG,2026-07-23 08:26,64.40,46.40,52.00,330.00,5.00,0.00,30.12,M,6.21,M,FEW,M,M,M,4700.00,M,M,M,M,M,M,M,M,M,M,64.40,FAGG 230826Z 33005KT 9999 FEW047 18/08 Q1020,M
FAGG,2026-07-23 09:00,64.40,46.40,52.00,320.00,7.00,0.00,30.09,M,6.21,M,FEW,M,M,M,4700.00,M,M,M,M,M,M,M,M,M,M,64.40,FAGG 230900Z 32007KT 300V360 9999 FEW047 18/08 Q1019,M
FAGG,2026-07-23 09:25,68.00,46.40,45.91,310.00,7.00,0.00,30.12,M,6.21,M,FEW,M,M,M,4700.00,M,M,M,M,M,M,M,M,M,M,68.00,FAGG 230925Z 31007KT 280V350 9999 FEW047 20/08 Q1020,M
FAGG,2026-07-23 10:00,64.40,46.40,52.00,290.00,6.00,0.00,30.12,M,6.21,M,FEW,M,M,M,4700.00,M,M,M,M,M,M,M,M,M,M,64.40,FAGG 231000Z 29006KT 9999 FEW047 18/08 Q1020,M
FAGG,2026-07-23 11:00,64.40,46.40,52.00,260.00,13.00,0.00,30.09,M,6.21,M,SCT,M,M,M,4800.00,M,M,M,M,M,M,M,M,M,M,64.40,FAGG 231100Z 26013KT 9999 SCT048 18/08 Q1019,M
FAGG,2026-07-23 12:00,57.20,53.60,87.75,230.00,9.00,0.00,30.12,M,6.21,M,FEW,BKN,M,M,4200.00,4800.00,M,M,-RA,M,M,M,M,M,M,57.20,FAGG 231200Z 23009KT 9999 -RA FEW042 BKN048 14/12 Q1020,M
FAGG,2026-07-23 13:00,57.20,53.60,87.75,230.00,13.00,0.00,30.12,M,6.21,M,FEW,BKN,M,M,1300.00,4500.00,M,M,M,M,M,M,M,M,M,57.20,FAGG 231300Z 23013KT 9999 FEW013 BKN045 14/12 Q1020,M
FAGG,2026-07-23 13:36,57.20,53.60,87.75,260.00,16.00,0.00,30.15,M,2.49,M,FEW,OVC,M,M,1200.00,4000.00,M,M,-RA,M,M,M,M,M,M,57.20,FAGG 231336Z 26016KT 4000 -RA FEW012 OVC040 14/12 Q1021,M
FAGG,2026-07-23 14:00,55.40,53.60,93.65,270.00,13.00,0.00,30.15,M,2.11,M,SCT,OVC,M,M,1200.00,3000.00,M,M,DZ,M,M,M,M,M,M,55.40,FAGG 231400Z 27013KT 3400 DZ SCT012 OVC030 13/12 Q1021,M
FAGG,2026-07-23 14:05,55.40,53.60,93.65,270.00,14.00,0.00,30.15,M,1.24,M,BKN,OVC,M,M,1000.00,2500.00,M,M,DZ,M,M,M,M,M,M,55.40,FAGG 231405Z 27014KT 2000 DZ BKN010 OVC025 13/12 Q1021,M
FAGG,2026-07-23 15:00,53.60,53.60,100.00,240.00,15.00,0.00,30.18,M,1.55,M,SCT,BKN,M,M,400.00,1000.00,M,M,DZ,M,M,M,M,M,M,53.60,FAGG 231500Z 24015KT 2500 DZ SCT004 BKN010 12/12 Q1022,M
FAGG,2026-07-23 15:56,53.60,51.80,93.60,260.00,12.00,0.00,30.24,M,1.55,M,FEW,SCT,OVC,M,400.00,1500.00,2500.00,M,-RA,M,M,M,M,M,M,53.60,FAGG 231556Z 26012KT 2500 -RA FEW004 SCT015 OVC025 12/11 Q1024,M
FAGG,2026-07-23 16:00,53.60,51.80,93.60,260.00,12.00,0.00,30.24,M,1.55,M,FEW,SCT,OVC,M,400.00,1500.00,2500.00,M,-RA,M,M,M,M,M,M,53.60,FAGG 231600Z 26012KT 2500 -RA FEW004 SCT015 OVC025 12/11 Q1024,M
FAGG,2026-07-23 16:06,51.80,51.80,100.00,260.00,11.00,0.00,30.24,M,2.49,M,FEW,BKN,OVC,M,400.00,1200.00,2600.00,M,-RA,M,M,M,M,M,M,51.80,FAGG 231606Z 26011KT 4000 -RA FEW004 BKN012 OVC026 11/11 Q1024,M
FAGG,2026-07-23 16:48,51.80,50.00,93.55,230.00,15.00,0.00,30.30,M,2.49,M,FEW,BKN,OVC,M,400.00,800.00,2000.00,M,-RA,M,M,M,M,M,M,51.80,FAGG 231648Z 23015KT 4000 -RA FEW004 BKN008 OVC020 11/10 Q1026,M
FAGG,2026-07-23 17:00,51.80,50.00,93.55,220.00,17.00,0.00,30.30,M,2.49,M,FEW,BKN,OVC,M,400.00,800.00,2000.00,M,-RA,M,M,M,M,M,M,51.80,FAGG 231700Z 22017KT 4000 -RA FEW004 BKN008 OVC020 11/10 Q1026,M
FAGG,2026-07-23 17:15,51.80,50.00,93.55,260.00,10.00,0.00,30.30,M,3.73,M,FEW,BKN,OVC,M,500.00,2000.00,3500.00,M,-RA,M,M,M,M,M,M,51.80,FAGG 231715Z 26010KT 230V300 6000 -RA FEW005 BKN020 OVC035 11/10 Q1026,M
FAGG,2026-07-23 18:00,51.80,50.00,93.55,290.00,9.00,0.00,30.33,M,4.97,M,SCT,OVC,M,M,2500.00,3500.00,M,M,-RA,M,M,M,M,M,M,51.80,FAGG 231800Z 29009KT 8000 -RA SCT025 OVC035 11/10 Q1027,M
FAGG,2026-07-23 18:15,51.80,50.00,93.55,270.00,8.00,0.00,30.33,M,3.73,M,BKN,BKN,OVC,M,2000.00,2800.00,3700.00,M,RA,M,M,M,M,M,M,51.80,FAGG 231815Z AUTO 27008KT 6000 RA BKN020/// BKN028/// OVC037/// 11/10 Q1027,M
FAGG,2026-07-23 18:42,50.00,48.20,93.50,300.00,8.00,0.00,30.36,M,5.59,M,SCT,BKN,OVC,M,2000.00,2800.00,4300.00,M,RA,M,M,M,M,M,M,50.00,FAGG 231842Z AUTO 30008KT 9000 RA SCT020/// BKN028/// OVC043/// 10/09 Q1028,M
FAGG,2026-07-23 19:00,50.00,48.20,93.50,300.00,7.00,0.00,30.36,M,6.21,M,SCT,OVC,M,M,1500.00,2900.00,M,M,-RA,M,M,M,M,M,M,50.00,FAGG 231900Z AUTO 30007KT 9999 -RA SCT015/// OVC029/// 10/09 Q1028 RERA,M
FAGG,2026-07-23 20:00,51.80,50.00,93.55,310.00,8.00,0.00,30.36,M,6.21,M,SCT,BKN,OVC,M,1800.00,3400.00,3900.00,M,-RA,M,M,M,M,M,M,51.80,FAGG 232000Z AUTO 31008KT 9999 -RA SCT018/// BKN034/// OVC039/// 11/10 Q1028,M
FAGG,2026-07-23 21:00,50.00,48.20,93.50,310.00,6.00,0.00,30.36,M,6.21,M,BKN,BKN,M,M,2300.00,6200.00,M,M,M,M,M,M,M,M,M,50.00,FAGG 232100Z AUTO 31006KT 9999 BKN023/// BKN062/// 10/09 Q1028,M
FAGG,2026-07-23 22:00,48.20,46.40,93.45,280.00,6.00,0.00,30.36,M,6.21,M,FEW,M,M,M,3800.00,M,M,M,M,M,M,M,M,M,M,45.04,FAGG 232200Z AUTO 28006KT 9999 FEW038/// 09/08 Q1028,M
FAGG,2026-07-23 23:00,48.20,46.40,93.45,310.00,4.00,0.00,30.39,M,6.21,M,SCT,M,M,M,4800.00,M,M,M,M,M,M,M,M,M,M,46.34,FAGG 232300Z AUTO 31004KT 9999 SCT048/// 09/08 Q1029,M
FAGG,2026-07-24 00:00,50.00,46.40,87.37,310.00,5.00,0.00,30.39,M,6.21,M,FEW,SCT,OVC,M,3600.00,4600.00,5300.00,M,M,M,M,M,M,M,M,50.00,FAGG 240000Z AUTO 31005KT 9999 FEW036/// SCT046/// OVC053/// 10/08 Q1029,M
FAGG,2026-07-24 01:00,50.00,48.20,93.50,290.00,4.00,0.00,30.39,M,6.21,M,SCT,OVC,M,M,2800.00,3700.00,M,M,-RA,M,M,M,M,M,M,50.00,FAGG 240100Z AUTO 29004KT 9999 -RA SCT028/// OVC037/// 10/09 Q1029,M
FAGG,2026-07-24 02:00,51.80,48.20,87.47,300.00,5.00,0.00,30.39,M,6.21,M,BKN,M,M,M,5800.00,M,M,M,M,M,M,M,M,M,M,51.80,FAGG 240200Z AUTO 30005KT 9999 BKN058/// 11/09 Q1029,M
FAGG,2026-07-24 03:00,50.00,48.20,93.50,340.00,3.00,0.00,30.36,M,6.21,M,M,M,M,M,M,M,M,M,M,M,M,M,M,M,M,50.00,FAGG 240300Z 34003KT CAVOK 10/09 Q1028,M
FAGG,2026-07-24 04:00,46.40,44.60,93.40,M,1.00,0.00,30.39,M,6.21,M,M,M,M,M,M,M,M,M,M,M,M,M,M,M,M,46.40,FAGG 240400Z VRB01KT CAVOK 08/07 Q1029,M
FAGG,2026-07-24 05:00,46.40,44.60,93.40,290.00,2.00,0.00,30.42,M,6.21,M,M,M,M,M,M,M,M,M,M,M,M,M,M,M,M,46.40,FAGG 240500Z 29002KT CAVOK 08/07 Q1030,M
FAGG,2026-07-24 06:00,46.40,42.80,87.18,350.00,3.00,0.00,30.42,M,6.21,M,M,M,M,M,M,M,M,M,M,M,M,M,M,M,M,45.15,FAGG 240600Z 35003KT CAVOK 08/06 Q1030,M
FAGG,2026-07-24 06:53,51.80,46.40,81.74,M,1.00,0.00,30.45,M,6.21,M,M,M,M,M,M,M,M,M,M,M,M,M,M,M,M,51.80,FAGG 240653Z VRB01KT CAVOK 11/08 Q1031,M
FAGG,2026-07-24 07:00,51.80,46.40,81.74,M,1.00,0.00,30.45,M,6.21,M,M,M,M,M,M,M,M,M,M,M,M,M,M,M,M,51.80,FAGG 240700Z VRB01KT CAVOK 11/08 Q1031,M
FAGG,2026-07-24 07:50,57.20,48.20,71.84,360.00,3.00,0.00,30.42,M,6.21,M,M,M,M,M,M,M,M,M,M,M,M,M,M,M,M,57.20,FAGG 240750Z 36003KT 320V060 CAVOK 14/09 Q1030,M
FAGG,2026-07-24 08:00,57.20,46.40,67.13,10.00,3.00,0.00,30.42,M,6.21,M,FEW,M,M,M,3500.00,M,M,M,M,M,M,M,M,M,M,57.20,FAGG 240800Z 01003KT 310V060 9999 FEW035 14/08 Q1030,M
FAGG,2026-07-24 09:00,59.00,44.60,58.78,M,3.00,0.00,30.42,M,6.21,M,M,M,M,M,M,M,M,M,M,M,M,M,M,M,M,59.00,FAGG 240900Z VRB03KT CAVOK 15/07 Q1030,M
FAGG,2026-07-24 10:00,60.80,48.20,63.16,120.00,5.00,0.00,30.42,M,6.21,M,FEW,M,M,M,4500.00,M,M,M,M,M,M,M,M,M,M,60.80,FAGG 241000Z 12005KT 090V170 9999 FEW045 16/09 Q1030,M
FAGG,2026-07-24 11:00,60.80,48.20,63.16,140.00,5.00,0.00,30.39,M,6.21,M,M,M,M,M,M,M,M,M,M,M,M,M,M,M,M,60.80,FAGG 241100Z 14005KT 110V170 CAVOK 16/09 Q1029,M
FAGG,2026-07-24 12:00,60.80,50.00,67.55,140.00,6.00,0.00,30.36,M,6.21,M,M,M,M,M,M,M,M,M,M,M,M,M,M,M,M,60.80,FAGG 241200Z 14006KT 100V190 CAVOK 16/10 Q1028,M
FAGG,2026-07-24 13:00,59.00,50.00,72.02,140.00,7.00,0.00,30.36,M,6.21,M,FEW,M,M,M,3500.00,M,M,M,M,M,M,M,M,M,M,59.00,FAGG 241300Z 14007KT 110V170 9999 FEW035 15/10 Q1028,M
FAGG,2026-07-24 14:00,59.00,48.20,67.34,110.00,6.00,0.00,30.36,M,6.21,M,FEW,M,M,M,3500.00,M,M,M,M,M,M,M,M,M,M,59.00,FAGG 241400Z 11006KT 9999 FEW035 15/09 Q1028,M
FAGG,2026-07-24 15:00,57.20,50.00,76.83,100.00,6.00,0.00,30.36,M,6.21,M,M,M,M,M,M,M,M,M,M,M,M,M,M,M,M,57.20,FAGG 241500Z 10006KT CAVOK 14/10 Q1028,M
FAGG,2026-07-24 16:00,53.60,48.20,81.87,90.00,6.00,0.00,30.36,M,6.21,M,M,M,M,M,M,M,M,M,M,M,M,M,M,M,M,53.60,FAGG 241600Z 09006KT CAVOK 12/09 Q1028,M
FAGG,2026-07-24 17:00,51.80,48.20,87.47,60.00,4.00,0.00,30.36,M,6.21,M,M,M,M,M,M,M,M,M,M,M,M,M,M,M,M,51.80,FAGG 241700Z 06004KT CAVOK 11/09 Q1028,M
FAGG,2026-07-24 18:00,50.00,46.40,87.37,320.00,2.00,0.00,30.39,M,6.21,M,M,M,M,M,M,M,M,M,M,M,M,M,M,M,M,50.00,FAGG 241800Z 32002KT CAVOK 10/08 Q1029,M
FAGG,2026-07-24 19:00,48.20,46.40,93.45,320.00,3.00,0.00,30.39,M,6.21,M,M,M,M,M,M,M,M,M,M,M,M,M,M,M,M,47.21,FAGG 241900Z AUTO 32003KT CAVOK 09/08 Q1029,M
FAGG,2026-07-24 20:00,48.20,44.60,87.28,340.00,3.00,0.00,30.39,M,6.21,M,M,M,M,M,M,M,M,M,M,M,M,M,M,M,M,47.21,FAGG 242000Z AUTO 34003KT CAVOK 09/07 Q1029,M
FAGG,2026-07-24 21:00,48.20,44.60,87.28,320.00,3.00,0.00,30.39,M,6.21,M,FEW,M,M,M,1300.00,M,M,M,M,M,M,M,M,M,M,47.21,FAGG 242100Z AUTO 32003KT 9999 FEW013/// 09/07 Q1029,M
FAGG,2026-07-24 22:00,48.20,42.80,81.47,350.00,4.00,0.00,30.39,M,6.21,M,M,M,M,M,M,M,M,M,M,M,M,M,M,M,M,46.34,FAGG 242200Z AUTO 35004KT CAVOK 09/06 Q1029,M
FAGG,2026-07-24 23:00,48.20,44.60,87.28,330.00,5.00,0.00,30.39,M,6.21,M,M,M,M,M,M,M,M,M,M,M,M,M,M,M,M,45.63,FAGG 242300Z AUTO 33005KT CAVOK 09/07 Q1029,M
FAGG,2026-07-25 00:00,48.20,44.60,87.28,340.00,4.00,0.00,30.39,M,6.21,M,M,M,M,M,M,M,M,M,M,M,M,M,M,M,M,46.34,FAGG 250000Z AUTO 34004KT CAVOK 09/07 Q1029,M
FAGG,2026-07-25 01:00,48.20,44.60,87.28,350.00,3.00,0.00,30.39,M,6.21,M,M,M,M,M,M,M,M,M,M,M,M,M,M,M,M,47.21,FAGG 250100Z AUTO 35003KT CAVOK 09/07 Q1029,M
FAGG,2026-07-25 02:00,46.40,44.60,93.40,340.00,4.00,0.00,30.39,M,6.21,M,M,M,M,M,M,M,M,M,M,M,M,M,M,M,M,44.24,FAGG 250200Z AUTO 34004KT CAVOK 08/07 Q1029,M
FAGG,2026-07-25 03:00,46.40,44.60,93.40,350.00,3.00,0.00,30.39,M,6.21,M,M,M,M,M,M,M,M,M,M,M,M,M,M,M,M,45.15,FAGG 250300Z 35003KT CAVOK 08/07 Q1029,M
FAGG,2026-07-25 04:00,48.20,44.60,87.28,360.00,3.00,0.00,30.39,M,6.21,M,M,M,M,M,M,M,M,M,M,M,M,M,M,M,M,47.21,FAGG 250400Z 36003KT CAVOK 09/07 Q1029,M
FAGG,2026-07-25 05:00,46.40,42.80,87.18,340.00,2.00,0.00,30.39,M,6.21,M,M,M,M,M,M,M,M,M,M,M,M,M,M,M,M,46.40,FAGG 250500Z 34002KT CAVOK 08/06 Q1029,M
FAGG,2026-07-25 06:00,46.40,42.80,87.18,360.00,3.00,0.00,30.42,M,6.21,M,M,M,M,M,M,M,M,M,M,M,M,M,M,M,M,45.15,FAGG 250600Z 36003KT CAVOK 08/06 Q1030,M
FAGG,2026-07-25 06:40,51.80,46.40,81.74,330.00,4.00,0.00,30.42,M,6.21,M,M,M,M,M,M,M,M,M,M,M,M,M,M,M,M,51.80,FAGG 250640Z 33004KT CAVOK 11/08 Q1030,M
FAGG,2026-07-25 07:00,53.60,46.40,76.51,330.00,5.00,0.00,30.42,M,6.21,M,M,M,M,M,M,M,M,M,M,M,M,M,M,M,M,53.60,FAGG 250700Z 33005KT CAVOK 12/08 Q1030,M
FAGG,2026-07-25 07:47,59.00,48.20,67.34,320.00,4.00,0.00,30.42,M,6.21,M,M,M,M,M,M,M,M,M,M,M,M,M,M,M,M,59.00,COR FAGG 250747Z 32004KT CAVOK 15/09 Q1030,M
FAGG,2026-07-25 08:00,59.00,48.20,67.34,320.00,4.00,0.00,30.42,M,6.21,M,M,M,M,M,M,M,M,M,M,M,M,M,M,M,M,59.00,FAGG 250800Z 32004KT CAVOK 15/09 Q1030,M
FAGG,2026-07-25 08:51,62.60,42.80,48.29,M,2.00,0.00,30.42,M,6.21,M,M,M,M,M,M,M,M,M,M,M,M,M,M,M,M,62.60,FAGG 250851Z VRB02KT CAVOK 17/06 Q1030,M
FAGG,2026-07-25 09:00,62.60,44.60,51.73,M,2.00,0.00,30.42,M,6.21,M,M,M,M,M,M,M,M,M,M,M,M,M,M,M,M,62.60,FAGG 250900Z VRB02KT CAVOK 17/07 Q1030,M
FAGG,2026-07-25 10:00,64.40,42.80,45.34,130.00,3.00,0.00,30.39,M,6.21,M,M,M,M,M,M,M,M,M,M,M,M,M,M,M,M,64.40,FAGG 251000Z 13003KT 080V210 CAVOK 18/06 Q1029,M
FAGG,2026-07-25 11:00,64.40,46.40,52.00,140.00,3.00,0.00,30.36,M,6.21,M,M,M,M,M,M,M,M,M,M,M,M,M,M,M,M,64.40,FAGG 251100Z 14003KT 080V210 CAVOK 18/08 Q1028,M
FAGG,2026-07-25 12:00,64.40,46.40,52.00,130.00,5.00,0.00,30.33,M,6.21,M,M,M,M,M,M,M,M,M,M,M,M,M,M,M,M,64.40,FAGG 251200Z 13005KT 100V170 CAVOK 18/08 Q1027,M
FAGG,2026-07-25 13:00,64.40,46.40,52.00,130.00,6.00,0.00,30.30,M,6.21,M,M,M,M,M,M,M,M,M,M,M,M,M,M,M,M,64.40,FAGG 251300Z 13006KT 100V160 CAVOK 18/08 Q1026,M
FAGG,2026-07-25 14:00,62.60,48.20,59.27,130.00,6.00,0.00,30.30,M,6.21,M,M,M,M,M,M,M,M,M,M,M,M,M,M,M,M,62.60,FAGG 251400Z 13006KT CAVOK 17/09 Q1026,M
FAGG,2026-07-25 15:00,59.00,50.00,72.02,100.00,7.00,0.00,30.30,M,6.21,M,M,M,M,M,M,M,M,M,M,M,M,M,M,M,M,59.00,FAGG 251500Z 10007KT CAVOK 15/10 Q1026,M
FAGG,2026-07-25 16:00,53.60,50.00,87.56,80.00,6.00,0.00,30.30,M,6.21,M,M,M,M,M,M,M,M,M,M,M,M,M,M,M,M,53.60,FAGG 251600Z 08006KT CAVOK 12/10 Q1026,M
FAGG,2026-07-25 17:00,51.80,50.00,93.55,70.00,5.00,0.00,30.30,M,6.21,M,M,M,M,M,M,M,M,M,M,M,M,M,M,M,M,51.80,FAGG 251700Z 07005KT CAVOK 11/10 Q1026,M
FAGG,2026-07-25 18:00,51.80,50.00,93.55,340.00,2.00,0.00,30.27,M,6.21,M,M,M,M,M,M,M,M,M,M,M,M,M,M,M,M,51.80,FAGG 251800Z 34002KT CAVOK 11/10 Q1025,M
FAGG,2026-07-25 19:00,48.20,46.40,93.45,340.00,4.00,0.00,30.27,M,6.21,M,M,M,M,M,M,M,M,M,M,M,M,M,M,M,M,46.34,FAGG 251900Z AUTO 34004KT CAVOK 09/08 Q1025,M
FAGG,2026-07-25 20:00,48.20,44.60,87.28,330.00,3.00,0.00,30.27,M,6.21,M,M,M,M,M,M,M,M,M,M,M,M,M,M,M,M,47.21,FAGG 252000Z AUTO 33003KT CAVOK 09/07 Q1025,M
FAGG,2026-07-25 21:00,48.20,46.40,93.45,350.00,3.00,0.00,30.27,M,6.21,M,M,M,M,M,M,M,M,M,M,M,M,M,M,M,M,47.21,FAGG 252100Z AUTO 35003KT CAVOK 09/08 Q1025,M
FAGG,2026-07-25 22:00,46.40,44.60,93.40,360.00,4.00,0.00,30.24,M,6.21,M,M,M,M,M,M,M,M,M,M,M,M,M,M,M,M,44.24,FAGG 252200Z AUTO 36004KT CAVOK 08/07 Q1024,M
FAGG,2026-07-25 23:00,48.20,44.60,87.28,340.00,3.00,0.00,30.24,M,6.21,M,M,M,M,M,M,M,M,M,M,M,M,M,M,M,M,47.21,FAGG 252300Z AUTO 34003KT CAVOK 09/07 Q1024,M
FAGG,2026-07-26 00:00,46.40,42.80,87.18,330.00,3.00,0.00,30.21,M,6.21,M,M,M,M,M,M,M,M,M,M,M,M,M,M,M,M,45.15,FAGG 260000Z AUTO 33003KT 290V350 CAVOK 08/06 Q1023,M
FAGG,2026-07-26 01:00,42.80,41.00,93.29,350.00,3.00,0.00,30.21,M,6.21,M,M,M,M,M,M,M,M,M,M,M,M,M,M,M,M,41.03,FAGG 260100Z AUTO 35003KT 300V010 CAVOK 06/05 Q1023,M
FAGG,2026-07-26 01:23,46.40,44.60,93.40,360.00,5.00,0.00,30.21,M,6.21,M,M,M,M,M,M,M,M,M,M,M,M,M,M,M,M,43.50,FAGG 260123Z AUTO 36005KT CAVOK 08/07 Q1023,M
FAGG,2026-07-26 02:00,48.20,44.60,87.28,360.00,4.00,0.00,30.21,M,6.21,M,M,M,M,M,M,M,M,M,M,M,M,M,M,M,M,46.34,FAGG 260200Z AUTO 36004KT CAVOK 09/07 Q1023,M
FAGG,2026-07-26 03:00,46.40,44.60,93.40,360.00,5.00,0.00,30.18,M,6.21,M,M,M,M,M,M,M,M,M,M,M,M,M,M,M,M,43.50,FAGG 260300Z 36005KT CAVOK 08/07 Q1022,M
FAGG,2026-07-26 04:00,42.80,42.80,100.00,30.00,3.00,0.00,30.15,M,6.21,M,M,M,M,M,M,M,M,M,M,M,M,M,M,M,M,41.03,FAGG 260400Z 03003KT 360V060 CAVOK 06/06 Q1021,M
FAGG,2026-07-26 04:36,46.40,42.80,87.18,60.00,5.00,0.00,30.12,M,6.21,M,M,M,M,M,M,M,M,M,M,M,M,M,M,M,M,43.50,FAGG 260436Z 06005KT 340V080 CAVOK 08/06 Q1020,M
FAGG,2026-07-26 05:00,44.60,41.00,87.08,340.00,4.00,0.00,30.12,M,6.21,M,M,M,M,M,M,M,M,M,M,M,M,M,M,M,M,42.13,FAGG 260500Z 34004KT 260V050 CAVOK 07/05 Q1020,M
FAGG,2026-07-26 05:05,48.20,41.00,76.01,30.00,4.00,0.00,30.12,M,6.21,M,M,M,M,M,M,M,M,M,M,M,M,M,M,M,M,46.34,FAGG 260505Z 03004KT CAVOK 09/05 Q1020,M
FAGG,2026-07-26 06:00,44.60,39.20,81.20,330.00,4.00,0.00,30.12,M,6.21,M,M,M,M,M,M,M,M,M,M,M,M,M,M,M,M,42.13,FAGG 260600Z 33004KT CAVOK 07/04 Q1020,M
FAGG,2026-07-26 06:14,48.20,41.00,76.01,M,4.00,0.00,30.09,M,6.21,M,M,M,M,M,M,M,M,M,M,M,M,M,M,M,M,46.34,FAGG 260614Z VRB04KT CAVOK 09/05 Q1019,M
FAGG,2026-07-26 06:42,53.60,46.40,76.51,360.00,3.00,0.00,30.09,M,6.21,M,M,M,M,M,M,M,M,M,M,M,M,M,M,M,M,53.60,FAGG 260642Z 36003KT 340V050 CAVOK 12/08 Q1019,M
FAGG,2026-07-26 07:00,55.40,46.40,71.65,M,2.00,0.00,30.09,M,6.21,M,M,M,M,M,M,M,M,M,M,M,M,M,M,M,M,55.40,FAGG 260700Z VRB02KT CAVOK 13/08 Q1019,M
FAGG,2026-07-26 07:01,59.00,48.20,67.34,M,2.00,0.00,30.09,M,6.21,M,M,M,M,M,M,M,M,M,M,M,M,M,M,M,M,59.00,FAGG 260701Z VRB02KT CAVOK 15/09 Q1019,M
FAGG,2026-07-26 07:49,64.40,51.80,63.62,M,1.00,0.00,30.09,M,6.21,M,M,M,M,M,M,M,M,M,M,M,M,M,M,M,M,64.40,FAGG 260749Z VRB01KT CAVOK 18/11 Q1019,M
FAGG,2026-07-26 08:00,64.40,50.00,59.52,M,2.00,0.00,30.09,M,6.21,M,M,M,M,M,M,M,M,M,M,M,M,M,M,M,M,64.40,FAGG 260800Z VRB02KT CAVOK 18/10 Q1019,M
FAGG,2026-07-26 08:03,68.00,51.80,56.16,330.00,5.00,0.00,30.06,M,6.21,M,M,M,M,M,M,M,M,M,M,M,M,M,M,M,M,68.00,FAGG 260803Z 33005KT 290V360 CAVOK 20/11 Q1018,M
FAGG,2026-07-26 08:11,71.60,46.40,40.60,330.00,5.00,0.00,30.06,M,6.21,M,M,M,M,M,M,M,M,M,M,M,M,M,M,M,M,71.60,FAGG 260811Z 33005KT CAVOK 22/08 Q1018,M
FAGG,2026-07-26 08:45,77.00,42.80,29.55,10.00,3.00,0.00,30.06,M,6.21,M,M,M,M,M,M,M,M,M,M,M,M,M,M,M,M,77.00,FAGG 260845Z 01003KT 310V060 CAVOK 25/06 Q1018,M
FAGG,2026-07-26 09:00,77.00,42.80,29.55,330.00,4.00,0.00,30.06,M,6.21,M,M,M,M,M,M,M,M,M,M,M,M,M,M,M,M,77.00,FAGG 260900Z 33004KT 260V020 CAVOK 25/06 Q1018,M
FAGG,2026-07-26 09:52,80.60,37.40,21.28,330.00,9.00,0.00,30.03,M,6.21,M,M,M,M,M,M,M,M,M,M,M,M,M,M,M,M,79.02,FAGG 260952Z 33009KT 300V010 CAVOK 27/03 Q1017,M
FAGG,2026-07-26 10:00,78.80,37.40,22.57,330.00,10.00,0.00,30.03,M,6.21,M,M,M,M,M,M,M,M,M,M,M,M,M,M,M,M,78.80,FAGG 261000Z 33010KT 300V010 CAVOK 26/03 Q1017,M
FAGG,2026-07-26 11:00,80.60,37.40,21.28,330.00,13.00,0.00,30.00,M,6.21,M,M,M,M,M,M,M,M,M,M,M,M,M,M,M,M,79.02,FAGG 261100Z 33013KT CAVOK 27/03 Q1016,M
FAGG,2026-07-26 12:00,80.60,35.60,19.82,330.00,16.00,0.00,29.94,M,6.21,M,M,M,M,M,M,M,M,M,M,M,M,M,M,M,M,78.95,FAGG 261200Z 33016KT CAVOK 27/02 Q1014,M
FAGG,2026-07-26 13:00,82.40,33.80,17.40,310.00,11.00,0.00,29.94,M,6.21,M,M,M,M,M,M,M,M,M,M,M,M,M,M,M,M,80.04,FAGG 261300Z 31011KT 260V340 CAVOK 28/01 Q1014,M
FAGG,2026-07-26 14:00,75.20,44.60,33.60,190.00,5.00,0.00,29.94,M,6.21,M,M,M,M,M,M,M,M,M,M,M,M,M,M,M,M,75.20,FAGG 261400Z 19005KT 170V230 CAVOK 24/07 Q1014,M
FAGG,2026-07-26 15:00,71.60,44.60,37.92,270.00,4.00,0.00,29.94,M,6.21,M,M,M,M,M,M,M,M,M,M,M,M,M,M,M,M,71.60,FAGG 261500Z 27004KT 240V320 CAVOK 22/07 Q1014,M
FAGG,2026-07-26 16:00,66.20,44.60,45.62,330.00,5.00,0.00,29.94,M,6.21,M,M,M,M,M,M,M,M,M,M,M,M,M,M,M,M,66.20,FAGG 261600Z 33005KT CAVOK 19/07 Q1014,M
FAGG,2026-07-26 17:00,60.80,44.60,55.13,350.00,4.00,0.00,29.94,M,6.21,M,M,M,M,M,M,M,M,M,M,M,M,M,M,M,M,60.80,FAGG 261700Z 35004KT 330V030 CAVOK 16/07 Q1014,M
FAGG,2026-07-26 18:00,60.80,41.00,48.01,360.00,4.00,0.00,29.94,M,6.21,M,M,M,M,M,M,M,M,M,M,M,M,M,M,M,M,60.80,FAGG 261800Z 36004KT 260V010 CAVOK 16/05 Q1014,M
FAGG,2026-07-26 19:00,53.60,42.80,66.70,260.00,8.00,0.00,29.97,M,6.21,M,M,M,M,M,M,M,M,M,M,M,M,M,M,M,M,53.60,FAGG 261900Z AUTO 26008KT CAVOK 12/06 Q1015,M
FAGG,2026-07-26 19:03,57.20,42.80,58.52,230.00,8.00,0.00,29.97,M,6.21,M,M,M,M,M,M,M,M,M,M,M,M,M,M,M,M,57.20,FAGG 261903Z AUTO 23008KT CAVOK 14/06 Q1015,M
FAGG,2026-07-26 20:00,57.20,44.60,62.70,310.00,6.00,0.00,30.00,M,6.21,M,M,M,M,M,M,M,M,M,M,M,M,M,M,M,M,57.20,FAGG 262000Z AUTO 31006KT CAVOK 14/07 Q1016,M
FAGG,2026-07-26 21:00,55.40,42.80,62.46,310.00,6.00,0.00,30.00,M,6.21,M,M,M,M,M,M,M,M,M,M,M,M,M,M,M,M,55.40,FAGG 262100Z AUTO 31006KT CAVOK 13/06 Q1016,M
FAGG,2026-07-26 22:00,51.80,42.80,71.26,310.00,6.00,0.00,30.00,M,6.21,M,M,M,M,M,M,M,M,M,M,M,M,M,M,M,M,51.80,FAGG 262200Z AUTO 31006KT CAVOK 11/06 Q1016,M
FAGG,2026-07-26 23:00,53.60,41.00,62.22,300.00,5.00,0.00,30.00,M,6.21,M,M,M,M,M,M,M,M,M,M,M,M,M,M,M,M,53.60,FAGG 262300Z AUTO 30005KT CAVOK 12/05 Q1016,M
FAGG,2026-07-27 00:00,51.80,48.20,87.47,230.00,8.00,0.00,30.00,M,6.21,M,M,M,M,M,M,M,M,M,M,M,M,M,M,M,M,51.80,FAGG 270000Z AUTO 23008KT CAVOK 11/09 Q1016,M
FAGG,2026-07-27 01:00,48.20,44.60,87.28,290.00,8.00,0.00,30.03,M,6.21,M,FEW,M,M,M,1200.00,M,M,M,M,M,M,M,M,M,M,44.07,FAGG 270100Z AUTO 29008KT 9999 FEW012/// 09/07 Q1017,M
FAGG,2026-07-27 01:03,50.00,46.40,87.37,290.00,9.00,0.00,30.06,M,6.21,M,BKN,M,M,M,1100.00,M,M,M,M,M,M,M,M,M,M,50.00,FAGG 270103Z AUTO 29009KT 9999 BKN011/// 10/08 Q1018,M
FAGG,2026-07-27 01:12,51.80,48.20,87.47,300.00,9.00,0.00,30.06,M,6.21,M,BKN,BKN,M,M,1100.00,1400.00,M,M,M,M,M,M,M,M,M,51.80,FAGG 270112Z AUTO 30009KT 9999 BKN011/// BKN014/// 11/09 Q1018,M
FAGG,2026-07-27 01:33,51.80,50.00,93.55,300.00,8.00,0.00,30.06,M,6.21,M,SCT,BKN,OVC,M,1200.00,1700.00,2100.00,M,M,M,M,M,M,M,M,51.80,FAGG 270133Z AUTO 30008KT 9999 SCT012/// BKN017/// OVC021/// 11/10 Q1018,M
FAGG,2026-07-27 02:00,53.60,51.80,93.60,310.00,9.00,0.00,30.06,M,6.21,M,FEW,BKN,OVC,M,1400.00,1800.00,2200.00,M,M,M,M,M,M,M,M,53.60,FAGG 270200Z AUTO 31009KT 9999 FEW014/// BKN018/// OVC022/// 12/11 Q1018,M
FAGG,2026-07-27 03:00,55.40,51.80,87.65,290.00,11.00,0.00,30.09,M,6.21,M,SCT,BKN,M,M,1200.00,2300.00,M,M,M,M,M,M,M,M,M,55.40,FAGG 270300Z 29011KT 9999 SCT012 BKN023 13/11 Q1019,M
FAGG,2026-07-27 04:00,55.40,51.80,87.65,280.00,10.00,0.00,30.12,M,6.21,M,FEW,SCT,OVC,M,1500.00,1900.00,2600.00,M,M,M,M,M,M,M,M,55.40,FAGG 270400Z 28010KT 9999 FEW015 SCT019 OVC026 13/11 Q1020,M
FAGG,2026-07-27 05:00,55.40,51.80,87.65,300.00,7.00,0.00,30.15,M,6.21,M,FEW,OVC,M,M,1900.00,3000.00,M,M,M,M,M,M,M,M,M,55.40,FAGG 270500Z 30007KT 9999 FEW019 OVC030 13/11 Q1021,M
FAGG,2026-07-27 06:00,55.40,50.00,82.00,300.00,9.00,0.00,30.18,M,6.21,M,FEW,BKN,M,M,2500.00,3400.00,M,M,M,M,M,M,M,M,M,55.40,FAGG 270600Z 30009KT 9999 FEW025 BKN034 13/10 Q1022,M
FAGG,2026-07-27 07:00,57.20,50.00,76.83,300.00,8.00,0.00,30.18,M,6.21,M,FEW,OVC,M,M,2900.00,3800.00,M,M,M,M,M,M,M,M,M,57.20,FAGG 270700Z 30008KT 9999 FEW029 OVC038 14/10 Q1022,M
FAGG,2026-07-27 08:00,59.00,50.00,72.02,260.00,10.00,0.00,30.21,M,6.21,M,FEW,BKN,M,M,2800.00,4000.00,M,M,M,M,M,M,M,M,M,59.00,FAGG 270800Z 26010KT 9999 FEW028 BKN040 15/10 Q1023,M
FAGG,2026-07-27 09:00,59.00,50.00,72.02,300.00,8.00,0.00,30.21,M,6.21,M,FEW,SCT,M,M,2400.00,4400.00,M,M,M,M,M,M,M,M,M,59.00,FAGG 270900Z 30008KT 9999 FEW024 SCT044 15/10 Q1023,M
FAGG,2026-07-27 10:00,60.80,50.00,67.55,260.00,8.00,0.00,30.21,M,6.21,M,SCT,M,M,M,4200.00,M,M,M,M,M,M,M,M,M,M,60.80,FAGG 271000Z 26008KT 9999 SCT042 16/10 Q1023,M
FAGG,2026-07-27 11:00,62.60,51.80,67.76,250.00,9.00,0.00,30.21,M,6.21,M,FEW,SCT,M,M,3000.00,4800.00,M,M,M,M,M,M,M,M,M,62.60,FAGG 271100Z 25009KT 9999 FEW030 SCT048 17/11 Q1023,M
FAGG,2026-07-27 12:00,60.80,53.60,77.15,200.00,11.00,0.00,30.21,M,6.21,M,SCT,OVC,M,M,2500.00,4800.00,M,M,M,M,M,M,M,M,M,60.80,FAGG 271200Z 20011KT 9999 SCT025 OVC048 16/12 Q1023,M
FAGG,2026-07-27 12:14,59.00,55.40,87.84,200.00,12.00,0.00,30.21,M,2.49,M,FEW,SCT,OVC,M,600.00,2500.00,4000.00,M,-RA,M,M,M,M,M,M,59.00,FAGG 271214Z 20012KT 4000 -RA FEW006 SCT025 OVC040 15/13 Q1023,M
FAGG,2026-07-27 12:35,57.20,55.40,93.70,180.00,11.00,0.00,30.21,M,1.55,M,FEW,BKN,OVC,M,200.00,800.00,2500.00,M,DZ,M,M,M,M,M,M,57.20,FAGG 271235Z 18011KT 2500 DZ FEW002 BKN008 OVC025 14/13 Q1023,M
FAGG,2026-07-27 13:00,55.40,55.40,100.00,160.00,11.00,0.00,30.21,M,1.18,M,SCT,OVC,M,M,300.00,1000.00,M,M,DZ,M,M,M,M,M,M,55.40,FAGG 271300Z 16011KT 1900 DZ SCT003 OVC010 13/13 Q1023,M
FAGG,2026-07-27 13:25,55.40,53.60,93.65,160.00,14.00,0.00,30.24,M,0.93,M,BKN,OVC,M,M,300.00,1000.00,M,M,DZ,M,M,M,M,M,M,55.40,FAGG 271325Z 16014KT 1500 DZ BKN003 OVC010 13/12 Q1024,M
FAGG,2026-07-27 13:49,55.40,53.60,93.65,160.00,11.00,0.00,30.24,M,1.55,M,BKN,OVC,M,M,300.00,1000.00,M,M,-DZ,M,M,M,M,M,M,55.40,FAGG 271349Z 16011KT 2500 -DZ BKN003 OVC010 13/12 Q1024,M
FAGG,2026-07-27 14:00,55.40,53.60,93.65,160.00,11.00,0.00,30.24,M,1.55,M,BKN,OVC,M,M,300.00,1100.00,M,M,-DZ,M,M,M,M,M,M,55.40,FAGG 271400Z 16011KT 2500 -DZ BKN003 OVC011 13/12 Q1024,M
FAGG,2026-07-27 15:00,55.40,53.60,93.65,140.00,11.00,0.00,30.27,M,1.24,M,BKN,OVC,M,M,300.00,800.00,M,M,-DZ,M,M,M,M,M,M,55.40,FAGG 271500Z 14011KT 2000 -DZ BKN003 OVC008 13/12 Q1025,M
FAGG,2026-07-27 15:20,53.60,51.80,93.60,140.00,11.00,0.00,30.30,M,1.86,M,FEW,BKN,OVC,M,400.00,1300.00,2000.00,M,-RA,M,M,M,M,M,M,53.60,COR FAGG 271520Z 14011KT 3000 -RA FEW004 BKN013 OVC020 12/11 Q1026,M
FAGG,2026-07-27 15:33,53.60,51.80,93.60,120.00,7.00,0.00,30.30,M,2.49,M,FEW,SCT,BKN,M,500.00,2000.00,4300.00,M,-RA,M,M,M,M,M,M,53.60,FAGG 271533Z 12007KT 4000 -RA FEW005 SCT020 BKN043 12/11 Q1026,M
FAGG,2026-07-27 16:00,53.60,51.80,93.60,110.00,7.00,0.00,30.30,M,2.98,M,FEW,BKN,OVC,M,1300.00,2000.00,4000.00,M,-RA,M,M,M,M,M,M,53.60,FAGG 271600Z 11007KT 4800 -RA FEW013 BKN020 OVC040 12/11 Q1026,M
FAGG,2026-07-27 16:42,53.60,51.80,93.60,130.00,7.00,0.00,30.33,M,2.80,M,SCT,OVC,M,M,600.00,1300.00,M,M,-RA,M,M,M,M,M,M,53.60,FAGG 271642Z 13007KT 4500 -RA SCT006 OVC013 12/11 Q1027,M
FAGG,2026-07-27 16:58,53.60,51.80,93.60,130.00,8.00,0.00,30.33,M,2.98,M,SCT,OVC,M,M,600.00,2000.00,M,M,-RA BR,M,M,M,M,M,M,53.60,FAGG 271658Z 13008KT 4800 -RA BR SCT006 OVC020 12/11 Q1027,M
FAGG,2026-07-27 17:00,53.60,51.80,93.60,130.00,8.00,0.00,30.33,M,2.98,M,SCT,OVC,M,M,600.00,2000.00,M,M,-RA BR,M,M,M,M,M,M,53.60,FAGG 271700Z 13008KT 4800 -RA BR SCT006 OVC020 12/11 Q1027,M
FAGG,2026-07-27 17:24,53.60,51.80,93.60,120.00,5.00,0.00,30.33,M,3.73,M,FEW,SCT,BKN,M,1200.00,2000.00,4800.00,M,-RA,M,M,M,M,M,M,53.60,FAGG 271724Z 12005KT 6000 -RA FEW012 SCT020 BKN048 12/11 Q1027,M
FAGG,2026-07-27 18:00,53.60,51.80,93.60,120.00,6.00,0.00,30.33,M,3.73,M,FEW,SCT,BKN,M,1000.00,1700.00,4800.00,M,-RA,M,M,M,M,M,M,53.60,FAGG 271800Z 12006KT 080V140 6000 -RA FEW010 SCT017 BKN048 12/11 Q1027,M
FAGG,2026-07-27 18:37,53.60,51.80,93.60,130.00,6.00,0.00,30.36,M,4.97,M,BKN,BKN,OVC,M,700.00,3300.00,4300.00,M,-RA,M,M,M,M,M,M,53.60,FAGG 271837Z AUTO 13006KT 8000 -RA BKN007/// BKN033/// OVC043/// 12/11 Q1028,M
FAGG,2026-07-27 18:40,53.60,51.80,93.60,130.00,6.00,0.00,30.36,M,2.73,M,BKN,BKN,OVC,M,400.00,3200.00,4300.00,M,-RA,M,M,M,M,M,M,53.60,FAGG 271840Z AUTO 13006KT 4400 -RA BKN004/// BKN032/// OVC043/// 12/11 Q1028,M
FAGG,2026-07-27 18:43,53.60,51.80,93.60,130.00,6.00,0.00,30.36,M,2.73,M,SCT,BKN,OVC,M,400.00,3000.00,4200.00,M,RA,M,M,M,M,M,M,53.60,FAGG 271843Z AUTO 13006KT 4400 RA SCT004/// BKN030/// OVC042/// 12/11 Q1028,M
FAGG,2026-07-27 18:46,53.60,51.80,93.60,120.00,7.00,0.00,30.36,M,3.11,M,SCT,BKN,OVC,M,400.00,1000.00,3000.00,M,RA,M,M,M,M,M,M,53.60,FAGG 271846Z AUTO 12007KT 080V150 5000 RA SCT004/// BKN010/// OVC030/// 12/11 Q1028,M
FAGG,2026-07-27 18:47,53.60,51.80,93.60,120.00,7.00,0.00,30.36,M,3.11,M,SCT,BKN,OVC,M,400.00,800.00,3000.00,M,RA,M,M,M,M,M,M,53.60,FAGG 271847Z AUTO 12007KT 080V150 5000 RA SCT004/// BKN008/// OVC030/// 12/11 Q1028,M
FAGG,2026-07-27 19:00,53.60,51.80,93.60,90.00,10.00,0.00,30.36,M,3.73,M,SCT,OVC,M,M,500.00,2800.00,M,M,RA,M,M,M,M,M,M,53.60,FAGG 271900Z AUTO 09010KT 6000 RA SCT005/// OVC028/// 12/11 Q1028,M
FAGG,2026-07-27 19:08,53.60,51.80,93.60,80.00,7.00,0.00,30.36,M,6.21,M,FEW,OVC,M,M,500.00,2700.00,M,M,-RA,M,M,M,M,M,M,53.60,FAGG 271908Z AUTO 08007KT 9999 -RA FEW005/// OVC027/// 12/11 Q1028,M
FAGG,2026-07-27 20:00,51.80,51.80,100.00,90.00,4.00,0.00,30.39,M,6.21,M,FEW,SCT,OVC,M,700.00,3000.00,3600.00,M,M,M,M,M,M,M,M,51.80,FAGG 272000Z AUTO 09004KT 9999 FEW007/// SCT030/// OVC036/// 11/11 Q1029,M
FAGG,2026-07-27 21:00,51.80,51.80,100.00,160.00,3.00,0.00,30.39,M,6.21,M,SCT,BKN,OVC,M,1700.00,2200.00,4400.00,M,-RA,M,M,M,M,M,M,51.80,FAGG 272100Z AUTO 16003KT 130V190 9999 4300 -RA SCT017/// BKN022/// OVC044/// 11/11 Q1029,M
FAGG,2026-07-27 21:04,51.80,51.80,100.00,130.00,3.00,0.00,30.39,M,4.97,M,FEW,SCT,OVC,M,1400.00,1700.00,2100.00,M,RA,M,M,M,M,M,M,51.80,FAGG 272104Z AUTO 13003KT 090V180 8000 RA FEW014/// SCT017/// OVC021/// 11/11 Q1029,M
FAGG,2026-07-27 21:39,51.80,51.80,100.00,110.00,3.00,0.00,30.39,M,6.21,M,FEW,SCT,OVC,M,900.00,1300.00,3600.00,M,-RA,M,M,M,M,M,M,51.80,FAGG 272139Z AUTO 11003KT 9999 -RA FEW009/// SCT013/// OVC036/// 11/11 Q1029,M
FAGG,2026-07-27 22:00,51.80,51.80,100.00,130.00,2.00,0.00,30.39,M,6.21,M,FEW,BKN,OVC,M,1200.00,3600.00,4400.00,M,-RA,M,M,M,M,M,M,51.80,FAGG 272200Z AUTO 13002KT 9999 -RA FEW012/// BKN036/// OVC044/// 11/11 Q1029,M
FAGG,2026-07-27 22:01,51.80,51.80,100.00,M,2.00,0.00,30.39,M,5.59,M,FEW,BKN,OVC,M,1200.00,3500.00,4300.00,M,+DZ,M,M,M,M,M,M,51.80,FAGG 272201Z AUTO VRB02KT 9000 +DZ FEW012/// BKN035/// OVC043/// 11/11 Q1029,M
FAGG,2026-07-27 22:12,51.80,51.80,100.00,60.00,2.00,0.00,30.39,M,6.21,M,FEW,BKN,OVC,M,1100.00,3500.00,4300.00,M,-RA,M,M,M,M,M,M,51.80,FAGG 272212Z AUTO 06002KT 9999 -RA FEW011/// BKN035/// OVC043/// 11/11 Q1029 REDZ,M
FAGG,2026-07-27 23:00,51.80,51.80,100.00,30.00,3.00,0.00,30.39,M,6.21,M,FEW,BKN,OVC,M,2300.00,5900.00,7400.00,M,-RA,M,M,M,M,M,M,51.80,FAGG 272300Z AUTO 03003KT 9999 -RA FEW023/// BKN059/// OVC074/// 11/11 Q1029,M
FAGG,2026-07-28 00:00,51.80,51.80,100.00,M,1.00,0.00,30.42,M,6.21,M,FEW,BKN,OVC,M,1800.00,2900.00,5500.00,M,-RA,M,M,M,M,M,M,51.80,FAGG 280000Z AUTO VRB01KT 9999 -RA FEW018/// BKN029/// OVC055/// 11/11 Q1030,M
FAGG,2026-07-28 01:00,51.80,50.00,93.55,350.00,2.00,0.00,30.39,M,6.21,M,FEW,BKN,BKN,M,4000.00,8400.00,11000.00,M,M,M,M,M,M,M,M,51.80,FAGG 280100Z AUTO 35002KT 9999 2200 FEW040/// BKN084/// BKN110/// 11/10 Q1029,M
FAGG,2026-07-28 01:48,51.80,50.00,93.55,170.00,3.00,0.00,30.39,M,4.97,M,SCT,BKN,OVC,M,2700.00,3200.00,4000.00,M,DZ,M,M,M,M,M,M,51.80,FAGG 280148Z AUTO 17003KT 090V210 8000 DZ SCT027/// BKN032/// OVC040/// 11/10 Q1029,M
FAGG,2026-07-28 01:59,51.80,50.00,93.55,120.00,3.00,0.00,30.39,M,4.97,M,SCT,BKN,OVC,M,2100.00,3200.00,3800.00,M,-RA,M,M,M,M,M,M,51.80,FAGG 280159Z AUTO 12003KT 090V170 8000 -RA SCT021/// BKN032/// OVC038/// 11/10 Q1029 REDZ,M
FAGG,2026-07-28 02:00,51.80,50.00,93.55,120.00,3.00,0.00,30.39,M,4.97,M,SCT,BKN,OVC,M,2100.00,3200.00,3800.00,M,-RA,M,M,M,M,M,M,51.80,FAGG 280200Z AUTO 12003KT 090V170 8000 -RA SCT021/// BKN032/// OVC038/// 11/10 Q1029 REDZ,M
FAGG,2026-07-28 03:00,50.00,50.00,100.00,50.00,2.00,0.00,30.36,M,6.21,M,FEW,SCT,M,M,2100.00,3900.00,M,M,M,M,M,M,M,M,M,50.00,FAGG 280300Z 05002KT 9999 FEW021 SCT039 10/10 Q1028,M
FAGG,2026-07-28 04:00,50.00,50.00,100.00,220.00,4.00,0.00,30.39,M,3.11,M,FEW,SCT,BKN,M,1600.00,2000.00,2400.00,M,-RA,M,M,M,M,M,M,50.00,FAGG 280400Z 22004KT 5000 -RA FEW016 SCT020 BKN024 10/10 Q1029,M
FAGG,2026-07-28 05:00,51.80,50.00,93.55,50.00,4.00,0.00,30.39,M,6.21,M,SCT,BKN,M,M,2100.00,2800.00,M,M,M,M,M,M,M,M,M,51.80,FAGG 280500Z 05004KT 9999 SCT021 BKN028 11/10 Q1029 REDZ,M
FAGG,2026-07-28 06:00,51.80,50.00,93.55,350.00,3.00,0.00,30.42,M,6.21,M,SCT,BKN,M,M,2400.00,3000.00,M,M,M,M,M,M,M,M,M,51.80,FAGG 280600Z 35003KT 330V030 9999 SCT024 BKN030 11/10 Q1030,M
FAGG,2026-07-28 07:00,53.60,51.80,93.60,70.00,5.00,0.00,30.45,M,6.21,M,FEW,SCT,BKN,M,1700.00,2100.00,3000.00,M,M,M,M,M,M,M,M,53.60,FAGG 280700Z 07005KT 9999 FEW017 SCT021 BKN030 12/11 Q1031,M
FAGG,2026-07-28 07:33,53.60,51.80,93.60,80.00,7.00,0.00,30.45,M,1.86,M,FEW,BKN,OVC,M,1100.00,1400.00,3100.00,M,-RA,M,M,M,M,M,M,53.60,FAGG 280733Z 08007KT 3000 -RA FEW011 BKN014 OVC031 12/11 Q1031,M
FAGG,2026-07-28 07:47,53.60,51.80,93.60,80.00,7.00,0.00,30.45,M,3.11,M,FEW,BKN,OVC,M,600.00,1700.00,2000.00,M,-RA,M,M,M,M,M,M,53.60,FAGG 280747Z 08007KT 5000 -RA FEW006 BKN017 OVC020 12/11 Q1031,M
FAGG,2026-07-28 08:00,53.60,51.80,93.60,90.00,8.00,0.00,30.45,M,3.11,M,FEW,BKN,OVC,M,600.00,1700.00,2100.00,M,-RA,M,M,M,M,M,M,53.60,FAGG 280800Z 09008KT 5000 -RA FEW006 BKN017 OVC021 12/11 Q1031,M
FAGG,2026-07-28 09:00,53.60,51.80,93.60,80.00,7.00,0.00,30.47,M,6.21,M,FEW,SCT,BKN,M,700.00,2400.00,4500.00,M,-RA,M,M,M,M,M,M,53.60,FAGG 280900Z 08007KT 9999 -RA FEW007 SCT024 BKN045 12/11 Q1032,M
FAGG,2026-07-28 10:00,55.40,53.60,93.65,140.00,9.00,0.00,30.47,M,6.21,M,FEW,SCT,BKN,M,1000.00,3100.00,3900.00,M,M,M,M,M,M,M,M,55.40,FAGG 281000Z 14009KT 9999 FEW010 SCT031 BKN039 13/12 Q1032,M
FAGG,2026-07-28 11:00,59.00,53.60,82.26,120.00,8.00,0.00,30.45,M,6.21,M,SCT,BKN,M,M,800.00,3800.00,M,M,M,M,M,M,M,M,M,59.00,FAGG 281100Z 12008KT 090V150 9999 SCT008 BKN038 15/12 Q1031,M
FAGG,2026-07-28 11:05,57.20,53.60,87.75,130.00,9.00,0.00,30.45,M,6.21,M,FEW,BKN,M,M,900.00,1300.00,M,M,M,M,M,M,M,M,M,57.20,FAGG 281105Z 13009KT 9999 FEW009 BKN013 14/12 Q1031,M
FAGG,2026-07-28 11:25,57.20,51.80,82.13,140.00,10.00,0.00,30.42,M,6.21,M,FEW,SCT,M,M,900.00,1400.00,M,M,M,M,M,M,M,M,M,57.20,FAGG 281125Z 14010KT 9999 FEW009 SCT014 14/11 Q1030,M
FAGG,2026-07-28 12:00,59.00,51.80,76.99,130.00,12.00,0.00,30.42,M,6.21,M,FEW,SCT,M,M,900.00,1600.00,M,M,M,M,M,M,M,M,M,59.00,FAGG 281200Z 13012KT 9999 FEW009 SCT016 15/11 Q1030,M
FAGG,2026-07-28 13:00,57.20,51.80,82.13,130.00,12.00,0.00,30.42,M,6.21,M,FEW,BKN,M,M,1500.00,2200.00,M,M,-RA,M,M,M,M,M,M,57.20,FAGG 281300Z 13012KT 100V160 9999 -RA FEW015 BKN022 14/11 Q1030,M
FAGG,2026-07-28 14:00,59.00,51.80,76.99,110.00,11.00,0.00,30.42,M,6.21,M,SCT,BKN,M,M,1700.00,2400.00,M,M,M,M,M,M,M,M,M,59.00,FAGG 281400Z 11011KT 9999 SCT017 BKN024 15/11 Q1030,M
FAGG,2026-07-28 15:00,57.20,48.20,71.84,110.00,12.00,0.00,30.42,M,6.21,M,FEW,SCT,M,M,2800.00,4700.00,M,M,M,M,M,M,M,M,M,57.20,FAGG 281500Z 11012KT 9999 FEW028 SCT047 14/09 Q1030,M
FAGG,2026-07-28 16:00,55.40,48.20,76.67,100.00,11.00,0.00,30.42,M,6.21,M,SCT,M,M,M,2800.00,M,M,M,M,M,M,M,M,M,M,55.40,FAGG 281600Z 10011KT 9999 SCT028 13/09 Q1030,M
FAGG,2026-07-28 17:00,53.60,48.20,81.87,80.00,10.00,0.00,30.45,M,6.21,M,M,M,M,M,M,M,M,M,M,M,M,M,M,M,M,53.60,FAGG 281700Z 08010KT CAVOK 12/09 Q1031,M
FAGG,2026-07-28 18:00,53.60,48.20,81.87,80.00,7.00,0.00,30.45,M,6.21,M,SCT,M,M,M,4000.00,M,M,M,M,M,M,M,M,M,M,53.60,FAGG 281800Z 08007KT 9999 SCT040 12/09 Q1031,M
FAGG,2026-07-28 19:00,55.40,46.40,71.65,80.00,9.00,0.00,30.45,M,6.21,M,BKN,OVC,M,M,4800.00,5800.00,M,M,M,M,M,M,M,M,M,55.40,FAGG 281900Z AUTO 08009KT 9999 BKN048/// OVC058/// 13/08 Q1031,M
FAGG,2026-07-28 20:00,53.60,46.40,76.51,80.00,9.00,0.00,30.45,M,6.21,M,FEW,BKN,M,M,4400.00,5600.00,M,M,M,M,M,M,M,M,M,53.60,FAGG 282000Z AUTO 08009KT 9999 FEW044/// BKN056/// 12/08 Q1031,M
FAGG,2026-07-28 21:00,51.80,46.40,81.74,90.00,8.00,0.00,30.45,M,6.21,M,M,M,M,M,M,M,M,M,M,M,M,M,M,M,M,51.80,FAGG 282100Z AUTO 09008KT CAVOK 11/08 Q1031,M
FAGG,2026-07-28 22:00,50.00,46.40,87.37,90.00,7.00,0.00,30.45,M,6.21,M,M,M,M,M,M,M,M,M,M,M,M,M,M,M,M,50.00,FAGG 282200Z AUTO 09007KT CAVOK 10/08 Q1031,M
FAGG,2026-07-28 23:00,50.00,46.40,87.37,80.00,5.00,0.00,30.45,M,6.21,M,M,M,M,M,M,M,M,M,M,M,M,M,M,M,M,50.00,FAGG 282300Z AUTO 08005KT CAVOK 10/08 Q1031,M
FAGG,2026-07-29 00:00,50.00,46.40,87.37,80.00,7.00,0.00,30.42,M,6.21,M,M,M,M,M,M,M,M,M,M,M,M,M,M,M,M,50.00,FAGG 290000Z AUTO 08007KT CAVOK 10/08 Q1030,M
FAGG,2026-07-29 01:00,50.00,46.40,87.37,90.00,7.00,0.00,30.42,M,6.21,M,M,M,M,M,M,M,M,M,M,M,M,M,M,M,M,50.00,FAGG 290100Z AUTO 09007KT CAVOK 10/08 Q1030,M
FAGG,2026-07-29 02:00,50.00,46.40,87.37,90.00,7.00,0.00,30.39,M,6.21,M,M,M,M,M,M,M,M,M,M,M,M,M,M,M,M,50.00,FAGG 290200Z AUTO 09007KT CAVOK 10/08 Q1029,M
FAGG,2026-07-29 03:00,48.20,44.60,87.28,70.00,4.00,0.00,30.39,M,6.21,M,FEW,M,M,M,3500.00,M,M,M,M,M,M,M,M,M,M,46.34,FAGG 290300Z 07004KT 9999 FEW035 09/07 Q1029,M
FAGG,2026-07-29 04:00,48.20,44.60,87.28,100.00,4.00,0.00,30.39,M,6.21,M,FEW,M,M,M,3500.00,M,M,M,M,M,M,M,M,M,M,46.34,FAGG 290400Z 10004KT 9999 FEW035 09/07 Q1029,M
FAGG,2026-07-29 05:00,48.20,44.60,87.28,80.00,3.00,0.00,30.39,M,6.21,M,FEW,M,M,M,3500.00,M,M,M,M,M,M,M,M,M,M,47.21,FAGG 290500Z 08003KT 040V110 9999 FEW035 09/07 Q1029,M
FAGG,2026-07-29 06:00,48.20,44.60,87.28,70.00,4.00,0.00,30.39,M,6.21,M,FEW,M,M,M,3500.00,M,M,M,M,M,M,M,M,M,M,46.34,FAGG 290600Z 07004KT 9999 FEW035 09/07 Q1029,M
FAGG,2026-07-29 06:18,51.80,44.60,76.34,100.00,5.00,0.00,30.39,M,6.21,M,FEW,M,M,M,3500.00,M,M,M,M,M,M,M,M,M,M,51.80,FAGG 290618Z 10005KT 060V130 9999 FEW035 11/07 Q1029,M
FAGG,2026-07-29 07:00,53.60,46.40,76.51,90.00,5.00,0.00,30.39,M,6.21,M,FEW,M,M,M,4000.00,M,M,M,M,M,M,M,M,M,M,53.60,FAGG 290700Z 09005KT 9999 FEW040 12/08 Q1029,M
FAGG,2026-07-29 08:00,57.20,48.20,71.84,100.00,10.00,0.00,30.39,M,6.21,M,FEW,M,M,M,3500.00,M,M,M,M,M,M,M,M,M,M,57.20,FAGG 290800Z 10010KT 9999 FEW035 14/09 Q1029,M
FAGG,2026-07-29 09:00,59.00,48.20,67.34,110.00,11.00,0.00,30.39,M,6.21,M,FEW,M,M,M,4000.00,M,M,M,M,M,M,M,M,M,M,59.00,FAGG 290900Z 11011KT 9999 FEW040 15/09 Q1029,M
FAGG,2026-07-29 10:00,60.80,50.00,67.55,90.00,14.00,0.00,30.36,M,6.21,M,FEW,M,M,M,3500.00,M,M,M,M,M,M,M,M,M,M,60.80,FAGG 291000Z 09014KT 9999 FEW035 16/10 Q1028,M
FAGG,2026-07-29 11:00,62.60,50.00,63.39,100.00,12.00,0.00,30.33,M,6.21,M,FEW,M,M,M,3900.00,M,M,M,M,M,M,M,M,M,M,62.60,FAGG 291100Z 10012KT 9999 FEW039 17/10 Q1027,M
FAGG,2026-07-29 12:00,62.60,50.00,63.39,120.00,13.00,0.00,30.30,M,6.21,M,FEW,M,M,M,4700.00,M,M,M,M,M,M,M,M,M,M,62.60,FAGG 291200Z 12013KT 9999 FEW047 17/10 Q1026,M
FAGG,2026-07-29 13:00,60.80,51.80,72.21,110.00,14.00,0.00,30.30,M,6.21,M,FEW,M,M,M,4700.00,M,M,M,M,M,M,M,M,M,M,60.80,FAGG 291300Z 11014KT 9999 FEW047 16/11 Q1026,M
FAGG,2026-07-29 14:00,60.80,51.80,72.21,110.00,15.00,0.00,30.30,M,6.21,M,FEW,M,M,M,4000.00,M,M,M,M,M,M,M,M,M,M,60.80,FAGG 291400Z 11015KT 9999 FEW040 16/11 Q1026,M
FAGG,2026-07-29 15:00,59.00,51.80,76.99,100.00,13.00,0.00,30.30,M,6.21,M,FEW,M,M,M,3700.00,M,M,M,M,M,M,M,M,M,M,59.00,FAGG 291500Z 10013KT 9999 FEW037 15/11 Q1026,M
FAGG,2026-07-29 16:00,57.20,51.80,82.13,100.00,10.00,0.00,30.30,M,6.21,M,FEW,M,M,M,3700.00,M,M,M,M,M,M,M,M,M,M,57.20,FAGG 291600Z 10010KT 9999 FEW037 14/11 Q1026,M
FAGG,2026-07-29 17:00,53.60,50.00,87.56,110.00,8.00,0.00,30.30,M,6.21,M,FEW,M,M,M,3700.00,M,M,M,M,M,M,M,M,M,M,53.60,FAGG 291700Z 11008KT 9999 FEW037 12/10 Q1026,M
FAGG,2026-07-29 18:00,53.60,50.00,87.56,110.00,9.00,0.00,30.30,M,6.21,M,FEW,M,M,M,3700.00,M,M,M,M,M,M,M,M,M,M,53.60,FAGG 291800Z 11009KT 9999 FEW037 12/10 Q1026,M
FAGG,2026-07-29 19:00,53.60,50.00,87.56,90.00,7.00,0.00,30.30,M,6.21,M,M,M,M,M,M,M,M,M,M,M,M,M,M,M,M,53.60,FAGG 291900Z AUTO 09007KT CAVOK 12/10 Q1026,M
FAGG,2026-07-29 20:00,50.00,48.20,93.50,100.00,6.00,0.00,30.30,M,6.21,M,M,M,M,M,M,M,M,M,M,M,M,M,M,M,M,50.00,FAGG 292000Z AUTO 10006KT CAVOK 10/09 Q1026,M
FAGG,2026-07-29 21:00,51.80,50.00,93.55,70.00,4.00,0.00,30.30,M,6.21,M,M,M,M,M,M,M,M,M,M,M,M,M,M,M,M,51.80,FAGG 292100Z AUTO 07004KT 360V090 CAVOK 11/10 Q1026,M
FAGG,2026-07-29 22:00,48.20,46.40,93.45,10.00,3.00,0.00,30.30,M,6.21,M,M,M,M,M,M,M,M,M,M,M,M,M,M,M,M,47.21,FAGG 292200Z AUTO 01003KT CAVOK 09/08 Q1026,M
FAGG,2026-07-29 23:00,48.20,46.40,93.45,90.00,4.00,0.00,30.30,M,6.21,M,M,M,M,M,M,M,M,M,M,M,M,M,M,M,M,46.34,FAGG 292300Z AUTO 09004KT CAVOK 09/08 Q1026,M
FAGG,2026-07-29 23:33,50.00,46.40,87.37,60.00,5.00,0.00,30.30,M,6.21,M,M,M,M,M,M,M,M,M,M,M,M,M,M,M,M,50.00,FAGG 292333Z AUTO 06005KT 330V080 CAVOK 10/08 Q1026,M
FAGG,2026-07-30 00:00,48.20,44.60,87.28,40.00,4.00,0.00,30.30,M,6.21,M,M,M,M,M,M,M,M,M,M,M,M,M,M,M,M,46.34,FAGG 300000Z AUTO 04004KT CAVOK 09/07 Q1026,M
FAGG,2026-07-30 01:00,46.40,42.80,87.18,10.00,3.00,0.00,30.30,M,6.21,M,M,M,M,M,M,M,M,M,M,M,M,M,M,M,M,45.15,FAGG 300100Z AUTO 01003KT CAVOK 08/06 Q1026,M
FAGG,2026-07-30 02:00,46.40,42.80,87.18,M,2.00,0.00,30.33,M,6.21,M,M,M,M,M,M,M,M,M,M,M,M,M,M,M,M,46.40,FAGG 300200Z AUTO VRB02KT CAVOK 08/06 Q1027,M
FAGG,2026-07-30 03:00,42.80,41.00,93.29,320.00,4.00,0.00,30.33,M,6.21,M,M,M,M,M,M,M,M,M,M,M,M,M,M,M,M,40.03,FAGG 300300Z 32004KT CAVOK 06/05 Q1027,M
FAGG,2026-07-30 04:00,44.60,42.80,93.35,360.00,3.00,0.00,30.30,M,6.21,M,M,M,M,M,M,M,M,M,M,M,M,M,M,M,M,43.09,FAGG 300400Z 36003KT CAVOK 07/06 Q1026,M
FAGG,2026-07-30 05:00,44.60,41.00,87.08,M,2.00,0.00,30.30,M,6.21,M,M,M,M,M,M,M,M,M,M,M,M,M,M,M,M,44.60,FAGG 300500Z VRB02KT CAVOK 07/05 Q1026,M
FAGG,2026-07-30 06:00,46.40,42.80,87.18,M,1.00,0.00,30.33,M,6.21,M,M,M,M,M,M,M,M,M,M,M,M,M,M,M,M,46.40,FAGG 300600Z VRB01KT CAVOK 08/06 Q1027,M
FAGG,2026-07-30 06:45,51.80,46.40,81.74,M,2.00,0.00,30.33,M,6.21,M,M,M,M,M,M,M,M,M,M,M,M,M,M,M,M,51.80,FAGG 300645Z VRB02KT CAVOK 11/08 Q1027,M
FAGG,2026-07-30 07:00,51.80,46.40,81.74,M,2.00,0.00,30.33,M,6.21,M,M,M,M,M,M,M,M,M,M,M,M,M,M,M,M,51.80,FAGG 300700Z VRB02KT CAVOK 11/08 Q1027,M
FAGG,2026-07-30 07:42,57.20,48.20,71.84,M,2.00,0.00,30.36,M,6.21,M,M,M,M,M,M,M,M,M,M,M,M,M,M,M,M,57.20,FAGG 300742Z VRB02KT CAVOK 14/09 Q1028,M
FAGG,2026-07-30 08:00,57.20,48.20,71.84,M,1.00,0.00,30.36,M,6.21,M,M,M,M,M,M,M,M,M,M,M,M,M,M,M,M,57.20,FAGG 300800Z VRB01KT CAVOK 14/09 Q1028,M
FAGG,2026-07-30 08:51,62.60,50.00,63.39,M,1.00,0.00,30.36,M,6.21,M,M,M,M,M,M,M,M,M,M,M,M,M,M,M,M,62.60,FAGG 300851Z VRB01KT CAVOK 17/10 Q1028,M
FAGG,2026-07-30 09:00,60.80,48.20,63.16,M,2.00,0.00,30.36,M,6.21,M,M,M,M,M,M,M,M,M,M,M,M,M,M,M,M,60.80,FAGG 300900Z VRB02KT CAVOK 16/09 Q1028,M
FAGG,2026-07-30 10:00,60.80,48.20,63.16,140.00,5.00,0.00,30.36,M,6.21,M,M,M,M,M,M,M,M,M,M,M,M,M,M,M,M,60.80,FAGG 301000Z 14005KT 100V180 CAVOK 16/09 Q1028,M
FAGG,2026-07-30 10:26,64.40,46.40,52.00,M,3.00,0.00,30.33,M,6.21,M,M,M,M,M,M,M,M,M,M,M,M,M,M,M,M,64.40,FAGG 301026Z VRB03KT CAVOK 18/08 Q1027,M
FAGG,2026-07-30 11:00,64.40,46.40,52.00,130.00,4.00,0.00,30.33,M,6.21,M,M,M,M,M,M,M,M,M,M,M,M,M,M,M,M,64.40,FAGG 301100Z 13004KT 080V180 CAVOK 18/08 Q1027,M
FAGG,2026-07-30 12:00,66.20,46.40,48.85,130.00,5.00,0.00,30.33,M,6.21,M,M,M,M,M,M,M,M,M,M,M,M,M,M,M,M,66.20,FAGG 301200Z 13005KT 080V180 CAVOK 19/08 Q1027,M
FAGG,2026-07-30 13:00,64.40,48.20,55.65,110.00,9.00,0.00,30.30,M,6.21,M,M,M,M,M,M,M,M,M,M,M,M,M,M,M,M,64.40,FAGG 301300Z 11009KT 080V160 CAVOK 18/09 Q1026,M
FAGG,2026-07-30 14:00,60.80,53.60,77.15,100.00,10.00,0.00,30.33,M,6.21,M,M,M,M,M,M,M,M,M,M,M,M,M,M,M,M,60.80,FAGG 301400Z 10010KT CAVOK 16/12 Q1027,M
FAGG,2026-07-30 15:00,60.80,53.60,77.15,110.00,12.00,0.00,30.33,M,6.21,M,M,M,M,M,M,M,M,M,M,M,M,M,M,M,M,60.80,FAGG 301500Z 11012KT CAVOK 16/12 Q1027,M
FAGG,2026-07-30 16:00,57.20,53.60,87.75,100.00,10.00,0.00,30.33,M,6.21,M,M,M,M,M,M,M,M,M,M,M,M,M,M,M,M,57.20,FAGG 301600Z 10010KT CAVOK 14/12 Q1027,M
FAGG,2026-07-30 17:00,57.20,51.80,82.13,110.00,9.00,0.00,30.33,M,6.21,M,M,M,M,M,M,M,M,M,M,M,M,M,M,M,M,57.20,FAGG 301700Z 11009KT CAVOK 14/11 Q1027,M
FAGG,2026-07-30 18:00,55.40,51.80,87.65,90.00,5.00,0.00,30.33,M,6.21,M,M,M,M,M,M,M,M,M,M,M,M,M,M,M,M,55.40,FAGG 301800Z 09005KT CAVOK 13/11 Q1027,M
FAGG,2026-07-31 02:32,50.00,39.20,66.26,10.00,4.00,0.00,30.33,M,6.21,M,M,M,M,M,M,M,M,M,M,M,M,M,M,M,M,50.00,FAGG 310232Z 01004KT 340V050 CAVOK 10/04 Q1027,M
FAGG,2026-07-31 03:00,46.40,39.20,75.84,M,2.00,0.00,30.33,M,6.21,M,M,M,M,M,M,M,M,M,M,M,M,M,M,M,M,46.40,FAGG 310300Z VRB02KT CAVOK 08/04 Q1027,M
FAGG,2026-07-31 03:19,50.00,37.40,61.75,70.00,3.00,0.00,30.33,M,6.21,M,M,M,M,M,M,M,M,M,M,M,M,M,M,M,M,50.00,FAGG 310319Z 07003KT 030V090 CAVOK 10/03 Q1027,M
FAGG,2026-07-31 04:00,48.20,37.40,66.04,60.00,4.00,0.00,30.33,M,6.21,M,M,M,M,M,M,M,M,M,M,M,M,M,M,M,M,46.34,FAGG 310400Z 06004KT CAVOK 09/03 Q1027,M
FAGG,2026-07-31 05:00,44.60,37.40,75.67,320.00,4.00,0.00,30.33,M,6.21,M,M,M,M,M,M,M,M,M,M,M,M,M,M,M,M,42.13,FAGG 310500Z 32004KT CAVOK 07/03 Q1027,M
FAGG,2026-07-31 05:33,48.20,39.20,70.87,0.00,0.00,0.00,30.36,M,6.21,M,M,M,M,M,M,M,M,M,M,M,M,M,M,M,M,48.20,FAGG 310533Z 00000KT CAVOK 09/04 Q1028,M
FAGG,2026-07-31 06:00,48.20,37.40,66.04,M,2.00,0.00,30.33,M,6.21,M,M,M,M,M,M,M,M,M,M,M,M,M,M,M,M,48.20,FAGG 310600Z VRB02KT CAVOK 09/03 Q1027,M
FAGG,2026-07-31 06:45,50.00,44.60,81.60,70.00,3.00,0.00,30.33,M,6.21,M,M,M,M,M,M,M,M,M,M,M,M,M,M,M,M,50.00,FAGG 310645Z 07003KT 350V100 CAVOK 10/07 Q1027,M
FAGG,2026-07-31 07:00,51.80,42.80,71.26,70.00,3.00,0.00,30.36,M,6.21,M,M,M,M,M,M,M,M,M,M,M,M,M,M,M,M,51.80,FAGG 310700Z 07003KT CAVOK 11/06 Q1028,M
FAGG,2026-07-31 07:20,55.40,46.40,71.65,90.00,4.00,0.00,30.36,M,6.21,M,M,M,M,M,M,M,M,M,M,M,M,M,M,M,M,55.40,FAGG 310720Z 09004KT CAVOK 13/08 Q1028,M
FAGG,2026-07-31 07:51,59.00,44.60,58.78,130.00,5.00,0.00,30.33,M,6.21,M,M,M,M,M,M,M,M,M,M,M,M,M,M,M,M,59.00,FAGG 310751Z 13005KT CAVOK 15/07 Q1027,M
FAGG,2026-07-31 08:00,59.00,44.60,58.78,120.00,5.00,0.00,30.33,M,6.21,M,M,M,M,M,M,M,M,M,M,M,M,M,M,M,M,59.00,FAGG 310800Z 12005KT CAVOK 15/07 Q1027,M
FAGG,2026-07-31 09:00,60.80,41.00,48.01,130.00,4.00,0.00,30.33,M,6.21,M,M,M,M,M,M,M,M,M,M,M,M,M,M,M,M,60.80,FAGG 310900Z 13004KT 050V190 CAVOK 16/05 Q1027,M
FAGG,2026-07-31 10:00,64.40,42.80,45.34,130.00,5.00,0.00,30.30,M,6.21,M,M,M,M,M,M,M,M,M,M,M,M,M,M,M,M,64.40,FAGG 311000Z 13005KT 100V170 CAVOK 18/06 Q1026,M
FAGG,2026-07-31 11:00,64.40,42.80,45.34,160.00,7.00,0.00,30.30,M,6.21,M,M,M,M,M,M,M,M,M,M,M,M,M,M,M,M,64.40,FAGG 311100Z 16007KT 120V190 CAVOK 18/06 Q1026,M
FAGG,2026-07-31 12:00,64.40,42.80,45.34,140.00,5.00,0.00,30.27,M,6.21,M,M,M,M,M,M,M,M,M,M,M,M,M,M,M,M,64.40,FAGG 311200Z 14005KT 080V180 CAVOK 18/06 Q1025,M
FAGG,2026-07-31 13:00,64.40,46.40,52.00,130.00,5.00,0.00,30.27,M,6.21,M,M,M,M,M,M,M,M,M,M,M,M,M,M,M,M,64.40,FAGG 311300Z 13005KT CAVOK 18/08 Q1025,M
FAGG,2026-07-31 14:00,62.60,46.40,55.39,110.00,4.00,0.00,30.27,M,6.21,M,M,M,M,M,M,M,M,M,M,M,M,M,M,M,M,62.60,FAGG 311400Z 11004KT 080V140 CAVOK 17/08 Q1025,M
FAGG,2026-07-31 15:00,60.80,48.20,63.16,140.00,4.00,0.00,30.24,M,6.21,M,M,M,M,M,M,M,M,M,M,M,M,M,M,M,M,60.80,FAGG 311500Z 14004KT CAVOK 16/09 Q1024,M
FAGG,2026-07-31 16:00,59.00,48.20,67.34,350.00,2.00,0.00,30.24,M,6.21,M,M,M,M,M,M,M,M,M,M,M,M,M,M,M,M,59.00,FAGG 311600Z 35002KT CAVOK 15/09 Q1024,M
FAGG,2026-07-31 17:00,53.60,48.20,81.87,40.00,3.00,0.00,30.24,M,6.21,M,M,M,M,M,M,M,M,M,M,M,M,M,M,M,M,53.60,FAGG 311700Z 04003KT 360V080 CAVOK 12/09 Q1024,M
FAGG,2026-07-31 18:00,51.80,44.60,76.34,M,2.00,0.00,30.24,M,6.21,M,M,M,M,M,M,M,M,M,M,M,M,M,M,M,M,51.80,FAGG 311800Z VRB02KT CAVOK 11/07 Q1024,M
FAGG,2026-07-31 18:14,55.40,42.80,62.46,340.00,3.00,0.00,30.24,M,6.21,M,M,M,M,M,M,M,M,M,M,M,M,M,M,M,M,55.40,FAGG 311814Z 34003KT 280V070 CAVOK 13/06 Q1024,M
FAGG,2026-07-31 19:00,51.80,41.00,66.48,50.00,3.00,0.00,30.24,M,6.21,M,M,M,M,M,M,M,M,M,M,M,M,M,M,M,M,51.80,FAGG 311900Z AUTO 05003KT 360V070 CAVOK 11/05 Q1024,M
FAGG,2026-07-31 19:53,53.60,39.20,58.02,M,2.00,0.00,30.21,M,6.21,M,M,M,M,M,M,M,M,M,M,M,M,M,M,M,M,53.60,FAGG 311953Z AUTO VRB02KT CAVOK 12/04 Q1023,M
FAGG,2026-07-31 20:00,53.60,39.20,58.02,M,2.00,0.00,30.21,M,6.21,M,M,M,M,M,M,M,M,M,M,M,M,M,M,M,M,53.60,FAGG 312000Z AUTO VRB02KT CAVOK 12/04 Q1023,M
FAGG,2026-07-31 20:47,53.60,41.00,62.22,170.00,3.00,0.00,30.21,M,6.21,M,M,M,M,M,M,M,M,M,M,M,M,M,M,M,M,53.60,FAGG 312047Z AUTO 17003KT CAVOK 12/05 Q1023,M
FAGG,2026-07-31 21:00,53.60,41.00,62.22,M,3.00,0.00,30.21,M,6.21,M,M,M,M,M,M,M,M,M,M,M,M,M,M,M,M,53.60,FAGG 312100Z AUTO VRB03KT CAVOK 12/05 Q1023,M
FAGG,2026-07-31 22:00,50.00,42.80,76.17,M,2.00,0.00,30.21,M,6.21,M,M,M,M,M,M,M,M,M,M,M,M,M,M,M,M,50.00,FAGG 312200Z AUTO VRB02KT CAVOK 10/06 Q1023,M
FAGG,2026-07-31 22:03,53.60,41.00,62.22,M,2.00,0.00,30.21,M,6.21,M,M,M,M,M,M,M,M,M,M,M,M,M,M,M,M,53.60,FAGG 312203Z AUTO VRB02KT CAVOK 12/05 Q1023,M
FAGG,2026-07-31 22:05,57.20,41.00,54.60,M,2.00,0.00,30.21,M,6.21,M,M,M,M,M,M,M,M,M,M,M,M,M,M,M,M,57.20,FAGG 312205Z AUTO VRB02KT CAVOK 14/05 Q1023,M
FAGG,2026-07-31 22:57,50.00,41.00,71.06,M,2.00,0.00,30.18,M,6.21,M,M,M,M,M,M,M,M,M,M,M,M,M,M,M,M,50.00,FAGG 312257Z AUTO VRB02KT CAVOK 10/05 Q1022,M
FAGG,2026-07-31 23:00,50.00,41.00,71.06,M,2.00,0.00,30.18,M,6.21,M,M,M,M,M,M,M,M,M,M,M,M,M,M,M,M,50.00,FAGG 312300Z AUTO VRB02KT CAVOK 10/05 Q1022,M
FAGG,2026-07-31 23:44,51.80,41.00,66.48,30.00,3.00,0.00,30.21,M,6.21,M,M,M,M,M,M,M,M,M,M,M,M,M,M,M,M,51.80,FAGG 312344Z AUTO 03003KT 340V080 CAVOK 11/05 Q1023,M
FAGG,2026-08-01 00:00,48.20,39.20,70.87,60.00,3.00,0.00,30.21,M,6.21,M,M,M,M,M,M,M,M,M,M,M,M,M,M,M,M,47.21,FAGG 010000Z AUTO 06003KT 020V110 CAVOK 09/04 Q1023,M
FAGG,2026-08-01 00:05,51.80,41.00,66.48,50.00,4.00,0.00,30.21,M,6.21,M,M,M,M,M,M,M,M,M,M,M,M,M,M,M,M,51.80,FAGG 010005Z AUTO 05004KT 360V100 CAVOK 11/05 Q1023,M
FAGG,2026-08-01 00:33,53.60,39.20,58.02,M,4.00,0.00,30.18,M,6.21,M,M,M,M,M,M,M,M,M,M,M,M,M,M,M,M,53.60,FAGG 010033Z AUTO VRB04KT CAVOK 12/04 Q1022,M
FAGG,2026-08-01 01:00,51.80,41.00,66.48,M,2.00,0.00,30.18,M,6.21,M,M,M,M,M,M,M,M,M,M,M,M,M,M,M,M,51.80,FAGG 010100Z AUTO VRB02KT CAVOK 11/05 Q1022,M
FAGG,2026-08-01 01:31,51.80,41.00,66.48,M,4.00,0.00,30.18,M,6.21,M,M,M,M,M,M,M,M,M,M,M,M,M,M,M,M,51.80,FAGG 010131Z AUTO VRB04KT CAVOK 11/05 Q1022,M
FAGG,2026-08-01 02:00,44.60,39.20,81.20,330.00,4.00,0.00,30.18,M,6.21,M,M,M,M,M,M,M,M,M,M,M,M,M,M,M,M,42.13,FAGG 010200Z AUTO 33004KT CAVOK 07/04 Q1022,M
FAGG,2026-08-01 02:10,48.20,39.20,70.87,350.00,3.00,0.00,30.18,M,6.21,M,M,M,M,M,M,M,M,M,M,M,M,M,M,M,M,47.21,FAGG 010210Z AUTO 35003KT 320V030 CAVOK 09/04 Q1022,M
FAGG,2026-08-01 03:00,50.00,39.20,66.26,M,2.00,0.00,30.18,M,6.21,M,M,M,M,M,M,M,M,M,M,M,M,M,M,M,M,50.00,FAGG 010300Z VRB02KT CAVOK 10/04 Q1022,M
FAGG,2026-08-01 04:00,48.20,39.20,70.87,350.00,4.00,0.00,30.18,M,6.21,M,M,M,M,M,M,M,M,M,M,M,M,M,M,M,M,46.34,FAGG 010400Z 35004KT CAVOK 09/04 Q1022,M
FAGG,2026-08-01 05:00,50.00,39.20,66.26,330.00,3.00,0.00,30.18,M,6.21,M,M,M,M,M,M,M,M,M,M,M,M,M,M,M,M,50.00,FAGG 010500Z 33003KT CAVOK 10/04 Q1022,M
FAGG,2026-08-01 05:39,50.00,39.20,66.26,360.00,4.00,0.00,30.18,M,6.21,M,M,M,M,M,M,M,M,M,M,M,M,M,M,M,M,50.00,FAGG 010539Z 36004KT CAVOK 10/04 Q1022,M
FAGG,2026-08-01 06:00,50.00,39.20,66.26,20.00,4.00,0.00,30.18,M,6.21,M,M,M,M,M,M,M,M,M,M,M,M,M,M,M,M,50.00,FAGG 010600Z 02004KT CAVOK 10/04 Q1022,M
FAGG,2026-08-01 06:39,51.80,44.60,76.34,M,2.00,0.00,30.21,M,6.21,M,M,M,M,M,M,M,M,M,M,M,M,M,M,M,M,51.80,FAGG 010639Z VRB02KT CAVOK 11/07 Q1023,M
FAGG,2026-08-01 07:00,53.60,46.40,76.51,M,2.00,0.00,30.21,M,6.21,M,M,M,M,M,M,M,M,M,M,M,M,M,M,M,M,53.60,FAGG 010700Z VRB02KT CAVOK 12/08 Q1023,M
FAGG,2026-08-01 07:23,59.00,44.60,58.78,M,2.00,0.00,30.21,M,6.21,M,M,M,M,M,M,M,M,M,M,M,M,M,M,M,M,59.00,FAGG 010723Z VRB02KT CAVOK 15/07 Q1023,M
FAGG,2026-08-01 07:52,62.60,44.60,51.73,310.00,3.00,0.00,30.21,M,6.21,M,M,M,M,M,M,M,M,M,M,M,M,M,M,M,M,62.60,FAGG 010752Z 31003KT CAVOK 17/07 Q1023,M
FAGG,2026-08-01 08:00,62.60,44.60,51.73,310.00,3.00,0.00,30.21,M,6.21,M,M,M,M,M,M,M,M,M,M,M,M,M,M,M,M,62.60,FAGG 010800Z 31003KT CAVOK 17/07 Q1023,M
FAGG,2026-08-01 08:23,66.20,44.60,45.62,M,2.00,0.00,30.21,M,6.21,M,M,M,M,M,M,M,M,M,M,M,M,M,M,M,M,66.20,FAGG 010823Z VRB02KT CAVOK 19/07 Q1023,M
FAGG,2026-08-01 09:00,66.20,44.60,45.62,310.00,3.00,0.00,30.21,M,6.21,M,M,M,M,M,M,M,M,M,M,M,M,M,M,M,M,66.20,FAGG 010900Z 31003KT 270V340 CAVOK 19/07 Q1023,M
FAGG,2026-08-01 09:23,69.80,44.60,40.31,M,2.00,0.00,30.18,M,6.21,M,M,M,M,M,M,M,M,M,M,M,M,M,M,M,M,69.80,FAGG 010923Z VRB02KT CAVOK 21/07 Q1022,M
FAGG,2026-08-01 10:00,69.80,42.80,37.63,140.00,3.00,0.00,30.18,M,6.21,M,M,M,M,M,M,M,M,M,M,M,M,M,M,M,M,69.80,FAGG 011000Z 14003KT 100V190 CAVOK 21/06 Q1022,M
FAGG,2026-08-01 11:00,71.60,48.20,43.45,140.00,4.00,0.00,30.15,M,6.21,M,M,M,M,M,M,M,M,M,M,M,M,M,M,M,M,71.60,FAGG 011100Z 14004KT 100V170 CAVOK 22/09 Q1021,M
FAGG,2026-08-01 12:00,71.60,50.00,46.47,140.00,5.00,0.00,30.15,M,6.21,M,M,M,M,M,M,M,M,M,M,M,M,M,M,M,M,71.60,FAGG 011200Z 14005KT 100V170 CAVOK 22/10 Q1021,M
FAGG,2026-08-01 13:00,71.60,50.00,46.47,140.00,4.00,0.00,30.12,M,6.21,M,M,M,M,M,M,M,M,M,M,M,M,M,M,M,M,71.60,FAGG 011300Z 14004KT CAVOK 22/10 Q1020,M
FAGG,2026-08-01 14:00,71.60,44.60,37.92,130.00,4.00,0.00,30.12,M,6.21,M,M,M,M,M,M,M,M,M,M,M,M,M,M,M,M,71.60,FAGG 011400Z 13004KT CAVOK 22/07 Q1020,M
FAGG,2026-08-01 15:00,69.80,50.00,49.40,110.00,3.00,0.00,30.12,M,6.21,M,M,M,M,M,M,M,M,M,M,M,M,M,M,M,M,69.80,FAGG 011500Z 11003KT CAVOK 21/10 Q1020,M
FAGG,2026-08-01 16:00,66.20,44.60,45.62,110.00,4.00,0.00,30.12,M,6.21,M,M,M,M,M,M,M,M,M,M,M,M,M,M,M,M,66.20,FAGG 011600Z 11004KT CAVOK 19/07 Q1020,M
FAGG,2026-08-01 17:00,60.80,48.20,63.16,10.00,4.00,0.00,30.12,M,6.21,M,M,M,M,M,M,M,M,M,M,M,M,M,M,M,M,60.80,FAGG 011700Z 01004KT CAVOK 16/09 Q1020,M
FAGG,2026-08-01 18:00,55.40,46.40,71.65,310.00,5.00,0.00,30.15,M,6.21,M,M,M,M,M,M,M,M,M,M,M,M,M,M,M,M,55.40,FAGG 011800Z 31005KT CAVOK 13/08 Q1021,M
FAGG,2026-08-01 19:00,55.40,46.40,71.65,340.00,2.00,0.00,30.12,M,6.21,M,M,M,M,M,M,M,M,M,M,M,M,M,M,M,M,55.40,FAGG 011900Z AUTO 34002KT CAVOK 13/08 Q1020,M
FAGG,2026-08-01 20:00,53.60,46.40,76.51,M,2.00,0.00,30.12,M,6.21,M,M,M,M,M,M,M,M,M,M,M,M,M,M,M,M,53.60,FAGG 012000Z AUTO VRB02KT CAVOK 12/08 Q1020,M
FAGG,2026-08-01 21:00,51.80,42.80,71.26,310.00,3.00,0.00,30.12,M,6.21,M,M,M,M,M,M,M,M,M,M,M,M,M,M,M,M,51.80,FAGG 012100Z AUTO 31003KT 260V340 CAVOK 11/06 Q1020,M
FAGG,2026-08-01 21:31,53.60,42.80,66.70,M,2.00,0.00,30.12,M,6.21,M,M,M,M,M,M,M,M,M,M,M,M,M,M,M,M,53.60,FAGG 012131Z AUTO VRB02KT CAVOK 12/06 Q1020,M
FAGG,2026-08-01 22:00,53.60,41.00,62.22,340.00,3.00,0.00,30.12,M,6.21,M,M,M,M,M,M,M,M,M,M,M,M,M,M,M,M,53.60,FAGG 012200Z AUTO 34003KT 300V010 CAVOK 12/05 Q1020,M
FAGG,2026-08-01 23:00,53.60,41.00,62.22,340.00,4.00,0.00,30.12,M,6.21,M,M,M,M,M,M,M,M,M,M,M,M,M,M,M,M,53.60,FAGG 012300Z AUTO 34004KT CAVOK 12/05 Q1020,M
FAGG,2026-08-01 23:41,53.60,41.00,62.22,300.00,6.00,0.00,30.12,M,6.21,M,M,M,M,M,M,M,M,M,M,M,M,M,M,M,M,53.60,FAGG 012341Z AUTO 30006KT CAVOK 12/05 Q1020,M
FAGG,2026-08-02 00:00,53.60,41.00,62.22,320.00,5.00,0.00,30.12,M,6.21,M,M,M,M,M,M,M,M,M,M,M,M,M,M,M,M,53.60,FAGG 020000Z AUTO 32005KT CAVOK 12/05 Q1020,M
FAGG,2026-08-02 00:35,57.20,39.20,50.91,350.00,4.00,0.00,30.12,M,6.21,M,M,M,M,M,M,M,M,M,M,M,M,M,M,M,M,57.20,FAGG 020035Z AUTO 35004KT CAVOK 14/04 Q1020,M
FAGG,2026-08-02 01:00,59.00,39.20,47.72,330.00,3.00,0.00,30.09,M,6.21,M,M,M,M,M,M,M,M,M,M,M,M,M,M,M,M,59.00,FAGG 020100Z AUTO 33003KT 300V010 CAVOK 15/04 Q1019,M
FAGG,2026-08-02 01:31,60.80,37.40,41.71,M,2.00,0.00,30.09,M,6.21,M,M,M,M,M,M,M,M,M,M,M,M,M,M,M,M,60.80,FAGG 020131Z AUTO VRB02KT CAVOK 16/03 Q1019,M
FAGG,2026-08-02 02:00,55.40,39.20,54.33,300.00,4.00,0.00,30.09,M,6.21,M,M,M,M,M,M,M,M,M,M,M,M,M,M,M,M,55.40,FAGG 020200Z AUTO 30004KT CAVOK 13/04 Q1019,M
FAGG,2026-08-02 02:13,59.00,37.40,44.47,350.00,3.00,0.00,30.06,M,6.21,M,M,M,M,M,M,M,M,M,M,M,M,M,M,M,M,59.00,FAGG 020213Z 35003KT CAVOK 15/03 Q1018,M
FAGG,2026-08-02 02:25,62.60,35.60,36.45,330.00,3.00,0.00,30.06,M,6.21,M,M,M,M,M,M,M,M,M,M,M,M,M,M,M,M,62.60,FAGG 020225Z 33003KT 300V010 CAVOK 17/02 Q1018,M
FAGG,2026-08-02 03:00,62.60,37.40,39.14,300.00,3.00,0.00,30.09,M,6.21,M,M,M,M,M,M,M,M,M,M,M,M,M,M,M,M,62.60,FAGG 020300Z 30003KT 270V340 CAVOK 17/03 Q1019,M
FAGG,2026-08-02 03:40,64.40,35.60,34.23,M,2.00,0.00,30.09,M,6.21,M,M,M,M,M,M,M,M,M,M,M,M,M,M,M,M,64.40,FAGG 020340Z VRB02KT CAVOK 18/02 Q1019,M
FAGG,2026-08-02 04:00,60.80,35.60,38.85,M,2.00,0.00,30.09,M,6.21,M,M,M,M,M,M,M,M,M,M,M,M,M,M,M,M,60.80,FAGG 020400Z VRB02KT CAVOK 16/02 Q1019,M
FAGG,2026-08-02 04:54,62.60,35.60,36.45,M,2.00,0.00,30.09,M,6.21,M,M,M,M,M,M,M,M,M,M,M,M,M,M,M,M,62.60,FAGG 020454Z VRB02KT CAVOK 17/02 Q1019,M
FAGG,2026-08-02 05:00,62.60,35.60,36.45,M,2.00,0.00,30.09,M,6.21,M,M,M,M,M,M,M,M,M,M,M,M,M,M,M,M,62.60,FAGG 020500Z VRB02KT CAVOK 17/02 Q1019,M
FAGG,2026-08-02 05:55,60.80,35.60,38.85,20.00,2.00,0.00,30.09,M,6.21,M,M,M,M,M,M,M,M,M,M,M,M,M,M,M,M,60.80,FAGG 020555Z 02002KT CAVOK 16/02 Q1019,M
FAGG,2026-08-02 06:00,60.80,35.60,38.85,20.00,2.00,0.00,30.09,M,6.21,M,M,M,M,M,M,M,M,M,M,M,M,M,M,M,M,60.80,FAGG 020600Z 02002KT CAVOK 16/02 Q1019,M
FAGG,2026-08-02 06:32,64.40,41.00,42.30,20.00,2.00,0.00,30.09,M,6.21,M,M,M,M,M,M,M,M,M,M,M,M,M,M,M,M,64.40,FAGG 020632Z 02002KT CAVOK 18/05 Q1019,M
FAGG,2026-08-02 07:00,66.20,44.60,45.62,360.00,3.00,0.00,30.09,M,6.21,M,M,M,M,M,M,M,M,M,M,M,M,M,M,M,M,66.20,FAGG 020700Z 36003KT 320V030 CAVOK 19/07 Q1019,M
FAGG,2026-08-02 07:45,71.60,44.60,37.92,M,1.00,0.00,30.09,M,6.21,M,M,M,M,M,M,M,M,M,M,M,M,M,M,M,M,71.60,FAGG 020745Z VRB01KT CAVOK 22/07 Q1019,M
FAGG,2026-08-02 08:00,71.60,44.60,37.92,M,2.00,0.00,30.09,M,6.21,M,M,M,M,M,M,M,M,M,M,M,M,M,M,M,M,71.60,FAGG 020800Z VRB02KT CAVOK 22/07 Q1019,M
FAGG,2026-08-02 09:00,71.60,46.40,40.60,280.00,3.00,0.00,30.12,M,6.21,M,M,M,M,M,M,M,M,M,M,M,M,M,M,M,M,71.60,FAGG 020900Z 28003KT CAVOK 22/08 Q1020,M
FAGG,2026-08-02 09:25,75.20,48.20,38.50,300.00,4.00,0.00,30.09,M,6.21,M,M,M,M,M,M,M,M,M,M,M,M,M,M,M,M,75.20,FAGG 020925Z 30004KT 260V320 CAVOK 24/09 Q1019,M
FAGG,2026-08-02 10:00,75.20,42.80,31.37,240.00,4.00,0.00,30.09,M,6.21,M,M,M,M,M,M,M,M,M,M,M,M,M,M,M,M,75.20,FAGG 021000Z 24004KT CAVOK 24/06 Q1019,M
FAGG,2026-08-02 11:00,78.80,42.80,27.85,10.00,4.00,0.00,30.06,M,6.21,M,M,M,M,M,M,M,M,M,M,M,M,M,M,M,M,78.80,FAGG 021100Z 01004KT 340V040 CAVOK 26/06 Q1018,M
FAGG,2026-08-02 12:00,78.80,46.40,31.94,350.00,3.00,0.00,30.06,M,6.21,M,M,M,M,M,M,M,M,M,M,M,M,M,M,M,M,78.80,FAGG 021200Z 35003KT 300V080 CAVOK 26/08 Q1018,M
FAGG,2026-08-02 13:00,77.00,48.20,36.27,150.00,5.00,0.00,30.03,M,6.21,M,M,M,M,M,M,M,M,M,M,M,M,M,M,M,M,77.00,FAGG 021300Z 15005KT CAVOK 25/09 Q1017,M
FAGG,2026-08-02 14:00,77.00,51.80,41.46,120.00,4.00,0.00,30.03,M,6.21,M,M,M,M,M,M,M,M,M,M,M,M,M,M,M,M,77.00,FAGG 021400Z 12004KT CAVOK 25/11 Q1017,M
FAGG,2026-08-02 15:00,73.40,51.80,46.75,110.00,4.00,0.00,30.03,M,6.21,M,M,M,M,M,M,M,M,M,M,M,M,M,M,M,M,73.40,FAGG 021500Z 11004KT CAVOK 23/11 Q1017,M
FAGG,2026-08-02 16:00,69.80,48.20,46.19,100.00,4.00,0.00,30.03,M,6.21,M,M,M,M,M,M,M,M,M,M,M,M,M,M,M,M,69.80,FAGG 021600Z 10004KT CAVOK 21/09 Q1017,M
FAGG,2026-08-02 17:00,64.40,50.00,59.52,330.00,2.00,0.00,30.06,M,6.21,M,M,M,M,M,M,M,M,M,M,M,M,M,M,M,M,64.40,FAGG 021700Z 33002KT CAVOK 18/10 Q1018,M
FAGG,2026-08-02 18:00,60.80,48.20,63.16,340.00,2.00,0.00,30.06,M,6.21,M,M,M,M,M,M,M,M,M,M,M,M,M,M,M,M,60.80,FAGG 021800Z 34002KT CAVOK 16/09 Q1018,M
FAGG,2026-08-02 19:00,59.00,42.80,54.86,360.00,3.00,0.00,30.06,M,6.21,M,M,M,M,M,M,M,M,M,M,M,M,M,M,M,M,59.00,FAGG 021900Z AUTO 36003KT CAVOK 15/06 Q1018,M
FAGG,2026-08-02 20:00,59.00,41.00,51.18,20.00,4.00,0.00,30.06,M,6.21,M,M,M,M,M,M,M,M,M,M,M,M,M,M,M,M,59.00,FAGG 022000Z AUTO 02004KT CAVOK 15/05 Q1018,M
FAGG,2026-08-02 21:00,59.00,39.20,47.72,M,2.00,0.00,30.06,M,6.21,M,M,M,M,M,M,M,M,M,M,M,M,M,M,M,M,59.00,FAGG 022100Z AUTO VRB02KT CAVOK 15/04 Q1018,M
FAGG,2026-08-02 22:00,55.40,41.00,58.27,310.00,4.00,0.00,30.06,M,6.21,M,M,M,M,M,M,M,M,M,M,M,M,M,M,M,M,55.40,FAGG 022200Z AUTO 31004KT CAVOK 13/05 Q1018,M
FAGG,2026-08-02 22:17,59.00,37.40,44.47,350.00,4.00,0.00,30.06,M,6.21,M,M,M,M,M,M,M,M,M,M,M,M,M,M,M,M,59.00,FAGG 022217Z AUTO 35004KT CAVOK 15/03 Q1018,M
FAGG,2026-08-02 23:00,59.00,37.40,44.47,360.00,3.00,0.00,30.06,M,6.21,M,M,M,M,M,M,M,M,M,M,M,M,M,M,M,M,59.00,FAGG 022300Z AUTO 36003KT 330V030 CAVOK 15/03 Q1018,M
FAGG,2026-08-03 00:00,55.40,41.00,58.27,M,1.00,0.00,30.06,M,6.21,M,M,M,M,M,M,M,M,M,M,M,M,M,M,M,M,55.40,FAGG 030000Z AUTO VRB01KT CAVOK 13/05 Q1018,M
FAGG,2026-08-03 01:00,55.40,37.40,50.63,0.00,0.00,0.00,30.03,M,6.21,M,M,M,M,M,M,M,M,M,M,M,M,M,M,M,M,55.40,FAGG 030100Z AUTO 00000KT CAVOK 13/03 Q1017,M
FAGG,2026-08-03 01:34,53.60,39.20,58.02,280.00,3.00,0.00,30.03,M,6.21,M,M,M,M,M,M,M,M,M,M,M,M,M,M,M,M,53.60,FAGG 030134Z AUTO 28003KT CAVOK 12/04 Q1017,M
FAGG,2026-08-03 02:00,51.80,39.20,61.99,300.00,4.00,0.00,30.03,M,6.21,M,M,M,M,M,M,M,M,M,M,M,M,M,M,M,M,51.80,FAGG 030200Z AUTO 30004KT CAVOK 11/04 Q1017,M
FAGG,2026-08-03 03:00,51.80,37.40,57.76,280.00,3.00,0.00,30.03,M,6.21,M,M,M,M,M,M,M,M,M,M,M,M,M,M,M,M,51.80,FAGG 030300Z 28003KT 170V340 CAVOK 11/03 Q1017,M
FAGG,2026-08-03 04:00,53.60,37.40,54.07,330.00,5.00,0.00,30.03,M,6.21,M,M,M,M,M,M,M,M,M,M,M,M,M,M,M,M,53.60,FAGG 030400Z 33005KT CAVOK 12/03 Q1017,M
FAGG,2026-08-03 04:52,57.20,37.40,47.44,350.00,4.00,0.00,30.03,M,6.21,M,M,M,M,M,M,M,M,M,M,M,M,M,M,M,M,57.20,FAGG 030452Z 35004KT CAVOK 14/03 Q1017,M
FAGG,2026-08-03 05:00,57.20,35.60,44.18,350.00,3.00,0.00,30.03,M,6.21,M,M,M,M,M,M,M,M,M,M,M,M,M,M,M,M,57.20,FAGG 030500Z 35003KT CAVOK 14/02 Q1017,M
FAGG,2026-08-03 05:31,55.40,37.40,50.63,360.00,4.00,0.00,30.03,M,6.21,M,M,M,M,M,M,M,M,M,M,M,M,M,M,M,M,55.40,FAGG 030531Z 36004KT CAVOK 13/03 Q1017,M
FAGG,2026-08-03 05:51,59.00,37.40,44.47,360.00,2.00,0.00,30.03,M,6.21,M,M,M,M,M,M,M,M,M,M,M,M,M,M,M,M,59.00,FAGG 030551Z 36002KT CAVOK 15/03 Q1017,M
FAGG,2026-08-03 06:00,57.20,37.40,47.44,10.00,3.00,0.00,30.03,M,6.21,M,M,M,M,M,M,M,M,M,M,M,M,M,M,M,M,57.20,FAGG 030600Z 01003KT 330V030 CAVOK 14/03 Q1017,M
FAGG,2026-08-03 07:00,59.00,48.20,67.34,340.00,3.00,0.00,30.06,M,6.21,M,M,M,M,M,M,M,M,M,M,M,M,M,M,M,M,59.00,FAGG 030700Z 34003KT 300V010 CAVOK 15/09 Q1018,M
FAGG,2026-08-03 07:07,62.60,48.20,59.27,340.00,3.00,0.00,30.06,M,6.21,M,M,M,M,M,M,M,M,M,M,M,M,M,M,M,M,62.60,FAGG 030707Z 34003KT 310V010 CAVOK 17/09 Q1018,M
FAGG,2026-08-03 07:43,68.00,46.40,45.91,340.00,3.00,0.00,30.06,M,6.21,M,M,M,M,M,M,M,M,M,M,M,M,M,M,M,M,68.00,FAGG 030743Z 34003KT CAVOK 20/08 Q1018,M
FAGG,2026-08-03 08:00,69.80,46.40,43.16,320.00,3.00,0.00,30.06,M,6.21,M,M,M,M,M,M,M,M,M,M,M,M,M,M,M,M,69.80,FAGG 030800Z 32003KT 290V020 CAVOK 21/08 Q1018,M
FAGG,2026-08-03 08:10,73.40,50.00,43.73,M,2.00,0.00,30.06,M,6.21,M,M,M,M,M,M,M,M,M,M,M,M,M,M,M,M,73.40,FAGG 030810Z VRB02KT CAVOK 23/10 Q1018,M
FAGG,2026-08-03 08:37,78.80,44.60,29.83,0.00,0.00,0.00,30.03,M,6.21,M,M,M,M,M,M,M,M,M,M,M,M,M,M,M,M,78.80,FAGG 030837Z 00000KT CAVOK 26/07 Q1017,M
FAGG,2026-08-03 09:00,77.00,46.40,33.89,10.00,3.00,0.00,30.03,M,6.21,M,M,M,M,M,M,M,M,M,M,M,M,M,M,M,M,77.00,FAGG 030900Z 01003KT CAVOK 25/08 Q1017,M
FAGG,2026-08-03 09:21,80.60,44.60,28.13,20.00,4.00,0.00,30.03,M,6.21,M,M,M,M,M,M,M,M,M,M,M,M,M,M,M,M,79.43,FAGG 030921Z 02004KT 360V060 CAVOK 27/07 Q1017,M
FAGG,2026-08-03 10:00,80.60,42.80,26.26,20.00,4.00,0.00,30.03,M,6.21,M,M,M,M,M,M,M,M,M,M,M,M,M,M,M,M,79.31,FAGG 031000Z 02004KT 340V070 CAVOK 27/06 Q1017,M
FAGG,2026-08-03 11:00,84.20,42.80,23.37,20.00,4.00,0.00,30.00,M,6.21,M,M,M,M,M,M,M,M,M,M,M,M,M,M,M,M,81.61,FAGG 031100Z 02004KT 300V060 CAVOK 29/06 Q1016,M
FAGG,2026-08-03 12:00,84.20,37.40,18.94,M,3.00,0.00,29.97,M,6.21,M,M,M,M,M,M,M,M,M,M,M,M,M,M,M,M,81.38,FAGG 031200Z VRB03KT CAVOK 29/03 Q1015,M
FAGG,2026-08-03 13:00,84.20,41.00,21.80,M,2.00,0.00,29.97,M,6.21,M,M,M,M,M,M,M,M,M,M,M,M,M,M,M,M,81.52,FAGG 031300Z VRB02KT CAVOK 29/05 Q1015,M
FAGG,2026-08-03 14:00,82.40,41.00,23.10,320.00,3.00,0.00,29.97,M,6.21,M,M,M,M,M,M,M,M,M,M,M,M,M,M,M,M,80.29,FAGG 031400Z 32003KT 300V360 CAVOK 28/05 Q1015,M
FAGG,2026-08-03 15:00,80.60,39.20,22.84,M,2.00,0.00,29.97,M,6.21,M,M,M,M,M,M,M,M,M,M,M,M,M,M,M,M,79.11,FAGG 031500Z VRB02KT CAVOK 27/04 Q1015,M
FAGG,2026-08-03 16:00,73.40,41.00,31.08,0.00,0.00,0.00,29.97,M,6.21,M,M,M,M,M,M,M,M,M,M,M,M,M,M,M,M,73.40,FAGG 031600Z 00000KT CAVOK 23/05 Q1015,M
FAGG,2026-08-03 17:00,69.80,41.00,35.11,M,2.00,0.00,29.97,M,6.21,M,M,M,M,M,M,M,M,M,M,M,M,M,M,M,M,69.80,FAGG 031700Z VRB02KT CAVOK 21/05 Q1015,M
FAGG,2026-08-03 18:00,71.60,39.20,30.79,10.00,3.00,0.00,29.97,M,6.21,M,M,M,M,M,M,M,M,M,M,M,M,M,M,M,M,71.60,FAGG 031800Z 01003KT 310V060 CAVOK 22/04 Q1015,M
FAGG,2026-08-03 19:00,71.60,37.40,28.69,70.00,4.00,0.00,29.97,M,6.21,M,M,M,M,M,M,M,M,M,M,M,M,M,M,M,M,71.60,FAGG 031900Z AUTO 07004KT CAVOK 22/03 Q1015,M
FAGG,2026-08-03 20:00,71.60,35.60,26.72,30.00,4.00,0.00,29.97,M,6.21,M,M,M,M,M,M,M,M,M,M,M,M,M,M,M,M,71.60,FAGG 032000Z AUTO 03004KT CAVOK 22/02 Q1015,M
FAGG,2026-08-03 20:23,75.20,32.00,20.50,M,2.00,0.00,29.97,M,6.21,M,M,M,M,M,M,M,M,M,M,M,M,M,M,M,M,75.20,FAGG 032023Z AUTO VRB02KT CAVOK 24/00 Q1015,M
FAGG,2026-08-03 21:00,71.60,33.80,24.87,310.00,4.00,0.00,29.97,M,6.21,M,M,M,M,M,M,M,M,M,M,M,M,M,M,M,M,71.60,FAGG 032100Z AUTO 31004KT CAVOK 22/01 Q1015,M
FAGG,2026-08-03 21:31,69.80,35.60,28.41,M,2.00,0.00,29.97,M,6.21,M,M,M,M,M,M,M,M,M,M,M,M,M,M,M,M,69.80,FAGG 032131Z AUTO VRB02KT CAVOK 21/02 Q1015,M
FAGG,2026-08-03 22:00,66.20,35.60,32.15,M,2.00,0.00,29.97,M,6.21,M,M,M,M,M,M,M,M,M,M,M,M,M,M,M,M,66.20,FAGG 032200Z AUTO VRB02KT CAVOK 19/02 Q1015,M
FAGG,2026-08-03 22:05,69.80,33.80,26.44,M,1.00,0.00,29.97,M,6.21,M,M,M,M,M,M,M,M,M,M,M,M,M,M,M,M,69.80,FAGG 032205Z AUTO VRB01KT CAVOK 21/01 Q1015,M
FAGG,2026-08-03 22:31,69.80,35.60,28.41,100.00,3.00,0.00,29.97,M,6.21,M,M,M,M,M,M,M,M,M,M,M,M,M,M,M,M,69.80,FAGG 032231Z AUTO 10003KT 030V200 CAVOK 21/02 Q1015,M
FAGG,2026-08-03 22:53,73.40,33.80,23.41,M,2.00,0.00,29.97,M,6.21,M,M,M,M,M,M,M,M,M,M,M,M,M,M,M,M,73.40,FAGG 032253Z AUTO VRB02KT CAVOK 23/01 Q1015,M
FAGG,2026-08-03 23:00,73.40,33.80,23.41,M,2.00,0.00,29.97,M,6.21,M,M,M,M,M,M,M,M,M,M,M,M,M,M,M,M,73.40,FAGG 032300Z AUTO VRB02KT CAVOK 23/01 Q1015,M
FAGG,2026-08-03 23:14,77.00,32.00,19.31,M,2.00,0.00,29.97,M,6.21,M,M,M,M,M,M,M,M,M,M,M,M,M,M,M,M,77.00,FAGG 032314Z AUTO VRB02KT CAVOK 25/00 Q1015,M
FAGG,2026-08-03 23:58,75.20,33.80,22.04,280.00,6.00,0.00,29.97,M,6.21,M,M,M,M,M,M,M,M,M,M,M,M,M,M,M,M,75.20,FAGG 032358Z AUTO 28006KT 230V310 CAVOK 24/01 Q1015,M
FAGG,2026-08-04 00:00,75.20,33.80,22.04,280.00,6.00,0.00,29.97,M,6.21,M,M,M,M,M,M,M,M,M,M,M,M,M,M,M,M,75.20,FAGG 040000Z AUTO 28006KT 230V310 CAVOK 24/01 Q1015,M
FAGG,2026-08-04 00:49,73.40,33.80,23.41,M,3.00,0.00,29.97,M,6.21,M,M,M,M,M,M,M,M,M,M,M,M,M,M,M,M,73.40,FAGG 040049Z AUTO VRB03KT CAVOK 23/01 Q1015,M
FAGG,2026-08-04 01:00,71.60,35.60,26.72,M,3.00,0.00,29.97,M,6.21,M,M,M,M,M,M,M,M,M,M,M,M,M,M,M,M,71.60,FAGG 040100Z AUTO VRB03KT CAVOK 22/02 Q1015,M
FAGG,2026-08-04 01:44,73.40,35.60,25.15,M,3.00,0.00,29.94,M,6.21,M,M,M,M,M,M,M,M,M,M,M,M,M,M,M,M,73.40,FAGG 040144Z AUTO VRB03KT CAVOK 23/02 Q1014,M
FAGG,2026-08-04 02:00,71.60,35.60,26.72,M,3.00,0.00,29.94,M,6.21,M,M,M,M,M,M,M,M,M,M,M,M,M,M,M,M,71.60,FAGG 040200Z AUTO VRB03KT CAVOK 22/02 Q1014,M
FAGG,2026-08-04 02:01,75.20,33.80,22.04,M,4.00,0.00,29.94,M,6.21,M,M,M,M,M,M,M,M,M,M,M,M,M,M,M,M,75.20,FAGG 040201Z AUTO VRB04KT CAVOK 24/01 Q1014,M
FAGG,2026-08-04 03:00,73.40,33.80,23.41,M,2.00,0.00,29.94,M,6.21,M,M,M,M,M,M,M,M,M,M,M,M,M,M,M,M,73.40,FAGG 040300Z VRB02KT CAVOK 23/01 Q1014,M
FAGG,2026-08-04 03:22,78.80,32.00,18.20,M,4.00,0.00,29.94,M,6.21,M,M,M,M,M,M,M,M,M,M,M,M,M,M,M,M,78.80,FAGG 040322Z VRB04KT CAVOK 26/M00 Q1014,M
FAGG,2026-08-04 04:00,68.00,39.20,34.81,270.00,10.00,0.00,29.94,M,6.21,M,M,M,M,M,M,M,M,M,M,M,M,M,M,M,M,68.00,FAGG 040400Z 27010KT CAVOK 20/04 Q1014,M
FAGG,2026-08-04 04:23,71.60,37.40,28.69,280.00,3.00,0.00,29.94,M,6.21,M,M,M,M,M,M,M,M,M,M,M,M,M,M,M,M,71.60,FAGG 040423Z 28003KT 230V330 CAVOK 22/03 Q1014,M
FAGG,2026-08-04 05:00,73.40,33.80,23.41,330.00,7.00,0.00,29.97,M,6.21,M,M,M,M,M,M,M,M,M,M,M,M,M,M,M,M,73.40,FAGG 040500Z 33007KT CAVOK 23/01 Q1015,M
FAGG,2026-08-04 05:34,68.00,37.40,32.44,290.00,4.00,0.00,29.97,M,6.21,M,M,M,M,M,M,M,M,M,M,M,M,M,M,M,M,68.00,FAGG 040534Z 29004KT CAVOK 20/03 Q1015,M
FAGG,2026-08-04 06:00,64.40,41.00,42.30,190.00,4.00,0.00,29.97,M,6.21,M,M,M,M,M,M,M,M,M,M,M,M,M,M,M,M,64.40,FAGG 040600Z 19004KT 150V280 CAVOK 18/05 Q1015,M
FAGG,2026-08-04 06:09,68.00,39.20,34.81,180.00,5.00,0.00,29.97,M,6.21,M,M,M,M,M,M,M,M,M,M,M,M,M,M,M,M,68.00,FAGG 040609Z 18005KT CAVOK 20/04 Q1015,M
FAGG,2026-08-04 07:00,66.20,48.20,52.27,M,2.00,0.00,30.00,M,6.21,M,M,M,M,M,M,M,M,M,M,M,M,M,M,M,M,66.20,FAGG 040700Z VRB02KT CAVOK 19/09 Q1016,M
FAGG,2026-08-04 08:00,68.00,51.80,56.16,110.00,3.00,0.00,30.00,M,6.21,M,M,M,M,M,M,M,M,M,M,M,M,M,M,M,M,68.00,FAGG 040800Z 11003KT CAVOK 20/11 Q1016,M
FAGG,2026-08-04 09:00,66.20,53.60,63.85,180.00,5.00,0.00,30.03,M,6.21,M,M,M,M,M,M,M,M,M,M,M,M,M,M,M,M,66.20,FAGG 040900Z 18005KT 120V210 CAVOK 19/12 Q1017,M
FAGG,2026-08-04 10:00,68.00,57.20,68.38,170.00,5.00,0.00,30.03,M,6.21,M,M,M,M,M,M,M,M,M,M,M,M,M,M,M,M,68.00,FAGG 041000Z 17005KT 130V210 CAVOK 20/14 Q1017,M
FAGG,2026-08-04 11:00,68.00,51.80,56.16,140.00,3.00,0.00,30.00,M,6.21,M,M,M,M,M,M,M,M,M,M,M,M,M,M,M,M,68.00,FAGG 041100Z 14003KT 080V200 CAVOK 20/11 Q1016,M
FAGG,2026-08-04 12:00,68.00,53.60,60.00,M,2.00,0.00,30.00,M,6.21,M,M,M,M,M,M,M,M,M,M,M,M,M,M,M,M,68.00,FAGG 041200Z VRB02KT CAVOK 20/12 Q1016,M
FAGG,2026-08-04 13:00,66.20,53.60,63.85,150.00,5.00,0.00,30.00,M,6.21,M,M,M,M,M,M,M,M,M,M,M,M,M,M,M,M,66.20,FAGG 041300Z 15005KT CAVOK 19/12 Q1016,M
FAGG,2026-08-04 14:00,64.40,51.80,63.62,140.00,4.00,0.00,30.00,M,6.21,M,M,M,M,M,M,M,M,M,M,M,M,M,M,M,M,64.40,FAGG 041400Z 14004KT 100V170 CAVOK 18/11 Q1016,M
FAGG,2026-08-04 15:00,62.60,50.00,63.39,M,1.00,0.00,30.03,M,6.21,M,M,M,M,M,M,M,M,M,M,M,M,M,M,M,M,62.60,FAGG 041500Z VRB01KT CAVOK 17/10 Q1017,M
FAGG,2026-08-04 16:00,59.00,50.00,72.02,M,2.00,0.00,30.00,M,6.21,M,M,M,M,M,M,M,M,M,M,M,M,M,M,M,M,59.00,FAGG 041600Z VRB02KT CAVOK 15/10 Q1016,M
FAGG,2026-08-04 17:00,57.20,50.00,76.83,80.00,6.00,0.00,30.00,M,6.21,M,M,M,M,M,M,M,M,M,M,M,M,M,M,M,M,57.20,FAGG 041700Z 08006KT CAVOK 14/10 Q1016,M
FAGG,2026-08-04 18:00,57.20,50.00,76.83,130.00,4.00,0.00,30.00,M,6.21,M,M,M,M,M,M,M,M,M,M,M,M,M,M,M,M,57.20,FAGG 041800Z 13004KT 110V190 CAVOK 14/10 Q1016,M
FAGG,2026-08-04 19:00,57.20,50.00,76.83,20.00,4.00,0.00,30.00,M,6.21,M,M,M,M,M,M,M,M,M,M,M,M,M,M,M,M,57.20,FAGG 041900Z 02004KT CAVOK 14/10 Q1016,M
FAGG,2026-08-04 20:00,57.20,48.20,71.84,M,1.00,0.00,30.00,M,6.21,M,M,M,M,M,M,M,M,M,M,M,M,M,M,M,M,57.20,FAGG 042000Z VRB01KT CAVOK 14/09 Q1016,M
FAGG,2026-08-04 21:00,55.40,50.00,82.00,40.00,7.00,0.00,29.97,M,6.21,M,FEW,OVC,M,M,14000.00,16000.00,M,M,M,M,M,M,M,M,M,55.40,FAGG 042100Z AUTO 04007KT 9999 FEW140/// OVC160/// 13/10 Q1015,M
FAGG,2026-08-04 22:00,59.00,50.00,72.02,40.00,5.00,0.00,29.94,M,6.21,M,OVC,M,M,M,17000.00,M,M,M,M,M,M,M,M,M,M,59.00,FAGG 042200Z AUTO 04005KT 9999 OVC170/// 15/10 Q1014,M
FAGG,2026-08-04 22:55,62.60,48.20,59.27,280.00,4.00,0.00,29.94,M,6.21,M,OVC,M,M,M,17000.00,M,M,M,M,M,M,M,M,M,M,62.60,FAGG 042255Z AUTO 28004KT 9999 OVC170/// 17/09 Q1014,M
FAGG,2026-08-04 23:00,62.60,48.20,59.27,280.00,4.00,0.00,29.94,M,6.21,M,OVC,M,M,M,17000.00,M,M,M,M,M,M,M,M,M,M,62.60,FAGG 042300Z AUTO 28004KT 9999 OVC170/// 17/09 Q1014,M
FAGG,2026-08-05 00:00,62.60,44.60,51.73,340.00,3.00,0.00,29.94,M,6.21,M,BKN,M,M,M,17000.00,M,M,M,M,M,M,M,M,M,M,62.60,FAGG 050000Z AUTO 34003KT 280V040 9999 BKN170/// 17/07 Q1014,M
FAGG,2026-08-05 00:20,66.20,44.60,45.62,350.00,7.00,0.00,29.94,M,6.21,M,OVC,M,M,M,17000.00,M,M,M,M,M,M,M,M,M,M,66.20,FAGG 050020Z AUTO 35007KT 9999 OVC170/// 19/07 Q1014,M
FAGG,2026-08-05 01:00,66.20,42.80,42.59,330.00,3.00,0.00,29.94,M,6.21,M,OVC,M,M,M,16000.00,M,M,M,M,M,M,M,M,M,M,66.20,FAGG 050100Z AUTO 33003KT 240V020 9999 OVC160/// 19/06 Q1014,M
FAGG,2026-08-05 01:06,69.80,41.00,35.11,270.00,5.00,0.00,29.94,M,6.21,M,FEW,BKN,M,M,13000.00,16000.00,M,M,M,M,M,M,M,M,M,69.80,FAGG 050106Z AUTO 27005KT 220V340 9999 FEW130/// BKN160/// 21/05 Q1014,M
FAGG,2026-08-05 01:54,71.60,39.20,30.79,300.00,10.00,0.00,29.91,M,6.21,M,FEW,BKN,M,M,15000.00,17000.00,M,M,M,M,M,M,M,M,M,71.60,FAGG 050154Z AUTO 30010KT 9999 FEW150/// BKN170/// 22/04 Q1013,M
FAGG,2026-08-05 02:00,71.60,39.20,30.79,300.00,10.00,0.00,29.91,M,6.21,M,FEW,BKN,M,M,15000.00,17000.00,M,M,M,M,M,M,M,M,M,71.60,FAGG 050200Z AUTO 30010KT 9999 FEW150/// BKN170/// 22/04 Q1013,M
FAGG,2026-08-05 03:00,71.60,39.20,30.79,320.00,7.00,0.00,29.91,M,6.21,M,M,M,M,M,M,M,M,M,M,M,M,M,M,M,M,71.60,FAGG 050300Z 32007KT CAVOK 22/04 Q1013,M
FAGG,2026-08-05 04:00,57.20,50.00,76.83,230.00,11.00,0.00,29.91,M,6.21,M,M,M,M,M,M,M,M,M,M,M,M,M,M,M,M,57.20,FAGG 050400Z 23011KT CAVOK 14/10 Q1013,M
FAGG,2026-08-05 05:00,53.60,51.80,93.60,M,2.00,0.00,29.91,M,6.21,M,M,M,M,M,M,M,M,M,M,M,M,M,M,M,M,53.60,FAGG 050500Z VRB02KT CAVOK 12/11 Q1013,M
FAGG,2026-08-05 06:00,51.80,50.00,93.55,50.00,4.00,0.00,29.94,M,6.21,M,M,M,M,M,M,M,M,M,M,M,M,M,M,M,M,51.80,FAGG 050600Z 05004KT CAVOK 11/10 Q1014,M
FAGG,2026-08-05 06:09,55.40,53.60,93.65,40.00,3.00,0.00,29.94,M,6.21,M,M,M,M,M,M,M,M,M,M,M,M,M,M,M,M,55.40,FAGG 050609Z 04003KT 260V060 CAVOK 13/12 Q1014,M
FAGG,2026-08-05 06:40,59.00,53.60,82.26,80.00,3.00,0.00,29.94,M,6.21,M,FEW,M,M,M,200.00,M,M,M,M,M,M,M,M,M,M,59.00,FAGG 050640Z 08003KT 9999 FEW002 15/12 Q1014,M
FAGG,2026-08-05 07:00,59.00,53.60,82.26,110.00,3.00,0.00,29.94,M,6.21,M,M,M,M,M,M,M,M,M,M,M,M,M,M,M,M,59.00,FAGG 050700Z 11003KT 080V150 CAVOK 15/12 Q1014,M
FAGG,2026-08-05 07:11,57.20,55.40,93.70,130.00,4.00,0.00,29.97,M,3.11,M,SCT,M,M,M,200.00,M,M,M,BCFG,M,M,M,M,M,M,57.20,FAGG 050711Z 13004KT 5000 1500E BCFG SCT002 14/13 Q1015,M
FAGG,2026-08-05 07:14,57.20,57.20,100.00,130.00,5.00,0.00,29.97,M,1.86,M,SCT,M,M,M,200.00,M,M,M,BCFG,M,M,M,M,M,M,57.20,FAGG 050714Z 13005KT 3000 0350E R29/0350D BCFG SCT002 14/14 Q1015,M
FAGG,2026-08-05 07:16,57.20,57.20,100.00,120.00,4.00,0.00,29.97,M,0.93,M,SCT,M,M,M,100.00,M,M,M,BCFG,M,M,M,M,M,M,57.20,FAGG 050716Z 12004KT 1500 0300E R29/0325D BCFG SCT001 14/14 Q1015,M
FAGG,2026-08-05 07:18,57.20,57.20,100.00,120.00,4.00,0.00,29.97,M,0.31,M,VV ,M,M,M,100.00,M,M,M,FG,M,M,M,M,M,M,57.20,FAGG 050718Z 12004KT 0500 R29/0500D FG VV001 14/14 Q1015,M
FAGG,2026-08-05 07:33,59.00,57.20,93.74,130.00,5.00,0.00,29.97,M,0.68,M,BKN,M,M,M,100.00,M,M,M,BR,M,M,M,M,M,M,59.00,FAGG 050733Z 13005KT 1100 R29/0750U BR BKN001 15/14 Q1015,M
FAGG,2026-08-05 07:35,59.00,57.20,93.74,130.00,5.00,0.00,29.97,M,1.55,M,SCT,M,M,M,100.00,M,M,M,BR,M,M,M,M,M,M,59.00,FAGG 050735Z 13005KT 2500 R29/1300U BR SCT001 15/14 Q1015,M
FAGG,2026-08-05 07:37,59.00,57.20,93.74,130.00,4.00,0.00,29.97,M,2.42,M,SCT,M,M,M,100.00,M,M,M,BR,M,M,M,M,M,M,59.00,FAGG 050737Z 13004KT 3900 BR SCT001 15/14 Q1015,M
FAGG,2026-08-05 07:39,59.00,57.20,93.74,130.00,4.00,0.00,29.97,M,3.11,M,SCT,M,M,M,100.00,M,M,M,BR,M,M,M,M,M,M,59.00,FAGG 050739Z 13004KT 080V150 5000 BR SCT001 15/14 Q1015,M
FAGG,2026-08-05 08:00,60.80,57.20,87.93,140.00,3.00,0.00,29.97,M,6.21,M,FEW,M,M,M,100.00,M,M,M,M,M,M,M,M,M,M,60.80,FAGG 050800Z 14003KT 100V170 9999 FEW001 16/14 Q1015,M
FAGG,2026-08-05 08:12,64.40,57.20,77.46,60.00,4.00,0.00,29.94,M,6.21,M,M,M,M,M,M,M,M,M,M,M,M,M,M,M,M,64.40,FAGG 050812Z 06004KT CAVOK 18/14 Q1014,M
FAGG,2026-08-05 08:58,68.00,53.60,60.00,M,2.00,0.00,29.94,M,6.21,M,M,M,M,M,M,M,M,M,M,M,M,M,M,M,M,68.00,FAGG 050858Z VRB02KT CAVOK 20/12 Q1014,M
FAGG,2026-08-05 09:00,68.00,53.60,60.00,M,2.00,0.00,29.94,M,6.21,M,M,M,M,M,M,M,M,M,M,M,M,M,M,M,M,68.00,FAGG 050900Z VRB02KT CAVOK 20/12 Q1014,M
FAGG,2026-08-05 10:00,66.20,50.00,55.91,180.00,9.00,0.00,29.94,M,6.21,M,M,M,M,M,M,M,M,M,M,M,M,M,M,M,M,66.20,FAGG 051000Z 18009KT CAVOK 19/10 Q1014,M
FAGG,2026-08-05 11:00,62.60,55.40,77.31,170.00,8.00,0.00,29.91,M,6.21,M,FEW,M,M,M,500.00,M,M,M,M,M,M,M,M,M,M,62.60,FAGG 051100Z 17008KT 9999 FEW005 17/13 Q1013,M
FAGG,2026-08-05 11:50,60.80,55.40,82.38,190.00,9.00,0.00,29.88,M,6.21,M,BKN,M,M,M,500.00,M,M,M,M,M,M,M,M,M,M,60.80,FAGG 051150Z 19009KT 9999 BKN005 16/13 Q1012,M
FAGG,2026-08-05 12:00,60.80,55.40,82.38,200.00,9.00,0.00,29.88,M,6.21,M,BKN,M,M,M,500.00,M,M,M,M,M,M,M,M,M,M,60.80,FAGG 051200Z 20009KT 9999 BKN005 16/13 Q1012,M
FAGG,2026-08-05 13:00,59.00,55.40,87.84,190.00,5.00,0.00,29.88,M,5.59,M,BKN,M,M,M,500.00,M,M,M,M,M,M,M,M,M,M,59.00,FAGG 051300Z 19005KT 150V230 9000 BKN005 15/13 Q1012,M
FAGG,2026-08-05 14:00,59.00,55.40,87.84,190.00,8.00,0.00,29.91,M,4.97,M,OVC,M,M,M,700.00,M,M,M,M,M,M,M,M,M,M,59.00,FAGG 051400Z 19008KT 8000 OVC007 15/13 Q1013,M
FAGG,2026-08-05 15:00,57.20,55.40,93.70,200.00,6.00,0.00,29.91,M,3.73,M,OVC,M,M,M,700.00,M,M,M,M,M,M,M,M,M,M,57.20,FAGG 051500Z 20006KT 6000 OVC007 14/13 Q1013,M
FAGG,2026-08-05 15:24,57.20,55.40,93.70,180.00,5.00,0.00,29.91,M,3.11,M,OVC,M,M,M,700.00,M,M,M,BR,M,M,M,M,M,M,57.20,FAGG 051524Z 18005KT 5000 BR OVC007 14/13 Q1013,M
FAGG,2026-08-05 16:00,57.20,55.40,93.70,200.00,7.00,0.00,29.94,M,2.17,M,OVC,M,M,M,600.00,M,M,M,BR,M,M,M,M,M,M,57.20,FAGG 051600Z 20007KT 3500 BR OVC006 14/13 Q1014,M
FAGG,2026-08-05 16:46,57.20,55.40,93.70,200.00,3.00,0.00,29.97,M,2.80,M,BKN,OVC,M,M,500.00,1100.00,M,M,-DZ BR,M,M,M,M,M,M,57.20,FAGG 051646Z 20003KT 180V240 4500 -DZ BR BKN005 OVC011 14/13 Q1015,M
FAGG,2026-08-05 17:00,57.20,55.40,93.70,M,2.00,0.00,29.97,M,2.73,M,BKN,OVC,M,M,500.00,1200.00,M,M,-DZ BR,M,M,M,M,M,M,57.20,FAGG 051700Z VRB02KT 4400 -DZ BR BKN005 OVC012 14/13 Q1015,M
FAGG,2026-08-05 17:23,57.20,55.40,93.70,M,4.00,0.00,29.97,M,2.98,M,FEW,SCT,OVC,M,300.00,1200.00,2100.00,M,-DZ BR,M,M,M,M,M,M,57.20,FAGG 051723Z VRB04KT 4800 -DZ BR FEW003 SCT012 OVC021 14/13 Q1015,M
FAGG,2026-08-05 18:00,57.20,55.40,93.70,40.00,3.00,0.00,29.97,M,2.80,M,FEW,SCT,BKN,M,300.00,1700.00,2200.00,M,BR,M,M,M,M,M,M,57.20,FAGG 051800Z 04003KT 4500 BR FEW003 SCT017 BKN022 14/13 Q1015,M
FAGG,2026-08-05 18:18,57.20,55.40,93.70,80.00,2.00,0.00,29.97,M,3.11,M,FEW,SCT,BKN,M,500.00,1200.00,2000.00,M,BR,M,M,M,M,M,M,57.20,FAGG 051818Z AUTO 08002KT 5000 BR FEW005/// SCT012/// BKN020/// 14/13 Q1015,M
FAGG,2026-08-05 18:23,55.40,55.40,100.00,70.00,4.00,0.00,29.97,M,3.04,M,FEW,SCT,BKN,M,500.00,1200.00,2000.00,M,BR,M,M,M,M,M,M,55.40,FAGG 051823Z AUTO 07004KT 4900 BR FEW005/// SCT012/// BKN020/// 13/13 Q1015,M
FAGG,2026-08-05 18:33,55.40,55.40,100.00,70.00,5.00,0.00,29.97,M,2.92,M,BKN,M,M,M,1200.00,M,M,M,BR,M,M,M,M,M,M,55.40,FAGG 051833Z AUTO 07005KT 4700 BR BKN012/// 13/13 Q1015,M
FAGG,2026-08-05 18:44,55.40,53.60,93.65,90.00,6.00,0.00,29.97,M,2.80,M,FEW,M,M,M,1200.00,M,M,M,BR,M,M,M,M,M,M,55.40,FAGG 051844Z AUTO 09006KT 4500 BR FEW012/// 13/12 Q1015,M
FAGG,2026-08-05 19:00,55.40,53.60,93.65,80.00,5.00,0.00,29.97,M,2.17,M,FEW,M,M,M,1200.00,M,M,M,BR,M,M,M,M,M,M,55.40,FAGG 051900Z AUTO 08005KT 3500 BR FEW012/// 13/12 Q1015,M
FAGG,2026-08-05 19:27,53.60,53.60,100.00,M,2.00,0.00,30.00,M,1.80,M,BKN,M,M,M,2500.00,M,M,M,BR,M,M,M,M,M,M,53.60,FAGG 051927Z AUTO VRB02KT 2900 BR BKN025/// 12/12 Q1016,M
FAGG,2026-08-05 19:56,55.40,55.40,100.00,260.00,5.00,0.00,30.03,M,3.11,M,FEW,BKN,BKN,M,300.00,1700.00,2300.00,M,BR,M,M,M,M,M,M,55.40,FAGG 051956Z AUTO 26005KT 230V290 5000 BR FEW003/// BKN017/// BKN023/// 13/13 Q1017,M
FAGG,2026-08-05 20:00,55.40,55.40,100.00,260.00,5.00,0.00,30.03,M,3.11,M,FEW,BKN,BKN,M,300.00,1700.00,2300.00,M,BR,M,M,M,M,M,M,55.40,FAGG 052000Z AUTO 26005KT 230V290 5000 BR FEW003/// BKN017/// BKN023/// 13/13 Q1017,M
FAGG,2026-08-05 20:01,55.40,55.40,100.00,290.00,4.00,0.00,30.03,M,2.92,M,FEW,BKN,BKN,M,400.00,1700.00,2500.00,M,BR,M,M,M,M,M,M,55.40,FAGG 052001Z AUTO 29004KT 250V320 4700 BR FEW004/// BKN017/// BKN025/// 13/13 Q1017,M
FAGG,2026-08-05 20:42,55.40,53.60,93.65,320.00,5.00,0.00,30.03,M,3.73,M,FEW,BKN,M,M,200.00,2900.00,M,M,M,M,M,M,M,M,M,55.40,FAGG 052042Z AUTO 32005KT 6000 FEW002/// BKN029/// 13/12 Q1017,M
FAGG,2026-08-05 21:00,53.60,53.60,100.00,330.00,3.00,0.00,30.03,M,3.73,M,FEW,SCT,M,M,700.00,2900.00,M,M,M,M,M,M,M,M,M,53.60,FAGG 052100Z AUTO 33003KT 6000 FEW007/// SCT029/// 12/12 Q1017,M
FAGG,2026-08-05 22:00,53.60,48.20,81.87,270.00,9.00,0.00,30.03,M,6.21,M,M,M,M,M,M,M,M,M,M,M,M,M,M,M,M,53.60,FAGG 052200Z AUTO 27009KT CAVOK 12/09 Q1017,M
FAGG,2026-08-05 23:00,51.80,48.20,87.47,340.00,5.00,0.00,30.03,M,6.21,M,M,M,M,M,M,M,M,M,M,M,M,M,M,M,M,51.80,FAGG 052300Z AUTO 34005KT CAVOK 11/09 Q1017,M
FAGG,2026-08-05 23:39,55.40,46.40,71.65,330.00,4.00,0.00,30.03,M,6.21,M,M,M,M,M,M,M,M,M,M,M,M,M,M,M,M,55.40,FAGG 052339Z AUTO 33004KT 240V030 CAVOK 13/08 Q1017,M
FAGG,2026-08-06 00:00,53.60,46.40,76.51,320.00,3.00,0.00,30.03,M,6.21,M,M,M,M,M,M,M,M,M,M,M,M,M,M,M,M,53.60,FAGG 060000Z AUTO 32003KT 260V040 CAVOK 12/08 Q1017,M
FAGG,2026-08-06 01:00,51.80,46.40,81.74,340.00,3.00,0.00,30.03,M,6.21,M,M,M,M,M,M,M,M,M,M,M,M,M,M,M,M,51.80,FAGG 060100Z AUTO 34003KT 300V360 CAVOK 11/08 Q1017,M
FAGG,2026-08-06 02:00,50.00,44.60,81.60,350.00,4.00,0.00,30.06,M,6.21,M,FEW,BKN,M,M,5700.00,7000.00,M,M,M,M,M,M,M,M,M,50.00,FAGG 060200Z AUTO 35004KT 9999 FEW057/// BKN070/// 10/07 Q1018,M
FAGG,2026-08-06 02:54,55.40,44.60,66.91,330.00,4.00,0.00,30.06,M,6.21,M,M,M,M,M,M,M,M,M,M,M,M,M,M,M,M,55.40,FAGG 060254Z 33004KT CAVOK 13/07 Q1018,M
FAGG,2026-08-06 03:00,55.40,44.60,66.91,330.00,4.00,0.00,30.06,M,6.21,M,M,M,M,M,M,M,M,M,M,M,M,M,M,M,M,55.40,FAGG 060300Z 33004KT CAVOK 13/07 Q1018,M
FAGG,2026-08-06 03:23,55.40,46.40,71.65,210.00,10.00,0.00,30.09,M,6.21,M,M,M,M,M,M,M,M,M,M,M,M,M,M,M,M,55.40,FAGG 060323Z 21010KT CAVOK 13/08 Q1019,M
FAGG,2026-08-06 04:00,55.40,46.40,71.65,230.00,11.00,0.00,30.12,M,6.21,M,M,M,M,M,M,M,M,M,M,M,M,M,M,M,M,55.40,FAGG 060400Z 23011KT CAVOK 13/08 Q1020,M
FAGG,2026-08-06 05:00,55.40,48.20,76.67,290.00,4.00,0.00,30.15,M,6.21,M,FEW,M,M,M,1700.00,M,M,M,M,M,M,M,M,M,M,55.40,FAGG 060500Z 29004KT 260V330 9999 FEW017 13/09 Q1021,M
FAGG,2026-08-06 06:00,55.40,48.20,76.67,290.00,6.00,0.00,30.18,M,6.21,M,FEW,BKN,M,M,500.00,2200.00,M,M,M,M,M,M,M,M,M,55.40,FAGG 060600Z 29006KT 9999 FEW005 BKN022 13/09 Q1022,M
FAGG,2026-08-06 06:39,53.60,51.80,93.60,230.00,8.00,0.00,30.21,M,1.86,M,SCT,OVC,M,M,500.00,1800.00,M,M,-RA,M,M,M,M,M,M,53.60,FAGG 060639Z 23008KT 3000 -RA SCT005 OVC018 12/11 Q1023,M
FAGG,2026-08-06 06:46,53.60,51.80,93.60,250.00,8.00,0.00,30.21,M,2.73,M,FEW,BKN,OVC,M,300.00,600.00,1800.00,M,-RA,M,M,M,M,M,M,53.60,FAGG 060646Z 25008KT 4400 -RA FEW003 BKN006 OVC018 12/11 Q1023,M
FAGG,2026-08-06 07:00,53.60,51.80,93.60,250.00,7.00,0.00,30.21,M,2.98,M,SCT,BKN,OVC,M,300.00,600.00,1800.00,M,BR,M,M,M,M,M,M,53.60,FAGG 060700Z 25007KT 4800 BR SCT003 BKN006 OVC018 12/11 Q1023,M
FAGG,2026-08-06 07:08,53.60,51.80,93.60,250.00,6.00,0.00,30.24,M,2.49,M,BKN,OVC,M,M,300.00,1200.00,M,M,-RA BR,M,M,M,M,M,M,53.60,FAGG 060708Z 25006KT 4000 -RA BR BKN003 OVC012 12/11 Q1024,M
FAGG,2026-08-06 07:55,51.80,50.00,93.55,270.00,6.00,0.00,30.24,M,4.35,M,SCT,BKN,OVC,M,300.00,700.00,1600.00,M,M,M,M,M,M,M,M,51.80,FAGG 060755Z 27006KT 7000 SCT003 BKN007 OVC016 11/10 Q1024,M
FAGG,2026-08-06 08:00,51.80,50.00,93.55,270.00,6.00,0.00,30.24,M,4.35,M,SCT,BKN,OVC,M,300.00,700.00,1600.00,M,M,M,M,M,M,M,M,51.80,FAGG 060800Z 27006KT 7000 SCT003 BKN007 OVC016 11/10 Q1024,M
FAGG,2026-08-06 08:25,51.80,50.00,93.55,290.00,7.00,0.00,30.27,M,4.35,M,SCT,BKN,OVC,M,400.00,1300.00,1800.00,M,-RA,M,M,M,M,M,M,51.80,FAGG 060825Z 29007KT 7000 -RA SCT004 BKN013 OVC018 11/10 Q1025,M
FAGG,2026-08-06 09:00,53.60,51.80,93.60,290.00,7.00,0.00,30.27,M,3.73,M,SCT,BKN,OVC,M,500.00,1400.00,2500.00,M,-RA,M,M,M,M,M,M,53.60,FAGG 060900Z 29007KT 6000 -RA SCT005 BKN014 OVC025 12/11 Q1025,M
FAGG,2026-08-06 09:53,53.60,51.80,93.60,290.00,6.00,0.00,30.27,M,2.80,M,BKN,OVC,M,M,500.00,1400.00,M,M,BR,M,M,M,M,M,M,53.60,FAGG 060953Z 29006KT 4500 BR BKN005 OVC014 12/11 Q1025,M
FAGG,2026-08-06 10:00,53.60,51.80,93.60,290.00,6.00,0.00,30.27,M,2.80,M,BKN,OVC,M,M,500.00,1400.00,M,M,BR,M,M,M,M,M,M,53.60,FAGG 061000Z 29006KT 4500 BR BKN005 OVC014 12/11 Q1025,M
FAGG,2026-08-06 10:25,55.40,53.60,93.65,M,2.00,0.00,30.24,M,6.21,M,SCT,BKN,OVC,M,400.00,1300.00,2000.00,M,M,M,M,M,M,M,M,55.40,FAGG 061025Z VRB02KT 9999 SCT004 BKN013 OVC020 13/12 Q1024,M
FAGG,2026-08-06 10:42,53.60,51.80,93.60,200.00,6.00,0.00,30.24,M,2.80,M,SCT,BKN,OVC,M,500.00,1300.00,1700.00,M,-RA,M,M,M,M,M,M,53.60,FAGG 061042Z 20006KT 170V250 4500 -RA SCT005 BKN013 OVC017 12/11 Q1024,M
FAGG,2026-08-06 11:00,53.60,51.80,93.60,230.00,7.00,0.00,30.24,M,2.80,M,SCT,BKN,OVC,M,300.00,1200.00,1800.00,M,-RA,M,M,M,M,M,M,53.60,FAGG 061100Z 23007KT 4500 -RA SCT003 BKN012 OVC018 12/11 Q1024,M
FAGG,2026-08-06 11:10,53.60,50.00,87.56,260.00,6.00,0.00,30.24,M,5.59,M,SCT,BKN,OVC,M,300.00,1300.00,1900.00,M,M,M,M,M,M,M,M,53.60,FAGG 061110Z 26006KT 9000 SCT003 BKN013 OVC019 12/10 Q1024,M
FAGG,2026-08-06 12:00,55.40,51.80,87.65,240.00,5.00,0.00,30.24,M,6.21,M,FEW,BKN,OVC,M,700.00,1500.00,2800.00,M,M,M,M,M,M,M,M,55.40,FAGG 061200Z 24005KT 9999 FEW007 BKN015 OVC028 13/11 Q1024,M
FAGG,2026-08-06 13:00,53.60,51.80,93.60,240.00,6.00,0.00,30.24,M,6.21,M,SCT,BKN,OVC,M,500.00,1500.00,2800.00,M,M,M,M,M,M,M,M,53.60,FAGG 061300Z 24006KT 9999 SCT005 BKN015 OVC028 12/11 Q1024,M
FAGG,2026-08-06 14:00,53.60,51.80,93.60,220.00,3.00,0.00,30.27,M,4.35,M,FEW,BKN,OVC,M,1100.00,1500.00,2000.00,M,-DZ,M,M,M,M,M,M,53.60,FAGG 061400Z 22003KT 170V250 7000 -DZ FEW011 BKN015 OVC020 12/11 Q1025,M
FAGG,2026-08-06 14:05,53.60,50.00,87.56,210.00,3.00,0.00,30.27,M,2.49,M,SCT,BKN,OVC,M,1200.00,1600.00,2000.00,M,-RA,M,M,M,M,M,M,53.60,FAGG 061405Z 21003KT 170V250 4000 -RA SCT012 BKN016 OVC020 12/10 Q1025,M
FAGG,2026-08-06 14:23,53.60,50.00,87.56,220.00,3.00,0.00,30.27,M,6.21,M,FEW,BKN,OVC,M,1100.00,1600.00,2000.00,M,M,M,M,M,M,M,M,53.60,FAGG 061423Z 22003KT 9999 FEW011 BKN016 OVC020 12/10 Q1025,M
FAGG,2026-08-06 14:36,53.60,50.00,87.56,200.00,3.00,0.00,30.27,M,2.11,M,SCT,BKN,OVC,M,1100.00,1700.00,2900.00,M,-RA,M,M,M,M,M,M,53.60,FAGG 061436Z 20003KT 160V220 3400 -RA SCT011 BKN017 OVC029 12/10 Q1025,M
FAGG,2026-08-06 15:00,51.80,51.80,100.00,190.00,8.00,0.00,30.30,M,3.11,M,SCT,BKN,OVC,M,400.00,1600.00,2900.00,M,-RA,M,M,M,M,M,M,51.80,FAGG 061500Z 19008KT 5000 -RA SCT004 BKN016 OVC029 11/11 Q1026,M
FAGG,2026-08-06 15:24,51.80,50.00,93.55,180.00,7.00,0.00,30.30,M,2.80,M,SCT,BKN,OVC,M,300.00,600.00,1400.00,M,-RA,M,M,M,M,M,M,51.80,FAGG 061524Z 18007KT 4500 -RA SCT003 BKN006 OVC014 11/10 Q1026,M
FAGG,2026-08-06 16:00,51.80,50.00,93.55,180.00,7.00,0.00,30.30,M,3.11,M,SCT,BKN,OVC,M,200.00,700.00,1400.00,M,-DZ,M,M,M,M,M,M,51.80,FAGG 061600Z 18007KT 5000 -DZ SCT002 BKN007 OVC014 11/10 Q1026,M
FAGG,2026-08-06 16:38,50.00,48.20,93.50,200.00,5.00,0.00,30.33,M,4.35,M,FEW,BKN,OVC,M,600.00,1200.00,2000.00,M,-DZ,M,M,M,M,M,M,50.00,FAGG 061638Z 20005KT 160V220 7000 -DZ FEW006 BKN012 OVC020 10/09 Q1027,M
FAGG,2026-08-06 17:00,50.00,50.00,100.00,M,2.00,0.00,30.36,M,3.11,M,SCT,BKN,OVC,M,400.00,1200.00,2000.00,M,-DZ,M,M,M,M,M,M,50.00,FAGG 061700Z VRB02KT 5000 -DZ SCT004 BKN012 OVC020 10/10 Q1028,M
FAGG,2026-08-06 17:12,50.00,50.00,100.00,30.00,3.00,0.00,30.36,M,5.59,M,FEW,SCT,OVC,M,400.00,1600.00,4700.00,M,-DZ,M,M,M,M,M,M,50.00,FAGG 061712Z 03003KT 360V060 9000 -DZ FEW004 SCT016 OVC047 10/10 Q1028,M
FAGG,2026-08-06 18:00,50.00,48.20,93.50,10.00,3.00,0.00,30.36,M,4.97,M,FEW,BKN,OVC,M,1200.00,2500.00,3500.00,M,-DZ,M,M,M,M,M,M,50.00,FAGG 061800Z 01003KT 330V140 8000 -DZ FEW012 BKN025 OVC035 10/09 Q1028,M
FAGG,2026-08-06 19:00,50.00,48.20,93.50,360.00,5.00,0.00,30.36,M,6.21,M,FEW,OVC,M,M,4600.00,5400.00,M,M,-RA,M,M,M,M,M,M,50.00,FAGG 061900Z AUTO 36005KT 9999 -RA FEW046/// OVC054/// 10/09 Q1028,M
FAGG,2026-08-06 20:00,50.00,48.20,93.50,320.00,2.00,0.00,30.39,M,6.21,M,FEW,BKN,OVC,M,2900.00,4100.00,5600.00,M,M,M,M,M,M,M,M,50.00,FAGG 062000Z AUTO 32002KT 9999 FEW029/// BKN041/// OVC056/// 10/09 Q1029,M
FAGG,2026-08-06 21:00,50.00,48.20,93.50,320.00,4.00,0.00,30.39,M,6.21,M,OVC,M,M,M,4100.00,M,M,M,M,M,M,M,M,M,M,50.00,FAGG 062100Z AUTO 32004KT 9999 OVC041/// 10/09 Q1029,M
FAGG,2026-08-06 22:00,51.80,48.20,87.47,330.00,4.00,0.00,30.39,M,6.21,M,FEW,BKN,OVC,M,4000.00,4500.00,5200.00,M,M,M,M,M,M,M,M,51.80,FAGG 062200Z AUTO 33004KT 9999 FEW040/// BKN045/// OVC052/// 11/09 Q1029,M
FAGG,2026-08-06 23:00,50.00,48.20,93.50,240.00,3.00,0.00,30.39,M,6.21,M,SCT,BKN,M,M,2000.00,5700.00,M,M,M,M,M,M,M,M,M,50.00,FAGG 062300Z AUTO 24003KT 9999 SCT020/// BKN057/// 10/09 Q1029,M
FAGG,2026-08-07 00:00,50.00,48.20,93.50,300.00,3.00,0.00,30.39,M,6.21,M,SCT,BKN,OVC,M,2800.00,3900.00,4600.00,M,M,M,M,M,M,M,M,50.00,FAGG 070000Z AUTO 30003KT 9999 SCT028/// BKN039/// OVC046/// 10/09 Q1029,M
FAGG,2026-08-07 00:12,50.00,48.20,93.50,310.00,4.00,0.00,30.39,M,5.59,M,FEW,BKN,OVC,M,2300.00,2700.00,3400.00,M,+DZ,M,M,M,M,M,M,50.00,FAGG 070012Z AUTO 31004KT 9000 +DZ FEW023/// BKN027/// OVC034/// 10/09 Q1029,M
FAGG,2026-08-07 00:25,50.00,48.20,93.50,310.00,6.00,0.00,30.39,M,5.59,M,FEW,BKN,OVC,M,2400.00,2700.00,3600.00,M,-RA,M,M,M,M,M,M,50.00,FAGG 070025Z AUTO 31006KT 9000 -RA FEW024/// BKN027/// OVC036/// 10/09 Q1029 REDZ,M
FAGG,2026-08-07 01:00,50.00,48.20,93.50,330.00,4.00,0.00,30.39,M,6.21,M,SCT,BKN,OVC,M,2800.00,3200.00,4500.00,M,M,M,M,M,M,M,M,50.00,FAGG 070100Z AUTO 33004KT 9999 SCT028/// BKN032/// OVC045/// 10/09 Q1029,M
FAGG,2026-08-07 02:00,50.00,48.20,93.50,320.00,3.00,0.00,30.39,M,6.21,M,BKN,OVC,M,M,2100.00,2800.00,M,M,M,M,M,M,M,M,M,50.00,FAGG 070200Z AUTO 32003KT 310V010 9999 BKN021/// OVC028/// 10/09 Q1029,M
FAGG,2026-08-07 03:00,50.00,48.20,93.50,10.00,3.00,0.00,30.36,M,6.21,M,SCT,BKN,M,M,2000.00,3500.00,M,M,M,M,M,M,M,M,M,50.00,FAGG 070300Z 01003KT 9999 SCT020 BKN035 10/09 Q1028,M
FAGG,2026-08-07 04:00,48.20,48.20,100.00,90.00,5.00,0.00,30.36,M,6.21,M,FEW,M,M,M,3800.00,M,M,M,M,M,M,M,M,M,M,45.63,FAGG 070400Z 09005KT 9999 FEW038 09/09 Q1028,M
FAGG,2026-08-07 05:00,50.00,48.20,93.50,100.00,6.00,0.00,30.39,M,6.21,M,FEW,M,M,M,2800.00,M,M,M,M,M,M,M,M,M,M,50.00,FAGG 070500Z 10006KT 9999 FEW028 10/09 Q1029,M
FAGG,2026-08-07 06:00,48.20,46.40,93.45,20.00,3.00,0.00,30.39,M,6.21,M,FEW,M,M,M,3000.00,M,M,M,M,M,M,M,M,M,M,47.21,FAGG 070600Z 02003KT 9999 FEW030 09/08 Q1029,M
FAGG,2026-08-07 06:23,51.80,50.00,93.55,20.00,3.00,0.00,30.36,M,6.21,M,FEW,M,M,M,3000.00,M,M,M,M,M,M,M,M,M,M,51.80,FAGG 070623Z 02003KT 9999 FEW030 11/10 Q1028,M
FAGG,2026-08-07 07:00,53.60,50.00,87.56,80.00,5.00,0.00,30.36,M,6.21,M,FEW,M,M,M,3500.00,M,M,M,M,M,M,M,M,M,M,53.60,FAGG 070700Z 08005KT 9999 FEW035 12/10 Q1028,M
FAGG,2026-08-07 07:16,57.20,50.00,76.83,90.00,6.00,0.00,30.33,M,6.21,M,FEW,M,M,M,3500.00,M,M,M,M,M,M,M,M,M,M,57.20,FAGG 070716Z 09006KT 9999 FEW035 14/10 Q1027,M
FAGG,2026-08-07 08:00,57.20,48.20,71.84,90.00,10.00,0.00,30.33,M,6.21,M,FEW,M,M,M,3500.00,M,M,M,M,M,M,M,M,M,M,57.20,FAGG 070800Z 09010KT 9999 FEW035 14/09 Q1027,M
FAGG,2026-08-07 09:00,59.00,50.00,72.02,110.00,9.00,0.00,30.30,M,6.21,M,M,M,M,M,M,M,M,M,M,M,M,M,M,M,M,59.00,FAGG 070900Z 11009KT CAVOK 15/10 Q1026,M
FAGG,2026-08-07 10:00,60.80,53.60,77.15,120.00,9.00,0.00,30.27,M,6.21,M,FEW,M,M,M,3500.00,M,M,M,M,M,M,M,M,M,M,60.80,FAGG 071000Z 12009KT 9999 FEW035 16/12 Q1025,M
FAGG,2026-08-07 11:00,60.80,53.60,77.15,130.00,9.00,0.00,30.24,M,6.21,M,FEW,M,M,M,3500.00,M,M,M,M,M,M,M,M,M,M,60.80,FAGG 071100Z 13009KT 9999 FEW035 16/12 Q1024,M
FAGG,2026-08-07 12:00,60.80,53.60,77.15,100.00,11.00,0.00,30.21,M,6.21,M,FEW,M,M,M,3500.00,M,M,M,M,M,M,M,M,M,M,60.80,FAGG 071200Z 10011KT 9999 FEW035 16/12 Q1023,M
FAGG,2026-08-07 13:00,60.80,53.60,77.15,120.00,10.00,0.00,30.18,M,6.21,M,FEW,M,M,M,3000.00,M,M,M,M,M,M,M,M,M,M,60.80,FAGG 071300Z 12010KT 9999 FEW030 16/12 Q1022,M
FAGG,2026-08-07 14:00,60.80,53.60,77.15,100.00,8.00,0.00,30.15,M,6.21,M,FEW,M,M,M,3000.00,M,M,M,M,M,M,M,M,M,M,60.80,FAGG 071400Z 10008KT 070V130 9999 FEW030 16/12 Q1021,M
FAGG,2026-08-07 15:00,60.80,53.60,77.15,90.00,7.00,0.00,30.15,M,6.21,M,FEW,M,M,M,3000.00,M,M,M,M,M,M,M,M,M,M,60.80,FAGG 071500Z 09007KT 9999 FEW030 16/12 Q1021,M
FAGG,2026-08-07 16:00,57.20,55.40,93.70,100.00,3.00,0.00,30.12,M,6.21,M,FEW,M,M,M,3000.00,M,M,M,M,M,M,M,M,M,M,57.20,FAGG 071600Z 10003KT 9999 FEW030 14/13 Q1020,M
FAGG,2026-08-07 17:00,55.40,53.60,93.65,350.00,3.00,0.00,30.12,M,6.21,M,FEW,M,M,M,3000.00,M,M,M,M,M,M,M,M,M,M,55.40,FAGG 071700Z 35003KT 9999 FEW030 13/12 Q1020,M
FAGG,2026-08-07 18:00,51.80,50.00,93.55,350.00,4.00,0.00,30.12,M,6.21,M,M,M,M,M,M,M,M,M,M,M,M,M,M,M,M,51.80,FAGG 071800Z 35004KT CAVOK 11/10 Q1020,M
FAGG,2026-08-07 19:00,51.80,48.20,87.47,320.00,4.00,0.00,30.09,M,6.21,M,M,M,M,M,M,M,M,M,M,M,M,M,M,M,M,51.80,FAGG 071900Z AUTO 32004KT CAVOK 11/09 Q1019,M
FAGG,2026-08-07 20:00,50.00,48.20,93.50,330.00,6.00,0.00,30.09,M,6.21,M,M,M,M,M,M,M,M,M,M,M,M,M,M,M,M,50.00,FAGG 072000Z AUTO 33006KT CAVOK 10/09 Q1019,M
FAGG,2026-08-07 21:00,50.00,48.20,93.50,350.00,4.00,0.00,30.06,M,6.21,M,M,M,M,M,M,M,M,M,M,M,M,M,M,M,M,50.00,FAGG 072100Z AUTO 35004KT CAVOK 10/09 Q1018,M
FAGG,2026-08-07 22:00,50.00,48.20,93.50,360.00,4.00,0.00,30.03,M,6.21,M,M,M,M,M,M,M,M,M,M,M,M,M,M,M,M,50.00,FAGG 072200Z AUTO 36004KT CAVOK 10/09 Q1017,M
FAGG,2026-08-07 23:00,51.80,46.40,81.74,340.00,4.00,0.00,30.03,M,6.21,M,M,M,M,M,M,M,M,M,M,M,M,M,M,M,M,51.80,FAGG 072300Z AUTO 34004KT CAVOK 11/08 Q1017,M
FAGG,2026-08-08 00:00,50.00,46.40,87.37,310.00,5.00,0.00,30.03,M,6.21,M,M,M,M,M,M,M,M,M,M,M,M,M,M,M,M,50.00,FAGG 080000Z AUTO 31005KT 260V320 CAVOK 10/08 Q1017,M
FAGG,2026-08-08 00:25,48.20,44.60,87.28,290.00,6.00,0.00,30.03,M,6.21,M,M,M,M,M,M,M,M,M,M,M,M,M,M,M,M,45.04,FAGG 080025Z AUTO 29006KT 230V320 CAVOK 09/07 Q1017,M
FAGG,2026-08-08 00:27,48.20,44.60,87.28,280.00,6.00,0.00,30.03,M,6.21,M,M,M,M,M,M,M,M,M,M,M,M,M,M,M,M,45.04,FAGG 080027Z AUTO 28006KT 230V320 CAVOK 09/07 Q1017,M
FAGG,2026-08-08 00:34,48.20,44.60,87.28,280.00,7.00,0.00,30.03,M,6.21,M,M,M,M,M,M,M,M,M,M,M,M,M,M,M,M,44.53,FAGG 080034Z AUTO 28007KT CAVOK 09/07 Q1017,M
FAGG,2026-08-08 00:35,48.20,44.60,87.28,280.00,6.00,0.00,30.03,M,6.21,M,M,M,M,M,M,M,M,M,M,M,M,M,M,M,M,45.04,FAGG 080035Z AUTO 28006KT CAVOK 09/07 Q1017,M
FAGG,2026-08-08 00:36,48.20,44.60,87.28,280.00,7.00,0.00,30.03,M,6.21,M,M,M,M,M,M,M,M,M,M,M,M,M,M,M,M,44.53,FAGG 080036Z AUTO 28007KT CAVOK 09/07 Q1017,M
FAGG,2026-08-08 00:48,50.00,46.40,87.37,260.00,6.00,0.00,30.03,M,6.21,M,M,M,M,M,M,M,M,M,M,M,M,M,M,M,M,50.00,FAGG 080048Z AUTO 26006KT CAVOK 10/08 Q1017,M
FAGG,2026-08-08 00:57,48.20,46.40,93.45,270.00,7.00,0.00,30.03,M,6.21,M,M,M,M,M,M,M,M,M,M,M,M,M,M,M,M,44.53,FAGG 080057Z AUTO 27007KT CAVOK 09/08 Q1017,M
FAGG,2026-08-08 01:00,48.20,46.40,93.45,270.00,7.00,0.00,30.03,M,6.21,M,M,M,M,M,M,M,M,M,M,M,M,M,M,M,M,44.53,FAGG 080100Z AUTO 27007KT CAVOK 09/08 Q1017,M
FAGG,2026-08-08 01:15,48.20,46.40,93.45,280.00,6.00,0.00,30.03,M,6.21,M,M,M,M,M,M,M,M,M,M,M,M,M,M,M,M,45.04,FAGG 080115Z AUTO 28006KT CAVOK 09/08 Q1017,M
FAGG,2026-08-08 01:42,50.00,48.20,93.50,290.00,6.00,0.00,30.03,M,6.21,M,FEW,M,M,M,22000.00,M,M,M,M,M,M,M,M,M,M,50.00,FAGG 080142Z AUTO 29006KT 9999 FEW220/// 10/09 Q1017,M
FAGG,2026-08-08 02:00,51.80,48.20,87.47,290.00,8.00,0.00,30.03,M,6.21,M,FEW,M,M,M,22000.00,M,M,M,M,M,M,M,M,M,M,51.80,FAGG 080200Z AUTO 29008KT 9999 FEW220/// 11/09 Q1017,M
FAGG,2026-08-08 02:11,51.80,48.20,87.47,280.00,6.00,0.00,30.06,M,6.21,M,M,M,M,M,M,M,M,M,M,M,M,M,M,M,M,51.80,FAGG 080211Z AUTO 28006KT CAVOK 11/09 Q1018,M
FAGG,2026-08-08 03:00,51.80,48.20,87.47,280.00,3.00,0.00,30.06,M,6.21,M,M,M,M,M,M,M,M,M,M,M,M,M,M,M,M,51.80,FAGG 080300Z 28003KT 240V300 CAVOK 11/09 Q1018,M
FAGG,2026-08-08 04:00,51.80,50.00,93.55,300.00,3.00,0.00,30.06,M,6.21,M,M,M,M,M,M,M,M,M,M,M,M,M,M,M,M,51.80,FAGG 080400Z 30003KT 270V330 CAVOK 11/10 Q1018,M
FAGG,2026-08-08 05:00,48.20,46.40,93.45,340.00,4.00,0.00,30.06,M,6.21,M,M,M,M,M,M,M,M,M,M,M,M,M,M,M,M,46.34,FAGG 080500Z 34004KT CAVOK 09/08 Q1018,M
FAGG,2026-08-08 06:00,50.00,48.20,93.50,330.00,5.00,0.00,30.09,M,6.21,M,FEW,M,M,M,2500.00,M,M,M,M,M,M,M,M,M,M,50.00,FAGG 080600Z 33005KT 9999 FEW025 10/09 Q1019,M
FAGG,2026-08-08 07:00,53.60,48.20,81.87,270.00,9.00,0.00,30.12,M,6.21,M,FEW,M,M,M,2500.00,M,M,M,M,M,M,M,M,M,M,53.60,FAGG 080700Z 27009KT 9999 FEW025 12/09 Q1020,M
FAGG,2026-08-08 08:00,57.20,50.00,76.83,270.00,10.00,0.00,30.12,M,6.21,M,FEW,M,M,M,2500.00,M,M,M,M,M,M,M,M,M,M,57.20,FAGG 080800Z 27010KT 9999 FEW025 14/10 Q1020,M
FAGG,2026-08-08 09:00,59.00,50.00,72.02,260.00,11.00,0.00,30.12,M,6.21,M,SCT,M,M,M,2500.00,M,M,M,M,M,M,M,M,M,M,59.00,FAGG 080900Z 26011KT 9999 SCT025 15/10 Q1020,M
FAGG,2026-08-08 10:00,59.00,48.20,67.34,250.00,11.00,0.00,30.12,M,6.21,M,SCT,M,M,M,2500.00,M,M,M,M,M,M,M,M,M,M,59.00,FAGG 081000Z 25011KT 9999 SCT025 15/09 Q1020,M
FAGG,2026-08-08 11:00,60.80,48.20,63.16,280.00,7.00,0.00,30.09,M,6.21,M,SCT,M,M,M,2600.00,M,M,M,M,M,M,M,M,M,M,60.80,FAGG 081100Z 28007KT 9999 SCT026 16/09 Q1019,M
FAGG,2026-08-08 12:00,62.60,48.20,59.27,290.00,7.00,0.00,30.06,M,6.21,M,FEW,M,M,M,3000.00,M,M,M,M,M,M,M,M,M,M,62.60,FAGG 081200Z 29007KT 260V320 9999 FEW030 17/09 Q1018,M
FAGG,2026-08-08 13:00,62.60,50.00,63.39,260.00,7.00,0.00,30.03,M,6.21,M,M,M,M,M,M,M,M,M,M,M,M,M,M,M,M,62.60,FAGG 081300Z 26007KT 230V290 CAVOK 17/10 Q1017,M
FAGG,2026-08-08 14:00,62.60,48.20,59.27,220.00,6.00,0.00,30.06,M,6.21,M,M,M,M,M,M,M,M,M,M,M,M,M,M,M,M,62.60,FAGG 081400Z 22006KT CAVOK 17/09 Q1018,M
FAGG,2026-08-08 15:00,59.00,50.00,72.02,200.00,8.00,0.00,30.06,M,6.21,M,FEW,M,M,M,2200.00,M,M,M,M,M,M,M,M,M,M,59.00,FAGG 081500Z 20008KT 9999 FEW022 15/10 Q1018,M
FAGG,2026-08-08 16:00,57.20,50.00,76.83,350.00,5.00,0.00,30.06,M,6.21,M,FEW,M,M,M,2500.00,M,M,M,M,M,M,M,M,M,M,57.20,FAGG 081600Z 35005KT 9999 FEW025 14/10 Q1018,M
FAGG,2026-08-08 17:00,55.40,50.00,82.00,340.00,3.00,0.00,30.06,M,6.21,M,SCT,M,M,M,4000.00,M,M,M,M,M,M,M,M,M,M,55.40,FAGG 081700Z 34003KT 9999 SCT040 13/10 Q1018,M
FAGG,2026-08-08 18:00,55.40,50.00,82.00,250.00,3.00,0.00,30.06,M,6.21,M,FEW,SCT,M,M,1800.00,3700.00,M,M,M,M,M,M,M,M,M,55.40,FAGG 081800Z 25003KT 210V300 9999 FEW018 SCT037 13/10 Q1018,M
FAGG,2026-08-08 18:16,55.40,51.80,87.65,240.00,4.00,0.00,30.06,M,6.21,M,BKN,BKN,M,M,1100.00,1600.00,M,M,M,M,M,M,M,M,M,55.40,FAGG 081816Z AUTO 24004KT 9999 BKN011/// BKN016/// 13/11 Q1018,M
FAGG,2026-08-08 18:25,55.40,51.80,87.65,250.00,6.00,0.00,30.06,M,6.21,M,BKN,BKN,BKN,M,1100.00,1300.00,2500.00,M,M,M,M,M,M,M,M,55.40,FAGG 081825Z AUTO 25006KT 9999 BKN011/// BKN013/// BKN025/// 13/11 Q1018,M
FAGG,2026-08-08 18:39,55.40,51.80,87.65,270.00,6.00,0.00,30.06,M,6.21,M,BKN,OVC,M,M,1100.00,2400.00,M,M,M,M,M,M,M,M,M,55.40,FAGG 081839Z AUTO 27006KT 9999 BKN011/// OVC024/// 13/11 Q1018,M
FAGG,2026-08-08 18:54,55.40,53.60,93.65,250.00,7.00,0.00,30.06,M,6.21,M,BKN,OVC,M,M,1200.00,1400.00,M,M,M,M,M,M,M,M,M,55.40,FAGG 081854Z AUTO 25007KT 9999 BKN012/// OVC014/// 13/12 Q1018,M
FAGG,2026-08-08 19:00,55.40,53.60,93.65,250.00,7.00,0.00,30.06,M,6.21,M,BKN,OVC,M,M,1200.00,1400.00,M,M,M,M,M,M,M,M,M,55.40,FAGG 081900Z AUTO 25007KT 9999 BKN012/// OVC014/// 13/12 Q1018,M
FAGG,2026-08-08 19:06,55.40,53.60,93.65,260.00,7.00,0.00,30.06,M,4.97,M,FEW,BKN,OVC,M,900.00,1200.00,2000.00,M,-RA,M,M,M,M,M,M,55.40,FAGG 081906Z AUTO 26007KT 8000 -RA FEW009/// BKN012/// OVC020/// 13/12 Q1018,M
FAGG,2026-08-08 19:10,55.40,53.60,93.65,260.00,8.00,0.00,30.06,M,4.35,M,FEW,BKN,OVC,M,900.00,1200.00,1400.00,M,-DZ,M,M,M,M,M,M,55.40,FAGG 081910Z AUTO 26008KT 7000 -DZ FEW009/// BKN012/// OVC014/// 13/12 Q1018,M
FAGG,2026-08-08 19:11,55.40,53.60,93.65,260.00,8.00,0.00,30.06,M,4.35,M,FEW,BKN,OVC,M,1000.00,1200.00,1400.00,M,DZ,M,M,M,M,M,M,55.40,FAGG 081911Z AUTO 26008KT 7000 DZ FEW010/// BKN012/// OVC014/// 13/12 Q1018,M
FAGG,2026-08-08 19:27,55.40,53.60,93.65,270.00,6.00,0.00,30.06,M,6.21,M,OVC,M,M,M,1000.00,M,M,M,-RA,M,M,M,M,M,M,55.40,FAGG 081927Z AUTO 27006KT 9999 -RA OVC010/// 13/12 Q1018 REDZ,M
FAGG,2026-08-08 19:31,55.40,53.60,93.65,270.00,6.00,0.00,30.06,M,6.21,M,OVC,M,M,M,900.00,M,M,M,M,M,M,M,M,M,M,55.40,FAGG 081931Z AUTO 27006KT 9999 OVC009/// 13/12 Q1018,M
FAGG,2026-08-08 19:38,55.40,53.60,93.65,270.00,6.00,0.00,30.06,M,6.21,M,BKN,OVC,M,M,900.00,1100.00,M,M,M,M,M,M,M,M,M,55.40,FAGG 081938Z AUTO 27006KT 9999 BKN009/// OVC011/// 13/12 Q1018,M
FAGG,2026-08-08 19:50,55.40,53.60,93.65,260.00,7.00,0.00,30.06,M,6.21,M,SCT,BKN,OVC,M,700.00,900.00,1500.00,M,-RA,M,M,M,M,M,M,55.40,FAGG 081950Z AUTO 26007KT 9999 -RA SCT007/// BKN009/// OVC015/// 13/12 Q1018,M
FAGG,2026-08-08 19:53,55.40,53.60,93.65,260.00,8.00,0.00,30.06,M,6.21,M,BKN,BKN,OVC,M,700.00,900.00,1500.00,M,-RA,M,M,M,M,M,M,55.40,FAGG 081953Z AUTO 26008KT 9999 -RA BKN007/// BKN009/// OVC015/// 13/12 Q1018,M
FAGG,2026-08-08 20:00,55.40,53.60,93.65,260.00,8.00,0.00,30.06,M,6.21,M,BKN,BKN,OVC,M,600.00,900.00,1500.00,M,-RA,M,M,M,M,M,M,55.40,FAGG 082000Z AUTO 26008KT 9999 -RA BKN006/// BKN009/// OVC015/// 13/12 Q1018,M
FAGG,2026-08-08 20:03,55.40,53.60,93.65,250.00,7.00,0.00,30.06,M,3.73,M,BKN,BKN,OVC,M,400.00,700.00,1500.00,M,-RA,M,M,M,M,M,M,55.40,FAGG 082003Z AUTO 25007KT 6000 -RA BKN004/// BKN007/// OVC015/// 13/12 Q1018,M
FAGG,2026-08-08 20:07,55.40,53.60,93.65,250.00,7.00,0.00,30.06,M,2.49,M,BKN,BKN,OVC,M,400.00,700.00,1500.00,M,-RA,M,M,M,M,M,M,55.40,FAGG 082007Z AUTO 25007KT 4000 -RA BKN004/// BKN007/// OVC015/// 13/12 Q1018,M
FAGG,2026-08-08 20:10,55.40,53.60,93.65,240.00,8.00,0.00,30.06,M,2.42,M,BKN,BKN,OVC,M,300.00,600.00,1500.00,M,RA,M,M,M,M,M,M,55.40,FAGG 082010Z AUTO 24008KT 3900 RA BKN003/// BKN006/// OVC015/// 13/12 Q1018,M
FAGG,2026-08-08 20:18,55.40,53.60,93.65,230.00,9.00,0.00,30.06,M,2.61,M,BKN,OVC,M,M,200.00,400.00,M,M,RA,M,M,M,M,M,M,55.40,FAGG 082018Z AUTO 23009KT 4200 RA BKN002/// OVC004/// 13/12 Q1018,M
FAGG,2026-08-08 20:36,53.60,53.60,100.00,220.00,10.00,0.00,30.06,M,2.80,M,BKN,OVC,M,M,200.00,400.00,M,M,-RA,M,M,M,M,M,M,53.60,FAGG 082036Z AUTO 22010KT 4500 -RA BKN002/// OVC004/// 12/12 Q1018 RERA,M
FAGG,2026-08-08 20:43,53.60,53.60,100.00,220.00,9.00,0.00,30.06,M,2.49,M,BKN,BKN,OVC,M,200.00,600.00,1000.00,M,-RA,M,M,M,M,M,M,53.60,FAGG 082043Z AUTO 22009KT 4000 -RA BKN002/// BKN006/// OVC010/// 12/12 Q1018 RERA,M
FAGG,2026-08-08 20:58,53.60,53.60,100.00,220.00,9.00,0.00,30.06,M,4.35,M,BKN,OVC,M,M,200.00,700.00,M,M,-RA,M,M,M,M,M,M,53.60,FAGG 082058Z AUTO 22009KT 7000 -RA BKN002/// OVC007/// 12/12 Q1018 RERA,M
FAGG,2026-08-08 21:00,53.60,53.60,100.00,220.00,9.00,0.00,30.06,M,4.35,M,BKN,OVC,M,M,200.00,700.00,M,M,-RA,M,M,M,M,M,M,53.60,FAGG 082100Z AUTO 22009KT 7000 -RA BKN002/// OVC007/// 12/12 Q1018 RERA,M
FAGG,2026-08-08 21:07,53.60,53.60,100.00,230.00,9.00,0.00,30.06,M,2.86,M,BKN,OVC,M,M,200.00,900.00,M,M,-RA,M,M,M,M,M,M,53.60,FAGG 082107Z AUTO 23009KT 4600 -RA BKN002/// OVC009/// 12/12 Q1018,M
FAGG,2026-08-08 21:12,53.60,53.60,100.00,230.00,9.00,0.00,30.06,M,2.92,M,SCT,OVC,M,M,200.00,400.00,M,M,-RA,M,M,M,M,M,M,53.60,FAGG 082112Z AUTO 23009KT 4700 -RA SCT002/// OVC004/// 12/12 Q1018,M
FAGG,2026-08-08 21:18,53.60,53.60,100.00,230.00,9.00,0.00,30.09,M,3.11,M,OVC,M,M,M,200.00,M,M,M,RA,M,M,M,M,M,M,53.60,FAGG 082118Z AUTO 23009KT 5000 RA OVC002/// 12/12 Q1019,M
FAGG,2026-08-08 21:19,53.60,53.60,100.00,230.00,8.00,0.00,30.09,M,2.80,M,OVC,M,M,M,200.00,M,M,M,RA,M,M,M,M,M,M,53.60,FAGG 082119Z AUTO 23008KT 4500 RA OVC002/// 12/12 Q1019,M
FAGG,2026-08-08 21:22,53.60,53.60,100.00,230.00,8.00,0.00,30.09,M,2.55,M,BKN,OVC,M,M,200.00,500.00,M,M,RA,M,M,M,M,M,M,53.60,FAGG 082122Z AUTO 23008KT 4100 RA BKN002/// OVC005/// 12/12 Q1019,M
FAGG,2026-08-08 21:23,53.60,53.60,100.00,230.00,7.00,0.00,30.09,M,2.49,M,BKN,OVC,M,M,200.00,800.00,M,M,+RA,M,M,M,M,M,M,53.60,FAGG 082123Z AUTO 23007KT 4000 +RA BKN002/// OVC008/// 12/12 Q1019,M
FAGG,2026-08-08 21:36,53.60,51.80,93.60,220.00,9.00,0.00,30.09,M,2.36,M,BKN,BKN,OVC,M,200.00,400.00,800.00,M,+RA,M,M,M,M,M,M,53.60,FAGG 082136Z AUTO 22009KT 190V250 3800 +RA BKN002/// BKN004/// OVC008/// 12/11 Q1019,M
FAGG,2026-08-08 21:48,53.60,51.80,93.60,240.00,8.00,0.00,30.09,M,2.36,M,BKN,OVC,M,M,200.00,800.00,M,M,RA,M,M,M,M,M,M,53.60,FAGG 082148Z AUTO 24008KT 210V280 3800 RA BKN002/// OVC008/// 12/11 Q1019 RERA,M
FAGG,2026-08-08 22:00,53.60,51.80,93.60,250.00,9.00,0.00,30.09,M,2.49,M,BKN,OVC,M,M,200.00,800.00,M,M,RA,M,M,M,M,M,M,53.60,FAGG 082200Z AUTO 25009KT 210V280 4000 RA BKN002/// OVC008/// 12/11 Q1019 RERA,M
FAGG,2026-08-08 22:10,53.60,51.80,93.60,260.00,9.00,0.00,30.09,M,2.55,M,OVC,M,M,M,300.00,M,M,M,RA,M,M,M,M,M,M,53.60,FAGG 082210Z AUTO 26009KT 4100 RA OVC003/// 12/11 Q1019,M
FAGG,2026-08-08 22:37,51.80,51.80,100.00,260.00,10.00,0.00,30.09,M,3.11,M,BKN,OVC,M,M,300.00,1200.00,M,M,-RA,M,M,M,M,M,M,51.80,FAGG 082237Z AUTO 26010KT 5000 -RA BKN003/// OVC012/// 11/11 Q1019 RERA,M
FAGG,2026-08-08 22:47,51.80,50.00,93.55,260.00,10.00,0.00,30.09,M,3.11,M,BKN,OVC,M,M,300.00,800.00,M,M,-RA,M,M,M,M,M,M,51.80,FAGG 082247Z AUTO 26010KT 5000 -RA BKN003/// OVC008/// 11/10 Q1019 RERA,M
FAGG,2026-08-08 23:00,51.80,50.00,93.55,260.00,10.00,0.00,30.09,M,3.73,M,BKN,OVC,M,M,300.00,800.00,M,M,-RA,M,M,M,M,M,M,51.80,FAGG 082300Z AUTO 26010KT 6000 -RA BKN003/// OVC008/// 11/10 Q1019 RERA,M
FAGG,2026-08-08 23:06,51.80,50.00,93.55,270.00,10.00,0.00,30.09,M,3.73,M,BKN,BKN,OVC,M,300.00,900.00,1300.00,M,-DZ,M,M,M,M,M,M,51.80,FAGG 082306Z AUTO 27010KT 6000 -DZ BKN003/// BKN009/// OVC013/// 11/10 Q1019,M
FAGG,2026-08-08 23:08,51.80,50.00,93.55,270.00,10.00,0.00,30.09,M,2.86,M,BKN,BKN,OVC,M,300.00,1000.00,1300.00,M,-DZ,M,M,M,M,M,M,51.80,FAGG 082308Z AUTO 27010KT 4600 -DZ BKN003/// BKN010/// OVC013/// 11/10 Q1019,M
FAGG,2026-08-08 23:20,51.80,50.00,93.55,250.00,10.00,0.00,30.09,M,2.80,M,BKN,OVC,M,M,200.00,1400.00,M,M,DZ,M,M,M,M,M,M,51.80,FAGG 082320Z AUTO 25010KT 210V270 4500 DZ BKN002/// OVC014/// 11/10 Q1019,M
FAGG,2026-08-08 23:27,50.00,50.00,100.00,230.00,14.00,0.00,30.09,M,2.86,M,BKN,BKN,OVC,M,200.00,700.00,1000.00,M,RA,M,M,M,M,M,M,50.00,FAGG 082327Z AUTO 23014KT 4600 RA BKN002/// BKN007/// OVC010/// 10/10 Q1019 REDZ,M
FAGG,2026-08-08 23:29,50.00,50.00,100.00,230.00,13.00,0.00,30.09,M,2.80,M,BKN,BKN,OVC,M,200.00,400.00,600.00,M,RA,M,M,M,M,M,M,50.00,FAGG 082329Z AUTO 23013KT 4500 RA BKN002/// BKN004/// OVC006/// 10/10 Q1019 REDZ,M
FAGG,2026-08-08 23:42,50.00,50.00,100.00,220.00,13.00,0.00,30.09,M,2.67,M,SCT,BKN,OVC,M,200.00,400.00,600.00,M,RA,M,M,M,M,M,M,50.00,FAGG 082342Z AUTO 22013KT 4300 RA SCT002/// BKN004/// OVC006/// 10/10 Q1019,M
FAGG,2026-08-08 23:46,50.00,50.00,100.00,230.00,14.00,0.00,30.09,M,2.55,M,BKN,BKN,OVC,M,200.00,400.00,700.00,M,,M,M,M,M,M,M,50.00,FAGG 082346Z AUTO 23014KT 4100 // BKN002/// BKN004/// OVC007/// 10/10 Q1019,M
FAGG,2026-08-08 23:59,50.00,50.00,100.00,240.00,10.00,0.00,30.09,M,2.73,M,SCT,BKN,OVC,M,200.00,400.00,900.00,M,,M,M,M,M,M,M,50.00,FAGG 082359Z AUTO 24010KT 4400 R29///// // SCT002/// BKN004/// OVC009/// 10/10 Q1019,M
FAGG,2026-08-09 00:00,50.00,50.00,100.00,240.00,10.00,0.00,30.09,M,2.73,M,SCT,BKN,OVC,M,200.00,400.00,900.00,M,,M,M,M,M,M,M,50.00,FAGG 090000Z AUTO 24010KT 4400 R29///// // SCT002/// BKN004/// OVC009/// 10/10 Q1019,M
FAGG,2026-08-09 00:18,50.00,50.00,100.00,250.00,9.00,0.00,30.09,M,3.11,M,BKN,BKN,OVC,M,400.00,1000.00,2300.00,M,,M,M,M,M,M,M,50.00,FAGG 090018Z AUTO 25009KT 5000 R29///// // BKN004/// BKN010/// OVC023/// 10/10 Q1019,M
FAGG,2026-08-09 00:28,50.00,50.00,100.00,260.00,9.00,0.00,30.09,M,3.11,M,SCT,BKN,OVC,M,400.00,1200.00,2000.00,M,,M,M,M,M,M,M,50.00,FAGG 090028Z AUTO 26009KT 5000 R29///// // SCT004/// BKN012/// OVC020/// 10/10 Q1019,M
FAGG,2026-08-09 00:52,50.00,50.00,100.00,270.00,7.00,0.00,30.09,M,3.11,M,FEW,BKN,OVC,M,300.00,1000.00,1400.00,M,,M,M,M,M,M,M,50.00,FAGG 090052Z AUTO 27007KT 5000 R29///// // FEW003/// BKN010/// OVC014/// 10/10 Q1019,M
FAGG,2026-08-09 00:56,50.00,50.00,100.00,280.00,7.00,0.00,30.09,M,3.11,M,BKN,BKN,OVC,M,300.00,1400.00,2300.00,M,,M,M,M,M,M,M,50.00,FAGG 090056Z AUTO 28007KT 5000 R29///// // BKN003/// BKN014/// OVC023/// 10/10 Q1019,M
FAGG,2026-08-09 00:57,50.00,50.00,100.00,280.00,7.00,0.00,30.09,M,2.92,M,BKN,BKN,OVC,M,300.00,1400.00,2300.00,M,,M,M,M,M,M,M,50.00,FAGG 090057Z AUTO 28007KT 4700 R29///// // BKN003/// BKN014/// OVC023/// 10/10 Q1019,M
FAGG,2026-08-09 01:00,50.00,50.00,100.00,280.00,7.00,0.00,30.09,M,2.92,M,BKN,BKN,OVC,M,300.00,1400.00,2300.00,M,,M,M,M,M,M,M,50.00,FAGG 090100Z AUTO 28007KT 4700 R29///// // BKN003/// BKN014/// OVC023/// 10/10 Q1019,M
FAGG,2026-08-09 01:08,50.00,50.00,100.00,290.00,7.00,0.00,30.09,M,2.92,M,SCT,BKN,OVC,M,300.00,900.00,1100.00,M,,M,M,M,M,M,M,50.00,FAGG 090108Z AUTO 29007KT 4700 R29///// // SCT003/// BKN009/// OVC011/// 10/10 Q1019,M
FAGG,2026-08-09 01:13,50.00,50.00,100.00,290.00,7.00,0.00,30.09,M,3.11,M,BKN,OVC,M,M,300.00,1000.00,M,M,,M,M,M,M,M,M,50.00,FAGG 090113Z AUTO 29007KT 5000 R29///// // BKN003/// OVC010/// 10/10 Q1019,M
FAGG,2026-08-09 01:16,50.00,50.00,100.00,290.00,7.00,0.00,30.09,M,2.98,M,SCT,BKN,OVC,M,300.00,600.00,900.00,M,,M,M,M,M,M,M,50.00,FAGG 090116Z AUTO 29007KT 4800 R29///// // SCT003/// BKN006/// OVC009/// 10/10 Q1019,M
FAGG,2026-08-09 01:19,50.00,50.00,100.00,290.00,7.00,0.00,30.09,M,2.80,M,BKN,OVC,M,M,300.00,800.00,M,M,,M,M,M,M,M,M,50.00,FAGG 090119Z AUTO 29007KT 4500 R29///// // BKN003/// OVC008/// 10/10 Q1019,M
FAGG,2026-08-09 01:26,50.00,50.00,100.00,290.00,7.00,0.00,30.09,M,2.67,M,BKN,BKN,OVC,M,300.00,500.00,1400.00,M,,M,M,M,M,M,M,50.00,FAGG 090126Z AUTO 29007KT 4300 R29///// // BKN003/// BKN005/// OVC014/// 10/10 Q1019,M
FAGG,2026-08-09 01:43,50.00,50.00,100.00,280.00,7.00,0.00,30.09,M,2.17,M,BKN,BKN,OVC,M,400.00,1100.00,1400.00,M,,M,M,M,M,M,M,50.00,FAGG 090143Z AUTO 28007KT 3500 R29///// // BKN004/// BKN011/// OVC014/// 10/10 Q1019,M
FAGG,2026-08-09 01:53,50.00,48.20,93.50,280.00,8.00,0.00,30.09,M,2.30,M,BKN,BKN,OVC,M,400.00,600.00,1000.00,M,,M,M,M,M,M,M,50.00,FAGG 090153Z AUTO 28008KT 3700 R29///// // BKN004/// BKN006/// OVC010/// 10/09 Q1019,M
FAGG,2026-08-09 02:00,50.00,48.20,93.50,280.00,8.00,0.00,30.09,M,2.36,M,BKN,BKN,OVC,M,400.00,600.00,1000.00,M,,M,M,M,M,M,M,50.00,FAGG 090200Z AUTO 28008KT 3800 R29///// // BKN004/// BKN006/// OVC010/// 10/09 Q1019,M
FAGG,2026-08-09 02:05,50.00,48.20,93.50,270.00,8.00,0.00,30.09,M,2.80,M,SCT,BKN,OVC,M,400.00,1000.00,1900.00,M,-RA BR,M,M,M,M,M,M,50.00,FAGG 090205Z 27008KT 4500 -RA BR SCT004 BKN010 OVC019 10/09 Q1019,M
FAGG,2026-08-09 02:22,50.00,48.20,93.50,290.00,7.00,0.00,30.06,M,6.21,M,SCT,BKN,OVC,M,400.00,2100.00,3500.00,M,-RA,M,M,M,M,M,M,50.00,FAGG 090222Z 29007KT 9999 -RA SCT004 BKN021 OVC035 10/09 Q1018,M
FAGG,2026-08-09 03:00,50.00,48.20,93.50,320.00,6.00,0.00,30.06,M,6.21,M,FEW,BKN,OVC,M,400.00,2200.00,3500.00,M,M,M,M,M,M,M,M,50.00,FAGG 090300Z 32006KT 9999 FEW004 BKN022 OVC035 10/09 Q1018,M
FAGG,2026-08-09 04:00,48.20,46.40,93.45,310.00,9.00,0.00,30.09,M,6.21,M,FEW,SCT,M,M,1800.00,4000.00,M,M,-RA,M,M,M,M,M,M,43.66,FAGG 090400Z 31009KT 9999 -RA FEW018 SCT040 09/08 Q1019,M
FAGG,2026-08-09 05:00,48.20,46.40,93.45,290.00,7.00,0.00,30.09,M,6.21,M,FEW,M,M,M,2300.00,M,M,M,-RA,M,M,M,M,M,M,44.53,FAGG 090500Z 29007KT 9999 -RA FEW023 09/08 Q1019,M
FAGG,2026-08-09 06:00,48.20,48.20,100.00,290.00,8.00,0.00,30.12,M,5.59,M,FEW,BKN,OVC,M,1500.00,1900.00,3200.00,M,-RA,M,M,M,M,M,M,44.07,FAGG 090600Z 29008KT 9000 -RA FEW015 BKN019 OVC032 09/09 Q1020,M
FAGG,2026-08-09 07:00,50.00,48.20,93.50,280.00,11.00,0.00,30.15,M,6.21,M,FEW,BKN,OVC,M,1000.00,2000.00,2500.00,M,-RA,M,M,M,M,M,M,50.00,FAGG 090700Z 28011KT 9999 -RA FEW010 BKN020 OVC025 10/09 Q1021,M
FAGG,2026-08-09 08:00,50.00,48.20,93.50,280.00,11.00,0.00,30.18,M,6.21,M,FEW,SCT,M,M,500.00,1400.00,M,M,-RA,M,M,M,M,M,M,50.00,FAGG 090800Z 28011KT 9999 -RA FEW005 SCT014 10/09 Q1022,M
FAGG,2026-08-09 09:00,50.00,48.20,93.50,260.00,11.00,0.00,30.21,M,3.11,M,FEW,BKN,OVC,M,700.00,3200.00,4700.00,M,-RA,M,M,M,M,M,M,50.00,FAGG 090900Z 26011KT 5000 -RA FEW007 BKN032 OVC047 10/09 Q1023,M
FAGG,2026-08-09 10:00,50.00,48.20,93.50,270.00,13.00,0.00,30.21,M,6.21,M,FEW,SCT,OVC,M,1000.00,2600.00,4000.00,M,-RA,M,M,M,M,M,M,50.00,FAGG 091000Z 27013KT 9999 -RA FEW010 SCT026 OVC040 10/09 Q1023,M
FAGG,2026-08-09 10:46,48.20,46.40,93.45,290.00,15.00,0.00,30.21,M,2.80,M,BKN,OVC,M,M,2500.00,4900.00,M,M,RA,M,M,M,M,M,M,41.78,FAGG 091046Z 29015KT 4500 RA BKN025 OVC049 09/08 Q1023,M
FAGG,2026-08-09 10:57,46.40,46.40,100.00,270.00,18.00,0.00,30.21,M,3.11,M,FEW,SCT,OVC,FEW,1000.00,2700.00,4900.00,7000.00,TSRA,M,M,M,M,M,M,38.70,FAGG 091057Z 27018KT 240V300 5000 TSRA FEW010 SCT027 OVC049 FEW070CB 08/08 Q1023,M
FAGG,2026-08-09 11:00,48.20,46.40,93.45,280.00,19.00,0.00,30.21,M,3.11,M,SCT,OVC,FEW,M,1200.00,3700.00,7000.00,M,TSRA,M,M,M,M,M,M,40.86,FAGG 091100Z 28019KT 5000 TSRA SCT012 OVC037 FEW070CB 09/08 Q1023,M
FAGG,2026-08-09 11:20,50.00,48.20,93.50,170.00,11.00,0.00,30.24,M,6.21,22.00,SCT,OVC,FEW,M,700.00,3000.00,7000.00,M,-TSRA,M,M,M,M,M,M,50.00,FAGG 091120Z 17011G22KT 100V230 9999 -TSRA SCT007 OVC030 FEW070CB 10/09 Q1024 RERA,M
FAGG,2026-08-09 11:33,50.00,48.20,93.50,170.00,19.00,0.00,30.24,M,6.21,29.00,FEW,BKN,OVC,M,700.00,2000.00,4000.00,M,-RA,M,M,M,M,M,M,50.00,FAGG 091133Z 17019G29KT 9999 -RA FEW007 BKN020 OVC040 10/09 Q1024 RETS,M
FAGG,2026-08-09 12:00,50.00,46.40,87.37,170.00,16.00,0.00,30.24,M,6.21,M,FEW,SCT,OVC,M,900.00,1700.00,3700.00,M,-RA,M,M,M,M,M,M,50.00,FAGG 091200Z 17016KT 9999 -RA FEW009 SCT017 OVC037 10/08 Q1024,M
FAGG,2026-08-09 12:18,50.00,46.40,87.37,170.00,18.00,0.00,30.24,M,2.80,M,SCT,BKN,OVC,M,1100.00,2000.00,3800.00,M,RA,M,M,M,M,M,M,50.00,FAGG 091218Z 17018KT 4500 RA SCT011 BKN020 OVC038 10/08 Q1024,M
FAGG,2026-08-09 12:27,50.00,48.20,93.50,170.00,16.00,0.00,30.27,M,4.35,M,SCT,BKN,OVC,M,900.00,2000.00,3500.00,M,-RA,M,M,M,M,M,M,50.00,FAGG 091227Z 17016KT 7000 -RA SCT009 BKN020 OVC035 10/09 Q1025,M
FAGG,2026-08-09 12:55,51.80,46.40,81.74,160.00,13.00,0.00,30.27,M,6.21,M,SCT,BKN,M,M,1100.00,4500.00,M,M,M,M,M,M,M,M,M,51.80,FAGG 091255Z 16013KT 9999 SCT011 BKN045 11/08 Q1025,M
FAGG,2026-08-09 13:00,51.80,46.40,81.74,160.00,13.00,0.00,30.27,M,6.21,M,SCT,BKN,M,M,1100.00,4500.00,M,M,M,M,M,M,M,M,M,51.80,FAGG 091300Z 16013KT 9999 SCT011 BKN045 11/08 Q1025,M
FAGG,2026-08-09 14:00,51.80,48.20,87.47,110.00,7.00,0.00,30.30,M,6.21,M,FEW,SCT,BKN,M,1900.00,2200.00,4500.00,M,M,M,M,M,M,M,M,51.80,FAGG 091400Z 11007KT 9999 FEW019 SCT022 BKN045 11/09 Q1026,M
FAGG,2026-08-09 14:17,51.80,46.40,81.74,110.00,6.00,0.00,30.30,M,6.21,M,SCT,OVC,FEW,M,1800.00,4000.00,7000.00,M,TS,M,M,M,M,M,M,51.80,FAGG 091417Z 11006KT 9999 TS SCT018 OVC040 FEW070CB 11/08 Q1026,M
FAGG,2026-08-09 14:33,50.00,48.20,93.50,170.00,12.00,0.00,30.33,M,2.49,M,SCT,BKN,FEW,M,1000.00,4000.00,7000.00,M,TSRA,M,M,M,M,M,M,50.00,FAGG 091433Z 17012KT 4000 TSRA SCT010 BKN040 FEW070CB 10/09 Q1027,M
FAGG,2026-08-09 14:48,48.20,44.60,87.28,160.00,11.00,0.00,30.33,M,6.21,M,SCT,BKN,FEW,M,1000.00,4000.00,7000.00,M,-TSRA,M,M,M,M,M,M,42.94,FAGG 091448Z 16011KT 9999 -TSRA SCT010 BKN040 FEW070CB 09/07 Q1027,M
FAGG,2026-08-09 15:00,48.20,44.60,87.28,160.00,10.00,0.00,30.33,M,6.21,M,SCT,BKN,FEW,M,800.00,3000.00,7000.00,M,-TSRA,M,M,M,M,M,M,43.28,FAGG 091500Z 16010KT 9999 -TSRA SCT008 BKN030 FEW070CB 09/07 Q1027,M
FAGG,2026-08-09 15:05,50.00,44.60,81.60,170.00,9.00,0.00,30.33,M,6.21,M,FEW,SCT,BKN,M,1200.00,3500.00,4700.00,M,-RA,M,M,M,M,M,M,50.00,FAGG 091505Z 17009KT 9999 -RA FEW012 SCT035 BKN047 10/07 Q1027 RETS,M
FAGG,2026-08-09 16:00,50.00,46.40,87.37,180.00,5.00,0.00,30.36,M,6.21,M,FEW,SCT,BKN,M,1900.00,3000.00,4900.00,M,M,M,M,M,M,M,M,50.00,FAGG 091600Z 18005KT 9999 FEW019 SCT030 BKN049 10/08 Q1028,M
FAGG,2026-08-09 17:00,50.00,44.60,81.60,150.00,4.00,0.00,30.39,M,6.21,M,FEW,SCT,M,M,2500.00,4800.00,M,M,M,M,M,M,M,M,M,50.00,FAGG 091700Z 15004KT 130V200 9999 FEW025 SCT048 10/07 Q1029,M
FAGG,2026-08-09 18:00,50.00,44.60,81.60,160.00,6.00,0.00,30.42,M,6.21,M,SCT,BKN,M,M,2700.00,4500.00,M,M,M,M,M,M,M,M,M,50.00,FAGG 091800Z 16006KT 9999 SCT027 BKN045 10/07 Q1030,M
FAGG,2026-08-09 19:00,51.80,46.40,81.74,190.00,7.00,0.00,30.42,M,6.21,M,BKN,BKN,M,M,2500.00,5800.00,M,M,-RA,M,M,M,M,M,M,51.80,FAGG 091900Z AUTO 19007KT 9999 -RA BKN025/// BKN058/// 11/08 Q1030,M
FAGG,2026-08-09 20:00,50.00,44.60,81.60,190.00,5.00,0.00,30.45,M,6.21,M,BKN,BKN,M,M,2900.00,6200.00,M,M,M,M,M,M,M,M,M,50.00,FAGG 092000Z AUTO 19005KT 9999 BKN029/// BKN062/// 10/07 Q1031,M
FAGG,2026-08-09 21:00,46.40,44.60,93.40,290.00,7.00,0.00,30.47,M,6.21,M,FEW,SCT,M,M,2700.00,4900.00,M,M,M,M,M,M,M,M,M,42.33,FAGG 092100Z AUTO 29007KT 9999 FEW027/// SCT049/// 08/07 Q1032,M
FAGG,2026-08-09 22:00,48.20,44.60,87.28,290.00,8.00,0.00,30.47,M,6.21,M,BKN,BKN,M,M,2800.00,5600.00,M,M,-RA,M,M,M,M,M,M,44.07,FAGG 092200Z AUTO 29008KT 9999 -RA BKN028/// BKN056/// 09/07 Q1032,M
FAGG,2026-08-09 23:00,48.20,44.60,87.28,290.00,8.00,0.00,30.47,M,6.21,M,OVC,M,M,M,2000.00,M,M,M,-RA,M,M,M,M,M,M,44.07,FAGG 092300Z AUTO 29008KT 9999 -RA OVC020/// 09/07 Q1032,M
FAGG,2026-08-10 00:00,46.40,44.60,93.40,300.00,7.00,0.00,30.47,M,6.21,M,FEW,BKN,BKN,M,2900.00,3300.00,6500.00,M,M,M,M,M,M,M,M,42.33,FAGG 100000Z AUTO 30007KT 9999 FEW029/// BKN033/// BKN065/// 08/07 Q1032,M
FAGG,2026-08-10 01:00,46.40,42.80,87.18,280.00,6.00,0.00,30.47,M,6.21,M,SCT,SCT,M,M,2900.00,6200.00,M,M,M,M,M,M,M,M,M,42.87,FAGG 100100Z AUTO 28006KT 9999 SCT029/// SCT062/// 08/06 Q1032,M
FAGG,2026-08-10 01:44,46.40,44.60,93.40,270.00,4.00,0.00,30.50,M,4.97,M,FEW,SCT,BKN,M,1600.00,2600.00,3300.00,M,+RA,M,M,M,M,M,M,44.24,FAGG 100144Z AUTO 27004KT 240V310 8000 +RA FEW016/// SCT026/// BKN033/// 08/07 Q1033,M
FAGG,2026-08-10 02:00,46.40,44.60,93.40,300.00,5.00,0.00,30.50,M,6.21,M,FEW,SCT,BKN,M,1600.00,2500.00,3300.00,M,-RA,M,M,M,M,M,M,43.50,FAGG 100200Z AUTO 30005KT 9999 -RA FEW016/// SCT025/// BKN033/// 08/07 Q1033 RERA,M
FAGG,2026-08-10 03:00,46.40,44.60,93.40,270.00,8.00,0.00,30.50,M,5.59,M,SCT,BKN,M,M,2200.00,2700.00,M,M,-RA,M,M,M,M,M,M,41.85,FAGG 100300Z 27008KT 9000 -RA SCT022 BKN027 08/07 Q1033,M
FAGG,2026-08-10 04:00,46.40,44.60,93.40,290.00,7.00,0.00,30.50,M,6.21,M,FEW,BKN,M,M,1600.00,2700.00,M,M,M,M,M,M,M,M,M,42.33,FAGG 100400Z 29007KT 9999 FEW016 BKN027 08/07 Q1033,M
FAGG,2026-08-10 05:00,46.40,44.60,93.40,290.00,8.00,0.00,30.53,M,5.59,M,FEW,SCT,OVC,M,900.00,2500.00,3800.00,M,-SHRA,M,M,M,M,M,M,41.85,FAGG 100500Z 29008KT 9000 -SHRA FEW009 SCT025 OVC038 08/07 Q1034,M
FAGG,2026-08-10 06:00,46.40,46.40,100.00,310.00,5.00,0.00,30.53,M,6.21,M,SCT,BKN,M,M,1000.00,1600.00,M,M,M,M,M,M,M,M,M,43.50,FAGG 100600Z 31005KT 9999 SCT010 BKN016 08/08 Q1034,M
FAGG,2026-08-10 06:12,48.20,46.40,93.45,290.00,5.00,0.00,30.53,M,3.11,M,BKN,OVC,M,M,1000.00,2000.00,M,M,-RA BR,M,M,M,M,M,M,45.63,FAGG 100612Z 29005KT 5000 -RA BR BKN010 OVC020 09/08 Q1034,M
FAGG,2026-08-10 06:24,48.20,46.40,93.45,280.00,6.00,0.00,30.53,M,3.73,M,BKN,OVC,M,M,900.00,1700.00,M,M,-RA,M,M,M,M,M,M,45.04,FAGG 100624Z 28006KT 6000 -RA BKN009 OVC017 09/08 Q1034,M
FAGG,2026-08-10 06:56,48.20,48.20,100.00,300.00,7.00,0.00,30.56,M,6.21,M,SCT,BKN,M,M,800.00,2000.00,M,M,M,M,M,M,M,M,M,44.53,FAGG 100656Z 30007KT 9999 SCT008 BKN020 09/09 Q1035,M
FAGG,2026-08-10 07:00,48.20,48.20,100.00,300.00,7.00,0.00,30.56,M,6.21,M,SCT,BKN,M,M,800.00,2000.00,M,M,M,M,M,M,M,M,M,44.53,FAGG 100700Z 30007KT 9999 SCT008 BKN020 09/09 Q1035,M
FAGG,2026-08-10 07:35,50.00,48.20,93.50,280.00,9.00,0.00,30.56,M,2.49,M,SCT,BKN,OVC,M,700.00,1800.00,2500.00,M,-SHRA,M,M,M,M,M,M,50.00,FAGG 100735Z 28009KT 4000 -SHRA SCT007 BKN018 OVC025 10/09 Q1035,M
FAGG,2026-08-10 07:55,48.20,48.20,100.00,260.00,10.00,0.00,30.59,M,2.98,M,SCT,BKN,OVC,M,500.00,1200.00,2000.00,M,-SHRA,M,M,M,M,M,M,43.28,FAGG 100755Z 26010KT 4800 -SHRA SCT005 BKN012 OVC020 09/09 Q1036,M
FAGG,2026-08-10 08:00,48.20,48.20,100.00,260.00,10.00,0.00,30.59,M,2.98,M,SCT,BKN,OVC,M,500.00,1200.00,2000.00,M,-SHRA,M,M,M,M,M,M,43.28,FAGG 100800Z 26010KT 4800 -SHRA SCT005 BKN012 OVC020 09/09 Q1036,M
FAGG,2026-08-10 08:25,48.20,48.20,100.00,280.00,4.00,0.00,30.59,M,6.21,M,SCT,BKN,M,M,500.00,1800.00,M,M,M,M,M,M,M,M,M,46.34,FAGG 100825Z 28004KT 9999 SCT005 BKN018 09/09 Q1036,M
FAGG,2026-08-10 09:00,51.80,50.00,93.55,250.00,3.00,0.00,30.59,M,4.97,M,SCT,BKN,M,M,800.00,1600.00,M,M,-RA,M,M,M,M,M,M,51.80,FAGG 100900Z 25003KT 210V300 8000 -RA SCT008 BKN016 11/10 Q1036,M
FAGG,2026-08-10 09:13,50.00,50.00,100.00,140.00,5.00,0.00,30.59,M,3.73,M,SCT,BKN,OVC,M,500.00,1000.00,1800.00,M,-RA,M,M,M,M,M,M,50.00,FAGG 100913Z 14005KT 090V200 6000 -RA SCT005 BKN010 OVC018 10/10 Q1036,M
FAGG,2026-08-10 10:00,51.80,48.20,87.47,170.00,7.00,0.00,30.59,M,6.21,M,FEW,BKN,OVC,M,600.00,1400.00,4700.00,M,-RA,M,M,M,M,M,M,51.80,FAGG 101000Z 17007KT 150V210 9999 -RA FEW006 BKN014 OVC047 11/09 Q1036,M
FAGG,2026-08-10 10:21,51.80,48.20,87.47,110.00,5.00,0.00,30.59,M,4.97,M,FEW,SCT,OVC,M,800.00,1400.00,4200.00,M,M,M,M,M,M,M,M,51.80,FAGG 101021Z 11005KT 070V140 8000 FEW008 SCT014 OVC042 11/09 Q1036,M
FAGG,2026-08-10 11:00,53.60,48.20,81.87,90.00,4.00,0.00,30.56,M,6.21,M,FEW,SCT,OVC,M,800.00,1900.00,3700.00,M,M,M,M,M,M,M,M,53.60,FAGG 101100Z 09004KT 050V160 9999 FEW008 SCT019 OVC037 12/09 Q1035,M
FAGG,2026-08-10 12:00,53.60,46.40,76.51,M,2.00,0.00,30.56,M,6.21,M,FEW,SCT,BKN,M,1500.00,2500.00,4500.00,M,M,M,M,M,M,M,M,53.60,FAGG 101200Z VRB02KT 9999 FEW015 SCT025 BKN045 12/08 Q1035,M
FAGG,2026-08-10 13:00,55.40,46.40,71.65,160.00,5.00,0.00,30.53,M,6.21,M,FEW,SCT,BKN,M,1500.00,2400.00,4500.00,M,M,M,M,M,M,M,M,55.40,FAGG 101300Z 16005KT 130V190 9999 FEW015 SCT024 BKN045 13/08 Q1034,M
FAGG,2026-08-10 14:00,53.60,46.40,76.51,170.00,9.00,0.00,30.53,M,6.21,M,SCT,BKN,M,M,2200.00,4500.00,M,M,M,M,M,M,M,M,M,53.60,FAGG 101400Z 17009KT 130V190 9999 SCT022 BKN045 12/08 Q1034,M
FAGG,2026-08-10 15:00,53.60,46.40,76.51,110.00,4.00,0.00,30.56,M,6.21,M,FEW,SCT,BKN,M,2200.00,3700.00,4900.00,M,M,M,M,M,M,M,M,53.60,FAGG 101500Z 11004KT 080V140 9999 FEW022 SCT037 BKN049 12/08 Q1035,M
FAGG,2026-08-10 16:00,50.00,48.20,93.50,140.00,5.00,0.00,30.56,M,6.21,M,FEW,SCT,BKN,M,1400.00,2500.00,3800.00,M,M,M,M,M,M,M,M,50.00,FAGG 101600Z 14005KT 9999 FEW014 SCT025 BKN038 10/09 Q1035,M
FAGG,2026-08-10 17:00,50.00,48.20,93.50,80.00,3.00,0.00,30.59,M,6.21,M,FEW,BKN,M,M,2100.00,4200.00,M,M,M,M,M,M,M,M,M,50.00,FAGG 101700Z 08003KT 9999 FEW021 BKN042 10/09 Q1036,M
FAGG,2026-08-10 18:00,50.00,48.20,93.50,10.00,3.00,0.00,30.62,M,6.21,M,FEW,BKN,M,M,2600.00,3700.00,M,M,M,M,M,M,M,M,M,50.00,FAGG 101800Z 01003KT 340V040 9999 FEW026 BKN037 10/09 Q1037,M
FAGG,2026-08-10 19:00,48.20,46.40,93.45,60.00,3.00,0.00,30.62,M,6.21,M,FEW,SCT,M,M,1800.00,3000.00,M,M,M,M,M,M,M,M,M,47.21,FAGG 101900Z AUTO 06003KT 9999 FEW018/// SCT030/// 09/08 Q1037,M
FAGG,2026-08-10 20:00,48.20,44.60,87.28,60.00,4.00,0.00,30.62,M,6.21,M,SCT,M,M,M,5200.00,M,M,M,M,M,M,M,M,M,M,46.34,FAGG 102000Z AUTO 06004KT 9999 SCT052/// 09/07 Q1037,M
FAGG,2026-08-10 21:00,48.20,46.40,93.45,70.00,7.00,0.00,30.62,M,6.21,M,BKN,BKN,M,M,5000.00,5700.00,M,M,M,M,M,M,M,M,M,44.53,FAGG 102100Z AUTO 07007KT 9999 BKN050/// BKN057/// 09/08 Q1037,M
FAGG,2026-08-10 22:00,48.20,44.60,87.28,70.00,5.00,0.00,30.62,M,6.21,M,SCT,M,M,M,4600.00,M,M,M,M,M,M,M,M,M,M,45.63,FAGG 102200Z AUTO 07005KT 9999 SCT046/// 09/07 Q1037,M
FAGG,2026-08-10 23:00,48.20,44.60,87.28,90.00,4.00,0.00,30.62,M,6.21,M,FEW,BKN,BKN,M,4000.00,4700.00,6300.00,M,M,M,M,M,M,M,M,46.34,FAGG 102300Z AUTO 09004KT 9999 FEW040/// BKN047/// BKN063/// 09/07 Q1037,M
FAGG,2026-08-11 00:00,48.20,44.60,87.28,100.00,4.00,0.00,30.62,M,6.21,M,FEW,BKN,M,M,4200.00,5100.00,M,M,M,M,M,M,M,M,M,46.34,FAGG 110000Z AUTO 10004KT 9999 FEW042/// BKN051/// 09/07 Q1037,M
FAGG,2026-08-11 01:00,48.20,42.80,81.47,M,2.00,0.00,30.62,M,6.21,M,OVC,M,M,M,4300.00,M,M,M,M,M,M,M,M,M,M,48.20,FAGG 110100Z AUTO VRB02KT 9999 OVC043/// 09/06 Q1037,M
FAGG,2026-08-11 02:00,46.40,44.60,93.40,M,2.00,0.00,30.62,M,6.21,M,OVC,M,M,M,4000.00,M,M,M,M,M,M,M,M,M,M,46.40,FAGG 110200Z AUTO VRB02KT 9999 OVC040/// 08/07 Q1037,M
FAGG,2026-08-11 03:00,48.20,44.60,87.28,40.00,3.00,0.00,30.62,M,6.21,M,FEW,SCT,BKN,M,2500.00,3500.00,4900.00,M,M,M,M,M,M,M,M,47.21,FAGG 110300Z 04003KT 9999 FEW025 SCT035 BKN049 09/07 Q1037,M
FAGG,2026-08-11 04:00,48.20,46.40,93.45,60.00,5.00,0.00,30.65,M,6.21,M,SCT,BKN,M,M,1800.00,3500.00,M,M,M,M,M,M,M,M,M,45.63,FAGG 110400Z 06005KT 9999 SCT018 BKN035 09/08 Q1038,M
FAGG,2026-08-11 05:00,46.40,44.60,93.40,120.00,3.00,0.00,30.65,M,6.21,M,FEW,M,M,M,3500.00,M,M,M,M,M,M,M,M,M,M,45.15,FAGG 110500Z 12003KT 090V150 9999 FEW035 08/07 Q1038,M
FAGG,2026-08-11 06:00,46.40,44.60,93.40,140.00,5.00,0.00,30.65,M,6.21,M,FEW,M,M,M,3500.00,M,M,M,M,M,M,M,M,M,M,43.50,FAGG 110600Z 14005KT 9999 FEW035 08/07 Q1038,M
FAGG,2026-08-11 06:18,50.00,48.20,93.50,150.00,5.00,0.00,30.65,M,6.21,M,FEW,M,M,M,4500.00,M,M,M,M,M,M,M,M,M,M,50.00,FAGG 110618Z 15005KT 9999 FEW045 10/09 Q1038,M
FAGG,2026-08-11 06:47,53.60,48.20,81.87,130.00,7.00,0.00,30.68,M,6.21,M,FEW,M,M,M,4500.00,M,M,M,M,M,M,M,M,M,M,53.60,FAGG 110647Z 13007KT 9999 FEW045 12/09 Q1039,M
FAGG,2026-08-11 07:00,53.60,48.20,81.87,120.00,7.00,0.00,30.68,M,6.21,M,FEW,M,M,M,4500.00,M,M,M,M,M,M,M,M,M,M,53.60,FAGG 110700Z 12007KT 080V140 9999 FEW045 12/09 Q1039,M
FAGG,2026-08-11 08:00,55.40,46.40,71.65,110.00,10.00,0.00,30.68,M,6.21,M,FEW,M,M,M,2500.00,M,M,M,M,M,M,M,M,M,M,55.40,FAGG 110800Z 11010KT 9999 FEW025 13/08 Q1039,M
FAGG,2026-08-11 09:00,57.20,48.20,71.84,100.00,13.00,0.00,30.68,M,6.21,M,FEW,M,M,M,2500.00,M,M,M,M,M,M,M,M,M,M,57.20,FAGG 110900Z 10013KT 9999 FEW025 14/09 Q1039,M
FAGG,2026-08-11 10:00,57.20,48.20,71.84,100.00,14.00,0.00,30.65,M,6.21,M,SCT,M,M,M,2500.00,M,M,M,M,M,M,M,M,M,M,57.20,FAGG 111000Z 10014KT 9999 SCT025 14/09 Q1038,M
FAGG,2026-08-11 11:00,59.00,50.00,72.02,120.00,13.00,0.00,30.62,M,6.21,M,FEW,M,M,M,2000.00,M,M,M,M,M,M,M,M,M,M,59.00,FAGG 111100Z 12013KT 9999 FEW020 15/10 Q1037,M
FAGG,2026-08-11 12:00,59.00,46.40,62.93,120.00,14.00,0.00,30.62,M,6.21,M,SCT,M,M,M,2200.00,M,M,M,M,M,M,M,M,M,M,59.00,FAGG 111200Z 12014KT 9999 SCT022 15/08 Q1037,M
FAGG,2026-08-11 13:00,59.00,46.40,62.93,110.00,16.00,0.00,30.59,M,6.21,M,FEW,M,M,M,3000.00,M,M,M,M,M,M,M,M,M,M,59.00,FAGG 111300Z 11016KT 9999 FEW030 15/08 Q1036,M
FAGG,2026-08-11 14:00,57.20,48.20,71.84,110.00,17.00,0.00,30.59,M,6.21,M,FEW,M,M,M,2000.00,M,M,M,M,M,M,M,M,M,M,57.20,FAGG 111400Z 11017KT 9999 FEW020 14/09 Q1036,M
FAGG,2026-08-11 14:10,57.20,50.00,76.83,110.00,17.00,0.00,30.62,M,6.21,28.00,FEW,M,M,M,2000.00,M,M,M,M,M,M,M,M,M,M,57.20,FAGG 111410Z 11017G28KT 9999 FEW020 14/10 Q1037,M
FAGG,2026-08-11 15:00,57.20,50.00,76.83,100.00,12.00,0.00,30.59,M,6.21,M,FEW,M,M,M,2400.00,M,M,M,M,M,M,M,M,M,M,57.20,FAGG 111500Z 10012KT 9999 FEW024 14/10 Q1036,M
FAGG,2026-08-11 16:00,55.40,48.20,76.67,90.00,8.00,0.00,30.62,M,6.21,M,FEW,M,M,M,2400.00,M,M,M,M,M,M,M,M,M,M,55.40,FAGG 111600Z 09008KT 9999 FEW024 13/09 Q1037,M
FAGG,2026-08-11 17:00,53.60,48.20,81.87,90.00,12.00,0.00,30.62,M,6.21,M,FEW,M,M,M,3000.00,M,M,M,M,M,M,M,M,M,M,53.60,FAGG 111700Z 09012KT 9999 FEW030 12/09 Q1037,M
FAGG,2026-08-11 18:00,51.80,48.20,87.47,100.00,10.00,0.00,30.65,M,6.21,M,M,M,M,M,M,M,M,M,M,M,M,M,M,M,M,51.80,FAGG 111800Z 10010KT CAVOK 11/09 Q1038,M
FAGG,2026-08-11 19:00,51.80,48.20,87.47,80.00,9.00,0.00,30.65,M,6.21,M,M,M,M,M,M,M,M,M,M,M,M,M,M,M,M,51.80,FAGG 111900Z AUTO 08009KT CAVOK 11/09 Q1038,M
FAGG,2026-08-11 20:00,50.00,46.40,87.37,70.00,9.00,0.00,30.62,M,6.21,M,M,M,M,M,M,M,M,M,M,M,M,M,M,M,M,50.00,FAGG 112000Z AUTO 07009KT CAVOK 10/08 Q1037,M
FAGG,2026-08-11 21:00,48.20,44.60,87.28,90.00,7.00,0.00,30.62,M,6.21,M,M,M,M,M,M,M,M,M,M,M,M,M,M,M,M,44.53,FAGG 112100Z AUTO 09007KT CAVOK 09/07 Q1037,M
FAGG,2026-08-11 22:00,50.00,42.80,76.17,60.00,5.00,0.00,30.62,M,6.21,M,M,M,M,M,M,M,M,M,M,M,M,M,M,M,M,50.00,FAGG 112200Z AUTO 06005KT CAVOK 10/06 Q1037,M
FAGG,2026-08-11 23:00,50.00,42.80,76.17,80.00,6.00,0.00,30.59,M,6.21,M,M,M,M,M,M,M,M,M,M,M,M,M,M,M,M,50.00,FAGG 112300Z AUTO 08006KT 040V100 CAVOK 10/06 Q1036,M
FAGG,2026-08-12 00:00,46.40,41.00,81.33,50.00,7.00,0.00,30.59,M,6.21,M,M,M,M,M,M,M,M,M,M,M,M,M,M,M,M,42.33,FAGG 120000Z AUTO 05007KT 020V090 CAVOK 08/05 Q1036,M
FAGG,2026-08-12 01:00,48.20,39.20,70.87,80.00,5.00,0.00,30.59,M,6.21,M,M,M,M,M,M,M,M,M,M,M,M,M,M,M,M,45.63,FAGG 120100Z AUTO 08005KT 040V110 CAVOK 09/04 Q1036,M
FAGG,2026-08-12 02:00,46.40,41.00,81.33,100.00,11.00,0.00,30.56,M,6.21,M,M,M,M,M,M,M,M,M,M,M,M,M,M,M,M,40.66,FAGG 120200Z AUTO 10011KT CAVOK 08/05 Q1035,M
FAGG,2026-08-12 03:00,46.40,39.20,75.84,100.00,9.00,0.00,30.56,M,6.21,M,M,M,M,M,M,M,M,M,M,M,M,M,M,M,M,41.42,FAGG 120300Z 10009KT CAVOK 08/04 Q1035,M
FAGG,2026-08-12 04:00,48.20,39.20,70.87,80.00,5.00,0.00,30.56,M,6.21,M,M,M,M,M,M,M,M,M,M,M,M,M,M,M,M,45.63,FAGG 120400Z 08005KT CAVOK 09/04 Q1035,M
FAGG,2026-08-12 05:00,48.20,41.00,76.01,80.00,10.00,0.00,30.53,M,6.21,M,FEW,M,M,M,4000.00,M,M,M,M,M,M,M,M,M,M,43.28,FAGG 120500Z 08010KT 9999 FEW040 09/05 Q1034,M
FAGG,2026-08-12 06:00,51.80,42.80,71.26,100.00,11.00,0.00,30.56,M,6.21,M,M,M,M,M,M,M,M,M,M,M,M,M,M,M,M,51.80,FAGG 120600Z 10011KT CAVOK 11/06 Q1035,M
FAGG,2026-08-12 07:00,55.40,44.60,66.91,100.00,12.00,0.00,30.53,M,6.21,M,M,M,M,M,M,M,M,M,M,M,M,M,M,M,M,55.40,FAGG 120700Z 10012KT CAVOK 13/07 Q1034,M
FAGG,2026-08-12 08:00,59.00,44.60,58.78,100.00,11.00,0.00,30.56,M,6.21,M,FEW,M,M,M,4000.00,M,M,M,M,M,M,M,M,M,M,59.00,FAGG 120800Z 10011KT 9999 FEW040 15/07 Q1035,M
FAGG,2026-08-12 09:00,60.80,44.60,55.13,130.00,10.00,0.00,30.53,M,6.21,M,FEW,M,M,M,4000.00,M,M,M,M,M,M,M,M,M,M,60.80,FAGG 120900Z 13010KT 9999 FEW040 16/07 Q1034,M
FAGG,2026-08-12 10:00,60.80,48.20,63.16,120.00,13.00,0.00,30.50,M,6.21,M,FEW,M,M,M,4000.00,M,M,M,M,M,M,M,M,M,M,60.80,FAGG 121000Z 12013KT 9999 FEW040 16/09 Q1033,M
FAGG,2026-08-12 11:00,62.60,50.00,63.39,120.00,12.00,0.00,30.47,M,6.21,M,FEW,M,M,M,4800.00,M,M,M,M,M,M,M,M,M,M,62.60,FAGG 121100Z 12012KT 9999 FEW048 17/10 Q1032,M
FAGG,2026-08-12 12:00,60.80,51.80,72.21,110.00,14.00,0.00,30.45,M,6.21,M,M,M,M,M,M,M,M,M,M,M,M,M,M,M,M,60.80,FAGG 121200Z 11014KT CAVOK 16/11 Q1031,M
FAGG,2026-08-12 13:00,60.80,50.00,67.55,110.00,12.00,0.00,30.42,M,6.21,M,M,M,M,M,M,M,M,M,M,M,M,M,M,M,M,60.80,FAGG 121300Z 11012KT CAVOK 16/10 Q1030,M
FAGG,2026-08-12 14:00,60.80,51.80,72.21,120.00,12.00,0.00,30.42,M,6.21,M,M,M,M,M,M,M,M,M,M,M,M,M,M,M,M,60.80,FAGG 121400Z 12012KT CAVOK 16/11 Q1030,M
FAGG,2026-08-12 15:00,60.80,51.80,72.21,110.00,10.00,0.00,30.39,M,6.21,M,M,M,M,M,M,M,M,M,M,M,M,M,M,M,M,60.80,FAGG 121500Z 11010KT CAVOK 16/11 Q1029,M
FAGG,2026-08-12 16:00,57.20,50.00,76.83,110.00,7.00,0.00,30.39,M,6.21,M,M,M,M,M,M,M,M,M,M,M,M,M,M,M,M,57.20,FAGG 121600Z 11007KT CAVOK 14/10 Q1029,M
FAGG,2026-08-12 17:00,59.00,48.20,67.34,100.00,13.00,0.00,30.39,M,6.21,M,M,M,M,M,M,M,M,M,M,M,M,M,M,M,M,59.00,FAGG 121700Z 10013KT CAVOK 15/09 Q1029,M
FAGG,2026-08-12 18:00,55.40,50.00,82.00,130.00,8.00,0.00,30.39,M,6.21,M,M,M,M,M,M,M,M,M,M,M,M,M,M,M,M,55.40,FAGG 121800Z 13008KT CAVOK 13/10 Q1029,M
FAGG,2026-08-12 19:00,55.40,48.20,76.67,150.00,10.00,0.00,30.39,M,6.21,M,M,M,M,M,M,M,M,M,M,M,M,M,M,M,M,55.40,FAGG 121900Z AUTO 15010KT CAVOK 13/09 Q1029,M
FAGG,2026-08-12 20:00,53.60,50.00,87.56,170.00,6.00,0.00,30.36,M,6.21,M,M,M,M,M,M,M,M,M,M,M,M,M,M,M,M,53.60,FAGG 122000Z AUTO 17006KT 130V200 CAVOK 12/10 Q1028,M
FAGG,2026-08-12 21:00,55.40,48.20,76.67,110.00,10.00,0.00,30.36,M,6.21,M,M,M,M,M,M,M,M,M,M,M,M,M,M,M,M,55.40,FAGG 122100Z AUTO 11010KT CAVOK 13/09 Q1028,M
FAGG,2026-08-12 22:00,55.40,46.40,71.65,30.00,4.00,0.00,30.36,M,6.21,M,M,M,M,M,M,M,M,M,M,M,M,M,M,M,M,55.40,FAGG 122200Z AUTO 03004KT 360V080 CAVOK 13/08 Q1028,M
FAGG,2026-08-12 23:00,53.60,44.60,71.45,70.00,7.00,0.00,30.33,M,6.21,M,M,M,M,M,M,M,M,M,M,M,M,M,M,M,M,53.60,FAGG 122300Z AUTO 07007KT CAVOK 12/07 Q1027,M
FAGG,2026-08-12 23:14,57.20,46.40,67.13,40.00,6.00,0.00,30.33,M,6.21,M,M,M,M,M,M,M,M,M,M,M,M,M,M,M,M,57.20,FAGG 122314Z AUTO 04006KT CAVOK 14/08 Q1027,M
FAGG,2026-08-12 23:22,60.80,44.60,55.13,50.00,7.00,0.00,30.33,M,6.21,M,M,M,M,M,M,M,M,M,M,M,M,M,M,M,M,60.80,FAGG 122322Z AUTO 05007KT 010V100 CAVOK 16/07 Q1027,M
FAGG,2026-08-13 00:00,53.60,46.40,76.51,M,5.00,0.00,30.33,M,6.21,M,M,M,M,M,M,M,M,M,M,M,M,M,M,M,M,53.60,FAGG 130000Z AUTO VRB05KT CAVOK 12/08 Q1027,M
FAGG,2026-08-13 01:00,53.60,46.40,76.51,80.00,6.00,0.00,30.30,M,6.21,M,M,M,M,M,M,M,M,M,M,M,M,M,M,M,M,53.60,FAGG 130100Z AUTO 08006KT CAVOK 12/08 Q1026,M
FAGG,2026-08-13 02:00,53.60,46.40,76.51,M,6.00,0.00,30.30,M,6.21,M,M,M,M,M,M,M,M,M,M,M,M,M,M,M,M,53.60,FAGG 130200Z AUTO VRB06KT CAVOK 12/08 Q1026,M
FAGG,2026-08-13 02:38,57.20,44.60,62.70,130.00,3.00,0.00,30.30,M,6.21,M,M,M,M,M,M,M,M,M,M,M,M,M,M,M,M,57.20,FAGG 130238Z 13003KT 110V190 CAVOK 14/07 Q1026,M
FAGG,2026-08-13 03:00,55.40,42.80,62.46,M,3.00,0.00,30.30,M,6.21,M,M,M,M,M,M,M,M,M,M,M,M,M,M,M,M,55.40,FAGG 130300Z VRB03KT CAVOK 13/06 Q1026,M
FAGG,2026-08-13 03:48,53.60,44.60,71.45,40.00,5.00,0.00,30.30,M,6.21,M,M,M,M,M,M,M,M,M,M,M,M,M,M,M,M,53.60,FAGG 130348Z 04005KT 010V080 CAVOK 12/07 Q1026,M
FAGG,2026-08-13 04:00,51.80,44.60,76.34,40.00,5.00,0.00,30.30,M,6.21,M,M,M,M,M,M,M,M,M,M,M,M,M,M,M,M,51.80,FAGG 130400Z 04005KT 360V080 CAVOK 11/07 Q1026,M
FAGG,2026-08-13 05:00,53.60,44.60,71.45,M,3.00,0.00,30.30,M,6.21,M,M,M,M,M,M,M,M,M,M,M,M,M,M,M,M,53.60,FAGG 130500Z VRB03KT CAVOK 12/07 Q1026,M
FAGG,2026-08-13 05:31,57.20,44.60,62.70,100.00,8.00,0.00,30.30,M,6.21,M,M,M,M,M,M,M,M,M,M,M,M,M,M,M,M,57.20,FAGG 130531Z 10008KT CAVOK 14/07 Q1026,M
FAGG,2026-08-13 06:00,59.00,46.40,62.93,100.00,7.00,0.00,30.30,M,6.21,M,M,M,M,M,M,M,M,M,M,M,M,M,M,M,M,59.00,FAGG 130600Z 10007KT 050V120 CAVOK 15/08 Q1026,M
FAGG,2026-08-13 06:01,64.40,46.40,52.00,M,4.00,0.00,30.27,M,6.21,14.00,M,M,M,M,M,M,M,M,M,M,M,M,M,M,M,64.40,FAGG 130601Z VRB04G14KT CAVOK 18/08 Q1025,M
FAGG,2026-08-13 06:13,68.00,44.60,42.87,M,3.00,0.00,30.30,M,6.21,M,M,M,M,M,M,M,M,M,M,M,M,M,M,M,M,68.00,FAGG 130613Z VRB03KT CAVOK 20/07 Q1026,M
FAGG,2026-08-13 06:53,69.80,46.40,43.16,110.00,4.00,0.00,30.30,M,6.21,M,M,M,M,M,M,M,M,M,M,M,M,M,M,M,M,69.80,FAGG 130653Z 11004KT 070V180 CAVOK 21/08 Q1026,M
FAGG,2026-08-13 07:00,69.80,44.60,40.31,110.00,4.00,0.00,30.30,M,6.21,M,M,M,M,M,M,M,M,M,M,M,M,M,M,M,M,69.80,FAGG 130700Z 11004KT 070V180 CAVOK 21/07 Q1026,M
FAGG,2026-08-13 07:41,73.40,46.40,38.21,190.00,4.00,0.00,30.27,M,6.21,16.00,M,M,M,M,M,M,M,M,M,M,M,M,M,M,M,73.40,FAGG 130741Z 19004G16KT 090V230 CAVOK 23/08 Q1025,M
FAGG,2026-08-13 08:00,71.60,46.40,40.60,M,4.00,0.00,30.27,M,6.21,14.00,M,M,M,M,M,M,M,M,M,M,M,M,M,M,M,71.60,FAGG 130800Z VRB04G14KT CAVOK 22/08 Q1025,M
FAGG,2026-08-13 09:00,73.40,46.40,38.21,360.00,18.00,0.00,30.27,M,6.21,29.00,M,M,M,M,M,M,M,M,M,M,M,M,M,M,M,73.40,FAGG 130900Z 36018G29KT CAVOK 23/08 Q1025,M
FAGG,2026-08-13 10:00,75.20,48.20,38.50,340.00,14.00,0.00,30.21,M,6.21,25.00,M,M,M,M,M,M,M,M,M,M,M,M,M,M,M,75.20,FAGG 131000Z 34014G25KT 310V020 CAVOK 24/09 Q1023,M
FAGG,2026-08-13 11:00,77.00,46.40,33.89,350.00,20.00,0.00,30.15,M,6.21,35.00,M,M,M,M,M,M,M,M,M,M,M,M,M,M,M,77.00,FAGG 131100Z 35020G35KT CAVOK 25/08 Q1021,M
FAGG,2026-08-13 11:45,77.00,46.40,33.89,M,11.00,0.00,30.15,M,6.21,32.00,M,M,M,M,M,M,M,M,M,M,M,M,M,M,M,77.00,FAGG 131145Z VRB11G32KT CAVOK 25/08 Q1021,M
FAGG,2026-08-13 12:00,78.80,44.60,29.83,M,8.00,0.00,30.18,M,6.21,24.00,M,M,M,M,M,M,M,M,M,M,M,M,M,M,M,78.80,FAGG 131200Z VRB08G24KT CAVOK 26/07 Q1022,M
FAGG,2026-08-13 13:00,78.80,46.40,31.94,340.00,13.00,0.00,30.15,M,6.21,M,M,M,M,M,M,M,M,M,M,M,M,M,M,M,M,78.80,FAGG 131300Z 34013KT 300V360 CAVOK 26/08 Q1021,M
FAGG,2026-08-13 14:00,78.80,46.40,31.94,10.00,3.00,0.00,30.15,M,6.21,M,M,M,M,M,M,M,M,M,M,M,M,M,M,M,M,78.80,FAGG 131400Z 01003KT 330V050 CAVOK 26/08 Q1021,M
FAGG,2026-08-13 15:00,75.20,50.00,41.18,90.00,5.00,0.00,30.15,M,6.21,M,M,M,M,M,M,M,M,M,M,M,M,M,M,M,M,75.20,FAGG 131500Z 09005KT CAVOK 24/10 Q1021,M
FAGG,2026-08-13 16:00,68.00,48.20,49.12,120.00,7.00,0.00,30.15,M,6.21,M,M,M,M,M,M,M,M,M,M,M,M,M,M,M,M,68.00,FAGG 131600Z 12007KT CAVOK 20/09 Q1021,M
FAGG,2026-08-13 17:00,68.00,46.40,45.91,90.00,6.00,0.00,30.15,M,6.21,M,M,M,M,M,M,M,M,M,M,M,M,M,M,M,M,68.00,FAGG 131700Z 09006KT 010V110 CAVOK 20/08 Q1021,M
FAGG,2026-08-13 18:00,66.20,46.40,48.85,90.00,6.00,0.00,30.18,M,6.21,M,M,M,M,M,M,M,M,M,M,M,M,M,M,M,M,66.20,FAGG 131800Z 09006KT CAVOK 19/08 Q1022,M
FAGG,2026-08-13 18:23,69.80,46.40,43.16,M,3.00,0.00,30.15,M,6.21,M,M,M,M,M,M,M,M,M,M,M,M,M,M,M,M,69.80,FAGG 131823Z AUTO VRB03KT CAVOK 21/08 Q1021,M
FAGG,2026-08-13 19:00,66.20,46.40,48.85,M,2.00,0.00,30.18,M,6.21,M,M,M,M,M,M,M,M,M,M,M,M,M,M,M,M,66.20,FAGG 131900Z AUTO VRB02KT CAVOK 19/08 Q1022,M
FAGG,2026-08-13 19:02,69.80,44.60,40.31,M,2.00,0.00,30.18,M,6.21,M,M,M,M,M,M,M,M,M,M,M,M,M,M,M,M,69.80,FAGG 131902Z AUTO VRB02KT CAVOK 21/07 Q1022,M
FAGG,2026-08-13 19:35,68.00,46.40,45.91,360.00,15.00,0.00,30.18,M,6.21,M,M,M,M,M,M,M,M,M,M,M,M,M,M,M,M,68.00,FAGG 131935Z AUTO 36015KT 330V030 CAVOK 20/08 Q1022,M
FAGG,2026-08-13 19:37,68.00,44.60,42.87,70.00,9.00,0.00,30.15,M,6.21,M,M,M,M,M,M,M,M,M,M,M,M,M,M,M,M,68.00,FAGG 131937Z AUTO 07009KT 030V100 CAVOK 20/07 Q1021,M
FAGG,2026-08-13 19:40,69.80,44.60,40.31,360.00,13.00,0.00,30.18,M,6.21,M,M,M,M,M,M,M,M,M,M,M,M,M,M,M,M,69.80,FAGG 131940Z AUTO 36013KT 330V040 CAVOK 21/07 Q1022,M
FAGG,2026-08-13 19:44,73.40,44.60,35.69,10.00,12.00,0.00,30.15,M,6.21,23.00,M,M,M,M,M,M,M,M,M,M,M,M,M,M,M,73.40,FAGG 131944Z AUTO 01012G23KT 330V050 CAVOK 23/07 Q1021,M
FAGG,2026-08-13 20:00,68.00,44.60,42.87,20.00,12.00,0.00,30.18,M,6.21,26.00,M,M,M,M,M,M,M,M,M,M,M,M,M,M,M,68.00,FAGG 132000Z AUTO 02012G26KT 340V060 CAVOK 20/07 Q1022,M
FAGG,2026-08-13 20:01,73.40,42.80,33.31,10.00,12.00,0.00,30.15,M,6.21,M,M,M,M,M,M,M,M,M,M,M,M,M,M,M,M,73.40,FAGG 132001Z AUTO 01012KT 330V060 CAVOK 23/06 Q1021,M
FAGG,2026-08-13 20:06,77.00,42.80,29.55,10.00,11.00,0.00,30.15,M,6.21,M,M,M,M,M,M,M,M,M,M,M,M,M,M,M,M,77.00,FAGG 132006Z AUTO 01011KT 320V060 CAVOK 25/06 Q1021,M
FAGG,2026-08-13 20:28,75.20,42.80,31.37,350.00,13.00,0.00,30.15,M,6.21,M,M,M,M,M,M,M,M,M,M,M,M,M,M,M,M,75.20,FAGG 132028Z AUTO 35013KT 330V030 CAVOK 24/06 Q1021,M
FAGG,2026-08-13 20:31,78.80,42.80,27.85,350.00,14.00,0.00,30.15,M,6.21,M,M,M,M,M,M,M,M,M,M,M,M,M,M,M,M,78.80,FAGG 132031Z AUTO 35014KT 330V030 CAVOK 26/06 Q1021,M
FAGG,2026-08-13 20:42,77.00,42.80,29.55,360.00,13.00,0.00,30.15,M,6.21,M,M,M,M,M,M,M,M,M,M,M,M,M,M,M,M,77.00,FAGG 132042Z AUTO 36013KT 310V030 CAVOK 25/06 Q1021,M
FAGG,2026-08-13 21:00,77.00,42.80,29.55,360.00,15.00,0.00,30.15,M,6.21,M,M,M,M,M,M,M,M,M,M,M,M,M,M,M,M,77.00,FAGG 132100Z AUTO 36015KT 320V020 CAVOK 25/06 Q1021,M
FAGG,2026-08-13 21:04,77.00,42.80,29.55,350.00,15.00,0.00,30.15,M,6.21,25.00,M,M,M,M,M,M,M,M,M,M,M,M,M,M,M,77.00,FAGG 132104Z AUTO 35015G25KT 330V030 CAVOK 25/06 Q1021,M
FAGG,2026-08-13 21:07,77.00,42.80,29.55,360.00,16.00,0.00,30.15,M,6.21,M,M,M,M,M,M,M,M,M,M,M,M,M,M,M,M,77.00,FAGG 132107Z AUTO 36016KT 330V030 CAVOK 25/06 Q1021,M
FAGG,2026-08-13 21:13,78.80,42.80,27.85,360.00,15.00,0.00,30.15,M,6.21,25.00,M,M,M,M,M,M,M,M,M,M,M,M,M,M,M,78.80,FAGG 132113Z AUTO 36015G25KT 330V050 CAVOK 26/06 Q1021,M
FAGG,2026-08-13 21:18,78.80,42.80,27.85,360.00,12.00,0.00,30.15,M,6.21,M,M,M,M,M,M,M,M,M,M,M,M,M,M,M,M,78.80,FAGG 132118Z AUTO 36012KT 320V050 CAVOK 26/06 Q1021,M
FAGG,2026-08-13 22:00,77.00,42.80,29.55,M,6.00,0.00,30.15,M,6.21,26.00,M,M,M,M,M,M,M,M,M,M,M,M,M,M,M,77.00,FAGG 132200Z AUTO VRB06G26KT CAVOK 25/06 Q1021,M
FAGG,2026-08-13 22:51,75.20,44.60,33.60,350.00,14.00,0.00,30.15,M,6.21,M,M,M,M,M,M,M,M,M,M,M,M,M,M,M,M,75.20,FAGG 132251Z AUTO 35014KT CAVOK 24/07 Q1021,M
FAGG,2026-08-13 22:53,75.20,44.60,33.60,350.00,15.00,0.00,30.15,M,6.21,26.00,M,M,M,M,M,M,M,M,M,M,M,M,M,M,M,75.20,FAGG 132253Z AUTO 35015G26KT CAVOK 24/07 Q1021,M
FAGG,2026-08-13 23:00,75.20,44.60,33.60,350.00,15.00,0.00,30.15,M,6.21,26.00,M,M,M,M,M,M,M,M,M,M,M,M,M,M,M,75.20,FAGG 132300Z AUTO 35015G26KT CAVOK 24/07 Q1021,M
FAGG,2026-08-13 23:04,75.20,44.60,33.60,350.00,16.00,0.00,30.12,M,6.21,M,M,M,M,M,M,M,M,M,M,M,M,M,M,M,M,75.20,FAGG 132304Z AUTO 35016KT CAVOK 24/07 Q1020,M
FAGG,2026-08-13 23:59,75.20,42.80,31.37,360.00,17.00,0.00,30.12,M,6.21,M,M,M,M,M,M,M,M,M,M,M,M,M,M,M,M,75.20,FAGG 132359Z AUTO 36017KT CAVOK 24/06 Q1020,M
FAGG,2026-08-14 00:00,75.20,42.80,31.37,360.00,17.00,0.00,30.12,M,6.21,M,M,M,M,M,M,M,M,M,M,M,M,M,M,M,M,75.20,FAGG 140000Z AUTO 36017KT CAVOK 24/06 Q1020,M
FAGG,2026-08-14 00:01,75.20,44.60,33.60,350.00,18.00,0.00,30.12,M,6.21,29.00,M,M,M,M,M,M,M,M,M,M,M,M,M,M,M,75.20,FAGG 140001Z AUTO 35018G29KT CAVOK 24/07 Q1020,M
FAGG,2026-08-14 00:05,75.20,42.80,31.37,350.00,19.00,0.00,30.12,M,6.21,29.00,M,M,M,M,M,M,M,M,M,M,M,M,M,M,M,75.20,FAGG 140005Z AUTO 35019G29KT CAVOK 24/06 Q1020,M
FAGG,2026-08-14 00:10,75.20,44.60,33.60,350.00,18.00,0.00,30.12,M,6.21,M,M,M,M,M,M,M,M,M,M,M,M,M,M,M,M,75.20,FAGG 140010Z AUTO 35018KT CAVOK 24/07 Q1020,M
FAGG,2026-08-14 00:11,75.20,44.60,33.60,350.00,17.00,0.00,30.12,M,6.21,27.00,M,M,M,M,M,M,M,M,M,M,M,M,M,M,M,75.20,FAGG 140011Z AUTO 35017G27KT CAVOK 24/07 Q1020,M
FAGG,2026-08-14 00:23,75.20,42.80,31.37,350.00,17.00,0.00,30.12,M,6.21,M,M,M,M,M,M,M,M,M,M,M,M,M,M,M,M,75.20,FAGG 140023Z AUTO 35017KT CAVOK 24/06 Q1020,M
FAGG,2026-08-14 00:26,75.20,44.60,33.60,360.00,17.00,0.00,30.12,M,6.21,M,M,M,M,M,M,M,M,M,M,M,M,M,M,M,M,75.20,FAGG 140026Z AUTO 36017KT CAVOK 24/07 Q1020,M
FAGG,2026-08-14 00:27,75.20,44.60,33.60,360.00,18.00,0.00,30.12,M,6.21,M,M,M,M,M,M,M,M,M,M,M,M,M,M,M,M,75.20,FAGG 140027Z AUTO 36018KT CAVOK 24/07 Q1020,M
FAGG,2026-08-14 00:34,75.20,42.80,31.37,350.00,18.00,0.00,30.12,M,6.21,M,M,M,M,M,M,M,M,M,M,M,M,M,M,M,M,75.20,FAGG 140034Z AUTO 35018KT CAVOK 24/06 Q1020,M
FAGG,2026-08-14 00:36,75.20,42.80,31.37,350.00,17.00,0.00,30.12,M,6.21,27.00,M,M,M,M,M,M,M,M,M,M,M,M,M,M,M,75.20,FAGG 140036Z AUTO 35017G27KT CAVOK 24/06 Q1020,M
FAGG,2026-08-14 00:37,75.20,44.60,33.60,350.00,17.00,0.00,30.12,M,6.21,M,M,M,M,M,M,M,M,M,M,M,M,M,M,M,M,75.20,FAGG 140037Z AUTO 35017KT CAVOK 24/07 Q1020,M
FAGG,2026-08-14 00:41,75.20,42.80,31.37,360.00,17.00,0.00,30.12,M,6.21,M,M,M,M,M,M,M,M,M,M,M,M,M,M,M,M,75.20,FAGG 140041Z AUTO 36017KT CAVOK 24/06 Q1020,M
FAGG,2026-08-14 00:46,75.20,42.80,31.37,360.00,18.00,0.00,30.12,M,6.21,M,M,M,M,M,M,M,M,M,M,M,M,M,M,M,M,75.20,FAGG 140046Z AUTO 36018KT CAVOK 24/06 Q1020,M
FAGG,2026-08-14 00:53,75.20,42.80,31.37,350.00,18.00,0.00,30.12,M,6.21,M,M,M,M,M,M,M,M,M,M,M,M,M,M,M,M,75.20,FAGG 140053Z AUTO 35018KT CAVOK 24/06 Q1020,M
FAGG,2026-08-14 01:00,75.20,44.60,33.60,350.00,18.00,0.00,30.12,M,6.21,M,M,M,M,M,M,M,M,M,M,M,M,M,M,M,M,75.20,FAGG 140100Z AUTO 35018KT CAVOK 24/07 Q1020,M
FAGG,2026-08-14 01:01,75.20,42.80,31.37,360.00,16.00,0.00,30.12,M,6.21,M,M,M,M,M,M,M,M,M,M,M,M,M,M,M,M,75.20,FAGG 140101Z AUTO 36016KT CAVOK 24/06 Q1020,M
FAGG,2026-08-14 01:22,75.20,42.80,31.37,360.00,17.00,0.00,30.12,M,6.21,27.00,M,M,M,M,M,M,M,M,M,M,M,M,M,M,M,75.20,FAGG 140122Z AUTO 36017G27KT CAVOK 24/06 Q1020,M
FAGG,2026-08-14 01:24,75.20,42.80,31.37,360.00,18.00,0.00,30.12,M,6.21,M,M,M,M,M,M,M,M,M,M,M,M,M,M,M,M,75.20,FAGG 140124Z AUTO 36018KT CAVOK 24/06 Q1020,M
FAGG,2026-08-14 01:39,75.20,42.80,31.37,350.00,18.00,0.00,30.12,M,6.21,M,M,M,M,M,M,M,M,M,M,M,M,M,M,M,M,75.20,FAGG 140139Z AUTO 35018KT CAVOK 24/06 Q1020,M
FAGG,2026-08-14 01:40,75.20,42.80,31.37,360.00,18.00,0.00,30.12,M,6.21,M,M,M,M,M,M,M,M,M,M,M,M,M,M,M,M,75.20,FAGG 140140Z AUTO 36018KT CAVOK 24/06 Q1020,M
FAGG,2026-08-14 01:55,75.20,42.80,31.37,360.00,17.00,0.00,30.09,M,6.21,27.00,M,M,M,M,M,M,M,M,M,M,M,M,M,M,M,75.20,FAGG 140155Z AUTO 36017G27KT CAVOK 24/06 Q1019,M
FAGG,2026-08-14 01:58,75.20,42.80,31.37,360.00,17.00,0.00,30.12,M,6.21,27.00,M,M,M,M,M,M,M,M,M,M,M,M,M,M,M,75.20,FAGG 140158Z AUTO 36017G27KT CAVOK 24/06 Q1020,M
FAGG,2026-08-14 02:00,75.20,42.80,31.37,360.00,17.00,0.00,30.12,M,6.21,27.00,M,M,M,M,M,M,M,M,M,M,M,M,M,M,M,75.20,FAGG 140200Z AUTO 36017G27KT CAVOK 24/06 Q1020,M
FAGG,2026-08-14 02:05,75.20,42.80,31.37,360.00,15.00,0.00,30.09,M,6.21,M,M,M,M,M,M,M,M,M,M,M,M,M,M,M,M,75.20,FAGG 140205Z AUTO 36015KT CAVOK 24/06 Q1019,M
FAGG,2026-08-14 03:00,75.20,42.80,31.37,360.00,16.00,0.00,30.09,M,6.21,M,M,M,M,M,M,M,M,M,M,M,M,M,M,M,M,75.20,FAGG 140300Z 36016KT CAVOK 24/06 Q1019,M
FAGG,2026-08-14 03:09,75.20,42.80,31.37,360.00,16.00,0.00,30.09,M,6.21,29.00,M,M,M,M,M,M,M,M,M,M,M,M,M,M,M,75.20,FAGG 140309Z 36016G29KT CAVOK 24/06 Q1019,M
FAGG,2026-08-14 04:00,75.20,42.80,31.37,360.00,19.00,0.00,30.09,M,6.21,M,M,M,M,M,M,M,M,M,M,M,M,M,M,M,M,75.20,FAGG 140400Z 36019KT CAVOK 24/06 Q1019,M
FAGG,2026-08-14 04:04,75.20,42.80,31.37,360.00,20.00,0.00,30.09,M,6.21,31.00,M,M,M,M,M,M,M,M,M,M,M,M,M,M,M,75.20,FAGG 140404Z 36020G31KT CAVOK 24/06 Q1019,M
FAGG,2026-08-14 04:55,75.20,42.80,31.37,360.00,18.00,0.00,30.09,M,6.21,28.00,M,M,M,M,M,M,M,M,M,M,M,M,M,M,M,75.20,FAGG 140455Z 36018G28KT CAVOK 24/06 Q1019,M
FAGG,2026-08-14 05:00,75.20,42.80,31.37,360.00,18.00,0.00,30.09,M,6.21,28.00,M,M,M,M,M,M,M,M,M,M,M,M,M,M,M,75.20,FAGG 140500Z 36018G28KT CAVOK 24/06 Q1019,M
FAGG,2026-08-14 05:46,73.40,42.80,33.31,360.00,19.00,0.00,30.12,M,6.21,30.00,M,M,M,M,M,M,M,M,M,M,M,M,M,M,M,73.40,FAGG 140546Z 36019G30KT CAVOK 23/06 Q1020,M
FAGG,2026-08-14 06:00,75.20,42.80,31.37,10.00,18.00,0.00,30.09,M,6.21,30.00,M,M,M,M,M,M,M,M,M,M,M,M,M,M,M,75.20,FAGG 140600Z 01018G30KT CAVOK 24/06 Q1019,M
FAGG,2026-08-14 06:56,77.00,42.80,29.55,10.00,9.00,0.00,30.12,M,6.21,M,M,M,M,M,M,M,M,M,M,M,M,M,M,M,M,77.00,FAGG 140656Z 01009KT 350V050 CAVOK 25/06 Q1020,M
FAGG,2026-08-14 07:00,77.00,42.80,29.55,10.00,9.00,0.00,30.12,M,6.21,M,M,M,M,M,M,M,M,M,M,M,M,M,M,M,M,77.00,FAGG 140700Z 01009KT 350V050 CAVOK 25/06 Q1020,M
FAGG,2026-08-14 07:53,78.80,44.60,29.83,360.00,10.00,0.00,30.12,M,6.21,M,M,M,M,M,M,M,M,M,M,M,M,M,M,M,M,78.80,FAGG 140753Z 36010KT 300V050 CAVOK 26/07 Q1020,M
FAGG,2026-08-14 08:00,78.80,44.60,29.83,360.00,10.00,0.00,30.12,M,6.21,M,M,M,M,M,M,M,M,M,M,M,M,M,M,M,M,78.80,FAGG 140800Z 36010KT 290V050 CAVOK 26/07 Q1020,M
FAGG,2026-08-14 09:00,78.80,44.60,29.83,M,5.00,0.00,30.12,M,6.21,M,M,M,M,M,M,M,M,M,M,M,M,M,M,M,M,78.80,FAGG 140900Z VRB05KT CAVOK 26/07 Q1020,M
FAGG,2026-08-14 09:45,82.40,44.60,26.53,320.00,8.00,0.00,30.12,M,6.21,M,M,M,M,M,M,M,M,M,M,M,M,M,M,M,M,80.51,FAGG 140945Z 32008KT 210V010 CAVOK 28/07 Q1020,M
FAGG,2026-08-14 09:56,80.60,42.80,26.26,350.00,11.00,0.00,30.12,M,6.21,21.00,M,M,M,M,M,M,M,M,M,M,M,M,M,M,M,79.31,FAGG 140956Z 35011G21KT 300V040 CAVOK 27/06 Q1020,M
FAGG,2026-08-14 10:00,80.60,42.80,26.26,350.00,11.00,0.00,30.12,M,6.21,21.00,M,M,M,M,M,M,M,M,M,M,M,M,M,M,M,79.31,FAGG 141000Z 35011G21KT 300V040 CAVOK 27/06 Q1020,M
FAGG,2026-08-14 11:00,84.20,44.60,25.04,330.00,7.00,0.00,30.12,M,6.21,M,M,M,M,M,M,M,M,M,M,M,M,M,M,M,M,81.73,FAGG 141100Z 33007KT 300V020 CAVOK 29/07 Q1020,M
FAGG,2026-08-14 11:31,69.80,55.40,60.24,210.00,13.00,0.00,30.12,M,6.21,M,FEW,M,M,M,1000.00,M,M,M,M,M,M,M,M,M,M,69.80,FAGG 141131Z 21013KT 180V260 9999 FEW010 21/13 Q1020,M
FAGG,2026-08-14 12:00,66.20,57.20,72.76,200.00,12.00,0.00,30.12,M,6.21,M,FEW,M,M,M,1000.00,M,M,M,M,M,M,M,M,M,M,66.20,FAGG 141200Z 20012KT 9999 FEW010 19/14 Q1020,M
FAGG,2026-08-14 12:54,60.80,57.20,87.93,200.00,11.00,0.00,30.12,M,3.11,M,BKN,M,M,M,300.00,M,M,M,BR,M,M,M,M,M,M,60.80,FAGG 141254Z 20011KT 5000 BR BKN003 16/14 Q1020,M
FAGG,2026-08-14 13:00,60.80,57.20,87.93,200.00,12.00,0.00,30.12,M,3.11,M,BKN,M,M,M,300.00,M,M,M,BR,M,M,M,M,M,M,60.80,FAGG 141300Z 20012KT 5000 BR BKN003 16/14 Q1020,M
FAGG,2026-08-14 13:24,59.00,57.20,93.74,220.00,9.00,0.00,30.15,M,3.11,M,OVC,M,M,M,200.00,M,M,M,BR,M,M,M,M,M,M,59.00,FAGG 141324Z 22009KT 5000 BR OVC002 15/14 Q1021,M
FAGG,2026-08-14 14:00,59.00,57.20,93.74,220.00,9.00,0.00,30.18,M,3.11,M,OVC,M,M,M,200.00,M,M,M,BR,M,M,M,M,M,M,59.00,FAGG 141400Z 22009KT 5000 BR OVC002 15/14 Q1022,M
FAGG,2026-08-14 14:19,57.20,55.40,93.70,220.00,9.00,0.00,30.21,M,3.11,M,OVC,M,M,M,300.00,M,M,M,BR,M,M,M,M,M,M,57.20,FAGG 141419Z 22009KT 5000 BR OVC003 14/13 Q1023,M
FAGG,2026-08-14 14:50,57.20,55.40,93.70,220.00,9.00,0.00,30.21,M,6.21,M,OVC,M,M,M,600.00,M,M,M,M,M,M,M,M,M,M,57.20,FAGG 141450Z 22009KT 9999 OVC006 14/13 Q1023,M
FAGG,2026-08-14 15:00,57.20,55.40,93.70,220.00,10.00,0.00,30.21,M,6.21,M,OVC,M,M,M,600.00,M,M,M,M,M,M,M,M,M,M,57.20,FAGG 141500Z 22010KT 9999 OVC006 14/13 Q1023,M
FAGG,2026-08-14 15:22,57.20,55.40,93.70,210.00,5.00,0.00,30.21,M,6.21,M,BKN,OVC,M,M,700.00,1300.00,M,M,M,M,M,M,M,M,M,57.20,FAGG 141522Z 21005KT 9999 BKN007 OVC013 14/13 Q1023,M
FAGG,2026-08-14 15:42,57.20,55.40,93.70,140.00,4.00,0.00,30.21,M,6.21,M,SCT,BKN,M,M,700.00,1300.00,M,M,M,M,M,M,M,M,M,57.20,FAGG 141542Z 14004KT 080V160 9999 SCT007 BKN013 14/13 Q1023,M
FAGG,2026-08-14 16:00,57.20,55.40,93.70,130.00,5.00,0.00,30.21,M,6.21,M,FEW,BKN,M,M,800.00,1300.00,M,M,M,M,M,M,M,M,M,57.20,FAGG 141600Z 13005KT 100V160 9999 FEW008 BKN013 14/13 Q1023,M
FAGG,2026-08-14 16:47,57.20,55.40,93.70,M,2.00,0.00,30.24,M,6.21,M,FEW,SCT,BKN,M,800.00,1700.00,2000.00,M,M,M,M,M,M,M,M,57.20,FAGG 141647Z VRB02KT 9999 FEW008 SCT017 BKN020 14/13 Q1024,M
FAGG,2026-08-14 17:00,57.20,55.40,93.70,0.00,0.00,0.00,30.24,M,6.21,M,FEW,SCT,BKN,M,800.00,1900.00,2300.00,M,M,M,M,M,M,M,M,57.20,FAGG 141700Z 00000KT 9999 FEW008 SCT019 BKN023 14/13 Q1024,M
FAGG,2026-08-14 18:00,57.20,55.40,93.70,M,2.00,0.00,30.27,M,6.21,M,FEW,BKN,M,M,1900.00,2800.00,M,M,M,M,M,M,M,M,M,57.20,FAGG 141800Z VRB02KT 9999 FEW019 BKN028 14/13 Q1025,M
FAGG,2026-08-14 19:00,57.20,53.60,87.75,10.00,3.00,0.00,30.27,M,6.21,M,OVC,M,M,M,3000.00,M,M,M,,M,M,M,M,M,M,57.20,FAGG 141900Z AUTO 01003KT 9999 R29///// // OVC030/// 14/12 Q1025,M
FAGG,2026-08-14 20:00,57.20,53.60,87.75,350.00,4.00,0.00,30.27,M,6.21,M,BKN,M,M,M,3200.00,M,M,M,,M,M,M,M,M,M,57.20,FAGG 142000Z AUTO 35004KT 9999 R29///// // BKN032/// 14/12 Q1025,M
FAGG,2026-08-14 21:00,53.60,51.80,93.60,310.00,4.00,0.00,30.27,M,6.21,M,FEW,M,M,M,12000.00,M,M,M,,M,M,M,M,M,M,53.60,FAGG 142100Z AUTO 31004KT 9999 R29///// // FEW120/// 12/11 Q1025,M
FAGG,2026-08-14 22:00,53.60,50.00,87.56,320.00,4.00,0.00,30.27,M,6.21,M,FEW,M,M,M,4100.00,M,M,M,,M,M,M,M,M,M,53.60,FAGG 142200Z AUTO 32004KT 9999 R29///// // FEW041/// 12/10 Q1025,M
FAGG,2026-08-14 23:00,53.60,50.00,87.56,320.00,3.00,0.00,30.27,M,6.21,M,FEW,SCT,M,M,4100.00,11000.00,M,M,,M,M,M,M,M,M,53.60,FAGG 142300Z AUTO 32003KT 9999 R29///// // FEW041/// SCT110/// 12/10 Q1025,M
FAGG,2026-08-15 00:00,53.60,48.20,81.87,320.00,4.00,0.00,30.27,M,6.21,M,BKN,M,M,M,11000.00,M,M,M,,M,M,M,M,M,M,53.60,FAGG 150000Z AUTO 32004KT 9999 R29///// // BKN110/// 12/09 Q1025,M
FAGG,2026-08-15 01:00,51.80,48.20,87.47,290.00,4.00,0.00,30.30,M,6.21,M,BKN,M,M,M,11000.00,M,M,M,,M,M,M,M,M,M,51.80,FAGG 150100Z AUTO 29004KT 9999 R29///// // BKN110/// 11/09 Q1026,M
FAGG,2026-08-15 02:00,53.60,50.00,87.56,350.00,3.00,0.00,30.27,M,6.21,M,SCT,BKN,M,M,2300.00,11000.00,M,M,,M,M,M,M,M,M,53.60,FAGG 150200Z AUTO 35003KT 9999 R29///// // SCT023/// BKN110/// 12/10 Q1025,M
FAGG,2026-08-15 03:00,51.80,50.00,93.55,20.00,3.00,0.00,30.24,M,6.21,M,SCT,M,M,M,3000.00,M,M,M,M,M,M,M,M,M,M,51.80,FAGG 150300Z 02003KT 9999 SCT030 11/10 Q1024,M
FAGG,2026-08-15 04:00,51.80,48.20,87.47,40.00,3.00,0.00,30.24,M,6.21,M,FEW,M,M,M,3000.00,M,M,M,M,M,M,M,M,M,M,51.80,FAGG 150400Z 04003KT 9999 FEW030 11/09 Q1024,M
FAGG,2026-08-15 05:00,51.80,50.00,93.55,10.00,2.00,0.00,30.24,M,6.21,M,M,M,M,M,M,M,M,M,M,M,M,M,M,M,M,51.80,FAGG 150500Z 01002KT CAVOK 11/10 Q1024,M
FAGG,2026-08-15 06:00,51.80,50.00,93.55,70.00,4.00,0.00,30.24,M,6.21,M,M,M,M,M,M,M,M,M,M,M,M,M,M,M,M,51.80,FAGG 150600Z 07004KT CAVOK 11/10 Q1024,M
FAGG,2026-08-15 06:21,55.40,51.80,87.65,M,2.00,0.00,30.21,M,6.21,M,M,M,M,M,M,M,M,M,M,M,M,M,M,M,M,55.40,FAGG 150621Z VRB02KT CAVOK 13/11 Q1023,M
FAGG,2026-08-15 07:00,57.20,51.80,82.13,M,2.00,0.00,30.24,M,6.21,M,M,M,M,M,M,M,M,M,M,M,M,M,M,M,M,57.20,FAGG 150700Z VRB02KT CAVOK 14/11 Q1024,M
FAGG,2026-08-15 08:00,60.80,51.80,72.21,140.00,5.00,0.00,30.24,M,6.21,M,M,M,M,M,M,M,M,M,M,M,M,M,M,M,M,60.80,FAGG 150800Z 14005KT 110V170 CAVOK 16/11 Q1024,M
FAGG,2026-08-15 09:00,62.60,53.60,72.40,110.00,4.00,0.00,30.24,M,6.21,M,FEW,M,M,M,2500.00,M,M,M,M,M,M,M,M,M,M,62.60,FAGG 150900Z 11004KT 040V180 9999 FEW025 17/12 Q1024,M
FAGG,2026-08-15 10:00,62.60,51.80,67.76,140.00,7.00,0.00,30.21,M,6.21,M,FEW,M,M,M,2000.00,M,M,M,M,M,M,M,M,M,M,62.60,FAGG 151000Z 14007KT 090V160 9999 FEW020 17/11 Q1023,M
FAGG,2026-08-15 11:00,62.60,51.80,67.76,120.00,7.00,0.00,30.18,M,6.21,M,M,M,M,M,M,M,M,M,M,M,M,M,M,M,M,62.60,FAGG 151100Z 12007KT 090V160 CAVOK 17/11 Q1022,M
FAGG,2026-08-15 12:00,62.60,53.60,72.40,120.00,8.00,0.00,30.15,M,6.21,M,M,M,M,M,M,M,M,M,M,M,M,M,M,M,M,62.60,FAGG 151200Z 12008KT CAVOK 17/12 Q1021,M
FAGG,2026-08-15 13:00,62.60,53.60,72.40,120.00,10.00,0.00,30.12,M,6.21,M,M,M,M,M,M,M,M,M,M,M,M,M,M,M,M,62.60,FAGG 151300Z 12010KT CAVOK 17/12 Q1020,M
FAGG,2026-08-15 14:00,59.00,51.80,76.99,110.00,11.00,0.00,30.12,M,6.21,M,M,M,M,M,M,M,M,M,M,M,M,M,M,M,M,59.00,FAGG 151400Z 11011KT CAVOK 15/11 Q1020,M
FAGG,2026-08-15 15:00,57.20,53.60,87.75,100.00,7.00,0.00,30.09,M,6.21,M,M,M,M,M,M,M,M,M,M,M,M,M,M,M,M,57.20,FAGG 151500Z 10007KT CAVOK 14/12 Q1019,M
FAGG,2026-08-15 16:00,57.20,53.60,87.75,120.00,4.00,0.00,30.09,M,6.21,M,M,M,M,M,M,M,M,M,M,M,M,M,M,M,M,57.20,FAGG 151600Z 12004KT CAVOK 14/12 Q1019,M
FAGG,2026-08-15 17:00,55.40,53.60,93.65,M,1.00,0.00,30.12,M,6.21,M,M,M,M,M,M,M,M,M,M,M,M,M,M,M,M,55.40,FAGG 151700Z VRB01KT CAVOK 13/12 Q1020,M
FAGG,2026-08-15 18:00,55.40,51.80,87.65,180.00,2.00,0.00,30.09,M,6.21,M,M,M,M,M,M,M,M,M,M,M,M,M,M,M,M,55.40,FAGG 151800Z 18002KT CAVOK 13/11 Q1019,M
FAGG,2026-08-15 19:00,53.60,51.80,93.60,60.00,3.00,0.00,30.06,M,6.21,M,M,M,M,M,M,M,M,M,M,M,M,M,M,M,M,53.60,FAGG 151900Z AUTO 06003KT CAVOK 12/11 Q1018,M
FAGG,2026-08-15 20:00,53.60,53.60,100.00,M,2.00,0.00,30.06,M,4.97,M,NCD,M,M,M,M,M,M,M,M,M,M,M,M,M,M,53.60,FAGG 152000Z AUTO VRB02KT 8000 NCD 12/12 Q1018,M
FAGG,2026-08-15 21:00,50.00,48.20,93.50,290.00,3.00,0.00,30.03,M,4.35,M,NCD,M,M,M,M,M,M,M,,M,M,M,M,M,M,50.00,FAGG 152100Z AUTO 29003KT 7000 R29///// // NCD 10/09 Q1017,M
FAGG,2026-08-15 21:15,50.00,48.20,93.50,270.00,5.00,0.00,30.03,M,2.92,M,NCD,M,M,M,M,M,M,M,,M,M,M,M,M,M,50.00,FAGG 152115Z AUTO 27005KT 4700 R29///// // NCD 10/09 Q1017,M
FAGG,2026-08-15 21:29,50.00,50.00,100.00,300.00,4.00,0.00,30.03,M,4.35,M,NCD,M,M,M,M,M,M,M,,M,M,M,M,M,M,50.00,FAGG 152129Z AUTO 30004KT 270V350 7000 R29///// // NCD 10/10 Q1017,M
FAGG,2026-08-15 22:00,50.00,50.00,100.00,340.00,3.00,0.00,30.03,M,4.97,M,NCD,M,M,M,M,M,M,M,,M,M,M,M,M,M,50.00,FAGG 152200Z AUTO 34003KT 320V020 8000 R29///// // NCD 10/10 Q1017,M
FAGG,2026-08-15 23:00,51.80,50.00,93.55,M,2.00,0.00,30.00,M,5.59,M,NCD,M,M,M,M,M,M,M,,M,M,M,M,M,M,51.80,FAGG 152300Z AUTO VRB02KT 9000 R29///// // NCD 11/10 Q1016,M
FAGG,2026-08-16 00:00,51.80,50.00,93.55,320.00,3.00,0.00,30.00,M,6.21,M,FEW,M,M,M,23000.00,M,M,M,,M,M,M,M,M,M,51.80,FAGG 160000Z AUTO 32003KT 270V030 9999 R29///// // FEW230/// 11/10 Q1016,M
FAGG,2026-08-16 01:09,66.20,48.20,52.27,240.00,10.00,0.00,29.97,M,6.21,M,M,M,M,M,M,M,M,M,M,M,M,M,M,M,M,66.20,FAGG 160109Z AUTO 24010KT CAVOK 19/09 Q1015,M
FAGG,2026-08-16 01:10,66.20,48.20,52.27,240.00,9.00,0.00,29.97,M,6.21,M,M,M,M,M,M,M,M,M,M,M,M,M,M,M,M,66.20,FAGG 160110Z AUTO 24009KT CAVOK 19/09 Q1015,M
FAGG,2026-08-16 01:51,66.20,48.20,52.27,270.00,4.00,0.00,29.97,M,6.21,M,FEW,M,M,M,23000.00,M,M,M,M,M,M,M,M,M,M,66.20,FAGG 160151Z AUTO 27004KT 260V350 9999 FEW230/// 19/09 Q1015,M
FAGG,2026-08-16 01:56,69.80,48.20,46.19,280.00,3.00,0.00,29.97,M,6.21,M,FEW,M,M,M,23000.00,M,M,M,M,M,M,M,M,M,M,69.80,FAGG 160156Z AUTO 28003KT 260V340 9999 FEW230/// 21/09 Q1015,M
FAGG,2026-08-16 02:00,69.80,48.20,46.19,280.00,3.00,0.00,29.97,M,6.21,M,FEW,M,M,M,23000.00,M,M,M,M,M,M,M,M,M,M,69.80,FAGG 160200Z AUTO 28003KT 260V340 9999 FEW230/// 21/09 Q1015,M
FAGG,2026-08-16 02:42,66.20,50.00,55.91,260.00,8.00,0.00,29.97,M,6.21,M,M,M,M,M,M,M,M,M,M,M,M,M,M,M,M,66.20,FAGG 160242Z 26008KT CAVOK 19/10 Q1015,M
FAGG,2026-08-16 03:00,68.00,48.20,49.12,280.00,4.00,0.00,29.97,M,6.21,M,M,M,M,M,M,M,M,M,M,M,M,M,M,M,M,68.00,FAGG 160300Z 28004KT 250V330 CAVOK 20/09 Q1015,M
FAGG,2026-08-16 03:19,71.60,44.60,37.92,340.00,4.00,0.00,29.97,M,6.21,M,M,M,M,M,M,M,M,M,M,M,M,M,M,M,M,71.60,FAGG 160319Z 34004KT 280V040 CAVOK 22/07 Q1015,M
FAGG,2026-08-16 04:00,66.20,46.40,48.85,250.00,7.00,0.00,30.00,M,6.21,M,M,M,M,M,M,M,M,M,M,M,M,M,M,M,M,66.20,FAGG 160400Z 25007KT CAVOK 19/08 Q1016,M
FAGG,2026-08-16 04:37,64.40,48.20,55.65,M,2.00,0.00,30.03,M,6.21,M,M,M,M,M,M,M,M,M,M,M,M,M,M,M,M,64.40,FAGG 160437Z VRB02KT CAVOK 18/09 Q1017,M
FAGG,2026-08-16 05:00,55.40,51.80,87.65,200.00,8.00,0.00,30.06,M,6.21,M,M,M,M,M,M,M,M,M,M,M,M,M,M,M,M,55.40,FAGG 160500Z 20008KT CAVOK 13/11 Q1018,M
FAGG,2026-08-16 06:00,57.20,53.60,87.75,340.00,3.00,0.00,30.06,M,6.21,M,M,M,M,M,M,M,M,M,M,M,M,M,M,M,M,57.20,FAGG 160600Z 34003KT CAVOK 14/12 Q1018,M
FAGG,2026-08-16 07:00,59.00,53.60,82.26,290.00,5.00,0.00,30.09,M,6.21,M,M,M,M,M,M,M,M,M,M,M,M,M,M,M,M,59.00,FAGG 160700Z 29005KT 260V320 CAVOK 15/12 Q1019,M
FAGG,2026-08-16 08:00,62.60,53.60,72.40,340.00,3.00,0.00,30.09,M,6.21,M,M,M,M,M,M,M,M,M,M,M,M,M,M,M,M,62.60,FAGG 160800Z 34003KT 300V020 CAVOK 17/12 Q1019,M
FAGG,2026-08-16 08:22,66.20,51.80,59.76,M,3.00,0.00,30.09,M,6.21,M,M,M,M,M,M,M,M,M,M,M,M,M,M,M,M,66.20,FAGG 160822Z VRB03KT CAVOK 19/11 Q1019,M
FAGG,2026-08-16 09:00,66.20,50.00,55.91,M,3.00,0.00,30.09,M,6.21,M,M,M,M,M,M,M,M,M,M,M,M,M,M,M,M,66.20,FAGG 160900Z VRB03KT CAVOK 19/10 Q1019,M
FAGG,2026-08-16 10:00,68.00,50.00,52.54,150.00,5.00,0.00,30.09,M,6.21,M,M,M,M,M,M,M,M,M,M,M,M,M,M,M,M,68.00,FAGG 161000Z 15005KT 120V190 CAVOK 20/10 Q1019,M
FAGG,2026-08-16 11:00,64.40,48.20,55.65,190.00,9.00,0.00,30.06,M,6.21,M,M,M,M,M,M,M,M,M,M,M,M,M,M,M,M,64.40,FAGG 161100Z 19009KT CAVOK 18/09 Q1018,M
FAGG,2026-08-16 12:00,62.60,51.80,67.76,200.00,10.00,0.00,30.06,M,6.21,M,M,M,M,M,M,M,M,M,M,M,M,M,M,M,M,62.60,FAGG 161200Z 20010KT CAVOK 17/11 Q1018,M
FAGG,2026-08-16 13:00,62.60,51.80,67.76,210.00,8.00,0.00,30.06,M,6.21,M,M,M,M,M,M,M,M,M,M,M,M,M,M,M,M,62.60,FAGG 161300Z 21008KT CAVOK 17/11 Q1018,M
FAGG,2026-08-16 14:00,59.00,51.80,76.99,210.00,5.00,0.00,30.09,M,6.21,M,M,M,M,M,M,M,M,M,M,M,M,M,M,M,M,59.00,FAGG 161400Z 21005KT CAVOK 15/11 Q1019,M
FAGG,2026-08-16 15:00,60.80,51.80,72.21,190.00,4.00,0.00,30.12,M,6.21,M,FEW,M,M,M,2000.00,M,M,M,M,M,M,M,M,M,M,60.80,FAGG 161500Z 19004KT 170V230 9999 FEW020 16/11 Q1020,M
FAGG,2026-08-16 16:00,59.00,51.80,76.99,0.00,0.00,0.00,30.12,M,6.21,M,FEW,M,M,M,2000.00,M,M,M,M,M,M,M,M,M,M,59.00,FAGG 161600Z 00000KT 9999 FEW020 15/11 Q1020,M
FAGG,2026-08-16 17:00,55.40,51.80,87.65,10.00,2.00,0.00,30.15,M,6.21,M,FEW,M,M,M,2000.00,M,M,M,M,M,M,M,M,M,M,55.40,FAGG 161700Z 01002KT 9999 FEW020 13/11 Q1021,M
FAGG,2026-08-16 18:00,53.60,51.80,93.60,30.00,3.00,0.00,30.15,M,6.21,M,FEW,M,M,M,2000.00,M,M,M,M,M,M,M,M,M,M,53.60,FAGG 161800Z 03003KT 9999 FEW020 12/11 Q1021,M
FAGG,2026-08-16 19:00,53.60,50.00,87.56,40.00,3.00,0.00,30.15,M,6.21,M,M,M,M,M,M,M,M,M,M,M,M,M,M,M,M,53.60,FAGG 161900Z AUTO 04003KT CAVOK 12/10 Q1021,M
FAGG,2026-08-16 20:00,53.60,50.00,87.56,60.00,3.00,0.00,30.15,M,6.21,M,M,M,M,M,M,M,M,M,M,M,M,M,M,M,M,53.60,FAGG 162000Z AUTO 06003KT CAVOK 12/10 Q1021,M
FAGG,2026-08-16 21:00,51.80,48.20,87.47,20.00,4.00,0.00,30.15,M,6.21,M,M,M,M,M,M,M,M,M,M,M,M,M,M,M,M,51.80,FAGG 162100Z AUTO 02004KT CAVOK 11/09 Q1021,M
FAGG,2026-08-16 22:00,51.80,46.40,81.74,360.00,3.00,0.00,30.15,M,6.21,M,M,M,M,M,M,M,M,M,M,M,M,M,M,M,M,51.80,FAGG 162200Z AUTO 36003KT CAVOK 11/08 Q1021,M
FAGG,2026-08-16 23:00,50.00,44.60,81.60,360.00,4.00,0.00,30.12,M,6.21,M,M,M,M,M,M,M,M,M,M,M,M,M,M,M,M,50.00,FAGG 162300Z AUTO 36004KT CAVOK 10/07 Q1020,M
FAGG,2026-08-17 00:00,48.20,44.60,87.28,340.00,4.00,0.00,30.12,M,6.21,M,FEW,M,M,M,22000.00,M,M,M,M,M,M,M,M,M,M,46.34,FAGG 170000Z AUTO 34004KT 9999 FEW220/// 09/07 Q1020,M
FAGG,2026-08-17 01:00,50.00,44.60,81.60,20.00,2.00,0.00,30.09,M,6.21,M,M,M,M,M,M,M,M,M,M,M,M,M,M,M,M,50.00,FAGG 170100Z AUTO 02002KT CAVOK 10/07 Q1019,M
FAGG,2026-08-17 02:00,48.20,44.60,87.28,340.00,3.00,0.00,30.09,M,6.21,M,M,M,M,M,M,M,M,M,M,M,M,M,M,M,M,47.21,FAGG 170200Z AUTO 34003KT CAVOK 09/07 Q1019,M
FAGG,2026-08-17 03:00,48.20,42.80,81.47,350.00,3.00,0.00,30.09,M,6.21,M,M,M,M,M,M,M,M,M,M,M,M,M,M,M,M,47.21,FAGG 170300Z 35003KT CAVOK 09/06 Q1019,M
FAGG,2026-08-17 04:00,48.20,42.80,81.47,350.00,3.00,0.00,30.09,M,6.21,M,M,M,M,M,M,M,M,M,M,M,M,M,M,M,M,47.21,FAGG 170400Z 35003KT CAVOK 09/06 Q1019,M
FAGG,2026-08-17 05:00,48.20,44.60,87.28,350.00,3.00,0.00,30.09,M,6.21,M,M,M,M,M,M,M,M,M,M,M,M,M,M,M,M,47.21,FAGG 170500Z 35003KT CAVOK 09/07 Q1019,M
FAGG,2026-08-17 06:00,50.00,46.40,87.37,320.00,3.00,0.00,30.09,M,6.21,M,M,M,M,M,M,M,M,M,M,M,M,M,M,M,M,50.00,FAGG 170600Z 32003KT CAVOK 10/08 Q1019,M
FAGG,2026-08-17 06:12,53.60,48.20,81.87,320.00,3.00,0.00,30.09,M,6.21,M,M,M,M,M,M,M,M,M,M,M,M,M,M,M,M,53.60,FAGG 170612Z 32003KT CAVOK 12/09 Q1019,M
FAGG,2026-08-17 06:39,57.20,50.00,76.83,350.00,3.00,0.00,30.09,M,6.21,M,M,M,M,M,M,M,M,M,M,M,M,M,M,M,M,57.20,FAGG 170639Z 35003KT CAVOK 14/10 Q1019,M
FAGG,2026-08-17 07:00,59.00,50.00,72.02,320.00,2.00,0.00,30.12,M,6.21,M,M,M,M,M,M,M,M,M,M,M,M,M,M,M,M,59.00,FAGG 170700Z 32002KT CAVOK 15/10 Q1020,M
FAGG,2026-08-17 07:44,64.40,50.00,59.52,0.00,0.00,0.00,30.12,M,6.21,M,M,M,M,M,M,M,M,M,M,M,M,M,M,M,M,64.40,FAGG 170744Z 00000KT CAVOK 18/10 Q1020,M
FAGG,2026-08-17 08:00,62.60,48.20,59.27,M,2.00,0.00,30.12,M,6.21,M,M,M,M,M,M,M,M,M,M,M,M,M,M,M,M,62.60,FAGG 170800Z VRB02KT CAVOK 17/09 Q1020,M
FAGG,2026-08-17 09:00,64.40,53.60,67.97,190.00,3.00,0.00,30.12,M,6.21,M,M,M,M,M,M,M,M,M,M,M,M,M,M,M,M,64.40,FAGG 170900Z 19003KT 120V240 CAVOK 18/12 Q1020,M
FAGG,2026-08-17 09:46,68.00,50.00,52.54,M,2.00,0.00,30.12,M,6.21,M,M,M,M,M,M,M,M,M,M,M,M,M,M,M,M,68.00,FAGG 170946Z VRB02KT CAVOK 20/10 Q1020,M
FAGG,2026-08-17 10:00,66.20,50.00,55.91,M,4.00,0.00,30.12,M,6.21,M,M,M,M,M,M,M,M,M,M,M,M,M,M,M,M,66.20,FAGG 171000Z VRB04KT CAVOK 19/10 Q1020,M
FAGG,2026-08-17 11:00,66.20,50.00,55.91,210.00,4.00,0.00,30.09,M,6.21,M,M,M,M,M,M,M,M,M,M,M,M,M,M,M,M,66.20,FAGG 171100Z 21004KT 170V240 CAVOK 19/10 Q1019,M
FAGG,2026-08-17 12:00,68.00,50.00,52.54,240.00,6.00,0.00,30.09,M,6.21,M,M,M,M,M,M,M,M,M,M,M,M,M,M,M,M,68.00,FAGG 171200Z 24006KT 200V260 CAVOK 20/10 Q1019,M
FAGG,2026-08-17 13:00,69.80,50.00,49.40,240.00,7.00,0.00,30.06,M,6.21,M,M,M,M,M,M,M,M,M,M,M,M,M,M,M,M,69.80,FAGG 171300Z 24007KT 210V280 CAVOK 21/10 Q1018,M
FAGG,2026-08-17 14:00,69.80,50.00,49.40,230.00,6.00,0.00,30.09,M,6.21,M,M,M,M,M,M,M,M,M,M,M,M,M,M,M,M,69.80,FAGG 171400Z 23006KT CAVOK 21/10 Q1019,M
FAGG,2026-08-17 15:00,64.40,50.00,59.52,200.00,4.00,0.00,30.09,M,6.21,M,M,M,M,M,M,M,M,M,M,M,M,M,M,M,M,64.40,FAGG 171500Z 20004KT CAVOK 18/10 Q1019,M
FAGG,2026-08-17 16:00,57.20,50.00,76.83,230.00,6.00,0.00,30.12,M,6.21,M,M,M,M,M,M,M,M,M,M,M,M,M,M,M,M,57.20,FAGG 171600Z 23006KT CAVOK 14/10 Q1020,M
FAGG,2026-08-17 17:00,55.40,50.00,82.00,270.00,4.00,0.00,30.15,M,6.21,M,M,M,M,M,M,M,M,M,M,M,M,M,M,M,M,55.40,FAGG 171700Z 27004KT 240V310 CAVOK 13/10 Q1021,M
FAGG,2026-08-17 18:00,53.60,50.00,87.56,260.00,4.00,0.00,30.18,M,6.21,M,M,M,M,M,M,M,M,M,M,M,M,M,M,M,M,53.60,FAGG 171800Z 26004KT CAVOK 12/10 Q1022,M
FAGG,2026-08-17 18:59,57.20,53.60,87.75,320.00,3.00,0.00,30.21,M,6.21,M,FEW,SCT,OVC,M,1100.00,1800.00,2100.00,M,M,M,M,M,M,M,M,57.20,FAGG 171859Z AUTO 32003KT 9999 FEW011/// SCT018/// OVC021/// 14/12 Q1023,M
FAGG,2026-08-17 19:00,57.20,53.60,87.75,320.00,3.00,0.00,30.21,M,6.21,M,FEW,SCT,OVC,M,1100.00,1800.00,2100.00,M,M,M,M,M,M,M,M,57.20,FAGG 171900Z AUTO 32003KT 9999 FEW011/// SCT018/// OVC021/// 14/12 Q1023,M
FAGG,2026-08-17 20:00,57.20,53.60,87.75,330.00,4.00,0.00,30.21,M,6.21,M,FEW,SCT,OVC,M,1100.00,1900.00,2600.00,M,M,M,M,M,M,M,M,57.20,FAGG 172000Z AUTO 33004KT 9999 FEW011/// SCT019/// OVC026/// 14/12 Q1023,M
FAGG,2026-08-17 21:00,57.20,53.60,87.75,330.00,3.00,0.00,30.24,M,6.21,M,SCT,OVC,M,M,1200.00,2600.00,M,M,M,M,M,M,M,M,M,57.20,FAGG 172100Z AUTO 33003KT 9999 SCT012/// OVC026/// 14/12 Q1024,M
FAGG,2026-08-17 21:03,57.20,53.60,87.75,330.00,3.00,0.00,30.24,M,6.21,M,BKN,OVC,M,M,1200.00,2500.00,M,M,M,M,M,M,M,M,M,57.20,FAGG 172103Z AUTO 33003KT 9999 BKN012/// OVC025/// 14/12 Q1024,M
FAGG,2026-08-17 21:20,59.00,53.60,82.26,340.00,3.00,0.00,30.24,M,6.21,M,SCT,BKN,OVC,M,1300.00,1500.00,2400.00,M,M,M,M,M,M,M,M,59.00,FAGG 172120Z AUTO 34003KT 9999 SCT013/// BKN015/// OVC024/// 15/12 Q1024,M
FAGG,2026-08-17 22:00,57.20,53.60,87.75,230.00,4.00,0.00,30.24,M,6.21,M,BKN,BKN,OVC,M,1500.00,1700.00,2100.00,M,M,M,M,M,M,M,M,57.20,FAGG 172200Z AUTO 23004KT 9999 BKN015/// BKN017/// OVC021/// 14/12 Q1024,M
FAGG,2026-08-17 23:00,57.20,55.40,93.70,210.00,4.00,0.00,30.24,M,6.21,M,BKN,OVC,M,M,1500.00,2200.00,M,M,M,M,M,M,M,M,M,57.20,FAGG 172300Z AUTO 21004KT 9999 BKN015/// OVC022/// 14/13 Q1024,M
FAGG,2026-08-17 23:13,55.40,55.40,100.00,240.00,5.00,0.00,30.24,M,4.35,M,SCT,BKN,OVC,M,1200.00,1400.00,2200.00,M,M,M,M,M,M,M,M,55.40,FAGG 172313Z AUTO 24005KT 7000 SCT012/// BKN014/// OVC022/// 13/13 Q1024,M
FAGG,2026-08-17 23:45,55.40,53.60,93.65,250.00,4.00,0.00,30.24,M,6.21,M,BKN,BKN,OVC,M,1000.00,1200.00,2100.00,M,M,M,M,M,M,M,M,55.40,FAGG 172345Z AUTO 25004KT 9999 BKN010/// BKN012/// OVC021/// 13/12 Q1024,M
FAGG,2026-08-17 23:58,55.40,53.60,93.65,250.00,3.00,0.00,30.24,M,6.21,M,SCT,BKN,OVC,M,900.00,1900.00,2300.00,M,M,M,M,M,M,M,M,55.40,FAGG 172358Z AUTO 25003KT 9999 SCT009/// BKN019/// OVC023/// 13/12 Q1024,M
FAGG,2026-08-18 00:00,55.40,53.60,93.65,250.00,3.00,0.00,30.24,M,6.21,M,SCT,BKN,OVC,M,900.00,1900.00,2300.00,M,M,M,M,M,M,M,M,55.40,FAGG 180000Z AUTO 25003KT 9999 SCT009/// BKN019/// OVC023/// 13/12 Q1024,M
FAGG,2026-08-18 00:22,55.40,53.60,93.65,M,2.00,0.00,30.24,M,6.21,M,BKN,OVC,M,M,1400.00,2200.00,M,M,M,M,M,M,M,M,M,55.40,FAGG 180022Z AUTO VRB02KT 9999 BKN014/// OVC022/// 13/12 Q1024,M
FAGG,2026-08-18 00:31,55.40,53.60,93.65,250.00,3.00,0.00,30.24,M,6.21,M,SCT,BKN,OVC,M,1100.00,1300.00,2500.00,M,M,M,M,M,M,M,M,55.40,FAGG 180031Z AUTO 25003KT 9999 SCT011/// BKN013/// OVC025/// 13/12 Q1024,M
FAGG,2026-08-18 00:41,55.40,55.40,100.00,260.00,3.00,0.00,30.24,M,2.36,M,SCT,OVC,M,M,1000.00,1200.00,M,M,DZ BR,M,M,M,M,M,M,55.40,FAGG 180041Z AUTO 26003KT 3800 DZ BR SCT010/// OVC012/// 13/13 Q1024,M
FAGG,2026-08-18 00:58,55.40,55.40,100.00,310.00,4.00,0.00,30.24,M,4.97,M,SCT,BKN,OVC,M,1100.00,1800.00,2700.00,M,-RA,M,M,M,M,M,M,55.40,FAGG 180058Z AUTO 31004KT 8000 -RA SCT011/// BKN018/// OVC027/// 13/13 Q1024 REDZ,M
FAGG,2026-08-18 01:00,55.40,55.40,100.00,310.00,4.00,0.00,30.24,M,4.97,M,SCT,BKN,OVC,M,1100.00,1800.00,2700.00,M,-RA,M,M,M,M,M,M,55.40,FAGG 180100Z AUTO 31004KT 8000 -RA SCT011/// BKN018/// OVC027/// 13/13 Q1024 REDZ,M
FAGG,2026-08-18 01:01,55.40,55.40,100.00,310.00,4.00,0.00,30.24,M,5.59,M,FEW,BKN,OVC,M,1000.00,1200.00,2700.00,M,-RA,M,M,M,M,M,M,55.40,FAGG 180101Z AUTO 31004KT 9000 -RA FEW010/// BKN012/// OVC027/// 13/13 Q1024,M
FAGG,2026-08-18 01:12,55.40,55.40,100.00,310.00,5.00,0.00,30.24,M,6.21,M,FEW,SCT,OVC,M,1200.00,1800.00,2600.00,M,M,M,M,M,M,M,M,55.40,FAGG 180112Z AUTO 31005KT 9999 FEW012/// SCT018/// OVC026/// 13/13 Q1024,M
FAGG,2026-08-18 02:00,57.20,53.60,87.75,340.00,5.00,0.00,30.24,M,6.21,M,OVC,M,M,M,2100.00,M,M,M,M,M,M,M,M,M,M,57.20,FAGG 180200Z AUTO 34005KT 9999 OVC021/// 14/12 Q1024,M
FAGG,2026-08-18 03:00,57.20,55.40,93.70,300.00,5.00,0.00,30.24,M,6.21,M,SCT,OVC,M,M,1500.00,2000.00,M,M,M,M,M,M,M,M,M,57.20,FAGG 180300Z 30005KT 9999 SCT015 OVC020 14/13 Q1024,M
FAGG,2026-08-18 04:00,55.40,55.40,100.00,270.00,7.00,0.00,30.27,M,6.21,M,SCT,BKN,OVC,M,900.00,2000.00,2500.00,M,M,M,M,M,M,M,M,55.40,FAGG 180400Z 27007KT 9999 SCT009 BKN020 OVC025 13/13 Q1025,M
FAGG,2026-08-18 05:00,55.40,53.60,93.65,290.00,6.00,0.00,30.27,M,6.21,M,BKN,OVC,M,M,2000.00,3200.00,M,M,M,M,M,M,M,M,M,55.40,FAGG 180500Z 29006KT 9999 BKN020 OVC032 13/12 Q1025,M
FAGG,2026-08-18 06:00,57.20,53.60,87.75,320.00,5.00,0.00,30.30,M,6.21,M,FEW,SCT,BKN,M,1000.00,1700.00,2200.00,M,M,M,M,M,M,M,M,57.20,FAGG 180600Z 32005KT 9999 FEW010 SCT017 BKN022 14/12 Q1026,M
FAGG,2026-08-18 07:00,57.20,53.60,87.75,320.00,8.00,0.00,30.33,M,6.21,M,FEW,BKN,M,M,1500.00,2000.00,M,M,M,M,M,M,M,M,M,57.20,FAGG 180700Z 32008KT 9999 FEW015 BKN020 14/12 Q1027,M
FAGG,2026-08-18 08:00,59.00,51.80,76.99,320.00,7.00,0.00,30.33,M,6.21,M,FEW,SCT,BKN,M,1500.00,2500.00,3400.00,M,M,M,M,M,M,M,M,59.00,FAGG 180800Z 32007KT 9999 FEW015 SCT025 BKN034 15/11 Q1027,M
FAGG,2026-08-18 09:00,60.80,51.80,72.21,300.00,7.00,0.00,30.36,M,6.21,M,FEW,SCT,BKN,M,1800.00,3400.00,4000.00,M,M,M,M,M,M,M,M,60.80,FAGG 180900Z 30007KT 9999 FEW018 SCT034 BKN040 16/11 Q1028,M
FAGG,2026-08-18 10:00,59.00,51.80,76.99,200.00,5.00,0.00,30.33,M,6.21,M,FEW,BKN,M,M,1600.00,2200.00,M,M,M,M,M,M,M,M,M,59.00,FAGG 181000Z 20005KT 9999 FEW016 BKN022 15/11 Q1027,M
FAGG,2026-08-18 10:49,64.40,53.60,67.97,M,1.00,0.00,30.33,M,6.21,M,FEW,SCT,BKN,M,2000.00,2800.00,3200.00,M,M,M,M,M,M,M,M,64.40,FAGG 181049Z VRB01KT 9999 FEW020 SCT028 BKN032 18/12 Q1027,M
FAGG,2026-08-18 11:00,62.60,51.80,67.76,M,2.00,0.00,30.33,M,6.21,M,FEW,SCT,BKN,M,2000.00,2800.00,3200.00,M,M,M,M,M,M,M,M,62.60,FAGG 181100Z VRB02KT 9999 FEW020 SCT028 BKN032 17/11 Q1027,M
FAGG,2026-08-18 12:00,62.60,51.80,67.76,160.00,4.00,0.00,30.30,M,6.21,M,FEW,SCT,BKN,M,2400.00,2700.00,4400.00,M,M,M,M,M,M,M,M,62.60,FAGG 181200Z 16004KT 120V220 9999 FEW024 SCT027 BKN044 17/11 Q1026,M
FAGG,2026-08-18 13:00,60.80,51.80,72.21,170.00,6.00,0.00,30.30,M,6.21,M,FEW,SCT,M,M,1700.00,4200.00,M,M,M,M,M,M,M,M,M,60.80,FAGG 181300Z 17006KT 9999 FEW017 SCT042 16/11 Q1026,M
FAGG,2026-08-18 14:00,59.00,53.60,82.26,180.00,7.00,0.00,30.30,M,6.21,M,FEW,SCT,M,M,3300.00,4100.00,M,M,M,M,M,M,M,M,M,59.00,FAGG 181400Z 18007KT 9999 FEW033 SCT041 15/12 Q1026,M
FAGG,2026-08-18 15:00,59.00,51.80,76.99,150.00,5.00,0.00,30.30,M,6.21,M,FEW,SCT,M,M,1400.00,3600.00,M,M,M,M,M,M,M,M,M,59.00,FAGG 181500Z 15005KT 120V180 9999 FEW014 SCT036 15/11 Q1026,M
FAGG,2026-08-18 16:00,55.40,53.60,93.65,120.00,4.00,0.00,30.27,M,6.21,M,FEW,SCT,M,M,1500.00,3400.00,M,M,M,M,M,M,M,M,M,55.40,FAGG 181600Z 12004KT 9999 FEW015 SCT034 13/12 Q1025,M
FAGG,2026-08-18 17:00,55.40,53.60,93.65,110.00,4.00,0.00,30.30,M,6.21,M,FEW,BKN,M,M,1500.00,3200.00,M,M,M,M,M,M,M,M,M,55.40,FAGG 181700Z 11004KT 9999 FEW015 BKN032 13/12 Q1026,M
FAGG,2026-08-18 18:00,55.40,53.60,93.65,110.00,5.00,0.00,30.30,M,6.21,M,FEW,BKN,M,M,1500.00,3000.00,M,M,M,M,M,M,M,M,M,55.40,FAGG 181800Z 11005KT 9999 FEW015 BKN030 13/12 Q1026,M
FAGG,2026-08-18 19:00,55.40,53.60,93.65,100.00,5.00,0.00,30.30,M,6.21,M,FEW,OVC,M,M,800.00,3000.00,M,M,M,M,M,M,M,M,M,55.40,FAGG 181900Z AUTO 10005KT 9999 FEW008/// OVC030/// 13/12 Q1026,M
FAGG,2026-08-18 20:00,55.40,53.60,93.65,130.00,4.00,0.00,30.27,M,6.21,M,BKN,M,M,M,2800.00,M,M,M,M,M,M,M,M,M,M,55.40,FAGG 182000Z AUTO 13004KT 9999 BKN028/// 13/12 Q1025,M
FAGG,2026-08-18 21:00,55.40,51.80,87.65,90.00,6.00,0.00,30.24,M,6.21,M,OVC,M,M,M,2600.00,M,M,M,M,M,M,M,M,M,M,55.40,FAGG 182100Z AUTO 09006KT 9999 OVC026/// 13/11 Q1024,M
FAGG,2026-08-18 22:00,55.40,51.80,87.65,140.00,4.00,0.00,30.24,M,6.21,M,OVC,M,M,M,2500.00,M,M,M,M,M,M,M,M,M,M,55.40,FAGG 182200Z AUTO 14004KT 9999 OVC025/// 13/11 Q1024,M
FAGG,2026-08-18 23:00,53.60,51.80,93.60,70.00,5.00,0.00,30.21,M,6.21,M,FEW,M,M,M,2300.00,M,M,M,M,M,M,M,M,M,M,53.60,FAGG 182300Z AUTO 07005KT 9999 FEW023/// 12/11 Q1023,M
FAGG,2026-08-19 00:00,51.80,50.00,93.55,M,1.00,0.00,30.21,M,4.35,M,FEW,M,M,M,2300.00,M,M,M,M,M,M,M,M,M,M,51.80,FAGG 190000Z AUTO VRB01KT 7000 FEW023/// 11/10 Q1023,M
FAGG,2026-08-19 01:00,50.00,48.20,93.50,330.00,2.00,0.00,30.18,M,6.21,M,M,M,M,M,M,M,M,M,M,M,M,M,M,M,M,50.00,FAGG 190100Z AUTO 33002KT CAVOK 10/09 Q1022,M
FAGG,2026-08-19 02:00,50.00,48.20,93.50,310.00,2.00,0.00,30.15,M,6.21,M,M,M,M,M,M,M,M,M,M,M,M,M,M,M,M,50.00,FAGG 190200Z AUTO 31002KT CAVOK 10/09 Q1021,M
FAGG,2026-08-19 03:00,48.20,46.40,93.45,340.00,2.00,0.00,30.15,M,6.21,M,M,M,M,M,M,M,M,M,M,M,M,M,M,M,M,48.20,FAGG 190300Z 34002KT CAVOK 09/08 Q1021,M
FAGG,2026-08-19 04:00,46.40,46.40,100.00,320.00,4.00,0.00,30.15,M,6.21,M,M,M,M,M,M,M,M,M,M,M,M,M,M,M,M,44.24,FAGG 190400Z 32004KT CAVOK 08/08 Q1021,M
FAGG,2026-08-19 05:00,46.40,46.40,100.00,300.00,4.00,0.00,30.15,M,6.21,M,M,M,M,M,M,M,M,M,M,M,M,M,M,M,M,44.24,FAGG 190500Z 30004KT CAVOK 08/08 Q1021,M
FAGG,2026-08-19 06:00,50.00,48.20,93.50,290.00,3.00,0.00,30.15,M,6.21,M,M,M,M,M,M,M,M,M,M,M,M,M,M,M,M,50.00,FAGG 190600Z 29003KT CAVOK 10/09 Q1021,M
FAGG,2026-08-19 06:47,55.40,53.60,93.65,250.00,4.00,0.00,30.15,M,6.21,M,M,M,M,M,M,M,M,M,M,M,M,M,M,M,M,55.40,FAGG 190647Z 25004KT CAVOK 13/12 Q1021,M
FAGG,2026-08-19 07:00,55.40,51.80,87.65,240.00,4.00,0.00,30.15,M,6.21,M,M,M,M,M,M,M,M,M,M,M,M,M,M,M,M,55.40,FAGG 190700Z 24004KT CAVOK 13/11 Q1021,M
FAGG,2026-08-19 08:00,59.00,51.80,76.99,M,2.00,0.00,30.15,M,6.21,M,M,M,M,M,M,M,M,M,M,M,M,M,M,M,M,59.00,FAGG 190800Z VRB02KT CAVOK 15/11 Q1021,M
FAGG,2026-08-19 08:23,62.60,51.80,67.76,0.00,0.00,0.00,30.12,M,6.21,M,M,M,M,M,M,M,M,M,M,M,M,M,M,M,M,62.60,FAGG 190823Z 00000KT CAVOK 17/11 Q1020,M
FAGG,2026-08-19 09:00,64.40,53.60,67.97,M,1.00,0.00,30.12,M,6.21,M,M,M,M,M,M,M,M,M,M,M,M,M,M,M,M,64.40,FAGG 190900Z VRB01KT CAVOK 18/12 Q1020,M
FAGG,2026-08-19 10:00,64.40,55.40,72.58,200.00,6.00,0.00,30.12,M,6.21,M,FEW,M,M,M,1400.00,M,M,M,M,M,M,M,M,M,M,64.40,FAGG 191000Z 20006KT 170V240 9999 FEW014 18/13 Q1020,M
FAGG,2026-08-19 11:00,64.40,55.40,72.58,210.00,5.00,0.00,30.12,M,6.21,M,FEW,M,M,M,1500.00,M,M,M,M,M,M,M,M,M,M,64.40,FAGG 191100Z 21005KT 160V260 9999 FEW015 18/13 Q1020,M
FAGG,2026-08-19 12:00,64.40,53.60,67.97,190.00,7.00,0.00,30.09,M,6.21,M,M,M,M,M,M,M,M,M,M,M,M,M,M,M,M,64.40,FAGG 191200Z 19007KT 160V220 CAVOK 18/12 Q1019,M
FAGG,2026-08-19 13:00,60.80,53.60,77.15,200.00,10.00,0.00,30.12,M,6.21,M,FEW,M,M,M,1000.00,M,M,M,M,M,M,M,M,M,M,60.80,FAGG 191300Z 20010KT 9999 FEW010 16/12 Q1020,M
FAGG,2026-08-19 13:16,59.00,55.40,87.84,210.00,10.00,0.00,30.15,M,6.21,M,SCT,BKN,M,M,700.00,1400.00,M,M,M,M,M,M,M,M,M,59.00,FAGG 191316Z 21010KT 9999 SCT007 BKN014 15/13 Q1021,M
FAGG,2026-08-19 14:00,57.20,53.60,87.75,220.00,7.00,0.00,30.15,M,6.21,M,SCT,BKN,M,M,700.00,1400.00,M,M,M,M,M,M,M,M,M,57.20,FAGG 191400Z 22007KT 9999 SCT007 BKN014 14/12 Q1021,M
FAGG,2026-08-19 15:00,57.20,53.60,87.75,220.00,7.00,0.00,30.18,M,6.21,M,SCT,BKN,M,M,800.00,1200.00,M,M,M,M,M,M,M,M,M,57.20,FAGG 191500Z 22007KT 9999 SCT008 BKN012 14/12 Q1022,M
FAGG,2026-08-19 16:00,57.20,53.60,87.75,230.00,6.00,0.00,30.21,M,6.21,M,SCT,BKN,M,M,800.00,1100.00,M,M,M,M,M,M,M,M,M,57.20,FAGG 191600Z 23006KT 9999 SCT008 BKN011 14/12 Q1023,M
FAGG,2026-08-19 16:22,57.20,53.60,87.75,230.00,6.00,0.00,30.21,M,6.21,M,FEW,SCT,BKN,M,800.00,1000.00,1800.00,M,M,M,M,M,M,M,M,57.20,FAGG 191622Z 23006KT 9999 FEW008 SCT010 BKN018 14/12 Q1023,M
FAGG,2026-08-19 17:00,55.40,51.80,87.65,240.00,4.00,0.00,30.24,M,6.21,M,SCT,M,M,M,1400.00,M,M,M,M,M,M,M,M,M,M,55.40,FAGG 191700Z 24004KT 9999 SCT014 13/11 Q1024,M
FAGG,2026-08-19 18:00,53.60,51.80,93.60,300.00,5.00,0.00,30.24,M,6.21,M,FEW,M,M,M,1400.00,M,M,M,M,M,M,M,M,M,M,53.60,FAGG 191800Z 30005KT 9999 FEW014 12/11 Q1024,M
FAGG,2026-08-19 19:00,51.80,50.00,93.55,340.00,4.00,0.00,30.27,M,6.21,M,FEW,M,M,M,3300.00,M,M,M,M,M,M,M,M,M,M,51.80,FAGG 191900Z AUTO 34004KT 9999 FEW033/// 11/10 Q1025,M
FAGG,2026-08-19 20:00,51.80,46.40,81.74,330.00,4.00,0.00,30.27,M,6.21,M,M,M,M,M,M,M,M,M,M,M,M,M,M,M,M,51.80,FAGG 192000Z AUTO 33004KT CAVOK 11/08 Q1025,M
FAGG,2026-08-19 21:00,51.80,42.80,71.26,320.00,6.00,0.00,30.27,M,6.21,M,M,M,M,M,M,M,M,M,M,M,M,M,M,M,M,51.80,FAGG 192100Z AUTO 32006KT CAVOK 11/06 Q1025,M
FAGG,2026-08-19 22:00,50.00,42.80,76.17,310.00,5.00,0.00,30.27,M,6.21,M,M,M,M,M,M,M,M,M,M,M,M,M,M,M,M,50.00,FAGG 192200Z AUTO 31005KT CAVOK 10/06 Q1025,M
FAGG,2026-08-19 23:00,50.00,42.80,76.17,330.00,5.00,0.00,30.27,M,6.21,M,M,M,M,M,M,M,M,M,M,M,M,M,M,M,M,50.00,FAGG 192300Z AUTO 33005KT CAVOK 10/06 Q1025,M
FAGG,2026-08-20 00:00,50.00,42.80,76.17,320.00,4.00,0.00,30.30,M,6.21,M,M,M,M,M,M,M,M,M,M,M,M,M,M,M,M,50.00,FAGG 200000Z AUTO 32004KT CAVOK 10/06 Q1026,M
FAGG,2026-08-20 01:00,48.20,42.80,81.47,310.00,5.00,0.00,30.30,M,6.21,M,FEW,M,M,M,3700.00,M,M,M,M,M,M,M,M,M,M,45.63,FAGG 200100Z AUTO 31005KT 9999 FEW037/// 09/06 Q1026,M
FAGG,2026-08-20 02:00,48.20,44.60,87.28,290.00,4.00,0.00,30.30,M,6.21,M,FEW,BKN,M,M,2900.00,4000.00,M,M,M,M,M,M,M,M,M,46.34,FAGG 200200Z AUTO 29004KT 9999 FEW029/// BKN040/// 09/07 Q1026,M
FAGG,2026-08-20 03:00,50.00,44.60,81.60,330.00,4.00,0.00,30.27,M,6.21,M,FEW,M,M,M,4000.00,M,M,M,M,M,M,M,M,M,M,50.00,FAGG 200300Z 33004KT 9999 FEW040 10/07 Q1025,M
FAGG,2026-08-20 04:00,48.20,44.60,87.28,M,2.00,0.00,30.30,M,6.21,M,M,M,M,M,M,M,M,M,M,M,M,M,M,M,M,48.20,FAGG 200400Z VRB02KT CAVOK 09/07 Q1026,M
FAGG,2026-08-20 05:00,48.20,44.60,87.28,360.00,3.00,0.00,30.30,M,6.21,M,M,M,M,M,M,M,M,M,M,M,M,M,M,M,M,47.21,FAGG 200500Z 36003KT CAVOK 09/07 Q1026,M
FAGG,2026-08-20 06:00,50.00,46.40,87.37,M,2.00,0.00,30.30,M,6.21,M,FEW,M,M,M,2500.00,M,M,M,M,M,M,M,M,M,M,50.00,FAGG 200600Z VRB02KT 9999 FEW025 10/08 Q1026,M
FAGG,2026-08-20 06:23,53.60,46.40,76.51,320.00,3.00,0.00,30.33,M,6.21,M,FEW,M,M,M,2500.00,M,M,M,M,M,M,M,M,M,M,53.60,FAGG 200623Z 32003KT 9999 FEW025 12/08 Q1027,M
FAGG,2026-08-20 07:00,55.40,48.20,76.67,340.00,4.00,0.00,30.33,M,6.21,M,FEW,M,M,M,2500.00,M,M,M,M,M,M,M,M,M,M,55.40,FAGG 200700Z 34004KT 9999 FEW025 13/09 Q1027,M
FAGG,2026-08-20 08:00,59.00,50.00,72.02,270.00,3.00,0.00,30.33,M,6.21,M,FEW,M,M,M,1000.00,M,M,M,M,M,M,M,M,M,M,59.00,FAGG 200800Z 27003KT 210V320 9999 FEW010 15/10 Q1027,M
FAGG,2026-08-20 09:00,60.80,48.20,63.16,M,2.00,0.00,30.30,M,6.21,M,FEW,M,M,M,2000.00,M,M,M,M,M,M,M,M,M,M,60.80,FAGG 200900Z VRB02KT 9999 FEW020 16/09 Q1026,M
FAGG,2026-08-20 10:00,60.80,51.80,72.21,140.00,5.00,0.00,30.30,M,6.21,M,FEW,M,M,M,2500.00,M,M,M,M,M,M,M,M,M,M,60.80,FAGG 201000Z 14005KT 100V180 9999 FEW025 16/11 Q1026,M
FAGG,2026-08-20 11:00,60.80,50.00,67.55,180.00,7.00,0.00,30.27,M,6.21,M,FEW,M,M,M,2100.00,M,M,M,M,M,M,M,M,M,M,60.80,FAGG 201100Z 18007KT 9999 FEW021 16/10 Q1025,M
FAGG,2026-08-20 12:00,59.00,50.00,72.02,150.00,7.00,0.00,30.24,M,6.21,M,FEW,M,M,M,2400.00,M,M,M,M,M,M,M,M,M,M,59.00,FAGG 201200Z 15007KT 130V190 9999 FEW024 15/10 Q1024,M
FAGG,2026-08-20 13:00,60.80,50.00,67.55,160.00,6.00,0.00,30.24,M,6.21,M,FEW,M,M,M,2400.00,M,M,M,M,M,M,M,M,M,M,60.80,FAGG 201300Z 16006KT 9999 FEW024 16/10 Q1024,M
FAGG,2026-08-20 14:00,59.00,51.80,76.99,130.00,5.00,0.00,30.24,M,6.21,M,BKN,M,M,M,2600.00,M,M,M,M,M,M,M,M,M,M,59.00,FAGG 201400Z 13005KT 090V180 9999 BKN026 15/11 Q1024,M
FAGG,2026-08-20 15:00,57.20,51.80,82.13,140.00,5.00,0.00,30.24,M,6.21,M,BKN,M,M,M,2700.00,M,M,M,M,M,M,M,M,M,M,57.20,FAGG 201500Z 14005KT 9999 BKN027 14/11 Q1024,M
FAGG,2026-08-20 16:00,55.40,51.80,87.65,130.00,4.00,0.00,30.24,M,6.21,M,BKN,M,M,M,2900.00,M,M,M,M,M,M,M,M,M,M,55.40,FAGG 201600Z 13004KT 9999 BKN029 13/11 Q1024,M
FAGG,2026-08-20 17:00,53.60,51.80,93.60,150.00,4.00,0.00,30.27,M,6.21,M,FEW,SCT,M,M,1000.00,2900.00,M,M,M,M,M,M,M,M,M,53.60,FAGG 201700Z 15004KT 9999 FEW010 SCT029 12/11 Q1025,M
FAGG,2026-08-20 18:00,53.60,53.60,100.00,130.00,2.00,0.00,30.27,M,6.21,M,BKN,M,M,M,3200.00,M,M,M,M,M,M,M,M,M,M,53.60,FAGG 201800Z 13002KT 9999 BKN032 12/12 Q1025,M
FAGG,2026-08-20 18:53,53.60,51.80,93.60,130.00,2.00,0.00,30.27,M,2.61,M,NCD,M,M,M,M,M,M,M,BR,M,M,M,M,M,M,53.60,FAGG 201853Z AUTO 13002KT 4200 1600 BR NCD 12/11 Q1025,M
FAGG,2026-08-20 18:54,53.60,51.80,93.60,130.00,2.00,0.00,30.27,M,1.43,M,NCD,M,M,M,M,M,M,M,BR,M,M,M,M,M,M,53.60,FAGG 201854Z AUTO 13002KT 2300 BR NCD 12/11 Q1025,M
FAGG,2026-08-20 18:58,53.60,51.80,93.60,130.00,2.00,0.00,30.27,M,0.62,M,NCD,M,M,M,M,M,M,M,BCFG,M,M,M,M,M,M,53.60,FAGG 201858Z AUTO 13002KT 1000 0550 R29/P2000N BCFG NCD 12/11 Q1025,M
FAGG,2026-08-20 19:00,53.60,51.80,93.60,130.00,2.00,0.00,30.27,M,0.62,M,NCD,M,M,M,M,M,M,M,BCFG,M,M,M,M,M,M,53.60,FAGG 201900Z AUTO 13002KT 1000 0550 R29/P2000N BCFG NCD 12/11 Q1025,M
FAGG,2026-08-20 19:04,53.60,51.80,93.60,150.00,2.00,0.00,30.27,M,0.43,M,NCD,M,M,M,M,M,M,M,FG,M,M,M,M,M,M,53.60,FAGG 201904Z AUTO 15002KT 0700 0550 R29/P2000N FG NCD 12/11 Q1025,M
FAGG,2026-08-20 19:37,51.80,50.00,93.55,M,1.00,0.00,30.27,M,0.43,M,NCD,M,M,M,M,M,M,M,-RA FG,M,M,M,M,M,M,51.80,FAGG 201937Z AUTO VRB01KT 0700 R29/0600D -RA FG NCD 11/10 Q1025,M
FAGG,2026-08-20 19:44,51.80,50.00,93.55,M,2.00,0.00,30.27,M,0.34,M,NCD,M,M,M,M,M,M,M,-RA FG,M,M,M,M,M,M,51.80,FAGG 201944Z AUTO VRB02KT 0550 0500 R29/0450D -RA FG NCD 11/10 Q1025,M
FAGG,2026-08-20 19:52,51.80,50.00,93.55,330.00,3.00,0.00,30.27,M,0.56,M,VV ,M,M,M,500.00,M,M,M,-RA FG,M,M,M,M,M,M,51.80,FAGG 201952Z AUTO 33003KT 0900 0400 R29/0450N -RA FG VV005 11/10 Q1025,M
FAGG,2026-08-20 20:00,50.00,50.00,100.00,330.00,3.00,0.00,30.27,M,0.56,M,VV ,M,M,M,500.00,M,M,M,-RA FG,M,M,M,M,M,M,50.00,FAGG 202000Z AUTO 33003KT 0900 0400 R29/0650U -RA FG VV005 10/10 Q1025,M
FAGG,2026-08-20 20:01,50.00,50.00,100.00,340.00,3.00,0.00,30.27,M,0.43,M,VV ,M,M,M,500.00,M,M,M,-RA FG,M,M,M,M,M,M,50.00,FAGG 202001Z AUTO 34003KT 0700 0600 R29/0800U -RA FG VV005 10/10 Q1025,M
FAGG,2026-08-20 20:11,51.80,50.00,93.55,340.00,3.00,0.00,30.27,M,2.05,M,SCT,BKN,M,M,200.00,800.00,M,M,-RA BR,M,M,M,M,M,M,51.80,FAGG 202011Z AUTO 34003KT 3300 0650 -RA BR SCT002/// BKN008/// 11/10 Q1025,M
FAGG,2026-08-20 20:15,51.80,51.80,100.00,350.00,3.00,0.00,30.27,M,3.11,M,FEW,BKN,BKN,M,200.00,400.00,800.00,M,-RA BR,M,M,M,M,M,M,51.80,FAGG 202015Z AUTO 35003KT 330V030 5000 1000 -RA BR FEW002/// BKN004/// BKN008/// 11/11 Q1025,M
FAGG,2026-08-20 20:29,51.80,51.80,100.00,M,1.00,0.00,30.27,M,5.59,M,FEW,BKN,BKN,M,300.00,500.00,900.00,M,M,M,M,M,M,M,M,51.80,FAGG 202029Z AUTO VRB01KT 9000 FEW003/// BKN005/// BKN009/// 11/11 Q1025,M
FAGG,2026-08-20 20:31,53.60,51.80,93.60,M,1.00,0.00,30.27,M,6.21,M,BKN,M,M,M,400.00,M,M,M,M,M,M,M,M,M,M,53.60,FAGG 202031Z AUTO VRB01KT 9999 BKN004/// 12/11 Q1025,M
FAGG,2026-08-20 20:42,53.60,51.80,93.60,M,1.00,0.00,30.27,M,5.59,M,BKN,M,M,M,500.00,M,M,M,M,M,M,M,M,M,M,53.60,FAGG 202042Z AUTO VRB01KT 9000 BKN005/// 12/11 Q1025,M
FAGG,2026-08-20 21:00,51.80,51.80,100.00,140.00,3.00,0.00,30.27,M,4.97,M,BKN,M,M,M,600.00,M,M,M,M,M,M,M,M,M,M,51.80,FAGG 202100Z AUTO 14003KT 100V160 8000 BKN006/// 11/11 Q1025,M
FAGG,2026-08-20 21:18,53.60,51.80,93.60,0.00,0.00,0.00,30.24,M,3.73,M,BKN,BKN,M,M,500.00,700.00,M,M,M,M,M,M,M,M,M,53.60,FAGG 202118Z AUTO 00000KT 6000 BKN005/// BKN007/// 12/11 Q1024,M
FAGG,2026-08-20 21:22,51.80,51.80,100.00,0.00,0.00,0.00,30.24,M,2.73,M,BKN,BKN,M,M,500.00,700.00,M,M,BR,M,M,M,M,M,M,51.80,FAGG 202122Z AUTO 00000KT 4400 BR BKN005/// BKN007/// 11/11 Q1024,M
FAGG,2026-08-20 21:35,51.80,51.80,100.00,M,1.00,0.00,30.24,M,2.61,M,BKN,M,M,M,400.00,M,M,M,BR,M,M,M,M,M,M,51.80,FAGG 202135Z AUTO VRB01KT 4200 BR BKN004/// 11/11 Q1024,M
FAGG,2026-08-20 21:50,51.80,51.80,100.00,M,2.00,0.00,30.24,M,3.73,M,BKN,M,M,M,400.00,M,M,M,M,M,M,M,M,M,M,51.80,FAGG 202150Z AUTO VRB02KT 6000 BKN004/// 11/11 Q1024,M
FAGG,2026-08-20 22:00,51.80,50.00,93.55,360.00,3.00,0.00,30.24,M,4.35,M,BKN,M,M,M,400.00,M,M,M,M,M,M,M,M,M,M,51.80,FAGG 202200Z AUTO 36003KT 7000 BKN004/// 11/10 Q1024,M
FAGG,2026-08-20 22:25,50.00,50.00,100.00,M,2.00,0.00,30.24,M,3.11,M,FEW,BKN,M,M,200.00,400.00,M,M,BR,M,M,M,M,M,M,50.00,FAGG 202225Z AUTO VRB02KT 5000 BR FEW002/// BKN004/// 10/10 Q1024,M
FAGG,2026-08-20 22:27,51.80,50.00,93.55,M,1.00,0.00,30.24,M,2.86,M,FEW,BKN,M,M,200.00,400.00,M,M,BR,M,M,M,M,M,M,51.80,FAGG 202227Z AUTO VRB01KT 4600 BR FEW002/// BKN004/// 11/10 Q1024,M
FAGG,2026-08-20 22:28,51.80,50.00,93.55,M,1.00,0.00,30.24,M,2.92,M,FEW,BKN,BKN,M,200.00,400.00,600.00,M,BR,M,M,M,M,M,M,51.80,FAGG 202228Z AUTO VRB01KT 4700 BR FEW002/// BKN004/// BKN006/// 11/10 Q1024,M
FAGG,2026-08-20 22:43,50.00,50.00,100.00,0.00,0.00,0.00,30.24,M,3.73,M,BKN,BKN,M,M,500.00,700.00,M,M,M,M,M,M,M,M,M,50.00,FAGG 202243Z AUTO 00000KT 6000 BKN005/// BKN007/// 10/10 Q1024,M
FAGG,2026-08-20 23:00,51.80,50.00,93.55,0.00,0.00,0.00,30.24,M,5.59,M,BKN,M,M,M,600.00,M,M,M,M,M,M,M,M,M,M,51.80,FAGG 202300Z AUTO 00000KT 9000 BKN006/// 11/10 Q1024,M
FAGG,2026-08-20 23:16,51.80,51.80,100.00,M,1.00,0.00,30.24,M,6.21,M,SCT,BKN,M,M,600.00,2200.00,M,M,M,M,M,M,M,M,M,51.80,FAGG 202316Z AUTO VRB01KT 9999 SCT006/// BKN022/// 11/11 Q1024,M
FAGG,2026-08-20 23:25,51.80,50.00,93.55,M,1.00,0.00,30.24,M,6.21,M,FEW,BKN,M,M,700.00,900.00,M,M,M,M,M,M,M,M,M,51.80,FAGG 202325Z AUTO VRB01KT 9999 FEW007/// BKN009/// 11/10 Q1024,M
FAGG,2026-08-20 23:37,51.80,50.00,93.55,M,1.00,0.00,30.24,M,6.21,M,SCT,M,M,M,700.00,M,M,M,M,M,M,M,M,M,M,51.80,FAGG 202337Z AUTO VRB01KT 9999 1400 SCT007/// 11/10 Q1024,M
FAGG,2026-08-20 23:39,51.80,50.00,93.55,M,1.00,0.00,30.24,M,1.55,M,SCT,M,M,M,700.00,M,M,M,BR,M,M,M,M,M,M,51.80,FAGG 202339Z AUTO VRB01KT 2500 1400 BR SCT007/// 11/10 Q1024,M
FAGG,2026-08-20 23:50,50.00,48.20,93.50,320.00,2.00,0.00,30.24,M,0.50,M,FEW,M,M,M,800.00,M,M,M,FG,M,M,M,M,M,M,50.00,FAGG 202350Z AUTO 32002KT 0800 0700 R29/P2000N FG FEW008/// 10/09 Q1024,M
FAGG,2026-08-21 00:00,48.20,48.20,100.00,320.00,3.00,0.00,30.24,M,2.05,M,SCT,M,M,M,800.00,M,M,M,BR,M,M,M,M,M,M,47.21,FAGG 210000Z AUTO 32003KT 3300 BR SCT008/// 09/09 Q1024,M
FAGG,2026-08-21 00:04,50.00,48.20,93.50,320.00,3.00,0.00,30.24,M,6.21,M,FEW,M,M,M,700.00,M,M,M,M,M,M,M,M,M,M,50.00,FAGG 210004Z AUTO 32003KT 9999 FEW007/// 10/09 Q1024,M
FAGG,2026-08-21 00:53,48.20,48.20,100.00,330.00,2.00,0.00,30.24,M,6.21,M,FEW,BKN,M,M,600.00,900.00,M,M,M,M,M,M,M,M,M,48.20,FAGG 210053Z AUTO 33002KT 9999 FEW006/// BKN009/// 09/09 Q1024,M
FAGG,2026-08-21 01:00,48.20,48.20,100.00,340.00,2.00,0.00,30.24,M,6.21,M,SCT,BKN,M,M,600.00,900.00,M,M,M,M,M,M,M,M,M,48.20,FAGG 210100Z AUTO 34002KT 9999 SCT006/// BKN009/// 09/09 Q1024,M
FAGG,2026-08-21 01:27,51.80,50.00,93.55,M,2.00,0.00,30.21,M,6.21,M,SCT,BKN,M,M,600.00,800.00,M,M,M,M,M,M,M,M,M,51.80,FAGG 210127Z AUTO VRB02KT 9999 SCT006/// BKN008/// 11/10 Q1023,M
FAGG,2026-08-21 01:46,50.00,50.00,100.00,20.00,1.00,0.00,30.21,M,6.21,M,FEW,M,M,M,600.00,M,M,M,M,M,M,M,M,M,M,50.00,FAGG 210146Z AUTO 02001KT 9999 FEW006/// 10/10 Q1023,M
FAGG,2026-08-21 02:00,48.20,48.20,100.00,10.00,2.00,0.00,30.21,M,6.21,M,FEW,M,M,M,600.00,M,M,M,M,M,M,M,M,M,M,48.20,FAGG 210200Z AUTO 01002KT 9999 FEW006/// 09/09 Q1023,M
FAGG,2026-08-21 02:20,50.00,48.20,93.50,10.00,2.00,0.00,30.21,M,2.36,M,NCD,M,M,M,M,M,M,M,BR,M,M,M,M,M,M,50.00,COR FAGG 210220Z 01002KT 3800 BR NCD 10/09 Q1023,M
FAGG,2026-08-21 02:34,48.20,48.20,100.00,20.00,2.00,0.00,30.18,M,1.68,M,FEW,M,M,M,800.00,M,M,M,BR,M,M,M,M,M,M,48.20,FAGG 210234Z 02002KT 2700 BR FEW008 09/09 Q1022,M
FAGG,2026-08-21 03:00,48.20,46.40,93.45,M,2.00,0.00,30.21,M,0.99,M,FEW,M,M,M,700.00,M,M,M,BR,M,M,M,M,M,M,48.20,FAGG 210300Z VRB02KT 1600 BR FEW007 09/08 Q1023,M
FAGG,2026-08-21 03:39,48.20,48.20,100.00,M,1.00,0.00,30.18,M,2.49,M,FEW,M,M,M,600.00,M,M,M,BR,M,M,M,M,M,M,48.20,FAGG 210339Z VRB01KT 4000 BR FEW006 09/09 Q1022,M
FAGG,2026-08-21 03:49,44.60,44.60,100.00,M,2.00,0.00,30.18,M,1.30,M,SCT,M,M,M,500.00,M,M,M,BR,M,M,M,M,M,M,44.60,FAGG 210349Z VRB02KT 2100 BR SCT005 07/07 Q1022,M
FAGG,2026-08-21 03:53,44.60,44.60,100.00,M,2.00,0.00,30.18,M,0.68,M,SCT,M,M,M,400.00,M,M,M,BR,M,M,M,M,M,M,44.60,FAGG 210353Z VRB02KT 1100 R29/1900D BR SCT004 07/07 Q1022,M
FAGG,2026-08-21 04:00,46.40,44.60,93.40,M,2.00,0.00,30.18,M,0.75,M,SCT,M,M,M,400.00,M,M,M,BR,M,M,M,M,M,M,46.40,FAGG 210400Z VRB02KT 1200 R29/1900D BR SCT004 08/07 Q1022,M
FAGG,2026-08-21 04:12,46.40,44.60,93.40,M,2.00,0.00,30.21,M,1.37,M,BKN,M,M,M,400.00,M,M,M,BR,M,M,M,M,M,M,46.40,FAGG 210412Z VRB02KT 2200 BR BKN004 08/07 Q1023,M
FAGG,2026-08-21 04:19,46.40,46.40,100.00,320.00,2.00,0.00,30.21,M,3.11,M,BKN,M,M,M,300.00,M,M,M,BR,M,M,M,M,M,M,46.40,FAGG 210419Z 32002KT 5000 BR BKN003 08/08 Q1023,M
FAGG,2026-08-21 05:00,48.20,48.20,100.00,360.00,2.00,0.00,30.21,M,3.73,M,OVC,M,M,M,300.00,M,M,M,M,M,M,M,M,M,M,48.20,FAGG 210500Z 36002KT 6000 OVC003 09/09 Q1023,M
FAGG,2026-08-21 05:06,48.20,48.20,100.00,10.00,2.00,0.00,30.21,M,1.99,M,OVC,M,M,M,500.00,M,M,M,BR,M,M,M,M,M,M,48.20,FAGG 210506Z 01002KT 3200 BR OVC005 09/09 Q1023,M
FAGG,2026-08-21 05:12,48.20,48.20,100.00,20.00,2.00,0.00,30.21,M,0.68,M,OVC,M,M,M,500.00,M,M,M,BR,M,M,M,M,M,M,48.20,FAGG 210512Z 02002KT 1100 R29/0700D BR OVC005 09/09 Q1023,M
FAGG,2026-08-21 05:17,48.20,48.20,100.00,20.00,2.00,0.00,30.21,M,0.34,M,BKN,M,M,M,300.00,M,M,M,FG,M,M,M,M,M,M,48.20,FAGG 210517Z 02002KT 0550 R29/0450D FG BKN003 09/09 Q1023,M
FAGG,2026-08-21 05:26,50.00,48.20,93.50,20.00,3.00,0.00,30.21,M,0.50,M,OVC,M,M,M,500.00,M,M,M,FG,M,M,M,M,M,M,50.00,FAGG 210526Z 02003KT 0800 R29/0750U FG OVC005 10/09 Q1023,M
FAGG,2026-08-21 05:35,50.00,50.00,100.00,40.00,2.00,0.00,30.21,M,1.43,M,SCT,BKN,M,M,400.00,700.00,M,M,BR,M,M,M,M,M,M,50.00,FAGG 210535Z 04002KT 2300 BR SCT004 BKN007 10/10 Q1023,M
FAGG,2026-08-21 05:45,50.00,50.00,100.00,30.00,3.00,0.00,30.21,M,3.11,M,SCT,OVC,M,M,300.00,500.00,M,M,BR,M,M,M,M,M,M,50.00,FAGG 210545Z 03003KT 5000 BR SCT003 OVC005 10/10 Q1023,M
FAGG,2026-08-21 06:00,50.00,50.00,100.00,10.00,3.00,0.00,30.21,M,3.11,M,SCT,BKN,M,M,300.00,500.00,M,M,BR,M,M,M,M,M,M,50.00,FAGG 210600Z 01003KT 5000 BR SCT003 BKN005 10/10 Q1023,M
FAGG,2026-08-21 06:37,51.80,51.80,100.00,90.00,3.00,0.00,30.21,M,4.97,M,FEW,SCT,M,M,200.00,500.00,M,M,M,M,M,M,M,M,M,51.80,FAGG 210637Z 09003KT 8000 FEW002 SCT005 11/11 Q1023,M
FAGG,2026-08-21 06:53,53.60,51.80,93.60,130.00,3.00,0.00,30.21,M,3.73,M,FEW,BKN,M,M,200.00,400.00,M,M,M,M,M,M,M,M,M,53.60,FAGG 210653Z 13003KT 090V170 6000 FEW002 BKN004 12/11 Q1023,M
FAGG,2026-08-21 07:00,53.60,51.80,93.60,140.00,3.00,0.00,30.21,M,3.73,M,FEW,BKN,M,M,200.00,400.00,M,M,M,M,M,M,M,M,M,53.60,FAGG 210700Z 14003KT 090V170 6000 FEW002 BKN004 12/11 Q1023,M
FAGG,2026-08-21 07:43,55.40,51.80,87.65,110.00,4.00,0.00,30.21,M,6.21,M,FEW,SCT,M,M,500.00,800.00,M,M,M,M,M,M,M,M,M,55.40,FAGG 210743Z 11004KT 050V190 9999 FEW005 SCT008 13/11 Q1023,M
FAGG,2026-08-21 08:00,57.20,51.80,82.13,100.00,6.00,0.00,30.21,M,6.21,M,SCT,M,M,M,600.00,M,M,M,M,M,M,M,M,M,M,57.20,FAGG 210800Z 10006KT 070V150 9999 SCT006 14/11 Q1023,M
FAGG,2026-08-21 09:00,59.00,51.80,76.99,120.00,8.00,0.00,30.18,M,6.21,M,FEW,M,M,M,1700.00,M,M,M,M,M,M,M,M,M,M,59.00,FAGG 210900Z 12008KT 040V150 9999 FEW017 15/11 Q1022,M
FAGG,2026-08-21 10:00,60.80,53.60,77.15,120.00,9.00,0.00,30.18,M,6.21,M,FEW,M,M,M,1800.00,M,M,M,M,M,M,M,M,M,M,60.80,FAGG 211000Z 12009KT 090V150 9999 FEW018 16/12 Q1022,M
FAGG,2026-08-21 11:00,60.80,53.60,77.15,130.00,9.00,0.00,30.15,M,6.21,M,SCT,M,M,M,1400.00,M,M,M,M,M,M,M,M,M,M,60.80,FAGG 211100Z 13009KT 9999 SCT014 16/12 Q1021,M
FAGG,2026-08-21 11:25,60.80,53.60,77.15,140.00,10.00,0.00,30.12,M,6.21,M,BKN,M,M,M,1400.00,M,M,M,M,M,M,M,M,M,M,60.80,FAGG 211125Z 14010KT 9999 BKN014 16/12 Q1020,M
FAGG,2026-08-21 12:00,59.00,53.60,82.26,130.00,9.00,0.00,30.12,M,6.21,M,BKN,M,M,M,1300.00,M,M,M,M,M,M,M,M,M,M,59.00,FAGG 211200Z 13009KT 9999 BKN013 15/12 Q1020,M
FAGG,2026-08-21 13:00,60.80,53.60,77.15,110.00,11.00,0.00,30.09,M,6.21,M,BKN,M,M,M,1400.00,M,M,M,M,M,M,M,M,M,M,60.80,FAGG 211300Z 11011KT 9999 BKN014 16/12 Q1019,M
FAGG,2026-08-21 13:25,59.00,53.60,82.26,100.00,12.00,0.00,30.09,M,6.21,M,FEW,BKN,M,M,1000.00,1700.00,M,M,M,M,M,M,M,M,M,59.00,FAGG 211325Z 10012KT 9999 FEW010 BKN017 15/12 Q1019,M
FAGG,2026-08-21 14:00,59.00,53.60,82.26,100.00,11.00,0.00,30.06,M,6.21,M,FEW,BKN,M,M,1200.00,1700.00,M,M,M,M,M,M,M,M,M,59.00,FAGG 211400Z 10011KT 9999 FEW012 BKN017 15/12 Q1018,M
FAGG,2026-08-21 15:00,59.00,53.60,82.26,110.00,9.00,0.00,30.06,M,6.21,M,FEW,BKN,M,M,1000.00,1600.00,M,M,M,M,M,M,M,M,M,59.00,FAGG 211500Z 11009KT 9999 FEW010 BKN016 15/12 Q1018,M
FAGG,2026-08-21 15:54,57.20,53.60,87.75,110.00,8.00,0.00,30.03,M,6.21,M,BKN,OVC,M,M,700.00,1800.00,M,M,M,M,M,M,M,M,M,57.20,FAGG 211554Z 11008KT 9999 BKN007 OVC018 14/12 Q1017,M
FAGG,2026-08-21 16:00,57.20,53.60,87.75,110.00,8.00,0.00,30.03,M,6.21,M,BKN,OVC,M,M,700.00,1800.00,M,M,M,M,M,M,M,M,M,57.20,FAGG 211600Z 11008KT 9999 BKN007 OVC018 14/12 Q1017,M
FAGG,2026-08-21 17:00,57.20,55.40,93.70,110.00,7.00,0.00,30.03,M,6.21,M,OVC,M,M,M,500.00,M,M,M,M,M,M,M,M,M,M,57.20,FAGG 211700Z 11007KT 9999 OVC005 14/13 Q1017,M
FAGG,2026-08-21 18:00,55.40,53.60,93.65,90.00,4.00,0.00,30.06,M,4.97,M,BKN,M,M,M,500.00,M,M,M,M,M,M,M,M,M,M,55.40,FAGG 211800Z 09004KT 8000 BKN005 13/12 Q1018,M
FAGG,2026-08-21 18:15,55.40,53.60,93.65,40.00,3.00,0.00,30.06,M,4.35,M,BKN,M,M,M,300.00,M,M,M,M,M,M,M,M,M,M,55.40,FAGG 211815Z AUTO 04003KT 020V080 7000 BKN003/// 13/12 Q1018,M
FAGG,2026-08-21 18:39,55.40,53.60,93.65,0.00,0.00,0.00,30.06,M,2.67,M,SCT,M,M,M,300.00,M,M,M,BR,M,M,M,M,M,M,55.40,FAGG 211839Z AUTO 00000KT 4300 BR SCT003/// 13/12 Q1018,M
FAGG,2026-08-21 18:55,55.40,53.60,93.65,90.00,1.00,0.00,30.03,M,0.81,M,NCD,M,M,M,M,M,M,M,BCFG,M,M,M,M,M,M,55.40,FAGG 211855Z AUTO 09001KT 1300 0650 R29/P2000N BCFG NCD 13/12 Q1017,M
FAGG,2026-08-21 19:00,55.40,53.60,93.65,90.00,1.00,0.00,30.03,M,0.81,M,NCD,M,M,M,M,M,M,M,BCFG,M,M,M,M,M,M,55.40,FAGG 211900Z AUTO 09001KT 1300 0650 R29/P2000N BCFG NCD 13/12 Q1017,M
FAGG,2026-08-21 19:35,55.40,53.60,93.65,0.00,0.00,0.00,30.03,M,2.17,M,FEW,M,M,M,600.00,M,M,M,BR,M,M,M,M,M,M,55.40,FAGG 211935Z AUTO 00000KT 3500 1000 BR FEW006/// 13/12 Q1017,M
FAGG,2026-08-21 19:36,55.40,53.60,93.65,0.00,0.00,0.00,30.03,M,0.62,M,FEW,M,M,M,600.00,M,M,M,BR,M,M,M,M,M,M,55.40,FAGG 211936Z AUTO 00000KT 1000 0750 R29/1900D BR FEW006/// 13/12 Q1017,M
FAGG,2026-08-21 20:00,51.80,50.00,93.55,270.00,2.00,0.00,30.03,M,0.34,M,FEW,M,M,M,700.00,M,M,M,-RA FG,M,M,M,M,M,M,51.80,FAGG 212000Z AUTO 27002KT 0550 0500 R29/0650U -RA FG FEW007/// 11/10 Q1017,M
FAGG,2026-08-21 20:31,51.80,51.80,100.00,330.00,4.00,0.00,30.03,M,0.22,M,VV ,M,M,M,100.00,M,M,M,-RA FG,M,M,M,M,M,M,51.80,FAGG 212031Z AUTO 33004KT 0350 0300 R29/0325N -RA FG VV001 11/11 Q1017,M
FAGG,2026-08-21 20:37,51.80,51.80,100.00,320.00,4.00,0.00,30.03,M,0.19,M,VV ,M,M,M,100.00,M,M,M,-RA FG,M,M,M,M,M,M,51.80,FAGG 212037Z AUTO 32004KT 0300 R29/0250N -RA FG VV001 11/11 Q1017,M
FAGG,2026-08-21 20:50,51.80,51.80,100.00,330.00,3.00,0.00,30.03,M,0.12,M,VV ,M,M,M,300.00,M,M,M,-RA FG,M,M,M,M,M,M,51.80,FAGG 212050Z AUTO 33003KT 0200 0150 R29/0200N -RA FG VV003 11/11 Q1017,M
FAGG,2026-08-21 21:00,51.80,51.80,100.00,330.00,3.00,0.00,30.03,M,0.12,M,VV ,M,M,M,300.00,M,M,M,-RA FG,M,M,M,M,M,M,51.80,FAGG 212100Z AUTO 33003KT 0200 R29/0200N -RA FG VV003 11/11 Q1017,M
FAGG,2026-08-21 21:02,51.80,51.80,100.00,330.00,4.00,0.00,30.03,M,0.19,M,VV ,M,M,M,100.00,M,M,M,-RA FG,M,M,M,M,M,M,51.80,FAGG 212102Z AUTO 33004KT 0300 0250 R29/0275N -RA FG VV001 11/11 Q1017,M
FAGG,2026-08-21 21:13,51.80,51.80,100.00,320.00,4.00,0.00,30.03,M,0.34,M,VV ,M,M,M,200.00,M,M,M,-RA FG,M,M,M,M,M,M,51.80,FAGG 212113Z AUTO 32004KT 0550 R29/0700U -RA FG VV002 11/11 Q1017,M
FAGG,2026-08-21 21:15,51.80,51.80,100.00,320.00,4.00,0.00,30.03,M,0.34,M,VV ,M,M,M,100.00,M,M,M,-RA FG,M,M,M,M,M,M,51.80,FAGG 212115Z AUTO 32004KT 0550 R29/0650D -RA FG VV001 11/11 Q1017,M
FAGG,2026-08-21 21:16,51.80,51.80,100.00,320.00,4.00,0.00,30.03,M,0.34,M,FEW,BKN,OVC,M,100.00,300.00,600.00,M,-RA FG,M,M,M,M,M,M,51.80,FAGG 212116Z AUTO 32004KT 0550 R29/0650D -RA FG FEW001/// BKN003/// OVC006/// 11/11 Q1017,M
FAGG,2026-08-21 21:18,51.80,51.80,100.00,320.00,3.00,0.00,30.03,M,0.37,M,VV ,M,M,M,100.00,M,M,M,-RA FG,M,M,M,M,M,M,51.80,FAGG 212118Z AUTO 32003KT 0600 0550 R29/0600D -RA FG VV001 11/11 Q1017,M
FAGG,2026-08-21 21:31,51.80,51.80,100.00,310.00,4.00,0.00,30.00,M,0.68,M,VV ,M,M,M,100.00,M,M,M,-RA BR,M,M,M,M,M,M,51.80,FAGG 212131Z AUTO 31004KT 1100 0600 R29/1800U -RA BR VV001 11/11 Q1016,M
FAGG,2026-08-21 21:33,51.80,51.80,100.00,310.00,4.00,0.00,30.00,M,0.34,M,VV ,M,M,M,100.00,M,M,M,-RA FG,M,M,M,M,M,M,51.80,FAGG 212133Z AUTO 31004KT 0550 R29/1600U -RA FG VV001 11/11 Q1016,M
FAGG,2026-08-21 21:35,51.80,51.80,100.00,310.00,4.00,0.00,30.00,M,0.31,M,VV ,M,M,M,100.00,M,M,M,-RA FG,M,M,M,M,M,M,51.80,FAGG 212135Z AUTO 31004KT 0500 0400 R29/0400D -RA FG VV001 11/11 Q1016,M
FAGG,2026-08-21 21:43,51.80,51.80,100.00,300.00,4.00,0.00,30.00,M,0.19,M,VV ,M,M,M,100.00,M,M,M,-RA FG,M,M,M,M,M,M,51.80,FAGG 212143Z AUTO 30004KT 0300 0250 R29/0250N -RA FG VV001 11/11 Q1016,M
FAGG,2026-08-21 22:00,51.80,51.80,100.00,310.00,4.00,0.00,30.00,M,0.16,M,VV ,M,M,M,100.00,M,M,M,-RA FG,M,M,M,M,M,M,51.80,FAGG 212200Z AUTO 31004KT 0250 0200 R29/0225N -RA FG VV001 11/11 Q1016,M
FAGG,2026-08-21 22:13,51.80,51.80,100.00,330.00,4.00,0.00,30.00,M,0.31,M,VV ,M,M,M,100.00,M,M,M,-RA FG,M,M,M,M,M,M,51.80,FAGG 212213Z AUTO 33004KT 0500 0400 R29/0650U -RA FG VV001 11/11 Q1016,M
FAGG,2026-08-21 22:18,51.80,50.00,93.55,330.00,5.00,0.00,30.00,M,0.34,M,VV ,M,M,M,100.00,M,M,M,-RA FG,M,M,M,M,M,M,51.80,FAGG 212218Z AUTO 33005KT 0550 0500 R29/0450D -RA FG VV001 11/10 Q1016,M
FAGG,2026-08-21 22:36,50.00,50.00,100.00,310.00,4.00,0.00,30.00,M,1.55,M,VV ,M,M,M,100.00,M,M,M,-RA BR,M,M,M,M,M,M,50.00,FAGG 212236Z AUTO 31004KT 2500 1000 -RA BR VV001 10/10 Q1016,M
FAGG,2026-08-21 22:49,50.00,48.20,93.50,280.00,3.00,0.00,30.00,M,0.75,M,FEW,SCT,M,M,100.00,300.00,M,M,BR,M,M,M,M,M,M,50.00,FAGG 212249Z AUTO 28003KT 1200 1100 R29/2000D BR FEW001/// SCT003/// 10/09 Q1016,M
FAGG,2026-08-21 23:00,50.00,48.20,93.50,260.00,4.00,0.00,30.00,M,0.56,M,FEW,M,M,M,200.00,M,M,M,FG,M,M,M,M,M,M,50.00,FAGG 212300Z AUTO 26004KT 0900 0750 R29/1900U FG FEW002/// 10/09 Q1016,M
FAGG,2026-08-21 23:12,50.00,48.20,93.50,320.00,5.00,0.00,30.00,M,6.21,M,FEW,M,M,M,500.00,M,M,M,M,M,M,M,M,M,M,50.00,FAGG 212312Z AUTO 32005KT 9999 FEW005/// 10/09 Q1016,M
FAGG,2026-08-22 00:00,50.00,50.00,100.00,330.00,5.00,0.00,30.00,M,6.21,M,M,M,M,M,M,M,M,M,M,M,M,M,M,M,M,50.00,FAGG 220000Z AUTO 33005KT CAVOK 10/10 Q1016,M
FAGG,2026-08-22 01:00,50.00,50.00,100.00,290.00,4.00,0.00,29.97,M,6.21,M,M,M,M,M,M,M,M,M,M,M,M,M,M,M,M,50.00,FAGG 220100Z AUTO 29004KT CAVOK 10/10 Q1015,M
FAGG,2026-08-22 01:50,50.00,50.00,100.00,290.00,6.00,0.00,30.00,M,6.21,M,M,M,M,M,M,M,M,M,M,M,M,M,M,M,M,50.00,FAGG 220150Z AUTO 29006KT CAVOK 10/10 Q1016,M
FAGG,2026-08-22 01:51,50.00,50.00,100.00,300.00,6.00,0.00,30.00,M,6.21,M,M,M,M,M,M,M,M,M,M,M,M,M,M,M,M,50.00,FAGG 220151Z AUTO 30006KT CAVOK 10/10 Q1016,M
FAGG,2026-08-22 01:54,51.80,50.00,93.55,310.00,7.00,0.00,30.00,M,6.21,M,M,M,M,M,M,M,M,M,M,M,M,M,M,M,M,51.80,FAGG 220154Z AUTO 31007KT CAVOK 11/10 Q1016,M
FAGG,2026-08-22 02:00,51.80,50.00,93.55,310.00,7.00,0.00,30.00,M,6.21,M,M,M,M,M,M,M,M,M,M,M,M,M,M,M,M,51.80,FAGG 220200Z AUTO 31007KT CAVOK 11/10 Q1016,M
FAGG,2026-08-22 03:00,51.80,51.80,100.00,270.00,5.00,0.00,30.00,M,6.21,M,FEW,M,M,M,700.00,M,M,M,M,M,M,M,M,M,M,51.80,FAGG 220300Z 27005KT 240V310 9999 FEW007 11/11 Q1016,M
FAGG,2026-08-22 03:40,55.40,51.80,87.65,260.00,11.00,0.00,30.03,M,6.21,M,FEW,M,M,M,700.00,M,M,M,M,M,M,M,M,M,M,55.40,FAGG 220340Z 26011KT 9999 FEW007 13/11 Q1017,M
FAGG,2026-08-22 04:00,53.60,51.80,93.60,270.00,10.00,0.00,30.03,M,6.21,M,FEW,M,M,M,700.00,M,M,M,M,M,M,M,M,M,M,53.60,FAGG 220400Z 27010KT 9999 FEW007 12/11 Q1017,M
FAGG,2026-08-22 05:00,55.40,51.80,87.65,270.00,12.00,0.00,30.09,M,6.21,M,FEW,M,M,M,1000.00,M,M,M,M,M,M,M,M,M,M,55.40,FAGG 220500Z 27012KT 9999 FEW010 13/11 Q1019,M
FAGG,2026-08-22 06:00,55.40,51.80,87.65,260.00,13.00,0.00,30.15,M,6.21,M,SCT,M,M,M,1400.00,M,M,M,M,M,M,M,M,M,M,55.40,FAGG 220600Z 26013KT 9999 SCT014 13/11 Q1021,M
FAGG,2026-08-22 07:00,55.40,51.80,87.65,270.00,16.00,0.00,30.18,M,6.21,M,FEW,SCT,BKN,M,1300.00,1800.00,2200.00,M,M,M,M,M,M,M,M,55.40,FAGG 220700Z 27016KT 9999 FEW013 SCT018 BKN022 13/11 Q1022,M
FAGG,2026-08-22 08:00,57.20,51.80,82.13,280.00,15.00,0.00,30.21,M,6.21,M,SCT,M,M,M,3300.00,M,M,M,M,M,M,M,M,M,M,57.20,FAGG 220800Z 28015KT 9999 SCT033 14/11 Q1023,M
FAGG,2026-08-22 09:00,60.80,50.00,67.55,260.00,16.00,0.00,30.24,M,6.21,M,FEW,SCT,M,M,2500.00,3200.00,M,M,M,M,M,M,M,M,M,60.80,FAGG 220900Z 26016KT 9999 FEW025 SCT032 16/10 Q1024,M
FAGG,2026-08-22 10:00,64.40,50.00,59.52,280.00,15.00,0.00,30.24,M,6.21,M,FEW,M,M,M,3000.00,M,M,M,M,M,M,M,M,M,M,64.40,FAGG 221000Z 28015KT 9999 FEW030 18/10 Q1024,M
FAGG,2026-08-22 11:00,66.20,44.60,45.62,260.00,13.00,0.00,30.24,M,6.21,M,M,M,M,M,M,M,M,M,M,M,M,M,M,M,M,66.20,FAGG 221100Z 26013KT CAVOK 19/07 Q1024,M
FAGG,2026-08-22 12:00,64.40,50.00,59.52,220.00,10.00,0.00,30.21,M,6.21,M,FEW,M,M,M,4500.00,M,M,M,M,M,M,M,M,M,M,64.40,FAGG 221200Z 22010KT 9999 FEW045 18/10 Q1023,M
FAGG,2026-08-22 12:12,66.20,48.20,52.27,280.00,11.00,0.00,30.21,M,6.21,M,FEW,M,M,M,4500.00,M,M,M,M,M,M,M,M,M,M,66.20,FAGG 221212Z 28011KT 9999 FEW045 19/09 Q1023,M
FAGG,2026-08-22 13:00,66.20,50.00,55.91,220.00,10.00,0.00,30.24,M,6.21,M,FEW,M,M,M,4500.00,M,M,M,M,M,M,M,M,M,M,66.20,FAGG 221300Z 22010KT 9999 FEW045 19/10 Q1024,M
FAGG,2026-08-22 14:00,68.00,50.00,52.54,250.00,13.00,0.00,30.24,M,6.21,M,FEW,M,M,M,4500.00,M,M,M,M,M,M,M,M,M,M,68.00,FAGG 221400Z 25013KT 9999 FEW045 20/10 Q1024,M
FAGG,2026-08-22 15:00,64.40,51.80,63.62,230.00,9.00,0.00,30.27,M,6.21,M,FEW,M,M,M,4200.00,M,M,M,M,M,M,M,M,M,M,64.40,FAGG 221500Z 23009KT 9999 FEW042 18/11 Q1025,M
FAGG,2026-08-22 16:00,59.00,55.40,87.84,210.00,14.00,0.00,30.30,M,6.21,M,SCT,M,M,M,600.00,M,M,M,M,M,M,M,M,M,M,59.00,FAGG 221600Z 21014KT 9999 SCT006 15/13 Q1026,M
FAGG,2026-08-22 16:20,57.20,55.40,93.70,220.00,13.00,0.00,30.30,M,6.21,M,BKN,M,M,M,500.00,M,M,M,M,M,M,M,M,M,M,57.20,FAGG 221620Z 22013KT 9999 BKN005 14/13 Q1026,M
FAGG,2026-08-22 17:00,57.20,55.40,93.70,220.00,11.00,0.00,30.33,M,6.21,M,BKN,M,M,M,500.00,M,M,M,M,M,M,M,M,M,M,57.20,FAGG 221700Z 22011KT 9999 BKN005 14/13 Q1027,M
FAGG,2026-08-22 17:55,59.00,55.40,87.84,250.00,9.00,0.00,30.36,M,6.21,M,FEW,SCT,BKN,M,500.00,1200.00,2800.00,M,M,M,M,M,M,M,M,59.00,FAGG 221755Z 25009KT 9999 FEW005 SCT012 BKN028 15/13 Q1028,M
FAGG,2026-08-22 18:00,59.00,55.40,87.84,250.00,9.00,0.00,30.36,M,6.21,M,FEW,SCT,BKN,M,500.00,1200.00,2800.00,M,M,M,M,M,M,M,M,59.00,FAGG 221800Z 25009KT 9999 FEW005 SCT012 BKN028 15/13 Q1028,M
FAGG,2026-08-22 19:00,59.00,51.80,76.99,270.00,8.00,0.00,30.36,M,6.21,M,OVC,M,M,M,3000.00,M,M,M,M,M,M,M,M,M,M,59.00,FAGG 221900Z AUTO 27008KT 9999 OVC030/// 15/11 Q1028,M
FAGG,2026-08-22 20:00,57.20,51.80,82.13,270.00,5.00,0.00,30.39,M,6.21,M,OVC,M,M,M,3300.00,M,M,M,M,M,M,M,M,M,M,57.20,FAGG 222000Z AUTO 27005KT 9999 OVC033/// 14/11 Q1029,M
FAGG,2026-08-22 21:00,57.20,51.80,82.13,310.00,4.00,0.00,30.39,M,6.21,M,OVC,M,M,M,3400.00,M,M,M,M,M,M,M,M,M,M,57.20,FAGG 222100Z AUTO 31004KT 9999 OVC034/// 14/11 Q1029,M
FAGG,2026-08-22 22:00,57.20,51.80,82.13,300.00,4.00,0.00,30.39,M,6.21,M,OVC,M,M,M,3400.00,M,M,M,M,M,M,M,M,M,M,57.20,FAGG 222200Z AUTO 30004KT 9999 OVC034/// 14/11 Q1029,M
FAGG,2026-08-22 23:00,53.60,50.00,87.56,310.00,4.00,0.00,30.39,M,6.21,M,FEW,M,M,M,4100.00,M,M,M,M,M,M,M,M,M,M,53.60,FAGG 222300Z AUTO 31004KT 9999 FEW041/// 12/10 Q1029,M
FAGG,2026-08-23 00:00,53.60,50.00,87.56,260.00,3.00,0.00,30.39,M,6.21,M,OVC,M,M,M,3800.00,M,M,M,M,M,M,M,M,M,M,53.60,FAGG 230000Z AUTO 26003KT 9999 OVC038/// 12/10 Q1029,M
FAGG,2026-08-23 01:00,55.40,50.00,82.00,340.00,2.00,0.00,30.39,M,6.21,M,OVC,M,M,M,3500.00,M,M,M,M,M,M,M,M,M,M,55.40,FAGG 230100Z AUTO 34002KT 9999 OVC035/// 13/10 Q1029,M
FAGG,2026-08-23 02:00,53.60,50.00,87.56,350.00,4.00,0.00,30.36,M,6.21,M,OVC,M,M,M,3300.00,M,M,M,M,M,M,M,M,M,M,53.60,FAGG 230200Z AUTO 35004KT 9999 OVC033/// 12/10 Q1028,M
FAGG,2026-08-23 03:00,53.60,48.20,81.87,M,1.00,0.00,30.39,M,6.21,M,BKN,M,M,M,3200.00,M,M,M,M,M,M,M,M,M,M,53.60,FAGG 230300Z VRB01KT 9999 BKN032 12/09 Q1029,M
FAGG,2026-08-23 04:00,53.60,48.20,81.87,M,2.00,0.00,30.39,M,6.21,M,BKN,M,M,M,3200.00,M,M,M,M,M,M,M,M,M,M,53.60,FAGG 230400Z VRB02KT 9999 BKN032 12/09 Q1029,M
FAGG,2026-08-23 05:00,51.80,48.20,87.47,M,2.00,0.00,30.39,M,6.21,M,BKN,M,M,M,3200.00,M,M,M,M,M,M,M,M,M,M,51.80,FAGG 230500Z VRB02KT 9999 BKN032 11/09 Q1029,M
FAGG,2026-08-23 06:00,53.60,48.20,81.87,M,2.00,0.00,30.39,M,6.21,M,M,M,M,M,M,M,M,M,M,M,M,M,M,M,M,53.60,FAGG 230600Z VRB02KT CAVOK 12/09 Q1029,M
FAGG,2026-08-23 06:23,57.20,50.00,76.83,M,2.00,0.00,30.39,M,6.21,M,M,M,M,M,M,M,M,M,M,M,M,M,M,M,M,57.20,FAGG 230623Z VRB02KT CAVOK 14/10 Q1029,M
FAGG,2026-08-23 06:56,60.80,48.20,63.16,M,2.00,0.00,30.39,M,6.21,M,M,M,M,M,M,M,M,M,M,M,M,M,M,M,M,60.80,FAGG 230656Z VRB02KT CAVOK 16/09 Q1029,M
FAGG,2026-08-23 07:00,60.80,48.20,63.16,M,2.00,0.00,30.39,M,6.21,M,M,M,M,M,M,M,M,M,M,M,M,M,M,M,M,60.80,FAGG 230700Z VRB02KT CAVOK 16/09 Q1029,M
FAGG,2026-08-23 08:00,60.80,48.20,63.16,170.00,3.00,0.00,30.42,M,6.21,M,M,M,M,M,M,M,M,M,M,M,M,M,M,M,M,60.80,FAGG 230800Z 17003KT 110V230 CAVOK 16/09 Q1030,M
FAGG,2026-08-23 09:00,62.60,50.00,63.39,180.00,5.00,0.00,30.39,M,6.21,M,FEW,M,M,M,3000.00,M,M,M,M,M,M,M,M,M,M,62.60,FAGG 230900Z 18005KT 120V230 9999 FEW030 17/10 Q1029,M
FAGG,2026-08-23 10:00,62.60,50.00,63.39,180.00,5.00,0.00,30.36,M,6.21,M,FEW,M,M,M,3000.00,M,M,M,M,M,M,M,M,M,M,62.60,FAGG 231000Z 18005KT 150V220 9999 FEW030 17/10 Q1028,M
FAGG,2026-08-23 11:00,62.60,51.80,67.76,160.00,6.00,0.00,30.33,M,6.21,M,FEW,M,M,M,3000.00,M,M,M,M,M,M,M,M,M,M,62.60,FAGG 231100Z 16006KT 130V190 9999 FEW030 17/11 Q1027,M
FAGG,2026-08-23 12:00,62.60,50.00,63.39,170.00,7.00,0.00,30.30,M,6.21,M,FEW,M,M,M,3000.00,M,M,M,M,M,M,M,M,M,M,62.60,FAGG 231200Z 17007KT 9999 FEW030 17/10 Q1026,M
FAGG,2026-08-23 13:00,62.60,50.00,63.39,130.00,7.00,0.00,30.30,M,6.21,M,FEW,M,M,M,3000.00,M,M,M,M,M,M,M,M,M,M,62.60,FAGG 231300Z 13007KT 100V170 9999 FEW030 17/10 Q1026,M
FAGG,2026-08-23 14:00,60.80,50.00,67.55,130.00,6.00,0.00,30.27,M,6.21,M,M,M,M,M,M,M,M,M,M,M,M,M,M,M,M,60.80,FAGG 231400Z 13006KT 100V170 CAVOK 16/10 Q1025,M
FAGG,2026-08-23 15:00,59.00,48.20,67.34,120.00,6.00,0.00,30.30,M,6.21,M,FEW,M,M,M,3000.00,M,M,M,M,M,M,M,M,M,M,59.00,FAGG 231500Z 12006KT 090V150 9999 FEW030 15/09 Q1026,M
FAGG,2026-08-23 16:00,55.40,50.00,82.00,120.00,4.00,0.00,30.30,M,6.21,M,M,M,M,M,M,M,M,M,M,M,M,M,M,M,M,55.40,FAGG 231600Z 12004KT CAVOK 13/10 Q1026,M
FAGG,2026-08-23 17:00,53.60,50.00,87.56,70.00,5.00,0.00,30.30,M,6.21,M,M,M,M,M,M,M,M,M,M,M,M,M,M,M,M,53.60,FAGG 231700Z 07005KT CAVOK 12/10 Q1026,M
FAGG,2026-08-23 18:00,51.80,48.20,87.47,90.00,3.00,0.00,30.30,M,6.21,M,M,M,M,M,M,M,M,M,M,M,M,M,M,M,M,51.80,FAGG 231800Z 09003KT CAVOK 11/09 Q1026,M
FAGG,2026-08-23 19:00,51.80,48.20,87.47,330.00,3.00,0.00,30.33,M,6.21,M,M,M,M,M,M,M,M,M,M,M,M,M,M,M,M,51.80,FAGG 231900Z AUTO 33003KT CAVOK 11/09 Q1027,M
FAGG,2026-08-23 20:00,50.00,48.20,93.50,340.00,3.00,0.00,30.33,M,6.21,M,M,M,M,M,M,M,M,M,M,M,M,M,M,M,M,50.00,FAGG 232000Z AUTO 34003KT CAVOK 10/09 Q1027,M
FAGG,2026-08-23 21:00,50.00,46.40,87.37,340.00,3.00,0.00,30.33,M,6.21,M,M,M,M,M,M,M,M,M,M,M,M,M,M,M,M,50.00,FAGG 232100Z AUTO 34003KT CAVOK 10/08 Q1027,M
FAGG,2026-08-23 22:00,48.20,46.40,93.45,M,1.00,0.00,30.30,M,6.21,M,M,M,M,M,M,M,M,M,M,M,M,M,M,M,M,48.20,FAGG 232200Z AUTO VRB01KT CAVOK 09/08 Q1026,M
FAGG,2026-08-23 23:00,46.40,44.60,93.40,350.00,2.00,0.00,30.30,M,6.21,M,M,M,M,M,M,M,M,M,M,M,M,M,M,M,M,46.40,FAGG 232300Z AUTO 35002KT CAVOK 08/07 Q1026,M
FAGG,2026-08-24 00:00,48.20,46.40,93.45,360.00,3.00,0.00,30.27,M,6.21,M,M,M,M,M,M,M,M,M,M,M,M,M,M,M,M,47.21,FAGG 240000Z AUTO 36003KT CAVOK 09/08 Q1025,M
FAGG,2026-08-24 01:00,46.40,44.60,93.40,360.00,3.00,0.00,30.27,M,6.21,M,M,M,M,M,M,M,M,M,M,M,M,M,M,M,M,45.15,FAGG 240100Z AUTO 36003KT CAVOK 08/07 Q1025,M
FAGG,2026-08-24 02:00,48.20,46.40,93.45,M,2.00,0.00,30.24,M,6.21,M,M,M,M,M,M,M,M,M,M,M,M,M,M,M,M,48.20,FAGG 240200Z AUTO VRB02KT CAVOK 09/08 Q1024,M
FAGG,2026-08-24 03:00,44.60,42.80,93.35,350.00,3.00,0.00,30.27,M,6.21,M,M,M,M,M,M,M,M,M,M,M,M,M,M,M,M,43.09,FAGG 240300Z 35003KT CAVOK 07/06 Q1025,M
FAGG,2026-08-24 04:00,46.40,44.60,93.40,360.00,3.00,0.00,30.27,M,6.21,M,M,M,M,M,M,M,M,M,M,M,M,M,M,M,M,45.15,FAGG 240400Z 36003KT CAVOK 08/07 Q1025,M
FAGG,2026-08-24 05:00,46.40,44.60,93.40,340.00,4.00,0.00,30.27,M,6.21,M,M,M,M,M,M,M,M,M,M,M,M,M,M,M,M,44.24,FAGG 240500Z 34004KT CAVOK 08/07 Q1025,M
FAGG,2026-08-24 05:52,50.00,46.40,87.37,0.00,0.00,0.00,30.27,M,6.21,M,M,M,M,M,M,M,M,M,M,M,M,M,M,M,M,50.00,FAGG 240552Z 00000KT CAVOK 10/08 Q1025,M
FAGG,2026-08-24 06:00,50.00,46.40,87.37,M,2.00,0.00,30.27,M,6.21,M,M,M,M,M,M,M,M,M,M,M,M,M,M,M,M,50.00,FAGG 240600Z VRB02KT CAVOK 10/08 Q1025,M
FAGG,2026-08-24 06:23,53.60,48.20,81.87,M,1.00,0.00,30.30,M,6.21,M,FEW,M,M,M,1300.00,M,M,M,M,M,M,M,M,M,M,53.60,FAGG 240623Z VRB01KT 9999 FEW013 12/09 Q1026,M
FAGG,2026-08-24 07:00,55.40,51.80,87.65,M,2.00,0.00,30.30,M,6.21,M,FEW,M,M,M,800.00,M,M,M,M,M,M,M,M,M,M,55.40,FAGG 240700Z VRB02KT 9999 FEW008 13/11 Q1026,M
FAGG,2026-08-24 08:00,57.20,51.80,82.13,M,2.00,0.00,30.27,M,6.21,M,FEW,M,M,M,800.00,M,M,M,M,M,M,M,M,M,M,57.20,FAGG 240800Z VRB02KT 9999 FEW008 14/11 Q1025,M
FAGG,2026-08-24 08:24,60.80,51.80,72.21,M,2.00,0.00,30.27,M,6.21,M,SCT,M,M,M,1000.00,M,M,M,M,M,M,M,M,M,M,60.80,FAGG 240824Z VRB02KT 9999 SCT010 16/11 Q1025,M
FAGG,2026-08-24 09:00,59.00,51.80,76.99,180.00,5.00,0.00,30.27,M,6.21,M,FEW,SCT,M,M,800.00,1200.00,M,M,M,M,M,M,M,M,M,59.00,FAGG 240900Z 18005KT 9999 FEW008 SCT012 15/11 Q1025,M
FAGG,2026-08-24 10:00,60.80,51.80,72.21,160.00,5.00,0.00,30.27,M,6.21,M,FEW,M,M,M,1400.00,M,M,M,M,M,M,M,M,M,M,60.80,FAGG 241000Z 16005KT 120V200 9999 FEW014 16/11 Q1025,M
FAGG,2026-08-24 11:00,60.80,51.80,72.21,130.00,4.00,0.00,30.24,M,6.21,M,FEW,M,M,M,1500.00,M,M,M,M,M,M,M,M,M,M,60.80,FAGG 241100Z 13004KT 080V220 9999 FEW015 16/11 Q1024,M
FAGG,2026-08-24 12:00,60.80,51.80,72.21,160.00,6.00,0.00,30.21,M,6.21,M,FEW,M,M,M,1500.00,M,M,M,M,M,M,M,M,M,M,60.80,FAGG 241200Z 16006KT 120V190 9999 FEW015 16/11 Q1023,M
FAGG,2026-08-24 13:00,60.80,50.00,67.55,160.00,6.00,0.00,30.21,M,6.21,M,FEW,M,M,M,1500.00,M,M,M,M,M,M,M,M,M,M,60.80,FAGG 241300Z 16006KT 130V190 9999 FEW015 16/10 Q1023,M
FAGG,2026-08-24 14:00,59.00,50.00,72.02,160.00,6.00,0.00,30.21,M,6.21,M,M,M,M,M,M,M,M,M,M,M,M,M,M,M,M,59.00,FAGG 241400Z 16006KT 120V180 CAVOK 15/10 Q1023,M
FAGG,2026-08-24 15:00,57.20,50.00,76.83,130.00,6.00,0.00,30.18,M,6.21,M,M,M,M,M,M,M,M,M,M,M,M,M,M,M,M,57.20,FAGG 241500Z 13006KT CAVOK 14/10 Q1022,M
FAGG,2026-08-24 16:00,55.40,51.80,87.65,120.00,4.00,0.00,30.21,M,6.21,M,FEW,M,M,M,1000.00,M,M,M,M,M,M,M,M,M,M,55.40,FAGG 241600Z 12004KT 9999 FEW010 13/11 Q1023,M
FAGG,2026-08-24 17:00,53.60,50.00,87.56,80.00,3.00,0.00,30.21,M,6.21,M,FEW,M,M,M,1500.00,M,M,M,M,M,M,M,M,M,M,53.60,FAGG 241700Z 08003KT 9999 FEW015 12/10 Q1023,M
FAGG,2026-08-24 18:00,51.80,50.00,93.55,80.00,4.00,0.00,30.21,M,4.97,M,FEW,M,M,M,1100.00,M,M,M,M,M,M,M,M,M,M,51.80,FAGG 241800Z 08004KT 8000 FEW011 11/10 Q1023,M
FAGG,2026-08-24 18:47,51.80,50.00,93.55,80.00,4.00,0.00,30.21,M,6.21,M,BKN,M,M,M,1100.00,M,M,M,M,M,M,M,M,M,M,51.80,FAGG 241847Z AUTO 08004KT 9999 BKN011/// 11/10 Q1023,M
FAGG,2026-08-24 19:00,53.60,50.00,87.56,100.00,3.00,0.00,30.21,M,6.21,M,BKN,M,M,M,1100.00,M,M,M,M,M,M,M,M,M,M,53.60,FAGG 241900Z AUTO 10003KT 070V130 9999 BKN011/// 12/10 Q1023,M
FAGG,2026-08-24 20:00,53.60,50.00,87.56,M,2.00,0.00,30.24,M,6.21,M,OVC,M,M,M,1100.00,M,M,M,M,M,M,M,M,M,M,53.60,FAGG 242000Z AUTO VRB02KT 9999 OVC011/// 12/10 Q1024,M
FAGG,2026-08-24 20:54,53.60,51.80,93.60,M,2.00,0.00,30.24,M,6.21,M,OVC,M,M,M,900.00,M,M,M,M,M,M,M,M,M,M,53.60,FAGG 242054Z AUTO VRB02KT 9999 OVC009/// 12/11 Q1024,M
FAGG,2026-08-24 21:00,53.60,51.80,93.60,M,2.00,0.00,30.24,M,6.21,M,OVC,M,M,M,900.00,M,M,M,M,M,M,M,M,M,M,53.60,FAGG 242100Z AUTO VRB02KT 9999 OVC009/// 12/11 Q1024,M
FAGG,2026-08-24 22:00,53.60,51.80,93.60,290.00,3.00,0.00,30.24,M,5.59,M,OVC,M,M,M,800.00,M,M,M,M,M,M,M,M,M,M,53.60,FAGG 242200Z AUTO 29003KT 9000 OVC008/// 12/11 Q1024,M
FAGG,2026-08-24 22:52,53.60,51.80,93.60,350.00,3.00,0.00,30.21,M,3.73,M,SCT,BKN,OVC,M,500.00,700.00,900.00,M,M,M,M,M,M,M,M,53.60,FAGG 242252Z AUTO 35003KT 6000 SCT005/// BKN007/// OVC009/// 12/11 Q1023,M
FAGG,2026-08-24 23:00,53.60,51.80,93.60,350.00,3.00,0.00,30.21,M,3.73,M,SCT,OVC,M,M,500.00,700.00,M,M,M,M,M,M,M,M,M,53.60,FAGG 242300Z AUTO 35003KT 6000 SCT005/// OVC007/// 12/11 Q1023,M
FAGG,2026-08-24 23:02,53.60,51.80,93.60,10.00,3.00,0.00,30.21,M,3.73,M,FEW,BKN,OVC,M,400.00,700.00,900.00,M,M,M,M,M,M,M,M,53.60,FAGG 242302Z AUTO 01003KT 330V030 6000 FEW004/// BKN007/// OVC009/// 12/11 Q1023,M
FAGG,2026-08-24 23:15,53.60,51.80,93.60,350.00,3.00,0.00,30.21,M,3.04,M,BKN,OVC,M,M,400.00,800.00,M,M,BR,M,M,M,M,M,M,53.60,FAGG 242315Z AUTO 35003KT 4900 BR BKN004/// OVC008/// 12/11 Q1023,M
FAGG,2026-08-24 23:26,53.60,51.80,93.60,340.00,3.00,0.00,30.21,M,2.92,M,SCT,OVC,M,M,200.00,800.00,M,M,-RA BR,M,M,M,M,M,M,53.60,FAGG 242326Z AUTO 34003KT 4700 -RA BR SCT002/// OVC008/// 12/11 Q1023,M
FAGG,2026-08-24 23:27,53.60,51.80,93.60,340.00,3.00,0.00,30.21,M,2.98,M,SCT,BKN,OVC,M,200.00,500.00,800.00,M,-DZ BR,M,M,M,M,M,M,53.60,FAGG 242327Z AUTO 34003KT 4800 -DZ BR SCT002/// BKN005/// OVC008/// 12/11 Q1023,M
FAGG,2026-08-24 23:28,53.60,51.80,93.60,340.00,3.00,0.00,30.21,M,2.98,M,BKN,OVC,M,M,300.00,800.00,M,M,-DZ BR,M,M,M,M,M,M,53.60,FAGG 242328Z AUTO 34003KT 4800 -DZ BR BKN003/// OVC008/// 12/11 Q1023,M
FAGG,2026-08-24 23:38,53.60,51.80,93.60,340.00,3.00,0.00,30.21,M,2.86,M,BKN,BKN,OVC,M,300.00,800.00,1000.00,M,-DZ BR,M,M,M,M,M,M,53.60,FAGG 242338Z AUTO 34003KT 4600 -DZ BR BKN003/// BKN008/// OVC010/// 12/11 Q1023,M
FAGG,2026-08-24 23:49,53.60,51.80,93.60,330.00,3.00,0.00,30.21,M,2.92,M,SCT,OVC,M,M,300.00,700.00,M,M,-RA BR,M,M,M,M,M,M,53.60,FAGG 242349Z AUTO 33003KT 4700 -RA BR SCT003/// OVC007/// 12/11 Q1023,M
FAGG,2026-08-24 23:51,53.60,51.80,93.60,330.00,3.00,0.00,30.21,M,2.92,M,BKN,OVC,M,M,300.00,700.00,M,M,-RA BR,M,M,M,M,M,M,53.60,FAGG 242351Z AUTO 33003KT 4700 -RA BR BKN003/// OVC007/// 12/11 Q1023,M
FAGG,2026-08-25 00:00,53.60,51.80,93.60,320.00,3.00,0.00,30.21,M,2.92,M,BKN,OVC,M,M,300.00,800.00,M,M,-RA BR,M,M,M,M,M,M,53.60,FAGG 250000Z AUTO 32003KT 4700 -RA BR BKN003/// OVC008/// 12/11 Q1023,M
FAGG,2026-08-25 00:10,51.80,51.80,100.00,310.00,3.00,0.00,30.21,M,3.11,M,BKN,BKN,OVC,M,300.00,800.00,1400.00,M,-RA BR,M,M,M,M,M,M,51.80,FAGG 250010Z AUTO 31003KT 5000 -RA BR BKN003/// BKN008/// OVC014/// 11/11 Q1023,M
FAGG,2026-08-25 00:29,51.80,51.80,100.00,310.00,4.00,0.00,30.21,M,3.73,M,SCT,SCT,OVC,M,200.00,800.00,1300.00,M,-RA,M,M,M,M,M,M,51.80,FAGG 250029Z AUTO 31004KT 6000 -RA SCT002/// SCT008/// OVC013/// 11/11 Q1023,M
FAGG,2026-08-25 00:37,51.80,51.80,100.00,310.00,3.00,0.00,30.21,M,4.97,M,FEW,BKN,OVC,M,300.00,1200.00,1400.00,M,M,M,M,M,M,M,M,51.80,FAGG 250037Z AUTO 31003KT 8000 FEW003/// BKN012/// OVC014/// 11/11 Q1023,M
FAGG,2026-08-25 00:48,51.80,51.80,100.00,310.00,3.00,0.00,30.21,M,4.97,M,FEW,SCT,OVC,M,400.00,1200.00,1400.00,M,M,M,M,M,M,M,M,51.80,FAGG 250048Z AUTO 31003KT 8000 FEW004/// SCT012/// OVC014/// 11/11 Q1023,M
FAGG,2026-08-25 01:00,51.80,51.80,100.00,300.00,3.00,0.00,30.21,M,4.97,M,FEW,SCT,OVC,M,400.00,1200.00,1400.00,M,M,M,M,M,M,M,M,51.80,FAGG 250100Z AUTO 30003KT 8000 FEW004/// SCT012/// OVC014/// 11/11 Q1023,M
FAGG,2026-08-25 01:34,51.80,51.80,100.00,280.00,2.00,0.00,30.21,M,5.59,M,OVC,M,M,M,1500.00,M,M,M,M,M,M,M,M,M,M,51.80,FAGG 250134Z AUTO 28002KT 9000 OVC015/// 11/11 Q1023,M
FAGG,2026-08-25 02:00,51.80,51.80,100.00,290.00,2.00,0.00,30.21,M,6.21,M,OVC,M,M,M,1500.00,M,M,M,M,M,M,M,M,M,M,51.80,FAGG 250200Z AUTO 29002KT 9999 OVC015/// 11/11 Q1023,M
FAGG,2026-08-25 03:00,51.80,51.80,100.00,M,1.00,0.00,30.21,M,6.21,M,FEW,BKN,M,M,1100.00,1700.00,M,M,M,M,M,M,M,M,M,51.80,FAGG 250300Z VRB01KT 9999 FEW011 BKN017 11/11 Q1023,M
FAGG,2026-08-25 04:00,53.60,50.00,87.56,350.00,4.00,0.00,30.21,M,6.21,M,BKN,M,M,M,1900.00,M,M,M,M,M,M,M,M,M,M,53.60,FAGG 250400Z 35004KT 9999 BKN019 12/10 Q1023,M
FAGG,2026-08-25 05:00,53.60,50.00,87.56,10.00,3.00,0.00,30.21,M,6.21,M,OVC,M,M,M,1900.00,M,M,M,M,M,M,M,M,M,M,53.60,FAGG 250500Z 01003KT 9999 OVC019 12/10 Q1023,M
FAGG,2026-08-25 06:00,53.60,50.00,87.56,M,2.00,0.00,30.24,M,6.21,M,BKN,M,M,M,2000.00,M,M,M,M,M,M,M,M,M,M,53.60,FAGG 250600Z VRB02KT 9999 BKN020 12/10 Q1024,M
FAGG,2026-08-25 07:00,55.40,50.00,82.00,320.00,4.00,0.00,30.27,M,6.21,M,OVC,M,M,M,2000.00,M,M,M,M,M,M,M,M,M,M,55.40,FAGG 250700Z 32004KT 9999 OVC020 13/10 Q1025,M
FAGG,2026-08-25 08:00,57.20,50.00,76.83,360.00,4.00,0.00,30.27,M,6.21,M,BKN,M,M,M,2000.00,M,M,M,M,M,M,M,M,M,M,57.20,FAGG 250800Z 36004KT 330V030 9999 BKN020 14/10 Q1025,M
FAGG,2026-08-25 09:00,57.20,48.20,71.84,70.00,5.00,0.00,30.27,M,6.21,M,BKN,M,M,M,2000.00,M,M,M,M,M,M,M,M,M,M,57.20,FAGG 250900Z 07005KT 040V130 9999 BKN020 14/09 Q1025,M
FAGG,2026-08-25 10:00,59.00,48.20,67.34,150.00,5.00,0.00,30.27,M,6.21,M,BKN,M,M,M,2300.00,M,M,M,M,M,M,M,M,M,M,59.00,FAGG 251000Z 15005KT 080V190 9999 BKN023 15/09 Q1025,M
FAGG,2026-08-25 11:00,60.80,50.00,67.55,130.00,5.00,0.00,30.24,M,6.21,M,SCT,M,M,M,2400.00,M,M,M,M,M,M,M,M,M,M,60.80,FAGG 251100Z 13005KT 070V210 9999 SCT024 16/10 Q1024,M
FAGG,2026-08-25 12:00,62.60,50.00,63.39,90.00,7.00,0.00,30.21,M,6.21,M,FEW,M,M,M,2600.00,M,M,M,M,M,M,M,M,M,M,62.60,FAGG 251200Z 09007KT 060V130 9999 FEW026 17/10 Q1023,M
FAGG,2026-08-25 13:00,62.60,50.00,63.39,140.00,9.00,0.00,30.21,M,6.21,M,FEW,M,M,M,3500.00,M,M,M,M,M,M,M,M,M,M,62.60,FAGG 251300Z 14009KT 100V170 9999 FEW035 17/10 Q1023,M
FAGG,2026-08-25 14:00,60.80,50.00,67.55,170.00,9.00,0.00,30.21,M,6.21,M,FEW,M,M,M,3500.00,M,M,M,M,M,M,M,M,M,M,60.80,FAGG 251400Z 17009KT 9999 FEW035 16/10 Q1023,M
FAGG,2026-08-25 15:00,57.20,50.00,76.83,140.00,8.00,0.00,30.24,M,6.21,M,FEW,M,M,M,2500.00,M,M,M,M,M,M,M,M,M,M,57.20,FAGG 251500Z 14008KT 9999 FEW025 14/10 Q1024,M
FAGG,2026-08-25 16:00,55.40,50.00,82.00,130.00,5.00,0.00,30.24,M,6.21,M,FEW,M,M,M,1500.00,M,M,M,M,M,M,M,M,M,M,55.40,FAGG 251600Z 13005KT 9999 FEW015 13/10 Q1024,M
FAGG,2026-08-25 17:00,53.60,50.00,87.56,140.00,5.00,0.00,30.27,M,6.21,M,FEW,M,M,M,1500.00,M,M,M,M,M,M,M,M,M,M,53.60,FAGG 251700Z 14005KT 9999 FEW015 12/10 Q1025,M
FAGG,2026-08-25 18:00,51.80,50.00,93.55,70.00,4.00,0.00,30.30,M,6.21,M,BKN,M,M,M,3200.00,M,M,M,M,M,M,M,M,M,M,51.80,FAGG 251800Z 07004KT 9999 BKN032 11/10 Q1026,M
FAGG,2026-08-25 19:00,51.80,48.20,87.47,80.00,5.00,0.00,30.30,M,6.21,M,M,M,M,M,M,M,M,M,M,M,M,M,M,M,M,51.80,FAGG 251900Z AUTO 08005KT CAVOK 11/09 Q1026,M
FAGG,2026-08-25 20:00,51.80,50.00,93.55,30.00,2.00,0.00,30.30,M,6.21,M,BKN,M,M,M,2900.00,M,M,M,M,M,M,M,M,M,M,51.80,FAGG 252000Z AUTO 03002KT 9999 BKN029/// 11/10 Q1026,M
FAGG,2026-08-25 21:00,53.60,51.80,93.60,110.00,6.00,0.00,30.30,M,6.21,M,OVC,M,M,M,2700.00,M,M,M,M,M,M,M,M,M,M,53.60,FAGG 252100Z AUTO 11006KT 080V150 9999 OVC027/// 12/11 Q1026,M
FAGG,2026-08-25 22:00,55.40,50.00,82.00,110.00,6.00,0.00,30.30,M,6.21,M,FEW,OVC,M,M,1300.00,2900.00,M,M,M,M,M,M,M,M,M,55.40,FAGG 252200Z AUTO 11006KT 9999 FEW013/// OVC029/// 13/10 Q1026,M
FAGG,2026-08-25 22:59,55.40,50.00,82.00,100.00,5.00,0.00,30.30,M,6.21,M,FEW,BKN,OVC,M,1100.00,1300.00,2900.00,M,M,M,M,M,M,M,M,55.40,FAGG 252259Z AUTO 10005KT 9999 FEW011/// BKN013/// OVC029/// 13/10 Q1026,M
FAGG,2026-08-25 23:00,55.40,50.00,82.00,100.00,5.00,0.00,30.30,M,6.21,M,FEW,BKN,OVC,M,1100.00,1300.00,2900.00,M,M,M,M,M,M,M,M,55.40,FAGG 252300Z AUTO 10005KT 9999 FEW011/// BKN013/// OVC029/// 13/10 Q1026,M
FAGG,2026-08-25 23:09,55.40,50.00,82.00,100.00,6.00,0.00,30.30,M,6.21,M,BKN,BKN,OVC,M,1100.00,1300.00,3100.00,M,M,M,M,M,M,M,M,55.40,FAGG 252309Z AUTO 10006KT 9999 BKN011/// BKN013/// OVC031/// 13/10 Q1026,M
FAGG,2026-08-25 23:21,55.40,50.00,82.00,100.00,6.00,0.00,30.30,M,6.21,M,BKN,OVC,M,M,1100.00,3000.00,M,M,M,M,M,M,M,M,M,55.40,FAGG 252321Z AUTO 10006KT 9999 BKN011/// OVC030/// 13/10 Q1026,M
FAGG,2026-08-26 00:00,55.40,51.80,87.65,100.00,7.00,0.00,30.30,M,6.21,M,SCT,BKN,M,M,1000.00,3100.00,M,M,M,M,M,M,M,M,M,55.40,FAGG 260000Z AUTO 10007KT 9999 SCT010/// BKN031/// 13/11 Q1026,M
FAGG,2026-08-26 01:00,55.40,51.80,87.65,90.00,8.00,0.00,30.27,M,6.21,M,FEW,SCT,BKN,M,1600.00,2400.00,3000.00,M,M,M,M,M,M,M,M,55.40,FAGG 260100Z AUTO 09008KT 9999 FEW016/// SCT024/// BKN030/// 13/11 Q1025,M
FAGG,2026-08-26 02:00,55.40,51.80,87.65,100.00,7.00,0.00,30.27,M,6.21,M,FEW,BKN,BKN,M,2200.00,3100.00,3500.00,M,M,M,M,M,M,M,M,55.40,FAGG 260200Z AUTO 10007KT 9999 FEW022/// BKN031/// BKN035/// 13/11 Q1025,M
FAGG,2026-08-26 03:00,55.40,51.80,87.65,110.00,8.00,0.00,30.27,M,6.21,M,FEW,BKN,M,M,2000.00,3500.00,M,M,M,M,M,M,M,M,M,55.40,FAGG 260300Z 11008KT 9999 FEW020 BKN035 13/11 Q1025,M
FAGG,2026-08-26 04:00,53.60,51.80,93.60,110.00,6.00,0.00,30.27,M,6.21,M,FEW,BKN,M,M,2000.00,3500.00,M,M,M,M,M,M,M,M,M,53.60,FAGG 260400Z 11006KT 9999 FEW020 BKN035 12/11 Q1025,M
FAGG,2026-08-26 05:00,53.60,51.80,93.60,110.00,8.00,0.00,30.27,M,6.21,M,SCT,M,M,M,1900.00,M,M,M,M,M,M,M,M,M,M,53.60,FAGG 260500Z 11008KT 9999 SCT019 12/11 Q1025,M
FAGG,2026-08-26 06:00,55.40,51.80,87.65,100.00,8.00,0.00,30.27,M,6.21,M,FEW,M,M,M,1800.00,M,M,M,M,M,M,M,M,M,M,55.40,FAGG 260600Z 10008KT 9999 FEW018 13/11 Q1025,M
FAGG,2026-08-26 07:00,59.00,53.60,82.26,90.00,12.00,0.00,30.27,M,6.21,M,FEW,M,M,M,1400.00,M,M,M,M,M,M,M,M,M,M,59.00,FAGG 260700Z 09012KT 9999 FEW014 15/12 Q1025,M
FAGG,2026-08-26 08:00,62.60,53.60,72.40,100.00,14.00,0.00,30.27,M,6.21,M,FEW,M,M,M,2000.00,M,M,M,M,M,M,M,M,M,M,62.60,FAGG 260800Z 10014KT 9999 FEW020 17/12 Q1025,M
FAGG,2026-08-26 09:00,62.60,55.40,77.31,120.00,10.00,0.00,30.27,M,6.21,M,FEW,M,M,M,1500.00,M,M,M,M,M,M,M,M,M,M,62.60,FAGG 260900Z 12010KT 9999 FEW015 17/13 Q1025,M
FAGG,2026-08-26 10:00,64.40,55.40,72.58,120.00,15.00,0.00,30.24,M,6.21,M,FEW,M,M,M,1500.00,M,M,M,M,M,M,M,M,M,M,64.40,FAGG 261000Z 12015KT 9999 FEW015 18/13 Q1024,M
FAGG,2026-08-26 11:00,62.60,55.40,77.31,110.00,16.00,0.00,30.24,M,6.21,M,FEW,M,M,M,1500.00,M,M,M,M,M,M,M,M,M,M,62.60,FAGG 261100Z 11016KT 9999 FEW015 17/13 Q1024,M
FAGG,2026-08-26 12:00,64.40,55.40,72.58,110.00,16.00,0.00,30.18,M,6.21,M,FEW,M,M,M,1500.00,M,M,M,M,M,M,M,M,M,M,64.40,FAGG 261200Z 11016KT 9999 FEW015 18/13 Q1022,M
FAGG,2026-08-26 13:00,62.60,53.60,72.40,110.00,17.00,0.00,30.18,M,6.21,M,FEW,M,M,M,2000.00,M,M,M,M,M,M,M,M,M,M,62.60,FAGG 261300Z 11017KT 9999 FEW020 17/12 Q1022,M
FAGG,2026-08-26 14:00,62.60,55.40,77.31,110.00,15.00,0.00,30.15,M,6.21,M,FEW,M,M,M,2000.00,M,M,M,M,M,M,M,M,M,M,62.60,FAGG 261400Z 11015KT 9999 FEW020 17/13 Q1021,M
FAGG,2026-08-26 15:00,60.80,53.60,77.15,110.00,14.00,0.00,30.15,M,6.21,M,FEW,M,M,M,2500.00,M,M,M,M,M,M,M,M,M,M,60.80,FAGG 261500Z 11014KT 9999 FEW025 16/12 Q1021,M
FAGG,2026-08-26 16:00,59.00,53.60,82.26,110.00,12.00,0.00,30.15,M,6.21,M,M,M,M,M,M,M,M,M,M,M,M,M,M,M,M,59.00,FAGG 261600Z 11012KT CAVOK 15/12 Q1021,M
FAGG,2026-08-26 17:00,59.00,53.60,82.26,110.00,8.00,0.00,30.15,M,6.21,M,M,M,M,M,M,M,M,M,M,M,M,M,M,M,M,59.00,FAGG 261700Z 11008KT CAVOK 15/12 Q1021,M
FAGG,2026-08-26 18:00,55.40,51.80,87.65,50.00,3.00,0.00,30.15,M,6.21,M,M,M,M,M,M,M,M,M,M,M,M,M,M,M,M,55.40,FAGG 261800Z 05003KT CAVOK 13/11 Q1021,M
FAGG,2026-08-26 19:00,55.40,51.80,87.65,40.00,3.00,0.00,30.12,M,6.21,M,M,M,M,M,M,M,M,M,M,M,M,M,M,M,M,55.40,FAGG 261900Z AUTO 04003KT 340V080 CAVOK 13/11 Q1020,M
FAGG,2026-08-26 20:00,53.60,50.00,87.56,M,2.00,0.00,30.09,M,6.21,M,M,M,M,M,M,M,M,M,M,M,M,M,M,M,M,53.60,FAGG 262000Z AUTO VRB02KT CAVOK 12/10 Q1019,M
FAGG,2026-08-26 21:00,51.80,50.00,93.55,330.00,3.00,0.00,30.09,M,6.21,M,M,M,M,M,M,M,M,M,M,M,M,M,M,M,M,51.80,FAGG 262100Z AUTO 33003KT CAVOK 11/10 Q1019,M
FAGG,2026-08-26 22:00,50.00,48.20,93.50,350.00,3.00,0.00,30.06,M,6.21,M,M,M,M,M,M,M,M,M,M,M,M,M,M,M,M,50.00,FAGG 262200Z AUTO 35003KT CAVOK 10/09 Q1018,M
FAGG,2026-08-26 23:00,51.80,50.00,93.55,M,2.00,0.00,30.06,M,6.21,M,M,M,M,M,M,M,M,M,M,M,M,M,M,M,M,51.80,FAGG 262300Z AUTO VRB02KT CAVOK 11/10 Q1018,M
FAGG,2026-08-27 00:00,50.00,48.20,93.50,320.00,6.00,0.00,30.09,M,6.21,M,M,M,M,M,M,M,M,M,M,M,M,M,M,M,M,50.00,FAGG 270000Z AUTO 32006KT CAVOK 10/09 Q1019,M
FAGG,2026-08-27 01:00,51.80,50.00,93.55,310.00,5.00,0.00,30.09,M,6.21,M,M,M,M,M,M,M,M,M,M,M,M,M,M,M,M,51.80,FAGG 270100Z AUTO 31005KT CAVOK 11/10 Q1019,M
FAGG,2026-08-27 02:00,51.80,50.00,93.55,40.00,4.00,0.00,30.06,M,6.21,M,M,M,M,M,M,M,M,M,M,M,M,M,M,M,M,51.80,FAGG 270200Z AUTO 04004KT CAVOK 11/10 Q1018,M
FAGG,2026-08-27 03:00,51.80,48.20,87.47,M,2.00,0.00,30.06,M,6.21,M,M,M,M,M,M,M,M,M,M,M,M,M,M,M,M,51.80,FAGG 270300Z VRB02KT CAVOK 11/09 Q1018,M
FAGG,2026-08-27 03:33,53.60,48.20,81.87,40.00,3.00,0.00,30.06,M,6.21,M,M,M,M,M,M,M,M,M,M,M,M,M,M,M,M,53.60,FAGG 270333Z 04003KT CAVOK 12/09 Q1018,M
FAGG,2026-08-27 04:00,53.60,48.20,81.87,50.00,3.00,0.00,30.06,M,6.21,M,M,M,M,M,M,M,M,M,M,M,M,M,M,M,M,53.60,FAGG 270400Z 05003KT CAVOK 12/09 Q1018,M
FAGG,2026-08-27 05:00,51.80,46.40,81.74,50.00,3.00,0.00,30.06,M,6.21,M,M,M,M,M,M,M,M,M,M,M,M,M,M,M,M,51.80,FAGG 270500Z 05003KT 020V080 CAVOK 11/08 Q1018,M
FAGG,2026-08-27 05:23,55.40,48.20,76.67,360.00,3.00,0.00,30.06,M,6.21,M,M,M,M,M,M,M,M,M,M,M,M,M,M,M,M,55.40,FAGG 270523Z 36003KT CAVOK 13/09 Q1018,M
FAGG,2026-08-27 05:31,57.20,48.20,71.84,360.00,3.00,0.00,30.06,M,6.21,M,M,M,M,M,M,M,M,M,M,M,M,M,M,M,M,57.20,FAGG 270531Z 36003KT CAVOK 14/09 Q1018,M
FAGG,2026-08-27 06:00,55.40,50.00,82.00,30.00,4.00,0.00,30.06,M,6.21,M,M,M,M,M,M,M,M,M,M,M,M,M,M,M,M,55.40,FAGG 270600Z 03004KT CAVOK 13/10 Q1018,M
FAGG,2026-08-27 06:07,59.00,50.00,72.02,30.00,4.00,0.00,30.06,M,6.21,M,M,M,M,M,M,M,M,M,M,M,M,M,M,M,M,59.00,FAGG 270607Z 03004KT CAVOK 15/10 Q1018,M
FAGG,2026-08-27 06:21,62.60,53.60,72.40,50.00,3.00,0.00,30.06,M,6.21,M,M,M,M,M,M,M,M,M,M,M,M,M,M,M,M,62.60,FAGG 270621Z 05003KT CAVOK 17/12 Q1018,M
FAGG,2026-08-27 06:42,66.20,55.40,68.18,M,2.00,0.00,30.06,M,6.21,M,M,M,M,M,M,M,M,M,M,M,M,M,M,M,M,66.20,FAGG 270642Z VRB02KT CAVOK 19/13 Q1018,M
FAGG,2026-08-27 07:00,66.20,57.20,72.76,0.00,0.00,0.00,30.06,M,6.21,M,M,M,M,M,M,M,M,M,M,M,M,M,M,M,M,66.20,FAGG 270700Z 00000KT CAVOK 19/14 Q1018,M
FAGG,2026-08-27 07:27,69.80,59.00,68.59,M,2.00,0.00,30.06,M,6.21,M,M,M,M,M,M,M,M,M,M,M,M,M,M,M,M,69.80,FAGG 270727Z VRB02KT CAVOK 21/15 Q1018,M
FAGG,2026-08-27 08:00,71.60,53.60,53.07,M,2.00,0.00,30.06,M,6.21,M,M,M,M,M,M,M,M,M,M,M,M,M,M,M,M,71.60,FAGG 270800Z VRB02KT CAVOK 22/12 Q1018,M
FAGG,2026-08-27 08:17,75.20,55.40,50.22,M,2.00,0.00,30.03,M,6.21,M,M,M,M,M,M,M,M,M,M,M,M,M,M,M,M,75.20,FAGG 270817Z VRB02KT CAVOK 24/13 Q1017,M
FAGG,2026-08-27 08:54,78.80,51.80,39.08,M,2.00,0.00,30.03,M,6.21,M,M,M,M,M,M,M,M,M,M,M,M,M,M,M,M,78.80,FAGG 270854Z VRB02KT CAVOK 26/11 Q1017,M
FAGG,2026-08-27 09:00,78.80,51.80,39.08,M,2.00,0.00,30.03,M,6.21,M,M,M,M,M,M,M,M,M,M,M,M,M,M,M,M,78.80,FAGG 270900Z VRB02KT CAVOK 26/11 Q1017,M
FAGG,2026-08-27 10:00,80.60,55.40,42.03,130.00,3.00,0.00,30.03,M,6.21,M,M,M,M,M,M,M,M,M,M,M,M,M,M,M,M,80.54,FAGG 271000Z 13003KT 090V180 CAVOK 27/13 Q1017,M
FAGG,2026-08-27 11:00,75.20,53.60,47.03,200.00,7.00,0.00,30.03,M,6.21,M,M,M,M,M,M,M,M,M,M,M,M,M,M,M,M,75.20,FAGG 271100Z 20007KT CAVOK 24/12 Q1017,M
FAGG,2026-08-27 12:00,73.40,53.60,49.95,120.00,4.00,0.00,30.00,M,6.21,M,M,M,M,M,M,M,M,M,M,M,M,M,M,M,M,73.40,FAGG 271200Z 12004KT 100V160 CAVOK 23/12 Q1016,M
FAGG,2026-08-27 13:00,75.20,55.40,50.22,110.00,4.00,0.00,30.00,M,6.21,M,M,M,M,M,M,M,M,M,M,M,M,M,M,M,M,75.20,FAGG 271300Z 11004KT CAVOK 24/13 Q1016,M
FAGG,2026-08-27 14:00,75.20,55.40,50.22,70.00,6.00,0.00,29.97,M,6.21,M,M,M,M,M,M,M,M,M,M,M,M,M,M,M,M,75.20,FAGG 271400Z 07006KT CAVOK 24/13 Q1015,M
FAGG,2026-08-27 15:00,73.40,55.40,53.33,120.00,4.00,0.00,29.97,M,6.21,M,M,M,M,M,M,M,M,M,M,M,M,M,M,M,M,73.40,FAGG 271500Z 12004KT 090V150 CAVOK 23/13 Q1015,M
FAGG,2026-08-27 16:00,69.80,55.40,60.24,90.00,6.00,0.00,29.97,M,6.21,M,M,M,M,M,M,M,M,M,M,M,M,M,M,M,M,69.80,FAGG 271600Z 09006KT CAVOK 21/13 Q1015,M
FAGG,2026-08-27 17:00,66.20,57.20,72.76,M,2.00,0.00,29.97,M,6.21,M,M,M,M,M,M,M,M,M,M,M,M,M,M,M,M,66.20,FAGG 271700Z VRB02KT CAVOK 19/14 Q1015,M
FAGG,2026-08-27 18:00,62.60,57.20,82.51,280.00,5.00,0.00,30.00,M,6.21,M,M,M,M,M,M,M,M,M,M,M,M,M,M,M,M,62.60,FAGG 271800Z 28005KT CAVOK 17/14 Q1016,M
FAGG,2026-08-27 19:00,62.60,55.40,77.31,310.00,5.00,0.00,30.00,M,6.21,M,BKN,M,M,M,16000.00,M,M,M,M,M,M,M,M,M,M,62.60,FAGG 271900Z AUTO 31005KT 9999 BKN160/// 17/13 Q1016,M
FAGG,2026-08-27 20:00,62.60,53.60,72.40,290.00,5.00,0.00,30.00,M,6.21,M,SCT,M,M,M,16000.00,M,M,M,M,M,M,M,M,M,M,62.60,FAGG 272000Z AUTO 29005KT 9999 SCT160/// 17/12 Q1016,M
FAGG,2026-08-27 21:00,64.40,51.80,63.62,300.00,5.00,0.00,30.00,M,6.21,M,BKN,M,M,M,15000.00,M,M,M,M,M,M,M,M,M,M,64.40,FAGG 272100Z AUTO 30005KT 9999 BKN150/// 18/11 Q1016,M
FAGG,2026-08-27 22:00,62.60,51.80,67.76,300.00,6.00,0.00,30.00,M,6.21,M,FEW,M,M,M,16000.00,M,M,M,M,M,M,M,M,M,M,62.60,FAGG 272200Z AUTO 30006KT 9999 FEW160/// 17/11 Q1016,M
FAGG,2026-08-27 23:00,60.80,51.80,72.21,300.00,5.00,0.00,29.97,M,6.21,M,FEW,SCT,M,M,9800.00,18000.00,M,M,M,M,M,M,M,M,M,60.80,FAGG 272300Z AUTO 30005KT 230V350 9999 FEW098/// SCT180/// 16/11 Q1015,M
FAGG,2026-08-28 00:00,59.00,51.80,76.99,290.00,5.00,0.00,29.97,M,6.21,M,SCT,M,M,M,15000.00,M,M,M,M,M,M,M,M,M,M,59.00,FAGG 280000Z AUTO 29005KT 270V330 9999 SCT150/// 15/11 Q1015,M
FAGG,2026-08-28 01:00,59.00,51.80,76.99,280.00,3.00,0.00,29.97,M,6.21,M,FEW,BKN,M,M,15000.00,17000.00,M,M,M,M,M,M,M,M,M,59.00,FAGG 280100Z AUTO 28003KT 240V300 9999 FEW150/// BKN170/// 15/11 Q1015,M
FAGG,2026-08-28 02:00,60.80,51.80,72.21,330.00,4.00,0.00,29.97,M,6.21,M,BKN,M,M,M,18000.00,M,M,M,M,M,M,M,M,M,M,60.80,FAGG 280200Z AUTO 33004KT 9999 BKN180/// 16/11 Q1015,M
FAGG,2026-08-28 03:00,60.80,51.80,72.21,M,1.00,0.00,29.97,M,6.21,M,M,M,M,M,M,M,M,M,M,M,M,M,M,M,M,60.80,FAGG 280300Z VRB01KT CAVOK 16/11 Q1015,M
FAGG,2026-08-28 04:00,59.00,53.60,82.26,190.00,5.00,0.00,30.00,M,6.21,M,M,M,M,M,M,M,M,M,M,M,M,M,M,M,M,59.00,FAGG 280400Z 19005KT CAVOK 15/12 Q1016,M
FAGG,2026-08-28 05:00,57.20,51.80,82.13,50.00,7.00,0.00,30.00,M,6.21,M,M,M,M,M,M,M,M,M,M,M,M,M,M,M,M,57.20,FAGG 280500Z 05007KT CAVOK 14/11 Q1016,M
FAGG,2026-08-28 05:36,57.20,51.80,82.13,200.00,10.00,0.00,30.03,M,6.21,M,FEW,M,M,M,2000.00,M,M,M,M,M,M,M,M,M,M,57.20,FAGG 280536Z 20010KT 150V220 9999 FEW020 14/11 Q1017,M
FAGG,2026-08-28 06:00,57.20,53.60,87.75,140.00,4.00,0.00,30.06,M,6.21,M,M,M,M,M,M,M,M,M,M,M,M,M,M,M,M,57.20,FAGG 280600Z 14004KT 110V190 CAVOK 14/12 Q1018,M
FAGG,2026-08-28 07:00,59.00,53.60,82.26,150.00,3.00,0.00,30.06,M,6.21,M,M,M,M,M,M,M,M,M,M,M,M,M,M,M,M,59.00,FAGG 280700Z 15003KT 100V200 CAVOK 15/12 Q1018,M
FAGG,2026-08-28 08:00,59.00,53.60,82.26,200.00,5.00,0.00,30.06,M,6.21,M,FEW,M,M,M,1000.00,M,M,M,M,M,M,M,M,M,M,59.00,FAGG 280800Z 20005KT 160V240 9999 FEW010 15/12 Q1018,M
FAGG,2026-08-28 09:00,60.80,55.40,82.38,M,2.00,0.00,30.06,M,6.21,M,M,M,M,M,M,M,M,M,M,M,M,M,M,M,M,60.80,FAGG 280900Z VRB02KT CAVOK 16/13 Q1018,M
FAGG,2026-08-28 10:00,60.80,57.20,87.93,150.00,4.00,0.00,30.06,M,6.21,M,M,M,M,M,M,M,M,M,M,M,M,M,M,M,M,60.80,FAGG 281000Z 15004KT CAVOK 16/14 Q1018,M
FAGG,2026-08-28 11:00,62.60,57.20,82.51,150.00,6.00,0.00,30.03,M,6.21,M,M,M,M,M,M,M,M,M,M,M,M,M,M,M,M,62.60,FAGG 281100Z 15006KT 100V200 CAVOK 17/14 Q1017,M
FAGG,2026-08-28 12:00,64.40,59.00,82.63,130.00,6.00,0.00,29.97,M,6.21,M,M,M,M,M,M,M,M,M,M,M,M,M,M,M,M,64.40,FAGG 281200Z 13006KT 080V160 CAVOK 18/15 Q1015,M
FAGG,2026-08-28 13:00,62.60,57.20,82.51,150.00,6.00,0.00,29.97,M,6.21,M,M,M,M,M,M,M,M,M,M,M,M,M,M,M,M,62.60,FAGG 281300Z 15006KT CAVOK 17/14 Q1015,M
FAGG,2026-08-28 14:00,59.00,57.20,93.74,150.00,5.00,0.00,29.97,M,4.97,M,NSC,M,M,M,M,M,M,M,M,M,M,M,M,M,M,59.00,FAGG 281400Z 15005KT 8000 NSC 15/14 Q1015,M
FAGG,2026-08-28 14:32,59.00,55.40,87.84,130.00,4.00,0.00,29.97,M,2.98,M,BKN,M,M,M,300.00,M,M,M,BR,M,M,M,M,M,M,59.00,FAGG 281432Z 13004KT 100V170 4800 BR BKN003 15/13 Q1015,M
FAGG,2026-08-28 15:00,57.20,57.20,100.00,110.00,5.00,0.00,29.94,M,2.49,M,BKN,M,M,M,300.00,M,M,M,BR,M,M,M,M,M,M,57.20,FAGG 281500Z 11005KT 4000 BR BKN003 14/14 Q1014,M
FAGG,2026-08-28 15:51,57.20,55.40,93.70,100.00,5.00,0.00,29.94,M,1.55,M,BKN,M,M,M,200.00,M,M,M,BR,M,M,M,M,M,M,57.20,FAGG 281551Z 10005KT 2500 BR BKN002 14/13 Q1014,M
FAGG,2026-08-28 16:00,57.20,55.40,93.70,100.00,5.00,0.00,29.94,M,1.24,M,OVC,M,M,M,200.00,M,M,M,BR,M,M,M,M,M,M,57.20,FAGG 281600Z 10005KT 2000 BR OVC002 14/13 Q1014,M
FAGG,2026-08-28 16:35,57.20,55.40,93.70,140.00,6.00,0.00,29.94,M,0.56,M,SCT,OVC,M,M,100.00,400.00,M,M,FG,M,M,M,M,M,M,57.20,FAGG 281635Z 14006KT 100V180 0900 R29/1000D FG SCT001 OVC004 14/13 Q1014,M
FAGG,2026-08-28 16:44,55.40,55.40,100.00,130.00,6.00,0.00,29.94,M,0.37,M,SCT,OVC,M,M,100.00,400.00,M,M,FG,M,M,M,M,M,M,55.40,FAGG 281644Z 13006KT 100V160 0600 R29/0600D FG SCT001 OVC004 13/13 Q1014,M
FAGG,2026-08-28 16:53,55.40,55.40,100.00,150.00,5.00,0.00,29.94,M,0.37,M,VV ,M,M,M,100.00,M,M,M,FG,M,M,M,M,M,M,55.40,FAGG 281653Z 15005KT 110V210 0600 R29/0600N FG VV001 13/13 Q1014,M
FAGG,2026-08-28 17:00,55.40,55.40,100.00,150.00,4.00,0.00,29.94,M,0.31,M,VV ,M,M,M,100.00,M,M,M,FG,M,M,M,M,M,M,55.40,FAGG 281700Z 15004KT 110V210 0500 R29/0600D FG VV001 13/13 Q1014,M
FAGG,2026-08-28 18:00,55.40,55.40,100.00,80.00,3.00,0.00,29.97,M,0.25,M,VV ,M,M,M,100.00,M,M,M,FG,M,M,M,M,M,M,55.40,FAGG 281800Z 08003KT 0400 R29/0400N FG VV001 13/13 Q1015,M
FAGG,2026-08-28 18:36,55.40,55.40,100.00,100.00,5.00,0.00,29.94,M,0.28,M,VV ,M,M,M,200.00,M,M,M,-RA FG,M,M,M,M,M,M,55.40,FAGG 281836Z AUTO 10005KT 070V130 0450 0350 R29/0400N -RA FG VV002 13/13 Q1014,M
FAGG,2026-08-28 18:39,55.40,55.40,100.00,90.00,4.00,0.00,29.94,M,0.28,M,VV ,M,M,M,100.00,M,M,M,-RA FG,M,M,M,M,M,M,55.40,FAGG 281839Z AUTO 09004KT 0450 0350 R29/0450N -RA FG VV001 13/13 Q1014,M
FAGG,2026-08-28 19:00,55.40,55.40,100.00,80.00,4.00,0.00,29.94,M,0.34,M,VV ,M,M,M,100.00,M,M,M,-RA FG,M,M,M,M,M,M,55.40,FAGG 281900Z AUTO 08004KT 0550 0350 R29/0400N -RA FG VV001 13/13 Q1014,M
FAGG,2026-08-28 19:10,55.40,55.40,100.00,90.00,4.00,0.00,29.94,M,0.31,M,VV ,M,M,M,200.00,M,M,M,-RA FG,M,M,M,M,M,M,55.40,FAGG 281910Z AUTO 09004KT 050V120 0500 0400 R29/0450N -RA FG VV002 13/13 Q1014,M
FAGG,2026-08-28 19:15,55.40,55.40,100.00,90.00,5.00,0.00,29.94,M,0.31,M,VV ,M,M,M,100.00,M,M,M,-RA FG,M,M,M,M,M,M,55.40,FAGG 281915Z AUTO 09005KT 050V120 0500 0350 R29/0400N -RA FG VV001 13/13 Q1014,M
FAGG,2026-08-28 19:28,55.40,55.40,100.00,70.00,4.00,0.00,29.94,M,0.40,M,VV ,M,M,M,200.00,M,M,M,-RA FG,M,M,M,M,M,M,55.40,FAGG 281928Z AUTO 07004KT 040V120 0650 0600 R29/0900U -RA FG VV002 13/13 Q1014,M
FAGG,2026-08-28 19:31,55.40,55.40,100.00,80.00,5.00,0.00,29.91,M,0.43,M,VV ,M,M,M,200.00,M,M,M,-RA FG,M,M,M,M,M,M,55.40,FAGG 281931Z AUTO 08005KT 040V120 0700 0650 R29/0600N -RA FG VV002 13/13 Q1013,M
FAGG,2026-08-28 19:42,55.40,55.40,100.00,90.00,6.00,0.00,29.91,M,0.50,M,VV ,M,M,M,100.00,M,M,M,-RA FG,M,M,M,M,M,M,55.40,FAGG 281942Z AUTO 09006KT 0800 0600 R29/0750U -RA FG VV001 13/13 Q1013,M
FAGG,2026-08-28 19:48,55.40,55.40,100.00,90.00,5.00,0.00,29.91,M,0.43,M,SCT,OVC,M,M,100.00,400.00,M,M,-RA FG,M,M,M,M,M,M,55.40,FAGG 281948Z AUTO 09005KT 020V110 0700 0650 R29/0700D -RA FG SCT001/// OVC004/// 13/13 Q1013,M
FAGG,2026-08-28 19:54,55.40,55.40,100.00,100.00,4.00,0.00,29.91,M,0.40,M,SCT,OVC,M,M,100.00,400.00,M,M,-RA FG,M,M,M,M,M,M,55.40,FAGG 281954Z AUTO 10004KT 020V130 0650 0550 R29/0450D -RA FG SCT001/// OVC004/// 13/13 Q1013,M
FAGG,2026-08-28 19:55,55.40,55.40,100.00,100.00,4.00,0.00,29.91,M,0.40,M,VV ,M,M,M,100.00,M,M,M,-RA FG,M,M,M,M,M,M,55.40,FAGG 281955Z AUTO 10004KT 060V130 0650 0500 R29/0450D -RA FG VV001 13/13 Q1013,M
FAGG,2026-08-28 20:00,55.40,55.40,100.00,100.00,4.00,0.00,29.91,M,0.40,M,VV ,M,M,M,100.00,M,M,M,-RA FG,M,M,M,M,M,M,55.40,FAGG 282000Z AUTO 10004KT 060V130 0650 0500 R29/0450D -RA FG VV001 13/13 Q1013,M
FAGG,2026-08-28 20:10,55.40,55.40,100.00,70.00,5.00,0.00,29.91,M,0.40,M,SCT,OVC,M,M,100.00,400.00,M,M,-RA FG,M,M,M,M,M,M,55.40,FAGG 282010Z AUTO 07005KT 040V100 0650 0450 R29/0550N -RA FG SCT001/// OVC004/// 13/13 Q1013,M
FAGG,2026-08-28 20:29,55.40,55.40,100.00,M,3.00,0.00,29.91,M,0.75,M,SCT,OVC,M,M,100.00,400.00,M,M,-RA BR,M,M,M,M,M,M,55.40,FAGG 282029Z AUTO VRB03KT 1200 0600 R29/0800U -RA BR SCT001/// OVC004/// 13/13 Q1013,M
FAGG,2026-08-28 20:51,55.40,55.40,100.00,M,2.00,0.00,29.88,M,0.43,M,VV ,M,M,M,200.00,M,M,M,,M,M,M,M,M,M,55.40,FAGG 282051Z AUTO VRB02KT 0700 R29///// // VV002 13/13 Q1012,M
FAGG,2026-08-28 21:00,55.40,55.40,100.00,M,2.00,0.00,29.88,M,0.50,M,SCT,OVC,M,M,100.00,400.00,M,M,,M,M,M,M,M,M,55.40,FAGG 282100Z AUTO VRB02KT 0800 R29///// // SCT001/// OVC004/// 13/13 Q1012,M
FAGG,2026-08-28 21:11,55.40,55.40,100.00,M,2.00,0.00,29.88,M,0.47,M,VV ,M,M,M,200.00,M,M,M,,M,M,M,M,M,M,55.40,FAGG 282111Z AUTO VRB02KT 0750 R29///// // VV002 13/13 Q1012,M
FAGG,2026-08-28 21:39,55.40,53.60,93.65,210.00,4.00,0.00,29.88,M,0.31,M,VV ,M,M,M,100.00,M,M,M,,M,M,M,M,M,M,55.40,FAGG 282139Z AUTO 21004KT 140V250 0500 R29///// // VV001 13/12 Q1012,M
FAGG,2026-08-28 22:00,53.60,53.60,100.00,M,1.00,0.00,29.85,M,0.22,M,VV ,M,M,M,100.00,M,M,M,,M,M,M,M,M,M,53.60,FAGG 282200Z AUTO VRB01KT 0350 R29///// // VV001 12/12 Q1011,M
FAGG,2026-08-28 23:00,53.60,53.60,100.00,250.00,4.00,0.00,29.85,M,0.25,M,VV ,M,M,M,100.00,M,M,M,,M,M,M,M,M,M,53.60,FAGG 282300Z AUTO 25004KT 140V310 0400 R29///// // VV001 12/12 Q1011,M
FAGG,2026-08-29 00:00,55.40,53.60,93.65,220.00,6.00,0.00,29.83,M,0.34,M,VV ,M,M,M,100.00,M,M,M,,M,M,M,M,M,M,55.40,FAGG 290000Z AUTO 22006KT 0550 R29///// // VV001 13/12 Q1010,M
FAGG,2026-08-29 01:00,55.40,55.40,100.00,250.00,14.00,0.00,29.88,M,0.28,M,VV ,M,M,M,100.00,M,M,M,,M,M,M,M,M,M,55.40,FAGG 290100Z AUTO 25014KT 0450 R29///// // VV001 13/13 Q1012,M
FAGG,2026-08-29 01:18,55.40,55.40,100.00,290.00,6.00,0.00,29.88,M,0.56,M,VV ,M,M,M,200.00,M,M,M,,M,M,M,M,M,M,55.40,FAGG 290118Z AUTO 29006KT 260V330 0900 R29///// // VV002 13/13 Q1012,M
FAGG,2026-08-29 01:22,55.40,55.40,100.00,300.00,5.00,0.00,29.88,M,0.43,M,VV ,M,M,M,200.00,M,M,M,,M,M,M,M,M,M,55.40,FAGG 290122Z AUTO 30005KT 0700 R29///// // VV002 13/13 Q1012,M
FAGG,2026-08-29 01:42,55.40,55.40,100.00,290.00,5.00,0.00,29.88,M,0.75,M,SCT,OVC,M,M,100.00,400.00,M,M,,M,M,M,M,M,M,55.40,FAGG 290142Z AUTO 29005KT 260V330 1200 R29///// // SCT001/// OVC004/// 13/13 Q1012,M
FAGG,2026-08-29 01:51,55.40,55.40,100.00,290.00,5.00,0.00,29.85,M,2.42,M,BKN,OVC,M,M,100.00,400.00,M,M,,M,M,M,M,M,M,55.40,FAGG 290151Z AUTO 29005KT 3900 R29///// // BKN001/// OVC004/// 13/13 Q1011,M
FAGG,2026-08-29 02:00,55.40,55.40,100.00,290.00,5.00,0.00,29.85,M,3.11,M,BKN,OVC,M,M,100.00,400.00,M,M,,M,M,M,M,M,M,55.40,FAGG 290200Z AUTO 29005KT 5000 R29///// // BKN001/// OVC004/// 13/13 Q1011,M
FAGG,2026-08-29 02:01,55.40,55.40,100.00,280.00,5.00,0.00,29.85,M,3.04,M,BKN,OVC,M,M,200.00,400.00,M,M,,M,M,M,M,M,M,55.40,FAGG 290201Z AUTO 28005KT 4900 R29///// // BKN002/// OVC004/// 13/13 Q1011,M
FAGG,2026-08-29 02:23,55.40,55.40,100.00,260.00,7.00,0.00,29.85,M,1.74,M,OVC,M,M,M,200.00,M,M,M,BR,M,M,M,M,M,M,55.40,FAGG 290223Z 26007KT 2800 BR OVC002 13/13 Q1011,M
FAGG,2026-08-29 03:00,55.40,55.40,100.00,300.00,5.00,0.00,29.85,M,1.74,M,OVC,M,M,M,200.00,M,M,M,BR,M,M,M,M,M,M,55.40,FAGG 290300Z 30005KT 270V350 2800 BR OVC002 13/13 Q1011,M
FAGG,2026-08-29 03:14,55.40,55.40,100.00,310.00,3.00,0.00,29.85,M,2.49,M,BKN,M,M,M,100.00,M,M,M,BR,M,M,M,M,M,M,55.40,FAGG 290314Z 31003KT 270V010 4000 BR BKN001 13/13 Q1011,M
FAGG,2026-08-29 04:00,55.40,55.40,100.00,110.00,3.00,0.00,29.83,M,2.92,M,BKN,M,M,M,100.00,M,M,M,BR,M,M,M,M,M,M,55.40,FAGG 290400Z 11003KT 020V180 4700 BR BKN001 13/13 Q1010,M
FAGG,2026-08-29 04:48,55.40,55.40,100.00,280.00,9.00,0.00,29.88,M,2.55,M,OVC,M,M,M,200.00,M,M,M,BR,M,M,M,M,M,M,55.40,FAGG 290448Z 28009KT 4100 BR OVC002 13/13 Q1012,M
FAGG,2026-08-29 05:00,55.40,55.40,100.00,280.00,8.00,0.00,29.88,M,2.24,M,OVC,M,M,M,200.00,M,M,M,BR,M,M,M,M,M,M,55.40,FAGG 290500Z 28008KT 3600 BR OVC002 13/13 Q1012,M
FAGG,2026-08-29 05:18,55.40,55.40,100.00,280.00,6.00,0.00,29.88,M,1.55,M,OVC,M,M,M,200.00,M,M,M,BR,M,M,M,M,M,M,55.40,FAGG 290518Z 28006KT 2500 BR OVC002 13/13 Q1012,M
FAGG,2026-08-29 05:48,57.20,55.40,93.70,270.00,8.00,0.00,29.88,M,0.68,M,OVC,M,M,M,100.00,M,M,M,BR,M,M,M,M,M,M,57.20,FAGG 290548Z 27008KT 1100 BR OVC001 14/13 Q1012,M
FAGG,2026-08-29 06:00,57.20,55.40,93.70,280.00,6.00,0.00,29.88,M,0.68,M,OVC,M,M,M,100.00,M,M,M,BR,M,M,M,M,M,M,57.20,FAGG 290600Z 28006KT 1100 BR OVC001 14/13 Q1012,M
FAGG,2026-08-29 06:07,57.20,57.20,100.00,290.00,6.00,0.00,29.88,M,0.47,M,OVC,M,M,M,100.00,M,M,M,FG,M,M,M,M,M,M,57.20,FAGG 290607Z 29006KT 0750 R29///// FG OVC001 14/14 Q1012,M
FAGG,2026-08-29 06:26,57.20,57.20,100.00,270.00,6.00,0.00,29.88,M,0.75,M,OVC,M,M,M,100.00,M,M,M,BR,M,M,M,M,M,M,57.20,FAGG 290626Z 27006KT 1200 R29///// BR OVC001 14/14 Q1012,M
FAGG,2026-08-29 06:33,57.20,57.20,100.00,270.00,6.00,0.00,29.91,M,1.37,M,OVC,M,M,M,100.00,M,M,M,BR,M,M,M,M,M,M,57.20,FAGG 290633Z 27006KT 2200 BR OVC001 14/14 Q1013,M
FAGG,2026-08-29 06:41,57.20,57.20,100.00,270.00,7.00,0.00,29.91,M,2.05,M,OVC,M,M,M,100.00,M,M,M,BR,M,M,M,M,M,M,57.20,FAGG 290641Z 27007KT 3300 BR OVC001 14/14 Q1013,M
FAGG,2026-08-29 06:53,57.20,57.20,100.00,270.00,8.00,0.00,29.91,M,2.49,M,OVC,M,M,M,200.00,M,M,M,BR,M,M,M,M,M,M,57.20,FAGG 290653Z 27008KT 4000 BR OVC002 14/14 Q1013,M
FAGG,2026-08-29 07:00,57.20,57.20,100.00,270.00,7.00,0.00,29.91,M,2.49,M,OVC,M,M,M,200.00,M,M,M,BR,M,M,M,M,M,M,57.20,FAGG 290700Z 27007KT 4000 BR OVC002 14/14 Q1013,M
FAGG,2026-08-29 07:13,57.20,57.20,100.00,280.00,7.00,0.00,29.91,M,3.11,M,OVC,M,M,M,300.00,M,M,M,BR,M,M,M,M,M,M,57.20,FAGG 290713Z 28007KT 5000 BR OVC003 14/14 Q1013,M
FAGG,2026-08-29 07:47,57.20,57.20,100.00,290.00,7.00,0.00,29.91,M,4.35,M,OVC,M,M,M,600.00,M,M,M,M,M,M,M,M,M,M,57.20,FAGG 290747Z 29007KT 7000 OVC006 14/14 Q1013,M
FAGG,2026-08-29 08:00,57.20,57.20,100.00,290.00,7.00,0.00,29.91,M,4.35,M,OVC,M,M,M,600.00,M,M,M,M,M,M,M,M,M,M,57.20,FAGG 290800Z 29007KT 7000 OVC006 14/14 Q1013,M
FAGG,2026-08-29 09:00,59.00,57.20,93.74,280.00,10.00,0.00,29.94,M,5.59,M,OVC,M,M,M,700.00,M,M,M,M,M,M,M,M,M,M,59.00,FAGG 290900Z 28010KT 9000 OVC007 15/14 Q1014,M
FAGG,2026-08-29 09:13,59.00,57.20,93.74,310.00,9.00,0.00,29.94,M,6.21,M,SCT,M,M,M,600.00,M,M,M,M,M,M,M,M,M,M,59.00,FAGG 290913Z 31009KT 9999 SCT006 15/14 Q1014,M
FAGG,2026-08-29 10:00,60.80,57.20,87.93,240.00,8.00,0.00,29.94,M,6.21,M,SCT,M,M,M,600.00,M,M,M,M,M,M,M,M,M,M,60.80,FAGG 291000Z 24008KT 9999 SCT006 16/14 Q1014,M
FAGG,2026-08-29 10:47,60.80,57.20,87.93,230.00,12.00,0.00,29.97,M,6.21,M,BKN,M,M,M,900.00,M,M,M,M,M,M,M,M,M,M,60.80,FAGG 291047Z 23012KT 9999 BKN009 16/14 Q1015,M
FAGG,2026-08-29 11:00,60.80,57.20,87.93,240.00,10.00,0.00,29.97,M,6.21,M,BKN,M,M,M,900.00,M,M,M,-RA,M,M,M,M,M,M,60.80,FAGG 291100Z 24010KT 9999 -RA BKN009 16/14 Q1015,M
FAGG,2026-08-29 11:25,59.00,57.20,93.74,250.00,10.00,0.00,29.97,M,6.21,M,SCT,BKN,M,M,800.00,1300.00,M,M,M,M,M,M,M,M,M,59.00,FAGG 291125Z 25010KT 9999 SCT008 BKN013 15/14 Q1015,M
FAGG,2026-08-29 12:00,59.00,57.20,93.74,250.00,11.00,0.00,29.94,M,6.21,M,FEW,BKN,M,M,800.00,1400.00,M,M,M,M,M,M,M,M,M,59.00,FAGG 291200Z 25011KT 9999 FEW008 BKN014 15/14 Q1014,M
FAGG,2026-08-29 12:22,60.80,55.40,82.38,250.00,10.00,0.00,29.94,M,6.21,M,FEW,BKN,OVC,M,800.00,1600.00,2000.00,M,M,M,M,M,M,M,M,60.80,FAGG 291222Z 25010KT 9999 FEW008 BKN016 OVC020 16/13 Q1014,M
FAGG,2026-08-29 13:00,59.00,55.40,87.84,270.00,8.00,0.00,29.97,M,6.21,M,FEW,BKN,M,M,1400.00,2000.00,M,M,M,M,M,M,M,M,M,59.00,FAGG 291300Z 27008KT 9999 FEW014 BKN020 15/13 Q1015,M
FAGG,2026-08-29 14:00,60.80,55.40,82.38,10.00,5.00,0.00,29.97,M,6.21,M,FEW,M,M,M,4900.00,M,M,M,M,M,M,M,M,M,M,60.80,FAGG 291400Z 01005KT 9999 FEW049 16/13 Q1015,M
FAGG,2026-08-29 15:00,60.80,53.60,77.15,M,2.00,0.00,29.97,M,6.21,M,FEW,M,M,M,4900.00,M,M,M,M,M,M,M,M,M,M,60.80,FAGG 291500Z VRB02KT 9999 FEW049 16/12 Q1015,M
FAGG,2026-08-29 16:00,59.00,55.40,87.84,250.00,3.00,0.00,30.00,M,6.21,M,FEW,M,M,M,4900.00,M,M,M,-RA,M,M,M,M,M,M,59.00,FAGG 291600Z 25003KT 9999 -RA FEW049 15/13 Q1016,M
FAGG,2026-08-29 17:00,57.20,55.40,93.70,270.00,5.00,0.00,30.06,M,6.21,M,FEW,M,M,M,4900.00,M,M,M,-RA,M,M,M,M,M,M,57.20,FAGG 291700Z 27005KT 9999 -RA FEW049 14/13 Q1018,M
FAGG,2026-08-29 17:52,55.40,53.60,93.65,230.00,16.00,0.00,30.12,M,6.21,M,BKN,OVC,M,M,500.00,1200.00,M,M,-RA,M,M,M,M,M,M,55.40,FAGG 291752Z 23016KT 9999 -RA BKN005 OVC012 13/12 Q1020,M
FAGG,2026-08-29 18:00,55.40,53.60,93.65,240.00,16.00,0.00,30.12,M,6.21,M,BKN,OVC,M,M,500.00,1200.00,M,M,-RA,M,M,M,M,M,M,55.40,FAGG 291800Z 24016KT 9999 -RA BKN005 OVC012 13/12 Q1020,M
FAGG,2026-08-29 18:21,53.60,51.80,93.60,250.00,12.00,0.00,30.15,M,6.21,M,FEW,BKN,OVC,M,400.00,1500.00,1800.00,M,-RA,M,M,M,M,M,M,53.60,FAGG 291821Z AUTO 25012KT 9999 -RA FEW004/// BKN015/// OVC018/// 12/11 Q1021,M
FAGG,2026-08-29 18:38,53.60,51.80,93.60,270.00,11.00,0.00,30.15,M,3.73,M,SCT,BKN,OVC,M,900.00,1600.00,2200.00,M,RA,M,M,M,M,M,M,53.60,FAGG 291838Z AUTO 27011KT 6000 RA SCT009/// BKN016/// OVC022/// 12/11 Q1021,M
FAGG,2026-08-29 18:40,53.60,51.80,93.60,270.00,11.00,0.00,30.15,M,3.73,M,FEW,BKN,OVC,M,900.00,1100.00,2100.00,M,RA,M,M,M,M,M,M,53.60,FAGG 291840Z AUTO 27011KT 6000 RA FEW009/// BKN011/// OVC021/// 12/11 Q1021,M
FAGG,2026-08-29 18:43,53.60,51.80,93.60,270.00,11.00,0.00,30.15,M,3.73,M,FEW,BKN,OVC,M,600.00,900.00,2300.00,M,-RA,M,M,M,M,M,M,53.60,FAGG 291843Z AUTO 27011KT 6000 -RA FEW006/// BKN009/// OVC023/// 12/11 Q1021 RERA,M
FAGG,2026-08-29 18:45,53.60,51.80,93.60,270.00,11.00,0.00,30.15,M,2.80,M,FEW,BKN,OVC,M,600.00,800.00,2400.00,M,-RA,M,M,M,M,M,M,53.60,FAGG 291845Z AUTO 27011KT 4500 -RA FEW006/// BKN008/// OVC024/// 12/11 Q1021 RERA,M
FAGG,2026-08-29 18:53,53.60,51.80,93.60,280.00,10.00,0.00,30.15,M,2.80,M,FEW,BKN,OVC,M,500.00,900.00,1100.00,M,-RA,M,M,M,M,M,M,53.60,FAGG 291853Z AUTO 28010KT 4500 -RA FEW005/// BKN009/// OVC011/// 12/11 Q1021 RERA,M
FAGG,2026-08-29 18:55,53.60,51.80,93.60,290.00,10.00,0.00,30.15,M,2.80,M,FEW,BKN,OVC,M,500.00,700.00,900.00,M,-RA,M,M,M,M,M,M,53.60,FAGG 291855Z AUTO 29010KT 4500 -RA FEW005/// BKN007/// OVC009/// 12/11 Q1021 RERA,M
FAGG,2026-08-29 19:00,53.60,51.80,93.60,290.00,10.00,0.00,30.15,M,2.80,M,FEW,BKN,OVC,M,500.00,700.00,900.00,M,-RA,M,M,M,M,M,M,53.60,FAGG 291900Z AUTO 29010KT 4500 -RA FEW005/// BKN007/// OVC009/// 12/11 Q1021 RERA,M
FAGG,2026-08-29 19:08,53.60,51.80,93.60,290.00,9.00,0.00,30.15,M,2.67,M,FEW,SCT,OVC,M,400.00,600.00,1100.00,M,-RA,M,M,M,M,M,M,53.60,FAGG 291908Z AUTO 29009KT 4300 -RA FEW004/// SCT006/// OVC011/// 12/11 Q1021,M
FAGG,2026-08-29 19:13,53.60,51.80,93.60,290.00,8.00,0.00,30.15,M,2.55,M,SCT,BKN,OVC,M,500.00,1000.00,1400.00,M,-RA,M,M,M,M,M,M,53.60,FAGG 291913Z AUTO 29008KT 4100 -RA SCT005/// BKN010/// OVC014/// 12/11 Q1021,M
FAGG,2026-08-29 19:18,53.60,51.80,93.60,290.00,8.00,0.00,30.15,M,2.55,M,FEW,OVC,M,M,300.00,900.00,M,M,-RA,M,M,M,M,M,M,53.60,FAGG 291918Z AUTO 29008KT 4100 -RA FEW003/// OVC009/// 12/11 Q1021,M
FAGG,2026-08-29 19:29,53.60,51.80,93.60,290.00,10.00,0.00,30.15,M,4.97,M,FEW,BKN,OVC,M,300.00,1000.00,2300.00,M,DZ,M,M,M,M,M,M,53.60,FAGG 291929Z AUTO 29010KT 8000 DZ FEW003/// BKN010/// OVC023/// 12/11 Q1021,M
FAGG,2026-08-29 19:35,53.60,51.80,93.60,280.00,9.00,0.00,30.15,M,6.21,M,FEW,SCT,OVC,M,400.00,900.00,1600.00,M,-RA,M,M,M,M,M,M,53.60,FAGG 291935Z AUTO 28009KT 9999 -RA FEW004/// SCT009/// OVC016/// 12/11 Q1021,M
FAGG,2026-08-29 20:00,53.60,51.80,93.60,290.00,9.00,0.00,30.18,M,6.21,M,FEW,SCT,OVC,M,1000.00,1400.00,2100.00,M,-RA,M,M,M,M,M,M,53.60,FAGG 292000Z AUTO 29009KT 9999 -RA FEW010/// SCT014/// OVC021/// 12/11 Q1022,M
FAGG,2026-08-29 21:00,53.60,51.80,93.60,290.00,10.00,0.00,30.18,M,6.21,M,FEW,BKN,OVC,M,3500.00,4000.00,5100.00,M,M,M,M,M,M,M,M,53.60,FAGG 292100Z AUTO 29010KT 9999 FEW035/// BKN040/// OVC051/// 12/11 Q1022,M
FAGG,2026-08-29 21:36,53.60,50.00,87.56,270.00,13.00,0.00,30.18,M,3.04,M,SCT,BKN,OVC,M,1600.00,2000.00,2300.00,M,-RA,M,M,M,M,M,M,53.60,FAGG 292136Z AUTO 27013KT 4900 -RA SCT016/// BKN020/// OVC023/// 12/10 Q1022,M
FAGG,2026-08-29 21:37,53.60,51.80,93.60,270.00,13.00,0.00,30.18,M,3.11,M,SCT,BKN,OVC,M,1600.00,2000.00,2300.00,M,DZ,M,M,M,M,M,M,53.60,FAGG 292137Z AUTO 27013KT 5000 DZ SCT016/// BKN020/// OVC023/// 12/11 Q1022,M
FAGG,2026-08-29 21:49,53.60,51.80,93.60,270.00,9.00,0.00,30.18,M,4.35,M,BKN,OVC,M,M,1400.00,2000.00,M,M,DZ,M,M,M,M,M,M,53.60,FAGG 292149Z AUTO 27009KT 7000 DZ BKN014/// OVC020/// 12/11 Q1022,M
FAGG,2026-08-29 21:56,53.60,51.80,93.60,260.00,7.00,0.00,30.18,M,2.92,M,SCT,BKN,OVC,M,1200.00,1500.00,2000.00,M,DZ,M,M,M,M,M,M,53.60,FAGG 292156Z AUTO 26007KT 4700 DZ SCT012/// BKN015/// OVC020/// 12/11 Q1022,M
FAGG,2026-08-29 22:00,53.60,51.80,93.60,260.00,7.00,0.00,30.18,M,2.92,M,SCT,BKN,OVC,M,1200.00,1500.00,2000.00,M,DZ,M,M,M,M,M,M,53.60,FAGG 292200Z AUTO 26007KT 4700 DZ SCT012/// BKN015/// OVC020/// 12/11 Q1022,M
FAGG,2026-08-29 22:01,51.80,51.80,100.00,260.00,7.00,0.00,30.18,M,2.67,M,BKN,OVC,M,M,1100.00,1500.00,M,M,DZ,M,M,M,M,M,M,51.80,FAGG 292201Z AUTO 26007KT 4300 DZ BKN011/// OVC015/// 11/11 Q1022,M
FAGG,2026-08-29 22:07,51.80,51.80,100.00,260.00,6.00,0.00,30.18,M,2.49,M,FEW,BKN,OVC,M,400.00,800.00,1500.00,M,DZ,M,M,M,M,M,M,51.80,FAGG 292207Z AUTO 26006KT 4000 DZ FEW004/// BKN008/// OVC015/// 11/11 Q1022,M
FAGG,2026-08-29 22:27,51.80,51.80,100.00,290.00,6.00,0.00,30.21,M,2.42,M,FEW,SCT,OVC,M,400.00,800.00,1000.00,M,DZ,M,M,M,M,M,M,51.80,FAGG 292227Z AUTO 29006KT 3900 DZ FEW004/// SCT008/// OVC010/// 11/11 Q1023,M
FAGG,2026-08-29 22:28,51.80,51.80,100.00,290.00,5.00,0.00,30.21,M,2.36,M,FEW,BKN,OVC,M,400.00,900.00,1400.00,M,DZ,M,M,M,M,M,M,51.80,FAGG 292228Z AUTO 29005KT 3800 DZ FEW004/// BKN009/// OVC014/// 11/11 Q1023,M
FAGG,2026-08-29 22:29,51.80,51.80,100.00,290.00,5.00,0.00,30.21,M,1.80,M,SCT,BKN,OVC,M,400.00,900.00,1400.00,M,DZ,M,M,M,M,M,M,51.80,FAGG 292229Z AUTO 29005KT 2900 DZ SCT004/// BKN009/// OVC014/// 11/11 Q1023,M
FAGG,2026-08-29 22:40,51.80,51.80,100.00,300.00,5.00,0.00,30.18,M,4.97,M,FEW,BKN,OVC,M,300.00,900.00,2400.00,M,-RA,M,M,M,M,M,M,51.80,FAGG 292240Z AUTO 30005KT 8000 -RA FEW003/// BKN009/// OVC024/// 11/11 Q1022 REDZ,M
FAGG,2026-08-29 22:50,51.80,51.80,100.00,310.00,7.00,0.00,30.18,M,6.21,M,FEW,SCT,OVC,M,300.00,1100.00,2700.00,M,-RA,M,M,M,M,M,M,51.80,FAGG 292250Z AUTO 31007KT 9999 -RA FEW003/// SCT011/// OVC027/// 11/11 Q1022 REDZ,M
FAGG,2026-08-29 23:00,51.80,51.80,100.00,320.00,7.00,0.00,30.18,M,6.21,M,FEW,OVC,M,M,300.00,2700.00,M,M,-RA,M,M,M,M,M,M,51.80,FAGG 292300Z AUTO 32007KT 9999 -RA FEW003/// OVC027/// 11/11 Q1022 REDZ,M
FAGG,2026-08-30 00:00,53.60,50.00,87.56,300.00,8.00,0.00,30.18,M,6.21,M,BKN,OVC,M,M,3000.00,3600.00,M,M,M,M,M,M,M,M,M,53.60,FAGG 300000Z AUTO 30008KT 9999 BKN030/// OVC036/// 12/10 Q1022,M
FAGG,2026-08-30 01:00,53.60,50.00,87.56,310.00,6.00,0.00,30.18,M,6.21,M,OVC,M,M,M,3500.00,M,M,M,M,M,M,M,M,M,M,53.60,FAGG 300100Z AUTO 31006KT 9999 OVC035/// 12/10 Q1022,M
FAGG,2026-08-30 02:00,51.80,48.20,87.47,300.00,4.00,0.00,30.18,M,6.21,M,OVC,M,M,M,4500.00,M,M,M,M,M,M,M,M,M,M,51.80,FAGG 300200Z AUTO 30004KT 9999 OVC045/// 11/09 Q1022,M
FAGG,2026-08-30 03:00,51.80,48.20,87.47,290.00,5.00,0.00,30.18,M,6.21,M,OVC,M,M,M,4500.00,M,M,M,M,M,M,M,M,M,M,51.80,FAGG 300300Z 29005KT 9999 OVC045 11/09 Q1022,M
FAGG,2026-08-30 04:00,51.80,48.20,87.47,290.00,5.00,0.00,30.21,M,6.21,M,FEW,BKN,M,M,3000.00,4500.00,M,M,M,M,M,M,M,M,M,51.80,FAGG 300400Z 29005KT 9999 FEW030 BKN045 11/09 Q1023,M
FAGG,2026-08-30 05:00,51.80,48.20,87.47,300.00,4.00,0.00,30.21,M,6.21,M,SCT,BKN,M,M,2500.00,3600.00,M,M,M,M,M,M,M,M,M,51.80,FAGG 300500Z 30004KT 270V330 9999 SCT025 BKN036 11/09 Q1023,M
FAGG,2026-08-30 06:00,51.80,48.20,87.47,290.00,6.00,0.00,30.24,M,6.21,M,FEW,SCT,BKN,M,2500.00,3500.00,4500.00,M,M,M,M,M,M,M,M,51.80,FAGG 300600Z 29006KT 9999 FEW025 SCT035 BKN045 11/09 Q1024,M
FAGG,2026-08-30 07:00,53.60,50.00,87.56,300.00,4.00,0.00,30.24,M,6.21,M,FEW,SCT,BKN,M,2300.00,3800.00,4500.00,M,M,M,M,M,M,M,M,53.60,FAGG 300700Z 30004KT 9999 FEW023 SCT038 BKN045 12/10 Q1024,M
FAGG,2026-08-30 08:00,57.20,50.00,76.83,310.00,4.00,0.00,30.24,M,6.21,M,FEW,SCT,M,M,2500.00,4500.00,M,M,M,M,M,M,M,M,M,57.20,FAGG 300800Z 31004KT 260V020 9999 FEW025 SCT045 14/10 Q1024,M
FAGG,2026-08-30 09:00,55.40,48.20,76.67,200.00,6.00,0.00,30.24,M,6.21,M,FEW,SCT,BKN,M,2500.00,3500.00,4100.00,M,M,M,M,M,M,M,M,55.40,FAGG 300900Z 20006KT 9999 FEW025 SCT035 BKN041 13/09 Q1024,M
FAGG,2026-08-30 10:00,57.20,48.20,71.84,150.00,5.00,0.00,30.24,M,6.21,M,FEW,SCT,BKN,M,2000.00,4000.00,4900.00,M,M,M,M,M,M,M,M,57.20,FAGG 301000Z 15005KT 110V180 9999 FEW020 SCT040 BKN049 14/09 Q1024,M
FAGG,2026-08-30 11:00,57.20,48.20,71.84,170.00,6.00,0.00,30.24,M,6.21,M,SCT,BKN,M,M,1600.00,4700.00,M,M,M,M,M,M,M,M,M,57.20,FAGG 301100Z 17006KT 140V210 9999 SCT016 BKN047 14/09 Q1024,M
FAGG,2026-08-30 12:00,55.40,48.20,76.67,170.00,5.00,0.00,30.21,M,6.21,M,SCT,BKN,M,M,1500.00,4300.00,M,M,M,M,M,M,M,M,M,55.40,FAGG 301200Z 17005KT 9999 SCT015 BKN043 13/09 Q1023,M
FAGG,2026-08-30 14:00,55.40,46.40,71.65,180.00,5.00,0.00,30.21,M,6.21,M,SCT,BKN,M,M,2200.00,3800.00,M,M,M,M,M,M,M,M,M,55.40,FAGG 301400Z 18005KT 9999 SCT022 BKN038 13/08 Q1023,M
FAGG,2026-08-30 15:00,55.40,46.40,71.65,180.00,3.00,0.00,30.24,M,6.21,M,SCT,BKN,M,M,1800.00,3900.00,M,M,M,M,M,M,M,M,M,55.40,FAGG 301500Z 18003KT 9999 SCT018 BKN039 13/08 Q1024,M
FAGG,2026-08-30 16:00,53.60,48.20,81.87,180.00,2.00,0.00,30.24,M,6.21,M,SCT,BKN,M,M,1800.00,3900.00,M,M,M,M,M,M,M,M,M,53.60,FAGG 301600Z 18002KT 9999 SCT018 BKN039 12/09 Q1024,M
FAGG,2026-08-30 17:00,53.60,44.60,71.45,180.00,1.00,0.00,30.27,M,6.21,M,SCT,BKN,M,M,1800.00,3800.00,M,M,M,M,M,M,M,M,M,53.60,FAGG 301700Z 18001KT 9999 SCT018 BKN038 12/07 Q1025,M
FAGG,2026-08-30 18:00,53.60,46.40,76.51,40.00,2.00,0.00,30.27,M,6.21,M,FEW,BKN,M,M,1900.00,4000.00,M,M,M,M,M,M,M,M,M,53.60,FAGG 301800Z 04002KT 9999 FEW019 BKN040 12/08 Q1025,M
FAGG,2026-08-30 19:00,53.60,48.20,81.87,330.00,1.00,0.00,30.27,M,6.21,M,OVC,M,M,M,5200.00,M,M,M,M,M,M,M,M,M,M,53.60,FAGG 301900Z AUTO 33001KT 9999 OVC052/// 12/09 Q1025,M
FAGG,2026-08-30 20:00,53.60,50.00,87.56,0.00,0.00,0.00,30.27,M,6.21,M,OVC,M,M,M,5300.00,M,M,M,M,M,M,M,M,M,M,53.60,FAGG 302000Z AUTO 00000KT 9999 OVC053/// 12/10 Q1025,M
FAGG,2026-08-30 21:00,51.80,48.20,87.47,280.00,2.00,0.00,30.27,M,6.21,M,OVC,M,M,M,5400.00,M,M,M,M,M,M,M,M,M,M,51.80,FAGG 302100Z AUTO 28002KT 9999 OVC054/// 11/09 Q1025,M
FAGG,2026-08-30 22:00,51.80,48.20,87.47,310.00,3.00,0.00,30.27,M,6.21,M,OVC,M,M,M,5100.00,M,M,M,M,M,M,M,M,M,M,51.80,FAGG 302200Z AUTO 31003KT 9999 OVC051/// 11/09 Q1025,M
FAGG,2026-08-30 23:00,51.80,48.20,87.47,M,2.00,0.00,30.24,M,6.21,M,OVC,M,M,M,5000.00,M,M,M,M,M,M,M,M,M,M,51.80,FAGG 302300Z AUTO VRB02KT 9999 OVC050/// 11/09 Q1024,M
FAGG,2026-08-31 00:00,51.80,48.20,87.47,260.00,3.00,0.00,30.24,M,6.21,M,OVC,M,M,M,5000.00,M,M,M,M,M,M,M,M,M,M,51.80,FAGG 310000Z AUTO 26003KT 9999 OVC050/// 11/09 Q1024,M
FAGG,2026-08-31 01:00,51.80,46.40,81.74,350.00,4.00,0.00,30.21,M,6.21,M,OVC,M,M,M,4900.00,M,M,M,M,M,M,M,M,M,M,51.80,FAGG 310100Z AUTO 35004KT 9999 OVC049/// 11/08 Q1023,M
FAGG,2026-08-31 02:00,50.00,46.40,87.37,190.00,2.00,0.00,30.21,M,6.21,M,M,M,M,M,M,M,M,M,M,M,M,M,M,M,M,50.00,FAGG 310200Z AUTO 19002KT CAVOK 10/08 Q1023,M
FAGG,2026-08-31 03:00,50.00,48.20,93.50,340.00,5.00,0.00,30.24,M,6.21,M,BKN,M,M,M,4800.00,M,M,M,M,M,M,M,M,M,M,50.00,FAGG 310300Z 34005KT 9999 BKN048 10/09 Q1024,M
FAGG,2026-08-31 04:00,51.80,46.40,81.74,340.00,3.00,0.00,30.24,M,6.21,M,BKN,M,M,M,4700.00,M,M,M,M,M,M,M,M,M,M,51.80,FAGG 310400Z 34003KT 9999 BKN047 11/08 Q1024,M
FAGG,2026-08-31 05:00,48.20,46.40,93.45,40.00,3.00,0.00,30.21,M,6.21,M,FEW,M,M,M,4600.00,M,M,M,M,M,M,M,M,M,M,47.21,FAGG 310500Z 04003KT 9999 FEW046 09/08 Q1023,M
FAGG,2026-08-31 05:48,51.80,48.20,87.47,160.00,3.00,0.00,30.21,M,6.21,M,FEW,M,M,M,4000.00,M,M,M,M,M,M,M,M,M,M,51.80,FAGG 310548Z 16003KT 9999 FEW040 11/09 Q1023,M
FAGG,2026-08-31 06:00,51.80,46.40,81.74,160.00,3.00,0.00,30.24,M,6.21,M,FEW,M,M,M,4000.00,M,M,M,M,M,M,M,M,M,M,51.80,FAGG 310600Z 16003KT 9999 FEW040 11/08 Q1024,M
FAGG,2026-08-31 06:13,55.40,48.20,76.67,120.00,3.00,0.00,30.24,M,6.21,M,FEW,M,M,M,3500.00,M,M,M,M,M,M,M,M,M,M,55.40,FAGG 310613Z 12003KT 080V180 9999 FEW035 13/09 Q1024,M
FAGG,2026-08-31 07:00,55.40,46.40,71.65,130.00,4.00,0.00,30.24,M,6.21,M,FEW,M,M,M,3500.00,M,M,M,M,M,M,M,M,M,M,55.40,FAGG 310700Z 13004KT 090V160 9999 FEW035 13/08 Q1024,M
FAGG,2026-08-31 08:00,57.20,46.40,67.13,180.00,5.00,0.00,30.27,M,6.21,M,SCT,M,M,M,2200.00,M,M,M,M,M,M,M,M,M,M,57.20,FAGG 310800Z 18005KT 9999 SCT022 14/08 Q1025,M
FAGG,2026-08-31 09:00,57.20,48.20,71.84,M,4.00,0.00,30.24,M,6.21,M,SCT,M,M,M,2100.00,M,M,M,M,M,M,M,M,M,M,57.20,FAGG 310900Z VRB04KT 9999 SCT021 14/09 Q1024,M
FAGG,2026-08-31 10:00,59.00,50.00,72.02,150.00,6.00,0.00,30.24,M,6.21,M,SCT,M,M,M,2000.00,M,M,M,M,M,M,M,M,M,M,59.00,FAGG 311000Z 15006KT 110V180 9999 SCT020 15/10 Q1024,M
FAGG,2026-08-31 11:00,60.80,50.00,67.55,130.00,5.00,0.00,30.18,M,6.21,M,FEW,M,M,M,2500.00,M,M,M,M,M,M,M,M,M,M,60.80,FAGG 311100Z 13005KT 080V210 9999 FEW025 16/10 Q1022,M
FAGG,2026-08-31 12:00,59.00,46.40,62.93,150.00,8.00,0.00,30.18,M,6.21,M,FEW,M,M,M,2200.00,M,M,M,M,M,M,M,M,M,M,59.00,FAGG 311200Z 15008KT 9999 FEW022 15/08 Q1022,M
FAGG,2026-08-31 13:00,59.00,46.40,62.93,130.00,5.00,0.00,30.18,M,6.21,M,FEW,M,M,M,2000.00,M,M,M,M,M,M,M,M,M,M,59.00,FAGG 311300Z 13005KT 080V170 9999 FEW020 15/08 Q1022,M
FAGG,2026-08-31 14:00,59.00,48.20,67.34,150.00,7.00,0.00,30.18,M,6.21,M,FEW,M,M,M,2000.00,M,M,M,M,M,M,M,M,M,M,59.00,FAGG 311400Z 15007KT 9999 FEW020 15/09 Q1022,M
FAGG,2026-08-31 15:00,57.20,46.40,67.13,130.00,5.00,0.00,30.18,M,6.21,M,FEW,M,M,M,2000.00,M,M,M,M,M,M,M,M,M,M,57.20,FAGG 311500Z 13005KT 9999 FEW020 14/08 Q1022,M
FAGG,2026-08-31 16:00,55.40,44.60,66.91,130.00,4.00,0.00,30.18,M,6.21,M,M,M,M,M,M,M,M,M,M,M,M,M,M,M,M,55.40,FAGG 311600Z 13004KT CAVOK 13/07 Q1022,M
FAGG,2026-08-31 17:00,51.80,46.40,81.74,160.00,4.00,0.00,30.21,M,6.21,M,M,M,M,M,M,M,M,M,M,M,M,M,M,M,M,51.80,FAGG 311700Z 16004KT CAVOK 11/08 Q1023,M
FAGG,2026-08-31 18:00,51.80,46.40,81.74,150.00,3.00,0.00,30.21,M,6.21,M,M,M,M,M,M,M,M,M,M,M,M,M,M,M,M,51.80,FAGG 311800Z 15003KT 110V180 CAVOK 11/08 Q1023,M
FAGG,2026-08-31 19:00,48.20,44.60,87.28,360.00,4.00,0.00,30.21,M,6.21,M,M,M,M,M,M,M,M,M,M,M,M,M,M,M,M,46.34,FAGG 311900Z AUTO 36004KT CAVOK 09/07 Q1023,M
FAGG,2026-08-31 20:00,46.40,44.60,93.40,350.00,3.00,0.00,30.21,M,6.21,M,M,M,M,M,M,M,M,M,M,M,M,M,M,M,M,45.15,FAGG 312000Z AUTO 35003KT CAVOK 08/07 Q1023,M
FAGG,2026-08-31 21:00,48.20,44.60,87.28,M,2.00,0.00,30.18,M,6.21,M,M,M,M,M,M,M,M,M,M,M,M,M,M,M,M,48.20,FAGG 312100Z AUTO VRB02KT CAVOK 09/07 Q1022,M
FAGG,2026-08-31 22:00,46.40,44.60,93.40,350.00,3.00,0.00,30.18,M,6.21,M,M,M,M,M,M,M,M,M,M,M,M,M,M,M,M,45.15,FAGG 312200Z AUTO 35003KT CAVOK 08/07 Q1022,M
FAGG,2026-08-31 23:00,44.60,42.80,93.35,20.00,3.00,0.00,30.15,M,6.21,M,M,M,M,M,M,M,M,M,M,M,M,M,M,M,M,43.09,FAGG 312300Z AUTO 02003KT CAVOK 07/06 Q1021,M
FAGG,2026-09-01 00:00,44.60,42.80,93.35,330.00,4.00,0.00,30.15,M,6.21,M,M,M,M,M,M,M,M,M,M,M,M,M,M,M,M,42.13,FAGG 010000Z AUTO 33004KT CAVOK 07/06 Q1021,M
FAGG,2026-09-01 01:00,44.60,42.80,93.35,330.00,5.00,0.00,30.15,M,6.21,M,M,M,M,M,M,M,M,M,M,M,M,M,M,M,M,41.36,FAGG 010100Z AUTO 33005KT CAVOK 07/06 Q1021,M
FAGG,2026-09-01 02:00,44.60,42.80,93.35,320.00,4.00,0.00,30.15,M,6.21,M,M,M,M,M,M,M,M,M,M,M,M,M,M,M,M,42.13,FAGG 010200Z AUTO 32004KT CAVOK 07/06 Q1021,M
FAGG,2026-09-01 03:00,46.40,42.80,87.18,330.00,2.00,0.00,30.18,M,6.21,M,M,M,M,M,M,M,M,M,M,M,M,M,M,M,M,46.40,FAGG 010300Z 33002KT CAVOK 08/06 Q1022,M
FAGG,2026-09-01 04:00,44.60,42.80,93.35,350.00,3.00,0.00,30.18,M,6.21,M,M,M,M,M,M,M,M,M,M,M,M,M,M,M,M,43.09,FAGG 010400Z 35003KT CAVOK 07/06 Q1022,M
FAGG,2026-09-01 05:00,46.40,44.60,93.40,320.00,3.00,0.00,30.18,M,6.21,M,FEW,M,M,M,2000.00,M,M,M,M,M,M,M,M,M,M,45.15,FAGG 010500Z 32003KT 9999 FEW020 08/07 Q1022,M
FAGG,2026-09-01 05:58,50.00,46.40,87.37,20.00,2.00,0.00,30.18,M,6.21,M,M,M,M,M,M,M,M,M,M,M,M,M,M,M,M,50.00,FAGG 010558Z 02002KT CAVOK 10/08 Q1022,M
FAGG,2026-09-01 06:00,50.00,46.40,87.37,20.00,2.00,0.00,30.18,M,6.21,M,M,M,M,M,M,M,M,M,M,M,M,M,M,M,M,50.00,FAGG 010600Z 02002KT CAVOK 10/08 Q1022,M
FAGG,2026-09-01 06:09,53.60,48.20,81.87,0.00,0.00,0.00,30.18,M,6.21,M,M,M,M,M,M,M,M,M,M,M,M,M,M,M,M,53.60,FAGG 010609Z 00000KT CAVOK 12/09 Q1022,M
FAGG,2026-09-01 07:00,55.40,50.00,82.00,360.00,3.00,0.00,30.15,M,6.21,M,M,M,M,M,M,M,M,M,M,M,M,M,M,M,M,55.40,FAGG 010700Z 36003KT 320V040 CAVOK 13/10 Q1021,M
FAGG,2026-09-01 08:00,57.20,48.20,71.84,M,2.00,0.00,30.15,M,6.21,M,M,M,M,M,M,M,M,M,M,M,M,M,M,M,M,57.20,FAGG 010800Z VRB02KT CAVOK 14/09 Q1021,M
FAGG,2026-09-01 08:22,60.80,50.00,67.55,M,3.00,0.00,30.15,M,6.21,M,M,M,M,M,M,M,M,M,M,M,M,M,M,M,M,60.80,FAGG 010822Z VRB03KT CAVOK 16/10 Q1021,M
FAGG,2026-09-01 09:00,59.00,51.80,76.99,M,5.00,0.00,30.15,M,6.21,M,M,M,M,M,M,M,M,M,M,M,M,M,M,M,M,59.00,FAGG 010900Z VRB05KT CAVOK 15/11 Q1021,M
FAGG,2026-09-01 10:00,59.00,51.80,76.99,160.00,5.00,0.00,30.12,M,6.21,M,M,M,M,M,M,M,M,M,M,M,M,M,M,M,M,59.00,FAGG 011000Z 16005KT 110V210 CAVOK 15/11 Q1020,M
FAGG,2026-09-01 11:00,59.00,50.00,72.02,150.00,5.00,0.00,30.12,M,6.21,M,FEW,M,M,M,2800.00,M,M,M,M,M,M,M,M,M,M,59.00,FAGG 011100Z 15005KT 100V190 9999 FEW028 15/10 Q1020,M
FAGG,2026-09-01 12:00,59.00,51.80,76.99,200.00,8.00,0.00,30.12,M,6.21,M,FEW,SCT,M,M,1400.00,2300.00,M,M,M,M,M,M,M,M,M,59.00,FAGG 011200Z 20008KT 160V220 9999 FEW014 SCT023 15/11 Q1020,M
FAGG,2026-09-01 13:00,60.80,51.80,72.21,M,3.00,0.00,30.09,M,6.21,M,FEW,M,M,M,1800.00,M,M,M,M,M,M,M,M,M,M,60.80,FAGG 011300Z VRB03KT 9999 FEW018 16/11 Q1019,M
FAGG,2026-09-01 14:00,60.80,51.80,72.21,180.00,7.00,0.00,30.06,M,6.21,M,M,M,M,M,M,M,M,M,M,M,M,M,M,M,M,60.80,FAGG 011400Z 18007KT CAVOK 16/11 Q1018,M
FAGG,2026-09-01 15:00,57.20,51.80,82.13,170.00,5.00,0.00,30.06,M,6.21,M,FEW,M,M,M,1300.00,M,M,M,M,M,M,M,M,M,M,57.20,FAGG 011500Z 17005KT 9999 FEW013 14/11 Q1018,M
FAGG,2026-09-01 16:00,55.40,51.80,87.65,M,2.00,0.00,30.12,M,6.21,M,SCT,BKN,M,M,900.00,1700.00,M,M,M,M,M,M,M,M,M,55.40,FAGG 011600Z VRB02KT 9999 SCT009 BKN017 13/11 Q1020,M
FAGG,2026-09-01 16:23,55.40,51.80,87.65,0.00,0.00,0.00,30.12,M,6.21,M,FEW,BKN,OVC,M,900.00,1400.00,1800.00,M,M,M,M,M,M,M,M,55.40,FAGG 011623Z 00000KT 9999 FEW009 BKN014 OVC018 13/11 Q1020,M
FAGG,2026-09-01 17:00,55.40,51.80,87.65,M,1.00,0.00,30.09,M,6.21,M,FEW,OVC,M,M,900.00,1400.00,M,M,M,M,M,M,M,M,M,55.40,FAGG 011700Z VRB01KT 9999 FEW009 OVC014 13/11 Q1019,M
FAGG,2026-09-01 18:00,55.40,51.80,87.65,190.00,3.00,0.00,30.12,M,6.21,M,OVC,M,M,M,1100.00,M,M,M,M,M,M,M,M,M,M,55.40,FAGG 011800Z 19003KT 160V220 9999 OVC011 13/11 Q1020,M
FAGG,2026-09-01 19:00,55.40,51.80,87.65,310.00,3.00,0.00,30.15,M,6.21,M,OVC,M,M,M,1000.00,M,M,M,M,M,M,M,M,M,M,55.40,FAGG 011900Z AUTO 31003KT 280V350 9999 OVC010/// 13/11 Q1021,M
FAGG,2026-09-01 19:08,55.40,51.80,87.65,M,2.00,0.00,30.15,M,6.21,M,SCT,BKN,OVC,M,900.00,1100.00,1300.00,M,M,M,M,M,M,M,M,55.40,FAGG 011908Z AUTO VRB02KT 9999 SCT009/// BKN011/// OVC013/// 13/11 Q1021,M
FAGG,2026-09-01 19:21,55.40,51.80,87.65,310.00,3.00,0.00,30.15,M,6.21,M,SCT,OVC,M,M,900.00,1300.00,M,M,M,M,M,M,M,M,M,55.40,FAGG 011921Z AUTO 31003KT 9999 SCT009/// OVC013/// 13/11 Q1021,M
FAGG,2026-09-01 19:53,53.60,51.80,93.60,340.00,3.00,0.00,30.15,M,6.21,M,OVC,M,M,M,1500.00,M,M,M,M,M,M,M,M,M,M,53.60,FAGG 011953Z AUTO 34003KT 300V010 9999 OVC015/// 12/11 Q1021,M
FAGG,2026-09-01 19:54,53.60,51.80,93.60,340.00,3.00,0.00,30.15,M,6.21,M,OVC,M,M,M,1400.00,M,M,M,M,M,M,M,M,M,M,53.60,FAGG 011954Z AUTO 34003KT 300V010 9999 OVC014/// 12/11 Q1021,M
FAGG,2026-09-01 20:00,53.60,51.80,93.60,340.00,3.00,0.00,30.15,M,6.21,M,OVC,M,M,M,1400.00,M,M,M,M,M,M,M,M,M,M,53.60,FAGG 012000Z AUTO 34003KT 300V010 9999 OVC014/// 12/11 Q1021,M
FAGG,2026-09-01 20:05,53.60,51.80,93.60,350.00,4.00,0.00,30.15,M,6.21,M,OVC,M,M,M,1600.00,M,M,M,M,M,M,M,M,M,M,53.60,FAGG 012005Z AUTO 35004KT 9999 OVC016/// 12/11 Q1021,M
FAGG,2026-09-01 21:00,55.40,51.80,87.65,340.00,5.00,0.00,30.18,M,6.21,M,BKN,OVC,M,M,1900.00,2300.00,M,M,M,M,M,M,M,M,M,55.40,FAGG 012100Z AUTO 34005KT 9999 BKN019/// OVC023/// 13/11 Q1022,M
FAGG,2026-09-01 22:00,55.40,51.80,87.65,340.00,5.00,0.00,30.18,M,6.21,M,FEW,OVC,M,M,1700.00,2200.00,M,M,M,M,M,M,M,M,M,55.40,FAGG 012200Z AUTO 34005KT 9999 FEW017/// OVC022/// 13/11 Q1022,M
FAGG,2026-09-01 23:00,55.40,51.80,87.65,320.00,4.00,0.00,30.18,M,6.21,M,OVC,M,M,M,2200.00,M,M,M,M,M,M,M,M,M,M,55.40,FAGG 012300Z AUTO 32004KT 9999 OVC022/// 13/11 Q1022,M
FAGG,2026-09-02 00:00,55.40,50.00,82.00,330.00,4.00,0.00,30.15,M,6.21,M,OVC,M,M,M,2300.00,M,M,M,M,M,M,M,M,M,M,55.40,FAGG 020000Z AUTO 33004KT 9999 OVC023/// 13/10 Q1021,M
FAGG,2026-09-02 01:00,55.40,50.00,82.00,310.00,4.00,0.00,30.15,M,6.21,M,OVC,M,M,M,2200.00,M,M,M,M,M,M,M,M,M,M,55.40,FAGG 020100Z AUTO 31004KT 270V350 9999 OVC022/// 13/10 Q1021,M
FAGG,2026-09-02 02:00,55.40,50.00,82.00,340.00,4.00,0.00,30.12,M,6.21,M,OVC,M,M,M,2100.00,M,M,M,M,M,M,M,M,M,M,55.40,FAGG 020200Z AUTO 34004KT 9999 OVC021/// 13/10 Q1020,M
FAGG,2026-09-02 03:00,55.40,50.00,82.00,M,2.00,0.00,30.12,M,6.21,M,OVC,M,M,M,2000.00,M,M,M,M,M,M,M,M,M,M,55.40,FAGG 020300Z VRB02KT 9999 OVC020 13/10 Q1020,M
FAGG,2026-09-02 04:00,53.60,48.20,81.87,20.00,3.00,0.00,30.12,M,6.21,M,OVC,M,M,M,2000.00,M,M,M,M,M,M,M,M,M,M,53.60,FAGG 020400Z 02003KT 9999 OVC020 12/09 Q1020,M
FAGG,2026-09-02 05:00,53.60,48.20,81.87,40.00,3.00,0.00,30.12,M,6.21,M,FEW,M,M,M,1500.00,M,M,M,M,M,M,M,M,M,M,53.60,FAGG 020500Z 04003KT 9999 FEW015 12/09 Q1020,M
FAGG,2026-09-02 05:51,55.40,50.00,82.00,M,2.00,0.00,30.12,M,6.21,M,FEW,M,M,M,1500.00,M,M,M,M,M,M,M,M,M,M,55.40,FAGG 020551Z VRB02KT 9999 FEW015 13/10 Q1020,M
FAGG,2026-09-02 06:00,55.40,50.00,82.00,M,2.00,0.00,30.12,M,6.21,M,FEW,M,M,M,1500.00,M,M,M,M,M,M,M,M,M,M,55.40,FAGG 020600Z VRB02KT 9999 FEW015 13/10 Q1020,M
FAGG,2026-09-02 06:50,59.00,50.00,72.02,60.00,4.00,0.00,30.09,M,6.21,M,FEW,M,M,M,1500.00,M,M,M,M,M,M,M,M,M,M,59.00,FAGG 020650Z 06004KT 010V110 9999 FEW015 15/10 Q1019,M
FAGG,2026-09-02 07:00,57.20,50.00,76.83,60.00,4.00,0.00,30.09,M,6.21,M,FEW,M,M,M,1500.00,M,M,M,M,M,M,M,M,M,M,57.20,FAGG 020700Z 06004KT 010V110 9999 FEW015 14/10 Q1019,M
FAGG,2026-09-02 08:00,60.80,50.00,67.55,M,4.00,0.00,30.09,M,6.21,M,FEW,M,M,M,1500.00,M,M,M,M,M,M,M,M,M,M,60.80,FAGG 020800Z VRB04KT 9999 FEW015 16/10 Q1019,M
FAGG,2026-09-02 09:00,60.80,51.80,72.21,130.00,4.00,0.00,30.09,M,6.21,M,M,M,M,M,M,M,M,M,M,M,M,M,M,M,M,60.80,FAGG 020900Z 13004KT 050V190 CAVOK 16/11 Q1019,M
FAGG,2026-09-02 10:00,62.60,51.80,67.76,130.00,5.00,0.00,30.06,M,6.21,M,M,M,M,M,M,M,M,M,M,M,M,M,M,M,M,62.60,FAGG 021000Z 13005KT 070V210 CAVOK 17/11 Q1018,M
FAGG,2026-09-02 11:00,60.80,51.80,72.21,160.00,9.00,0.00,30.03,M,6.21,M,M,M,M,M,M,M,M,M,M,M,M,M,M,M,M,60.80,FAGG 021100Z 16009KT 130V190 CAVOK 16/11 Q1017,M
FAGG,2026-09-02 12:00,60.80,51.80,72.21,140.00,9.00,0.00,30.00,M,6.21,M,FEW,M,M,M,2700.00,M,M,M,M,M,M,M,M,M,M,60.80,FAGG 021200Z 14009KT 100V160 9999 FEW027 16/11 Q1016,M
FAGG,2026-09-02 13:00,59.00,51.80,76.99,160.00,10.00,0.00,30.00,M,6.21,M,FEW,M,M,M,1800.00,M,M,M,M,M,M,M,M,M,M,59.00,FAGG 021300Z 16010KT 9999 FEW018 15/11 Q1016,M
FAGG,2026-09-02 14:00,59.00,51.80,76.99,120.00,8.00,0.00,30.00,M,6.21,M,BKN,M,M,M,1800.00,M,M,M,M,M,M,M,M,M,M,59.00,FAGG 021400Z 12008KT 090V150 9999 BKN018 15/11 Q1016,M
FAGG,2026-09-02 15:00,57.20,51.80,82.13,100.00,7.00,0.00,29.97,M,6.21,M,BKN,M,M,M,1600.00,M,M,M,M,M,M,M,M,M,M,57.20,FAGG 021500Z 10007KT 9999 BKN016 14/11 Q1015,M
FAGG,2026-09-02 16:00,57.20,51.80,82.13,130.00,6.00,0.00,29.97,M,6.21,M,BKN,M,M,M,1500.00,M,M,M,M,M,M,M,M,M,M,57.20,FAGG 021600Z 13006KT 9999 BKN015 14/11 Q1015,M
FAGG,2026-09-02 17:00,57.20,51.80,82.13,110.00,3.00,0.00,29.97,M,6.21,M,BKN,M,M,M,1700.00,M,M,M,M,M,M,M,M,M,M,57.20,FAGG 021700Z 11003KT 080V140 9999 BKN017 14/11 Q1015,M
FAGG,2026-09-02 18:00,57.20,51.80,82.13,130.00,3.00,0.00,30.00,M,6.21,M,FEW,BKN,M,M,1300.00,1800.00,M,M,M,M,M,M,M,M,M,57.20,FAGG 021800Z 13003KT 090V160 9999 FEW013 BKN018 14/11 Q1016,M
FAGG,2026-09-02 19:00,57.20,51.80,82.13,90.00,5.00,0.00,29.97,M,6.21,M,OVC,M,M,M,1800.00,M,M,M,M,M,M,M,M,M,M,57.20,FAGG 021900Z AUTO 09005KT 9999 OVC018/// 14/11 Q1015,M
FAGG,2026-09-02 20:00,57.20,51.80,82.13,120.00,4.00,0.00,29.97,M,6.21,M,BKN,OVC,M,M,1900.00,2300.00,M,M,M,M,M,M,M,M,M,57.20,FAGG 022000Z AUTO 12004KT 080V160 9999 BKN019/// OVC023/// 14/11 Q1015,M
FAGG,2026-09-02 21:00,55.40,51.80,87.65,130.00,2.00,0.00,29.94,M,6.21,M,SCT,BKN,M,M,2200.00,14000.00,M,M,M,M,M,M,M,M,M,55.40,FAGG 022100Z AUTO 13002KT 9999 SCT022/// BKN140/// 13/11 Q1014,M
FAGG,2026-09-02 22:00,53.60,51.80,93.60,140.00,3.00,0.00,29.91,M,6.21,M,BKN,M,M,M,2400.00,M,M,M,M,M,M,M,M,M,M,53.60,FAGG 022200Z AUTO 14003KT 110V170 9999 BKN024/// 12/11 Q1013,M
FAGG,2026-09-02 22:37,55.40,51.80,87.65,100.00,5.00,0.00,29.88,M,6.21,M,BKN,OVC,M,M,1300.00,1600.00,M,M,M,M,M,M,M,M,M,55.40,FAGG 022237Z AUTO 10005KT 9999 BKN013/// OVC016/// 13/11 Q1012,M
FAGG,2026-09-02 22:51,55.40,53.60,93.65,90.00,6.00,0.00,29.88,M,6.21,M,FEW,OVC,M,M,1300.00,1500.00,M,M,M,M,M,M,M,M,M,55.40,FAGG 022251Z AUTO 09006KT 9999 FEW013/// OVC015/// 13/12 Q1012,M
FAGG,2026-09-02 23:00,55.40,53.60,93.65,90.00,6.00,0.00,29.88,M,6.21,M,FEW,OVC,M,M,1300.00,1500.00,M,M,M,M,M,M,M,M,M,55.40,FAGG 022300Z AUTO 09006KT 9999 FEW013/// OVC015/// 13/12 Q1012,M
FAGG,2026-09-03 00:00,55.40,53.60,93.65,130.00,3.00,0.00,29.85,M,6.21,M,OVC,M,M,M,2200.00,M,M,M,M,M,M,M,M,M,M,55.40,FAGG 030000Z AUTO 13003KT 9999 OVC022/// 13/12 Q1011,M
FAGG,2026-09-03 01:00,55.40,53.60,93.65,200.00,5.00,0.00,29.85,M,6.21,M,BKN,OVC,M,M,1900.00,3100.00,M,M,M,M,M,M,M,M,M,55.40,FAGG 030100Z AUTO 20005KT 9999 BKN019/// OVC031/// 13/12 Q1011,M
FAGG,2026-09-03 02:00,55.40,53.60,93.65,220.00,5.00,0.00,29.85,M,6.21,M,FEW,BKN,BKN,M,1500.00,1700.00,3300.00,M,M,M,M,M,M,M,M,55.40,FAGG 030200Z AUTO 22005KT 9999 FEW015/// BKN017/// BKN033/// 13/12 Q1011,M
FAGG,2026-09-03 02:53,55.40,53.60,93.65,310.00,5.00,0.00,29.85,M,5.59,M,BKN,OVC,M,M,400.00,2000.00,M,M,M,M,M,M,M,M,M,55.40,FAGG 030253Z 31005KT 9000 BKN004 OVC020 13/12 Q1011,M
FAGG,2026-09-03 03:00,55.40,53.60,93.65,300.00,5.00,0.00,29.85,M,5.59,M,BKN,OVC,M,M,400.00,2000.00,M,M,M,M,M,M,M,M,M,55.40,FAGG 030300Z 30005KT 9000 BKN004 OVC020 13/12 Q1011,M
FAGG,2026-09-03 03:21,55.40,53.60,93.65,330.00,5.00,0.00,29.85,M,4.97,M,BKN,OVC,M,M,400.00,1200.00,M,M,-DZ,M,M,M,M,M,M,55.40,FAGG 030321Z 33005KT 8000 -DZ BKN004 OVC012 13/12 Q1011,M
FAGG,2026-09-03 04:00,55.40,53.60,93.65,300.00,4.00,0.00,29.85,M,4.97,M,BKN,OVC,M,M,400.00,1200.00,M,M,-DZ,M,M,M,M,M,M,55.40,FAGG 030400Z 30004KT 270V340 8000 -DZ BKN004 OVC012 13/12 Q1011,M
FAGG,2026-09-03 04:23,55.40,53.60,93.65,270.00,3.00,0.00,29.85,M,4.35,M,SCT,OVC,M,M,700.00,1600.00,M,M,M,M,M,M,M,M,M,55.40,FAGG 030423Z 27003KT 7000 SCT007 OVC016 13/12 Q1011,M
FAGG,2026-09-03 04:43,55.40,53.60,93.65,250.00,4.00,0.00,29.85,M,2.67,M,BKN,OVC,M,M,800.00,1700.00,M,M,-DZ BR,M,M,M,M,M,M,55.40,FAGG 030443Z 25004KT 4300 -DZ BR BKN008 OVC017 13/12 Q1011,M
FAGG,2026-09-03 04:55,55.40,53.60,93.65,260.00,4.00,0.00,29.85,M,1.49,M,BKN,OVC,M,M,1200.00,1800.00,M,M,-DZ BR,M,M,M,M,M,M,55.40,FAGG 030455Z 26004KT 2400 -DZ BR BKN012 OVC018 13/12 Q1011,M
FAGG,2026-09-03 05:00,55.40,53.60,93.65,260.00,4.00,0.00,29.85,M,1.49,M,BKN,OVC,M,M,1200.00,1700.00,M,M,-DZ BR,M,M,M,M,M,M,55.40,FAGG 030500Z 26004KT 2400 -DZ BR BKN012 OVC017 13/12 Q1011,M
FAGG,2026-09-03 05:24,55.40,55.40,100.00,270.00,4.00,0.00,29.88,M,1.18,M,FEW,BKN,OVC,M,400.00,800.00,1300.00,M,-RA BR,M,M,M,M,M,M,55.40,FAGG 030524Z 27004KT 1900 -RA BR FEW004 BKN008 OVC013 13/13 Q1012,M
FAGG,2026-09-03 05:49,55.40,55.40,100.00,280.00,4.00,0.00,29.88,M,0.99,M,BKN,OVC,M,M,100.00,1000.00,M,M,-DZ BR,M,M,M,M,M,M,55.40,FAGG 030549Z 28004KT 250V310 1600 -DZ BR BKN001 OVC010 13/13 Q1012,M
FAGG,2026-09-03 06:00,55.40,55.40,100.00,290.00,4.00,0.00,29.88,M,1.06,M,BKN,OVC,M,M,100.00,1000.00,M,M,-DZ BR,M,M,M,M,M,M,55.40,FAGG 030600Z 29004KT 1700 -DZ BR BKN001 OVC010 13/13 Q1012,M
FAGG,2026-09-03 07:00,55.40,55.40,100.00,270.00,6.00,0.00,29.91,M,1.06,M,BKN,OVC,M,M,100.00,1000.00,M,M,-DZ BR,M,M,M,M,M,M,55.40,FAGG 030700Z 27006KT 1700 -DZ BR BKN001 OVC010 13/13 Q1013,M
FAGG,2026-09-03 08:00,57.20,55.40,93.70,290.00,6.00,0.00,29.91,M,0.99,M,BKN,OVC,M,M,100.00,1000.00,M,M,-DZ BR,M,M,M,M,M,M,57.20,FAGG 030800Z 29006KT 1600 -DZ BR BKN001 OVC010 14/13 Q1013,M
FAGG,2026-09-03 08:41,57.20,57.20,100.00,280.00,7.00,0.00,29.94,M,0.99,M,BKN,OVC,M,M,200.00,1100.00,M,M,-DZ BR,M,M,M,M,M,M,57.20,FAGG 030841Z 28007KT 1600 -DZ BR BKN002 OVC011 14/14 Q1014,M
FAGG,2026-09-03 09:00,57.20,57.20,100.00,280.00,8.00,0.00,29.94,M,1.12,M,BKN,OVC,M,M,200.00,1200.00,M,M,-DZ BR,M,M,M,M,M,M,57.20,FAGG 030900Z 28008KT 1800 -DZ BR BKN002 OVC012 14/14 Q1014,M
FAGG,2026-09-03 09:29,57.20,57.20,100.00,280.00,7.00,0.00,29.94,M,0.87,M,BKN,OVC,M,M,200.00,1300.00,M,M,RA BR,M,M,M,M,M,M,57.20,FAGG 030929Z 28007KT 1400 RA BR BKN002 OVC013 14/14 Q1014,M
FAGG,2026-09-03 09:41,59.00,57.20,93.74,260.00,9.00,0.00,29.94,M,1.30,M,BKN,OVC,M,M,200.00,1800.00,M,M,-RA BR,M,M,M,M,M,M,59.00,FAGG 030941Z 26009KT 230V290 2100 -RA BR BKN002 OVC018 15/14 Q1014,M
FAGG,2026-09-03 10:00,59.00,57.20,93.74,240.00,7.00,0.00,29.94,M,1.49,M,BKN,OVC,M,M,200.00,2200.00,M,M,RA BR,M,M,M,M,M,M,59.00,FAGG 031000Z 24007KT 2400 RA BR BKN002 OVC022 15/14 Q1014,M
FAGG,2026-09-03 10:27,59.00,57.20,93.74,250.00,7.00,0.00,29.94,M,2.49,M,BKN,OVC,M,M,400.00,1600.00,M,M,RA,M,M,M,M,M,M,59.00,FAGG 031027Z 25007KT 4000 RA BKN004 OVC016 15/14 Q1014,M
FAGG,2026-09-03 10:48,59.00,59.00,100.00,250.00,8.00,0.00,29.94,M,2.98,M,FEW,BKN,OVC,M,300.00,500.00,2200.00,M,-RA,M,M,M,M,M,M,59.00,FAGG 031048Z 25008KT 4800 -RA FEW003 BKN005 OVC022 15/15 Q1014,M
FAGG,2026-09-03 11:00,59.00,57.20,93.74,250.00,7.00,0.00,29.94,M,2.98,M,FEW,BKN,OVC,M,200.00,500.00,2500.00,M,-RA,M,M,M,M,M,M,59.00,FAGG 031100Z 25007KT 4800 -RA FEW002 BKN005 OVC025 15/14 Q1014,M
FAGG,2026-09-03 11:15,59.00,59.00,100.00,210.00,5.00,0.00,29.94,M,1.74,M,BKN,OVC,M,M,200.00,1100.00,M,M,-RA BR,M,M,M,M,M,M,59.00,FAGG 031115Z 21005KT 150V280 2800 -RA BR BKN002 OVC011 15/15 Q1014,M
FAGG,2026-09-03 11:23,59.00,57.20,93.74,170.00,12.00,0.00,29.94,M,1.74,23.00,BKN,OVC,M,M,200.00,900.00,M,M,-RA BR,M,M,M,M,M,M,59.00,FAGG 031123Z 17012G23KT 2800 -RA BR BKN002 OVC009 15/14 Q1014,M
FAGG,2026-09-03 11:41,59.00,57.20,93.74,160.00,19.00,0.00,29.94,M,1.55,29.00,OVC,M,M,M,200.00,M,M,M,-RA BR,M,M,M,M,M,M,59.00,FAGG 031141Z 16019G29KT 2500 -RA BR OVC002 15/14 Q1014,M
FAGG,2026-09-03 11:50,57.20,57.20,100.00,170.00,19.00,0.00,29.94,M,1.62,29.00,OVC,M,M,M,200.00,M,M,M,RA BR,M,M,M,M,M,M,57.20,FAGG 031150Z 17019G29KT 2600 RA BR OVC002 14/14 Q1014,M
FAGG,2026-09-03 12:00,57.20,57.20,100.00,170.00,17.00,0.00,29.94,M,1.55,M,OVC,M,M,M,200.00,M,M,M,RA BR,M,M,M,M,M,M,57.20,FAGG 031200Z 17017KT 2500 RA BR OVC002 14/14 Q1014,M
FAGG,2026-09-03 12:13,59.00,57.20,93.74,170.00,16.00,0.00,29.94,M,2.36,M,OVC,M,M,M,200.00,M,M,M,-RA BR,M,M,M,M,M,M,59.00,FAGG 031213Z 17016KT 3800 -RA BR OVC002 15/14 Q1014,M
FAGG,2026-09-03 12:32,57.20,57.20,100.00,160.00,17.00,0.00,29.97,M,2.80,27.00,BKN,OVC,M,M,300.00,900.00,M,M,-RA BR,M,M,M,M,M,M,57.20,FAGG 031232Z 16017G27KT 4500 -RA BR BKN003 OVC009 14/14 Q1015,M
FAGG,2026-09-03 12:46,57.20,55.40,93.70,160.00,18.00,0.00,29.97,M,1.37,M,BKN,OVC,M,M,200.00,800.00,M,M,RA BR,M,M,M,M,M,M,57.20,FAGG 031246Z 16018KT 120V180 2200 RA BR BKN002 OVC008 14/13 Q1015,M
FAGG,2026-09-03 12:55,57.20,55.40,93.70,160.00,18.00,0.00,29.97,M,1.06,28.00,BKN,OVC,M,M,200.00,700.00,M,M,RA,M,M,M,M,M,M,57.20,FAGG 031255Z 16018G28KT 1700 RA BKN002 OVC007 14/13 Q1015,M
FAGG,2026-09-03 13:00,57.20,55.40,93.70,170.00,18.00,0.00,29.97,M,1.12,28.00,BKN,OVC,M,M,200.00,700.00,M,M,RA,M,M,M,M,M,M,57.20,FAGG 031300Z 17018G28KT 1800 RA BKN002 OVC007 14/13 Q1015,M
FAGG,2026-09-03 13:25,57.20,55.40,93.70,180.00,16.00,0.00,29.97,M,3.11,M,SCT,BKN,OVC,M,300.00,600.00,2500.00,M,-RA,M,M,M,M,M,M,57.20,FAGG 031325Z 18016KT 140V200 5000 -RA SCT003 BKN006 OVC025 14/13 Q1015,M
FAGG,2026-09-03 13:27,57.20,55.40,93.70,170.00,18.00,0.00,29.97,M,3.11,30.00,SCT,BKN,OVC,M,300.00,600.00,1300.00,M,-RA,M,M,M,M,M,M,57.20,FAGG 031327Z 17018G30KT 140V200 5000 -RA SCT003 BKN006 OVC013 14/13 Q1015,M
FAGG,2026-09-03 13:43,57.20,55.40,93.70,150.00,22.00,0.00,29.97,M,2.73,33.00,BKN,OVC,M,M,400.00,1100.00,M,M,RA,M,M,M,M,M,M,57.20,FAGG 031343Z 15022G33KT 4400 RA BKN004 OVC011 14/13 Q1015,M
FAGG,2026-09-03 14:00,55.40,55.40,100.00,140.00,22.00,0.00,30.00,M,2.11,M,BKN,OVC,M,M,400.00,1000.00,M,M,RA,M,M,M,M,M,M,55.40,FAGG 031400Z 14022KT 3400 RA BKN004 OVC010 13/13 Q1016,M
FAGG,2026-09-03 14:03,55.40,55.40,100.00,140.00,21.00,0.00,30.00,M,2.17,31.00,SCT,BKN,OVC,M,300.00,600.00,2200.00,M,RA,M,M,M,M,M,M,55.40,FAGG 031403Z 14021G31KT 3500 RA SCT003 BKN006 OVC022 13/13 Q1016,M
FAGG,2026-09-03 14:24,55.40,53.60,93.65,130.00,15.00,0.00,30.03,M,1.74,M,SCT,BKN,OVC,M,300.00,600.00,2200.00,M,RA,M,M,M,M,M,M,55.40,FAGG 031424Z 13015KT 110V170 2800 RA SCT003 BKN006 OVC022 13/12 Q1017,M
FAGG,2026-09-03 14:54,55.40,53.60,93.65,130.00,14.00,0.00,30.06,M,1.99,M,SCT,BKN,OVC,M,400.00,1200.00,2100.00,M,RA,M,M,M,M,M,M,55.40,FAGG 031454Z 13014KT 3200 RA SCT004 BKN012 OVC021 13/12 Q1018,M
FAGG,2026-09-03 15:00,55.40,53.60,93.65,130.00,14.00,0.00,30.06,M,1.99,M,SCT,BKN,OVC,M,400.00,1200.00,2200.00,M,RA,M,M,M,M,M,M,55.40,FAGG 031500Z 13014KT 3200 RA SCT004 BKN012 OVC022 13/12 Q1018,M
FAGG,2026-09-03 15:56,53.60,50.00,87.56,110.00,12.00,0.00,30.09,M,2.98,M,SCT,BKN,OVC,M,500.00,1600.00,3000.00,M,-RA BR,M,M,M,M,M,M,53.60,FAGG 031556Z 11012KT 4800 -RA BR SCT005 BKN016 OVC030 12/10 Q1019,M
FAGG,2026-09-03 16:00,53.60,50.00,87.56,110.00,11.00,0.00,30.09,M,2.98,M,SCT,BKN,OVC,M,500.00,1600.00,3000.00,M,-RA BR,M,M,M,M,M,M,53.60,FAGG 031600Z 11011KT 4800 -RA BR SCT005 BKN016 OVC030 12/10 Q1019,M
FAGG,2026-09-03 16:26,53.60,51.80,93.60,120.00,8.00,0.00,30.12,M,2.80,M,SCT,BKN,OVC,M,600.00,1800.00,3000.00,M,RA,M,M,M,M,M,M,53.60,FAGG 031626Z 12008KT 090V150 4500 RA SCT006 BKN018 OVC030 12/11 Q1020,M
FAGG,2026-09-03 16:54,55.40,51.80,87.65,120.00,10.00,0.00,30.15,M,4.35,M,SCT,BKN,OVC,M,1000.00,2200.00,4000.00,M,-RA,M,M,M,M,M,M,55.40,FAGG 031654Z 12010KT 090V150 7000 -RA SCT010 BKN022 OVC040 13/11 Q1021,M
FAGG,2026-09-03 17:00,55.40,51.80,87.65,120.00,10.00,0.00,30.15,M,4.35,M,SCT,BKN,OVC,M,1000.00,2200.00,4000.00,M,-RA,M,M,M,M,M,M,55.40,FAGG 031700Z 12010KT 090V150 7000 -RA SCT010 BKN022 OVC040 13/11 Q1021,M
FAGG,2026-09-03 18:00,53.60,50.00,87.56,70.00,10.00,0.00,30.18,M,6.21,M,FEW,BKN,M,M,1800.00,4600.00,M,M,-RA,M,M,M,M,M,M,53.60,FAGG 031800Z 07010KT 9999 -RA FEW018 BKN046 12/10 Q1022,M
FAGG,2026-09-03 19:00,53.60,50.00,87.56,130.00,3.00,0.00,30.21,M,6.21,M,BKN,OVC,M,M,2500.00,11000.00,M,M,-RA,M,M,M,M,M,M,53.60,FAGG 031900Z AUTO 13003KT 9999 -RA BKN025/// OVC110/// 12/10 Q1023,M
FAGG,2026-09-03 20:00,53.60,50.00,87.56,120.00,3.00,0.00,30.21,M,6.21,M,FEW,BKN,M,M,5300.00,12000.00,M,M,M,M,M,M,M,M,M,53.60,FAGG 032000Z AUTO 12003KT 9999 FEW053/// BKN120/// 12/10 Q1023,M
FAGG,2026-09-03 21:00,53.60,50.00,87.56,170.00,4.00,0.00,30.24,M,6.21,M,SCT,BKN,BKN,M,2800.00,3600.00,6400.00,M,M,M,M,M,M,M,M,53.60,FAGG 032100Z AUTO 17004KT 130V230 9999 SCT028/// BKN036/// BKN064/// 12/10 Q1024,M
FAGG,2026-09-03 21:26,57.20,53.60,87.75,140.00,6.00,0.00,30.24,M,6.21,M,BKN,BKN,M,M,2900.00,3600.00,M,M,M,M,M,M,M,M,M,57.20,FAGG 032126Z AUTO 14006KT 9999 BKN029/// BKN036/// 14/12 Q1024,M
FAGG,2026-09-03 22:00,57.20,51.80,82.13,130.00,12.00,0.00,30.27,M,6.21,M,FEW,BKN,M,M,3000.00,5400.00,M,M,M,M,M,M,M,M,M,57.20,FAGG 032200Z AUTO 13012KT 9999 FEW030/// BKN054/// 14/11 Q1025,M
FAGG,2026-09-03 23:00,57.20,51.80,82.13,130.00,14.00,0.00,30.27,M,6.21,M,BKN,BKN,M,M,3300.00,4600.00,M,M,M,M,M,M,M,M,M,57.20,FAGG 032300Z AUTO 13014KT 9999 BKN033/// BKN046/// 14/11 Q1025,M
FAGG,2026-09-04 00:00,57.20,51.80,82.13,140.00,15.00,0.00,30.27,M,6.21,M,SCT,BKN,M,M,3100.00,4700.00,M,M,M,M,M,M,M,M,M,57.20,FAGG 040000Z AUTO 14015KT 9999 SCT031/// BKN047/// 14/11 Q1025,M
FAGG,2026-09-04 00:09,57.20,51.80,82.13,140.00,15.00,0.00,30.27,M,6.21,25.00,FEW,SCT,M,M,3100.00,4700.00,M,M,M,M,M,M,M,M,M,57.20,FAGG 040009Z AUTO 14015G25KT 9999 FEW031/// SCT047/// 14/11 Q1025,M
FAGG,2026-09-04 00:16,57.20,50.00,76.83,140.00,14.00,0.00,30.27,M,6.21,M,FEW,M,M,M,3100.00,M,M,M,M,M,M,M,M,M,M,57.20,FAGG 040016Z AUTO 14014KT 9999 FEW031/// 14/10 Q1025,M
FAGG,2026-09-04 01:00,57.20,50.00,76.83,130.00,13.00,0.00,30.30,M,6.21,M,SCT,BKN,M,M,3200.00,5800.00,M,M,M,M,M,M,M,M,M,57.20,FAGG 040100Z AUTO 13013KT 9999 SCT032/// BKN058/// 14/10 Q1026,M
FAGG,2026-09-04 02:00,57.20,51.80,82.13,130.00,14.00,0.00,30.30,M,6.21,M,BKN,BKN,M,M,3100.00,6300.00,M,M,M,M,M,M,M,M,M,57.20,FAGG 040200Z AUTO 13014KT 9999 BKN031/// BKN063/// 14/11 Q1026,M
FAGG,2026-09-04 03:00,57.20,50.00,76.83,140.00,13.00,0.00,30.33,M,6.21,M,FEW,SCT,M,M,3500.00,4500.00,M,M,M,M,M,M,M,M,M,57.20,FAGG 040300Z 14013KT 9999 FEW035 SCT045 14/10 Q1027,M
FAGG,2026-09-04 04:00,55.40,48.20,76.67,130.00,14.00,0.00,30.36,M,6.21,M,SCT,M,M,M,4500.00,M,M,M,M,M,M,M,M,M,M,55.40,FAGG 040400Z 13014KT 9999 SCT045 13/09 Q1028,M
FAGG,2026-09-04 05:00,55.40,46.40,71.65,140.00,13.00,0.00,30.39,M,6.21,M,FEW,SCT,M,M,3000.00,4500.00,M,M,M,M,M,M,M,M,M,55.40,FAGG 040500Z 14013KT 9999 FEW030 SCT045 13/08 Q1029,M
FAGG,2026-09-04 06:00,57.20,46.40,67.13,130.00,12.00,0.00,30.42,M,6.21,M,FEW,SCT,M,M,3000.00,4900.00,M,M,M,M,M,M,M,M,M,57.20,FAGG 040600Z 13012KT 9999 FEW030 SCT049 14/08 Q1030,M
FAGG,2026-09-04 07:00,59.00,46.40,62.93,110.00,15.00,0.00,30.45,M,6.21,M,FEW,M,M,M,3000.00,M,M,M,M,M,M,M,M,M,M,59.00,FAGG 040700Z 11015KT 9999 FEW030 15/08 Q1031,M
FAGG,2026-09-04 07:23,59.00,46.40,62.93,110.00,14.00,0.00,30.45,M,6.21,25.00,FEW,M,M,M,3000.00,M,M,M,M,M,M,M,M,M,M,59.00,FAGG 040723Z 11014G25KT 9999 FEW030 15/08 Q1031,M
FAGG,2026-09-04 08:00,59.00,48.20,67.34,110.00,12.00,0.00,30.45,M,6.21,M,FEW,M,M,M,3000.00,M,M,M,M,M,M,M,M,M,M,59.00,FAGG 040800Z 11012KT 9999 FEW030 15/09 Q1031,M
FAGG,2026-09-04 09:00,60.80,46.40,59.02,100.00,16.00,0.00,30.45,M,6.21,M,FEW,M,M,M,3500.00,M,M,M,M,M,M,M,M,M,M,60.80,FAGG 040900Z 10016KT 9999 FEW035 16/08 Q1031,M
FAGG,2026-09-04 10:00,60.80,46.40,59.02,110.00,16.00,0.00,30.45,M,6.21,M,FEW,M,M,M,3500.00,M,M,M,M,M,M,M,M,M,M,60.80,FAGG 041000Z 11016KT 9999 FEW035 16/08 Q1031,M
FAGG,2026-09-04 10:46,60.80,48.20,63.16,120.00,15.00,0.00,30.45,M,6.21,25.00,FEW,M,M,M,3500.00,M,M,M,M,M,M,M,M,M,M,60.80,FAGG 041046Z 12015G25KT 9999 FEW035 16/09 Q1031,M
FAGG,2026-09-04 11:00,60.80,46.40,59.02,120.00,18.00,0.00,30.42,M,6.21,M,FEW,M,M,M,3500.00,M,M,M,M,M,M,M,M,M,M,60.80,FAGG 041100Z 12018KT 9999 FEW035 16/08 Q1030,M
FAGG,2026-09-04 12:00,60.80,44.60,55.13,100.00,17.00,0.00,30.42,M,6.21,M,FEW,M,M,M,4000.00,M,M,M,M,M,M,M,M,M,M,60.80,FAGG 041200Z 10017KT 9999 FEW040 16/07 Q1030,M
FAGG,2026-09-04 13:00,60.80,42.80,51.46,110.00,15.00,0.00,30.39,M,6.21,M,FEW,M,M,M,4000.00,M,M,M,M,M,M,M,M,M,M,60.80,FAGG 041300Z 11015KT 9999 FEW040 16/06 Q1029,M
FAGG,2026-09-04 14:00,60.80,44.60,55.13,110.00,14.00,0.00,30.39,M,6.21,M,FEW,M,M,M,4000.00,M,M,M,M,M,M,M,M,M,M,60.80,FAGG 041400Z 11014KT 9999 FEW040 16/07 Q1029,M
FAGG,2026-09-04 15:00,59.00,46.40,62.93,120.00,12.00,0.00,30.39,M,6.21,M,FEW,M,M,M,3500.00,M,M,M,M,M,M,M,M,M,M,59.00,FAGG 041500Z 12012KT 9999 FEW035 15/08 Q1029,M
FAGG,2026-09-04 16:00,57.20,46.40,67.13,110.00,10.00,0.00,30.39,M,6.21,M,BKN,M,M,M,4800.00,M,M,M,M,M,M,M,M,M,M,57.20,FAGG 041600Z 11010KT 9999 BKN048 14/08 Q1029,M
FAGG,2026-09-04 17:00,55.40,42.80,62.46,90.00,10.00,0.00,30.39,M,6.21,M,SCT,M,M,M,4800.00,M,M,M,M,M,M,M,M,M,M,55.40,FAGG 041700Z 09010KT 9999 SCT048 13/06 Q1029,M
FAGG,2026-09-04 18:00,53.60,41.00,62.22,80.00,9.00,0.00,30.42,M,6.21,M,FEW,M,M,M,4800.00,M,M,M,M,M,M,M,M,M,M,53.60,FAGG 041800Z 08009KT 9999 FEW048 12/05 Q1030,M
FAGG,2026-09-04 19:00,51.80,42.80,71.26,90.00,9.00,0.00,30.39,M,6.21,M,M,M,M,M,M,M,M,M,M,M,M,M,M,M,M,51.80,FAGG 041900Z AUTO 09009KT CAVOK 11/06 Q1029,M
FAGG,2026-09-04 20:00,50.00,42.80,76.17,100.00,8.00,0.00,30.39,M,6.21,M,M,M,M,M,M,M,M,M,M,M,M,M,M,M,M,50.00,FAGG 042000Z AUTO 10008KT CAVOK 10/06 Q1029,M
FAGG,2026-09-04 21:00,50.00,42.80,76.17,110.00,8.00,0.00,30.39,M,6.21,M,M,M,M,M,M,M,M,M,M,M,M,M,M,M,M,50.00,FAGG 042100Z AUTO 11008KT CAVOK 10/06 Q1029,M
FAGG,2026-09-04 22:00,48.20,39.20,70.87,80.00,5.00,0.00,30.36,M,6.21,M,M,M,M,M,M,M,M,M,M,M,M,M,M,M,M,45.63,FAGG 042200Z AUTO 08005KT CAVOK 09/04 Q1028,M
FAGG,2026-09-04 23:00,46.40,39.20,75.84,50.00,3.00,0.00,30.36,M,6.21,M,M,M,M,M,M,M,M,M,M,M,M,M,M,M,M,45.15,FAGG 042300Z AUTO 05003KT 020V080 CAVOK 08/04 Q1028,M
FAGG,2026-09-05 00:00,46.40,39.20,75.84,100.00,5.00,0.00,30.36,M,6.21,M,M,M,M,M,M,M,M,M,M,M,M,M,M,M,M,43.50,FAGG 050000Z AUTO 10005KT CAVOK 08/04 Q1028,M
FAGG,2026-09-05 00:10,50.00,39.20,66.26,70.00,5.00,0.00,30.36,M,6.21,M,M,M,M,M,M,M,M,M,M,M,M,M,M,M,M,50.00,FAGG 050010Z AUTO 07005KT CAVOK 10/04 Q1028,M
FAGG,2026-09-05 01:00,42.80,39.20,86.99,M,2.00,0.00,30.33,M,6.21,M,M,M,M,M,M,M,M,M,M,M,M,M,M,M,M,42.80,FAGG 050100Z AUTO VRB02KT CAVOK 06/04 Q1027,M
FAGG,2026-09-05 02:00,44.60,39.20,81.20,340.00,3.00,0.00,30.33,M,6.21,M,M,M,M,M,M,M,M,M,M,M,M,M,M,M,M,43.09,FAGG 050200Z AUTO 34003KT CAVOK 07/04 Q1027,M
FAGG,2026-09-05 03:00,42.80,39.20,86.99,330.00,3.00,0.00,30.33,M,6.21,M,M,M,M,M,M,M,M,M,M,M,M,M,M,M,M,41.03,FAGG 050300Z 33003KT CAVOK 06/04 Q1027,M
FAGG,2026-09-05 04:00,44.60,41.00,87.08,360.00,4.00,0.00,30.33,M,6.21,M,M,M,M,M,M,M,M,M,M,M,M,M,M,M,M,42.13,FAGG 050400Z 36004KT CAVOK 07/05 Q1027,M
FAGG,2026-09-05 05:00,44.60,41.00,87.08,330.00,3.00,0.00,30.36,M,6.21,M,M,M,M,M,M,M,M,M,M,M,M,M,M,M,M,43.09,FAGG 050500Z 33003KT CAVOK 07/05 Q1028,M
FAGG,2026-09-05 05:55,48.20,44.60,87.28,360.00,2.00,0.00,30.36,M,6.21,M,M,M,M,M,M,M,M,M,M,M,M,M,M,M,M,48.20,FAGG 050555Z 36002KT CAVOK 09/07 Q1028,M
FAGG,2026-09-05 06:00,48.20,44.60,87.28,360.00,2.00,0.00,30.36,M,6.21,M,M,M,M,M,M,M,M,M,M,M,M,M,M,M,M,48.20,FAGG 050600Z 36002KT CAVOK 09/07 Q1028,M
FAGG,2026-09-05 06:18,51.80,46.40,81.74,350.00,3.00,0.00,30.36,M,6.21,M,M,M,M,M,M,M,M,M,M,M,M,M,M,M,M,51.80,FAGG 050618Z 35003KT CAVOK 11/08 Q1028,M
FAGG,2026-09-05 06:48,55.40,42.80,62.46,M,1.00,0.00,30.36,M,6.21,M,M,M,M,M,M,M,M,M,M,M,M,M,M,M,M,55.40,FAGG 050648Z VRB01KT CAVOK 13/06 Q1028,M
FAGG,2026-09-05 07:00,55.40,44.60,66.91,M,1.00,0.00,30.36,M,6.21,M,M,M,M,M,M,M,M,M,M,M,M,M,M,M,M,55.40,FAGG 050700Z VRB01KT CAVOK 13/07 Q1028,M
FAGG,2026-09-05 08:00,59.00,46.40,62.93,M,4.00,0.00,30.36,M,6.21,M,FEW,M,M,M,4600.00,M,M,M,M,M,M,M,M,M,M,59.00,FAGG 050800Z VRB04KT 9999 FEW046 15/08 Q1028,M
FAGG,2026-09-05 09:00,60.80,44.60,55.13,120.00,9.00,0.00,30.33,M,6.21,M,FEW,M,M,M,3500.00,M,M,M,M,M,M,M,M,M,M,60.80,FAGG 050900Z 12009KT 9999 FEW035 16/07 Q1027,M
FAGG,2026-09-05 10:00,60.80,46.40,59.02,120.00,11.00,0.00,30.30,M,6.21,M,FEW,M,M,M,3300.00,M,M,M,M,M,M,M,M,M,M,60.80,FAGG 051000Z 12011KT 9999 FEW033 16/08 Q1026,M
FAGG,2026-09-05 11:00,60.80,50.00,67.55,110.00,13.00,0.00,30.27,M,6.21,M,SCT,M,M,M,4100.00,M,M,M,M,M,M,M,M,M,M,60.80,FAGG 051100Z 11013KT 9999 SCT041 16/10 Q1025,M
FAGG,2026-09-05 12:00,60.80,50.00,67.55,110.00,14.00,0.00,30.27,M,6.21,M,SCT,M,M,M,3700.00,M,M,M,M,M,M,M,M,M,M,60.80,FAGG 051200Z 11014KT 9999 SCT037 16/10 Q1025,M
FAGG,2026-09-05 13:00,62.60,51.80,67.76,110.00,14.00,0.00,30.24,M,6.21,M,SCT,M,M,M,3600.00,M,M,M,M,M,M,M,M,M,M,62.60,FAGG 051300Z 11014KT 9999 SCT036 17/11 Q1024,M
FAGG,2026-09-05 14:00,60.80,51.80,72.21,110.00,13.00,0.00,30.24,M,6.21,M,SCT,M,M,M,2000.00,M,M,M,M,M,M,M,M,M,M,60.80,FAGG 051400Z 11013KT 9999 SCT020 16/11 Q1024,M
FAGG,2026-09-05 15:00,59.00,51.80,76.99,110.00,14.00,0.00,30.24,M,6.21,M,FEW,SCT,M,M,2000.00,3500.00,M,M,M,M,M,M,M,M,M,59.00,FAGG 051500Z 11014KT 9999 FEW020 SCT035 15/11 Q1024,M
FAGG,2026-09-05 16:00,57.20,51.80,82.13,110.00,13.00,0.00,30.27,M,6.21,M,FEW,BKN,M,M,2000.00,3500.00,M,M,M,M,M,M,M,M,M,57.20,FAGG 051600Z 11013KT 9999 FEW020 BKN035 14/11 Q1025,M
FAGG,2026-09-05 17:00,57.20,53.60,87.75,110.00,11.00,0.00,30.27,M,6.21,M,SCT,BKN,M,M,2000.00,3800.00,M,M,M,M,M,M,M,M,M,57.20,FAGG 051700Z 11011KT 9999 SCT020 BKN038 14/12 Q1025,M
FAGG,2026-09-05 18:00,57.20,51.80,82.13,100.00,9.00,0.00,30.30,M,6.21,M,SCT,BKN,M,M,2100.00,4400.00,M,M,M,M,M,M,M,M,M,57.20,FAGG 051800Z 10009KT 9999 SCT021 BKN044 14/11 Q1026,M
FAGG,2026-09-05 19:00,57.20,51.80,82.13,100.00,9.00,0.00,30.30,M,6.21,M,SCT,BKN,M,M,2500.00,5100.00,M,M,M,M,M,M,M,M,M,57.20,FAGG 051900Z AUTO 10009KT 9999 SCT025/// BKN051/// 14/11 Q1026,M
FAGG,2026-09-05 20:00,57.20,51.80,82.13,90.00,9.00,0.00,30.30,M,6.21,M,BKN,BKN,M,M,2600.00,4900.00,M,M,M,M,M,M,M,M,M,57.20,FAGG 052000Z AUTO 09009KT 9999 BKN026/// BKN049/// 14/11 Q1026,M
FAGG,2026-09-05 21:00,55.40,51.80,87.65,110.00,6.00,0.00,30.30,M,6.21,M,SCT,SCT,M,M,2800.00,4700.00,M,M,M,M,M,M,M,M,M,55.40,FAGG 052100Z AUTO 11006KT 9999 SCT028/// SCT047/// 13/11 Q1026,M
FAGG,2026-09-05 22:00,57.20,51.80,82.13,100.00,6.00,0.00,30.33,M,6.21,M,FEW,BKN,M,M,2900.00,4300.00,M,M,M,M,M,M,M,M,M,57.20,FAGG 052200Z AUTO 10006KT 9999 FEW029/// BKN043/// 14/11 Q1027,M
FAGG,2026-09-05 23:00,57.20,51.80,82.13,100.00,7.00,0.00,30.33,M,6.21,M,FEW,OVC,M,M,2700.00,4200.00,M,M,M,M,M,M,M,M,M,57.20,FAGG 052300Z AUTO 10007KT 9999 FEW027/// OVC042/// 14/11 Q1027,M
FAGG,2026-09-06 00:00,57.20,51.80,82.13,100.00,5.00,0.00,30.33,M,6.21,M,BKN,OVC,M,M,3500.00,4400.00,M,M,M,M,M,M,M,M,M,57.20,FAGG 060000Z AUTO 10005KT 9999 BKN035/// OVC044/// 14/11 Q1027,M
FAGG,2026-09-06 01:00,57.20,51.80,82.13,80.00,5.00,0.00,30.33,M,6.21,M,OVC,M,M,M,4100.00,M,M,M,M,M,M,M,M,M,M,57.20,FAGG 060100Z AUTO 08005KT 9999 OVC041/// 14/11 Q1027,M
FAGG,2026-09-06 02:00,57.20,50.00,76.83,110.00,7.00,0.00,30.30,M,6.21,M,BKN,M,M,M,4000.00,M,M,M,M,M,M,M,M,M,M,57.20,FAGG 060200Z 11007KT 9999 BKN040 14/10 Q1026,M
FAGG,2026-09-06 03:00,55.40,51.80,87.65,120.00,5.00,0.00,30.30,M,6.21,M,BKN,M,M,M,4000.00,M,M,M,M,M,M,M,M,M,M,55.40,FAGG 060300Z 12005KT 9999 BKN040 13/11 Q1026,M
FAGG,2026-09-06 04:00,57.20,51.80,82.13,90.00,6.00,0.00,30.33,M,6.21,M,BKN,M,M,M,4000.00,M,M,M,M,M,M,M,M,M,M,57.20,FAGG 060400Z 09006KT 9999 BKN040 14/11 Q1027,M
FAGG,2026-09-06 05:00,57.20,50.00,76.83,90.00,8.00,0.00,30.33,M,6.21,M,FEW,BKN,M,M,2500.00,3800.00,M,M,M,M,M,M,M,M,M,57.20,FAGG 060500Z 09008KT 9999 FEW025 BKN038 14/10 Q1027,M
FAGG,2026-09-06 06:00,57.20,51.80,82.13,100.00,7.00,0.00,30.36,M,6.21,M,FEW,BKN,M,M,2200.00,3800.00,M,M,M,M,M,M,M,M,M,57.20,FAGG 060600Z 10007KT 9999 FEW022 BKN038 14/11 Q1028,M
FAGG,2026-09-06 07:00,59.00,51.80,76.99,100.00,12.00,0.00,30.36,M,6.21,M,FEW,BKN,M,M,2000.00,4000.00,M,M,M,M,M,M,M,M,M,59.00,FAGG 060700Z 10012KT 9999 FEW020 BKN040 15/11 Q1028,M
FAGG,2026-09-06 08:00,60.80,51.80,72.21,100.00,15.00,0.00,30.36,M,6.21,M,FEW,BKN,M,M,2000.00,4500.00,M,M,M,M,M,M,M,M,M,60.80,FAGG 060800Z 10015KT 9999 FEW020 BKN045 16/11 Q1028,M
FAGG,2026-09-06 09:00,64.40,53.60,67.97,100.00,16.00,0.00,30.36,M,6.21,M,FEW,SCT,M,M,2200.00,4500.00,M,M,M,M,M,M,M,M,M,64.40,FAGG 060900Z 10016KT 9999 FEW022 SCT045 18/12 Q1028,M
FAGG,2026-09-06 10:00,64.40,53.60,67.97,100.00,15.00,0.00,30.33,M,6.21,M,SCT,M,M,M,2500.00,M,M,M,M,M,M,M,M,M,M,64.40,FAGG 061000Z 10015KT 9999 SCT025 18/12 Q1027,M
FAGG,2026-09-06 11:00,64.40,53.60,67.97,110.00,15.00,0.00,30.30,M,6.21,M,FEW,BKN,M,M,2400.00,3800.00,M,M,M,M,M,M,M,M,M,64.40,FAGG 061100Z 11015KT 9999 FEW024 BKN038 18/12 Q1026,M
FAGG,2026-09-06 12:00,64.40,53.60,67.97,110.00,16.00,0.00,30.27,M,6.21,M,FEW,BKN,M,M,2400.00,3700.00,M,M,M,M,M,M,M,M,M,64.40,FAGG 061200Z 11016KT 9999 FEW024 BKN037 18/12 Q1025,M
FAGG,2026-09-06 13:00,60.80,53.60,77.15,110.00,18.00,0.00,30.27,M,6.21,M,FEW,BKN,M,M,2600.00,3700.00,M,M,M,M,M,M,M,M,M,60.80,FAGG 061300Z 11018KT 9999 FEW026 BKN037 16/12 Q1025,M
FAGG,2026-09-06 14:00,62.60,53.60,72.40,110.00,19.00,0.00,30.27,M,6.21,M,SCT,M,M,M,2800.00,M,M,M,M,M,M,M,M,M,M,62.60,FAGG 061400Z 11019KT 9999 SCT028 17/12 Q1025,M
FAGG,2026-09-06 15:00,60.80,55.40,82.38,110.00,18.00,0.00,30.27,M,6.21,M,FEW,M,M,M,3000.00,M,M,M,M,M,M,M,M,M,M,60.80,FAGG 061500Z 11018KT 9999 FEW030 16/13 Q1025,M
FAGG,2026-09-06 16:00,57.20,53.60,87.75,110.00,13.00,0.00,30.27,M,6.21,M,FEW,M,M,M,3000.00,M,M,M,M,M,M,M,M,M,M,57.20,FAGG 061600Z 11013KT 9999 FEW030 14/12 Q1025,M
FAGG,2026-09-06 17:00,57.20,53.60,87.75,110.00,12.00,0.00,30.27,M,6.21,M,FEW,M,M,M,2500.00,M,M,M,M,M,M,M,M,M,M,57.20,FAGG 061700Z 11012KT 9999 FEW025 14/12 Q1025,M
FAGG,2026-09-06 18:00,57.20,53.60,87.75,110.00,9.00,0.00,30.30,M,6.21,M,M,M,M,M,M,M,M,M,M,M,M,M,M,M,M,57.20,FAGG 061800Z 11009KT CAVOK 14/12 Q1026,M
FAGG,2026-09-06 19:00,55.40,53.60,93.65,100.00,11.00,0.00,30.30,M,6.21,M,M,M,M,M,M,M,M,M,M,M,M,M,M,M,M,55.40,FAGG 061900Z AUTO 10011KT CAVOK 13/12 Q1026,M
FAGG,2026-09-06 20:00,55.40,53.60,93.65,110.00,10.00,0.00,30.30,M,6.21,M,M,M,M,M,M,M,M,M,M,M,M,M,M,M,M,55.40,FAGG 062000Z AUTO 11010KT CAVOK 13/12 Q1026,M
FAGG,2026-09-06 21:00,57.20,51.80,82.13,110.00,10.00,0.00,30.30,M,6.21,M,M,M,M,M,M,M,M,M,M,M,M,M,M,M,M,57.20,FAGG 062100Z AUTO 11010KT CAVOK 14/11 Q1026,M
FAGG,2026-09-06 22:00,55.40,51.80,87.65,110.00,8.00,0.00,30.27,M,6.21,M,M,M,M,M,M,M,M,M,M,M,M,M,M,M,M,55.40,FAGG 062200Z AUTO 11008KT CAVOK 13/11 Q1025,M
FAGG,2026-09-06 23:00,53.60,51.80,93.60,50.00,5.00,0.00,30.27,M,6.21,M,M,M,M,M,M,M,M,M,M,M,M,M,M,M,M,53.60,FAGG 062300Z AUTO 05005KT 010V080 CAVOK 12/11 Q1025,M
FAGG,2026-09-07 00:00,53.60,51.80,93.60,70.00,5.00,0.00,30.24,M,6.21,M,M,M,M,M,M,M,M,M,M,M,M,M,M,M,M,53.60,FAGG 070000Z AUTO 07005KT CAVOK 12/11 Q1024,M
FAGG,2026-09-07 01:00,53.60,51.80,93.60,120.00,3.00,0.00,30.21,M,6.21,M,M,M,M,M,M,M,M,M,M,M,M,M,M,M,M,53.60,FAGG 070100Z AUTO 12003KT 070V180 CAVOK 12/11 Q1023,M
FAGG,2026-09-07 02:00,51.80,50.00,93.55,70.00,6.00,0.00,30.21,M,6.21,M,M,M,M,M,M,M,M,M,M,M,M,M,M,M,M,51.80,FAGG 070200Z AUTO 07006KT CAVOK 11/10 Q1023,M
FAGG,2026-09-07 03:00,51.80,50.00,93.55,M,2.00,0.00,30.18,M,6.21,M,M,M,M,M,M,M,M,M,M,M,M,M,M,M,M,51.80,FAGG 070300Z AUTO VRB02KT CAVOK 11/10 Q1022,M
FAGG,2026-09-07 04:00,50.00,48.20,93.50,M,2.00,0.00,30.18,M,6.21,M,M,M,M,M,M,M,M,M,M,M,M,M,M,M,M,50.00,FAGG 070400Z AUTO VRB02KT CAVOK 10/09 Q1022,M
FAGG,2026-09-07 05:00,50.00,48.20,93.50,260.00,3.00,0.00,30.21,M,6.21,M,M,M,M,M,M,M,M,M,M,M,M,M,M,M,M,50.00,FAGG 070500Z AUTO 26003KT 200V320 CAVOK 10/09 Q1023,M
FAGG,2026-09-07 05:26,53.60,50.00,87.56,180.00,3.00,0.00,30.21,M,6.21,M,M,M,M,M,M,M,M,M,M,M,M,M,M,M,M,53.60,FAGG 070526Z 18003KT 150V210 CAVOK 12/10 Q1023,M
FAGG,2026-09-07 06:00,55.40,53.60,93.65,240.00,3.00,0.00,30.21,M,6.21,M,M,M,M,M,M,M,M,M,M,M,M,M,M,M,M,55.40,FAGG 070600Z 24003KT 180V280 CAVOK 13/12 Q1023,M
FAGG,2026-09-07 06:17,59.00,53.60,82.26,M,2.00,0.00,30.21,M,6.21,M,M,M,M,M,M,M,M,M,M,M,M,M,M,M,M,59.00,FAGG 070617Z VRB02KT CAVOK 15/12 Q1023,M
FAGG,2026-09-07 06:41,62.60,55.40,77.31,M,2.00,0.00,30.21,M,6.21,M,M,M,M,M,M,M,M,M,M,M,M,M,M,M,M,62.60,FAGG 070641Z VRB02KT CAVOK 17/13 Q1023,M
FAGG,2026-09-07 07:00,62.60,55.40,77.31,200.00,3.00,0.00,30.21,M,6.21,M,M,M,M,M,M,M,M,M,M,M,M,M,M,M,M,62.60,FAGG 070700Z 20003KT 170V230 CAVOK 17/13 Q1023,M
FAGG,2026-09-07 07:22,66.20,55.40,68.18,230.00,3.00,0.00,30.24,M,6.21,M,M,M,M,M,M,M,M,M,M,M,M,M,M,M,M,66.20,FAGG 070722Z 23003KT 190V280 CAVOK 19/13 Q1024,M
FAGG,2026-09-07 07:58,69.80,53.60,56.42,200.00,3.00,0.00,30.21,M,6.21,M,M,M,M,M,M,M,M,M,M,M,M,M,M,M,M,69.80,FAGG 070758Z 20003KT 130V280 CAVOK 21/12 Q1023,M
FAGG,2026-09-07 08:00,69.80,53.60,56.42,200.00,3.00,0.00,30.21,M,6.21,M,M,M,M,M,M,M,M,M,M,M,M,M,M,M,M,69.80,FAGG 070800Z 20003KT 130V280 CAVOK 21/12 Q1023,M
FAGG,2026-09-07 09:00,71.60,57.20,60.48,140.00,4.00,0.00,30.21,M,6.21,M,M,M,M,M,M,M,M,M,M,M,M,M,M,M,M,71.60,FAGG 070900Z 14004KT 100V210 CAVOK 22/14 Q1023,M
FAGG,2026-09-07 09:45,77.00,57.20,50.49,M,2.00,0.00,30.18,M,6.21,M,M,M,M,M,M,M,M,M,M,M,M,M,M,M,M,77.00,FAGG 070945Z VRB02KT CAVOK 25/14 Q1022,M
FAGG,2026-09-07 10:00,77.00,59.00,53.86,M,3.00,0.00,30.18,M,6.21,M,M,M,M,M,M,M,M,M,M,M,M,M,M,M,M,77.00,FAGG 071000Z VRB03KT CAVOK 25/15 Q1022,M
FAGG,2026-09-07 11:00,80.60,55.40,42.03,350.00,9.00,0.00,30.15,M,6.21,M,M,M,M,M,M,M,M,M,M,M,M,M,M,M,M,80.54,FAGG 071100Z 35009KT CAVOK 27/13 Q1021,M
FAGG,2026-09-07 12:00,82.40,57.20,42.32,340.00,8.00,0.00,30.12,M,6.21,M,FEW,M,M,M,4000.00,M,M,M,M,M,M,M,M,M,M,82.09,FAGG 071200Z 34008KT 9999 FEW040 28/14 Q1020,M
FAGG,2026-09-07 13:00,75.20,57.20,53.60,150.00,7.00,0.00,30.12,M,6.21,M,M,M,M,M,M,M,M,M,M,M,M,M,M,M,M,75.20,FAGG 071300Z 15007KT CAVOK 24/14 Q1020,M
FAGG,2026-09-07 14:00,75.20,57.20,53.60,120.00,5.00,0.00,30.15,M,6.21,M,M,M,M,M,M,M,M,M,M,M,M,M,M,M,M,75.20,FAGG 071400Z 12005KT CAVOK 24/14 Q1021,M
FAGG,2026-09-07 15:00,73.40,57.20,56.92,110.00,3.00,0.00,30.15,M,6.21,M,M,M,M,M,M,M,M,M,M,M,M,M,M,M,M,73.40,FAGG 071500Z 11003KT 080V140 CAVOK 23/14 Q1021,M
FAGG,2026-09-07 16:00,69.80,57.20,64.30,90.00,6.00,0.00,30.15,M,6.21,M,M,M,M,M,M,M,M,M,M,M,M,M,M,M,M,69.80,FAGG 071600Z 09006KT CAVOK 21/14 Q1021,M
FAGG,2026-09-07 17:00,68.00,55.40,64.07,80.00,5.00,0.00,30.15,M,6.21,M,M,M,M,M,M,M,M,M,M,M,M,M,M,M,M,68.00,FAGG 071700Z 08005KT CAVOK 20/13 Q1021,M
FAGG,2026-09-07 18:00,64.40,55.40,72.58,50.00,4.00,0.00,30.18,M,6.21,M,M,M,M,M,M,M,M,M,M,M,M,M,M,M,M,64.40,FAGG 071800Z 05004KT CAVOK 18/13 Q1022,M
FAGG,2026-09-07 19:00,62.60,59.00,88.01,340.00,5.00,0.00,30.21,M,6.21,M,M,M,M,M,M,M,M,M,M,M,M,M,M,M,M,62.60,FAGG 071900Z AUTO 34005KT CAVOK 17/15 Q1023,M
FAGG,2026-09-07 20:00,64.40,57.20,77.46,360.00,4.00,0.00,30.21,M,6.21,M,M,M,M,M,M,M,M,M,M,M,M,M,M,M,M,64.40,FAGG 072000Z AUTO 36004KT CAVOK 18/14 Q1023,M
FAGG,2026-09-07 21:00,64.40,55.40,72.58,M,2.00,0.00,30.21,M,6.21,M,M,M,M,M,M,M,M,M,M,M,M,M,M,M,M,64.40,FAGG 072100Z AUTO VRB02KT CAVOK 18/13 Q1023,M
FAGG,2026-09-07 22:00,60.80,55.40,82.38,20.00,4.00,0.00,30.18,M,6.21,M,M,M,M,M,M,M,M,M,M,M,M,M,M,M,M,60.80,FAGG 072200Z AUTO 02004KT CAVOK 16/13 Q1022,M
FAGG,2026-09-07 22:21,64.40,57.20,77.46,50.00,3.00,0.00,30.18,M,6.21,M,M,M,M,M,M,M,M,M,M,M,M,M,M,M,M,64.40,FAGG 072221Z AUTO 05003KT 040V110 CAVOK 18/14 Q1022,M
FAGG,2026-09-07 23:00,62.60,55.40,77.31,90.00,2.00,0.00,30.18,M,6.21,M,M,M,M,M,M,M,M,M,M,M,M,M,M,M,M,62.60,FAGG 072300Z AUTO 09002KT CAVOK 17/13 Q1022,M
FAGG,2026-09-08 00:00,60.80,55.40,82.38,M,2.00,0.00,30.15,M,6.21,M,M,M,M,M,M,M,M,M,M,M,M,M,M,M,M,60.80,FAGG 080000Z AUTO VRB02KT CAVOK 16/13 Q1021,M
FAGG,2026-09-08 01:00,62.60,55.40,77.31,320.00,2.00,0.00,30.15,M,6.21,M,M,M,M,M,M,M,M,M,M,M,M,M,M,M,M,62.60,FAGG 080100Z AUTO 32002KT CAVOK 17/13 Q1021,M
FAGG,2026-09-08 02:00,59.00,55.40,87.84,340.00,3.00,0.00,30.15,M,6.21,M,M,M,M,M,M,M,M,M,M,M,M,M,M,M,M,59.00,FAGG 080200Z AUTO 34003KT 310V010 CAVOK 15/13 Q1021,M
FAGG,2026-09-08 03:00,59.00,53.60,82.26,340.00,4.00,0.00,30.18,M,6.21,M,M,M,M,M,M,M,M,M,M,M,M,M,M,M,M,59.00,FAGG 080300Z 34004KT CAVOK 15/12 Q1022,M
FAGG,2026-09-08 04:00,60.80,55.40,82.38,10.00,4.00,0.00,30.18,M,6.21,M,M,M,M,M,M,M,M,M,M,M,M,M,M,M,M,60.80,FAGG 080400Z 01004KT CAVOK 16/13 Q1022,M
FAGG,2026-09-08 05:00,60.80,55.40,82.38,30.00,3.00,0.00,30.18,M,6.21,M,M,M,M,M,M,M,M,M,M,M,M,M,M,M,M,60.80,FAGG 080500Z 03003KT CAVOK 16/13 Q1022,M
FAGG,2026-09-08 05:54,64.40,59.00,82.63,M,1.00,0.00,30.18,M,6.21,M,M,M,M,M,M,M,M,M,M,M,M,M,M,M,M,64.40,FAGG 080554Z VRB01KT CAVOK 18/15 Q1022,M
FAGG,2026-09-08 06:00,64.40,59.00,82.63,M,1.00,0.00,30.18,M,6.21,M,M,M,M,M,M,M,M,M,M,M,M,M,M,M,M,64.40,FAGG 080600Z VRB01KT CAVOK 18/15 Q1022,M
FAGG,2026-09-08 06:20,68.00,59.00,72.95,M,2.00,0.00,30.21,M,6.21,M,M,M,M,M,M,M,M,M,M,M,M,M,M,M,M,68.00,FAGG 080620Z VRB02KT CAVOK 20/15 Q1023,M
FAGG,2026-09-08 06:53,71.60,59.00,64.52,M,2.00,0.00,30.21,M,6.21,M,M,M,M,M,M,M,M,M,M,M,M,M,M,M,M,71.60,FAGG 080653Z VRB02KT CAVOK 22/15 Q1023,M
FAGG,2026-09-08 07:00,71.60,59.00,64.52,M,1.00,0.00,30.21,M,6.21,M,M,M,M,M,M,M,M,M,M,M,M,M,M,M,M,71.60,FAGG 080700Z VRB01KT CAVOK 22/15 Q1023,M
FAGG,2026-09-08 08:00,75.20,59.00,57.17,60.00,4.00,0.00,30.21,M,6.21,M,M,M,M,M,M,M,M,M,M,M,M,M,M,M,M,75.20,FAGG 080800Z 06004KT 020V100 CAVOK 24/15 Q1023,M
FAGG,2026-09-08 08:56,80.60,60.80,51.02,M,2.00,0.00,30.18,M,6.21,M,M,M,M,M,M,M,M,M,M,M,M,M,M,M,M,81.46,FAGG 080856Z VRB02KT CAVOK 27/16 Q1022,M
FAGG,2026-09-08 09:00,80.60,60.80,51.02,M,2.00,0.00,30.18,M,6.21,M,M,M,M,M,M,M,M,M,M,M,M,M,M,M,M,81.46,FAGG 080900Z VRB02KT CAVOK 27/16 Q1022,M
FAGG,2026-09-08 10:00,84.20,60.80,45.42,M,3.00,0.00,30.15,M,6.21,M,M,M,M,M,M,M,M,M,M,M,M,M,M,M,M,84.45,FAGG 081000Z VRB03KT CAVOK 29/16 Q1021,M
FAGG,2026-09-08 11:00,86.00,59.00,40.22,340.00,7.00,0.00,30.12,M,6.21,M,M,M,M,M,M,M,M,M,M,M,M,M,M,M,M,85.49,FAGG 081100Z 34007KT CAVOK 30/15 Q1020,M
FAGG,2026-09-08 12:00,87.80,55.40,33.37,310.00,8.00,0.00,30.09,M,6.21,M,M,M,M,M,M,M,M,M,M,M,M,M,M,M,M,86.13,FAGG 081200Z 31008KT CAVOK 31/13 Q1019,M
FAGG,2026-09-08 13:00,87.80,57.20,35.61,320.00,8.00,0.00,30.09,M,6.21,M,M,M,M,M,M,M,M,M,M,M,M,M,M,M,M,86.59,FAGG 081300Z 32008KT 300V360 CAVOK 31/14 Q1019,M
FAGG,2026-09-08 14:00,82.40,60.80,48.13,140.00,8.00,0.00,30.09,M,6.21,M,M,M,M,M,M,M,M,M,M,M,M,M,M,M,M,82.91,FAGG 081400Z 14008KT CAVOK 28/16 Q1019,M
FAGG,2026-09-08 15:00,77.00,59.00,53.86,100.00,8.00,0.00,30.09,M,6.21,M,M,M,M,M,M,M,M,M,M,M,M,M,M,M,M,77.00,FAGG 081500Z 10008KT CAVOK 25/15 Q1019,M
FAGG,2026-09-08 16:00,73.40,57.20,56.92,100.00,8.00,0.00,30.12,M,6.21,M,M,M,M,M,M,M,M,M,M,M,M,M,M,M,M,73.40,FAGG 081600Z 10008KT CAVOK 23/14 Q1020,M
FAGG,2026-09-08 17:00,71.60,57.20,60.48,90.00,8.00,0.00,30.12,M,6.21,M,M,M,M,M,M,M,M,M,M,M,M,M,M,M,M,71.60,FAGG 081700Z 09008KT CAVOK 22/14 Q1020,M
FAGG,2026-09-08 18:00,69.80,59.00,68.59,40.00,4.00,0.00,30.12,M,6.21,M,M,M,M,M,M,M,M,M,M,M,M,M,M,M,M,69.80,FAGG 081800Z 04004KT CAVOK 21/15 Q1020,M
FAGG,2026-09-08 19:00,68.00,60.80,77.77,360.00,3.00,0.00,30.12,M,6.21,M,M,M,M,M,M,M,M,M,M,M,M,M,M,M,M,68.00,FAGG 081900Z AUTO 36003KT CAVOK 20/16 Q1020,M
FAGG,2026-09-08 20:00,68.00,57.20,68.38,60.00,2.00,0.00,30.12,M,6.21,M,M,M,M,M,M,M,M,M,M,M,M,M,M,M,M,68.00,FAGG 082000Z AUTO 06002KT CAVOK 20/14 Q1020,M
FAGG,2026-09-08 21:00,66.20,57.20,72.76,M,1.00,0.00,30.09,M,6.21,M,M,M,M,M,M,M,M,M,M,M,M,M,M,M,M,66.20,FAGG 082100Z AUTO VRB01KT CAVOK 19/14 Q1019,M
FAGG,2026-09-08 22:00,66.20,57.20,72.76,M,2.00,0.00,30.09,M,6.21,M,M,M,M,M,M,M,M,M,M,M,M,M,M,M,M,66.20,FAGG 082200Z AUTO VRB02KT CAVOK 19/14 Q1019,M
FAGG,2026-09-08 23:00,66.20,55.40,68.18,290.00,3.00,0.00,30.06,M,6.21,M,M,M,M,M,M,M,M,M,M,M,M,M,M,M,M,66.20,FAGG 082300Z AUTO 29003KT 220V330 CAVOK 19/13 Q1018,M
FAGG,2026-09-08 23:44,66.20,55.40,68.18,300.00,3.00,0.00,30.06,M,6.21,M,M,M,M,M,M,M,M,M,M,M,M,M,M,M,M,66.20,FAGG 082344Z AUTO 30003KT 240V350 CAVOK 19/13 Q1018,M
FAGG,2026-09-09 00:00,66.20,55.40,68.18,M,3.00,0.00,30.06,M,6.21,M,M,M,M,M,M,M,M,M,M,M,M,M,M,M,M,66.20,FAGG 090000Z AUTO VRB03KT CAVOK 19/13 Q1018,M
FAGG,2026-09-09 00:20,69.80,55.40,60.24,280.00,4.00,0.00,30.06,M,6.21,M,M,M,M,M,M,M,M,M,M,M,M,M,M,M,M,69.80,FAGG 090020Z AUTO 28004KT 250V350 CAVOK 21/13 Q1018,M
FAGG,2026-09-09 01:00,68.00,55.40,64.07,M,2.00,0.00,30.06,M,6.21,M,M,M,M,M,M,M,M,M,M,M,M,M,M,M,M,68.00,FAGG 090100Z AUTO VRB02KT CAVOK 20/13 Q1018,M
FAGG,2026-09-09 02:00,69.80,53.60,56.42,290.00,5.00,0.00,30.03,M,6.21,M,M,M,M,M,M,M,M,M,M,M,M,M,M,M,M,69.80,FAGG 090200Z AUTO 29005KT 240V320 CAVOK 21/12 Q1017,M
FAGG,2026-09-09 02:05,68.00,55.40,64.07,290.00,6.00,0.00,30.03,M,6.21,M,M,M,M,M,M,M,M,M,M,M,M,M,M,M,M,68.00,FAGG 090205Z AUTO 29006KT 230V360 CAVOK 20/13 Q1017,M
FAGG,2026-09-09 02:07,68.00,55.40,64.07,300.00,6.00,0.00,30.03,M,6.21,M,M,M,M,M,M,M,M,M,M,M,M,M,M,M,M,68.00,FAGG 090207Z AUTO 30006KT 240V360 CAVOK 20/13 Q1017,M
FAGG,2026-09-09 02:10,68.00,55.40,64.07,290.00,6.00,0.00,30.03,M,6.21,M,M,M,M,M,M,M,M,M,M,M,M,M,M,M,M,68.00,FAGG 090210Z AUTO 29006KT 260V340 CAVOK 20/13 Q1017,M
FAGG,2026-09-09 02:15,71.60,53.60,53.07,300.00,7.00,0.00,30.03,M,6.21,M,M,M,M,M,M,M,M,M,M,M,M,M,M,M,M,71.60,FAGG 090215Z 30007KT 260V340 CAVOK 22/12 Q1017,M
FAGG,2026-09-09 02:45,75.20,55.40,50.22,320.00,8.00,0.00,30.03,M,6.21,M,M,M,M,M,M,M,M,M,M,M,M,M,M,M,M,75.20,FAGG 090245Z 32008KT CAVOK 24/13 Q1017,M
FAGG,2026-09-09 03:00,77.00,55.40,47.30,310.00,8.00,0.00,30.03,M,6.21,M,M,M,M,M,M,M,M,M,M,M,M,M,M,M,M,77.00,FAGG 090300Z 31008KT CAVOK 25/13 Q1017,M
FAGG,2026-09-09 04:00,75.20,55.40,50.22,280.00,6.00,0.00,30.06,M,6.21,M,M,M,M,M,M,M,M,M,M,M,M,M,M,M,M,75.20,FAGG 090400Z 28006KT CAVOK 24/13 Q1018,M
FAGG,2026-09-09 04:08,78.80,55.40,44.58,330.00,7.00,0.00,30.06,M,6.21,M,M,M,M,M,M,M,M,M,M,M,M,M,M,M,M,78.80,FAGG 090408Z 33007KT CAVOK 26/13 Q1018,M
FAGG,2026-09-09 04:41,69.80,55.40,60.24,200.00,10.00,0.00,30.06,M,6.21,M,M,M,M,M,M,M,M,M,M,M,M,M,M,M,M,69.80,FAGG 090441Z 20010KT CAVOK 21/13 Q1018,M
FAGG,2026-09-09 05:00,64.40,57.20,77.46,190.00,7.00,0.00,30.06,M,6.21,M,M,M,M,M,M,M,M,M,M,M,M,M,M,M,M,64.40,FAGG 090500Z 19007KT CAVOK 18/14 Q1018,M
FAGG,2026-09-09 06:00,66.20,59.00,77.62,160.00,3.00,0.00,30.09,M,6.21,M,M,M,M,M,M,M,M,M,M,M,M,M,M,M,M,66.20,FAGG 090600Z 16003KT 100V200 CAVOK 19/15 Q1019,M
FAGG,2026-09-09 07:00,69.80,60.80,73.13,160.00,4.00,0.00,30.09,M,6.21,M,M,M,M,M,M,M,M,M,M,M,M,M,M,M,M,69.80,FAGG 090700Z 16004KT 120V190 CAVOK 21/16 Q1019,M
FAGG,2026-09-09 07:54,75.20,62.60,64.96,M,2.00,0.00,30.09,M,6.21,M,M,M,M,M,M,M,M,M,M,M,M,M,M,M,M,75.20,FAGG 090754Z VRB02KT CAVOK 24/17 Q1019,M
FAGG,2026-09-09 08:00,75.20,62.60,64.96,M,2.00,0.00,30.09,M,6.21,M,M,M,M,M,M,M,M,M,M,M,M,M,M,M,M,75.20,FAGG 090800Z VRB02KT CAVOK 24/17 Q1019,M
FAGG,2026-09-09 08:12,78.80,64.40,61.42,M,2.00,0.00,30.09,M,6.21,M,M,M,M,M,M,M,M,M,M,M,M,M,M,M,M,78.80,FAGG 090812Z VRB02KT CAVOK 26/18 Q1019,M
FAGG,2026-09-09 08:25,82.40,64.40,54.63,M,1.00,0.00,30.09,M,6.21,M,M,M,M,M,M,M,M,M,M,M,M,M,M,M,M,83.99,FAGG 090825Z VRB01KT CAVOK 28/18 Q1019,M
FAGG,2026-09-09 08:32,86.00,59.00,40.22,M,4.00,0.00,30.09,M,6.21,M,M,M,M,M,M,M,M,M,M,M,M,M,M,M,M,85.49,FAGG 090832Z VRB04KT CAVOK 30/15 Q1019,M
FAGG,2026-09-09 09:00,86.00,57.20,37.70,350.00,8.00,0.00,30.09,M,6.21,M,M,M,M,M,M,M,M,M,M,M,M,M,M,M,M,84.99,FAGG 090900Z 35008KT 310V010 CAVOK 30/14 Q1019,M
FAGG,2026-09-09 10:00,89.60,57.20,33.65,330.00,7.00,0.00,30.06,M,6.21,M,M,M,M,M,M,M,M,M,M,M,M,M,M,M,M,88.30,FAGG 091000Z 33007KT 300V010 CAVOK 32/14 Q1018,M
FAGG,2026-09-09 11:00,89.60,55.40,31.53,330.00,9.00,0.00,30.03,M,6.21,M,M,M,M,M,M,M,M,M,M,M,M,M,M,M,M,87.80,FAGG 091100Z 33009KT 280V010 CAVOK 32/13 Q1017,M
FAGG,2026-09-09 11:52,86.00,60.80,42.88,200.00,10.00,0.00,30.03,M,6.21,M,M,M,M,M,M,M,M,M,M,M,M,M,M,M,M,86.07,FAGG 091152Z 20010KT CAVOK 30/16 Q1017,M
FAGG,2026-09-09 12:00,82.40,60.80,48.13,200.00,9.00,0.00,30.03,M,6.21,M,M,M,M,M,M,M,M,M,M,M,M,M,M,M,M,82.91,FAGG 091200Z 20009KT CAVOK 28/16 Q1017,M
FAGG,2026-09-09 13:00,68.00,60.80,77.77,190.00,10.00,0.00,30.03,M,6.21,M,FEW,M,M,M,500.00,M,M,M,M,M,M,M,M,M,M,68.00,FAGG 091300Z 19010KT 9999 FEW005 20/16 Q1017,M
FAGG,2026-09-09 14:00,64.40,60.80,88.10,220.00,6.00,0.00,30.03,M,6.21,M,FEW,M,M,M,500.00,M,M,M,M,M,M,M,M,M,M,64.40,FAGG 091400Z 22006KT 9999 FEW005 18/16 Q1017,M
FAGG,2026-09-09 14:59,60.80,59.00,93.79,180.00,4.00,0.00,30.03,M,2.49,M,FEW,M,M,M,500.00,M,M,M,BR,M,M,M,M,M,M,60.80,FAGG 091459Z 18004KT 160V220 4000 BR FEW005 16/15 Q1017,M
FAGG,2026-09-09 15:00,60.80,59.00,93.79,180.00,4.00,0.00,30.03,M,2.49,M,FEW,M,M,M,500.00,M,M,M,BR,M,M,M,M,M,M,60.80,FAGG 091500Z 18004KT 160V220 4000 BR FEW005 16/15 Q1017,M
FAGG,2026-09-09 15:07,60.80,59.00,93.79,190.00,5.00,0.00,30.03,M,3.11,M,BKN,M,M,M,200.00,M,M,M,BCFG,M,M,M,M,M,M,60.80,FAGG 091507Z 19005KT 160V220 5000 0500 BCFG BKN002 16/15 Q1017,M
FAGG,2026-09-09 15:12,60.80,59.00,93.79,200.00,4.00,0.00,30.03,M,0.31,M,BKN,M,M,M,200.00,M,M,M,FG,M,M,M,M,M,M,60.80,FAGG 091512Z 20004KT 0500 R29/P2000N FG BKN002 16/15 Q1017,M
FAGG,2026-09-09 15:23,60.80,59.00,93.79,220.00,4.00,0.00,30.06,M,0.31,M,BKN,M,M,M,200.00,M,M,M,FG,M,M,M,M,M,M,60.80,FAGG 091523Z 22004KT 200V260 0500 R29/1700U FG BKN002 16/15 Q1018,M
FAGG,2026-09-09 15:33,60.80,59.00,93.79,230.00,5.00,0.00,30.06,M,1.86,M,BKN,M,M,M,200.00,M,M,M,BR,M,M,M,M,M,M,60.80,FAGG 091533Z 23005KT 3000 0900S BR BKN002 16/15 Q1018,M
FAGG,2026-09-09 15:38,60.80,59.00,93.79,240.00,7.00,0.00,30.06,M,0.31,M,FEW,BKN,M,M,100.00,300.00,M,M,FG,M,M,M,M,M,M,60.80,FAGG 091538Z 24007KT 0500 R29/P2000N FG FEW001 BKN003 16/15 Q1018,M
FAGG,2026-09-09 15:51,60.80,59.00,93.79,240.00,7.00,0.00,30.06,M,0.19,M,BKN,OVC,M,M,100.00,400.00,M,M,FG,M,M,M,M,M,M,60.80,FAGG 091551Z 24007KT 0300 R29/0650D FG BKN001 OVC004 16/15 Q1018,M
FAGG,2026-09-09 16:00,60.80,59.00,93.79,240.00,7.00,0.00,30.06,M,0.19,M,BKN,OVC,M,M,100.00,400.00,M,M,FG,M,M,M,M,M,M,60.80,FAGG 091600Z 24007KT 0300 R29/0650D FG BKN001 OVC004 16/15 Q1018,M
FAGG,2026-09-09 16:01,59.00,59.00,100.00,230.00,7.00,0.00,30.06,M,0.09,M,VV ,M,M,M,100.00,M,M,M,FG,M,M,M,M,M,M,59.00,FAGG 091601Z 23007KT 0150 R29/0325D FG VV001 15/15 Q1018,M
FAGG,2026-09-09 16:52,59.00,59.00,100.00,300.00,2.00,0.00,30.09,M,0.19,M,SCT,OVC,M,M,100.00,300.00,M,M,FG,M,M,M,M,M,M,59.00,FAGG 091652Z 30002KT 0300 R29/0500N FG SCT001 OVC003 15/15 Q1019,M
FAGG,2026-09-09 17:00,59.00,59.00,100.00,300.00,2.00,0.00,30.09,M,0.19,M,SCT,OVC,M,M,100.00,300.00,M,M,FG,M,M,M,M,M,M,59.00,FAGG 091700Z 30002KT 0300 R29/0500N FG SCT001 OVC003 15/15 Q1019,M
FAGG,2026-09-09 17:47,57.20,57.20,100.00,M,1.00,0.00,30.09,M,0.50,M,FEW,SCT,M,M,100.00,300.00,M,M,FG,M,M,M,M,M,M,57.20,FAGG 091747Z VRB01KT 0800 R29/1500U FG FEW001 SCT003 14/14 Q1019,M
FAGG,2026-09-09 18:00,57.20,57.20,100.00,M,1.00,0.00,30.09,M,0.50,M,FEW,SCT,M,M,100.00,300.00,M,M,FG,M,M,M,M,M,M,57.20,FAGG 091800Z VRB01KT 0800 R29/1700D FG FEW001 SCT003 14/14 Q1019,M
FAGG,2026-09-09 18:21,59.00,57.20,93.74,210.00,6.00,0.00,30.09,M,3.73,M,FEW,SCT,M,M,100.00,300.00,M,M,M,M,M,M,M,M,M,59.00,FAGG 091821Z 21006KT 6000 FEW001 SCT003 15/14 Q1019,M
FAGG,2026-09-09 18:29,59.00,57.20,93.74,220.00,7.00,0.00,30.09,M,1.74,M,SCT,M,M,M,200.00,M,M,M,BCFG,M,M,M,M,M,M,59.00,FAGG 091829Z AUTO 22007KT 2800 0700 BCFG SCT002/// 15/14 Q1019,M
FAGG,2026-09-09 18:41,59.00,57.20,93.74,230.00,8.00,0.00,30.12,M,5.59,M,FEW,M,M,M,200.00,M,M,M,M,M,M,M,M,M,M,59.00,FAGG 091841Z AUTO 23008KT 9000 FEW002/// 15/14 Q1020,M
FAGG,2026-09-09 18:54,59.00,57.20,93.74,270.00,6.00,0.00,30.12,M,0.62,M,FEW,SCT,M,M,200.00,400.00,M,M,BR,M,M,M,M,M,M,59.00,FAGG 091854Z AUTO 27006KT 230V310 1000 R29/2000D BR FEW002/// SCT004/// 15/14 Q1020,M
FAGG,2026-09-09 19:00,59.00,57.20,93.74,270.00,6.00,0.00,30.12,M,0.62,M,FEW,SCT,M,M,200.00,400.00,M,M,BR,M,M,M,M,M,M,59.00,FAGG 091900Z AUTO 27006KT 230V310 1000 0900 R29/1900D BR FEW002/// SCT004/// 15/14 Q1020,M
FAGG,2026-09-09 19:01,59.00,57.20,93.74,310.00,6.00,0.00,30.12,M,1.62,M,BKN,M,M,M,200.00,M,M,M,-RA BR,M,M,M,M,M,M,59.00,FAGG 091901Z AUTO 31006KT 2600 -RA BR BKN002/// 15/14 Q1020,M
FAGG,2026-09-09 19:04,59.00,57.20,93.74,310.00,6.00,0.00,30.12,M,3.11,M,BKN,BKN,M,M,200.00,600.00,M,M,-RA BR,M,M,M,M,M,M,59.00,FAGG 091904Z AUTO 31006KT 5000 2200 -RA BR BKN002/// BKN006/// 15/14 Q1020,M
FAGG,2026-09-09 19:17,59.00,59.00,100.00,300.00,6.00,0.00,30.12,M,2.67,M,BKN,M,M,M,200.00,M,M,M,-RA BR,M,M,M,M,M,M,59.00,FAGG 091917Z AUTO 30006KT 4300 -RA BR BKN002/// 15/15 Q1020,M
FAGG,2026-09-09 19:24,59.00,59.00,100.00,290.00,6.00,0.00,30.12,M,1.55,M,OVC,M,M,M,100.00,M,M,M,BR,M,M,M,M,M,M,59.00,FAGG 091924Z AUTO 29006KT 2500 BR OVC001/// 15/15 Q1020,M
FAGG,2026-09-09 19:28,59.00,59.00,100.00,290.00,6.00,0.00,30.12,M,1.68,M,BKN,OVC,M,M,100.00,500.00,M,M,-RA BR,M,M,M,M,M,M,59.00,FAGG 091928Z AUTO 29006KT 2700 -RA BR BKN001/// OVC005/// 15/15 Q1020,M
FAGG,2026-09-09 19:32,59.00,59.00,100.00,280.00,6.00,0.00,30.12,M,1.74,M,BKN,OVC,M,M,100.00,400.00,M,M,-RA BR,M,M,M,M,M,M,59.00,FAGG 091932Z AUTO 28006KT 2800 -RA BR BKN001/// OVC004/// 15/15 Q1020,M
FAGG,2026-09-09 19:48,60.80,59.00,93.79,280.00,6.00,0.00,30.12,M,0.75,M,BKN,OVC,M,M,100.00,400.00,M,M,-RA BR,M,M,M,M,M,M,60.80,FAGG 091948Z AUTO 28006KT 1200 1100 R29/1300U -RA BR BKN001/// OVC004/// 16/15 Q1020,M
FAGG,2026-09-09 20:00,59.00,59.00,100.00,280.00,6.00,0.00,30.12,M,0.99,M,BKN,OVC,M,M,100.00,400.00,M,M,-RA BR,M,M,M,M,M,M,59.00,FAGG 092000Z AUTO 28006KT 1600 1000 R29/1200D -RA BR BKN001/// OVC004/// 15/15 Q1020,M
FAGG,2026-09-09 20:11,60.80,59.00,93.79,270.00,5.00,0.00,30.12,M,2.49,M,BKN,OVC,M,M,100.00,400.00,M,M,BR,M,M,M,M,M,M,60.80,FAGG 092011Z AUTO 27005KT 4000 BR BKN001/// OVC004/// 16/15 Q1020,M
FAGG,2026-09-09 20:15,60.80,59.00,93.79,280.00,5.00,0.00,30.12,M,2.73,M,BKN,OVC,M,M,100.00,500.00,M,M,BR,M,M,M,M,M,M,60.80,FAGG 092015Z AUTO 28005KT 4400 BR BKN001/// OVC005/// 16/15 Q1020,M
FAGG,2026-09-09 20:27,60.80,59.00,93.79,280.00,6.00,0.00,30.09,M,3.11,M,OVC,M,M,M,200.00,M,M,M,BR,M,M,M,M,M,M,60.80,FAGG 092027Z AUTO 28006KT 5000 BR OVC002/// 16/15 Q1019,M
FAGG,2026-09-09 21:00,60.80,59.00,93.79,260.00,7.00,0.00,30.09,M,3.73,M,OVC,M,M,M,300.00,M,M,M,M,M,M,M,M,M,M,60.80,FAGG 092100Z AUTO 26007KT 6000 OVC003/// 16/15 Q1019,M
FAGG,2026-09-09 22:00,60.80,60.80,100.00,290.00,7.00,0.00,30.12,M,3.73,M,OVC,M,M,M,400.00,M,M,M,M,M,M,M,M,M,M,60.80,FAGG 092200Z AUTO 29007KT 6000 OVC004/// 16/16 Q1020,M
FAGG,2026-09-09 22:25,60.80,59.00,93.79,300.00,7.00,0.00,30.12,M,4.35,M,SCT,OVC,M,M,500.00,700.00,M,M,M,M,M,M,M,M,M,60.80,FAGG 092225Z AUTO 30007KT 7000 SCT005/// OVC007/// 16/15 Q1020,M
FAGG,2026-09-09 23:00,60.80,59.00,93.79,290.00,5.00,0.00,30.09,M,4.35,M,FEW,OVC,M,M,600.00,800.00,M,M,M,M,M,M,M,M,M,60.80,FAGG 092300Z AUTO 29005KT 7000 FEW006/// OVC008/// 16/15 Q1019,M
FAGG,2026-09-10 00:00,60.80,60.80,100.00,330.00,3.00,0.00,30.06,M,4.35,M,OVC,M,M,M,700.00,M,M,M,M,M,M,M,M,M,M,60.80,FAGG 100000Z AUTO 33003KT 310V010 7000 OVC007/// 16/16 Q1018,M
FAGG,2026-09-10 00:07,60.80,60.80,100.00,M,2.00,0.00,30.06,M,4.35,M,BKN,OVC,M,M,800.00,1200.00,M,M,M,M,M,M,M,M,M,60.80,FAGG 100007Z AUTO VRB02KT 7000 BKN008/// OVC012/// 16/16 Q1018,M
FAGG,2026-09-10 00:53,60.80,59.00,93.79,M,2.00,0.00,30.03,M,4.35,M,OVC,M,M,M,1100.00,M,M,M,M,M,M,M,M,M,M,60.80,FAGG 100053Z AUTO VRB02KT 7000 OVC011/// 16/15 Q1017,M
FAGG,2026-09-10 01:00,60.80,59.00,93.79,M,1.00,0.00,30.03,M,4.35,M,OVC,M,M,M,1100.00,M,M,M,M,M,M,M,M,M,M,60.80,FAGG 100100Z AUTO VRB01KT 7000 OVC011/// 16/15 Q1017,M
FAGG,2026-09-10 02:00,62.60,59.00,88.01,300.00,5.00,0.00,30.03,M,4.97,M,OVC,M,M,M,1300.00,M,M,M,M,M,M,M,M,M,M,62.60,FAGG 100200Z AUTO 30005KT 8000 OVC013/// 17/15 Q1017,M
FAGG,2026-09-10 03:00,60.80,60.80,100.00,240.00,4.00,0.00,30.06,M,4.97,M,FEW,BKN,M,M,700.00,1100.00,M,M,M,M,M,M,M,M,M,60.80,FAGG 100300Z 24004KT 8000 FEW007 BKN011 16/16 Q1018,M
FAGG,2026-09-10 03:47,60.80,60.80,100.00,260.00,5.00,0.00,30.06,M,2.98,M,FEW,OVC,M,M,700.00,1000.00,M,M,BR,M,M,M,M,M,M,60.80,FAGG 100347Z 26005KT 4800 BR FEW007 OVC010 16/16 Q1018,M
FAGG,2026-09-10 04:00,60.80,60.80,100.00,270.00,5.00,0.00,30.06,M,2.98,M,FEW,OVC,M,M,700.00,1000.00,M,M,BR,M,M,M,M,M,M,60.80,FAGG 100400Z 27005KT 4800 BR FEW007 OVC010 16/16 Q1018,M
FAGG,2026-09-10 05:00,60.80,60.80,100.00,270.00,6.00,0.00,30.09,M,2.17,M,FEW,SCT,OVC,M,400.00,900.00,1200.00,M,-DZ BR,M,M,M,M,M,M,60.80,FAGG 100500Z 27006KT 3500 -DZ BR FEW004 SCT009 OVC012 16/16 Q1019,M
FAGG,2026-09-10 05:26,60.80,60.80,100.00,260.00,6.00,0.00,30.09,M,2.17,M,SCT,OVC,M,M,300.00,900.00,M,M,-DZ BR,M,M,M,M,M,M,60.80,FAGG 100526Z 26006KT 3500 -DZ BR SCT003 OVC009 16/16 Q1019,M
FAGG,2026-09-10 06:00,60.80,60.80,100.00,280.00,6.00,0.00,30.12,M,1.99,M,SCT,OVC,M,M,200.00,800.00,M,M,-DZ BR,M,M,M,M,M,M,60.80,FAGG 100600Z 28006KT 3200 -DZ BR SCT002 OVC008 16/16 Q1020,M
FAGG,2026-09-10 06:57,62.60,60.80,93.84,290.00,4.00,0.00,30.12,M,2.49,M,BKN,OVC,M,M,300.00,900.00,M,M,-DZ BR,M,M,M,M,M,M,62.60,FAGG 100657Z 29004KT 4000 -DZ BR BKN003 OVC009 17/16 Q1020,M
FAGG,2026-09-10 07:00,62.60,60.80,93.84,290.00,4.00,0.00,30.12,M,2.49,M,BKN,OVC,M,M,300.00,900.00,M,M,-DZ BR,M,M,M,M,M,M,62.60,FAGG 100700Z 29004KT 4000 -DZ BR BKN003 OVC009 17/16 Q1020,M
FAGG,2026-09-10 07:16,62.60,60.80,93.84,270.00,5.00,0.00,30.12,M,2.98,M,SCT,BKN,OVC,M,300.00,900.00,1300.00,M,BR,M,M,M,M,M,M,62.60,FAGG 100716Z 27005KT 4800 BR SCT003 BKN009 OVC013 17/16 Q1020,M
FAGG,2026-09-10 07:57,62.60,62.60,100.00,250.00,5.00,0.00,30.12,M,2.49,M,SCT,BKN,OVC,M,300.00,700.00,1200.00,M,BR,M,M,M,M,M,M,62.60,FAGG 100757Z 25005KT 4000 BR SCT003 BKN007 OVC012 17/17 Q1020,M
FAGG,2026-09-10 08:00,62.60,62.60,100.00,250.00,5.00,0.00,30.12,M,2.80,M,SCT,BKN,OVC,M,300.00,700.00,1200.00,M,BR,M,M,M,M,M,M,62.60,FAGG 100800Z 25005KT 4500 BR SCT003 BKN007 OVC012 17/17 Q1020,M
FAGG,2026-09-10 08:35,62.60,62.60,100.00,240.00,6.00,0.00,30.15,M,1.74,M,BKN,OVC,M,M,300.00,900.00,M,M,BR,M,M,M,M,M,M,62.60,FAGG 100835Z 24006KT 2800 BR BKN003 OVC009 17/17 Q1021,M
FAGG,2026-09-10 08:55,62.60,62.60,100.00,220.00,7.00,0.00,30.15,M,2.30,M,BKN,OVC,M,M,300.00,1000.00,M,M,BR,M,M,M,M,M,M,62.60,FAGG 100855Z 22007KT 3700 BR BKN003 OVC010 17/17 Q1021,M
FAGG,2026-09-10 09:00,62.60,62.60,100.00,220.00,7.00,0.00,30.15,M,2.30,M,BKN,OVC,M,M,300.00,1000.00,M,M,BR,M,M,M,M,M,M,62.60,FAGG 100900Z 22007KT 3700 BR BKN003 OVC010 17/17 Q1021,M
FAGG,2026-09-10 09:56,60.80,60.80,100.00,190.00,5.00,0.00,30.12,M,3.11,M,BKN,OVC,M,M,200.00,500.00,M,M,BR,M,M,M,M,M,M,60.80,FAGG 100956Z 19005KT 5000 BR BKN002 OVC005 16/16 Q1020,M
FAGG,2026-09-10 10:00,60.80,60.80,100.00,190.00,5.00,0.00,30.12,M,3.11,M,BKN,OVC,M,M,200.00,500.00,M,M,BR,M,M,M,M,M,M,60.80,FAGG 101000Z 19005KT 5000 BR BKN002 OVC005 16/16 Q1020,M
FAGG,2026-09-10 10:18,62.60,60.80,93.84,180.00,6.00,0.00,30.12,M,4.35,M,SCT,BKN,OVC,M,200.00,400.00,800.00,M,M,M,M,M,M,M,M,62.60,FAGG 101018Z 18006KT 7000 SCT002 BKN004 OVC008 17/16 Q1020,M
FAGG,2026-09-10 11:00,62.60,60.80,93.84,180.00,6.00,0.00,30.12,M,4.35,M,BKN,OVC,M,M,400.00,700.00,M,M,M,M,M,M,M,M,M,62.60,FAGG 101100Z 18006KT 7000 BKN004 OVC007 17/16 Q1020,M
FAGG,2026-09-10 11:19,60.80,59.00,93.79,210.00,6.00,0.00,30.12,M,2.80,M,BKN,OVC,M,M,400.00,900.00,M,M,BR,M,M,M,M,M,M,60.80,FAGG 101119Z 21006KT 4500 BR BKN004 OVC009 16/15 Q1020,M
FAGG,2026-09-10 12:00,60.80,59.00,93.79,M,2.00,0.00,30.12,M,2.36,M,BKN,OVC,M,M,400.00,900.00,M,M,BR,M,M,M,M,M,M,60.80,FAGG 101200Z VRB02KT 3800 BR BKN004 OVC009 16/15 Q1020,M
FAGG,2026-09-10 12:18,60.80,59.00,93.79,240.00,4.00,0.00,30.12,M,1.55,M,BKN,OVC,M,M,400.00,900.00,M,M,BR,M,M,M,M,M,M,60.80,FAGG 101218Z 24004KT 2500 BR BKN004 OVC009 16/15 Q1020,M
FAGG,2026-09-10 13:00,60.80,59.00,93.79,250.00,4.00,0.00,30.15,M,1.06,M,BKN,OVC,M,M,300.00,700.00,M,M,-DZ BR,M,M,M,M,M,M,60.80,FAGG 101300Z 25004KT 1700 -DZ BR BKN003 OVC007 16/15 Q1021,M
FAGG,2026-09-10 13:20,60.80,59.00,93.79,0.00,0.00,0.00,30.12,M,2.49,M,FEW,BKN,OVC,M,300.00,600.00,1200.00,M,-DZ BR,M,M,M,M,M,M,60.80,FAGG 101320Z 00000KT 4000 -DZ BR FEW003 BKN006 OVC012 16/15 Q1020,M
FAGG,2026-09-10 13:52,60.80,59.00,93.79,M,2.00,0.00,30.12,M,4.35,M,BKN,OVC,M,M,400.00,1100.00,M,M,M,M,M,M,M,M,M,60.80,FAGG 101352Z VRB02KT 7000 BKN004 OVC011 16/15 Q1020,M
FAGG,2026-09-10 14:00,60.80,59.00,93.79,M,2.00,0.00,30.12,M,4.35,M,BKN,OVC,M,M,400.00,1100.00,M,M,M,M,M,M,M,M,M,60.80,FAGG 101400Z VRB02KT 7000 BKN004 OVC011 16/15 Q1020,M
FAGG,2026-09-10 14:48,60.80,59.00,93.79,240.00,6.00,0.00,30.15,M,2.80,M,SCT,BKN,OVC,M,400.00,800.00,1300.00,M,BR,M,M,M,M,M,M,60.80,FAGG 101448Z 24006KT 4500 BR SCT004 BKN008 OVC013 16/15 Q1021,M
FAGG,2026-09-10 15:00,60.80,59.00,93.79,250.00,3.00,0.00,30.15,M,2.80,M,SCT,BKN,OVC,M,400.00,800.00,1400.00,M,BR,M,M,M,M,M,M,60.80,FAGG 101500Z 25003KT 230V290 4500 BR SCT004 BKN008 OVC014 16/15 Q1021,M
FAGG,2026-09-10 15:07,60.80,59.00,93.79,M,2.00,0.00,30.15,M,3.73,M,FEW,SCT,OVC,M,900.00,1400.00,2000.00,M,M,M,M,M,M,M,M,60.80,FAGG 101507Z VRB02KT 6000 FEW009 SCT014 OVC020 16/15 Q1021,M
FAGG,2026-09-10 16:00,60.80,59.00,93.79,290.00,3.00,0.00,30.18,M,6.21,M,FEW,SCT,OVC,M,1000.00,2000.00,3100.00,M,M,M,M,M,M,M,M,60.80,FAGG 101600Z 29003KT 9999 FEW010 SCT020 OVC031 16/15 Q1022,M
FAGG,2026-09-10 17:00,60.80,59.00,93.79,250.00,3.00,0.00,30.21,M,4.97,M,SCT,BKN,OVC,M,500.00,1600.00,2500.00,M,M,M,M,M,M,M,M,60.80,FAGG 101700Z 25003KT 220V280 8000 SCT005 BKN016 OVC025 16/15 Q1023,M
FAGG,2026-09-10 18:00,59.00,59.00,100.00,290.00,3.00,0.00,30.21,M,4.97,M,FEW,SCT,OVC,M,800.00,2000.00,3600.00,M,M,M,M,M,M,M,M,59.00,FAGG 101800Z 29003KT 8000 FEW008 SCT020 OVC036 15/15 Q1023,M
FAGG,2026-09-10 19:00,59.00,59.00,100.00,260.00,2.00,0.00,30.21,M,6.21,M,FEW,OVC,M,M,1700.00,2200.00,M,M,M,M,M,M,M,M,M,59.00,FAGG 101900Z AUTO 26002KT 9999 FEW017/// OVC022/// 15/15 Q1023,M
FAGG,2026-09-10 20:00,60.80,59.00,93.79,M,1.00,0.00,30.21,M,6.21,M,FEW,OVC,M,M,1600.00,2000.00,M,M,M,M,M,M,M,M,M,60.80,FAGG 102000Z AUTO VRB01KT 9999 FEW016/// OVC020/// 16/15 Q1023,M
FAGG,2026-09-10 20:17,60.80,59.00,93.79,230.00,4.00,0.00,30.24,M,6.21,M,BKN,BKN,OVC,M,1300.00,1600.00,1900.00,M,M,M,M,M,M,M,M,60.80,FAGG 102017Z AUTO 23004KT 9999 BKN013/// BKN016/// OVC019/// 16/15 Q1024,M
FAGG,2026-09-10 20:46,59.00,59.00,100.00,220.00,5.00,0.00,30.24,M,6.21,M,FEW,BKN,OVC,M,600.00,1000.00,1200.00,M,M,M,M,M,M,M,M,59.00,FAGG 102046Z AUTO 22005KT 9999 FEW006/// BKN010/// OVC012/// 15/15 Q1024,M
FAGG,2026-09-10 21:00,59.00,59.00,100.00,210.00,4.00,0.00,30.21,M,5.59,M,SCT,BKN,OVC,M,600.00,1000.00,1300.00,M,M,M,M,M,M,M,M,59.00,FAGG 102100Z AUTO 21004KT 170V240 9000 SCT006/// BKN010/// OVC013/// 15/15 Q1023,M
FAGG,2026-09-10 21:05,59.00,57.20,93.74,200.00,3.00,0.00,30.21,M,6.21,M,BKN,OVC,M,M,600.00,1400.00,M,M,M,M,M,M,M,M,M,59.00,FAGG 102105Z AUTO 20003KT 170V230 9999 BKN006/// OVC014/// 15/14 Q1023,M
FAGG,2026-09-10 21:11,59.00,57.20,93.74,220.00,4.00,0.00,30.21,M,4.97,M,BKN,BKN,OVC,M,600.00,1000.00,1400.00,M,M,M,M,M,M,M,M,59.00,FAGG 102111Z AUTO 22004KT 8000 BKN006/// BKN010/// OVC014/// 15/14 Q1023,M
FAGG,2026-09-10 21:12,59.00,57.20,93.74,230.00,4.00,0.00,30.21,M,4.35,M,BKN,BKN,OVC,M,600.00,900.00,1400.00,M,M,M,M,M,M,M,M,59.00,FAGG 102112Z AUTO 23004KT 7000 BKN006/// BKN009/// OVC014/// 15/14 Q1023,M
FAGG,2026-09-10 21:27,59.00,57.20,93.74,240.00,4.00,0.00,30.24,M,3.73,M,SCT,BKN,OVC,M,600.00,900.00,1400.00,M,M,M,M,M,M,M,M,59.00,FAGG 102127Z AUTO 24004KT 6000 SCT006/// BKN009/// OVC014/// 15/14 Q1024,M
FAGG,2026-09-10 21:39,59.00,57.20,93.74,230.00,4.00,0.00,30.24,M,4.97,M,FEW,SCT,OVC,M,600.00,800.00,1000.00,M,M,M,M,M,M,M,M,59.00,FAGG 102139Z AUTO 23004KT 200V260 8000 FEW006/// SCT008/// OVC010/// 15/14 Q1024,M
FAGG,2026-09-10 22:00,59.00,57.20,93.74,M,2.00,0.00,30.21,M,6.21,M,FEW,OVC,M,M,700.00,1000.00,M,M,M,M,M,M,M,M,M,59.00,FAGG 102200Z AUTO VRB02KT 9999 FEW007/// OVC010/// 15/14 Q1023,M
FAGG,2026-09-10 23:00,59.00,57.20,93.74,310.00,3.00,0.00,30.21,M,6.21,M,OVC,M,M,M,1300.00,M,M,M,M,M,M,M,M,M,M,59.00,FAGG 102300Z AUTO 31003KT 9999 OVC013/// 15/14 Q1023,M
FAGG,2026-09-10 23:07,59.00,57.20,93.74,260.00,4.00,0.00,30.21,M,2.80,M,FEW,OVC,M,M,600.00,1300.00,M,M,-DZ BR,M,M,M,M,M,M,59.00,FAGG 102307Z AUTO 26004KT 4500 -DZ BR FEW006/// OVC013/// 15/14 Q1023,M
FAGG,2026-09-10 23:17,59.00,57.20,93.74,240.00,5.00,0.00,30.21,M,2.80,M,BKN,OVC,M,M,600.00,1400.00,M,M,-DZ BR,M,M,M,M,M,M,59.00,FAGG 102317Z AUTO 24005KT 200V270 4500 -DZ BR BKN006/// OVC014/// 15/14 Q1023,M
FAGG,2026-09-10 23:24,59.00,57.20,93.74,230.00,6.00,0.00,30.21,M,2.73,M,BKN,BKN,OVC,M,400.00,800.00,1400.00,M,-RA BR,M,M,M,M,M,M,59.00,FAGG 102324Z AUTO 23006KT 4400 -RA BR BKN004/// BKN008/// OVC014/// 15/14 Q1023,M
FAGG,2026-09-10 23:38,57.20,57.20,100.00,240.00,7.00,0.00,30.24,M,2.61,M,SCT,BKN,OVC,M,200.00,500.00,800.00,M,BR,M,M,M,M,M,M,57.20,FAGG 102338Z AUTO 24007KT 4200 BR SCT002/// BKN005/// OVC008/// 14/14 Q1024,M
FAGG,2026-09-10 23:41,57.20,55.40,93.70,240.00,7.00,0.00,30.21,M,2.49,M,SCT,BKN,OVC,M,200.00,400.00,900.00,M,BR,M,M,M,M,M,M,57.20,FAGG 102341Z AUTO 24007KT 4000 BR SCT002/// BKN004/// OVC009/// 14/13 Q1023,M
FAGG,2026-09-10 23:42,57.20,55.40,93.70,250.00,7.00,0.00,30.21,M,2.49,M,BKN,BKN,OVC,M,200.00,600.00,900.00,M,BR,M,M,M,M,M,M,57.20,FAGG 102342Z AUTO 25007KT 4000 BR BKN002/// BKN006/// OVC009/// 14/13 Q1023,M
FAGG,2026-09-11 00:00,57.20,57.20,100.00,260.00,5.00,0.00,30.21,M,2.73,M,BKN,BKN,OVC,M,200.00,900.00,1100.00,M,BR,M,M,M,M,M,M,57.20,FAGG 110000Z AUTO 26005KT 4400 BR BKN002/// BKN009/// OVC011/// 14/14 Q1023,M
FAGG,2026-09-11 00:08,57.20,57.20,100.00,320.00,4.00,0.00,30.24,M,4.35,M,SCT,SCT,OVC,M,200.00,1200.00,1800.00,M,M,M,M,M,M,M,M,57.20,FAGG 110008Z AUTO 32004KT 270V360 7000 SCT002/// SCT012/// OVC018/// 14/14 Q1024,M
FAGG,2026-09-11 00:32,57.20,57.20,100.00,300.00,4.00,0.00,30.21,M,4.97,M,FEW,BKN,OVC,M,300.00,1300.00,2200.00,M,M,M,M,M,M,M,M,57.20,FAGG 110032Z AUTO 30004KT 240V320 8000 FEW003/// BKN013/// OVC022/// 14/14 Q1023,M
FAGG,2026-09-11 00:36,57.20,57.20,100.00,270.00,3.00,0.00,30.21,M,2.49,M,FEW,BKN,OVC,M,200.00,1200.00,2200.00,M,BR,M,M,M,M,M,M,57.20,FAGG 110036Z AUTO 27003KT 240V310 4000 BR FEW002/// BKN012/// OVC022/// 14/14 Q1023,M
FAGG,2026-09-11 00:51,57.20,57.20,100.00,270.00,5.00,0.00,30.21,M,2.24,M,SCT,BKN,OVC,M,200.00,900.00,1100.00,M,BR,M,M,M,M,M,M,57.20,FAGG 110051Z AUTO 27005KT 3600 BR SCT002/// BKN009/// OVC011/// 14/14 Q1023,M
FAGG,2026-09-11 01:00,57.20,57.20,100.00,270.00,5.00,0.00,30.21,M,2.11,M,SCT,BKN,OVC,M,200.00,900.00,1100.00,M,BR,M,M,M,M,M,M,57.20,FAGG 110100Z AUTO 27005KT 3400 BR SCT002/// BKN009/// OVC011/// 14/14 Q1023,M
FAGG,2026-09-11 01:06,57.20,55.40,93.70,280.00,4.00,0.00,30.21,M,3.11,M,SCT,BKN,OVC,M,200.00,400.00,1100.00,M,BR,M,M,M,M,M,M,57.20,FAGG 110106Z AUTO 28004KT 260V320 5000 BR SCT002/// BKN004/// OVC011/// 14/13 Q1023,M
FAGG,2026-09-11 01:11,57.20,55.40,93.70,280.00,5.00,0.00,30.21,M,3.73,M,SCT,BKN,OVC,M,200.00,400.00,900.00,M,M,M,M,M,M,M,M,57.20,FAGG 110111Z AUTO 28005KT 6000 SCT002/// BKN004/// OVC009/// 14/13 Q1023,M
FAGG,2026-09-11 01:14,57.20,55.40,93.70,270.00,5.00,0.00,30.21,M,2.61,M,SCT,BKN,OVC,M,200.00,900.00,1600.00,M,BR,M,M,M,M,M,M,57.20,FAGG 110114Z AUTO 27005KT 230V300 4200 BR SCT002/// BKN009/// OVC016/// 14/13 Q1023,M
FAGG,2026-09-11 01:31,57.20,55.40,93.70,270.00,4.00,0.00,30.21,M,4.35,M,FEW,BKN,OVC,M,100.00,300.00,1400.00,M,M,M,M,M,M,M,M,57.20,FAGG 110131Z AUTO 27004KT 7000 FEW001/// BKN003/// OVC014/// 14/13 Q1023,M
FAGG,2026-09-11 01:42,57.20,55.40,93.70,280.00,5.00,0.00,30.21,M,6.21,M,FEW,SCT,OVC,M,200.00,400.00,1600.00,M,M,M,M,M,M,M,M,57.20,FAGG 110142Z AUTO 28005KT 9999 FEW002/// SCT004/// OVC016/// 14/13 Q1023,M
FAGG,2026-09-11 02:00,57.20,57.20,100.00,310.00,5.00,0.00,30.21,M,6.21,M,FEW,BKN,BKN,M,100.00,1700.00,2400.00,M,M,M,M,M,M,M,M,57.20,FAGG 110200Z AUTO 31005KT 9999 FEW001/// BKN017/// BKN024/// 14/14 Q1023,M
FAGG,2026-09-11 02:03,57.20,57.20,100.00,300.00,4.00,0.00,30.21,M,6.21,M,FEW,BKN,BKN,M,100.00,1100.00,2400.00,M,M,M,M,M,M,M,M,57.20,FAGG 110203Z AUTO 30004KT 9999 FEW001/// BKN011/// BKN024/// 14/14 Q1023,M
FAGG,2026-09-11 02:19,57.20,57.20,100.00,300.00,5.00,0.00,30.21,M,6.21,M,FEW,BKN,OVC,M,300.00,1000.00,2000.00,M,M,M,M,M,M,M,M,57.20,FAGG 110219Z 30005KT 9999 FEW003 BKN010 OVC020 14/14 Q1023,M
FAGG,2026-09-11 02:55,57.20,57.20,100.00,320.00,4.00,0.00,30.21,M,6.21,M,FEW,BKN,OVC,M,1000.00,1700.00,2000.00,M,M,M,M,M,M,M,M,57.20,FAGG 110255Z 32004KT 9999 FEW010 BKN017 OVC020 14/14 Q1023,M
FAGG,2026-09-11 03:00,57.20,57.20,100.00,320.00,4.00,0.00,30.21,M,6.21,M,FEW,BKN,OVC,M,1000.00,1700.00,2000.00,M,M,M,M,M,M,M,M,57.20,FAGG 110300Z 32004KT 9999 FEW010 BKN017 OVC020 14/14 Q1023,M
FAGG,2026-09-11 04:00,57.20,57.20,100.00,270.00,5.00,0.00,30.24,M,6.21,M,FEW,BKN,M,M,1700.00,3000.00,M,M,M,M,M,M,M,M,M,57.20,FAGG 110400Z 27005KT 9999 FEW017 BKN030 14/14 Q1024,M
FAGG,2026-09-11 05:00,57.20,55.40,93.70,280.00,3.00,0.00,30.24,M,6.21,M,FEW,BKN,M,M,1300.00,3000.00,M,M,M,M,M,M,M,M,M,57.20,FAGG 110500Z 28003KT 220V300 9999 FEW013 BKN030 14/13 Q1024,M
FAGG,2026-09-11 06:00,57.20,55.40,93.70,M,2.00,0.00,30.24,M,6.21,M,FEW,BKN,M,M,1200.00,3800.00,M,M,M,M,M,M,M,M,M,57.20,FAGG 110600Z VRB02KT 9999 FEW012 BKN038 14/13 Q1024,M
FAGG,2026-09-11 07:00,59.00,55.40,87.84,300.00,2.00,0.00,30.24,M,6.21,M,FEW,M,M,M,1200.00,M,M,M,M,M,M,M,M,M,M,59.00,FAGG 110700Z 30002KT 9999 FEW012 15/13 Q1024,M
FAGG,2026-09-11 08:00,62.60,55.40,77.31,M,2.00,0.00,30.21,M,6.21,M,SCT,M,M,M,1300.00,M,M,M,M,M,M,M,M,M,M,62.60,FAGG 110800Z VRB02KT 9999 SCT013 17/13 Q1023,M
FAGG,2026-09-11 09:00,60.80,55.40,82.38,210.00,6.00,0.00,30.24,M,6.21,M,FEW,BKN,M,M,1400.00,2000.00,M,M,M,M,M,M,M,M,M,60.80,FAGG 110900Z 21006KT 9999 FEW014 BKN020 16/13 Q1024,M
FAGG,2026-09-11 09:56,64.40,57.20,77.46,M,3.00,0.00,30.21,M,6.21,M,FEW,M,M,M,1200.00,M,M,M,M,M,M,M,M,M,M,64.40,FAGG 110956Z VRB03KT 9999 FEW012 18/14 Q1023,M
FAGG,2026-09-11 10:00,64.40,57.20,77.46,M,3.00,0.00,30.21,M,6.21,M,FEW,M,M,M,1200.00,M,M,M,M,M,M,M,M,M,M,64.40,FAGG 111000Z VRB03KT 9999 FEW012 18/14 Q1023,M
FAGG,2026-09-11 11:00,62.60,55.40,77.31,M,2.00,0.00,30.18,M,6.21,M,SCT,BKN,M,M,1600.00,2200.00,M,M,M,M,M,M,M,M,M,62.60,FAGG 111100Z VRB02KT 9999 SCT016 BKN022 17/13 Q1022,M
FAGG,2026-09-11 12:00,62.60,55.40,77.31,160.00,6.00,0.00,30.15,M,6.21,M,FEW,SCT,M,M,1400.00,1800.00,M,M,M,M,M,M,M,M,M,62.60,FAGG 111200Z 16006KT 120V190 9999 FEW014 SCT018 17/13 Q1021,M
FAGG,2026-09-11 13:00,64.40,55.40,72.58,150.00,4.00,0.00,30.15,M,6.21,M,FEW,M,M,M,1700.00,M,M,M,M,M,M,M,M,M,M,64.40,FAGG 111300Z 15004KT 090V220 9999 FEW017 18/13 Q1021,M
FAGG,2026-09-11 14:00,62.60,55.40,77.31,160.00,7.00,0.00,30.12,M,6.21,M,FEW,M,M,M,1700.00,M,M,M,M,M,M,M,M,M,M,62.60,FAGG 111400Z 16007KT 9999 FEW017 17/13 Q1020,M
FAGG,2026-09-11 15:00,60.80,55.40,82.38,190.00,4.00,0.00,30.12,M,6.21,M,SCT,M,M,M,1700.00,M,M,M,M,M,M,M,M,M,M,60.80,FAGG 111500Z 19004KT 9999 SCT017 16/13 Q1020,M
FAGG,2026-09-11 16:00,59.00,55.40,87.84,150.00,4.00,0.00,30.12,M,6.21,M,FEW,BKN,M,M,1700.00,3100.00,M,M,M,M,M,M,M,M,M,59.00,FAGG 111600Z 15004KT 9999 FEW017 BKN031 15/13 Q1020,M
FAGG,2026-09-11 17:00,59.00,55.40,87.84,80.00,4.00,0.00,30.15,M,6.21,M,FEW,BKN,M,M,1700.00,2800.00,M,M,M,M,M,M,M,M,M,59.00,FAGG 111700Z 08004KT 9999 FEW017 BKN028 15/13 Q1021,M
FAGG,2026-09-11 18:00,59.00,55.40,87.84,80.00,4.00,0.00,30.15,M,6.21,M,FEW,BKN,M,M,1900.00,2400.00,M,M,M,M,M,M,M,M,M,59.00,FAGG 111800Z 08004KT 9999 FEW019 BKN024 15/13 Q1021,M
FAGG,2026-09-11 19:00,59.00,55.40,87.84,140.00,2.00,0.00,30.15,M,6.21,M,FEW,BKN,M,M,1900.00,2800.00,M,M,M,M,M,M,M,M,M,59.00,FAGG 111900Z AUTO 14002KT 9999 FEW019/// BKN028/// 15/13 Q1021,M
FAGG,2026-09-11 20:00,59.00,55.40,87.84,160.00,2.00,0.00,30.15,M,6.21,M,OVC,M,M,M,2700.00,M,M,M,M,M,M,M,M,M,M,59.00,FAGG 112000Z AUTO 16002KT 9999 OVC027/// 15/13 Q1021,M
FAGG,2026-09-11 21:00,59.00,55.40,87.84,M,2.00,0.00,30.15,M,6.21,M,BKN,BKN,M,M,2700.00,3500.00,M,M,M,M,M,M,M,M,M,59.00,FAGG 112100Z AUTO VRB02KT 9999 BKN027/// BKN035/// 15/13 Q1021,M
FAGG,2026-09-11 22:00,59.00,57.20,93.74,220.00,2.00,0.00,30.15,M,6.21,M,SCT,BKN,M,M,2500.00,4000.00,M,M,M,M,M,M,M,M,M,59.00,FAGG 112200Z AUTO 22002KT 9999 SCT025/// BKN040/// 15/14 Q1021,M
FAGG,2026-09-11 23:00,59.00,57.20,93.74,M,2.00,0.00,30.15,M,4.35,M,FEW,BKN,M,M,400.00,2300.00,M,M,M,M,M,M,M,M,M,59.00,FAGG 112300Z AUTO VRB02KT 7000 FEW004/// BKN023/// 15/14 Q1021,M
FAGG,2026-09-11 23:29,59.00,57.20,93.74,10.00,3.00,0.00,30.12,M,4.97,M,BKN,BKN,M,M,300.00,2300.00,M,M,M,M,M,M,M,M,M,59.00,FAGG 112329Z AUTO 01003KT 320V040 8000 BKN003/// BKN023/// 15/14 Q1020,M
FAGG,2026-09-11 23:53,59.00,57.20,93.74,0.00,0.00,0.00,30.12,M,5.59,M,SCT,BKN,M,M,400.00,2000.00,M,M,M,M,M,M,M,M,M,59.00,FAGG 112353Z AUTO 00000KT 9000 SCT004/// BKN020/// 15/14 Q1020,M
FAGG,2026-09-12 00:00,59.00,57.20,93.74,M,1.00,0.00,30.12,M,5.59,M,SCT,BKN,M,M,400.00,2000.00,M,M,M,M,M,M,M,M,M,59.00,FAGG 120000Z AUTO VRB01KT 9000 SCT004/// BKN020/// 15/14 Q1020,M
FAGG,2026-09-12 01:00,59.00,57.20,93.74,310.00,2.00,0.00,30.12,M,5.59,M,FEW,BKN,BKN,M,400.00,1900.00,3300.00,M,M,M,M,M,M,M,M,59.00,FAGG 120100Z AUTO 31002KT 9000 FEW004/// BKN019/// BKN033/// 15/14 Q1020,M
FAGG,2026-09-12 02:00,59.00,57.20,93.74,M,2.00,0.00,30.09,M,5.59,M,OVC,M,M,M,2000.00,M,M,M,M,M,M,M,M,M,M,59.00,FAGG 120200Z AUTO VRB02KT 9000 OVC020/// 15/14 Q1019,M
FAGG,2026-09-12 03:00,59.00,57.20,93.74,300.00,6.00,0.00,30.12,M,6.21,M,FEW,BKN,M,M,400.00,2000.00,M,M,M,M,M,M,M,M,M,59.00,FAGG 120300Z 30006KT 9999 FEW004 BKN020 15/14 Q1020,M
FAGG,2026-09-12 04:00,59.00,57.20,93.74,150.00,3.00,0.00,30.06,M,4.97,M,SCT,OVC,M,M,1400.00,2000.00,M,M,-RA,M,M,M,M,M,M,59.00,FAGG 120400Z 15003KT 8000 -RA SCT014 OVC020 15/14 Q1018,M
FAGG,2026-09-12 04:48,59.00,57.20,93.74,M,2.00,0.00,30.09,M,2.80,M,FEW,BKN,OVC,M,400.00,1400.00,2000.00,M,-RA BR,M,M,M,M,M,M,59.00,FAGG 120448Z VRB02KT 4500 -RA BR FEW004 BKN014 OVC020 15/14 Q1019,M
FAGG,2026-09-12 05:00,59.00,57.20,93.74,230.00,3.00,0.00,30.09,M,2.98,M,FEW,BKN,OVC,M,400.00,1400.00,2000.00,M,-RA BR,M,M,M,M,M,M,59.00,FAGG 120500Z 23003KT 4800 -RA BR FEW004 BKN014 OVC020 15/14 Q1019,M
FAGG,2026-09-12 06:00,59.00,57.20,93.74,280.00,3.00,0.00,30.09,M,3.11,M,BKN,OVC,M,M,1400.00,1800.00,M,M,-RA,M,M,M,M,M,M,59.00,FAGG 120600Z 28003KT 5000 -RA BKN014 OVC018 15/14 Q1019,M
FAGG,2026-09-12 06:22,59.00,57.20,93.74,300.00,4.00,0.00,30.12,M,3.73,M,OVC,M,M,M,1600.00,M,M,M,-RA,M,M,M,M,M,M,59.00,FAGG 120622Z 30004KT 6000 -RA OVC016 15/14 Q1020,M
FAGG,2026-09-12 07:00,59.00,57.20,93.74,240.00,4.00,0.00,30.12,M,3.11,M,OVC,M,M,M,1700.00,M,M,M,-RA,M,M,M,M,M,M,59.00,FAGG 120700Z 24004KT 5000 -RA OVC017 15/14 Q1020,M
FAGG,2026-09-12 08:00,59.00,59.00,100.00,M,2.00,0.00,30.12,M,4.97,M,FEW,SCT,BKN,M,500.00,1500.00,4200.00,M,-RA,M,M,M,M,M,M,59.00,FAGG 120800Z VRB02KT 8000 -RA FEW005 SCT015 BKN042 15/15 Q1020,M
FAGG,2026-09-12 09:00,60.80,59.00,93.79,230.00,5.00,0.00,30.12,M,5.59,M,SCT,BKN,OVC,M,500.00,1900.00,3800.00,M,M,M,M,M,M,M,M,60.80,FAGG 120900Z 23005KT 9000 SCT005 BKN019 OVC038 16/15 Q1020,M
FAGG,2026-09-12 10:00,60.80,59.00,93.79,220.00,6.00,0.00,30.12,M,6.21,M,SCT,BKN,OVC,M,500.00,1600.00,2000.00,M,M,M,M,M,M,M,M,60.80,FAGG 121000Z 22006KT 9999 SCT005 BKN016 OVC020 16/15 Q1020,M
FAGG,2026-09-12 10:25,60.80,59.00,93.79,280.00,5.00,0.00,30.12,M,6.21,M,SCT,BKN,OVC,M,500.00,1400.00,2000.00,M,M,M,M,M,M,M,M,60.80,COR FAGG 121025Z 28005KT 250V310 9999 SCT005 BKN014 OVC020 16/15 Q1020,M
FAGG,2026-09-12 10:48,60.80,57.20,87.93,310.00,5.00,0.00,30.09,M,6.21,M,FEW,OVC,M,M,600.00,4800.00,M,M,M,M,M,M,M,M,M,60.80,FAGG 121048Z 31005KT 280V340 9999 FEW006 OVC048 16/14 Q1019,M
FAGG,2026-09-12 11:00,60.80,57.20,87.93,320.00,5.00,0.00,30.09,M,6.21,M,FEW,M,M,M,600.00,M,M,M,M,M,M,M,M,M,M,60.80,FAGG 121100Z 32005KT 9999 FEW006 16/14 Q1019,M
FAGG,2026-09-12 12:00,60.80,59.00,93.79,280.00,3.00,0.00,30.09,M,5.59,M,FEW,M,M,M,700.00,M,M,M,M,M,M,M,M,M,M,60.80,FAGG 121200Z 28003KT 240V310 9000 FEW007 16/15 Q1019,M
FAGG,2026-09-12 12:44,60.80,59.00,93.79,190.00,4.00,0.00,30.09,M,3.73,M,FEW,BKN,M,M,200.00,600.00,M,M,-RA,M,M,M,M,M,M,60.80,FAGG 121244Z 19004KT 6000 -RA FEW002 BKN006 16/15 Q1019,M
FAGG,2026-09-12 13:00,60.80,59.00,93.79,180.00,4.00,0.00,30.09,M,3.73,M,FEW,BKN,OVC,M,200.00,600.00,3200.00,M,-RA,M,M,M,M,M,M,60.80,FAGG 121300Z 18004KT 150V210 6000 -RA FEW002 BKN006 OVC032 16/15 Q1019,M
FAGG,2026-09-12 13:25,59.00,59.00,100.00,210.00,5.00,0.00,30.09,M,2.80,M,BKN,OVC,M,M,300.00,1600.00,M,M,-RA,M,M,M,M,M,M,59.00,FAGG 121325Z 21005KT 4500 -RA BKN003 OVC016 15/15 Q1019,M
FAGG,2026-09-12 14:00,60.80,59.00,93.79,200.00,3.00,0.00,30.09,M,2.98,M,BKN,OVC,M,M,400.00,2000.00,M,M,BR,M,M,M,M,M,M,60.80,FAGG 121400Z 20003KT 4800 BR BKN004 OVC020 16/15 Q1019,M
FAGG,2026-09-12 14:56,60.80,59.00,93.79,110.00,4.00,0.00,30.09,M,3.73,M,FEW,BKN,OVC,M,300.00,1100.00,2000.00,M,-RA,M,M,M,M,M,M,60.80,FAGG 121456Z 11004KT 080V140 6000 -RA FEW003 BKN011 OVC020 16/15 Q1019,M
FAGG,2026-09-12 15:00,59.00,59.00,100.00,100.00,4.00,0.00,30.09,M,3.73,M,SCT,BKN,OVC,M,400.00,1100.00,2000.00,M,-RA,M,M,M,M,M,M,59.00,FAGG 121500Z 10004KT 070V140 6000 -RA SCT004 BKN011 OVC020 15/15 Q1019,M
FAGG,2026-09-12 15:54,59.00,59.00,100.00,90.00,7.00,0.00,30.09,M,2.67,M,OVC,M,M,M,500.00,M,M,M,BR,M,M,M,M,M,M,59.00,FAGG 121554Z 09007KT 4300 BR OVC005 15/15 Q1019,M
FAGG,2026-09-12 16:00,59.00,59.00,100.00,90.00,7.00,0.00,30.09,M,2.67,M,OVC,M,M,M,500.00,M,M,M,BR,M,M,M,M,M,M,59.00,FAGG 121600Z 09007KT 4300 BR OVC005 15/15 Q1019,M
FAGG,2026-09-12 16:26,59.00,59.00,100.00,80.00,6.00,0.00,30.09,M,2.49,M,BKN,OVC,M,M,200.00,2000.00,M,M,BR,M,M,M,M,M,M,59.00,FAGG 121626Z 08006KT 4000 BR BKN002 OVC020 15/15 Q1019,M
FAGG,2026-09-12 16:55,59.00,59.00,100.00,120.00,5.00,0.00,30.09,M,3.11,M,BKN,OVC,M,M,600.00,1800.00,M,M,BR,M,M,M,M,M,M,59.00,FAGG 121655Z 12005KT 5000 BR BKN006 OVC018 15/15 Q1019,M
FAGG,2026-09-12 17:00,59.00,59.00,100.00,120.00,5.00,0.00,30.09,M,3.11,M,BKN,OVC,M,M,600.00,1800.00,M,M,BR,M,M,M,M,M,M,59.00,FAGG 121700Z 12005KT 5000 BR BKN006 OVC018 15/15 Q1019,M
FAGG,2026-09-12 17:24,59.00,59.00,100.00,110.00,5.00,0.00,30.09,M,4.35,M,FEW,BKN,OVC,M,600.00,2000.00,3500.00,M,M,M,M,M,M,M,M,59.00,FAGG 121724Z 11005KT 7000 FEW006 BKN020 OVC035 15/15 Q1019,M
FAGG,2026-09-12 18:00,59.00,59.00,100.00,120.00,5.00,0.00,30.09,M,4.97,M,BKN,M,M,M,2200.00,M,M,M,M,M,M,M,M,M,M,59.00,FAGG 121800Z 12005KT 8000 BKN022 15/15 Q1019,M
FAGG,2026-09-12 18:32,59.00,59.00,100.00,110.00,9.00,0.00,30.09,M,2.30,M,FEW,OVC,M,M,300.00,1700.00,M,M,BR,M,M,M,M,M,M,59.00,FAGG 121832Z AUTO 11009KT 3700 BR FEW003/// OVC017/// 15/15 Q1019,M
FAGG,2026-09-12 18:39,59.00,59.00,100.00,110.00,10.00,0.00,30.09,M,1.99,M,BKN,OVC,M,M,200.00,1700.00,M,M,-RA BR,M,M,M,M,M,M,59.00,FAGG 121839Z AUTO 11010KT 3200 -RA BR BKN002/// OVC017/// 15/15 Q1019,M
FAGG,2026-09-12 19:00,59.00,57.20,93.74,110.00,11.00,0.00,30.09,M,3.73,M,BKN,OVC,M,M,200.00,1600.00,M,M,-DZ,M,M,M,M,M,M,59.00,FAGG 121900Z AUTO 11011KT 090V150 6000 -DZ BKN002/// OVC016/// 15/14 Q1019,M
FAGG,2026-09-12 19:10,57.20,57.20,100.00,110.00,12.00,0.00,30.12,M,2.49,M,OVC,M,M,M,200.00,M,M,M,,M,M,M,M,M,M,57.20,FAGG 121910Z AUTO 11012KT 4000 R29///// // OVC002/// 14/14 Q1020,M
FAGG,2026-09-12 19:11,57.20,57.20,100.00,110.00,12.00,0.00,30.12,M,2.30,M,BKN,OVC,M,M,200.00,500.00,M,M,,M,M,M,M,M,M,57.20,FAGG 121911Z AUTO 11012KT 3700 R29///// // BKN002/// OVC005/// 14/14 Q1020,M
FAGG,2026-09-12 19:12,57.20,57.20,100.00,110.00,12.00,0.00,30.12,M,2.11,M,BKN,OVC,M,M,200.00,400.00,M,M,,M,M,M,M,M,M,57.20,FAGG 121912Z AUTO 11012KT 3400 R29///// // BKN002/// OVC004/// 14/14 Q1020,M
FAGG,2026-09-12 19:13,57.20,57.20,100.00,110.00,12.00,0.00,30.12,M,1.62,M,BKN,OVC,M,M,200.00,400.00,M,M,,M,M,M,M,M,M,57.20,FAGG 121913Z AUTO 11012KT 2600 R29///// // BKN002/// OVC004/// 14/14 Q1020,M
FAGG,2026-09-12 19:20,59.00,57.20,93.74,110.00,11.00,0.00,30.12,M,1.99,M,BKN,OVC,M,M,100.00,400.00,M,M,,M,M,M,M,M,M,59.00,FAGG 121920Z AUTO 11011KT 3200 R29///// // BKN001/// OVC004/// 15/14 Q1020,M
FAGG,2026-09-12 19:21,59.00,57.20,93.74,110.00,11.00,0.00,30.12,M,1.49,M,BKN,OVC,M,M,100.00,400.00,M,M,,M,M,M,M,M,M,59.00,FAGG 121921Z AUTO 11011KT 2400 R29///// // BKN001/// OVC004/// 15/14 Q1020,M
FAGG,2026-09-12 19:24,59.00,57.20,93.74,110.00,11.00,0.00,30.12,M,0.81,M,BKN,OVC,M,M,100.00,400.00,M,M,,M,M,M,M,M,M,59.00,FAGG 121924Z AUTO 11011KT 1300 R29///// // BKN001/// OVC004/// 15/14 Q1020,M
FAGG,2026-09-12 19:31,59.00,57.20,93.74,110.00,10.00,0.00,30.12,M,0.47,M,BKN,OVC,M,M,100.00,400.00,M,M,,M,M,M,M,M,M,59.00,FAGG 121931Z AUTO 11010KT 0750 R29///// // BKN001/// OVC004/// 15/14 Q1020,M
FAGG,2026-09-12 19:43,59.00,57.20,93.74,110.00,12.00,0.00,30.12,M,0.47,M,SCT,OVC,M,M,100.00,400.00,M,M,,M,M,M,M,M,M,59.00,FAGG 121943Z AUTO 11012KT 0750 R29///// // SCT001/// OVC004/// 15/14 Q1020,M
FAGG,2026-09-12 19:55,57.20,57.20,100.00,110.00,15.00,0.00,30.12,M,2.17,M,SCT,OVC,M,M,100.00,400.00,M,M,,M,M,M,M,M,M,57.20,FAGG 121955Z AUTO 11015KT 3500 R29///// // SCT001/// OVC004/// 14/14 Q1020,M
FAGG,2026-09-12 19:56,57.20,57.20,100.00,110.00,15.00,0.00,30.12,M,1.74,M,SCT,OVC,M,M,100.00,400.00,M,M,,M,M,M,M,M,M,57.20,FAGG 121956Z AUTO 11015KT 2800 R29///// // SCT001/// OVC004/// 14/14 Q1020,M
FAGG,2026-09-12 20:00,57.20,57.20,100.00,110.00,15.00,0.00,30.12,M,1.74,M,SCT,OVC,M,M,100.00,400.00,M,M,,M,M,M,M,M,M,57.20,FAGG 122000Z AUTO 11015KT 2800 R29///// // SCT001/// OVC004/// 14/14 Q1020,M
FAGG,2026-09-12 20:17,57.20,57.20,100.00,100.00,16.00,0.00,30.12,M,1.30,M,BKN,OVC,M,M,100.00,400.00,M,M,,M,M,M,M,M,M,57.20,FAGG 122017Z AUTO 10016KT 2100 R29///// // BKN001/// OVC004/// 14/14 Q1020,M
FAGG,2026-09-12 20:28,57.20,57.20,100.00,110.00,15.00,0.00,30.12,M,0.68,M,SCT,OVC,M,M,100.00,400.00,M,M,,M,M,M,M,M,M,57.20,FAGG 122028Z AUTO 11015KT 1100 R29///// // SCT001/// OVC004/// 14/14 Q1020,M
FAGG,2026-09-12 20:52,57.20,57.20,100.00,100.00,15.00,0.00,30.12,M,0.47,M,SCT,OVC,M,M,100.00,400.00,M,M,,M,M,M,M,M,M,57.20,FAGG 122052Z AUTO 10015KT 0750 R29///// // SCT001/// OVC004/// 14/14 Q1020,M
FAGG,2026-09-12 21:00,57.20,57.20,100.00,100.00,15.00,0.00,30.12,M,0.50,M,SCT,OVC,M,M,100.00,400.00,M,M,,M,M,M,M,M,M,57.20,FAGG 122100Z AUTO 10015KT 0800 R29///// // SCT001/// OVC004/// 14/14 Q1020,M
FAGG,2026-09-12 21:25,59.00,57.20,93.74,100.00,11.00,0.00,30.12,M,0.47,M,SCT,OVC,M,M,100.00,400.00,M,M,,M,M,M,M,M,M,59.00,FAGG 122125Z AUTO 10011KT 0750 R29///// // SCT001/// OVC004/// 15/14 Q1020,M
FAGG,2026-09-12 22:00,59.00,57.20,93.74,110.00,11.00,0.00,30.12,M,0.31,M,SCT,OVC,M,M,100.00,400.00,M,M,,M,M,M,M,M,M,59.00,FAGG 122200Z AUTO 11011KT 0500 R29///// // SCT001/// OVC004/// 15/14 Q1020,M
FAGG,2026-09-12 23:00,59.00,59.00,100.00,90.00,11.00,0.00,30.09,M,0.47,M,SCT,OVC,M,M,100.00,400.00,M,M,,M,M,M,M,M,M,59.00,FAGG 122300Z AUTO 09011KT 0750 R29///// // SCT001/// OVC004/// 15/15 Q1019,M
FAGG,2026-09-12 23:44,59.00,59.00,100.00,100.00,12.00,0.00,30.06,M,0.56,M,SCT,OVC,M,M,100.00,400.00,M,M,,M,M,M,M,M,M,59.00,FAGG 122344Z AUTO 10012KT 0900 R29///// // SCT001/// OVC004/// 15/15 Q1018,M
FAGG,2026-09-13 00:00,59.00,59.00,100.00,100.00,12.00,0.00,30.06,M,1.18,M,SCT,OVC,M,M,100.00,400.00,M,M,,M,M,M,M,M,M,59.00,FAGG 130000Z AUTO 10012KT 1900 R29///// // SCT001/// OVC004/// 15/15 Q1018,M
FAGG,2026-09-13 00:02,59.00,59.00,100.00,100.00,13.00,0.00,30.06,M,2.11,M,SCT,OVC,M,M,100.00,400.00,M,M,,M,M,M,M,M,M,59.00,FAGG 130002Z AUTO 10013KT 3400 R29///// // SCT001/// OVC004/// 15/15 Q1018,M
FAGG,2026-09-13 00:04,59.00,59.00,100.00,100.00,13.00,0.00,30.06,M,2.11,M,BKN,OVC,M,M,100.00,400.00,M,M,,M,M,M,M,M,M,59.00,FAGG 130004Z AUTO 10013KT 3400 R29///// // BKN001/// OVC004/// 15/15 Q1018,M
FAGG,2026-09-13 00:07,59.00,59.00,100.00,110.00,12.00,0.00,30.06,M,1.68,M,BKN,OVC,M,M,100.00,400.00,M,M,,M,M,M,M,M,M,59.00,FAGG 130007Z AUTO 11012KT 2700 R29///// // BKN001/// OVC004/// 15/15 Q1018,M
FAGG,2026-09-13 00:28,59.00,59.00,100.00,100.00,13.00,0.00,30.06,M,2.42,M,BKN,OVC,M,M,100.00,500.00,M,M,,M,M,M,M,M,M,59.00,FAGG 130028Z AUTO 10013KT 3900 R29///// // BKN001/// OVC005/// 15/15 Q1018,M
FAGG,2026-09-13 00:41,59.00,59.00,100.00,100.00,12.00,0.00,30.06,M,3.73,M,BKN,OVC,M,M,100.00,300.00,M,M,,M,M,M,M,M,M,59.00,FAGG 130041Z AUTO 10012KT 6000 R29///// // BKN001/// OVC003/// 15/15 Q1018,M
FAGG,2026-09-13 00:52,59.00,59.00,100.00,100.00,12.00,0.00,30.06,M,4.97,M,OVC,M,M,M,200.00,M,M,M,,M,M,M,M,M,M,59.00,FAGG 130052Z AUTO 10012KT 8000 R29///// // OVC002/// 15/15 Q1018,M
FAGG,2026-09-13 01:00,59.00,59.00,100.00,100.00,12.00,0.00,30.06,M,4.97,M,OVC,M,M,M,200.00,M,M,M,,M,M,M,M,M,M,59.00,FAGG 130100Z AUTO 10012KT 8000 R29///// // OVC002/// 15/15 Q1018,M
FAGG,2026-09-13 02:00,59.00,59.00,100.00,100.00,11.00,0.00,30.03,M,4.35,M,OVC,M,M,M,300.00,M,M,M,M,M,M,M,M,M,M,59.00,FAGG 130200Z AUTO 10011KT 7000 OVC003/// 15/15 Q1017,M
FAGG,2026-09-13 02:02,59.00,59.00,100.00,100.00,12.00,0.00,30.03,M,4.35,M,OVC,M,M,M,300.00,M,M,M,-DZ,M,M,M,M,M,M,59.00,FAGG 130202Z 10012KT 7000 -DZ OVC003 15/15 Q1017,M
FAGG,2026-09-13 02:54,59.00,59.00,100.00,110.00,11.00,0.00,30.03,M,3.11,M,OVC,M,M,M,200.00,M,M,M,BR,M,M,M,M,M,M,59.00,FAGG 130254Z 11011KT 5000 BR OVC002 15/15 Q1017,M
FAGG,2026-09-13 03:00,59.00,59.00,100.00,110.00,11.00,0.00,30.03,M,3.11,M,OVC,M,M,M,200.00,M,M,M,BR,M,M,M,M,M,M,59.00,FAGG 130300Z 11011KT 5000 BR OVC002 15/15 Q1017,M
FAGG,2026-09-13 04:00,59.00,59.00,100.00,100.00,11.00,0.00,30.03,M,3.11,M,OVC,M,M,M,200.00,M,M,M,-DZ,M,M,M,M,M,M,59.00,FAGG 130400Z 10011KT 5000 -DZ OVC002 15/15 Q1017,M
FAGG,2026-09-13 04:32,59.00,59.00,100.00,110.00,9.00,0.00,30.03,M,2.49,M,OVC,M,M,M,200.00,M,M,M,BR,M,M,M,M,M,M,59.00,FAGG 130432Z 11009KT 4000 BR OVC002 15/15 Q1017,M
FAGG,2026-09-13 04:36,59.00,59.00,100.00,110.00,8.00,0.00,30.03,M,1.24,M,OVC,M,M,M,200.00,M,M,M,BR,M,M,M,M,M,M,59.00,FAGG 130436Z 11008KT 2000 BR OVC002 15/15 Q1017,M
FAGG,2026-09-13 04:44,59.00,59.00,100.00,110.00,8.00,0.00,30.06,M,0.75,M,BKN,OVC,M,M,200.00,500.00,M,M,BR,M,M,M,M,M,M,59.00,FAGG 130444Z 11008KT 1200 R29/1500D BR BKN002 OVC005 15/15 Q1018,M
FAGG,2026-09-13 05:00,59.00,59.00,100.00,110.00,8.00,0.00,30.03,M,0.75,M,BKN,OVC,M,M,200.00,500.00,M,M,BR,M,M,M,M,M,M,59.00,FAGG 130500Z 11008KT 1200 R29/1600U BR BKN002 OVC005 15/15 Q1017,M
FAGG,2026-09-13 05:19,59.00,59.00,100.00,100.00,7.00,0.00,30.03,M,0.43,M,SCT,OVC,M,M,100.00,400.00,M,M,-RA FG,M,M,M,M,M,M,59.00,FAGG 130519Z 10007KT 0700 R29/0900D -RA FG SCT001 OVC004 15/15 Q1017,M
FAGG,2026-09-13 05:54,59.00,59.00,100.00,90.00,6.00,0.00,30.06,M,0.43,M,VV ,M,M,M,100.00,M,M,M,FG,M,M,M,M,M,M,59.00,FAGG 130554Z 09006KT 0700 R29/0900U FG VV001 15/15 Q1018,M
FAGG,2026-09-13 06:00,59.00,59.00,100.00,100.00,6.00,0.00,30.06,M,0.43,M,VV ,M,M,M,100.00,M,M,M,FG,M,M,M,M,M,M,59.00,FAGG 130600Z 10006KT 0700 R29/0900U FG VV001 15/15 Q1018,M
FAGG,2026-09-13 06:04,59.00,59.00,100.00,80.00,6.00,0.00,30.06,M,0.87,M,BKN,OVC,M,M,100.00,400.00,M,M,BR,M,M,M,M,M,M,59.00,FAGG 130604Z 08006KT 1400 R29/1300U BR BKN001 OVC004 15/15 Q1018,M
FAGG,2026-09-13 06:07,59.00,59.00,100.00,80.00,5.00,0.00,30.06,M,1.74,M,BKN,OVC,M,M,100.00,400.00,M,M,BR,M,M,M,M,M,M,59.00,FAGG 130607Z 08005KT 2800 BR BKN001 OVC004 15/15 Q1018,M
FAGG,2026-09-13 06:16,59.00,59.00,100.00,80.00,6.00,0.00,30.06,M,1.99,M,BKN,OVC,M,M,100.00,500.00,M,M,BR,M,M,M,M,M,M,59.00,FAGG 130616Z 08006KT 3200 BR BKN001 OVC005 15/15 Q1018,M
FAGG,2026-09-13 06:24,59.00,59.00,100.00,90.00,7.00,0.00,30.06,M,3.11,M,BKN,OVC,M,M,100.00,300.00,M,M,BR,M,M,M,M,M,M,59.00,FAGG 130624Z 09007KT 5000 BR BKN001 OVC003 15/15 Q1018,M
FAGG,2026-09-13 06:37,59.00,59.00,100.00,90.00,8.00,0.00,30.03,M,6.21,M,OVC,M,M,M,200.00,M,M,M,M,M,M,M,M,M,M,59.00,FAGG 130637Z 09008KT 9999 OVC002 15/15 Q1017,M
FAGG,2026-09-13 07:00,59.00,59.00,100.00,80.00,8.00,0.00,30.03,M,6.21,M,BKN,M,M,M,200.00,M,M,M,M,M,M,M,M,M,M,59.00,FAGG 130700Z 08008KT 9999 BKN002 15/15 Q1017,M
FAGG,2026-09-13 07:23,60.80,60.80,100.00,80.00,8.00,0.00,30.00,M,6.21,M,BKN,M,M,M,300.00,M,M,M,M,M,M,M,M,M,M,60.80,FAGG 130723Z 08008KT 9999 BKN003 16/16 Q1016,M
FAGG,2026-09-13 07:36,60.80,60.80,100.00,80.00,10.00,0.00,30.00,M,6.21,M,SCT,M,M,M,300.00,M,M,M,M,M,M,M,M,M,M,60.80,FAGG 130736Z 08010KT 9999 SCT003 16/16 Q1016,M
FAGG,2026-09-13 08:00,62.60,62.60,100.00,90.00,11.00,0.00,29.97,M,6.21,M,FEW,M,M,M,300.00,M,M,M,M,M,M,M,M,M,M,62.60,FAGG 130800Z 09011KT 9999 FEW003 17/17 Q1015,M
FAGG,2026-09-13 09:00,66.20,60.80,82.76,110.00,11.00,0.00,29.94,M,6.21,M,FEW,M,M,M,1000.00,M,M,M,M,M,M,M,M,M,M,66.20,FAGG 130900Z 11011KT 9999 FEW010 19/16 Q1014,M
FAGG,2026-09-13 10:00,68.00,62.60,82.88,160.00,7.00,0.00,29.97,M,6.21,M,FEW,M,M,M,2000.00,M,M,M,M,M,M,M,M,M,M,68.00,FAGG 131000Z 16007KT 9999 FEW020 20/17 Q1015,M
FAGG,2026-09-13 11:00,66.20,62.60,88.19,120.00,5.00,0.00,29.94,M,6.21,M,FEW,M,M,M,1500.00,M,M,M,M,M,M,M,M,M,M,66.20,FAGG 131100Z 12005KT 090V150 9999 FEW015 19/17 Q1014,M
FAGG,2026-09-13 12:00,64.40,60.80,88.10,130.00,8.00,0.00,29.94,M,6.21,M,FEW,M,M,M,1500.00,M,M,M,M,M,M,M,M,M,M,64.40,FAGG 131200Z 13008KT 9999 FEW015 18/16 Q1014,M
FAGG,2026-09-13 13:00,66.20,59.00,77.62,110.00,6.00,0.00,29.94,M,6.21,M,FEW,M,M,M,1500.00,M,M,M,M,M,M,M,M,M,M,66.20,FAGG 131300Z 11006KT 080V140 9999 FEW015 19/15 Q1014,M
FAGG,2026-09-13 14:00,64.40,59.00,82.63,120.00,7.00,0.00,29.91,M,6.21,M,FEW,M,M,M,1500.00,M,M,M,M,M,M,M,M,M,M,64.40,FAGG 131400Z 12007KT 9999 FEW015 18/15 Q1013,M
FAGG,2026-09-13 15:00,62.60,59.00,88.01,130.00,5.00,0.00,29.91,M,6.21,M,FEW,M,M,M,1500.00,M,M,M,M,M,M,M,M,M,M,62.60,FAGG 131500Z 13005KT 9999 FEW015 17/15 Q1013,M
FAGG,2026-09-13 16:00,60.80,59.00,93.79,130.00,4.00,0.00,29.91,M,6.21,M,FEW,M,M,M,1500.00,M,M,M,M,M,M,M,M,M,M,60.80,FAGG 131600Z 13004KT 9999 FEW015 16/15 Q1013,M
FAGG,2026-09-13 17:00,59.00,57.20,93.74,M,2.00,0.00,29.94,M,6.21,M,FEW,M,M,M,1500.00,M,M,M,M,M,M,M,M,M,M,59.00,FAGG 131700Z VRB02KT 9999 FEW015 15/14 Q1014,M
FAGG,2026-09-13 18:00,59.00,59.00,100.00,330.00,3.00,0.00,29.94,M,6.21,M,FEW,M,M,M,1500.00,M,M,M,M,M,M,M,M,M,M,59.00,FAGG 131800Z 33003KT 300V360 9999 FEW015 15/15 Q1014,M
FAGG,2026-09-13 19:00,60.80,59.00,93.79,40.00,3.00,0.00,29.91,M,6.21,M,FEW,SCT,M,M,14000.00,17000.00,M,M,M,M,M,M,M,M,M,60.80,FAGG 131900Z AUTO 04003KT 9999 FEW140/// SCT170/// 16/15 Q1013,M
FAGG,2026-09-13 20:00,59.00,57.20,93.74,230.00,5.00,0.00,29.91,M,4.35,M,OVC,M,M,M,15000.00,M,M,M,M,M,M,M,M,M,M,59.00,FAGG 132000Z AUTO 23005KT 7000 OVC150/// 15/14 Q1013,M
FAGG,2026-09-13 20:03,59.00,59.00,100.00,240.00,4.00,0.00,29.94,M,2.86,M,FEW,OVC,M,M,200.00,15000.00,M,M,M,M,M,M,M,M,M,59.00,FAGG 132003Z AUTO 24004KT 220V280 4600 FEW002/// OVC150/// 15/15 Q1014,M
FAGG,2026-09-13 20:26,59.00,59.00,100.00,350.00,3.00,0.00,29.91,M,4.35,M,FEW,BKN,BKN,M,200.00,14000.00,16000.00,M,M,M,M,M,M,M,M,59.00,FAGG 132026Z AUTO 35003KT 320V040 7000 FEW002/// BKN140/// BKN160/// 15/15 Q1013,M
FAGG,2026-09-13 21:00,59.00,59.00,100.00,30.00,3.00,0.00,29.88,M,5.59,M,BKN,M,M,M,15000.00,M,M,M,M,M,M,M,M,M,M,59.00,FAGG 132100Z AUTO 03003KT 9000 BKN150/// 15/15 Q1012,M
FAGG,2026-09-13 22:00,59.00,59.00,100.00,M,2.00,0.00,29.88,M,4.97,M,FEW,BKN,BKN,M,300.00,13000.00,16000.00,M,M,M,M,M,M,M,M,59.00,FAGG 132200Z AUTO VRB02KT 8000 FEW003/// BKN130/// BKN160/// 15/15 Q1012,M
FAGG,2026-09-13 23:00,62.60,60.80,93.84,250.00,3.00,0.00,29.88,M,6.21,M,FEW,OVC,M,M,6000.00,9100.00,M,M,-RA,M,M,M,M,M,M,62.60,FAGG 132300Z AUTO 25003KT 190V350 9999 -RA FEW060/// OVC091/// 17/16 Q1012,M
FAGG,2026-09-14 00:00,62.60,60.80,93.84,220.00,5.00,0.00,29.85,M,6.21,M,OVC,M,M,M,10000.00,M,M,M,M,M,M,M,M,M,M,62.60,FAGG 140000Z AUTO 22005KT 9999 OVC100/// 17/16 Q1011,M
FAGG,2026-09-14 00:47,62.60,60.80,93.84,300.00,3.00,0.00,29.88,M,5.59,M,FEW,OVC,M,M,4400.00,9800.00,M,M,RA,M,M,M,M,M,M,62.60,FAGG 140047Z AUTO 30003KT 9000 RA FEW044/// OVC098/// 17/16 Q1012,M
FAGG,2026-09-14 01:00,62.60,60.80,93.84,310.00,3.00,0.00,29.85,M,6.21,M,SCT,OVC,M,M,4600.00,9700.00,M,M,-RA,M,M,M,M,M,M,62.60,FAGG 140100Z AUTO 31003KT 280V350 9999 -RA SCT046/// OVC097/// 17/16 Q1011 RERA,M
FAGG,2026-09-14 02:00,62.60,60.80,93.84,40.00,3.00,0.00,29.85,M,6.21,M,FEW,BKN,M,M,4200.00,9400.00,M,M,-RA,M,M,M,M,M,M,62.60,FAGG 140200Z AUTO 04003KT 9999 -RA FEW042/// BKN094/// 17/16 Q1011,M
FAGG,2026-09-14 03:00,60.80,59.00,93.79,210.00,3.00,0.00,29.85,M,6.21,M,FEW,M,M,M,4000.00,M,M,M,-RA,M,M,M,M,M,M,60.80,FAGG 140300Z 21003KT 9999 -RA FEW040 16/15 Q1011,M
FAGG,2026-09-14 04:00,60.80,60.80,100.00,30.00,4.00,0.00,29.83,M,6.21,M,M,M,M,M,M,M,M,M,M,M,M,M,M,M,M,60.80,FAGG 140400Z 03004KT CAVOK 16/16 Q1010,M
FAGG,2026-09-14 05:00,60.80,60.80,100.00,60.00,3.00,0.00,29.85,M,4.35,M,FEW,M,M,M,1600.00,M,M,M,-RA,M,M,M,M,M,M,60.80,FAGG 140500Z 06003KT 7000 -RA FEW016 16/16 Q1011,M
FAGG,2026-09-14 06:00,60.80,60.80,100.00,80.00,1.00,0.00,29.85,M,3.11,M,FEW,SCT,M,M,2000.00,4900.00,M,M,-RA,M,M,M,M,M,M,60.80,FAGG 140600Z 08001KT 5000 -RA FEW020 SCT049 16/16 Q1011,M
FAGG,2026-09-14 06:24,62.60,60.80,93.84,360.00,3.00,0.00,29.85,M,2.73,M,FEW,SCT,M,M,2200.00,3200.00,M,M,-RA,M,M,M,M,M,M,62.60,FAGG 140624Z 36003KT 320V050 4400 -RA FEW022 SCT032 17/16 Q1011,M
FAGG,2026-09-14 06:55,62.60,62.60,100.00,M,2.00,0.00,29.85,M,4.97,M,FEW,SCT,M,M,500.00,3200.00,M,M,M,M,M,M,M,M,M,62.60,FAGG 140655Z VRB02KT 8000 FEW005 SCT032 17/17 Q1011,M
FAGG,2026-09-14 07:00,62.60,62.60,100.00,M,2.00,0.00,29.85,M,4.97,M,FEW,SCT,M,M,500.00,3200.00,M,M,M,M,M,M,M,M,M,62.60,FAGG 140700Z VRB02KT 8000 FEW005 SCT032 17/17 Q1011,M
FAGG,2026-09-14 08:00,64.40,62.60,93.89,60.00,3.00,0.00,29.85,M,6.21,M,FEW,M,M,M,800.00,M,M,M,M,M,M,M,M,M,M,64.40,FAGG 140800Z 06003KT 9999 FEW008 18/17 Q1011,M
FAGG,2026-09-14 09:00,66.20,62.60,88.19,100.00,6.00,0.00,29.83,M,6.21,M,FEW,M,M,M,1000.00,M,M,M,M,M,M,M,M,M,M,66.20,FAGG 140900Z 10006KT 9999 FEW010 19/17 Q1010,M
FAGG,2026-09-14 09:52,69.80,62.60,77.93,60.00,3.00,0.00,29.80,M,6.21,M,FEW,M,M,M,3500.00,M,M,M,M,M,M,M,M,M,M,69.80,FAGG 140952Z 06003KT 010V110 9999 FEW035 21/17 Q1009,M
FAGG,2026-09-14 10:00,71.60,62.60,73.30,10.00,4.00,0.00,29.80,M,6.21,M,FEW,M,M,M,3500.00,M,M,M,M,M,M,M,M,M,M,71.60,FAGG 141000Z 01004KT 330V070 9999 FEW035 22/17 Q1009,M
FAGG,2026-09-14 10:26,75.20,59.00,57.17,320.00,9.00,0.00,29.80,M,6.21,M,FEW,M,M,M,3500.00,M,M,M,M,M,M,M,M,M,M,75.20,COR FAGG 141026Z 32009KT 300V010 9999 FEW035 24/15 Q1009,M
FAGG,2026-09-14 11:00,73.40,57.20,56.92,340.00,11.00,0.00,29.80,M,6.21,M,FEW,M,M,M,3500.00,M,M,M,M,M,M,M,M,M,M,73.40,FAGG 141100Z 34011KT 9999 FEW035 23/14 Q1009,M
FAGG,2026-09-14 12:00,75.20,59.00,57.17,330.00,12.00,0.00,29.77,M,6.21,M,FEW,M,M,M,3500.00,M,M,M,M,M,M,M,M,M,M,75.20,FAGG 141200Z 33012KT 9999 FEW035 24/15 Q1008,M
FAGG,2026-09-14 13:00,68.00,62.60,82.88,210.00,15.00,0.00,29.80,M,6.21,M,SCT,M,M,M,1100.00,M,M,M,M,M,M,M,M,M,M,68.00,FAGG 141300Z 21015KT 9999 SCT011 20/17 Q1009,M
FAGG,2026-09-14 13:07,64.40,60.80,88.10,210.00,15.00,0.00,29.80,M,6.21,M,FEW,BKN,M,M,400.00,800.00,M,M,M,M,M,M,M,M,M,64.40,FAGG 141307Z 21015KT 9999 FEW004 BKN008 18/16 Q1009,M
FAGG,2026-09-14 13:21,60.80,60.80,100.00,220.00,13.00,0.00,29.80,M,1.55,M,OVC,M,M,M,300.00,M,M,M,BR,M,M,M,M,M,M,60.80,FAGG 141321Z 22013KT 2500 BR OVC003 16/16 Q1009,M
FAGG,2026-09-14 13:24,60.80,60.80,100.00,220.00,13.00,0.00,29.80,M,0.87,M,OVC,M,M,M,300.00,M,M,M,BR,M,M,M,M,M,M,60.80,FAGG 141324Z 22013KT 1400 R29/1650D BR OVC003 16/16 Q1009,M
FAGG,2026-09-14 13:25,60.80,60.80,100.00,220.00,13.00,0.00,29.80,M,0.31,M,VV ,M,M,M,100.00,M,M,M,FG,M,M,M,M,M,M,60.80,FAGG 141325Z 22013KT 0500 R29/0550D FG VV001 16/16 Q1009,M
FAGG,2026-09-14 13:41,60.80,59.00,93.79,220.00,9.00,0.00,29.83,M,0.12,M,VV ,M,M,M,100.00,M,M,M,RA FG,M,M,M,M,M,M,60.80,FAGG 141341Z 22009KT 190V250 0200 R29/0200D RA FG VV001 16/15 Q1010,M
FAGG,2026-09-14 13:48,59.00,59.00,100.00,230.00,8.00,0.00,29.83,M,0.25,M,VV ,M,M,M,100.00,M,M,M,-RA FG,M,M,M,M,M,M,59.00,FAGG 141348Z 23008KT 190V270 0400 R29/0700U -RA FG VV001 15/15 Q1010,M
FAGG,2026-09-14 13:52,59.00,59.00,100.00,230.00,6.00,0.00,29.83,M,0.75,M,SCT,OVC,M,M,100.00,300.00,M,M,-RA BR,M,M,M,M,M,M,59.00,FAGG 141352Z 23006KT 190V270 1200 R29/1000U -RA BR SCT001 OVC003 15/15 Q1010,M
FAGG,2026-09-14 14:00,59.00,59.00,100.00,220.00,6.00,0.00,29.83,M,0.75,M,SCT,OVC,M,M,100.00,300.00,M,M,-RA BR,M,M,M,M,M,M,59.00,FAGG 141400Z 22006KT 180V260 1200 R29/P1200U -RA BR SCT001 OVC003 15/15 Q1010,M
FAGG,2026-09-14 14:03,59.00,59.00,100.00,220.00,7.00,0.00,29.85,M,0.99,M,SCT,OVC,M,M,100.00,300.00,M,M,-RA BR,M,M,M,M,M,M,59.00,FAGG 141403Z 22007KT 180V250 1600 -RA BR SCT001 OVC003 15/15 Q1011,M
FAGG,2026-09-14 14:13,59.00,57.20,93.74,210.00,9.00,0.00,29.83,M,0.28,M,VV ,M,M,M,100.00,M,M,M,FG,M,M,M,M,M,M,59.00,FAGG 141413Z 21009KT 190V250 0450 R29/0450D FG VV001 15/14 Q1010,M
FAGG,2026-09-14 14:36,57.20,57.20,100.00,200.00,10.00,0.00,29.85,M,0.50,M,VV ,M,M,M,200.00,M,M,M,FG,M,M,M,M,M,M,57.20,FAGG 141436Z 20010KT 0800 R29/P1200U FG VV002 14/14 Q1011,M
FAGG,2026-09-14 14:50,57.20,57.20,100.00,240.00,5.00,0.00,29.85,M,0.87,M,BKN,OVC,M,M,100.00,300.00,M,M,BR,M,M,M,M,M,M,57.20,FAGG 141450Z 24005KT 190V290 1400 R29/1500D BR BKN001 OVC003 14/14 Q1011,M
FAGG,2026-09-14 14:55,57.20,57.20,100.00,230.00,6.00,0.00,29.85,M,1.49,M,BKN,OVC,M,M,100.00,400.00,M,M,BR,M,M,M,M,M,M,57.20,FAGG 141455Z 23006KT 200V290 2400 BR BKN001 OVC004 14/14 Q1011,M
FAGG,2026-09-14 15:00,57.20,57.20,100.00,220.00,6.00,0.00,29.85,M,1.43,M,BKN,OVC,M,M,100.00,400.00,M,M,BR,M,M,M,M,M,M,57.20,FAGG 141500Z 22006KT 190V260 2300 BR BKN001 OVC004 14/14 Q1011,M
FAGG,2026-09-14 15:49,57.20,57.20,100.00,210.00,3.00,0.00,29.88,M,1.62,M,BKN,OVC,M,M,200.00,500.00,M,M,BR,M,M,M,M,M,M,57.20,FAGG 141549Z 21003KT 150V280 2600 BR BKN002 OVC005 14/14 Q1012,M
FAGG,2026-09-14 16:00,57.20,57.20,100.00,180.00,3.00,0.00,29.88,M,1.74,M,BKN,OVC,M,M,200.00,500.00,M,M,BR,M,M,M,M,M,M,57.20,FAGG 141600Z 18003KT 100V250 2800 BR BKN002 OVC005 14/14 Q1012,M
FAGG,2026-09-14 16:09,57.20,57.20,100.00,M,2.00,0.00,29.88,M,2.61,M,BKN,OVC,M,M,200.00,700.00,M,M,-DZ BR,M,M,M,M,M,M,57.20,FAGG 141609Z VRB02KT 4200 -DZ BR BKN002 OVC007 14/14 Q1012,M
FAGG,2026-09-14 17:00,57.20,57.20,100.00,60.00,4.00,0.00,29.88,M,2.80,M,BKN,OVC,M,M,300.00,800.00,M,M,-RA BR,M,M,M,M,M,M,57.20,FAGG 141700Z 06004KT 4500 -RA BR BKN003 OVC008 14/14 Q1012,M
FAGG,2026-09-14 17:20,57.20,57.20,100.00,70.00,7.00,0.00,29.88,M,3.73,M,FEW,SCT,M,M,200.00,2800.00,M,M,-RA,M,M,M,M,M,M,57.20,FAGG 141720Z 07007KT 6000 -RA FEW002 SCT028 14/14 Q1012,M
FAGG,2026-09-14 18:00,57.20,57.20,100.00,100.00,7.00,0.00,29.88,M,6.21,M,FEW,SCT,M,M,400.00,3500.00,M,M,M,M,M,M,M,M,M,57.20,FAGG 141800Z 10007KT 9999 FEW004 SCT035 14/14 Q1012,M
FAGG,2026-09-14 18:34,55.40,55.40,100.00,130.00,6.00,0.00,29.88,M,6.21,M,FEW,M,M,M,200.00,M,M,M,M,M,M,M,M,M,M,55.40,FAGG 141834Z AUTO 13006KT 9999 FEW002/// 13/13 Q1012,M
FAGG,2026-09-14 18:43,55.40,55.40,100.00,140.00,7.00,0.00,29.91,M,6.21,M,FEW,M,M,M,300.00,M,M,M,M,M,M,M,M,M,M,55.40,FAGG 141843Z AUTO 14007KT 9999 FEW003/// 13/13 Q1013,M
FAGG,2026-09-14 18:50,55.40,55.40,100.00,130.00,6.00,0.00,29.91,M,6.21,M,SCT,M,M,M,21000.00,M,M,M,M,M,M,M,M,M,M,55.40,FAGG 141850Z AUTO 13006KT 9999 SCT210/// 13/13 Q1013,M
FAGG,2026-09-14 19:00,55.40,55.40,100.00,140.00,6.00,0.00,29.91,M,6.21,M,SCT,M,M,M,21000.00,M,M,M,M,M,M,M,M,M,M,55.40,FAGG 141900Z AUTO 14006KT 9999 SCT210/// 13/13 Q1013,M
FAGG,2026-09-14 19:14,55.40,55.40,100.00,110.00,5.00,0.00,29.91,M,1.43,M,SCT,SCT,M,M,200.00,21000.00,M,M,BR,M,M,M,M,M,M,55.40,FAGG 141914Z AUTO 11005KT 2300 BR SCT002/// SCT210/// 13/13 Q1013,M
FAGG,2026-09-14 19:15,55.40,55.40,100.00,100.00,5.00,0.00,29.91,M,0.87,M,SCT,SCT,M,M,200.00,21000.00,M,M,BR,M,M,M,M,M,M,55.40,FAGG 141915Z AUTO 10005KT 1400 1000 R29/2000D BR SCT002/// SCT210/// 13/13 Q1013,M
FAGG,2026-09-14 19:17,55.40,55.40,100.00,100.00,5.00,0.00,29.91,M,0.75,M,BKN,M,M,M,200.00,M,M,M,BR,M,M,M,M,M,M,55.40,FAGG 141917Z AUTO 10005KT 1200 1000 R29/1700D BR BKN002/// 13/13 Q1013,M
FAGG,2026-09-14 19:18,55.40,55.40,100.00,90.00,5.00,0.00,29.91,M,0.75,M,BKN,M,M,M,100.00,M,M,M,BR,M,M,M,M,M,M,55.40,FAGG 141918Z AUTO 09005KT 1200 0900 R29/1600D BR BKN001/// 13/13 Q1013,M
FAGG,2026-09-14 19:40,57.20,55.40,93.70,90.00,3.00,0.00,29.91,M,0.62,M,BKN,OVC,M,M,100.00,400.00,M,M,BR,M,M,M,M,M,M,57.20,FAGG 141940Z AUTO 09003KT 1000 0600 R29/0700D BR BKN001/// OVC004/// 14/13 Q1013,M
FAGG,2026-09-14 19:53,57.20,57.20,100.00,80.00,5.00,0.00,29.91,M,0.62,M,SCT,OVC,M,M,100.00,400.00,M,M,BR,M,M,M,M,M,M,57.20,FAGG 141953Z AUTO 08005KT 1000 0900 R29/1100U BR SCT001/// OVC004/// 14/14 Q1013,M
FAGG,2026-09-14 20:00,57.20,57.20,100.00,80.00,5.00,0.00,29.91,M,0.68,M,SCT,OVC,M,M,100.00,400.00,M,M,BR,M,M,M,M,M,M,57.20,FAGG 142000Z AUTO 08005KT 1100 1000 R29/1300U BR SCT001/// OVC004/// 14/14 Q1013,M
FAGG,2026-09-14 20:06,57.20,57.20,100.00,70.00,6.00,0.00,29.91,M,2.55,M,SCT,OVC,M,M,100.00,400.00,M,M,BR,M,M,M,M,M,M,57.20,FAGG 142006Z AUTO 07006KT 4100 BR SCT001/// OVC004/// 14/14 Q1013,M
FAGG,2026-09-14 20:11,57.20,57.20,100.00,70.00,6.00,0.00,29.91,M,2.49,M,BKN,OVC,M,M,100.00,400.00,M,M,BR,M,M,M,M,M,M,57.20,FAGG 142011Z AUTO 07006KT 4000 BR BKN001/// OVC004/// 14/14 Q1013,M
FAGG,2026-09-14 20:26,57.20,57.20,100.00,60.00,4.00,0.00,29.91,M,3.11,M,BKN,OVC,M,M,100.00,400.00,M,M,BR,M,M,M,M,M,M,57.20,FAGG 142026Z AUTO 06004KT 030V090 5000 BR BKN001/// OVC004/// 14/14 Q1013,M
FAGG,2026-09-14 20:28,57.20,57.20,100.00,50.00,4.00,0.00,29.91,M,2.73,M,BKN,OVC,M,M,100.00,500.00,M,M,BR,M,M,M,M,M,M,57.20,FAGG 142028Z AUTO 05004KT 4400 BR BKN001/// OVC005/// 14/14 Q1013,M
FAGG,2026-09-14 20:39,57.20,57.20,100.00,60.00,6.00,0.00,29.91,M,4.97,M,OVC,M,M,M,100.00,M,M,M,M,M,M,M,M,M,M,57.20,FAGG 142039Z AUTO 06006KT 8000 OVC001/// 14/14 Q1013,M
FAGG,2026-09-14 20:45,57.20,57.20,100.00,60.00,6.00,0.00,29.88,M,2.55,M,OVC,M,M,M,100.00,M,M,M,M,M,M,M,M,M,M,57.20,FAGG 142045Z AUTO 06006KT 4100 OVC001/// 14/14 Q1012,M
FAGG,2026-09-14 20:54,57.20,57.20,100.00,70.00,5.00,0.00,29.88,M,2.86,M,BKN,OVC,M,M,100.00,500.00,M,M,BR,M,M,M,M,M,M,57.20,FAGG 142054Z AUTO 07005KT 4600 BR BKN001/// OVC005/// 14/14 Q1012,M
FAGG,2026-09-14 21:00,57.20,57.20,100.00,60.00,5.00,0.00,29.88,M,2.80,M,BKN,OVC,M,M,100.00,500.00,M,M,BR,M,M,M,M,M,M,57.20,FAGG 142100Z AUTO 06005KT 4500 BR BKN001/// OVC005/// 14/14 Q1012,M
FAGG,2026-09-14 21:05,57.20,55.40,93.70,30.00,5.00,0.00,29.88,M,1.37,M,BKN,OVC,M,M,100.00,500.00,M,M,BR,M,M,M,M,M,M,57.20,FAGG 142105Z AUTO 03005KT 340V050 2200 BR BKN001/// OVC005/// 14/13 Q1012,M
FAGG,2026-09-14 21:10,57.20,55.40,93.70,20.00,4.00,0.00,29.88,M,0.87,M,BKN,OVC,M,M,100.00,500.00,M,M,BR,M,M,M,M,M,M,57.20,FAGG 142110Z AUTO 02004KT 340V050 1400 R29/2000D BR BKN001/// OVC005/// 14/13 Q1012,M
FAGG,2026-09-14 21:13,57.20,55.40,93.70,20.00,4.00,0.00,29.88,M,0.99,M,BKN,OVC,M,M,100.00,400.00,M,M,BR,M,M,M,M,M,M,57.20,FAGG 142113Z AUTO 02004KT 350V050 1600 BR BKN001/// OVC004/// 14/13 Q1012,M
FAGG,2026-09-14 21:17,57.20,55.40,93.70,40.00,5.00,0.00,29.88,M,0.81,M,SCT,OVC,M,M,100.00,400.00,M,M,BR,M,M,M,M,M,M,57.20,FAGG 142117Z AUTO 04005KT 360V060 1300 1200 R29/1500D BR SCT001/// OVC004/// 14/13 Q1012,M
FAGG,2026-09-14 21:31,57.20,55.40,93.70,30.00,3.00,0.00,29.88,M,0.68,M,SCT,OVC,M,M,100.00,400.00,M,M,BR,M,M,M,M,M,M,57.20,FAGG 142131Z AUTO 03003KT 350V070 1100 1000 R29/1300D BR SCT001/// OVC004/// 14/13 Q1012,M
FAGG,2026-09-14 21:39,57.20,55.40,93.70,M,2.00,0.00,29.88,M,0.56,M,SCT,OVC,M,M,100.00,400.00,M,M,FG,M,M,M,M,M,M,57.20,FAGG 142139Z AUTO VRB02KT 0900 0650 R29/0700D FG SCT001/// OVC004/// 14/13 Q1012,M
FAGG,2026-09-14 21:50,55.40,55.40,100.00,M,2.00,0.00,29.88,M,0.40,M,SCT,OVC,M,M,100.00,400.00,M,M,FG,M,M,M,M,M,M,55.40,FAGG 142150Z AUTO VRB02KT 0650 0600 R29/0650N FG SCT001/// OVC004/// 13/13 Q1012,M
FAGG,2026-09-14 21:54,55.40,55.40,100.00,M,2.00,0.00,29.88,M,0.40,M,SCT,OVC,M,M,100.00,400.00,M,M,FG,M,M,M,M,M,M,55.40,FAGG 142154Z AUTO VRB02KT 0650 0500 R29/0450D FG SCT001/// OVC004/// 13/13 Q1012,M
FAGG,2026-09-14 21:59,55.40,55.40,100.00,M,2.00,0.00,29.88,M,0.37,M,VV ,M,M,M,100.00,M,M,M,FG,M,M,M,M,M,M,55.40,FAGG 142159Z AUTO VRB02KT 0600 0450 R29/0450N FG VV001 13/13 Q1012,M
FAGG,2026-09-14 22:00,55.40,55.40,100.00,M,2.00,0.00,29.88,M,0.37,M,VV ,M,M,M,100.00,M,M,M,FG,M,M,M,M,M,M,55.40,FAGG 142200Z AUTO VRB02KT 0600 0450 R29/0450N FG VV001 13/13 Q1012,M
FAGG,2026-09-14 22:57,53.60,53.60,100.00,M,2.00,0.00,29.85,M,0.31,M,VV ,M,M,M,100.00,M,M,M,FG,M,M,M,M,M,M,53.60,FAGG 142257Z AUTO VRB02KT 0500 0400 R29/0600N FG VV001 12/12 Q1011,M
FAGG,2026-09-14 23:00,53.60,53.60,100.00,M,2.00,0.00,29.85,M,0.31,M,VV ,M,M,M,100.00,M,M,M,FG,M,M,M,M,M,M,53.60,FAGG 142300Z AUTO VRB02KT 0500 0400 R29/0600N FG VV001 12/12 Q1011,M
FAGG,2026-09-14 23:08,53.60,53.60,100.00,200.00,4.00,0.00,29.85,M,0.37,M,VV ,M,M,M,100.00,M,M,M,-RA FG,M,M,M,M,M,M,53.60,FAGG 142308Z AUTO 20004KT 140V230 0600 0500 R29/0450D -RA FG VV001 12/12 Q1011,M
FAGG,2026-09-14 23:21,53.60,53.60,100.00,270.00,4.00,0.00,29.85,M,0.34,M,VV ,M,M,M,100.00,M,M,M,-RA FG,M,M,M,M,M,M,53.60,FAGG 142321Z AUTO 27004KT 0550 0350 R29/0900U -RA FG VV001 12/12 Q1011,M
FAGG,2026-09-14 23:22,53.60,53.60,100.00,270.00,4.00,0.00,29.85,M,0.34,M,VV ,M,M,M,100.00,M,M,M,-RA FG,M,M,M,M,M,M,53.60,FAGG 142322Z AUTO 27004KT 0550 0350 R29/0450D -RA FG VV001 12/12 Q1011,M
FAGG,2026-09-14 23:37,53.60,53.60,100.00,250.00,6.00,0.00,29.85,M,0.19,M,VV ,M,M,M,100.00,M,M,M,-RA FG,M,M,M,M,M,M,53.60,FAGG 142337Z AUTO 25006KT 0300 0250 R29/0275N -RA FG VV001 12/12 Q1011,M
FAGG,2026-09-14 23:58,53.60,53.60,100.00,290.00,4.00,0.00,29.85,M,0.31,M,VV ,M,M,M,100.00,M,M,M,-RA FG,M,M,M,M,M,M,53.60,FAGG 142358Z AUTO 29004KT 260V340 0500 0350 R29/0900U -RA FG VV001 12/12 Q1011,M
FAGG,2026-09-15 00:00,53.60,53.60,100.00,290.00,4.00,0.00,29.85,M,0.31,M,VV ,M,M,M,100.00,M,M,M,-RA FG,M,M,M,M,M,M,53.60,FAGG 150000Z AUTO 29004KT 260V340 0500 0350 R29/0900U -RA FG VV001 12/12 Q1011,M
FAGG,2026-09-15 00:05,53.60,53.60,100.00,310.00,4.00,0.00,29.85,M,6.21,M,BKN,M,M,M,200.00,M,M,M,-RA,M,M,M,M,M,M,53.60,FAGG 150005Z AUTO 31004KT 280V340 9999 -RA BKN002/// 12/12 Q1011,M
FAGG,2026-09-15 00:19,53.60,53.60,100.00,280.00,4.00,0.00,29.85,M,6.21,M,SCT,M,M,M,200.00,M,M,M,M,M,M,M,M,M,M,53.60,FAGG 150019Z AUTO 28004KT 9999 SCT002/// 12/12 Q1011,M
FAGG,2026-09-15 00:48,57.20,55.40,93.70,310.00,10.00,0.00,29.85,M,6.21,M,FEW,M,M,M,8200.00,M,M,M,M,M,M,M,M,M,M,57.20,FAGG 150048Z AUTO 31010KT 9999 FEW082/// 14/13 Q1011,M
FAGG,2026-09-15 01:00,57.20,55.40,93.70,310.00,11.00,0.00,29.85,M,6.21,M,FEW,M,M,M,8200.00,M,M,M,M,M,M,M,M,M,M,57.20,FAGG 150100Z AUTO 31011KT 9999 FEW082/// 14/13 Q1011,M
FAGG,2026-09-15 01:51,59.00,51.80,76.99,280.00,9.00,0.00,29.85,M,6.21,M,M,M,M,M,M,M,M,M,M,M,M,M,M,M,M,59.00,FAGG 150151Z AUTO 28009KT CAVOK 15/11 Q1011,M
FAGG,2026-09-15 02:00,59.00,51.80,76.99,280.00,9.00,0.00,29.85,M,6.21,M,M,M,M,M,M,M,M,M,M,M,M,M,M,M,M,59.00,FAGG 150200Z AUTO 28009KT CAVOK 15/11 Q1011,M
FAGG,2026-09-15 03:00,57.20,51.80,82.13,280.00,7.00,0.00,29.85,M,6.21,M,M,M,M,M,M,M,M,M,M,M,M,M,M,M,M,57.20,FAGG 150300Z 28007KT CAVOK 14/11 Q1011,M
FAGG,2026-09-15 04:00,53.60,51.80,93.60,260.00,5.00,0.00,29.88,M,6.21,M,M,M,M,M,M,M,M,M,M,M,M,M,M,M,M,53.60,FAGG 150400Z 26005KT CAVOK 12/11 Q1012,M
FAGG,2026-09-15 05:00,55.40,53.60,93.65,M,2.00,0.00,29.88,M,6.21,M,M,M,M,M,M,M,M,M,M,M,M,M,M,M,M,55.40,FAGG 150500Z VRB02KT CAVOK 13/12 Q1012,M
FAGG,2026-09-15 05:45,60.80,53.60,77.15,M,2.00,0.00,29.91,M,6.21,M,M,M,M,M,M,M,M,M,M,M,M,M,M,M,M,60.80,FAGG 150545Z VRB02KT CAVOK 16/12 Q1013,M
FAGG,2026-09-15 06:00,60.80,53.60,77.15,270.00,4.00,0.00,29.91,M,6.21,M,M,M,M,M,M,M,M,M,M,M,M,M,M,M,M,60.80,FAGG 150600Z 27004KT 240V300 CAVOK 16/12 Q1013,M
FAGG,2026-09-15 06:52,66.20,55.40,68.18,M,2.00,0.00,29.91,M,6.21,M,M,M,M,M,M,M,M,M,M,M,M,M,M,M,M,66.20,FAGG 150652Z VRB02KT CAVOK 19/13 Q1013,M
FAGG,2026-09-15 07:00,66.20,55.40,68.18,M,2.00,0.00,29.91,M,6.21,M,M,M,M,M,M,M,M,M,M,M,M,M,M,M,M,66.20,FAGG 150700Z VRB02KT CAVOK 19/13 Q1013,M
FAGG,2026-09-15 08:00,68.00,57.20,68.38,240.00,6.00,0.00,29.94,M,6.21,M,M,M,M,M,M,M,M,M,M,M,M,M,M,M,M,68.00,FAGG 150800Z 24006KT 200V260 CAVOK 20/14 Q1014,M
FAGG,2026-09-15 09:00,68.00,57.20,68.38,200.00,4.00,0.00,29.91,M,6.21,M,M,M,M,M,M,M,M,M,M,M,M,M,M,M,M,68.00,FAGG 150900Z 20004KT 140V240 CAVOK 20/14 Q1013,M
FAGG,2026-09-15 10:00,66.20,55.40,68.18,180.00,7.00,0.00,29.91,M,6.21,M,M,M,M,M,M,M,M,M,M,M,M,M,M,M,M,66.20,FAGG 151000Z 18007KT CAVOK 19/13 Q1013,M
FAGG,2026-09-15 11:00,66.20,57.20,72.76,170.00,5.00,0.00,29.91,M,6.21,M,FEW,M,M,M,3800.00,M,M,M,M,M,M,M,M,M,M,66.20,FAGG 151100Z 17005KT 120V200 9999 FEW038 19/14 Q1013,M
FAGG,2026-09-15 12:00,66.20,59.00,77.62,160.00,7.00,0.00,29.88,M,6.21,M,M,M,M,M,M,M,M,M,M,M,M,M,M,M,M,66.20,FAGG 151200Z 16007KT 120V190 CAVOK 19/15 Q1012,M
FAGG,2026-09-15 13:00,64.40,57.20,77.46,150.00,6.00,0.00,29.88,M,6.21,M,FEW,M,M,M,2200.00,M,M,M,M,M,M,M,M,M,M,64.40,FAGG 151300Z 15006KT 110V180 9999 FEW022 18/14 Q1012,M
FAGG,2026-09-15 14:00,66.20,59.00,77.62,100.00,3.00,0.00,29.91,M,6.21,M,M,M,M,M,M,M,M,M,M,M,M,M,M,M,M,66.20,FAGG 151400Z 10003KT 050V160 CAVOK 19/15 Q1013,M
FAGG,2026-09-15 15:00,64.40,57.20,77.46,M,2.00,0.00,29.91,M,6.21,M,M,M,M,M,M,M,M,M,M,M,M,M,M,M,M,64.40,FAGG 151500Z VRB02KT CAVOK 18/14 Q1013,M
FAGG,2026-09-15 16:00,62.60,59.00,88.01,50.00,3.00,0.00,29.91,M,6.21,M,M,M,M,M,M,M,M,M,M,M,M,M,M,M,M,62.60,FAGG 151600Z 05003KT 330V080 CAVOK 17/15 Q1013,M
FAGG,2026-09-15 17:00,62.60,57.20,82.51,M,2.00,0.00,29.91,M,6.21,M,M,M,M,M,M,M,M,M,M,M,M,M,M,M,M,62.60,FAGG 151700Z VRB02KT CAVOK 17/14 Q1013,M
FAGG,2026-09-15 18:00,64.40,55.40,72.58,320.00,3.00,0.00,29.94,M,6.21,M,M,M,M,M,M,M,M,M,M,M,M,M,M,M,M,64.40,FAGG 151800Z 32003KT 250V010 CAVOK 18/13 Q1014,M
FAGG,2026-09-15 19:00,66.20,48.20,52.27,300.00,7.00,0.00,29.97,M,6.21,M,BKN,OVC,M,M,10000.00,12000.00,M,M,M,M,M,M,M,M,M,66.20,FAGG 151900Z AUTO 30007KT 9999 BKN100/// OVC120/// 19/09 Q1015,M
FAGG,2026-09-15 20:00,64.40,46.40,52.00,250.00,7.00,0.00,30.00,M,6.21,M,OVC,M,M,M,10000.00,M,M,M,M,M,M,M,M,M,M,64.40,FAGG 152000Z AUTO 25007KT 9999 OVC100/// 18/08 Q1016,M
FAGG,2026-09-15 21:00,60.80,53.60,77.15,220.00,4.00,0.00,30.03,M,6.21,M,SCT,BKN,M,M,9100.00,11000.00,M,M,M,M,M,M,M,M,M,60.80,FAGG 152100Z AUTO 22004KT 9999 SCT091/// BKN110/// 16/12 Q1017,M
FAGG,2026-09-15 22:00,60.80,51.80,72.21,280.00,3.00,0.00,30.06,M,6.21,M,BKN,BKN,M,M,9800.00,12000.00,M,M,M,M,M,M,M,M,M,60.80,FAGG 152200Z AUTO 28003KT 220V320 9999 BKN098/// BKN120/// 16/11 Q1018,M
FAGG,2026-09-15 23:00,57.20,53.60,87.75,230.00,5.00,0.00,30.06,M,6.21,M,FEW,BKN,BKN,M,4900.00,6900.00,8900.00,M,-RA,M,M,M,M,M,M,57.20,FAGG 152300Z AUTO 23005KT 9999 -RA FEW049/// BKN069/// BKN089/// 14/12 Q1018,M
FAGG,2026-09-16 00:00,55.40,51.80,87.65,250.00,7.00,0.00,30.09,M,6.21,M,OVC,M,M,M,8100.00,M,M,M,-RA,M,M,M,M,M,M,55.40,FAGG 160000Z AUTO 25007KT 9999 -RA OVC081/// 13/11 Q1019,M
FAGG,2026-09-16 00:46,55.40,51.80,87.65,270.00,7.00,0.00,30.12,M,6.21,M,BKN,OVC,M,M,1100.00,6800.00,M,M,-RA,M,M,M,M,M,M,55.40,FAGG 160046Z AUTO 27007KT 9999 -RA BKN011/// OVC068/// 13/11 Q1020,M
FAGG,2026-09-16 01:00,55.40,51.80,87.65,270.00,7.00,0.00,30.12,M,6.21,M,BKN,BKN,OVC,M,1100.00,1900.00,6800.00,M,-RA,M,M,M,M,M,M,55.40,FAGG 160100Z AUTO 27007KT 9999 -RA BKN011/// BKN019/// OVC068/// 13/11 Q1020,M
FAGG,2026-09-16 01:02,55.40,53.60,93.65,280.00,6.00,0.00,30.12,M,6.21,M,SCT,BKN,OVC,M,1000.00,1500.00,7100.00,M,-RA,M,M,M,M,M,M,55.40,FAGG 160102Z AUTO 28006KT 9999 -RA SCT010/// BKN015/// OVC071/// 13/12 Q1020,M
FAGG,2026-09-16 01:11,55.40,53.60,93.65,300.00,6.00,0.00,30.12,M,6.21,M,BKN,OVC,M,M,1100.00,7200.00,M,M,-RA,M,M,M,M,M,M,55.40,FAGG 160111Z AUTO 30006KT 9999 -RA BKN011/// OVC072/// 13/12 Q1020,M
FAGG,2026-09-16 01:28,55.40,51.80,87.65,300.00,7.00,0.00,30.12,M,6.21,M,BKN,BKN,OVC,M,1000.00,1400.00,7100.00,M,-RA,M,M,M,M,M,M,55.40,FAGG 160128Z AUTO 30007KT 9999 -RA BKN010/// BKN014/// OVC071/// 13/11 Q1020,M
FAGG,2026-09-16 01:39,55.40,51.80,87.65,300.00,5.00,0.00,30.12,M,6.21,M,BKN,OVC,M,M,1100.00,6700.00,M,M,-RA,M,M,M,M,M,M,55.40,FAGG 160139Z AUTO 30005KT 9999 -RA BKN011/// OVC067/// 13/11 Q1020,M
FAGG,2026-09-16 02:00,55.40,53.60,93.65,290.00,4.00,0.00,30.12,M,6.21,M,OVC,M,M,M,1000.00,M,M,M,-RA,M,M,M,M,M,M,55.40,FAGG 160200Z AUTO 29004KT 9999 -RA OVC010/// 13/12 Q1020,M
FAGG,2026-09-16 03:00,53.60,53.60,100.00,290.00,5.00,0.00,30.15,M,6.21,M,SCT,BKN,OVC,M,700.00,1200.00,1700.00,M,-RA,M,M,M,M,M,M,53.60,FAGG 160300Z 29005KT 9999 -RA SCT007 BKN012 OVC017 12/12 Q1021,M
FAGG,2026-09-16 04:00,55.40,53.60,93.65,300.00,8.00,0.00,30.18,M,6.21,M,FEW,BKN,OVC,M,600.00,1600.00,2200.00,M,-RA,M,M,M,M,M,M,55.40,FAGG 160400Z 30008KT 240V320 9999 -RA FEW006 BKN016 OVC022 13/12 Q1022,M
FAGG,2026-09-16 04:15,53.60,53.60,100.00,200.00,12.00,0.00,30.18,M,2.30,M,SCT,BKN,OVC,M,200.00,800.00,1300.00,M,+RA,M,M,M,M,M,M,53.60,FAGG 160415Z 20012KT 3700 +RA SCT002 BKN008 OVC013 12/12 Q1022,M
FAGG,2026-09-16 04:41,51.80,51.80,100.00,210.00,16.00,0.00,30.21,M,3.11,M,BKN,OVC,M,M,300.00,1200.00,M,M,RA,M,M,M,M,M,M,51.80,FAGG 160441Z 21016KT 5000 RA BKN003 OVC012 11/11 Q1023,M
FAGG,2026-09-16 05:00,53.60,51.80,93.60,200.00,14.00,0.00,30.21,M,3.11,M,BKN,OVC,M,M,300.00,1200.00,M,M,RA,M,M,M,M,M,M,53.60,FAGG 160500Z 20014KT 5000 RA BKN003 OVC012 12/11 Q1023,M
FAGG,2026-09-16 05:10,51.80,51.80,100.00,210.00,13.00,0.00,30.24,M,1.43,M,BKN,OVC,M,M,300.00,1200.00,M,M,RA BR,M,M,M,M,M,M,51.80,FAGG 160510Z 21013KT 2300 RA BR BKN003 OVC012 11/11 Q1024,M
FAGG,2026-09-16 05:41,51.80,50.00,93.55,210.00,15.00,0.00,30.27,M,2.36,M,BKN,OVC,M,M,300.00,2000.00,M,M,RA BR,M,M,M,M,M,M,51.80,FAGG 160541Z 21015KT 3800 RA BR BKN003 OVC020 11/10 Q1025,M
FAGG,2026-09-16 06:00,51.80,50.00,93.55,210.00,10.00,0.00,30.27,M,2.61,M,BKN,OVC,M,M,300.00,2900.00,M,M,RA BR,M,M,M,M,M,M,51.80,FAGG 160600Z 21010KT 4200 RA BR BKN003 OVC029 11/10 Q1025,M
FAGG,2026-09-16 06:07,53.60,51.80,93.60,220.00,8.00,0.00,30.27,M,3.11,M,SCT,OVC,M,M,600.00,3400.00,M,M,-RA,M,M,M,M,M,M,53.60,FAGG 160607Z 22008KT 5000 -RA SCT006 OVC034 12/11 Q1025,M
FAGG,2026-09-16 06:51,53.60,51.80,93.60,290.00,5.00,0.00,30.30,M,1.86,M,SCT,BKN,OVC,M,800.00,1200.00,4200.00,M,-RA,M,M,M,M,M,M,53.60,FAGG 160651Z 29005KT 3000 -RA SCT008 BKN012 OVC042 12/11 Q1026,M
FAGG,2026-09-16 07:00,53.60,51.80,93.60,290.00,5.00,0.00,30.30,M,1.86,M,SCT,BKN,OVC,M,800.00,1200.00,4200.00,M,-RA,M,M,M,M,M,M,53.60,FAGG 160700Z 29005KT 3000 -RA SCT008 BKN012 OVC042 12/11 Q1026,M
FAGG,2026-09-16 07:18,53.60,51.80,93.60,220.00,7.00,0.00,30.33,M,1.80,M,SCT,BKN,OVC,M,700.00,1400.00,2800.00,M,RA,M,M,M,M,M,M,53.60,FAGG 160718Z 22007KT 2900 RA SCT007 BKN014 OVC028 12/11 Q1027,M
FAGG,2026-09-16 07:48,51.80,51.80,100.00,260.00,6.00,0.00,30.33,M,1.37,M,BKN,OVC,M,M,500.00,1700.00,M,M,+RA,M,M,M,M,M,M,51.80,FAGG 160748Z 26006KT 230V290 2200 +RA BKN005 OVC017 11/11 Q1027,M
FAGG,2026-09-16 08:00,51.80,51.80,100.00,240.00,6.00,0.00,30.36,M,1.30,M,BKN,OVC,M,M,500.00,1700.00,M,M,+RA,M,M,M,M,M,M,51.80,FAGG 160800Z 24006KT 170V290 2100 +RA BKN005 OVC017 11/11 Q1028,M
FAGG,2026-09-16 08:12,51.80,51.80,100.00,220.00,5.00,0.00,30.36,M,2.42,M,SCT,BKN,OVC,M,500.00,1000.00,3300.00,M,RA,M,M,M,M,M,M,51.80,FAGG 160812Z 22005KT 3900 RA SCT005 BKN010 OVC033 11/11 Q1028,M
FAGG,2026-09-16 08:15,51.80,50.00,93.55,230.00,4.00,0.00,30.36,M,3.73,M,SCT,BKN,OVC,M,500.00,1300.00,3300.00,M,-RA,M,M,M,M,M,M,51.80,FAGG 160815Z 23004KT 190V340 6000 -RA SCT005 BKN013 OVC033 11/10 Q1028,M
FAGG,2026-09-16 08:44,55.40,51.80,87.65,260.00,6.00,0.00,30.36,M,6.21,M,FEW,SCT,BKN,M,1000.00,1400.00,4600.00,M,M,M,M,M,M,M,M,55.40,FAGG 160844Z 26006KT 230V290 9999 FEW010 SCT014 BKN046 13/11 Q1028,M
FAGG,2026-09-16 09:00,53.60,50.00,87.56,250.00,7.00,0.00,30.36,M,6.21,M,FEW,SCT,BKN,M,1100.00,1800.00,4400.00,M,M,M,M,M,M,M,M,53.60,FAGG 160900Z 25007KT 9999 FEW011 SCT018 BKN044 12/10 Q1028,M
FAGG,2026-09-16 09:33,53.60,50.00,87.56,250.00,6.00,0.00,30.39,M,2.49,M,SCT,BKN,OVC,M,800.00,1600.00,2500.00,M,RA,M,M,M,M,M,M,53.60,FAGG 160933Z 25006KT 4000 RA SCT008 BKN016 OVC025 12/10 Q1029,M
FAGG,2026-09-16 10:00,53.60,50.00,87.56,M,2.00,0.00,30.39,M,2.42,M,SCT,BKN,OVC,M,700.00,1700.00,3000.00,M,RA,M,M,M,M,M,M,53.60,FAGG 161000Z VRB02KT 3900 RA SCT007 BKN017 OVC030 12/10 Q1029,M
FAGG,2026-09-16 10:03,53.60,51.80,93.60,340.00,3.00,0.00,30.39,M,3.73,M,FEW,SCT,BKN,M,700.00,1700.00,2800.00,M,-RA,M,M,M,M,M,M,53.60,FAGG 161003Z 34003KT 300V020 6000 -RA FEW007 SCT017 BKN028 12/11 Q1029,M
FAGG,2026-09-16 11:00,55.40,51.80,87.65,250.00,5.00,0.00,30.39,M,5.59,M,FEW,SCT,OVC,M,1400.00,2000.00,4700.00,M,-RA,M,M,M,M,M,M,55.40,FAGG 161100Z 25005KT 190V280 9000 -RA FEW014 SCT020 OVC047 13/11 Q1029,M
FAGG,2026-09-16 12:00,57.20,51.80,82.13,300.00,4.00,0.00,30.36,M,6.21,M,FEW,M,M,M,1600.00,M,M,M,M,M,M,M,M,M,M,57.20,FAGG 161200Z 30004KT 270V350 9999 FEW016 14/11 Q1028,M
FAGG,2026-09-16 13:00,57.20,50.00,76.83,M,2.00,0.00,30.39,M,6.21,M,FEW,BKN,M,M,2200.00,2800.00,M,M,M,M,M,M,M,M,M,57.20,FAGG 161300Z VRB02KT 9999 FEW022 BKN028 14/10 Q1029,M
FAGG,2026-09-16 14:00,57.20,48.20,71.84,170.00,5.00,0.00,30.39,M,6.21,M,FEW,M,M,M,2000.00,M,M,M,M,M,M,M,M,M,M,57.20,FAGG 161400Z 17005KT 9999 FEW020 14/09 Q1029,M
FAGG,2026-09-16 15:00,59.00,46.40,62.93,180.00,4.00,0.00,30.42,M,6.21,M,FEW,M,M,M,2400.00,M,M,M,M,M,M,M,M,M,M,59.00,FAGG 161500Z 18004KT 130V240 9999 FEW024 15/08 Q1030,M
FAGG,2026-09-16 16:00,55.40,50.00,82.00,210.00,2.00,0.00,30.42,M,6.21,M,FEW,M,M,M,2600.00,M,M,M,M,M,M,M,M,M,M,55.40,FAGG 161600Z 21002KT 9999 FEW026 13/10 Q1030,M
FAGG,2026-09-16 17:00,53.60,50.00,87.56,190.00,3.00,0.00,30.45,M,6.21,M,FEW,M,M,M,2000.00,M,M,M,M,M,M,M,M,M,M,53.60,FAGG 161700Z 19003KT 9999 FEW020 12/10 Q1031,M
FAGG,2026-09-16 18:00,51.80,50.00,93.55,130.00,4.00,0.00,30.47,M,6.21,M,FEW,M,M,M,2000.00,M,M,M,M,M,M,M,M,M,M,51.80,FAGG 161800Z 13004KT 9999 FEW020 11/10 Q1032,M
FAGG,2026-09-16 19:00,53.60,50.00,87.56,140.00,3.00,0.00,30.47,M,6.21,M,FEW,BKN,BKN,M,5300.00,6800.00,7700.00,M,M,M,M,M,M,M,M,53.60,FAGG 161900Z AUTO 14003KT 9999 FEW053/// BKN068/// BKN077/// 12/10 Q1032,M
FAGG,2026-09-16 20:00,53.60,50.00,87.56,M,2.00,0.00,30.47,M,6.21,M,SCT,BKN,BKN,M,1500.00,1700.00,5500.00,M,-RA,M,M,M,M,M,M,53.60,FAGG 162000Z AUTO VRB02KT 9999 -RA SCT015/// BKN017/// BKN055/// 12/10 Q1032,M
FAGG,2026-09-16 21:00,53.60,50.00,87.56,30.00,3.00,0.00,30.50,M,6.21,M,BKN,OVC,M,M,4700.00,5600.00,M,M,M,M,M,M,M,M,M,53.60,FAGG 162100Z AUTO 03003KT 9999 BKN047/// OVC056/// 12/10 Q1033,M
FAGG,2026-09-16 22:00,53.60,50.00,87.56,0.00,0.00,0.00,30.50,M,6.21,M,BKN,BKN,M,M,4800.00,6900.00,M,M,M,M,M,M,M,M,M,53.60,FAGG 162200Z AUTO 00000KT 9999 BKN048/// BKN069/// 12/10 Q1033,M
FAGG,2026-09-16 23:00,51.80,50.00,93.55,M,2.00,0.00,30.50,M,6.21,M,FEW,SCT,M,M,1200.00,2900.00,M,M,-RA,M,M,M,M,M,M,51.80,FAGG 162300Z AUTO VRB02KT 9999 -RA FEW012/// SCT029/// 11/10 Q1033,M
FAGG,2026-09-17 00:00,51.80,50.00,93.55,350.00,4.00,0.00,30.50,M,6.21,M,SCT,OVC,M,M,4300.00,5600.00,M,M,-RA,M,M,M,M,M,M,51.80,FAGG 170000Z AUTO 35004KT 9999 -RA SCT043/// OVC056/// 11/10 Q1033,M
FAGG,2026-09-17 01:00,51.80,50.00,93.55,0.00,0.00,0.00,30.47,M,6.21,M,FEW,SCT,BKN,M,3500.00,6400.00,8300.00,M,M,M,M,M,M,M,M,51.80,FAGG 170100Z AUTO 00000KT 9999 FEW035/// SCT064/// BKN083/// 11/10 Q1032,M
FAGG,2026-09-17 02:00,51.80,50.00,93.55,80.00,3.00,0.00,30.47,M,6.21,M,FEW,BKN,BKN,M,2200.00,5400.00,6300.00,M,-RA,M,M,M,M,M,M,51.80,FAGG 170200Z AUTO 08003KT 9999 -RA FEW022/// BKN054/// BKN063/// 11/10 Q1032,M
FAGG,2026-09-17 03:00,51.80,50.00,93.55,80.00,4.00,0.00,30.47,M,6.21,M,FEW,SCT,M,M,1500.00,2300.00,M,M,M,M,M,M,M,M,M,51.80,FAGG 170300Z 08004KT 9999 FEW015 SCT023 11/10 Q1032,M
FAGG,2026-09-17 04:00,51.80,50.00,93.55,50.00,6.00,0.00,30.50,M,6.21,M,FEW,SCT,OVC,M,1100.00,2000.00,4300.00,M,-RA,M,M,M,M,M,M,51.80,FAGG 170400Z 05006KT 9999 -RA FEW011 SCT020 OVC043 11/10 Q1033,M
FAGG,2026-09-17 04:21,51.80,50.00,93.55,80.00,5.00,0.00,30.50,M,2.86,M,FEW,BKN,OVC,M,900.00,1800.00,4000.00,M,RA,M,M,M,M,M,M,51.80,FAGG 170421Z 08005KT 4600 RA FEW009 BKN018 OVC040 11/10 Q1033,M
FAGG,2026-09-17 04:46,51.80,50.00,93.55,80.00,6.00,0.00,30.50,M,2.49,M,SCT,BKN,OVC,M,500.00,900.00,1800.00,M,-RA,M,M,M,M,M,M,51.80,FAGG 170446Z 08006KT 4000 -RA SCT005 BKN009 OVC018 11/10 Q1033,M
FAGG,2026-09-17 05:00,51.80,50.00,93.55,80.00,5.00,0.00,30.53,M,3.11,M,SCT,BKN,OVC,M,500.00,900.00,1800.00,M,-RA,M,M,M,M,M,M,51.80,FAGG 170500Z 08005KT 060V120 5000 -RA SCT005 BKN009 OVC018 11/10 Q1034,M
FAGG,2026-09-17 05:02,51.80,50.00,93.55,100.00,7.00,0.00,30.50,M,2.49,M,SCT,BKN,OVC,M,600.00,1400.00,2800.00,M,RA,M,M,M,M,M,M,51.80,FAGG 170502Z 10007KT 4000 RA SCT006 BKN014 OVC028 11/10 Q1033,M
FAGG,2026-09-17 05:21,51.80,51.80,100.00,110.00,9.00,0.00,30.53,M,3.11,M,SCT,BKN,OVC,M,600.00,1700.00,3000.00,M,-RA,M,M,M,M,M,M,51.80,FAGG 170521Z 11009KT 5000 -RA SCT006 BKN017 OVC030 11/11 Q1034,M
FAGG,2026-09-17 05:56,51.80,50.00,93.55,100.00,10.00,0.00,30.53,M,4.97,M,FEW,SCT,OVC,M,800.00,3600.00,4800.00,M,-RA,M,M,M,M,M,M,51.80,FAGG 170556Z 10010KT 8000 -RA FEW008 SCT036 OVC048 11/10 Q1034,M
FAGG,2026-09-17 06:00,51.80,50.00,93.55,100.00,10.00,0.00,30.53,M,4.97,M,FEW,SCT,OVC,M,800.00,3600.00,4800.00,M,-RA,M,M,M,M,M,M,51.80,FAGG 170600Z 10010KT 8000 -RA FEW008 SCT036 OVC048 11/10 Q1034,M
FAGG,2026-09-17 07:00,53.60,51.80,93.60,90.00,7.00,0.00,30.56,M,6.21,M,FEW,BKN,OVC,M,1000.00,3500.00,4300.00,M,-RA,M,M,M,M,M,M,53.60,FAGG 170700Z 09007KT 9999 -RA FEW010 BKN035 OVC043 12/11 Q1035,M
FAGG,2026-09-17 08:00,57.20,51.80,82.13,100.00,8.00,0.00,30.56,M,6.21,M,FEW,SCT,M,M,1300.00,2500.00,M,M,M,M,M,M,M,M,M,57.20,FAGG 170800Z 10008KT 9999 FEW013 SCT025 14/11 Q1035,M
FAGG,2026-09-17 09:00,57.20,50.00,76.83,130.00,8.00,0.00,30.56,M,6.21,M,FEW,SCT,BKN,M,2000.00,3700.00,4900.00,M,M,M,M,M,M,M,M,57.20,FAGG 170900Z 13008KT 9999 FEW020 SCT037 BKN049 14/10 Q1035,M
FAGG,2026-09-17 10:00,57.20,48.20,71.84,140.00,8.00,0.00,30.56,M,6.21,M,FEW,SCT,BKN,M,2000.00,3500.00,4800.00,M,M,M,M,M,M,M,M,57.20,FAGG 171000Z 14008KT 9999 FEW020 SCT035 BKN048 14/09 Q1035,M
FAGG,2026-09-17 11:00,57.20,48.20,71.84,140.00,8.00,0.00,30.53,M,6.21,M,SCT,BKN,M,M,2500.00,4800.00,M,M,M,M,M,M,M,M,M,57.20,FAGG 171100Z 14008KT 9999 SCT025 BKN048 14/09 Q1034,M
FAGG,2026-09-17 12:00,59.00,48.20,67.34,130.00,12.00,0.00,30.53,M,6.21,M,FEW,BKN,M,M,2500.00,4800.00,M,M,-RA,M,M,M,M,M,M,59.00,FAGG 171200Z 13012KT 9999 -RA FEW025 BKN048 15/09 Q1034,M
FAGG,2026-09-17 13:00,59.00,48.20,67.34,140.00,12.00,0.00,30.53,M,6.21,M,FEW,BKN,M,M,2500.00,3800.00,M,M,M,M,M,M,M,M,M,59.00,FAGG 171300Z 14012KT 9999 FEW025 BKN038 15/09 Q1034,M
FAGG,2026-09-17 14:00,57.20,48.20,71.84,130.00,10.00,0.00,30.53,M,6.21,M,SCT,BKN,M,M,3500.00,4800.00,M,M,M,M,M,M,M,M,M,57.20,FAGG 171400Z 13010KT 9999 SCT035 BKN048 14/09 Q1034,M
FAGG,2026-09-17 15:00,57.20,48.20,71.84,110.00,10.00,0.00,30.53,M,6.21,M,FEW,BKN,M,M,2500.00,4800.00,M,M,M,M,M,M,M,M,M,57.20,FAGG 171500Z 11010KT 9999 FEW025 BKN048 14/09 Q1034,M
FAGG,2026-09-17 16:00,55.40,50.00,82.00,90.00,7.00,0.00,30.53,M,6.21,M,FEW,BKN,M,M,3000.00,4800.00,M,M,M,M,M,M,M,M,M,55.40,FAGG 171600Z 09007KT 9999 FEW030 BKN048 13/10 Q1034,M
FAGG,2026-09-17 17:00,53.60,48.20,81.87,90.00,5.00,0.00,30.56,M,6.21,M,FEW,BKN,M,M,2000.00,4800.00,M,M,M,M,M,M,M,M,M,53.60,FAGG 171700Z 09005KT 9999 FEW020 BKN048 12/09 Q1035,M
FAGG,2026-09-17 18:00,51.80,48.20,87.47,120.00,3.00,0.00,30.56,M,6.21,M,FEW,SCT,M,M,3500.00,4800.00,M,M,M,M,M,M,M,M,M,51.80,FAGG 171800Z 12003KT 9999 FEW035 SCT048 11/09 Q1035,M
FAGG,2026-09-17 19:00,50.00,48.20,93.50,80.00,3.00,0.00,30.59,M,6.21,M,M,M,M,M,M,M,M,M,M,M,M,M,M,M,M,50.00,FAGG 171900Z AUTO 08003KT CAVOK 10/09 Q1036,M
FAGG,2026-09-17 20:00,50.00,48.20,93.50,10.00,2.00,0.00,30.59,M,6.21,M,FEW,M,M,M,5600.00,M,M,M,M,M,M,M,M,M,M,50.00,FAGG 172000Z AUTO 01002KT 9999 FEW056/// 10/09 Q1036,M
FAGG,2026-09-17 21:00,50.00,46.40,87.37,M,2.00,0.00,30.56,M,6.21,M,BKN,M,M,M,3200.00,M,M,M,M,M,M,M,M,M,M,50.00,FAGG 172100Z AUTO VRB02KT 9999 BKN032/// 10/08 Q1035,M
FAGG,2026-09-17 22:00,50.00,46.40,87.37,140.00,3.00,0.00,30.56,M,6.21,M,FEW,BKN,M,M,4100.00,5300.00,M,M,M,M,M,M,M,M,M,50.00,FAGG 172200Z AUTO 14003KT 9999 FEW041/// BKN053/// 10/08 Q1035,M
FAGG,2026-09-17 23:00,48.20,44.60,87.28,70.00,2.00,0.00,30.56,M,6.21,M,M,M,M,M,M,M,M,M,M,M,M,M,M,M,M,48.20,FAGG 172300Z AUTO 07002KT CAVOK 09/07 Q1035,M
FAGG,2026-09-18 00:00,48.20,42.80,81.47,110.00,3.00,0.00,30.56,M,6.21,M,FEW,M,M,M,5300.00,M,M,M,M,M,M,M,M,M,M,47.21,FAGG 180000Z AUTO 11003KT 9999 FEW053/// 09/06 Q1035,M
FAGG,2026-09-18 01:00,46.40,44.60,93.40,200.00,2.00,0.00,30.56,M,6.21,M,FEW,M,M,M,3300.00,M,M,M,M,M,M,M,M,M,M,46.40,FAGG 180100Z AUTO 20002KT 9999 FEW033/// 08/07 Q1035,M
FAGG,2026-09-18 02:00,48.20,44.60,87.28,100.00,5.00,0.00,30.53,M,6.21,M,SCT,BKN,M,M,3000.00,4800.00,M,M,M,M,M,M,M,M,M,45.63,FAGG 180200Z AUTO 10005KT 9999 SCT030/// BKN048/// 09/07 Q1034,M
FAGG,2026-09-18 03:00,48.20,44.60,87.28,110.00,3.00,0.00,30.53,M,6.21,M,FEW,BKN,M,M,3000.00,3500.00,M,M,M,M,M,M,M,M,M,47.21,FAGG 180300Z 11003KT 9999 FEW030 BKN035 09/07 Q1034,M
FAGG,2026-09-18 04:00,48.20,44.60,87.28,80.00,5.00,0.00,30.53,M,6.21,M,FEW,SCT,M,M,2400.00,3400.00,M,M,M,M,M,M,M,M,M,45.63,FAGG 180400Z 08005KT 9999 FEW024 SCT034 09/07 Q1034,M
FAGG,2026-09-18 05:00,50.00,46.40,87.37,90.00,6.00,0.00,30.53,M,6.21,M,FEW,SCT,M,M,2500.00,3400.00,M,M,M,M,M,M,M,M,M,50.00,FAGG 180500Z 09006KT 9999 FEW025 SCT034 10/08 Q1034,M
FAGG,2026-09-18 06:00,53.60,48.20,81.87,100.00,7.00,0.00,30.53,M,6.21,M,FEW,M,M,M,3000.00,M,M,M,M,M,M,M,M,M,M,53.60,FAGG 180600Z 10007KT 9999 FEW030 12/09 Q1034,M
FAGG,2026-09-18 07:00,57.20,50.00,76.83,100.00,12.00,0.00,30.53,M,6.21,M,FEW,M,M,M,2900.00,M,M,M,M,M,M,M,M,M,M,57.20,FAGG 180700Z 10012KT 9999 FEW029 14/10 Q1034,M
FAGG,2026-09-18 08:00,59.00,50.00,72.02,90.00,17.00,0.00,30.53,M,6.21,M,SCT,M,M,M,3000.00,M,M,M,M,M,M,M,M,M,M,59.00,FAGG 180800Z 09017KT 9999 SCT030 15/10 Q1034,M
FAGG,2026-09-18 09:00,60.80,50.00,67.55,100.00,16.00,0.00,30.50,M,6.21,M,FEW,M,M,M,2200.00,M,M,M,M,M,M,M,M,M,M,60.80,FAGG 180900Z 10016KT 9999 FEW022 16/10 Q1033,M
FAGG,2026-09-18 09:49,60.80,50.00,67.55,120.00,17.00,0.00,30.47,M,6.21,27.00,FEW,M,M,M,2200.00,M,M,M,M,M,M,M,M,M,M,60.80,FAGG 180949Z 12017G27KT 9999 FEW022 16/10 Q1032,M
FAGG,2026-09-18 10:00,60.80,50.00,67.55,130.00,18.00,0.00,30.47,M,6.21,M,FEW,M,M,M,2200.00,M,M,M,M,M,M,M,M,M,M,60.80,FAGG 181000Z 13018KT 9999 FEW022 16/10 Q1032,M
FAGG,2026-09-18 11:00,60.80,50.00,67.55,120.00,18.00,0.00,30.45,M,6.21,M,FEW,M,M,M,2200.00,M,M,M,M,M,M,M,M,M,M,60.80,FAGG 181100Z 12018KT 9999 FEW022 16/10 Q1031,M
FAGG,2026-09-18 12:00,60.80,50.00,67.55,110.00,20.00,0.00,30.42,M,6.21,M,FEW,M,M,M,2200.00,M,M,M,M,M,M,M,M,M,M,60.80,FAGG 181200Z 11020KT 9999 FEW022 16/10 Q1030,M
FAGG,2026-09-18 13:00,60.80,51.80,72.21,110.00,21.00,0.00,30.42,M,6.21,M,FEW,SCT,M,M,2200.00,4600.00,M,M,M,M,M,M,M,M,M,60.80,FAGG 181300Z 11021KT 9999 FEW022 SCT046 16/11 Q1030,M
FAGG,2026-09-18 14:00,59.00,51.80,76.99,110.00,18.00,0.00,30.39,M,6.21,M,FEW,SCT,M,M,2300.00,4300.00,M,M,M,M,M,M,M,M,M,59.00,FAGG 181400Z 11018KT 9999 FEW023 SCT043 15/11 Q1029,M
FAGG,2026-09-18 15:00,57.20,51.80,82.13,110.00,14.00,0.00,30.39,M,6.21,M,FEW,SCT,M,M,1800.00,4300.00,M,M,M,M,M,M,M,M,M,57.20,FAGG 181500Z 11014KT 9999 FEW018 SCT043 14/11 Q1029,M
FAGG,2026-09-18 16:00,57.20,53.60,87.75,110.00,12.00,0.00,30.39,M,6.21,M,FEW,SCT,M,M,2200.00,4000.00,M,M,M,M,M,M,M,M,M,57.20,FAGG 181600Z 11012KT 9999 FEW022 SCT040 14/12 Q1029,M
FAGG,2026-09-18 17:00,57.20,53.60,87.75,110.00,8.00,0.00,30.39,M,6.21,M,SCT,BKN,M,M,1700.00,4800.00,M,M,M,M,M,M,M,M,M,57.20,FAGG 181700Z 11008KT 9999 SCT017 BKN048 14/12 Q1029,M
FAGG,2026-09-18 18:00,55.40,53.60,93.65,100.00,7.00,0.00,30.39,M,6.21,M,SCT,BKN,M,M,1800.00,4800.00,M,M,M,M,M,M,M,M,M,55.40,FAGG 181800Z 10007KT 9999 SCT018 BKN048 13/12 Q1029,M
FAGG,2026-09-18 19:00,55.40,51.80,87.65,110.00,6.00,0.00,30.36,M,6.21,M,FEW,M,M,M,5300.00,M,M,M,M,M,M,M,M,M,M,55.40,FAGG 181900Z AUTO 11006KT 9999 FEW053/// 13/11 Q1028,M
FAGG,2026-09-18 20:00,53.60,51.80,93.60,60.00,4.00,0.00,30.36,M,6.21,M,M,M,M,M,M,M,M,M,M,M,M,M,M,M,M,53.60,FAGG 182000Z AUTO 06004KT CAVOK 12/11 Q1028,M
FAGG,2026-09-18 22:00,50.00,48.20,93.50,20.00,4.00,0.00,30.33,M,6.21,M,M,M,M,M,M,M,M,M,M,M,M,M,M,M,M,50.00,FAGG 182200Z AUTO 02004KT 360V080 CAVOK 10/09 Q1027,M
FAGG,2026-09-18 23:00,50.00,50.00,100.00,300.00,2.00,0.00,30.33,M,6.21,M,M,M,M,M,M,M,M,M,M,M,M,M,M,M,M,50.00,FAGG 182300Z AUTO 30002KT CAVOK 10/10 Q1027,M
FAGG,2026-09-18 23:45,50.00,50.00,100.00,340.00,4.00,0.00,30.30,M,4.35,M,SCT,BKN,M,M,100.00,500.00,M,M,M,M,M,M,M,M,M,50.00,FAGG 182345Z AUTO 34004KT 7000 1200 SCT001/// BKN005/// 10/10 Q1026,M
FAGG,2026-09-18 23:50,51.80,50.00,93.55,350.00,4.00,0.00,30.30,M,0.62,M,VV ,M,M,M,200.00,M,M,M,-RA BR,M,M,M,M,M,M,51.80,FAGG 182350Z AUTO 35004KT 1000 0900 R29/1400D -RA BR VV002 11/10 Q1026,M
FAGG,2026-09-18 23:51,51.80,50.00,93.55,350.00,5.00,0.00,30.30,M,0.56,M,VV ,M,M,M,200.00,M,M,M,-RA FG,M,M,M,M,M,M,51.80,FAGG 182351Z AUTO 35005KT 0900 0550 R29/0600D -RA FG VV002 11/10 Q1026,M
FAGG,2026-09-18 23:52,51.80,50.00,93.55,340.00,5.00,0.00,30.30,M,0.43,M,VV ,M,M,M,100.00,M,M,M,-RA FG,M,M,M,M,M,M,51.80,FAGG 182352Z AUTO 34005KT 0700 0500 R29/0550D -RA FG VV001 11/10 Q1026,M
FAGG,2026-09-19 00:00,51.80,50.00,93.55,340.00,5.00,0.00,30.30,M,0.37,M,VV ,M,M,M,100.00,M,M,M,-RA FG,M,M,M,M,M,M,51.80,FAGG 190000Z AUTO 34005KT 0600 0550 R29/0650D -RA FG VV001 11/10 Q1026,M
FAGG,2026-09-19 00:06,51.80,50.00,93.55,340.00,3.00,0.00,30.30,M,0.56,M,VV ,M,M,M,200.00,M,M,M,-RA FG,M,M,M,M,M,M,51.80,FAGG 190006Z AUTO 34003KT 0900 0800 R29/1500U -RA FG VV002 11/10 Q1026,M
FAGG,2026-09-19 00:23,50.00,50.00,100.00,330.00,3.00,0.00,30.30,M,5.59,M,FEW,M,M,M,100.00,M,M,M,M,M,M,M,M,M,M,50.00,FAGG 190023Z AUTO 33003KT 9000 FEW001/// 10/10 Q1026,M
FAGG,2026-09-19 01:00,48.20,48.20,100.00,240.00,3.00,0.00,30.30,M,4.35,M,FEW,M,M,M,300.00,M,M,M,M,M,M,M,M,M,M,47.21,FAGG 190100Z AUTO 24003KT 7000 2000 FEW003/// 09/09 Q1026,M
FAGG,2026-09-19 02:00,48.20,48.20,100.00,330.00,4.00,0.00,30.27,M,6.21,M,FEW,M,M,M,100.00,M,M,M,M,M,M,M,M,M,M,46.34,FAGG 190200Z AUTO 33004KT 9999 FEW001/// 09/09 Q1025,M
FAGG,2026-09-19 03:00,50.00,50.00,100.00,320.00,3.00,0.00,30.24,M,6.21,M,M,M,M,M,M,M,M,M,M,M,M,M,M,M,M,50.00,FAGG 190300Z 32003KT CAVOK 10/10 Q1024,M
FAGG,2026-09-19 04:00,50.00,50.00,100.00,30.00,3.00,0.00,30.27,M,6.21,M,M,M,M,M,M,M,M,M,M,M,M,M,M,M,M,50.00,FAGG 190400Z 03003KT CAVOK 10/10 Q1025,M
FAGG,2026-09-19 05:00,50.00,50.00,100.00,M,2.00,0.00,30.24,M,6.21,M,M,M,M,M,M,M,M,M,M,M,M,M,M,M,M,50.00,FAGG 190500Z VRB02KT CAVOK 10/10 Q1024,M
FAGG,2026-09-19 05:56,55.40,53.60,93.65,350.00,4.00,0.00,30.27,M,6.21,M,FEW,M,M,M,800.00,M,M,M,M,M,M,M,M,M,M,55.40,FAGG 190556Z 35004KT 9999 FEW008 13/12 Q1025,M
FAGG,2026-09-19 06:00,55.40,53.60,93.65,350.00,4.00,0.00,30.27,M,6.21,M,FEW,M,M,M,800.00,M,M,M,M,M,M,M,M,M,M,55.40,FAGG 190600Z 35004KT 9999 FEW008 13/12 Q1025,M
FAGG,2026-09-19 07:00,59.00,55.40,87.84,M,2.00,0.00,30.27,M,6.21,M,M,M,M,M,M,M,M,M,M,M,M,M,M,M,M,59.00,FAGG 190700Z VRB02KT CAVOK 15/13 Q1025,M
FAGG,2026-09-19 07:19,62.60,55.40,77.31,M,2.00,0.00,30.27,M,6.21,M,M,M,M,M,M,M,M,M,M,M,M,M,M,M,M,62.60,FAGG 190719Z VRB02KT CAVOK 17/13 Q1025,M
FAGG,2026-09-19 08:00,62.60,53.60,72.40,M,2.00,0.00,30.27,M,6.21,M,M,M,M,M,M,M,M,M,M,M,M,M,M,M,M,62.60,FAGG 190800Z VRB02KT CAVOK 17/12 Q1025,M
FAGG,2026-09-19 09:00,64.40,55.40,72.58,210.00,3.00,0.00,30.27,M,6.21,M,M,M,M,M,M,M,M,M,M,M,M,M,M,M,M,64.40,FAGG 190900Z 21003KT 180V260 CAVOK 18/13 Q1025,M
FAGG,2026-09-19 10:00,66.20,57.20,72.76,M,2.00,0.00,30.24,M,6.21,M,M,M,M,M,M,M,M,M,M,M,M,M,M,M,M,66.20,FAGG 191000Z VRB02KT CAVOK 19/14 Q1024,M
FAGG,2026-09-19 11:00,66.20,57.20,72.76,180.00,7.00,0.00,30.21,M,6.21,M,M,M,M,M,M,M,M,M,M,M,M,M,M,M,M,66.20,FAGG 191100Z 18007KT 140V200 CAVOK 19/14 Q1023,M
FAGG,2026-09-19 12:00,66.20,53.60,63.85,190.00,5.00,0.00,30.18,M,6.21,M,M,M,M,M,M,M,M,M,M,M,M,M,M,M,M,66.20,FAGG 191200Z 19005KT 160V220 CAVOK 19/12 Q1022,M
FAGG,2026-09-19 13:00,64.40,53.60,67.97,150.00,4.00,0.00,30.18,M,6.21,M,M,M,M,M,M,M,M,M,M,M,M,M,M,M,M,64.40,FAGG 191300Z 15004KT 060V190 CAVOK 18/12 Q1022,M
FAGG,2026-09-19 14:00,64.40,53.60,67.97,170.00,8.00,0.00,30.18,M,6.21,M,M,M,M,M,M,M,M,M,M,M,M,M,M,M,M,64.40,FAGG 191400Z 17008KT CAVOK 18/12 Q1022,M
FAGG,2026-09-19 15:00,62.60,51.80,67.76,170.00,4.00,0.00,30.18,M,6.21,M,M,M,M,M,M,M,M,M,M,M,M,M,M,M,M,62.60,FAGG 191500Z 17004KT 150V210 CAVOK 17/11 Q1022,M
FAGG,2026-09-19 16:00,59.00,51.80,76.99,200.00,4.00,0.00,30.21,M,6.21,M,M,M,M,M,M,M,M,M,M,M,M,M,M,M,M,59.00,FAGG 191600Z 20004KT CAVOK 15/11 Q1023,M
FAGG,2026-09-19 17:00,57.20,53.60,87.75,230.00,2.00,0.00,30.24,M,6.21,M,M,M,M,M,M,M,M,M,M,M,M,M,M,M,M,57.20,FAGG 191700Z 23002KT CAVOK 14/12 Q1024,M
FAGG,2026-09-19 18:00,55.40,53.60,93.65,M,2.00,0.00,30.24,M,6.21,M,M,M,M,M,M,M,M,M,M,M,M,M,M,M,M,55.40,FAGG 191800Z VRB02KT CAVOK 13/12 Q1024,M
FAGG,2026-09-19 19:00,53.60,51.80,93.60,340.00,1.00,0.00,30.24,M,6.21,M,M,M,M,M,M,M,M,M,M,M,M,M,M,M,M,53.60,FAGG 191900Z AUTO 34001KT CAVOK 12/11 Q1024,M
FAGG,2026-09-19 20:08,53.60,53.60,100.00,250.00,2.00,0.00,30.24,M,2.55,M,NCD,M,M,M,M,M,M,M,BR,M,M,M,M,M,M,53.60,FAGG 192008Z AUTO 25002KT 4100 BR NCD 12/12 Q1024,M
FAGG,2026-09-19 20:19,55.40,53.60,93.65,240.00,2.00,0.00,30.24,M,4.35,M,NCD,M,M,M,M,M,M,M,M,M,M,M,M,M,M,55.40,FAGG 192019Z AUTO 24002KT 7000 NCD 13/12 Q1024,M
FAGG,2026-09-19 21:00,53.60,51.80,93.60,340.00,3.00,0.00,30.27,M,6.21,M,M,M,M,M,M,M,M,M,M,M,M,M,M,M,M,53.60,FAGG 192100Z AUTO 34003KT CAVOK 12/11 Q1025,M
FAGG,2026-09-19 22:00,53.60,51.80,93.60,350.00,2.00,0.00,30.24,M,6.21,M,M,M,M,M,M,M,M,M,M,M,M,M,M,M,M,53.60,FAGG 192200Z AUTO 35002KT CAVOK 12/11 Q1024,M
FAGG,2026-09-19 23:00,53.60,51.80,93.60,M,2.00,0.00,30.24,M,6.21,M,M,M,M,M,M,M,M,M,M,M,M,M,M,M,M,53.60,FAGG 192300Z AUTO VRB02KT CAVOK 12/11 Q1024,M
FAGG,2026-09-20 00:00,51.80,50.00,93.55,M,2.00,0.00,30.24,M,6.21,M,M,M,M,M,M,M,M,M,M,M,M,M,M,M,M,51.80,FAGG 200000Z AUTO VRB02KT CAVOK 11/10 Q1024,M
FAGG,2026-09-20 01:00,51.80,50.00,93.55,360.00,3.00,0.00,30.21,M,6.21,M,M,M,M,M,M,M,M,M,M,M,M,M,M,M,M,51.80,FAGG 200100Z AUTO 36003KT CAVOK 11/10 Q1023,M
FAGG,2026-09-20 02:00,50.00,48.20,93.50,360.00,3.00,0.00,30.21,M,6.21,M,M,M,M,M,M,M,M,M,M,M,M,M,M,M,M,50.00,FAGG 200200Z AUTO 36003KT CAVOK 10/09 Q1023,M
FAGG,2026-09-20 03:00,51.80,50.00,93.55,350.00,4.00,0.00,30.21,M,6.21,M,FEW,M,M,M,200.00,M,M,M,M,M,M,M,M,M,M,51.80,FAGG 200300Z 35004KT 9999 FEW002 11/10 Q1023,M
FAGG,2026-09-20 05:00,51.80,50.00,93.55,350.00,4.00,0.00,30.21,M,6.21,M,M,M,M,M,M,M,M,M,M,M,M,M,M,M,M,51.80,FAGG 200500Z 35004KT CAVOK 11/10 Q1023,M
FAGG,2026-09-20 05:20,55.40,51.80,87.65,M,1.00,0.00,30.24,M,6.21,M,M,M,M,M,M,M,M,M,M,M,M,M,M,M,M,55.40,FAGG 200520Z VRB01KT CAVOK 13/11 Q1024,M
FAGG,2026-09-20 06:00,57.20,53.60,87.75,M,2.00,0.00,30.24,M,6.21,M,M,M,M,M,M,M,M,M,M,M,M,M,M,M,M,57.20,FAGG 200600Z VRB02KT CAVOK 14/12 Q1024,M
FAGG,2026-09-20 06:16,60.80,53.60,77.15,0.00,0.00,0.00,30.24,M,6.21,M,M,M,M,M,M,M,M,M,M,M,M,M,M,M,M,60.80,FAGG 200616Z 00000KT CAVOK 16/12 Q1024,M
FAGG,2026-09-20 07:00,60.80,55.40,82.38,180.00,3.00,0.00,30.24,M,6.21,M,M,M,M,M,M,M,M,M,M,M,M,M,M,M,M,60.80,FAGG 200700Z 18003KT 130V230 CAVOK 16/13 Q1024,M
FAGG,2026-09-20 07:24,64.40,57.20,77.46,M,2.00,0.00,30.24,M,6.21,M,M,M,M,M,M,M,M,M,M,M,M,M,M,M,M,64.40,FAGG 200724Z VRB02KT CAVOK 18/14 Q1024,M
FAGG,2026-09-20 10:00,66.20,57.20,72.76,M,4.00,0.00,30.21,M,6.21,M,M,M,M,M,M,M,M,M,M,M,M,M,M,M,M,66.20,FAGG 201000Z VRB04KT CAVOK 19/14 Q1023,M
FAGG,2026-09-20 10:21,69.80,57.20,64.30,130.00,5.00,0.00,30.18,M,6.21,M,FEW,M,M,M,3500.00,M,M,M,M,M,M,M,M,M,M,69.80,FAGG 201021Z 13005KT 080V180 9999 FEW035 21/14 Q1022,M
FAGG,2026-09-20 11:00,69.80,57.20,64.30,150.00,6.00,0.00,30.18,M,6.21,M,FEW,M,M,M,4000.00,M,M,M,M,M,M,M,M,M,M,69.80,FAGG 201100Z 15006KT 100V180 9999 FEW040 21/14 Q1022,M
FAGG,2026-09-20 12:00,68.00,55.40,64.07,150.00,9.00,0.00,30.18,M,6.21,M,FEW,M,M,M,3200.00,M,M,M,M,M,M,M,M,M,M,68.00,FAGG 201200Z 15009KT 9999 FEW032 20/13 Q1022,M
FAGG,2026-09-20 13:00,68.00,57.20,68.38,120.00,9.00,0.00,30.15,M,6.21,M,FEW,M,M,M,4000.00,M,M,M,M,M,M,M,M,M,M,68.00,FAGG 201300Z 12009KT 9999 FEW040 20/14 Q1021,M
FAGG,2026-09-20 14:00,66.20,57.20,72.76,110.00,8.00,0.00,30.15,M,6.21,M,FEW,M,M,M,4000.00,M,M,M,M,M,M,M,M,M,M,66.20,FAGG 201400Z 11008KT 9999 FEW040 19/14 Q1021,M
FAGG,2026-09-20 15:00,66.20,57.20,72.76,110.00,7.00,0.00,30.15,M,6.21,M,M,M,M,M,M,M,M,M,M,M,M,M,M,M,M,66.20,FAGG 201500Z 11007KT CAVOK 19/14 Q1021,M
FAGG,2026-09-20 16:00,62.60,57.20,82.51,130.00,5.00,0.00,30.15,M,6.21,M,M,M,M,M,M,M,M,M,M,M,M,M,M,M,M,62.60,FAGG 201600Z 13005KT CAVOK 17/14 Q1021,M
FAGG,2026-09-20 16:29,59.00,57.20,93.74,110.00,4.00,0.00,30.15,M,5.59,M,FEW,M,M,M,200.00,M,M,M,M,M,M,M,M,M,M,59.00,FAGG 201629Z 11004KT 9000 4000S FEW002 15/14 Q1021,M
FAGG,2026-09-20 16:49,57.20,55.40,93.70,100.00,6.00,0.00,30.15,M,1.55,M,SCT,M,M,M,200.00,M,M,M,BCFG,M,M,M,M,M,M,57.20,FAGG 201649Z 10006KT 2500 0700S BCFG SCT002 14/13 Q1021,M
FAGG,2026-09-20 16:54,57.20,55.40,93.70,90.00,5.00,0.00,30.15,M,0.37,M,SCT,M,M,M,200.00,M,M,M,FG,M,M,M,M,M,M,57.20,FAGG 201654Z 09005KT 0600 FG SCT002 14/13 Q1021,M
FAGG,2026-09-20 17:00,57.20,55.40,93.70,90.00,5.00,0.00,30.15,M,0.37,M,SCT,M,M,M,200.00,M,M,M,FG,M,M,M,M,M,M,57.20,FAGG 201700Z 09005KT 0600 FG SCT002 14/13 Q1021,M
FAGG,2026-09-20 17:05,57.20,55.40,93.70,90.00,5.00,0.00,30.15,M,2.17,M,FEW,M,M,M,200.00,M,M,M,BCFG,M,M,M,M,M,M,57.20,FAGG 201705Z 09005KT 3500 0800S BCFG FEW002 14/13 Q1021,M
FAGG,2026-09-20 17:17,55.40,55.40,100.00,90.00,5.00,0.00,30.15,M,2.49,M,FEW,M,M,M,200.00,M,M,M,BR,M,M,M,M,M,M,55.40,FAGG 201717Z 09005KT 4000 1500S BR FEW002 13/13 Q1021,M
FAGG,2026-09-20 17:39,55.40,55.40,100.00,90.00,5.00,0.00,30.18,M,3.11,M,FEW,M,M,M,100.00,M,M,M,BR,M,M,M,M,M,M,55.40,FAGG 201739Z 09005KT 5000 BR FEW001 13/13 Q1022,M
FAGG,2026-09-20 18:00,55.40,55.40,100.00,140.00,4.00,0.00,30.18,M,3.11,M,FEW,M,M,M,100.00,M,M,M,BR,M,M,M,M,M,M,55.40,FAGG 201800Z 14004KT 5000 BR FEW001 13/13 Q1022,M
FAGG,2026-09-20 18:14,55.40,53.60,93.65,100.00,3.00,0.00,30.18,M,1.55,M,FEW,M,M,M,100.00,M,M,M,BCFG,M,M,M,M,M,M,55.40,FAGG 201814Z 10003KT 2500 0500S BCFG FEW001 13/12 Q1022,M
FAGG,2026-09-21 02:14,57.20,57.20,100.00,330.00,3.00,0.00,30.15,M,6.21,M,SCT,OVC,M,M,400.00,900.00,M,M,M,M,M,M,M,M,M,57.20,FAGG 210214Z 33003KT 9999 SCT004 OVC009 14/14 Q1021,M
FAGG,2026-09-21 02:45,57.20,57.20,100.00,M,2.00,0.00,30.15,M,6.21,M,FEW,OVC,M,M,500.00,1300.00,M,M,M,M,M,M,M,M,M,57.20,FAGG 210245Z VRB02KT 9999 FEW005 OVC013 14/14 Q1021,M
FAGG,2026-09-21 03:00,57.20,57.20,100.00,M,1.00,0.00,30.15,M,6.21,M,FEW,OVC,M,M,500.00,1100.00,M,M,M,M,M,M,M,M,M,57.20,FAGG 210300Z VRB01KT 9999 FEW005 OVC011 14/14 Q1021,M
FAGG,2026-09-21 03:37,57.20,57.20,100.00,180.00,5.00,0.00,30.18,M,2.80,M,SCT,BKN,OVC,M,200.00,800.00,1200.00,M,BR,M,M,M,M,M,M,57.20,FAGG 210337Z 18005KT 4500 BR SCT002 BKN008 OVC012 14/14 Q1022,M
FAGG,2026-09-21 03:42,57.20,57.20,100.00,180.00,5.00,0.00,30.18,M,1.55,M,SCT,OVC,M,M,300.00,800.00,M,M,BR,M,M,M,M,M,M,57.20,FAGG 210342Z 18005KT 2500 BR SCT003 OVC008 14/14 Q1022,M
FAGG,2026-09-21 03:48,57.20,57.20,100.00,180.00,5.00,0.00,30.18,M,0.56,M,VV ,M,M,M,100.00,M,M,M,FG,M,M,M,M,M,M,57.20,FAGG 210348Z 18005KT 0900 R29/0900D FG VV001 14/14 Q1022,M
FAGG,2026-09-21 03:50,57.20,57.20,100.00,180.00,4.00,0.00,30.18,M,0.25,M,VV ,M,M,M,100.00,M,M,M,FG,M,M,M,M,M,M,57.20,FAGG 210350Z 18004KT 0400 R29/0500D FG VV001 14/14 Q1022,M
FAGG,2026-09-21 04:00,57.20,57.20,100.00,180.00,4.00,0.00,30.18,M,0.25,M,VV ,M,M,M,100.00,M,M,M,FG,M,M,M,M,M,M,57.20,FAGG 210400Z 18004KT 0400 R29/0400D FG VV001 14/14 Q1022,M
FAGG,2026-09-21 04:34,57.20,57.20,100.00,10.00,2.00,0.00,30.18,M,0.68,M,SCT,BKN,OVC,M,100.00,300.00,1200.00,M,BR,M,M,M,M,M,M,57.20,FAGG 210434Z 01002KT 1100 R29/1100U BR SCT001 BKN003 OVC012 14/14 Q1022,M
FAGG,2026-09-21 04:43,57.20,57.20,100.00,M,2.00,0.00,30.18,M,1.55,M,SCT,BKN,OVC,M,100.00,300.00,1200.00,M,BR,M,M,M,M,M,M,57.20,FAGG 210443Z VRB02KT 2500 BR SCT001 BKN003 OVC012 14/14 Q1022,M
FAGG,2026-09-21 04:49,57.20,57.20,100.00,M,2.00,0.00,30.18,M,1.99,M,SCT,BKN,OVC,M,100.00,300.00,1500.00,M,BR,M,M,M,M,M,M,57.20,FAGG 210449Z VRB02KT 3200 BR SCT001 BKN003 OVC015 14/14 Q1022,M
FAGG,2026-09-21 05:00,57.20,57.20,100.00,10.00,3.00,0.00,30.18,M,2.98,M,SCT,BKN,OVC,M,100.00,400.00,1400.00,M,BR,M,M,M,M,M,M,57.20,FAGG 210500Z 01003KT 4800 BR SCT001 BKN004 OVC014 14/14 Q1022,M
FAGG,2026-09-21 05:08,57.20,57.20,100.00,M,2.00,0.00,30.18,M,3.73,M,SCT,OVC,M,M,100.00,1700.00,M,M,M,M,M,M,M,M,M,57.20,FAGG 210508Z VRB02KT 6000 SCT001 OVC017 14/14 Q1022,M
FAGG,2026-09-21 06:00,59.00,57.20,93.74,M,2.00,0.00,30.18,M,4.97,M,FEW,OVC,M,M,200.00,1700.00,M,M,M,M,M,M,M,M,M,59.00,FAGG 210600Z VRB02KT 8000 FEW002 OVC017 15/14 Q1022,M
FAGG,2026-09-21 07:00,60.80,60.80,100.00,100.00,4.00,0.00,30.21,M,6.21,M,FEW,BKN,M,M,1500.00,2500.00,M,M,M,M,M,M,M,M,M,60.80,FAGG 210700Z 10004KT 070V140 9999 FEW015 BKN025 16/16 Q1023,M
FAGG,2026-09-21 07:50,66.20,60.80,82.76,140.00,6.00,0.00,30.21,M,6.21,M,FEW,BKN,M,M,1300.00,2700.00,M,M,M,M,M,M,M,M,M,66.20,FAGG 210750Z 14006KT 090V180 9999 FEW013 BKN027 19/16 Q1023,M
FAGG,2026-09-21 08:00,66.20,60.80,82.76,150.00,5.00,0.00,30.21,M,6.21,M,FEW,BKN,M,M,1300.00,2700.00,M,M,M,M,M,M,M,M,M,66.20,FAGG 210800Z 15005KT 090V180 9999 FEW013 BKN027 19/16 Q1023,M
FAGG,2026-09-21 09:00,66.20,60.80,82.76,140.00,6.00,0.00,30.18,M,6.21,M,FEW,SCT,M,M,1700.00,3000.00,M,M,M,M,M,M,M,M,M,66.20,FAGG 210900Z 14006KT 110V180 9999 FEW017 SCT030 19/16 Q1022,M
FAGG,2026-09-21 10:00,66.20,59.00,77.62,120.00,7.00,0.00,30.18,M,6.21,M,SCT,M,M,M,3000.00,M,M,M,M,M,M,M,M,M,M,66.20,FAGG 211000Z 12007KT 080V160 9999 SCT030 19/15 Q1022,M
FAGG,2026-09-21 11:00,66.20,60.80,82.76,120.00,8.00,0.00,30.15,M,6.21,M,FEW,BKN,M,M,1100.00,2800.00,M,M,M,M,M,M,M,M,M,66.20,FAGG 211100Z 12008KT 070V140 9999 FEW011 BKN028 19/16 Q1021,M
FAGG,2026-09-21 12:00,66.20,60.80,82.76,110.00,11.00,0.00,30.15,M,6.21,M,FEW,BKN,M,M,900.00,2800.00,M,M,M,M,M,M,M,M,M,66.20,FAGG 211200Z 11011KT 080V140 9999 FEW009 BKN028 19/16 Q1021,M
FAGG,2026-09-21 13:00,66.20,60.80,82.76,120.00,11.00,0.00,30.12,M,6.21,M,SCT,BKN,M,M,600.00,2800.00,M,M,M,M,M,M,M,M,M,66.20,FAGG 211300Z 12011KT 090V150 9999 SCT006 BKN028 19/16 Q1020,M
FAGG,2026-09-21 14:00,62.60,59.00,88.01,110.00,12.00,0.00,30.12,M,6.21,M,SCT,BKN,M,M,500.00,2500.00,M,M,M,M,M,M,M,M,M,62.60,FAGG 211400Z 11012KT 9999 SCT005 BKN025 17/15 Q1020,M
FAGG,2026-09-21 15:00,62.60,59.00,88.01,100.00,8.00,0.00,30.09,M,6.21,M,SCT,BKN,M,M,600.00,2400.00,M,M,M,M,M,M,M,M,M,62.60,FAGG 211500Z 10008KT 9999 SCT006 BKN024 17/15 Q1019,M
FAGG,2026-09-21 16:00,60.80,59.00,93.79,120.00,8.00,0.00,30.09,M,6.21,M,SCT,BKN,M,M,700.00,2300.00,M,M,M,M,M,M,M,M,M,60.80,FAGG 211600Z 12008KT 9999 SCT007 BKN023 16/15 Q1019,M
FAGG,2026-09-21 17:00,60.80,59.00,93.79,110.00,10.00,0.00,30.09,M,6.21,M,SCT,BKN,M,M,1500.00,2300.00,M,M,M,M,M,M,M,M,M,60.80,FAGG 211700Z 11010KT 9999 SCT015 BKN023 16/15 Q1019,M
FAGG,2026-09-21 18:00,62.60,60.80,93.84,120.00,10.00,0.00,30.09,M,6.21,M,SCT,BKN,M,M,1200.00,1900.00,M,M,M,M,M,M,M,M,M,62.60,FAGG 211800Z 12010KT 9999 SCT012 BKN019 17/16 Q1019,M
FAGG,2026-09-22 03:00,59.00,57.20,93.74,320.00,4.00,0.00,30.00,M,0.19,M,VV ,M,M,M,100.00,M,M,M,FG,M,M,M,M,M,M,59.00,FAGG 220300Z 32004KT 0300 R29/0350N FG VV001 15/14 Q1016,M
FAGG,2026-09-22 04:00,57.20,57.20,100.00,M,2.00,0.00,30.00,M,0.19,M,VV ,M,M,M,100.00,M,M,M,FG,M,M,M,M,M,M,57.20,FAGG 220400Z VRB02KT 0300 R29/0400N FG VV001 14/14 Q1016,M
FAGG,2026-09-22 04:16,55.40,55.40,100.00,330.00,3.00,0.00,30.00,M,0.37,M,VV ,M,M,M,100.00,M,M,M,FG,M,M,M,M,M,M,55.40,FAGG 220416Z 33003KT 310V010 0600 R29/0750D FG VV001 13/13 Q1016,M
FAGG,2026-09-22 04:33,55.40,55.40,100.00,360.00,3.00,0.00,30.00,M,0.50,M,BKN,M,M,M,100.00,M,M,M,FG,M,M,M,M,M,M,55.40,FAGG 220433Z 36003KT 320V030 0800 R29/0900D FG BKN001 13/13 Q1016,M
FAGG,2026-09-22 04:36,55.40,55.40,100.00,360.00,4.00,0.00,30.00,M,0.68,M,SCT,M,M,M,100.00,M,M,M,BCFG,M,M,M,M,M,M,55.40,FAGG 220436Z 36004KT 320V030 1100 R29/1600U BCFG SCT001 13/13 Q1016,M
FAGG,2026-09-22 04:41,57.20,55.40,93.70,330.00,4.00,0.00,30.00,M,1.06,M,SCT,M,M,M,100.00,M,M,M,BCFG,M,M,M,M,M,M,57.20,FAGG 220441Z 33004KT 290V360 1700 BCFG SCT001 14/13 Q1016,M
FAGG,2026-09-22 05:00,57.20,57.20,100.00,320.00,3.00,0.00,30.00,M,1.74,M,SCT,M,M,M,200.00,M,M,M,BCFG,M,M,M,M,M,M,57.20,FAGG 220500Z 32003KT 2800 BCFG SCT002 14/14 Q1016,M
FAGG,2026-09-22 05:04,57.20,57.20,100.00,M,2.00,0.00,30.00,M,3.11,M,FEW,M,M,M,200.00,M,M,M,BR,M,M,M,M,M,M,57.20,FAGG 220504Z VRB02KT 5000 BR FEW002 14/14 Q1016,M
FAGG,2026-09-22 05:42,62.60,60.80,93.84,M,1.00,0.00,29.97,M,6.21,M,M,M,M,M,M,M,M,M,M,M,M,M,M,M,M,62.60,FAGG 220542Z VRB01KT CAVOK 17/16 Q1015,M
FAGG,2026-09-22 06:00,64.40,62.60,93.89,0.00,0.00,0.00,29.97,M,6.21,M,M,M,M,M,M,M,M,M,M,M,M,M,M,M,M,64.40,FAGG 220600Z 00000KT CAVOK 18/17 Q1015,M
FAGG,2026-09-22 06:46,68.00,64.40,88.28,120.00,4.00,0.00,29.97,M,6.21,M,M,M,M,M,M,M,M,M,M,M,M,M,M,M,M,68.00,FAGG 220646Z 12004KT CAVOK 20/18 Q1015,M
FAGG,2026-09-22 07:00,68.00,64.40,88.28,100.00,4.00,0.00,29.97,M,6.21,M,M,M,M,M,M,M,M,M,M,M,M,M,M,M,M,68.00,FAGG 220700Z 10004KT 070V130 CAVOK 20/18 Q1015,M
FAGG,2026-09-22 07:12,71.60,66.20,83.12,M,2.00,0.00,29.97,M,6.21,M,M,M,M,M,M,M,M,M,M,M,M,M,M,M,M,71.60,FAGG 220712Z VRB02KT CAVOK 22/19 Q1015,M
FAGG,2026-09-22 07:38,75.20,64.40,69.19,M,2.00,0.00,29.97,M,6.21,M,M,M,M,M,M,M,M,M,M,M,M,M,M,M,M,75.20,FAGG 220738Z VRB02KT CAVOK 24/18 Q1015,M
FAGG,2026-09-22 08:00,77.00,64.40,65.17,170.00,2.00,0.00,29.97,M,6.21,M,M,M,M,M,M,M,M,M,M,M,M,M,M,M,M,77.00,FAGG 220800Z 17002KT CAVOK 25/18 Q1015,M
FAGG,2026-09-22 08:17,78.80,64.40,61.42,M,2.00,0.00,29.97,M,6.21,M,M,M,M,M,M,M,M,M,M,M,M,M,M,M,M,78.80,FAGG 220817Z VRB02KT CAVOK 26/18 Q1015,M
FAGG,2026-09-22 09:00,82.40,66.20,58.16,230.00,3.00,0.00,29.97,M,6.21,M,M,M,M,M,M,M,M,M,M,M,M,M,M,M,M,84.65,FAGG 220900Z 23003KT 180V280 CAVOK 28/19 Q1015,M
FAGG,2026-09-22 09:41,86.00,60.80,42.88,20.00,6.00,0.00,29.94,M,6.21,M,M,M,M,M,M,M,M,M,M,M,M,M,M,M,M,86.07,FAGG 220941Z 02006KT 350V100 CAVOK 30/16 Q1014,M
FAGG,2026-09-22 10:00,86.00,60.80,42.88,340.00,8.00,0.00,29.94,M,6.21,M,M,M,M,M,M,M,M,M,M,M,M,M,M,M,M,86.07,FAGG 221000Z 34008KT CAVOK 30/16 Q1014,M
FAGG,2026-09-22 12:00,87.80,60.80,40.50,340.00,4.00,0.00,29.91,M,6.21,M,M,M,M,M,M,M,M,M,M,M,M,M,M,M,M,87.77,FAGG 221200Z 34004KT 290V030 CAVOK 31/16 Q1013,M
FAGG,2026-09-22 13:00,84.20,64.40,51.55,130.00,6.00,0.00,29.88,M,6.21,M,M,M,M,M,M,M,M,M,M,M,M,M,M,M,M,85.73,FAGG 221300Z 13006KT 080V150 CAVOK 29/18 Q1012,M
FAGG,2026-09-22 14:00,82.40,62.60,51.29,120.00,7.00,0.00,29.85,M,6.21,M,M,M,M,M,M,M,M,M,M,M,M,M,M,M,M,83.42,FAGG 221400Z 12007KT CAVOK 28/17 Q1011,M
