station,valid,tmpf,dwpf,relh,drct,sknt,p01i,alti,mslp,vsby,gust,skyc1,skyc2,skyc3,skyc4,skyl1,skyl2,skyl3,skyl4,wxcodes,ice_accretion_1hr,ice_accretion_3hr,ice_accretion_6hr,peak_wind_gust,peak_wind_drct,peak_wind_time,feel,metar,snowdepth
FAPE,2026-06-24 00:00,57.20,51.80,82.13,280.00,5.00,0.00,30.09,M,6.21,M,M,M,M,M,M,M,M,M,M,M,M,M,M,M,M,57.20,FAPE 240000Z 28005KT CAVOK 14/11 Q1019 NOSIG,M
FAPE,2026-06-24 01:00,55.40,51.80,87.65,270.00,4.00,0.00,30.12,M,6.21,M,M,M,M,M,M,M,M,M,M,M,M,M,M,M,M,55.40,FAPE 240100Z 27004KT CAVOK 13/11 Q1020 NOSIG,M
FAPE,2026-06-24 02:00,57.20,51.80,82.13,250.00,10.00,0.00,30.15,M,6.21,M,M,M,M,M,M,M,M,M,M,M,M,M,M,M,M,57.20,FAPE 240200Z 25010KT CAVOK 14/11 Q1021 NOSIG,M
FAPE,2026-06-24 03:00,59.00,51.80,76.99,260.00,10.00,0.00,30.15,M,6.21,M,M,M,M,M,M,M,M,M,M,M,M,M,M,M,M,59.00,FAPE 240300Z 26010KT CAVOK 15/11 Q1021 NOSIG,M
FAPE,2026-06-24 04:00,59.00,53.60,82.26,260.00,9.00,0.00,30.18,M,6.21,M,M,M,M,M,M,M,M,M,M,M,M,M,M,M,M,59.00,FAPE 240400Z 26009KT CAVOK 15/12 Q1022 NOSIG,M
FAPE,2026-06-24 05:00,59.00,55.40,87.84,260.00,11.00,0.00,30.18,M,6.21,M,M,M,M,M,M,M,M,M,M,M,M,M,M,M,M,59.00,FAPE 240500Z 26011KT CAVOK 15/13 Q1022 NOSIG,M
FAPE,2026-06-24 06:00,59.00,53.60,82.26,250.00,11.00,0.00,30.21,M,6.21,M,M,M,M,M,M,M,M,M,M,M,M,M,M,M,M,59.00,FAPE 240600Z 25011KT CAVOK 15/12 Q1023 TEMPO -RA BKN008,M
FAPE,2026-06-24 07:00,62.60,53.60,72.40,260.00,11.00,0.00,30.24,M,6.21,M,M,M,M,M,M,M,M,M,M,M,M,M,M,M,M,62.60,FAPE 240700Z 26011KT CAVOK 17/12 Q1024 NOSIG,M
FAPE,2026-06-24 08:00,62.60,53.60,72.40,260.00,10.00,0.00,30.27,M,6.21,M,M,M,M,M,M,M,M,M,M,M,M,M,M,M,M,62.60,FAPE 240800Z 26010KT CAVOK 17/12 Q1025 NOSIG,M
FAPE,2026-06-24 09:00,64.40,53.60,67.97,240.00,11.00,0.00,30.27,M,6.21,M,BKN,M,M,M,4500.00,M,M,M,M,M,M,M,M,M,M,64.40,FAPE 240900Z 24011KT 9999 BKN045 18/12 Q1025 NOSIG,M
FAPE,2026-06-24 10:00,64.40,55.40,72.58,240.00,11.00,0.00,30.27,M,6.21,M,M,M,M,M,M,M,M,M,M,M,M,M,M,M,M,64.40,FAPE 241000Z 24011KT 200V260 CAVOK 18/13 Q1025 NOSIG,M
FAPE,2026-06-24 11:00,64.40,57.20,77.46,200.00,8.00,0.00,30.24,M,6.21,M,SCT,M,M,M,1200.00,M,M,M,M,M,M,M,M,M,M,64.40,FAPE 241100Z 20008KT 170V240 9999 SCT012 18/14 Q1024 NOSIG,M
FAPE,2026-06-24 11:14,64.40,57.20,77.46,200.00,8.00,0.00,30.24,M,6.21,M,BKN,M,M,M,1200.00,M,M,M,M,M,M,M,M,M,M,64.40,FAPE 241114Z 20008KT 9999 BKN012 18/14 Q1024 NOSIG,M
FAPE,2026-06-24 12:00,64.40,55.40,72.58,200.00,7.00,0.00,30.24,M,6.21,M,FEW,SCT,M,M,1200.00,2200.00,M,M,M,M,M,M,M,M,M,64.40,FAPE 241200Z 20007KT 9999 FEW012 SCT022 18/13 Q1024 NOSIG,M
FAPE,2026-06-24 13:00,64.40,55.40,72.58,200.00,6.00,0.00,30.24,M,6.21,M,FEW,M,M,M,1600.00,M,M,M,M,M,M,M,M,M,M,64.40,FAPE 241300Z 20006KT 150V240 9999 FEW016 18/13 Q1024 NOSIG,M
FAPE,2026-06-24 15:00,60.80,57.20,87.93,180.00,5.00,0.00,30.27,M,6.21,M,FEW,M,M,M,1200.00,M,M,M,M,M,M,M,M,M,M,60.80,FAPE 241500Z 18005KT 9999 FEW012 16/14 Q1025 NOSIG,M
FAPE,2026-06-24 16:00,59.00,57.20,93.74,M,2.00,0.00,30.27,M,6.21,M,FEW,M,M,M,1700.00,M,M,M,M,M,M,M,M,M,M,59.00,FAPE 241600Z VRB02KT 9999 FEW017 15/14 Q1025 NOSIG,M
FAPE,2026-06-24 17:00,59.00,57.20,93.74,150.00,3.00,0.00,30.27,M,6.21,M,SCT,M,M,M,1600.00,M,M,M,M,M,M,M,M,M,M,59.00,FAPE 241700Z 15003KT 9999 SCT016 15/14 Q1025 NOSIG,M
FAPE,2026-06-24 18:00,57.20,57.20,100.00,M,1.00,0.00,30.27,M,6.21,M,FEW,M,M,M,2800.00,M,M,M,M,M,M,M,M,M,M,57.20,FAPE 241800Z VRB01KT 9999 FEW028 14/14 Q1025 NOSIG,M
FAPE,2026-06-24 19:00,55.40,55.40,100.00,M,2.00,0.00,30.30,M,6.21,M,FEW,M,M,M,2400.00,M,M,M,M,M,M,M,M,M,M,55.40,FAPE 241900Z VRB02KT 9999 FEW024 13/13 Q1026 NOSIG,M
FAPE,2026-06-24 20:00,53.60,53.60,100.00,M,1.00,0.00,30.27,M,5.59,M,FEW,M,M,M,3000.00,M,M,M,M,M,M,M,M,M,M,53.60,FAPE 242000Z VRB01KT 9000 FEW030 12/12 Q1025 NOSIG,M
FAPE,2026-06-24 21:00,51.80,51.80,100.00,0.00,0.00,0.00,30.30,M,6.21,M,FEW,M,M,M,2000.00,M,M,M,M,M,M,M,M,M,M,51.80,FAPE 242100Z 00000KT 9999 FEW020 11/11 Q1026 NOSIG,M
FAPE,2026-06-24 22:00,53.60,53.60,100.00,M,1.00,0.00,30.27,M,6.21,M,FEW,M,M,M,4000.00,M,M,M,M,M,M,M,M,M,M,53.60,FAPE 242200Z VRB01KT 9999 FEW040 12/12 Q1025 NOSIG,M
FAPE,2026-06-24 23:00,51.80,51.80,100.00,M,1.00,0.00,30.27,M,6.21,M,M,M,M,M,M,M,M,M,M,M,M,M,M,M,M,51.80,FAPE 242300Z VRB01KT CAVOK 11/11 Q1025 NOSIG,M
FAPE,2026-06-25 00:00,51.80,51.80,100.00,280.00,3.00,0.00,30.27,M,6.21,M,FEW,M,M,M,2500.00,M,M,M,M,M,M,M,M,M,M,51.80,FAPE 250000Z 28003KT 240V300 9999 FEW025 11/11 Q1025 NOSIG,M
FAPE,2026-06-25 01:00,55.40,55.40,100.00,70.00,4.00,0.00,30.24,M,6.21,M,FEW,M,M,M,4000.00,M,M,M,M,M,M,M,M,M,M,55.40,FAPE 250100Z 07004KT 9999 FEW040 13/13 Q1024 NOSIG,M
FAPE,2026-06-25 02:00,53.60,53.60,100.00,M,2.00,0.00,30.24,M,6.21,M,M,M,M,M,M,M,M,M,M,M,M,M,M,M,M,53.60,FAPE 250200Z VRB02KT CAVOK 12/12 Q1024 NOSIG,M
FAPE,2026-06-25 02:10,55.40,55.40,100.00,M,2.00,0.00,30.24,M,6.21,M,FEW,FEW,M,M,1500.00,4000.00,M,M,-TSRA,M,M,M,M,M,M,55.40,FAPE 250210Z VRB02KT 9999 -TSRA FEW015 FEW040CB 13/13 Q1024 TEMPO 4000 TSRA,M
FAPE,2026-06-25 02:49,60.80,60.80,100.00,60.00,10.00,0.00,30.21,M,6.21,M,FEW,M,M,M,1000.00,M,M,M,-RA,M,M,M,M,M,M,60.80,FAPE 250249Z 06010KT 9999 -RA FEW010 16/16 Q1023 TEMPO 4000 TSRA,M
FAPE,2026-06-25 03:00,62.60,60.80,93.84,70.00,8.00,0.00,30.24,M,6.21,M,FEW,M,M,M,1500.00,M,M,M,M,M,M,M,M,M,M,62.60,FAPE 250300Z 07008KT 040V100 9999 FEW015 17/16 Q1024 TEMPO 4000 TSRA,M
FAPE,2026-06-25 04:00,60.80,60.80,100.00,90.00,7.00,0.00,30.21,M,6.21,M,FEW,M,M,M,1000.00,M,M,M,M,M,M,M,M,M,M,60.80,FAPE 250400Z 09007KT 9999 FEW010 16/16 Q1023 NOSIG,M
FAPE,2026-06-25 05:00,62.60,62.60,100.00,80.00,7.00,0.00,30.24,M,6.21,M,SCT,M,M,M,1300.00,M,M,M,M,M,M,M,M,M,M,62.60,FAPE 250500Z 08007KT 9999 SCT013 17/17 Q1024 NOSIG,M
FAPE,2026-06-25 05:31,62.60,62.60,100.00,90.00,9.00,0.00,30.24,M,6.21,M,BKN,M,M,M,1100.00,M,M,M,M,M,M,M,M,M,M,62.60,FAPE 250531Z 09009KT 9999 BKN011 17/17 Q1024 NOSIG,M
FAPE,2026-06-25 06:00,62.60,62.60,100.00,90.00,12.00,0.00,30.24,M,6.21,M,BKN,M,M,M,1000.00,M,M,M,M,M,M,M,M,M,M,62.60,FAPE 250600Z 09012KT 9999 BKN010 17/17 Q1024 NOSIG,M
FAPE,2026-06-25 06:18,62.60,60.80,93.84,70.00,11.00,0.00,30.24,M,6.21,M,SCT,M,M,M,1000.00,M,M,M,M,M,M,M,M,M,M,62.60,FAPE 250618Z 07011KT 9999 SCT010 17/16 Q1024 NOSIG,M
FAPE,2026-06-25 06:30,62.60,60.80,93.84,50.00,12.00,0.00,30.24,M,5.59,M,SCT,SCT,M,M,1200.00,7000.00,M,M,TSRA,M,M,M,M,M,M,62.60,FAPE 250630Z 05012KT 9000 TSRA SCT012 SCT070CB 17/16 Q1024 BECMG -SHRA,M
FAPE,2026-06-25 07:00,60.80,60.80,100.00,60.00,11.00,0.00,30.24,M,4.97,M,FEW,SCT,M,M,1100.00,7000.00,M,M,-TSRA,M,M,M,M,M,M,60.80,FAPE 250700Z 06011KT 8000 -TSRA FEW011 SCT070CB 16/16 Q1024 BECMG -SHRA,M
FAPE,2026-06-25 07:17,60.80,60.80,100.00,50.00,7.00,0.00,30.27,M,6.21,M,FEW,FEW,M,M,1500.00,7000.00,M,M,VCSH,M,M,M,M,M,M,60.80,FAPE 250717Z 05007KT 9999 VCSH FEW015 FEW070CB 16/16 Q1025 RETSRA TEMPO SHRA,M
FAPE,2026-06-25 07:26,60.80,60.80,100.00,50.00,7.00,0.00,30.27,M,6.21,M,FEW,FEW,M,M,1500.00,7000.00,M,M,TS,M,M,M,M,M,M,60.80,FAPE 250726Z 05007KT 9999 TS FEW015 FEW070CB 16/16 Q1025 BECMG NSW,M
FAPE,2026-06-25 07:46,60.80,59.00,93.79,30.00,10.00,0.00,30.27,M,6.21,M,FEW,FEW,M,M,1500.00,7000.00,M,M,-SHRA,M,M,M,M,M,M,60.80,FAPE 250746Z 03010KT 9999 -SHRA FEW015 FEW070CB 16/15 Q1025 NOSIG,M
FAPE,2026-06-25 08:00,60.80,59.00,93.79,30.00,10.00,0.00,30.27,M,6.21,M,FEW,FEW,M,M,1500.00,7000.00,M,M,-SHRA,M,M,M,M,M,M,60.80,FAPE 250800Z 03010KT 9999 -SHRA FEW015 FEW070CB 16/15 Q1025 NOSIG,M
FAPE,2026-06-25 09:00,60.80,59.00,93.79,20.00,7.00,0.00,30.24,M,6.21,M,FEW,M,M,M,4500.00,M,M,M,M,M,M,M,M,M,M,60.80,FAPE 250900Z 02007KT 9999 FEW045 16/15 Q1024 NOSIG,M
FAPE,2026-06-25 10:00,60.80,59.00,93.79,10.00,5.00,0.00,30.24,M,6.21,M,FEW,M,M,M,4800.00,M,M,M,M,M,M,M,M,M,M,60.80,FAPE 251000Z 01005KT 340V040 9999 FEW048 16/15 Q1024 NOSIG,M
FAPE,2026-06-25 11:00,62.60,57.20,82.51,30.00,6.00,0.00,30.21,M,6.21,M,M,M,M,M,M,M,M,M,M,M,M,M,M,M,M,62.60,FAPE 251100Z 03006KT CAVOK 17/14 Q1023 NOSIG,M
FAPE,2026-06-25 12:00,66.20,57.20,72.76,350.00,3.00,0.00,30.21,M,6.21,M,M,M,M,M,M,M,M,M,M,M,M,M,M,M,M,66.20,FAPE 251200Z 35003KT 270V070 CAVOK 19/14 Q1023 NOSIG,M
FAPE,2026-06-25 13:00,62.60,59.00,88.01,30.00,6.00,0.00,30.18,M,6.21,M,M,M,M,M,M,M,M,M,M,M,M,M,M,M,M,62.60,FAPE 251300Z 03006KT CAVOK 17/15 Q1022 TEMPO -RA,M
FAPE,2026-06-25 14:00,64.40,60.80,88.10,330.00,5.00,0.00,30.24,M,6.21,M,FEW,M,M,M,4000.00,M,M,M,-RA,M,M,M,M,M,M,64.40,COR FAPE 251400Z 33005KT 9999 -RA FEW040 18/16 Q1024 NOSIG,M
FAPE,2026-06-25 15:00,64.40,60.80,88.10,290.00,8.00,0.00,30.24,M,6.21,M,FEW,M,M,M,4000.00,M,M,M,-RA,M,M,M,M,M,M,64.40,FAPE 251500Z 29008KT 9999 -RA FEW040 18/16 Q1024 NOSIG,M
FAPE,2026-06-25 16:00,62.60,62.60,100.00,10.00,7.00,0.00,30.21,M,6.21,M,M,M,M,M,M,M,M,M,M,M,M,M,M,M,M,62.60,FAPE 251600Z 01007KT CAVOK 17/17 Q1023 NOSIG,M
FAPE,2026-06-25 17:00,62.60,60.80,93.84,10.00,5.00,0.00,30.21,M,6.21,M,FEW,M,M,M,4500.00,M,M,M,M,M,M,M,M,M,M,62.60,FAPE 251700Z 01005KT 340V040 9999 FEW045 17/16 Q1023 NOSIG,M
FAPE,2026-06-25 18:00,62.60,60.80,93.84,350.00,5.00,0.00,30.24,M,6.21,M,FEW,M,M,M,4500.00,M,M,M,-RA,M,M,M,M,M,M,62.60,FAPE 251800Z 35005KT 9999 -RA FEW045 17/16 Q1024 NOSIG,M
FAPE,2026-06-25 19:00,62.60,60.80,93.84,350.00,6.00,0.00,30.21,M,6.21,M,M,M,M,M,M,M,M,M,M,M,M,M,M,M,M,62.60,FAPE 251900Z 35006KT CAVOK 17/16 Q1023 NOSIG,M
FAPE,2026-06-25 20:00,64.40,59.00,82.63,330.00,9.00,0.00,30.24,M,6.21,M,M,M,M,M,M,M,M,M,M,M,M,M,M,M,M,64.40,FAPE 252000Z 33009KT CAVOK 18/15 Q1024 NOSIG,M
FAPE,2026-06-25 21:00,62.60,59.00,88.01,330.00,6.00,0.00,30.21,M,6.21,M,M,M,M,M,M,M,M,M,M,M,M,M,M,M,M,62.60,FAPE 252100Z 33006KT CAVOK 17/15 Q1023 NOSIG,M
FAPE,2026-06-25 22:00,60.80,59.00,93.79,M,4.00,0.00,30.21,M,6.21,M,M,M,M,M,M,M,M,M,M,M,M,M,M,M,M,60.80,FAPE 252200Z VRB04KT CAVOK 16/15 Q1023 NOSIG,M
FAPE,2026-06-26 00:00,66.20,59.00,77.62,250.00,14.00,0.00,30.27,M,6.21,M,M,M,M,M,M,M,M,M,M,M,M,M,M,M,M,66.20,FAPE 260000Z 25014KT CAVOK 19/15 Q1025 NOSIG,M
FAPE,2026-06-26 01:00,66.20,57.20,72.76,290.00,7.00,0.00,30.27,M,6.21,M,M,M,M,M,M,M,M,M,M,M,M,M,M,M,M,66.20,FAPE 260100Z 29007KT CAVOK 19/14 Q1025 NOSIG,M
FAPE,2026-06-26 03:00,60.80,59.00,93.79,290.00,3.00,0.00,30.24,M,6.21,M,M,M,M,M,M,M,M,M,M,M,M,M,M,M,M,60.80,FAPE 260300Z 29003KT CAVOK 16/15 Q1024 NOSIG,M
FAPE,2026-06-26 05:00,60.80,59.00,93.79,M,1.00,0.00,30.27,M,6.21,M,NSC,M,M,M,M,M,M,M,-RA,M,M,M,M,M,M,60.80,FAPE 260500Z VRB01KT 9999 -RA NSC 16/15 Q1025 NOSIG,M
FAPE,2026-06-26 05:36,62.60,59.00,88.01,350.00,7.00,0.00,30.27,M,6.21,M,M,M,M,M,M,M,M,M,M,M,M,M,M,M,M,62.60,FAPE 260536Z 35007KT CAVOK 17/15 Q1025 NOSIG,M
FAPE,2026-06-26 06:00,62.60,59.00,88.01,340.00,6.00,0.00,30.27,M,6.21,M,M,M,M,M,M,M,M,M,M,M,M,M,M,M,M,62.60,FAPE 260600Z 34006KT CAVOK 17/15 Q1025 NOSIG,M
FAPE,2026-06-26 07:00,66.20,59.00,77.62,340.00,7.00,0.00,30.27,M,6.21,M,M,M,M,M,M,M,M,M,M,M,M,M,M,M,M,66.20,FAPE 260700Z 34007KT 330V110 CAVOK 19/15 Q1025 NOSIG,M
FAPE,2026-06-26 08:00,68.00,59.00,72.95,330.00,5.00,0.00,30.27,M,6.21,M,M,M,M,M,M,M,M,M,M,M,M,M,M,M,M,68.00,FAPE 260800Z 33005KT CAVOK 20/15 Q1025 NOSIG,M
FAPE,2026-06-26 09:00,68.00,60.80,77.77,360.00,6.00,0.00,30.24,M,6.21,M,M,M,M,M,M,M,M,M,M,M,M,M,M,M,M,68.00,FAPE 260900Z 36006KT CAVOK 20/16 Q1024 NOSIG,M
FAPE,2026-06-26 10:00,69.80,60.80,73.13,10.00,3.00,0.00,30.24,M,6.21,M,M,M,M,M,M,M,M,M,M,M,M,M,M,M,M,69.80,FAPE 261000Z 01003KT 320V050 CAVOK 21/16 Q1024 NOSIG,M
FAPE,2026-06-26 11:00,71.60,60.80,68.79,350.00,5.00,0.00,30.18,M,6.21,M,M,M,M,M,M,M,M,M,M,M,M,M,M,M,M,71.60,FAPE 261100Z 35005KT CAVOK 22/16 Q1022 NOSIG,M
FAPE,2026-06-26 12:00,69.80,62.60,77.93,20.00,4.00,0.00,30.15,M,6.21,M,M,M,M,M,M,M,M,M,M,M,M,M,M,M,M,69.80,FAPE 261200Z 02004KT 350V060 CAVOK 21/17 Q1021 NOSIG,M
FAPE,2026-06-26 13:00,71.60,62.60,73.30,350.00,3.00,0.00,30.12,M,6.21,M,M,M,M,M,M,M,M,M,M,M,M,M,M,M,M,71.60,FAPE 261300Z 35003KT 320V020 CAVOK 22/17 Q1020 NOSIG,M
FAPE,2026-06-26 14:00,69.80,64.40,83.00,50.00,3.00,0.00,30.12,M,6.21,M,M,M,M,M,M,M,M,M,M,M,M,M,M,M,M,69.80,FAPE 261400Z 05003KT CAVOK 21/18 Q1020 NOSIG,M
FAPE,2026-06-26 15:00,68.00,62.60,82.88,M,1.00,0.00,30.12,M,6.21,M,M,M,M,M,M,M,M,M,M,M,M,M,M,M,M,68.00,FAPE 261500Z VRB01KT CAVOK 20/17 Q1020 NOSIG,M
FAPE,2026-06-26 16:00,64.40,62.60,93.89,M,2.00,0.00,30.12,M,6.21,M,M,M,M,M,M,M,M,M,M,M,M,M,M,M,M,64.40,FAPE 261600Z VRB02KT CAVOK 18/17 Q1020 NOSIG,M
FAPE,2026-06-26 17:00,64.40,62.60,93.89,360.00,3.00,0.00,30.12,M,6.21,M,M,M,M,M,M,M,M,M,M,M,M,M,M,M,M,64.40,FAPE 261700Z 36003KT 300V030 CAVOK 18/17 Q1020 NOSIG,M
FAPE,2026-06-26 18:00,62.60,62.60,100.00,160.00,3.00,0.00,30.12,M,6.21,M,M,M,M,M,M,M,M,M,M,M,M,M,M,M,M,62.60,FAPE 261800Z 16003KT 120V190 CAVOK 17/17 Q1020 NOSIG,M
FAPE,2026-06-26 19:00,62.60,62.60,100.00,M,2.00,0.00,30.15,M,6.21,M,M,M,M,M,M,M,M,M,M,M,M,M,M,M,M,62.60,FAPE 261900Z VRB02KT CAVOK 17/17 Q1021 NOSIG,M
FAPE,2026-06-26 20:00,62.60,60.80,93.84,60.00,4.00,0.00,30.15,M,6.21,M,M,M,M,M,M,M,M,M,M,M,M,M,M,M,M,62.60,FAPE 262000Z 06004KT CAVOK 17/16 Q1021 NOSIG,M
FAPE,2026-06-26 21:00,60.80,60.80,100.00,20.00,3.00,0.00,30.15,M,6.21,M,M,M,M,M,M,M,M,M,M,M,M,M,M,M,M,60.80,FAPE 262100Z 02003KT CAVOK 16/16 Q1021 NOSIG,M
FAPE,2026-06-26 23:00,60.80,59.00,93.79,10.00,3.00,0.00,30.12,M,6.21,M,M,M,M,M,M,M,M,M,M,M,M,M,M,M,M,60.80,FAPE 262300Z 01003KT CAVOK 16/15 Q1020 NOSIG,M
FAPE,2026-06-27 00:00,59.00,59.00,100.00,330.00,4.00,0.00,30.09,M,6.21,M,M,M,M,M,M,M,M,M,M,M,M,M,M,M,M,59.00,FAPE 270000Z 33004KT CAVOK 15/15 Q1019 NOSIG,M
FAPE,2026-06-27 01:00,60.80,57.20,87.93,310.00,3.00,0.00,30.09,M,6.21,M,M,M,M,M,M,M,M,M,M,M,M,M,M,M,M,60.80,FAPE 270100Z 31003KT CAVOK 16/14 Q1019 NOSIG,M
FAPE,2026-06-27 03:00,59.00,55.40,87.84,330.00,3.00,0.00,30.06,M,6.21,M,M,M,M,M,M,M,M,M,M,M,M,M,M,M,M,59.00,FAPE 270300Z 33003KT 310V020 CAVOK 15/13 Q1018 NOSIG,M
FAPE,2026-06-27 04:00,57.20,55.40,93.70,300.00,4.00,0.00,30.03,M,6.21,M,M,M,M,M,M,M,M,M,M,M,M,M,M,M,M,57.20,FAPE 270400Z 30004KT CAVOK 14/13 Q1017 NOSIG,M
FAPE,2026-06-27 05:00,57.20,53.60,87.75,340.00,3.00,0.00,30.03,M,6.21,M,M,M,M,M,M,M,M,M,M,M,M,M,M,M,M,57.20,FAPE 270500Z 34003KT 310V050 CAVOK 14/12 Q1017 NOSIG,M
FAPE,2026-06-27 05:10,60.80,53.60,77.15,320.00,5.00,0.00,30.03,M,6.21,M,M,M,M,M,M,M,M,M,M,M,M,M,M,M,M,60.80,FAPE 270510Z 32005KT 280V360 CAVOK 16/12 Q1017 NOSIG,M
FAPE,2026-06-27 06:00,59.00,53.60,82.26,310.00,4.00,0.00,30.03,M,6.21,M,M,M,M,M,M,M,M,M,M,M,M,M,M,M,M,59.00,FAPE 270600Z 31004KT 270V330 CAVOK 15/12 Q1017 NOSIG,M
FAPE,2026-06-27 06:12,62.60,53.60,72.40,340.00,5.00,0.00,30.03,M,6.21,M,M,M,M,M,M,M,M,M,M,M,M,M,M,M,M,62.60,FAPE 270612Z 34005KT 290V360 CAVOK 17/12 Q1017 NOSIG,M
FAPE,2026-06-27 06:45,64.40,53.60,67.97,340.00,4.00,0.00,30.03,M,6.21,M,M,M,M,M,M,M,M,M,M,M,M,M,M,M,M,64.40,FAPE 270645Z 34004KT CAVOK 18/12 Q1017 NOSIG,M
FAPE,2026-06-27 07:00,62.60,55.40,77.31,350.00,5.00,0.00,30.03,M,6.21,M,M,M,M,M,M,M,M,M,M,M,M,M,M,M,M,62.60,FAPE 270700Z 35005KT CAVOK 17/13 Q1017 NOSIG,M
FAPE,2026-06-27 07:07,66.20,55.40,68.18,350.00,6.00,0.00,30.03,M,6.21,M,M,M,M,M,M,M,M,M,M,M,M,M,M,M,M,66.20,FAPE 270707Z 35006KT CAVOK 19/13 Q1017 NOSIG,M
FAPE,2026-06-27 07:55,69.80,57.20,64.30,350.00,5.00,0.00,30.03,M,6.21,M,M,M,M,M,M,M,M,M,M,M,M,M,M,M,M,69.80,FAPE 270755Z 35005KT CAVOK 21/14 Q1017 NOSIG,M
FAPE,2026-06-27 08:00,69.80,57.20,64.30,350.00,5.00,0.00,30.03,M,6.21,M,M,M,M,M,M,M,M,M,M,M,M,M,M,M,M,69.80,FAPE 270800Z 35005KT CAVOK 21/14 Q1017 NOSIG,M
FAPE,2026-06-27 09:00,73.40,55.40,53.33,340.00,7.00,0.00,30.03,M,6.21,M,M,M,M,M,M,M,M,M,M,M,M,M,M,M,M,73.40,FAPE 270900Z 34007KT CAVOK 23/13 Q1017 NOSIG,M
FAPE,2026-06-27 09:22,77.00,57.20,50.49,330.00,4.00,0.00,30.03,M,6.21,M,M,M,M,M,M,M,M,M,M,M,M,M,M,M,M,77.00,FAPE 270922Z 33004KT CAVOK 25/14 Q1017 NOSIG,M
FAPE,2026-06-27 10:00,77.00,55.40,47.30,260.00,4.00,0.00,30.00,M,6.21,M,M,M,M,M,M,M,M,M,M,M,M,M,M,M,M,77.00,FAPE 271000Z 26004KT 240V300 CAVOK 25/13 Q1016 NOSIG,M
FAPE,2026-06-27 10:57,80.60,59.00,47.85,330.00,3.00,0.00,29.97,M,6.21,M,M,M,M,M,M,M,M,M,M,M,M,M,M,M,M,81.12,FAPE 271057Z 33003KT 300V360 CAVOK 27/15 Q1015 NOSIG,M
FAPE,2026-06-27 11:00,78.80,57.20,47.58,310.00,4.00,0.00,29.97,M,6.21,M,M,M,M,M,M,M,M,M,M,M,M,M,M,M,M,78.80,FAPE 271100Z 31004KT 280V360 CAVOK 26/14 Q1015 NOSIG,M
FAPE,2026-06-27 12:00,78.80,59.00,50.76,50.00,5.00,0.00,29.94,M,6.21,M,M,M,M,M,M,M,M,M,M,M,M,M,M,M,M,78.80,FAPE 271200Z 05005KT CAVOK 26/15 Q1014 NOSIG,M
FAPE,2026-06-27 12:27,82.40,55.40,39.65,330.00,4.00,0.00,29.94,M,6.21,M,M,M,M,M,M,M,M,M,M,M,M,M,M,M,M,81.75,FAPE 271227Z 33004KT 300V360 CAVOK 28/13 Q1014 NOSIG,M
FAPE,2026-06-27 13:00,80.60,55.40,42.03,320.00,5.00,0.00,29.94,M,6.21,M,M,M,M,M,M,M,M,M,M,M,M,M,M,M,M,80.54,FAPE 271300Z 32005KT CAVOK 27/13 Q1014 NOSIG,M
FAPE,2026-06-27 14:00,78.80,59.00,50.76,270.00,3.00,0.00,29.94,M,6.21,M,M,M,M,M,M,M,M,M,M,M,M,M,M,M,M,78.80,FAPE 271400Z 27003KT 210V310 CAVOK 26/15 Q1014 NOSIG,M
FAPE,2026-06-27 15:00,71.60,57.20,60.48,220.00,7.00,0.00,29.94,M,6.21,M,M,M,M,M,M,M,M,M,M,M,M,M,M,M,M,71.60,FAPE 271500Z 22007KT CAVOK 22/14 Q1014 NOSIG,M
FAPE,2026-06-27 16:00,66.20,57.20,72.76,240.00,8.00,0.00,29.94,M,6.21,M,M,M,M,M,M,M,M,M,M,M,M,M,M,M,M,66.20,FAPE 271600Z 24008KT CAVOK 19/14 Q1014 NOSIG,M
FAPE,2026-06-27 17:00,64.40,57.20,77.46,240.00,7.00,0.00,29.97,M,6.21,M,M,M,M,M,M,M,M,M,M,M,M,M,M,M,M,64.40,FAPE 271700Z 24007KT CAVOK 18/14 Q1015 NOSIG,M
FAPE,2026-06-27 18:00,64.40,59.00,82.63,240.00,8.00,0.00,29.97,M,6.21,M,M,M,M,M,M,M,M,M,M,M,M,M,M,M,M,64.40,FAPE 271800Z 24008KT CAVOK 18/15 Q1015 NOSIG,M
FAPE,2026-06-27 19:00,62.60,59.00,88.01,240.00,5.00,0.00,29.97,M,6.21,M,M,M,M,M,M,M,M,M,M,M,M,M,M,M,M,62.60,FAPE 271900Z 24005KT CAVOK 17/15 Q1015 NOSIG,M
FAPE,2026-06-27 22:00,60.80,59.00,93.79,260.00,3.00,0.00,29.94,M,6.21,M,M,M,M,M,M,M,M,M,M,M,M,M,M,M,M,60.80,FAPE 272200Z 26003KT CAVOK 16/15 Q1014 NOSIG,M
FAPE,2026-06-27 23:00,59.00,57.20,93.74,20.00,4.00,0.00,29.91,M,6.21,M,M,M,M,M,M,M,M,M,M,M,M,M,M,M,M,59.00,FAPE 272300Z 02004KT CAVOK 15/14 Q1013 NOSIG,M
FAPE,2026-06-28 00:00,55.40,53.60,93.65,290.00,3.00,0.00,29.91,M,6.21,M,M,M,M,M,M,M,M,M,M,M,M,M,M,M,M,55.40,FAPE 280000Z 29003KT 260V320 CAVOK 13/12 Q1013 NOSIG,M
FAPE,2026-06-28 00:12,59.00,57.20,93.74,330.00,5.00,0.00,29.88,M,6.21,M,M,M,M,M,M,M,M,M,M,M,M,M,M,M,M,59.00,FAPE 280012Z 33005KT CAVOK 15/14 Q1012 NOSIG,M
FAPE,2026-06-28 01:00,57.20,57.20,100.00,10.00,3.00,0.00,29.85,M,6.21,M,M,M,M,M,M,M,M,M,M,M,M,M,M,M,M,57.20,FAPE 280100Z 01003KT 330V030 CAVOK 14/14 Q1011 NOSIG,M
FAPE,2026-06-28 02:00,55.40,55.40,100.00,340.00,3.00,0.00,29.85,M,6.21,M,M,M,M,M,M,M,M,M,M,M,M,M,M,M,M,55.40,FAPE 280200Z 34003KT CAVOK 13/13 Q1011 NOSIG,M
FAPE,2026-06-28 03:00,57.20,51.80,82.13,300.00,6.00,0.00,29.83,M,6.21,M,M,M,M,M,M,M,M,M,M,M,M,M,M,M,M,57.20,FAPE 280300Z 30006KT CAVOK 14/11 Q1010 NOSIG,M
FAPE,2026-06-28 04:00,55.40,50.00,82.00,280.00,5.00,0.00,29.83,M,6.21,M,M,M,M,M,M,M,M,M,M,M,M,M,M,M,M,55.40,FAPE 280400Z 28005KT CAVOK 13/10 Q1010 NOSIG,M
FAPE,2026-06-28 04:20,59.00,51.80,76.99,300.00,4.00,0.00,29.83,M,6.21,M,M,M,M,M,M,M,M,M,M,M,M,M,M,M,M,59.00,FAPE 280420Z 30004KT CAVOK 15/11 Q1010 NOSIG,M
FAPE,2026-06-28 05:00,57.20,50.00,76.83,M,2.00,0.00,29.83,M,6.21,M,M,M,M,M,M,M,M,M,M,M,M,M,M,M,M,57.20,FAPE 280500Z VRB02KT CAVOK 14/10 Q1010 NOSIG,M
FAPE,2026-06-28 05:54,53.60,50.00,87.56,360.00,3.00,0.00,29.85,M,6.21,M,M,M,M,M,M,M,M,M,M,M,M,M,M,M,M,53.60,FAPE 280554Z 36003KT 330V030 CAVOK 12/10 Q1011 NOSIG,M
FAPE,2026-06-28 06:00,57.20,51.80,82.13,M,1.00,0.00,29.85,M,6.21,M,M,M,M,M,M,M,M,M,M,M,M,M,M,M,M,57.20,FAPE 280600Z VRB01KT CAVOK 14/11 Q1011 NOSIG,M
FAPE,2026-06-28 06:46,60.80,55.40,82.38,290.00,3.00,0.00,29.85,M,6.21,M,M,M,M,M,M,M,M,M,M,M,M,M,M,M,M,60.80,FAPE 280646Z 29003KT CAVOK 16/13 Q1011 NOSIG,M
FAPE,2026-06-28 07:00,60.80,55.40,82.38,290.00,3.00,0.00,29.85,M,6.21,M,M,M,M,M,M,M,M,M,M,M,M,M,M,M,M,60.80,FAPE 280700Z 29003KT CAVOK 16/13 Q1011 NOSIG,M
FAPE,2026-06-28 07:17,66.20,57.20,72.76,M,2.00,0.00,29.85,M,6.21,M,M,M,M,M,M,M,M,M,M,M,M,M,M,M,M,66.20,FAPE 280717Z VRB02KT CAVOK 19/14 Q1011 NOSIG,M
FAPE,2026-06-28 07:41,69.80,55.40,60.24,320.00,3.00,0.00,29.85,M,6.21,M,M,M,M,M,M,M,M,M,M,M,M,M,M,M,M,69.80,FAPE 280741Z 32003KT 280V350 CAVOK 21/13 Q1011 NOSIG,M
FAPE,2026-06-28 08:00,71.60,55.40,56.67,M,2.00,0.00,29.85,M,6.21,M,M,M,M,M,M,M,M,M,M,M,M,M,M,M,M,71.60,FAPE 280800Z VRB02KT CAVOK 22/13 Q1011 NOSIG,M
FAPE,2026-06-28 09:00,75.20,51.80,44.02,300.00,10.00,0.00,29.85,M,6.21,M,M,M,M,M,M,M,M,M,M,M,M,M,M,M,M,75.20,FAPE 280900Z 30010KT CAVOK 24/11 Q1011 NOSIG,M
FAPE,2026-06-28 10:00,77.00,51.80,41.46,320.00,10.00,0.00,29.83,M,6.21,M,M,M,M,M,M,M,M,M,M,M,M,M,M,M,M,77.00,FAPE 281000Z 32010KT CAVOK 25/11 Q1010 NOSIG,M
FAPE,2026-06-28 11:00,77.00,50.00,38.79,310.00,11.00,0.00,29.83,M,6.21,M,M,M,M,M,M,M,M,M,M,M,M,M,M,M,M,77.00,FAPE 281100Z 31011KT 290V350 CAVOK 25/10 Q1010 NOSIG,M
FAPE,2026-06-28 12:00,75.20,50.00,41.18,280.00,11.00,0.00,29.80,M,6.21,M,M,M,M,M,M,M,M,M,M,M,M,M,M,M,M,75.20,FAPE 281200Z 28011KT CAVOK 24/10 Q1009 NOSIG,M
FAPE,2026-06-28 13:00,75.20,51.80,44.02,290.00,4.00,0.00,29.80,M,6.21,M,M,M,M,M,M,M,M,M,M,M,M,M,M,M,M,75.20,FAPE 281300Z 29004KT 240V320 CAVOK 24/11 Q1009 NOSIG,M
FAPE,2026-06-28 14:00,75.20,51.80,44.02,300.00,8.00,0.00,29.83,M,6.21,M,M,M,M,M,M,M,M,M,M,M,M,M,M,M,M,75.20,FAPE 281400Z 30008KT CAVOK 24/11 Q1010 NOSIG,M
FAPE,2026-06-28 15:00,71.60,51.80,49.67,270.00,7.00,0.00,29.83,M,6.21,M,M,M,M,M,M,M,M,M,M,M,M,M,M,M,M,71.60,FAPE 281500Z 27007KT CAVOK 22/11 Q1010 NOSIG,M
FAPE,2026-06-28 17:00,64.40,59.00,82.63,M,1.00,0.00,29.83,M,6.21,M,M,M,M,M,M,M,M,M,M,M,M,M,M,M,M,64.40,FAPE 281700Z VRB01KT CAVOK 18/15 Q1010 NOSIG,M
FAPE,2026-06-28 18:00,60.80,59.00,93.79,250.00,3.00,0.00,29.85,M,6.21,M,M,M,M,M,M,M,M,M,M,M,M,M,M,M,M,60.80,FAPE 281800Z 25003KT CAVOK 16/15 Q1011 NOSIG,M
FAPE,2026-06-28 19:00,60.80,59.00,93.79,0.00,0.00,0.00,29.85,M,6.21,M,M,M,M,M,M,M,M,M,M,M,M,M,M,M,M,60.80,FAPE 281900Z 00000KT CAVOK 16/15 Q1011 NOSIG,M
FAPE,2026-06-28 20:00,59.00,57.20,93.74,270.00,3.00,0.00,29.88,M,6.21,M,M,M,M,M,M,M,M,M,M,M,M,M,M,M,M,59.00,FAPE 282000Z 27003KT CAVOK 15/14 Q1012 NOSIG,M
FAPE,2026-06-28 21:00,59.00,53.60,82.26,250.00,5.00,0.00,29.91,M,6.21,M,M,M,M,M,M,M,M,M,M,M,M,M,M,M,M,59.00,FAPE 282100Z 25005KT CAVOK 15/12 Q1013 NOSIG,M
FAPE,2026-06-28 22:00,62.60,59.00,88.01,240.00,14.00,0.00,29.91,M,6.21,M,SCT,M,M,M,1400.00,M,M,M,-RA,M,M,M,M,M,M,62.60,FAPE 282200Z 24014KT 9999 -RA SCT014 17/15 Q1013 NOSIG,M
FAPE,2026-06-28 23:00,59.00,59.00,100.00,240.00,18.00,0.00,29.91,M,5.59,M,FEW,SCT,BKN,M,700.00,1100.00,2000.00,M,-RA,M,M,M,M,M,M,59.00,FAPE 282300Z 24018KT 9000 -RA FEW007 SCT011 BKN020 15/15 Q1013 NOSIG,M
FAPE,2026-06-29 00:00,57.20,57.20,100.00,240.00,18.00,0.00,29.94,M,4.97,M,FEW,SCT,BKN,M,700.00,1200.00,2300.00,M,-RA,M,M,M,M,M,M,57.20,FAPE 290000Z 24018KT 8000 -RA FEW007 SCT012 BKN023 14/14 Q1014 NOSIG,M
FAPE,2026-06-29 01:00,57.20,55.40,93.70,250.00,18.00,0.00,29.94,M,6.21,M,FEW,SCT,M,M,1000.00,1800.00,M,M,M,M,M,M,M,M,M,57.20,FAPE 290100Z 25018KT 9999 FEW010 SCT018 14/13 Q1014 NOSIG,M
FAPE,2026-06-29 01:16,57.20,55.40,93.70,240.00,16.00,0.00,29.97,M,4.35,28.00,FEW,SCT,BKN,M,1000.00,1700.00,2300.00,M,-RA,M,M,M,M,M,M,57.20,FAPE 290116Z 24016G28KT 7000 -RA FEW010 SCT017 BKN023 14/13 Q1015 NOSIG,M
FAPE,2026-06-29 02:00,55.40,55.40,100.00,240.00,18.00,0.00,29.97,M,4.97,M,SCT,BKN,M,M,900.00,1700.00,M,M,-RA,M,M,M,M,M,M,55.40,FAPE 290200Z 24018KT 8000 -RA SCT009 BKN017 13/13 Q1015 NOSIG,M
FAPE,2026-06-29 02:35,55.40,55.40,100.00,250.00,17.00,0.00,29.97,M,5.59,M,SCT,BKN,M,M,600.00,1100.00,M,M,-DZ,M,M,M,M,M,M,55.40,FAPE 290235Z 25017KT 9000 -DZ SCT006 BKN011 13/13 Q1015 NOSIG,M
FAPE,2026-06-29 03:00,55.40,53.60,93.65,250.00,18.00,0.00,30.00,M,5.59,M,BKN,M,M,M,1100.00,M,M,M,-DZ,M,M,M,M,M,M,55.40,FAPE 290300Z 25018KT 9000 -DZ BKN011 13/12 Q1016 NOSIG,M
FAPE,2026-06-29 03:08,55.40,53.60,93.65,250.00,16.00,0.00,30.00,M,6.21,M,SCT,BKN,M,M,1600.00,4500.00,M,M,-RA,M,M,M,M,M,M,55.40,FAPE 290308Z 25016KT 9999 -RA SCT016 BKN045 13/12 Q1016 NOSIG,M
FAPE,2026-06-29 04:00,53.60,51.80,93.60,250.00,19.00,0.00,30.00,M,6.21,M,BKN,OVC,M,M,1900.00,2400.00,M,M,M,M,M,M,M,M,M,53.60,FAPE 290400Z 25019KT 9999 BKN019 OVC024 12/11 Q1016 NOSIG,M
FAPE,2026-06-29 04:23,53.60,53.60,100.00,250.00,19.00,0.00,30.03,M,5.59,M,BKN,M,M,M,1100.00,M,M,M,-RA,M,M,M,M,M,M,53.60,FAPE 290423Z 25019KT 9000 -RA BKN011 12/12 Q1017 NOSIG,M
FAPE,2026-06-29 05:00,53.60,53.60,100.00,260.00,15.00,0.00,30.03,M,6.21,M,FEW,BKN,M,M,700.00,1200.00,M,M,M,M,M,M,M,M,M,53.60,FAPE 290500Z 26015KT 9999 FEW007 BKN012 12/12 Q1017 BECMG SCT012,M
FAPE,2026-06-29 05:10,53.60,51.80,93.60,260.00,13.00,0.00,30.03,M,6.21,M,FEW,M,M,M,1500.00,M,M,M,M,M,M,M,M,M,M,53.60,FAPE 290510Z 26013KT 9999 FEW015 12/11 Q1017 NOSIG,M
FAPE,2026-06-29 06:00,53.60,48.20,81.87,250.00,17.00,0.00,30.06,M,6.21,M,FEW,SCT,M,M,1500.00,3000.00,M,M,M,M,M,M,M,M,M,53.60,FAPE 290600Z 25017KT 9999 FEW015 SCT030 12/09 Q1018 NOSIG,M
FAPE,2026-06-29 07:00,55.40,48.20,76.67,250.00,18.00,0.00,30.09,M,6.21,M,FEW,SCT,M,M,3000.00,3700.00,M,M,M,M,M,M,M,M,M,55.40,FAPE 290700Z 25018KT 9999 FEW030 SCT037 13/09 Q1019 NOSIG,M
FAPE,2026-06-29 07:50,57.20,48.20,71.84,250.00,18.00,0.00,30.12,M,6.21,31.00,FEW,M,M,M,3400.00,M,M,M,M,M,M,M,M,M,M,57.20,FAPE 290750Z 25018G31KT 9999 FEW034 14/09 Q1020 NOSIG,M
FAPE,2026-06-29 08:00,57.20,48.20,71.84,250.00,21.00,0.00,30.12,M,6.21,31.00,FEW,M,M,M,3400.00,M,M,M,M,M,M,M,M,M,M,57.20,FAPE 290800Z 25021G31KT 9999 FEW034 14/09 Q1020 NOSIG,M
FAPE,2026-06-29 09:00,59.00,48.20,67.34,250.00,20.00,0.00,30.15,M,6.21,M,FEW,M,M,M,3200.00,M,M,M,M,M,M,M,M,M,M,59.00,FAPE 290900Z 25020KT 9999 FEW032 15/09 Q1021 NOSIG,M
FAPE,2026-06-29 09:26,59.00,46.40,62.93,250.00,24.00,0.00,30.15,M,6.21,34.00,FEW,M,M,M,3200.00,M,M,M,M,M,M,M,M,M,M,59.00,FAPE 290926Z 25024G34KT 9999 FEW032 15/08 Q1021 NOSIG,M
FAPE,2026-06-29 10:00,59.00,44.60,58.78,250.00,21.00,0.00,30.15,M,6.21,M,FEW,M,M,M,3200.00,M,M,M,M,M,M,M,M,M,M,59.00,FAPE 291000Z 25021KT 9999 FEW032 15/07 Q1021 NOSIG,M
FAPE,2026-06-29 10:13,59.00,46.40,62.93,250.00,23.00,0.00,30.15,M,6.21,33.00,SCT,M,M,M,3200.00,M,M,M,M,M,M,M,M,M,M,59.00,FAPE 291013Z 25023G33KT 9999 SCT032 15/08 Q1021 NOSIG,M
FAPE,2026-06-29 11:00,57.20,46.40,67.13,250.00,21.00,0.00,30.15,M,6.21,M,SCT,M,M,M,2600.00,M,M,M,M,M,M,M,M,M,M,57.20,FAPE 291100Z 25021KT 9999 SCT026 14/08 Q1021 NOSIG,M
FAPE,2026-06-29 11:57,59.00,46.40,62.93,250.00,20.00,0.00,30.15,M,6.21,30.00,SCT,M,M,M,3000.00,M,M,M,M,M,M,M,M,M,M,59.00,FAPE 291157Z 25020G30KT 9999 SCT030 15/08 Q1021 NOSIG,M
FAPE,2026-06-29 12:00,59.00,46.40,62.93,250.00,20.00,0.00,30.15,M,6.21,30.00,SCT,M,M,M,3000.00,M,M,M,M,M,M,M,M,M,M,59.00,FAPE 291200Z 25020G30KT 9999 SCT030 15/08 Q1021 NOSIG,M
FAPE,2026-06-29 13:00,59.00,46.40,62.93,250.00,17.00,0.00,30.18,M,6.21,M,SCT,M,M,M,3000.00,M,M,M,M,M,M,M,M,M,M,59.00,FAPE 291300Z 25017KT 9999 SCT030 15/08 Q1022 NOSIG,M
FAPE,2026-06-29 13:12,59.00,44.60,58.78,260.00,15.00,0.00,30.18,M,6.21,M,SCT,M,M,M,3000.00,M,M,M,M,M,M,M,M,M,M,59.00,FAPE 291312Z 26015KT 9999 SCT030 15/07 Q1022 NOSIG,M
FAPE,2026-06-29 14:00,59.00,44.60,58.78,250.00,16.00,0.00,30.21,M,6.21,M,FEW,M,M,M,3000.00,M,M,M,M,M,M,M,M,M,M,59.00,FAPE 291400Z 25016KT 9999 FEW030 15/07 Q1023 NOSIG,M
FAPE,2026-06-29 15:00,57.20,42.80,58.52,250.00,15.00,0.00,30.21,M,6.21,M,FEW,M,M,M,3500.00,M,M,M,M,M,M,M,M,M,M,57.20,FAPE 291500Z 25015KT 9999 FEW035 14/06 Q1023 NOSIG,M
FAPE,2026-06-29 16:00,53.60,44.60,71.45,250.00,14.00,0.00,30.24,M,6.21,M,FEW,M,M,M,3500.00,M,M,M,M,M,M,M,M,M,M,53.60,FAPE 291600Z 25014KT 9999 FEW035 12/07 Q1024 NOSIG,M
FAPE,2026-06-29 17:00,53.60,44.60,71.45,250.00,15.00,0.00,30.24,M,6.21,M,FEW,M,M,M,4000.00,M,M,M,M,M,M,M,M,M,M,53.60,FAPE 291700Z 25015KT 9999 FEW040 12/07 Q1024 NOSIG,M
FAPE,2026-06-29 18:00,53.60,44.60,71.45,250.00,11.00,0.00,30.27,M,6.21,M,FEW,M,M,M,4500.00,M,M,M,M,M,M,M,M,M,M,53.60,FAPE 291800Z 25011KT 9999 FEW045 12/07 Q1025 NOSIG,M
FAPE,2026-06-29 19:00,51.80,46.40,81.74,230.00,7.00,0.00,30.27,M,5.59,M,SCT,M,M,M,3000.00,M,M,M,-RA,M,M,M,M,M,M,51.80,FAPE 291900Z 23007KT 9000 -RA SCT030 11/08 Q1025 NOSIG,M
FAPE,2026-06-29 20:00,51.80,50.00,93.55,230.00,8.00,0.00,30.30,M,6.21,M,OVC,M,M,M,3100.00,M,M,M,-RA,M,M,M,M,M,M,51.80,FAPE 292000Z 23008KT 9999 -RA OVC031 11/10 Q1026 NOSIG,M
FAPE,2026-06-29 23:00,48.20,44.60,87.28,270.00,3.00,0.00,30.27,M,6.21,M,M,M,M,M,M,M,M,M,M,M,M,M,M,M,M,47.21,FAPE 292300Z 27003KT CAVOK 09/07 Q1025 NOSIG,M
FAPE,2026-06-30 00:00,44.60,42.80,93.35,270.00,5.00,0.00,30.27,M,6.21,M,M,M,M,M,M,M,M,M,M,M,M,M,M,M,M,41.36,FAPE 300000Z 27005KT CAVOK 07/06 Q1025 NOSIG,M
FAPE,2026-06-30 03:00,46.40,42.80,87.18,280.00,4.00,0.00,30.24,M,6.21,M,FEW,M,M,M,3000.00,M,M,M,M,M,M,M,M,M,M,44.24,FAPE 300300Z 28004KT 9999 FEW030 08/06 Q1024 NOSIG,M
FAPE,2026-06-30 04:00,42.80,42.80,100.00,280.00,4.00,0.00,30.24,M,6.21,M,M,M,M,M,M,M,M,M,M,M,M,M,M,M,M,40.03,FAPE 300400Z 28004KT CAVOK 06/06 Q1024 NOSIG,M
FAPE,2026-06-30 04:19,46.40,44.60,93.40,290.00,4.00,0.00,30.24,M,6.21,M,M,M,M,M,M,M,M,M,M,M,M,M,M,M,M,44.24,FAPE 300419Z 29004KT CAVOK 08/07 Q1024 NOSIG,M
FAPE,2026-06-30 05:00,44.60,41.00,87.08,280.00,4.00,0.00,30.24,M,6.21,M,M,M,M,M,M,M,M,M,M,M,M,M,M,M,M,42.13,FAPE 300500Z 28004KT CAVOK 07/05 Q1024 NOSIG,M
FAPE,2026-06-30 06:00,44.60,42.80,93.35,290.00,2.00,0.00,30.24,M,6.21,M,M,M,M,M,M,M,M,M,M,M,M,M,M,M,M,44.60,FAPE 300600Z 29002KT CAVOK 07/06 Q1024 NOSIG,M
FAPE,2026-06-30 06:22,48.20,46.40,93.45,280.00,2.00,0.00,30.24,M,6.21,M,M,M,M,M,M,M,M,M,M,M,M,M,M,M,M,48.20,FAPE 300622Z 28002KT CAVOK 09/08 Q1024 NOSIG,M
FAPE,2026-06-30 06:41,51.80,48.20,87.47,0.00,0.00,0.00,30.24,M,6.21,M,M,M,M,M,M,M,M,M,M,M,M,M,M,M,M,51.80,FAPE 300641Z 00000KT CAVOK 11/09 Q1024 NOSIG,M
FAPE,2026-06-30 07:00,51.80,48.20,87.47,M,1.00,0.00,30.24,M,6.21,M,M,M,M,M,M,M,M,M,M,M,M,M,M,M,M,51.80,FAPE 300700Z VRB01KT CAVOK 11/09 Q1024 NOSIG,M
FAPE,2026-06-30 07:15,55.40,46.40,71.65,0.00,0.00,0.00,30.24,M,6.21,M,M,M,M,M,M,M,M,M,M,M,M,M,M,M,M,55.40,FAPE 300715Z 00000KT CAVOK 13/08 Q1024 NOSIG,M
FAPE,2026-06-30 08:00,57.20,46.40,67.13,340.00,4.00,0.00,30.24,M,6.21,M,M,M,M,M,M,M,M,M,M,M,M,M,M,M,M,57.20,FAPE 300800Z 34004KT 310V030 CAVOK 14/08 Q1024 NOSIG,M
FAPE,2026-06-30 09:00,57.20,46.40,67.13,20.00,6.00,0.00,30.21,M,6.21,M,M,M,M,M,M,M,M,M,M,M,M,M,M,M,M,57.20,FAPE 300900Z 02006KT CAVOK 14/08 Q1023 NOSIG,M
FAPE,2026-06-30 10:00,59.00,48.20,67.34,40.00,6.00,0.00,30.18,M,6.21,M,M,M,M,M,M,M,M,M,M,M,M,M,M,M,M,59.00,FAPE 301000Z 04006KT 020V080 CAVOK 15/09 Q1022 NOSIG,M
FAPE,2026-06-30 11:00,59.00,50.00,72.02,50.00,7.00,0.00,30.15,M,6.21,M,M,M,M,M,M,M,M,M,M,M,M,M,M,M,M,59.00,FAPE 301100Z 05007KT CAVOK 15/10 Q1021 NOSIG,M
FAPE,2026-06-30 12:00,59.00,51.80,76.99,80.00,5.00,0.00,30.12,M,6.21,M,M,M,M,M,M,M,M,M,M,M,M,M,M,M,M,59.00,FAPE 301200Z 08005KT 050V110 CAVOK 15/11 Q1020 NOSIG,M
FAPE,2026-06-30 13:00,60.80,51.80,72.21,70.00,7.00,0.00,30.12,M,6.21,M,M,M,M,M,M,M,M,M,M,M,M,M,M,M,M,60.80,FAPE 301300Z 07007KT CAVOK 16/11 Q1020 NOSIG,M
FAPE,2026-06-30 14:00,60.80,51.80,72.21,60.00,7.00,0.00,30.09,M,6.21,M,M,M,M,M,M,M,M,M,M,M,M,M,M,M,M,60.80,FAPE 301400Z 06007KT CAVOK 16/11 Q1019 NOSIG,M
FAPE,2026-06-30 15:00,60.80,51.80,72.21,60.00,5.00,0.00,30.09,M,6.21,M,M,M,M,M,M,M,M,M,M,M,M,M,M,M,M,60.80,FAPE 301500Z 06005KT CAVOK 16/11 Q1019 NOSIG,M
FAPE,2026-06-30 16:00,60.80,53.60,77.15,50.00,4.00,0.00,30.09,M,6.21,M,M,M,M,M,M,M,M,M,M,M,M,M,M,M,M,60.80,FAPE 301600Z 05004KT CAVOK 16/12 Q1019 NOSIG,M
FAPE,2026-06-30 17:00,60.80,55.40,82.38,50.00,5.00,0.00,30.09,M,6.21,M,M,M,M,M,M,M,M,M,M,M,M,M,M,M,M,60.80,FAPE 301700Z 05005KT CAVOK 16/13 Q1019 NOSIG,M
FAPE,2026-06-30 18:00,60.80,55.40,82.38,40.00,8.00,0.00,30.09,M,6.21,M,M,M,M,M,M,M,M,M,M,M,M,M,M,M,M,60.80,FAPE 301800Z 04008KT CAVOK 16/13 Q1019 NOSIG,M
FAPE,2026-06-30 19:00,59.00,55.40,87.84,350.00,3.00,0.00,30.09,M,6.21,M,M,M,M,M,M,M,M,M,M,M,M,M,M,M,M,59.00,FAPE 301900Z 35003KT CAVOK 15/13 Q1019 NOSIG,M
FAPE,2026-06-30 21:00,53.60,51.80,93.60,290.00,5.00,0.00,30.09,M,6.21,M,M,M,M,M,M,M,M,M,M,M,M,M,M,M,M,53.60,FAPE 302100Z 29005KT CAVOK 12/11 Q1019 NOSIG,M
FAPE,2026-06-30 22:00,51.80,50.00,93.55,280.00,4.00,0.00,30.09,M,6.21,M,M,M,M,M,M,M,M,M,M,M,M,M,M,M,M,51.80,FAPE 302200Z 28004KT CAVOK 11/10 Q1019 NOSIG,M
FAPE,2026-07-01 00:00,48.20,48.20,100.00,220.00,6.00,0.00,30.06,M,6.21,M,M,M,M,M,M,M,M,M,M,M,M,M,M,M,M,45.04,FAPE 010000Z 22006KT CAVOK 09/09 Q1018 NOSIG,M
FAPE,2026-07-01 02:00,50.00,48.20,93.50,230.00,6.00,0.00,30.03,M,6.21,M,M,M,M,M,M,M,M,M,M,M,M,M,M,M,M,50.00,FAPE 010200Z 23006KT CAVOK 10/09 Q1017 NOSIG,M
FAPE,2026-07-01 03:00,48.20,44.60,87.28,250.00,6.00,0.00,30.00,M,6.21,M,M,M,M,M,M,M,M,M,M,M,M,M,M,M,M,45.04,FAPE 010300Z 25006KT CAVOK 09/07 Q1016 NOSIG,M
FAPE,2026-07-01 04:00,50.00,46.40,87.37,230.00,5.00,0.00,30.00,M,6.21,M,M,M,M,M,M,M,M,M,M,M,M,M,M,M,M,50.00,FAPE 010400Z 23005KT CAVOK 10/08 Q1016 NOSIG,M
FAPE,2026-07-01 05:00,46.40,44.60,93.40,230.00,6.00,0.00,30.00,M,6.21,M,M,M,M,M,M,M,M,M,M,M,M,M,M,M,M,42.87,FAPE 010500Z 23006KT CAVOK 08/07 Q1016 NOSIG,M
FAPE,2026-07-01 05:27,50.00,46.40,87.37,250.00,5.00,0.00,30.00,M,6.21,M,M,M,M,M,M,M,M,M,M,M,M,M,M,M,M,50.00,FAPE 010527Z 25005KT CAVOK 10/08 Q1016 NOSIG,M
FAPE,2026-07-01 06:00,48.20,46.40,93.45,M,2.00,0.00,30.00,M,6.21,M,M,M,M,M,M,M,M,M,M,M,M,M,M,M,M,48.20,FAPE 010600Z VRB02KT CAVOK 09/08 Q1016 NOSIG,M
FAPE,2026-07-01 06:29,51.80,50.00,93.55,310.00,3.00,0.00,30.03,M,6.21,M,M,M,M,M,M,M,M,M,M,M,M,M,M,M,M,51.80,FAPE 010629Z 31003KT CAVOK 11/10 Q1017 NOSIG,M
FAPE,2026-07-01 07:00,53.60,50.00,87.56,280.00,4.00,0.00,30.03,M,6.21,M,M,M,M,M,M,M,M,M,M,M,M,M,M,M,M,53.60,FAPE 010700Z 28004KT CAVOK 12/10 Q1017 NOSIG,M
FAPE,2026-07-01 07:54,59.00,53.60,82.26,270.00,3.00,0.00,30.03,M,6.21,M,M,M,M,M,M,M,M,M,M,M,M,M,M,M,M,59.00,FAPE 010754Z 27003KT CAVOK 15/12 Q1017 NOSIG,M
FAPE,2026-07-01 08:00,59.00,53.60,82.26,270.00,3.00,0.00,30.03,M,6.21,M,M,M,M,M,M,M,M,M,M,M,M,M,M,M,M,59.00,FAPE 010800Z 27003KT CAVOK 15/12 Q1017 NOSIG,M
FAPE,2026-07-01 08:25,62.60,55.40,77.31,230.00,7.00,0.00,30.00,M,6.21,M,M,M,M,M,M,M,M,M,M,M,M,M,M,M,M,62.60,FAPE 010825Z 23007KT CAVOK 17/13 Q1016 NOSIG,M
FAPE,2026-07-01 09:00,60.80,53.60,77.15,220.00,9.00,0.00,29.97,M,6.21,M,M,M,M,M,M,M,M,M,M,M,M,M,M,M,M,60.80,FAPE 010900Z 22009KT CAVOK 16/12 Q1015 NOSIG,M
FAPE,2026-07-01 10:00,60.80,53.60,77.15,240.00,6.00,0.00,30.00,M,6.21,M,BKN,M,M,M,3000.00,M,M,M,M,M,M,M,M,M,M,60.80,COR FAPE 011000Z 24006KT 9999 BKN030 16/12 Q1016 NOSIG,M
FAPE,2026-07-01 11:00,62.60,53.60,72.40,230.00,6.00,0.00,29.97,M,6.21,M,SCT,BKN,M,M,3000.00,4500.00,M,M,M,M,M,M,M,M,M,62.60,FAPE 011100Z 23006KT 9999 SCT030 BKN045 17/12 Q1015 NOSIG,M
FAPE,2026-07-01 12:00,60.80,53.60,77.15,220.00,6.00,0.00,29.91,M,6.21,M,FEW,BKN,M,M,3500.00,4300.00,M,M,M,M,M,M,M,M,M,60.80,FAPE 011200Z 22006KT 190V250 9999 FEW035 BKN043 16/12 Q1013 NOSIG,M
FAPE,2026-07-01 13:00,60.80,55.40,82.38,220.00,8.00,0.00,29.91,M,6.21,M,SCT,BKN,M,M,3300.00,4500.00,M,M,M,M,M,M,M,M,M,60.80,FAPE 011300Z 22008KT 9999 SCT033 BKN045 16/13 Q1013 NOSIG,M
FAPE,2026-07-01 14:00,59.00,57.20,93.74,250.00,9.00,0.00,29.91,M,4.97,M,FEW,SCT,BKN,M,2300.00,3000.00,4800.00,M,-RA,M,M,M,M,M,M,59.00,FAPE 011400Z 25009KT 8000 -RA FEW023 SCT030 BKN048 15/14 Q1013 TEMPO 4500 SHRA BKN015,M
FAPE,2026-07-01 15:00,59.00,59.00,100.00,240.00,7.00,0.00,29.91,M,6.21,M,SCT,BKN,M,M,2700.00,4500.00,M,M,M,M,M,M,M,M,M,59.00,FAPE 011500Z 24007KT 9999 SCT027 BKN045 15/15 Q1013 NOSIG,M
FAPE,2026-07-01 16:00,59.00,59.00,100.00,200.00,5.00,0.00,29.91,M,6.21,M,FEW,BKN,BKN,M,500.00,3000.00,4500.00,M,M,M,M,M,M,M,M,59.00,FAPE 011600Z 20005KT 170V230 9999 FEW005 BKN030 BKN045 15/15 Q1013 TEMPO 4500 -RA BKN005,M
FAPE,2026-07-01 17:00,57.20,57.20,100.00,230.00,5.00,0.00,29.88,M,6.21,M,SCT,BKN,M,M,3200.00,4400.00,M,M,M,M,M,M,M,M,M,57.20,FAPE 011700Z 23005KT 9999 SCT032 BKN044 14/14 Q1012 NOSIG,M
FAPE,2026-07-01 18:00,57.20,57.20,100.00,240.00,7.00,0.00,29.91,M,6.21,M,BKN,M,M,M,3500.00,M,M,M,-RA,M,M,M,M,M,M,57.20,FAPE 011800Z 24007KT 9999 -RA BKN035 14/14 Q1013 NOSIG,M
FAPE,2026-07-01 19:00,57.20,57.20,100.00,250.00,10.00,0.00,29.91,M,5.59,M,FEW,BKN,M,M,900.00,3500.00,M,M,-RA,M,M,M,M,M,M,57.20,FAPE 011900Z 25010KT 9000 -RA FEW009 BKN035 14/14 Q1013 TEMPO -SHRA FEW045TCU,M
FAPE,2026-07-01 19:28,57.20,57.20,100.00,260.00,8.00,0.00,29.91,M,4.35,M,BKN,OVC,M,M,500.00,3400.00,M,M,-RA,M,M,M,M,M,M,57.20,FAPE 011928Z 26008KT 7000 -RA BKN005 OVC034 14/14 Q1013 TEMPO 5000,M
FAPE,2026-07-01 20:00,57.20,57.20,100.00,250.00,10.00,0.00,29.94,M,4.35,M,BKN,OVC,M,M,500.00,2800.00,M,M,-RA,M,M,M,M,M,M,57.20,FAPE 012000Z 25010KT 7000 -RA BKN005 OVC028 14/14 Q1014 TEMPO 5000,M
FAPE,2026-07-01 20:40,55.40,55.40,100.00,260.00,12.00,0.00,29.91,M,4.97,M,SCT,BKN,OVC,M,800.00,2800.00,4800.00,M,-RA,M,M,M,M,M,M,55.40,FAPE 012040Z 26012KT 8000 -RA SCT008 BKN028 OVC048 13/13 Q1013 NOSIG,M
FAPE,2026-07-01 21:00,57.20,57.20,100.00,250.00,8.00,0.00,29.94,M,4.97,M,SCT,OVC,M,M,800.00,4800.00,M,M,-RA,M,M,M,M,M,M,57.20,FAPE 012100Z 25008KT 8000 -RA SCT008 OVC048 14/14 Q1014 NOSIG,M
FAPE,2026-07-01 22:00,55.40,55.40,100.00,230.00,10.00,0.00,29.91,M,4.97,M,SCT,BKN,M,M,700.00,4800.00,M,M,-RA,M,M,M,M,M,M,55.40,FAPE 012200Z 23010KT 8000 -RA SCT007 BKN048 13/13 Q1013 NOSIG,M
FAPE,2026-07-01 23:00,55.40,55.40,100.00,250.00,16.00,0.00,29.91,M,6.21,M,FEW,SCT,M,M,600.00,2600.00,M,M,M,M,M,M,M,M,M,55.40,FAPE 012300Z 25016KT 9999 FEW006 SCT026 13/13 Q1013 NOSIG,M
FAPE,2026-07-01 23:57,55.40,53.60,93.65,250.00,19.00,0.00,29.91,M,4.97,M,BKN,OVC,M,M,800.00,3000.00,M,M,-RA,M,M,M,M,M,M,55.40,FAPE 012357Z 25019KT 8000 -RA BKN008 OVC030 13/12 Q1013 NOSIG,M
FAPE,2026-07-02 00:00,55.40,53.60,93.65,250.00,19.00,0.00,29.91,M,4.97,M,BKN,OVC,M,M,800.00,3000.00,M,M,-RA,M,M,M,M,M,M,55.40,FAPE 020000Z 25019KT 8000 -RA BKN008 OVC030 13/12 Q1013 NOSIG,M
FAPE,2026-07-02 00:28,55.40,53.60,93.65,260.00,16.00,0.00,29.91,M,6.21,M,SCT,BKN,M,M,1000.00,3000.00,M,M,M,M,M,M,M,M,M,55.40,FAPE 020028Z 26016KT 9999 SCT010 BKN030 13/12 Q1013 NOSIG,M
FAPE,2026-07-02 01:00,55.40,51.80,87.65,250.00,18.00,0.00,29.91,M,6.21,M,FEW,M,M,M,3200.00,M,M,M,-RA,M,M,M,M,M,M,55.40,FAPE 020100Z 25018KT 9999 -RA FEW032 13/11 Q1013 NOSIG,M
FAPE,2026-07-02 01:57,55.40,48.20,76.67,260.00,19.00,0.00,29.91,M,6.21,29.00,FEW,M,M,M,3500.00,M,M,M,M,M,M,M,M,M,M,55.40,FAPE 020157Z 26019G29KT 9999 FEW035 13/09 Q1013 NOSIG,M
FAPE,2026-07-02 02:00,55.40,48.20,76.67,260.00,19.00,0.00,29.91,M,6.21,29.00,FEW,M,M,M,3500.00,M,M,M,M,M,M,M,M,M,M,55.40,FAPE 020200Z 26019G29KT 9999 FEW035 13/09 Q1013 NOSIG,M
FAPE,2026-07-02 03:00,53.60,46.40,76.51,260.00,18.00,0.00,29.91,M,6.21,M,FEW,M,M,M,4000.00,M,M,M,M,M,M,M,M,M,M,53.60,FAPE 020300Z 26018KT 9999 FEW040 12/08 Q1013 NOSIG,M
FAPE,2026-07-02 03:03,53.60,46.40,76.51,260.00,16.00,0.00,29.91,M,6.21,26.00,FEW,M,M,M,4000.00,M,M,M,M,M,M,M,M,M,M,53.60,FAPE 020303Z 26016G26KT 9999 FEW040 12/08 Q1013 NOSIG,M
FAPE,2026-07-02 03:50,53.60,46.40,76.51,260.00,20.00,0.00,29.91,M,6.21,30.00,M,M,M,M,M,M,M,M,M,M,M,M,M,M,M,53.60,FAPE 020350Z 26020G30KT CAVOK 12/08 Q1013 NOSIG,M
FAPE,2026-07-02 04:00,53.60,46.40,76.51,260.00,20.00,0.00,29.91,M,6.21,30.00,M,M,M,M,M,M,M,M,M,M,M,M,M,M,M,53.60,FAPE 020400Z 26020G30KT CAVOK 12/08 Q1013 NOSIG,M
FAPE,2026-07-02 05:00,55.40,46.40,71.65,260.00,21.00,0.00,29.91,M,6.21,32.00,FEW,M,M,M,2500.00,M,M,M,M,M,M,M,M,M,M,55.40,FAPE 020500Z 26021G32KT 9999 FEW025 13/08 Q1013 NOSIG,M
FAPE,2026-07-02 06:00,55.40,46.40,71.65,250.00,25.00,0.00,29.94,M,6.21,37.00,FEW,M,M,M,2700.00,M,M,M,M,M,M,M,M,M,M,55.40,FAPE 020600Z 25025G37KT 9999 FEW027 13/08 Q1014 NOSIG,M
FAPE,2026-07-02 07:00,57.20,46.40,67.13,250.00,29.00,0.00,29.94,M,6.21,42.00,FEW,SCT,M,M,2700.00,4500.00,M,M,M,M,M,M,M,M,M,57.20,FAPE 020700Z 25029G42KT 9999 FEW027 SCT045 14/08 Q1014 NOSIG,M
FAPE,2026-07-02 08:00,57.20,48.20,71.84,260.00,21.00,0.00,30.00,M,6.21,31.00,FEW,M,M,M,2500.00,M,M,M,M,M,M,M,M,M,M,57.20,FAPE 020800Z 26021G31KT 9999 FEW025 14/09 Q1016 NOSIG,M
FAPE,2026-07-02 08:02,57.20,46.40,67.13,260.00,24.00,0.00,29.97,M,6.21,43.00,FEW,M,M,M,2500.00,M,M,M,M,M,M,M,M,M,M,57.20,FAPE 020802Z 26024G43KT 9999 FEW025 14/08 Q1015 NOSIG,M
FAPE,2026-07-02 09:00,59.00,46.40,62.93,260.00,29.00,0.00,30.00,M,6.21,39.00,FEW,M,M,M,3300.00,M,M,M,M,M,M,M,M,M,M,59.00,FAPE 020900Z 26029G39KT 9999 FEW033 15/08 Q1016 NOSIG,M
FAPE,2026-07-02 10:00,60.80,44.60,55.13,260.00,28.00,0.00,30.00,M,6.21,41.00,FEW,M,M,M,3300.00,M,M,M,M,M,M,M,M,M,M,60.80,FAPE 021000Z 26028G41KT 9999 FEW033 16/07 Q1016 NOSIG,M
FAPE,2026-07-02 11:00,60.80,42.80,51.46,260.00,29.00,0.00,30.00,M,6.21,39.00,FEW,M,M,M,3800.00,M,M,M,M,M,M,M,M,M,M,60.80,FAPE 021100Z 26029G39KT 9999 FEW038 16/06 Q1016 NOSIG,M
FAPE,2026-07-02 12:00,59.00,42.80,54.86,260.00,29.00,0.00,30.00,M,6.21,39.00,FEW,M,M,M,4900.00,M,M,M,M,M,M,M,M,M,M,59.00,FAPE 021200Z 26029G39KT 9999 FEW049 15/06 Q1016 NOSIG,M
FAPE,2026-07-02 13:00,60.80,42.80,51.46,260.00,28.00,0.00,30.00,M,6.21,38.00,FEW,M,M,M,4900.00,M,M,M,M,M,M,M,M,M,M,60.80,FAPE 021300Z 26028G38KT 9999 FEW049 16/06 Q1016 NOSIG,M
FAPE,2026-07-02 14:00,60.80,42.80,51.46,260.00,27.00,0.00,30.00,M,6.21,38.00,FEW,M,M,M,4300.00,M,M,M,M,M,M,M,M,M,M,60.80,FAPE 021400Z 26027G38KT 9999 FEW043 16/06 Q1016 NOSIG,M
FAPE,2026-07-02 15:00,59.00,42.80,54.86,260.00,20.00,0.00,30.03,M,6.21,M,SCT,M,M,M,4300.00,M,M,M,M,M,M,M,M,M,M,59.00,FAPE 021500Z 26020KT 9999 SCT043 15/06 Q1017 NOSIG,M
FAPE,2026-07-02 16:00,57.20,42.80,58.52,260.00,19.00,0.00,30.03,M,6.21,M,FEW,M,M,M,4800.00,M,M,M,M,M,M,M,M,M,M,57.20,FAPE 021600Z 26019KT 9999 FEW048 14/06 Q1017 NOSIG,M
FAPE,2026-07-02 16:01,59.00,42.80,54.86,270.00,24.00,0.00,30.03,M,6.21,34.00,M,M,M,M,M,M,M,M,M,M,M,M,M,M,M,59.00,FAPE 021601Z 27024G34KT CAVOK 15/06 Q1017 NOSIG,M
FAPE,2026-07-02 17:00,57.20,42.80,58.52,270.00,23.00,0.00,30.03,M,6.21,33.00,M,M,M,M,M,M,M,M,M,M,M,M,M,M,M,57.20,FAPE 021700Z 27023G33KT CAVOK 14/06 Q1017 NOSIG,M
FAPE,2026-07-02 18:00,57.20,41.00,54.60,270.00,19.00,0.00,30.06,M,6.21,M,M,M,M,M,M,M,M,M,M,M,M,M,M,M,M,57.20,FAPE 021800Z 27019KT CAVOK 14/05 Q1018 NOSIG,M
FAPE,2026-07-02 19:00,57.20,41.00,54.60,270.00,16.00,0.00,30.09,M,6.21,M,M,M,M,M,M,M,M,M,M,M,M,M,M,M,M,57.20,FAPE 021900Z 27016KT CAVOK 14/05 Q1019 NOSIG,M
FAPE,2026-07-02 20:00,55.40,41.00,58.27,290.00,11.00,0.00,30.12,M,6.21,M,M,M,M,M,M,M,M,M,M,M,M,M,M,M,M,55.40,FAPE 022000Z 29011KT CAVOK 13/05 Q1020 NOSIG,M
FAPE,2026-07-02 21:00,53.60,41.00,62.22,310.00,8.00,0.00,30.12,M,6.21,M,M,M,M,M,M,M,M,M,M,M,M,M,M,M,M,53.60,FAPE 022100Z 31008KT CAVOK 12/05 Q1020 NOSIG,M
FAPE,2026-07-02 22:00,55.40,41.00,58.27,300.00,10.00,0.00,30.15,M,6.21,M,M,M,M,M,M,M,M,M,M,M,M,M,M,M,M,55.40,FAPE 022200Z 30010KT CAVOK 13/05 Q1021 NOSIG,M
FAPE,2026-07-02 23:00,53.60,39.20,58.02,290.00,10.00,0.00,30.15,M,6.21,M,M,M,M,M,M,M,M,M,M,M,M,M,M,M,M,53.60,FAPE 022300Z 29010KT CAVOK 12/04 Q1021 NOSIG,M
FAPE,2026-07-03 00:00,53.60,37.40,54.07,290.00,9.00,0.00,30.18,M,6.21,M,M,M,M,M,M,M,M,M,M,M,M,M,M,M,M,53.60,FAPE 030000Z 29009KT CAVOK 12/03 Q1022 NOSIG,M
FAPE,2026-07-03 01:00,51.80,37.40,57.76,270.00,10.00,0.00,30.15,M,6.21,M,M,M,M,M,M,M,M,M,M,M,M,M,M,M,M,51.80,FAPE 030100Z 27010KT CAVOK 11/03 Q1021 NOSIG,M
FAPE,2026-07-03 02:00,51.80,37.40,57.76,270.00,7.00,0.00,30.18,M,6.21,M,M,M,M,M,M,M,M,M,M,M,M,M,M,M,M,51.80,FAPE 030200Z 27007KT CAVOK 11/03 Q1022 NOSIG,M
FAPE,2026-07-03 03:00,50.00,37.40,61.75,300.00,4.00,0.00,30.18,M,6.21,M,M,M,M,M,M,M,M,M,M,M,M,M,M,M,M,50.00,FAPE 030300Z 30004KT CAVOK 10/03 Q1022 NOSIG,M
FAPE,2026-07-03 04:00,48.20,37.40,66.04,330.00,3.00,0.00,30.18,M,6.21,M,M,M,M,M,M,M,M,M,M,M,M,M,M,M,M,47.21,FAPE 030400Z 33003KT 270V020 CAVOK 09/03 Q1022 NOSIG,M
FAPE,2026-07-03 05:00,46.40,37.40,70.67,340.00,3.00,0.00,30.18,M,6.21,M,M,M,M,M,M,M,M,M,M,M,M,M,M,M,M,45.15,FAPE 030500Z 34003KT CAVOK 08/03 Q1022 NOSIG,M
FAPE,2026-07-03 05:46,50.00,41.00,71.06,340.00,7.00,0.00,30.18,M,6.21,M,M,M,M,M,M,M,M,M,M,M,M,M,M,M,M,50.00,FAPE 030546Z 34007KT CAVOK 10/05 Q1022 NOSIG,M
FAPE,2026-07-03 06:00,50.00,41.00,71.06,340.00,6.00,0.00,30.18,M,6.21,M,M,M,M,M,M,M,M,M,M,M,M,M,M,M,M,50.00,FAPE 030600Z 34006KT CAVOK 10/05 Q1022 NOSIG,M
FAPE,2026-07-03 06:33,55.40,41.00,58.27,M,2.00,0.00,30.18,M,6.21,M,M,M,M,M,M,M,M,M,M,M,M,M,M,M,M,55.40,FAPE 030633Z VRB02KT CAVOK 13/05 Q1022 NOSIG,M
FAPE,2026-07-03 07:00,55.40,41.00,58.27,330.00,4.00,0.00,30.18,M,6.21,M,M,M,M,M,M,M,M,M,M,M,M,M,M,M,M,55.40,FAPE 030700Z 33004KT CAVOK 13/05 Q1022 NOSIG,M
FAPE,2026-07-03 07:42,60.80,41.00,48.01,320.00,4.00,0.00,30.21,M,6.21,M,M,M,M,M,M,M,M,M,M,M,M,M,M,M,M,60.80,FAPE 030742Z 32004KT 290V350 CAVOK 16/05 Q1023 NOSIG,M
FAPE,2026-07-03 08:00,60.80,42.80,51.46,310.00,5.00,0.00,30.21,M,6.21,M,M,M,M,M,M,M,M,M,M,M,M,M,M,M,M,60.80,FAPE 030800Z 31005KT 280V350 CAVOK 16/06 Q1023 NOSIG,M
FAPE,2026-07-03 09:00,64.40,44.60,48.57,310.00,4.00,0.00,30.21,M,6.21,M,M,M,M,M,M,M,M,M,M,M,M,M,M,M,M,64.40,FAPE 030900Z 31004KT 250V330 CAVOK 18/07 Q1023 NOSIG,M
FAPE,2026-07-03 09:28,68.00,42.80,40.02,280.00,6.00,0.00,30.21,M,6.21,M,M,M,M,M,M,M,M,M,M,M,M,M,M,M,M,68.00,FAPE 030928Z 28006KT 250V320 CAVOK 20/06 Q1023 NOSIG,M
FAPE,2026-07-03 10:00,68.00,44.60,42.87,270.00,5.00,0.00,30.18,M,6.21,M,M,M,M,M,M,M,M,M,M,M,M,M,M,M,M,68.00,FAPE 031000Z 27005KT 220V310 CAVOK 20/07 Q1022 NOSIG,M
FAPE,2026-07-03 11:00,68.00,44.60,42.87,230.00,7.00,0.00,30.18,M,6.21,M,M,M,M,M,M,M,M,M,M,M,M,M,M,M,M,68.00,FAPE 031100Z 23007KT CAVOK 20/07 Q1022 NOSIG,M
FAPE,2026-07-03 12:00,66.20,44.60,45.62,240.00,4.00,0.00,30.15,M,6.21,M,M,M,M,M,M,M,M,M,M,M,M,M,M,M,M,66.20,FAPE 031200Z 24004KT 130V300 CAVOK 19/07 Q1021 NOSIG,M
FAPE,2026-07-03 14:00,64.40,48.20,55.65,30.00,4.00,0.00,30.15,M,6.21,M,M,M,M,M,M,M,M,M,M,M,M,M,M,M,M,64.40,FAPE 031400Z 03004KT 010V070 CAVOK 18/09 Q1021 NOSIG,M
FAPE,2026-07-03 15:00,60.80,50.00,67.55,180.00,5.00,0.00,30.15,M,6.21,M,M,M,M,M,M,M,M,M,M,M,M,M,M,M,M,60.80,FAPE 031500Z 18005KT CAVOK 16/10 Q1021 NOSIG,M
FAPE,2026-07-03 16:00,59.00,51.80,76.99,240.00,3.00,0.00,30.15,M,6.21,M,M,M,M,M,M,M,M,M,M,M,M,M,M,M,M,59.00,FAPE 031600Z 24003KT CAVOK 15/11 Q1021 NOSIG,M
FAPE,2026-07-03 17:00,55.40,50.00,82.00,260.00,3.00,0.00,30.15,M,6.21,M,M,M,M,M,M,M,M,M,M,M,M,M,M,M,M,55.40,FAPE 031700Z 26003KT CAVOK 13/10 Q1021 NOSIG,M
FAPE,2026-07-03 18:00,53.60,48.20,81.87,290.00,3.00,0.00,30.15,M,6.21,M,M,M,M,M,M,M,M,M,M,M,M,M,M,M,M,53.60,FAPE 031800Z 29003KT CAVOK 12/09 Q1021 NOSIG,M
FAPE,2026-07-03 19:00,51.80,44.60,76.34,270.00,3.00,0.00,30.15,M,6.21,M,M,M,M,M,M,M,M,M,M,M,M,M,M,M,M,51.80,FAPE 031900Z 27003KT CAVOK 11/07 Q1021 NOSIG,M
FAPE,2026-07-03 20:00,51.80,44.60,76.34,240.00,5.00,0.00,30.15,M,6.21,M,M,M,M,M,M,M,M,M,M,M,M,M,M,M,M,51.80,FAPE 032000Z 24005KT CAVOK 11/07 Q1021 NOSIG,M
FAPE,2026-07-03 21:00,50.00,44.60,81.60,260.00,3.00,0.00,30.15,M,6.21,M,M,M,M,M,M,M,M,M,M,M,M,M,M,M,M,50.00,FAPE 032100Z 26003KT CAVOK 10/07 Q1021 NOSIG,M
FAPE,2026-07-03 22:00,48.20,42.80,81.47,280.00,4.00,0.00,30.15,M,6.21,M,M,M,M,M,M,M,M,M,M,M,M,M,M,M,M,46.34,FAPE 032200Z 28004KT CAVOK 09/06 Q1021 NOSIG,M
FAPE,2026-07-03 23:00,44.60,41.00,87.08,260.00,4.00,0.00,30.15,M,6.21,M,M,M,M,M,M,M,M,M,M,M,M,M,M,M,M,42.13,FAPE 032300Z 26004KT CAVOK 07/05 Q1021 NOSIG,M
FAPE,2026-07-04 00:00,46.40,42.80,87.18,270.00,4.00,0.00,30.15,M,6.21,M,M,M,M,M,M,M,M,M,M,M,M,M,M,M,M,44.24,FAPE 040000Z 27004KT CAVOK 08/06 Q1021 NOSIG,M
FAPE,2026-07-04 01:00,46.40,41.00,81.33,310.00,2.00,0.00,30.15,M,6.21,M,M,M,M,M,M,M,M,M,M,M,M,M,M,M,M,46.40,FAPE 040100Z 31002KT CAVOK 08/05 Q1021 NOSIG,M
FAPE,2026-07-04 02:00,42.80,39.20,86.99,280.00,6.00,0.00,30.15,M,6.21,M,M,M,M,M,M,M,M,M,M,M,M,M,M,M,M,38.54,FAPE 040200Z 28006KT CAVOK 06/04 Q1021 NOSIG,M
FAPE,2026-07-04 03:00,42.80,42.80,100.00,270.00,6.00,0.00,30.15,M,6.21,M,M,M,M,M,M,M,M,M,M,M,M,M,M,M,M,38.54,FAPE 040300Z 27006KT CAVOK 06/06 Q1021 NOSIG,M
FAPE,2026-07-04 05:46,48.20,41.00,76.01,290.00,5.00,0.00,30.18,M,6.21,M,M,M,M,M,M,M,M,M,M,M,M,M,M,M,M,45.63,FAPE 040546Z 29005KT CAVOK 09/05 Q1022 NOSIG,M
FAPE,2026-07-04 06:00,48.20,41.00,76.01,300.00,5.00,0.00,30.18,M,6.21,M,M,M,M,M,M,M,M,M,M,M,M,M,M,M,M,45.63,FAPE 040600Z 30005KT CAVOK 09/05 Q1022 NOSIG,M
FAPE,2026-07-04 06:25,51.80,42.80,71.26,300.00,4.00,0.00,30.18,M,6.21,M,M,M,M,M,M,M,M,M,M,M,M,M,M,M,M,51.80,FAPE 040625Z 30004KT CAVOK 11/06 Q1022 NOSIG,M
FAPE,2026-07-04 06:55,55.40,42.80,62.46,290.00,3.00,0.00,30.18,M,6.21,M,M,M,M,M,M,M,M,M,M,M,M,M,M,M,M,55.40,FAPE 040655Z 29003KT CAVOK 13/06 Q1022 NOSIG,M
FAPE,2026-07-04 07:00,55.40,42.80,62.46,290.00,3.00,0.00,30.18,M,6.21,M,M,M,M,M,M,M,M,M,M,M,M,M,M,M,M,55.40,FAPE 040700Z 29003KT CAVOK 13/06 Q1022 NOSIG,M
FAPE,2026-07-04 08:00,60.80,41.00,48.01,300.00,4.00,0.00,30.21,M,6.21,M,M,M,M,M,M,M,M,M,M,M,M,M,M,M,M,60.80,FAPE 040800Z 30004KT CAVOK 16/05 Q1023 NOSIG,M
FAPE,2026-07-04 08:25,64.40,42.80,45.34,300.00,5.00,0.00,30.21,M,6.21,M,M,M,M,M,M,M,M,M,M,M,M,M,M,M,M,64.40,FAPE 040825Z 30005KT CAVOK 18/06 Q1023 NOSIG,M
FAPE,2026-07-04 09:00,66.20,41.00,39.73,300.00,6.00,0.00,30.21,M,6.21,M,M,M,M,M,M,M,M,M,M,M,M,M,M,M,M,66.20,FAPE 040900Z 30006KT 260V320 CAVOK 19/05 Q1023 NOSIG,M
FAPE,2026-07-04 10:00,66.20,39.20,37.04,290.00,5.00,0.00,30.21,M,6.21,M,M,M,M,M,M,M,M,M,M,M,M,M,M,M,M,66.20,FAPE 041000Z 29005KT 260V320 CAVOK 19/04 Q1023 NOSIG,M
FAPE,2026-07-04 11:00,66.20,39.20,37.04,240.00,6.00,0.00,30.18,M,6.21,M,M,M,M,M,M,M,M,M,M,M,M,M,M,M,M,66.20,FAPE 041100Z 24006KT CAVOK 19/04 Q1022 NOSIG,M
FAPE,2026-07-04 12:00,68.00,37.40,32.44,270.00,6.00,0.00,30.15,M,6.21,M,M,M,M,M,M,M,M,M,M,M,M,M,M,M,M,68.00,FAPE 041200Z 27006KT 210V310 CAVOK 20/03 Q1021 NOSIG,M
FAPE,2026-07-04 13:00,66.20,41.00,39.73,210.00,8.00,0.00,30.15,M,6.21,M,M,M,M,M,M,M,M,M,M,M,M,M,M,M,M,66.20,FAPE 041300Z 21008KT CAVOK 19/05 Q1021 NOSIG,M
FAPE,2026-07-04 14:00,64.40,41.00,42.30,190.00,6.00,0.00,30.15,M,6.21,M,M,M,M,M,M,M,M,M,M,M,M,M,M,M,M,64.40,FAPE 041400Z 19006KT CAVOK 18/05 Q1021 NOSIG,M
FAPE,2026-07-04 15:00,62.60,46.40,55.39,180.00,3.00,0.00,30.18,M,6.21,M,M,M,M,M,M,M,M,M,M,M,M,M,M,M,M,62.60,FAPE 041500Z 18003KT CAVOK 17/08 Q1022 NOSIG,M
FAPE,2026-07-04 16:00,53.60,44.60,71.45,210.00,2.00,0.00,30.18,M,6.21,M,M,M,M,M,M,M,M,M,M,M,M,M,M,M,M,53.60,FAPE 041600Z 21002KT CAVOK 12/07 Q1022 NOSIG,M
FAPE,2026-07-04 17:00,50.00,46.40,87.37,250.00,5.00,0.00,30.18,M,4.97,M,NSC,M,M,M,M,M,M,M,M,M,M,M,M,M,M,50.00,FAPE 041700Z 25005KT 8000 NSC 10/08 Q1022 NOSIG,M
FAPE,2026-07-04 18:00,48.20,46.40,93.45,280.00,3.00,0.00,30.18,M,4.97,M,NSC,M,M,M,M,M,M,M,M,M,M,M,M,M,M,47.21,FAPE 041800Z 28003KT 8000 NSC 09/08 Q1022 NOSIG,M
FAPE,2026-07-04 18:04,51.80,46.40,81.74,M,2.00,0.00,30.18,M,5.59,M,NSC,M,M,M,M,M,M,M,M,M,M,M,M,M,M,51.80,FAPE 041804Z VRB02KT 9000 NSC 11/08 Q1022 NOSIG,M
FAPE,2026-07-04 19:00,48.20,44.60,87.28,270.00,4.00,0.00,30.18,M,5.59,M,NSC,M,M,M,M,M,M,M,M,M,M,M,M,M,M,46.34,FAPE 041900Z 27004KT 9000 NSC 09/07 Q1022 NOSIG,M
FAPE,2026-07-04 23:00,44.60,41.00,87.08,290.00,5.00,0.00,30.18,M,6.21,M,M,M,M,M,M,M,M,M,M,M,M,M,M,M,M,41.36,FAPE 042300Z 29005KT CAVOK 07/05 Q1022,M
FAPE,2026-07-05 00:00,46.40,42.80,87.18,290.00,4.00,0.00,30.15,M,6.21,M,M,M,M,M,M,M,M,M,M,M,M,M,M,M,M,44.24,FAPE 050000Z 29004KT CAVOK 08/06 Q1021,M
FAPE,2026-07-05 01:00,46.40,41.00,81.33,320.00,4.00,0.00,30.15,M,6.21,M,M,M,M,M,M,M,M,M,M,M,M,M,M,M,M,44.24,FAPE 050100Z 32004KT CAVOK 08/05 Q1021,M
FAPE,2026-07-05 03:00,42.80,39.20,86.99,290.00,1.00,0.00,30.15,M,6.21,M,M,M,M,M,M,M,M,M,M,M,M,M,M,M,M,42.80,FAPE 050300Z 29001KT CAVOK 06/04 Q1021 NOSIG,M
FAPE,2026-07-05 04:00,42.80,41.00,93.29,280.00,2.00,0.00,30.15,M,6.21,M,M,M,M,M,M,M,M,M,M,M,M,M,M,M,M,42.80,FAPE 050400Z 28002KT CAVOK 06/05 Q1021 NOSIG,M
FAPE,2026-07-05 05:00,42.80,37.40,81.06,310.00,2.00,0.00,30.15,M,6.21,M,M,M,M,M,M,M,M,M,M,M,M,M,M,M,M,42.80,FAPE 050500Z 31002KT CAVOK 06/03 Q1021 NOSIG,M
FAPE,2026-07-05 05:31,42.80,37.40,81.06,M,2.00,0.00,30.15,M,6.21,M,M,M,M,M,M,M,M,M,M,M,M,M,M,M,M,42.80,FAPE 050531Z VRB02KT CAVOK 06/03 Q1021 NOSIG,M
FAPE,2026-07-05 06:00,44.60,37.40,75.67,M,3.00,0.00,30.15,M,6.21,M,M,M,M,M,M,M,M,M,M,M,M,M,M,M,M,43.09,FAPE 050600Z VRB03KT CAVOK 07/03 Q1021 NOSIG,M
FAPE,2026-07-05 06:25,48.20,41.00,76.01,20.00,5.00,0.00,30.15,M,6.21,M,M,M,M,M,M,M,M,M,M,M,M,M,M,M,M,45.63,FAPE 050625Z 02005KT CAVOK 09/05 Q1021 NOSIG,M
FAPE,2026-07-05 06:38,51.80,41.00,66.48,340.00,4.00,0.00,30.15,M,6.21,M,M,M,M,M,M,M,M,M,M,M,M,M,M,M,M,51.80,FAPE 050638Z 34004KT CAVOK 11/05 Q1021 NOSIG,M
FAPE,2026-07-05 07:00,53.60,42.80,66.70,350.00,3.00,0.00,30.15,M,6.21,M,M,M,M,M,M,M,M,M,M,M,M,M,M,M,M,53.60,FAPE 050700Z 35003KT 300V010 CAVOK 12/06 Q1021 NOSIG,M
FAPE,2026-07-05 07:16,57.20,41.00,54.60,330.00,3.00,0.00,30.15,M,6.21,M,M,M,M,M,M,M,M,M,M,M,M,M,M,M,M,57.20,FAPE 050716Z 33003KT 290V010 CAVOK 14/05 Q1021 NOSIG,M
FAPE,2026-07-05 07:52,60.80,37.40,41.71,M,2.00,0.00,30.15,M,6.21,M,M,M,M,M,M,M,M,M,M,M,M,M,M,M,M,60.80,FAPE 050752Z VRB02KT CAVOK 16/03 Q1021 NOSIG,M
FAPE,2026-07-05 08:00,60.80,37.40,41.71,M,2.00,0.00,30.15,M,6.21,M,M,M,M,M,M,M,M,M,M,M,M,M,M,M,M,60.80,FAPE 050800Z VRB02KT CAVOK 16/03 Q1021 NOSIG,M
FAPE,2026-07-05 09:00,64.40,39.20,39.44,330.00,7.00,0.00,30.15,M,6.21,M,M,M,M,M,M,M,M,M,M,M,M,M,M,M,M,64.40,FAPE 050900Z 33007KT CAVOK 18/04 Q1021 NOSIG,M
FAPE,2026-07-05 09:57,69.80,44.60,40.31,360.00,7.00,0.00,30.12,M,6.21,M,M,M,M,M,M,M,M,M,M,M,M,M,M,M,M,69.80,FAPE 050957Z 36007KT CAVOK 21/07 Q1020 NOSIG,M
FAPE,2026-07-05 10:00,69.80,42.80,37.63,360.00,7.00,0.00,30.12,M,6.21,M,M,M,M,M,M,M,M,M,M,M,M,M,M,M,M,69.80,FAPE 051000Z 36007KT CAVOK 21/06 Q1020 NOSIG,M
FAPE,2026-07-05 11:00,71.60,42.80,35.40,350.00,5.00,0.00,30.12,M,6.21,M,M,M,M,M,M,M,M,M,M,M,M,M,M,M,M,71.60,FAPE 051100Z 35005KT 310V040 CAVOK 22/06 Q1020 NOSIG,M
FAPE,2026-07-05 12:00,75.20,37.40,25.43,340.00,6.00,0.00,30.09,M,6.21,M,M,M,M,M,M,M,M,M,M,M,M,M,M,M,M,75.20,FAPE 051200Z 34006KT CAVOK 24/03 Q1019 NOSIG,M
FAPE,2026-07-05 13:00,75.20,41.00,29.26,M,2.00,0.00,30.09,M,6.21,M,M,M,M,M,M,M,M,M,M,M,M,M,M,M,M,75.20,FAPE 051300Z VRB02KT CAVOK 24/05 Q1019 NOSIG,M
FAPE,2026-07-05 14:00,73.40,42.80,33.31,80.00,3.00,0.00,30.09,M,6.21,M,M,M,M,M,M,M,M,M,M,M,M,M,M,M,M,73.40,FAPE 051400Z 08003KT 030V120 CAVOK 23/06 Q1019 NOSIG,M
FAPE,2026-07-05 15:00,68.00,44.60,42.87,170.00,4.00,0.00,30.09,M,6.21,M,M,M,M,M,M,M,M,M,M,M,M,M,M,M,M,68.00,FAPE 051500Z 17004KT CAVOK 20/07 Q1019 NOSIG,M
FAPE,2026-07-05 16:00,57.20,44.60,62.70,240.00,3.00,0.00,30.09,M,6.21,M,M,M,M,M,M,M,M,M,M,M,M,M,M,M,M,57.20,FAPE 051600Z 24003KT CAVOK 14/07 Q1019 NOSIG,M
FAPE,2026-07-05 17:00,55.40,42.80,62.46,260.00,4.00,0.00,30.12,M,6.21,M,M,M,M,M,M,M,M,M,M,M,M,M,M,M,M,55.40,FAPE 051700Z 26004KT CAVOK 13/06 Q1020 NOSIG,M
FAPE,2026-07-05 18:00,51.80,42.80,71.26,290.00,3.00,0.00,30.12,M,6.21,M,M,M,M,M,M,M,M,M,M,M,M,M,M,M,M,51.80,FAPE 051800Z 29003KT 250V310 CAVOK 11/06 Q1020 NOSIG,M
FAPE,2026-07-05 19:00,48.20,42.80,81.47,270.00,4.00,0.00,30.15,M,6.21,M,M,M,M,M,M,M,M,M,M,M,M,M,M,M,M,46.34,FAPE 051900Z 27004KT CAVOK 09/06 Q1021 NOSIG,M
FAPE,2026-07-05 19:16,51.80,44.60,76.34,310.00,3.00,0.00,30.15,M,6.21,M,M,M,M,M,M,M,M,M,M,M,M,M,M,M,M,51.80,FAPE 051916Z 31003KT 280V350 CAVOK 11/07 Q1021 NOSIG,M
FAPE,2026-07-05 20:00,48.20,42.80,81.47,270.00,4.00,0.00,30.15,M,6.21,M,M,M,M,M,M,M,M,M,M,M,M,M,M,M,M,46.34,FAPE 052000Z 27004KT CAVOK 09/06 Q1021 NOSIG,M
FAPE,2026-07-05 21:00,48.20,41.00,76.01,280.00,5.00,0.00,30.15,M,6.21,M,M,M,M,M,M,M,M,M,M,M,M,M,M,M,M,45.63,FAPE 052100Z 28005KT CAVOK 09/05 Q1021 NOSIG,M
FAPE,2026-07-05 22:00,46.40,41.00,81.33,290.00,4.00,0.00,30.12,M,6.21,M,M,M,M,M,M,M,M,M,M,M,M,M,M,M,M,44.24,FAPE 052200Z 29004KT CAVOK 08/05 Q1020 NOSIG,M
FAPE,2026-07-05 23:00,46.40,41.00,81.33,310.00,3.00,0.00,30.12,M,6.21,M,M,M,M,M,M,M,M,M,M,M,M,M,M,M,M,45.15,FAPE 052300Z 31003KT CAVOK 08/05 Q1020 NOSIG,M
FAPE,2026-07-06 00:00,48.20,41.00,76.01,M,2.00,0.00,30.12,M,6.21,M,M,M,M,M,M,M,M,M,M,M,M,M,M,M,M,48.20,FAPE 060000Z VRB02KT CAVOK 09/05 Q1020 NOSIG,M
FAPE,2026-07-06 02:00,48.20,39.20,70.87,270.00,4.00,0.00,30.12,M,6.21,M,M,M,M,M,M,M,M,M,M,M,M,M,M,M,M,46.34,FAPE 060200Z 27004KT CAVOK 09/04 Q1020 NOSIG,M
FAPE,2026-07-06 02:40,46.40,39.20,75.84,260.00,4.00,0.00,30.15,M,6.21,M,M,M,M,M,M,M,M,M,M,M,M,M,M,M,M,44.24,FAPE 060240Z 26004KT CAVOK 08/04 Q1021 NOSIG,M
FAPE,2026-07-06 03:00,46.40,39.20,75.84,M,2.00,0.00,30.15,M,6.21,M,M,M,M,M,M,M,M,M,M,M,M,M,M,M,M,46.40,FAPE 060300Z VRB02KT CAVOK 08/04 Q1021 NOSIG,M
FAPE,2026-07-06 03:41,48.20,39.20,70.87,M,2.00,0.00,30.15,M,6.21,M,M,M,M,M,M,M,M,M,M,M,M,M,M,M,M,48.20,FAPE 060341Z VRB02KT CAVOK 09/04 Q1021 NOSIG,M
FAPE,2026-07-06 04:00,42.80,37.40,81.06,290.00,3.00,0.00,30.15,M,6.21,M,M,M,M,M,M,M,M,M,M,M,M,M,M,M,M,41.03,FAPE 060400Z 29003KT CAVOK 06/03 Q1021 NOSIG,M
FAPE,2026-07-06 04:57,46.40,39.20,75.84,280.00,3.00,0.00,30.18,M,6.21,M,M,M,M,M,M,M,M,M,M,M,M,M,M,M,M,45.15,FAPE 060457Z 28003KT CAVOK 08/04 Q1022 NOSIG,M
FAPE,2026-07-06 05:00,46.40,39.20,75.84,280.00,3.00,0.00,30.18,M,6.21,M,M,M,M,M,M,M,M,M,M,M,M,M,M,M,M,45.15,FAPE 060500Z 28003KT CAVOK 08/04 Q1022 NOSIG,M
FAPE,2026-07-06 06:00,44.60,39.20,81.20,270.00,6.00,0.00,30.18,M,6.21,M,M,M,M,M,M,M,M,M,M,M,M,M,M,M,M,40.71,FAPE 060600Z 27006KT CAVOK 07/04 Q1022 NOSIG,M
FAPE,2026-07-06 06:18,48.20,42.80,81.47,280.00,5.00,0.00,30.21,M,6.21,M,M,M,M,M,M,M,M,M,M,M,M,M,M,M,M,45.63,FAPE 060618Z 28005KT CAVOK 09/06 Q1023 NOSIG,M
FAPE,2026-07-06 06:25,51.80,44.60,76.34,280.00,5.00,0.00,30.21,M,6.21,M,M,M,M,M,M,M,M,M,M,M,M,M,M,M,M,51.80,FAPE 060625Z 28005KT CAVOK 11/07 Q1023 NOSIG,M
FAPE,2026-07-06 06:54,55.40,46.40,71.65,270.00,3.00,0.00,30.21,M,6.21,M,M,M,M,M,M,M,M,M,M,M,M,M,M,M,M,55.40,FAPE 060654Z 27003KT 220V330 CAVOK 13/08 Q1023 NOSIG,M
FAPE,2026-07-06 07:00,55.40,46.40,71.65,270.00,3.00,0.00,30.21,M,6.21,M,M,M,M,M,M,M,M,M,M,M,M,M,M,M,M,55.40,FAPE 060700Z 27003KT 220V330 CAVOK 13/08 Q1023 NOSIG,M
FAPE,2026-07-06 07:10,60.80,50.00,67.55,M,2.00,0.00,30.21,M,6.21,M,M,M,M,M,M,M,M,M,M,M,M,M,M,M,M,60.80,FAPE 060710Z VRB02KT CAVOK 16/10 Q1023 NOSIG,M
FAPE,2026-07-06 07:54,64.40,55.40,72.58,250.00,5.00,0.00,30.21,M,6.21,M,M,M,M,M,M,M,M,M,M,M,M,M,M,M,M,64.40,FAPE 060754Z 25005KT CAVOK 18/13 Q1023 NOSIG,M
FAPE,2026-07-06 08:00,64.40,55.40,72.58,250.00,5.00,0.00,30.21,M,6.21,M,M,M,M,M,M,M,M,M,M,M,M,M,M,M,M,64.40,FAPE 060800Z 25005KT CAVOK 18/13 Q1023 NOSIG,M
FAPE,2026-07-06 09:00,66.20,53.60,63.85,240.00,8.00,0.00,30.21,M,6.21,M,M,M,M,M,M,M,M,M,M,M,M,M,M,M,M,66.20,FAPE 060900Z 24008KT CAVOK 19/12 Q1023 NOSIG,M
FAPE,2026-07-06 10:00,69.80,53.60,56.42,230.00,8.00,0.00,30.21,M,6.21,M,M,M,M,M,M,M,M,M,M,M,M,M,M,M,M,69.80,FAPE 061000Z 23008KT CAVOK 21/12 Q1023 NOSIG,M
FAPE,2026-07-06 11:00,69.80,53.60,56.42,220.00,6.00,0.00,30.18,M,6.21,M,M,M,M,M,M,M,M,M,M,M,M,M,M,M,M,69.80,FAPE 061100Z 22006KT 190V250 CAVOK 21/12 Q1022 NOSIG,M
FAPE,2026-07-06 12:00,68.00,55.40,64.07,70.00,4.00,0.00,30.18,M,6.21,M,M,M,M,M,M,M,M,M,M,M,M,M,M,M,M,68.00,FAPE 061200Z 07004KT 030V100 CAVOK 20/13 Q1022 NOSIG,M
FAPE,2026-07-06 13:00,66.20,55.40,68.18,40.00,4.00,0.00,30.15,M,6.21,M,M,M,M,M,M,M,M,M,M,M,M,M,M,M,M,66.20,FAPE 061300Z 04004KT 360V070 CAVOK 19/13 Q1021 NOSIG,M
FAPE,2026-07-06 15:00,62.60,57.20,82.51,40.00,5.00,0.00,30.15,M,6.21,M,M,M,M,M,M,M,M,M,M,M,M,M,M,M,M,62.60,FAPE 061500Z 04005KT CAVOK 17/14 Q1021 NOSIG,M
FAPE,2026-07-06 16:00,59.00,55.40,87.84,40.00,2.00,0.00,30.15,M,6.21,M,M,M,M,M,M,M,M,M,M,M,M,M,M,M,M,59.00,FAPE 061600Z 04002KT CAVOK 15/13 Q1021 NOSIG,M
FAPE,2026-07-06 18:00,55.40,55.40,100.00,280.00,4.00,0.00,30.18,M,6.21,M,M,M,M,M,M,M,M,M,M,M,M,M,M,M,M,55.40,FAPE 061800Z 28004KT CAVOK 13/13 Q1022 NOSIG,M
FAPE,2026-07-06 18:41,55.40,55.40,100.00,270.00,3.00,0.00,30.18,M,2.61,M,NSC,M,M,M,M,M,M,M,BCFG,M,M,M,M,M,M,55.40,FAPE 061841Z 27003KT 4200 BCFG NSC 13/13 Q1022 NOSIG,M
FAPE,2026-07-06 19:00,53.60,53.60,100.00,300.00,3.00,0.00,30.18,M,2.05,M,NSC,M,M,M,M,M,M,M,BCFG,M,M,M,M,M,M,53.60,FAPE 061900Z 30003KT 3300 BCFG NSC 12/12 Q1022 NOSIG,M
FAPE,2026-07-06 19:18,53.60,53.60,100.00,280.00,4.00,0.00,30.18,M,4.97,M,NSC,M,M,M,M,M,M,M,M,M,M,M,M,M,M,53.60,FAPE 061918Z 28004KT 8000 NSC 12/12 Q1022 NOSIG,M
FAPE,2026-07-06 20:00,51.80,51.80,100.00,290.00,5.00,0.00,30.18,M,6.21,M,M,M,M,M,M,M,M,M,M,M,M,M,M,M,M,51.80,FAPE 062000Z 29005KT CAVOK 11/11 Q1022 NOSIG,M
FAPE,2026-07-06 21:00,53.60,51.80,93.60,280.00,5.00,0.00,30.18,M,6.21,M,M,M,M,M,M,M,M,M,M,M,M,M,M,M,M,53.60,FAPE 062100Z 28005KT CAVOK 12/11 Q1022 NOSIG,M
FAPE,2026-07-06 22:00,50.00,48.20,93.50,270.00,3.00,0.00,30.18,M,6.21,M,M,M,M,M,M,M,M,M,M,M,M,M,M,M,M,50.00,FAPE 062200Z 27003KT CAVOK 10/09 Q1022 NOSIG,M
FAPE,2026-07-06 23:00,48.20,48.20,100.00,270.00,4.00,0.00,30.18,M,6.21,M,M,M,M,M,M,M,M,M,M,M,M,M,M,M,M,46.34,FAPE 062300Z 27004KT CAVOK 09/09 Q1022 NOSIG,M
FAPE,2026-07-07 00:00,50.00,50.00,100.00,290.00,3.00,0.00,30.18,M,6.21,M,M,M,M,M,M,M,M,M,M,M,M,M,M,M,M,50.00,FAPE 070000Z 29003KT CAVOK 10/10 Q1022 NOSIG,M
FAPE,2026-07-07 00:27,48.20,48.20,100.00,270.00,3.00,0.00,30.18,M,3.11,M,NSC,M,M,M,M,M,M,M,BR,M,M,M,M,M,M,47.21,FAPE 070027Z 27003KT 5000 BR NSC 09/09 Q1022 NOSIG,M
FAPE,2026-07-07 00:55,44.60,44.60,100.00,260.00,5.00,0.00,30.18,M,5.59,M,NSC,M,M,M,M,M,M,M,M,M,M,M,M,M,M,41.36,FAPE 070055Z 26005KT 9000 NSC 07/07 Q1022 NOSIG,M
FAPE,2026-07-07 01:00,44.60,44.60,100.00,260.00,5.00,0.00,30.18,M,5.59,M,NSC,M,M,M,M,M,M,M,M,M,M,M,M,M,M,41.36,FAPE 070100Z 26005KT 9000 NSC 07/07 Q1022 NOSIG,M
FAPE,2026-07-07 01:18,50.00,50.00,100.00,260.00,6.00,0.00,30.18,M,5.59,M,NSC,M,M,M,M,M,M,M,M,M,M,M,M,M,M,50.00,FAPE 070118Z 26006KT 9000 NSC 10/10 Q1022 NOSIG,M
FAPE,2026-07-07 01:25,55.40,55.40,100.00,280.00,7.00,0.00,30.18,M,6.21,M,M,M,M,M,M,M,M,M,M,M,M,M,M,M,M,55.40,FAPE 070125Z 28007KT CAVOK 13/13 Q1022 NOSIG,M
FAPE,2026-07-07 02:00,48.20,48.20,100.00,M,2.00,0.00,30.18,M,6.21,M,M,M,M,M,M,M,M,M,M,M,M,M,M,M,M,48.20,FAPE 070200Z VRB02KT CAVOK 09/09 Q1022 NOSIG,M
FAPE,2026-07-07 03:00,48.20,48.20,100.00,0.00,0.00,0.00,30.18,M,6.21,M,M,M,M,M,M,M,M,M,M,M,M,M,M,M,M,48.20,FAPE 070300Z 00000KT CAVOK 09/09 Q1022 NOSIG,M
FAPE,2026-07-07 03:06,51.80,51.80,100.00,250.00,4.00,0.00,30.18,M,6.21,M,M,M,M,M,M,M,M,M,M,M,M,M,M,M,M,51.80,FAPE 070306Z 25004KT 200V310 CAVOK 11/11 Q1022,M
FAPE,2026-07-07 04:00,57.20,55.40,93.70,260.00,9.00,0.00,30.21,M,6.21,M,M,M,M,M,M,M,M,M,M,M,M,M,M,M,M,57.20,FAPE 070400Z 26009KT CAVOK 14/13 Q1023 BECMG 3000 BR BKN004,M
FAPE,2026-07-07 04:50,57.20,57.20,100.00,260.00,9.00,0.00,30.24,M,6.21,M,BKN,M,M,M,500.00,M,M,M,M,M,M,M,M,M,M,57.20,FAPE 070450Z 26009KT 9999 BKN005 14/14 Q1024 TEMPO 4500 BR,M
FAPE,2026-07-07 05:00,57.20,57.20,100.00,260.00,8.00,0.00,30.24,M,6.21,M,BKN,M,M,M,500.00,M,M,M,M,M,M,M,M,M,M,57.20,FAPE 070500Z 26008KT 9999 BKN005 14/14 Q1024 TEMPO 4500 BR,M
FAPE,2026-07-07 05:44,59.00,57.20,93.74,250.00,14.00,0.00,30.27,M,6.21,M,SCT,M,M,M,500.00,M,M,M,M,M,M,M,M,M,M,59.00,FAPE 070544Z 25014KT 9999 SCT005 15/14 Q1025 NOSIG,M
FAPE,2026-07-07 06:00,59.00,57.20,93.74,250.00,13.00,0.00,30.27,M,6.21,M,SCT,M,M,M,800.00,M,M,M,M,M,M,M,M,M,M,59.00,FAPE 070600Z 25013KT 9999 SCT008 15/14 Q1025 NOSIG,M
FAPE,2026-07-07 07:00,60.80,57.20,87.93,250.00,14.00,0.00,30.30,M,6.21,M,FEW,M,M,M,1200.00,M,M,M,M,M,M,M,M,M,M,60.80,FAPE 070700Z 25014KT 9999 FEW012 16/14 Q1026 NOSIG,M
FAPE,2026-07-07 08:00,62.60,57.20,82.51,250.00,16.00,0.00,30.30,M,6.21,M,M,M,M,M,M,M,M,M,M,M,M,M,M,M,M,62.60,FAPE 070800Z 25016KT CAVOK 17/14 Q1026 NOSIG,M
FAPE,2026-07-07 09:00,64.40,57.20,77.46,240.00,16.00,0.00,30.30,M,6.21,M,M,M,M,M,M,M,M,M,M,M,M,M,M,M,M,64.40,FAPE 070900Z 24016KT CAVOK 18/14 Q1026 NOSIG,M
FAPE,2026-07-07 10:00,64.40,57.20,77.46,250.00,19.00,0.00,30.30,M,6.21,M,FEW,M,M,M,2500.00,M,M,M,M,M,M,M,M,M,M,64.40,FAPE 071000Z 25019KT 9999 FEW025 18/14 Q1026 NOSIG,M
FAPE,2026-07-07 11:00,66.20,57.20,72.76,240.00,16.00,0.00,30.30,M,6.21,M,SCT,M,M,M,1500.00,M,M,M,M,M,M,M,M,M,M,66.20,FAPE 071100Z 24016KT 9999 SCT015 19/14 Q1026 NOSIG,M
FAPE,2026-07-07 12:00,64.40,55.40,72.58,230.00,17.00,0.00,30.30,M,6.21,M,FEW,M,M,M,1500.00,M,M,M,M,M,M,M,M,M,M,64.40,FAPE 071200Z 23017KT 9999 FEW015 18/13 Q1026 NOSIG,M
FAPE,2026-07-07 13:00,66.20,55.40,68.18,230.00,13.00,0.00,30.30,M,6.21,M,M,M,M,M,M,M,M,M,M,M,M,M,M,M,M,66.20,FAPE 071300Z 23013KT CAVOK 19/13 Q1026 NOSIG,M
FAPE,2026-07-07 14:00,64.40,55.40,72.58,230.00,12.00,0.00,30.33,M,6.21,M,M,M,M,M,M,M,M,M,M,M,M,M,M,M,M,64.40,FAPE 071400Z 23012KT CAVOK 18/13 Q1027 NOSIG,M
FAPE,2026-07-07 15:00,62.60,57.20,82.51,240.00,8.00,0.00,30.33,M,6.21,M,M,M,M,M,M,M,M,M,M,M,M,M,M,M,M,62.60,FAPE 071500Z 24008KT CAVOK 17/14 Q1027 NOSIG,M
FAPE,2026-07-07 16:00,57.20,55.40,93.70,230.00,6.00,0.00,30.33,M,6.21,M,M,M,M,M,M,M,M,M,M,M,M,M,M,M,M,57.20,FAPE 071600Z 23006KT CAVOK 14/13 Q1027 NOSIG,M
FAPE,2026-07-07 17:00,55.40,55.40,100.00,280.00,4.00,0.00,30.33,M,6.21,M,M,M,M,M,M,M,M,M,M,M,M,M,M,M,M,55.40,FAPE 071700Z 28004KT CAVOK 13/13 Q1027 NOSIG,M
FAPE,2026-07-07 18:00,53.60,53.60,100.00,M,2.00,0.00,30.33,M,6.21,M,M,M,M,M,M,M,M,M,M,M,M,M,M,M,M,53.60,FAPE 071800Z VRB02KT CAVOK 12/12 Q1027 NOSIG,M
FAPE,2026-07-07 19:00,53.60,53.60,100.00,M,2.00,0.00,30.33,M,6.21,M,M,M,M,M,M,M,M,M,M,M,M,M,M,M,M,53.60,FAPE 071900Z VRB02KT CAVOK 12/12 Q1027 NOSIG,M
FAPE,2026-07-07 20:00,50.00,50.00,100.00,280.00,4.00,0.00,30.33,M,6.21,M,M,M,M,M,M,M,M,M,M,M,M,M,M,M,M,50.00,FAPE 072000Z 28004KT CAVOK 10/10 Q1027 NOSIG,M
FAPE,2026-07-07 21:00,51.80,51.80,100.00,280.00,4.00,0.00,30.33,M,6.21,M,M,M,M,M,M,M,M,M,M,M,M,M,M,M,M,51.80,FAPE 072100Z 28004KT CAVOK 11/11 Q1027 NOSIG,M
FAPE,2026-07-07 22:00,50.00,50.00,100.00,260.00,4.00,0.00,30.30,M,6.21,M,M,M,M,M,M,M,M,M,M,M,M,M,M,M,M,50.00,FAPE 072200Z 26004KT CAVOK 10/10 Q1026 NOSIG,M
FAPE,2026-07-07 23:00,48.20,48.20,100.00,280.00,4.00,0.00,30.30,M,6.21,M,M,M,M,M,M,M,M,M,M,M,M,M,M,M,M,46.34,FAPE 072300Z 28004KT CAVOK 09/09 Q1026 NOSIG,M
FAPE,2026-07-08 00:00,48.20,48.20,100.00,280.00,5.00,0.00,30.27,M,6.21,M,M,M,M,M,M,M,M,M,M,M,M,M,M,M,M,45.63,FAPE 080000Z 28005KT CAVOK 09/09 Q1025 NOSIG,M
FAPE,2026-07-08 01:00,48.20,48.20,100.00,290.00,2.00,0.00,30.24,M,6.21,M,M,M,M,M,M,M,M,M,M,M,M,M,M,M,M,48.20,FAPE 080100Z 29002KT CAVOK 09/09 Q1024 NOSIG,M
FAPE,2026-07-08 02:00,48.20,48.20,100.00,310.00,2.00,0.00,30.21,M,6.21,M,M,M,M,M,M,M,M,M,M,M,M,M,M,M,M,48.20,FAPE 080200Z 31002KT CAVOK 09/09 Q1023 NOSIG,M
FAPE,2026-07-08 03:00,46.40,46.40,100.00,280.00,3.00,0.00,30.21,M,6.21,M,M,M,M,M,M,M,M,M,M,M,M,M,M,M,M,45.15,FAPE 080300Z 28003KT CAVOK 08/08 Q1023 NOSIG,M
FAPE,2026-07-08 04:00,44.60,44.60,100.00,0.00,0.00,0.00,30.18,M,6.21,M,M,M,M,M,M,M,M,M,M,M,M,M,M,M,M,44.60,FAPE 080400Z 00000KT CAVOK 07/07 Q1022 NOSIG,M
FAPE,2026-07-08 04:33,50.00,50.00,100.00,210.00,6.00,0.00,30.18,M,6.21,M,M,M,M,M,M,M,M,M,M,M,M,M,M,M,M,50.00,FAPE 080433Z 21006KT CAVOK 10/10 Q1022 NOSIG,M
FAPE,2026-07-08 05:00,51.80,51.80,100.00,230.00,7.00,0.00,30.18,M,6.21,M,M,M,M,M,M,M,M,M,M,M,M,M,M,M,M,51.80,FAPE 080500Z 23007KT CAVOK 11/11 Q1022 NOSIG,M
FAPE,2026-07-08 06:00,53.60,51.80,93.60,280.00,5.00,0.00,30.18,M,6.21,M,M,M,M,M,M,M,M,M,M,M,M,M,M,M,M,53.60,FAPE 080600Z 28005KT CAVOK 12/11 Q1022 NOSIG,M
FAPE,2026-07-08 06:39,57.20,55.40,93.70,240.00,5.00,0.00,30.21,M,6.21,M,BKN,M,M,M,300.00,M,M,M,M,M,M,M,M,M,M,57.20,FAPE 080639Z 24005KT 210V270 9999 BKN003 14/13 Q1023 BECMG BKN008,M
FAPE,2026-07-08 07:00,57.20,57.20,100.00,260.00,9.00,0.00,30.21,M,6.21,M,BKN,M,M,M,300.00,M,M,M,M,M,M,M,M,M,M,57.20,FAPE 080700Z 26009KT 9999 BKN003 14/14 Q1023 BECMG BKN008,M
FAPE,2026-07-08 07:08,59.00,57.20,93.74,250.00,11.00,0.00,30.21,M,6.21,M,SCT,M,M,M,300.00,M,M,M,M,M,M,M,M,M,M,59.00,FAPE 080708Z 25011KT 9999 SCT003 15/14 Q1023,M
FAPE,2026-07-08 07:57,62.60,55.40,77.31,240.00,12.00,0.00,30.21,M,6.21,M,FEW,M,M,M,300.00,M,M,M,M,M,M,M,M,M,M,62.60,FAPE 080757Z 24012KT 9999 FEW003 17/13 Q1023 NOSIG,M
FAPE,2026-07-08 08:00,62.60,55.40,77.31,240.00,12.00,0.00,30.21,M,6.21,M,FEW,M,M,M,300.00,M,M,M,M,M,M,M,M,M,M,62.60,FAPE 080800Z 24012KT 9999 FEW003 17/13 Q1023 NOSIG,M
FAPE,2026-07-08 09:00,62.60,55.40,77.31,250.00,17.00,0.00,30.21,M,6.21,M,FEW,M,M,M,300.00,M,M,M,M,M,M,M,M,M,M,62.60,FAPE 080900Z 25017KT 9999 FEW003 17/13 Q1023 NOSIG,M
FAPE,2026-07-08 10:00,64.40,55.40,72.58,240.00,17.00,0.00,30.18,M,6.21,M,FEW,M,M,M,300.00,M,M,M,M,M,M,M,M,M,M,64.40,FAPE 081000Z 24017KT 9999 FEW003 18/13 Q1022 TEMPO 25018G28KT,M
FAPE,2026-07-08 11:00,66.20,55.40,68.18,250.00,16.00,0.00,30.18,M,6.21,M,FEW,M,M,M,1600.00,M,M,M,M,M,M,M,M,M,M,66.20,FAPE 081100Z 25016KT 9999 FEW016 19/13 Q1022 TEMPO 25018G28KT,M
FAPE,2026-07-08 12:00,66.20,55.40,68.18,240.00,17.00,0.00,30.15,M,6.21,M,FEW,M,M,M,1600.00,M,M,M,M,M,M,M,M,M,M,66.20,FAPE 081200Z 24017KT 9999 FEW016 19/13 Q1021 TEMPO 25018G28KT,M
FAPE,2026-07-08 12:42,66.20,57.20,72.76,250.00,15.00,0.00,30.15,M,6.21,26.00,FEW,M,M,M,1600.00,M,M,M,M,M,M,M,M,M,M,66.20,FAPE 081242Z 25015G26KT 9999 FEW016 19/14 Q1021 NOSIG,M
FAPE,2026-07-08 13:00,66.20,55.40,68.18,260.00,17.00,0.00,30.15,M,6.21,M,FEW,M,M,M,1600.00,M,M,M,M,M,M,M,M,M,M,66.20,FAPE 081300Z 26017KT 9999 FEW016 19/13 Q1021 TEMPO 26017G27KT,M
FAPE,2026-07-08 13:19,66.20,55.40,68.18,240.00,16.00,0.00,30.15,M,6.21,27.00,FEW,M,M,M,1600.00,M,M,M,M,M,M,M,M,M,M,66.20,FAPE 081319Z 24016G27KT 9999 FEW016 19/13 Q1021 NOSIG,M
FAPE,2026-07-08 14:00,64.40,53.60,67.97,240.00,19.00,0.00,30.15,M,6.21,M,FEW,M,M,M,1400.00,M,M,M,M,M,M,M,M,M,M,64.40,FAPE 081400Z 24019KT 9999 FEW014 18/12 Q1021 TEMPO 24020G30KT,M
FAPE,2026-07-08 14:09,64.40,57.20,77.46,240.00,19.00,0.00,30.15,M,6.21,29.00,FEW,M,M,M,1400.00,M,M,M,M,M,M,M,M,M,M,64.40,FAPE 081409Z 24019G29KT 9999 FEW014 18/14 Q1021 NOSIG,M
FAPE,2026-07-08 15:00,62.60,55.40,77.31,240.00,21.00,0.00,30.15,M,6.21,M,FEW,M,M,M,1400.00,M,M,M,M,M,M,M,M,M,M,62.60,FAPE 081500Z 24021KT 9999 FEW014 17/13 Q1021 TEMPO 24020G30KT,M
FAPE,2026-07-08 15:38,60.80,55.40,82.38,230.00,21.00,0.00,30.15,M,6.21,31.00,FEW,M,M,M,1500.00,M,M,M,M,M,M,M,M,M,M,60.80,FAPE 081538Z 23021G31KT 9999 FEW015 16/13 Q1021 NOSIG,M
FAPE,2026-07-08 16:00,60.80,55.40,82.38,230.00,21.00,0.00,30.15,M,6.21,M,FEW,M,M,M,1500.00,M,M,M,M,M,M,M,M,M,M,60.80,FAPE 081600Z 23021KT 9999 FEW015 16/13 Q1021 NOSIG,M
FAPE,2026-07-08 16:23,60.80,55.40,82.38,240.00,22.00,0.00,30.15,M,6.21,32.00,FEW,M,M,M,1500.00,M,M,M,M,M,M,M,M,M,M,60.80,FAPE 081623Z 24022G32KT 9999 FEW015 16/13 Q1021 NOSIG,M
FAPE,2026-07-08 17:00,60.80,55.40,82.38,250.00,20.00,0.00,30.15,M,6.21,M,FEW,M,M,M,1500.00,M,M,M,M,M,M,M,M,M,M,60.80,FAPE 081700Z 25020KT 9999 FEW015 16/13 Q1021 NOSIG,M
FAPE,2026-07-08 18:00,60.80,53.60,77.15,250.00,18.00,0.00,30.18,M,6.21,M,FEW,SCT,M,M,2500.00,3400.00,M,M,M,M,M,M,M,M,M,60.80,FAPE 081800Z 25018KT 9999 FEW025 SCT034 16/12 Q1022 TEMPO 25019G29KT,M
FAPE,2026-07-08 18:07,62.60,53.60,72.40,260.00,19.00,0.00,30.18,M,6.21,29.00,FEW,SCT,M,M,1900.00,3500.00,M,M,M,M,M,M,M,M,M,62.60,FAPE 081807Z 26019G29KT 9999 FEW019 SCT035 17/12 Q1022 NOSIG,M
FAPE,2026-07-08 19:00,62.60,55.40,77.31,260.00,12.00,0.00,30.18,M,6.21,M,BKN,BKN,M,M,1700.00,2500.00,M,M,M,M,M,M,M,M,M,62.60,FAPE 081900Z 26012KT 9999 BKN017 BKN025 17/13 Q1022 NOSIG,M
FAPE,2026-07-08 19:48,59.00,59.00,100.00,220.00,10.00,0.00,30.21,M,4.97,M,FEW,BKN,M,M,500.00,1300.00,M,M,-RA,M,M,M,M,M,M,59.00,FAPE 081948Z 22010KT 8000 -RA FEW005 BKN013 15/15 Q1023,M
FAPE,2026-07-08 20:00,59.00,59.00,100.00,220.00,9.00,0.00,30.21,M,4.97,M,FEW,OVC,M,M,500.00,1200.00,M,M,-RA,M,M,M,M,M,M,59.00,COR FAPE 082000Z 22009KT 8000 -RA FEW005 OVC012 15/15 Q1023 NOSIG,M
FAPE,2026-07-08 20:57,59.00,59.00,100.00,240.00,7.00,0.00,30.21,M,2.61,M,BKN,OVC,M,M,400.00,900.00,M,M,-RA BR,M,M,M,M,M,M,59.00,FAPE 082057Z 24007KT 4200 -RA BR BKN004 OVC009 15/15 Q1023,M
FAPE,2026-07-08 21:00,59.00,59.00,100.00,240.00,7.00,0.00,30.21,M,2.92,M,BKN,OVC,M,M,400.00,900.00,M,M,-RA BR,M,M,M,M,M,M,59.00,FAPE 082100Z 24007KT 4700 -RA BR BKN004 OVC009 15/15 Q1023 NOSIG,M
FAPE,2026-07-08 22:00,59.00,59.00,100.00,260.00,4.00,0.00,30.18,M,2.92,M,BKN,OVC,M,M,400.00,900.00,M,M,-RA BR,M,M,M,M,M,M,59.00,FAPE 082200Z 26004KT 4700 -RA BR BKN004 OVC009 15/15 Q1022 NOSIG,M
FAPE,2026-07-08 23:00,59.00,59.00,100.00,210.00,5.00,0.00,30.18,M,2.92,M,BKN,OVC,M,M,400.00,900.00,M,M,-RA BR,M,M,M,M,M,M,59.00,FAPE 082300Z 21005KT 4700 -RA BR BKN004 OVC009 15/15 Q1022 NOSIG,M
FAPE,2026-07-08 23:46,59.00,59.00,100.00,230.00,6.00,0.00,30.18,M,2.92,M,SCT,OVC,M,M,400.00,900.00,M,M,-RA BR,M,M,M,M,M,M,59.00,FAPE 082346Z 23006KT 200V270 4700 -RA BR SCT004 OVC009 15/15 Q1022,M
FAPE,2026-07-09 00:00,59.00,59.00,100.00,250.00,6.00,0.00,30.18,M,2.92,M,SCT,OVC,M,M,400.00,900.00,M,M,-RA BR,M,M,M,M,M,M,59.00,FAPE 090000Z 25006KT 220V290 4700 -RA BR SCT004 OVC009 15/15 Q1022 TEMPO BKN004,M
FAPE,2026-07-09 00:26,57.20,57.20,100.00,210.00,7.00,0.00,30.18,M,4.97,M,FEW,OVC,M,M,800.00,1300.00,M,M,-RA,M,M,M,M,M,M,57.20,FAPE 090026Z 21007KT 180V240 8000 -RA FEW008 OVC013 14/14 Q1022,M
FAPE,2026-07-09 01:00,57.20,57.20,100.00,230.00,7.00,0.00,30.18,M,4.97,M,FEW,OVC,M,M,800.00,1400.00,M,M,-RA,M,M,M,M,M,M,57.20,FAPE 090100Z 23007KT 8000 -RA FEW008 OVC014 14/14 Q1022,M
FAPE,2026-07-09 01:17,57.20,57.20,100.00,230.00,8.00,0.00,30.15,M,6.21,M,BKN,M,M,M,1200.00,M,M,M,-RA,M,M,M,M,M,M,57.20,FAPE 090117Z 23008KT 200V260 9999 -RA BKN012 14/14 Q1021 NOSIG,M
FAPE,2026-07-09 01:35,57.20,57.20,100.00,270.00,9.00,0.00,30.15,M,6.21,M,FEW,SCT,M,M,1500.00,2000.00,M,M,M,M,M,M,M,M,M,57.20,FAPE 090135Z 27009KT 9999 FEW015 SCT020 14/14 Q1021 NOSIG,M
FAPE,2026-07-09 02:00,57.20,55.40,93.70,260.00,12.00,0.00,30.15,M,6.21,M,SCT,SCT,M,M,1500.00,2000.00,M,M,M,M,M,M,M,M,M,57.20,FAPE 090200Z 26012KT 9999 SCT015 SCT020 14/13 Q1021 NOSIG,M
FAPE,2026-07-09 03:00,57.20,55.40,93.70,260.00,11.00,0.00,30.15,M,6.21,M,BKN,M,M,M,4500.00,M,M,M,M,M,M,M,M,M,M,57.20,FAPE 090300Z 26011KT 9999 BKN045 14/13 Q1021 NOSIG,M
FAPE,2026-07-09 04:00,57.20,53.60,87.75,250.00,16.00,0.00,30.15,M,6.21,M,FEW,M,M,M,4000.00,M,M,M,M,M,M,M,M,M,M,57.20,FAPE 090400Z 25016KT 9999 FEW040 14/12 Q1021 NOSIG,M
FAPE,2026-07-09 05:00,57.20,53.60,87.75,280.00,12.00,0.00,30.15,M,6.21,M,FEW,M,M,M,4000.00,M,M,M,M,M,M,M,M,M,M,57.20,FAPE 090500Z 28012KT 9999 FEW040 14/12 Q1021 NOSIG,M
FAPE,2026-07-09 06:00,55.40,53.60,93.65,300.00,8.00,0.00,30.18,M,6.21,M,FEW,M,M,M,4500.00,M,M,M,M,M,M,M,M,M,M,55.40,FAPE 090600Z 30008KT 9999 FEW045 13/12 Q1022 NOSIG,M
FAPE,2026-07-09 07:00,57.20,53.60,87.75,270.00,9.00,0.00,30.18,M,6.21,M,FEW,M,M,M,4700.00,M,M,M,M,M,M,M,M,M,M,57.20,FAPE 090700Z 27009KT 9999 FEW047 14/12 Q1022 NOSIG,M
FAPE,2026-07-09 08:00,60.80,53.60,77.15,260.00,14.00,0.00,30.18,M,6.21,M,M,M,M,M,M,M,M,M,M,M,M,M,M,M,M,60.80,FAPE 090800Z 26014KT CAVOK 16/12 Q1022 NOSIG,M
FAPE,2026-07-09 09:00,62.60,53.60,72.40,260.00,14.00,0.00,30.18,M,6.21,M,M,M,M,M,M,M,M,M,M,M,M,M,M,M,M,62.60,FAPE 090900Z 26014KT CAVOK 17/12 Q1022 NOSIG,M
FAPE,2026-07-09 10:00,62.60,51.80,67.76,260.00,15.00,0.00,30.15,M,6.21,M,FEW,M,M,M,4500.00,M,M,M,M,M,M,M,M,M,M,62.60,FAPE 091000Z 26015KT 9999 FEW045 17/11 Q1021 NOSIG,M
FAPE,2026-07-09 11:00,62.60,50.00,63.39,250.00,17.00,0.00,30.12,M,6.21,M,FEW,M,M,M,4500.00,M,M,M,M,M,M,M,M,M,M,62.60,FAPE 091100Z 25017KT 9999 FEW045 17/10 Q1020 NOSIG,M
FAPE,2026-07-09 12:00,62.60,48.20,59.27,250.00,18.00,0.00,30.12,M,6.21,M,FEW,M,M,M,4000.00,M,M,M,M,M,M,M,M,M,M,62.60,FAPE 091200Z 25018KT 9999 FEW040 17/09 Q1020 NOSIG,M
FAPE,2026-07-09 13:00,62.60,51.80,67.76,240.00,14.00,0.00,30.09,M,6.21,M,FEW,SCT,M,M,2400.00,3500.00,M,M,M,M,M,M,M,M,M,62.60,FAPE 091300Z 24014KT 9999 FEW024 SCT035 17/11 Q1019 NOSIG,M
FAPE,2026-07-09 14:00,60.80,50.00,67.55,250.00,13.00,0.00,30.12,M,6.21,M,FEW,M,M,M,3800.00,M,M,M,M,M,M,M,M,M,M,60.80,FAPE 091400Z 25013KT 9999 FEW038 16/10 Q1020 NOSIG,M
FAPE,2026-07-09 15:00,59.00,51.80,76.99,250.00,10.00,0.00,30.12,M,6.21,M,FEW,M,M,M,2300.00,M,M,M,M,M,M,M,M,M,M,59.00,FAPE 091500Z 25010KT 9999 FEW023 15/11 Q1020 NOSIG,M
FAPE,2026-07-09 16:00,57.20,50.00,76.83,260.00,9.00,0.00,30.12,M,6.21,M,M,M,M,M,M,M,M,M,M,M,M,M,M,M,M,57.20,FAPE 091600Z 26009KT CAVOK 14/10 Q1020 NOSIG,M
FAPE,2026-07-09 17:00,57.20,48.20,71.84,260.00,8.00,0.00,30.12,M,6.21,M,M,M,M,M,M,M,M,M,M,M,M,M,M,M,M,57.20,FAPE 091700Z 26008KT CAVOK 14/09 Q1020 NOSIG,M
FAPE,2026-07-09 18:00,55.40,48.20,76.67,260.00,8.00,0.00,30.12,M,6.21,M,M,M,M,M,M,M,M,M,M,M,M,M,M,M,M,55.40,FAPE 091800Z 26008KT CAVOK 13/09 Q1020 NOSIG,M
FAPE,2026-07-09 19:00,55.40,50.00,82.00,290.00,6.00,0.00,30.12,M,6.21,M,M,M,M,M,M,M,M,M,M,M,M,M,M,M,M,55.40,FAPE 091900Z 29006KT CAVOK 13/10 Q1020 NOSIG,M
FAPE,2026-07-09 21:00,55.40,50.00,82.00,270.00,8.00,0.00,30.12,M,6.21,M,M,M,M,M,M,M,M,M,M,M,M,M,M,M,M,55.40,FAPE 092100Z 27008KT CAVOK 13/10 Q1020 NOSIG,M
FAPE,2026-07-09 22:00,53.60,50.00,87.56,280.00,9.00,0.00,30.12,M,6.21,M,M,M,M,M,M,M,M,M,M,M,M,M,M,M,M,53.60,FAPE 092200Z 28009KT CAVOK 12/10 Q1020 NOSIG,M
FAPE,2026-07-09 23:00,55.40,48.20,76.67,260.00,11.00,0.00,30.12,M,6.21,M,M,M,M,M,M,M,M,M,M,M,M,M,M,M,M,55.40,FAPE 092300Z 26011KT CAVOK 13/09 Q1020 NOSIG,M
FAPE,2026-07-10 00:00,53.60,48.20,81.87,280.00,9.00,0.00,30.12,M,6.21,M,M,M,M,M,M,M,M,M,M,M,M,M,M,M,M,53.60,FAPE 100000Z 28009KT CAVOK 12/09 Q1020 NOSIG,M
FAPE,2026-07-10 01:00,51.80,46.40,81.74,300.00,7.00,0.00,30.12,M,6.21,M,M,M,M,M,M,M,M,M,M,M,M,M,M,M,M,51.80,FAPE 100100Z 30007KT CAVOK 11/08 Q1020 NOSIG,M
FAPE,2026-07-10 03:00,53.60,46.40,76.51,270.00,8.00,0.00,30.12,M,6.21,M,OVC,M,M,M,3000.00,M,M,M,M,M,M,M,M,M,M,53.60,FAPE 100300Z 27008KT 9999 OVC030 12/08 Q1020 NOSIG,M
FAPE,2026-07-10 04:00,51.80,46.40,81.74,300.00,6.00,0.00,30.12,M,6.21,M,FEW,M,M,M,3500.00,M,M,M,M,M,M,M,M,M,M,51.80,FAPE 100400Z 30006KT 9999 FEW035 11/08 Q1020 NOSIG,M
FAPE,2026-07-10 05:00,51.80,46.40,81.74,310.00,6.00,0.00,30.12,M,6.21,M,SCT,M,M,M,2600.00,M,M,M,M,M,M,M,M,M,M,51.80,FAPE 100500Z 31006KT 9999 SCT026 11/08 Q1020 NOSIG,M
FAPE,2026-07-10 06:00,55.40,48.20,76.67,280.00,9.00,0.00,30.15,M,4.35,M,BKN,M,M,M,2600.00,M,M,M,-RA,M,M,M,M,M,M,55.40,FAPE 100600Z 28009KT 7000 -RA BKN026 13/09 Q1021 TEMPO 5000 BKN015,M
FAPE,2026-07-10 07:00,57.20,50.00,76.83,260.00,12.00,0.00,30.15,M,6.21,M,FEW,SCT,BKN,M,700.00,2900.00,4300.00,M,M,M,M,M,M,M,M,57.20,FAPE 100700Z 26012KT 9999 FEW007 SCT029 BKN043 14/10 Q1021 TEMPO 5000 -RA BKN015,M
FAPE,2026-07-10 08:00,57.20,51.80,82.13,260.00,11.00,0.00,30.18,M,6.21,M,FEW,BKN,M,M,700.00,2600.00,M,M,M,M,M,M,M,M,M,57.20,FAPE 100800Z 26011KT 9999 FEW007 BKN026 14/11 Q1022 NOSIG,M
FAPE,2026-07-10 09:00,59.00,51.80,76.99,260.00,8.00,0.00,30.18,M,6.21,M,FEW,BKN,M,M,600.00,2200.00,M,M,M,M,M,M,M,M,M,59.00,FAPE 100900Z 26008KT 9999 FEW006 BKN022 15/11 Q1022 NOSIG,M
FAPE,2026-07-10 10:00,57.20,51.80,82.13,240.00,10.00,0.00,30.18,M,4.97,M,FEW,OVC,M,M,2500.00,3500.00,M,M,-RA,M,M,M,M,M,M,57.20,FAPE 101000Z 24010KT 8000 -RA FEW025 OVC035 14/11 Q1022 TEMPO 5000 -RA BKN015,M
FAPE,2026-07-10 11:00,59.00,53.60,82.26,260.00,11.00,0.00,30.15,M,6.21,M,FEW,BKN,M,M,2300.00,4900.00,M,M,M,M,M,M,M,M,M,59.00,FAPE 101100Z 26011KT 9999 FEW023 BKN049 15/12 Q1021 NOSIG,M
FAPE,2026-07-10 12:00,60.80,51.80,72.21,240.00,7.00,0.00,30.15,M,6.21,M,FEW,SCT,M,M,1500.00,4500.00,M,M,M,M,M,M,M,M,M,60.80,FAPE 101200Z 24007KT 210V280 9999 FEW015 SCT045 16/11 Q1021 NOSIG,M
FAPE,2026-07-10 13:00,59.00,53.60,82.26,230.00,8.00,0.00,30.15,M,6.21,M,BKN,M,M,M,2500.00,M,M,M,M,M,M,M,M,M,M,59.00,FAPE 101300Z 23008KT 9999 BKN025 15/12 Q1021 NOSIG,M
FAPE,2026-07-10 13:44,57.20,55.40,93.70,160.00,8.00,0.00,30.15,M,4.35,M,BKN,OVC,M,M,800.00,4000.00,M,M,-DZ,M,M,M,M,M,M,57.20,FAPE 101344Z 16008KT 7000 -DZ BKN008 OVC040 14/13 Q1021 TEMPO 4000 -RA,M
FAPE,2026-07-10 13:57,55.40,55.40,100.00,170.00,5.00,0.00,30.18,M,2.17,M,SCT,BKN,OVC,M,700.00,1500.00,3400.00,M,-DZ BR,M,M,M,M,M,M,55.40,FAPE 101357Z 17005KT 3500 -DZ BR SCT007 BKN015 OVC034 13/13 Q1022 BECMG 6000,M
FAPE,2026-07-10 14:00,55.40,55.40,100.00,170.00,5.00,0.00,30.18,M,2.17,M,SCT,BKN,OVC,M,700.00,1500.00,3400.00,M,-DZ BR,M,M,M,M,M,M,55.40,FAPE 101400Z 17005KT 3500 -DZ BR SCT007 BKN015 OVC034 13/13 Q1022 BECMG 6000,M
FAPE,2026-07-10 14:19,55.40,55.40,100.00,M,1.00,0.00,30.18,M,6.21,M,FEW,SCT,OVC,M,1000.00,2000.00,3000.00,M,-RA,M,M,M,M,M,M,55.40,FAPE 101419Z VRB01KT 9999 -RA FEW010 SCT020 OVC030 13/13 Q1022 NOSIG,M
FAPE,2026-07-10 15:00,55.40,55.40,100.00,280.00,4.00,0.00,30.18,M,6.21,M,OVC,M,M,M,4000.00,M,M,M,M,M,M,M,M,M,M,55.40,FAPE 101500Z 28004KT 9999 OVC040 13/13 Q1022 NOSIG,M
FAPE,2026-07-10 16:00,55.40,55.40,100.00,240.00,2.00,0.00,30.18,M,6.21,M,SCT,OVC,M,M,2500.00,4000.00,M,M,M,M,M,M,M,M,M,55.40,FAPE 101600Z 24002KT 9999 SCT025 OVC040 13/13 Q1022 NOSIG,M
FAPE,2026-07-10 17:00,55.40,55.40,100.00,200.00,3.00,0.00,30.21,M,6.21,M,FEW,OVC,M,M,3000.00,4000.00,M,M,M,M,M,M,M,M,M,55.40,FAPE 101700Z 20003KT 9999 FEW030 OVC040 13/13 Q1023 NOSIG,M
FAPE,2026-07-10 18:00,55.40,55.40,100.00,220.00,3.00,0.00,30.21,M,4.97,M,FEW,OVC,M,M,1500.00,3500.00,M,M,-RA,M,M,M,M,M,M,55.40,FAPE 101800Z 22003KT 8000 -RA FEW015 OVC035 13/13 Q1023 TEMPO 4000 BKN015,M
FAPE,2026-07-10 19:00,55.40,55.40,100.00,200.00,3.00,0.00,30.24,M,4.97,M,FEW,SCT,OVC,M,1500.00,2000.00,3000.00,M,-RA,M,M,M,M,M,M,55.40,FAPE 101900Z 20003KT 8000 -RA FEW015 SCT020 OVC030 13/13 Q1024 TEMPO 4000 BKN015,M
FAPE,2026-07-10 20:00,55.40,55.40,100.00,M,1.00,0.00,30.24,M,6.21,M,OVC,M,M,M,3000.00,M,M,M,-RA,M,M,M,M,M,M,55.40,FAPE 102000Z VRB01KT 9999 -RA OVC030 13/13 Q1024 TEMPO 5000,M
FAPE,2026-07-10 21:00,55.40,55.40,100.00,240.00,4.00,0.00,30.24,M,6.21,M,FEW,SCT,BKN,M,800.00,2500.00,3000.00,M,M,M,M,M,M,M,M,55.40,FAPE 102100Z 24004KT 9999 FEW008 SCT025 BKN030 13/13 Q1024 NOSIG,M
FAPE,2026-07-10 22:00,55.40,55.40,100.00,310.00,2.00,0.00,30.24,M,6.21,M,FEW,BKN,M,M,2000.00,4000.00,M,M,M,M,M,M,M,M,M,55.40,FAPE 102200Z 31002KT 9999 FEW020 BKN040 13/13 Q1024 NOSIG,M
FAPE,2026-07-10 23:00,55.40,55.40,100.00,280.00,4.00,0.00,30.21,M,6.21,M,FEW,BKN,M,M,2700.00,3700.00,M,M,M,M,M,M,M,M,M,55.40,FAPE 102300Z 28004KT 9999 FEW027 BKN037 13/13 Q1023 NOSIG,M
FAPE,2026-07-11 00:00,55.40,55.40,100.00,300.00,5.00,0.00,30.21,M,6.21,M,BKN,M,M,M,3300.00,M,M,M,M,M,M,M,M,M,M,55.40,FAPE 110000Z 30005KT 9999 BKN033 13/13 Q1023 NOSIG,M
FAPE,2026-07-11 01:00,55.40,55.40,100.00,280.00,4.00,0.00,30.21,M,6.21,M,FEW,BKN,M,M,3100.00,4500.00,M,M,M,M,M,M,M,M,M,55.40,FAPE 110100Z 28004KT 9999 FEW031 BKN045 13/13 Q1023 NOSIG,M
FAPE,2026-07-11 02:00,53.60,53.60,100.00,260.00,3.00,0.00,30.21,M,6.21,M,BKN,M,M,M,4500.00,M,M,M,M,M,M,M,M,M,M,53.60,FAPE 110200Z 26003KT 9999 BKN045 12/12 Q1023 NOSIG,M
FAPE,2026-07-11 03:00,50.00,50.00,100.00,210.00,3.00,0.00,30.21,M,6.21,M,FEW,SCT,M,M,2500.00,4500.00,M,M,M,M,M,M,M,M,M,50.00,FAPE 110300Z 21003KT 9999 FEW025 SCT045 10/10 Q1023 NOSIG,M
FAPE,2026-07-11 04:00,51.80,51.80,100.00,M,2.00,0.00,30.21,M,6.21,M,BKN,M,M,M,4400.00,M,M,M,M,M,M,M,M,M,M,51.80,FAPE 110400Z VRB02KT 9999 BKN044 11/11 Q1023 NOSIG,M
FAPE,2026-07-11 05:00,51.80,51.80,100.00,270.00,3.00,0.00,30.24,M,6.21,M,SCT,M,M,M,4500.00,M,M,M,M,M,M,M,M,M,M,51.80,FAPE 110500Z 27003KT 9999 SCT045 11/11 Q1024 NOSIG,M
FAPE,2026-07-11 06:00,50.00,50.00,100.00,300.00,3.00,0.00,30.24,M,6.21,M,FEW,M,M,M,4500.00,M,M,M,M,M,M,M,M,M,M,50.00,FAPE 110600Z 30003KT 270V330 9999 FEW045 10/10 Q1024 NOSIG,M
FAPE,2026-07-11 06:54,55.40,53.60,93.65,290.00,4.00,0.00,30.27,M,6.21,M,M,M,M,M,M,M,M,M,M,M,M,M,M,M,M,55.40,FAPE 110654Z 29004KT CAVOK 13/12 Q1025 NOSIG,M
FAPE,2026-07-11 07:00,55.40,53.60,93.65,300.00,4.00,0.00,30.27,M,6.21,M,M,M,M,M,M,M,M,M,M,M,M,M,M,M,M,55.40,FAPE 110700Z 30004KT CAVOK 13/12 Q1025 NOSIG,M
FAPE,2026-07-11 07:48,59.00,55.40,87.84,290.00,3.00,0.00,30.27,M,6.21,M,M,M,M,M,M,M,M,M,M,M,M,M,M,M,M,59.00,FAPE 110748Z 29003KT CAVOK 15/13 Q1025 NOSIG,M
FAPE,2026-07-11 08:00,59.00,55.40,87.84,280.00,3.00,0.00,30.27,M,6.21,M,M,M,M,M,M,M,M,M,M,M,M,M,M,M,M,59.00,FAPE 110800Z 28003KT CAVOK 15/13 Q1025 NOSIG,M
FAPE,2026-07-11 09:00,60.80,53.60,77.15,M,2.00,0.00,30.27,M,6.21,M,FEW,M,M,M,2000.00,M,M,M,M,M,M,M,M,M,M,60.80,FAPE 110900Z VRB02KT 9999 FEW020 16/12 Q1025 NOSIG,M
FAPE,2026-07-11 10:00,64.40,53.60,67.97,M,2.00,0.00,30.24,M,6.21,M,FEW,M,M,M,2000.00,M,M,M,M,M,M,M,M,M,M,64.40,FAPE 111000Z VRB02KT 9999 FEW020 18/12 Q1024 NOSIG,M
FAPE,2026-07-11 11:00,64.40,50.00,59.52,70.00,5.00,0.00,30.24,M,6.21,M,FEW,M,M,M,3000.00,M,M,M,M,M,M,M,M,M,M,64.40,FAPE 111100Z 07005KT 030V110 9999 FEW030 18/10 Q1024 NOSIG,M
FAPE,2026-07-11 12:00,62.60,50.00,63.39,90.00,6.00,0.00,30.24,M,6.21,M,FEW,M,M,M,3000.00,M,M,M,M,M,M,M,M,M,M,62.60,FAPE 111200Z 09006KT 060V130 9999 FEW030 17/10 Q1024 NOSIG,M
FAPE,2026-07-11 13:00,62.60,50.00,63.39,70.00,4.00,0.00,30.21,M,6.21,M,BKN,M,M,M,3000.00,M,M,M,M,M,M,M,M,M,M,62.60,FAPE 111300Z 07004KT 010V110 9999 BKN030 17/10 Q1023 NOSIG,M
FAPE,2026-07-11 14:00,62.60,53.60,72.40,140.00,5.00,0.00,30.21,M,6.21,M,FEW,BKN,M,M,3500.00,4500.00,M,M,M,M,M,M,M,M,M,62.60,FAPE 111400Z 14005KT 110V180 9999 FEW035 BKN045 17/12 Q1023 NOSIG,M
FAPE,2026-07-11 15:00,60.80,53.60,77.15,130.00,3.00,0.00,30.24,M,6.21,M,SCT,BKN,M,M,2300.00,3500.00,M,M,M,M,M,M,M,M,M,60.80,FAPE 111500Z 13003KT 110V170 9999 SCT023 BKN035 16/12 Q1024 NOSIG,M
FAPE,2026-07-11 16:00,55.40,55.40,100.00,M,2.00,0.00,30.24,M,6.21,M,SCT,M,M,M,4900.00,M,M,M,M,M,M,M,M,M,M,55.40,FAPE 111600Z VRB02KT 9999 SCT049 13/13 Q1024 NOSIG,M
FAPE,2026-07-11 17:00,55.40,51.80,87.65,120.00,4.00,0.00,30.24,M,6.21,M,FEW,M,M,M,3500.00,M,M,M,M,M,M,M,M,M,M,55.40,FAPE 111700Z 12004KT 9999 FEW035 13/11 Q1024 NOSIG,M
FAPE,2026-07-11 18:00,50.00,48.20,93.50,0.00,0.00,0.00,30.27,M,6.21,M,FEW,M,M,M,2700.00,M,M,M,M,M,M,M,M,M,M,50.00,FAPE 111800Z 00000KT 9999 FEW027 10/09 Q1025 NOSIG,M
FAPE,2026-07-11 19:00,51.80,50.00,93.55,230.00,2.00,0.00,30.27,M,6.21,M,FEW,M,M,M,3000.00,M,M,M,M,M,M,M,M,M,M,51.80,FAPE 111900Z 23002KT 9999 FEW030 11/10 Q1025 NOSIG,M
FAPE,2026-07-11 19:58,51.80,51.80,100.00,250.00,2.00,0.00,30.27,M,5.59,M,FEW,M,M,M,2700.00,M,M,M,M,M,M,M,M,M,M,51.80,FAPE 111958Z AUTO 25002KT 9000 FEW027/// 11/11 Q1025 NOSIG,M
FAPE,2026-07-11 20:00,51.80,51.80,100.00,250.00,2.00,0.00,30.27,M,5.59,M,FEW,M,M,M,2700.00,M,M,M,M,M,M,M,M,M,M,51.80,FAPE 112000Z AUTO 25002KT 9000 FEW027/// 11/11 Q1025 NOSIG,M
FAPE,2026-07-11 21:00,48.20,46.40,93.45,250.00,3.00,0.00,30.27,M,4.97,M,NCD,M,M,M,M,M,M,M,M,M,M,M,M,M,M,47.21,FAPE 112100Z AUTO 25003KT 8000 NCD 09/08 Q1025 NOSIG,M
FAPE,2026-07-11 22:00,46.40,46.40,100.00,280.00,4.00,0.00,30.27,M,6.21,M,FEW,M,M,M,2300.00,M,M,M,M,M,M,M,M,M,M,44.24,FAPE 112200Z 28004KT 9999 FEW023 08/08 Q1025 NOSIG,M
FAPE,2026-07-11 22:04,50.00,50.00,100.00,250.00,3.00,0.00,30.27,M,6.21,M,FEW,M,M,M,2300.00,M,M,M,M,M,M,M,M,M,M,50.00,FAPE 112204Z 25003KT 190V290 9999 FEW023 10/10 Q1025 NOSIG,M
FAPE,2026-07-11 23:00,50.00,50.00,100.00,260.00,3.00,0.00,30.27,M,6.21,M,FEW,BKN,M,M,2300.00,3500.00,M,M,M,M,M,M,M,M,M,50.00,FAPE 112300Z 26003KT 9999 FEW023 BKN035 10/10 Q1025 NOSIG,M
FAPE,2026-07-12 00:00,50.00,50.00,100.00,270.00,3.00,0.00,30.24,M,6.21,M,FEW,M,M,M,2000.00,M,M,M,M,M,M,M,M,M,M,50.00,FAPE 120000Z 27003KT 9999 FEW020 10/10 Q1024 NOSIG,M
FAPE,2026-07-12 01:00,53.60,53.60,100.00,140.00,4.00,0.00,30.24,M,6.21,M,FEW,SCT,M,M,1000.00,2300.00,M,M,M,M,M,M,M,M,M,53.60,FAPE 120100Z 14004KT 110V170 9999 FEW010 SCT023 12/12 Q1024 TEMPO BKN010,M
FAPE,2026-07-12 01:09,57.20,57.20,100.00,100.00,7.00,0.00,30.24,M,6.21,M,FEW,SCT,M,M,1000.00,2300.00,M,M,M,M,M,M,M,M,M,57.20,FAPE 120109Z 10007KT 9999 FEW010 SCT023 14/14 Q1024 TEMPO BKN010,M
FAPE,2026-07-12 02:00,57.20,55.40,93.70,90.00,7.00,0.00,30.24,M,6.21,M,FEW,SCT,M,M,1000.00,2800.00,M,M,M,M,M,M,M,M,M,57.20,FAPE 120200Z 09007KT 9999 FEW010 SCT028 14/13 Q1024 NOSIG,M
FAPE,2026-07-12 03:00,57.20,57.20,100.00,100.00,10.00,0.00,30.24,M,6.21,M,FEW,BKN,M,M,900.00,2800.00,M,M,M,M,M,M,M,M,M,57.20,FAPE 120300Z 10010KT 9999 FEW009 BKN028 14/14 Q1024 NOSIG,M
FAPE,2026-07-12 04:00,59.00,57.20,93.74,110.00,6.00,0.00,30.24,M,6.21,M,SCT,SCT,M,M,1300.00,2500.00,M,M,M,M,M,M,M,M,M,59.00,FAPE 120400Z 11006KT 9999 SCT013 SCT025 15/14 Q1024 NOSIG,M
FAPE,2026-07-12 04:56,59.00,57.20,93.74,100.00,12.00,0.00,30.27,M,3.11,M,BKN,FEW,M,M,1300.00,4500.00,M,M,SHRA,M,M,M,M,M,M,59.00,FAPE 120456Z 10012KT 5000 SHRA BKN013 FEW045TCU 15/14 Q1025 BECMG 8000 -SHRA,M
FAPE,2026-07-12 05:00,59.00,57.20,93.74,100.00,12.00,0.00,30.27,M,3.11,M,BKN,FEW,M,M,1300.00,4500.00,M,M,SHRA,M,M,M,M,M,M,59.00,FAPE 120500Z 10012KT 5000 SHRA BKN013 FEW045TCU 15/14 Q1025 BECMG 8000 -SHRA,M
FAPE,2026-07-12 05:13,59.00,57.20,93.74,100.00,10.00,0.00,30.27,M,6.21,M,BKN,M,M,M,1300.00,M,M,M,M,M,M,M,M,M,M,59.00,FAPE 120513Z 10010KT 9999 BKN013 15/14 Q1025 BECMG SCT013,M
FAPE,2026-07-12 05:59,57.20,57.20,100.00,100.00,11.00,0.00,30.27,M,6.21,M,FEW,BKN,M,M,800.00,1500.00,M,M,M,M,M,M,M,M,M,57.20,FAPE 120559Z 10011KT 9999 FEW008 BKN015 14/14 Q1025 NOSIG,M
FAPE,2026-07-12 06:00,57.20,57.20,100.00,100.00,11.00,0.00,30.27,M,6.21,M,FEW,BKN,M,M,800.00,1500.00,M,M,M,M,M,M,M,M,M,57.20,FAPE 120600Z 10011KT 9999 FEW008 BKN015 14/14 Q1025 NOSIG,M
FAPE,2026-07-12 06:23,59.00,57.20,93.74,90.00,7.00,0.00,30.27,M,6.21,M,FEW,SCT,M,M,800.00,1500.00,M,M,M,M,M,M,M,M,M,59.00,FAPE 120623Z 09007KT 9999 FEW008 SCT015 15/14 Q1025 TEMPO BKN015,M
FAPE,2026-07-12 07:00,60.80,57.20,87.93,80.00,8.00,0.00,30.30,M,6.21,M,FEW,SCT,M,M,1500.00,2000.00,M,M,M,M,M,M,M,M,M,60.80,FAPE 120700Z 08008KT 9999 FEW015 SCT020 16/14 Q1026 NOSIG,M
FAPE,2026-07-12 08:00,62.60,57.20,82.51,80.00,6.00,0.00,30.30,M,6.21,M,FEW,BKN,M,M,1500.00,2000.00,M,M,M,M,M,M,M,M,M,62.60,FAPE 120800Z 08006KT 9999 FEW015 BKN020 17/14 Q1026 NOSIG,M
FAPE,2026-07-12 09:00,60.80,57.20,87.93,60.00,8.00,0.00,30.27,M,6.21,M,FEW,BKN,M,M,1500.00,2000.00,M,M,M,M,M,M,M,M,M,60.80,FAPE 120900Z 06008KT 360V100 9999 FEW015 BKN020 16/14 Q1025 NOSIG,M
FAPE,2026-07-12 09:30,59.00,59.00,100.00,30.00,5.00,0.00,30.27,M,4.97,M,FEW,BKN,M,M,1000.00,1500.00,M,M,-RA,M,M,M,M,M,M,59.00,FAPE 120930Z 03005KT 8000 -RA FEW010 BKN015 15/15 Q1025 BECMG SCT015,M
FAPE,2026-07-12 10:00,59.00,59.00,100.00,70.00,6.00,0.00,30.27,M,6.21,M,SCT,BKN,M,M,700.00,1500.00,M,M,-RA,M,M,M,M,M,M,59.00,FAPE 121000Z 07006KT 030V100 9999 -RA SCT007 BKN015 15/15 Q1025 BECMG SCT015,M
FAPE,2026-07-12 10:08,60.80,59.00,93.79,70.00,4.00,0.00,30.27,M,6.21,M,BKN,BKN,M,M,700.00,1200.00,M,M,M,M,M,M,M,M,M,60.80,FAPE 121008Z 07004KT 040V110 9999 BKN007 BKN012 16/15 Q1025 BECMG SCT015,M
FAPE,2026-07-12 10:18,60.80,59.00,93.79,70.00,6.00,0.00,30.27,M,6.21,M,SCT,BKN,FEW,M,700.00,2500.00,4000.00,M,-SHRA,M,M,M,M,M,M,60.80,FAPE 121018Z 07006KT 030V100 9999 -SHRA SCT007 BKN025 FEW040TCU 16/15 Q1025 NOSIG,M
FAPE,2026-07-12 10:38,60.80,59.00,93.79,80.00,9.00,0.00,30.27,M,2.61,M,BKN,BKN,FEW,M,900.00,4000.00,4900.00,M,SHRA,M,M,M,M,M,M,60.80,COR FAPE 121038Z 08009KT 030V120 4200 SHRA BKN009 BKN040 FEW049TCU 16/15 Q1025 BECMG 6000 -SHRA SCT012,M
FAPE,2026-07-12 10:54,59.00,59.00,100.00,60.00,5.00,0.00,30.24,M,4.35,M,BKN,BKN,FEW,M,800.00,4000.00,4900.00,M,-SHRA,M,M,M,M,M,M,59.00,FAPE 121054Z 06005KT 010V100 7000 -SHRA BKN008 BKN040 FEW049TCU 15/15 Q1024 BECMG SCT015,M
FAPE,2026-07-12 11:00,59.00,59.00,100.00,70.00,6.00,0.00,30.24,M,4.35,M,BKN,BKN,FEW,M,800.00,4000.00,4900.00,M,-SHRA,M,M,M,M,M,M,59.00,FAPE 121100Z 07006KT 010V110 7000 -SHRA BKN008 BKN040 FEW049TCU 15/15 Q1024 BECMG SCT015,M
FAPE,2026-07-12 11:07,60.80,59.00,93.79,90.00,12.00,0.00,30.24,M,6.21,M,BKN,BKN,M,M,800.00,1400.00,M,M,M,M,M,M,M,M,M,60.80,COR FAPE 121107Z 09012KT 9999 BKN008 BKN014 16/15 Q1024 BECMG SCT015,M
FAPE,2026-07-12 11:31,62.60,59.00,88.01,90.00,12.00,0.00,30.24,M,6.21,M,FEW,BKN,M,M,1400.00,2200.00,M,M,M,M,M,M,M,M,M,62.60,FAPE 121131Z 09012KT 9999 FEW014 BKN022 17/15 Q1024 NOSIG,M
FAPE,2026-07-12 12:00,62.60,59.00,88.01,80.00,12.00,0.00,30.24,M,6.21,M,FEW,SCT,M,M,1300.00,2200.00,M,M,M,M,M,M,M,M,M,62.60,FAPE 121200Z 08012KT 9999 FEW013 SCT022 17/15 Q1024 NOSIG,M
FAPE,2026-07-12 13:00,64.40,59.00,82.63,90.00,10.00,0.00,30.21,M,6.21,M,FEW,M,M,M,1400.00,M,M,M,M,M,M,M,M,M,M,64.40,FAPE 121300Z 09010KT 9999 FEW014 18/15 Q1023 NOSIG,M
FAPE,2026-07-12 14:00,62.60,55.40,77.31,90.00,12.00,0.00,30.21,M,6.21,M,FEW,M,M,M,1500.00,M,M,M,M,M,M,M,M,M,M,62.60,FAPE 121400Z 09012KT 9999 FEW015 17/13 Q1023 NOSIG,M
FAPE,2026-07-12 15:00,60.80,57.20,87.93,90.00,9.00,0.00,30.21,M,6.21,M,FEW,M,M,M,1500.00,M,M,M,M,M,M,M,M,M,M,60.80,FAPE 121500Z 09009KT 9999 FEW015 16/14 Q1023 NOSIG,M
FAPE,2026-07-12 16:00,60.80,57.20,87.93,90.00,9.00,0.00,30.24,M,6.21,M,FEW,M,M,M,700.00,M,M,M,M,M,M,M,M,M,M,60.80,FAPE 121600Z 09009KT 9999 FEW007 16/14 Q1024 NOSIG,M
FAPE,2026-07-12 17:00,60.80,57.20,87.93,80.00,10.00,0.00,30.24,M,6.21,M,M,M,M,M,M,M,M,M,M,M,M,M,M,M,M,60.80,FAPE 121700Z 08010KT CAVOK 16/14 Q1024 NOSIG,M
FAPE,2026-07-12 18:00,60.80,57.20,87.93,70.00,12.00,0.00,30.24,M,6.21,M,FEW,M,M,M,500.00,M,M,M,M,M,M,M,M,M,M,60.80,FAPE 121800Z 07012KT 9999 FEW005 16/14 Q1024 NOSIG,M
FAPE,2026-07-12 19:00,60.80,59.00,93.79,80.00,10.00,0.00,30.24,M,6.21,M,FEW,M,M,M,1400.00,M,M,M,M,M,M,M,M,M,M,60.80,FAPE 121900Z 08010KT 9999 FEW014 16/15 Q1024 NOSIG,M
FAPE,2026-07-12 20:00,59.00,57.20,93.74,60.00,9.00,0.00,30.24,M,6.21,M,FEW,M,M,M,2000.00,M,M,M,M,M,M,M,M,M,M,59.00,FAPE 122000Z 06009KT 9999 FEW020 15/14 Q1024 NOSIG,M
FAPE,2026-07-12 21:00,59.00,57.20,93.74,70.00,7.00,0.00,30.24,M,6.21,M,FEW,M,M,M,1000.00,M,M,M,M,M,M,M,M,M,M,59.00,FAPE 122100Z 07007KT 9999 FEW010 15/14 Q1024 NOSIG,M
FAPE,2026-07-12 22:00,59.00,55.40,87.84,60.00,7.00,0.00,30.24,M,6.21,M,FEW,M,M,M,1000.00,M,M,M,M,M,M,M,M,M,M,59.00,FAPE 122200Z 06007KT 9999 FEW010 15/13 Q1024 NOSIG,M
FAPE,2026-07-12 23:00,59.00,55.40,87.84,70.00,8.00,0.00,30.21,M,6.21,M,M,M,M,M,M,M,M,M,M,M,M,M,M,M,M,59.00,FAPE 122300Z 07008KT CAVOK 15/13 Q1023 NOSIG,M
FAPE,2026-07-13 00:00,59.00,55.40,87.84,70.00,10.00,0.00,30.21,M,6.21,M,M,M,M,M,M,M,M,M,M,M,M,M,M,M,M,59.00,FAPE 130000Z 07010KT CAVOK 15/13 Q1023 NOSIG,M
FAPE,2026-07-13 00:59,60.80,57.20,87.93,60.00,11.00,0.00,30.21,M,6.21,M,BKN,M,M,M,1500.00,M,M,M,M,M,M,M,M,M,M,60.80,FAPE 130059Z 06011KT 9999 BKN015 16/14 Q1023 NOSIG,M
FAPE,2026-07-13 01:00,60.80,57.20,87.93,60.00,11.00,0.00,30.21,M,6.21,M,BKN,M,M,M,1500.00,M,M,M,M,M,M,M,M,M,M,60.80,FAPE 130100Z 06011KT 9999 BKN015 16/14 Q1023 NOSIG,M
FAPE,2026-07-13 01:41,59.00,57.20,93.74,50.00,9.00,0.00,30.21,M,6.21,M,SCT,M,M,M,1500.00,M,M,M,M,M,M,M,M,M,M,59.00,FAPE 130141Z 05009KT 9999 SCT015 15/14 Q1023 NOSIG,M
FAPE,2026-07-13 02:00,59.00,57.20,93.74,60.00,8.00,0.00,30.21,M,6.21,M,FEW,M,M,M,1500.00,M,M,M,M,M,M,M,M,M,M,59.00,FAPE 130200Z 06008KT 9999 FEW015 15/14 Q1023 NOSIG,M
FAPE,2026-07-13 03:00,53.60,53.60,100.00,10.00,5.00,0.00,30.18,M,6.21,M,M,M,M,M,M,M,M,M,M,M,M,M,M,M,M,53.60,FAPE 130300Z 01005KT CAVOK 12/12 Q1022 NOSIG,M
FAPE,2026-07-13 03:58,53.60,51.80,93.60,350.00,7.00,0.00,30.21,M,6.21,M,FEW,BKN,M,M,600.00,1300.00,M,M,M,M,M,M,M,M,M,53.60,FAPE 130358Z 35007KT 9999 FEW006 BKN013 12/11 Q1023 BECMG SCT015,M
FAPE,2026-07-13 04:00,53.60,51.80,93.60,350.00,7.00,0.00,30.21,M,6.21,M,FEW,BKN,M,M,600.00,1300.00,M,M,M,M,M,M,M,M,M,53.60,FAPE 130400Z 35007KT 9999 FEW006 BKN013 12/11 Q1023 BECMG SCT015,M
FAPE,2026-07-13 04:53,51.80,51.80,100.00,360.00,5.00,0.00,30.21,M,6.21,M,SCT,M,M,M,1200.00,M,M,M,M,M,M,M,M,M,M,51.80,FAPE 130453Z 36005KT 9999 SCT012 11/11 Q1023 NOSIG,M
FAPE,2026-07-13 05:00,51.80,51.80,100.00,360.00,6.00,0.00,30.21,M,6.21,M,SCT,M,M,M,1200.00,M,M,M,M,M,M,M,M,M,M,51.80,FAPE 130500Z 36006KT 9999 SCT012 11/11 Q1023 NOSIG,M
FAPE,2026-07-13 06:00,51.80,51.80,100.00,350.00,5.00,0.00,30.21,M,6.21,M,FEW,M,M,M,1200.00,M,M,M,M,M,M,M,M,M,M,51.80,FAPE 130600Z 35005KT 9999 FEW012 11/11 Q1023 NOSIG,M
FAPE,2026-07-13 06:19,53.60,53.60,100.00,10.00,5.00,0.00,30.21,M,6.21,M,BKN,M,M,M,900.00,M,M,M,M,M,M,M,M,M,M,53.60,FAPE 130619Z 01005KT 9999 BKN009 12/12 Q1023 BECMG SCT012,M
FAPE,2026-07-13 07:00,53.60,53.60,100.00,350.00,8.00,0.00,30.21,M,6.21,M,BKN,M,M,M,900.00,M,M,M,M,M,M,M,M,M,M,53.60,FAPE 130700Z 35008KT 9999 BKN009 12/12 Q1023 BECMG SCT012,M
FAPE,2026-07-13 08:00,57.20,53.60,87.75,360.00,6.00,0.00,30.21,M,6.21,M,BKN,M,M,M,900.00,M,M,M,M,M,M,M,M,M,M,57.20,FAPE 130800Z 36006KT 320V020 9999 BKN009 14/12 Q1023 BECMG SCT015,M
FAPE,2026-07-13 08:24,59.00,53.60,82.26,360.00,7.00,0.00,30.21,M,6.21,M,SCT,M,M,M,1200.00,M,M,M,M,M,M,M,M,M,M,59.00,FAPE 130824Z 36007KT 330V040 9999 SCT012 15/12 Q1023,M
FAPE,2026-07-13 09:00,59.00,53.60,82.26,10.00,8.00,0.00,30.21,M,6.21,M,FEW,SCT,M,M,900.00,1100.00,M,M,M,M,M,M,M,M,M,59.00,FAPE 130900Z 01008KT 9999 FEW009 SCT011 15/12 Q1023 NOSIG,M
FAPE,2026-07-13 09:38,60.80,55.40,82.38,360.00,9.00,0.00,30.21,M,6.21,M,BKN,M,M,M,1200.00,M,M,M,M,M,M,M,M,M,M,60.80,FAPE 130938Z 36009KT 9999 BKN012 16/13 Q1023 BECMG FEW012,M
FAPE,2026-07-13 09:56,62.60,55.40,77.31,10.00,8.00,0.00,30.21,M,6.21,M,SCT,M,M,M,1200.00,M,M,M,M,M,M,M,M,M,M,62.60,FAPE 130956Z 01008KT 9999 SCT012 17/13 Q1023 NOSIG,M
FAPE,2026-07-13 10:00,62.60,55.40,77.31,10.00,8.00,0.00,30.21,M,6.21,M,SCT,M,M,M,1200.00,M,M,M,M,M,M,M,M,M,M,62.60,FAPE 131000Z 01008KT 9999 SCT012 17/13 Q1023 NOSIG,M
FAPE,2026-07-13 11:00,64.40,57.20,77.46,40.00,7.00,0.00,30.18,M,6.21,M,FEW,M,M,M,1200.00,M,M,M,M,M,M,M,M,M,M,64.40,FAPE 131100Z 04007KT 010V070 9999 FEW012 18/14 Q1022 NOSIG,M
FAPE,2026-07-13 12:00,64.40,57.20,77.46,60.00,7.00,0.00,30.15,M,6.21,M,FEW,M,M,M,2000.00,M,M,M,M,M,M,M,M,M,M,64.40,FAPE 131200Z 06007KT 9999 FEW020 18/14 Q1021 NOSIG,M
FAPE,2026-07-13 13:00,62.60,57.20,82.51,80.00,8.00,0.00,30.12,M,6.21,M,FEW,M,M,M,1800.00,M,M,M,M,M,M,M,M,M,M,62.60,FAPE 131300Z 08008KT 9999 FEW018 17/14 Q1020 NOSIG,M
FAPE,2026-07-13 14:00,62.60,59.00,88.01,60.00,7.00,0.00,30.12,M,6.21,M,FEW,M,M,M,1500.00,M,M,M,M,M,M,M,M,M,M,62.60,FAPE 131400Z 06007KT 9999 FEW015 17/15 Q1020 NOSIG,M
FAPE,2026-07-13 15:00,62.60,59.00,88.01,60.00,6.00,0.00,30.12,M,6.21,M,M,M,M,M,M,M,M,M,M,M,M,M,M,M,M,62.60,FAPE 131500Z 06006KT CAVOK 17/15 Q1020 NOSIG,M
FAPE,2026-07-13 16:00,59.00,57.20,93.74,60.00,4.00,0.00,30.12,M,6.21,M,M,M,M,M,M,M,M,M,M,M,M,M,M,M,M,59.00,FAPE 131600Z 06004KT CAVOK 15/14 Q1020 NOSIG,M
FAPE,2026-07-13 17:00,57.20,57.20,100.00,40.00,4.00,0.00,30.12,M,6.21,M,M,M,M,M,M,M,M,M,M,M,M,M,M,M,M,57.20,FAPE 131700Z 04004KT CAVOK 14/14 Q1020 NOSIG,M
FAPE,2026-07-13 18:00,55.40,55.40,100.00,20.00,3.00,0.00,30.12,M,6.21,M,M,M,M,M,M,M,M,M,M,M,M,M,M,M,M,55.40,FAPE 131800Z 02003KT CAVOK 13/13 Q1020 NOSIG,M
FAPE,2026-07-13 19:00,51.80,51.80,100.00,M,2.00,0.00,30.12,M,6.21,M,M,M,M,M,M,M,M,M,M,M,M,M,M,M,M,51.80,FAPE 131900Z VRB02KT CAVOK 11/11 Q1020 NOSIG,M
FAPE,2026-07-13 19:40,51.80,51.80,100.00,0.00,0.00,0.00,30.12,M,2.49,M,NSC,M,M,M,M,M,M,M,BR,M,M,M,M,M,M,51.80,FAPE 131940Z 00000KT 4000 BR NSC 11/11 Q1020 TEMPO 0800 FG VV002,M
FAPE,2026-07-13 20:00,50.00,50.00,100.00,0.00,0.00,0.00,30.12,M,1.86,M,NSC,M,M,M,M,M,M,M,BR,M,M,M,M,M,M,50.00,FAPE 132000Z 00000KT 3000 BR NSC 10/10 Q1020 TEMPO 0800 FG VV002,M
FAPE,2026-07-13 20:01,50.00,50.00,100.00,0.00,0.00,0.00,30.12,M,1.86,M,NSC,M,M,M,M,M,M,M,BR,M,M,M,M,M,M,50.00,FAPE 132001Z 00000KT 3000 BR NSC 10/10 Q1020 TEMPO 0800 FG VV002,M
FAPE,2026-07-13 20:52,51.80,51.80,100.00,300.00,2.00,0.00,30.12,M,1.12,M,FEW,M,M,M,300.00,M,M,M,BR,M,M,M,M,M,M,51.80,FAPE 132052Z 30002KT 1800 BR FEW003 11/11 Q1020 TEMPO 0800 FG VV002,M
FAPE,2026-07-13 21:00,51.80,51.80,100.00,300.00,2.00,0.00,30.12,M,1.12,M,FEW,M,M,M,300.00,M,M,M,BR,M,M,M,M,M,M,51.80,FAPE 132100Z 30002KT 1800 BR FEW003 11/11 Q1020 TEMPO 0800 FG VV002,M
FAPE,2026-07-13 21:49,50.00,50.00,100.00,350.00,3.00,0.00,30.12,M,3.73,M,NSC,M,M,M,M,M,M,M,M,M,M,M,M,M,M,50.00,FAPE 132149Z 35003KT 320V020 6000 1600 NSC 10/10 Q1020 TEMPO 0800 FG VV002,M
FAPE,2026-07-13 22:00,50.00,50.00,100.00,350.00,3.00,0.00,30.12,M,3.73,M,NSC,M,M,M,M,M,M,M,M,M,M,M,M,M,M,50.00,FAPE 132200Z 35003KT 6000 1600 NSC 10/10 Q1020 TEMPO 0800 FG VV002,M
FAPE,2026-07-13 22:11,50.00,50.00,100.00,330.00,2.00,0.00,30.12,M,2.11,M,NSC,M,M,M,M,M,M,M,BR,M,M,M,M,M,M,50.00,FAPE 132211Z 33002KT 3400 BR NSC 10/10 Q1020 TEMPO 0800 FG VV002,M
FAPE,2026-07-13 22:22,50.00,50.00,100.00,330.00,2.00,0.00,30.12,M,1.43,M,NSC,M,M,M,M,M,M,M,BR,M,M,M,M,M,M,50.00,FAPE 132222Z 33002KT 2300 BR NSC 10/10 Q1020 TEMPO 0800 FG VV002,M
FAPE,2026-07-13 23:00,51.80,51.80,100.00,270.00,2.00,0.00,30.09,M,1.74,M,NSC,M,M,M,M,M,M,M,BR,M,M,M,M,M,M,51.80,FAPE 132300Z 27002KT 2800 BR NSC 11/11 Q1019 TEMPO 0800 FG VV002,M
FAPE,2026-07-13 23:52,50.00,50.00,100.00,260.00,4.00,0.00,30.09,M,2.42,M,NSC,M,M,M,M,M,M,M,BR,M,M,M,M,M,M,50.00,FAPE 132352Z 26004KT 3900 BR NSC 10/10 Q1019 TEMPO 0800 FG VV002,M
FAPE,2026-07-14 00:00,50.00,50.00,100.00,260.00,4.00,0.00,30.09,M,2.36,M,NSC,M,M,M,M,M,M,M,BR,M,M,M,M,M,M,50.00,FAPE 140000Z 26004KT 3800 BR NSC 10/10 Q1019 TEMPO 0800 FG VV002,M
FAPE,2026-07-14 00:52,48.20,48.20,100.00,260.00,5.00,0.00,30.09,M,3.73,M,NSC,M,M,M,M,M,M,M,M,M,M,M,M,M,M,45.63,FAPE 140052Z 26005KT 6000 NSC 09/09 Q1019 TEMPO 0800 FG VV002,M
FAPE,2026-07-14 01:00,48.20,48.20,100.00,260.00,5.00,0.00,30.09,M,3.73,M,NSC,M,M,M,M,M,M,M,M,M,M,M,M,M,M,45.63,FAPE 140100Z 26005KT 6000 NSC 09/09 Q1019 TEMPO 0800 FG VV002,M
FAPE,2026-07-14 02:00,51.80,51.80,100.00,240.00,3.00,0.00,30.09,M,6.21,M,M,M,M,M,M,M,M,M,M,M,M,M,M,M,M,51.80,FAPE 140200Z 24003KT CAVOK 11/11 Q1019 NOSIG,M
FAPE,2026-07-14 03:00,51.80,51.80,100.00,240.00,5.00,0.00,30.06,M,6.21,M,M,M,M,M,M,M,M,M,M,M,M,M,M,M,M,51.80,FAPE 140300Z 24005KT CAVOK 11/11 Q1018 NOSIG,M
FAPE,2026-07-14 04:00,55.40,53.60,93.65,260.00,7.00,0.00,30.09,M,6.21,M,M,M,M,M,M,M,M,M,M,M,M,M,M,M,M,55.40,FAPE 140400Z 26007KT CAVOK 13/12 Q1019 NOSIG,M
FAPE,2026-07-14 05:00,51.80,50.00,93.55,M,2.00,0.00,30.12,M,6.21,M,M,M,M,M,M,M,M,M,M,M,M,M,M,M,M,51.80,FAPE 140500Z VRB02KT CAVOK 11/10 Q1020 NOSIG,M
FAPE,2026-07-14 06:00,51.80,51.80,100.00,M,2.00,0.00,30.12,M,6.21,M,M,M,M,M,M,M,M,M,M,M,M,M,M,M,M,51.80,FAPE 140600Z VRB02KT CAVOK 11/11 Q1020 NOSIG,M
FAPE,2026-07-14 06:27,55.40,53.60,93.65,260.00,3.00,0.00,30.12,M,6.21,M,M,M,M,M,M,M,M,M,M,M,M,M,M,M,M,55.40,FAPE 140627Z 26003KT CAVOK 13/12 Q1020 NOSIG,M
FAPE,2026-07-14 06:57,59.00,53.60,82.26,270.00,4.00,0.00,30.12,M,6.21,M,M,M,M,M,M,M,M,M,M,M,M,M,M,M,M,59.00,FAPE 140657Z 27004KT 240V310 CAVOK 15/12 Q1020 NOSIG,M
FAPE,2026-07-14 07:00,59.00,53.60,82.26,270.00,4.00,0.00,30.12,M,6.21,M,M,M,M,M,M,M,M,M,M,M,M,M,M,M,M,59.00,FAPE 140700Z 27004KT 240V310 CAVOK 15/12 Q1020 NOSIG,M
FAPE,2026-07-14 08:00,62.60,55.40,77.31,240.00,4.00,0.00,30.15,M,6.21,M,M,M,M,M,M,M,M,M,M,M,M,M,M,M,M,62.60,FAPE 140800Z 24004KT 200V290 CAVOK 17/13 Q1021 NOSIG,M
FAPE,2026-07-14 09:00,64.40,55.40,72.58,250.00,9.00,0.00,30.15,M,6.21,M,M,M,M,M,M,M,M,M,M,M,M,M,M,M,M,64.40,FAPE 140900Z 25009KT 220V280 CAVOK 18/13 Q1021 NOSIG,M
FAPE,2026-07-14 10:00,66.20,53.60,63.85,240.00,10.00,0.00,30.12,M,6.21,M,M,M,M,M,M,M,M,M,M,M,M,M,M,M,M,66.20,FAPE 141000Z 24010KT CAVOK 19/12 Q1020 NOSIG,M
FAPE,2026-07-14 11:00,66.20,55.40,68.18,230.00,10.00,0.00,30.12,M,6.21,M,M,M,M,M,M,M,M,M,M,M,M,M,M,M,M,66.20,FAPE 141100Z 23010KT CAVOK 19/13 Q1020 NOSIG,M
FAPE,2026-07-14 12:00,64.40,57.20,77.46,230.00,14.00,0.00,30.09,M,6.21,M,FEW,M,M,M,1300.00,M,M,M,M,M,M,M,M,M,M,64.40,FAPE 141200Z 23014KT 9999 FEW013 18/14 Q1019 NOSIG,M
FAPE,2026-07-14 13:00,64.40,57.20,77.46,230.00,14.00,0.00,30.09,M,6.21,M,FEW,M,M,M,1300.00,M,M,M,M,M,M,M,M,M,M,64.40,FAPE 141300Z 23014KT 9999 FEW013 18/14 Q1019 NOSIG,M
FAPE,2026-07-14 14:00,62.60,57.20,82.51,240.00,13.00,0.00,30.09,M,6.21,M,FEW,M,M,M,1400.00,M,M,M,M,M,M,M,M,M,M,62.60,FAPE 141400Z 24013KT 9999 FEW014 17/14 Q1019 TEMPO BKN013,M
FAPE,2026-07-14 15:00,60.80,55.40,82.38,240.00,13.00,0.00,30.12,M,6.21,M,SCT,M,M,M,1400.00,M,M,M,M,M,M,M,M,M,M,60.80,FAPE 141500Z 24013KT 9999 SCT014 16/13 Q1020 TEMPO BKN013,M
FAPE,2026-07-14 15:27,60.80,55.40,82.38,230.00,15.00,0.00,30.12,M,6.21,M,BKN,M,M,M,1500.00,M,M,M,M,M,M,M,M,M,M,60.80,FAPE 141527Z 23015KT 9999 BKN015 16/13 Q1020 NOSIG,M
FAPE,2026-07-14 15:54,59.00,55.40,87.84,230.00,14.00,0.00,30.12,M,6.21,M,SCT,M,M,M,1500.00,M,M,M,M,M,M,M,M,M,M,59.00,FAPE 141554Z 23014KT 9999 SCT015 15/13 Q1020 TEMPO BKN014,M
FAPE,2026-07-14 16:00,59.00,55.40,87.84,230.00,14.00,0.00,30.12,M,6.21,M,SCT,M,M,M,1500.00,M,M,M,M,M,M,M,M,M,M,59.00,FAPE 141600Z 23014KT 9999 SCT015 15/13 Q1020 TEMPO BKN014,M
FAPE,2026-07-14 17:00,59.00,55.40,87.84,240.00,11.00,0.00,30.15,M,6.21,M,SCT,M,M,M,1500.00,M,M,M,M,M,M,M,M,M,M,59.00,FAPE 141700Z 24011KT 9999 SCT015 15/13 Q1021 TEMPO BKN014,M
FAPE,2026-07-14 18:00,59.00,55.40,87.84,250.00,11.00,0.00,30.15,M,6.21,M,FEW,M,M,M,1500.00,M,M,M,M,M,M,M,M,M,M,59.00,FAPE 141800Z 25011KT 9999 FEW015 15/13 Q1021 TEMPO FM1900 BKN013,M
FAPE,2026-07-14 19:00,57.20,53.60,87.75,270.00,6.00,0.00,30.18,M,6.21,M,FEW,M,M,M,1500.00,M,M,M,M,M,M,M,M,M,M,57.20,FAPE 141900Z 27006KT 9999 FEW015 14/12 Q1022 TEMPO FM1900 BKN013,M
FAPE,2026-07-14 19:19,59.00,55.40,87.84,270.00,6.00,0.00,30.18,M,6.21,M,BKN,M,M,M,1400.00,M,M,M,M,M,M,M,M,M,M,59.00,FAPE 141919Z 27006KT 9999 BKN014 15/13 Q1022 TEMPO SCT013,M
FAPE,2026-07-14 20:00,59.00,55.40,87.84,270.00,5.00,0.00,30.18,M,6.21,M,BKN,M,M,M,1400.00,M,M,M,M,M,M,M,M,M,M,59.00,FAPE 142000Z 27005KT 250V310 9999 BKN014 15/13 Q1022 TEMPO SCT013,M
FAPE,2026-07-14 20:11,57.20,53.60,87.75,300.00,4.00,0.00,30.18,M,6.21,M,FEW,M,M,M,1500.00,M,M,M,M,M,M,M,M,M,M,57.20,FAPE 142011Z 30004KT 270V330 9999 FEW015 14/12 Q1022 NOSIG,M
FAPE,2026-07-14 21:00,55.40,53.60,93.65,280.00,5.00,0.00,30.18,M,6.21,M,M,M,M,M,M,M,M,M,M,M,M,M,M,M,M,55.40,FAPE 142100Z 28005KT 250V310 CAVOK 13/12 Q1022 NOSIG,M
FAPE,2026-07-14 22:00,53.60,53.60,100.00,300.00,6.00,0.00,30.18,M,6.21,M,M,M,M,M,M,M,M,M,M,M,M,M,M,M,M,53.60,FAPE 142200Z 30006KT CAVOK 12/12 Q1022 NOSIG,M
FAPE,2026-07-14 23:00,53.60,53.60,100.00,310.00,7.00,0.00,30.18,M,6.21,M,M,M,M,M,M,M,M,M,M,M,M,M,M,M,M,53.60,FAPE 142300Z 31007KT CAVOK 12/12 Q1022 NOSIG,M
FAPE,2026-07-15 00:00,50.00,50.00,100.00,290.00,3.00,0.00,30.18,M,6.21,M,M,M,M,M,M,M,M,M,M,M,M,M,M,M,M,50.00,FAPE 150000Z 29003KT CAVOK 10/10 Q1022 NOSIG,M
FAPE,2026-07-15 01:00,50.00,50.00,100.00,260.00,3.00,0.00,30.18,M,6.21,M,M,M,M,M,M,M,M,M,M,M,M,M,M,M,M,50.00,FAPE 150100Z 26003KT CAVOK 10/10 Q1022 NOSIG,M
FAPE,2026-07-15 02:00,50.00,50.00,100.00,280.00,4.00,0.00,30.18,M,6.21,M,FEW,M,M,M,1600.00,M,M,M,M,M,M,M,M,M,M,50.00,FAPE 150200Z 28004KT 9999 FEW016 10/10 Q1022 NOSIG,M
FAPE,2026-07-15 03:00,50.00,50.00,100.00,270.00,3.00,0.00,30.15,M,6.21,M,M,M,M,M,M,M,M,M,M,M,M,M,M,M,M,50.00,FAPE 150300Z 27003KT CAVOK 10/10 Q1021 NOSIG,M
FAPE,2026-07-15 03:47,51.80,51.80,100.00,M,2.00,0.00,30.18,M,6.21,M,M,M,M,M,M,M,M,M,M,M,M,M,M,M,M,51.80,FAPE 150347Z VRB02KT CAVOK 11/11 Q1022 NOSIG,M
FAPE,2026-07-15 04:00,50.00,50.00,100.00,M,2.00,0.00,30.18,M,6.21,M,M,M,M,M,M,M,M,M,M,M,M,M,M,M,M,50.00,FAPE 150400Z VRB02KT CAVOK 10/10 Q1022 NOSIG,M
FAPE,2026-07-15 04:20,53.60,53.60,100.00,260.00,8.00,0.00,30.18,M,6.21,M,M,M,M,M,M,M,M,M,M,M,M,M,M,M,M,53.60,FAPE 150420Z 26008KT CAVOK 12/12 Q1022 NOSIG,M
FAPE,2026-07-15 05:00,53.60,51.80,93.60,260.00,8.00,0.00,30.18,M,6.21,M,M,M,M,M,M,M,M,M,M,M,M,M,M,M,M,53.60,FAPE 150500Z 26008KT CAVOK 12/11 Q1022 NOSIG,M
FAPE,2026-07-15 06:00,53.60,51.80,93.60,310.00,5.00,0.00,30.21,M,6.21,M,M,M,M,M,M,M,M,M,M,M,M,M,M,M,M,53.60,FAPE 150600Z 31005KT 280V340 CAVOK 12/11 Q1023 NOSIG,M
FAPE,2026-07-15 07:00,55.40,51.80,87.65,320.00,6.00,0.00,30.24,M,6.21,M,M,M,M,M,M,M,M,M,M,M,M,M,M,M,M,55.40,FAPE 150700Z 32006KT CAVOK 13/11 Q1024 NOSIG,M
FAPE,2026-07-15 07:24,59.00,53.60,82.26,330.00,5.00,0.00,30.24,M,6.21,M,M,M,M,M,M,M,M,M,M,M,M,M,M,M,M,59.00,FAPE 150724Z 33005KT CAVOK 15/12 Q1024 NOSIG,M
FAPE,2026-07-15 08:00,60.80,53.60,77.15,300.00,5.00,0.00,30.24,M,6.21,M,M,M,M,M,M,M,M,M,M,M,M,M,M,M,M,60.80,FAPE 150800Z 30005KT 270V330 CAVOK 16/12 Q1024 NOSIG,M
FAPE,2026-07-15 09:00,62.60,53.60,72.40,250.00,11.00,0.00,30.24,M,6.21,M,M,M,M,M,M,M,M,M,M,M,M,M,M,M,M,62.60,FAPE 150900Z 25011KT CAVOK 17/12 Q1024 NOSIG,M
FAPE,2026-07-15 10:00,62.60,51.80,67.76,260.00,12.00,0.00,30.24,M,6.21,M,M,M,M,M,M,M,M,M,M,M,M,M,M,M,M,62.60,FAPE 151000Z 26012KT CAVOK 17/11 Q1024 NOSIG,M
FAPE,2026-07-15 11:00,64.40,51.80,63.62,250.00,13.00,0.00,30.21,M,6.21,M,M,M,M,M,M,M,M,M,M,M,M,M,M,M,M,64.40,FAPE 151100Z 25013KT CAVOK 18/11 Q1023 NOSIG,M
FAPE,2026-07-15 15:00,62.60,55.40,77.31,250.00,11.00,0.00,30.21,M,6.21,M,FEW,M,M,M,600.00,M,M,M,M,M,M,M,M,M,M,62.60,FAPE 151500Z 25011KT 9999 FEW006 17/13 Q1023 NOSIG,M
FAPE,2026-07-15 16:00,60.80,53.60,77.15,260.00,10.00,0.00,30.24,M,6.21,M,M,M,M,M,M,M,M,M,M,M,M,M,M,M,M,60.80,FAPE 151600Z 26010KT CAVOK 16/12 Q1024 NOSIG,M
FAPE,2026-07-15 17:00,59.00,53.60,82.26,260.00,9.00,0.00,30.24,M,6.21,M,M,M,M,M,M,M,M,M,M,M,M,M,M,M,M,59.00,FAPE 151700Z 26009KT CAVOK 15/12 Q1024 NOSIG,M
FAPE,2026-07-15 18:00,60.80,55.40,82.38,270.00,12.00,0.00,30.24,M,6.21,M,FEW,M,M,M,2000.00,M,M,M,M,M,M,M,M,M,M,60.80,FAPE 151800Z 27012KT 9999 FEW020 16/13 Q1024 NOSIG,M
FAPE,2026-07-15 19:00,60.80,53.60,77.15,260.00,12.00,0.00,30.24,M,6.21,M,M,M,M,M,M,M,M,M,M,M,M,M,M,M,M,60.80,FAPE 151900Z 26012KT CAVOK 16/12 Q1024 NOSIG,M
FAPE,2026-07-15 20:00,59.00,53.60,82.26,250.00,13.00,0.00,30.27,M,6.21,M,M,M,M,M,M,M,M,M,M,M,M,M,M,M,M,59.00,FAPE 152000Z 25013KT CAVOK 15/12 Q1025 NOSIG,M
FAPE,2026-07-15 21:00,60.80,55.40,82.38,240.00,14.00,0.00,30.27,M,6.21,M,M,M,M,M,M,M,M,M,M,M,M,M,M,M,M,60.80,FAPE 152100Z 24014KT CAVOK 16/13 Q1025 NOSIG,M
FAPE,2026-07-15 22:00,59.00,55.40,87.84,260.00,10.00,0.00,30.27,M,6.21,M,M,M,M,M,M,M,M,M,M,M,M,M,M,M,M,59.00,FAPE 152200Z 26010KT CAVOK 15/13 Q1025 NOSIG,M
FAPE,2026-07-15 23:00,59.00,57.20,93.74,250.00,10.00,0.00,30.27,M,6.21,M,FEW,M,M,M,1500.00,M,M,M,M,M,M,M,M,M,M,59.00,FAPE 152300Z 25010KT 9999 FEW015 15/14 Q1025 NOSIG,M
FAPE,2026-07-16 00:00,59.00,55.40,87.84,260.00,9.00,0.00,30.27,M,6.21,M,FEW,M,M,M,1400.00,M,M,M,M,M,M,M,M,M,M,59.00,FAPE 160000Z 26009KT 9999 FEW014 15/13 Q1025 NOSIG,M
FAPE,2026-07-16 01:00,59.00,55.40,87.84,280.00,7.00,0.00,30.27,M,6.21,M,M,M,M,M,M,M,M,M,M,M,M,M,M,M,M,59.00,FAPE 160100Z 28007KT CAVOK 15/13 Q1025 NOSIG,M
FAPE,2026-07-16 02:00,57.20,55.40,93.70,250.00,7.00,0.00,30.27,M,6.21,M,M,M,M,M,M,M,M,M,M,M,M,M,M,M,M,57.20,FAPE 160200Z 25007KT CAVOK 14/13 Q1025 NOSIG,M
FAPE,2026-07-16 03:00,59.00,55.40,87.84,260.00,8.00,0.00,30.24,M,6.21,M,FEW,M,M,M,1600.00,M,M,M,M,M,M,M,M,M,M,59.00,FAPE 160300Z 26008KT 9999 FEW016 15/13 Q1024 NOSIG,M
FAPE,2026-07-16 04:00,55.40,53.60,93.65,350.00,3.00,0.00,30.27,M,6.21,M,M,M,M,M,M,M,M,M,M,M,M,M,M,M,M,55.40,FAPE 160400Z 35003KT CAVOK 13/12 Q1025 NOSIG,M
FAPE,2026-07-16 05:00,53.60,53.60,100.00,340.00,4.00,0.00,30.27,M,6.21,M,M,M,M,M,M,M,M,M,M,M,M,M,M,M,M,53.60,FAPE 160500Z 34004KT CAVOK 12/12 Q1025 NOSIG,M
FAPE,2026-07-16 06:00,53.60,53.60,100.00,300.00,3.00,0.00,30.30,M,6.21,M,FEW,M,M,M,3500.00,M,M,M,M,M,M,M,M,M,M,53.60,FAPE 160600Z 30003KT 9999 FEW035 12/12 Q1026 NOSIG,M
FAPE,2026-07-16 06:22,57.20,55.40,93.70,310.00,4.00,0.00,30.30,M,6.21,M,M,M,M,M,M,M,M,M,M,M,M,M,M,M,M,57.20,FAPE 160622Z 31004KT CAVOK 14/13 Q1026 NOSIG,M
FAPE,2026-07-16 07:00,59.00,57.20,93.74,290.00,5.00,0.00,30.30,M,6.21,M,M,M,M,M,M,M,M,M,M,M,M,M,M,M,M,59.00,FAPE 160700Z 29005KT CAVOK 15/14 Q1026 NOSIG,M
FAPE,2026-07-16 07:19,62.60,57.20,82.51,290.00,6.00,0.00,30.30,M,6.21,M,M,M,M,M,M,M,M,M,M,M,M,M,M,M,M,62.60,FAPE 160719Z 29006KT CAVOK 17/14 Q1026 NOSIG,M
FAPE,2026-07-16 08:00,64.40,55.40,72.58,260.00,9.00,0.00,30.30,M,6.21,M,M,M,M,M,M,M,M,M,M,M,M,M,M,M,M,64.40,FAPE 160800Z 26009KT CAVOK 18/13 Q1026 NOSIG,M
FAPE,2026-07-16 09:00,66.20,53.60,63.85,270.00,6.00,0.00,30.27,M,6.21,M,M,M,M,M,M,M,M,M,M,M,M,M,M,M,M,66.20,FAPE 160900Z 27006KT 240V320 CAVOK 19/12 Q1025 NOSIG,M
FAPE,2026-07-16 10:00,68.00,55.40,64.07,220.00,6.00,0.00,30.27,M,6.21,M,M,M,M,M,M,M,M,M,M,M,M,M,M,M,M,68.00,FAPE 161000Z 22006KT 170V300 CAVOK 20/13 Q1025 NOSIG,M
FAPE,2026-07-16 11:00,66.20,55.40,68.18,230.00,7.00,0.00,30.24,M,6.21,M,M,M,M,M,M,M,M,M,M,M,M,M,M,M,M,66.20,FAPE 161100Z 23007KT 210V270 CAVOK 19/13 Q1024 NOSIG,M
FAPE,2026-07-16 12:00,66.20,55.40,68.18,80.00,3.00,0.00,30.18,M,6.21,M,M,M,M,M,M,M,M,M,M,M,M,M,M,M,M,66.20,FAPE 161200Z 08003KT 050V110 CAVOK 19/13 Q1022 NOSIG,M
FAPE,2026-07-16 13:00,64.40,57.20,77.46,220.00,6.00,0.00,30.18,M,6.21,M,M,M,M,M,M,M,M,M,M,M,M,M,M,M,M,64.40,FAPE 161300Z 22006KT CAVOK 18/14 Q1022 NOSIG,M
FAPE,2026-07-16 14:00,62.60,57.20,82.51,220.00,8.00,0.00,30.18,M,6.21,M,M,M,M,M,M,M,M,M,M,M,M,M,M,M,M,62.60,FAPE 161400Z 22008KT CAVOK 17/14 Q1022 NOSIG,M
FAPE,2026-07-16 15:00,62.60,57.20,82.51,230.00,6.00,0.00,30.18,M,6.21,M,M,M,M,M,M,M,M,M,M,M,M,M,M,M,M,62.60,FAPE 161500Z 23006KT CAVOK 17/14 Q1022 NOSIG,M
FAPE,2026-07-16 16:00,59.00,57.20,93.74,270.00,4.00,0.00,30.18,M,6.21,M,M,M,M,M,M,M,M,M,M,M,M,M,M,M,M,59.00,FAPE 161600Z 27004KT CAVOK 15/14 Q1022 NOSIG,M
FAPE,2026-07-16 17:00,59.00,59.00,100.00,260.00,6.00,0.00,30.18,M,6.21,M,M,M,M,M,M,M,M,M,M,M,M,M,M,M,M,59.00,FAPE 161700Z 26006KT CAVOK 15/15 Q1022 NOSIG,M
FAPE,2026-07-16 18:00,57.20,57.20,100.00,350.00,3.00,0.00,30.18,M,6.21,M,M,M,M,M,M,M,M,M,M,M,M,M,M,M,M,57.20,FAPE 161800Z 35003KT 290V010 CAVOK 14/14 Q1022 NOSIG,M
FAPE,2026-07-16 19:00,55.40,55.40,100.00,M,1.00,0.00,30.18,M,6.21,M,M,M,M,M,M,M,M,M,M,M,M,M,M,M,M,55.40,FAPE 161900Z VRB01KT CAVOK 13/13 Q1022 NOSIG,M
FAPE,2026-07-16 20:00,53.60,53.60,100.00,M,1.00,0.00,30.21,M,6.21,M,M,M,M,M,M,M,M,M,M,M,M,M,M,M,M,53.60,COR FAPE 162000Z VRB01KT CAVOK 12/12 Q1023 NOSIG,M
FAPE,2026-07-16 21:00,51.80,51.80,100.00,260.00,4.00,0.00,30.18,M,6.21,M,M,M,M,M,M,M,M,M,M,M,M,M,M,M,M,51.80,FAPE 162100Z 26004KT CAVOK 11/11 Q1022 NOSIG,M
FAPE,2026-07-16 21:07,55.40,53.60,93.65,260.00,8.00,0.00,30.21,M,6.21,M,M,M,M,M,M,M,M,M,M,M,M,M,M,M,M,55.40,FAPE 162107Z 26008KT CAVOK 13/12 Q1023 NOSIG,M
FAPE,2026-07-16 22:00,57.20,50.00,76.83,250.00,9.00,0.00,30.21,M,6.21,M,M,M,M,M,M,M,M,M,M,M,M,M,M,M,M,57.20,FAPE 162200Z 25009KT CAVOK 14/10 Q1023 NOSIG,M
FAPE,2026-07-16 23:00,57.20,51.80,82.13,240.00,11.00,0.00,30.18,M,6.21,M,M,M,M,M,M,M,M,M,M,M,M,M,M,M,M,57.20,FAPE 162300Z 24011KT CAVOK 14/11 Q1022 NOSIG,M
FAPE,2026-07-17 00:00,57.20,51.80,82.13,250.00,9.00,0.00,30.18,M,6.21,M,M,M,M,M,M,M,M,M,M,M,M,M,M,M,M,57.20,FAPE 170000Z 25009KT CAVOK 14/11 Q1022 NOSIG,M
FAPE,2026-07-17 00:47,59.00,55.40,87.84,260.00,8.00,0.00,30.18,M,6.21,M,BKN,M,M,M,1400.00,M,M,M,M,M,M,M,M,M,M,59.00,FAPE 170047Z 26008KT 9999 BKN014 15/13 Q1022,M
FAPE,2026-07-17 01:00,59.00,55.40,87.84,270.00,8.00,0.00,30.18,M,6.21,M,BKN,M,M,M,1400.00,M,M,M,M,M,M,M,M,M,M,59.00,COR FAPE 170100Z 27008KT 9999 BKN014 15/13 Q1022 NOSIG,M
FAPE,2026-07-17 01:34,59.00,57.20,93.74,250.00,10.00,0.00,30.18,M,6.21,M,FEW,M,M,M,1500.00,M,M,M,M,M,M,M,M,M,M,59.00,FAPE 170134Z 25010KT 9999 FEW015 15/14 Q1022 NOSIG,M
FAPE,2026-07-17 02:00,59.00,57.20,93.74,260.00,10.00,0.00,30.18,M,6.21,M,FEW,M,M,M,1500.00,M,M,M,M,M,M,M,M,M,M,59.00,FAPE 170200Z 26010KT 9999 FEW015 15/14 Q1022 NOSIG,M
FAPE,2026-07-17 03:00,59.00,57.20,93.74,250.00,11.00,0.00,30.15,M,6.21,M,FEW,M,M,M,1500.00,M,M,M,M,M,M,M,M,M,M,59.00,FAPE 170300Z 25011KT 9999 FEW015 15/14 Q1021 NOSIG,M
FAPE,2026-07-17 04:00,57.20,57.20,100.00,280.00,6.00,0.00,30.18,M,6.21,M,M,M,M,M,M,M,M,M,M,M,M,M,M,M,M,57.20,FAPE 170400Z 28006KT CAVOK 14/14 Q1022 NOSIG,M
FAPE,2026-07-17 05:00,57.20,55.40,93.70,290.00,5.00,0.00,30.18,M,6.21,M,M,M,M,M,M,M,M,M,M,M,M,M,M,M,M,57.20,FAPE 170500Z 29005KT CAVOK 14/13 Q1022 NOSIG,M
FAPE,2026-07-17 06:00,55.40,55.40,100.00,290.00,5.00,0.00,30.18,M,6.21,M,M,M,M,M,M,M,M,M,M,M,M,M,M,M,M,55.40,FAPE 170600Z 29005KT CAVOK 13/13 Q1022 NOSIG,M
FAPE,2026-07-17 06:56,60.80,57.20,87.93,270.00,6.00,0.00,30.21,M,6.21,M,M,M,M,M,M,M,M,M,M,M,M,M,M,M,M,60.80,FAPE 170656Z 27006KT CAVOK 16/14 Q1023 NOSIG,M
FAPE,2026-07-17 07:00,60.80,57.20,87.93,270.00,6.00,0.00,30.21,M,6.21,M,M,M,M,M,M,M,M,M,M,M,M,M,M,M,M,60.80,FAPE 170700Z 27006KT CAVOK 16/14 Q1023 NOSIG,M
FAPE,2026-07-17 08:00,64.40,57.20,77.46,260.00,10.00,0.00,30.18,M,6.21,M,M,M,M,M,M,M,M,M,M,M,M,M,M,M,M,64.40,FAPE 170800Z 26010KT CAVOK 18/14 Q1022 NOSIG,M
FAPE,2026-07-17 08:52,66.20,55.40,68.18,240.00,10.00,0.00,30.21,M,6.21,M,FEW,M,M,M,3500.00,M,M,M,M,M,M,M,M,M,M,66.20,FAPE 170852Z 24010KT 9999 FEW035 19/13 Q1023 NOSIG,M
FAPE,2026-07-17 09:00,66.20,55.40,68.18,240.00,10.00,0.00,30.21,M,6.21,M,FEW,M,M,M,3500.00,M,M,M,M,M,M,M,M,M,M,66.20,FAPE 170900Z 24010KT 9999 FEW035 19/13 Q1023 NOSIG,M
FAPE,2026-07-17 10:00,64.40,55.40,72.58,240.00,10.00,0.00,30.18,M,6.21,M,FEW,M,M,M,4000.00,M,M,M,M,M,M,M,M,M,M,64.40,FAPE 171000Z 24010KT 9999 FEW040 18/13 Q1022 NOSIG,M
FAPE,2026-07-17 11:00,64.40,55.40,72.58,230.00,10.00,0.00,30.15,M,6.21,M,FEW,M,M,M,3500.00,M,M,M,M,M,M,M,M,M,M,64.40,FAPE 171100Z 23010KT 200V260 9999 FEW035 18/13 Q1021 NOSIG,M
FAPE,2026-07-17 12:00,62.60,55.40,77.31,240.00,9.00,0.00,30.12,M,6.21,M,M,M,M,M,M,M,M,M,M,M,M,M,M,M,M,62.60,FAPE 171200Z 24009KT CAVOK 17/13 Q1020 NOSIG,M
FAPE,2026-07-17 13:00,62.60,57.20,82.51,230.00,9.00,0.00,30.12,M,6.21,M,FEW,M,M,M,1500.00,M,M,M,M,M,M,M,M,M,M,62.60,FAPE 171300Z 23009KT 9999 FEW015 17/14 Q1020 NOSIG,M
FAPE,2026-07-17 14:00,60.80,57.20,87.93,240.00,9.00,0.00,30.12,M,6.21,M,FEW,M,M,M,1500.00,M,M,M,M,M,M,M,M,M,M,60.80,FAPE 171400Z 24009KT 9999 FEW015 16/14 Q1020 NOSIG,M
FAPE,2026-07-17 15:00,60.80,55.40,82.38,250.00,8.00,0.00,30.09,M,6.21,M,M,M,M,M,M,M,M,M,M,M,M,M,M,M,M,60.80,FAPE 171500Z 25008KT CAVOK 16/13 Q1019 NOSIG,M
FAPE,2026-07-17 16:00,59.00,55.40,87.84,280.00,6.00,0.00,30.09,M,6.21,M,M,M,M,M,M,M,M,M,M,M,M,M,M,M,M,59.00,FAPE 171600Z 28006KT CAVOK 15/13 Q1019 NOSIG,M
FAPE,2026-07-17 17:00,57.20,55.40,93.70,270.00,5.00,0.00,30.12,M,6.21,M,M,M,M,M,M,M,M,M,M,M,M,M,M,M,M,57.20,FAPE 171700Z 27005KT CAVOK 14/13 Q1020 NOSIG,M
FAPE,2026-07-17 18:00,55.40,53.60,93.65,260.00,4.00,0.00,30.12,M,6.21,M,M,M,M,M,M,M,M,M,M,M,M,M,M,M,M,55.40,FAPE 171800Z 26004KT CAVOK 13/12 Q1020 NOSIG,M
FAPE,2026-07-17 19:00,53.60,53.60,100.00,270.00,4.00,0.00,30.12,M,6.21,M,M,M,M,M,M,M,M,M,M,M,M,M,M,M,M,53.60,FAPE 171900Z 27004KT CAVOK 12/12 Q1020 NOSIG,M
FAPE,2026-07-17 20:00,55.40,53.60,93.65,260.00,4.00,0.00,30.12,M,6.21,M,M,M,M,M,M,M,M,M,M,M,M,M,M,M,M,55.40,FAPE 172000Z 26004KT CAVOK 13/12 Q1020 NOSIG,M
FAPE,2026-07-17 21:00,53.60,53.60,100.00,280.00,3.00,0.00,30.12,M,6.21,M,M,M,M,M,M,M,M,M,M,M,M,M,M,M,M,53.60,FAPE 172100Z 28003KT CAVOK 12/12 Q1020 NOSIG,M
FAPE,2026-07-17 22:00,53.60,53.60,100.00,300.00,6.00,0.00,30.09,M,6.21,M,M,M,M,M,M,M,M,M,M,M,M,M,M,M,M,53.60,FAPE 172200Z 30006KT CAVOK 12/12 Q1019 NOSIG,M
FAPE,2026-07-17 23:00,50.00,50.00,100.00,270.00,4.00,0.00,30.06,M,6.21,M,M,M,M,M,M,M,M,M,M,M,M,M,M,M,M,50.00,FAPE 172300Z 27004KT CAVOK 10/10 Q1018 NOSIG,M
FAPE,2026-07-18 00:00,53.60,53.60,100.00,290.00,6.00,0.00,30.06,M,6.21,M,M,M,M,M,M,M,M,M,M,M,M,M,M,M,M,53.60,FAPE 180000Z 29006KT CAVOK 12/12 Q1018 NOSIG,M
FAPE,2026-07-18 02:00,46.40,46.40,100.00,240.00,3.00,0.00,30.03,M,5.59,M,NSC,M,M,M,M,M,M,M,M,M,M,M,M,M,M,45.15,FAPE 180200Z 24003KT 9000 NSC 08/08 Q1017 NOSIG,M
FAPE,2026-07-18 03:00,51.80,51.80,100.00,230.00,6.00,0.00,30.03,M,6.21,M,M,M,M,M,M,M,M,M,M,M,M,M,M,M,M,51.80,FAPE 180300Z 23006KT CAVOK 11/11 Q1017 NOSIG,M
FAPE,2026-07-18 04:00,51.80,51.80,100.00,280.00,3.00,0.00,30.03,M,4.35,M,NSC,M,M,M,M,M,M,M,M,M,M,M,M,M,M,51.80,FAPE 180400Z 28003KT 7000 NSC 11/11 Q1017 NOSIG,M
FAPE,2026-07-18 06:00,51.80,51.80,100.00,300.00,5.00,0.00,30.03,M,6.21,M,M,M,M,M,M,M,M,M,M,M,M,M,M,M,M,51.80,FAPE 180600Z 30005KT CAVOK 11/11 Q1017 NOSIG,M
FAPE,2026-07-18 07:00,55.40,55.40,100.00,280.00,4.00,0.00,30.06,M,6.21,M,M,M,M,M,M,M,M,M,M,M,M,M,M,M,M,55.40,FAPE 180700Z 28004KT CAVOK 13/13 Q1018 NOSIG,M
FAPE,2026-07-18 07:12,59.00,57.20,93.74,280.00,5.00,0.00,30.06,M,6.21,M,M,M,M,M,M,M,M,M,M,M,M,M,M,M,M,59.00,FAPE 180712Z 28005KT CAVOK 15/14 Q1018 NOSIG,M
FAPE,2026-07-18 08:00,60.80,59.00,93.79,260.00,6.00,0.00,30.06,M,6.21,M,M,M,M,M,M,M,M,M,M,M,M,M,M,M,M,60.80,FAPE 180800Z 26006KT CAVOK 16/15 Q1018 NOSIG,M
FAPE,2026-07-18 09:00,60.80,57.20,87.93,240.00,9.00,0.00,30.06,M,6.21,M,M,M,M,M,M,M,M,M,M,M,M,M,M,M,M,60.80,FAPE 180900Z 24009KT CAVOK 16/14 Q1018 NOSIG,M
FAPE,2026-07-18 10:00,64.40,59.00,82.63,250.00,11.00,0.00,30.03,M,6.21,M,FEW,M,M,M,1000.00,M,M,M,M,M,M,M,M,M,M,64.40,FAPE 181000Z 25011KT 9999 FEW010 18/15 Q1017 NOSIG,M
FAPE,2026-07-18 11:00,64.40,57.20,77.46,230.00,11.00,0.00,30.03,M,6.21,M,FEW,M,M,M,1000.00,M,M,M,M,M,M,M,M,M,M,64.40,FAPE 181100Z 23011KT 9999 FEW010 18/14 Q1017 NOSIG,M
FAPE,2026-07-18 12:00,64.40,55.40,72.58,240.00,12.00,0.00,30.00,M,6.21,M,FEW,M,M,M,1300.00,M,M,M,M,M,M,M,M,M,M,64.40,FAPE 181200Z 24012KT 200V260 9999 FEW013 18/13 Q1016 NOSIG,M
FAPE,2026-07-18 13:00,62.60,57.20,82.51,240.00,14.00,0.00,30.00,M,6.21,M,SCT,M,M,M,1300.00,M,M,M,M,M,M,M,M,M,M,62.60,FAPE 181300Z 24014KT 9999 SCT013 17/14 Q1016 NOSIG,M
FAPE,2026-07-18 13:23,62.60,57.20,82.51,240.00,13.00,0.00,30.00,M,6.21,M,BKN,M,M,M,1300.00,M,M,M,M,M,M,M,M,M,M,62.60,FAPE 181323Z 24013KT 9999 BKN013 17/14 Q1016 NOSIG,M
FAPE,2026-07-18 13:52,62.60,57.20,82.51,240.00,11.00,0.00,30.00,M,6.21,M,SCT,M,M,M,1300.00,M,M,M,M,M,M,M,M,M,M,62.60,FAPE 181352Z 24011KT 9999 SCT013 17/14 Q1016 NOSIG,M
FAPE,2026-07-18 14:00,62.60,57.20,82.51,240.00,11.00,0.00,30.00,M,6.21,M,SCT,M,M,M,1300.00,M,M,M,M,M,M,M,M,M,M,62.60,FAPE 181400Z 24011KT 9999 SCT013 17/14 Q1016 NOSIG,M
FAPE,2026-07-18 15:00,60.80,57.20,87.93,230.00,12.00,0.00,30.00,M,6.21,M,FEW,M,M,M,1200.00,M,M,M,M,M,M,M,M,M,M,60.80,FAPE 181500Z 23012KT 9999 FEW012 16/14 Q1016 NOSIG,M
FAPE,2026-07-18 16:00,59.00,55.40,87.84,240.00,11.00,0.00,30.00,M,6.21,M,FEW,M,M,M,1300.00,M,M,M,M,M,M,M,M,M,M,59.00,FAPE 181600Z 24011KT 9999 FEW013 15/13 Q1016 NOSIG,M
FAPE,2026-07-18 17:00,59.00,57.20,93.74,250.00,12.00,0.00,30.00,M,6.21,M,FEW,M,M,M,1200.00,M,M,M,M,M,M,M,M,M,M,59.00,FAPE 181700Z 25012KT 9999 FEW012 15/14 Q1016 NOSIG,M
FAPE,2026-07-18 18:00,57.20,55.40,93.70,240.00,8.00,0.00,30.03,M,6.21,M,FEW,M,M,M,1300.00,M,M,M,M,M,M,M,M,M,M,57.20,FAPE 181800Z 24008KT 9999 FEW013 14/13 Q1017 NOSIG,M
FAPE,2026-07-18 19:00,57.20,55.40,93.70,260.00,5.00,0.00,30.03,M,6.21,M,FEW,M,M,M,1300.00,M,M,M,M,M,M,M,M,M,M,57.20,FAPE 181900Z 26005KT 9999 FEW013 14/13 Q1017 NOSIG,M
FAPE,2026-07-18 22:00,57.20,55.40,93.70,300.00,8.00,0.00,30.00,M,6.21,M,FEW,SCT,M,M,1000.00,1200.00,M,M,M,M,M,M,M,M,M,57.20,FAPE 182200Z 30008KT 9999 FEW010 SCT012 14/13 Q1016 NOSIG,M
FAPE,2026-07-19 01:00,50.00,50.00,100.00,320.00,3.00,0.00,29.97,M,5.59,M,NSC,M,M,M,M,M,M,M,M,M,M,M,M,M,M,50.00,FAPE 190100Z 32003KT 9000 3400 NSC 10/10 Q1015 NOSIG,M
FAPE,2026-07-19 02:00,50.00,50.00,100.00,290.00,3.00,0.00,29.97,M,5.59,M,NSC,M,M,M,M,M,M,M,M,M,M,M,M,M,M,50.00,FAPE 190200Z 29003KT 9000 3300 NSC 10/10 Q1015 NOSIG,M
FAPE,2026-07-19 04:00,51.80,51.80,100.00,240.00,5.00,0.00,29.97,M,6.21,M,M,M,M,M,M,M,M,M,M,M,M,M,M,M,M,51.80,FAPE 190400Z 24005KT CAVOK 11/11 Q1015 NOSIG,M
FAPE,2026-07-19 05:00,51.80,51.80,100.00,280.00,4.00,0.00,29.97,M,6.21,M,M,M,M,M,M,M,M,M,M,M,M,M,M,M,M,51.80,FAPE 190500Z 28004KT CAVOK 11/11 Q1015 NOSIG,M
FAPE,2026-07-19 06:00,51.80,51.80,100.00,280.00,4.00,0.00,29.97,M,6.21,M,M,M,M,M,M,M,M,M,M,M,M,M,M,M,M,51.80,FAPE 190600Z 28004KT CAVOK 11/11 Q1015 NOSIG,M
FAPE,2026-07-19 06:40,55.40,55.40,100.00,300.00,4.00,0.00,30.00,M,6.21,M,M,M,M,M,M,M,M,M,M,M,M,M,M,M,M,55.40,FAPE 190640Z 30004KT CAVOK 13/13 Q1016 NOSIG,M
FAPE,2026-07-19 07:00,55.40,55.40,100.00,300.00,3.00,0.00,30.00,M,6.21,M,M,M,M,M,M,M,M,M,M,M,M,M,M,M,M,55.40,FAPE 190700Z 30003KT CAVOK 13/13 Q1016 NOSIG,M
FAPE,2026-07-19 07:18,59.00,55.40,87.84,280.00,5.00,0.00,30.00,M,6.21,M,M,M,M,M,M,M,M,M,M,M,M,M,M,M,M,59.00,FAPE 190718Z 28005KT CAVOK 15/13 Q1016 NOSIG,M
FAPE,2026-07-19 08:00,60.80,57.20,87.93,260.00,8.00,0.00,30.00,M,6.21,M,M,M,M,M,M,M,M,M,M,M,M,M,M,M,M,60.80,FAPE 190800Z 26008KT CAVOK 16/14 Q1016 NOSIG,M
FAPE,2026-07-19 09:00,62.60,53.60,72.40,240.00,12.00,0.00,30.00,M,6.21,M,FEW,M,M,M,2000.00,M,M,M,M,M,M,M,M,M,M,62.60,FAPE 190900Z 24012KT 9999 FEW020 17/12 Q1016 NOSIG,M
FAPE,2026-07-19 10:00,62.60,51.80,67.76,250.00,15.00,0.00,30.00,M,6.21,M,FEW,M,M,M,2500.00,M,M,M,M,M,M,M,M,M,M,62.60,FAPE 191000Z 25015KT 9999 FEW025 17/11 Q1016 NOSIG,M
FAPE,2026-07-19 11:00,64.40,51.80,63.62,230.00,15.00,0.00,29.97,M,6.21,M,FEW,M,M,M,2000.00,M,M,M,M,M,M,M,M,M,M,64.40,FAPE 191100Z 23015KT 9999 FEW020 18/11 Q1015 NOSIG,M
FAPE,2026-07-19 12:00,64.40,53.60,67.97,220.00,14.00,0.00,29.94,M,6.21,M,FEW,M,M,M,2000.00,M,M,M,M,M,M,M,M,M,M,64.40,FAPE 191200Z 22014KT 9999 FEW020 18/12 Q1014 NOSIG,M
FAPE,2026-07-19 13:00,64.40,51.80,63.62,240.00,15.00,0.00,29.94,M,6.21,M,FEW,M,M,M,2000.00,M,M,M,M,M,M,M,M,M,M,64.40,FAPE 191300Z 24015KT 9999 FEW020 18/11 Q1014 NOSIG,M
FAPE,2026-07-19 14:00,62.60,51.80,67.76,240.00,14.00,0.00,29.94,M,6.21,M,FEW,M,M,M,2000.00,M,M,M,M,M,M,M,M,M,M,62.60,FAPE 191400Z 24014KT 9999 FEW020 17/11 Q1014 NOSIG,M
FAPE,2026-07-19 15:00,60.80,53.60,77.15,240.00,11.00,0.00,29.94,M,6.21,M,FEW,M,M,M,1300.00,M,M,M,M,M,M,M,M,M,M,60.80,FAPE 191500Z 24011KT 9999 FEW013 16/12 Q1014 BECMG 24015G25KT,M
FAPE,2026-07-19 16:00,59.00,53.60,82.26,250.00,8.00,0.00,29.94,M,6.21,M,SCT,M,M,M,2400.00,M,M,M,M,M,M,M,M,M,M,59.00,FAPE 191600Z 25008KT 230V300 9999 SCT024 15/12 Q1014 BECMG 24015G25KT,M
FAPE,2026-07-19 17:00,59.00,53.60,82.26,260.00,12.00,0.00,29.97,M,6.21,M,FEW,M,M,M,2200.00,M,M,M,M,M,M,M,M,M,M,59.00,FAPE 191700Z 26012KT 9999 FEW022 15/12 Q1015 NOSIG,M
FAPE,2026-07-19 17:17,59.00,55.40,87.84,240.00,18.00,0.00,29.94,M,6.21,29.00,FEW,M,M,M,2000.00,M,M,M,M,M,M,M,M,M,M,59.00,FAPE 191717Z 24018G29KT 9999 FEW020 15/13 Q1014 NOSIG,M
FAPE,2026-07-19 17:44,59.00,55.40,87.84,240.00,20.00,0.00,29.97,M,6.21,31.00,FEW,M,M,M,1800.00,M,M,M,M,M,M,M,M,M,M,59.00,FAPE 191744Z 24020G31KT 9999 FEW018 15/13 Q1015 NOSIG,M
FAPE,2026-07-19 18:00,59.00,55.40,87.84,240.00,22.00,0.00,29.97,M,6.21,M,FEW,M,M,M,1700.00,M,M,M,M,M,M,M,M,M,M,59.00,FAPE 191800Z 24022KT 9999 FEW017 15/13 Q1015 NOSIG,M
FAPE,2026-07-19 18:04,59.00,57.20,93.74,240.00,23.00,0.00,30.00,M,6.21,42.00,FEW,BKN,M,M,900.00,1400.00,M,M,M,M,M,M,M,M,M,59.00,FAPE 191804Z 24023G42KT 9999 FEW009 BKN014 15/14 Q1016 NOSIG,M
FAPE,2026-07-19 18:37,57.20,51.80,82.13,240.00,20.00,0.00,30.00,M,6.21,30.00,SCT,M,M,M,1400.00,M,M,M,M,M,M,M,M,M,M,57.20,FAPE 191837Z 24020G30KT 9999 SCT014 14/11 Q1016 NOSIG,M
FAPE,2026-07-19 19:00,57.20,53.60,87.75,250.00,17.00,0.00,30.00,M,6.21,M,FEW,M,M,M,1100.00,M,M,M,M,M,M,M,M,M,M,57.20,FAPE 191900Z 25017KT 9999 FEW011 14/12 Q1016 NOSIG,M
FAPE,2026-07-19 19:50,57.20,51.80,82.13,250.00,21.00,0.00,30.00,M,6.21,31.00,FEW,M,M,M,3600.00,M,M,M,-RA,M,M,M,M,M,M,57.20,FAPE 191950Z 25021G31KT 9999 -RA FEW036 14/11 Q1016 NOSIG,M
FAPE,2026-07-19 19:56,57.20,51.80,82.13,250.00,18.00,0.00,30.00,M,6.21,M,FEW,M,M,M,3600.00,M,M,M,-RA,M,M,M,M,M,M,57.20,FAPE 191956Z 25018KT 9999 -RA FEW036 14/11 Q1016 NOSIG,M
FAPE,2026-07-19 20:00,57.20,51.80,82.13,250.00,17.00,0.00,30.00,M,6.21,M,FEW,M,M,M,3600.00,M,M,M,-RA,M,M,M,M,M,M,57.20,FAPE 192000Z 25017KT 9999 -RA FEW036 14/11 Q1016 NOSIG,M
FAPE,2026-07-19 21:00,57.20,51.80,82.13,280.00,11.00,0.00,30.03,M,6.21,M,SCT,M,M,M,3200.00,M,M,M,M,M,M,M,M,M,M,57.20,FAPE 192100Z 28011KT 9999 SCT032 14/11 Q1017 NOSIG,M
FAPE,2026-07-19 22:00,57.20,51.80,82.13,280.00,13.00,0.00,30.03,M,6.21,M,FEW,M,M,M,2400.00,M,M,M,M,M,M,M,M,M,M,57.20,FAPE 192200Z 28013KT 9999 FEW024 14/11 Q1017 NOSIG,M
FAPE,2026-07-20 00:00,55.40,48.20,76.67,280.00,9.00,0.00,30.03,M,6.21,M,M,M,M,M,M,M,M,M,M,M,M,M,M,M,M,55.40,FAPE 200000Z 28009KT CAVOK 13/09 Q1017 NOSIG,M
FAPE,2026-07-20 01:00,55.40,48.20,76.67,270.00,9.00,0.00,30.03,M,6.21,M,M,M,M,M,M,M,M,M,M,M,M,M,M,M,M,55.40,FAPE 200100Z 27009KT CAVOK 13/09 Q1017 NOSIG,M
FAPE,2026-07-20 02:00,55.40,46.40,71.65,270.00,10.00,0.00,30.03,M,6.21,M,M,M,M,M,M,M,M,M,M,M,M,M,M,M,M,55.40,FAPE 200200Z 27010KT CAVOK 13/08 Q1017 NOSIG,M
FAPE,2026-07-20 03:00,55.40,46.40,71.65,270.00,10.00,0.00,30.03,M,6.21,M,M,M,M,M,M,M,M,M,M,M,M,M,M,M,M,55.40,FAPE 200300Z 27010KT CAVOK 13/08 Q1017 NOSIG,M
FAPE,2026-07-20 04:00,53.60,44.60,71.45,310.00,7.00,0.00,30.03,M,6.21,M,M,M,M,M,M,M,M,M,M,M,M,M,M,M,M,53.60,FAPE 200400Z 31007KT CAVOK 12/07 Q1017 NOSIG,M
FAPE,2026-07-20 05:00,53.60,44.60,71.45,290.00,8.00,0.00,30.03,M,6.21,M,M,M,M,M,M,M,M,M,M,M,M,M,M,M,M,53.60,FAPE 200500Z 29008KT CAVOK 12/07 Q1017 NOSIG,M
FAPE,2026-07-20 06:00,55.40,46.40,71.65,290.00,8.00,0.00,30.03,M,6.21,M,M,M,M,M,M,M,M,M,M,M,M,M,M,M,M,55.40,FAPE 200600Z 29008KT CAVOK 13/08 Q1017 NOSIG,M
FAPE,2026-07-20 06:53,59.00,46.40,62.93,280.00,8.00,0.00,30.06,M,6.21,M,M,M,M,M,M,M,M,M,M,M,M,M,M,M,M,59.00,FAPE 200653Z 28008KT CAVOK 15/08 Q1018 NOSIG,M
FAPE,2026-07-20 07:00,59.00,46.40,62.93,280.00,8.00,0.00,30.06,M,6.21,M,M,M,M,M,M,M,M,M,M,M,M,M,M,M,M,59.00,FAPE 200700Z 28008KT CAVOK 15/08 Q1018 NOSIG,M
FAPE,2026-07-20 08:00,62.60,50.00,63.39,260.00,11.00,0.00,30.06,M,6.21,M,M,M,M,M,M,M,M,M,M,M,M,M,M,M,M,62.60,FAPE 200800Z 26011KT CAVOK 17/10 Q1018 NOSIG,M
FAPE,2026-07-20 09:00,64.40,51.80,63.62,260.00,14.00,0.00,30.06,M,6.21,M,M,M,M,M,M,M,M,M,M,M,M,M,M,M,M,64.40,FAPE 200900Z 26014KT CAVOK 18/11 Q1018 NOSIG,M
FAPE,2026-07-20 10:00,66.20,44.60,45.62,270.00,12.00,0.00,30.03,M,6.21,M,M,M,M,M,M,M,M,M,M,M,M,M,M,M,M,66.20,FAPE 201000Z 27012KT CAVOK 19/07 Q1017 NOSIG,M
FAPE,2026-07-20 11:00,68.00,44.60,42.87,270.00,9.00,0.00,30.00,M,6.21,M,M,M,M,M,M,M,M,M,M,M,M,M,M,M,M,68.00,FAPE 201100Z 27009KT CAVOK 20/07 Q1016 NOSIG,M
FAPE,2026-07-20 12:00,66.20,44.60,45.62,240.00,10.00,0.00,30.00,M,6.21,M,M,M,M,M,M,M,M,M,M,M,M,M,M,M,M,66.20,FAPE 201200Z 24010KT CAVOK 19/07 Q1016 NOSIG,M
FAPE,2026-07-20 13:00,66.20,50.00,55.91,230.00,10.00,0.00,29.97,M,6.21,M,M,M,M,M,M,M,M,M,M,M,M,M,M,M,M,66.20,FAPE 201300Z 23010KT CAVOK 19/10 Q1015 NOSIG,M
FAPE,2026-07-20 14:00,62.60,51.80,67.76,220.00,11.00,0.00,29.97,M,6.21,M,M,M,M,M,M,M,M,M,M,M,M,M,M,M,M,62.60,FAPE 201400Z 22011KT CAVOK 17/11 Q1015 NOSIG,M
FAPE,2026-07-20 15:00,62.60,53.60,72.40,210.00,8.00,0.00,29.97,M,6.21,M,M,M,M,M,M,M,M,M,M,M,M,M,M,M,M,62.60,FAPE 201500Z 21008KT CAVOK 17/12 Q1015 NOSIG,M
FAPE,2026-07-20 16:00,59.00,51.80,76.99,220.00,6.00,0.00,29.97,M,6.21,M,M,M,M,M,M,M,M,M,M,M,M,M,M,M,M,59.00,FAPE 201600Z 22006KT CAVOK 15/11 Q1015 NOSIG,M
FAPE,2026-07-20 17:00,55.40,51.80,87.65,230.00,5.00,0.00,30.00,M,6.21,M,M,M,M,M,M,M,M,M,M,M,M,M,M,M,M,55.40,FAPE 201700Z 23005KT CAVOK 13/11 Q1016 NOSIG,M
FAPE,2026-07-20 17:49,57.20,51.80,82.13,230.00,7.00,0.00,30.00,M,6.21,M,M,M,M,M,M,M,M,M,M,M,M,M,M,M,M,57.20,FAPE 201749Z 23007KT CAVOK 14/11 Q1016 NOSIG,M
FAPE,2026-07-20 18:00,55.40,51.80,87.65,230.00,7.00,0.00,30.00,M,6.21,M,M,M,M,M,M,M,M,M,M,M,M,M,M,M,M,55.40,FAPE 201800Z 23007KT CAVOK 13/11 Q1016 NOSIG,M
FAPE,2026-07-20 19:00,55.40,53.60,93.65,260.00,5.00,0.00,30.03,M,6.21,M,M,M,M,M,M,M,M,M,M,M,M,M,M,M,M,55.40,FAPE 201900Z 26005KT CAVOK 13/12 Q1017 NOSIG,M
FAPE,2026-07-20 21:00,53.60,50.00,87.56,270.00,6.00,0.00,30.03,M,6.21,M,M,M,M,M,M,M,M,M,M,M,M,M,M,M,M,53.60,FAPE 202100Z 27006KT CAVOK 12/10 Q1017 NOSIG,M
FAPE,2026-07-20 22:00,53.60,51.80,93.60,280.00,5.00,0.00,30.03,M,6.21,M,M,M,M,M,M,M,M,M,M,M,M,M,M,M,M,53.60,FAPE 202200Z 28005KT CAVOK 12/11 Q1017 NOSIG,M
FAPE,2026-07-20 23:00,53.60,51.80,93.60,290.00,5.00,0.00,30.03,M,6.21,M,M,M,M,M,M,M,M,M,M,M,M,M,M,M,M,53.60,FAPE 202300Z 29005KT CAVOK 12/11 Q1017 NOSIG,M
FAPE,2026-07-21 00:00,51.80,50.00,93.55,260.00,6.00,0.00,30.03,M,6.21,M,M,M,M,M,M,M,M,M,M,M,M,M,M,M,M,51.80,FAPE 210000Z 26006KT CAVOK 11/10 Q1017 NOSIG,M
FAPE,2026-07-21 03:00,51.80,51.80,100.00,260.00,5.00,0.00,30.03,M,6.21,M,M,M,M,M,M,M,M,M,M,M,M,M,M,M,M,51.80,FAPE 210300Z 26005KT CAVOK 11/11 Q1017 NOSIG,M
FAPE,2026-07-21 04:00,51.80,50.00,93.55,270.00,5.00,0.00,30.06,M,6.21,M,M,M,M,M,M,M,M,M,M,M,M,M,M,M,M,51.80,FAPE 210400Z 27005KT CAVOK 11/10 Q1018 NOSIG,M
FAPE,2026-07-21 04:23,55.40,51.80,87.65,270.00,6.00,0.00,30.06,M,6.21,M,M,M,M,M,M,M,M,M,M,M,M,M,M,M,M,55.40,FAPE 210423Z 27006KT CAVOK 13/11 Q1018 NOSIG,M
FAPE,2026-07-21 05:00,51.80,50.00,93.55,290.00,3.00,0.00,30.06,M,6.21,M,M,M,M,M,M,M,M,M,M,M,M,M,M,M,M,51.80,FAPE 210500Z 29003KT 240V030 CAVOK 11/10 Q1018 NOSIG,M
FAPE,2026-07-21 06:00,50.00,48.20,93.50,360.00,2.00,0.00,30.09,M,6.21,M,M,M,M,M,M,M,M,M,M,M,M,M,M,M,M,50.00,FAPE 210600Z 36002KT CAVOK 10/09 Q1019 NOSIG,M
FAPE,2026-07-21 06:24,53.60,50.00,87.56,M,2.00,0.00,30.09,M,6.21,M,M,M,M,M,M,M,M,M,M,M,M,M,M,M,M,53.60,FAPE 210624Z VRB02KT CAVOK 12/10 Q1019 NOSIG,M
FAPE,2026-07-21 07:00,55.40,51.80,87.65,290.00,3.00,0.00,30.09,M,6.21,M,M,M,M,M,M,M,M,M,M,M,M,M,M,M,M,55.40,FAPE 210700Z 29003KT 250V310 CAVOK 13/11 Q1019 NOSIG,M
FAPE,2026-07-21 07:48,60.80,51.80,72.21,M,2.00,0.00,30.12,M,6.21,M,M,M,M,M,M,M,M,M,M,M,M,M,M,M,M,60.80,FAPE 210748Z VRB02KT CAVOK 16/11 Q1020 NOSIG,M
FAPE,2026-07-21 08:00,60.80,51.80,72.21,M,2.00,0.00,30.12,M,6.21,M,M,M,M,M,M,M,M,M,M,M,M,M,M,M,M,60.80,FAPE 210800Z VRB02KT CAVOK 16/11 Q1020 NOSIG,M
FAPE,2026-07-21 08:16,64.40,53.60,67.97,M,2.00,0.00,30.12,M,6.21,M,M,M,M,M,M,M,M,M,M,M,M,M,M,M,M,64.40,FAPE 210816Z VRB02KT CAVOK 18/12 Q1020 NOSIG,M
FAPE,2026-07-21 09:00,64.40,53.60,67.97,210.00,4.00,0.00,30.12,M,6.21,M,FEW,M,M,M,3000.00,M,M,M,M,M,M,M,M,M,M,64.40,FAPE 210900Z 21004KT 160V310 9999 FEW030 18/12 Q1020 NOSIG,M
FAPE,2026-07-21 10:00,66.20,51.80,59.76,M,2.00,0.00,30.09,M,6.21,M,FEW,M,M,M,3000.00,M,M,M,M,M,M,M,M,M,M,66.20,FAPE 211000Z VRB02KT 9999 FEW030 19/11 Q1019 NOSIG,M
FAPE,2026-07-21 11:00,66.20,53.60,63.85,M,3.00,0.00,30.06,M,6.21,M,FEW,M,M,M,3000.00,M,M,M,M,M,M,M,M,M,M,66.20,FAPE 211100Z VRB03KT 9999 FEW030 19/12 Q1018 NOSIG,M
FAPE,2026-07-21 12:00,66.20,50.00,55.91,M,3.00,0.00,30.06,M,6.21,M,FEW,M,M,M,3200.00,M,M,M,M,M,M,M,M,M,M,66.20,FAPE 211200Z VRB03KT 9999 FEW032 19/10 Q1018 NOSIG,M
FAPE,2026-07-21 13:00,64.40,51.80,63.62,160.00,5.00,0.00,30.03,M,6.21,M,FEW,M,M,M,3200.00,M,M,M,M,M,M,M,M,M,M,64.40,FAPE 211300Z 16005KT 130V200 9999 FEW032 18/11 Q1017 NOSIG,M
FAPE,2026-07-21 14:00,64.40,53.60,67.97,160.00,5.00,0.00,30.06,M,6.21,M,M,M,M,M,M,M,M,M,M,M,M,M,M,M,M,64.40,FAPE 211400Z 16005KT CAVOK 18/12 Q1018 NOSIG,M
FAPE,2026-07-21 15:00,62.60,53.60,72.40,160.00,4.00,0.00,30.06,M,6.21,M,M,M,M,M,M,M,M,M,M,M,M,M,M,M,M,62.60,FAPE 211500Z 16004KT CAVOK 17/12 Q1018 NOSIG,M
FAPE,2026-07-21 16:00,59.00,55.40,87.84,190.00,2.00,0.00,30.06,M,6.21,M,M,M,M,M,M,M,M,M,M,M,M,M,M,M,M,59.00,FAPE 211600Z 19002KT CAVOK 15/13 Q1018 NOSIG,M
FAPE,2026-07-21 17:00,53.60,53.60,100.00,220.00,1.00,0.00,30.09,M,6.21,M,M,M,M,M,M,M,M,M,M,M,M,M,M,M,M,53.60,FAPE 211700Z 22001KT CAVOK 12/12 Q1019 NOSIG,M
FAPE,2026-07-21 18:00,51.80,51.80,100.00,M,1.00,0.00,30.09,M,4.35,M,NSC,M,M,M,M,M,M,M,M,M,M,M,M,M,M,51.80,FAPE 211800Z VRB01KT 7000 NSC 11/11 Q1019 NOSIG,M
FAPE,2026-07-21 18:07,51.80,51.80,100.00,M,2.00,0.00,30.09,M,3.11,M,NSC,M,M,M,M,M,M,M,BR,M,M,M,M,M,M,51.80,FAPE 211807Z VRB02KT 5000 BR NSC 11/11 Q1019 BECMG 3000,M
FAPE,2026-07-21 19:00,51.80,51.80,100.00,300.00,2.00,0.00,30.09,M,3.11,M,FEW,M,M,M,1800.00,M,M,M,BR,M,M,M,M,M,M,51.80,FAPE 211900Z 30002KT 5000 BR FEW018 11/11 Q1019 BECMG 3000,M
FAPE,2026-07-21 20:00,50.00,50.00,100.00,290.00,2.00,0.00,30.09,M,5.59,M,NSC,M,M,M,M,M,M,M,M,M,M,M,M,M,M,50.00,FAPE 212000Z 29002KT 9000 NSC 10/10 Q1019 NOSIG,M
FAPE,2026-07-21 23:00,51.80,51.80,100.00,300.00,2.00,0.00,30.06,M,6.21,M,M,M,M,M,M,M,M,M,M,M,M,M,M,M,M,51.80,FAPE 212300Z 30002KT CAVOK 11/11 Q1018 NOSIG,M
FAPE,2026-07-22 01:00,46.40,46.40,100.00,330.00,2.00,0.00,30.03,M,6.21,M,M,M,M,M,M,M,M,M,M,M,M,M,M,M,M,46.40,FAPE 220100Z 33002KT CAVOK 08/08 Q1017 NOSIG,M
FAPE,2026-07-22 02:00,48.20,48.20,100.00,40.00,3.00,0.00,30.03,M,5.59,M,FEW,M,M,M,1600.00,M,M,M,M,M,M,M,M,M,M,47.21,FAPE 220200Z 04003KT 9000 FEW016 09/09 Q1017 NOSIG,M
FAPE,2026-07-22 03:00,50.00,50.00,100.00,310.00,3.00,0.00,30.00,M,4.97,M,NSC,M,M,M,M,M,M,M,M,M,M,M,M,M,M,50.00,FAPE 220300Z 31003KT 270V330 8000 NSC 10/10 Q1016 NOSIG,M
FAPE,2026-07-22 04:00,50.00,50.00,100.00,360.00,4.00,0.00,30.00,M,6.21,M,FEW,M,M,M,1700.00,M,M,M,M,M,M,M,M,M,M,50.00,FAPE 220400Z 36004KT 9999 FEW017 10/10 Q1016 NOSIG,M
FAPE,2026-07-22 05:00,46.40,46.40,100.00,30.00,4.00,0.00,30.00,M,5.59,M,NSC,M,M,M,M,M,M,M,MIFG,M,M,M,M,M,M,44.24,FAPE 220500Z 03004KT 9000 MIFG NSC 08/08 Q1016 NOSIG,M
FAPE,2026-07-22 05:19,50.00,50.00,100.00,350.00,6.00,0.00,30.00,M,5.59,M,NSC,M,M,M,M,M,M,M,M,M,M,M,M,M,M,50.00,FAPE 220519Z 35006KT 9000 NSC 10/10 Q1016 NOSIG,M
FAPE,2026-07-22 06:00,50.00,50.00,100.00,330.00,5.00,0.00,30.03,M,6.21,M,M,M,M,M,M,M,M,M,M,M,M,M,M,M,M,50.00,FAPE 220600Z 33005KT CAVOK 10/10 Q1017 NOSIG,M
FAPE,2026-07-22 07:00,53.60,51.80,93.60,270.00,3.00,0.00,30.03,M,6.21,M,M,M,M,M,M,M,M,M,M,M,M,M,M,M,M,53.60,FAPE 220700Z 27003KT 240V300 CAVOK 12/11 Q1017 NOSIG,M
FAPE,2026-07-22 07:18,57.20,51.80,82.13,M,1.00,0.00,30.03,M,6.21,M,M,M,M,M,M,M,M,M,M,M,M,M,M,M,M,57.20,FAPE 220718Z VRB01KT CAVOK 14/11 Q1017 NOSIG,M
FAPE,2026-07-22 07:45,59.00,53.60,82.26,M,1.00,0.00,30.03,M,6.21,M,M,M,M,M,M,M,M,M,M,M,M,M,M,M,M,59.00,FAPE 220745Z VRB01KT CAVOK 15/12 Q1017 NOSIG,M
FAPE,2026-07-22 08:00,57.20,51.80,82.13,M,2.00,0.00,30.03,M,6.21,M,M,M,M,M,M,M,M,M,M,M,M,M,M,M,M,57.20,FAPE 220800Z VRB02KT CAVOK 14/11 Q1017 NOSIG,M
FAPE,2026-07-22 08:26,60.80,51.80,72.21,M,2.00,0.00,30.03,M,6.21,M,M,M,M,M,M,M,M,M,M,M,M,M,M,M,M,60.80,FAPE 220826Z VRB02KT CAVOK 16/11 Q1017 NOSIG,M
FAPE,2026-07-22 08:57,66.20,53.60,63.85,220.00,6.00,0.00,30.00,M,6.21,M,M,M,M,M,M,M,M,M,M,M,M,M,M,M,M,66.20,FAPE 220857Z 22006KT 180V250 CAVOK 19/12 Q1016 NOSIG,M
FAPE,2026-07-22 09:00,66.20,53.60,63.85,220.00,6.00,0.00,30.00,M,6.21,M,M,M,M,M,M,M,M,M,M,M,M,M,M,M,M,66.20,FAPE 220900Z 22006KT 180V250 CAVOK 19/12 Q1016 NOSIG,M
FAPE,2026-07-22 10:00,68.00,53.60,60.00,230.00,8.00,0.00,30.00,M,6.21,M,M,M,M,M,M,M,M,M,M,M,M,M,M,M,M,68.00,FAPE 221000Z 23008KT 200V260 CAVOK 20/12 Q1016 NOSIG,M
FAPE,2026-07-22 11:00,68.00,51.80,56.16,230.00,11.00,0.00,30.00,M,6.21,M,M,M,M,M,M,M,M,M,M,M,M,M,M,M,M,68.00,FAPE 221100Z 23011KT CAVOK 20/11 Q1016 NOSIG,M
FAPE,2026-07-22 12:00,66.20,55.40,68.18,230.00,14.00,0.00,29.97,M,6.21,M,M,M,M,M,M,M,M,M,M,M,M,M,M,M,M,66.20,FAPE 221200Z 23014KT CAVOK 19/13 Q1015 NOSIG,M
FAPE,2026-07-22 13:00,66.20,57.20,72.76,240.00,14.00,0.00,30.00,M,6.21,M,M,M,M,M,M,M,M,M,M,M,M,M,M,M,M,66.20,FAPE 221300Z 24014KT CAVOK 19/14 Q1016 NOSIG,M
FAPE,2026-07-22 14:00,64.40,59.00,82.63,230.00,17.00,0.00,29.97,M,6.21,M,FEW,M,M,M,1500.00,M,M,M,M,M,M,M,M,M,M,64.40,FAPE 221400Z 23017KT 9999 FEW015 18/15 Q1015 BECMG 23020G30KT BKN010,M
FAPE,2026-07-22 15:00,62.60,59.00,88.01,240.00,18.00,0.00,30.00,M,6.21,M,FEW,M,M,M,1000.00,M,M,M,M,M,M,M,M,M,M,62.60,FAPE 221500Z 24018KT 9999 FEW010 17/15 Q1016 BECMG 23020G30KT BKN010,M
FAPE,2026-07-22 16:00,60.80,59.00,93.79,240.00,17.00,0.00,30.00,M,6.21,M,FEW,M,M,M,1000.00,M,M,M,M,M,M,M,M,M,M,60.80,FAPE 221600Z 24017KT 9999 FEW010 16/15 Q1016 BECMG BKN010,M
FAPE,2026-07-22 17:00,60.80,59.00,93.79,240.00,18.00,0.00,30.00,M,6.21,M,FEW,M,M,M,1500.00,M,M,M,M,M,M,M,M,M,M,60.80,FAPE 221700Z 24018KT 9999 FEW015 16/15 Q1016 NOSIG,M
FAPE,2026-07-22 18:00,60.80,57.20,87.93,250.00,16.00,0.00,30.06,M,6.21,M,FEW,M,M,M,2000.00,M,M,M,M,M,M,M,M,M,M,60.80,FAPE 221800Z 25016KT 9999 FEW020 16/14 Q1018 NOSIG,M
FAPE,2026-07-22 19:00,60.80,57.20,87.93,250.00,16.00,0.00,30.06,M,6.21,M,FEW,M,M,M,2000.00,M,M,M,M,M,M,M,M,M,M,60.80,FAPE 221900Z 25016KT 9999 FEW020 16/14 Q1018 NOSIG,M
FAPE,2026-07-22 20:00,59.00,55.40,87.84,250.00,15.00,0.00,30.06,M,6.21,M,M,M,M,M,M,M,M,M,M,M,M,M,M,M,M,59.00,FAPE 222000Z 25015KT CAVOK 15/13 Q1018 NOSIG,M
FAPE,2026-07-22 21:00,59.00,55.40,87.84,250.00,15.00,0.00,30.06,M,6.21,M,M,M,M,M,M,M,M,M,M,M,M,M,M,M,M,59.00,FAPE 222100Z 25015KT CAVOK 15/13 Q1018 NOSIG,M
FAPE,2026-07-22 22:00,59.00,55.40,87.84,240.00,12.00,0.00,30.06,M,6.21,M,M,M,M,M,M,M,M,M,M,M,M,M,M,M,M,59.00,FAPE 222200Z 24012KT CAVOK 15/13 Q1018,M
FAPE,2026-07-22 23:00,57.20,55.40,93.70,250.00,11.00,0.00,30.06,M,6.21,M,M,M,M,M,M,M,M,M,M,M,M,M,M,M,M,57.20,FAPE 222300Z 25011KT CAVOK 14/13 Q1018 NOSIG,M
FAPE,2026-07-23 00:00,57.20,53.60,87.75,250.00,11.00,0.00,30.06,M,6.21,M,M,M,M,M,M,M,M,M,M,M,M,M,M,M,M,57.20,FAPE 230000Z 25011KT CAVOK 14/12 Q1018 NOSIG,M
FAPE,2026-07-23 01:00,55.40,51.80,87.65,260.00,8.00,0.00,30.06,M,6.21,M,M,M,M,M,M,M,M,M,M,M,M,M,M,M,M,55.40,FAPE 230100Z 26008KT CAVOK 13/11 Q1018 NOSIG,M
FAPE,2026-07-23 02:00,55.40,51.80,87.65,260.00,7.00,0.00,30.06,M,6.21,M,M,M,M,M,M,M,M,M,M,M,M,M,M,M,M,55.40,FAPE 230200Z 26007KT CAVOK 13/11 Q1018 NOSIG,M
FAPE,2026-07-23 03:00,57.20,53.60,87.75,250.00,8.00,0.00,30.06,M,6.21,M,M,M,M,M,M,M,M,M,M,M,M,M,M,M,M,57.20,FAPE 230300Z 25008KT CAVOK 14/12 Q1018 NOSIG,M
FAPE,2026-07-23 04:00,55.40,51.80,87.65,280.00,7.00,0.00,30.09,M,6.21,M,M,M,M,M,M,M,M,M,M,M,M,M,M,M,M,55.40,FAPE 230400Z 28007KT CAVOK 13/11 Q1019 NOSIG,M
FAPE,2026-07-23 05:00,55.40,50.00,82.00,260.00,8.00,0.00,30.09,M,6.21,M,M,M,M,M,M,M,M,M,M,M,M,M,M,M,M,55.40,FAPE 230500Z 26008KT CAVOK 13/10 Q1019 NOSIG,M
FAPE,2026-07-23 06:00,57.20,48.20,71.84,270.00,9.00,0.00,30.12,M,6.21,M,M,M,M,M,M,M,M,M,M,M,M,M,M,M,M,57.20,FAPE 230600Z 27009KT CAVOK 14/09 Q1020 NOSIG,M
FAPE,2026-07-23 07:00,59.00,48.20,67.34,300.00,8.00,0.00,30.12,M,6.21,M,FEW,M,M,M,4800.00,M,M,M,M,M,M,M,M,M,M,59.00,FAPE 230700Z 30008KT 9999 FEW048 15/09 Q1020 NOSIG,M
FAPE,2026-07-23 08:00,62.60,50.00,63.39,290.00,8.00,0.00,30.09,M,6.21,M,FEW,M,M,M,4500.00,M,M,M,M,M,M,M,M,M,M,62.60,FAPE 230800Z 29008KT 270V330 9999 FEW045 17/10 Q1019 NOSIG,M
FAPE,2026-07-23 09:00,64.40,50.00,59.52,300.00,9.00,0.00,30.09,M,6.21,M,M,M,M,M,M,M,M,M,M,M,M,M,M,M,M,64.40,FAPE 230900Z 30009KT 270V330 CAVOK 18/10 Q1019 NOSIG,M
FAPE,2026-07-23 10:00,64.40,50.00,59.52,280.00,10.00,0.00,30.06,M,6.21,M,FEW,M,M,M,3500.00,M,M,M,M,M,M,M,M,M,M,64.40,FAPE 231000Z 28010KT 9999 FEW035 18/10 Q1018 NOSIG,M
FAPE,2026-07-23 11:00,66.20,48.20,52.27,260.00,16.00,0.00,30.03,M,6.21,M,FEW,M,M,M,4000.00,M,M,M,M,M,M,M,M,M,M,66.20,FAPE 231100Z 26016KT 9999 FEW040 19/09 Q1017 NOSIG,M
FAPE,2026-07-23 11:02,68.00,48.20,49.12,270.00,18.00,0.00,30.03,M,6.21,28.00,FEW,M,M,M,4000.00,M,M,M,M,M,M,M,M,M,M,68.00,FAPE 231102Z 27018G28KT 9999 FEW040 20/09 Q1017 NOSIG,M
FAPE,2026-07-23 12:00,68.00,48.20,49.12,250.00,18.00,0.00,30.03,M,6.21,M,FEW,M,M,M,4000.00,M,M,M,M,M,M,M,M,M,M,68.00,FAPE 231200Z 25018KT 9999 FEW040 20/09 Q1017 NOSIG,M
FAPE,2026-07-23 13:00,68.00,48.20,49.12,250.00,20.00,0.00,30.03,M,6.21,M,FEW,M,M,M,4000.00,M,M,M,M,M,M,M,M,M,M,68.00,FAPE 231300Z 25020KT 9999 FEW040 20/09 Q1017 NOSIG,M
FAPE,2026-07-23 14:00,66.20,50.00,55.91,250.00,18.00,0.00,30.03,M,6.21,M,M,M,M,M,M,M,M,M,M,M,M,M,M,M,M,66.20,FAPE 231400Z 25018KT CAVOK 19/10 Q1017 NOSIG,M
FAPE,2026-07-23 15:00,62.60,51.80,67.76,250.00,23.00,0.00,30.06,M,6.21,M,FEW,M,M,M,3100.00,M,M,M,M,M,M,M,M,M,M,62.60,FAPE 231500Z 25023KT 9999 FEW031 17/11 Q1018 NOSIG,M
FAPE,2026-07-23 15:33,60.80,53.60,77.15,260.00,18.00,0.00,30.09,M,6.21,31.00,FEW,M,M,M,1900.00,M,M,M,M,M,M,M,M,M,M,60.80,FAPE 231533Z 26018G31KT 9999 FEW019 16/12 Q1019 NOSIG,M
FAPE,2026-07-23 16:00,60.80,53.60,77.15,250.00,26.00,0.00,30.09,M,6.21,39.00,FEW,M,M,M,1700.00,M,M,M,M,M,M,M,M,M,M,60.80,FAPE 231600Z 25026G39KT 9999 FEW017 16/12 Q1019 NOSIG,M
FAPE,2026-07-23 17:00,59.00,55.40,87.84,260.00,24.00,0.00,30.12,M,6.21,M,FEW,BKN,M,M,1400.00,2300.00,M,M,M,M,M,M,M,M,M,59.00,FAPE 231700Z 26024KT 9999 FEW014 BKN023 15/13 Q1020 NOSIG,M
FAPE,2026-07-23 18:00,55.40,53.60,93.65,250.00,22.00,0.00,30.18,M,5.59,M,FEW,BKN,M,M,700.00,2500.00,M,M,-RA,M,M,M,M,M,M,55.40,FAPE 231800Z 25022KT 9000 -RA FEW007 BKN025 13/12 Q1022 NOSIG,M
FAPE,2026-07-23 18:17,55.40,55.40,100.00,230.00,13.00,0.00,30.21,M,3.11,M,BKN,BKN,M,M,1900.00,4000.00,M,M,SHRA,M,M,M,M,M,M,55.40,FAPE 231817Z 23013KT 200V260 5000 SHRA BKN019 BKN040TCU 13/13 Q1023 NOSIG,M
FAPE,2026-07-23 18:40,57.20,55.40,93.70,260.00,17.00,0.00,30.21,M,4.97,28.00,BKN,M,M,M,1000.00,M,M,M,-RA,M,M,M,M,M,M,57.20,FAPE 231840Z 26017G28KT 8000 -RA BKN010 14/13 Q1023 NOSIG,M
FAPE,2026-07-23 19:00,57.20,55.40,93.70,260.00,17.00,0.00,30.18,M,5.59,M,SCT,M,M,M,1000.00,M,M,M,-RA,M,M,M,M,M,M,57.20,FAPE 231900Z 26017KT 9000 -RA SCT010 14/13 Q1022 NOSIG,M
FAPE,2026-07-23 19:01,57.20,57.20,100.00,260.00,18.00,0.00,30.21,M,2.49,M,FEW,BKN,SCT,M,900.00,2100.00,4000.00,M,SHRA,M,M,M,M,M,M,57.20,FAPE 231901Z 26018KT 4000 SHRA FEW009 BKN021 SCT040TCU 14/14 Q1023 BECMG 6000,M
FAPE,2026-07-23 19:33,57.20,57.20,100.00,230.00,11.00,0.00,30.24,M,4.97,M,SCT,BKN,M,M,1200.00,2000.00,M,M,-RA,M,M,M,M,M,M,57.20,FAPE 231933Z 23011KT 8000 -RA SCT012 BKN020 14/14 Q1024 NOSIG,M
FAPE,2026-07-23 19:51,57.20,57.20,100.00,230.00,9.00,0.00,30.27,M,3.11,M,BKN,OVC,M,M,900.00,1800.00,M,M,+RA,M,M,M,M,M,M,57.20,FAPE 231951Z 23009KT 200V260 5000 +RA BKN009 OVC018 14/14 Q1025 TEMPO 3000 BKN005 BKN015,M
FAPE,2026-07-23 20:00,57.20,57.20,100.00,220.00,9.00,0.00,30.27,M,3.11,M,BKN,OVC,M,M,900.00,1800.00,M,M,+RA,M,M,M,M,M,M,57.20,FAPE 232000Z 22009KT 190V250 5000 +RA BKN009 OVC018 14/14 Q1025 TEMPO 3000 BKN005 BKN015,M
FAPE,2026-07-23 20:04,57.20,57.20,100.00,220.00,8.00,0.00,30.24,M,1.86,M,BKN,BKN,M,M,800.00,1300.00,M,M,+RA,M,M,M,M,M,M,57.20,FAPE 232004Z 22008KT 190V270 3000 +RA BKN008 BKN013 14/14 Q1024 BECMG 6000 -RA BKN005 BKN015,M
FAPE,2026-07-23 20:19,57.20,57.20,100.00,250.00,10.00,0.00,30.27,M,5.59,M,FEW,BKN,OVC,M,700.00,900.00,1900.00,M,-RA,M,M,M,M,M,M,57.20,FAPE 232019Z 25010KT 9000 -RA FEW007 BKN009 OVC019 14/14 Q1025 NOSIG,M
FAPE,2026-07-23 21:00,55.40,55.40,100.00,240.00,13.00,0.00,30.27,M,6.21,M,FEW,BKN,OVC,M,700.00,900.00,2800.00,M,-RA,M,M,M,M,M,M,55.40,FAPE 232100Z 24013KT 210V280 9999 -RA FEW007 BKN009 OVC028 13/13 Q1025 RERA NOSIG,M
FAPE,2026-07-23 21:54,57.20,55.40,93.70,250.00,8.00,0.00,30.30,M,1.55,M,SCT,BKN,SCT,M,900.00,1500.00,4000.00,M,+SHRA,M,M,M,M,M,M,57.20,FAPE 232154Z 25008KT 210V290 2500 +SHRA SCT009 BKN015 SCT040TCU 14/13 Q1026 BECMG 6000,M
FAPE,2026-07-23 22:00,57.20,55.40,93.70,250.00,9.00,0.00,30.30,M,1.55,M,SCT,BKN,SCT,M,900.00,1500.00,4000.00,M,+SHRA,M,M,M,M,M,M,57.20,FAPE 232200Z 25009KT 210V290 2500 +SHRA SCT009 BKN015 SCT040TCU 14/13 Q1026 BECMG 6000,M
FAPE,2026-07-23 22:06,55.40,55.40,100.00,210.00,5.00,0.00,30.27,M,6.21,M,FEW,BKN,M,M,900.00,3000.00,M,M,M,M,M,M,M,M,M,55.40,FAPE 232206Z 21005KT 170V250 9999 FEW009 BKN030 13/13 Q1025 NOSIG,M
FAPE,2026-07-23 23:00,55.40,55.40,100.00,200.00,11.00,0.00,30.30,M,5.59,M,BKN,M,M,M,2100.00,M,M,M,-RA,M,M,M,M,M,M,55.40,FAPE 232300Z 20011KT 9000 -RA BKN021 13/13 Q1026 NOSIG,M
FAPE,2026-07-24 00:00,55.40,53.60,93.65,190.00,8.00,0.00,30.33,M,6.21,M,BKN,M,M,M,3000.00,M,M,M,M,M,M,M,M,M,M,55.40,FAPE 240000Z 19008KT 170V230 9999 BKN030 13/12 Q1027 NOSIG,M
FAPE,2026-07-24 01:00,57.20,50.00,76.83,200.00,7.00,0.00,30.33,M,6.21,M,BKN,M,M,M,3000.00,M,M,M,M,M,M,M,M,M,M,57.20,FAPE 240100Z 20007KT 9999 BKN030 14/10 Q1027 NOSIG,M
FAPE,2026-07-24 02:00,55.40,51.80,87.65,230.00,4.00,0.00,30.33,M,6.21,M,BKN,M,M,M,3700.00,M,M,M,M,M,M,M,M,M,M,55.40,FAPE 240200Z 23004KT 190V270 9999 BKN037 13/11 Q1027 NOSIG,M
FAPE,2026-07-24 03:00,57.20,44.60,62.70,180.00,7.00,0.00,30.36,M,6.21,M,BKN,M,M,M,4300.00,M,M,M,M,M,M,M,M,M,M,57.20,FAPE 240300Z 18007KT 9999 BKN043 14/07 Q1028 NOSIG,M
FAPE,2026-07-24 04:00,57.20,44.60,62.70,180.00,4.00,0.00,30.36,M,6.21,M,SCT,M,M,M,4000.00,M,M,M,M,M,M,M,M,M,M,57.20,FAPE 240400Z 18004KT 140V200 9999 SCT040 14/07 Q1028 NOSIG,M
FAPE,2026-07-24 05:00,55.40,42.80,62.46,190.00,3.00,0.00,30.39,M,6.21,M,SCT,M,M,M,4500.00,M,M,M,M,M,M,M,M,M,M,55.40,FAPE 240500Z 19003KT 9999 SCT045 13/06 Q1029 NOSIG,M
FAPE,2026-07-24 06:00,57.20,44.60,62.70,180.00,3.00,0.00,30.42,M,6.21,M,SCT,M,M,M,4500.00,M,M,M,M,M,M,M,M,M,M,57.20,FAPE 240600Z 18003KT 9999 SCT045 14/07 Q1030 NOSIG,M
FAPE,2026-07-24 06:20,60.80,46.40,59.02,M,2.00,0.00,30.42,M,6.21,M,FEW,M,M,M,4500.00,M,M,M,M,M,M,M,M,M,M,60.80,FAPE 240620Z VRB02KT 9999 FEW045 16/08 Q1030 NOSIG,M
FAPE,2026-07-24 07:00,59.00,48.20,67.34,290.00,5.00,0.00,30.45,M,6.21,M,FEW,M,M,M,4500.00,M,M,M,M,M,M,M,M,M,M,59.00,FAPE 240700Z 29005KT 9999 FEW045 15/09 Q1031 NOSIG,M
FAPE,2026-07-24 08:00,59.00,50.00,72.02,300.00,5.00,0.00,30.45,M,6.21,M,FEW,M,M,M,4500.00,M,M,M,M,M,M,M,M,M,M,59.00,FAPE 240800Z 30005KT 9999 FEW045 15/10 Q1031 NOSIG,M
FAPE,2026-07-24 08:57,62.60,50.00,63.39,230.00,4.00,0.00,30.47,M,6.21,M,FEW,M,M,M,2800.00,M,M,M,M,M,M,M,M,M,M,62.60,FAPE 240857Z 23004KT 160V300 9999 FEW028 17/10 Q1032 NOSIG,M
FAPE,2026-07-24 09:00,62.60,50.00,63.39,230.00,4.00,0.00,30.47,M,6.21,M,FEW,M,M,M,2800.00,M,M,M,M,M,M,M,M,M,M,62.60,FAPE 240900Z 23004KT 160V300 9999 FEW028 17/10 Q1032 NOSIG,M
FAPE,2026-07-24 10:00,60.80,46.40,59.02,M,2.00,0.00,30.45,M,6.21,M,FEW,M,M,M,4600.00,M,M,M,M,M,M,M,M,M,M,60.80,FAPE 241000Z VRB02KT 9999 FEW046 16/08 Q1031 NOSIG,M
FAPE,2026-07-24 11:00,60.80,46.40,59.02,10.00,4.00,0.00,30.42,M,6.21,M,SCT,M,M,M,4200.00,M,M,M,M,M,M,M,M,M,M,60.80,FAPE 241100Z 01004KT 340V040 9999 SCT042 16/08 Q1030 NOSIG,M
FAPE,2026-07-24 12:00,62.60,48.20,59.27,30.00,6.00,0.00,30.42,M,6.21,M,FEW,M,M,M,4000.00,M,M,M,M,M,M,M,M,M,M,62.60,FAPE 241200Z 03006KT 350V060 9999 FEW040 17/09 Q1030 NOSIG,M
FAPE,2026-07-24 13:00,60.80,46.40,59.02,50.00,7.00,0.00,30.39,M,6.21,M,FEW,M,M,M,4500.00,M,M,M,M,M,M,M,M,M,M,60.80,FAPE 241300Z 05007KT 020V090 9999 FEW045 16/08 Q1029 NOSIG,M
FAPE,2026-07-24 14:00,60.80,46.40,59.02,60.00,5.00,0.00,30.39,M,6.21,M,FEW,M,M,M,4500.00,M,M,M,M,M,M,M,M,M,M,60.80,FAPE 241400Z 06005KT 040V110 9999 FEW045 16/08 Q1029 NOSIG,M
FAPE,2026-07-24 15:00,59.00,44.60,58.78,60.00,7.00,0.00,30.36,M,6.21,M,M,M,M,M,M,M,M,M,M,M,M,M,M,M,M,59.00,FAPE 241500Z 06007KT CAVOK 15/07 Q1028 NOSIG,M
FAPE,2026-07-24 16:00,55.40,44.60,66.91,70.00,4.00,0.00,30.39,M,6.21,M,M,M,M,M,M,M,M,M,M,M,M,M,M,M,M,55.40,FAPE 241600Z 07004KT CAVOK 13/07 Q1029 NOSIG,M
FAPE,2026-07-24 17:00,55.40,44.60,66.91,50.00,3.00,0.00,30.39,M,6.21,M,M,M,M,M,M,M,M,M,M,M,M,M,M,M,M,55.40,FAPE 241700Z 05003KT CAVOK 13/07 Q1029 NOSIG,M
FAPE,2026-07-24 18:00,55.40,44.60,66.91,30.00,6.00,0.00,30.39,M,6.21,M,M,M,M,M,M,M,M,M,M,M,M,M,M,M,M,55.40,FAPE 241800Z 03006KT CAVOK 13/07 Q1029 NOSIG,M
FAPE,2026-07-24 19:00,55.40,48.20,76.67,30.00,6.00,0.00,30.39,M,6.21,M,M,M,M,M,M,M,M,M,M,M,M,M,M,M,M,55.40,FAPE 241900Z 03006KT CAVOK 13/09 Q1029 NOSIG,M
FAPE,2026-07-24 20:00,51.80,48.20,87.47,320.00,2.00,0.00,30.39,M,6.21,M,M,M,M,M,M,M,M,M,M,M,M,M,M,M,M,51.80,FAPE 242000Z 32002KT CAVOK 11/09 Q1029 NOSIG,M
FAPE,2026-07-24 21:00,50.00,48.20,93.50,310.00,2.00,0.00,30.39,M,6.21,M,M,M,M,M,M,M,M,M,M,M,M,M,M,M,M,50.00,FAPE 242100Z 31002KT CAVOK 10/09 Q1029 NOSIG,M
FAPE,2026-07-24 22:00,48.20,46.40,93.45,290.00,3.00,0.00,30.39,M,6.21,M,M,M,M,M,M,M,M,M,M,M,M,M,M,M,M,47.21,FAPE 242200Z 29003KT CAVOK 09/08 Q1029 NOSIG,M
FAPE,2026-07-24 23:00,48.20,46.40,93.45,290.00,3.00,0.00,30.39,M,6.21,M,M,M,M,M,M,M,M,M,M,M,M,M,M,M,M,47.21,FAPE 242300Z 29003KT CAVOK 09/08 Q1029 NOSIG,M
FAPE,2026-07-25 00:00,46.40,42.80,87.18,290.00,3.00,0.00,30.36,M,6.21,M,M,M,M,M,M,M,M,M,M,M,M,M,M,M,M,45.15,FAPE 250000Z 29003KT CAVOK 08/06 Q1028 NOSIG,M
FAPE,2026-07-25 01:00,46.40,44.60,93.40,280.00,5.00,0.00,30.36,M,6.21,M,M,M,M,M,M,M,M,M,M,M,M,M,M,M,M,43.50,FAPE 250100Z 28005KT CAVOK 08/07 Q1028 NOSIG,M
FAPE,2026-07-25 03:00,46.40,44.60,93.40,280.00,4.00,0.00,30.39,M,6.21,M,M,M,M,M,M,M,M,M,M,M,M,M,M,M,M,44.24,FAPE 250300Z 28004KT CAVOK 08/07 Q1029 NOSIG,M
FAPE,2026-07-25 04:00,46.40,44.60,93.40,270.00,5.00,0.00,30.39,M,6.21,M,M,M,M,M,M,M,M,M,M,M,M,M,M,M,M,43.50,FAPE 250400Z 27005KT CAVOK 08/07 Q1029 NOSIG,M
FAPE,2026-07-25 05:39,50.00,46.40,87.37,290.00,5.00,0.00,30.42,M,6.21,M,M,M,M,M,M,M,M,M,M,M,M,M,M,M,M,50.00,FAPE 250539Z 29005KT CAVOK 10/08 Q1030 NOSIG,M
FAPE,2026-07-25 06:00,51.80,46.40,81.74,290.00,7.00,0.00,30.42,M,6.21,M,M,M,M,M,M,M,M,M,M,M,M,M,M,M,M,51.80,FAPE 250600Z 29007KT CAVOK 11/08 Q1030 NOSIG,M
FAPE,2026-07-25 06:54,57.20,50.00,76.83,280.00,5.00,0.00,30.42,M,6.21,M,M,M,M,M,M,M,M,M,M,M,M,M,M,M,M,57.20,FAPE 250654Z 28005KT CAVOK 14/10 Q1030 NOSIG,M
FAPE,2026-07-25 07:00,57.20,48.20,71.84,290.00,5.00,0.00,30.42,M,6.21,M,M,M,M,M,M,M,M,M,M,M,M,M,M,M,M,57.20,FAPE 250700Z 29005KT CAVOK 14/09 Q1030 NOSIG,M
FAPE,2026-07-25 07:45,62.60,50.00,63.39,280.00,5.00,0.00,30.42,M,6.21,M,M,M,M,M,M,M,M,M,M,M,M,M,M,M,M,62.60,FAPE 250745Z 28005KT CAVOK 17/10 Q1030 NOSIG,M
FAPE,2026-07-25 08:00,62.60,50.00,63.39,290.00,5.00,0.00,30.42,M,6.21,M,M,M,M,M,M,M,M,M,M,M,M,M,M,M,M,62.60,FAPE 250800Z 29005KT CAVOK 17/10 Q1030 NOSIG,M
FAPE,2026-07-25 09:00,64.40,51.80,63.62,230.00,6.00,0.00,30.45,M,6.21,M,FEW,M,M,M,2000.00,M,M,M,M,M,M,M,M,M,M,64.40,FAPE 250900Z 23006KT 180V290 9999 FEW020 18/11 Q1031 NOSIG,M
FAPE,2026-07-25 10:00,66.20,51.80,59.76,250.00,6.00,0.00,30.42,M,6.21,M,M,M,M,M,M,M,M,M,M,M,M,M,M,M,M,66.20,FAPE 251000Z 25006KT 220V280 CAVOK 19/11 Q1030 NOSIG,M
FAPE,2026-07-25 11:00,66.20,51.80,59.76,210.00,5.00,0.00,30.39,M,6.21,M,M,M,M,M,M,M,M,M,M,M,M,M,M,M,M,66.20,FAPE 251100Z 21005KT 180V250 CAVOK 19/11 Q1029 NOSIG,M
FAPE,2026-07-25 12:00,66.20,51.80,59.76,M,2.00,0.00,30.36,M,6.21,M,FEW,M,M,M,3500.00,M,M,M,M,M,M,M,M,M,M,66.20,FAPE 251200Z VRB02KT 9999 FEW035 19/11 Q1028 NOSIG,M
FAPE,2026-07-25 13:00,66.20,51.80,59.76,130.00,3.00,0.00,30.36,M,6.21,M,M,M,M,M,M,M,M,M,M,M,M,M,M,M,M,66.20,FAPE 251300Z 13003KT 050V190 CAVOK 19/11 Q1028 NOSIG,M
FAPE,2026-07-25 14:00,64.40,51.80,63.62,160.00,5.00,0.00,30.36,M,6.21,M,M,M,M,M,M,M,M,M,M,M,M,M,M,M,M,64.40,FAPE 251400Z 16005KT 120V190 CAVOK 18/11 Q1028 NOSIG,M
FAPE,2026-07-25 15:00,60.80,51.80,72.21,130.00,5.00,0.00,30.33,M,6.21,M,M,M,M,M,M,M,M,M,M,M,M,M,M,M,M,60.80,FAPE 251500Z 13005KT CAVOK 16/11 Q1027 NOSIG,M
FAPE,2026-07-25 16:00,57.20,53.60,87.75,120.00,2.00,0.00,30.33,M,6.21,M,M,M,M,M,M,M,M,M,M,M,M,M,M,M,M,57.20,FAPE 251600Z 12002KT CAVOK 14/12 Q1027 NOSIG,M
FAPE,2026-07-25 17:00,53.60,53.60,100.00,130.00,2.00,0.00,30.33,M,6.21,M,M,M,M,M,M,M,M,M,M,M,M,M,M,M,M,53.60,FAPE 251700Z 13002KT CAVOK 12/12 Q1027 NOSIG,M
FAPE,2026-07-25 18:00,51.80,51.80,100.00,0.00,0.00,0.00,30.33,M,6.21,M,M,M,M,M,M,M,M,M,M,M,M,M,M,M,M,51.80,FAPE 251800Z 00000KT CAVOK 11/11 Q1027 NOSIG,M
FAPE,2026-07-25 19:00,51.80,51.80,100.00,M,2.00,0.00,30.33,M,6.21,M,M,M,M,M,M,M,M,M,M,M,M,M,M,M,M,51.80,FAPE 251900Z VRB02KT CAVOK 11/11 Q1027 NOSIG,M
FAPE,2026-07-25 19:03,51.80,51.80,100.00,30.00,3.00,0.00,30.33,M,1.12,M,NCD,M,M,M,M,M,M,M,BR,M,M,M,M,M,M,51.80,FAPE 251903Z AUTO 03003KT 1800 BR NCD 11/11 Q1027,M
FAPE,2026-07-25 19:22,51.80,51.80,100.00,40.00,5.00,0.00,30.33,M,3.11,M,NCD,M,M,M,M,M,M,M,BR,M,M,M,M,M,M,51.80,FAPE 251922Z AUTO 04005KT 5000 BR NCD 11/11 Q1027,M
FAPE,2026-07-25 20:00,51.80,51.80,100.00,340.00,4.00,0.00,30.33,M,6.21,M,M,M,M,M,M,M,M,M,M,M,M,M,M,M,M,51.80,FAPE 252000Z 34004KT CAVOK 11/11 Q1027 NOSIG,M
FAPE,2026-07-25 21:00,50.00,50.00,100.00,350.00,3.00,0.00,30.30,M,6.21,M,M,M,M,M,M,M,M,M,M,M,M,M,M,M,M,50.00,FAPE 252100Z 35003KT CAVOK 10/10 Q1026 NOSIG,M
FAPE,2026-07-25 23:00,48.20,48.20,100.00,350.00,2.00,0.00,30.27,M,6.21,M,M,M,M,M,M,M,M,M,M,M,M,M,M,M,M,48.20,FAPE 252300Z 35002KT CAVOK 09/09 Q1025 NOSIG,M
FAPE,2026-07-26 00:00,50.00,50.00,100.00,350.00,6.00,0.00,30.27,M,6.21,M,M,M,M,M,M,M,M,M,M,M,M,M,M,M,M,50.00,FAPE 260000Z 35006KT CAVOK 10/10 Q1025 NOSIG,M
FAPE,2026-07-26 02:00,46.40,46.40,100.00,20.00,5.00,0.00,30.21,M,6.21,M,M,M,M,M,M,M,M,M,M,M,M,M,M,M,M,43.50,FAPE 260200Z 02005KT CAVOK 08/08 Q1023 NOSIG,M
FAPE,2026-07-26 03:00,48.20,48.20,100.00,10.00,6.00,0.00,30.21,M,6.21,M,M,M,M,M,M,M,M,M,M,M,M,M,M,M,M,45.04,FAPE 260300Z 01006KT CAVOK 09/09 Q1023 NOSIG,M
FAPE,2026-07-26 04:00,44.60,44.60,100.00,20.00,5.00,0.00,30.21,M,6.21,M,M,M,M,M,M,M,M,M,M,M,M,M,M,M,M,41.36,FAPE 260400Z 02005KT CAVOK 07/07 Q1023 NOSIG,M
FAPE,2026-07-26 05:00,46.40,46.40,100.00,340.00,4.00,0.00,30.21,M,6.21,M,M,M,M,M,M,M,M,M,M,M,M,M,M,M,M,44.24,FAPE 260500Z 34004KT CAVOK 08/08 Q1023 NOSIG,M
FAPE,2026-07-26 06:00,46.40,44.60,93.40,360.00,5.00,0.00,30.18,M,6.21,M,M,M,M,M,M,M,M,M,M,M,M,M,M,M,M,43.50,FAPE 260600Z 36005KT CAVOK 08/07 Q1022 NOSIG,M
FAPE,2026-07-26 06:44,51.80,48.20,87.47,360.00,4.00,0.00,30.18,M,6.21,M,M,M,M,M,M,M,M,M,M,M,M,M,M,M,M,51.80,FAPE 260644Z 36004KT CAVOK 11/09 Q1022 NOSIG,M
FAPE,2026-07-26 07:00,51.80,48.20,87.47,360.00,5.00,0.00,30.18,M,6.21,M,M,M,M,M,M,M,M,M,M,M,M,M,M,M,M,51.80,FAPE 260700Z 36005KT CAVOK 11/09 Q1022 NOSIG,M
FAPE,2026-07-26 08:00,57.20,48.20,71.84,360.00,5.00,0.00,30.15,M,6.21,M,M,M,M,M,M,M,M,M,M,M,M,M,M,M,M,57.20,FAPE 260800Z 36005KT CAVOK 14/09 Q1021 NOSIG,M
FAPE,2026-07-26 09:00,59.00,48.20,67.34,20.00,6.00,0.00,30.15,M,6.21,M,M,M,M,M,M,M,M,M,M,M,M,M,M,M,M,59.00,FAPE 260900Z 02006KT CAVOK 15/09 Q1021 NOSIG,M
FAPE,2026-07-26 09:11,62.60,50.00,63.39,20.00,6.00,0.00,30.12,M,6.21,M,M,M,M,M,M,M,M,M,M,M,M,M,M,M,M,62.60,FAPE 260911Z 02006KT CAVOK 17/10 Q1020 NOSIG,M
FAPE,2026-07-26 09:46,66.20,50.00,55.91,20.00,6.00,0.00,30.09,M,6.21,M,M,M,M,M,M,M,M,M,M,M,M,M,M,M,M,66.20,FAPE 260946Z 02006KT CAVOK 19/10 Q1019 NOSIG,M
FAPE,2026-07-26 10:00,66.20,51.80,59.76,20.00,6.00,0.00,30.09,M,6.21,M,M,M,M,M,M,M,M,M,M,M,M,M,M,M,M,66.20,FAPE 261000Z 02006KT CAVOK 19/11 Q1019 NOSIG,M
FAPE,2026-07-26 10:07,69.80,51.80,52.81,20.00,4.00,0.00,30.09,M,6.21,M,M,M,M,M,M,M,M,M,M,M,M,M,M,M,M,69.80,FAPE 261007Z 02004KT 350V050 CAVOK 21/11 Q1019 NOSIG,M
FAPE,2026-07-26 11:00,71.60,51.80,49.67,40.00,5.00,0.00,30.06,M,6.21,M,M,M,M,M,M,M,M,M,M,M,M,M,M,M,M,71.60,FAPE 261100Z 04005KT CAVOK 22/11 Q1018 NOSIG,M
FAPE,2026-07-26 11:13,75.20,51.80,44.02,40.00,4.00,0.00,30.03,M,6.21,M,M,M,M,M,M,M,M,M,M,M,M,M,M,M,M,75.20,FAPE 261113Z 04004KT 360V090 CAVOK 24/11 Q1017 NOSIG,M
FAPE,2026-07-26 12:00,77.00,48.20,36.27,20.00,8.00,0.00,30.00,M,6.21,M,M,M,M,M,M,M,M,M,M,M,M,M,M,M,M,77.00,FAPE 261200Z 02008KT CAVOK 25/09 Q1016 NOSIG,M
FAPE,2026-07-26 13:00,78.80,42.80,27.85,350.00,12.00,0.00,29.97,M,6.21,M,M,M,M,M,M,M,M,M,M,M,M,M,M,M,M,78.80,FAPE 261300Z 35012KT CAVOK 26/06 Q1015 NOSIG,M
FAPE,2026-07-26 14:00,75.20,48.20,38.50,10.00,12.00,0.00,29.94,M,6.21,M,M,M,M,M,M,M,M,M,M,M,M,M,M,M,M,75.20,FAPE 261400Z 01012KT CAVOK 24/09 Q1014 NOSIG,M
FAPE,2026-07-26 15:00,71.60,50.00,46.47,10.00,7.00,0.00,29.94,M,6.21,M,M,M,M,M,M,M,M,M,M,M,M,M,M,M,M,71.60,FAPE 261500Z 01007KT CAVOK 22/10 Q1014 NOSIG,M
FAPE,2026-07-26 16:00,68.00,48.20,49.12,340.00,6.00,0.00,29.94,M,6.21,M,M,M,M,M,M,M,M,M,M,M,M,M,M,M,M,68.00,FAPE 261600Z 34006KT CAVOK 20/09 Q1014 NOSIG,M
FAPE,2026-07-26 17:00,64.40,44.60,48.57,330.00,5.00,0.00,29.94,M,6.21,M,M,M,M,M,M,M,M,M,M,M,M,M,M,M,M,64.40,FAPE 261700Z 33005KT CAVOK 18/07 Q1014 NOSIG,M
FAPE,2026-07-26 18:00,60.80,44.60,55.13,290.00,5.00,0.00,29.94,M,6.21,M,M,M,M,M,M,M,M,M,M,M,M,M,M,M,M,60.80,FAPE 261800Z 29005KT CAVOK 16/07 Q1014 NOSIG,M
FAPE,2026-07-26 19:00,59.00,44.60,58.78,250.00,5.00,0.00,29.97,M,6.21,M,M,M,M,M,M,M,M,M,M,M,M,M,M,M,M,59.00,FAPE 261900Z 25005KT 210V280 CAVOK 15/07 Q1015 NOSIG,M
FAPE,2026-07-26 20:00,55.40,44.60,66.91,290.00,3.00,0.00,29.94,M,6.21,M,M,M,M,M,M,M,M,M,M,M,M,M,M,M,M,55.40,FAPE 262000Z 29003KT 250V130 CAVOK 13/07 Q1014 NOSIG,M
FAPE,2026-07-26 21:00,51.80,44.60,76.34,280.00,5.00,0.00,29.94,M,6.21,M,M,M,M,M,M,M,M,M,M,M,M,M,M,M,M,51.80,FAPE 262100Z 28005KT CAVOK 11/07 Q1014 NOSIG,M
FAPE,2026-07-26 22:00,53.60,42.80,66.70,M,2.00,0.00,29.94,M,6.21,M,M,M,M,M,M,M,M,M,M,M,M,M,M,M,M,53.60,FAPE 262200Z VRB02KT CAVOK 12/06 Q1014 NOSIG,M
FAPE,2026-07-26 23:00,50.00,42.80,76.17,290.00,6.00,0.00,29.94,M,6.21,M,M,M,M,M,M,M,M,M,M,M,M,M,M,M,M,50.00,FAPE 262300Z 29006KT CAVOK 10/06 Q1014 NOSIG,M
FAPE,2026-07-27 00:00,51.80,42.80,71.26,260.00,5.00,0.00,29.94,M,6.21,M,M,M,M,M,M,M,M,M,M,M,M,M,M,M,M,51.80,FAPE 270000Z 26005KT CAVOK 11/06 Q1014 NOSIG,M
FAPE,2026-07-27 01:00,50.00,41.00,71.06,250.00,7.00,0.00,29.94,M,6.21,M,M,M,M,M,M,M,M,M,M,M,M,M,M,M,M,50.00,FAPE 270100Z 25007KT CAVOK 10/05 Q1014 NOSIG,M
FAPE,2026-07-27 01:08,53.60,39.20,58.02,230.00,9.00,0.00,29.94,M,6.21,M,M,M,M,M,M,M,M,M,M,M,M,M,M,M,M,53.60,FAPE 270108Z 23009KT CAVOK 12/04 Q1014 NOSIG,M
FAPE,2026-07-27 01:14,57.20,41.00,54.60,230.00,10.00,0.00,29.94,M,6.21,M,M,M,M,M,M,M,M,M,M,M,M,M,M,M,M,57.20,FAPE 270114Z 23010KT CAVOK 14/05 Q1014 NOSIG,M
FAPE,2026-07-27 01:18,60.80,39.20,44.76,230.00,10.00,0.00,29.94,M,6.21,M,M,M,M,M,M,M,M,M,M,M,M,M,M,M,M,60.80,FAPE 270118Z 23010KT CAVOK 16/04 Q1014 NOSIG,M
FAPE,2026-07-27 02:00,60.80,42.80,51.46,260.00,8.00,0.00,29.94,M,6.21,M,M,M,M,M,M,M,M,M,M,M,M,M,M,M,M,60.80,FAPE 270200Z 26008KT CAVOK 16/06 Q1014 NOSIG,M
FAPE,2026-07-27 03:00,60.80,48.20,63.16,240.00,17.00,0.00,29.94,M,6.21,M,M,M,M,M,M,M,M,M,M,M,M,M,M,M,M,60.80,FAPE 270300Z 24017KT CAVOK 16/09 Q1014 NOSIG,M
FAPE,2026-07-27 03:03,60.80,48.20,63.16,240.00,20.00,0.00,29.94,M,6.21,31.00,M,M,M,M,M,M,M,M,M,M,M,M,M,M,M,60.80,FAPE 270303Z 24020G31KT CAVOK 16/09 Q1014 NOSIG,M
FAPE,2026-07-27 03:46,60.80,55.40,82.38,250.00,20.00,0.00,29.97,M,6.21,30.00,M,M,M,M,M,M,M,M,M,M,M,M,M,M,M,60.80,FAPE 270346Z 25020G30KT CAVOK 16/13 Q1015 NOSIG,M
FAPE,2026-07-27 04:00,60.80,55.40,82.38,250.00,21.00,0.00,29.97,M,6.21,M,M,M,M,M,M,M,M,M,M,M,M,M,M,M,M,60.80,FAPE 270400Z 25021KT CAVOK 16/13 Q1015 NOSIG,M
FAPE,2026-07-27 04:22,60.80,57.20,87.93,240.00,22.00,0.00,30.00,M,6.21,32.00,FEW,M,M,M,1300.00,M,M,M,M,M,M,M,M,M,M,60.80,FAPE 270422Z 24022G32KT 9999 FEW013 16/14 Q1016 BECMG BKN010,M
FAPE,2026-07-27 05:00,60.80,57.20,87.93,240.00,21.00,0.00,30.00,M,6.21,M,FEW,M,M,M,1500.00,M,M,M,M,M,M,M,M,M,M,60.80,FAPE 270500Z 24021KT 9999 FEW015 16/14 Q1016 NOSIG,M
FAPE,2026-07-27 05:01,60.80,55.40,82.38,240.00,22.00,0.00,30.03,M,6.21,33.00,FEW,M,M,M,1500.00,M,M,M,M,M,M,M,M,M,M,60.80,FAPE 270501Z 24022G33KT 9999 FEW015 16/13 Q1017 NOSIG,M
FAPE,2026-07-27 06:00,60.80,57.20,87.93,240.00,20.00,0.00,30.06,M,6.21,M,FEW,M,M,M,1500.00,M,M,M,M,M,M,M,M,M,M,60.80,FAPE 270600Z 24020KT 9999 FEW015 16/14 Q1018 NOSIG,M
FAPE,2026-07-27 06:41,60.80,57.20,87.93,250.00,20.00,0.00,30.09,M,6.21,30.00,FEW,M,M,M,1500.00,M,M,M,M,M,M,M,M,M,M,60.80,FAPE 270641Z 25020G30KT 9999 FEW015 16/14 Q1019 NOSIG,M
FAPE,2026-07-27 07:00,62.60,55.40,77.31,250.00,21.00,0.00,30.09,M,6.21,31.00,FEW,M,M,M,1500.00,M,M,M,M,M,M,M,M,M,M,62.60,FAPE 270700Z 25021G31KT 9999 FEW015 17/13 Q1019 NOSIG,M
FAPE,2026-07-27 07:40,64.40,55.40,72.58,250.00,19.00,0.00,30.09,M,6.21,29.00,FEW,M,M,M,1500.00,M,M,M,M,M,M,M,M,M,M,64.40,FAPE 270740Z 25019G29KT 9999 FEW015 18/13 Q1019 NOSIG,M
FAPE,2026-07-27 08:00,64.40,55.40,72.58,250.00,20.00,0.00,30.12,M,6.21,31.00,FEW,M,M,M,1500.00,M,M,M,M,M,M,M,M,M,M,64.40,FAPE 270800Z 25020G31KT 9999 FEW015 18/13 Q1020 NOSIG,M
FAPE,2026-07-27 08:53,64.40,55.40,72.58,250.00,22.00,0.00,30.12,M,6.21,33.00,FEW,M,M,M,1500.00,M,M,M,M,M,M,M,M,M,M,64.40,FAPE 270853Z 25022G33KT 9999 FEW015 18/13 Q1020 NOSIG,M
FAPE,2026-07-27 09:00,64.40,55.40,72.58,250.00,22.00,0.00,30.15,M,6.21,33.00,FEW,M,M,M,1500.00,M,M,M,M,M,M,M,M,M,M,64.40,FAPE 270900Z 25022G33KT 9999 FEW015 18/13 Q1021 NOSIG,M
FAPE,2026-07-27 10:00,66.20,53.60,63.85,250.00,21.00,0.00,30.12,M,6.21,M,M,M,M,M,M,M,M,M,M,M,M,M,M,M,M,66.20,FAPE 271000Z 25021KT CAVOK 19/12 Q1020 NOSIG,M
FAPE,2026-07-27 11:00,68.00,53.60,60.00,250.00,19.00,0.00,30.12,M,6.21,M,M,M,M,M,M,M,M,M,M,M,M,M,M,M,M,68.00,FAPE 271100Z 25019KT CAVOK 20/12 Q1020 NOSIG,M
FAPE,2026-07-27 12:00,68.00,53.60,60.00,240.00,17.00,0.00,30.12,M,6.21,M,M,M,M,M,M,M,M,M,M,M,M,M,M,M,M,68.00,FAPE 271200Z 24017KT 200V260 CAVOK 20/12 Q1020 NOSIG,M
FAPE,2026-07-27 13:00,64.40,53.60,67.97,240.00,17.00,0.00,30.15,M,6.21,M,SCT,M,M,M,3500.00,M,M,M,M,M,M,M,M,M,M,64.40,FAPE 271300Z 24017KT 9999 SCT035 18/12 Q1021 NOSIG,M
FAPE,2026-07-27 13:51,60.80,59.00,93.79,230.00,15.00,0.00,30.15,M,3.11,M,FEW,BKN,FEW,M,1500.00,3200.00,5000.00,M,-SHRA,M,M,M,M,M,M,60.80,FAPE 271351Z 23015KT 5000 -SHRA FEW015 BKN032 FEW050TCU 16/15 Q1021 TEMPO 7000,M
FAPE,2026-07-27 14:00,59.00,59.00,100.00,240.00,14.00,0.00,30.18,M,3.11,M,FEW,BKN,FEW,M,1500.00,3200.00,5000.00,M,-SHRA,M,M,M,M,M,M,59.00,FAPE 271400Z 24014KT 5000 -SHRA FEW015 BKN032 FEW050TCU 15/15 Q1022 TEMPO 7000,M
FAPE,2026-07-27 14:15,59.00,59.00,100.00,240.00,14.00,0.00,30.18,M,2.49,M,SCT,BKN,M,M,1000.00,2500.00,M,M,DZRA,M,M,M,M,M,M,59.00,FAPE 271415Z 24014KT 4000 DZRA SCT010 BKN025 15/15 Q1022 TEMPO 7000,M
FAPE,2026-07-27 14:55,59.00,59.00,100.00,220.00,10.00,0.00,30.18,M,2.49,M,BKN,OVC,M,M,1800.00,2800.00,M,M,-RA,M,M,M,M,M,M,59.00,FAPE 271455Z 22010KT 4000 -RA BKN018 OVC028 15/15 Q1022 TEMPO 5000,M
FAPE,2026-07-27 15:00,59.00,59.00,100.00,220.00,10.00,0.00,30.18,M,2.49,M,BKN,OVC,M,M,1800.00,2800.00,M,M,-RA,M,M,M,M,M,M,59.00,FAPE 271500Z 22010KT 4000 -RA BKN018 OVC028 15/15 Q1022 TEMPO 5000,M
FAPE,2026-07-27 15:24,59.00,59.00,100.00,240.00,7.00,0.00,30.21,M,3.11,M,FEW,BKN,OVC,M,400.00,1000.00,2600.00,M,-DZRA,M,M,M,M,M,M,59.00,FAPE 271524Z 24007KT 5000 -DZRA FEW004 BKN010 OVC026 15/15 Q1023 TEMPO 3000,M
FAPE,2026-07-27 15:46,59.00,59.00,100.00,230.00,4.00,0.00,30.21,M,2.49,M,FEW,BKN,OVC,M,500.00,1000.00,2000.00,M,RA,M,M,M,M,M,M,59.00,FAPE 271546Z 23004KT 180V260 4000 RA FEW005 BKN010 OVC020 15/15 Q1023 TEMPO 5000,M
FAPE,2026-07-27 15:54,59.00,59.00,100.00,170.00,7.00,0.00,30.21,M,4.35,M,FEW,BKN,OVC,M,700.00,1400.00,2000.00,M,-RA,M,M,M,M,M,M,59.00,FAPE 271554Z 17007KT 120V210 7000 -RA FEW007 BKN014 OVC020 15/15 Q1023 TEMPO 5000,M
FAPE,2026-07-27 16:00,59.00,59.00,100.00,170.00,7.00,0.00,30.21,M,4.35,M,FEW,BKN,OVC,M,700.00,1400.00,2000.00,M,-RA,M,M,M,M,M,M,59.00,FAPE 271600Z 17007KT 120V210 7000 -RA FEW007 BKN014 OVC020 15/15 Q1023 TEMPO 5000,M
FAPE,2026-07-27 16:20,59.00,59.00,100.00,150.00,10.00,0.00,30.24,M,6.21,M,FEW,SCT,OVC,M,800.00,1500.00,2500.00,M,-RA,M,M,M,M,M,M,59.00,FAPE 271620Z 15010KT 9999 -RA FEW008 SCT015 OVC025 15/15 Q1024 TEMPO BKN011,M
FAPE,2026-07-27 17:00,59.00,57.20,93.74,150.00,10.00,0.00,30.24,M,6.21,M,SCT,BKN,OVC,M,1500.00,2600.00,4800.00,M,-RA,M,M,M,M,M,M,59.00,FAPE 271700Z 15010KT 9999 -RA SCT015 BKN026 OVC048 15/14 Q1024 TEMPO BKN011,M
FAPE,2026-07-27 17:56,59.00,59.00,100.00,150.00,12.00,0.00,30.27,M,4.97,M,BKN,OVC,M,M,1300.00,2500.00,M,M,-RA,M,M,M,M,M,M,59.00,FAPE 271756Z 15012KT 8000 -RA BKN013 OVC025 15/15 Q1025 TEMPO BKN012,M
FAPE,2026-07-27 18:00,59.00,59.00,100.00,150.00,12.00,0.00,30.27,M,4.97,M,BKN,OVC,M,M,1300.00,2500.00,M,M,M,M,M,M,M,M,M,59.00,FAPE 271800Z 15012KT 8000 BKN013 OVC025 15/15 Q1025 TEMPO BKN012,M
FAPE,2026-07-27 18:48,59.00,57.20,93.74,160.00,11.00,0.00,30.30,M,5.59,M,SCT,OVC,M,M,1300.00,4800.00,M,M,-RA,M,M,M,M,M,M,59.00,FAPE 271848Z 16011KT 9000 -RA SCT013 OVC048 15/14 Q1026 TEMPO BKN012,M
FAPE,2026-07-27 19:00,59.00,57.20,93.74,150.00,10.00,0.00,30.30,M,6.21,M,SCT,OVC,M,M,1300.00,4900.00,M,M,-RA,M,M,M,M,M,M,59.00,FAPE 271900Z 15010KT 9999 -RA SCT013 OVC049 15/14 Q1026 TEMPO BKN012,M
FAPE,2026-07-27 20:00,59.00,55.40,87.84,150.00,9.00,0.00,30.30,M,6.21,M,FEW,SCT,M,M,1300.00,4900.00,M,M,-RA,M,M,M,M,M,M,59.00,FAPE 272000Z 15009KT 9999 -RA FEW013 SCT049 15/13 Q1026 NOSIG,M
FAPE,2026-07-27 21:00,59.00,53.60,82.26,160.00,9.00,0.00,30.33,M,6.21,M,FEW,M,M,M,1500.00,M,M,M,-RA,M,M,M,M,M,M,59.00,FAPE 272100Z 16009KT 130V190 9999 -RA FEW015 15/12 Q1027 NOSIG,M
FAPE,2026-07-27 22:00,59.00,53.60,82.26,160.00,9.00,0.00,30.33,M,6.21,M,FEW,BKN,M,M,2000.00,4000.00,M,M,M,M,M,M,M,M,M,59.00,FAPE 272200Z 16009KT 9999 FEW020 BKN040 15/12 Q1027 NOSIG,M
FAPE,2026-07-27 23:00,59.00,50.00,72.02,160.00,8.00,0.00,30.33,M,6.21,M,FEW,SCT,M,M,2000.00,4300.00,M,M,M,M,M,M,M,M,M,59.00,FAPE 272300Z 16008KT 9999 FEW020 SCT043 15/10 Q1027 NOSIG,M
FAPE,2026-07-28 00:00,59.00,48.20,67.34,160.00,8.00,0.00,30.36,M,6.21,M,BKN,M,M,M,4300.00,M,M,M,M,M,M,M,M,M,M,59.00,FAPE 280000Z 16008KT 9999 BKN043 15/09 Q1028 NOSIG,M
FAPE,2026-07-28 01:00,59.00,48.20,67.34,150.00,9.00,0.00,30.36,M,6.21,M,BKN,M,M,M,4000.00,M,M,M,M,M,M,M,M,M,M,59.00,FAPE 280100Z 15009KT 9999 BKN040 15/09 Q1028 NOSIG,M
FAPE,2026-07-28 02:00,59.00,46.40,62.93,140.00,8.00,0.00,30.36,M,6.21,M,FEW,M,M,M,4000.00,M,M,M,M,M,M,M,M,M,M,59.00,FAPE 280200Z 14008KT 9999 FEW040 15/08 Q1028 NOSIG,M
FAPE,2026-07-28 03:00,59.00,46.40,62.93,150.00,7.00,0.00,30.36,M,6.21,M,FEW,M,M,M,3600.00,M,M,M,M,M,M,M,M,M,M,59.00,FAPE 280300Z 15007KT 9999 FEW036 15/08 Q1028 NOSIG,M
FAPE,2026-07-28 04:00,59.00,48.20,67.34,150.00,7.00,0.00,30.39,M,6.21,M,BKN,M,M,M,4400.00,M,M,M,-RA,M,M,M,M,M,M,59.00,FAPE 280400Z 15007KT 120V180 9999 -RA BKN044 15/09 Q1029 NOSIG,M
FAPE,2026-07-28 05:00,57.20,51.80,82.13,120.00,6.00,0.00,30.39,M,6.21,M,BKN,M,M,M,3100.00,M,M,M,M,M,M,M,M,M,M,57.20,FAPE 280500Z 12006KT 9999 BKN031 14/11 Q1029 NOSIG,M
FAPE,2026-07-28 06:00,55.40,51.80,87.65,110.00,9.00,0.00,30.45,M,6.21,M,FEW,BKN,M,M,2700.00,3400.00,M,M,-RA,M,M,M,M,M,M,55.40,FAPE 280600Z 11009KT 9999 -RA FEW027 BKN034 13/11 Q1031 NOSIG,M
FAPE,2026-07-28 06:43,55.40,53.60,93.65,130.00,12.00,0.00,30.45,M,6.21,M,FEW,OVC,M,M,1700.00,4200.00,M,M,-RA,M,M,M,M,M,M,55.40,FAPE 280643Z 13012KT 9999 -RA FEW017 OVC042 13/12 Q1031 NOSIG,M
FAPE,2026-07-28 07:00,55.40,53.60,93.65,120.00,10.00,0.00,30.45,M,3.73,M,SCT,OVC,M,M,1800.00,4500.00,M,M,RA,M,M,M,M,M,M,55.40,FAPE 280700Z 12010KT 6000 RA SCT018 OVC045 13/12 Q1031 NOSIG,M
FAPE,2026-07-28 07:08,53.60,53.60,100.00,60.00,3.00,0.00,30.47,M,6.21,M,FEW,BKN,M,M,1000.00,4100.00,M,M,-RA,M,M,M,M,M,M,53.60,FAPE 280708Z 06003KT 040V100 9999 -RA FEW010 BKN041 12/12 Q1032 NOSIG,M
FAPE,2026-07-28 08:00,55.40,55.40,100.00,60.00,4.00,0.00,30.47,M,6.21,M,FEW,SCT,BKN,M,1800.00,3500.00,4800.00,M,M,M,M,M,M,M,M,55.40,FAPE 280800Z 06004KT 9999 FEW018 SCT035 BKN048 13/13 Q1032 NOSIG,M
FAPE,2026-07-28 09:00,57.20,55.40,93.70,80.00,5.00,0.00,30.47,M,6.21,M,FEW,FEW,M,M,1300.00,3800.00,M,M,M,M,M,M,M,M,M,57.20,FAPE 280900Z 08005KT 9999 FEW013 FEW038TCU 14/13 Q1032 NOSIG,M
FAPE,2026-07-28 09:29,60.80,53.60,77.15,90.00,6.00,0.00,30.47,M,6.21,M,FEW,M,M,M,1200.00,M,M,M,M,M,M,M,M,M,M,60.80,FAPE 280929Z 09006KT 9999 FEW012 16/12 Q1032 NOSIG,M
FAPE,2026-07-28 10:00,60.80,50.00,67.55,80.00,7.00,0.00,30.47,M,6.21,M,FEW,M,M,M,2300.00,M,M,M,M,M,M,M,M,M,M,60.80,FAPE 281000Z 08007KT 050V110 9999 FEW023 16/10 Q1032,M
FAPE,2026-07-28 11:00,57.20,53.60,87.75,90.00,6.00,0.00,30.45,M,6.21,M,SCT,BKN,M,M,2500.00,3500.00,M,M,M,M,M,M,M,M,M,57.20,FAPE 281100Z 09006KT 9999 SCT025 BKN035 14/12 Q1031 NOSIG,M
FAPE,2026-07-28 12:00,57.20,53.60,87.75,150.00,10.00,0.00,30.45,M,6.21,M,FEW,BKN,M,M,1700.00,4500.00,M,M,-RA,M,M,M,M,M,M,57.20,FAPE 281200Z 15010KT 9999 -RA FEW017 BKN045 14/12 Q1031 NOSIG,M
FAPE,2026-07-28 13:00,55.40,55.40,100.00,170.00,10.00,0.00,30.45,M,6.21,M,FEW,BKN,M,M,1700.00,4900.00,M,M,-RA,M,M,M,M,M,M,55.40,FAPE 281300Z 17010KT 9999 -RA FEW017 BKN049 13/13 Q1031 NOSIG,M
FAPE,2026-07-28 14:00,57.20,55.40,93.70,140.00,10.00,0.00,30.45,M,6.21,M,SCT,BKN,M,M,1700.00,4900.00,M,M,-RA,M,M,M,M,M,M,57.20,FAPE 281400Z 14010KT 9999 -RA SCT017 BKN049 14/13 Q1031 NOSIG,M
FAPE,2026-07-28 15:00,55.40,53.60,93.65,160.00,7.00,0.00,30.45,M,6.21,M,FEW,BKN,M,M,2000.00,4500.00,M,M,-RA,M,M,M,M,M,M,55.40,FAPE 281500Z 16007KT 9999 -RA FEW020 BKN045 13/12 Q1031 NOSIG,M
FAPE,2026-07-28 16:00,57.20,55.40,93.70,140.00,8.00,0.00,30.45,M,6.21,M,BKN,BKN,M,M,3000.00,4600.00,M,M,-RA,M,M,M,M,M,M,57.20,FAPE 281600Z 14008KT 9999 -RA BKN030 BKN046 14/13 Q1031 NOSIG,M
FAPE,2026-07-28 17:00,57.20,51.80,82.13,100.00,8.00,0.00,30.47,M,6.21,M,FEW,SCT,M,M,3500.00,4700.00,M,M,M,M,M,M,M,M,M,57.20,FAPE 281700Z 10008KT 9999 FEW035 SCT047 14/11 Q1032 NOSIG,M
FAPE,2026-07-28 18:00,55.40,51.80,87.65,100.00,12.00,0.00,30.47,M,6.21,M,BKN,M,M,M,4500.00,M,M,M,-RA,M,M,M,M,M,M,55.40,FAPE 281800Z 10012KT 9999 -RA BKN045 13/11 Q1032 NOSIG,M
FAPE,2026-07-28 18:36,55.40,53.60,93.65,70.00,10.00,0.00,30.47,M,3.73,M,BKN,FEW,M,M,4000.00,4900.00,M,M,SHRA,M,M,M,M,M,M,55.40,FAPE 281836Z 07010KT 040V100 6000 SHRA BKN040 FEW049TCU 13/12 Q1032 NOSIG,M
FAPE,2026-07-28 18:55,55.40,53.60,93.65,70.00,4.00,0.00,30.47,M,6.21,M,FEW,BKN,FEW,M,3000.00,4000.00,4900.00,M,-SHRA,M,M,M,M,M,M,55.40,FAPE 281855Z 07004KT 9999 -SHRA FEW030 BKN040 FEW049TCU 13/12 Q1032 NOSIG,M
FAPE,2026-07-28 19:00,55.40,53.60,93.65,70.00,4.00,0.00,30.47,M,6.21,M,FEW,BKN,M,M,3000.00,4000.00,M,M,M,M,M,M,M,M,M,55.40,FAPE 281900Z 07004KT 9999 FEW030 BKN040 13/12 Q1032 NOSIG,M
FAPE,2026-07-28 20:00,57.20,53.60,87.75,90.00,10.00,0.00,30.47,M,6.21,M,FEW,M,M,M,3600.00,M,M,M,M,M,M,M,M,M,M,57.20,FAPE 282000Z 09010KT 9999 FEW036 14/12 Q1032 NOSIG,M
FAPE,2026-07-28 21:00,57.20,53.60,87.75,110.00,11.00,0.00,30.47,M,6.21,M,M,M,M,M,M,M,M,M,M,M,M,M,M,M,M,57.20,FAPE 282100Z 11011KT CAVOK 14/12 Q1032 NOSIG,M
FAPE,2026-07-28 22:00,57.20,53.60,87.75,120.00,9.00,0.00,30.47,M,6.21,M,FEW,SCT,M,M,3000.00,4200.00,M,M,M,M,M,M,M,M,M,57.20,FAPE 282200Z 12009KT 9999 FEW030 SCT042 14/12 Q1032 NOSIG,M
FAPE,2026-07-28 23:00,57.20,53.60,87.75,70.00,12.00,0.00,30.47,M,6.21,M,FEW,SCT,M,M,1800.00,2300.00,M,M,M,M,M,M,M,M,M,57.20,FAPE 282300Z 07012KT 9999 FEW018 SCT023 14/12 Q1032 NOSIG,M
FAPE,2026-07-29 00:00,57.20,55.40,93.70,50.00,8.00,0.00,30.45,M,6.21,M,FEW,SCT,BKN,M,1000.00,1500.00,4900.00,M,M,M,M,M,M,M,M,57.20,FAPE 290000Z 05008KT 9999 FEW010 SCT015 BKN049 14/13 Q1031 TEMPO BKN012,M
FAPE,2026-07-29 00:04,57.20,55.40,93.70,50.00,8.00,0.00,30.45,M,6.21,M,FEW,BKN,BKN,M,1200.00,1400.00,2900.00,M,M,M,M,M,M,M,M,57.20,FAPE 290004Z 05008KT 9999 FEW012 BKN014 BKN029 14/13 Q1031 TEMPO BKN012,M
FAPE,2026-07-29 01:00,55.40,53.60,93.65,80.00,9.00,0.00,30.45,M,6.21,M,FEW,BKN,BKN,M,1200.00,1400.00,3900.00,M,M,M,M,M,M,M,M,55.40,FAPE 290100Z 08009KT 9999 FEW012 BKN014 BKN039 13/12 Q1031 TEMPO BKN012,M
FAPE,2026-07-29 01:09,55.40,55.40,100.00,60.00,7.00,0.00,30.45,M,6.21,M,FEW,BKN,M,M,1500.00,2600.00,M,M,-RA,M,M,M,M,M,M,55.40,FAPE 290109Z 06007KT 9999 -RA FEW015 BKN026 13/13 Q1031 NOSIG,M
FAPE,2026-07-29 02:00,57.20,51.80,82.13,70.00,13.00,0.00,30.45,M,6.21,M,FEW,BKN,OVC,M,1300.00,2200.00,3000.00,M,M,M,M,M,M,M,M,57.20,FAPE 290200Z 07013KT 9999 FEW013 BKN022 OVC030 14/11 Q1031 NOSIG,M
FAPE,2026-07-29 03:00,59.00,48.20,67.34,90.00,12.00,0.00,30.42,M,6.21,M,OVC,M,M,M,3600.00,M,M,M,M,M,M,M,M,M,M,59.00,FAPE 290300Z 09012KT 9999 OVC036 15/09 Q1030 NOSIG,M
FAPE,2026-07-29 04:00,57.20,48.20,71.84,100.00,10.00,0.00,30.45,M,6.21,M,BKN,M,M,M,3500.00,M,M,M,M,M,M,M,M,M,M,57.20,FAPE 290400Z 10010KT 9999 BKN035 14/09 Q1031 NOSIG,M
FAPE,2026-07-29 05:00,59.00,48.20,67.34,110.00,8.00,0.00,30.42,M,6.21,M,FEW,BKN,M,M,3500.00,4800.00,M,M,M,M,M,M,M,M,M,59.00,FAPE 290500Z 11008KT 9999 FEW035 BKN048 15/09 Q1030 NOSIG,M
FAPE,2026-07-29 06:00,57.20,48.20,71.84,110.00,7.00,0.00,30.45,M,6.21,M,FEW,M,M,M,2000.00,M,M,M,M,M,M,M,M,M,M,57.20,FAPE 290600Z 11007KT 9999 FEW020 14/09 Q1031 NOSIG,M
FAPE,2026-07-29 07:00,60.80,48.20,63.16,100.00,8.00,0.00,30.45,M,6.21,M,FEW,M,M,M,2000.00,M,M,M,M,M,M,M,M,M,M,60.80,FAPE 290700Z 10008KT 9999 FEW020 16/09 Q1031 NOSIG,M
FAPE,2026-07-29 08:00,59.00,53.60,82.26,90.00,13.00,0.00,30.45,M,4.97,M,FEW,BKN,M,M,600.00,4200.00,M,M,-RA,M,M,M,M,M,M,59.00,FAPE 290800Z 09013KT 060V130 8000 -RA FEW006 BKN042 15/12 Q1031 NOSIG,M
FAPE,2026-07-29 08:32,57.20,55.40,93.70,50.00,12.00,0.00,30.45,M,3.11,M,FEW,SCT,BKN,M,600.00,1800.00,4200.00,M,SHRA,M,M,M,M,M,M,57.20,FAPE 290832Z 05012KT 5000 SHRA FEW006 SCT018 BKN042 14/13 Q1031 BECMG 7000,M
FAPE,2026-07-29 08:49,57.20,55.40,93.70,70.00,6.00,0.00,30.45,M,4.97,M,FEW,SCT,BKN,M,600.00,1800.00,4200.00,M,-RA,M,M,M,M,M,M,57.20,FAPE 290849Z 07006KT 020V100 8000 -RA FEW006 SCT018 BKN042 14/13 Q1031 NOSIG,M
FAPE,2026-07-29 09:00,57.20,55.40,93.70,70.00,6.00,0.00,30.45,M,4.97,M,FEW,SCT,BKN,M,600.00,1800.00,4200.00,M,-RA,M,M,M,M,M,M,57.20,FAPE 290900Z 07006KT 020V100 8000 -RA FEW006 SCT018 BKN042 14/13 Q1031 NOSIG,M
FAPE,2026-07-29 09:07,60.80,55.40,82.38,90.00,13.00,0.00,30.45,M,6.21,M,SCT,BKN,M,M,2300.00,4200.00,M,M,M,M,M,M,M,M,M,60.80,FAPE 290907Z 09013KT 060V120 9999 SCT023 BKN042 16/13 Q1031 NOSIG,M
FAPE,2026-07-29 09:32,62.60,55.40,77.31,80.00,12.00,0.00,30.42,M,6.21,M,SCT,FEW,M,M,2300.00,3500.00,M,M,VCSH,M,M,M,M,M,M,62.60,FAPE 290932Z 08012KT 9999 VCSH SCT023 FEW035TCU 17/13 Q1030 NOSIG,M
FAPE,2026-07-29 10:00,60.80,55.40,82.38,80.00,15.00,0.00,30.42,M,6.21,M,FEW,M,M,M,2300.00,M,M,M,M,M,M,M,M,M,M,60.80,FAPE 291000Z 08015KT 9999 FEW023 16/13 Q1030 NOSIG,M
FAPE,2026-07-29 11:00,62.60,51.80,67.76,80.00,11.00,0.00,30.39,M,6.21,M,FEW,FEW,BKN,M,2300.00,3500.00,4500.00,M,VCSH,M,M,M,M,M,M,62.60,FAPE 291100Z 08011KT 9999 VCSH FEW023 FEW035TCU BKN045 17/11 Q1029 NOSIG,M
FAPE,2026-07-29 12:00,59.00,55.40,87.84,50.00,9.00,0.00,30.36,M,6.21,M,FEW,BKN,M,M,3600.00,4500.00,M,M,M,M,M,M,M,M,M,59.00,FAPE 291200Z 05009KT 9999 FEW036 BKN045 15/13 Q1028 NOSIG,M
FAPE,2026-07-29 13:00,59.00,55.40,87.84,50.00,10.00,0.00,30.36,M,6.21,M,FEW,BKN,M,M,2400.00,4500.00,M,M,M,M,M,M,M,M,M,59.00,FAPE 291300Z 05010KT 9999 FEW024 BKN045 15/13 Q1028 NOSIG,M
FAPE,2026-07-29 14:00,60.80,53.60,77.15,80.00,6.00,0.00,30.36,M,6.21,M,FEW,SCT,BKN,M,3200.00,3800.00,4500.00,M,M,M,M,M,M,M,M,60.80,FAPE 291400Z 08006KT 9999 FEW032 SCT038 BKN045 16/12 Q1028 NOSIG,M
FAPE,2026-07-29 15:00,60.80,51.80,72.21,80.00,6.00,0.00,30.36,M,6.21,M,FEW,BKN,M,M,3400.00,4200.00,M,M,M,M,M,M,M,M,M,60.80,FAPE 291500Z 08006KT 9999 FEW034 BKN042 16/11 Q1028 NOSIG,M
FAPE,2026-07-29 16:00,59.00,48.20,67.34,80.00,5.00,0.00,30.36,M,6.21,M,FEW,M,M,M,4500.00,M,M,M,M,M,M,M,M,M,M,59.00,FAPE 291600Z 08005KT 9999 FEW045 15/09 Q1028 NOSIG,M
FAPE,2026-07-29 17:00,57.20,51.80,82.13,50.00,4.00,0.00,30.39,M,6.21,M,FEW,M,M,M,4500.00,M,M,M,M,M,M,M,M,M,M,57.20,FAPE 291700Z 05004KT 9999 FEW045 14/11 Q1029 NOSIG,M
FAPE,2026-07-29 18:00,51.80,50.00,93.55,M,1.00,0.00,30.39,M,6.21,M,FEW,M,M,M,4000.00,M,M,M,M,M,M,M,M,M,M,51.80,FAPE 291800Z VRB01KT 9999 FEW040 11/10 Q1029 NOSIG,M
FAPE,2026-07-29 19:00,51.80,51.80,100.00,90.00,3.00,0.00,30.39,M,6.21,M,SCT,M,M,M,2400.00,M,M,M,M,M,M,M,M,M,M,51.80,FAPE 291900Z 09003KT 040V120 9999 SCT024 11/11 Q1029 NOSIG,M
FAPE,2026-07-29 19:22,57.20,53.60,87.75,80.00,5.00,0.00,30.36,M,6.21,M,SCT,M,M,M,2500.00,M,M,M,M,M,M,M,M,M,M,57.20,FAPE 291922Z 08005KT 050V110 9999 SCT025 14/12 Q1028 NOSIG,M
FAPE,2026-07-29 20:00,57.20,53.60,87.75,M,1.00,0.00,30.36,M,6.21,M,FEW,SCT,M,M,2800.00,4000.00,M,M,M,M,M,M,M,M,M,57.20,FAPE 292000Z VRB01KT 9999 FEW028 SCT040 14/12 Q1028 NOSIG,M
FAPE,2026-07-29 21:00,55.40,55.40,100.00,50.00,6.00,0.00,30.36,M,6.21,M,BKN,M,M,M,2000.00,M,M,M,-RA,M,M,M,M,M,M,55.40,FAPE 292100Z 05006KT 020V080 9999 -RA BKN020 13/13 Q1028 NOSIG,M
FAPE,2026-07-29 22:00,51.80,51.80,100.00,280.00,4.00,0.00,30.36,M,6.21,M,M,M,M,M,M,M,M,M,M,M,M,M,M,M,M,51.80,FAPE 292200Z 28004KT CAVOK 11/11 Q1028 NOSIG,M
FAPE,2026-07-29 23:00,50.00,50.00,100.00,300.00,4.00,0.00,30.36,M,6.21,M,M,M,M,M,M,M,M,M,M,M,M,M,M,M,M,50.00,FAPE 292300Z 30004KT CAVOK 10/10 Q1028 NOSIG,M
FAPE,2026-07-30 00:00,50.00,50.00,100.00,280.00,4.00,0.00,30.36,M,6.21,M,FEW,M,M,M,4500.00,M,M,M,M,M,M,M,M,M,M,50.00,FAPE 300000Z 28004KT 9999 FEW045 10/10 Q1028 NOSIG,M
FAPE,2026-07-30 01:00,50.00,50.00,100.00,M,2.00,0.00,30.36,M,6.21,M,SCT,M,M,M,3500.00,M,M,M,M,M,M,M,M,M,M,50.00,FAPE 300100Z VRB02KT 9999 SCT035 10/10 Q1028 NOSIG,M
FAPE,2026-07-30 02:00,50.00,50.00,100.00,250.00,2.00,0.00,30.36,M,6.21,M,FEW,SCT,M,M,3500.00,4500.00,M,M,M,M,M,M,M,M,M,50.00,FAPE 300200Z 25002KT 9999 FEW035 SCT045 10/10 Q1028 NOSIG,M
FAPE,2026-07-30 03:00,50.00,50.00,100.00,250.00,3.00,0.00,30.36,M,6.21,M,FEW,BKN,M,M,2700.00,3500.00,M,M,M,M,M,M,M,M,M,50.00,FAPE 300300Z 25003KT 9999 FEW027 BKN035 10/10 Q1028 NOSIG,M
FAPE,2026-07-30 04:00,51.80,51.80,100.00,M,2.00,0.00,30.36,M,6.21,M,FEW,BKN,M,M,1400.00,3000.00,M,M,-RA,M,M,M,M,M,M,51.80,FAPE 300400Z VRB02KT 9999 -RA FEW014 BKN030 11/11 Q1028 NOSIG,M
FAPE,2026-07-30 05:00,50.00,50.00,100.00,M,2.00,0.00,30.36,M,6.21,M,SCT,M,M,M,4900.00,M,M,M,M,M,M,M,M,M,M,50.00,FAPE 300500Z VRB02KT 9999 SCT049 10/10 Q1028 NOSIG,M
FAPE,2026-07-30 06:00,50.00,50.00,100.00,270.00,4.00,0.00,30.39,M,6.21,M,M,M,M,M,M,M,M,M,M,M,M,M,M,M,M,50.00,FAPE 300600Z 27004KT CAVOK 10/10 Q1029 NOSIG,M
FAPE,2026-07-30 06:36,53.60,53.60,100.00,M,2.00,0.00,30.42,M,6.21,M,FEW,M,M,M,3500.00,M,M,M,M,M,M,M,M,M,M,53.60,FAPE 300636Z VRB02KT 9999 FEW035 12/12 Q1030 NOSIG,M
FAPE,2026-07-30 06:54,57.20,55.40,93.70,M,2.00,0.00,30.42,M,6.21,M,M,M,M,M,M,M,M,M,M,M,M,M,M,M,M,57.20,FAPE 300654Z VRB02KT CAVOK 14/13 Q1030 NOSIG,M
FAPE,2026-07-30 07:00,57.20,55.40,93.70,M,2.00,0.00,30.42,M,6.21,M,M,M,M,M,M,M,M,M,M,M,M,M,M,M,M,57.20,FAPE 300700Z VRB02KT CAVOK 14/13 Q1030 NOSIG,M
FAPE,2026-07-30 08:00,60.80,55.40,82.38,360.00,3.00,0.00,30.42,M,6.21,M,FEW,M,M,M,3000.00,M,M,M,M,M,M,M,M,M,M,60.80,FAPE 300800Z 36003KT 310V050 9999 FEW030 16/13 Q1030 NOSIG,M
FAPE,2026-07-30 09:00,62.60,53.60,72.40,10.00,4.00,0.00,30.45,M,6.21,M,FEW,M,M,M,3500.00,M,M,M,M,M,M,M,M,M,M,62.60,FAPE 300900Z 01004KT 330V040 9999 FEW035 17/12 Q1031 NOSIG,M
FAPE,2026-07-30 10:00,62.60,53.60,72.40,10.00,6.00,0.00,30.42,M,6.21,M,FEW,M,M,M,3000.00,M,M,M,M,M,M,M,M,M,M,62.60,FAPE 301000Z 01006KT 340V050 9999 FEW030 17/12 Q1030 NOSIG,M
FAPE,2026-07-30 11:00,64.40,53.60,67.97,20.00,6.00,0.00,30.39,M,6.21,M,FEW,M,M,M,3000.00,M,M,M,M,M,M,M,M,M,M,64.40,FAPE 301100Z 02006KT 340V050 9999 FEW030 18/12 Q1029 NOSIG,M
FAPE,2026-07-30 12:00,64.40,51.80,63.62,60.00,5.00,0.00,30.39,M,6.21,M,FEW,M,M,M,2500.00,M,M,M,M,M,M,M,M,M,M,64.40,FAPE 301200Z 06005KT 020V120 9999 FEW025 18/11 Q1029 NOSIG,M
FAPE,2026-07-30 13:00,64.40,50.00,59.52,100.00,9.00,0.00,30.39,M,6.21,M,FEW,M,M,M,2500.00,M,M,M,M,M,M,M,M,M,M,64.40,FAPE 301300Z 10009KT 9999 FEW025 18/10 Q1029 NOSIG,M
FAPE,2026-07-30 14:00,62.60,53.60,72.40,140.00,5.00,0.00,30.42,M,6.21,M,FEW,M,M,M,4500.00,M,M,M,M,M,M,M,M,M,M,62.60,FAPE 301400Z 14005KT 110V170 9999 FEW045 17/12 Q1030 NOSIG,M
FAPE,2026-07-30 15:00,60.80,53.60,77.15,140.00,3.00,0.00,30.42,M,6.21,M,SCT,M,M,M,4500.00,M,M,M,M,M,M,M,M,M,M,60.80,FAPE 301500Z 14003KT 9999 SCT045 16/12 Q1030 NOSIG,M
FAPE,2026-07-30 16:00,57.20,53.60,87.75,150.00,1.00,0.00,30.42,M,6.21,M,FEW,M,M,M,4500.00,M,M,M,M,M,M,M,M,M,M,57.20,FAPE 301600Z 15001KT 9999 FEW045 14/12 Q1030 NOSIG,M
FAPE,2026-07-30 17:00,53.60,53.60,100.00,0.00,0.00,0.00,30.42,M,6.21,M,M,M,M,M,M,M,M,M,M,M,M,M,M,M,M,53.60,FAPE 301700Z 00000KT CAVOK 12/12 Q1030 NOSIG,M
FAPE,2026-07-30 18:00,51.80,51.80,100.00,0.00,0.00,0.00,30.45,M,6.21,M,M,M,M,M,M,M,M,M,M,M,M,M,M,M,M,51.80,FAPE 301800Z 00000KT CAVOK 11/11 Q1031 NOSIG,M
FAPE,2026-07-30 19:00,50.00,50.00,100.00,0.00,0.00,0.00,30.45,M,6.21,M,M,M,M,M,M,M,M,M,M,M,M,M,M,M,M,50.00,FAPE 301900Z 00000KT CAVOK 10/10 Q1031 NOSIG,M
FAPE,2026-07-30 19:17,53.60,53.60,100.00,80.00,6.00,0.00,30.45,M,6.21,M,SCT,M,M,M,3500.00,M,M,M,M,M,M,M,M,M,M,53.60,COR FAPE 301917Z 08006KT 040V110 9999 SCT035 12/12 Q1031 NOSIG,M
FAPE,2026-07-30 19:23,57.20,53.60,87.75,40.00,7.00,0.00,30.45,M,6.21,M,SCT,M,M,M,3500.00,M,M,M,M,M,M,M,M,M,M,57.20,FAPE 301923Z 04007KT 360V100 9999 SCT035 14/12 Q1031 NOSIG,M
FAPE,2026-07-30 20:00,55.40,53.60,93.65,M,2.00,0.00,30.45,M,6.21,M,FEW,M,M,M,4000.00,M,M,M,M,M,M,M,M,M,M,55.40,FAPE 302000Z VRB02KT 9999 FEW040 13/12 Q1031 NOSIG,M
FAPE,2026-07-30 21:00,50.00,50.00,100.00,260.00,3.00,0.00,30.45,M,6.21,M,BKN,M,M,M,4500.00,M,M,M,M,M,M,M,M,M,M,50.00,FAPE 302100Z 26003KT 9999 BKN045 10/10 Q1031 NOSIG,M
FAPE,2026-07-30 22:00,51.80,50.00,93.55,290.00,3.00,0.00,30.45,M,6.21,M,BKN,M,M,M,4900.00,M,M,M,M,M,M,M,M,M,M,51.80,FAPE 302200Z 29003KT 9999 BKN049 11/10 Q1031 NOSIG,M
FAPE,2026-07-30 23:00,51.80,51.80,100.00,M,2.00,0.00,30.45,M,6.21,M,BKN,M,M,M,4900.00,M,M,M,M,M,M,M,M,M,M,51.80,FAPE 302300Z VRB02KT 9999 BKN049 11/11 Q1031 NOSIG,M
FAPE,2026-07-31 00:00,51.80,50.00,93.55,0.00,0.00,0.00,30.45,M,6.21,M,SCT,M,M,M,4900.00,M,M,M,M,M,M,M,M,M,M,51.80,FAPE 310000Z 00000KT 9999 SCT049 11/10 Q1031 NOSIG,M
FAPE,2026-07-31 01:00,48.20,46.40,93.45,340.00,5.00,0.00,30.42,M,6.21,M,M,M,M,M,M,M,M,M,M,M,M,M,M,M,M,45.63,FAPE 310100Z 34005KT CAVOK 09/08 Q1030 NOSIG,M
FAPE,2026-07-31 02:00,44.60,42.80,93.35,0.00,0.00,0.00,30.42,M,6.21,M,BKN,M,M,M,4000.00,M,M,M,M,M,M,M,M,M,M,44.60,FAPE 310200Z 00000KT 9999 BKN040 07/06 Q1030 NOSIG,M
FAPE,2026-07-31 03:00,46.40,44.60,93.40,290.00,3.00,0.00,30.42,M,6.21,M,M,M,M,M,M,M,M,M,M,M,M,M,M,M,M,45.15,FAPE 310300Z 29003KT CAVOK 08/07 Q1030 NOSIG,M
FAPE,2026-07-31 04:00,44.60,44.60,100.00,280.00,3.00,0.00,30.45,M,6.21,M,M,M,M,M,M,M,M,M,M,M,M,M,M,M,M,43.09,FAPE 310400Z 28003KT CAVOK 07/07 Q1031 NOSIG,M
FAPE,2026-07-31 05:00,44.60,44.60,100.00,320.00,3.00,0.00,30.45,M,6.21,M,FEW,M,M,M,3000.00,M,M,M,M,M,M,M,M,M,M,43.09,FAPE 310500Z 32003KT 9999 FEW030 07/07 Q1031 NOSIG,M
FAPE,2026-07-31 06:00,48.20,46.40,93.45,M,2.00,0.00,30.47,M,6.21,M,M,M,M,M,M,M,M,M,M,M,M,M,M,M,M,48.20,FAPE 310600Z VRB02KT CAVOK 09/08 Q1032 NOSIG,M
FAPE,2026-07-31 06:15,53.60,48.20,81.87,350.00,5.00,0.00,30.47,M,6.21,M,M,M,M,M,M,M,M,M,M,M,M,M,M,M,M,53.60,FAPE 310615Z 35005KT 330V040 CAVOK 12/09 Q1032 NOSIG,M
FAPE,2026-07-31 07:00,55.40,50.00,82.00,30.00,5.00,0.00,30.47,M,6.21,M,M,M,M,M,M,M,M,M,M,M,M,M,M,M,M,55.40,FAPE 310700Z 03005KT CAVOK 13/10 Q1032 NOSIG,M
FAPE,2026-07-31 08:00,57.20,50.00,76.83,20.00,7.00,0.00,30.47,M,6.21,M,FEW,M,M,M,4500.00,M,M,M,M,M,M,M,M,M,M,57.20,FAPE 310800Z 02007KT 9999 FEW045 14/10 Q1032 NOSIG,M
FAPE,2026-07-31 09:00,60.80,53.60,77.15,50.00,10.00,0.00,30.47,M,6.21,M,SCT,M,M,M,4800.00,M,M,M,M,M,M,M,M,M,M,60.80,FAPE 310900Z 05010KT 9999 SCT048 16/12 Q1032 NOSIG,M
FAPE,2026-07-31 10:00,62.60,51.80,67.76,60.00,13.00,0.00,30.47,M,6.21,M,FEW,M,M,M,4500.00,M,M,M,M,M,M,M,M,M,M,62.60,FAPE 311000Z 06013KT 9999 FEW045 17/11 Q1032 NOSIG,M
FAPE,2026-07-31 11:00,66.20,50.00,55.91,70.00,13.00,0.00,30.45,M,6.21,M,FEW,M,M,M,4500.00,M,M,M,M,M,M,M,M,M,M,66.20,FAPE 311100Z 07013KT 9999 FEW045 19/10 Q1031 NOSIG,M
FAPE,2026-07-31 12:00,64.40,51.80,63.62,70.00,16.00,0.00,30.42,M,6.21,M,FEW,M,M,M,4500.00,M,M,M,M,M,M,M,M,M,M,64.40,FAPE 311200Z 07016KT 9999 FEW045 18/11 Q1030 NOSIG,M
FAPE,2026-07-31 13:00,64.40,53.60,67.97,70.00,15.00,0.00,30.39,M,6.21,M,M,M,M,M,M,M,M,M,M,M,M,M,M,M,M,64.40,FAPE 311300Z 07015KT CAVOK 18/12 Q1029 NOSIG,M
FAPE,2026-07-31 14:00,62.60,50.00,63.39,80.00,15.00,0.00,30.39,M,6.21,M,M,M,M,M,M,M,M,M,M,M,M,M,M,M,M,62.60,FAPE 311400Z 08015KT CAVOK 17/10 Q1029 NOSIG,M
FAPE,2026-07-31 14:08,62.60,51.80,67.76,70.00,15.00,0.00,30.39,M,6.21,25.00,M,M,M,M,M,M,M,M,M,M,M,M,M,M,M,62.60,FAPE 311408Z 07015G25KT CAVOK 17/11 Q1029 NOSIG,M
FAPE,2026-07-31 15:00,62.60,50.00,63.39,70.00,17.00,0.00,30.36,M,6.21,M,M,M,M,M,M,M,M,M,M,M,M,M,M,M,M,62.60,FAPE 311500Z 07017KT CAVOK 17/10 Q1028 NOSIG,M
FAPE,2026-07-31 16:00,60.80,50.00,67.55,70.00,18.00,0.00,30.39,M,6.21,M,M,M,M,M,M,M,M,M,M,M,M,M,M,M,M,60.80,FAPE 311600Z 07018KT CAVOK 16/10 Q1029 NOSIG,M
FAPE,2026-07-31 16:32,60.80,51.80,72.21,70.00,16.00,0.00,30.39,M,6.21,26.00,M,M,M,M,M,M,M,M,M,M,M,M,M,M,M,60.80,FAPE 311632Z 07016G26KT CAVOK 16/11 Q1029 NOSIG,M
FAPE,2026-07-31 17:00,60.80,50.00,67.55,70.00,18.00,0.00,30.39,M,6.21,M,M,M,M,M,M,M,M,M,M,M,M,M,M,M,M,60.80,FAPE 311700Z 07018KT CAVOK 16/10 Q1029 NOSIG,M
FAPE,2026-07-31 17:22,60.80,51.80,72.21,60.00,16.00,0.00,30.39,M,6.21,27.00,M,M,M,M,M,M,M,M,M,M,M,M,M,M,M,60.80,FAPE 311722Z 06016G27KT CAVOK 16/11 Q1029 NOSIG,M
FAPE,2026-07-31 18:00,60.80,51.80,72.21,60.00,16.00,0.00,30.39,M,6.21,M,M,M,M,M,M,M,M,M,M,M,M,M,M,M,M,60.80,FAPE 311800Z 06016KT CAVOK 16/11 Q1029 NOSIG,M
FAPE,2026-07-31 18:22,60.80,50.00,67.55,60.00,16.00,0.00,30.39,M,6.21,26.00,M,M,M,M,M,M,M,M,M,M,M,M,M,M,M,60.80,FAPE 311822Z 06016G26KT CAVOK 16/10 Q1029 NOSIG,M
FAPE,2026-07-31 19:00,60.80,50.00,67.55,60.00,18.00,0.00,30.39,M,6.21,M,M,M,M,M,M,M,M,M,M,M,M,M,M,M,M,60.80,FAPE 311900Z 06018KT CAVOK 16/10 Q1029 NOSIG,M
FAPE,2026-07-31 20:00,60.80,51.80,72.21,60.00,16.00,0.00,30.39,M,6.21,M,M,M,M,M,M,M,M,M,M,M,M,M,M,M,M,60.80,FAPE 312000Z 06016KT CAVOK 16/11 Q1029 NOSIG,M
FAPE,2026-07-31 21:00,59.00,50.00,72.02,50.00,15.00,0.00,30.36,M,6.21,M,M,M,M,M,M,M,M,M,M,M,M,M,M,M,M,59.00,FAPE 312100Z 05015KT CAVOK 15/10 Q1028 NOSIG,M
FAPE,2026-07-31 22:00,59.00,50.00,72.02,50.00,13.00,0.00,30.36,M,6.21,M,M,M,M,M,M,M,M,M,M,M,M,M,M,M,M,59.00,FAPE 312200Z 05013KT CAVOK 15/10 Q1028 NOSIG,M
FAPE,2026-07-31 23:00,59.00,48.20,67.34,50.00,14.00,0.00,30.36,M,6.21,M,M,M,M,M,M,M,M,M,M,M,M,M,M,M,M,59.00,FAPE 312300Z 05014KT CAVOK 15/09 Q1028 NOSIG,M
FAPE,2026-08-01 00:00,59.00,48.20,67.34,50.00,10.00,0.00,30.33,M,6.21,M,M,M,M,M,M,M,M,M,M,M,M,M,M,M,M,59.00,FAPE 010000Z 05010KT CAVOK 15/09 Q1027 NOSIG,M
FAPE,2026-08-01 01:00,59.00,48.20,67.34,50.00,12.00,0.00,30.33,M,6.21,M,M,M,M,M,M,M,M,M,M,M,M,M,M,M,M,59.00,FAPE 010100Z 05012KT CAVOK 15/09 Q1027 NOSIG,M
FAPE,2026-08-01 02:00,55.40,48.20,76.67,30.00,9.00,0.00,30.33,M,6.21,M,M,M,M,M,M,M,M,M,M,M,M,M,M,M,M,55.40,FAPE 010200Z 03009KT CAVOK 13/09 Q1027 NOSIG,M
FAPE,2026-08-01 03:00,50.00,46.40,87.37,10.00,6.00,0.00,30.30,M,6.21,M,M,M,M,M,M,M,M,M,M,M,M,M,M,M,M,50.00,FAPE 010300Z 01006KT CAVOK 10/08 Q1026 NOSIG,M
FAPE,2026-08-01 04:00,50.00,48.20,93.50,20.00,7.00,0.00,30.33,M,6.21,M,M,M,M,M,M,M,M,M,M,M,M,M,M,M,M,50.00,FAPE 010400Z 02007KT CAVOK 10/09 Q1027 NOSIG,M
FAPE,2026-08-01 05:00,50.00,48.20,93.50,20.00,6.00,0.00,30.33,M,6.21,M,M,M,M,M,M,M,M,M,M,M,M,M,M,M,M,50.00,FAPE 010500Z 02006KT CAVOK 10/09 Q1027 NOSIG,M
FAPE,2026-08-01 06:00,50.00,48.20,93.50,10.00,7.00,0.00,30.33,M,6.21,M,M,M,M,M,M,M,M,M,M,M,M,M,M,M,M,50.00,FAPE 010600Z 01007KT CAVOK 10/09 Q1027 NOSIG,M
FAPE,2026-08-01 07:00,53.60,46.40,76.51,10.00,9.00,0.00,30.36,M,6.21,M,M,M,M,M,M,M,M,M,M,M,M,M,M,M,M,53.60,FAPE 010700Z 01009KT CAVOK 12/08 Q1028 NOSIG,M
FAPE,2026-08-01 08:00,57.20,50.00,76.83,20.00,8.00,0.00,30.36,M,6.21,M,M,M,M,M,M,M,M,M,M,M,M,M,M,M,M,57.20,FAPE 010800Z 02008KT CAVOK 14/10 Q1028 NOSIG,M
FAPE,2026-08-01 09:00,60.80,50.00,67.55,30.00,8.00,0.00,30.33,M,6.21,M,M,M,M,M,M,M,M,M,M,M,M,M,M,M,M,60.80,FAPE 010900Z 03008KT CAVOK 16/10 Q1027 NOSIG,M
FAPE,2026-08-01 10:00,62.60,50.00,63.39,40.00,7.00,0.00,30.33,M,6.21,M,M,M,M,M,M,M,M,M,M,M,M,M,M,M,M,62.60,FAPE 011000Z 04007KT 360V060 CAVOK 17/10 Q1027 NOSIG,M
FAPE,2026-08-01 11:00,64.40,50.00,59.52,60.00,10.00,0.00,30.30,M,6.21,M,M,M,M,M,M,M,M,M,M,M,M,M,M,M,M,64.40,FAPE 011100Z 06010KT CAVOK 18/10 Q1026 NOSIG,M
FAPE,2026-08-01 12:00,66.20,53.60,63.85,60.00,11.00,0.00,30.27,M,6.21,M,M,M,M,M,M,M,M,M,M,M,M,M,M,M,M,66.20,FAPE 011200Z 06011KT CAVOK 19/12 Q1025 NOSIG,M
FAPE,2026-08-01 13:00,66.20,55.40,68.18,70.00,12.00,0.00,30.24,M,6.21,M,M,M,M,M,M,M,M,M,M,M,M,M,M,M,M,66.20,FAPE 011300Z 07012KT CAVOK 19/13 Q1024 NOSIG,M
FAPE,2026-08-01 14:00,64.40,55.40,72.58,80.00,14.00,0.00,30.24,M,6.21,M,M,M,M,M,M,M,M,M,M,M,M,M,M,M,M,64.40,FAPE 011400Z 08014KT CAVOK 18/13 Q1024 NOSIG,M
FAPE,2026-08-01 15:00,62.60,53.60,72.40,80.00,15.00,0.00,30.24,M,6.21,M,M,M,M,M,M,M,M,M,M,M,M,M,M,M,M,62.60,FAPE 011500Z 08015KT CAVOK 17/12 Q1024 NOSIG,M
FAPE,2026-08-01 16:00,62.60,53.60,72.40,80.00,15.00,0.00,30.21,M,6.21,M,M,M,M,M,M,M,M,M,M,M,M,M,M,M,M,62.60,FAPE 011600Z 08015KT CAVOK 17/12 Q1023 NOSIG,M
FAPE,2026-08-01 17:00,60.80,53.60,77.15,70.00,16.00,0.00,30.24,M,6.21,M,M,M,M,M,M,M,M,M,M,M,M,M,M,M,M,60.80,FAPE 011700Z 07016KT CAVOK 16/12 Q1024 NOSIG,M
FAPE,2026-08-01 18:00,60.80,53.60,77.15,70.00,15.00,0.00,30.24,M,6.21,M,M,M,M,M,M,M,M,M,M,M,M,M,M,M,M,60.80,FAPE 011800Z 07015KT CAVOK 16/12 Q1024 NOSIG,M
FAPE,2026-08-01 19:00,60.80,53.60,77.15,70.00,15.00,0.00,30.24,M,6.21,M,M,M,M,M,M,M,M,M,M,M,M,M,M,M,M,60.80,FAPE 011900Z 07015KT CAVOK 16/12 Q1024 NOSIG,M
FAPE,2026-08-01 22:00,59.00,51.80,76.99,60.00,9.00,0.00,30.21,M,6.21,M,M,M,M,M,M,M,M,M,M,M,M,M,M,M,M,59.00,FAPE 012200Z 06009KT CAVOK 15/11 Q1023 NOSIG,M
FAPE,2026-08-01 23:00,57.20,50.00,76.83,50.00,9.00,0.00,30.21,M,6.21,M,M,M,M,M,M,M,M,M,M,M,M,M,M,M,M,57.20,FAPE 012300Z 05009KT CAVOK 14/10 Q1023 NOSIG,M
FAPE,2026-08-02 00:00,55.40,51.80,87.65,10.00,6.00,0.00,30.21,M,6.21,M,M,M,M,M,M,M,M,M,M,M,M,M,M,M,M,55.40,FAPE 020000Z 01006KT CAVOK 13/11 Q1023 NOSIG,M
FAPE,2026-08-02 01:00,53.60,50.00,87.56,360.00,6.00,0.00,30.18,M,6.21,M,M,M,M,M,M,M,M,M,M,M,M,M,M,M,M,53.60,FAPE 020100Z 36006KT CAVOK 12/10 Q1022 NOSIG,M
FAPE,2026-08-02 02:00,50.00,48.20,93.50,20.00,5.00,0.00,30.18,M,6.21,M,M,M,M,M,M,M,M,M,M,M,M,M,M,M,M,50.00,FAPE 020200Z 02005KT CAVOK 10/09 Q1022 NOSIG,M
FAPE,2026-08-02 03:00,50.00,48.20,93.50,20.00,4.00,0.00,30.18,M,6.21,M,M,M,M,M,M,M,M,M,M,M,M,M,M,M,M,50.00,FAPE 020300Z 02004KT CAVOK 10/09 Q1022 NOSIG,M
FAPE,2026-08-02 04:00,51.80,50.00,93.55,20.00,7.00,0.00,30.18,M,6.21,M,M,M,M,M,M,M,M,M,M,M,M,M,M,M,M,51.80,FAPE 020400Z 02007KT CAVOK 11/10 Q1022 NOSIG,M
FAPE,2026-08-02 05:00,50.00,50.00,100.00,20.00,7.00,0.00,30.18,M,6.21,M,M,M,M,M,M,M,M,M,M,M,M,M,M,M,M,50.00,FAPE 020500Z 02007KT CAVOK 10/10 Q1022 NOSIG,M
FAPE,2026-08-02 05:24,53.60,51.80,93.60,30.00,7.00,0.00,30.18,M,6.21,M,M,M,M,M,M,M,M,M,M,M,M,M,M,M,M,53.60,FAPE 020524Z 03007KT 350V070 CAVOK 12/11 Q1022 NOSIG,M
FAPE,2026-08-02 06:00,53.60,50.00,87.56,10.00,9.00,0.00,30.18,M,6.21,M,M,M,M,M,M,M,M,M,M,M,M,M,M,M,M,53.60,FAPE 020600Z 01009KT CAVOK 12/10 Q1022 NOSIG,M
FAPE,2026-08-02 07:00,53.60,50.00,87.56,10.00,7.00,0.00,30.18,M,6.21,M,M,M,M,M,M,M,M,M,M,M,M,M,M,M,M,53.60,FAPE 020700Z 01007KT CAVOK 12/10 Q1022 NOSIG,M
FAPE,2026-08-02 08:00,57.20,50.00,76.83,20.00,10.00,0.00,30.18,M,6.21,M,M,M,M,M,M,M,M,M,M,M,M,M,M,M,M,57.20,FAPE 020800Z 02010KT CAVOK 14/10 Q1022 NOSIG,M
FAPE,2026-08-02 08:51,60.80,51.80,72.21,30.00,10.00,0.00,30.18,M,6.21,M,M,M,M,M,M,M,M,M,M,M,M,M,M,M,M,60.80,FAPE 020851Z 03010KT CAVOK 16/11 Q1022 NOSIG,M
FAPE,2026-08-02 10:00,62.60,53.60,72.40,50.00,10.00,0.00,30.15,M,6.21,M,M,M,M,M,M,M,M,M,M,M,M,M,M,M,M,62.60,FAPE 021000Z 05010KT CAVOK 17/12 Q1021 NOSIG,M
FAPE,2026-08-02 11:00,64.40,53.60,67.97,40.00,11.00,0.00,30.12,M,6.21,M,M,M,M,M,M,M,M,M,M,M,M,M,M,M,M,64.40,FAPE 021100Z 04011KT CAVOK 18/12 Q1020 NOSIG,M
FAPE,2026-08-02 12:00,66.20,53.60,63.85,50.00,10.00,0.00,30.09,M,6.21,M,M,M,M,M,M,M,M,M,M,M,M,M,M,M,M,66.20,FAPE 021200Z 05010KT CAVOK 19/12 Q1019 NOSIG,M
FAPE,2026-08-02 13:00,66.20,53.60,63.85,50.00,8.00,0.00,30.09,M,6.21,M,M,M,M,M,M,M,M,M,M,M,M,M,M,M,M,66.20,FAPE 021300Z 05008KT CAVOK 19/12 Q1019 NOSIG,M
FAPE,2026-08-02 14:00,64.40,53.60,67.97,60.00,8.00,0.00,30.06,M,6.21,M,M,M,M,M,M,M,M,M,M,M,M,M,M,M,M,64.40,FAPE 021400Z 06008KT CAVOK 18/12 Q1018 NOSIG,M
FAPE,2026-08-02 15:00,62.60,57.20,82.51,50.00,6.00,0.00,30.09,M,6.21,M,M,M,M,M,M,M,M,M,M,M,M,M,M,M,M,62.60,FAPE 021500Z 05006KT CAVOK 17/14 Q1019 NOSIG,M
FAPE,2026-08-02 16:00,60.80,55.40,82.38,50.00,6.00,0.00,30.09,M,6.21,M,M,M,M,M,M,M,M,M,M,M,M,M,M,M,M,60.80,FAPE 021600Z 05006KT CAVOK 16/13 Q1019 NOSIG,M
FAPE,2026-08-02 17:00,60.80,55.40,82.38,40.00,6.00,0.00,30.09,M,6.21,M,M,M,M,M,M,M,M,M,M,M,M,M,M,M,M,60.80,FAPE 021700Z 04006KT CAVOK 16/13 Q1019 NOSIG,M
FAPE,2026-08-02 18:00,59.00,55.40,87.84,20.00,4.00,0.00,30.09,M,6.21,M,M,M,M,M,M,M,M,M,M,M,M,M,M,M,M,59.00,FAPE 021800Z 02004KT CAVOK 15/13 Q1019 NOSIG,M
FAPE,2026-08-02 19:00,53.60,51.80,93.60,M,2.00,0.00,30.09,M,6.21,M,M,M,M,M,M,M,M,M,M,M,M,M,M,M,M,53.60,FAPE 021900Z VRB02KT CAVOK 12/11 Q1019 NOSIG,M
FAPE,2026-08-02 20:00,51.80,51.80,100.00,300.00,3.00,0.00,30.09,M,6.21,M,M,M,M,M,M,M,M,M,M,M,M,M,M,M,M,51.80,FAPE 022000Z 30003KT CAVOK 11/11 Q1019 NOSIG,M
FAPE,2026-08-02 21:00,53.60,51.80,93.60,310.00,4.00,0.00,30.09,M,6.21,M,M,M,M,M,M,M,M,M,M,M,M,M,M,M,M,53.60,FAPE 022100Z 31004KT CAVOK 12/11 Q1019 NOSIG,M
FAPE,2026-08-02 22:00,53.60,51.80,93.60,330.00,5.00,0.00,30.09,M,6.21,M,M,M,M,M,M,M,M,M,M,M,M,M,M,M,M,53.60,FAPE 022200Z 33005KT CAVOK 12/11 Q1019 NOSIG,M
FAPE,2026-08-02 23:00,51.80,50.00,93.55,300.00,2.00,0.00,30.06,M,6.21,M,M,M,M,M,M,M,M,M,M,M,M,M,M,M,M,51.80,FAPE 022300Z 30002KT CAVOK 11/10 Q1018 NOSIG,M
FAPE,2026-08-03 00:00,48.20,46.40,93.45,310.00,3.00,0.00,30.06,M,6.21,M,M,M,M,M,M,M,M,M,M,M,M,M,M,M,M,47.21,FAPE 030000Z 31003KT CAVOK 09/08 Q1018 NOSIG,M
FAPE,2026-08-03 03:00,44.60,42.80,93.35,300.00,2.00,0.00,30.06,M,6.21,M,M,M,M,M,M,M,M,M,M,M,M,M,M,M,M,44.60,FAPE 030300Z 30002KT CAVOK 07/06 Q1018 NOSIG,M
FAPE,2026-08-03 04:00,44.60,44.60,100.00,330.00,3.00,0.00,30.06,M,6.21,M,M,M,M,M,M,M,M,M,M,M,M,M,M,M,M,43.09,FAPE 030400Z 33003KT CAVOK 07/07 Q1018 NOSIG,M
FAPE,2026-08-03 05:00,42.80,42.80,100.00,300.00,3.00,0.00,30.06,M,6.21,M,M,M,M,M,M,M,M,M,M,M,M,M,M,M,M,41.03,FAPE 030500Z 30003KT CAVOK 06/06 Q1018 NOSIG,M
FAPE,2026-08-03 05:34,46.40,42.80,87.18,310.00,2.00,0.00,30.06,M,6.21,M,M,M,M,M,M,M,M,M,M,M,M,M,M,M,M,46.40,FAPE 030534Z 31002KT CAVOK 08/06 Q1018 NOSIG,M
FAPE,2026-08-03 06:00,46.40,42.80,87.18,280.00,3.00,0.00,30.09,M,6.21,M,M,M,M,M,M,M,M,M,M,M,M,M,M,M,M,45.15,FAPE 030600Z 28003KT CAVOK 08/06 Q1019 NOSIG,M
FAPE,2026-08-03 06:15,50.00,48.20,93.50,300.00,3.00,0.00,30.09,M,6.21,M,M,M,M,M,M,M,M,M,M,M,M,M,M,M,M,50.00,FAPE 030615Z 30003KT 270V030 CAVOK 10/09 Q1019 NOSIG,M
FAPE,2026-08-03 06:44,55.40,48.20,76.67,M,2.00,0.00,30.09,M,6.21,M,M,M,M,M,M,M,M,M,M,M,M,M,M,M,M,55.40,FAPE 030644Z VRB02KT CAVOK 13/09 Q1019 NOSIG,M
FAPE,2026-08-03 07:00,57.20,48.20,71.84,350.00,2.00,0.00,30.09,M,6.21,M,M,M,M,M,M,M,M,M,M,M,M,M,M,M,M,57.20,FAPE 030700Z 35002KT CAVOK 14/09 Q1019 NOSIG,M
FAPE,2026-08-03 07:16,60.80,50.00,67.55,M,1.00,0.00,30.09,M,6.21,M,M,M,M,M,M,M,M,M,M,M,M,M,M,M,M,60.80,FAPE 030716Z VRB01KT CAVOK 16/10 Q1019 NOSIG,M
FAPE,2026-08-03 08:00,64.40,50.00,59.52,M,2.00,0.00,30.09,M,6.21,M,M,M,M,M,M,M,M,M,M,M,M,M,M,M,M,64.40,FAPE 030800Z VRB02KT CAVOK 18/10 Q1019 NOSIG,M
FAPE,2026-08-03 08:44,68.00,50.00,52.54,20.00,3.00,0.00,30.09,M,6.21,M,M,M,M,M,M,M,M,M,M,M,M,M,M,M,M,68.00,FAPE 030844Z 02003KT 340V040 CAVOK 20/10 Q1019 NOSIG,M
FAPE,2026-08-03 09:00,68.00,50.00,52.54,360.00,4.00,0.00,30.09,M,6.21,M,M,M,M,M,M,M,M,M,M,M,M,M,M,M,M,68.00,FAPE 030900Z 36004KT 330V030 CAVOK 20/10 Q1019 NOSIG,M
FAPE,2026-08-03 09:25,71.60,48.20,43.45,360.00,4.00,0.00,30.09,M,6.21,M,M,M,M,M,M,M,M,M,M,M,M,M,M,M,M,71.60,FAPE 030925Z 36004KT CAVOK 22/09 Q1019 NOSIG,M
FAPE,2026-08-03 10:00,71.60,50.00,46.47,10.00,5.00,0.00,30.09,M,6.21,M,M,M,M,M,M,M,M,M,M,M,M,M,M,M,M,71.60,FAPE 031000Z 01005KT CAVOK 22/10 Q1019 NOSIG,M
FAPE,2026-08-03 11:00,75.20,46.40,35.98,20.00,4.00,0.00,30.06,M,6.21,M,M,M,M,M,M,M,M,M,M,M,M,M,M,M,M,75.20,FAPE 031100Z 02004KT 340V040 CAVOK 24/08 Q1018 NOSIG,M
FAPE,2026-08-03 12:00,75.20,51.80,44.02,50.00,5.00,0.00,30.03,M,6.21,M,M,M,M,M,M,M,M,M,M,M,M,M,M,M,M,75.20,FAPE 031200Z 05005KT 020V080 CAVOK 24/11 Q1017 NOSIG,M
FAPE,2026-08-03 13:00,75.20,51.80,44.02,40.00,5.00,0.00,30.03,M,6.21,M,M,M,M,M,M,M,M,M,M,M,M,M,M,M,M,75.20,FAPE 031300Z 04005KT CAVOK 24/11 Q1017 NOSIG,M
FAPE,2026-08-03 14:00,68.00,53.60,60.00,50.00,6.00,0.00,30.03,M,6.21,M,M,M,M,M,M,M,M,M,M,M,M,M,M,M,M,68.00,FAPE 031400Z 05006KT CAVOK 20/12 Q1017 NOSIG,M
FAPE,2026-08-03 15:00,64.40,53.60,67.97,50.00,4.00,0.00,30.03,M,6.21,M,M,M,M,M,M,M,M,M,M,M,M,M,M,M,M,64.40,FAPE 031500Z 05004KT CAVOK 18/12 Q1017 NOSIG,M
FAPE,2026-08-03 16:00,60.80,53.60,77.15,40.00,5.00,0.00,30.03,M,6.21,M,M,M,M,M,M,M,M,M,M,M,M,M,M,M,M,60.80,FAPE 031600Z 04005KT CAVOK 16/12 Q1017 NOSIG,M
FAPE,2026-08-03 17:00,60.80,51.80,72.21,40.00,6.00,0.00,30.03,M,6.21,M,FEW,M,M,M,400.00,M,M,M,M,M,M,M,M,M,M,60.80,FAPE 031700Z 04006KT 9999 FEW004 16/11 Q1017 NOSIG,M
FAPE,2026-08-03 18:00,60.80,51.80,72.21,20.00,3.00,0.00,30.03,M,6.21,M,M,M,M,M,M,M,M,M,M,M,M,M,M,M,M,60.80,FAPE 031800Z 02003KT CAVOK 16/11 Q1017 NOSIG,M
FAPE,2026-08-03 19:00,55.40,50.00,82.00,340.00,3.00,0.00,30.06,M,6.21,M,M,M,M,M,M,M,M,M,M,M,M,M,M,M,M,55.40,FAPE 031900Z 34003KT CAVOK 13/10 Q1018 NOSIG,M
FAPE,2026-08-03 20:00,51.80,50.00,93.55,330.00,3.00,0.00,30.03,M,6.21,M,M,M,M,M,M,M,M,M,M,M,M,M,M,M,M,51.80,FAPE 032000Z 33003KT CAVOK 11/10 Q1017 NOSIG,M
FAPE,2026-08-03 21:00,53.60,51.80,93.60,310.00,2.00,0.00,30.03,M,6.21,M,M,M,M,M,M,M,M,M,M,M,M,M,M,M,M,53.60,FAPE 032100Z 31002KT CAVOK 12/11 Q1017 NOSIG,M
FAPE,2026-08-03 22:00,51.80,51.80,100.00,320.00,2.00,0.00,30.03,M,6.21,M,M,M,M,M,M,M,M,M,M,M,M,M,M,M,M,51.80,FAPE 032200Z 32002KT CAVOK 11/11 Q1017 NOSIG,M
FAPE,2026-08-03 23:00,51.80,51.80,100.00,10.00,4.00,0.00,30.03,M,6.21,M,M,M,M,M,M,M,M,M,M,M,M,M,M,M,M,51.80,FAPE 032300Z 01004KT CAVOK 11/11 Q1017 NOSIG,M
FAPE,2026-08-04 00:00,48.20,46.40,93.45,M,2.00,0.00,30.03,M,6.21,M,M,M,M,M,M,M,M,M,M,M,M,M,M,M,M,48.20,FAPE 040000Z VRB02KT CAVOK 09/08 Q1017 NOSIG,M
FAPE,2026-08-04 01:00,48.20,46.40,93.45,340.00,2.00,0.00,30.03,M,6.21,M,M,M,M,M,M,M,M,M,M,M,M,M,M,M,M,48.20,FAPE 040100Z 34002KT CAVOK 09/08 Q1017 NOSIG,M
FAPE,2026-08-04 02:00,50.00,44.60,81.60,300.00,3.00,0.00,30.03,M,6.21,M,M,M,M,M,M,M,M,M,M,M,M,M,M,M,M,50.00,FAPE 040200Z 30003KT CAVOK 10/07 Q1017 NOSIG,M
FAPE,2026-08-04 03:00,48.20,42.80,81.47,M,2.00,0.00,30.00,M,6.21,M,M,M,M,M,M,M,M,M,M,M,M,M,M,M,M,48.20,FAPE 040300Z VRB02KT CAVOK 09/06 Q1016 NOSIG,M
FAPE,2026-08-04 04:00,50.00,42.80,76.17,330.00,3.00,0.00,30.00,M,6.21,M,M,M,M,M,M,M,M,M,M,M,M,M,M,M,M,50.00,FAPE 040400Z 33003KT 310V010 CAVOK 10/06 Q1016 NOSIG,M
FAPE,2026-08-04 05:00,46.40,42.80,87.18,360.00,3.00,0.00,30.00,M,6.21,M,M,M,M,M,M,M,M,M,M,M,M,M,M,M,M,45.15,FAPE 040500Z 36003KT CAVOK 08/06 Q1016 NOSIG,M
FAPE,2026-08-04 05:12,50.00,44.60,81.60,360.00,3.00,0.00,30.03,M,6.21,M,M,M,M,M,M,M,M,M,M,M,M,M,M,M,M,50.00,FAPE 040512Z 36003KT 330V030 CAVOK 10/07 Q1017 NOSIG,M
FAPE,2026-08-04 06:00,50.00,42.80,76.17,M,1.00,0.00,30.03,M,6.21,M,M,M,M,M,M,M,M,M,M,M,M,M,M,M,M,50.00,FAPE 040600Z VRB01KT CAVOK 10/06 Q1017 NOSIG,M
FAPE,2026-08-04 06:14,53.60,48.20,81.87,20.00,5.00,0.00,30.03,M,6.21,M,M,M,M,M,M,M,M,M,M,M,M,M,M,M,M,53.60,FAPE 040614Z 02005KT CAVOK 12/09 Q1017 NOSIG,M
FAPE,2026-08-04 06:56,57.20,48.20,71.84,10.00,4.00,0.00,30.03,M,6.21,M,M,M,M,M,M,M,M,M,M,M,M,M,M,M,M,57.20,FAPE 040656Z 01004KT CAVOK 14/09 Q1017 NOSIG,M
FAPE,2026-08-04 07:00,57.20,48.20,71.84,10.00,4.00,0.00,30.03,M,6.21,M,M,M,M,M,M,M,M,M,M,M,M,M,M,M,M,57.20,FAPE 040700Z 01004KT CAVOK 14/09 Q1017 NOSIG,M
FAPE,2026-08-04 08:00,60.80,48.20,63.16,10.00,3.00,0.00,30.03,M,6.21,M,M,M,M,M,M,M,M,M,M,M,M,M,M,M,M,60.80,FAPE 040800Z 01003KT CAVOK 16/09 Q1017 NOSIG,M
FAPE,2026-08-04 08:20,64.40,48.20,55.65,30.00,4.00,0.00,30.03,M,6.21,M,M,M,M,M,M,M,M,M,M,M,M,M,M,M,M,64.40,FAPE 040820Z 03004KT CAVOK 18/09 Q1017 NOSIG,M
FAPE,2026-08-04 08:40,68.00,48.20,49.12,20.00,7.00,0.00,30.00,M,6.21,M,M,M,M,M,M,M,M,M,M,M,M,M,M,M,M,68.00,FAPE 040840Z 02007KT CAVOK 20/09 Q1016 NOSIG,M
FAPE,2026-08-04 09:00,68.00,46.40,45.91,10.00,7.00,0.00,30.00,M,6.21,M,M,M,M,M,M,M,M,M,M,M,M,M,M,M,M,68.00,FAPE 040900Z 01007KT CAVOK 20/08 Q1016 NOSIG,M
FAPE,2026-08-04 09:35,73.40,51.80,46.75,340.00,4.00,0.00,30.00,M,6.21,M,M,M,M,M,M,M,M,M,M,M,M,M,M,M,M,73.40,FAPE 040935Z 34004KT 300V020 CAVOK 23/11 Q1016 NOSIG,M
FAPE,2026-08-04 09:47,77.00,50.00,38.79,320.00,6.00,0.00,30.00,M,6.21,M,M,M,M,M,M,M,M,M,M,M,M,M,M,M,M,77.00,FAPE 040947Z 32006KT 280V340 CAVOK 25/10 Q1016 NOSIG,M
FAPE,2026-08-04 10:00,77.00,50.00,38.79,310.00,6.00,0.00,30.00,M,6.21,M,M,M,M,M,M,M,M,M,M,M,M,M,M,M,M,77.00,FAPE 041000Z 31006KT CAVOK 25/10 Q1016 NOSIG,M
FAPE,2026-08-04 10:24,80.60,51.80,36.84,310.00,3.00,0.00,30.00,M,6.21,M,M,M,M,M,M,M,M,M,M,M,M,M,M,M,M,80.08,FAPE 041024Z 31003KT 230V360 CAVOK 27/11 Q1016 NOSIG,M
FAPE,2026-08-04 11:00,80.60,44.60,28.13,240.00,7.00,0.00,30.00,M,6.21,M,M,M,M,M,M,M,M,M,M,M,M,M,M,M,M,79.43,FAPE 041100Z 24007KT 210V270 CAVOK 27/07 Q1016 NOSIG,M
FAPE,2026-08-04 12:00,82.40,50.00,32.51,290.00,5.00,0.00,29.97,M,6.21,M,M,M,M,M,M,M,M,M,M,M,M,M,M,M,M,80.99,FAPE 041200Z 29005KT 270V020 CAVOK 28/10 Q1015 NOSIG,M
FAPE,2026-08-04 13:00,78.80,50.00,36.56,80.00,4.00,0.00,29.97,M,6.21,M,M,M,M,M,M,M,M,M,M,M,M,M,M,M,M,78.80,FAPE 041300Z 08004KT CAVOK 26/10 Q1015 NOSIG,M
FAPE,2026-08-04 14:00,75.20,46.40,35.98,210.00,8.00,0.00,30.00,M,6.21,M,M,M,M,M,M,M,M,M,M,M,M,M,M,M,M,75.20,FAPE 041400Z 21008KT CAVOK 24/08 Q1016 NOSIG,M
FAPE,2026-08-04 15:00,73.40,48.20,40.89,230.00,6.00,0.00,30.00,M,6.21,M,M,M,M,M,M,M,M,M,M,M,M,M,M,M,M,73.40,FAPE 041500Z 23006KT CAVOK 23/09 Q1016 NOSIG,M
FAPE,2026-08-04 16:00,66.20,46.40,48.85,230.00,5.00,0.00,30.00,M,6.21,M,M,M,M,M,M,M,M,M,M,M,M,M,M,M,M,66.20,FAPE 041600Z 23005KT CAVOK 19/08 Q1016 NOSIG,M
FAPE,2026-08-04 17:00,64.40,44.60,48.57,240.00,7.00,0.00,30.00,M,6.21,M,M,M,M,M,M,M,M,M,M,M,M,M,M,M,M,64.40,FAPE 041700Z 24007KT CAVOK 18/07 Q1016 NOSIG,M
FAPE,2026-08-04 18:00,62.60,44.60,51.73,240.00,7.00,0.00,30.00,M,6.21,M,M,M,M,M,M,M,M,M,M,M,M,M,M,M,M,62.60,FAPE 041800Z 24007KT CAVOK 17/07 Q1016 NOSIG,M
FAPE,2026-08-04 19:00,57.20,46.40,67.13,270.00,3.00,0.00,30.03,M,6.21,M,M,M,M,M,M,M,M,M,M,M,M,M,M,M,M,57.20,FAPE 041900Z 27003KT CAVOK 14/08 Q1017 NOSIG,M
FAPE,2026-08-04 20:00,53.60,46.40,76.51,0.00,0.00,0.00,30.03,M,6.21,M,M,M,M,M,M,M,M,M,M,M,M,M,M,M,M,53.60,FAPE 042000Z 00000KT CAVOK 12/08 Q1017 NOSIG,M
FAPE,2026-08-04 21:00,51.80,44.60,76.34,20.00,3.00,0.00,30.03,M,6.21,M,M,M,M,M,M,M,M,M,M,M,M,M,M,M,M,51.80,FAPE 042100Z 02003KT 330V040 CAVOK 11/07 Q1017 NOSIG,M
FAPE,2026-08-04 22:00,51.80,46.40,81.74,310.00,3.00,0.00,30.00,M,6.21,M,M,M,M,M,M,M,M,M,M,M,M,M,M,M,M,51.80,FAPE 042200Z 31003KT 290V060 CAVOK 11/08 Q1016 NOSIG,M
FAPE,2026-08-05 00:00,50.00,42.80,76.17,220.00,5.00,0.00,30.00,M,6.21,M,M,M,M,M,M,M,M,M,M,M,M,M,M,M,M,50.00,FAPE 050000Z 22005KT CAVOK 10/06 Q1016 NOSIG,M
FAPE,2026-08-05 00:02,53.60,46.40,76.51,250.00,7.00,0.00,30.00,M,6.21,M,M,M,M,M,M,M,M,M,M,M,M,M,M,M,M,53.60,FAPE 050002Z 25007KT CAVOK 12/08 Q1016 NOSIG,M
FAPE,2026-08-05 01:00,53.60,46.40,76.51,250.00,4.00,0.00,29.97,M,6.21,M,M,M,M,M,M,M,M,M,M,M,M,M,M,M,M,53.60,FAPE 050100Z 25004KT CAVOK 12/08 Q1015 NOSIG,M
FAPE,2026-08-05 02:00,46.40,44.60,93.40,280.00,4.00,0.00,29.97,M,6.21,M,M,M,M,M,M,M,M,M,M,M,M,M,M,M,M,44.24,FAPE 050200Z 28004KT CAVOK 08/07 Q1015 NOSIG,M
FAPE,2026-08-05 03:00,50.00,46.40,87.37,M,2.00,0.00,29.97,M,6.21,M,M,M,M,M,M,M,M,M,M,M,M,M,M,M,M,50.00,FAPE 050300Z VRB02KT CAVOK 10/08 Q1015 NOSIG,M
FAPE,2026-08-05 04:00,48.20,46.40,93.45,290.00,3.00,0.00,29.94,M,6.21,M,M,M,M,M,M,M,M,M,M,M,M,M,M,M,M,47.21,FAPE 050400Z 29003KT 200V330 CAVOK 09/08 Q1014 NOSIG,M
FAPE,2026-08-05 04:56,48.20,46.40,93.45,280.00,3.00,0.00,29.94,M,6.21,M,M,M,M,M,M,M,M,M,M,M,M,M,M,M,M,47.21,FAPE 050456Z 28003KT CAVOK 09/08 Q1014 NOSIG,M
FAPE,2026-08-05 05:00,48.20,46.40,93.45,280.00,3.00,0.00,29.94,M,6.21,M,M,M,M,M,M,M,M,M,M,M,M,M,M,M,M,47.21,FAPE 050500Z 28003KT CAVOK 09/08 Q1014 NOSIG,M
FAPE,2026-08-05 06:00,50.00,46.40,87.37,280.00,4.00,0.00,29.94,M,6.21,M,M,M,M,M,M,M,M,M,M,M,M,M,M,M,M,50.00,FAPE 050600Z 28004KT CAVOK 10/08 Q1014 NOSIG,M
FAPE,2026-08-05 06:03,53.60,48.20,81.87,290.00,5.00,0.00,29.94,M,6.21,M,M,M,M,M,M,M,M,M,M,M,M,M,M,M,M,53.60,FAPE 050603Z 29005KT CAVOK 12/09 Q1014 NOSIG,M
FAPE,2026-08-05 06:21,57.20,48.20,71.84,310.00,4.00,0.00,29.94,M,6.21,M,M,M,M,M,M,M,M,M,M,M,M,M,M,M,M,57.20,FAPE 050621Z 31004KT 270V330 CAVOK 14/09 Q1014 NOSIG,M
FAPE,2026-08-05 07:00,59.00,50.00,72.02,360.00,3.00,0.00,29.94,M,6.21,M,M,M,M,M,M,M,M,M,M,M,M,M,M,M,M,59.00,FAPE 050700Z 36003KT CAVOK 15/10 Q1014 NOSIG,M
FAPE,2026-08-05 07:20,62.60,50.00,63.39,340.00,4.00,0.00,29.94,M,6.21,M,M,M,M,M,M,M,M,M,M,M,M,M,M,M,M,62.60,FAPE 050720Z 34004KT CAVOK 17/10 Q1014 NOSIG,M
FAPE,2026-08-05 07:43,66.20,51.80,59.76,360.00,3.00,0.00,29.94,M,6.21,M,M,M,M,M,M,M,M,M,M,M,M,M,M,M,M,66.20,FAPE 050743Z 36003KT 320V020 CAVOK 19/11 Q1014 NOSIG,M
FAPE,2026-08-05 08:00,66.20,51.80,59.76,10.00,4.00,0.00,29.94,M,6.21,M,M,M,M,M,M,M,M,M,M,M,M,M,M,M,M,66.20,FAPE 050800Z 01004KT 320V030 CAVOK 19/11 Q1014 NOSIG,M
FAPE,2026-08-05 08:44,69.80,53.60,56.42,30.00,4.00,0.00,29.94,M,6.21,M,M,M,M,M,M,M,M,M,M,M,M,M,M,M,M,69.80,FAPE 050844Z 03004KT 360V060 CAVOK 21/12 Q1014 NOSIG,M
FAPE,2026-08-05 09:00,69.80,50.00,49.40,20.00,4.00,0.00,29.94,M,6.21,M,M,M,M,M,M,M,M,M,M,M,M,M,M,M,M,69.80,FAPE 050900Z 02004KT CAVOK 21/10 Q1014 NOSIG,M
FAPE,2026-08-05 09:14,73.40,50.00,43.73,360.00,6.00,0.00,29.94,M,6.21,M,M,M,M,M,M,M,M,M,M,M,M,M,M,M,M,73.40,FAPE 050914Z 36006KT CAVOK 23/10 Q1014 NOSIG,M
FAPE,2026-08-05 09:44,77.00,51.80,41.46,350.00,5.00,0.00,29.91,M,6.21,M,M,M,M,M,M,M,M,M,M,M,M,M,M,M,M,77.00,FAPE 050944Z 35005KT CAVOK 25/11 Q1013 NOSIG,M
FAPE,2026-08-05 10:00,77.00,50.00,38.79,350.00,5.00,0.00,29.91,M,6.21,M,M,M,M,M,M,M,M,M,M,M,M,M,M,M,M,77.00,FAPE 051000Z 35005KT CAVOK 25/10 Q1013 NOSIG,M
FAPE,2026-08-05 10:16,80.60,44.60,28.13,330.00,7.00,0.00,29.91,M,6.21,M,M,M,M,M,M,M,M,M,M,M,M,M,M,M,M,79.43,FAPE 051016Z 33007KT CAVOK 27/07 Q1013 NOSIG,M
FAPE,2026-08-05 11:00,82.40,48.20,30.40,340.00,7.00,0.00,29.88,M,6.21,M,M,M,M,M,M,M,M,M,M,M,M,M,M,M,M,80.81,FAPE 051100Z 34007KT CAVOK 28/09 Q1012 NOSIG,M
FAPE,2026-08-05 12:00,82.40,50.00,32.51,10.00,8.00,0.00,29.85,M,6.21,M,M,M,M,M,M,M,M,M,M,M,M,M,M,M,M,80.99,FAPE 051200Z 01008KT CAVOK 28/10 Q1011 NOSIG,M
FAPE,2026-08-05 13:00,82.40,48.20,30.40,360.00,6.00,0.00,29.85,M,6.21,M,M,M,M,M,M,M,M,M,M,M,M,M,M,M,M,80.81,FAPE 051300Z 36006KT CAVOK 28/09 Q1011 NOSIG,M
FAPE,2026-08-05 14:00,78.80,50.00,36.56,200.00,5.00,0.00,29.85,M,6.21,M,M,M,M,M,M,M,M,M,M,M,M,M,M,M,M,78.80,FAPE 051400Z 20005KT CAVOK 26/10 Q1011 NOSIG,M
FAPE,2026-08-05 15:00,68.00,53.60,60.00,220.00,6.00,0.00,29.85,M,6.21,M,M,M,M,M,M,M,M,M,M,M,M,M,M,M,M,68.00,FAPE 051500Z 22006KT 190V250 CAVOK 20/12 Q1011 NOSIG,M
FAPE,2026-08-05 15:50,59.00,59.00,100.00,220.00,12.00,0.00,29.85,M,0.50,M,BKN,M,M,M,400.00,M,M,M,FG,M,M,M,M,M,M,59.00,FAPE 051550Z 22012KT 0800 R26/P2000N FG BKN004 15/15 Q1011 TEMPO 3000 BR,M
FAPE,2026-08-05 16:00,59.00,59.00,100.00,230.00,11.00,0.00,29.85,M,0.50,M,BKN,M,M,M,300.00,M,M,M,FG,M,M,M,M,M,M,59.00,FAPE 051600Z 23011KT 0800 R26/P2000N FG BKN003 15/15 Q1011 TEMPO 3000 BR,M
FAPE,2026-08-05 16:09,59.00,59.00,100.00,230.00,12.00,0.00,29.85,M,1.86,M,BKN,M,M,M,300.00,M,M,M,BR,M,M,M,M,M,M,59.00,FAPE 051609Z 23012KT 3000 BR BKN003 15/15 Q1011 BECMG 6000,M
FAPE,2026-08-05 16:24,57.20,57.20,100.00,230.00,16.00,0.00,29.88,M,3.11,M,BKN,M,M,M,400.00,M,M,M,BR,M,M,M,M,M,M,57.20,FAPE 051624Z 23016KT 5000 BR BKN004 14/14 Q1012 BECMG 7000,M
FAPE,2026-08-05 16:50,59.00,59.00,100.00,230.00,15.00,0.00,29.88,M,4.35,M,BKN,M,M,M,300.00,M,M,M,M,M,M,M,M,M,M,59.00,FAPE 051650Z 23015KT 7000 BKN003 15/15 Q1012 NOSIG,M
FAPE,2026-08-05 17:00,59.00,59.00,100.00,230.00,15.00,0.00,29.88,M,4.35,M,BKN,M,M,M,300.00,M,M,M,M,M,M,M,M,M,M,59.00,FAPE 051700Z 23015KT 7000 BKN003 15/15 Q1012 NOSIG,M
FAPE,2026-08-05 17:25,59.00,57.20,93.74,230.00,14.00,0.00,29.88,M,4.97,M,SCT,M,M,M,400.00,M,M,M,M,M,M,M,M,M,M,59.00,FAPE 051725Z 23014KT 8000 SCT004 15/14 Q1012 NOSIG,M
FAPE,2026-08-05 18:00,59.00,59.00,100.00,240.00,18.00,0.00,29.91,M,5.59,M,SCT,M,M,M,700.00,M,M,M,M,M,M,M,M,M,M,59.00,FAPE 051800Z 24018KT 9000 SCT007 15/15 Q1013 NOSIG,M
FAPE,2026-08-05 18:33,59.00,57.20,93.74,240.00,21.00,0.00,29.94,M,6.21,31.00,FEW,M,M,M,1200.00,M,M,M,M,M,M,M,M,M,M,59.00,FAPE 051833Z 24021G31KT 9999 FEW012 15/14 Q1014 NOSIG,M
FAPE,2026-08-05 19:00,59.00,57.20,93.74,240.00,21.00,0.00,29.94,M,6.21,M,M,M,M,M,M,M,M,M,M,M,M,M,M,M,M,59.00,FAPE 051900Z 24021KT CAVOK 15/14 Q1014 NOSIG,M
FAPE,2026-08-05 20:00,60.80,57.20,87.93,240.00,21.00,0.00,29.94,M,6.21,M,M,M,M,M,M,M,M,M,M,M,M,M,M,M,M,60.80,FAPE 052000Z 24021KT CAVOK 16/14 Q1014 NOSIG,M
FAPE,2026-08-05 21:00,59.00,57.20,93.74,250.00,17.00,0.00,29.94,M,6.21,M,M,M,M,M,M,M,M,M,M,M,M,M,M,M,M,59.00,FAPE 052100Z 25017KT CAVOK 15/14 Q1014 NOSIG,M
FAPE,2026-08-05 22:00,59.00,55.40,87.84,240.00,16.00,0.00,29.97,M,6.21,M,FEW,M,M,M,2300.00,M,M,M,M,M,M,M,M,M,M,59.00,FAPE 052200Z 24016KT 9999 FEW023 15/13 Q1015 NOSIG,M
FAPE,2026-08-05 23:00,59.00,55.40,87.84,250.00,12.00,0.00,30.00,M,6.21,M,M,M,M,M,M,M,M,M,M,M,M,M,M,M,M,59.00,FAPE 052300Z 25012KT CAVOK 15/13 Q1016 NOSIG,M
FAPE,2026-08-06 00:00,59.00,53.60,82.26,250.00,14.00,0.00,30.03,M,6.21,M,M,M,M,M,M,M,M,M,M,M,M,M,M,M,M,59.00,FAPE 060000Z 25014KT CAVOK 15/12 Q1017 NOSIG,M
FAPE,2026-08-06 01:00,59.00,51.80,76.99,250.00,9.00,0.00,30.03,M,6.21,M,M,M,M,M,M,M,M,M,M,M,M,M,M,M,M,59.00,FAPE 060100Z 25009KT CAVOK 15/11 Q1017 NOSIG,M
FAPE,2026-08-06 02:00,59.00,51.80,76.99,290.00,4.00,0.00,30.06,M,6.21,M,M,M,M,M,M,M,M,M,M,M,M,M,M,M,M,59.00,FAPE 060200Z 29004KT 260V320 CAVOK 15/11 Q1018 NOSIG,M
FAPE,2026-08-06 03:00,55.40,51.80,87.65,290.00,4.00,0.00,30.06,M,6.21,M,M,M,M,M,M,M,M,M,M,M,M,M,M,M,M,55.40,FAPE 060300Z 29004KT CAVOK 13/11 Q1018 NOSIG,M
FAPE,2026-08-06 04:00,53.60,51.80,93.60,0.00,0.00,0.00,30.09,M,6.21,M,M,M,M,M,M,M,M,M,M,M,M,M,M,M,M,53.60,FAPE 060400Z 00000KT CAVOK 12/11 Q1019 NOSIG,M
FAPE,2026-08-06 05:00,51.80,50.00,93.55,M,1.00,0.00,30.12,M,6.21,M,M,M,M,M,M,M,M,M,M,M,M,M,M,M,M,51.80,FAPE 060500Z VRB01KT CAVOK 11/10 Q1020 NOSIG,M
FAPE,2026-08-06 06:00,51.80,50.00,93.55,M,2.00,0.00,30.15,M,6.21,M,M,M,M,M,M,M,M,M,M,M,M,M,M,M,M,51.80,FAPE 060600Z VRB02KT CAVOK 11/10 Q1021 NOSIG,M
FAPE,2026-08-06 06:18,55.40,53.60,93.65,M,2.00,0.00,30.15,M,6.21,M,M,M,M,M,M,M,M,M,M,M,M,M,M,M,M,55.40,FAPE 060618Z VRB02KT CAVOK 13/12 Q1021 NOSIG,M
FAPE,2026-08-06 07:00,60.80,50.00,67.55,290.00,6.00,0.00,30.18,M,6.21,M,M,M,M,M,M,M,M,M,M,M,M,M,M,M,M,60.80,FAPE 060700Z 29006KT CAVOK 16/10 Q1022 NOSIG,M
FAPE,2026-08-06 07:15,64.40,48.20,55.65,250.00,11.00,0.00,30.18,M,6.21,M,M,M,M,M,M,M,M,M,M,M,M,M,M,M,M,64.40,FAPE 060715Z 25011KT CAVOK 18/09 Q1022 NOSIG,M
FAPE,2026-08-06 08:00,64.40,48.20,55.65,250.00,12.00,0.00,30.18,M,6.21,M,M,M,M,M,M,M,M,M,M,M,M,M,M,M,M,64.40,FAPE 060800Z 25012KT CAVOK 18/09 Q1022 NOSIG,M
FAPE,2026-08-06 09:00,66.20,48.20,52.27,250.00,17.00,0.00,30.21,M,6.21,M,M,M,M,M,M,M,M,M,M,M,M,M,M,M,M,66.20,FAPE 060900Z 25017KT CAVOK 19/09 Q1023 NOSIG,M
FAPE,2026-08-06 10:00,66.20,51.80,59.76,250.00,17.00,0.00,30.18,M,6.21,M,M,M,M,M,M,M,M,M,M,M,M,M,M,M,M,66.20,FAPE 061000Z 25017KT CAVOK 19/11 Q1022 NOSIG,M
FAPE,2026-08-06 11:00,66.20,51.80,59.76,240.00,17.00,0.00,30.18,M,6.21,M,M,M,M,M,M,M,M,M,M,M,M,M,M,M,M,66.20,FAPE 061100Z 24017KT CAVOK 19/11 Q1022 NOSIG,M
FAPE,2026-08-06 11:53,62.60,57.20,82.51,230.00,21.00,0.00,30.18,M,6.21,M,BKN,M,M,M,1200.00,M,M,M,M,M,M,M,M,M,M,62.60,FAPE 061153Z 23021KT 9999 BKN012 17/14 Q1022 NOSIG,M
FAPE,2026-08-06 12:00,62.60,57.20,82.51,230.00,21.00,0.00,30.18,M,6.21,M,BKN,M,M,M,1200.00,M,M,M,M,M,M,M,M,M,M,62.60,FAPE 061200Z 23021KT 9999 BKN012 17/14 Q1022 NOSIG,M
FAPE,2026-08-06 12:14,60.80,57.20,87.93,220.00,17.00,0.00,30.18,M,6.21,M,BKN,M,M,M,700.00,M,M,M,M,M,M,M,M,M,M,60.80,FAPE 061214Z 22017KT 9999 BKN007 16/14 Q1022 BECMG SCT010,M
FAPE,2026-08-06 12:47,62.60,57.20,82.51,220.00,15.00,0.00,30.18,M,6.21,M,SCT,M,M,M,700.00,M,M,M,M,M,M,M,M,M,M,62.60,FAPE 061247Z 22015KT 9999 SCT007 17/14 Q1022 NOSIG,M
FAPE,2026-08-06 13:00,60.80,57.20,87.93,220.00,15.00,0.00,30.18,M,6.21,M,SCT,M,M,M,900.00,M,M,M,M,M,M,M,M,M,M,60.80,FAPE 061300Z 22015KT 9999 SCT009 16/14 Q1022 NOSIG,M
FAPE,2026-08-06 13:42,60.80,57.20,87.93,220.00,12.00,0.00,30.21,M,6.21,M,BKN,M,M,M,800.00,M,M,M,M,M,M,M,M,M,M,60.80,FAPE 061342Z 22012KT 9999 BKN008 16/14 Q1023 TEMPO SCT008,M
FAPE,2026-08-06 14:00,60.80,55.40,82.38,230.00,12.00,0.00,30.21,M,6.21,M,BKN,M,M,M,800.00,M,M,M,M,M,M,M,M,M,M,60.80,FAPE 061400Z 23012KT 190V250 9999 BKN008 16/13 Q1023 TEMPO SCT008,M
FAPE,2026-08-06 14:12,60.80,55.40,82.38,230.00,13.00,0.00,30.21,M,6.21,M,SCT,BKN,M,M,800.00,1400.00,M,M,M,M,M,M,M,M,M,60.80,FAPE 061412Z 23013KT 9999 SCT008 BKN014 16/13 Q1023 NOSIG,M
FAPE,2026-08-06 14:25,60.80,55.40,82.38,230.00,12.00,0.00,30.24,M,6.21,M,SCT,BKN,M,M,1000.00,1500.00,M,M,M,M,M,M,M,M,M,60.80,FAPE 061425Z 23012KT 9999 SCT010 BKN015 16/13 Q1024 NOSIG,M
FAPE,2026-08-06 15:00,59.00,55.40,87.84,230.00,14.00,0.00,30.24,M,6.21,M,FEW,BKN,M,M,1200.00,1800.00,M,M,M,M,M,M,M,M,M,59.00,FAPE 061500Z 23014KT 9999 FEW012 BKN018 15/13 Q1024 TEMPO -RA BKN012,M
FAPE,2026-08-06 16:00,57.20,57.20,100.00,230.00,12.00,0.00,30.24,M,6.21,M,FEW,BKN,M,M,1200.00,2000.00,M,M,M,M,M,M,M,M,M,57.20,FAPE 061600Z 23012KT 9999 FEW012 BKN020 14/14 Q1024 TEMPO -RA BKN012,M
FAPE,2026-08-06 17:00,59.00,53.60,82.26,240.00,14.00,0.00,30.27,M,6.21,M,FEW,M,M,M,2500.00,M,M,M,M,M,M,M,M,M,M,59.00,FAPE 061700Z 24014KT 9999 FEW025 15/12 Q1025 NOSIG,M
FAPE,2026-08-06 18:00,57.20,53.60,87.75,240.00,11.00,0.00,30.30,M,6.21,M,FEW,M,M,M,3500.00,M,M,M,M,M,M,M,M,M,M,57.20,FAPE 061800Z 24011KT 9999 FEW035 14/12 Q1026 NOSIG,M
FAPE,2026-08-06 19:00,57.20,53.60,87.75,290.00,6.00,0.00,30.33,M,6.21,M,M,M,M,M,M,M,M,M,M,M,M,M,M,M,M,57.20,FAPE 061900Z 29006KT 260V320 CAVOK 14/12 Q1027 NOSIG,M
FAPE,2026-08-06 20:00,55.40,51.80,87.65,270.00,7.00,0.00,30.33,M,6.21,M,M,M,M,M,M,M,M,M,M,M,M,M,M,M,M,55.40,FAPE 062000Z 27007KT CAVOK 13/11 Q1027 NOSIG,M
FAPE,2026-08-06 21:00,57.20,53.60,87.75,250.00,9.00,0.00,30.33,M,6.21,M,FEW,SCT,M,M,1000.00,1000.00,M,M,M,M,M,M,M,M,M,57.20,FAPE 062100Z 25009KT 9999 FEW010 SCT010 14/12 Q1027 NOSIG,M
FAPE,2026-08-06 23:00,55.40,53.60,93.65,250.00,4.00,0.00,30.33,M,6.21,M,M,M,M,M,M,M,M,M,M,M,M,M,M,M,M,55.40,COR FAPE 062300Z 25004KT CAVOK 13/12 Q1027 NOSIG,M
FAPE,2026-08-07 00:00,55.40,51.80,87.65,240.00,11.00,0.00,30.36,M,6.21,M,M,M,M,M,M,M,M,M,M,M,M,M,M,M,M,55.40,FAPE 070000Z 24011KT CAVOK 13/11 Q1028 NOSIG,M
FAPE,2026-08-07 01:00,55.40,53.60,93.65,260.00,9.00,0.00,30.36,M,6.21,M,M,M,M,M,M,M,M,M,M,M,M,M,M,M,M,55.40,FAPE 070100Z 26009KT CAVOK 13/12 Q1028 NOSIG,M
FAPE,2026-08-07 02:00,55.40,53.60,93.65,240.00,11.00,0.00,30.36,M,6.21,M,M,M,M,M,M,M,M,M,M,M,M,M,M,M,M,55.40,FAPE 070200Z 24011KT CAVOK 13/12 Q1028 NOSIG,M
FAPE,2026-08-07 03:00,55.40,53.60,93.65,250.00,11.00,0.00,30.36,M,6.21,M,M,M,M,M,M,M,M,M,M,M,M,M,M,M,M,55.40,FAPE 070300Z 25011KT CAVOK 13/12 Q1028 NOSIG,M
FAPE,2026-08-07 04:00,55.40,53.60,93.65,240.00,10.00,0.00,30.36,M,6.21,M,M,M,M,M,M,M,M,M,M,M,M,M,M,M,M,55.40,FAPE 070400Z 24010KT CAVOK 13/12 Q1028 NOSIG,M
FAPE,2026-08-07 05:00,55.40,53.60,93.65,260.00,8.00,0.00,30.39,M,6.21,M,BKN,M,M,M,2000.00,M,M,M,M,M,M,M,M,M,M,55.40,FAPE 070500Z 26008KT 9999 BKN020 13/12 Q1029 NOSIG,M
FAPE,2026-08-07 05:51,57.20,53.60,87.75,280.00,5.00,0.00,30.39,M,6.21,M,BKN,OVC,M,M,1400.00,2500.00,M,M,M,M,M,M,M,M,M,57.20,FAPE 070551Z 28005KT 9999 BKN014 OVC025 14/12 Q1029 NOSIG,M
FAPE,2026-08-07 06:00,57.20,53.60,87.75,280.00,5.00,0.00,30.39,M,6.21,M,BKN,BKN,M,M,1400.00,2500.00,M,M,M,M,M,M,M,M,M,57.20,FAPE 070600Z 28005KT 9999 BKN014 BKN025 14/12 Q1029 NOSIG,M
FAPE,2026-08-07 06:09,57.20,53.60,87.75,290.00,7.00,0.00,30.39,M,6.21,M,SCT,BKN,M,M,1400.00,2500.00,M,M,M,M,M,M,M,M,M,57.20,FAPE 070609Z 29007KT 9999 SCT014 BKN025 14/12 Q1029 NOSIG,M
FAPE,2026-08-07 07:00,59.00,55.40,87.84,260.00,7.00,0.00,30.39,M,6.21,M,BKN,M,M,M,1700.00,M,M,M,M,M,M,M,M,M,M,59.00,FAPE 070700Z 26007KT 9999 BKN017 15/13 Q1029 NOSIG,M
FAPE,2026-08-07 07:33,60.80,57.20,87.93,250.00,7.00,0.00,30.39,M,4.97,M,BKN,BKN,M,M,1400.00,2500.00,M,M,-RA,M,M,M,M,M,M,60.80,FAPE 070733Z 25007KT 210V280 8000 -RA BKN014 BKN025 16/14 Q1029 BECMG BKN018,M
FAPE,2026-08-07 08:00,59.00,57.20,93.74,230.00,7.00,0.00,30.42,M,6.21,M,SCT,M,M,M,1200.00,M,M,M,M,M,M,M,M,M,M,59.00,FAPE 070800Z 23007KT 9999 SCT012 15/14 Q1030 BECMG BKN018,M
FAPE,2026-08-07 08:06,59.00,57.20,93.74,240.00,8.00,0.00,30.39,M,6.21,M,FEW,SCT,M,M,1200.00,2300.00,M,M,M,M,M,M,M,M,M,59.00,FAPE 070806Z 24008KT 9999 FEW012 SCT023 15/14 Q1029 NOSIG,M
FAPE,2026-08-07 09:00,60.80,57.20,87.93,200.00,3.00,0.00,30.39,M,6.21,M,SCT,BKN,M,M,1000.00,1600.00,M,M,M,M,M,M,M,M,M,60.80,FAPE 070900Z 20003KT 160V250 9999 SCT010 BKN016 16/14 Q1029 NOSIG,M
FAPE,2026-08-07 09:25,60.80,59.00,93.79,150.00,4.00,0.00,30.36,M,6.21,M,SCT,BKN,M,M,1000.00,1600.00,M,M,-RA,M,M,M,M,M,M,60.80,FAPE 070925Z 15004KT 110V200 9999 3100 -RA SCT010 BKN016 16/15 Q1028 NOSIG,M
FAPE,2026-08-07 09:31,60.80,59.00,93.79,160.00,4.00,0.00,30.36,M,4.97,M,SCT,BKN,M,M,1200.00,2200.00,M,M,-RA,M,M,M,M,M,M,60.80,FAPE 070931Z 16004KT 110V200 8000 -RA SCT012 BKN022 16/15 Q1028 NOSIG,M
FAPE,2026-08-07 10:00,60.80,59.00,93.79,160.00,3.00,0.00,30.36,M,4.97,M,SCT,BKN,M,M,1200.00,2200.00,M,M,-RA,M,M,M,M,M,M,60.80,FAPE 071000Z 16003KT 080V220 8000 -RA SCT012 BKN022 16/15 Q1028 NOSIG,M
FAPE,2026-08-07 10:31,60.80,60.80,100.00,50.00,5.00,0.00,30.33,M,6.21,M,SCT,BKN,M,M,800.00,1200.00,M,M,M,M,M,M,M,M,M,60.80,FAPE 071031Z 05005KT 360V120 9999 SCT008 BKN012 16/16 Q1027 NOSIG,M
FAPE,2026-08-07 11:00,62.60,60.80,93.84,80.00,5.00,0.00,30.30,M,6.21,M,SCT,BKN,M,M,800.00,1400.00,M,M,M,M,M,M,M,M,M,62.60,FAPE 071100Z 08005KT 030V120 9999 SCT008 BKN014 17/16 Q1026 NOSIG,M
FAPE,2026-08-07 11:25,62.60,59.00,88.01,100.00,4.00,0.00,30.30,M,6.21,M,FEW,SCT,M,M,800.00,1400.00,M,M,M,M,M,M,M,M,M,62.60,FAPE 071125Z 10004KT 030V180 9999 FEW008 SCT014 17/15 Q1026 NOSIG,M
FAPE,2026-08-07 12:00,64.40,57.20,77.46,20.00,4.00,0.00,30.27,M,6.21,M,FEW,M,M,M,1000.00,M,M,M,M,M,M,M,M,M,M,64.40,FAPE 071200Z 02004KT 340V080 9999 FEW010 18/14 Q1025 NOSIG,M
FAPE,2026-08-07 13:00,66.20,55.40,68.18,50.00,4.00,0.00,30.24,M,6.21,M,FEW,M,M,M,2500.00,M,M,M,M,M,M,M,M,M,M,66.20,FAPE 071300Z 05004KT 350V110 9999 FEW025 19/13 Q1024 NOSIG,M
FAPE,2026-08-07 14:00,66.20,53.60,63.85,70.00,5.00,0.00,30.24,M,6.21,M,FEW,M,M,M,2500.00,M,M,M,M,M,M,M,M,M,M,66.20,FAPE 071400Z 07005KT 040V120 9999 FEW025 19/12 Q1024 NOSIG,M
FAPE,2026-08-07 15:00,62.60,53.60,72.40,100.00,7.00,0.00,30.24,M,6.21,M,M,M,M,M,M,M,M,M,M,M,M,M,M,M,M,62.60,FAPE 071500Z 10007KT CAVOK 17/12 Q1024 NOSIG,M
FAPE,2026-08-07 16:00,59.00,57.20,93.74,90.00,6.00,0.00,30.21,M,6.21,M,M,M,M,M,M,M,M,M,M,M,M,M,M,M,M,59.00,FAPE 071600Z 09006KT CAVOK 15/14 Q1023 NOSIG,M
FAPE,2026-08-07 17:00,59.00,59.00,100.00,70.00,7.00,0.00,30.21,M,6.21,M,M,M,M,M,M,M,M,M,M,M,M,M,M,M,M,59.00,FAPE 071700Z 07007KT CAVOK 15/15 Q1023 NOSIG,M
FAPE,2026-08-07 18:00,59.00,59.00,100.00,50.00,7.00,0.00,30.18,M,6.21,M,M,M,M,M,M,M,M,M,M,M,M,M,M,M,M,59.00,FAPE 071800Z 05007KT CAVOK 15/15 Q1022 NOSIG,M
FAPE,2026-08-07 19:00,59.00,57.20,93.74,40.00,8.00,0.00,30.18,M,6.21,M,M,M,M,M,M,M,M,M,M,M,M,M,M,M,M,59.00,FAPE 071900Z 04008KT CAVOK 15/14 Q1022 NOSIG,M
FAPE,2026-08-07 20:00,59.00,57.20,93.74,30.00,5.00,0.00,30.15,M,6.21,M,M,M,M,M,M,M,M,M,M,M,M,M,M,M,M,59.00,FAPE 072000Z 03005KT CAVOK 15/14 Q1021 NOSIG,M
FAPE,2026-08-07 21:00,57.20,57.20,100.00,30.00,5.00,0.00,30.12,M,6.21,M,M,M,M,M,M,M,M,M,M,M,M,M,M,M,M,57.20,FAPE 072100Z 03005KT CAVOK 14/14 Q1020 NOSIG,M
FAPE,2026-08-07 22:00,57.20,55.40,93.70,10.00,6.00,0.00,30.09,M,6.21,M,M,M,M,M,M,M,M,M,M,M,M,M,M,M,M,57.20,FAPE 072200Z 01006KT CAVOK 14/13 Q1019 NOSIG,M
FAPE,2026-08-07 23:00,53.60,53.60,100.00,350.00,4.00,0.00,30.06,M,6.21,M,M,M,M,M,M,M,M,M,M,M,M,M,M,M,M,53.60,FAPE 072300Z 35004KT CAVOK 12/12 Q1018 NOSIG,M
FAPE,2026-08-08 00:00,53.60,51.80,93.60,360.00,6.00,0.00,30.03,M,6.21,M,M,M,M,M,M,M,M,M,M,M,M,M,M,M,M,53.60,FAPE 080000Z 36006KT CAVOK 12/11 Q1017 NOSIG,M
FAPE,2026-08-08 01:00,51.80,51.80,100.00,20.00,7.00,0.00,30.00,M,6.21,M,M,M,M,M,M,M,M,M,M,M,M,M,M,M,M,51.80,FAPE 080100Z 02007KT CAVOK 11/11 Q1016 NOSIG,M
FAPE,2026-08-08 01:44,51.80,51.80,100.00,320.00,5.00,0.00,30.00,M,2.49,M,BKN,M,M,M,200.00,M,M,M,BR,M,M,M,M,M,M,51.80,FAPE 080144Z 32005KT 4000 BR BKN002 11/11 Q1016,M
FAPE,2026-08-08 01:49,51.80,51.80,100.00,320.00,4.00,0.00,29.97,M,1.12,M,BKN,M,M,M,200.00,M,M,M,BR,M,M,M,M,M,M,51.80,FAPE 080149Z 32004KT 1800 BR BKN002 11/11 Q1015,M
FAPE,2026-08-08 02:00,51.80,51.80,100.00,320.00,4.00,0.00,29.97,M,1.12,M,BKN,M,M,M,200.00,M,M,M,BR,M,M,M,M,M,M,51.80,FAPE 080200Z 32004KT 1800 BR BKN002 11/11 Q1015 BECMG 3500,M
FAPE,2026-08-08 02:14,51.80,51.80,100.00,310.00,5.00,0.00,29.97,M,2.80,M,SCT,M,M,M,200.00,M,M,M,BR,M,M,M,M,M,M,51.80,FAPE 080214Z 31005KT 4500 BR SCT002 11/11 Q1015 BECMG 6000 NSW,M
FAPE,2026-08-08 02:20,50.00,50.00,100.00,280.00,4.00,0.00,30.00,M,6.21,M,FEW,M,M,M,200.00,M,M,M,M,M,M,M,M,M,M,50.00,FAPE 080220Z 28004KT 230V320 9999 FEW002 10/10 Q1016 NOSIG,M
FAPE,2026-08-08 03:00,51.80,51.80,100.00,330.00,3.00,0.00,30.00,M,6.21,M,M,M,M,M,M,M,M,M,M,M,M,M,M,M,M,51.80,FAPE 080300Z 33003KT 270V350 CAVOK 11/11 Q1016 NOSIG,M
FAPE,2026-08-08 04:00,50.00,50.00,100.00,250.00,3.00,0.00,30.00,M,6.21,M,M,M,M,M,M,M,M,M,M,M,M,M,M,M,M,50.00,FAPE 080400Z 25003KT CAVOK 10/10 Q1016 NOSIG,M
FAPE,2026-08-08 05:00,50.00,50.00,100.00,M,3.00,0.00,30.00,M,6.21,M,M,M,M,M,M,M,M,M,M,M,M,M,M,M,M,50.00,FAPE 080500Z VRB03KT CAVOK 10/10 Q1016 NOSIG,M
FAPE,2026-08-08 06:00,51.80,51.80,100.00,M,2.00,0.00,30.03,M,6.21,M,M,M,M,M,M,M,M,M,M,M,M,M,M,M,M,51.80,FAPE 080600Z VRB02KT CAVOK 11/11 Q1017 BECMG 25015KT,M
FAPE,2026-08-08 06:27,55.40,53.60,93.65,30.00,2.00,0.00,30.03,M,6.21,M,M,M,M,M,M,M,M,M,M,M,M,M,M,M,M,55.40,FAPE 080627Z 03002KT CAVOK 13/12 Q1017 BECMG 25015KT,M
FAPE,2026-08-08 06:56,59.00,53.60,82.26,220.00,3.00,0.00,30.03,M,6.21,M,M,M,M,M,M,M,M,M,M,M,M,M,M,M,M,59.00,FAPE 080656Z 22003KT 150V270 CAVOK 15/12 Q1017 BECMG 25015KT,M
FAPE,2026-08-08 07:00,59.00,53.60,82.26,230.00,3.00,0.00,30.03,M,6.21,M,M,M,M,M,M,M,M,M,M,M,M,M,M,M,M,59.00,FAPE 080700Z 23003KT 150V270 CAVOK 15/12 Q1017 BECMG 25015KT,M
FAPE,2026-08-08 08:00,62.60,55.40,77.31,240.00,13.00,0.00,30.03,M,6.21,M,M,M,M,M,M,M,M,M,M,M,M,M,M,M,M,62.60,FAPE 080800Z 24013KT CAVOK 17/13 Q1017 TEMPO 23018G28KT SCT008,M
FAPE,2026-08-08 08:49,60.80,57.20,87.93,240.00,20.00,0.00,30.06,M,6.21,M,BKN,M,M,M,900.00,M,M,M,M,M,M,M,M,M,M,60.80,FAPE 080849Z 24020KT 9999 BKN009 16/14 Q1018 TEMPO 24020G30KT,M
FAPE,2026-08-08 09:00,60.80,57.20,87.93,240.00,20.00,0.00,30.06,M,6.21,M,BKN,M,M,M,900.00,M,M,M,M,M,M,M,M,M,M,60.80,FAPE 080900Z 24020KT 9999 BKN009 16/14 Q1018 TEMPO 24020G30KT,M
FAPE,2026-08-08 09:03,62.60,57.20,82.51,240.00,20.00,0.00,30.06,M,6.21,32.00,BKN,M,M,M,900.00,M,M,M,M,M,M,M,M,M,M,62.60,FAPE 080903Z 24020G32KT 9999 BKN009 17/14 Q1018 BECMG BKN012,M
FAPE,2026-08-08 09:24,62.60,55.40,77.31,250.00,23.00,0.00,30.06,M,6.21,33.00,SCT,M,M,M,1200.00,M,M,M,M,M,M,M,M,M,M,62.60,FAPE 080924Z 25023G33KT 9999 SCT012 17/13 Q1018 NOSIG,M
FAPE,2026-08-08 10:00,62.60,55.40,77.31,240.00,23.00,0.00,30.03,M,6.21,M,FEW,M,M,M,1200.00,M,M,M,M,M,M,M,M,M,M,62.60,FAPE 081000Z 24023KT 9999 FEW012 17/13 Q1017 TEMPO 24022G32KT,M
FAPE,2026-08-08 11:00,64.40,53.60,67.97,240.00,22.00,0.00,30.03,M,6.21,M,FEW,M,M,M,1200.00,M,M,M,M,M,M,M,M,M,M,64.40,FAPE 081100Z 24022KT 9999 FEW012 18/12 Q1017 TEMPO 24022G32KT,M
FAPE,2026-08-08 12:00,64.40,55.40,72.58,230.00,20.00,0.00,30.00,M,6.21,M,FEW,M,M,M,1200.00,M,M,M,M,M,M,M,M,M,M,64.40,FAPE 081200Z 23020KT 9999 FEW012 18/13 Q1016 NOSIG,M
FAPE,2026-08-08 13:00,62.60,53.60,72.40,240.00,21.00,0.00,30.00,M,6.21,M,FEW,M,M,M,1500.00,M,M,M,M,M,M,M,M,M,M,62.60,FAPE 081300Z 24021KT 9999 FEW015 17/12 Q1016 NOSIG,M
FAPE,2026-08-08 14:00,60.80,53.60,77.15,240.00,18.00,0.00,30.00,M,6.21,M,FEW,M,M,M,1400.00,M,M,M,M,M,M,M,M,M,M,60.80,FAPE 081400Z 24018KT 9999 FEW014 16/12 Q1016 NOSIG,M
FAPE,2026-08-08 15:00,59.00,53.60,82.26,230.00,15.00,0.00,30.03,M,6.21,M,FEW,M,M,M,1400.00,M,M,M,M,M,M,M,M,M,M,59.00,FAPE 081500Z 23015KT 9999 FEW014 15/12 Q1017 NOSIG,M
FAPE,2026-08-08 16:00,57.20,51.80,82.13,230.00,11.00,0.00,30.03,M,6.21,M,M,M,M,M,M,M,M,M,M,M,M,M,M,M,M,57.20,FAPE 081600Z 23011KT CAVOK 14/11 Q1017 NOSIG,M
FAPE,2026-08-08 17:00,55.40,53.60,93.65,240.00,8.00,0.00,30.03,M,6.21,M,M,M,M,M,M,M,M,M,M,M,M,M,M,M,M,55.40,FAPE 081700Z 24008KT CAVOK 13/12 Q1017 NOSIG,M
FAPE,2026-08-08 18:00,57.20,53.60,87.75,260.00,8.00,0.00,30.06,M,6.21,M,M,M,M,M,M,M,M,M,M,M,M,M,M,M,M,57.20,FAPE 081800Z 26008KT CAVOK 14/12 Q1018 NOSIG,M
FAPE,2026-08-08 19:00,55.40,51.80,87.65,270.00,5.00,0.00,30.06,M,6.21,M,BKN,M,M,M,20000.00,M,M,M,M,M,M,M,M,M,M,55.40,FAPE 081900Z AUTO 27005KT 9999 BKN200/// 13/11 Q1018 NOSIG,M
FAPE,2026-08-08 20:00,57.20,51.80,82.13,270.00,8.00,0.00,30.06,M,6.21,M,FEW,SCT,M,M,19000.00,22000.00,M,M,M,M,M,M,M,M,M,57.20,FAPE 082000Z AUTO 27008KT 9999 FEW190/// SCT220/// 14/11 Q1018 NOSIG,M
FAPE,2026-08-08 21:00,57.20,50.00,76.83,270.00,7.00,0.00,30.03,M,6.21,M,FEW,M,M,M,24000.00,M,M,M,M,M,M,M,M,M,M,57.20,FAPE 082100Z AUTO 27007KT 9999 FEW240/// 14/10 Q1017 NOSIG,M
FAPE,2026-08-08 22:00,55.40,50.00,82.00,310.00,5.00,0.00,30.03,M,6.21,M,M,M,M,M,M,M,M,M,M,M,M,M,M,M,M,55.40,FAPE 082200Z 31005KT CAVOK 13/10 Q1017 NOSIG,M
FAPE,2026-08-08 23:00,53.60,50.00,87.56,330.00,4.00,0.00,30.00,M,6.21,M,M,M,M,M,M,M,M,M,M,M,M,M,M,M,M,53.60,FAPE 082300Z 33004KT CAVOK 12/10 Q1016 NOSIG,M
FAPE,2026-08-09 00:00,50.00,48.20,93.50,270.00,5.00,0.00,30.00,M,6.21,M,M,M,M,M,M,M,M,M,M,M,M,M,M,M,M,50.00,FAPE 090000Z 27005KT CAVOK 10/09 Q1016 NOSIG,M
FAPE,2026-08-09 01:00,50.00,48.20,93.50,290.00,5.00,0.00,30.00,M,6.21,M,SCT,M,M,M,2500.00,M,M,M,M,M,M,M,M,M,M,50.00,FAPE 090100Z 29005KT 9999 SCT025 10/09 Q1016 NOSIG,M
FAPE,2026-08-09 01:43,53.60,50.00,87.56,310.00,5.00,0.00,29.97,M,6.21,M,BKN,OVC,M,M,1600.00,2500.00,M,M,M,M,M,M,M,M,M,53.60,FAPE 090143Z 31005KT 9999 BKN016 OVC025 12/10 Q1015 NOSIG,M
FAPE,2026-08-09 02:00,55.40,51.80,87.65,280.00,9.00,0.00,29.97,M,6.21,M,BKN,OVC,M,M,1600.00,2500.00,M,M,-RA,M,M,M,M,M,M,55.40,FAPE 090200Z 28009KT 9999 -RA BKN016 OVC025 13/11 Q1015 NOSIG,M
FAPE,2026-08-09 02:13,57.20,55.40,93.70,270.00,10.00,0.00,29.97,M,6.21,M,BKN,OVC,M,M,1000.00,2500.00,M,M,M,M,M,M,M,M,M,57.20,FAPE 090213Z 27010KT 9999 BKN010 OVC025 14/13 Q1015 NOSIG,M
FAPE,2026-08-09 02:37,57.20,55.40,93.70,250.00,10.00,0.00,29.97,M,3.11,M,BKN,OVC,M,M,500.00,2200.00,M,M,-DZRA,M,M,M,M,M,M,57.20,FAPE 090237Z 25010KT 5000 -DZRA BKN005 OVC022 14/13 Q1015 TEMPO 3000 DZ BR,M
FAPE,2026-08-09 02:47,57.20,57.20,100.00,250.00,10.00,0.00,29.97,M,1.86,M,BKN,OVC,M,M,400.00,1500.00,M,M,DZRA,M,M,M,M,M,M,57.20,FAPE 090247Z 25010KT 3000 DZRA BKN004 OVC015 14/14 Q1015 BECMG 5000,M
FAPE,2026-08-09 02:54,57.20,57.20,100.00,230.00,10.00,0.00,29.97,M,1.86,M,BKN,OVC,M,M,400.00,1200.00,M,M,DZRA,M,M,M,M,M,M,57.20,FAPE 090254Z 23010KT 190V260 3000 DZRA BKN004 OVC012 14/14 Q1015 BECMG 5000,M
FAPE,2026-08-09 03:00,57.20,57.20,100.00,230.00,10.00,0.00,29.97,M,1.86,M,BKN,OVC,M,M,400.00,1200.00,M,M,DZRA,M,M,M,M,M,M,57.20,FAPE 090300Z 23010KT 190V250 3000 DZRA BKN004 OVC012 14/14 Q1015 BECMG 5000,M
FAPE,2026-08-09 03:06,55.40,55.40,100.00,220.00,12.00,0.00,29.97,M,4.97,M,BKN,OVC,M,M,400.00,1400.00,M,M,-DZRA,M,M,M,M,M,M,55.40,FAPE 090306Z 22012KT 8000 -DZRA BKN004 OVC014 13/13 Q1015 NOSIG,M
FAPE,2026-08-09 03:28,55.40,55.40,100.00,240.00,14.00,0.00,30.00,M,4.35,M,SCT,OVC,M,M,800.00,1600.00,M,M,-DZRA,M,M,M,M,M,M,55.40,FAPE 090328Z 24014KT 7000 -DZRA SCT008 OVC016 13/13 Q1016 NOSIG,M
FAPE,2026-08-09 04:00,55.40,53.60,93.65,240.00,13.00,0.00,30.00,M,4.35,M,SCT,OVC,M,M,700.00,1600.00,M,M,-DZRA,M,M,M,M,M,M,55.40,FAPE 090400Z 24013KT 7000 -DZRA SCT007 OVC016 13/12 Q1016 NOSIG,M
FAPE,2026-08-09 04:18,55.40,55.40,100.00,240.00,17.00,0.00,30.00,M,4.35,M,FEW,SCT,BKN,M,700.00,1400.00,2500.00,M,-DZRA,M,M,M,M,M,M,55.40,FAPE 090418Z 24017KT 7000 -DZRA FEW007 SCT014 BKN025 13/13 Q1016 NOSIG,M
FAPE,2026-08-09 05:00,55.40,55.40,100.00,230.00,14.00,0.00,30.03,M,3.73,M,SCT,BKN,M,M,700.00,3000.00,M,M,-DZRA,M,M,M,M,M,M,55.40,FAPE 090500Z 23014KT 6000 -DZRA SCT007 BKN030 13/13 Q1017 TEMPO 4500 RA BKN009,M
FAPE,2026-08-09 05:06,53.60,53.60,100.00,240.00,15.00,0.00,30.03,M,3.73,M,BKN,BKN,M,M,600.00,3000.00,M,M,-DZRA,M,M,M,M,M,M,53.60,FAPE 090506Z 24015KT 6000 -DZRA BKN006 BKN030 12/12 Q1017 TEMPO 4500 RA,M
FAPE,2026-08-09 05:41,53.60,53.60,100.00,250.00,18.00,0.00,30.03,M,4.35,M,SCT,BKN,M,M,700.00,2500.00,M,M,-DZ,M,M,M,M,M,M,53.60,FAPE 090541Z 25018KT 7000 -DZ SCT007 BKN025 12/12 Q1017 NOSIG,M
FAPE,2026-08-09 06:00,53.60,53.60,100.00,250.00,18.00,0.00,30.03,M,4.97,M,FEW,BKN,M,M,700.00,2500.00,M,M,-DZ,M,M,M,M,M,M,53.60,FAPE 090600Z 25018KT 8000 -DZ FEW007 BKN025 12/12 Q1017 NOSIG,M
FAPE,2026-08-09 06:41,53.60,53.60,100.00,250.00,19.00,0.00,30.06,M,3.11,M,SCT,SCT,M,M,500.00,1300.00,M,M,DZRA,M,M,M,M,M,M,53.60,FAPE 090641Z 25019KT 5000 DZRA SCT005 SCT013 12/12 Q1018 NOSIG,M
FAPE,2026-08-09 06:48,53.60,53.60,100.00,220.00,18.00,0.00,30.06,M,3.11,29.00,SCT,BKN,M,M,500.00,1300.00,M,M,DZRA,M,M,M,M,M,M,53.60,FAPE 090648Z 22018G29KT 190V250 5000 DZRA SCT005 BKN013 12/12 Q1018 NOSIG,M
FAPE,2026-08-09 07:00,53.60,53.60,100.00,220.00,18.00,0.00,30.06,M,3.11,29.00,SCT,BKN,M,M,500.00,1300.00,M,M,DZRA,M,M,M,M,M,M,53.60,FAPE 090700Z 22018G29KT 5000 DZRA SCT005 BKN013 12/12 Q1018 NOSIG,M
FAPE,2026-08-09 07:18,53.60,53.60,100.00,210.00,14.00,0.00,30.06,M,4.97,M,SCT,BKN,M,M,500.00,2000.00,M,M,-DZ,M,M,M,M,M,M,53.60,FAPE 090718Z 21014KT 8000 -DZ SCT005 BKN020 12/12 Q1018 NOSIG,M
FAPE,2026-08-09 07:53,55.40,53.60,93.65,220.00,12.00,0.00,30.09,M,6.21,M,BKN,BKN,M,M,1000.00,2500.00,M,M,M,M,M,M,M,M,M,55.40,FAPE 090753Z 22012KT 9999 BKN010 BKN025 13/12 Q1019 NOSIG,M
FAPE,2026-08-09 08:00,55.40,53.60,93.65,220.00,11.00,0.00,30.09,M,6.21,M,BKN,BKN,M,M,1000.00,2500.00,M,M,M,M,M,M,M,M,M,55.40,FAPE 090800Z 22011KT 9999 BKN010 BKN025 13/12 Q1019 NOSIG,M
FAPE,2026-08-09 08:35,55.40,53.60,93.65,210.00,9.00,0.00,30.09,M,5.59,M,FEW,BKN,OVC,M,1400.00,2000.00,4900.00,M,-RA,M,M,M,M,M,M,55.40,FAPE 090835Z 21009KT 9000 -RA FEW014 BKN020 OVC049 13/12 Q1019 NOSIG,M
FAPE,2026-08-09 09:00,55.40,53.60,93.65,220.00,8.00,0.00,30.09,M,5.59,M,FEW,BKN,M,M,1400.00,3500.00,M,M,-RA,M,M,M,M,M,M,55.40,FAPE 090900Z 22008KT 9000 -RA FEW014 BKN035 13/12 Q1019 NOSIG,M
FAPE,2026-08-09 09:11,55.40,53.60,93.65,210.00,7.00,0.00,30.09,M,1.86,M,SCT,OVC,M,M,1500.00,4000.00,M,M,SHRA,M,M,M,M,M,M,55.40,FAPE 090911Z 21007KT 180V240 3000 SHRA SCT015 OVC040TCU 13/12 Q1019 NOSIG,M
FAPE,2026-08-09 09:50,53.60,53.60,100.00,230.00,7.00,0.00,30.09,M,2.49,M,OVC,M,M,M,800.00,M,M,M,-RA BR,M,M,M,M,M,M,53.60,FAPE 090950Z 23007KT 4000 -RA BR OVC008 12/12 Q1019 NOSIG,M
FAPE,2026-08-09 10:00,53.60,53.60,100.00,230.00,7.00,0.00,30.09,M,2.49,M,OVC,M,M,M,700.00,M,M,M,-RA BR,M,M,M,M,M,M,53.60,FAPE 091000Z 23007KT 4000 -RA BR OVC007 12/12 Q1019 NOSIG,M
FAPE,2026-08-09 10:29,53.60,51.80,93.60,240.00,12.00,0.00,30.09,M,2.49,M,FEW,SCT,OVC,M,600.00,1500.00,3400.00,M,-RA,M,M,M,M,M,M,53.60,FAPE 091029Z 24012KT 4000 -RA FEW006 SCT015 OVC034 12/11 Q1019 NOSIG,M
FAPE,2026-08-09 10:34,53.60,53.60,100.00,240.00,11.00,0.00,30.09,M,4.35,M,FEW,SCT,OVC,M,600.00,1400.00,3400.00,M,-RA,M,M,M,M,M,M,53.60,FAPE 091034Z 24011KT 7000 -RA FEW006 SCT014 OVC034 12/12 Q1019 NOSIG,M
FAPE,2026-08-09 11:00,53.60,51.80,93.60,250.00,10.00,0.00,30.09,M,4.35,M,FEW,SCT,OVC,M,600.00,1400.00,4700.00,M,-RA,M,M,M,M,M,M,53.60,FAPE 091100Z 25010KT 7000 -RA FEW006 SCT014 OVC047 12/11 Q1019 NOSIG,M
FAPE,2026-08-09 12:00,51.80,51.80,100.00,250.00,12.00,0.00,30.09,M,6.21,M,FEW,M,M,M,800.00,M,M,M,-RA,M,M,M,M,M,M,51.80,FAPE 091200Z 25012KT 9999 -RA FEW008 11/11 Q1019 NOSIG,M
FAPE,2026-08-09 13:00,53.60,51.80,93.60,250.00,9.00,0.00,30.12,M,6.21,M,FEW,M,M,M,800.00,M,M,M,-RA,M,M,M,M,M,M,53.60,FAPE 091300Z 25009KT 9999 -RA FEW008 12/11 Q1020 NOSIG,M
FAPE,2026-08-09 14:00,53.60,51.80,93.60,270.00,4.00,0.00,30.12,M,6.21,M,SCT,BKN,M,M,1000.00,4900.00,M,M,-RA,M,M,M,M,M,M,53.60,FAPE 091400Z 27004KT 190V320 9999 -RA SCT010 BKN049 12/11 Q1020 NOSIG,M
FAPE,2026-08-09 14:17,53.60,53.60,100.00,180.00,10.00,0.00,30.18,M,2.61,M,BKN,OVC,M,M,800.00,2000.00,M,M,-RA BR,M,M,M,M,M,M,53.60,FAPE 091417Z 18010KT 4200 -RA BR BKN008 OVC020 12/12 Q1022 TEMPO 3000 SHRA,M
FAPE,2026-08-09 14:37,51.80,51.80,100.00,160.00,15.00,0.00,30.18,M,4.35,27.00,BKN,OVC,FEW,M,800.00,2000.00,4500.00,M,-SHRA,M,M,M,M,M,M,51.80,FAPE 091437Z 16015G27KT 130V200 7000 -SHRA BKN008 OVC020 FEW045TCU 11/11 Q1022 TEMPO 3000 SHRA,M
FAPE,2026-08-09 15:00,51.80,50.00,93.55,180.00,15.00,0.00,30.21,M,4.97,M,BKN,BKN,FEW,M,800.00,2000.00,4500.00,M,-SHRA,M,M,M,M,M,M,51.80,FAPE 091500Z 18015KT 8000 -SHRA BKN008 BKN020 FEW045TCU 11/10 Q1023 NOSIG,M
FAPE,2026-08-09 15:04,51.80,50.00,93.55,180.00,17.00,0.00,30.21,M,6.21,M,SCT,OVC,FEW,M,1400.00,2000.00,4500.00,M,-SHRA,M,M,M,M,M,M,51.80,FAPE 091504Z 18017KT 9999 -SHRA SCT014 OVC020 FEW045TCU 11/10 Q1023 NOSIG,M
FAPE,2026-08-09 16:00,51.80,50.00,93.55,180.00,14.00,0.00,30.27,M,6.21,M,FEW,BKN,FEW,M,1500.00,2000.00,4500.00,M,-SHRA,M,M,M,M,M,M,51.80,FAPE 091600Z 18014KT 150V210 9999 -SHRA FEW015 BKN020 FEW045TCU 11/10 Q1025 NOSIG,M
FAPE,2026-08-09 17:00,51.80,50.00,93.55,200.00,4.00,0.00,30.30,M,6.21,M,FEW,OVC,M,M,4000.00,4900.00,M,M,-RA,M,M,M,M,M,M,51.80,FAPE 091700Z 20004KT 9999 -RA FEW040 OVC049 11/10 Q1026 NOSIG,M
FAPE,2026-08-09 18:00,51.80,50.00,93.55,250.00,6.00,0.00,30.30,M,6.21,M,SCT,M,M,M,4900.00,M,M,M,M,M,M,M,M,M,M,51.80,FAPE 091800Z 25006KT 210V280 9999 SCT049 11/10 Q1026 NOSIG,M
FAPE,2026-08-09 18:03,55.40,46.40,71.65,200.00,10.00,0.00,30.30,M,6.21,M,SCT,M,M,M,4900.00,M,M,M,M,M,M,M,M,M,M,55.40,FAPE 091803Z 20010KT 9999 SCT049 13/08 Q1026 NOSIG,M
FAPE,2026-08-09 19:00,55.40,44.60,66.91,200.00,10.00,0.00,30.33,M,6.21,M,FEW,M,M,M,4700.00,M,M,M,M,M,M,M,M,M,M,55.40,FAPE 091900Z 20010KT 9999 FEW047 13/07 Q1027 NOSIG,M
FAPE,2026-08-09 20:00,55.40,42.80,62.46,190.00,10.00,0.00,30.36,M,6.21,M,FEW,M,M,M,4700.00,M,M,M,M,M,M,M,M,M,M,55.40,FAPE 092000Z 19010KT 9999 FEW047 13/06 Q1028 NOSIG,M
FAPE,2026-08-09 21:00,53.60,41.00,62.22,200.00,8.00,0.00,30.39,M,6.21,M,M,M,M,M,M,M,M,M,M,M,M,M,M,M,M,53.60,FAPE 092100Z 20008KT CAVOK 12/05 Q1029 NOSIG,M
FAPE,2026-08-09 22:00,53.60,39.20,58.02,200.00,9.00,0.00,30.39,M,6.21,M,M,M,M,M,M,M,M,M,M,M,M,M,M,M,M,53.60,FAPE 092200Z 20009KT CAVOK 12/04 Q1029 NOSIG,M
FAPE,2026-08-09 23:00,53.60,41.00,62.22,200.00,6.00,0.00,30.39,M,6.21,M,M,M,M,M,M,M,M,M,M,M,M,M,M,M,M,53.60,FAPE 092300Z 20006KT CAVOK 12/05 Q1029 NOSIG,M
FAPE,2026-08-10 00:00,51.80,42.80,71.26,220.00,7.00,0.00,30.42,M,6.21,M,M,M,M,M,M,M,M,M,M,M,M,M,M,M,M,51.80,FAPE 100000Z 22007KT CAVOK 11/06 Q1030 NOSIG,M
FAPE,2026-08-10 01:00,53.60,41.00,62.22,210.00,9.00,0.00,30.42,M,6.21,M,FEW,M,M,M,3800.00,M,M,M,M,M,M,M,M,M,M,53.60,FAPE 100100Z 21009KT 9999 FEW038 12/05 Q1030 NOSIG,M
FAPE,2026-08-10 02:00,53.60,42.80,66.70,220.00,7.00,0.00,30.42,M,6.21,M,FEW,M,M,M,3800.00,M,M,M,M,M,M,M,M,M,M,53.60,FAPE 100200Z 22007KT 9999 FEW038 12/06 Q1030 NOSIG,M
FAPE,2026-08-10 03:00,53.60,42.80,66.70,210.00,8.00,0.00,30.42,M,6.21,M,FEW,M,M,M,3500.00,M,M,M,M,M,M,M,M,M,M,53.60,FAPE 100300Z 21008KT 9999 FEW035 12/06 Q1030 NOSIG,M
FAPE,2026-08-10 04:00,53.60,42.80,66.70,220.00,8.00,0.00,30.45,M,6.21,M,FEW,M,M,M,3700.00,M,M,M,M,M,M,M,M,M,M,53.60,FAPE 100400Z 22008KT 9999 FEW037 12/06 Q1031 NOSIG,M
FAPE,2026-08-10 05:00,53.60,44.60,71.45,220.00,7.00,0.00,30.47,M,6.21,M,SCT,M,M,M,3000.00,M,M,M,M,M,M,M,M,M,M,53.60,FAPE 100500Z 22007KT 9999 SCT030 12/07 Q1032 NOSIG,M
FAPE,2026-08-10 06:00,53.60,46.40,76.51,210.00,3.00,0.00,30.47,M,6.21,M,SCT,BKN,M,M,2800.00,3400.00,M,M,M,M,M,M,M,M,M,53.60,FAPE 100600Z 21003KT 170V250 9999 SCT028 BKN034 12/08 Q1032 NOSIG,M
FAPE,2026-08-10 06:56,57.20,48.20,71.84,190.00,6.00,0.00,30.50,M,6.21,M,SCT,BKN,M,M,3200.00,4700.00,M,M,M,M,M,M,M,M,M,57.20,FAPE 100656Z 19006KT 9999 SCT032 BKN047 14/09 Q1033 NOSIG,M
FAPE,2026-08-10 07:00,57.20,48.20,71.84,190.00,6.00,0.00,30.50,M,6.21,M,SCT,BKN,M,M,3200.00,4700.00,M,M,M,M,M,M,M,M,M,57.20,FAPE 100700Z 19006KT 9999 SCT032 BKN047 14/09 Q1033 NOSIG,M
FAPE,2026-08-10 07:37,53.60,48.20,81.87,190.00,7.00,0.00,30.50,M,1.86,M,FEW,SCT,M,M,2500.00,3000.00,M,M,SHRA,M,M,M,M,M,M,53.60,COR FAPE 100737Z 19007KT 3000 SHRA FEW025 SCT030TCU 12/09 Q1033 BECMG 6000 -SHRA,M
FAPE,2026-08-10 07:48,53.60,48.20,81.87,190.00,8.00,0.00,30.53,M,6.21,M,SCT,M,M,M,3000.00,M,M,M,M,M,M,M,M,M,M,53.60,FAPE 100748Z 19008KT 160V220 9999 SCT030 12/09 Q1034 NOSIG,M
FAPE,2026-08-10 08:00,53.60,50.00,87.56,190.00,7.00,0.00,30.53,M,6.21,M,SCT,M,M,M,3000.00,M,M,M,M,M,M,M,M,M,M,53.60,FAPE 100800Z 19007KT 160V220 9999 SCT030 12/10 Q1034 NOSIG,M
FAPE,2026-08-10 08:02,57.20,51.80,82.13,190.00,5.00,0.00,30.53,M,6.21,M,SCT,M,M,M,2500.00,M,M,M,M,M,M,M,M,M,M,57.20,FAPE 100802Z 19005KT 160V230 9999 SCT025 14/11 Q1034 NOSIG,M
FAPE,2026-08-10 09:00,55.40,48.20,76.67,170.00,9.00,0.00,30.53,M,6.21,M,SCT,FEW,M,M,2500.00,4000.00,M,M,M,M,M,M,M,M,M,55.40,FAPE 100900Z 17009KT 9999 SCT025 FEW040TCU 13/09 Q1034 NOSIG,M
FAPE,2026-08-10 09:10,59.00,48.20,67.34,180.00,6.00,0.00,30.53,M,6.21,M,SCT,FEW,M,M,2500.00,4000.00,M,M,M,M,M,M,M,M,M,59.00,FAPE 100910Z 18006KT 150V220 9999 SCT025 FEW040TCU 15/09 Q1034 NOSIG,M
FAPE,2026-08-10 10:00,57.20,46.40,67.13,220.00,8.00,0.00,30.53,M,6.21,M,FEW,SCT,M,M,2000.00,3000.00,M,M,M,M,M,M,M,M,M,57.20,FAPE 101000Z 22008KT 190V250 9999 FEW020 SCT030 14/08 Q1034 NOSIG,M
FAPE,2026-08-10 11:00,53.60,46.40,76.51,170.00,12.00,0.00,30.53,M,6.21,M,FEW,SCT,M,M,2700.00,4000.00,M,M,-SHRA,M,M,M,M,M,M,53.60,FAPE 101100Z 17012KT 9999 -SHRA FEW027 SCT040 12/08 Q1034 NOSIG,M
FAPE,2026-08-10 11:50,57.20,53.60,87.75,160.00,3.00,0.00,30.50,M,6.21,M,FEW,SCT,M,M,2000.00,4800.00,M,M,M,M,M,M,M,M,M,57.20,FAPE 101150Z 16003KT 100V210 9999 FEW020 SCT048 14/12 Q1033 NOSIG,M
FAPE,2026-08-10 12:00,57.20,51.80,82.13,160.00,4.00,0.00,30.50,M,6.21,M,FEW,M,M,M,2000.00,M,M,M,M,M,M,M,M,M,M,57.20,FAPE 101200Z 16004KT 100V210 9999 FEW020 14/11 Q1033 NOSIG,M
FAPE,2026-08-10 13:00,57.20,50.00,76.83,150.00,7.00,0.00,30.50,M,6.21,M,FEW,BKN,FEW,M,2200.00,4800.00,6000.00,M,M,M,M,M,M,M,M,57.20,FAPE 101300Z 15007KT 120V180 9999 FEW022 BKN048 FEW060TCU 14/10 Q1033 NOSIG,M
FAPE,2026-08-10 13:28,53.60,50.00,87.56,180.00,9.00,0.00,30.50,M,3.11,M,SCT,BKN,SCT,M,1000.00,3400.00,5000.00,M,SHRA,M,M,M,M,M,M,53.60,FAPE 101328Z 18009KT 150V220 5000 SHRA SCT010 BKN034 SCT050TCU 12/10 Q1033 TEMPO 3000 BKN010,M
FAPE,2026-08-10 13:44,53.60,51.80,93.60,210.00,6.00,0.00,30.53,M,4.35,M,FEW,BKN,FEW,M,1000.00,3200.00,5000.00,M,-SHRA,M,M,M,M,M,M,53.60,FAPE 101344Z 21006KT 170V260 7000 -SHRA FEW010 BKN032 FEW050TCU 12/11 Q1034 NOSIG,M
FAPE,2026-08-10 14:00,53.60,51.80,93.60,200.00,5.00,0.00,30.53,M,4.35,M,FEW,BKN,FEW,M,1200.00,2600.00,4800.00,M,-SHRA,M,M,M,M,M,M,53.60,FAPE 101400Z 20005KT 170V240 7000 -SHRA FEW012 BKN026 FEW048TCU 12/11 Q1034 NOSIG,M
FAPE,2026-08-10 15:00,53.60,51.80,93.60,170.00,5.00,0.00,30.53,M,4.97,M,FEW,BKN,FEW,M,2200.00,3400.00,4500.00,M,-SHRA,M,M,M,M,M,M,53.60,FAPE 101500Z 17005KT 130V200 8000 -SHRA FEW022 BKN034 FEW045TCU 12/11 Q1034 NOSIG,M
FAPE,2026-08-10 16:00,51.80,50.00,93.55,100.00,5.00,0.00,30.56,M,6.21,M,FEW,BKN,M,M,4200.00,4800.00,M,M,-RA,M,M,M,M,M,M,51.80,FAPE 101600Z 10005KT 9999 -RA FEW042 BKN048 11/10 Q1035 NOSIG,M
FAPE,2026-08-10 17:00,51.80,50.00,93.55,260.00,5.00,0.00,30.56,M,6.21,M,SCT,BKN,M,M,3800.00,4800.00,M,M,M,M,M,M,M,M,M,51.80,FAPE 101700Z 26005KT 240V320 9999 SCT038 BKN048 11/10 Q1035 NOSIG,M
FAPE,2026-08-10 17:17,51.80,50.00,93.55,210.00,6.00,0.00,30.59,M,3.11,M,FEW,BKN,FEW,M,2000.00,3400.00,4500.00,M,SHRA,M,M,M,M,M,M,51.80,FAPE 101717Z 21006KT 5000 SHRA FEW020 BKN034 FEW045TCU 11/10 Q1036 BECMG 7000 -SHRA,M
FAPE,2026-08-10 17:37,51.80,50.00,93.55,M,2.00,0.00,30.59,M,4.97,M,FEW,BKN,FEW,M,1800.00,3400.00,4500.00,M,-SHRA,M,M,M,M,M,M,51.80,FAPE 101737Z VRB02KT 8000 -SHRA FEW018 BKN034 FEW045TCU 11/10 Q1036 NOSIG,M
FAPE,2026-08-10 17:55,51.80,51.80,100.00,280.00,5.00,0.00,30.59,M,5.59,M,SCT,BKN,FEW,M,2200.00,3200.00,5000.00,M,-SHRA,M,M,M,M,M,M,51.80,FAPE 101755Z 28005KT 9000 -SHRA SCT022 BKN032 FEW050TCU 11/11 Q1036 NOSIG,M
FAPE,2026-08-10 18:00,51.80,51.80,100.00,280.00,5.00,0.00,30.59,M,5.59,M,SCT,BKN,FEW,M,2200.00,3200.00,5000.00,M,-SHRA,M,M,M,M,M,M,51.80,FAPE 101800Z 28005KT 9000 -SHRA SCT022 BKN032 FEW050TCU 11/11 Q1036 NOSIG,M
FAPE,2026-08-10 19:00,51.80,51.80,100.00,250.00,4.00,0.00,30.62,M,6.21,M,FEW,BKN,M,M,2500.00,4200.00,M,M,M,M,M,M,M,M,M,51.80,FAPE 101900Z 25004KT 200V270 9999 FEW025 BKN042 11/11 Q1037 NOSIG,M
FAPE,2026-08-10 20:00,53.60,51.80,93.60,120.00,7.00,0.00,30.62,M,6.21,M,FEW,BKN,M,M,3100.00,3700.00,M,M,M,M,M,M,M,M,M,53.60,FAPE 102000Z 12007KT 9999 FEW031 BKN037 12/11 Q1037 NOSIG,M
FAPE,2026-08-10 21:00,51.80,50.00,93.55,110.00,5.00,0.00,30.62,M,6.21,M,FEW,M,M,M,4500.00,M,M,M,M,M,M,M,M,M,M,51.80,FAPE 102100Z 11005KT 9999 FEW045 11/10 Q1037 NOSIG,M
FAPE,2026-08-10 23:00,51.80,50.00,93.55,100.00,3.00,0.00,30.62,M,6.21,M,FEW,M,M,M,4400.00,M,M,M,M,M,M,M,M,M,M,51.80,FAPE 102300Z 10003KT 080V140 9999 FEW044 11/10 Q1037 NOSIG,M
FAPE,2026-08-11 00:00,51.80,51.80,100.00,M,2.00,0.00,30.62,M,6.21,M,BKN,M,M,M,2200.00,M,M,M,M,M,M,M,M,M,M,51.80,FAPE 110000Z VRB02KT 9999 BKN022 11/11 Q1037 NOSIG,M
FAPE,2026-08-11 01:00,51.80,50.00,93.55,230.00,3.00,0.00,30.62,M,6.21,M,BKN,M,M,M,3500.00,M,M,M,M,M,M,M,M,M,M,51.80,FAPE 110100Z 23003KT 180V310 9999 BKN035 11/10 Q1037 NOSIG,M
FAPE,2026-08-11 02:00,50.00,50.00,100.00,M,1.00,0.00,30.62,M,6.21,M,BKN,M,M,M,4000.00,M,M,M,M,M,M,M,M,M,M,50.00,FAPE 110200Z VRB01KT 9999 BKN040 10/10 Q1037 NOSIG,M
FAPE,2026-08-11 03:00,48.20,48.20,100.00,100.00,3.00,0.00,30.62,M,6.21,M,FEW,M,M,M,3400.00,M,M,M,M,M,M,M,M,M,M,47.21,FAPE 110300Z 10003KT 050V150 9999 FEW034 09/09 Q1037 NOSIG,M
FAPE,2026-08-11 04:00,51.80,50.00,93.55,M,2.00,0.00,30.65,M,6.21,M,BKN,M,M,M,2900.00,M,M,M,M,M,M,M,M,M,M,51.80,FAPE 110400Z VRB02KT 9999 BKN029 11/10 Q1038 NOSIG,M
FAPE,2026-08-11 05:00,53.60,51.80,93.60,100.00,7.00,0.00,30.65,M,6.21,M,SCT,BKN,M,M,2500.00,4800.00,M,M,M,M,M,M,M,M,M,53.60,FAPE 110500Z 10007KT 9999 SCT025 BKN048 12/11 Q1038 NOSIG,M
FAPE,2026-08-11 06:00,53.60,51.80,93.60,80.00,4.00,0.00,30.68,M,4.97,M,FEW,BKN,M,M,1400.00,4200.00,M,M,-RA,M,M,M,M,M,M,53.60,FAPE 110600Z 08004KT 040V120 8000 -RA FEW014 BKN042 12/11 Q1039 NOSIG,M
FAPE,2026-08-11 06:15,53.60,51.80,93.60,120.00,11.00,0.00,30.71,M,2.80,M,FEW,BKN,OVC,M,1400.00,2300.00,3400.00,M,-RA BR,M,M,M,M,M,M,53.60,FAPE 110615Z 12011KT 4500 -RA BR FEW014 BKN023 OVC034 12/11 Q1040 BECMG 6000,M
FAPE,2026-08-11 06:33,53.60,53.60,100.00,150.00,4.00,0.00,30.71,M,6.21,M,FEW,BKN,M,M,1500.00,3000.00,M,M,M,M,M,M,M,M,M,53.60,FAPE 110633Z 15004KT 9999 FEW015 BKN030 12/12 Q1040 TEMPO 4000 -SHRA,M
FAPE,2026-08-11 07:00,53.60,51.80,93.60,120.00,12.00,0.00,30.71,M,6.21,M,FEW,BKN,M,M,1800.00,3000.00,M,M,M,M,M,M,M,M,M,53.60,FAPE 110700Z 12012KT 9999 FEW018 BKN030 12/11 Q1040 TEMPO 4000 -SHRA,M
FAPE,2026-08-11 08:00,57.20,53.60,87.75,90.00,3.00,0.00,30.71,M,6.21,M,FEW,BKN,M,M,3000.00,4000.00,M,M,M,M,M,M,M,M,M,57.20,FAPE 110800Z 09003KT 040V130 9999 FEW030 BKN040 14/12 Q1040 NOSIG,M
FAPE,2026-08-11 09:00,57.20,51.80,82.13,60.00,6.00,0.00,30.71,M,6.21,M,BKN,M,M,M,4000.00,M,M,M,M,M,M,M,M,M,M,57.20,FAPE 110900Z 06006KT 020V100 9999 BKN040 14/11 Q1040 NOSIG,M
FAPE,2026-08-11 09:20,60.80,48.20,63.16,100.00,11.00,0.00,30.71,M,6.21,M,BKN,M,M,M,4000.00,M,M,M,M,M,M,M,M,M,M,60.80,FAPE 110920Z 10011KT 9999 BKN040 16/09 Q1040 NOSIG,M
FAPE,2026-08-11 10:00,60.80,51.80,72.21,90.00,13.00,0.00,30.68,M,6.21,M,SCT,M,M,M,4000.00,M,M,M,M,M,M,M,M,M,M,60.80,FAPE 111000Z 09013KT 9999 SCT040 16/11 Q1039 NOSIG,M
FAPE,2026-08-11 11:00,60.80,48.20,63.16,80.00,14.00,0.00,30.68,M,6.21,M,SCT,M,M,M,3000.00,M,M,M,M,M,M,M,M,M,M,60.80,FAPE 111100Z 08014KT 9999 SCT030 16/09 Q1039 NOSIG,M
FAPE,2026-08-11 12:00,62.60,51.80,67.76,90.00,13.00,0.00,30.65,M,6.21,M,SCT,M,M,M,3300.00,M,M,M,M,M,M,M,M,M,M,62.60,FAPE 111200Z 09013KT 9999 SCT033 17/11 Q1038 NOSIG,M
FAPE,2026-08-11 13:00,60.80,46.40,59.02,100.00,14.00,0.00,30.65,M,6.21,M,FEW,M,M,M,3500.00,M,M,M,M,M,M,M,M,M,M,60.80,FAPE 111300Z 10014KT 9999 FEW035 16/08 Q1038 NOSIG,M
FAPE,2026-08-11 14:00,59.00,46.40,62.93,100.00,13.00,0.00,30.68,M,6.21,M,FEW,M,M,M,3500.00,M,M,M,M,M,M,M,M,M,M,59.00,FAPE 111400Z 10013KT 9999 FEW035 15/08 Q1039 TEMPO 09015G25KT,M
FAPE,2026-08-11 15:00,59.00,44.60,58.78,90.00,12.00,0.00,30.68,M,6.21,M,FEW,M,M,M,3800.00,M,M,M,M,M,M,M,M,M,M,59.00,FAPE 111500Z 09012KT 9999 FEW038 15/07 Q1039 NOSIG,M
FAPE,2026-08-11 16:00,57.20,44.60,62.70,90.00,9.00,0.00,30.68,M,6.21,M,FEW,M,M,M,3800.00,M,M,M,M,M,M,M,M,M,M,57.20,FAPE 111600Z 09009KT 9999 FEW038 14/07 Q1039 NOSIG,M
FAPE,2026-08-11 17:00,57.20,46.40,67.13,80.00,11.00,0.00,30.71,M,6.21,M,M,M,M,M,M,M,M,M,M,M,M,M,M,M,M,57.20,FAPE 111700Z 08011KT CAVOK 14/08 Q1040 NOSIG,M
FAPE,2026-08-11 18:00,53.60,50.00,87.56,90.00,7.00,0.00,30.74,M,6.21,M,FEW,SCT,M,M,1500.00,3500.00,M,M,M,M,M,M,M,M,M,53.60,FAPE 111800Z 09007KT 9999 FEW015 SCT035 12/10 Q1041 NOSIG,M
FAPE,2026-08-11 18:22,57.20,51.80,82.13,80.00,11.00,0.00,30.74,M,6.21,M,SCT,M,M,M,4000.00,M,M,M,M,M,M,M,M,M,M,57.20,FAPE 111822Z 08011KT 9999 SCT040 14/11 Q1041 NOSIG,M
FAPE,2026-08-11 19:00,55.40,51.80,87.65,80.00,9.00,0.00,30.74,M,6.21,M,BKN,M,M,M,4300.00,M,M,M,M,M,M,M,M,M,M,55.40,FAPE 111900Z 08009KT 9999 BKN043 13/11 Q1041 NOSIG,M
FAPE,2026-08-11 20:00,55.40,51.80,87.65,90.00,9.00,0.00,30.74,M,6.21,M,BKN,M,M,M,4000.00,M,M,M,M,M,M,M,M,M,M,55.40,FAPE 112000Z 09009KT 9999 BKN040 13/11 Q1041 NOSIG,M
FAPE,2026-08-11 21:00,55.40,55.40,100.00,50.00,8.00,0.00,30.71,M,6.21,M,FEW,SCT,BKN,M,1200.00,2500.00,4000.00,M,-RA,M,M,M,M,M,M,55.40,FAPE 112100Z 05008KT 9999 -RA FEW012 SCT025 BKN040 13/13 Q1040 NOSIG,M
FAPE,2026-08-11 22:00,55.40,53.60,93.65,50.00,5.00,0.00,30.71,M,6.21,M,BKN,M,M,M,3500.00,M,M,M,M,M,M,M,M,M,M,55.40,FAPE 112200Z 05005KT 9999 BKN035 13/12 Q1040 NOSIG,M
FAPE,2026-08-11 23:00,55.40,53.60,93.65,40.00,6.00,0.00,30.71,M,6.21,M,BKN,M,M,M,3500.00,M,M,M,M,M,M,M,M,M,M,55.40,FAPE 112300Z 04006KT 9999 BKN035 13/12 Q1040 NOSIG,M
FAPE,2026-08-12 00:00,57.20,53.60,87.75,80.00,11.00,0.00,30.71,M,6.21,M,BKN,M,M,M,3500.00,M,M,M,M,M,M,M,M,M,M,57.20,FAPE 120000Z 08011KT 9999 BKN035 14/12 Q1040 NOSIG,M
FAPE,2026-08-12 01:00,59.00,51.80,76.99,80.00,13.00,0.00,30.68,M,6.21,M,BKN,M,M,M,3900.00,M,M,M,M,M,M,M,M,M,M,59.00,FAPE 120100Z 08013KT 9999 BKN039 15/11 Q1039 NOSIG,M
FAPE,2026-08-12 02:00,59.00,51.80,76.99,70.00,10.00,0.00,30.68,M,6.21,M,BKN,M,M,M,3500.00,M,M,M,M,M,M,M,M,M,M,59.00,FAPE 120200Z 07010KT 9999 BKN035 15/11 Q1039 NOSIG,M
FAPE,2026-08-12 03:00,57.20,51.80,82.13,40.00,10.00,0.00,30.68,M,6.21,M,FEW,M,M,M,3500.00,M,M,M,M,M,M,M,M,M,M,57.20,FAPE 120300Z 04010KT 9999 FEW035 14/11 Q1039 NOSIG,M
FAPE,2026-08-12 04:00,55.40,51.80,87.65,30.00,7.00,0.00,30.68,M,6.21,M,FEW,M,M,M,3000.00,M,M,M,M,M,M,M,M,M,M,55.40,FAPE 120400Z 03007KT 9999 FEW030 13/11 Q1039 NOSIG,M
FAPE,2026-08-12 05:00,55.40,51.80,87.65,50.00,8.00,0.00,30.68,M,6.21,M,FEW,BKN,M,M,3000.00,3500.00,M,M,M,M,M,M,M,M,M,55.40,COR FAPE 120500Z 05008KT 9999 FEW030 BKN035 13/11 Q1039 NOSIG,M
FAPE,2026-08-12 06:00,57.20,51.80,82.13,70.00,11.00,0.00,30.68,M,6.21,M,FEW,M,M,M,4500.00,M,M,M,M,M,M,M,M,M,M,57.20,FAPE 120600Z 07011KT 9999 FEW045 14/11 Q1039 NOSIG,M
FAPE,2026-08-12 07:00,59.00,53.60,82.26,60.00,11.00,0.00,30.68,M,6.21,M,FEW,M,M,M,4500.00,M,M,M,M,M,M,M,M,M,M,59.00,FAPE 120700Z 06011KT 9999 FEW045 15/12 Q1039 NOSIG,M
FAPE,2026-08-12 08:00,60.80,50.00,67.55,50.00,12.00,0.00,30.68,M,6.21,M,M,M,M,M,M,M,M,M,M,M,M,M,M,M,M,60.80,FAPE 120800Z 05012KT CAVOK 16/10 Q1039 NOSIG,M
FAPE,2026-08-12 09:00,60.80,51.80,72.21,60.00,12.00,0.00,30.68,M,6.21,M,FEW,M,M,M,3500.00,M,M,M,M,M,M,M,M,M,M,60.80,FAPE 120900Z 06012KT 9999 FEW035 16/11 Q1039 NOSIG,M
FAPE,2026-08-12 10:00,64.40,53.60,67.97,70.00,14.00,0.00,30.68,M,6.21,M,FEW,M,M,M,3000.00,M,M,M,M,M,M,M,M,M,M,64.40,FAPE 121000Z 07014KT 9999 FEW030 18/12 Q1039 NOSIG,M
FAPE,2026-08-12 10:39,64.40,53.60,67.97,70.00,16.00,0.00,30.65,M,6.21,27.00,M,M,M,M,M,M,M,M,M,M,M,M,M,M,M,64.40,FAPE 121039Z 07016G27KT CAVOK 18/12 Q1038 NOSIG,M
FAPE,2026-08-12 11:00,64.40,53.60,67.97,80.00,18.00,0.00,30.62,M,6.21,M,M,M,M,M,M,M,M,M,M,M,M,M,M,M,M,64.40,FAPE 121100Z 08018KT CAVOK 18/12 Q1037 NOSIG,M
FAPE,2026-08-12 11:17,64.40,53.60,67.97,80.00,20.00,0.00,30.62,M,6.21,31.00,M,M,M,M,M,M,M,M,M,M,M,M,M,M,M,64.40,FAPE 121117Z 08020G31KT CAVOK 18/12 Q1037 NOSIG,M
FAPE,2026-08-12 12:00,62.60,53.60,72.40,80.00,19.00,0.00,30.59,M,6.21,M,FEW,M,M,M,3000.00,M,M,M,M,M,M,M,M,M,M,62.60,FAPE 121200Z 08019KT 9999 FEW030 17/12 Q1036 NOSIG,M
FAPE,2026-08-12 12:08,62.60,53.60,72.40,80.00,18.00,0.00,30.59,M,6.21,28.00,FEW,M,M,M,3000.00,M,M,M,M,M,M,M,M,M,M,62.60,FAPE 121208Z 08018G28KT 9999 FEW030 17/12 Q1036 NOSIG,M
FAPE,2026-08-12 13:00,62.60,53.60,72.40,80.00,18.00,0.00,30.59,M,6.21,M,FEW,M,M,M,2000.00,M,M,M,M,M,M,M,M,M,M,62.60,FAPE 121300Z 08018KT 9999 FEW020 17/12 Q1036 NOSIG,M
FAPE,2026-08-12 14:00,62.60,53.60,72.40,80.00,18.00,0.00,30.56,M,6.21,M,FEW,M,M,M,2000.00,M,M,M,M,M,M,M,M,M,M,62.60,FAPE 121400Z 08018KT 9999 FEW020 17/12 Q1035 NOSIG,M
FAPE,2026-08-12 14:36,60.80,53.60,77.15,80.00,18.00,0.00,30.56,M,6.21,29.00,FEW,M,M,M,2000.00,M,M,M,M,M,M,M,M,M,M,60.80,FAPE 121436Z 08018G29KT 9999 FEW020 16/12 Q1035 NOSIG,M
FAPE,2026-08-12 15:00,60.80,53.60,77.15,80.00,16.00,0.00,30.56,M,6.21,26.00,FEW,M,M,M,2000.00,M,M,M,M,M,M,M,M,M,M,60.80,FAPE 121500Z 08016G26KT 9999 FEW020 16/12 Q1035 NOSIG,M
FAPE,2026-08-12 16:00,60.80,53.60,77.15,80.00,17.00,0.00,30.56,M,6.21,M,M,M,M,M,M,M,M,M,M,M,M,M,M,M,M,60.80,FAPE 121600Z 08017KT 040V100 CAVOK 16/12 Q1035 NOSIG,M
FAPE,2026-08-12 17:00,59.00,53.60,82.26,70.00,17.00,0.00,30.56,M,6.21,M,M,M,M,M,M,M,M,M,M,M,M,M,M,M,M,59.00,FAPE 121700Z 07017KT CAVOK 15/12 Q1035 NOSIG,M
FAPE,2026-08-12 18:00,59.00,55.40,87.84,80.00,16.00,0.00,30.56,M,6.21,M,M,M,M,M,M,M,M,M,M,M,M,M,M,M,M,59.00,FAPE 121800Z 08016KT CAVOK 15/13 Q1035 NOSIG,M
FAPE,2026-08-12 18:33,59.00,53.60,82.26,70.00,16.00,0.00,30.56,M,6.21,26.00,M,M,M,M,M,M,M,M,M,M,M,M,M,M,M,59.00,FAPE 121833Z 07016G26KT CAVOK 15/12 Q1035 NOSIG,M
FAPE,2026-08-12 19:00,59.00,53.60,82.26,70.00,17.00,0.00,30.56,M,6.21,M,M,M,M,M,M,M,M,M,M,M,M,M,M,M,M,59.00,FAPE 121900Z 07017KT CAVOK 15/12 Q1035 NOSIG,M
FAPE,2026-08-12 20:00,59.00,53.60,82.26,70.00,15.00,0.00,30.56,M,6.21,M,M,M,M,M,M,M,M,M,M,M,M,M,M,M,M,59.00,FAPE 122000Z 07015KT CAVOK 15/12 Q1035 NOSIG,M
FAPE,2026-08-12 21:00,59.00,53.60,82.26,70.00,14.00,0.00,30.56,M,6.21,M,M,M,M,M,M,M,M,M,M,M,M,M,M,M,M,59.00,FAPE 122100Z 07014KT CAVOK 15/12 Q1035 NOSIG,M
FAPE,2026-08-12 22:00,59.00,53.60,82.26,70.00,12.00,0.00,30.53,M,6.21,M,M,M,M,M,M,M,M,M,M,M,M,M,M,M,M,59.00,FAPE 122200Z 07012KT CAVOK 15/12 Q1034 NOSIG,M
FAPE,2026-08-12 23:00,57.20,51.80,82.13,70.00,11.00,0.00,30.50,M,6.21,M,M,M,M,M,M,M,M,M,M,M,M,M,M,M,M,57.20,FAPE 122300Z 07011KT CAVOK 14/11 Q1033 NOSIG,M
FAPE,2026-08-13 00:00,59.00,50.00,72.02,60.00,13.00,0.00,30.50,M,6.21,M,M,M,M,M,M,M,M,M,M,M,M,M,M,M,M,59.00,FAPE 130000Z 06013KT CAVOK 15/10 Q1033 NOSIG,M
FAPE,2026-08-13 01:00,57.20,51.80,82.13,60.00,11.00,0.00,30.47,M,6.21,M,M,M,M,M,M,M,M,M,M,M,M,M,M,M,M,57.20,FAPE 130100Z 06011KT CAVOK 14/11 Q1032 NOSIG,M
FAPE,2026-08-13 02:00,57.20,51.80,82.13,70.00,14.00,0.00,30.47,M,6.21,M,M,M,M,M,M,M,M,M,M,M,M,M,M,M,M,57.20,FAPE 130200Z 07014KT CAVOK 14/11 Q1032 NOSIG,M
FAPE,2026-08-13 03:00,57.20,51.80,82.13,70.00,13.00,0.00,30.47,M,6.21,M,M,M,M,M,M,M,M,M,M,M,M,M,M,M,M,57.20,FAPE 130300Z 07013KT CAVOK 14/11 Q1032 NOSIG,M
FAPE,2026-08-13 04:00,57.20,50.00,76.83,60.00,11.00,0.00,30.47,M,6.21,M,M,M,M,M,M,M,M,M,M,M,M,M,M,M,M,57.20,FAPE 130400Z 06011KT CAVOK 14/10 Q1032 NOSIG,M
FAPE,2026-08-13 05:00,55.40,50.00,82.00,60.00,10.00,0.00,30.47,M,6.21,M,M,M,M,M,M,M,M,M,M,M,M,M,M,M,M,55.40,FAPE 130500Z 06010KT CAVOK 13/10 Q1032 NOSIG,M
FAPE,2026-08-13 06:00,57.20,50.00,76.83,50.00,9.00,0.00,30.50,M,6.21,M,M,M,M,M,M,M,M,M,M,M,M,M,M,M,M,57.20,FAPE 130600Z 05009KT CAVOK 14/10 Q1033 NOSIG,M
FAPE,2026-08-13 07:00,59.00,51.80,76.99,50.00,11.00,0.00,30.47,M,6.21,M,M,M,M,M,M,M,M,M,M,M,M,M,M,M,M,59.00,FAPE 130700Z 05011KT CAVOK 15/11 Q1032 NOSIG,M
FAPE,2026-08-13 08:00,60.80,51.80,72.21,40.00,12.00,0.00,30.47,M,6.21,M,M,M,M,M,M,M,M,M,M,M,M,M,M,M,M,60.80,FAPE 130800Z 04012KT CAVOK 16/11 Q1032 NOSIG,M
FAPE,2026-08-13 09:00,60.80,53.60,77.15,40.00,15.00,0.00,30.45,M,6.21,M,M,M,M,M,M,M,M,M,M,M,M,M,M,M,M,60.80,FAPE 130900Z 04015KT CAVOK 16/12 Q1031 NOSIG,M
FAPE,2026-08-13 10:00,62.60,53.60,72.40,50.00,9.00,0.00,30.45,M,6.21,M,M,M,M,M,M,M,M,M,M,M,M,M,M,M,M,62.60,FAPE 131000Z 05009KT CAVOK 17/12 Q1031 NOSIG,M
FAPE,2026-08-13 11:00,64.40,53.60,67.97,40.00,10.00,0.00,30.39,M,6.21,M,M,M,M,M,M,M,M,M,M,M,M,M,M,M,M,64.40,FAPE 131100Z 04010KT CAVOK 18/12 Q1029 NOSIG,M
FAPE,2026-08-13 12:00,66.20,53.60,63.85,50.00,10.00,0.00,30.36,M,6.21,M,M,M,M,M,M,M,M,M,M,M,M,M,M,M,M,66.20,FAPE 131200Z 05010KT CAVOK 19/12 Q1028 NOSIG,M
FAPE,2026-08-13 13:00,66.20,51.80,59.76,70.00,12.00,0.00,30.33,M,6.21,M,M,M,M,M,M,M,M,M,M,M,M,M,M,M,M,66.20,FAPE 131300Z 07012KT CAVOK 19/11 Q1027 NOSIG,M
FAPE,2026-08-13 14:00,64.40,53.60,67.97,80.00,12.00,0.00,30.33,M,6.21,M,M,M,M,M,M,M,M,M,M,M,M,M,M,M,M,64.40,FAPE 131400Z 08012KT CAVOK 18/12 Q1027 NOSIG,M
FAPE,2026-08-13 15:00,62.60,53.60,72.40,80.00,13.00,0.00,30.30,M,6.21,M,M,M,M,M,M,M,M,M,M,M,M,M,M,M,M,62.60,FAPE 131500Z 08013KT CAVOK 17/12 Q1026 NOSIG,M
FAPE,2026-08-13 16:00,62.60,53.60,72.40,80.00,13.00,0.00,30.30,M,6.21,M,M,M,M,M,M,M,M,M,M,M,M,M,M,M,M,62.60,FAPE 131600Z 08013KT CAVOK 17/12 Q1026 NOSIG,M
FAPE,2026-08-13 17:00,60.80,53.60,77.15,80.00,10.00,0.00,30.30,M,6.21,M,M,M,M,M,M,M,M,M,M,M,M,M,M,M,M,60.80,FAPE 131700Z 08010KT CAVOK 16/12 Q1026 NOSIG,M
FAPE,2026-08-13 18:00,60.80,53.60,77.15,80.00,6.00,0.00,30.33,M,6.21,M,M,M,M,M,M,M,M,M,M,M,M,M,M,M,M,60.80,FAPE 131800Z 08006KT 030V130 CAVOK 16/12 Q1027 NOSIG,M
FAPE,2026-08-13 19:00,59.00,55.40,87.84,60.00,7.00,0.00,30.33,M,6.21,M,M,M,M,M,M,M,M,M,M,M,M,M,M,M,M,59.00,FAPE 131900Z 06007KT CAVOK 15/13 Q1027 NOSIG,M
FAPE,2026-08-13 20:00,59.00,53.60,82.26,60.00,8.00,0.00,30.30,M,6.21,M,M,M,M,M,M,M,M,M,M,M,M,M,M,M,M,59.00,FAPE 132000Z 06008KT CAVOK 15/12 Q1026 NOSIG,M
FAPE,2026-08-13 21:00,57.20,53.60,87.75,40.00,6.00,0.00,30.30,M,6.21,M,M,M,M,M,M,M,M,M,M,M,M,M,M,M,M,57.20,FAPE 132100Z 04006KT 360V060 CAVOK 14/12 Q1026 NOSIG,M
FAPE,2026-08-13 22:00,55.40,53.60,93.65,30.00,6.00,0.00,30.30,M,6.21,M,M,M,M,M,M,M,M,M,M,M,M,M,M,M,M,55.40,FAPE 132200Z 03006KT CAVOK 13/12 Q1026 NOSIG,M
FAPE,2026-08-13 23:00,55.40,55.40,100.00,10.00,4.00,0.00,30.27,M,6.21,M,M,M,M,M,M,M,M,M,M,M,M,M,M,M,M,55.40,FAPE 132300Z 01004KT CAVOK 13/13 Q1025 NOSIG,M
FAPE,2026-08-14 00:00,53.60,53.60,100.00,20.00,4.00,0.00,30.27,M,6.21,M,M,M,M,M,M,M,M,M,M,M,M,M,M,M,M,53.60,FAPE 140000Z 02004KT CAVOK 12/12 Q1025 NOSIG,M
FAPE,2026-08-14 01:00,53.60,53.60,100.00,350.00,4.00,0.00,30.24,M,6.21,M,M,M,M,M,M,M,M,M,M,M,M,M,M,M,M,53.60,FAPE 140100Z 35004KT CAVOK 12/12 Q1024 NOSIG,M
FAPE,2026-08-14 02:00,53.60,51.80,93.60,10.00,7.00,0.00,30.24,M,6.21,M,M,M,M,M,M,M,M,M,M,M,M,M,M,M,M,53.60,FAPE 140200Z 01007KT CAVOK 12/11 Q1024 NOSIG,M
FAPE,2026-08-14 03:00,51.80,50.00,93.55,10.00,6.00,0.00,30.21,M,6.21,M,M,M,M,M,M,M,M,M,M,M,M,M,M,M,M,51.80,FAPE 140300Z 01006KT CAVOK 11/10 Q1023 NOSIG,M
FAPE,2026-08-14 04:00,51.80,50.00,93.55,40.00,3.00,0.00,30.21,M,6.21,M,M,M,M,M,M,M,M,M,M,M,M,M,M,M,M,51.80,FAPE 140400Z 04003KT CAVOK 11/10 Q1023 NOSIG,M
FAPE,2026-08-14 05:00,51.80,50.00,93.55,40.00,2.00,0.00,30.21,M,4.97,M,NSC,M,M,M,M,M,M,M,M,M,M,M,M,M,M,51.80,FAPE 140500Z 04002KT 8000 NSC 11/10 Q1023 NOSIG,M
FAPE,2026-08-14 05:55,55.40,53.60,93.65,20.00,5.00,0.00,30.21,M,6.21,M,M,M,M,M,M,M,M,M,M,M,M,M,M,M,M,55.40,FAPE 140555Z 02005KT CAVOK 13/12 Q1023 NOSIG,M
FAPE,2026-08-14 06:00,55.40,53.60,93.65,20.00,5.00,0.00,30.21,M,6.21,M,M,M,M,M,M,M,M,M,M,M,M,M,M,M,M,55.40,FAPE 140600Z 02005KT CAVOK 13/12 Q1023 NOSIG,M
FAPE,2026-08-14 07:00,59.00,53.60,82.26,30.00,5.00,0.00,30.21,M,6.21,M,M,M,M,M,M,M,M,M,M,M,M,M,M,M,M,59.00,FAPE 140700Z 03005KT CAVOK 15/12 Q1023 NOSIG,M
FAPE,2026-08-14 08:00,64.40,53.60,67.97,20.00,6.00,0.00,30.21,M,6.21,M,M,M,M,M,M,M,M,M,M,M,M,M,M,M,M,64.40,FAPE 140800Z 02006KT CAVOK 18/12 Q1023 NOSIG,M
FAPE,2026-08-14 08:22,68.00,53.60,60.00,30.00,7.00,0.00,30.21,M,6.21,M,M,M,M,M,M,M,M,M,M,M,M,M,M,M,M,68.00,FAPE 140822Z 03007KT CAVOK 20/12 Q1023 NOSIG,M
FAPE,2026-08-14 08:54,71.60,53.60,53.07,20.00,6.00,0.00,30.21,M,6.21,M,FEW,M,M,M,500.00,M,M,M,M,M,M,M,M,M,M,71.60,FAPE 140854Z 02006KT 9999 FEW005 22/12 Q1023 NOSIG,M
FAPE,2026-08-14 09:00,71.60,53.60,53.07,20.00,6.00,0.00,30.21,M,6.21,M,M,M,M,M,M,M,M,M,M,M,M,M,M,M,M,71.60,FAPE 140900Z 02006KT CAVOK 22/12 Q1023 NOSIG,M
FAPE,2026-08-14 09:48,75.20,57.20,53.60,40.00,7.00,0.00,30.18,M,6.21,M,M,M,M,M,M,M,M,M,M,M,M,M,M,M,M,75.20,FAPE 140948Z 04007KT CAVOK 24/14 Q1022 NOSIG,M
FAPE,2026-08-14 10:00,75.20,55.40,50.22,40.00,7.00,0.00,30.18,M,6.21,M,M,M,M,M,M,M,M,M,M,M,M,M,M,M,M,75.20,FAPE 141000Z 04007KT CAVOK 24/13 Q1022 NOSIG,M
FAPE,2026-08-14 10:11,78.80,51.80,39.08,10.00,8.00,0.00,30.18,M,6.21,M,M,M,M,M,M,M,M,M,M,M,M,M,M,M,M,78.80,FAPE 141011Z 01008KT CAVOK 26/11 Q1022 NOSIG,M
FAPE,2026-08-14 11:00,78.80,50.00,36.56,360.00,12.00,0.00,30.15,M,6.21,M,M,M,M,M,M,M,M,M,M,M,M,M,M,M,M,78.80,FAPE 141100Z 36012KT CAVOK 26/10 Q1021 NOSIG,M
FAPE,2026-08-14 12:00,80.60,51.80,36.84,360.00,8.00,0.00,30.12,M,6.21,M,M,M,M,M,M,M,M,M,M,M,M,M,M,M,M,80.08,FAPE 141200Z 36008KT 320V030 CAVOK 27/11 Q1020 NOSIG,M
FAPE,2026-08-14 13:00,80.60,53.60,39.36,10.00,6.00,0.00,30.12,M,6.21,M,M,M,M,M,M,M,M,M,M,M,M,M,M,M,M,80.30,FAPE 141300Z 01006KT 340V040 CAVOK 27/12 Q1020 NOSIG,M
FAPE,2026-08-14 14:00,73.40,57.20,56.92,90.00,4.00,0.00,30.12,M,6.21,M,M,M,M,M,M,M,M,M,M,M,M,M,M,M,M,73.40,FAPE 141400Z 09004KT CAVOK 23/14 Q1020 NOSIG,M
FAPE,2026-08-14 15:00,66.20,55.40,68.18,70.00,5.00,0.00,30.12,M,6.21,M,M,M,M,M,M,M,M,M,M,M,M,M,M,M,M,66.20,FAPE 141500Z 07005KT CAVOK 19/13 Q1020 NOSIG,M
FAPE,2026-08-14 16:00,62.60,53.60,72.40,50.00,3.00,0.00,30.12,M,6.21,M,M,M,M,M,M,M,M,M,M,M,M,M,M,M,M,62.60,FAPE 141600Z 05003KT CAVOK 17/12 Q1020 NOSIG,M
FAPE,2026-08-14 17:00,64.40,53.60,67.97,360.00,3.00,0.00,30.15,M,6.21,M,M,M,M,M,M,M,M,M,M,M,M,M,M,M,M,64.40,FAPE 141700Z 36003KT 300V040 CAVOK 18/12 Q1021 NOSIG,M
FAPE,2026-08-14 18:00,59.00,53.60,82.26,260.00,5.00,0.00,30.15,M,6.21,M,M,M,M,M,M,M,M,M,M,M,M,M,M,M,M,59.00,FAPE 141800Z 26005KT CAVOK 15/12 Q1021 NOSIG,M
FAPE,2026-08-14 19:00,60.80,55.40,82.38,240.00,12.00,0.00,30.21,M,6.21,M,M,M,M,M,M,M,M,M,M,M,M,M,M,M,M,60.80,FAPE 141900Z 24012KT CAVOK 16/13 Q1023 NOSIG,M
FAPE,2026-08-14 21:00,60.80,59.00,93.79,250.00,16.00,0.00,30.21,M,6.21,M,FEW,M,M,M,700.00,M,M,M,M,M,M,M,M,M,M,60.80,FAPE 142100Z 25016KT 9999 FEW007 16/15 Q1023 NOSIG,M
FAPE,2026-08-14 22:00,60.80,59.00,93.79,260.00,10.00,0.00,30.21,M,6.21,M,M,M,M,M,M,M,M,M,M,M,M,M,M,M,M,60.80,FAPE 142200Z 26010KT CAVOK 16/15 Q1023 NOSIG,M
FAPE,2026-08-15 00:00,59.00,55.40,87.84,240.00,16.00,0.00,30.24,M,6.21,M,M,M,M,M,M,M,M,M,M,M,M,M,M,M,M,59.00,FAPE 150000Z 24016KT CAVOK 15/13 Q1024 NOSIG,M
FAPE,2026-08-15 01:00,57.20,55.40,93.70,240.00,16.00,0.00,30.21,M,6.21,M,M,M,M,M,M,M,M,M,M,M,M,M,M,M,M,57.20,FAPE 150100Z 24016KT CAVOK 14/13 Q1023 NOSIG,M
FAPE,2026-08-15 02:00,57.20,53.60,87.75,250.00,12.00,0.00,30.21,M,6.21,M,M,M,M,M,M,M,M,M,M,M,M,M,M,M,M,57.20,FAPE 150200Z 25012KT CAVOK 14/12 Q1023 NOSIG,M
FAPE,2026-08-15 03:00,57.20,55.40,93.70,240.00,13.00,0.00,30.24,M,6.21,M,M,M,M,M,M,M,M,M,M,M,M,M,M,M,M,57.20,FAPE 150300Z 24013KT CAVOK 14/13 Q1024 NOSIG,M
FAPE,2026-08-15 04:00,57.20,55.40,93.70,250.00,11.00,0.00,30.27,M,6.21,M,M,M,M,M,M,M,M,M,M,M,M,M,M,M,M,57.20,FAPE 150400Z 25011KT CAVOK 14/13 Q1025 NOSIG,M
FAPE,2026-08-15 05:00,57.20,53.60,87.75,250.00,10.00,0.00,30.27,M,6.21,M,M,M,M,M,M,M,M,M,M,M,M,M,M,M,M,57.20,FAPE 150500Z 25010KT CAVOK 14/12 Q1025 NOSIG,M
FAPE,2026-08-15 06:00,57.20,55.40,93.70,330.00,3.00,0.00,30.27,M,6.21,M,M,M,M,M,M,M,M,M,M,M,M,M,M,M,M,57.20,FAPE 150600Z 33003KT 270V010 CAVOK 14/13 Q1025 NOSIG,M
FAPE,2026-08-15 06:53,62.60,55.40,77.31,330.00,4.00,0.00,30.27,M,6.21,M,M,M,M,M,M,M,M,M,M,M,M,M,M,M,M,62.60,FAPE 150653Z 33004KT CAVOK 17/13 Q1025 NOSIG,M
FAPE,2026-08-15 07:00,62.60,55.40,77.31,320.00,4.00,0.00,30.27,M,6.21,M,M,M,M,M,M,M,M,M,M,M,M,M,M,M,M,62.60,FAPE 150700Z 32004KT CAVOK 17/13 Q1025 NOSIG,M
FAPE,2026-08-15 08:00,64.40,55.40,72.58,10.00,6.00,0.00,30.27,M,6.21,M,FEW,M,M,M,1700.00,M,M,M,M,M,M,M,M,M,M,64.40,FAPE 150800Z 01006KT 340V040 9999 FEW017 18/13 Q1025 NOSIG,M
FAPE,2026-08-15 09:00,66.20,57.20,72.76,30.00,6.00,0.00,30.27,M,6.21,M,FEW,M,M,M,1500.00,M,M,M,M,M,M,M,M,M,M,66.20,FAPE 150900Z 03006KT 360V060 9999 FEW015 19/14 Q1025 NOSIG,M
FAPE,2026-08-15 10:00,68.00,57.20,68.38,40.00,5.00,0.00,30.24,M,6.21,M,M,M,M,M,M,M,M,M,M,M,M,M,M,M,M,68.00,FAPE 151000Z 04005KT 360V060 CAVOK 20/14 Q1024 NOSIG,M
FAPE,2026-08-15 11:00,68.00,57.20,68.38,60.00,6.00,0.00,30.21,M,6.21,M,M,M,M,M,M,M,M,M,M,M,M,M,M,M,M,68.00,FAPE 151100Z 06006KT 030V100 CAVOK 20/14 Q1023 NOSIG,M
FAPE,2026-08-15 12:00,68.00,57.20,68.38,90.00,7.00,0.00,30.18,M,6.21,M,M,M,M,M,M,M,M,M,M,M,M,M,M,M,M,68.00,FAPE 151200Z 09007KT 040V120 CAVOK 20/14 Q1022 NOSIG,M
FAPE,2026-08-15 13:00,68.00,57.20,68.38,100.00,7.00,0.00,30.18,M,6.21,M,M,M,M,M,M,M,M,M,M,M,M,M,M,M,M,68.00,FAPE 151300Z 10007KT 070V130 CAVOK 20/14 Q1022 NOSIG,M
FAPE,2026-08-15 14:00,66.20,57.20,72.76,90.00,9.00,0.00,30.15,M,6.21,M,M,M,M,M,M,M,M,M,M,M,M,M,M,M,M,66.20,FAPE 151400Z 09009KT CAVOK 19/14 Q1021 NOSIG,M
FAPE,2026-08-15 15:00,62.60,57.20,82.51,70.00,7.00,0.00,30.15,M,6.21,M,M,M,M,M,M,M,M,M,M,M,M,M,M,M,M,62.60,FAPE 151500Z 07007KT CAVOK 17/14 Q1021 NOSIG,M
FAPE,2026-08-15 16:00,59.00,57.20,93.74,60.00,6.00,0.00,30.15,M,6.21,M,M,M,M,M,M,M,M,M,M,M,M,M,M,M,M,59.00,FAPE 151600Z 06006KT CAVOK 15/14 Q1021 NOSIG,M
FAPE,2026-08-15 17:00,59.00,57.20,93.74,40.00,5.00,0.00,30.15,M,6.21,M,M,M,M,M,M,M,M,M,M,M,M,M,M,M,M,59.00,FAPE 151700Z 04005KT CAVOK 15/14 Q1021 NOSIG,M
FAPE,2026-08-15 18:00,59.00,57.20,93.74,50.00,5.00,0.00,30.15,M,6.21,M,M,M,M,M,M,M,M,M,M,M,M,M,M,M,M,59.00,FAPE 151800Z 05005KT CAVOK 15/14 Q1021 NOSIG,M
FAPE,2026-08-15 19:00,59.00,59.00,100.00,40.00,4.00,0.00,30.15,M,6.21,M,FEW,M,M,M,4000.00,M,M,M,M,M,M,M,M,M,M,59.00,FAPE 151900Z 04004KT 9999 FEW040 15/15 Q1021 NOSIG,M
FAPE,2026-08-15 22:00,59.00,57.20,93.74,360.00,5.00,0.00,30.09,M,6.21,M,M,M,M,M,M,M,M,M,M,M,M,M,M,M,M,59.00,FAPE 152200Z 36005KT CAVOK 15/14 Q1019 NOSIG,M
FAPE,2026-08-15 23:00,59.00,57.20,93.74,340.00,5.00,0.00,30.09,M,6.21,M,M,M,M,M,M,M,M,M,M,M,M,M,M,M,M,59.00,FAPE 152300Z 34005KT CAVOK 15/14 Q1019 NOSIG,M
FAPE,2026-08-16 00:00,59.00,57.20,93.74,10.00,8.00,0.00,30.06,M,6.21,M,M,M,M,M,M,M,M,M,M,M,M,M,M,M,M,59.00,FAPE 160000Z 01008KT CAVOK 15/14 Q1018 NOSIG,M
FAPE,2026-08-16 01:00,59.00,55.40,87.84,10.00,5.00,0.00,30.06,M,6.21,M,M,M,M,M,M,M,M,M,M,M,M,M,M,M,M,59.00,FAPE 160100Z 01005KT CAVOK 15/13 Q1018 NOSIG,M
FAPE,2026-08-16 02:00,60.80,55.40,82.38,330.00,4.00,0.00,30.03,M,6.21,M,M,M,M,M,M,M,M,M,M,M,M,M,M,M,M,60.80,FAPE 160200Z 33004KT CAVOK 16/13 Q1017 NOSIG,M
FAPE,2026-08-16 03:00,57.20,53.60,87.75,330.00,6.00,0.00,30.03,M,6.21,M,M,M,M,M,M,M,M,M,M,M,M,M,M,M,M,57.20,FAPE 160300Z 33006KT CAVOK 14/12 Q1017 NOSIG,M
FAPE,2026-08-16 04:00,55.40,53.60,93.65,330.00,4.00,0.00,30.06,M,6.21,M,M,M,M,M,M,M,M,M,M,M,M,M,M,M,M,55.40,FAPE 160400Z 33004KT CAVOK 13/12 Q1018 NOSIG,M
FAPE,2026-08-16 05:00,55.40,53.60,93.65,10.00,5.00,0.00,30.06,M,6.21,M,M,M,M,M,M,M,M,M,M,M,M,M,M,M,M,55.40,FAPE 160500Z 01005KT CAVOK 13/12 Q1018 NOSIG,M
FAPE,2026-08-16 05:23,60.80,50.00,67.55,360.00,6.00,0.00,30.06,M,6.21,M,M,M,M,M,M,M,M,M,M,M,M,M,M,M,M,60.80,FAPE 160523Z 36006KT 340V040 CAVOK 16/10 Q1018 NOSIG,M
FAPE,2026-08-16 06:00,60.80,50.00,67.55,330.00,5.00,0.00,30.06,M,6.21,M,M,M,M,M,M,M,M,M,M,M,M,M,M,M,M,60.80,FAPE 160600Z 33005KT 300V360 CAVOK 16/10 Q1018 NOSIG,M
FAPE,2026-08-16 06:53,68.00,50.00,52.54,350.00,5.00,0.00,30.06,M,6.21,M,M,M,M,M,M,M,M,M,M,M,M,M,M,M,M,68.00,FAPE 160653Z 35005KT CAVOK 20/10 Q1018 NOSIG,M
FAPE,2026-08-16 07:00,68.00,50.00,52.54,350.00,5.00,0.00,30.06,M,6.21,M,M,M,M,M,M,M,M,M,M,M,M,M,M,M,M,68.00,FAPE 160700Z 35005KT CAVOK 20/10 Q1018 NOSIG,M
FAPE,2026-08-16 07:41,73.40,53.60,49.95,350.00,5.00,0.00,30.06,M,6.21,M,M,M,M,M,M,M,M,M,M,M,M,M,M,M,M,73.40,FAPE 160741Z 35005KT CAVOK 23/12 Q1018 NOSIG,M
FAPE,2026-08-16 08:00,73.40,55.40,53.33,360.00,6.00,0.00,30.06,M,6.21,M,M,M,M,M,M,M,M,M,M,M,M,M,M,M,M,73.40,FAPE 160800Z 36006KT CAVOK 23/13 Q1018 NOSIG,M
FAPE,2026-08-16 08:12,77.00,53.60,44.30,350.00,6.00,0.00,30.06,M,6.21,M,M,M,M,M,M,M,M,M,M,M,M,M,M,M,M,77.00,FAPE 160812Z 35006KT CAVOK 25/12 Q1018 NOSIG,M
FAPE,2026-08-16 08:57,78.80,53.60,41.75,350.00,7.00,0.00,30.06,M,6.21,M,M,M,M,M,M,M,M,M,M,M,M,M,M,M,M,78.80,FAPE 160857Z 35007KT CAVOK 26/12 Q1018 NOSIG,M
FAPE,2026-08-16 09:00,78.80,53.60,41.75,350.00,7.00,0.00,30.06,M,6.21,M,M,M,M,M,M,M,M,M,M,M,M,M,M,M,M,78.80,FAPE 160900Z 35007KT CAVOK 26/12 Q1018 NOSIG,M
FAPE,2026-08-16 09:25,82.40,51.80,34.75,290.00,4.00,0.00,30.06,M,6.21,M,M,M,M,M,M,M,M,M,M,M,M,M,M,M,M,81.21,FAPE 160925Z 29004KT 240V340 CAVOK 28/11 Q1018 NOSIG,M
FAPE,2026-08-16 10:00,77.00,51.80,41.46,210.00,8.00,0.00,30.06,M,6.21,M,M,M,M,M,M,M,M,M,M,M,M,M,M,M,M,77.00,FAPE 161000Z 21008KT CAVOK 25/11 Q1018 NOSIG,M
FAPE,2026-08-16 11:00,75.20,55.40,50.22,210.00,8.00,0.00,30.06,M,6.21,M,M,M,M,M,M,M,M,M,M,M,M,M,M,M,M,75.20,FAPE 161100Z 21008KT CAVOK 24/13 Q1018 NOSIG,M
FAPE,2026-08-16 12:00,71.60,57.20,60.48,210.00,10.00,0.00,30.03,M,6.21,M,M,M,M,M,M,M,M,M,M,M,M,M,M,M,M,71.60,FAPE 161200Z 21010KT CAVOK 22/14 Q1017 NOSIG,M
FAPE,2026-08-16 13:00,68.00,57.20,68.38,220.00,13.00,0.00,30.03,M,6.21,M,M,M,M,M,M,M,M,M,M,M,M,M,M,M,M,68.00,FAPE 161300Z 22013KT CAVOK 20/14 Q1017 NOSIG,M
FAPE,2026-08-16 14:00,64.40,57.20,77.46,240.00,14.00,0.00,30.03,M,6.21,M,FEW,M,M,M,800.00,M,M,M,M,M,M,M,M,M,M,64.40,FAPE 161400Z 24014KT 9999 FEW008 18/14 Q1017 TEMPO 5000 BR BKN005,M
FAPE,2026-08-16 14:22,60.80,57.20,87.93,230.00,15.00,0.00,30.06,M,4.97,M,BKN,M,M,M,500.00,M,M,M,M,M,M,M,M,M,M,60.80,FAPE 161422Z 23015KT 8000 BKN005 16/14 Q1018 TEMPO 5000 BR,M
FAPE,2026-08-16 14:35,59.00,57.20,93.74,240.00,16.00,0.00,30.06,M,3.11,M,BKN,M,M,M,200.00,M,M,M,BR,M,M,M,M,M,M,59.00,FAPE 161435Z 24016KT 5000 BR BKN002 15/14 Q1018 TEMPO 2500 BR BKN002,M
FAPE,2026-08-16 15:00,59.00,57.20,93.74,230.00,12.00,0.00,30.06,M,3.11,M,BKN,M,M,M,200.00,M,M,M,BR,M,M,M,M,M,M,59.00,FAPE 161500Z 23012KT 5000 BR BKN002 15/14 Q1018 TEMPO 3000,M
FAPE,2026-08-16 15:18,59.00,59.00,100.00,230.00,14.00,0.00,30.06,M,1.86,M,BKN,M,M,M,200.00,M,M,M,BR,M,M,M,M,M,M,59.00,FAPE 161518Z 23014KT 3000 BR BKN002 15/15 Q1018 NOSIG,M
FAPE,2026-08-16 15:33,59.00,59.00,100.00,240.00,14.00,0.00,30.09,M,0.93,M,OVC,M,M,M,200.00,M,M,M,BR,M,M,M,M,M,M,59.00,FAPE 161533Z 24014KT 1500 BR OVC002 15/15 Q1019 NOSIG,M
FAPE,2026-08-16 15:56,59.00,59.00,100.00,230.00,14.00,0.00,30.06,M,0.56,M,OVC,M,M,M,200.00,M,M,M,FG,M,M,M,M,M,M,59.00,FAPE 161556Z 23014KT 0900 R26/P2000N FG OVC002 15/15 Q1018 BECMG 2000 BR,M
FAPE,2026-08-16 16:00,59.00,59.00,100.00,230.00,14.00,0.00,30.06,M,0.56,M,OVC,M,M,M,200.00,M,M,M,FG,M,M,M,M,M,M,59.00,FAPE 161600Z 23014KT 0900 R26/P2000N FG OVC002 15/15 Q1018 BECMG 2000 BR,M
FAPE,2026-08-16 16:25,59.00,59.00,100.00,240.00,13.00,0.00,30.09,M,2.17,M,OVC,M,M,M,200.00,M,M,M,BR,M,M,M,M,M,M,59.00,FAPE 161625Z 24013KT 3500 BR OVC002 15/15 Q1019 BECMG 5000,M
FAPE,2026-08-16 16:40,59.00,59.00,100.00,230.00,14.00,0.00,30.09,M,6.21,M,SCT,M,M,M,500.00,M,M,M,M,M,M,M,M,M,M,59.00,FAPE 161640Z 23014KT 9999 SCT005 15/15 Q1019 NOSIG,M
FAPE,2026-08-16 17:00,57.20,55.40,93.70,230.00,12.00,0.00,30.12,M,6.21,M,FEW,M,M,M,800.00,M,M,M,M,M,M,M,M,M,M,57.20,FAPE 161700Z 23012KT 9999 FEW008 14/13 Q1020 NOSIG,M
FAPE,2026-08-16 18:00,57.20,55.40,93.70,240.00,10.00,0.00,30.15,M,6.21,M,M,M,M,M,M,M,M,M,M,M,M,M,M,M,M,57.20,FAPE 161800Z 24010KT CAVOK 14/13 Q1021 NOSIG,M
FAPE,2026-08-16 19:00,57.20,55.40,93.70,240.00,9.00,0.00,30.15,M,6.21,M,M,M,M,M,M,M,M,M,M,M,M,M,M,M,M,57.20,FAPE 161900Z 24009KT CAVOK 14/13 Q1021 NOSIG,M
FAPE,2026-08-16 20:00,55.40,53.60,93.65,250.00,7.00,0.00,30.15,M,6.21,M,M,M,M,M,M,M,M,M,M,M,M,M,M,M,M,55.40,FAPE 162000Z 25007KT 230V290 CAVOK 13/12 Q1021 NOSIG,M
FAPE,2026-08-16 21:00,55.40,50.00,82.00,260.00,5.00,0.00,30.15,M,6.21,M,M,M,M,M,M,M,M,M,M,M,M,M,M,M,M,55.40,FAPE 162100Z 26005KT CAVOK 13/10 Q1021 NOSIG,M
FAPE,2026-08-16 22:00,53.60,51.80,93.60,240.00,6.00,0.00,30.15,M,6.21,M,M,M,M,M,M,M,M,M,M,M,M,M,M,M,M,53.60,FAPE 162200Z 24006KT CAVOK 12/11 Q1021 NOSIG,M
FAPE,2026-08-16 23:00,51.80,50.00,93.55,250.00,6.00,0.00,30.15,M,6.21,M,M,M,M,M,M,M,M,M,M,M,M,M,M,M,M,51.80,FAPE 162300Z 25006KT CAVOK 11/10 Q1021 NOSIG,M
FAPE,2026-08-17 00:00,50.00,48.20,93.50,240.00,5.00,0.00,30.15,M,6.21,M,M,M,M,M,M,M,M,M,M,M,M,M,M,M,M,50.00,FAPE 170000Z 24005KT CAVOK 10/09 Q1021 NOSIG,M
FAPE,2026-08-17 01:00,48.20,46.40,93.45,270.00,4.00,0.00,30.12,M,6.21,M,M,M,M,M,M,M,M,M,M,M,M,M,M,M,M,46.34,FAPE 170100Z 27004KT CAVOK 09/08 Q1020 NOSIG,M
FAPE,2026-08-17 02:00,50.00,48.20,93.50,350.00,3.00,0.00,30.12,M,6.21,M,M,M,M,M,M,M,M,M,M,M,M,M,M,M,M,50.00,FAPE 170200Z 35003KT 320V020 CAVOK 10/09 Q1020 NOSIG,M
FAPE,2026-08-17 03:00,48.20,48.20,100.00,290.00,2.00,0.00,30.12,M,6.21,M,M,M,M,M,M,M,M,M,M,M,M,M,M,M,M,48.20,FAPE 170300Z 29002KT CAVOK 09/09 Q1020 NOSIG,M
FAPE,2026-08-17 04:00,46.40,46.40,100.00,270.00,2.00,0.00,30.09,M,6.21,M,M,M,M,M,M,M,M,M,M,M,M,M,M,M,M,46.40,FAPE 170400Z 27002KT CAVOK 08/08 Q1019 NOSIG,M
FAPE,2026-08-17 05:00,46.40,46.40,100.00,280.00,3.00,0.00,30.09,M,6.21,M,M,M,M,M,M,M,M,M,M,M,M,M,M,M,M,45.15,FAPE 170500Z 28003KT CAVOK 08/08 Q1019 NOSIG,M
FAPE,2026-08-17 05:57,51.80,50.00,93.55,M,2.00,0.00,30.12,M,6.21,M,M,M,M,M,M,M,M,M,M,M,M,M,M,M,M,51.80,FAPE 170557Z VRB02KT CAVOK 11/10 Q1020 NOSIG,M
FAPE,2026-08-17 06:00,51.80,50.00,93.55,280.00,2.00,0.00,30.12,M,5.59,M,NSC,M,M,M,M,M,M,M,M,M,M,M,M,M,M,51.80,FAPE 170600Z 28002KT 9000 NSC 11/10 Q1020 NOSIG,M
FAPE,2026-08-17 06:33,57.20,53.60,87.75,M,1.00,0.00,30.12,M,6.21,M,M,M,M,M,M,M,M,M,M,M,M,M,M,M,M,57.20,FAPE 170633Z VRB01KT CAVOK 14/12 Q1020 NOSIG,M
FAPE,2026-08-17 07:00,59.00,53.60,82.26,M,2.00,0.00,30.12,M,6.21,M,M,M,M,M,M,M,M,M,M,M,M,M,M,M,M,59.00,FAPE 170700Z VRB02KT CAVOK 15/12 Q1020 NOSIG,M
FAPE,2026-08-17 08:00,62.60,53.60,72.40,30.00,4.00,0.00,30.12,M,6.21,M,M,M,M,M,M,M,M,M,M,M,M,M,M,M,M,62.60,FAPE 170800Z 03004KT CAVOK 17/12 Q1020 NOSIG,M
FAPE,2026-08-17 09:00,64.40,53.60,67.97,30.00,6.00,0.00,30.09,M,6.21,M,M,M,M,M,M,M,M,M,M,M,M,M,M,M,M,64.40,FAPE 170900Z 03006KT 360V060 CAVOK 18/12 Q1019 NOSIG,M
FAPE,2026-08-17 10:00,66.20,51.80,59.76,70.00,3.00,0.00,30.09,M,6.21,M,M,M,M,M,M,M,M,M,M,M,M,M,M,M,M,66.20,FAPE 171000Z 07003KT 030V130 CAVOK 19/11 Q1019 NOSIG,M
FAPE,2026-08-17 11:00,69.80,55.40,60.24,M,2.00,0.00,30.06,M,6.21,M,M,M,M,M,M,M,M,M,M,M,M,M,M,M,M,69.80,FAPE 171100Z VRB02KT CAVOK 21/13 Q1018 NOSIG,M
FAPE,2026-08-17 12:00,66.20,53.60,63.85,190.00,8.00,0.00,30.06,M,6.21,M,M,M,M,M,M,M,M,M,M,M,M,M,M,M,M,66.20,FAPE 171200Z 19008KT 160V230 CAVOK 19/12 Q1018 NOSIG,M
FAPE,2026-08-17 13:00,64.40,55.40,72.58,210.00,10.00,0.00,30.06,M,6.21,M,M,M,M,M,M,M,M,M,M,M,M,M,M,M,M,64.40,FAPE 171300Z 21010KT CAVOK 18/13 Q1018 NOSIG,M
FAPE,2026-08-17 14:00,62.60,51.80,67.76,220.00,10.00,0.00,30.06,M,6.21,M,M,M,M,M,M,M,M,M,M,M,M,M,M,M,M,62.60,FAPE 171400Z 22010KT CAVOK 17/11 Q1018 NOSIG,M
FAPE,2026-08-17 15:00,62.60,57.20,82.51,220.00,8.00,0.00,30.06,M,6.21,M,M,M,M,M,M,M,M,M,M,M,M,M,M,M,M,62.60,FAPE 171500Z 22008KT CAVOK 17/14 Q1018 NOSIG,M
FAPE,2026-08-17 16:00,59.00,57.20,93.74,230.00,5.00,0.00,30.09,M,6.21,M,M,M,M,M,M,M,M,M,M,M,M,M,M,M,M,59.00,FAPE 171600Z 23005KT CAVOK 15/14 Q1019 NOSIG,M
FAPE,2026-08-17 17:00,57.20,55.40,93.70,230.00,7.00,0.00,30.12,M,6.21,M,M,M,M,M,M,M,M,M,M,M,M,M,M,M,M,57.20,FAPE 171700Z 23007KT CAVOK 14/13 Q1020 NOSIG,M
FAPE,2026-08-17 18:00,55.40,55.40,100.00,250.00,6.00,0.00,30.15,M,6.21,M,M,M,M,M,M,M,M,M,M,M,M,M,M,M,M,55.40,FAPE 171800Z 25006KT CAVOK 13/13 Q1021 NOSIG,M
FAPE,2026-08-17 19:00,55.40,55.40,100.00,M,1.00,0.00,30.15,M,6.21,M,M,M,M,M,M,M,M,M,M,M,M,M,M,M,M,55.40,FAPE 171900Z VRB01KT CAVOK 13/13 Q1021 NOSIG,M
FAPE,2026-08-17 20:00,55.40,55.40,100.00,250.00,4.00,0.00,30.18,M,6.21,M,M,M,M,M,M,M,M,M,M,M,M,M,M,M,M,55.40,FAPE 172000Z 25004KT CAVOK 13/13 Q1022,M
FAPE,2026-08-17 21:00,53.60,53.60,100.00,240.00,5.00,0.00,30.21,M,6.21,M,M,M,M,M,M,M,M,M,M,M,M,M,M,M,M,53.60,FAPE 172100Z 24005KT CAVOK 12/12 Q1023,M
FAPE,2026-08-17 22:00,53.60,50.00,87.56,280.00,3.00,0.00,30.21,M,6.21,M,FEW,M,M,M,2900.00,M,M,M,M,M,M,M,M,M,M,53.60,FAPE 172200Z 28003KT 230V320 9999 FEW029 12/10 Q1023,M
FAPE,2026-08-17 23:00,57.20,51.80,82.13,240.00,9.00,0.00,30.21,M,6.21,M,FEW,BKN,M,M,2900.00,3500.00,M,M,M,M,M,M,M,M,M,57.20,FAPE 172300Z 24009KT 9999 FEW029 BKN035 14/11 Q1023,M
FAPE,2026-08-18 00:00,57.20,53.60,87.75,270.00,5.00,0.00,30.21,M,6.21,M,M,M,M,M,M,M,M,M,M,M,M,M,M,M,M,57.20,FAPE 180000Z 27005KT CAVOK 14/12 Q1023,M
FAPE,2026-08-18 01:00,57.20,53.60,87.75,250.00,5.00,0.00,30.21,M,6.21,M,M,M,M,M,M,M,M,M,M,M,M,M,M,M,M,57.20,FAPE 180100Z 25005KT CAVOK 14/12 Q1023,M
FAPE,2026-08-18 03:00,53.60,51.80,93.60,M,1.00,0.00,30.21,M,6.21,M,BKN,M,M,M,3700.00,M,M,M,M,M,M,M,M,M,M,53.60,FAPE 180300Z VRB01KT 9999 BKN037 12/11 Q1023 NOSIG,M
FAPE,2026-08-18 04:00,53.60,51.80,93.60,0.00,0.00,0.00,30.24,M,6.21,M,M,M,M,M,M,M,M,M,M,M,M,M,M,M,M,53.60,FAPE 180400Z 00000KT CAVOK 12/11 Q1024 NOSIG,M
FAPE,2026-08-18 05:00,51.80,51.80,100.00,260.00,3.00,0.00,30.24,M,6.21,M,M,M,M,M,M,M,M,M,M,M,M,M,M,M,M,51.80,FAPE 180500Z 26003KT CAVOK 11/11 Q1024 NOSIG,M
FAPE,2026-08-18 05:30,55.40,55.40,100.00,230.00,7.00,0.00,30.27,M,6.21,M,FEW,M,M,M,4300.00,M,M,M,M,M,M,M,M,M,M,55.40,FAPE 180530Z 23007KT 9999 FEW043 13/13 Q1025 NOSIG,M
FAPE,2026-08-18 06:00,57.20,55.40,93.70,250.00,7.00,0.00,30.27,M,6.21,M,FEW,M,M,M,4300.00,M,M,M,M,M,M,M,M,M,M,57.20,FAPE 180600Z 25007KT 9999 FEW043 14/13 Q1025 NOSIG,M
FAPE,2026-08-18 07:00,60.80,59.00,93.79,250.00,10.00,0.00,30.30,M,6.21,M,FEW,M,M,M,4300.00,M,M,M,M,M,M,M,M,M,M,60.80,FAPE 180700Z 25010KT 9999 FEW043 16/15 Q1026 NOSIG,M
FAPE,2026-08-18 08:00,64.40,57.20,77.46,250.00,11.00,0.00,30.30,M,6.21,M,FEW,M,M,M,1500.00,M,M,M,M,M,M,M,M,M,M,64.40,FAPE 180800Z 25011KT 9999 FEW015 18/14 Q1026 NOSIG,M
FAPE,2026-08-18 09:00,64.40,55.40,72.58,240.00,17.00,0.00,30.33,M,6.21,M,SCT,M,M,M,1500.00,M,M,M,M,M,M,M,M,M,M,64.40,FAPE 180900Z 24017KT 9999 SCT015 18/13 Q1027 NOSIG,M
FAPE,2026-08-18 10:00,66.20,57.20,72.76,240.00,16.00,0.00,30.30,M,6.21,M,SCT,M,M,M,1700.00,M,M,M,M,M,M,M,M,M,M,66.20,FAPE 181000Z 24016KT 9999 SCT017 19/14 Q1026 NOSIG,M
FAPE,2026-08-18 11:00,66.20,53.60,63.85,240.00,16.00,0.00,30.30,M,6.21,M,FEW,M,M,M,1700.00,M,M,M,M,M,M,M,M,M,M,66.20,FAPE 181100Z 24016KT 9999 FEW017 19/12 Q1026 NOSIG,M
FAPE,2026-08-18 12:00,68.00,51.80,56.16,250.00,15.00,0.00,30.27,M,6.21,M,M,M,M,M,M,M,M,M,M,M,M,M,M,M,M,68.00,FAPE 181200Z 25015KT CAVOK 20/11 Q1025 NOSIG,M
FAPE,2026-08-18 13:00,64.40,53.60,67.97,230.00,16.00,0.00,30.27,M,6.21,M,M,M,M,M,M,M,M,M,M,M,M,M,M,M,M,64.40,FAPE 181300Z 23016KT CAVOK 18/12 Q1025 NOSIG,M
FAPE,2026-08-18 14:00,62.60,53.60,72.40,230.00,14.00,0.00,30.27,M,6.21,M,M,M,M,M,M,M,M,M,M,M,M,M,M,M,M,62.60,FAPE 181400Z 23014KT CAVOK 17/12 Q1025 NOSIG,M
FAPE,2026-08-18 15:00,60.80,51.80,72.21,240.00,13.00,0.00,30.30,M,6.21,M,M,M,M,M,M,M,M,M,M,M,M,M,M,M,M,60.80,FAPE 181500Z 24013KT CAVOK 16/11 Q1026 NOSIG,M
FAPE,2026-08-18 16:00,57.20,51.80,82.13,240.00,10.00,0.00,30.30,M,6.21,M,M,M,M,M,M,M,M,M,M,M,M,M,M,M,M,57.20,FAPE 181600Z 24010KT CAVOK 14/11 Q1026 NOSIG,M
FAPE,2026-08-18 17:00,59.00,53.60,82.26,240.00,7.00,0.00,30.30,M,6.21,M,BKN,M,M,M,4700.00,M,M,M,M,M,M,M,M,M,M,59.00,FAPE 181700Z 24007KT 9999 BKN047 15/12 Q1026 NOSIG,M
FAPE,2026-08-18 18:00,59.00,53.60,82.26,210.00,6.00,0.00,30.30,M,6.21,M,BKN,M,M,M,4500.00,M,M,M,M,M,M,M,M,M,M,59.00,FAPE 181800Z 21006KT 170V240 9999 BKN045 15/12 Q1026 NOSIG,M
FAPE,2026-08-18 19:00,59.00,51.80,76.99,250.00,3.00,0.00,30.33,M,6.21,M,BKN,M,M,M,4500.00,M,M,M,M,M,M,M,M,M,M,59.00,FAPE 181900Z 25003KT 220V280 9999 BKN045 15/11 Q1027 NOSIG,M
FAPE,2026-08-18 20:00,57.20,51.80,82.13,360.00,4.00,0.00,30.30,M,6.21,M,FEW,BKN,M,M,2400.00,4500.00,M,M,M,M,M,M,M,M,M,57.20,FAPE 182000Z 36004KT 9999 FEW024 BKN045 14/11 Q1026 NOSIG,M
FAPE,2026-08-18 22:00,55.40,51.80,87.65,270.00,3.00,0.00,30.27,M,6.21,M,BKN,M,M,M,4400.00,M,M,M,M,M,M,M,M,M,M,55.40,FAPE 182200Z 27003KT 9999 BKN044 13/11 Q1025 NOSIG,M
FAPE,2026-08-18 23:00,55.40,51.80,87.65,310.00,2.00,0.00,30.27,M,6.21,M,OVC,M,M,M,4200.00,M,M,M,M,M,M,M,M,M,M,55.40,FAPE 182300Z 31002KT 9999 OVC042 13/11 Q1025 NOSIG,M
FAPE,2026-08-19 00:00,55.40,51.80,87.65,320.00,2.00,0.00,30.24,M,6.21,M,BKN,M,M,M,4400.00,M,M,M,M,M,M,M,M,M,M,55.40,FAPE 190000Z 32002KT 9999 BKN044 13/11 Q1024 NOSIG,M
FAPE,2026-08-19 02:00,50.00,50.00,100.00,310.00,2.00,0.00,30.21,M,6.21,M,M,M,M,M,M,M,M,M,M,M,M,M,M,M,M,50.00,FAPE 190200Z 31002KT CAVOK 10/10 Q1023 NOSIG,M
FAPE,2026-08-19 03:00,50.00,50.00,100.00,300.00,2.00,0.00,30.18,M,6.21,M,M,M,M,M,M,M,M,M,M,M,M,M,M,M,M,50.00,FAPE 190300Z 30002KT CAVOK 10/10 Q1022 NOSIG,M
FAPE,2026-08-19 04:00,50.00,48.20,93.50,350.00,3.00,0.00,30.15,M,6.21,M,M,M,M,M,M,M,M,M,M,M,M,M,M,M,M,50.00,FAPE 190400Z 35003KT CAVOK 10/09 Q1021 NOSIG,M
FAPE,2026-08-19 05:00,48.20,46.40,93.45,360.00,3.00,0.00,30.15,M,6.21,M,FEW,M,M,M,4000.00,M,M,M,M,M,M,M,M,M,M,47.21,FAPE 190500Z 36003KT 9999 FEW040 09/08 Q1021 NOSIG,M
FAPE,2026-08-19 05:08,51.80,51.80,100.00,360.00,5.00,0.00,30.15,M,6.21,M,FEW,M,M,M,4000.00,M,M,M,M,M,M,M,M,M,M,51.80,FAPE 190508Z 36005KT 340V070 9999 FEW040 11/11 Q1021 NOSIG,M
FAPE,2026-08-19 06:00,53.60,51.80,93.60,360.00,6.00,0.00,30.15,M,6.21,M,FEW,M,M,M,2200.00,M,M,M,M,M,M,M,M,M,M,53.60,FAPE 190600Z 36006KT 9999 FEW022 12/11 Q1021 NOSIG,M
FAPE,2026-08-19 06:29,57.20,51.80,82.13,20.00,4.00,0.00,30.15,M,6.21,M,M,M,M,M,M,M,M,M,M,M,M,M,M,M,M,57.20,FAPE 190629Z 02004KT CAVOK 14/11 Q1021 NOSIG,M
FAPE,2026-08-19 07:00,57.20,53.60,87.75,20.00,6.00,0.00,30.15,M,6.21,M,M,M,M,M,M,M,M,M,M,M,M,M,M,M,M,57.20,FAPE 190700Z 02006KT CAVOK 14/12 Q1021 NOSIG,M
FAPE,2026-08-19 07:33,60.80,53.60,77.15,40.00,6.00,0.00,30.12,M,6.21,M,M,M,M,M,M,M,M,M,M,M,M,M,M,M,M,60.80,FAPE 190733Z 04006KT CAVOK 16/12 Q1020 NOSIG,M
FAPE,2026-08-19 08:00,60.80,53.60,77.15,40.00,7.00,0.00,30.12,M,6.21,M,M,M,M,M,M,M,M,M,M,M,M,M,M,M,M,60.80,FAPE 190800Z 04007KT CAVOK 16/12 Q1020 NOSIG,M
FAPE,2026-08-19 09:00,62.60,53.60,72.40,50.00,4.00,0.00,30.12,M,6.21,M,M,M,M,M,M,M,M,M,M,M,M,M,M,M,M,62.60,FAPE 190900Z 05004KT 010V100 CAVOK 17/12 Q1020 NOSIG,M
FAPE,2026-08-19 10:00,68.00,55.40,64.07,M,2.00,0.00,30.09,M,6.21,M,M,M,M,M,M,M,M,M,M,M,M,M,M,M,M,68.00,FAPE 191000Z VRB02KT CAVOK 20/13 Q1019 BECMG 23010KT,M
FAPE,2026-08-19 11:00,68.00,53.60,60.00,220.00,10.00,0.00,30.06,M,6.21,M,M,M,M,M,M,M,M,M,M,M,M,M,M,M,M,68.00,FAPE 191100Z 22010KT CAVOK 20/12 Q1018 NOSIG,M
FAPE,2026-08-19 12:00,66.20,53.60,63.85,230.00,13.00,0.00,30.03,M,6.21,M,M,M,M,M,M,M,M,M,M,M,M,M,M,M,M,66.20,FAPE 191200Z 23013KT CAVOK 19/12 Q1017 NOSIG,M
FAPE,2026-08-19 13:00,68.00,53.60,60.00,230.00,8.00,0.00,30.03,M,6.21,M,M,M,M,M,M,M,M,M,M,M,M,M,M,M,M,68.00,FAPE 191300Z 23008KT 190V250 CAVOK 20/12 Q1017 NOSIG,M
FAPE,2026-08-19 14:00,64.40,53.60,67.97,230.00,16.00,0.00,30.06,M,6.21,M,M,M,M,M,M,M,M,M,M,M,M,M,M,M,M,64.40,FAPE 191400Z 23016KT CAVOK 18/12 Q1018 TEMPO 24018G28KT,M
FAPE,2026-08-19 14:18,64.40,53.60,67.97,230.00,14.00,0.00,30.06,M,6.21,25.00,M,M,M,M,M,M,M,M,M,M,M,M,M,M,M,64.40,FAPE 191418Z 23014G25KT CAVOK 18/12 Q1018 NOSIG,M
FAPE,2026-08-19 15:00,60.80,55.40,82.38,240.00,16.00,0.00,30.06,M,6.21,M,FEW,M,M,M,800.00,M,M,M,M,M,M,M,M,M,M,60.80,FAPE 191500Z 24016KT 9999 FEW008 16/13 Q1018 TEMPO 24017G27KT BKN006,M
FAPE,2026-08-19 15:04,60.80,57.20,87.93,240.00,15.00,0.00,30.06,M,6.21,25.00,FEW,M,M,M,800.00,M,M,M,M,M,M,M,M,M,M,60.80,FAPE 191504Z 24015G25KT 9999 FEW008 16/14 Q1018 TEMPO BKN006,M
FAPE,2026-08-19 16:00,60.80,57.20,87.93,240.00,14.00,0.00,30.09,M,6.21,M,FEW,M,M,M,700.00,M,M,M,M,M,M,M,M,M,M,60.80,FAPE 191600Z 24014KT 9999 FEW007 16/14 Q1019 TEMPO 24017G27KT BKN006,M
FAPE,2026-08-19 17:00,60.80,59.00,93.79,230.00,18.00,0.00,30.12,M,6.21,M,FEW,M,M,M,700.00,M,M,M,M,M,M,M,M,M,M,60.80,FAPE 191700Z 23018KT 9999 FEW007 16/15 Q1020 NOSIG,M
FAPE,2026-08-19 18:00,59.00,59.00,100.00,240.00,16.00,0.00,30.15,M,6.21,M,FEW,M,M,M,700.00,M,M,M,M,M,M,M,M,M,M,59.00,FAPE 191800Z 24016KT 9999 FEW007 15/15 Q1021 NOSIG,M
FAPE,2026-08-19 19:00,59.00,57.20,93.74,250.00,17.00,0.00,30.18,M,6.21,M,FEW,M,M,M,1000.00,M,M,M,M,M,M,M,M,M,M,59.00,FAPE 191900Z 25017KT 9999 FEW010 15/14 Q1022 NOSIG,M
FAPE,2026-08-19 20:00,57.20,55.40,93.70,250.00,18.00,0.00,30.21,M,6.21,M,FEW,M,M,M,1400.00,M,M,M,M,M,M,M,M,M,M,57.20,FAPE 192000Z 25018KT 9999 FEW014 14/13 Q1023 NOSIG,M
FAPE,2026-08-19 21:00,57.20,51.80,82.13,250.00,15.00,0.00,30.21,M,6.21,M,FEW,M,M,M,2000.00,M,M,M,M,M,M,M,M,M,M,57.20,FAPE 192100Z 25015KT 9999 FEW020 14/11 Q1023 NOSIG,M
FAPE,2026-08-19 22:00,57.20,51.80,82.13,250.00,17.00,0.00,30.21,M,6.21,M,M,M,M,M,M,M,M,M,M,M,M,M,M,M,M,57.20,FAPE 192200Z 25017KT CAVOK 14/11 Q1023 NOSIG,M
FAPE,2026-08-19 23:00,55.40,53.60,93.65,240.00,15.00,0.00,30.24,M,6.21,M,M,M,M,M,M,M,M,M,M,M,M,M,M,M,M,55.40,FAPE 192300Z 24015KT CAVOK 13/12 Q1024 NOSIG,M
FAPE,2026-08-20 00:00,55.40,53.60,93.65,250.00,15.00,0.00,30.24,M,6.21,M,M,M,M,M,M,M,M,M,M,M,M,M,M,M,M,55.40,FAPE 200000Z 25015KT CAVOK 13/12 Q1024 NOSIG,M
FAPE,2026-08-20 01:00,55.40,51.80,87.65,250.00,14.00,0.00,30.24,M,6.21,M,M,M,M,M,M,M,M,M,M,M,M,M,M,M,M,55.40,FAPE 200100Z 25014KT CAVOK 13/11 Q1024 NOSIG,M
FAPE,2026-08-20 02:00,55.40,50.00,82.00,250.00,15.00,0.00,30.24,M,6.21,M,M,M,M,M,M,M,M,M,M,M,M,M,M,M,M,55.40,FAPE 200200Z 25015KT CAVOK 13/10 Q1024 NOSIG,M
FAPE,2026-08-20 03:00,55.40,48.20,76.67,260.00,11.00,0.00,30.24,M,6.21,M,M,M,M,M,M,M,M,M,M,M,M,M,M,M,M,55.40,FAPE 200300Z 26011KT CAVOK 13/09 Q1024 NOSIG,M
FAPE,2026-08-20 04:00,55.40,48.20,76.67,260.00,10.00,0.00,30.27,M,6.21,M,M,M,M,M,M,M,M,M,M,M,M,M,M,M,M,55.40,FAPE 200400Z 26010KT CAVOK 13/09 Q1025 NOSIG,M
FAPE,2026-08-20 05:00,53.60,48.20,81.87,280.00,8.00,0.00,30.30,M,6.21,M,M,M,M,M,M,M,M,M,M,M,M,M,M,M,M,53.60,FAPE 200500Z 28008KT CAVOK 12/09 Q1026 NOSIG,M
FAPE,2026-08-20 05:44,57.20,48.20,71.84,270.00,6.00,0.00,30.30,M,6.21,M,FEW,M,M,M,2500.00,M,M,M,M,M,M,M,M,M,M,57.20,COR FAPE 200544Z 27006KT 9999 FEW025 14/09 Q1026 NOSIG,M
FAPE,2026-08-20 06:00,59.00,50.00,72.02,250.00,8.00,0.00,30.30,M,6.21,M,FEW,M,M,M,2500.00,M,M,M,M,M,M,M,M,M,M,59.00,FAPE 200600Z 25008KT 9999 FEW025 15/10 Q1026 NOSIG,M
FAPE,2026-08-20 07:00,60.80,50.00,67.55,270.00,10.00,0.00,30.33,M,6.21,M,M,M,M,M,M,M,M,M,M,M,M,M,M,M,M,60.80,FAPE 200700Z 27010KT CAVOK 16/10 Q1027 NOSIG,M
FAPE,2026-08-20 08:00,62.60,50.00,63.39,250.00,13.00,0.00,30.33,M,6.21,M,M,M,M,M,M,M,M,M,M,M,M,M,M,M,M,62.60,FAPE 200800Z 25013KT CAVOK 17/10 Q1027 NOSIG,M
FAPE,2026-08-20 09:00,64.40,50.00,59.52,250.00,11.00,0.00,30.33,M,6.21,M,FEW,M,M,M,3500.00,M,M,M,M,M,M,M,M,M,M,64.40,FAPE 200900Z 25011KT 9999 FEW035 18/10 Q1027 NOSIG,M
FAPE,2026-08-20 10:00,66.20,50.00,55.91,250.00,10.00,0.00,30.30,M,6.21,M,FEW,M,M,M,3500.00,M,M,M,M,M,M,M,M,M,M,66.20,FAPE 201000Z 25010KT 230V290 9999 FEW035 19/10 Q1026 NOSIG,M
FAPE,2026-08-20 11:00,68.00,48.20,49.12,230.00,8.00,0.00,30.27,M,6.21,M,FEW,M,M,M,3500.00,M,M,M,M,M,M,M,M,M,M,68.00,FAPE 201100Z 23008KT 200V270 9999 FEW035 20/09 Q1025 NOSIG,M
FAPE,2026-08-20 12:00,66.20,50.00,55.91,210.00,8.00,0.00,30.24,M,6.21,M,M,M,M,M,M,M,M,M,M,M,M,M,M,M,M,66.20,FAPE 201200Z 21008KT 180V240 CAVOK 19/10 Q1024 NOSIG,M
FAPE,2026-08-20 13:00,64.40,51.80,63.62,210.00,9.00,0.00,30.24,M,6.21,M,M,M,M,M,M,M,M,M,M,M,M,M,M,M,M,64.40,FAPE 201300Z 21009KT 170V240 CAVOK 18/11 Q1024 NOSIG,M
FAPE,2026-08-20 14:00,62.60,50.00,63.39,190.00,8.00,0.00,30.24,M,6.21,M,M,M,M,M,M,M,M,M,M,M,M,M,M,M,M,62.60,FAPE 201400Z 19008KT 160V220 CAVOK 17/10 Q1024 NOSIG,M
FAPE,2026-08-20 15:00,62.60,51.80,67.76,190.00,7.00,0.00,30.24,M,6.21,M,M,M,M,M,M,M,M,M,M,M,M,M,M,M,M,62.60,FAPE 201500Z 19007KT CAVOK 17/11 Q1024 NOSIG,M
FAPE,2026-08-20 16:00,59.00,53.60,82.26,210.00,4.00,0.00,30.24,M,6.21,M,M,M,M,M,M,M,M,M,M,M,M,M,M,M,M,59.00,FAPE 201600Z 21004KT CAVOK 15/12 Q1024 NOSIG,M
FAPE,2026-08-20 17:00,55.40,53.60,93.65,210.00,5.00,0.00,30.27,M,6.21,M,M,M,M,M,M,M,M,M,M,M,M,M,M,M,M,55.40,FAPE 201700Z 21005KT CAVOK 13/12 Q1025 NOSIG,M
FAPE,2026-08-20 18:00,53.60,53.60,100.00,230.00,4.00,0.00,30.27,M,6.21,M,M,M,M,M,M,M,M,M,M,M,M,M,M,M,M,53.60,FAPE 201800Z 23004KT CAVOK 12/12 Q1025 NOSIG,M
FAPE,2026-08-20 19:00,53.60,51.80,93.60,270.00,4.00,0.00,30.27,M,6.21,M,M,M,M,M,M,M,M,M,M,M,M,M,M,M,M,53.60,FAPE 201900Z 27004KT CAVOK 12/11 Q1025 NOSIG,M
FAPE,2026-08-20 20:00,53.60,51.80,93.60,270.00,5.00,0.00,30.27,M,6.21,M,M,M,M,M,M,M,M,M,M,M,M,M,M,M,M,53.60,FAPE 202000Z 27005KT CAVOK 12/11 Q1025 NOSIG,M
FAPE,2026-08-20 21:00,51.80,51.80,100.00,280.00,4.00,0.00,30.27,M,6.21,M,M,M,M,M,M,M,M,M,M,M,M,M,M,M,M,51.80,FAPE 202100Z 28004KT CAVOK 11/11 Q1025 NOSIG,M
FAPE,2026-08-20 22:00,51.80,50.00,93.55,270.00,3.00,0.00,30.24,M,6.21,M,M,M,M,M,M,M,M,M,M,M,M,M,M,M,M,51.80,FAPE 202200Z 27003KT CAVOK 11/10 Q1024 NOSIG,M
FAPE,2026-08-20 23:00,51.80,51.80,100.00,290.00,4.00,0.00,30.24,M,6.21,M,M,M,M,M,M,M,M,M,M,M,M,M,M,M,M,51.80,FAPE 202300Z 29004KT CAVOK 11/11 Q1024 NOSIG,M
FAPE,2026-08-21 00:00,50.00,50.00,100.00,270.00,4.00,0.00,30.24,M,6.21,M,M,M,M,M,M,M,M,M,M,M,M,M,M,M,M,50.00,FAPE 210000Z 27004KT CAVOK 10/10 Q1024 NOSIG,M
FAPE,2026-08-21 01:00,50.00,50.00,100.00,230.00,5.00,0.00,30.21,M,6.21,M,M,M,M,M,M,M,M,M,M,M,M,M,M,M,M,50.00,FAPE 210100Z 23005KT CAVOK 10/10 Q1023 NOSIG,M
FAPE,2026-08-21 02:00,51.80,51.80,100.00,260.00,6.00,0.00,30.21,M,6.21,M,M,M,M,M,M,M,M,M,M,M,M,M,M,M,M,51.80,FAPE 210200Z 26006KT CAVOK 11/11 Q1023 NOSIG,M
FAPE,2026-08-21 03:00,51.80,50.00,93.55,280.00,4.00,0.00,30.21,M,6.21,M,M,M,M,M,M,M,M,M,M,M,M,M,M,M,M,51.80,FAPE 210300Z 28004KT CAVOK 11/10 Q1023 NOSIG,M
FAPE,2026-08-21 04:00,48.20,48.20,100.00,270.00,4.00,0.00,30.21,M,6.21,M,M,M,M,M,M,M,M,M,M,M,M,M,M,M,M,46.34,FAPE 210400Z 27004KT CAVOK 09/09 Q1023 NOSIG,M
FAPE,2026-08-21 05:00,50.00,50.00,100.00,270.00,3.00,0.00,30.21,M,6.21,M,M,M,M,M,M,M,M,M,M,M,M,M,M,M,M,50.00,FAPE 210500Z 27003KT CAVOK 10/10 Q1023 NOSIG,M
FAPE,2026-08-21 05:32,51.80,51.80,100.00,M,2.00,0.00,30.24,M,6.21,M,M,M,M,M,M,M,M,M,M,M,M,M,M,M,M,51.80,FAPE 210532Z VRB02KT CAVOK 11/11 Q1024 NOSIG,M
FAPE,2026-08-21 06:00,53.60,53.60,100.00,M,1.00,0.00,30.24,M,6.21,M,M,M,M,M,M,M,M,M,M,M,M,M,M,M,M,53.60,FAPE 210600Z VRB01KT CAVOK 12/12 Q1024 NOSIG,M
FAPE,2026-08-21 06:47,59.00,55.40,87.84,M,2.00,0.00,30.24,M,6.21,M,FEW,M,M,M,3000.00,M,M,M,M,M,M,M,M,M,M,59.00,FAPE 210647Z VRB02KT 9999 FEW030 15/13 Q1024 NOSIG,M
FAPE,2026-08-21 07:00,59.00,55.40,87.84,M,2.00,0.00,30.24,M,6.21,M,FEW,M,M,M,3000.00,M,M,M,M,M,M,M,M,M,M,59.00,FAPE 210700Z VRB02KT 9999 FEW030 15/13 Q1024 NOSIG,M
FAPE,2026-08-21 08:00,60.80,57.20,87.93,360.00,3.00,0.00,30.24,M,6.21,M,BKN,M,M,M,2600.00,M,M,M,M,M,M,M,M,M,M,60.80,FAPE 210800Z 36003KT 330V040 9999 BKN026 16/14 Q1024 NOSIG,M
FAPE,2026-08-21 09:00,62.60,55.40,77.31,20.00,3.00,0.00,30.21,M,6.21,M,BKN,M,M,M,2000.00,M,M,M,M,M,M,M,M,M,M,62.60,FAPE 210900Z 02003KT 340V050 9999 BKN020 17/13 Q1023 NOSIG,M
FAPE,2026-08-21 10:00,64.40,53.60,67.97,M,5.00,0.00,30.21,M,6.21,M,BKN,M,M,M,2400.00,M,M,M,M,M,M,M,M,M,M,64.40,FAPE 211000Z VRB05KT 9999 BKN024 18/12 Q1023 NOSIG,M
FAPE,2026-08-21 11:00,66.20,53.60,63.85,M,4.00,0.00,30.18,M,6.21,M,FEW,M,M,M,2000.00,M,M,M,M,M,M,M,M,M,M,66.20,FAPE 211100Z VRB04KT 9999 FEW020 19/12 Q1022 NOSIG,M
FAPE,2026-08-21 12:00,66.20,55.40,68.18,130.00,6.00,0.00,30.15,M,6.21,M,FEW,M,M,M,2000.00,M,M,M,M,M,M,M,M,M,M,66.20,FAPE 211200Z 13006KT 070V180 9999 FEW020 19/13 Q1021 NOSIG,M
FAPE,2026-08-21 13:00,66.20,55.40,68.18,140.00,6.00,0.00,30.12,M,6.21,M,FEW,M,M,M,2000.00,M,M,M,M,M,M,M,M,M,M,66.20,FAPE 211300Z 14006KT 110V180 9999 FEW020 19/13 Q1020 NOSIG,M
FAPE,2026-08-21 14:00,64.40,55.40,72.58,140.00,7.00,0.00,30.12,M,6.21,M,M,M,M,M,M,M,M,M,M,M,M,M,M,M,M,64.40,FAPE 211400Z 14007KT CAVOK 18/13 Q1020 NOSIG,M
FAPE,2026-08-21 15:00,64.40,55.40,72.58,100.00,6.00,0.00,30.12,M,6.21,M,M,M,M,M,M,M,M,M,M,M,M,M,M,M,M,64.40,FAPE 211500Z 10006KT CAVOK 18/13 Q1020 NOSIG,M
FAPE,2026-08-21 16:00,60.80,57.20,87.93,80.00,2.00,0.00,30.09,M,6.21,M,M,M,M,M,M,M,M,M,M,M,M,M,M,M,M,60.80,FAPE 211600Z 08002KT CAVOK 16/14 Q1019 NOSIG,M
FAPE,2026-08-21 17:00,57.20,57.20,100.00,70.00,3.00,0.00,30.09,M,6.21,M,M,M,M,M,M,M,M,M,M,M,M,M,M,M,M,57.20,FAPE 211700Z 07003KT CAVOK 14/14 Q1019 NOSIG,M
FAPE,2026-08-21 18:00,59.00,59.00,100.00,60.00,5.00,0.00,30.09,M,6.21,M,M,M,M,M,M,M,M,M,M,M,M,M,M,M,M,59.00,FAPE 211800Z 06005KT CAVOK 15/15 Q1019 NOSIG,M
FAPE,2026-08-21 19:00,59.00,59.00,100.00,30.00,4.00,0.00,30.09,M,6.21,M,FEW,M,M,M,1800.00,M,M,M,M,M,M,M,M,M,M,59.00,FAPE 211900Z 03004KT 9999 FEW018 15/15 Q1019 NOSIG,M
FAPE,2026-08-21 20:00,57.20,57.20,100.00,40.00,3.00,0.00,30.09,M,6.21,M,FEW,M,M,M,1500.00,M,M,M,M,M,M,M,M,M,M,57.20,FAPE 212000Z 04003KT 9999 FEW015 14/14 Q1019 NOSIG,M
FAPE,2026-08-21 21:00,57.20,57.20,100.00,40.00,2.00,0.00,30.06,M,6.21,M,FEW,M,M,M,1500.00,M,M,M,M,M,M,M,M,M,M,57.20,FAPE 212100Z 04002KT 9999 FEW015 14/14 Q1018 NOSIG,M
FAPE,2026-08-21 22:00,55.40,55.40,100.00,10.00,2.00,0.00,30.03,M,6.21,M,FEW,M,M,M,1500.00,M,M,M,M,M,M,M,M,M,M,55.40,FAPE 212200Z 01002KT 9999 FEW015 13/13 Q1017 NOSIG,M
FAPE,2026-08-21 23:00,55.40,55.40,100.00,30.00,3.00,0.00,30.00,M,6.21,M,M,M,M,M,M,M,M,M,M,M,M,M,M,M,M,55.40,FAPE 212300Z 03003KT CAVOK 13/13 Q1016 NOSIG,M
FAPE,2026-08-22 00:00,55.40,55.40,100.00,30.00,4.00,0.00,30.00,M,6.21,M,M,M,M,M,M,M,M,M,M,M,M,M,M,M,M,55.40,FAPE 220000Z 03004KT CAVOK 13/13 Q1016 NOSIG,M
FAPE,2026-08-22 01:00,51.80,51.80,100.00,M,1.00,0.00,29.97,M,5.59,M,NSC,M,M,M,M,M,M,M,MIFG,M,M,M,M,M,M,51.80,FAPE 220100Z VRB01KT 9000 R26/1400D MIFG NSC 11/11 Q1015 TEMPO 3000,M
FAPE,2026-08-22 02:00,51.80,51.80,100.00,320.00,3.00,0.00,29.94,M,5.59,M,FEW,M,M,M,1500.00,M,M,M,MIFG,M,M,M,M,M,M,51.80,FAPE 220200Z 32003KT 9000 MIFG FEW015 11/11 Q1014 TEMPO 3000,M
FAPE,2026-08-22 02:35,55.40,55.40,100.00,320.00,4.00,0.00,29.94,M,6.21,M,M,M,M,M,M,M,M,M,M,M,M,M,M,M,M,55.40,FAPE 220235Z 32004KT CAVOK 13/13 Q1014 NOSIG,M
FAPE,2026-08-22 03:00,51.80,51.80,100.00,290.00,4.00,0.00,29.94,M,6.21,M,M,M,M,M,M,M,M,M,M,M,M,M,M,M,M,51.80,FAPE 220300Z 29004KT 250V330 CAVOK 11/11 Q1014 NOSIG,M
FAPE,2026-08-22 04:00,51.80,51.80,100.00,270.00,4.00,0.00,29.94,M,6.21,M,M,M,M,M,M,M,M,M,M,M,M,M,M,M,M,51.80,FAPE 220400Z 27004KT CAVOK 11/11 Q1014 NOSIG,M
FAPE,2026-08-22 04:35,48.20,48.20,100.00,290.00,3.00,0.00,29.94,M,1.86,M,NSC,M,M,M,M,M,M,M,BR,M,M,M,M,M,M,47.21,FAPE 220435Z 29003KT 3000 1200 BR NSC 09/09 Q1014 NOSIG,M
FAPE,2026-08-22 04:38,48.20,48.20,100.00,290.00,2.00,0.00,29.94,M,0.93,M,NSC,M,M,M,M,M,M,M,BR,M,M,M,M,M,M,48.20,FAPE 220438Z 29002KT 1500 0350 BR NSC 09/09 Q1014 BECMG 6000 NSW,M
FAPE,2026-08-22 04:53,46.40,46.40,100.00,270.00,4.00,0.00,29.94,M,2.17,M,NSC,M,M,M,M,M,M,M,BR,M,M,M,M,M,M,44.24,FAPE 220453Z 27004KT 3500 0600 BR NSC 08/08 Q1014 BECMG 25015G25KT 6000 NSW,M
FAPE,2026-08-22 05:00,48.20,48.20,100.00,270.00,3.00,0.00,29.94,M,2.17,M,NSC,M,M,M,M,M,M,M,BR,M,M,M,M,M,M,47.21,FAPE 220500Z 27003KT 3500 0450 BR NSC 09/09 Q1014 BECMG 25015G25KT 6000 NSW,M
FAPE,2026-08-22 05:02,51.80,51.80,100.00,270.00,3.00,0.00,29.94,M,3.73,M,NSC,M,M,M,M,M,M,M,M,M,M,M,M,M,M,51.80,FAPE 220502Z 27003KT 6000 NSC 11/11 Q1014 BECMG 25015G25KT,M
FAPE,2026-08-22 05:18,55.40,55.40,100.00,250.00,5.00,0.00,29.97,M,6.21,M,M,M,M,M,M,M,M,M,M,M,M,M,M,M,M,55.40,FAPE 220518Z 25005KT 230V290 CAVOK 13/13 Q1015 BECMG 25015G25KT,M
FAPE,2026-08-22 06:00,57.20,55.40,93.70,240.00,13.00,0.00,29.97,M,6.21,M,M,M,M,M,M,M,M,M,M,M,M,M,M,M,M,57.20,FAPE 220600Z 24013KT CAVOK 14/13 Q1015 BECMG 25015G25KT,M
FAPE,2026-08-22 06:23,57.20,57.20,100.00,240.00,19.00,0.00,29.97,M,6.21,30.00,FEW,M,M,M,500.00,M,M,M,M,M,M,M,M,M,M,57.20,FAPE 220623Z 24019G30KT 9999 FEW005 14/14 Q1015 TEMPO BKN008,M
FAPE,2026-08-22 06:31,59.00,57.20,93.74,230.00,23.00,0.00,29.97,M,6.21,M,SCT,M,M,M,500.00,M,M,M,M,M,M,M,M,M,M,59.00,FAPE 220631Z 23023KT 9999 SCT005 15/14 Q1015 TEMPO 24025G35KT BKN008,M
FAPE,2026-08-22 07:00,59.00,57.20,93.74,230.00,22.00,0.00,29.97,M,6.21,M,FEW,M,M,M,500.00,M,M,M,M,M,M,M,M,M,M,59.00,FAPE 220700Z 23022KT 9999 FEW005 15/14 Q1015 TEMPO 24025G35KT BKN008,M
FAPE,2026-08-22 07:05,59.00,57.20,93.74,230.00,22.00,0.00,30.00,M,6.21,33.00,FEW,M,M,M,500.00,M,M,M,M,M,M,M,M,M,M,59.00,FAPE 220705Z 23022G33KT 9999 FEW005 15/14 Q1016 TEMPO 24025G35KT BKN008,M
FAPE,2026-08-22 07:07,59.00,57.20,93.74,230.00,24.00,0.00,30.00,M,6.21,36.00,FEW,M,M,M,500.00,M,M,M,M,M,M,M,M,M,M,59.00,FAPE 220707Z 23024G36KT 9999 FEW005 15/14 Q1016 TEMPO BKN008,M
FAPE,2026-08-22 07:22,60.80,57.20,87.93,240.00,25.00,0.00,30.00,M,6.21,M,FEW,M,M,M,1100.00,M,M,M,M,M,M,M,M,M,M,60.80,FAPE 220722Z 24025KT 9999 FEW011 16/14 Q1016 TEMPO 24025G35KT BKN008,M
FAPE,2026-08-22 07:23,60.80,57.20,87.93,240.00,25.00,0.00,30.00,M,6.21,36.00,FEW,M,M,M,1100.00,M,M,M,M,M,M,M,M,M,M,60.80,FAPE 220723Z 24025G36KT 9999 FEW011 16/14 Q1016 TEMPO BKN008,M
FAPE,2026-08-22 08:00,62.60,55.40,77.31,250.00,33.00,0.00,30.03,M,5.59,45.00,BKN,M,M,M,1600.00,M,M,M,M,M,M,M,M,M,M,62.60,FAPE 220800Z 25033G45KT 9000 BKN016 17/13 Q1017 TEMPO BKN008,M
FAPE,2026-08-22 08:01,62.60,57.20,82.51,250.00,32.00,0.00,30.03,M,5.59,42.00,BKN,M,M,M,1400.00,M,M,M,M,M,M,M,M,M,M,62.60,COR FAPE 220801Z 25032G42KT 9000 BKN014 17/14 Q1017 TEMPO BKN008,M
FAPE,2026-08-22 08:02,62.60,55.40,77.31,250.00,33.00,0.00,30.03,M,5.59,M,SCT,M,M,M,1400.00,M,M,M,M,M,M,M,M,M,M,62.60,FAPE 220802Z 25033KT 9000 SCT014 17/13 Q1017 TEMPO BKN008,M
FAPE,2026-08-22 09:00,64.40,55.40,72.58,260.00,29.00,0.00,30.06,M,5.59,44.00,FEW,M,M,M,1400.00,M,M,M,M,M,M,M,M,M,M,64.40,FAPE 220900Z 26029G44KT 9000 FEW014 18/13 Q1018 TEMPO BKN008,M
FAPE,2026-08-22 10:00,64.40,55.40,72.58,250.00,33.00,0.00,30.09,M,5.59,46.00,FEW,M,M,M,1400.00,M,M,M,M,M,M,M,M,M,M,64.40,FAPE 221000Z 25033G46KT 9000 FEW014 18/13 Q1019 NOSIG,M
FAPE,2026-08-22 11:00,66.20,55.40,68.18,250.00,32.00,0.00,30.09,M,5.59,45.00,FEW,M,M,M,3900.00,M,M,M,M,M,M,M,M,M,M,66.20,FAPE 221100Z 25032G45KT 9000 FEW039 19/13 Q1019 NOSIG,M
FAPE,2026-08-22 12:00,62.60,53.60,72.40,250.00,23.00,0.00,30.12,M,6.21,35.00,FEW,M,M,M,2000.00,M,M,M,M,M,M,M,M,M,M,62.60,FAPE 221200Z 25023G35KT 9999 FEW020 17/12 Q1020 NOSIG,M
FAPE,2026-08-22 13:00,64.40,55.40,72.58,240.00,24.00,0.00,30.15,M,6.21,37.00,FEW,M,M,M,1500.00,M,M,M,M,M,M,M,M,M,M,64.40,FAPE 221300Z 24024G37KT 9999 FEW015 18/13 Q1021 NOSIG,M
FAPE,2026-08-22 14:00,62.60,50.00,63.39,240.00,22.00,0.00,30.18,M,6.21,43.00,M,M,M,M,M,M,M,M,M,M,M,M,M,M,M,62.60,COR FAPE 221400Z 24022G43KT CAVOK 17/10 Q1022 NOSIG,M
FAPE,2026-08-22 15:00,60.80,51.80,72.21,240.00,25.00,0.00,30.21,M,6.21,M,M,M,M,M,M,M,M,M,M,M,M,M,M,M,M,60.80,FAPE 221500Z 24025KT CAVOK 16/11 Q1023 NOSIG,M
FAPE,2026-08-22 15:04,60.80,51.80,72.21,240.00,24.00,0.00,30.18,M,6.21,34.00,M,M,M,M,M,M,M,M,M,M,M,M,M,M,M,60.80,FAPE 221504Z 24024G34KT CAVOK 16/11 Q1022 NOSIG,M
FAPE,2026-08-22 16:00,59.00,48.20,67.34,250.00,16.00,0.00,30.24,M,6.21,M,M,M,M,M,M,M,M,M,M,M,M,M,M,M,M,59.00,FAPE 221600Z 25016KT CAVOK 15/09 Q1024 NOSIG,M
FAPE,2026-08-22 17:00,60.80,50.00,67.55,270.00,13.00,0.00,30.27,M,6.21,M,SCT,M,M,M,4000.00,M,M,M,M,M,M,M,M,M,M,60.80,FAPE 221700Z 27013KT 9999 SCT040 16/10 Q1025 NOSIG,M
FAPE,2026-08-22 17:30,60.80,51.80,72.21,260.00,16.00,0.00,30.27,M,6.21,26.00,BKN,M,M,M,3000.00,M,M,M,M,M,M,M,M,M,M,60.80,FAPE 221730Z 26016G26KT 9999 BKN030 16/11 Q1025 NOSIG,M
FAPE,2026-08-22 18:00,59.00,51.80,76.99,270.00,15.00,0.00,30.30,M,6.21,M,FEW,M,M,M,3000.00,M,M,M,M,M,M,M,M,M,M,59.00,FAPE 221800Z 27015KT 9999 FEW030 15/11 Q1026 NOSIG,M
FAPE,2026-08-22 18:03,59.00,53.60,82.26,260.00,15.00,0.00,30.30,M,6.21,26.00,FEW,M,M,M,3000.00,M,M,M,M,M,M,M,M,M,M,59.00,FAPE 221803Z 26015G26KT 9999 FEW030 15/12 Q1026 NOSIG,M
FAPE,2026-08-22 19:00,59.00,51.80,76.99,260.00,16.00,0.00,30.30,M,6.21,M,FEW,M,M,M,4000.00,M,M,M,M,M,M,M,M,M,M,59.00,FAPE 221900Z 26016KT 9999 FEW040 15/11 Q1026 NOSIG,M
FAPE,2026-08-22 22:00,59.00,53.60,82.26,240.00,20.00,0.00,30.33,M,6.21,M,M,M,M,M,M,M,M,M,M,M,M,M,M,M,M,59.00,FAPE 222200Z 24020KT CAVOK 15/12 Q1027 NOSIG,M
FAPE,2026-08-22 23:00,57.20,51.80,82.13,270.00,13.00,0.00,30.36,M,6.21,M,M,M,M,M,M,M,M,M,M,M,M,M,M,M,M,57.20,COR FAPE 222300Z 27013KT CAVOK 14/11 Q1028 NOSIG,M
FAPE,2026-08-23 00:00,57.20,50.00,76.83,250.00,16.00,0.00,30.36,M,6.21,M,M,M,M,M,M,M,M,M,M,M,M,M,M,M,M,57.20,FAPE 230000Z 25016KT CAVOK 14/10 Q1028 NOSIG,M
FAPE,2026-08-23 01:00,57.20,50.00,76.83,270.00,9.00,0.00,30.36,M,6.21,M,M,M,M,M,M,M,M,M,M,M,M,M,M,M,M,57.20,FAPE 230100Z 27009KT CAVOK 14/10 Q1028 NOSIG,M
FAPE,2026-08-23 02:00,57.20,48.20,71.84,280.00,10.00,0.00,30.36,M,6.21,M,M,M,M,M,M,M,M,M,M,M,M,M,M,M,M,57.20,FAPE 230200Z 28010KT CAVOK 14/09 Q1028 NOSIG,M
FAPE,2026-08-23 03:00,53.60,48.20,81.87,290.00,5.00,0.00,30.36,M,6.21,M,M,M,M,M,M,M,M,M,M,M,M,M,M,M,M,53.60,FAPE 230300Z 29005KT CAVOK 12/09 Q1028 NOSIG,M
FAPE,2026-08-23 04:00,55.40,48.20,76.67,260.00,10.00,0.00,30.36,M,6.21,M,M,M,M,M,M,M,M,M,M,M,M,M,M,M,M,55.40,FAPE 230400Z 26010KT CAVOK 13/09 Q1028 NOSIG,M
FAPE,2026-08-23 05:00,53.60,48.20,81.87,280.00,8.00,0.00,30.39,M,6.21,M,M,M,M,M,M,M,M,M,M,M,M,M,M,M,M,53.60,FAPE 230500Z 28008KT CAVOK 12/09 Q1029 NOSIG,M
FAPE,2026-08-23 05:49,57.20,50.00,76.83,240.00,5.00,0.00,30.39,M,6.21,M,M,M,M,M,M,M,M,M,M,M,M,M,M,M,M,57.20,FAPE 230549Z 24005KT CAVOK 14/10 Q1029 NOSIG,M
FAPE,2026-08-23 06:00,57.20,50.00,76.83,230.00,5.00,0.00,30.39,M,6.21,M,M,M,M,M,M,M,M,M,M,M,M,M,M,M,M,57.20,FAPE 230600Z 23005KT CAVOK 14/10 Q1029 NOSIG,M
FAPE,2026-08-23 06:11,60.80,50.00,67.55,260.00,7.00,0.00,30.39,M,6.21,M,M,M,M,M,M,M,M,M,M,M,M,M,M,M,M,60.80,FAPE 230611Z 26007KT CAVOK 16/10 Q1029 NOSIG,M
FAPE,2026-08-23 07:00,62.60,50.00,63.39,230.00,11.00,0.00,30.42,M,6.21,M,M,M,M,M,M,M,M,M,M,M,M,M,M,M,M,62.60,FAPE 230700Z 23011KT CAVOK 17/10 Q1030 NOSIG,M
FAPE,2026-08-23 07:58,66.20,50.00,55.91,230.00,10.00,0.00,30.42,M,6.21,M,M,M,M,M,M,M,M,M,M,M,M,M,M,M,M,66.20,FAPE 230758Z 23010KT CAVOK 19/10 Q1030 NOSIG,M
FAPE,2026-08-23 08:00,66.20,50.00,55.91,230.00,10.00,0.00,30.42,M,6.21,M,M,M,M,M,M,M,M,M,M,M,M,M,M,M,M,66.20,FAPE 230800Z 23010KT CAVOK 19/10 Q1030 NOSIG,M
FAPE,2026-08-23 09:00,64.40,48.20,55.65,240.00,12.00,0.00,30.39,M,6.21,M,M,M,M,M,M,M,M,M,M,M,M,M,M,M,M,64.40,FAPE 230900Z 24012KT CAVOK 18/09 Q1029 NOSIG,M
FAPE,2026-08-23 10:00,66.20,46.40,48.85,230.00,10.00,0.00,30.36,M,6.21,M,M,M,M,M,M,M,M,M,M,M,M,M,M,M,M,66.20,FAPE 231000Z 23010KT 200V260 CAVOK 19/08 Q1028 NOSIG,M
FAPE,2026-08-23 11:00,66.20,48.20,52.27,210.00,11.00,0.00,30.36,M,6.21,M,M,M,M,M,M,M,M,M,M,M,M,M,M,M,M,66.20,FAPE 231100Z 21011KT CAVOK 19/09 Q1028 NOSIG,M
FAPE,2026-08-23 12:00,66.20,48.20,52.27,220.00,10.00,0.00,30.33,M,6.21,M,M,M,M,M,M,M,M,M,M,M,M,M,M,M,M,66.20,FAPE 231200Z 22010KT CAVOK 19/09 Q1027 NOSIG,M
FAPE,2026-08-23 13:00,66.20,48.20,52.27,200.00,9.00,0.00,30.30,M,6.21,M,M,M,M,M,M,M,M,M,M,M,M,M,M,M,M,66.20,FAPE 231300Z 20009KT CAVOK 19/09 Q1026 NOSIG,M
FAPE,2026-08-23 14:00,64.40,48.20,55.65,210.00,7.00,0.00,30.30,M,6.21,M,M,M,M,M,M,M,M,M,M,M,M,M,M,M,M,64.40,FAPE 231400Z 21007KT 170V230 CAVOK 18/09 Q1026 NOSIG,M
FAPE,2026-08-23 15:00,62.60,53.60,72.40,200.00,6.00,0.00,30.30,M,6.21,M,M,M,M,M,M,M,M,M,M,M,M,M,M,M,M,62.60,FAPE 231500Z 20006KT CAVOK 17/12 Q1026 NOSIG,M
FAPE,2026-08-23 16:00,59.00,53.60,82.26,220.00,3.00,0.00,30.30,M,6.21,M,M,M,M,M,M,M,M,M,M,M,M,M,M,M,M,59.00,FAPE 231600Z 22003KT CAVOK 15/12 Q1026 NOSIG,M
FAPE,2026-08-23 17:00,55.40,53.60,93.65,230.00,4.00,0.00,30.33,M,6.21,M,M,M,M,M,M,M,M,M,M,M,M,M,M,M,M,55.40,FAPE 231700Z 23004KT CAVOK 13/12 Q1027 NOSIG,M
FAPE,2026-08-23 18:00,53.60,51.80,93.60,270.00,3.00,0.00,30.33,M,6.21,M,M,M,M,M,M,M,M,M,M,M,M,M,M,M,M,53.60,FAPE 231800Z 27003KT CAVOK 12/11 Q1027 NOSIG,M
FAPE,2026-08-23 19:00,51.80,50.00,93.55,300.00,3.00,0.00,30.33,M,6.21,M,M,M,M,M,M,M,M,M,M,M,M,M,M,M,M,51.80,FAPE 231900Z 30003KT CAVOK 11/10 Q1027 NOSIG,M
FAPE,2026-08-23 20:00,51.80,50.00,93.55,280.00,4.00,0.00,30.33,M,6.21,M,M,M,M,M,M,M,M,M,M,M,M,M,M,M,M,51.80,FAPE 232000Z 28004KT CAVOK 11/10 Q1027 NOSIG,M
FAPE,2026-08-23 21:00,50.00,50.00,100.00,290.00,3.00,0.00,30.33,M,6.21,M,M,M,M,M,M,M,M,M,M,M,M,M,M,M,M,50.00,FAPE 232100Z 29003KT CAVOK 10/10 Q1027 NOSIG,M
FAPE,2026-08-23 23:00,50.00,50.00,100.00,310.00,3.00,0.00,30.27,M,6.21,M,M,M,M,M,M,M,M,M,M,M,M,M,M,M,M,50.00,FAPE 232300Z 31003KT CAVOK 10/10 Q1025 NOSIG,M
FAPE,2026-08-24 00:00,46.40,46.40,100.00,250.00,5.00,0.00,30.27,M,6.21,M,M,M,M,M,M,M,M,M,M,M,M,M,M,M,M,43.50,FAPE 240000Z 25005KT CAVOK 08/08 Q1025 NOSIG,M
FAPE,2026-08-24 01:00,48.20,48.20,100.00,M,2.00,0.00,30.27,M,6.21,M,M,M,M,M,M,M,M,M,M,M,M,M,M,M,M,48.20,FAPE 240100Z VRB02KT CAVOK 09/09 Q1025 NOSIG,M
FAPE,2026-08-24 01:32,46.40,46.40,100.00,250.00,3.00,0.00,30.24,M,5.59,M,NSC,M,M,M,M,M,M,M,M,M,M,M,M,M,M,45.15,FAPE 240132Z 25003KT 9000 NSC 08/08 Q1024 NOSIG,M
FAPE,2026-08-24 02:00,46.40,46.40,100.00,280.00,3.00,0.00,30.24,M,5.59,M,NSC,M,M,M,M,M,M,M,M,M,M,M,M,M,M,45.15,FAPE 240200Z 28003KT 9000 NSC 08/08 Q1024 NOSIG,M
FAPE,2026-08-24 03:00,44.60,44.60,100.00,270.00,4.00,0.00,30.24,M,5.59,M,NSC,M,M,M,M,M,M,M,M,M,M,M,M,M,M,42.13,FAPE 240300Z 27004KT 9000 NSC 07/07 Q1024 NOSIG,M
FAPE,2026-08-24 04:00,44.60,44.60,100.00,270.00,4.00,0.00,30.27,M,6.21,M,M,M,M,M,M,M,M,M,M,M,M,M,M,M,M,42.13,FAPE 240400Z 27004KT CAVOK 07/07 Q1025 NOSIG,M
FAPE,2026-08-24 05:00,46.40,46.40,100.00,280.00,4.00,0.00,30.27,M,6.21,M,M,M,M,M,M,M,M,M,M,M,M,M,M,M,M,44.24,FAPE 240500Z 28004KT CAVOK 08/08 Q1025 NOSIG,M
FAPE,2026-08-24 05:41,51.80,50.00,93.55,270.00,4.00,0.00,30.27,M,6.21,M,M,M,M,M,M,M,M,M,M,M,M,M,M,M,M,51.80,FAPE 240541Z 27004KT CAVOK 11/10 Q1025 NOSIG,M
FAPE,2026-08-24 05:58,55.40,51.80,87.65,270.00,5.00,0.00,30.27,M,6.21,M,M,M,M,M,M,M,M,M,M,M,M,M,M,M,M,55.40,FAPE 240558Z 27005KT CAVOK 13/11 Q1025 NOSIG,M
FAPE,2026-08-24 06:00,55.40,51.80,87.65,270.00,5.00,0.00,30.27,M,6.21,M,M,M,M,M,M,M,M,M,M,M,M,M,M,M,M,55.40,FAPE 240600Z 27005KT CAVOK 13/11 Q1025 NOSIG,M
FAPE,2026-08-24 06:40,60.80,53.60,77.15,260.00,4.00,0.00,30.27,M,6.21,M,M,M,M,M,M,M,M,M,M,M,M,M,M,M,M,60.80,FAPE 240640Z 26004KT CAVOK 16/12 Q1025 NOSIG,M
FAPE,2026-08-24 07:00,60.80,53.60,77.15,240.00,6.00,0.00,30.27,M,6.21,M,M,M,M,M,M,M,M,M,M,M,M,M,M,M,M,60.80,FAPE 240700Z 24006KT CAVOK 16/12 Q1025 NOSIG,M
FAPE,2026-08-24 08:00,64.40,51.80,63.62,230.00,8.00,0.00,30.27,M,6.21,M,M,M,M,M,M,M,M,M,M,M,M,M,M,M,M,64.40,FAPE 240800Z 23008KT CAVOK 18/11 Q1025 NOSIG,M
FAPE,2026-08-24 09:00,66.20,51.80,59.76,230.00,6.00,0.00,30.27,M,6.21,M,M,M,M,M,M,M,M,M,M,M,M,M,M,M,M,66.20,FAPE 240900Z 23006KT 180V270 CAVOK 19/11 Q1025 NOSIG,M
FAPE,2026-08-24 10:00,66.20,48.20,52.27,210.00,8.00,0.00,30.27,M,6.21,M,M,M,M,M,M,M,M,M,M,M,M,M,M,M,M,66.20,FAPE 241000Z 21008KT 170V250 CAVOK 19/09 Q1025 NOSIG,M
FAPE,2026-08-24 11:00,66.20,53.60,63.85,210.00,9.00,0.00,30.24,M,6.21,M,FEW,M,M,M,2000.00,M,M,M,M,M,M,M,M,M,M,66.20,FAPE 241100Z 21009KT 170V250 9999 FEW020 19/12 Q1024 NOSIG,M
FAPE,2026-08-24 12:00,66.20,55.40,68.18,210.00,8.00,0.00,30.21,M,6.21,M,FEW,M,M,M,2000.00,M,M,M,M,M,M,M,M,M,M,66.20,FAPE 241200Z 21008KT 180V260 9999 FEW020 19/13 Q1023 NOSIG,M
FAPE,2026-08-24 13:00,66.20,53.60,63.85,220.00,8.00,0.00,30.21,M,6.21,M,FEW,M,M,M,2000.00,M,M,M,M,M,M,M,M,M,M,66.20,FAPE 241300Z 22008KT 180V240 9999 FEW020 19/12 Q1023 NOSIG,M
FAPE,2026-08-24 14:00,64.40,53.60,67.97,220.00,8.00,0.00,30.18,M,6.21,M,FEW,M,M,M,2000.00,M,M,M,M,M,M,M,M,M,M,64.40,FAPE 241400Z 22008KT 9999 FEW020 18/12 Q1022 NOSIG,M
FAPE,2026-08-24 15:00,62.60,55.40,77.31,210.00,6.00,0.00,30.18,M,6.21,M,FEW,M,M,M,2500.00,M,M,M,M,M,M,M,M,M,M,62.60,FAPE 241500Z 21006KT 180V240 9999 FEW025 17/13 Q1022 NOSIG,M
FAPE,2026-08-24 16:00,59.00,57.20,93.74,230.00,5.00,0.00,30.21,M,6.21,M,FEW,M,M,M,2500.00,M,M,M,M,M,M,M,M,M,M,59.00,FAPE 241600Z 23005KT 9999 FEW025 15/14 Q1023 NOSIG,M
FAPE,2026-08-24 17:00,57.20,57.20,100.00,240.00,5.00,0.00,30.21,M,4.97,M,FEW,M,M,M,800.00,M,M,M,M,M,M,M,M,M,M,57.20,FAPE 241700Z 24005KT 8000 FEW008 14/14 Q1023 TEMPO 5000 FU,M
FAPE,2026-08-24 18:00,55.40,55.40,100.00,240.00,5.00,0.00,30.21,M,6.21,M,FEW,M,M,M,1500.00,M,M,M,M,M,M,M,M,M,M,55.40,FAPE 241800Z 24005KT 9999 FEW015 13/13 Q1023 TEMPO 5000 BR,M
FAPE,2026-08-24 19:00,53.60,53.60,100.00,240.00,6.00,0.00,30.21,M,4.35,M,NSC,M,M,M,M,M,M,M,M,M,M,M,M,M,M,53.60,FAPE 241900Z 24006KT 7000 NSC 12/12 Q1023 BECMG 5000 BR,M
FAPE,2026-08-24 20:00,55.40,55.40,100.00,260.00,4.00,0.00,30.21,M,4.35,M,NSC,M,M,M,M,M,M,M,M,M,M,M,M,M,M,55.40,FAPE 242000Z 26004KT 7000 NSC 13/13 Q1023 BECMG 5000 BR,M
FAPE,2026-08-24 21:00,53.60,53.60,100.00,260.00,4.00,0.00,30.21,M,4.35,M,NSC,M,M,M,M,M,M,M,M,M,M,M,M,M,M,53.60,FAPE 242100Z 26004KT 7000 NSC 12/12 Q1023 BECMG 5000 BR,M
FAPE,2026-08-24 22:00,53.60,53.60,100.00,260.00,4.00,0.00,30.21,M,4.97,M,NSC,M,M,M,M,M,M,M,M,M,M,M,M,M,M,53.60,FAPE 242200Z 26004KT 8000 NSC 12/12 Q1023 NOSIG,M
FAPE,2026-08-24 23:00,50.00,50.00,100.00,270.00,4.00,0.00,30.21,M,6.21,M,M,M,M,M,M,M,M,M,M,M,M,M,M,M,M,50.00,FAPE 242300Z 27004KT CAVOK 10/10 Q1023 NOSIG,M
FAPE,2026-08-25 00:00,51.80,51.80,100.00,270.00,4.00,0.00,30.21,M,6.21,M,FEW,M,M,M,2800.00,M,M,M,M,M,M,M,M,M,M,51.80,FAPE 250000Z 27004KT 9999 FEW028 11/11 Q1023 NOSIG,M
FAPE,2026-08-25 01:00,53.60,53.60,100.00,270.00,3.00,0.00,30.18,M,6.21,M,BKN,M,M,M,2600.00,M,M,M,M,M,M,M,M,M,M,53.60,FAPE 250100Z 27003KT 9999 BKN026 12/12 Q1022 NOSIG,M
FAPE,2026-08-25 01:56,57.20,55.40,93.70,290.00,6.00,0.00,30.18,M,6.21,M,BKN,M,M,M,2600.00,M,M,M,M,M,M,M,M,M,M,57.20,FAPE 250156Z 29006KT 9999 BKN026 14/13 Q1022 NOSIG,M
FAPE,2026-08-25 02:00,57.20,55.40,93.70,290.00,6.00,0.00,30.18,M,6.21,M,BKN,M,M,M,2600.00,M,M,M,M,M,M,M,M,M,M,57.20,FAPE 250200Z 29006KT 9999 BKN026 14/13 Q1022 NOSIG,M
FAPE,2026-08-25 03:00,57.20,55.40,93.70,270.00,5.00,0.00,30.18,M,6.21,M,BKN,M,M,M,2600.00,M,M,M,M,M,M,M,M,M,M,57.20,FAPE 250300Z 27005KT 9999 BKN026 14/13 Q1022 NOSIG,M
FAPE,2026-08-25 04:00,57.20,53.60,87.75,300.00,6.00,0.00,30.18,M,6.21,M,BKN,M,M,M,3000.00,M,M,M,M,M,M,M,M,M,M,57.20,FAPE 250400Z 30006KT 9999 BKN030 14/12 Q1022 NOSIG,M
FAPE,2026-08-25 05:00,55.40,53.60,93.65,280.00,6.00,0.00,30.21,M,6.21,M,BKN,M,M,M,3000.00,M,M,M,M,M,M,M,M,M,M,55.40,FAPE 250500Z 28006KT 9999 BKN030 13/12 Q1023 NOSIG,M
FAPE,2026-08-25 06:00,57.20,53.60,87.75,290.00,7.00,0.00,30.21,M,6.21,M,BKN,M,M,M,3000.00,M,M,M,M,M,M,M,M,M,M,57.20,FAPE 250600Z 29007KT 9999 BKN030 14/12 Q1023 NOSIG,M
FAPE,2026-08-25 07:00,60.80,51.80,72.21,270.00,8.00,0.00,30.24,M,6.21,20.00,BKN,M,M,M,3000.00,M,M,M,M,M,M,M,M,M,M,60.80,FAPE 250700Z 27008G20KT 9999 BKN030 16/11 Q1024 NOSIG,M
FAPE,2026-08-25 08:00,62.60,51.80,67.76,250.00,10.00,0.00,30.24,M,6.21,M,BKN,M,M,M,3000.00,M,M,M,M,M,M,M,M,M,M,62.60,FAPE 250800Z 25010KT 230V290 9999 BKN030 17/11 Q1024 NOSIG,M
FAPE,2026-08-25 08:23,66.20,50.00,55.91,250.00,9.00,0.00,30.24,M,6.21,M,BKN,M,M,M,3500.00,M,M,M,M,M,M,M,M,M,M,66.20,FAPE 250823Z 25009KT 220V280 9999 BKN035 19/10 Q1024 NOSIG,M
FAPE,2026-08-25 09:00,66.20,51.80,59.76,240.00,9.00,0.00,30.24,M,6.21,M,BKN,M,M,M,3500.00,M,M,M,M,M,M,M,M,M,M,66.20,FAPE 250900Z 24009KT 210V270 9999 BKN035 19/11 Q1024 NOSIG,M
FAPE,2026-08-25 10:00,66.20,50.00,55.91,260.00,10.00,0.00,30.24,M,6.21,M,BKN,M,M,M,3700.00,M,M,M,M,M,M,M,M,M,M,66.20,FAPE 251000Z 26010KT 230V290 9999 BKN037 19/10 Q1024 NOSIG,M
FAPE,2026-08-25 11:00,66.20,50.00,55.91,230.00,11.00,0.00,30.24,M,6.21,M,BKN,M,M,M,3700.00,M,M,M,M,M,M,M,M,M,M,66.20,FAPE 251100Z 23011KT 9999 BKN037 19/10 Q1024 NOSIG,M
FAPE,2026-08-25 12:00,64.40,51.80,63.62,230.00,12.00,0.00,30.21,M,6.21,M,BKN,M,M,M,3800.00,M,M,M,M,M,M,M,M,M,M,64.40,FAPE 251200Z 23012KT 9999 BKN038 18/11 Q1023 NOSIG,M
FAPE,2026-08-25 13:00,64.40,51.80,63.62,250.00,13.00,0.00,30.21,M,6.21,M,BKN,M,M,M,3600.00,M,M,M,M,M,M,M,M,M,M,64.40,FAPE 251300Z 25013KT 9999 BKN036 18/11 Q1023 NOSIG,M
FAPE,2026-08-25 14:00,62.60,53.60,72.40,230.00,11.00,0.00,30.24,M,6.21,M,OVC,M,M,M,3700.00,M,M,M,M,M,M,M,M,M,M,62.60,FAPE 251400Z 23011KT 9999 OVC037 17/12 Q1024 NOSIG,M
FAPE,2026-08-25 15:00,62.60,55.40,77.31,240.00,12.00,0.00,30.24,M,6.21,M,OVC,M,M,M,3400.00,M,M,M,M,M,M,M,M,M,M,62.60,FAPE 251500Z 24012KT 9999 OVC034 17/13 Q1024 NOSIG,M
FAPE,2026-08-25 16:00,60.80,55.40,82.38,240.00,10.00,0.00,30.24,M,6.21,M,OVC,M,M,M,3600.00,M,M,M,M,M,M,M,M,M,M,60.80,FAPE 251600Z 24010KT 9999 OVC036 16/13 Q1024 NOSIG,M
FAPE,2026-08-25 17:00,60.80,55.40,82.38,250.00,8.00,0.00,30.27,M,6.21,M,BKN,M,M,M,3400.00,M,M,M,M,M,M,M,M,M,M,60.80,FAPE 251700Z 25008KT 9999 BKN034 16/13 Q1025 NOSIG,M
FAPE,2026-08-25 18:00,59.00,55.40,87.84,250.00,8.00,0.00,30.30,M,6.21,M,FEW,BKN,M,M,1800.00,3200.00,M,M,M,M,M,M,M,M,M,59.00,FAPE 251800Z 25008KT 9999 FEW018 BKN032 15/13 Q1026 NOSIG,M
FAPE,2026-08-25 18:46,57.20,57.20,100.00,200.00,4.00,0.00,30.30,M,5.59,M,OVC,M,M,M,900.00,M,M,M,M,M,M,M,M,M,M,57.20,FAPE 251846Z 20004KT 9000 OVC009 14/14 Q1026 NOSIG,M
FAPE,2026-08-25 19:00,57.20,57.20,100.00,200.00,4.00,0.00,30.30,M,5.59,M,OVC,M,M,M,800.00,M,M,M,M,M,M,M,M,M,M,57.20,FAPE 251900Z 20004KT 9000 OVC008 14/14 Q1026 NOSIG,M
FAPE,2026-08-25 19:53,57.20,57.20,100.00,270.00,5.00,0.00,30.30,M,6.21,M,SCT,OVC,M,M,1500.00,2500.00,M,M,M,M,M,M,M,M,M,57.20,COR FAPE 251953Z 27005KT 9999 SCT015 OVC025 14/14 Q1026 TEMPO BKN015,M
FAPE,2026-08-25 20:00,57.20,57.20,100.00,260.00,5.00,0.00,30.30,M,6.21,M,SCT,OVC,M,M,1500.00,2500.00,M,M,M,M,M,M,M,M,M,57.20,FAPE 252000Z 26005KT 9999 SCT015 OVC025 14/14 Q1026 TEMPO BKN015,M
FAPE,2026-08-25 21:00,59.00,57.20,93.74,260.00,5.00,0.00,30.30,M,6.21,M,SCT,OVC,M,M,1500.00,3500.00,M,M,M,M,M,M,M,M,M,59.00,FAPE 252100Z 26005KT 9999 SCT015 OVC035 15/14 Q1026 TEMPO BKN015,M
FAPE,2026-08-25 23:00,57.20,57.20,100.00,230.00,7.00,0.00,30.33,M,6.21,M,BKN,M,M,M,3500.00,M,M,M,M,M,M,M,M,M,M,57.20,FAPE 252300Z 23007KT 9999 BKN035 14/14 Q1027 NOSIG,M
FAPE,2026-08-26 00:00,55.40,55.40,100.00,230.00,6.00,0.00,30.33,M,6.21,M,SCT,M,M,M,4500.00,M,M,M,M,M,M,M,M,M,M,55.40,FAPE 260000Z 23006KT 9999 SCT045 13/13 Q1027 NOSIG,M
FAPE,2026-08-26 01:00,53.60,53.60,100.00,230.00,5.00,0.00,30.30,M,6.21,M,M,M,M,M,M,M,M,M,M,M,M,M,M,M,M,53.60,FAPE 260100Z 23005KT CAVOK 12/12 Q1026 NOSIG,M
FAPE,2026-08-26 02:00,51.80,51.80,100.00,250.00,4.00,0.00,30.30,M,6.21,M,FEW,M,M,M,4500.00,M,M,M,M,M,M,M,M,M,M,51.80,FAPE 260200Z 25004KT 9999 FEW045 11/11 Q1026 NOSIG,M
FAPE,2026-08-26 02:27,55.40,55.40,100.00,220.00,5.00,0.00,30.30,M,6.21,M,BKN,M,M,M,4000.00,M,M,M,M,M,M,M,M,M,M,55.40,FAPE 260227Z 22005KT 9999 BKN040 13/13 Q1026 NOSIG,M
FAPE,2026-08-26 03:00,55.40,55.40,100.00,220.00,3.00,0.00,30.33,M,6.21,M,BKN,M,M,M,3500.00,M,M,M,M,M,M,M,M,M,M,55.40,FAPE 260300Z 22003KT 9999 BKN035 13/13 Q1027 NOSIG,M
FAPE,2026-08-26 04:00,55.40,55.40,100.00,M,2.00,0.00,30.33,M,6.21,M,BKN,M,M,M,3500.00,M,M,M,M,M,M,M,M,M,M,55.40,FAPE 260400Z VRB02KT 9999 BKN035 13/13 Q1027 NOSIG,M
FAPE,2026-08-26 05:00,55.40,55.40,100.00,0.00,0.00,0.00,30.33,M,6.21,M,SCT,M,M,M,4000.00,M,M,M,M,M,M,M,M,M,M,55.40,FAPE 260500Z 00000KT 9999 SCT040 13/13 Q1027 NOSIG,M
FAPE,2026-08-26 05:43,59.00,59.00,100.00,130.00,1.00,0.00,30.36,M,6.21,M,FEW,M,M,M,3500.00,M,M,M,M,M,M,M,M,M,M,59.00,FAPE 260543Z 13001KT 9999 FEW035 15/15 Q1028 NOSIG,M
FAPE,2026-08-26 06:00,60.80,59.00,93.79,M,2.00,0.00,30.36,M,6.21,M,FEW,M,M,M,4000.00,M,M,M,M,M,M,M,M,M,M,60.80,FAPE 260600Z VRB02KT 9999 FEW040 16/15 Q1028 NOSIG,M
FAPE,2026-08-26 07:00,64.40,57.20,77.46,90.00,5.00,0.00,30.36,M,6.21,M,SCT,M,M,M,3500.00,M,M,M,M,M,M,M,M,M,M,64.40,FAPE 260700Z 09005KT 9999 SCT035 18/14 Q1028 NOSIG,M
FAPE,2026-08-26 08:00,64.40,55.40,72.58,70.00,8.00,0.00,30.36,M,6.21,M,SCT,M,M,M,3600.00,M,M,M,M,M,M,M,M,M,M,64.40,FAPE 260800Z 07008KT 040V100 9999 SCT036 18/13 Q1028 NOSIG,M
FAPE,2026-08-26 09:00,66.20,50.00,55.91,80.00,11.00,0.00,30.36,M,6.21,M,SCT,M,M,M,3500.00,M,M,M,M,M,M,M,M,M,M,66.20,FAPE 260900Z 08011KT 040V100 9999 SCT035 19/10 Q1028 NOSIG,M
FAPE,2026-08-26 10:00,66.20,51.80,59.76,80.00,12.00,0.00,30.36,M,6.21,M,BKN,M,M,M,3700.00,M,M,M,M,M,M,M,M,M,M,66.20,FAPE 261000Z 08012KT 9999 BKN037 19/11 Q1028 NOSIG,M
FAPE,2026-08-26 11:00,66.20,51.80,59.76,80.00,13.00,0.00,30.36,M,6.21,M,BKN,M,M,M,4000.00,M,M,M,M,M,M,M,M,M,M,66.20,FAPE 261100Z 08013KT 9999 BKN040 19/11 Q1028 NOSIG,M
FAPE,2026-08-26 12:00,68.00,51.80,56.16,90.00,13.00,0.00,30.33,M,6.21,M,BKN,M,M,M,4000.00,M,M,M,M,M,M,M,M,M,M,68.00,FAPE 261200Z 09013KT 9999 BKN040 20/11 Q1027 NOSIG,M
FAPE,2026-08-26 13:00,66.20,53.60,63.85,90.00,15.00,0.00,30.30,M,6.21,M,BKN,M,M,M,4000.00,M,M,M,M,M,M,M,M,M,M,66.20,FAPE 261300Z 09015KT 9999 BKN040 19/12 Q1026 NOSIG,M
FAPE,2026-08-26 14:00,66.20,53.60,63.85,80.00,14.00,0.00,30.30,M,6.21,M,FEW,SCT,M,M,3800.00,4300.00,M,M,M,M,M,M,M,M,M,66.20,FAPE 261400Z 08014KT 9999 FEW038 SCT043 19/12 Q1026 NOSIG,M
FAPE,2026-08-26 15:00,64.40,53.60,67.97,80.00,14.00,0.00,30.30,M,6.21,M,FEW,SCT,BKN,M,2300.00,3400.00,4300.00,M,M,M,M,M,M,M,M,64.40,FAPE 261500Z 08014KT 9999 FEW023 SCT034 BKN043 18/12 Q1026 NOSIG,M
FAPE,2026-08-26 16:00,64.40,53.60,67.97,80.00,16.00,0.00,30.30,M,6.21,M,FEW,BKN,M,M,2500.00,3800.00,M,M,M,M,M,M,M,M,M,64.40,FAPE 261600Z 08016KT 9999 FEW025 BKN038 18/12 Q1026 TEMPO 08016G26KT,M
FAPE,2026-08-26 17:00,64.40,53.60,67.97,70.00,15.00,0.00,30.30,M,6.21,M,BKN,M,M,M,3300.00,M,M,M,M,M,M,M,M,M,M,64.40,FAPE 261700Z 07015KT 9999 BKN033 18/12 Q1026 NOSIG,M
FAPE,2026-08-26 18:00,64.40,53.60,67.97,70.00,15.00,0.00,30.30,M,6.21,M,SCT,BKN,M,M,2600.00,3500.00,M,M,M,M,M,M,M,M,M,64.40,FAPE 261800Z 07015KT 9999 SCT026 BKN035 18/12 Q1026 NOSIG,M
FAPE,2026-08-26 18:39,64.40,55.40,72.58,70.00,17.00,0.00,30.30,M,6.21,28.00,SCT,BKN,M,M,2600.00,3500.00,M,M,M,M,M,M,M,M,M,64.40,FAPE 261839Z 07017G28KT 9999 SCT026 BKN035 18/13 Q1026 NOSIG,M
FAPE,2026-08-26 19:00,64.40,55.40,72.58,70.00,18.00,0.00,30.30,M,6.21,M,SCT,BKN,M,M,2600.00,3500.00,M,M,M,M,M,M,M,M,M,64.40,FAPE 261900Z 07018KT 9999 SCT026 BKN035 18/13 Q1026 NOSIG,M
FAPE,2026-08-26 20:00,62.60,55.40,77.31,60.00,18.00,0.00,30.27,M,6.21,M,FEW,M,M,M,2000.00,M,M,M,M,M,M,M,M,M,M,62.60,FAPE 262000Z 06018KT 9999 FEW020 17/13 Q1025 NOSIG,M
FAPE,2026-08-26 20:16,62.60,57.20,82.51,60.00,19.00,0.00,30.27,M,6.21,33.00,SCT,M,M,M,2000.00,M,M,M,M,M,M,M,M,M,M,62.60,FAPE 262016Z 06019G33KT 9999 SCT020 17/14 Q1025 NOSIG,M
FAPE,2026-08-26 21:00,62.60,55.40,77.31,60.00,17.00,0.00,30.24,M,6.21,27.00,BKN,M,M,M,2000.00,M,M,M,M,M,M,M,M,M,M,62.60,FAPE 262100Z 06017G27KT 9999 BKN020 17/13 Q1024 NOSIG,M
FAPE,2026-08-26 22:00,62.60,57.20,82.51,60.00,16.00,0.00,30.24,M,6.21,M,BKN,M,M,M,2000.00,M,M,M,M,M,M,M,M,M,M,62.60,FAPE 262200Z 06016KT 9999 BKN020 17/14 Q1024 NOSIG,M
FAPE,2026-08-26 22:58,60.80,57.20,87.93,70.00,18.00,0.00,30.21,M,6.21,29.00,M,M,M,M,M,M,M,M,M,M,M,M,M,M,M,60.80,FAPE 262258Z 07018G29KT CAVOK 16/14 Q1023 NOSIG,M
FAPE,2026-08-26 23:00,60.80,57.20,87.93,70.00,18.00,0.00,30.21,M,6.21,29.00,M,M,M,M,M,M,M,M,M,M,M,M,M,M,M,60.80,FAPE 262300Z 07018G29KT CAVOK 16/14 Q1023 NOSIG,M
FAPE,2026-08-27 00:00,60.80,57.20,87.93,70.00,18.00,0.00,30.18,M,6.21,28.00,M,M,M,M,M,M,M,M,M,M,M,M,M,M,M,60.80,FAPE 270000Z 07018G28KT CAVOK 16/14 Q1022 NOSIG,M
FAPE,2026-08-27 01:00,60.80,57.20,87.93,70.00,18.00,0.00,30.15,M,6.21,M,M,M,M,M,M,M,M,M,M,M,M,M,M,M,M,60.80,FAPE 270100Z 07018KT CAVOK 16/14 Q1021 NOSIG,M
FAPE,2026-08-27 02:00,60.80,57.20,87.93,70.00,17.00,0.00,30.12,M,6.21,M,M,M,M,M,M,M,M,M,M,M,M,M,M,M,M,60.80,FAPE 270200Z 07017KT CAVOK 16/14 Q1020 NOSIG,M
FAPE,2026-08-27 03:00,60.80,57.20,87.93,70.00,17.00,0.00,30.12,M,6.21,M,M,M,M,M,M,M,M,M,M,M,M,M,M,M,M,60.80,FAPE 270300Z 07017KT CAVOK 16/14 Q1020 NOSIG,M
FAPE,2026-08-27 04:00,60.80,59.00,93.79,60.00,15.00,0.00,30.12,M,6.21,M,M,M,M,M,M,M,M,M,M,M,M,M,M,M,M,60.80,FAPE 270400Z 06015KT CAVOK 16/15 Q1020 NOSIG,M
FAPE,2026-08-27 05:00,59.00,59.00,100.00,40.00,8.00,0.00,30.15,M,6.21,M,M,M,M,M,M,M,M,M,M,M,M,M,M,M,M,59.00,FAPE 270500Z 04008KT 010V070 CAVOK 15/15 Q1021 NOSIG,M
FAPE,2026-08-27 06:00,59.00,55.40,87.84,350.00,6.00,0.00,30.18,M,6.21,M,FEW,M,M,M,1000.00,M,M,M,M,M,M,M,M,M,M,59.00,FAPE 270600Z 35006KT 9999 FEW010 15/13 Q1022 NOSIG,M
FAPE,2026-08-27 07:00,60.80,55.40,82.38,40.00,12.00,0.00,30.18,M,6.21,M,M,M,M,M,M,M,M,M,M,M,M,M,M,M,M,60.80,FAPE 270700Z 04012KT CAVOK 16/13 Q1022 NOSIG,M
FAPE,2026-08-27 08:00,60.80,55.40,82.38,30.00,10.00,0.00,30.15,M,6.21,M,M,M,M,M,M,M,M,M,M,M,M,M,M,M,M,60.80,FAPE 270800Z 03010KT CAVOK 16/13 Q1021 NOSIG,M
FAPE,2026-08-27 08:39,66.20,57.20,72.76,50.00,10.00,0.00,30.15,M,6.21,M,M,M,M,M,M,M,M,M,M,M,M,M,M,M,M,66.20,FAPE 270839Z 05010KT CAVOK 19/14 Q1021 NOSIG,M
FAPE,2026-08-27 09:00,68.00,55.40,64.07,30.00,12.00,0.00,30.12,M,6.21,M,M,M,M,M,M,M,M,M,M,M,M,M,M,M,M,68.00,FAPE 270900Z 03012KT CAVOK 20/13 Q1020 NOSIG,M
FAPE,2026-08-27 10:00,68.00,57.20,68.38,50.00,14.00,0.00,30.12,M,6.21,M,M,M,M,M,M,M,M,M,M,M,M,M,M,M,M,68.00,FAPE 271000Z 05014KT CAVOK 20/14 Q1020 NOSIG,M
FAPE,2026-08-27 11:00,69.80,57.20,64.30,40.00,13.00,0.00,30.09,M,6.21,M,M,M,M,M,M,M,M,M,M,M,M,M,M,M,M,69.80,FAPE 271100Z 04013KT CAVOK 21/14 Q1019 NOSIG,M
FAPE,2026-08-27 12:00,69.80,55.40,60.24,60.00,11.00,0.00,30.06,M,6.21,M,M,M,M,M,M,M,M,M,M,M,M,M,M,M,M,69.80,FAPE 271200Z 06011KT CAVOK 21/13 Q1018 NOSIG,M
FAPE,2026-08-27 13:00,69.80,57.20,64.30,70.00,11.00,0.00,30.03,M,6.21,M,M,M,M,M,M,M,M,M,M,M,M,M,M,M,M,69.80,FAPE 271300Z 07011KT CAVOK 21/14 Q1017 NOSIG,M
FAPE,2026-08-27 14:00,71.60,59.00,64.52,80.00,8.00,0.00,30.03,M,6.21,M,M,M,M,M,M,M,M,M,M,M,M,M,M,M,M,71.60,FAPE 271400Z 08008KT CAVOK 22/15 Q1017 NOSIG,M
FAPE,2026-08-27 15:00,66.20,60.80,82.76,80.00,8.00,0.00,30.03,M,6.21,M,M,M,M,M,M,M,M,M,M,M,M,M,M,M,M,66.20,FAPE 271500Z 08008KT CAVOK 19/16 Q1017 NOSIG,M
FAPE,2026-08-27 16:00,64.40,62.60,93.89,80.00,6.00,0.00,30.03,M,6.21,M,M,M,M,M,M,M,M,M,M,M,M,M,M,M,M,64.40,FAPE 271600Z 08006KT CAVOK 18/17 Q1017 NOSIG,M
FAPE,2026-08-27 17:00,62.60,62.60,100.00,50.00,5.00,0.00,30.06,M,6.21,M,M,M,M,M,M,M,M,M,M,M,M,M,M,M,M,62.60,FAPE 271700Z 05005KT CAVOK 17/17 Q1018 NOSIG,M
FAPE,2026-08-27 18:00,62.60,62.60,100.00,20.00,4.00,0.00,30.06,M,6.21,M,M,M,M,M,M,M,M,M,M,M,M,M,M,M,M,62.60,FAPE 271800Z 02004KT CAVOK 17/17 Q1018 NOSIG,M
FAPE,2026-08-27 19:00,62.60,62.60,100.00,10.00,3.00,0.00,30.06,M,6.21,M,M,M,M,M,M,M,M,M,M,M,M,M,M,M,M,62.60,FAPE 271900Z 01003KT CAVOK 17/17 Q1018 NOSIG,M
FAPE,2026-08-27 20:00,60.80,60.80,100.00,40.00,4.00,0.00,30.06,M,5.59,M,NSC,M,M,M,M,M,M,M,M,M,M,M,M,M,M,60.80,FAPE 272000Z 04004KT 9000 NSC 16/16 Q1018 NOSIG,M
FAPE,2026-08-27 21:00,60.80,60.80,100.00,360.00,3.00,0.00,30.06,M,4.97,M,NSC,M,M,M,M,M,M,M,M,M,M,M,M,M,M,60.80,FAPE 272100Z 36003KT 8000 NSC 16/16 Q1018 NOSIG,M
FAPE,2026-08-27 22:00,59.00,59.00,100.00,M,2.00,0.00,30.03,M,4.97,M,NSC,M,M,M,M,M,M,M,M,M,M,M,M,M,M,59.00,FAPE 272200Z VRB02KT 8000 NSC 15/15 Q1017 NOSIG,M
FAPE,2026-08-27 23:00,57.20,57.20,100.00,330.00,2.00,0.00,30.03,M,4.35,M,NSC,M,M,M,M,M,M,M,M,M,M,M,M,M,M,57.20,FAPE 272300Z 33002KT 7000 NSC 14/14 Q1017 NOSIG,M
FAPE,2026-08-28 00:00,55.40,55.40,100.00,20.00,3.00,0.00,30.03,M,4.35,M,NSC,M,M,M,M,M,M,M,M,M,M,M,M,M,M,55.40,FAPE 280000Z 02003KT 330V060 7000 NSC 13/13 Q1017 NOSIG,M
FAPE,2026-08-28 01:00,53.60,53.60,100.00,20.00,4.00,0.00,30.00,M,4.35,M,NSC,M,M,M,M,M,M,M,M,M,M,M,M,M,M,53.60,FAPE 280100Z 02004KT 350V060 7000 NSC 12/12 Q1016 NOSIG,M
FAPE,2026-08-28 02:00,57.20,57.20,100.00,20.00,3.00,0.00,29.97,M,6.21,M,M,M,M,M,M,M,M,M,M,M,M,M,M,M,M,57.20,FAPE 280200Z 02003KT 330V060 CAVOK 14/14 Q1015 NOSIG,M
FAPE,2026-08-28 03:00,59.00,57.20,93.74,20.00,4.00,0.00,29.97,M,6.21,M,M,M,M,M,M,M,M,M,M,M,M,M,M,M,M,59.00,FAPE 280300Z 02004KT CAVOK 15/14 Q1015 NOSIG,M
FAPE,2026-08-28 04:00,59.00,57.20,93.74,330.00,4.00,0.00,29.97,M,6.21,M,M,M,M,M,M,M,M,M,M,M,M,M,M,M,M,59.00,FAPE 280400Z 33004KT 300V010 CAVOK 15/14 Q1015 NOSIG,M
FAPE,2026-08-28 05:00,59.00,57.20,93.74,240.00,3.00,0.00,29.97,M,6.21,M,M,M,M,M,M,M,M,M,M,M,M,M,M,M,M,59.00,FAPE 280500Z 24003KT 210V270 CAVOK 15/14 Q1015 NOSIG,M
FAPE,2026-08-28 05:43,62.60,59.00,88.01,M,2.00,0.00,30.00,M,6.21,M,M,M,M,M,M,M,M,M,M,M,M,M,M,M,M,62.60,FAPE 280543Z VRB02KT CAVOK 17/15 Q1016 NOSIG,M
FAPE,2026-08-28 06:00,62.60,59.00,88.01,10.00,3.00,0.00,30.00,M,6.21,M,M,M,M,M,M,M,M,M,M,M,M,M,M,M,M,62.60,FAPE 280600Z 01003KT 240V040 CAVOK 17/15 Q1016 NOSIG,M
FAPE,2026-08-28 07:00,64.40,59.00,82.63,250.00,5.00,0.00,30.03,M,6.21,M,M,M,M,M,M,M,M,M,M,M,M,M,M,M,M,64.40,FAPE 280700Z 25005KT CAVOK 18/15 Q1017 NOSIG,M
FAPE,2026-08-28 07:21,68.00,55.40,64.07,220.00,12.00,0.00,30.06,M,6.21,M,M,M,M,M,M,M,M,M,M,M,M,M,M,M,M,68.00,FAPE 280721Z 22012KT CAVOK 20/13 Q1018 NOSIG,M
FAPE,2026-08-28 08:00,68.00,55.40,64.07,240.00,8.00,0.00,30.03,M,6.21,M,M,M,M,M,M,M,M,M,M,M,M,M,M,M,M,68.00,FAPE 280800Z 24008KT CAVOK 20/13 Q1017 NOSIG,M
FAPE,2026-08-28 08:09,71.60,57.20,60.48,260.00,7.00,0.00,30.06,M,6.21,M,M,M,M,M,M,M,M,M,M,M,M,M,M,M,M,71.60,FAPE 280809Z 26007KT CAVOK 22/14 Q1018 NOSIG,M
FAPE,2026-08-28 09:00,71.60,53.60,53.07,240.00,7.00,0.00,30.03,M,6.21,M,M,M,M,M,M,M,M,M,M,M,M,M,M,M,M,71.60,FAPE 280900Z 24007KT CAVOK 22/12 Q1017 NOSIG,M
FAPE,2026-08-28 09:37,77.00,51.80,41.46,270.00,5.00,0.00,30.03,M,6.21,M,M,M,M,M,M,M,M,M,M,M,M,M,M,M,M,77.00,FAPE 280937Z 27005KT CAVOK 25/11 Q1017 NOSIG,M
FAPE,2026-08-28 10:00,77.00,51.80,41.46,280.00,3.00,0.00,30.03,M,6.21,M,M,M,M,M,M,M,M,M,M,M,M,M,M,M,M,77.00,COR FAPE 281000Z 28003KT 230V310 CAVOK 25/11 Q1017 NOSIG,M
FAPE,2026-08-28 11:00,75.20,53.60,47.03,220.00,6.00,0.00,30.00,M,6.21,M,M,M,M,M,M,M,M,M,M,M,M,M,M,M,M,75.20,FAPE 281100Z 22006KT 190V250 CAVOK 24/12 Q1016 NOSIG,M
FAPE,2026-08-28 12:00,69.80,57.20,64.30,230.00,12.00,0.00,30.00,M,6.21,M,M,M,M,M,M,M,M,M,M,M,M,M,M,M,M,69.80,FAPE 281200Z 23012KT CAVOK 21/14 Q1016 NOSIG,M
FAPE,2026-08-28 13:00,66.20,55.40,68.18,230.00,15.00,0.00,30.00,M,6.21,M,M,M,M,M,M,M,M,M,M,M,M,M,M,M,M,66.20,FAPE 281300Z 23015KT CAVOK 19/13 Q1016 NOSIG,M
FAPE,2026-08-28 14:00,66.20,57.20,72.76,230.00,8.00,0.00,29.97,M,6.21,M,M,M,M,M,M,M,M,M,M,M,M,M,M,M,M,66.20,FAPE 281400Z 23008KT CAVOK 19/14 Q1015 NOSIG,M
FAPE,2026-08-28 15:00,66.20,59.00,77.62,230.00,5.00,0.00,29.97,M,6.21,M,M,M,M,M,M,M,M,M,M,M,M,M,M,M,M,66.20,FAPE 281500Z 23005KT CAVOK 19/15 Q1015 NOSIG,M
FAPE,2026-08-28 16:00,64.40,59.00,82.63,220.00,2.00,0.00,30.00,M,6.21,M,M,M,M,M,M,M,M,M,M,M,M,M,M,M,M,64.40,FAPE 281600Z 22002KT CAVOK 18/15 Q1016 NOSIG,M
FAPE,2026-08-28 17:00,62.60,55.40,77.31,M,2.00,0.00,30.00,M,6.21,M,M,M,M,M,M,M,M,M,M,M,M,M,M,M,M,62.60,FAPE 281700Z VRB02KT CAVOK 17/13 Q1016 NOSIG,M
FAPE,2026-08-28 18:00,59.00,55.40,87.84,120.00,3.00,0.00,30.00,M,6.21,M,M,M,M,M,M,M,M,M,M,M,M,M,M,M,M,59.00,FAPE 281800Z 12003KT CAVOK 15/13 Q1016 NOSIG,M
FAPE,2026-08-28 19:00,57.20,57.20,100.00,M,2.00,0.00,30.00,M,6.21,M,M,M,M,M,M,M,M,M,M,M,M,M,M,M,M,57.20,FAPE 281900Z VRB02KT CAVOK 14/14 Q1016 NOSIG,M
FAPE,2026-08-28 20:00,60.80,59.00,93.79,340.00,3.00,0.00,29.97,M,6.21,M,M,M,M,M,M,M,M,M,M,M,M,M,M,M,M,60.80,FAPE 282000Z 34003KT CAVOK 16/15 Q1015 NOSIG,M
FAPE,2026-08-28 21:00,57.20,57.20,100.00,0.00,0.00,0.00,29.97,M,6.21,M,M,M,M,M,M,M,M,M,M,M,M,M,M,M,M,57.20,FAPE 282100Z 00000KT CAVOK 14/14 Q1015 NOSIG,M
FAPE,2026-08-28 22:00,59.00,59.00,100.00,330.00,3.00,0.00,29.94,M,6.21,M,M,M,M,M,M,M,M,M,M,M,M,M,M,M,M,59.00,FAPE 282200Z 33003KT CAVOK 15/15 Q1014 NOSIG,M
FAPE,2026-08-28 23:00,57.20,57.20,100.00,310.00,4.00,0.00,29.91,M,6.21,M,M,M,M,M,M,M,M,M,M,M,M,M,M,M,M,57.20,FAPE 282300Z 31004KT CAVOK 14/14 Q1013 NOSIG,M
FAPE,2026-08-28 23:55,60.80,59.00,93.79,320.00,4.00,0.00,29.88,M,6.21,M,M,M,M,M,M,M,M,M,M,M,M,M,M,M,M,60.80,FAPE 282355Z 32004KT CAVOK 16/15 Q1012 NOSIG,M
FAPE,2026-08-29 00:00,60.80,59.00,93.79,320.00,4.00,0.00,29.88,M,6.21,M,M,M,M,M,M,M,M,M,M,M,M,M,M,M,M,60.80,FAPE 290000Z 32004KT CAVOK 16/15 Q1012 NOSIG,M
FAPE,2026-08-29 01:00,62.60,59.00,88.01,360.00,6.00,0.00,29.85,M,6.21,M,M,M,M,M,M,M,M,M,M,M,M,M,M,M,M,62.60,FAPE 290100Z 36006KT CAVOK 17/15 Q1011 NOSIG,M
FAPE,2026-08-29 01:52,73.40,51.80,46.75,350.00,11.00,0.00,29.85,M,6.21,M,M,M,M,M,M,M,M,M,M,M,M,M,M,M,M,73.40,FAPE 290152Z 35011KT CAVOK 23/11 Q1011 NOSIG,M
FAPE,2026-08-29 02:00,73.40,51.80,46.75,350.00,11.00,0.00,29.85,M,6.21,M,M,M,M,M,M,M,M,M,M,M,M,M,M,M,M,73.40,FAPE 290200Z 35011KT CAVOK 23/11 Q1011 NOSIG,M
FAPE,2026-08-29 03:00,69.80,51.80,52.81,320.00,5.00,0.00,29.85,M,6.21,M,M,M,M,M,M,M,M,M,M,M,M,M,M,M,M,69.80,FAPE 290300Z 32005KT CAVOK 21/11 Q1011 NOSIG,M
FAPE,2026-08-29 04:00,68.00,50.00,52.54,260.00,3.00,0.00,29.85,M,6.21,M,M,M,M,M,M,M,M,M,M,M,M,M,M,M,M,68.00,FAPE 290400Z 26003KT 230V300 CAVOK 20/10 Q1011 NOSIG,M
FAPE,2026-08-29 05:00,59.00,51.80,76.99,M,2.00,0.00,29.85,M,6.21,M,M,M,M,M,M,M,M,M,M,M,M,M,M,M,M,59.00,FAPE 290500Z VRB02KT CAVOK 15/11 Q1011 NOSIG,M
FAPE,2026-08-29 05:45,64.40,55.40,72.58,M,2.00,0.00,29.88,M,6.21,M,M,M,M,M,M,M,M,M,M,M,M,M,M,M,M,64.40,FAPE 290545Z VRB02KT CAVOK 18/13 Q1012 NOSIG,M
FAPE,2026-08-29 06:00,64.40,55.40,72.58,M,2.00,0.00,29.88,M,6.21,M,M,M,M,M,M,M,M,M,M,M,M,M,M,M,M,64.40,FAPE 290600Z VRB02KT CAVOK 18/13 Q1012 NOSIG,M
FAPE,2026-08-29 06:11,68.00,57.20,68.38,10.00,5.00,0.00,29.88,M,6.21,M,M,M,M,M,M,M,M,M,M,M,M,M,M,M,M,68.00,FAPE 290611Z 01005KT CAVOK 20/14 Q1012 NOSIG,M
FAPE,2026-08-29 06:18,71.60,53.60,53.07,360.00,8.00,0.00,29.88,M,6.21,M,M,M,M,M,M,M,M,M,M,M,M,M,M,M,M,71.60,FAPE 290618Z 36008KT CAVOK 22/12 Q1012 NOSIG,M
FAPE,2026-08-29 06:25,75.20,51.80,44.02,360.00,8.00,0.00,29.88,M,6.21,M,M,M,M,M,M,M,M,M,M,M,M,M,M,M,M,75.20,FAPE 290625Z 36008KT CAVOK 24/11 Q1012 NOSIG,M
FAPE,2026-08-29 07:00,75.20,51.80,44.02,10.00,10.00,0.00,29.88,M,6.21,M,M,M,M,M,M,M,M,M,M,M,M,M,M,M,M,75.20,FAPE 290700Z 01010KT CAVOK 24/11 Q1012 NOSIG,M
FAPE,2026-08-29 07:36,77.00,51.80,41.46,M,2.00,0.00,29.88,M,6.21,M,M,M,M,M,M,M,M,M,M,M,M,M,M,M,M,77.00,FAPE 290736Z VRB02KT CAVOK 25/11 Q1012 NOSIG,M
FAPE,2026-08-29 08:00,77.00,55.40,47.30,M,2.00,0.00,29.85,M,6.21,M,M,M,M,M,M,M,M,M,M,M,M,M,M,M,M,77.00,FAPE 290800Z VRB02KT CAVOK 25/13 Q1011 NOSIG,M
FAPE,2026-08-29 08:53,77.00,55.40,47.30,330.00,2.00,0.00,29.83,M,6.21,M,M,M,M,M,M,M,M,M,M,M,M,M,M,M,M,77.00,FAPE 290853Z 33002KT CAVOK 25/13 Q1010 NOSIG,M
FAPE,2026-08-29 09:00,77.00,55.40,47.30,330.00,2.00,0.00,29.83,M,6.21,M,M,M,M,M,M,M,M,M,M,M,M,M,M,M,M,77.00,FAPE 290900Z 33002KT CAVOK 25/13 Q1010 NOSIG,M
FAPE,2026-08-29 10:00,64.40,59.00,82.63,220.00,13.00,0.00,29.85,M,6.21,M,FEW,M,M,M,400.00,M,M,M,M,M,M,M,M,M,M,64.40,FAPE 291000Z 22013KT 9999 FEW004 18/15 Q1011 BECMG 23015G25KT,M
FAPE,2026-08-29 11:00,64.40,60.80,88.10,230.00,15.00,0.00,29.83,M,6.21,M,FEW,M,M,M,300.00,M,M,M,M,M,M,M,M,M,M,64.40,FAPE 291100Z 23015KT 9999 FEW003 18/16 Q1010 TEMPO 23015G25KT BKN003,M
FAPE,2026-08-29 11:17,64.40,62.60,93.89,230.00,17.00,0.00,29.83,M,4.35,M,BKN,M,M,M,200.00,M,M,M,M,M,M,M,M,M,M,64.40,FAPE 291117Z 23017KT 7000 BKN002 18/17 Q1010 BECMG 23020G30KT,M
FAPE,2026-08-29 11:42,66.20,64.40,93.93,230.00,19.00,0.00,29.83,M,4.35,31.00,BKN,M,M,M,200.00,M,M,M,M,M,M,M,M,M,M,66.20,FAPE 291142Z 23019G31KT 7000 BKN002 19/18 Q1010 NOSIG,M
FAPE,2026-08-29 12:00,66.20,62.60,88.19,230.00,20.00,0.00,29.83,M,4.97,30.00,OVC,M,M,M,200.00,M,M,M,VCFG,M,M,M,M,M,M,66.20,FAPE 291200Z 23020G30KT 8000 VCFG OVC002 19/17 Q1010 NOSIG,M
FAPE,2026-08-29 12:17,66.20,62.60,88.19,230.00,24.00,0.00,29.83,M,6.21,34.00,BKN,M,M,M,600.00,M,M,M,M,M,M,M,M,M,M,66.20,FAPE 291217Z 23024G34KT 9999 BKN006 19/17 Q1010 TEMPO BKN003,M
FAPE,2026-08-29 13:00,64.40,62.60,93.89,230.00,25.00,0.00,29.83,M,6.21,35.00,BKN,M,M,M,600.00,M,M,M,M,M,M,M,M,M,M,64.40,FAPE 291300Z 23025G35KT 9999 BKN006 18/17 Q1010 TEMPO BKN003,M
FAPE,2026-08-29 14:00,62.60,60.80,93.84,240.00,23.00,0.00,29.85,M,6.21,33.00,BKN,M,M,M,600.00,M,M,M,M,M,M,M,M,M,M,62.60,FAPE 291400Z 24023G33KT 9999 BKN006 17/16 Q1011 NOSIG,M
FAPE,2026-08-29 15:00,60.80,59.00,93.79,240.00,22.00,0.00,29.91,M,4.97,37.00,BKN,M,M,M,600.00,M,M,M,VCFG,M,M,M,M,M,M,60.80,FAPE 291500Z 24022G37KT 8000 VCFG BKN006 16/15 Q1013 TEMPO 5000,M
FAPE,2026-08-29 15:56,60.80,59.00,93.79,240.00,20.00,0.00,29.94,M,6.21,30.00,SCT,M,M,M,800.00,M,M,M,M,M,M,M,M,M,M,60.80,FAPE 291556Z 24020G30KT 9999 SCT008 16/15 Q1014 NOSIG,M
FAPE,2026-08-29 16:00,60.80,59.00,93.79,240.00,20.00,0.00,29.94,M,6.21,30.00,SCT,M,M,M,800.00,M,M,M,M,M,M,M,M,M,M,60.80,FAPE 291600Z 24020G30KT 9999 SCT008 16/15 Q1014 NOSIG,M
FAPE,2026-08-29 17:00,60.80,59.00,93.79,240.00,20.00,0.00,29.97,M,6.21,M,M,M,M,M,M,M,M,M,M,M,M,M,M,M,M,60.80,FAPE 291700Z 24020KT CAVOK 16/15 Q1015 NOSIG,M
FAPE,2026-08-29 18:00,60.80,57.20,87.93,240.00,16.00,0.00,30.03,M,6.21,M,M,M,M,M,M,M,M,M,M,M,M,M,M,M,M,60.80,FAPE 291800Z 24016KT CAVOK 16/14 Q1017 NOSIG,M
FAPE,2026-08-29 19:00,60.80,55.40,82.38,240.00,15.00,0.00,30.06,M,6.21,M,SCT,M,M,M,4700.00,M,M,M,-RA,M,M,M,M,M,M,60.80,FAPE 291900Z 24015KT 9999 -RA SCT047 16/13 Q1018 NOSIG,M
FAPE,2026-08-29 22:00,59.00,59.00,100.00,250.00,12.00,0.00,30.12,M,6.21,M,SCT,M,M,M,800.00,M,M,M,-RA,M,M,M,M,M,M,59.00,FAPE 292200Z 25012KT 9999 -RA SCT008 15/15 Q1020 BECMG BKN008,M
FAPE,2026-08-29 23:00,59.00,59.00,100.00,250.00,13.00,0.00,30.12,M,6.21,M,SCT,M,M,M,800.00,M,M,M,-RA,M,M,M,M,M,M,59.00,FAPE 292300Z 25013KT 9999 -RA SCT008 15/15 Q1020 BECMG BKN008,M
FAPE,2026-08-29 23:37,57.20,57.20,100.00,270.00,18.00,0.00,30.15,M,6.21,M,BKN,BKN,M,M,800.00,3400.00,M,M,-RA,M,M,M,M,M,M,57.20,FAPE 292337Z 27018KT 9999 -RA BKN008 BKN034 14/14 Q1021 NOSIG,M
FAPE,2026-08-30 00:00,57.20,55.40,93.70,250.00,16.00,0.00,30.15,M,6.21,M,BKN,BKN,M,M,800.00,3400.00,M,M,-RA,M,M,M,M,M,M,57.20,FAPE 300000Z 25016KT 9999 -RA BKN008 BKN034 14/13 Q1021 NOSIG,M
FAPE,2026-08-30 00:19,57.20,55.40,93.70,260.00,12.00,0.00,30.15,M,6.21,M,FEW,SCT,BKN,M,800.00,1400.00,3400.00,M,M,M,M,M,M,M,M,57.20,FAPE 300019Z 26012KT 9999 FEW008 SCT014 BKN034 14/13 Q1021 NOSIG,M
FAPE,2026-08-30 01:00,55.40,55.40,100.00,260.00,12.00,0.00,30.15,M,6.21,M,SCT,BKN,M,M,1400.00,3400.00,M,M,M,M,M,M,M,M,M,55.40,FAPE 300100Z 26012KT 9999 SCT014 BKN034 13/13 Q1021 TEMPO BKN014,M
FAPE,2026-08-30 02:00,55.40,55.40,100.00,250.00,15.00,0.00,30.12,M,6.21,M,SCT,BKN,M,M,1500.00,3000.00,M,M,M,M,M,M,M,M,M,55.40,FAPE 300200Z 25015KT 9999 SCT015 BKN030 13/13 Q1020 NOSIG,M
FAPE,2026-08-30 03:00,55.40,53.60,93.65,250.00,12.00,0.00,30.12,M,6.21,M,SCT,BKN,M,M,1700.00,2300.00,M,M,-RA,M,M,M,M,M,M,55.40,FAPE 300300Z 25012KT 9999 -RA SCT017 BKN023 13/12 Q1020 NOSIG,M
FAPE,2026-08-30 04:00,55.40,51.80,87.65,250.00,14.00,0.00,30.15,M,6.21,M,FEW,M,M,M,2300.00,M,M,M,M,M,M,M,M,M,M,55.40,FAPE 300400Z 25014KT 9999 FEW023 13/11 Q1021 NOSIG,M
FAPE,2026-08-30 05:00,55.40,51.80,87.65,240.00,14.00,0.00,30.18,M,6.21,M,FEW,M,M,M,2000.00,M,M,M,M,M,M,M,M,M,M,55.40,FAPE 300500Z 24014KT 9999 FEW020 13/11 Q1022 NOSIG,M
FAPE,2026-08-30 06:00,57.20,50.00,76.83,250.00,14.00,0.00,30.21,M,6.21,M,FEW,M,M,M,2000.00,M,M,M,M,M,M,M,M,M,M,57.20,FAPE 300600Z 25014KT 9999 FEW020 14/10 Q1023 NOSIG,M
FAPE,2026-08-30 07:00,57.20,48.20,71.84,240.00,12.00,0.00,30.21,M,6.21,M,FEW,M,M,M,2800.00,M,M,M,M,M,M,M,M,M,M,57.20,FAPE 300700Z 24012KT 9999 FEW028 14/09 Q1023 NOSIG,M
FAPE,2026-08-30 08:00,57.20,50.00,76.83,250.00,12.00,0.00,30.21,M,6.21,M,FEW,M,M,M,3000.00,M,M,M,M,M,M,M,M,M,M,57.20,FAPE 300800Z 25012KT 9999 FEW030 14/10 Q1023 NOSIG,M
FAPE,2026-08-30 09:00,59.00,51.80,76.99,250.00,13.00,0.00,30.24,M,6.21,M,M,M,M,M,M,M,M,M,M,M,M,M,M,M,M,59.00,FAPE 300900Z 25013KT CAVOK 15/11 Q1024 NOSIG,M
FAPE,2026-08-30 10:00,59.00,51.80,76.99,250.00,15.00,0.00,30.21,M,6.21,M,M,M,M,M,M,M,M,M,M,M,M,M,M,M,M,59.00,FAPE 301000Z 25015KT CAVOK 15/11 Q1023 NOSIG,M
FAPE,2026-08-30 11:00,60.80,51.80,72.21,250.00,14.00,0.00,30.21,M,6.21,M,M,M,M,M,M,M,M,M,M,M,M,M,M,M,M,60.80,FAPE 301100Z 25014KT CAVOK 16/11 Q1023 NOSIG,M
FAPE,2026-08-30 12:00,62.60,51.80,67.76,250.00,13.00,0.00,30.18,M,6.21,M,M,M,M,M,M,M,M,M,M,M,M,M,M,M,M,62.60,FAPE 301200Z 25013KT CAVOK 17/11 Q1022 NOSIG,M
FAPE,2026-08-30 13:00,60.80,51.80,72.21,250.00,14.00,0.00,30.18,M,6.21,M,FEW,M,M,M,2000.00,M,M,M,M,M,M,M,M,M,M,60.80,FAPE 301300Z 25014KT 9999 FEW020 16/11 Q1022 NOSIG,M
FAPE,2026-08-30 14:00,60.80,51.80,72.21,230.00,12.00,0.00,30.18,M,6.21,M,FEW,M,M,M,2000.00,M,M,M,M,M,M,M,M,M,M,60.80,FAPE 301400Z 23012KT 9999 FEW020 16/11 Q1022 NOSIG,M
FAPE,2026-08-30 15:00,59.00,51.80,76.99,230.00,7.00,0.00,30.21,M,6.21,M,SCT,M,M,M,2500.00,M,M,M,M,M,M,M,M,M,M,59.00,FAPE 301500Z 23007KT 9999 SCT025 15/11 Q1023 NOSIG,M
FAPE,2026-08-30 16:00,59.00,51.80,76.99,240.00,7.00,0.00,30.21,M,6.21,M,SCT,M,M,M,2500.00,M,M,M,M,M,M,M,M,M,M,59.00,FAPE 301600Z 24007KT 9999 SCT025 15/11 Q1023 NOSIG,M
FAPE,2026-08-30 17:00,59.00,53.60,82.26,240.00,9.00,0.00,30.24,M,6.21,M,SCT,M,M,M,2500.00,M,M,M,M,M,M,M,M,M,M,59.00,FAPE 301700Z 24009KT 9999 SCT025 15/12 Q1024 NOSIG,M
FAPE,2026-08-30 17:42,57.20,55.40,93.70,210.00,7.00,0.00,30.27,M,2.49,M,FEW,BKN,M,M,700.00,2000.00,M,M,RA,M,M,M,M,M,M,57.20,FAPE 301742Z 21007KT 4000 RA FEW007 BKN020 14/13 Q1025 BECMG 8000,M
FAPE,2026-08-30 17:52,57.20,57.20,100.00,220.00,5.00,0.00,30.27,M,5.59,M,FEW,SCT,BKN,M,700.00,1300.00,2500.00,M,-RA,M,M,M,M,M,M,57.20,FAPE 301752Z 22005KT 170V250 9000 -RA FEW007 SCT013 BKN025 14/14 Q1025 TEMPO 4000 RA,M
FAPE,2026-08-30 18:00,57.20,57.20,100.00,220.00,5.00,0.00,30.27,M,5.59,M,FEW,SCT,BKN,M,700.00,1300.00,2500.00,M,-RA,M,M,M,M,M,M,57.20,FAPE 301800Z 22005KT 170V250 9000 -RA FEW007 SCT013 BKN025 14/14 Q1025 TEMPO 4000 RA,M
FAPE,2026-08-30 19:00,55.40,55.40,100.00,250.00,6.00,0.00,30.27,M,6.21,M,FEW,BKN,M,M,2000.00,4000.00,M,M,M,M,M,M,M,M,M,55.40,FAPE 301900Z 25006KT 9999 FEW020 BKN040 13/13 Q1025 TEMPO 4000 RA,M
FAPE,2026-08-30 20:00,55.40,55.40,100.00,230.00,8.00,0.00,30.27,M,6.21,M,OVC,M,M,M,3000.00,M,M,M,-RA,M,M,M,M,M,M,55.40,FAPE 302000Z 23008KT 9999 -RA OVC030 13/13 Q1025 TEMPO 4000 RA,M
FAPE,2026-08-30 21:00,55.40,55.40,100.00,250.00,5.00,0.00,30.27,M,6.21,M,FEW,OVC,M,M,2400.00,4200.00,M,M,M,M,M,M,M,M,M,55.40,FAPE 302100Z 25005KT 9999 FEW024 OVC042 13/13 Q1025 TEMPO 4000 RA,M
FAPE,2026-08-30 22:00,55.40,53.60,93.65,250.00,6.00,0.00,30.24,M,6.21,M,SCT,OVC,M,M,2600.00,3800.00,M,M,M,M,M,M,M,M,M,55.40,FAPE 302200Z 25006KT 9999 SCT026 OVC038 13/12 Q1024 NOSIG,M
FAPE,2026-08-30 23:00,55.40,53.60,93.65,240.00,8.00,0.00,30.24,M,6.21,M,SCT,BKN,M,M,2200.00,3500.00,M,M,M,M,M,M,M,M,M,55.40,FAPE 302300Z 24008KT 9999 SCT022 BKN035 13/12 Q1024 NOSIG,M
FAPE,2026-08-31 00:00,55.40,53.60,93.65,240.00,4.00,0.00,30.24,M,6.21,M,FEW,SCT,M,M,2400.00,3600.00,M,M,M,M,M,M,M,M,M,55.40,FAPE 310000Z 24004KT 9999 FEW024 SCT036 13/12 Q1024 NOSIG,M
FAPE,2026-08-31 01:00,55.40,51.80,87.65,270.00,5.00,0.00,30.21,M,6.21,M,SCT,BKN,M,M,2000.00,3400.00,M,M,M,M,M,M,M,M,M,55.40,FAPE 310100Z 27005KT 9999 SCT020 BKN034 13/11 Q1023 NOSIG,M
FAPE,2026-08-31 02:00,55.40,51.80,87.65,260.00,5.00,0.00,30.21,M,6.21,M,FEW,BKN,M,M,2000.00,3500.00,M,M,M,M,M,M,M,M,M,55.40,FAPE 310200Z 26005KT 9999 FEW020 BKN035 13/11 Q1023 NOSIG,M
FAPE,2026-08-31 03:00,55.40,51.80,87.65,250.00,4.00,0.00,30.21,M,6.21,M,BKN,M,M,M,3600.00,M,M,M,M,M,M,M,M,M,M,55.40,FAPE 310300Z 25004KT 9999 BKN036 13/11 Q1023 NOSIG,M
FAPE,2026-08-31 04:00,55.40,51.80,87.65,250.00,5.00,0.00,30.24,M,6.21,M,BKN,M,M,M,3700.00,M,M,M,M,M,M,M,M,M,M,55.40,FAPE 310400Z 25005KT 9999 BKN037 13/11 Q1024 NOSIG,M
FAPE,2026-08-31 05:00,55.40,51.80,87.65,260.00,6.00,0.00,30.24,M,6.21,M,FEW,M,M,M,4500.00,M,M,M,M,M,M,M,M,M,M,55.40,FAPE 310500Z 26006KT 9999 FEW045 13/11 Q1024 NOSIG,M
FAPE,2026-08-31 06:00,57.20,51.80,82.13,270.00,5.00,0.00,30.24,M,6.21,M,M,M,M,M,M,M,M,M,M,M,M,M,M,M,M,57.20,FAPE 310600Z 27005KT CAVOK 14/11 Q1024 NOSIG,M
FAPE,2026-08-31 07:00,60.80,53.60,77.15,240.00,6.00,0.00,30.27,M,6.21,M,M,M,M,M,M,M,M,M,M,M,M,M,M,M,M,60.80,FAPE 310700Z 24006KT CAVOK 16/12 Q1025 NOSIG,M
FAPE,2026-08-31 08:00,62.60,53.60,72.40,240.00,7.00,0.00,30.27,M,6.21,M,SCT,M,M,M,4900.00,M,M,M,M,M,M,M,M,M,M,62.60,FAPE 310800Z 24007KT 210V270 9999 SCT049 17/12 Q1025 NOSIG,M
FAPE,2026-08-31 09:00,62.60,53.60,72.40,190.00,6.00,0.00,30.24,M,6.21,M,FEW,SCT,M,M,2500.00,4000.00,M,M,M,M,M,M,M,M,M,62.60,FAPE 310900Z 19006KT 9999 FEW025 SCT040 17/12 Q1024 NOSIG,M
FAPE,2026-08-31 10:00,62.60,53.60,72.40,230.00,6.00,0.00,30.21,M,6.21,M,FEW,BKN,M,M,2000.00,3000.00,M,M,M,M,M,M,M,M,M,62.60,FAPE 311000Z 23006KT 200V260 9999 FEW020 BKN030 17/12 Q1023 NOSIG,M
FAPE,2026-08-31 11:00,64.40,55.40,72.58,210.00,5.00,0.00,30.21,M,6.21,M,FEW,SCT,M,M,2700.00,4800.00,M,M,M,M,M,M,M,M,M,64.40,FAPE 311100Z 21005KT 180V240 9999 FEW027 SCT048 18/13 Q1023 NOSIG,M
FAPE,2026-08-31 12:00,64.40,55.40,72.58,170.00,5.00,0.00,30.18,M,6.21,M,FEW,M,M,M,2000.00,M,M,M,M,M,M,M,M,M,M,64.40,FAPE 311200Z 17005KT 140V210 9999 FEW020 18/13 Q1022 NOSIG,M
FAPE,2026-08-31 13:00,64.40,55.40,72.58,180.00,7.00,0.00,30.18,M,6.21,M,SCT,M,M,M,2300.00,M,M,M,M,M,M,M,M,M,M,64.40,FAPE 311300Z 18007KT 150V210 9999 SCT023 18/13 Q1022 NOSIG,M
FAPE,2026-08-31 14:00,64.40,53.60,67.97,130.00,7.00,0.00,30.18,M,6.21,M,FEW,M,M,M,2300.00,M,M,M,M,M,M,M,M,M,M,64.40,FAPE 311400Z 13007KT 9999 FEW023 18/12 Q1022 NOSIG,M
FAPE,2026-08-31 15:00,64.40,55.40,72.58,160.00,5.00,0.00,30.18,M,6.21,M,FEW,M,M,M,2000.00,M,M,M,M,M,M,M,M,M,M,64.40,FAPE 311500Z 16005KT 120V190 9999 FEW020 18/13 Q1022 NOSIG,M
FAPE,2026-08-31 16:00,60.80,55.40,82.38,140.00,2.00,0.00,30.18,M,6.21,M,FEW,M,M,M,2000.00,M,M,M,M,M,M,M,M,M,M,60.80,FAPE 311600Z 14002KT 9999 FEW020 16/13 Q1022 NOSIG,M
FAPE,2026-08-31 17:00,57.20,55.40,93.70,0.00,0.00,0.00,30.21,M,6.21,M,FEW,M,M,M,2200.00,M,M,M,M,M,M,M,M,M,M,57.20,FAPE 311700Z 00000KT 9999 FEW022 14/13 Q1023 NOSIG,M
FAPE,2026-08-31 18:00,53.60,51.80,93.60,260.00,3.00,0.00,30.21,M,6.21,M,M,M,M,M,M,M,M,M,M,M,M,M,M,M,M,53.60,FAPE 311800Z 26003KT CAVOK 12/11 Q1023 NOSIG,M
FAPE,2026-08-31 19:00,51.80,51.80,100.00,260.00,4.00,0.00,30.21,M,6.21,M,M,M,M,M,M,M,M,M,M,M,M,M,M,M,M,51.80,FAPE 311900Z 26004KT CAVOK 11/11 Q1023 NOSIG,M
FAPE,2026-08-31 20:00,51.80,51.80,100.00,260.00,3.00,0.00,30.21,M,6.21,M,M,M,M,M,M,M,M,M,M,M,M,M,M,M,M,51.80,FAPE 312000Z 26003KT 220V290 CAVOK 11/11 Q1023 NOSIG,M
FAPE,2026-08-31 21:00,50.00,50.00,100.00,280.00,4.00,0.00,30.21,M,6.21,M,M,M,M,M,M,M,M,M,M,M,M,M,M,M,M,50.00,FAPE 312100Z 28004KT CAVOK 10/10 Q1023 NOSIG,M
FAPE,2026-08-31 22:00,50.00,50.00,100.00,280.00,4.00,0.00,30.21,M,6.21,M,SCT,M,M,M,1600.00,M,M,M,M,M,M,M,M,M,M,50.00,FAPE 312200Z 28004KT 9999 SCT016 10/10 Q1023 BECMG BKN015,M
FAPE,2026-08-31 23:00,48.20,48.20,100.00,270.00,4.00,0.00,30.18,M,6.21,M,FEW,M,M,M,1600.00,M,M,M,M,M,M,M,M,M,M,46.34,FAPE 312300Z 27004KT 9999 FEW016 09/09 Q1022 BECMG BKN015,M
FAPE,2026-09-01 00:00,50.00,50.00,100.00,290.00,5.00,0.00,30.15,M,6.21,M,M,M,M,M,M,M,M,M,M,M,M,M,M,M,M,50.00,FAPE 010000Z 29005KT CAVOK 10/10 Q1021 NOSIG,M
FAPE,2026-09-01 01:00,48.20,48.20,100.00,280.00,4.00,0.00,30.15,M,6.21,M,M,M,M,M,M,M,M,M,M,M,M,M,M,M,M,46.34,FAPE 010100Z 28004KT CAVOK 09/09 Q1021 NOSIG,M
FAPE,2026-09-01 02:00,50.00,50.00,100.00,280.00,4.00,0.00,30.12,M,6.21,M,M,M,M,M,M,M,M,M,M,M,M,M,M,M,M,50.00,FAPE 010200Z 28004KT CAVOK 10/10 Q1020 NOSIG,M
FAPE,2026-09-01 03:00,50.00,50.00,100.00,280.00,3.00,0.00,30.12,M,6.21,M,M,M,M,M,M,M,M,M,M,M,M,M,M,M,M,50.00,FAPE 010300Z 28003KT CAVOK 10/10 Q1020 NOSIG,M
FAPE,2026-09-01 04:00,46.40,46.40,100.00,270.00,4.00,0.00,30.12,M,0.62,M,NSC,M,M,M,M,M,M,M,MIFG,M,M,M,M,M,M,44.24,COR FAPE 010400Z 27004KT 1000SW 9000 R26/P2000N MIFG NSC 08/08 Q1020 NOSIG,M
FAPE,2026-09-01 04:47,50.00,50.00,100.00,300.00,3.00,0.00,30.15,M,4.97,M,FEW,M,M,M,2500.00,M,M,M,M,M,M,M,M,M,M,50.00,FAPE 010447Z 30003KT 260V360 8000 FEW025 10/10 Q1021 NOSIG,M
FAPE,2026-09-01 05:00,48.20,48.20,100.00,250.00,3.00,0.00,30.15,M,4.97,M,FEW,M,M,M,2500.00,M,M,M,M,M,M,M,M,M,M,47.21,FAPE 010500Z 25003KT 220V280 8000 FEW025 09/09 Q1021 NOSIG,M
FAPE,2026-09-01 05:27,51.80,51.80,100.00,310.00,3.00,0.00,30.18,M,6.21,M,FEW,M,M,M,2500.00,M,M,M,M,M,M,M,M,M,M,51.80,FAPE 010527Z 31003KT 250V020 9999 FEW025 11/11 Q1022 NOSIG,M
FAPE,2026-09-01 05:55,55.40,55.40,100.00,M,1.00,0.00,30.18,M,6.21,M,FEW,M,M,M,2500.00,M,M,M,M,M,M,M,M,M,M,55.40,FAPE 010555Z VRB01KT 9999 FEW025 13/13 Q1022 NOSIG,M
FAPE,2026-09-01 06:00,55.40,55.40,100.00,M,1.00,0.00,30.18,M,6.21,M,FEW,M,M,M,2500.00,M,M,M,M,M,M,M,M,M,M,55.40,FAPE 010600Z VRB01KT 9999 FEW025 13/13 Q1022 NOSIG,M
FAPE,2026-09-01 06:25,59.00,57.20,93.74,270.00,5.00,0.00,30.18,M,6.21,M,FEW,M,M,M,2000.00,M,M,M,M,M,M,M,M,M,M,59.00,FAPE 010625Z 27005KT 240V310 9999 FEW020 15/14 Q1022 NOSIG,M
FAPE,2026-09-01 07:00,60.80,57.20,87.93,250.00,8.00,0.00,30.18,M,6.21,M,FEW,M,M,M,2000.00,M,M,M,M,M,M,M,M,M,M,60.80,FAPE 010700Z 25008KT 9999 FEW020 16/14 Q1022 NOSIG,M
FAPE,2026-09-01 08:00,64.40,57.20,77.46,220.00,4.00,0.00,30.15,M,6.21,M,FEW,M,M,M,2000.00,M,M,M,M,M,M,M,M,M,M,64.40,FAPE 010800Z 22004KT 170V300 9999 FEW020 18/14 Q1021 NOSIG,M
FAPE,2026-09-01 09:00,66.20,55.40,68.18,M,4.00,0.00,30.12,M,6.21,M,M,M,M,M,M,M,M,M,M,M,M,M,M,M,M,66.20,FAPE 010900Z VRB04KT CAVOK 19/13 Q1020 NOSIG,M
FAPE,2026-09-01 10:00,68.00,57.20,68.38,M,3.00,0.00,30.12,M,6.21,M,FEW,M,M,M,2000.00,M,M,M,M,M,M,M,M,M,M,68.00,FAPE 011000Z VRB03KT 9999 FEW020 20/14 Q1020 NOSIG,M
FAPE,2026-09-01 11:00,69.80,59.00,68.59,M,3.00,0.00,30.09,M,6.21,M,FEW,M,M,M,2000.00,M,M,M,M,M,M,M,M,M,M,69.80,FAPE 011100Z VRB03KT 9999 FEW020 21/15 Q1019 NOSIG,M
FAPE,2026-09-01 12:00,68.00,57.20,68.38,200.00,7.00,0.00,30.06,M,6.21,M,FEW,M,M,M,2000.00,M,M,M,M,M,M,M,M,M,M,68.00,FAPE 011200Z 20007KT 170V230 9999 FEW020 20/14 Q1018 NOSIG,M
FAPE,2026-09-01 13:00,66.20,57.20,72.76,200.00,10.00,0.00,30.06,M,6.21,M,FEW,M,M,M,2300.00,M,M,M,M,M,M,M,M,M,M,66.20,FAPE 011300Z 20010KT 9999 FEW023 19/14 Q1018 NOSIG,M
FAPE,2026-09-01 14:00,64.40,57.20,77.46,210.00,12.00,0.00,30.06,M,6.21,M,FEW,M,M,M,1500.00,M,M,M,M,M,M,M,M,M,M,64.40,FAPE 011400Z 21012KT 180V240 9999 FEW015 18/14 Q1018 BECMG BKN015,M
FAPE,2026-09-01 15:00,64.40,57.20,77.46,220.00,9.00,0.00,30.06,M,6.21,M,FEW,M,M,M,1500.00,M,M,M,M,M,M,M,M,M,M,64.40,FAPE 011500Z 22009KT 190V250 9999 FEW015 18/14 Q1018 BECMG BKN015,M
FAPE,2026-09-01 16:00,60.80,57.20,87.93,210.00,4.00,0.00,30.06,M,6.21,M,FEW,M,M,M,1700.00,M,M,M,M,M,M,M,M,M,M,60.80,FAPE 011600Z 21004KT 9999 FEW017 16/14 Q1018 NOSIG,M
FAPE,2026-09-01 17:00,62.60,57.20,82.51,M,2.00,0.00,30.09,M,6.21,M,BKN,M,M,M,1800.00,M,M,M,M,M,M,M,M,M,M,62.60,FAPE 011700Z VRB02KT 9999 BKN018 17/14 Q1019 NOSIG,M
FAPE,2026-09-01 18:00,60.80,57.20,87.93,230.00,5.00,0.00,30.12,M,6.21,M,BKN,M,M,M,2000.00,M,M,M,M,M,M,M,M,M,M,60.80,FAPE 011800Z 23005KT 9999 BKN020 16/14 Q1020 NOSIG,M
FAPE,2026-09-01 19:00,59.00,55.40,87.84,230.00,4.00,0.00,30.12,M,6.21,M,SCT,M,M,M,2100.00,M,M,M,M,M,M,M,M,M,M,59.00,FAPE 011900Z 23004KT 9999 SCT021 15/13 Q1020 NOSIG,M
FAPE,2026-09-01 20:00,60.80,57.20,87.93,290.00,4.00,0.00,30.12,M,6.21,M,BKN,M,M,M,2200.00,M,M,M,M,M,M,M,M,M,M,60.80,FAPE 012000Z 29004KT 9999 BKN022 16/14 Q1020 NOSIG,M
FAPE,2026-09-01 21:00,57.20,57.20,100.00,240.00,7.00,0.00,30.12,M,6.21,M,BKN,M,M,M,2200.00,M,M,M,M,M,M,M,M,M,M,57.20,FAPE 012100Z 24007KT 9999 BKN022 14/14 Q1020 NOSIG,M
FAPE,2026-09-01 21:19,60.80,57.20,87.93,260.00,7.00,0.00,30.15,M,6.21,M,BKN,M,M,M,2200.00,M,M,M,M,M,M,M,M,M,M,60.80,FAPE 012119Z 26007KT 9999 BKN022 16/14 Q1021 NOSIG,M
FAPE,2026-09-01 22:00,60.80,57.20,87.93,250.00,8.00,0.00,30.12,M,6.21,M,BKN,M,M,M,2200.00,M,M,M,M,M,M,M,M,M,M,60.80,FAPE 012200Z 25008KT 9999 BKN022 16/14 Q1020 NOSIG,M
FAPE,2026-09-01 23:00,57.20,55.40,93.70,250.00,7.00,0.00,30.15,M,6.21,M,SCT,M,M,M,2600.00,M,M,M,M,M,M,M,M,M,M,57.20,FAPE 012300Z 25007KT 9999 SCT026 14/13 Q1021 NOSIG,M
FAPE,2026-09-02 00:00,57.20,55.40,93.70,260.00,5.00,0.00,30.15,M,6.21,M,BKN,M,M,M,2600.00,M,M,M,M,M,M,M,M,M,M,57.20,FAPE 020000Z 26005KT 9999 BKN026 14/13 Q1021 NOSIG,M
FAPE,2026-09-02 01:00,57.20,55.40,93.70,260.00,5.00,0.00,30.12,M,6.21,M,FEW,BKN,M,M,2000.00,2600.00,M,M,M,M,M,M,M,M,M,57.20,FAPE 020100Z 26005KT 9999 FEW020 BKN026 14/13 Q1020 NOSIG,M
FAPE,2026-09-02 02:00,57.20,55.40,93.70,280.00,4.00,0.00,30.12,M,6.21,M,FEW,M,M,M,2000.00,M,M,M,M,M,M,M,M,M,M,57.20,FAPE 020200Z 28004KT 9999 FEW020 14/13 Q1020 NOSIG,M
FAPE,2026-09-02 03:00,55.40,53.60,93.65,270.00,6.00,0.00,30.12,M,6.21,M,M,M,M,M,M,M,M,M,M,M,M,M,M,M,M,55.40,FAPE 020300Z 27006KT CAVOK 13/12 Q1020 NOSIG,M
FAPE,2026-09-02 04:00,53.60,53.60,100.00,280.00,3.00,0.00,30.12,M,6.21,M,M,M,M,M,M,M,M,M,M,M,M,M,M,M,M,53.60,FAPE 020400Z 28003KT CAVOK 12/12 Q1020 NOSIG,M
FAPE,2026-09-02 05:00,55.40,51.80,87.65,290.00,5.00,0.00,30.12,M,6.21,M,M,M,M,M,M,M,M,M,M,M,M,M,M,M,M,55.40,FAPE 020500Z 29005KT CAVOK 13/11 Q1020 NOSIG,M
FAPE,2026-09-02 06:00,57.20,51.80,82.13,290.00,7.00,0.00,30.15,M,6.21,M,M,M,M,M,M,M,M,M,M,M,M,M,M,M,M,57.20,FAPE 020600Z 29007KT CAVOK 14/11 Q1021 NOSIG,M
FAPE,2026-09-02 06:52,62.60,51.80,67.76,280.00,6.00,0.00,30.12,M,6.21,M,M,M,M,M,M,M,M,M,M,M,M,M,M,M,M,62.60,FAPE 020652Z 28006KT CAVOK 17/11 Q1020 NOSIG,M
FAPE,2026-09-02 07:00,62.60,51.80,67.76,280.00,6.00,0.00,30.12,M,6.21,M,M,M,M,M,M,M,M,M,M,M,M,M,M,M,M,62.60,FAPE 020700Z 28006KT CAVOK 17/11 Q1020 NOSIG,M
FAPE,2026-09-02 07:50,66.20,51.80,59.76,M,2.00,0.00,30.12,M,6.21,M,FEW,M,M,M,2600.00,M,M,M,M,M,M,M,M,M,M,66.20,FAPE 020750Z VRB02KT 9999 FEW026 19/11 Q1020 NOSIG,M
FAPE,2026-09-02 08:00,66.20,53.60,63.85,M,2.00,0.00,30.12,M,6.21,M,FEW,M,M,M,2600.00,M,M,M,M,M,M,M,M,M,M,66.20,FAPE 020800Z VRB02KT 9999 FEW026 19/12 Q1020 NOSIG,M
FAPE,2026-09-02 09:00,66.20,53.60,63.85,40.00,4.00,0.00,30.12,M,6.21,M,FEW,M,M,M,2600.00,M,M,M,M,M,M,M,M,M,M,66.20,FAPE 020900Z 04004KT 330V080 9999 FEW026 19/12 Q1020 NOSIG,M
FAPE,2026-09-02 10:00,64.40,51.80,63.62,50.00,6.00,0.00,30.09,M,6.21,M,FEW,M,M,M,2900.00,M,M,M,M,M,M,M,M,M,M,64.40,FAPE 021000Z 05006KT 9999 FEW029 18/11 Q1019 NOSIG,M
FAPE,2026-09-02 11:00,66.20,51.80,59.76,60.00,6.00,0.00,30.06,M,6.21,M,FEW,M,M,M,2900.00,M,M,M,M,M,M,M,M,M,M,66.20,FAPE 021100Z 06006KT 020V090 9999 FEW029 19/11 Q1018 NOSIG,M
FAPE,2026-09-02 12:00,66.20,53.60,63.85,100.00,6.00,0.00,30.03,M,6.21,M,FEW,M,M,M,2600.00,M,M,M,M,M,M,M,M,M,M,66.20,FAPE 021200Z 10006KT 040V150 9999 FEW026 19/12 Q1017 NOSIG,M
FAPE,2026-09-02 13:00,64.40,53.60,67.97,140.00,8.00,0.00,30.03,M,6.21,M,FEW,M,M,M,2600.00,M,M,M,M,M,M,M,M,M,M,64.40,FAPE 021300Z 14008KT 120V180 9999 FEW026 18/12 Q1017 NOSIG,M
FAPE,2026-09-02 14:00,64.40,55.40,72.58,130.00,8.00,0.00,30.00,M,6.21,M,FEW,M,M,M,2600.00,M,M,M,M,M,M,M,M,M,M,64.40,FAPE 021400Z 13008KT 9999 FEW026 18/13 Q1016 NOSIG,M
FAPE,2026-09-02 15:00,64.40,55.40,72.58,140.00,8.00,0.00,30.00,M,6.21,M,SCT,M,M,M,2600.00,M,M,M,M,M,M,M,M,M,M,64.40,FAPE 021500Z 14008KT 9999 SCT026 18/13 Q1016 NOSIG,M
FAPE,2026-09-02 16:00,62.60,55.40,77.31,120.00,5.00,0.00,30.00,M,6.21,M,BKN,M,M,M,2900.00,M,M,M,M,M,M,M,M,M,M,62.60,FAPE 021600Z 12005KT 9999 BKN029 17/13 Q1016 NOSIG,M
FAPE,2026-09-02 17:00,62.60,55.40,77.31,90.00,3.00,0.00,30.00,M,6.21,M,SCT,BKN,M,M,2600.00,3500.00,M,M,M,M,M,M,M,M,M,62.60,FAPE 021700Z 09003KT 060V120 9999 SCT026 BKN035 17/13 Q1016 NOSIG,M
FAPE,2026-09-02 18:00,62.60,57.20,82.51,100.00,13.00,0.00,29.91,M,6.21,M,OVC,FEW,M,M,2100.00,5000.00,M,M,-SHRA,M,M,M,M,M,M,62.60,FAPE 021800Z 10013KT 060V130 9999 -SHRA OVC021 FEW050TCU 17/14 Q1013 NOSIG,M
FAPE,2026-09-02 19:00,60.80,59.00,93.79,210.00,3.00,0.00,30.00,M,6.21,M,OVC,M,M,M,2100.00,M,M,M,M,M,M,M,M,M,M,60.80,FAPE 021900Z 21003KT 140V290 9999 OVC021 16/15 Q1016 NOSIG,M
FAPE,2026-09-02 21:00,60.80,59.00,93.79,M,2.00,0.00,29.94,M,6.21,M,BKN,M,M,M,1900.00,M,M,M,M,M,M,M,M,M,M,60.80,FAPE 022100Z VRB02KT 9999 BKN019 16/15 Q1014 NOSIG,M
FAPE,2026-09-02 22:00,60.80,60.80,100.00,130.00,4.00,0.00,29.91,M,6.21,M,BKN,M,M,M,1600.00,M,M,M,M,M,M,M,M,M,M,60.80,FAPE 022200Z 13004KT 9999 BKN016 16/16 Q1013 BECMG BKN012,M
FAPE,2026-09-02 22:53,62.60,62.60,100.00,140.00,5.00,0.00,29.88,M,6.21,M,FEW,BKN,OVC,M,700.00,1300.00,2000.00,M,M,M,M,M,M,M,M,62.60,FAPE 022253Z 14005KT 110V170 9999 FEW007 BKN013 OVC020 17/17 Q1012 BECMG BKN012,M
FAPE,2026-09-02 23:00,62.60,62.60,100.00,150.00,5.00,0.00,29.88,M,6.21,M,FEW,BKN,OVC,M,700.00,1300.00,2000.00,M,M,M,M,M,M,M,M,62.60,FAPE 022300Z 15005KT 9999 FEW007 BKN013 OVC020 17/17 Q1012 BECMG BKN012,M
FAPE,2026-09-02 23:20,62.60,62.60,100.00,130.00,5.00,0.00,29.85,M,6.21,M,SCT,BKN,OVC,M,600.00,1200.00,1900.00,M,M,M,M,M,M,M,M,62.60,FAPE 022320Z 13005KT 9999 SCT006 BKN012 OVC019 17/17 Q1011 NOSIG,M
FAPE,2026-09-02 23:31,62.60,62.60,100.00,130.00,6.00,0.00,29.85,M,6.21,M,SCT,BKN,OVC,M,500.00,800.00,1600.00,M,M,M,M,M,M,M,M,62.60,FAPE 022331Z 13006KT 9999 SCT005 BKN008 OVC016 17/17 Q1011 NOSIG,M
FAPE,2026-09-02 23:33,62.60,62.60,100.00,120.00,6.00,0.00,29.85,M,6.21,M,SCT,BKN,OVC,M,500.00,800.00,1600.00,M,M,M,M,M,M,M,M,62.60,FAPE 022333Z 12006KT 9999 SCT005 BKN008 OVC016 17/17 Q1011 NOSIG,M
FAPE,2026-09-03 00:00,62.60,62.60,100.00,120.00,7.00,0.00,29.85,M,6.21,M,SCT,BKN,OVC,M,500.00,800.00,1600.00,M,M,M,M,M,M,M,M,62.60,FAPE 030000Z 12007KT 9999 SCT005 BKN008 OVC016 17/17 Q1011 NOSIG,M
FAPE,2026-09-03 01:00,62.60,62.60,100.00,120.00,6.00,0.00,29.83,M,4.97,M,SCT,BKN,OVC,M,400.00,800.00,1000.00,M,M,M,M,M,M,M,M,62.60,FAPE 030100Z 12006KT 8000 SCT004 BKN008 OVC010 17/17 Q1010 NOSIG,M
FAPE,2026-09-03 02:06,62.60,62.60,100.00,120.00,9.00,0.00,29.77,M,4.97,M,OVC,M,M,M,200.00,M,M,M,-DZ,M,M,M,M,M,M,62.60,FAPE 030206Z 12009KT 8000 -DZ OVC002 17/17 Q1008 NOSIG,M
FAPE,2026-09-03 02:38,62.60,62.60,100.00,130.00,11.00,0.00,29.77,M,4.97,M,OVC,M,M,M,100.00,M,M,M,DZ,M,M,M,M,M,M,62.60,FAPE 030238Z 13011KT 8000 DZ OVC001 17/17 Q1008 NOSIG,M
FAPE,2026-09-03 02:51,62.60,62.60,100.00,130.00,10.00,0.00,29.77,M,4.97,M,OVC,M,M,M,100.00,M,M,M,-RA,M,M,M,M,M,M,62.60,FAPE 030251Z 13010KT 8000 -RA OVC001 17/17 Q1008 NOSIG,M
FAPE,2026-09-03 03:00,62.60,62.60,100.00,130.00,10.00,0.00,29.77,M,4.97,M,OVC,M,M,M,100.00,M,M,M,-RA,M,M,M,M,M,M,62.60,FAPE 030300Z 13010KT 8000 -RA OVC001 17/17 Q1008 NOSIG,M
FAPE,2026-09-03 03:20,64.40,64.40,100.00,140.00,10.00,0.00,29.77,M,4.97,M,OVC,M,M,M,200.00,M,M,M,-RA,M,M,M,M,M,M,64.40,FAPE 030320Z 14010KT 8000 -RA OVC002 18/18 Q1008 NOSIG,M
FAPE,2026-09-03 03:54,62.60,62.60,100.00,150.00,10.00,0.00,29.77,M,3.73,M,BKN,M,M,M,200.00,M,M,M,DZRA,M,M,M,M,M,M,62.60,FAPE 030354Z 15010KT 6000 DZRA BKN002 17/17 Q1008 TEMPO 4500,M
FAPE,2026-09-03 04:00,62.60,62.60,100.00,150.00,10.00,0.00,29.77,M,3.73,M,BKN,M,M,M,200.00,M,M,M,DZRA,M,M,M,M,M,M,62.60,FAPE 030400Z 15010KT 6000 DZRA BKN002 17/17 Q1008 TEMPO 4500,M
FAPE,2026-09-03 04:54,62.60,62.60,100.00,150.00,12.00,0.00,29.77,M,4.35,M,BKN,M,M,M,300.00,M,M,M,-RA,M,M,M,M,M,M,62.60,FAPE 030454Z 15012KT 7000 -RA BKN003 17/17 Q1008 NOSIG,M
FAPE,2026-09-03 05:00,62.60,62.60,100.00,150.00,12.00,0.00,29.77,M,4.35,M,BKN,M,M,M,300.00,M,M,M,-RA,M,M,M,M,M,M,62.60,FAPE 030500Z 15012KT 7000 -RA BKN003 17/17 Q1008 NOSIG,M
FAPE,2026-09-03 05:39,62.60,62.60,100.00,160.00,10.00,0.00,29.80,M,4.97,M,BKN,M,M,M,600.00,M,M,M,-RA,M,M,M,M,M,M,62.60,FAPE 030539Z 16010KT 130V190 8000 -RA BKN006 17/17 Q1009 TEMPO TS BKN004 FEW050CB,M
FAPE,2026-09-03 06:00,62.60,62.60,100.00,150.00,12.00,0.00,29.80,M,5.59,M,BKN,OVC,M,M,600.00,1000.00,M,M,-RA,M,M,M,M,M,M,62.60,FAPE 030600Z 15012KT 9000 -RA BKN006 OVC010 17/17 Q1009 NOSIG,M
FAPE,2026-09-03 06:40,62.60,62.60,100.00,150.00,12.00,0.00,29.80,M,5.59,M,OVC,M,M,M,900.00,M,M,M,-RA,M,M,M,M,M,M,62.60,FAPE 030640Z 15012KT 9000 -RA OVC009 17/17 Q1009 NOSIG,M
FAPE,2026-09-03 06:52,62.60,62.60,100.00,150.00,11.00,0.00,29.80,M,5.59,M,OVC,SCT,M,M,900.00,M,M,M,SHRA,M,M,M,M,M,M,62.60,FAPE 030652Z 15011KT 9000 SHRA OVC009 SCT///TCU 17/17 Q1009 BECMG -SHRA,M
FAPE,2026-09-03 07:00,62.60,62.60,100.00,150.00,12.00,0.00,29.80,M,6.21,M,OVC,SCT,M,M,900.00,M,M,M,SHRA,M,M,M,M,M,M,62.60,FAPE 030700Z 15012KT 120V180 9999 SHRA OVC009 SCT///TCU 17/17 Q1009 BECMG -SHRA,M
FAPE,2026-09-03 07:09,62.60,62.60,100.00,150.00,11.00,0.00,29.80,M,5.59,M,OVC,FEW,M,M,1000.00,M,M,M,-SHRA,M,M,M,M,M,M,62.60,FAPE 030709Z 15011KT 9000 -SHRA OVC010 FEW///TCU 17/17 Q1009 TEMPO OVC009,M
FAPE,2026-09-03 08:00,62.60,62.60,100.00,160.00,12.00,0.00,29.80,M,4.97,M,BKN,OVC,M,M,1000.00,1500.00,M,M,-RA,M,M,M,M,M,M,62.60,FAPE 030800Z 16012KT 8000 -RA BKN010 OVC015 17/17 Q1009 NOSIG,M
FAPE,2026-09-03 08:31,62.60,62.60,100.00,200.00,9.00,0.00,29.83,M,2.49,M,SCT,BKN,OVC,M,400.00,1000.00,1200.00,M,RA,M,M,M,M,M,M,62.60,FAPE 030831Z 20009KT 4000 RA SCT004 BKN010 OVC012 17/17 Q1010 NOSIG,M
FAPE,2026-09-03 08:47,62.60,62.60,100.00,180.00,12.00,0.00,29.83,M,2.30,M,SCT,OVC,M,M,400.00,700.00,M,M,RA,M,M,M,M,M,M,62.60,FAPE 030847Z 18012KT 150V210 3700 RA SCT004 OVC007 17/17 Q1010 BECMG 6000 -RA,M
FAPE,2026-09-03 09:00,62.60,62.60,100.00,180.00,12.00,0.00,29.83,M,2.42,M,SCT,OVC,M,M,400.00,700.00,M,M,RA,M,M,M,M,M,M,62.60,FAPE 030900Z 18012KT 3900 RA SCT004 OVC007 17/17 Q1010 BECMG 6000 -RA,M
FAPE,2026-09-03 09:19,60.80,60.80,100.00,190.00,10.00,0.00,29.83,M,2.49,M,FEW,BKN,OVC,M,500.00,1100.00,1700.00,M,-RA,M,M,M,M,M,M,60.80,FAPE 030919Z 19010KT 4000 -RA FEW005 BKN011 OVC017 16/16 Q1010 BECMG 6000,M
FAPE,2026-09-03 10:00,60.80,60.80,100.00,170.00,9.00,0.00,29.83,M,2.49,M,FEW,BKN,OVC,M,700.00,1100.00,3100.00,M,-RA,M,M,M,M,M,M,60.80,FAPE 031000Z 17009KT 4000 -RA FEW007 BKN011 OVC031 16/16 Q1010 BECMG 6000,M
FAPE,2026-09-03 10:38,62.60,62.60,100.00,180.00,10.00,0.00,29.83,M,3.73,M,SCT,OVC,M,M,400.00,900.00,M,M,-RA,M,M,M,M,M,M,62.60,FAPE 031038Z 18010KT 6000 -RA SCT004 OVC009 17/17 Q1010 NOSIG,M
FAPE,2026-09-03 11:00,62.60,62.60,100.00,180.00,11.00,0.00,29.85,M,3.73,M,SCT,OVC,M,M,400.00,900.00,M,M,-RA,M,M,M,M,M,M,62.60,FAPE 031100Z 18011KT 6000 -RA SCT004 OVC009 17/17 Q1011 NOSIG,M
FAPE,2026-09-03 11:30,62.60,62.60,100.00,180.00,11.00,0.00,29.83,M,2.49,M,SCT,OVC,M,M,600.00,1800.00,M,M,-RADZ,M,M,M,M,M,M,62.60,FAPE 031130Z 18011KT 150V210 4000 -RADZ SCT006 OVC018 17/17 Q1010 NOSIG,M
FAPE,2026-09-03 12:00,62.60,62.60,100.00,180.00,12.00,0.00,29.85,M,2.49,M,SCT,OVC,M,M,800.00,2000.00,M,M,-RA BR,M,M,M,M,M,M,62.60,FAPE 031200Z 18012KT 150V210 4000 -RA BR SCT008 OVC020 17/17 Q1011 NOSIG,M
FAPE,2026-09-03 13:00,60.80,60.80,100.00,180.00,11.00,0.00,29.88,M,6.21,M,FEW,SCT,OVC,M,600.00,1100.00,2800.00,M,M,M,M,M,M,M,M,60.80,FAPE 031300Z 18011KT 9999 FEW006 SCT011 OVC028 16/16 Q1012 NOSIG,M
FAPE,2026-09-03 13:03,60.80,59.00,93.79,170.00,12.00,0.00,29.88,M,2.67,M,FEW,SCT,OVC,M,600.00,1700.00,2800.00,M,-RA BR,M,M,M,M,M,M,60.80,FAPE 031303Z 17012KT 4300 -RA BR FEW006 SCT017 OVC028 16/15 Q1012 TEMPO 3000 BKN008,M
FAPE,2026-09-03 13:24,60.80,60.80,100.00,180.00,10.00,0.00,29.88,M,2.49,M,FEW,BKN,OVC,M,900.00,1300.00,2500.00,M,-RA BR,M,M,M,M,M,M,60.80,FAPE 031324Z 18010KT 4000 -RA BR FEW009 BKN013 OVC025 16/16 Q1012 TEMPO 3000 BKN008,M
FAPE,2026-09-03 14:00,62.60,60.80,93.84,170.00,10.00,0.00,29.91,M,6.21,M,FEW,OVC,M,M,800.00,2800.00,M,M,M,M,M,M,M,M,M,62.60,FAPE 031400Z 17010KT 9999 FEW008 OVC028 17/16 Q1013 TEMPO 4000 -RA BKN012,M
FAPE,2026-09-03 14:04,62.60,60.80,93.84,170.00,10.00,0.00,29.91,M,6.21,M,FEW,OVC,M,M,800.00,2800.00,M,M,M,M,M,M,M,M,M,62.60,FAPE 031404Z 17010KT 9999 FEW008 OVC028 17/16 Q1013 TEMPO 4000 -RA BKN012,M
FAPE,2026-09-03 14:32,62.60,60.80,93.84,160.00,9.00,0.00,29.94,M,2.17,M,FEW,BKN,OVC,M,800.00,1700.00,2800.00,M,-RADZ BR,M,M,M,M,M,M,62.60,FAPE 031432Z 16009KT 3500 -RADZ BR FEW008 BKN017 OVC028 17/16 Q1014 TEMPO BKN012,M
FAPE,2026-09-03 14:48,60.80,60.80,100.00,160.00,10.00,0.00,29.94,M,2.80,M,BKN,OVC,M,M,1200.00,2500.00,M,M,-RADZ BR,M,M,M,M,M,M,60.80,FAPE 031448Z 16010KT 4500 -RADZ BR BKN012 OVC025 16/16 Q1014 TEMPO BKN008,M
FAPE,2026-09-03 15:00,62.60,62.60,100.00,160.00,9.00,0.00,29.94,M,6.21,M,FEW,SCT,BKN,M,700.00,1400.00,2500.00,M,M,M,M,M,M,M,M,62.60,FAPE 031500Z 16009KT 130V190 9999 FEW007 SCT014 BKN025 17/17 Q1014 NOSIG,M
FAPE,2026-09-03 15:02,62.60,60.80,93.84,160.00,10.00,0.00,29.94,M,6.21,M,FEW,SCT,BKN,M,700.00,1400.00,2500.00,M,M,M,M,M,M,M,M,62.60,FAPE 031502Z 16010KT 9999 FEW007 SCT014 BKN025 17/16 Q1014 NOSIG,M
FAPE,2026-09-03 16:00,62.60,60.80,93.84,160.00,8.00,0.00,29.97,M,6.21,M,SCT,M,M,M,1800.00,M,M,M,M,M,M,M,M,M,M,62.60,FAPE 031600Z 16008KT 9999 SCT018 17/16 Q1015 NOSIG,M
FAPE,2026-09-03 17:00,62.60,59.00,88.01,160.00,10.00,0.00,30.03,M,6.21,M,FEW,M,M,M,2000.00,M,M,M,M,M,M,M,M,M,M,62.60,FAPE 031700Z 16010KT 9999 FEW020 17/15 Q1017 NOSIG,M
FAPE,2026-09-03 18:00,60.80,57.20,87.93,160.00,12.00,0.00,30.06,M,6.21,M,FEW,SCT,M,M,1800.00,2900.00,M,M,M,M,M,M,M,M,M,60.80,FAPE 031800Z 16012KT 130V190 9999 FEW018 SCT029 16/14 Q1018 NOSIG,M
FAPE,2026-09-03 19:00,62.60,59.00,88.01,170.00,8.00,0.00,30.12,M,6.21,M,SCT,M,M,M,2200.00,M,M,M,M,M,M,M,M,M,M,62.60,FAPE 031900Z 17008KT 9999 SCT022 17/15 Q1020 NOSIG,M
FAPE,2026-09-03 20:00,62.60,59.00,88.01,150.00,11.00,0.00,30.15,M,6.21,M,SCT,M,M,M,1800.00,M,M,M,M,M,M,M,M,M,M,62.60,FAPE 032000Z 15011KT 9999 SCT018 17/15 Q1021 NOSIG,M
FAPE,2026-09-03 20:32,60.80,59.00,93.79,160.00,15.00,0.00,30.15,M,6.21,27.00,SCT,M,M,M,1600.00,M,M,M,M,M,M,M,M,M,M,60.80,FAPE 032032Z 16015G27KT 9999 SCT016 16/15 Q1021 NOSIG,M
FAPE,2026-09-03 21:00,60.80,57.20,87.93,160.00,15.00,0.00,30.15,M,6.21,25.00,SCT,BKN,M,M,1600.00,2600.00,M,M,M,M,M,M,M,M,M,60.80,FAPE 032100Z 16015G25KT 9999 SCT016 BKN026 16/14 Q1021 TEMPO BKN015,M
FAPE,2026-09-03 21:21,60.80,57.20,87.93,160.00,15.00,0.00,30.15,M,6.21,M,BKN,BKN,M,M,1400.00,2600.00,M,M,M,M,M,M,M,M,M,60.80,FAPE 032121Z 16015KT 9999 BKN014 BKN026 16/14 Q1021 NOSIG,M
FAPE,2026-09-03 21:51,59.00,59.00,100.00,150.00,15.00,0.00,30.21,M,5.59,25.00,SCT,OVC,M,M,1400.00,3000.00,M,M,-RA,M,M,M,M,M,M,59.00,FAPE 032151Z 15015G25KT 9000 -RA SCT014 OVC030 15/15 Q1023 TEMPO 5000 BKN014,M
FAPE,2026-09-03 22:00,59.00,59.00,100.00,160.00,12.00,0.00,30.21,M,5.59,M,SCT,OVC,M,M,1400.00,3000.00,M,M,-RA,M,M,M,M,M,M,59.00,FAPE 032200Z 16012KT 9000 -RA SCT014 OVC030 15/15 Q1023 TEMPO 5000 BKN014,M
FAPE,2026-09-03 23:00,60.80,55.40,82.38,160.00,13.00,0.00,30.21,M,6.21,M,FEW,M,M,M,1700.00,M,M,M,M,M,M,M,M,M,M,60.80,FAPE 032300Z 16013KT 9999 FEW017 16/13 Q1023 NOSIG,M
FAPE,2026-09-04 00:00,60.80,53.60,77.15,160.00,15.00,0.00,30.24,M,6.21,M,SCT,M,M,M,1900.00,M,M,M,M,M,M,M,M,M,M,60.80,FAPE 040000Z 16015KT 9999 SCT019 16/12 Q1024 NOSIG,M
FAPE,2026-09-04 01:00,60.80,53.60,77.15,160.00,13.00,0.00,30.24,M,6.21,M,SCT,M,M,M,2300.00,M,M,M,M,M,M,M,M,M,M,60.80,FAPE 040100Z 16013KT 9999 SCT023 16/12 Q1024 NOSIG,M
FAPE,2026-09-04 02:00,60.80,53.60,77.15,160.00,14.00,0.00,30.27,M,6.21,M,SCT,M,M,M,2300.00,M,M,M,M,M,M,M,M,M,M,60.80,FAPE 040200Z 16014KT 9999 SCT023 16/12 Q1025 NOSIG,M
FAPE,2026-09-04 03:00,59.00,50.00,72.02,160.00,13.00,0.00,30.30,M,6.21,M,SCT,M,M,M,2700.00,M,M,M,M,M,M,M,M,M,M,59.00,FAPE 040300Z 16013KT 9999 SCT027 15/10 Q1026 NOSIG,M
FAPE,2026-09-04 04:00,59.00,48.20,67.34,160.00,12.00,0.00,30.33,M,6.21,M,M,M,M,M,M,M,M,M,M,M,M,M,M,M,M,59.00,FAPE 040400Z 16012KT CAVOK 15/09 Q1027 NOSIG,M
FAPE,2026-09-04 05:00,59.00,48.20,67.34,160.00,11.00,0.00,30.36,M,6.21,M,BKN,M,M,M,3100.00,M,M,M,M,M,M,M,M,M,M,59.00,FAPE 040500Z 16011KT 140V200 9999 BKN031 15/09 Q1028 NOSIG,M
FAPE,2026-09-04 06:00,59.00,48.20,67.34,150.00,11.00,0.00,30.42,M,6.21,M,BKN,M,M,M,4100.00,M,M,M,M,M,M,M,M,M,M,59.00,FAPE 040600Z 15011KT 9999 BKN041 15/09 Q1030 NOSIG,M
FAPE,2026-09-04 07:00,60.80,46.40,59.02,140.00,14.00,0.00,30.45,M,6.21,M,SCT,BKN,M,M,3200.00,4000.00,M,M,M,M,M,M,M,M,M,60.80,FAPE 040700Z 14014KT 120V180 9999 SCT032 BKN040 16/08 Q1031 NOSIG,M
FAPE,2026-09-04 08:00,60.80,48.20,63.16,140.00,14.00,0.00,30.45,M,6.21,M,BKN,M,M,M,3500.00,M,M,M,M,M,M,M,M,M,M,60.80,FAPE 040800Z 14014KT 9999 BKN035 16/09 Q1031 NOSIG,M
FAPE,2026-09-04 08:47,62.60,46.40,55.39,130.00,15.00,0.00,30.47,M,6.21,M,BKN,M,M,M,3500.00,M,M,M,M,M,M,M,M,M,M,62.60,FAPE 040847Z 13015KT 9999 BKN035 17/08 Q1032 NOSIG,M
FAPE,2026-09-04 09:00,60.80,46.40,59.02,120.00,13.00,0.00,30.47,M,6.21,M,BKN,M,M,M,3500.00,M,M,M,M,M,M,M,M,M,M,60.80,FAPE 040900Z 12013KT 9999 BKN035 16/08 Q1032 NOSIG,M
FAPE,2026-09-04 10:00,62.60,46.40,55.39,120.00,14.00,0.00,30.47,M,6.21,M,BKN,M,M,M,4000.00,M,M,M,M,M,M,M,M,M,M,62.60,FAPE 041000Z 12014KT 9999 BKN040 17/08 Q1032 NOSIG,M
FAPE,2026-09-04 11:00,60.80,44.60,55.13,130.00,14.00,0.00,30.45,M,6.21,M,BKN,M,M,M,3500.00,M,M,M,M,M,M,M,M,M,M,60.80,FAPE 041100Z 13014KT 9999 BKN035 16/07 Q1031 NOSIG,M
FAPE,2026-09-04 12:00,62.60,46.40,55.39,130.00,12.00,0.00,30.45,M,6.21,M,SCT,M,M,M,3800.00,M,M,M,M,M,M,M,M,M,M,62.60,FAPE 041200Z 13012KT 090V160 9999 SCT038 17/08 Q1031 NOSIG,M
FAPE,2026-09-04 13:00,62.60,44.60,51.73,110.00,10.00,0.00,30.45,M,6.21,M,FEW,M,M,M,3800.00,M,M,M,M,M,M,M,M,M,M,62.60,FAPE 041300Z 11010KT 080V150 9999 FEW038 17/07 Q1031 NOSIG,M
FAPE,2026-09-04 14:00,60.80,44.60,55.13,130.00,12.00,0.00,30.42,M,6.21,M,FEW,M,M,M,3800.00,M,M,M,M,M,M,M,M,M,M,60.80,FAPE 041400Z 13012KT 9999 FEW038 16/07 Q1030 NOSIG,M
FAPE,2026-09-04 15:00,59.00,44.60,58.78,110.00,10.00,0.00,30.42,M,6.21,M,FEW,M,M,M,3500.00,M,M,M,M,M,M,M,M,M,M,59.00,FAPE 041500Z 11010KT 9999 FEW035 15/07 Q1030 NOSIG,M
FAPE,2026-09-04 16:00,55.40,44.60,66.91,110.00,6.00,0.00,30.45,M,6.21,M,FEW,M,M,M,3000.00,M,M,M,M,M,M,M,M,M,M,55.40,FAPE 041600Z 11006KT 9999 FEW030 13/07 Q1031 NOSIG,M
FAPE,2026-09-04 17:00,55.40,44.60,66.91,120.00,6.00,0.00,30.45,M,6.21,M,FEW,M,M,M,3000.00,M,M,M,M,M,M,M,M,M,M,55.40,FAPE 041700Z 12006KT 9999 FEW030 13/07 Q1031 NOSIG,M
FAPE,2026-09-04 18:00,57.20,42.80,58.52,110.00,9.00,0.00,30.45,M,6.21,M,FEW,M,M,M,4800.00,M,M,M,M,M,M,M,M,M,M,57.20,FAPE 041800Z 11009KT 9999 FEW048 14/06 Q1031 NOSIG,M
FAPE,2026-09-04 19:00,59.00,44.60,58.78,100.00,10.00,0.00,30.45,M,6.21,M,FEW,M,M,M,4800.00,M,M,M,M,M,M,M,M,M,M,59.00,FAPE 041900Z 10010KT 9999 FEW048 15/07 Q1031 NOSIG,M
FAPE,2026-09-04 20:00,59.00,48.20,67.34,100.00,11.00,0.00,30.45,M,6.21,M,M,M,M,M,M,M,M,M,M,M,M,M,M,M,M,59.00,FAPE 042000Z 10011KT CAVOK 15/09 Q1031 NOSIG,M
FAPE,2026-09-04 21:00,57.20,50.00,76.83,110.00,8.00,0.00,30.45,M,6.21,M,FEW,M,M,M,3900.00,M,M,M,M,M,M,M,M,M,M,57.20,FAPE 042100Z 11008KT 9999 FEW039 14/10 Q1031 NOSIG,M
FAPE,2026-09-04 22:00,57.20,50.00,76.83,100.00,6.00,0.00,30.42,M,6.21,M,FEW,M,M,M,3300.00,M,M,M,M,M,M,M,M,M,M,57.20,FAPE 042200Z 10006KT 9999 FEW033 14/10 Q1030 NOSIG,M
FAPE,2026-09-04 23:00,59.00,48.20,67.34,80.00,12.00,0.00,30.39,M,6.21,M,M,M,M,M,M,M,M,M,M,M,M,M,M,M,M,59.00,FAPE 042300Z 08012KT CAVOK 15/09 Q1029 NOSIG,M
FAPE,2026-09-05 00:00,59.00,50.00,72.02,90.00,11.00,0.00,30.39,M,6.21,M,M,M,M,M,M,M,M,M,M,M,M,M,M,M,M,59.00,FAPE 050000Z 09011KT CAVOK 15/10 Q1029 NOSIG,M
FAPE,2026-09-05 01:00,59.00,50.00,72.02,90.00,10.00,0.00,30.36,M,6.21,M,M,M,M,M,M,M,M,M,M,M,M,M,M,M,M,59.00,FAPE 050100Z 09010KT CAVOK 15/10 Q1028 NOSIG,M
FAPE,2026-09-05 02:00,59.00,50.00,72.02,90.00,10.00,0.00,30.36,M,6.21,M,M,M,M,M,M,M,M,M,M,M,M,M,M,M,M,59.00,FAPE 050200Z 09010KT CAVOK 15/10 Q1028 NOSIG,M
FAPE,2026-09-05 03:00,59.00,48.20,67.34,90.00,8.00,0.00,30.33,M,6.21,M,M,M,M,M,M,M,M,M,M,M,M,M,M,M,M,59.00,FAPE 050300Z 09008KT CAVOK 15/09 Q1027 NOSIG,M
FAPE,2026-09-05 04:00,60.80,50.00,67.55,90.00,9.00,0.00,30.33,M,6.21,M,M,M,M,M,M,M,M,M,M,M,M,M,M,M,M,60.80,FAPE 050400Z 09009KT CAVOK 16/10 Q1027 NOSIG,M
FAPE,2026-09-05 05:00,60.80,50.00,67.55,80.00,10.00,0.00,30.36,M,6.21,M,FEW,BKN,M,M,2700.00,5000.00,M,M,M,M,M,M,M,M,M,60.80,FAPE 050500Z 08010KT 9999 FEW027 BKN050 16/10 Q1028 NOSIG,M
FAPE,2026-09-05 06:00,60.80,51.80,72.21,90.00,9.00,0.00,30.36,M,6.21,M,M,M,M,M,M,M,M,M,M,M,M,M,M,M,M,60.80,FAPE 050600Z 09009KT CAVOK 16/11 Q1028 NOSIG,M
FAPE,2026-09-05 07:00,62.60,53.60,72.40,120.00,7.00,0.00,30.36,M,6.21,M,M,M,M,M,M,M,M,M,M,M,M,M,M,M,M,62.60,FAPE 050700Z 12007KT CAVOK 17/12 Q1028 NOSIG,M
FAPE,2026-09-05 08:00,62.60,53.60,72.40,110.00,9.00,0.00,30.36,M,6.21,M,FEW,OVC,M,M,3000.00,3400.00,M,M,M,M,M,M,M,M,M,62.60,FAPE 050800Z 11009KT 9999 FEW030 OVC034 17/12 Q1028 NOSIG,M
FAPE,2026-09-05 09:00,62.60,55.40,77.31,120.00,12.00,0.00,30.33,M,6.21,M,FEW,OVC,M,M,2600.00,3200.00,M,M,M,M,M,M,M,M,M,62.60,FAPE 050900Z 12012KT 9999 FEW026 OVC032 17/13 Q1027 NOSIG,M
FAPE,2026-09-05 10:00,62.60,55.40,77.31,110.00,12.00,0.00,30.33,M,6.21,M,FEW,SCT,OVC,M,2000.00,2500.00,3500.00,M,M,M,M,M,M,M,M,62.60,FAPE 051000Z 11012KT 9999 FEW020 SCT025 OVC035 17/13 Q1027 NOSIG,M
FAPE,2026-09-05 11:00,62.60,55.40,77.31,110.00,11.00,0.00,30.30,M,6.21,M,FEW,OVC,M,M,2200.00,4500.00,M,M,M,M,M,M,M,M,M,62.60,FAPE 051100Z 11011KT 9999 FEW022 OVC045 17/13 Q1026 NOSIG,M
FAPE,2026-09-05 12:00,60.80,55.40,82.38,110.00,14.00,0.00,30.30,M,6.21,M,FEW,SCT,OVC,M,1500.00,2800.00,4600.00,M,-RA,M,M,M,M,M,M,60.80,FAPE 051200Z 11014KT 9999 -RA FEW015 SCT028 OVC046 16/13 Q1026 NOSIG,M
FAPE,2026-09-05 13:00,60.80,55.40,82.38,120.00,14.00,0.00,30.30,M,6.21,M,FEW,M,M,M,1300.00,M,M,M,M,M,M,M,M,M,M,60.80,FAPE 051300Z 12014KT 9999 FEW013 16/13 Q1026 NOSIG,M
FAPE,2026-09-05 14:00,60.80,55.40,82.38,110.00,10.00,0.00,30.30,M,6.21,M,SCT,M,M,M,1300.00,M,M,M,M,M,M,M,M,M,M,60.80,FAPE 051400Z 11010KT 9999 SCT013 16/13 Q1026 TEMPO BKN013,M
FAPE,2026-09-05 15:00,60.80,55.40,82.38,120.00,9.00,0.00,30.27,M,6.21,M,FEW,M,M,M,1300.00,M,M,M,M,M,M,M,M,M,M,60.80,FAPE 051500Z 12009KT 080V140 9999 FEW013 16/13 Q1025 NOSIG,M
FAPE,2026-09-05 17:00,60.80,55.40,82.38,110.00,9.00,0.00,30.30,M,6.21,M,SCT,BKN,M,M,1400.00,2800.00,M,M,M,M,M,M,M,M,M,60.80,FAPE 051700Z 11009KT 080V140 9999 SCT014 BKN028 16/13 Q1026 TEMPO BKN013,M
FAPE,2026-09-05 18:00,60.80,55.40,82.38,100.00,9.00,0.00,30.33,M,6.21,M,OVC,M,M,M,2500.00,M,M,M,M,M,M,M,M,M,M,60.80,FAPE 051800Z 10009KT 9999 OVC025 16/13 Q1027 NOSIG,M
FAPE,2026-09-05 19:00,60.80,53.60,77.15,100.00,8.00,0.00,30.33,M,6.21,M,FEW,BKN,M,M,2300.00,3300.00,M,M,M,M,M,M,M,M,M,60.80,FAPE 051900Z 10008KT 9999 FEW023 BKN033 16/12 Q1027 NOSIG,M
FAPE,2026-09-05 22:00,60.80,53.60,77.15,110.00,6.00,0.00,30.36,M,6.21,M,BKN,M,M,M,3600.00,M,M,M,M,M,M,M,M,M,M,60.80,FAPE 052200Z 11006KT 9999 BKN036 16/12 Q1028 NOSIG,M
FAPE,2026-09-05 23:00,60.80,53.60,77.15,110.00,4.00,0.00,30.33,M,6.21,M,BKN,M,M,M,4000.00,M,M,M,M,M,M,M,M,M,M,60.80,FAPE 052300Z 11004KT 9999 BKN040 16/12 Q1027 NOSIG,M
FAPE,2026-09-06 00:00,60.80,53.60,77.15,110.00,5.00,0.00,30.33,M,6.21,M,FEW,BKN,M,M,3500.00,4000.00,M,M,M,M,M,M,M,M,M,60.80,FAPE 060000Z 11005KT 9999 FEW035 BKN040 16/12 Q1027 NOSIG,M
FAPE,2026-09-06 01:00,59.00,53.60,82.26,110.00,5.00,0.00,30.33,M,6.21,M,FEW,SCT,M,M,2000.00,4000.00,M,M,M,M,M,M,M,M,M,59.00,FAPE 060100Z 11005KT 9999 FEW020 SCT040 15/12 Q1027 NOSIG,M
FAPE,2026-09-06 02:00,60.80,53.60,77.15,120.00,6.00,0.00,30.33,M,6.21,M,FEW,SCT,M,M,3500.00,4500.00,M,M,M,M,M,M,M,M,M,60.80,FAPE 060200Z 12006KT 9999 FEW035 SCT045 16/12 Q1027 NOSIG,M
FAPE,2026-09-06 03:00,60.80,53.60,77.15,120.00,8.00,0.00,30.36,M,6.21,M,FEW,BKN,M,M,3500.00,4500.00,M,M,M,M,M,M,M,M,M,60.80,FAPE 060300Z 12008KT 9999 FEW035 BKN045 16/12 Q1028 NOSIG,M
FAPE,2026-09-06 04:00,60.80,51.80,72.21,100.00,7.00,0.00,30.36,M,6.21,M,FEW,BKN,M,M,3000.00,4500.00,M,M,M,M,M,M,M,M,M,60.80,FAPE 060400Z 10007KT 9999 FEW030 BKN045 16/11 Q1028 NOSIG,M
FAPE,2026-09-06 05:00,60.80,51.80,72.21,110.00,8.00,0.00,30.39,M,6.21,M,FEW,OVC,M,M,3000.00,3800.00,M,M,M,M,M,M,M,M,M,60.80,FAPE 060500Z 11008KT 9999 FEW030 OVC038 16/11 Q1029 NOSIG,M
FAPE,2026-09-06 06:00,62.60,53.60,72.40,100.00,9.00,0.00,30.42,M,6.21,M,OVC,M,M,M,3600.00,M,M,M,M,M,M,M,M,M,M,62.60,FAPE 060600Z 10009KT 9999 OVC036 17/12 Q1030 NOSIG,M
FAPE,2026-09-06 07:00,62.60,53.60,72.40,90.00,11.00,0.00,30.42,M,6.21,M,SCT,OVC,M,M,3800.00,4900.00,M,M,M,M,M,M,M,M,M,62.60,FAPE 060700Z 09011KT 9999 SCT038 OVC049 17/12 Q1030 NOSIG,M
FAPE,2026-09-06 08:00,64.40,53.60,67.97,80.00,10.00,0.00,30.42,M,6.21,M,FEW,BKN,M,M,3800.00,4700.00,M,M,M,M,M,M,M,M,M,64.40,FAPE 060800Z 08010KT 9999 FEW038 BKN047 18/12 Q1030 NOSIG,M
FAPE,2026-09-06 09:00,68.00,53.60,60.00,100.00,10.00,0.00,30.42,M,6.21,M,FEW,BKN,M,M,2700.00,4700.00,M,M,M,M,M,M,M,M,M,68.00,FAPE 060900Z 10010KT 060V120 9999 FEW027 BKN047 20/12 Q1030 NOSIG,M
FAPE,2026-09-06 10:00,66.20,53.60,63.85,80.00,13.00,0.00,30.39,M,6.21,M,FEW,SCT,M,M,2800.00,4900.00,M,M,M,M,M,M,M,M,M,66.20,FAPE 061000Z 08013KT 9999 FEW028 SCT049 19/12 Q1029 NOSIG,M
FAPE,2026-09-06 11:00,68.00,55.40,64.07,90.00,13.00,0.00,30.39,M,6.21,M,FEW,SCT,M,M,2500.00,3700.00,M,M,M,M,M,M,M,M,M,68.00,FAPE 061100Z 09013KT 9999 FEW025 SCT037 20/13 Q1029 NOSIG,M
FAPE,2026-09-06 12:00,66.20,53.60,63.85,100.00,16.00,0.00,30.36,M,6.21,M,FEW,BKN,M,M,2500.00,4500.00,M,M,M,M,M,M,M,M,M,66.20,FAPE 061200Z 10016KT 9999 FEW025 BKN045 19/12 Q1028 NOSIG,M
FAPE,2026-09-06 13:00,64.40,55.40,72.58,90.00,13.00,0.00,30.36,M,6.21,M,BKN,M,M,M,4100.00,M,M,M,M,M,M,M,M,M,M,64.40,FAPE 061300Z 09013KT 9999 BKN041 18/13 Q1028 NOSIG,M
FAPE,2026-09-06 14:00,64.40,53.60,67.97,100.00,14.00,0.00,30.36,M,6.21,M,BKN,M,M,M,4000.00,M,M,M,M,M,M,M,M,M,M,64.40,FAPE 061400Z 10014KT 9999 BKN040 18/12 Q1028 NOSIG,M
FAPE,2026-09-06 15:00,62.60,53.60,72.40,90.00,15.00,0.00,30.36,M,6.21,M,BKN,M,M,M,3900.00,M,M,M,M,M,M,M,M,M,M,62.60,FAPE 061500Z 09015KT 9999 BKN039 17/12 Q1028 NOSIG,M
FAPE,2026-09-06 16:00,62.60,53.60,72.40,90.00,13.00,0.00,30.36,M,6.21,M,BKN,M,M,M,3700.00,M,M,M,M,M,M,M,M,M,M,62.60,FAPE 061600Z 09013KT 9999 BKN037 17/12 Q1028 NOSIG,M
FAPE,2026-09-06 17:00,62.60,53.60,72.40,80.00,13.00,0.00,30.39,M,6.21,M,BKN,M,M,M,3500.00,M,M,M,M,M,M,M,M,M,M,62.60,FAPE 061700Z 08013KT 9999 BKN035 17/12 Q1029 NOSIG,M
FAPE,2026-09-06 18:00,60.80,53.60,77.15,80.00,12.00,0.00,30.42,M,6.21,M,FEW,M,M,M,3600.00,M,M,M,M,M,M,M,M,M,M,60.80,FAPE 061800Z 08012KT 9999 FEW036 16/12 Q1030 NOSIG,M
FAPE,2026-09-06 19:00,60.80,55.40,82.38,80.00,12.00,0.00,30.42,M,6.21,M,M,M,M,M,M,M,M,M,M,M,M,M,M,M,M,60.80,FAPE 061900Z 08012KT CAVOK 16/13 Q1030 NOSIG,M
FAPE,2026-09-06 20:00,60.80,55.40,82.38,80.00,12.00,0.00,30.42,M,6.21,M,M,M,M,M,M,M,M,M,M,M,M,M,M,M,M,60.80,FAPE 062000Z 08012KT CAVOK 16/13 Q1030 NOSIG,M
FAPE,2026-09-06 21:00,60.80,55.40,82.38,80.00,12.00,0.00,30.42,M,6.21,M,M,M,M,M,M,M,M,M,M,M,M,M,M,M,M,60.80,FAPE 062100Z 08012KT CAVOK 16/13 Q1030 NOSIG,M
FAPE,2026-09-06 22:00,60.80,57.20,87.93,70.00,12.00,0.00,30.39,M,6.21,M,FEW,M,M,M,2800.00,M,M,M,M,M,M,M,M,M,M,60.80,FAPE 062200Z 07012KT 9999 FEW028 16/14 Q1029 NOSIG,M
FAPE,2026-09-06 23:00,60.80,57.20,87.93,70.00,11.00,0.00,30.39,M,6.21,M,FEW,M,M,M,2800.00,M,M,M,M,M,M,M,M,M,M,60.80,FAPE 062300Z 07011KT 9999 FEW028 16/14 Q1029 NOSIG,M
FAPE,2026-09-07 00:00,60.80,57.20,87.93,70.00,13.00,0.00,30.39,M,6.21,M,SCT,M,M,M,3000.00,M,M,M,M,M,M,M,M,M,M,60.80,FAPE 070000Z 07013KT 9999 SCT030 16/14 Q1029 NOSIG,M
FAPE,2026-09-07 01:00,60.80,57.20,87.93,70.00,14.00,0.00,30.36,M,6.21,M,FEW,M,M,M,3000.00,M,M,M,M,M,M,M,M,M,M,60.80,FAPE 070100Z 07014KT 9999 FEW030 16/14 Q1028 NOSIG,M
FAPE,2026-09-07 02:00,60.80,57.20,87.93,70.00,16.00,0.00,30.33,M,6.21,M,M,M,M,M,M,M,M,M,M,M,M,M,M,M,M,60.80,FAPE 070200Z 07016KT CAVOK 16/14 Q1027 NOSIG,M
FAPE,2026-09-07 03:00,60.80,57.20,87.93,70.00,15.00,0.00,30.33,M,6.21,M,M,M,M,M,M,M,M,M,M,M,M,M,M,M,M,60.80,FAPE 070300Z 07015KT CAVOK 16/14 Q1027 NOSIG,M
FAPE,2026-09-07 03:38,60.80,57.20,87.93,70.00,15.00,0.00,30.33,M,6.21,25.00,M,M,M,M,M,M,M,M,M,M,M,M,M,M,M,60.80,FAPE 070338Z 07015G25KT CAVOK 16/14 Q1027 NOSIG,M
FAPE,2026-09-07 04:00,60.80,57.20,87.93,70.00,16.00,0.00,30.33,M,6.21,M,M,M,M,M,M,M,M,M,M,M,M,M,M,M,M,60.80,FAPE 070400Z 07016KT CAVOK 16/14 Q1027 NOSIG,M
FAPE,2026-09-07 05:00,60.80,55.40,82.38,70.00,14.00,0.00,30.33,M,6.21,M,M,M,M,M,M,M,M,M,M,M,M,M,M,M,M,60.80,FAPE 070500Z 07014KT CAVOK 16/13 Q1027 NOSIG,M
FAPE,2026-09-07 06:00,62.60,57.20,82.51,70.00,16.00,0.00,30.33,M,6.21,M,M,M,M,M,M,M,M,M,M,M,M,M,M,M,M,62.60,FAPE 070600Z 07016KT CAVOK 17/14 Q1027 NOSIG,M
FAPE,2026-09-07 06:34,64.40,57.20,77.46,60.00,15.00,0.00,30.36,M,6.21,25.00,M,M,M,M,M,M,M,M,M,M,M,M,M,M,M,64.40,FAPE 070634Z 06015G25KT CAVOK 18/14 Q1028 NOSIG,M
FAPE,2026-09-07 07:00,64.40,57.20,77.46,70.00,15.00,0.00,30.36,M,6.21,25.00,M,M,M,M,M,M,M,M,M,M,M,M,M,M,M,64.40,FAPE 070700Z 07015G25KT CAVOK 18/14 Q1028 NOSIG,M
FAPE,2026-09-07 08:00,66.20,59.00,77.62,60.00,14.00,0.00,30.33,M,6.21,M,FEW,M,M,M,2500.00,M,M,M,M,M,M,M,M,M,M,66.20,FAPE 070800Z 06014KT 9999 FEW025 19/15 Q1027 NOSIG,M
FAPE,2026-09-07 09:00,68.00,59.00,72.95,60.00,14.00,0.00,30.33,M,6.21,M,M,M,M,M,M,M,M,M,M,M,M,M,M,M,M,68.00,FAPE 070900Z 06014KT CAVOK 20/15 Q1027 NOSIG,M
FAPE,2026-09-07 10:00,68.00,59.00,72.95,70.00,17.00,0.00,30.30,M,6.21,M,FEW,M,M,M,2000.00,M,M,M,M,M,M,M,M,M,M,68.00,FAPE 071000Z 07017KT 9999 FEW020 20/15 Q1026 NOSIG,M
FAPE,2026-09-07 11:00,68.00,59.00,72.95,80.00,17.00,0.00,30.27,M,6.21,M,M,M,M,M,M,M,M,M,M,M,M,M,M,M,M,68.00,FAPE 071100Z 08017KT CAVOK 20/15 Q1025 NOSIG,M
FAPE,2026-09-07 12:00,68.00,59.00,72.95,70.00,18.00,0.00,30.24,M,6.21,M,M,M,M,M,M,M,M,M,M,M,M,M,M,M,M,68.00,FAPE 071200Z 07018KT CAVOK 20/15 Q1024 NOSIG,M
FAPE,2026-09-07 12:02,68.00,59.00,72.95,70.00,18.00,0.00,30.21,M,6.21,28.00,M,M,M,M,M,M,M,M,M,M,M,M,M,M,M,68.00,FAPE 071202Z 07018G28KT CAVOK 20/15 Q1023 NOSIG,M
FAPE,2026-09-07 13:00,68.00,59.00,72.95,70.00,16.00,0.00,30.21,M,6.21,M,M,M,M,M,M,M,M,M,M,M,M,M,M,M,M,68.00,FAPE 071300Z 07016KT CAVOK 20/15 Q1023 NOSIG,M
FAPE,2026-09-07 13:57,68.00,59.00,72.95,80.00,14.00,0.00,30.21,M,6.21,24.00,M,M,M,M,M,M,M,M,M,M,M,M,M,M,M,68.00,FAPE 071357Z 08014G24KT CAVOK 20/15 Q1023 NOSIG,M
FAPE,2026-09-07 14:00,68.00,59.00,72.95,80.00,13.00,0.00,30.21,M,6.21,24.00,M,M,M,M,M,M,M,M,M,M,M,M,M,M,M,68.00,FAPE 071400Z 08013G24KT CAVOK 20/15 Q1023 NOSIG,M
FAPE,2026-09-07 15:00,66.20,59.00,77.62,80.00,15.00,0.00,30.21,M,6.21,M,M,M,M,M,M,M,M,M,M,M,M,M,M,M,M,66.20,FAPE 071500Z 08015KT CAVOK 19/15 Q1023 NOSIG,M
FAPE,2026-09-07 16:00,64.40,59.00,82.63,80.00,11.00,0.00,30.24,M,6.21,M,M,M,M,M,M,M,M,M,M,M,M,M,M,M,M,64.40,FAPE 071600Z 08011KT CAVOK 18/15 Q1024 NOSIG,M
FAPE,2026-09-07 17:00,64.40,60.80,88.10,70.00,13.00,0.00,30.24,M,6.21,M,M,M,M,M,M,M,M,M,M,M,M,M,M,M,M,64.40,FAPE 071700Z 07013KT CAVOK 18/16 Q1024 NOSIG,M
FAPE,2026-09-07 18:00,62.60,60.80,93.84,50.00,9.00,0.00,30.24,M,6.21,M,M,M,M,M,M,M,M,M,M,M,M,M,M,M,M,62.60,FAPE 071800Z 05009KT CAVOK 17/16 Q1024 NOSIG,M
FAPE,2026-09-07 19:00,62.60,60.80,93.84,30.00,6.00,0.00,30.24,M,6.21,M,M,M,M,M,M,M,M,M,M,M,M,M,M,M,M,62.60,FAPE 071900Z 03006KT 360V060 CAVOK 17/16 Q1024 NOSIG,M
FAPE,2026-09-07 21:00,60.80,60.80,100.00,30.00,5.00,0.00,30.21,M,6.21,M,M,M,M,M,M,M,M,M,M,M,M,M,M,M,M,60.80,FAPE 072100Z 03005KT CAVOK 16/16 Q1023 NOSIG,M
FAPE,2026-09-07 22:00,60.80,59.00,93.79,30.00,4.00,0.00,30.21,M,6.21,M,M,M,M,M,M,M,M,M,M,M,M,M,M,M,M,60.80,FAPE 072200Z 03004KT CAVOK 16/15 Q1023 NOSIG,M
FAPE,2026-09-07 23:00,59.00,59.00,100.00,350.00,3.00,0.00,30.21,M,5.59,M,NSC,M,M,M,M,M,M,M,M,M,M,M,M,M,M,59.00,FAPE 072300Z 35003KT 9000 NSC 15/15 Q1023 NOSIG,M
FAPE,2026-09-08 00:00,57.20,57.20,100.00,M,2.00,0.00,30.18,M,4.97,M,NSC,M,M,M,M,M,M,M,M,M,M,M,M,M,M,57.20,FAPE 080000Z VRB02KT 8000 NSC 14/14 Q1022 NOSIG,M
FAPE,2026-09-08 01:00,57.20,57.20,100.00,30.00,2.00,0.00,30.18,M,4.97,M,NSC,M,M,M,M,M,M,M,M,M,M,M,M,M,M,57.20,FAPE 080100Z 03002KT 8000 NSC 14/14 Q1022 NOSIG,M
FAPE,2026-09-08 02:00,53.60,53.60,100.00,0.00,0.00,0.00,30.18,M,4.35,M,NSC,M,M,M,M,M,M,M,M,M,M,M,M,M,M,53.60,FAPE 080200Z 00000KT 7000 NSC 12/12 Q1022 NOSIG,M
FAPE,2026-09-08 03:00,55.40,55.40,100.00,280.00,3.00,0.00,30.18,M,6.21,M,M,M,M,M,M,M,M,M,M,M,M,M,M,M,M,55.40,FAPE 080300Z 28003KT CAVOK 13/13 Q1022 NOSIG,M
FAPE,2026-09-08 04:00,57.20,57.20,100.00,340.00,2.00,0.00,30.21,M,6.21,M,M,M,M,M,M,M,M,M,M,M,M,M,M,M,M,57.20,FAPE 080400Z 34002KT CAVOK 14/14 Q1023 NOSIG,M
FAPE,2026-09-08 05:00,57.20,57.20,100.00,M,2.00,0.00,30.21,M,6.21,M,M,M,M,M,M,M,M,M,M,M,M,M,M,M,M,57.20,FAPE 080500Z VRB02KT CAVOK 14/14 Q1023 NOSIG,M
FAPE,2026-09-08 05:26,60.80,60.80,100.00,0.00,0.00,0.00,30.21,M,6.21,M,M,M,M,M,M,M,M,M,M,M,M,M,M,M,M,60.80,FAPE 080526Z 00000KT CAVOK 16/16 Q1023 NOSIG,M
FAPE,2026-09-08 05:57,64.40,62.60,93.89,M,2.00,0.00,30.21,M,6.21,M,M,M,M,M,M,M,M,M,M,M,M,M,M,M,M,64.40,FAPE 080557Z VRB02KT CAVOK 18/17 Q1023 NOSIG,M
FAPE,2026-09-08 06:00,64.40,62.60,93.89,M,2.00,0.00,30.21,M,6.21,M,M,M,M,M,M,M,M,M,M,M,M,M,M,M,M,64.40,FAPE 080600Z VRB02KT CAVOK 18/17 Q1023 NOSIG,M
FAPE,2026-09-08 06:24,68.00,62.60,82.88,M,2.00,0.00,30.21,M,6.21,M,M,M,M,M,M,M,M,M,M,M,M,M,M,M,M,68.00,FAPE 080624Z VRB02KT CAVOK 20/17 Q1023 NOSIG,M
FAPE,2026-09-08 07:00,69.80,62.60,77.93,M,2.00,0.00,30.21,M,6.21,M,M,M,M,M,M,M,M,M,M,M,M,M,M,M,M,69.80,FAPE 080700Z VRB02KT CAVOK 21/17 Q1023 NOSIG,M
FAPE,2026-09-08 07:31,73.40,62.60,68.99,10.00,3.00,0.00,30.21,M,6.21,M,M,M,M,M,M,M,M,M,M,M,M,M,M,M,M,73.40,FAPE 080731Z 01003KT 330V040 CAVOK 23/17 Q1023 NOSIG,M
FAPE,2026-09-08 08:00,75.20,62.60,64.96,10.00,4.00,0.00,30.21,M,6.21,M,M,M,M,M,M,M,M,M,M,M,M,M,M,M,M,75.20,FAPE 080800Z 01004KT 330V050 CAVOK 24/17 Q1023 NOSIG,M
FAPE,2026-09-08 08:12,78.80,62.60,57.67,330.00,5.00,0.00,30.21,M,6.21,M,M,M,M,M,M,M,M,M,M,M,M,M,M,M,M,78.80,FAPE 080812Z 33005KT 300V360 CAVOK 26/17 Q1023 NOSIG,M
FAPE,2026-09-08 08:50,82.40,62.60,51.29,360.00,4.00,0.00,30.21,M,6.21,M,M,M,M,M,M,M,M,M,M,M,M,M,M,M,M,83.42,FAPE 080850Z 36004KT 300V050 CAVOK 28/17 Q1023 NOSIG,M
FAPE,2026-09-08 09:00,82.40,62.60,51.29,360.00,5.00,0.00,30.21,M,6.21,M,M,M,M,M,M,M,M,M,M,M,M,M,M,M,M,83.42,FAPE 080900Z 36005KT 300V050 CAVOK 28/17 Q1023 NOSIG,M
FAPE,2026-09-08 10:00,84.20,62.60,48.40,10.00,6.00,0.00,30.18,M,6.21,M,M,M,M,M,M,M,M,M,M,M,M,M,M,M,M,85.05,FAPE 081000Z 01006KT 320V050 CAVOK 29/17 Q1022 NOSIG,M
FAPE,2026-09-08 11:00,87.80,62.60,43.16,10.00,6.00,0.00,30.15,M,6.21,M,M,M,M,M,M,M,M,M,M,M,M,M,M,M,M,88.51,FAPE 081100Z 01006KT 330V040 CAVOK 31/17 Q1021 NOSIG,M
FAPE,2026-09-08 12:00,84.20,62.60,48.40,200.00,8.00,0.00,30.12,M,6.21,M,FEW,M,M,M,3000.00,M,M,M,M,M,M,M,M,M,M,85.05,FAPE 081200Z 20008KT 160V220 9999 FEW030 29/17 Q1020 NOSIG,M
FAPE,2026-09-08 13:00,84.20,62.60,48.40,170.00,7.00,0.00,30.12,M,6.21,M,FEW,M,M,M,3500.00,M,M,M,M,M,M,M,M,M,M,85.05,FAPE 081300Z 17007KT 140V200 9999 FEW035 29/17 Q1020 NOSIG,M
FAPE,2026-09-08 14:00,80.60,62.60,54.37,140.00,5.00,0.00,30.12,M,6.21,M,M,M,M,M,M,M,M,M,M,M,M,M,M,M,M,81.85,FAPE 081400Z 14005KT 100V160 CAVOK 27/17 Q1020 NOSIG,M
FAPE,2026-09-08 15:00,73.40,60.80,64.74,90.00,4.00,0.00,30.12,M,6.21,M,M,M,M,M,M,M,M,M,M,M,M,M,M,M,M,73.40,FAPE 081500Z 09004KT CAVOK 23/16 Q1020 NOSIG,M
FAPE,2026-09-08 16:00,68.00,59.00,72.95,110.00,2.00,0.00,30.15,M,6.21,M,M,M,M,M,M,M,M,M,M,M,M,M,M,M,M,68.00,FAPE 081600Z 11002KT CAVOK 20/15 Q1021 NOSIG,M
FAPE,2026-09-08 17:00,66.20,59.00,77.62,M,1.00,0.00,30.15,M,6.21,M,M,M,M,M,M,M,M,M,M,M,M,M,M,M,M,66.20,FAPE 081700Z VRB01KT CAVOK 19/15 Q1021 NOSIG,M
FAPE,2026-09-08 18:00,66.20,59.00,77.62,M,1.00,0.00,30.15,M,6.21,M,M,M,M,M,M,M,M,M,M,M,M,M,M,M,M,66.20,FAPE 081800Z VRB01KT CAVOK 19/15 Q1021 NOSIG,M
FAPE,2026-09-08 18:53,68.00,60.80,77.77,M,2.00,0.00,30.15,M,6.21,M,M,M,M,M,M,M,M,M,M,M,M,M,M,M,M,68.00,FAPE 081853Z VRB02KT CAVOK 20/16 Q1021 NOSIG,M
FAPE,2026-09-08 19:00,68.00,60.80,77.77,M,2.00,0.00,30.15,M,6.21,M,M,M,M,M,M,M,M,M,M,M,M,M,M,M,M,68.00,FAPE 081900Z VRB02KT CAVOK 20/16 Q1021 NOSIG,M
FAPE,2026-09-08 20:00,66.20,60.80,82.76,0.00,0.00,0.00,30.15,M,6.21,M,M,M,M,M,M,M,M,M,M,M,M,M,M,M,M,66.20,FAPE 082000Z 00000KT CAVOK 19/16 Q1021 NOSIG,M
FAPE,2026-09-08 21:00,64.40,59.00,82.63,280.00,3.00,0.00,30.15,M,6.21,M,M,M,M,M,M,M,M,M,M,M,M,M,M,M,M,64.40,FAPE 082100Z 28003KT CAVOK 18/15 Q1021 NOSIG,M
FAPE,2026-09-08 22:00,66.20,60.80,82.76,280.00,3.00,0.00,30.12,M,6.21,M,M,M,M,M,M,M,M,M,M,M,M,M,M,M,M,66.20,FAPE 082200Z 28003KT 250V310 CAVOK 19/16 Q1020 NOSIG,M
FAPE,2026-09-08 23:00,64.40,59.00,82.63,340.00,3.00,0.00,30.12,M,6.21,M,M,M,M,M,M,M,M,M,M,M,M,M,M,M,M,64.40,FAPE 082300Z 34003KT CAVOK 18/15 Q1020 NOSIG,M
FAPE,2026-09-09 00:00,64.40,60.80,88.10,M,2.00,0.00,30.12,M,6.21,M,M,M,M,M,M,M,M,M,M,M,M,M,M,M,M,64.40,FAPE 090000Z VRB02KT CAVOK 18/16 Q1020 NOSIG,M
FAPE,2026-09-09 01:00,62.60,59.00,88.01,350.00,3.00,0.00,30.09,M,6.21,M,M,M,M,M,M,M,M,M,M,M,M,M,M,M,M,62.60,FAPE 090100Z 35003KT CAVOK 17/15 Q1019 NOSIG,M
FAPE,2026-09-09 02:00,60.80,60.80,100.00,M,2.00,0.00,30.09,M,6.21,M,M,M,M,M,M,M,M,M,M,M,M,M,M,M,M,60.80,FAPE 090200Z VRB02KT CAVOK 16/16 Q1019 NOSIG,M
FAPE,2026-09-09 02:23,64.40,60.80,88.10,320.00,5.00,0.00,30.09,M,6.21,M,M,M,M,M,M,M,M,M,M,M,M,M,M,M,M,64.40,FAPE 090223Z 32005KT CAVOK 18/16 Q1019 NOSIG,M
FAPE,2026-09-09 03:00,62.60,60.80,93.84,320.00,4.00,0.00,30.09,M,6.21,M,M,M,M,M,M,M,M,M,M,M,M,M,M,M,M,62.60,FAPE 090300Z 32004KT CAVOK 17/16 Q1019 NOSIG,M
FAPE,2026-09-09 04:00,62.60,57.20,82.51,340.00,4.00,0.00,30.09,M,6.21,M,M,M,M,M,M,M,M,M,M,M,M,M,M,M,M,62.60,FAPE 090400Z 34004KT CAVOK 17/14 Q1019 NOSIG,M
FAPE,2026-09-09 05:00,59.00,57.20,93.74,M,2.00,0.00,30.09,M,6.21,M,M,M,M,M,M,M,M,M,M,M,M,M,M,M,M,59.00,FAPE 090500Z VRB02KT CAVOK 15/14 Q1019 NOSIG,M
FAPE,2026-09-09 05:11,62.60,59.00,88.01,M,2.00,0.00,30.09,M,6.21,M,M,M,M,M,M,M,M,M,M,M,M,M,M,M,M,62.60,FAPE 090511Z VRB02KT CAVOK 17/15 Q1019 NOSIG,M
FAPE,2026-09-09 05:27,66.20,62.60,88.19,M,1.00,0.00,30.09,M,6.21,M,M,M,M,M,M,M,M,M,M,M,M,M,M,M,M,66.20,FAPE 090527Z VRB01KT CAVOK 19/17 Q1019 NOSIG,M
FAPE,2026-09-09 05:46,69.80,60.80,73.13,M,2.00,0.00,30.09,M,6.21,M,M,M,M,M,M,M,M,M,M,M,M,M,M,M,M,69.80,FAPE 090546Z VRB02KT CAVOK 21/16 Q1019 NOSIG,M
FAPE,2026-09-09 06:00,69.80,60.80,73.13,M,2.00,0.00,30.09,M,6.21,M,M,M,M,M,M,M,M,M,M,M,M,M,M,M,M,69.80,FAPE 090600Z VRB02KT CAVOK 21/16 Q1019 NOSIG,M
FAPE,2026-09-09 06:57,75.20,62.60,64.96,40.00,4.00,0.00,30.12,M,6.21,M,M,M,M,M,M,M,M,M,M,M,M,M,M,M,M,75.20,FAPE 090657Z 04004KT CAVOK 24/17 Q1020 NOSIG,M
FAPE,2026-09-09 07:00,75.20,62.60,64.96,40.00,4.00,0.00,30.12,M,6.21,M,M,M,M,M,M,M,M,M,M,M,M,M,M,M,M,75.20,FAPE 090700Z 04004KT CAVOK 24/17 Q1020 NOSIG,M
FAPE,2026-09-09 07:22,78.80,62.60,57.67,40.00,3.00,0.00,30.12,M,6.21,M,M,M,M,M,M,M,M,M,M,M,M,M,M,M,M,78.80,FAPE 090722Z 04003KT 020V080 CAVOK 26/17 Q1020 NOSIG,M
FAPE,2026-09-09 08:00,80.60,62.60,54.37,20.00,3.00,0.00,30.09,M,6.21,M,M,M,M,M,M,M,M,M,M,M,M,M,M,M,M,81.85,FAPE 090800Z 02003KT 330V070 CAVOK 27/17 Q1019 NOSIG,M
FAPE,2026-09-09 09:00,84.20,62.60,48.40,80.00,3.00,0.00,30.09,M,6.21,M,M,M,M,M,M,M,M,M,M,M,M,M,M,M,M,85.05,FAPE 090900Z 08003KT 020V150 CAVOK 29/17 Q1019 NOSIG,M
FAPE,2026-09-09 09:25,87.80,64.40,45.97,M,3.00,0.00,30.09,M,6.21,M,M,M,M,M,M,M,M,M,M,M,M,M,M,M,M,89.36,FAPE 090925Z VRB03KT CAVOK 31/18 Q1019 NOSIG,M
FAPE,2026-09-09 10:00,87.80,62.60,43.16,170.00,5.00,0.00,30.09,M,6.21,M,M,M,M,M,M,M,M,M,M,M,M,M,M,M,M,88.51,FAPE 091000Z 17005KT 130V190 CAVOK 31/17 Q1019 NOSIG,M
FAPE,2026-09-09 11:00,89.60,62.60,40.78,140.00,4.00,0.00,30.06,M,6.21,M,M,M,M,M,M,M,M,M,M,M,M,M,M,M,M,90.35,FAPE 091100Z 14004KT 090V190 CAVOK 32/17 Q1018 NOSIG,M
FAPE,2026-09-09 12:00,87.80,62.60,43.16,140.00,6.00,0.00,30.03,M,6.21,M,M,M,M,M,M,M,M,M,M,M,M,M,M,M,M,88.51,FAPE 091200Z 14006KT CAVOK 31/17 Q1017 NOSIG,M
FAPE,2026-09-09 13:00,89.60,59.00,35.89,130.00,6.00,0.00,30.03,M,6.21,M,M,M,M,M,M,M,M,M,M,M,M,M,M,M,M,88.88,FAPE 091300Z 13006KT 100V160 CAVOK 32/15 Q1017 NOSIG,M
FAPE,2026-09-09 14:00,87.80,60.80,40.50,140.00,6.00,0.00,30.03,M,6.21,M,M,M,M,M,M,M,M,M,M,M,M,M,M,M,M,87.77,FAPE 091400Z 14006KT CAVOK 31/16 Q1017 NOSIG,M
FAPE,2026-09-09 15:00,80.60,60.80,51.02,100.00,4.00,0.00,30.03,M,6.21,M,M,M,M,M,M,M,M,M,M,M,M,M,M,M,M,81.46,FAPE 091500Z 10004KT CAVOK 27/16 Q1017 NOSIG,M
FAPE,2026-09-09 16:00,73.40,59.00,60.72,50.00,4.00,0.00,30.03,M,6.21,M,M,M,M,M,M,M,M,M,M,M,M,M,M,M,M,73.40,FAPE 091600Z 05004KT CAVOK 23/15 Q1017 NOSIG,M
FAPE,2026-09-09 17:00,69.80,59.00,68.59,M,1.00,0.00,30.03,M,6.21,M,M,M,M,M,M,M,M,M,M,M,M,M,M,M,M,69.80,FAPE 091700Z VRB01KT CAVOK 21/15 Q1017 NOSIG,M
FAPE,2026-09-09 18:00,68.00,59.00,72.95,M,1.00,0.00,30.03,M,6.21,M,M,M,M,M,M,M,M,M,M,M,M,M,M,M,M,68.00,FAPE 091800Z VRB01KT CAVOK 20/15 Q1017 NOSIG,M
FAPE,2026-09-09 19:00,66.20,59.00,77.62,280.00,4.00,0.00,30.03,M,6.21,M,M,M,M,M,M,M,M,M,M,M,M,M,M,M,M,66.20,FAPE 091900Z 28004KT CAVOK 19/15 Q1017 NOSIG,M
FAPE,2026-09-09 20:00,68.00,59.00,72.95,280.00,3.00,0.00,30.03,M,6.21,M,M,M,M,M,M,M,M,M,M,M,M,M,M,M,M,68.00,FAPE 092000Z 28003KT CAVOK 20/15 Q1017 NOSIG,M
FAPE,2026-09-09 21:00,68.00,59.00,72.95,280.00,4.00,0.00,30.03,M,6.21,M,M,M,M,M,M,M,M,M,M,M,M,M,M,M,M,68.00,FAPE 092100Z 28004KT CAVOK 20/15 Q1017 NOSIG,M
FAPE,2026-09-09 22:00,64.40,60.80,88.10,240.00,12.00,0.00,30.03,M,6.21,M,M,M,M,M,M,M,M,M,M,M,M,M,M,M,M,64.40,FAPE 092200Z 24012KT CAVOK 18/16 Q1017 NOSIG,M
FAPE,2026-09-09 23:00,64.40,59.00,82.63,240.00,13.00,0.00,30.03,M,6.21,M,M,M,M,M,M,M,M,M,M,M,M,M,M,M,M,64.40,FAPE 092300Z 24013KT CAVOK 18/15 Q1017 NOSIG,M
FAPE,2026-09-10 00:00,64.40,59.00,82.63,240.00,11.00,0.00,30.03,M,6.21,M,M,M,M,M,M,M,M,M,M,M,M,M,M,M,M,64.40,FAPE 100000Z 24011KT CAVOK 18/15 Q1017 NOSIG,M
FAPE,2026-09-10 01:00,60.80,60.80,100.00,240.00,11.00,0.00,30.00,M,6.21,M,M,M,M,M,M,M,M,M,M,M,M,M,M,M,M,60.80,FAPE 100100Z 24011KT CAVOK 16/16 Q1016 NOSIG,M
FAPE,2026-09-10 01:44,60.80,60.80,100.00,240.00,14.00,0.00,30.00,M,1.55,M,OVC,M,M,M,500.00,M,M,M,BR,M,M,M,M,M,M,60.80,FAPE 100144Z 24014KT 2500 BR OVC005 16/16 Q1016 NOSIG,M
FAPE,2026-09-10 02:00,60.80,60.80,100.00,240.00,13.00,0.00,30.00,M,1.55,M,OVC,M,M,M,400.00,M,M,M,BR,M,M,M,M,M,M,60.80,FAPE 100200Z 24013KT 2500 BR OVC004 16/16 Q1016 TEMPO 0800 FG OVC002,M
FAPE,2026-09-10 02:05,62.60,62.60,100.00,250.00,12.00,0.00,30.00,M,2.61,M,OVC,M,M,M,500.00,M,M,M,BR,M,M,M,M,M,M,62.60,FAPE 100205Z 25012KT 4200 BR OVC005 17/17 Q1016 NOSIG,M
FAPE,2026-09-10 02:50,62.60,62.60,100.00,250.00,9.00,0.00,30.00,M,5.59,M,SCT,M,M,M,200.00,M,M,M,M,M,M,M,M,M,M,62.60,FAPE 100250Z 25009KT 9000 SCT002 17/17 Q1016 TEMPO BKN005,M
FAPE,2026-09-10 03:00,62.60,62.60,100.00,250.00,9.00,0.00,30.00,M,5.59,M,SCT,M,M,M,200.00,M,M,M,M,M,M,M,M,M,M,62.60,FAPE 100300Z 25009KT 9000 SCT002 17/17 Q1016 TEMPO BKN005,M
FAPE,2026-09-10 03:06,62.60,62.60,100.00,260.00,9.00,0.00,30.00,M,4.97,M,BKN,M,M,M,200.00,M,M,M,M,M,M,M,M,M,M,62.60,FAPE 100306Z 26009KT 8000 BKN002 17/17 Q1016 TEMPO 3000 BR,M
FAPE,2026-09-10 03:25,62.60,62.60,100.00,250.00,7.00,0.00,30.00,M,4.35,M,SCT,M,M,M,200.00,M,M,M,M,M,M,M,M,M,M,62.60,FAPE 100325Z 25007KT 7000 SCT002 17/17 Q1016 TEMPO 3000 BR BKN002,M
FAPE,2026-09-10 04:00,60.80,60.80,100.00,340.00,3.00,0.00,30.00,M,4.35,M,FEW,M,M,M,400.00,M,M,M,M,M,M,M,M,M,M,60.80,FAPE 100400Z 34003KT 310V020 7000 FEW004 16/16 Q1016 TEMPO 3000 BR BKN002,M
FAPE,2026-09-10 04:15,60.80,60.80,100.00,0.00,0.00,0.00,30.00,M,2.80,M,SCT,M,M,M,200.00,M,M,M,BR,M,M,M,M,M,M,60.80,FAPE 100415Z 00000KT 4500 BR SCT002 16/16 Q1016 TEMPO 3000 BKN002,M
FAPE,2026-09-10 04:24,60.80,60.80,100.00,M,1.00,0.00,30.00,M,1.86,M,SCT,M,M,M,400.00,M,M,M,BR,M,M,M,M,M,M,60.80,FAPE 100424Z VRB01KT 3000 BR SCT004 16/16 Q1016 TEMPO BKN003,M
FAPE,2026-09-10 04:37,60.80,60.80,100.00,240.00,4.00,0.00,30.00,M,1.86,M,BKN,M,M,M,600.00,M,M,M,BR,M,M,M,M,M,M,60.80,FAPE 100437Z 24004KT 200V300 3000 BR BKN006 16/16 Q1016 BECMG 6000 NSW,M
FAPE,2026-09-10 05:00,60.80,60.80,100.00,240.00,4.00,0.00,30.00,M,1.86,M,BKN,M,M,M,600.00,M,M,M,BR,M,M,M,M,M,M,60.80,FAPE 100500Z 24004KT 3000 BR BKN006 16/16 Q1016 BECMG 6000 NSW,M
FAPE,2026-09-10 05:19,62.60,62.60,100.00,250.00,7.00,0.00,30.03,M,2.49,M,BKN,M,M,M,600.00,M,M,M,BR,M,M,M,M,M,M,62.60,FAPE 100519Z 25007KT 4000 BR BKN006 17/17 Q1017 BECMG 6000 NSW,M
FAPE,2026-09-10 05:42,62.60,62.60,100.00,240.00,10.00,0.00,30.03,M,4.35,M,BKN,M,M,M,600.00,M,M,M,M,M,M,M,M,M,M,62.60,FAPE 100542Z 24010KT 7000 BKN006 17/17 Q1017 BECMG BKN010,M
FAPE,2026-09-10 06:00,64.40,62.60,93.89,240.00,13.00,0.00,30.03,M,5.59,M,SCT,M,M,M,600.00,M,M,M,M,M,M,M,M,M,M,64.40,FAPE 100600Z 24013KT 9000 SCT006 18/17 Q1017 BECMG BKN010,M
FAPE,2026-09-10 06:01,64.40,62.60,93.89,240.00,13.00,0.00,30.03,M,5.59,M,SCT,M,M,M,600.00,M,M,M,M,M,M,M,M,M,M,64.40,FAPE 100601Z 24013KT 9000 SCT006 18/17 Q1017 BECMG BKN010,M
FAPE,2026-09-10 07:00,64.40,62.60,93.89,240.00,14.00,0.00,30.06,M,6.21,M,FEW,M,M,M,700.00,M,M,M,M,M,M,M,M,M,M,64.40,FAPE 100700Z 24014KT 9999 FEW007 18/17 Q1018 NOSIG,M
FAPE,2026-09-10 07:44,69.80,64.40,83.00,240.00,20.00,0.00,30.06,M,6.21,M,FEW,M,M,M,1000.00,M,M,M,M,M,M,M,M,M,M,69.80,FAPE 100744Z 24020KT 9999 FEW010 21/18 Q1018 NOSIG,M
FAPE,2026-09-10 08:00,69.80,64.40,83.00,240.00,20.00,0.00,30.06,M,6.21,M,FEW,M,M,M,1000.00,M,M,M,M,M,M,M,M,M,M,69.80,FAPE 100800Z 24020KT 9999 FEW010 21/18 Q1018 NOSIG,M
FAPE,2026-09-10 09:00,69.80,62.60,77.93,240.00,20.00,0.00,30.06,M,6.21,M,FEW,M,M,M,1200.00,M,M,M,M,M,M,M,M,M,M,69.80,FAPE 100900Z 24020KT 9999 FEW012 21/17 Q1018 NOSIG,M
FAPE,2026-09-10 09:52,71.60,62.60,73.30,240.00,20.00,0.00,30.06,M,6.21,M,FEW,M,M,M,1000.00,M,M,M,M,M,M,M,M,M,M,71.60,FAPE 100952Z 24020KT 9999 FEW010 22/17 Q1018 NOSIG,M
FAPE,2026-09-10 10:00,71.60,62.60,73.30,240.00,19.00,0.00,30.06,M,6.21,M,FEW,M,M,M,1000.00,M,M,M,M,M,M,M,M,M,M,71.60,FAPE 101000Z 24019KT 9999 FEW010 22/17 Q1018 NOSIG,M
FAPE,2026-09-10 11:00,71.60,62.60,73.30,240.00,22.00,0.00,30.06,M,6.21,M,FEW,M,M,M,1500.00,M,M,M,M,M,M,M,M,M,M,71.60,FAPE 101100Z 24022KT 9999 FEW015 22/17 Q1018 NOSIG,M
FAPE,2026-09-10 12:00,69.80,62.60,77.93,240.00,19.00,0.00,30.06,M,6.21,M,FEW,M,M,M,1500.00,M,M,M,M,M,M,M,M,M,M,69.80,FAPE 101200Z 24019KT 9999 FEW015 21/17 Q1018 NOSIG,M
FAPE,2026-09-10 12:44,69.80,64.40,83.00,230.00,15.00,0.00,30.06,M,6.21,M,BKN,M,M,M,700.00,M,M,M,M,M,M,M,M,M,M,69.80,FAPE 101244Z 23015KT 9999 BKN007 21/18 Q1018 NOSIG,M
FAPE,2026-09-10 13:00,68.00,64.40,88.28,230.00,16.00,0.00,30.06,M,6.21,M,BKN,M,M,M,600.00,M,M,M,M,M,M,M,M,M,M,68.00,FAPE 101300Z 23016KT 9999 BKN006 20/18 Q1018 TEMPO BKN005,M
FAPE,2026-09-10 13:57,66.20,64.40,93.93,230.00,15.00,0.00,30.06,M,6.21,M,BKN,M,M,M,400.00,M,M,M,M,M,M,M,M,M,M,66.20,FAPE 101357Z 23015KT 9999 BKN004 19/18 Q1018 TEMPO BKN003,M
FAPE,2026-09-10 14:00,66.20,64.40,93.93,230.00,15.00,0.00,30.06,M,6.21,M,BKN,M,M,M,400.00,M,M,M,M,M,M,M,M,M,M,66.20,FAPE 101400Z 23015KT 9999 BKN004 19/18 Q1018 TEMPO BKN003,M
FAPE,2026-09-10 15:00,66.20,64.40,93.93,240.00,15.00,0.00,30.09,M,6.21,M,BKN,M,M,M,400.00,M,M,M,M,M,M,M,M,M,M,66.20,FAPE 101500Z 24015KT 9999 BKN004 19/18 Q1019 TEMPO BKN003,M
FAPE,2026-09-10 16:00,64.40,64.40,100.00,240.00,13.00,0.00,30.09,M,6.21,M,BKN,M,M,M,400.00,M,M,M,M,M,M,M,M,M,M,64.40,FAPE 101600Z 24013KT 9999 BKN004 18/18 Q1019 NOSIG,M
FAPE,2026-09-10 17:00,64.40,64.40,100.00,240.00,11.00,0.00,30.12,M,6.21,M,BKN,BKN,M,M,400.00,1700.00,M,M,M,M,M,M,M,M,M,64.40,FAPE 101700Z 24011KT 9999 BKN004 BKN017 18/18 Q1020 NOSIG,M
FAPE,2026-09-10 18:00,64.40,64.40,100.00,240.00,11.00,0.00,30.15,M,6.21,M,OVC,M,M,M,400.00,M,M,M,M,M,M,M,M,M,M,64.40,FAPE 101800Z 24011KT 9999 OVC004 18/18 Q1021 NOSIG,M
FAPE,2026-09-10 18:25,64.40,64.40,100.00,250.00,11.00,0.00,30.18,M,6.21,M,BKN,OVC,M,M,400.00,1300.00,M,M,M,M,M,M,M,M,M,64.40,FAPE 101825Z 25011KT 9999 BKN004 OVC013 18/18 Q1022 NOSIG,M
FAPE,2026-09-10 19:00,64.40,64.40,100.00,280.00,7.00,0.00,30.18,M,6.21,M,BKN,OVC,M,M,400.00,1300.00,M,M,M,M,M,M,M,M,M,64.40,FAPE 101900Z 28007KT 9999 BKN004 OVC013 18/18 Q1022 NOSIG,M
FAPE,2026-09-10 20:00,64.40,64.40,100.00,240.00,11.00,0.00,30.21,M,4.97,M,BKN,OVC,M,M,800.00,1400.00,M,M,-DZ,M,M,M,M,M,M,64.40,FAPE 102000Z 24011KT 8000 -DZ BKN008 OVC014 18/18 Q1023 TEMPO 5000 DZ BR BKN005,M
FAPE,2026-09-10 21:00,62.60,62.60,100.00,240.00,11.00,0.00,30.18,M,6.21,M,FEW,BKN,M,M,1400.00,4000.00,M,M,M,M,M,M,M,M,M,62.60,FAPE 102100Z 24011KT 9999 FEW014 BKN040 17/17 Q1022 NOSIG,M
FAPE,2026-09-10 21:04,62.60,62.60,100.00,250.00,11.00,0.00,30.18,M,6.21,M,FEW,BKN,M,M,1400.00,4000.00,M,M,M,M,M,M,M,M,M,62.60,FAPE 102104Z 25011KT 9999 FEW014 BKN040 17/17 Q1022 NOSIG,M
FAPE,2026-09-10 22:00,62.60,60.80,93.84,240.00,12.00,0.00,30.18,M,6.21,M,FEW,M,M,M,2500.00,M,M,M,M,M,M,M,M,M,M,62.60,FAPE 102200Z 24012KT 9999 FEW025 17/16 Q1022 NOSIG,M
FAPE,2026-09-10 22:28,62.60,60.80,93.84,240.00,11.00,0.00,30.18,M,6.21,M,FEW,FEW,BKN,M,3000.00,4500.00,8000.00,M,TS,M,M,M,M,M,M,62.60,FAPE 102228Z 24011KT 9999 TS FEW030 FEW045CB BKN080 17/16 Q1022 TEMPO -TSRA,M
FAPE,2026-09-10 22:58,62.60,60.80,93.84,240.00,13.00,0.00,30.18,M,6.21,M,FEW,FEW,BKN,M,3000.00,4500.00,8000.00,M,-TSRA,M,M,M,M,M,M,62.60,FAPE 102258Z 24013KT 9999 -TSRA FEW030 FEW045CB BKN080 17/16 Q1022 NOSIG,M
FAPE,2026-09-10 23:00,62.60,60.80,93.84,240.00,14.00,0.00,30.18,M,6.21,M,FEW,FEW,BKN,M,3000.00,4500.00,8000.00,M,-TSRA,M,M,M,M,M,M,62.60,FAPE 102300Z 24014KT 9999 -TSRA FEW030 FEW045CB BKN080 17/16 Q1022 NOSIG,M
FAPE,2026-09-10 23:13,62.60,62.60,100.00,250.00,12.00,0.00,30.21,M,6.21,M,FEW,M,M,M,4000.00,M,M,M,M,M,M,M,M,M,M,62.60,FAPE 102313Z 25012KT 9999 FEW040 17/17 Q1023 NOSIG,M
FAPE,2026-09-11 00:00,62.60,60.80,93.84,230.00,14.00,0.00,30.18,M,6.21,M,M,M,M,M,M,M,M,M,M,M,M,M,M,M,M,62.60,FAPE 110000Z 23014KT CAVOK 17/16 Q1022 NOSIG,M
FAPE,2026-09-11 01:00,62.60,60.80,93.84,270.00,6.00,0.00,30.18,M,6.21,M,M,M,M,M,M,M,M,M,M,M,M,M,M,M,M,62.60,FAPE 110100Z 27006KT CAVOK 17/16 Q1022 NOSIG,M
FAPE,2026-09-11 02:00,60.80,60.80,100.00,240.00,10.00,0.00,30.18,M,6.21,M,BKN,M,M,M,4700.00,M,M,M,M,M,M,M,M,M,M,60.80,FAPE 110200Z 24010KT 9999 BKN047 16/16 Q1022 NOSIG,M
FAPE,2026-09-11 03:00,60.80,60.80,100.00,260.00,8.00,0.00,30.15,M,6.21,M,SCT,M,M,M,4800.00,M,M,M,M,M,M,M,M,M,M,60.80,FAPE 110300Z 26008KT 9999 SCT048 16/16 Q1021 NOSIG,M
FAPE,2026-09-11 04:00,60.80,60.80,100.00,240.00,8.00,0.00,30.18,M,6.21,M,BKN,M,M,M,4500.00,M,M,M,M,M,M,M,M,M,M,60.80,FAPE 110400Z 24008KT 9999 BKN045 16/16 Q1022 NOSIG,M
FAPE,2026-09-11 05:00,62.60,60.80,93.84,230.00,9.00,0.00,30.21,M,6.21,M,FEW,SCT,BKN,M,1000.00,1500.00,4500.00,M,M,M,M,M,M,M,M,62.60,FAPE 110500Z 23009KT 9999 FEW010 SCT015 BKN045 17/16 Q1023 NOSIG,M
FAPE,2026-09-11 05:10,62.60,60.80,93.84,230.00,10.00,0.00,30.24,M,6.21,M,BKN,M,M,M,1000.00,M,M,M,M,M,M,M,M,M,M,62.60,FAPE 110510Z 23010KT 9999 BKN010 17/16 Q1024 NOSIG,M
FAPE,2026-09-11 05:26,60.80,60.80,100.00,210.00,7.00,0.00,30.21,M,3.73,M,SCT,OVC,M,M,1000.00,2000.00,M,M,RA,M,M,M,M,M,M,60.80,FAPE 110526Z 21007KT 180V240 6000 RA SCT010 OVC020 16/16 Q1023 NOSIG,M
FAPE,2026-09-11 06:00,60.80,60.80,100.00,210.00,5.00,0.00,30.24,M,6.21,M,SCT,OVC,M,M,1500.00,4000.00,M,M,M,M,M,M,M,M,M,60.80,FAPE 110600Z 21005KT 9999 SCT015 OVC040 16/16 Q1024 NOSIG,M
FAPE,2026-09-11 07:00,62.60,60.80,93.84,190.00,3.00,0.00,30.24,M,6.21,M,SCT,OVC,M,M,1500.00,2500.00,M,M,M,M,M,M,M,M,M,62.60,FAPE 110700Z 19003KT 150V220 9999 SCT015 OVC025 17/16 Q1024 NOSIG,M
FAPE,2026-09-11 08:00,62.60,60.80,93.84,180.00,4.00,0.00,30.24,M,6.21,M,SCT,OVC,M,M,1200.00,1700.00,M,M,-RA,M,M,M,M,M,M,62.60,FAPE 110800Z 18004KT 9999 -RA SCT012 OVC017 17/16 Q1024 NOSIG,M
FAPE,2026-09-11 09:00,64.40,62.60,93.89,230.00,6.00,0.00,30.21,M,6.21,M,FEW,OVC,M,M,1700.00,2500.00,M,M,M,M,M,M,M,M,M,64.40,FAPE 110900Z 23006KT 9999 FEW017 OVC025 18/17 Q1023 NOSIG,M
FAPE,2026-09-11 10:00,64.40,62.60,93.89,230.00,9.00,0.00,30.21,M,6.21,M,OVC,M,M,M,2500.00,M,M,M,M,M,M,M,M,M,M,64.40,FAPE 111000Z 23009KT 9999 OVC025 18/17 Q1023 NOSIG,M
FAPE,2026-09-11 11:00,66.20,62.60,88.19,220.00,7.00,0.00,30.18,M,6.21,M,FEW,OVC,M,M,2000.00,3000.00,M,M,M,M,M,M,M,M,M,66.20,FAPE 111100Z 22007KT 9999 FEW020 OVC030 19/17 Q1022 NOSIG,M
FAPE,2026-09-11 12:00,66.20,62.60,88.19,220.00,6.00,0.00,30.15,M,6.21,M,FEW,OVC,M,M,2000.00,3400.00,M,M,M,M,M,M,M,M,M,66.20,FAPE 111200Z 22006KT 9999 FEW020 OVC034 19/17 Q1021 NOSIG,M
FAPE,2026-09-11 13:00,66.20,62.60,88.19,200.00,4.00,0.00,30.15,M,6.21,M,FEW,SCT,BKN,M,1800.00,3600.00,4800.00,M,M,M,M,M,M,M,M,66.20,FAPE 111300Z 20004KT 170V240 9999 FEW018 SCT036 BKN048 19/17 Q1021 NOSIG,M
FAPE,2026-09-11 14:00,66.20,62.60,88.19,150.00,5.00,0.00,30.15,M,6.21,M,FEW,BKN,M,M,1600.00,4900.00,M,M,M,M,M,M,M,M,M,66.20,FAPE 111400Z 15005KT 9999 FEW016 BKN049 19/17 Q1021 NOSIG,M
FAPE,2026-09-11 15:00,64.40,60.80,88.10,180.00,4.00,0.00,30.12,M,6.21,M,SCT,BKN,M,M,2800.00,4900.00,M,M,M,M,M,M,M,M,M,64.40,FAPE 111500Z 18004KT 9999 SCT028 BKN049 18/16 Q1020 NOSIG,M
FAPE,2026-09-11 16:00,64.40,60.80,88.10,160.00,3.00,0.00,30.15,M,6.21,M,FEW,BKN,OVC,M,2200.00,3000.00,4900.00,M,M,M,M,M,M,M,M,64.40,FAPE 111600Z 16003KT 130V190 9999 FEW022 BKN030 OVC049 18/16 Q1021 NOSIG,M
FAPE,2026-09-11 17:00,62.60,60.80,93.84,M,1.00,0.00,30.15,M,6.21,M,SCT,OVC,M,M,3500.00,4900.00,M,M,M,M,M,M,M,M,M,62.60,FAPE 111700Z VRB01KT 9999 SCT035 OVC049 17/16 Q1021 NOSIG,M
FAPE,2026-09-11 18:00,62.60,60.80,93.84,100.00,6.00,0.00,30.15,M,6.21,M,FEW,OVC,M,M,4000.00,4600.00,M,M,M,M,M,M,M,M,M,62.60,FAPE 111800Z 10006KT 9999 FEW040 OVC046 17/16 Q1021 NOSIG,M
FAPE,2026-09-11 19:00,62.60,60.80,93.84,M,1.00,0.00,30.18,M,6.21,M,OVC,M,M,M,4900.00,M,M,M,M,M,M,M,M,M,M,62.60,FAPE 111900Z VRB01KT 9999 OVC049 17/16 Q1022 NOSIG,M
FAPE,2026-09-11 20:00,62.60,60.80,93.84,80.00,4.00,0.00,30.18,M,6.21,M,BKN,M,M,M,3000.00,M,M,M,M,M,M,M,M,M,M,62.60,FAPE 112000Z 08004KT 9999 BKN030 17/16 Q1022 NOSIG,M
FAPE,2026-09-11 21:00,60.80,60.80,100.00,100.00,6.00,0.00,30.15,M,6.21,M,BKN,M,M,M,3500.00,M,M,M,M,M,M,M,M,M,M,60.80,FAPE 112100Z 10006KT 9999 BKN035 16/16 Q1021 NOSIG,M
FAPE,2026-09-11 22:00,62.60,60.80,93.84,110.00,6.00,0.00,30.12,M,6.21,M,BKN,M,M,M,3000.00,M,M,M,M,M,M,M,M,M,M,62.60,FAPE 112200Z 11006KT 9999 BKN030 17/16 Q1020 NOSIG,M
FAPE,2026-09-11 23:00,62.60,60.80,93.84,90.00,5.00,0.00,30.12,M,6.21,M,SCT,OVC,M,M,2000.00,3000.00,M,M,M,M,M,M,M,M,M,62.60,FAPE 112300Z 09005KT 060V120 9999 SCT020 OVC030 17/16 Q1020 NOSIG,M
FAPE,2026-09-12 00:59,62.60,62.60,100.00,70.00,9.00,0.00,30.12,M,1.24,M,BKN,OVC,M,M,300.00,1000.00,M,M,-DZ BR,M,M,M,M,M,M,62.60,COR FAPE 120059Z 07009KT 2000 -DZ BR BKN003 OVC010 17/17 Q1020 NOSIG,M
FAPE,2026-09-12 01:00,62.60,62.60,100.00,70.00,9.00,0.00,30.12,M,1.24,M,BKN,OVC,M,M,300.00,1000.00,M,M,-DZ BR,M,M,M,M,M,M,62.60,COR FAPE 120100Z 07009KT 2000 -DZ BR BKN003 OVC010 17/17 Q1020 NOSIG,M
FAPE,2026-09-12 01:13,62.60,62.60,100.00,70.00,9.00,0.00,30.12,M,1.24,M,BKN,OVC,M,M,300.00,1000.00,M,M,-DZ BR,M,M,M,M,M,M,62.60,FAPE 120113Z 07009KT 2000 -DZ BR BKN003 OVC010 17/17 Q1020 NOSIG,M
FAPE,2026-09-12 01:56,62.60,62.60,100.00,90.00,11.00,0.00,30.09,M,3.73,M,BKN,OVC,M,M,200.00,1000.00,M,M,-DZ,M,M,M,M,M,M,62.60,FAPE 120156Z 09011KT 6000 -DZ BKN002 OVC010 17/17 Q1019 NOSIG,M
FAPE,2026-09-12 02:00,62.60,62.60,100.00,90.00,11.00,0.00,30.09,M,3.73,M,BKN,OVC,M,M,200.00,1000.00,M,M,-DZ,M,M,M,M,M,M,62.60,FAPE 120200Z 09011KT 6000 -DZ BKN002 OVC010 17/17 Q1019 NOSIG,M
FAPE,2026-09-12 02:59,62.60,62.60,100.00,80.00,12.00,0.00,30.06,M,3.11,M,BKN,OVC,M,M,200.00,1000.00,M,M,-DZ BR,M,M,M,M,M,M,62.60,FAPE 120259Z 08012KT 5000 -DZ BR BKN002 OVC010 17/17 Q1018 TEMPO 4000,M
FAPE,2026-09-12 03:00,62.60,62.60,100.00,80.00,12.00,0.00,30.06,M,3.11,M,BKN,OVC,M,M,200.00,1000.00,M,M,-DZ BR,M,M,M,M,M,M,62.60,FAPE 120300Z 08012KT 5000 -DZ BR BKN002 OVC010 17/17 Q1018 TEMPO 4000,M
FAPE,2026-09-12 03:06,60.80,60.80,100.00,80.00,11.00,0.00,30.09,M,3.11,M,OVC,M,M,M,200.00,M,M,M,-DZ BR,M,M,M,M,M,M,60.80,FAPE 120306Z 08011KT 5000 -DZ BR OVC002 16/16 Q1019 TEMPO 4000,M
FAPE,2026-09-12 04:00,60.80,60.80,100.00,80.00,6.00,0.00,30.09,M,2.49,M,OVC,M,M,M,200.00,M,M,M,-DZ BR,M,M,M,M,M,M,60.80,FAPE 120400Z 08006KT 4000 -DZ BR OVC002 16/16 Q1019 NOSIG,M
FAPE,2026-09-12 04:54,60.80,60.80,100.00,80.00,12.00,0.00,30.06,M,1.80,M,OVC,M,M,M,100.00,M,M,M,-DZ BR,M,M,M,M,M,M,60.80,FAPE 120454Z 08012KT 2900 -DZ BR OVC001 16/16 Q1018 NOSIG,M
FAPE,2026-09-12 05:00,60.80,60.80,100.00,80.00,12.00,0.00,30.06,M,1.80,M,OVC,M,M,M,100.00,M,M,M,-DZ BR,M,M,M,M,M,M,60.80,FAPE 120500Z 08012KT 2900 -DZ BR OVC001 16/16 Q1018 NOSIG,M
FAPE,2026-09-12 05:37,60.80,60.80,100.00,90.00,7.00,0.00,30.12,M,0.93,M,OVC,M,M,M,200.00,M,M,M,-RA BR,M,M,M,M,M,M,60.80,FAPE 120537Z 09007KT 060V120 1500 -RA BR OVC002 16/16 Q1020 NOSIG,M
FAPE,2026-09-12 06:00,62.60,62.60,100.00,90.00,7.00,0.00,30.09,M,0.93,M,OVC,M,M,M,200.00,M,M,M,-DZ BR,M,M,M,M,M,M,62.60,FAPE 120600Z 09007KT 1500 -DZ BR OVC002 17/17 Q1019 NOSIG,M
FAPE,2026-09-12 07:00,62.60,62.60,100.00,80.00,7.00,0.00,30.12,M,0.93,M,BKN,OVC,M,M,200.00,1300.00,M,M,-RA BR,M,M,M,M,M,M,62.60,FAPE 120700Z 08007KT 1500 -RA BR BKN002 OVC013 17/17 Q1020 NOSIG,M
FAPE,2026-09-12 07:49,64.40,64.40,100.00,110.00,5.00,0.00,30.12,M,2.49,M,SCT,BKN,OVC,M,300.00,1200.00,1600.00,M,-DZ BR,M,M,M,M,M,M,64.40,FAPE 120749Z 11005KT 4000 -DZ BR SCT003 BKN012 OVC016 18/18 Q1020 NOSIG,M
FAPE,2026-09-12 08:00,64.40,64.40,100.00,110.00,6.00,0.00,30.09,M,2.49,M,SCT,BKN,OVC,M,300.00,1200.00,1600.00,M,-DZ BR,M,M,M,M,M,M,64.40,FAPE 120800Z 11006KT 4000 -DZ BR SCT003 BKN012 OVC016 18/18 Q1019 NOSIG,M
FAPE,2026-09-12 08:01,64.40,64.40,100.00,70.00,6.00,0.00,30.09,M,4.35,M,SCT,OVC,M,M,200.00,1600.00,M,M,M,M,M,M,M,M,M,64.40,FAPE 120801Z 07006KT 040V100 7000 SCT002 OVC016 18/18 Q1019 NOSIG,M
FAPE,2026-09-12 08:35,66.20,64.40,93.93,50.00,7.00,0.00,30.09,M,6.21,M,BKN,BKN,M,M,600.00,1700.00,M,M,M,M,M,M,M,M,M,66.20,FAPE 120835Z 05007KT 020V080 9999 BKN006 BKN017 19/18 Q1019 TEMPO BKN004,M
FAPE,2026-09-12 09:00,64.40,64.40,100.00,60.00,8.00,0.00,30.09,M,6.21,M,BKN,BKN,M,M,800.00,2500.00,M,M,M,M,M,M,M,M,M,64.40,FAPE 120900Z 06008KT 9999 BKN008 BKN025 18/18 Q1019 BECMG SCT008,M
FAPE,2026-09-12 10:00,66.20,64.40,93.93,90.00,4.00,0.00,30.09,M,6.21,M,BKN,BKN,M,M,800.00,4000.00,M,M,M,M,M,M,M,M,M,66.20,FAPE 121000Z 09004KT 060V140 9999 BKN008 BKN040 19/18 Q1019 NOSIG,M
FAPE,2026-09-12 11:00,68.00,64.40,88.28,150.00,4.00,0.00,30.06,M,6.21,M,BKN,OVC,M,M,600.00,2500.00,M,M,M,M,M,M,M,M,M,68.00,FAPE 121100Z 15004KT 110V170 9999 BKN006 OVC025 20/18 Q1018 TEMPO BKN005,M
FAPE,2026-09-12 11:55,66.20,64.40,93.93,160.00,6.00,0.00,30.06,M,5.59,M,BKN,OVC,M,M,500.00,1500.00,M,M,M,M,M,M,M,M,M,66.20,FAPE 121155Z 16006KT 130V190 9000 BKN005 OVC015 19/18 Q1018 TEMPO BKN003,M
FAPE,2026-09-12 12:00,66.20,64.40,93.93,160.00,6.00,0.00,30.06,M,5.59,M,BKN,OVC,M,M,500.00,1500.00,M,M,M,M,M,M,M,M,M,66.20,FAPE 121200Z 16006KT 130V190 9000 BKN005 OVC015 19/18 Q1018 TEMPO BKN003,M
FAPE,2026-09-12 13:00,66.20,64.40,93.93,160.00,5.00,0.00,30.06,M,1.86,M,BKN,OVC,M,M,400.00,1800.00,M,M,-DZ BR,M,M,M,M,M,M,66.20,FAPE 121300Z 16005KT 3000 -DZ BR BKN004 OVC018 19/18 Q1018 TEMPO 4000,M
FAPE,2026-09-12 13:05,66.20,64.40,93.93,160.00,5.00,0.00,30.06,M,1.86,M,BKN,OVC,M,M,400.00,1800.00,M,M,-DZ BR,M,M,M,M,M,M,66.20,FAPE 121305Z 16005KT 3000 -DZ BR BKN004 OVC018 19/18 Q1018 TEMPO 4000,M
FAPE,2026-09-12 13:24,64.40,64.40,100.00,120.00,10.00,0.00,30.06,M,1.24,M,BKN,OVC,M,M,400.00,1500.00,M,M,DZRA,M,M,M,M,M,M,64.40,FAPE 121324Z 12010KT 2000 DZRA BKN004 OVC015 18/18 Q1018 NOSIG,M
FAPE,2026-09-12 13:57,62.60,62.60,100.00,120.00,14.00,0.00,30.06,M,2.49,M,BKN,OVC,M,M,300.00,1500.00,M,M,-DZRA,M,M,M,M,M,M,62.60,FAPE 121357Z 12014KT 4000 -DZRA BKN003 OVC015 17/17 Q1018 TEMPO 3000 DZ,M
FAPE,2026-09-12 14:00,62.60,62.60,100.00,120.00,15.00,0.00,30.06,M,2.49,M,BKN,OVC,M,M,300.00,1500.00,M,M,-DZRA,M,M,M,M,M,M,62.60,FAPE 121400Z 12015KT 4000 -DZRA BKN003 OVC015 17/17 Q1018 TEMPO 3000 DZ,M
FAPE,2026-09-12 14:52,62.60,62.60,100.00,120.00,14.00,0.00,30.06,M,4.97,M,BKN,OVC,M,M,400.00,1500.00,M,M,M,M,M,M,M,M,M,62.60,FAPE 121452Z 12014KT 8000 BKN004 OVC015 17/17 Q1018 NOSIG,M
FAPE,2026-09-12 15:00,62.60,62.60,100.00,120.00,14.00,0.00,30.06,M,4.97,M,BKN,OVC,M,M,400.00,1500.00,M,M,M,M,M,M,M,M,M,62.60,FAPE 121500Z 12014KT 8000 BKN004 OVC015 17/17 Q1018 NOSIG,M
FAPE,2026-09-12 15:23,62.60,62.60,100.00,120.00,14.00,0.00,30.09,M,5.59,M,BKN,OVC,M,M,800.00,1600.00,M,M,M,M,M,M,M,M,M,62.60,FAPE 121523Z 12014KT 9000 BKN008 OVC016 17/17 Q1019 NOSIG,M
FAPE,2026-09-12 16:00,62.60,62.60,100.00,130.00,12.00,0.00,30.09,M,5.59,M,BKN,OVC,M,M,800.00,1600.00,M,M,M,M,M,M,M,M,M,62.60,FAPE 121600Z 13012KT 9000 BKN008 OVC016 17/17 Q1019 NOSIG,M
FAPE,2026-09-12 16:02,62.60,62.60,100.00,130.00,12.00,0.00,30.09,M,5.59,M,FEW,OVC,M,M,400.00,1200.00,M,M,-RA,M,M,M,M,M,M,62.60,FAPE 121602Z 13012KT 9000 -RA FEW004 OVC012 17/17 Q1019 TEMPO 5000,M
FAPE,2026-09-12 16:55,62.60,62.60,100.00,130.00,12.00,0.00,30.12,M,3.11,M,BKN,OVC,M,M,600.00,1200.00,M,M,-DZRA,M,M,M,M,M,M,62.60,FAPE 121655Z 13012KT 5000 -DZRA BKN006 OVC012 17/17 Q1020 TEMPO 4000 BKN003,M
FAPE,2026-09-12 17:00,62.60,62.60,100.00,130.00,12.00,0.00,30.12,M,3.11,M,BKN,OVC,M,M,600.00,1200.00,M,M,-DZRA,M,M,M,M,M,M,62.60,FAPE 121700Z 13012KT 5000 -DZRA BKN006 OVC012 17/17 Q1020 TEMPO 4000 BKN003,M
FAPE,2026-09-12 17:25,62.60,62.60,100.00,130.00,13.00,0.00,30.12,M,3.11,M,BKN,OVC,M,M,500.00,1200.00,M,M,-DZRA,M,M,M,M,M,M,62.60,FAPE 121725Z 13013KT 5000 -DZRA BKN005 OVC012 17/17 Q1020 TEMPO 4000 BKN003,M
FAPE,2026-09-12 17:44,62.60,62.60,100.00,130.00,11.00,0.00,30.15,M,2.49,M,BKN,OVC,M,M,300.00,1000.00,M,M,-DZRA,M,M,M,M,M,M,62.60,FAPE 121744Z 13011KT 4000 -DZRA BKN003 OVC010 17/17 Q1021 NOSIG,M
FAPE,2026-09-12 18:00,62.60,62.60,100.00,130.00,12.00,0.00,30.15,M,2.49,M,BKN,OVC,M,M,300.00,1000.00,M,M,-DZRA,M,M,M,M,M,M,62.60,FAPE 121800Z 13012KT 4000 -DZRA BKN003 OVC010 17/17 Q1021 NOSIG,M
FAPE,2026-09-12 19:00,62.60,62.60,100.00,150.00,11.00,0.00,30.15,M,2.49,M,BKN,OVC,M,M,300.00,1000.00,M,M,-DZRA,M,M,M,M,M,M,62.60,FAPE 121900Z 15011KT 4000 -DZRA BKN003 OVC010 17/17 Q1021 NOSIG,M
FAPE,2026-09-12 23:00,60.80,60.80,100.00,100.00,11.00,0.00,30.12,M,3.11,M,OVC,M,M,M,500.00,M,M,M,-DZ,M,M,M,M,M,M,60.80,FAPE 122300Z 10011KT 5000 -DZ OVC005 16/16 Q1020 NOSIG,M
FAPE,2026-09-13 00:00,60.80,60.80,100.00,100.00,7.00,0.00,30.12,M,3.11,M,OVC,M,M,M,500.00,M,M,M,-DZ,M,M,M,M,M,M,60.80,FAPE 130000Z 10007KT 5000 -DZ OVC005 16/16 Q1020 NOSIG,M
FAPE,2026-09-13 00:53,60.80,60.80,100.00,90.00,7.00,0.00,30.12,M,3.11,M,OVC,M,M,M,300.00,M,M,M,-DZ,M,M,M,M,M,M,60.80,FAPE 130053Z 09007KT 5000 -DZ OVC003 16/16 Q1020 NOSIG,M
FAPE,2026-09-13 01:00,60.80,60.80,100.00,90.00,7.00,0.00,30.12,M,3.11,M,OVC,M,M,M,300.00,M,M,M,-DZ,M,M,M,M,M,M,60.80,FAPE 130100Z 09007KT 5000 -DZ OVC003 16/16 Q1020 NOSIG,M
FAPE,2026-09-13 02:00,60.80,60.80,100.00,80.00,13.00,0.00,30.12,M,3.11,M,OVC,M,M,M,300.00,M,M,M,-DZ,M,M,M,M,M,M,60.80,FAPE 130200Z 08013KT 5000 -DZ OVC003 16/16 Q1020 NOSIG,M
FAPE,2026-09-13 04:00,60.80,60.80,100.00,80.00,10.00,0.00,30.15,M,3.11,M,OVC,M,M,M,300.00,M,M,M,-DZ,M,M,M,M,M,M,60.80,FAPE 130400Z 08010KT 5000 -DZ OVC003 16/16 Q1021 NOSIG,M
FAPE,2026-09-13 04:22,60.80,60.80,100.00,80.00,10.00,0.00,30.15,M,3.73,M,SCT,OVC,M,M,400.00,1200.00,M,M,-DZ,M,M,M,M,M,M,60.80,FAPE 130422Z 08010KT 6000 -DZ SCT004 OVC012 16/16 Q1021 NOSIG,M
FAPE,2026-09-13 04:55,60.80,60.80,100.00,90.00,11.00,0.00,30.12,M,4.97,M,BKN,OVC,M,M,500.00,1500.00,M,M,-DZ,M,M,M,M,M,M,60.80,FAPE 130455Z 09011KT 8000 -DZ BKN005 OVC015 16/16 Q1020 BECMG SCT005,M
FAPE,2026-09-13 05:00,60.80,60.80,100.00,90.00,11.00,0.00,30.12,M,4.97,M,BKN,OVC,M,M,500.00,1500.00,M,M,-DZ,M,M,M,M,M,M,60.80,FAPE 130500Z 09011KT 8000 -DZ BKN005 OVC015 16/16 Q1020 BECMG SCT005,M
FAPE,2026-09-13 05:24,60.80,60.80,100.00,80.00,11.00,0.00,30.15,M,6.21,M,BKN,OVC,M,M,1500.00,3000.00,M,M,-DZ,M,M,M,M,M,M,60.80,FAPE 130524Z 08011KT 9999 -DZ BKN015 OVC030 16/16 Q1021 NOSIG,M
FAPE,2026-09-13 05:47,60.80,60.80,100.00,70.00,10.00,0.00,30.15,M,0.93,M,SCT,OVC,M,M,500.00,1500.00,M,M,-DZ,M,M,M,M,M,M,60.80,FAPE 130547Z 07010KT 1500 -DZ SCT005 OVC015 16/16 Q1021 NOSIG,M
FAPE,2026-09-13 06:00,60.80,60.80,100.00,70.00,10.00,0.00,30.15,M,0.93,M,SCT,OVC,M,M,500.00,1500.00,M,M,-DZ,M,M,M,M,M,M,60.80,FAPE 130600Z 07010KT 1500 -DZ SCT005 OVC015 16/16 Q1021 NOSIG,M
FAPE,2026-09-13 06:48,60.80,60.80,100.00,70.00,12.00,0.00,30.18,M,2.49,M,BKN,OVC,M,M,400.00,1000.00,M,M,-DZRA,M,M,M,M,M,M,60.80,FAPE 130648Z 07012KT 4000 -DZRA BKN004 OVC010 16/16 Q1022 TEMPO 3000,M
FAPE,2026-09-13 06:59,60.80,60.80,100.00,70.00,12.00,0.00,30.18,M,4.35,M,SCT,OVC,M,M,400.00,1000.00,M,M,-DZ,M,M,M,M,M,M,60.80,FAPE 130659Z 07012KT 7000 -DZ SCT004 OVC010 16/16 Q1022 TEMPO 3000 BKN004,M
FAPE,2026-09-13 07:00,60.80,60.80,100.00,70.00,12.00,0.00,30.18,M,5.59,M,SCT,OVC,M,M,400.00,1000.00,M,M,-DZ,M,M,M,M,M,M,60.80,FAPE 130700Z 07012KT 9000 -DZ SCT004 OVC010 16/16 Q1022 TEMPO 3000 BKN004,M
FAPE,2026-09-13 07:54,60.80,60.80,100.00,80.00,14.00,0.00,30.15,M,4.97,M,BKN,OVC,M,M,400.00,1500.00,M,M,-RA,M,M,M,M,M,M,60.80,FAPE 130754Z 08014KT 8000 -RA BKN004 OVC015 16/16 Q1021 TEMPO 3000 BR,M
FAPE,2026-09-13 08:00,60.80,60.80,100.00,80.00,13.00,0.00,30.15,M,6.21,M,BKN,OVC,M,M,400.00,1500.00,M,M,-RA,M,M,M,M,M,M,60.80,FAPE 130800Z 08013KT 9999 -RA BKN004 OVC015 16/16 Q1021 TEMPO 3000 BR,M
FAPE,2026-09-13 09:00,60.80,60.80,100.00,90.00,11.00,0.00,30.15,M,5.59,M,BKN,OVC,M,M,400.00,1500.00,M,M,M,M,M,M,M,M,M,60.80,FAPE 130900Z 09011KT 9000 BKN004 OVC015 16/16 Q1021 TEMPO 3000 BR,M
FAPE,2026-09-13 10:00,60.80,60.80,100.00,90.00,16.00,0.00,30.12,M,5.59,M,OVC,M,M,M,500.00,M,M,M,-DZ,M,M,M,M,M,M,60.80,FAPE 131000Z 09016KT 9000 -DZ OVC005 16/16 Q1020 TEMPO 5000 OVC004,M
FAPE,2026-09-13 10:01,60.80,60.80,100.00,90.00,15.00,0.00,30.12,M,5.59,M,OVC,M,M,M,500.00,M,M,M,-DZ,M,M,M,M,M,M,60.80,FAPE 131001Z 09015KT 9000 -DZ OVC005 16/16 Q1020 TEMPO 5000 OVC004,M
FAPE,2026-09-13 10:40,60.80,60.80,100.00,90.00,17.00,0.00,30.09,M,5.59,27.00,OVC,M,M,M,500.00,M,M,M,M,M,M,M,M,M,M,60.80,FAPE 131040Z 09017G27KT 9000 OVC005 16/16 Q1019 NOSIG,M
FAPE,2026-09-13 11:00,60.80,60.80,100.00,90.00,18.00,0.00,30.09,M,5.59,29.00,OVC,M,M,M,500.00,M,M,M,-DZ,M,M,M,M,M,M,60.80,FAPE 131100Z 09018G29KT 9000 -DZ OVC005 16/16 Q1019 NOSIG,M
FAPE,2026-09-13 11:27,60.80,60.80,100.00,80.00,21.00,0.00,30.06,M,4.97,33.00,OVC,M,M,M,400.00,M,M,M,VCFG,M,M,M,M,M,M,60.80,FAPE 131127Z 08021G33KT 8000 VCFG OVC004 16/16 Q1018 TEMPO 4000 DZ BR,M
FAPE,2026-09-13 12:00,60.80,60.80,100.00,80.00,18.00,0.00,30.06,M,4.97,31.00,OVC,M,M,M,400.00,M,M,M,VCFG,M,M,M,M,M,M,60.80,FAPE 131200Z 08018G31KT 8000 VCFG OVC004 16/16 Q1018 NOSIG,M
FAPE,2026-09-13 13:00,60.80,60.80,100.00,80.00,21.00,0.00,30.03,M,4.97,32.00,OVC,M,M,M,400.00,M,M,M,VCFG,M,M,M,M,M,M,60.80,FAPE 131300Z 08021G32KT 8000 VCFG OVC004 16/16 Q1017 NOSIG,M
FAPE,2026-09-13 14:00,60.80,60.80,100.00,70.00,19.00,0.00,30.06,M,4.97,29.00,OVC,M,M,M,400.00,M,M,M,VCFG,M,M,M,M,M,M,60.80,FAPE 131400Z 07019G29KT 8000 VCFG OVC004 16/16 Q1018 NOSIG,M
FAPE,2026-09-13 14:55,60.80,60.80,100.00,80.00,17.00,0.00,30.06,M,6.21,27.00,OVC,M,M,M,700.00,M,M,M,M,M,M,M,M,M,M,60.80,FAPE 131455Z 08017G27KT 9999 OVC007 16/16 Q1018 TEMPO OVC004,M
FAPE,2026-09-13 15:00,60.80,60.80,100.00,80.00,17.00,0.00,30.06,M,6.21,27.00,OVC,M,M,M,700.00,M,M,M,M,M,M,M,M,M,M,60.80,FAPE 131500Z 08017G27KT 9999 OVC007 16/16 Q1018 TEMPO OVC004,M
FAPE,2026-09-13 15:23,60.80,60.80,100.00,80.00,18.00,0.00,30.03,M,4.97,M,OVC,M,M,M,400.00,M,M,M,VCFG,M,M,M,M,M,M,60.80,FAPE 131523Z 08018KT 8000 VCFG OVC004 16/16 Q1017 NOSIG,M
FAPE,2026-09-13 16:00,60.80,60.80,100.00,70.00,20.00,0.00,30.03,M,4.97,M,OVC,M,M,M,400.00,M,M,M,VCFG,M,M,M,M,M,M,60.80,FAPE 131600Z 07020KT 8000 VCFG OVC004 16/16 Q1017 NOSIG,M
FAPE,2026-09-13 16:29,60.80,60.80,100.00,70.00,16.00,0.00,30.06,M,4.97,28.00,OVC,M,M,M,400.00,M,M,M,VCFG,M,M,M,M,M,M,60.80,FAPE 131629Z 07016G28KT 020V090 8000 VCFG OVC004 16/16 Q1018 NOSIG,M
FAPE,2026-09-13 17:00,60.80,60.80,100.00,80.00,13.00,0.00,30.06,M,4.97,24.00,OVC,M,M,M,400.00,M,M,M,VCFG,M,M,M,M,M,M,60.80,FAPE 131700Z 08013G24KT 030V100 8000 VCFG OVC004 16/16 Q1018 TEMPO 5000 -RA BKN003,M
FAPE,2026-09-13 18:00,60.80,60.80,100.00,80.00,16.00,0.00,30.06,M,4.97,M,OVC,M,M,M,300.00,M,M,M,VCFG,M,M,M,M,M,M,60.80,COR FAPE 131800Z 08016KT 8000 VCFG OVC003 16/16 Q1018 NOSIG,M
FAPE,2026-09-13 19:00,60.80,60.80,100.00,80.00,15.00,0.00,30.06,M,4.97,M,OVC,M,M,M,300.00,M,M,M,VCFG,M,M,M,M,M,M,60.80,FAPE 131900Z 08015KT 8000 VCFG OVC003 16/16 Q1018 NOSIG,M
FAPE,2026-09-13 19:58,60.80,60.80,100.00,70.00,19.00,0.00,30.03,M,1.86,M,OVC,M,M,M,200.00,M,M,M,BR,M,M,M,M,M,M,60.80,FAPE 131958Z 07019KT 3000 BR OVC002 16/16 Q1017 NOSIG,M
FAPE,2026-09-13 19:59,60.80,60.80,100.00,70.00,19.00,0.00,30.03,M,1.86,M,M,M,M,M,M,M,M,M,BR,M,M,M,M,M,M,60.80,FAPE 131959Z 07019KT 3000 BR 16/16 Q1017 NOSIG,M
FAPE,2026-09-13 20:00,60.80,60.80,100.00,70.00,19.00,0.00,30.03,M,1.86,M,OVC,M,M,M,200.00,M,M,M,BR,M,M,M,M,M,M,60.80,FAPE 132000Z 07019KT 3000 BR OVC002 16/16 Q1017 NOSIG,M
FAPE,2026-09-13 20:10,60.80,60.80,100.00,70.00,18.00,0.00,30.03,M,3.11,M,OVC,M,M,M,200.00,M,M,M,BR,M,M,M,M,M,M,60.80,FAPE 132010Z 07018KT 5000 BR OVC002 16/16 Q1017 NOSIG,M
FAPE,2026-09-13 20:49,60.80,60.80,100.00,70.00,18.00,0.00,30.00,M,4.97,M,OVC,M,M,M,300.00,M,M,M,M,M,M,M,M,M,M,60.80,FAPE 132049Z 07018KT 8000 OVC003 16/16 Q1016 NOSIG,M
FAPE,2026-09-13 20:51,60.80,60.80,100.00,70.00,17.00,0.00,30.00,M,4.97,27.00,OVC,M,M,M,300.00,M,M,M,M,M,M,M,M,M,M,60.80,FAPE 132051Z 07017G27KT 8000 OVC003 16/16 Q1016 NOSIG,M
FAPE,2026-09-13 21:00,60.80,60.80,100.00,70.00,17.00,0.00,30.00,M,4.97,27.00,OVC,M,M,M,300.00,M,M,M,M,M,M,M,M,M,M,60.80,FAPE 132100Z 07017G27KT 8000 OVC003 16/16 Q1016 NOSIG,M
FAPE,2026-09-13 22:00,62.60,62.60,100.00,70.00,15.00,0.00,29.97,M,4.97,M,OVC,M,M,M,200.00,M,M,M,M,M,M,M,M,M,M,62.60,FAPE 132200Z 07015KT 8000 OVC002 17/17 Q1015 NOSIG,M
FAPE,2026-09-14 00:00,62.60,62.60,100.00,60.00,11.00,0.00,29.94,M,3.73,M,OVC,M,M,M,200.00,M,M,M,M,M,M,M,M,M,M,62.60,FAPE 140000Z 06011KT 6000 OVC002 17/17 Q1014 NOSIG,M
FAPE,2026-09-14 01:00,62.60,62.60,100.00,60.00,10.00,0.00,29.91,M,4.35,M,OVC,M,M,M,200.00,M,M,M,M,M,M,M,M,M,M,62.60,FAPE 140100Z 06010KT 7000 OVC002 17/17 Q1013 NOSIG,M
FAPE,2026-09-14 01:31,62.60,62.60,100.00,40.00,8.00,0.00,29.88,M,3.11,M,VV ,M,M,M,200.00,M,M,M,BR,M,M,M,M,M,M,62.60,FAPE 140131Z 04008KT 5000 BR VV002 17/17 Q1012 NOSIG,M
FAPE,2026-09-14 02:00,62.60,62.60,100.00,40.00,7.00,0.00,29.88,M,3.11,M,VV ,M,M,M,200.00,M,M,M,BR,M,M,M,M,M,M,62.60,COR FAPE 140200Z 04007KT 5000 BR VV002 17/17 Q1012 TEMPO 2500,M
FAPE,2026-09-14 02:25,60.80,60.80,100.00,20.00,6.00,0.00,29.88,M,1.86,M,VV ,M,M,M,200.00,M,M,M,BR,M,M,M,M,M,M,60.80,FAPE 140225Z 02006KT 3000 BR VV002 16/16 Q1012 NOSIG,M
FAPE,2026-09-14 02:59,60.80,60.80,100.00,60.00,4.00,0.00,29.85,M,1.86,M,BKN,OVC,M,M,300.00,1000.00,M,M,-RA BR,M,M,M,M,M,M,60.80,FAPE 140259Z 06004KT 3000 -RA BR BKN003 OVC010 16/16 Q1011 BECMG 5000,M
FAPE,2026-09-14 03:00,60.80,60.80,100.00,60.00,4.00,0.00,29.85,M,1.86,M,BKN,OVC,M,M,300.00,1000.00,M,M,-RA BR,M,M,M,M,M,M,60.80,FAPE 140300Z 06004KT 3000 -RA BR BKN003 OVC010 16/16 Q1011 BECMG 5000,M
FAPE,2026-09-14 03:26,60.80,60.80,100.00,70.00,4.00,0.00,29.85,M,2.49,M,BKN,OVC,M,M,300.00,1000.00,M,M,-RA BR,M,M,M,M,M,M,60.80,FAPE 140326Z 07004KT 4000 -RA BR BKN003 OVC010 16/16 Q1011 BECMG 6000 NSW,M
FAPE,2026-09-14 03:40,60.80,60.80,100.00,50.00,6.00,0.00,29.85,M,3.73,M,FEW,SCT,M,M,300.00,1000.00,M,M,-RA,M,M,M,M,M,M,60.80,FAPE 140340Z 05006KT 6000 -RA FEW003 SCT010 16/16 Q1011 NOSIG,M
FAPE,2026-09-14 04:00,60.80,60.80,100.00,30.00,4.00,0.00,29.85,M,3.73,M,FEW,SCT,M,M,200.00,1200.00,M,M,-RA,M,M,M,M,M,M,60.80,FAPE 140400Z 03004KT 6000 -RA FEW002 SCT012 16/16 Q1011 NOSIG,M
FAPE,2026-09-14 04:12,62.60,62.60,100.00,30.00,4.00,0.00,29.88,M,2.49,M,FEW,M,M,M,200.00,M,M,M,-RA BR,M,M,M,M,M,M,62.60,FAPE 140412Z 03004KT 4000 -RA BR FEW002 17/17 Q1012 TEMPO 3000 BKN002,M
FAPE,2026-09-14 04:47,62.60,62.60,100.00,50.00,6.00,0.00,29.88,M,2.49,M,OVC,M,M,M,200.00,M,M,M,-RA BR,M,M,M,M,M,M,62.60,FAPE 140447Z 05006KT 4000 -RA BR OVC002 17/17 Q1012 TEMPO 3000,M
FAPE,2026-09-14 05:00,62.60,62.60,100.00,30.00,6.00,0.00,29.88,M,2.49,M,BKN,M,M,M,200.00,M,M,M,-RA BR,M,M,M,M,M,M,62.60,FAPE 140500Z 03006KT 4000 -RA BR BKN002 17/17 Q1012 TEMPO 3000,M
FAPE,2026-09-14 05:56,62.60,62.60,100.00,360.00,6.00,0.00,29.88,M,3.11,M,FEW,SCT,M,M,200.00,1200.00,M,M,-RA BR,M,M,M,M,M,M,62.60,FAPE 140556Z 36006KT 5000 -RA BR FEW002 SCT012 17/17 Q1012 BECMG 6000 NSW,M
FAPE,2026-09-14 06:00,62.60,62.60,100.00,360.00,6.00,0.00,29.88,M,3.11,M,FEW,SCT,M,M,200.00,1200.00,M,M,-RA BR,M,M,M,M,M,M,62.60,FAPE 140600Z 36006KT 5000 -RA BR FEW002 SCT012 17/17 Q1012 BECMG 6000 NSW,M
FAPE,2026-09-14 06:57,64.40,64.40,100.00,40.00,4.00,0.00,29.88,M,4.35,M,FEW,M,M,M,300.00,M,M,M,M,M,M,M,M,M,M,64.40,FAPE 140657Z 04004KT 7000 FEW003 18/18 Q1012 NOSIG,M
FAPE,2026-09-14 07:00,64.40,64.40,100.00,40.00,4.00,0.00,29.88,M,4.35,M,FEW,M,M,M,300.00,M,M,M,M,M,M,M,M,M,M,64.40,FAPE 140700Z 04004KT 7000 FEW003 18/18 Q1012 NOSIG,M
FAPE,2026-09-14 08:00,64.40,64.40,100.00,20.00,6.00,0.00,29.91,M,4.35,M,FEW,SCT,M,M,400.00,4900.00,M,M,-RA,M,M,M,M,M,M,64.40,FAPE 140800Z 02006KT 7000 -RA FEW004 SCT049 18/18 Q1013 NOSIG,M
FAPE,2026-09-14 09:00,66.20,66.20,100.00,20.00,6.00,0.00,29.88,M,4.97,M,FEW,SCT,M,M,400.00,4900.00,M,M,M,M,M,M,M,M,M,66.20,FAPE 140900Z 02006KT 8000 FEW004 SCT049 19/19 Q1012 NOSIG,M
FAPE,2026-09-14 10:00,68.00,66.20,93.98,340.00,3.00,0.00,29.85,M,5.59,M,NSC,M,M,M,M,M,M,M,M,M,M,M,M,M,M,68.00,FAPE 141000Z 34003KT 290V040 9000 NSC 20/19 Q1011 NOSIG,M
FAPE,2026-09-14 11:00,69.80,68.00,94.02,30.00,5.00,0.00,29.85,M,6.21,M,M,M,M,M,M,M,M,M,M,M,M,M,M,M,M,69.80,FAPE 141100Z 03005KT 360V070 CAVOK 21/20 Q1011 NOSIG,M
FAPE,2026-09-14 12:00,73.40,68.00,83.24,30.00,6.00,0.00,29.80,M,5.59,M,NSC,M,M,M,M,M,M,M,M,M,M,M,M,M,M,73.40,FAPE 141200Z 03006KT 9000 NSC 23/20 Q1009 NOSIG,M
FAPE,2026-09-14 13:00,71.60,64.40,78.08,340.00,11.00,0.00,29.80,M,6.21,22.00,M,M,M,M,M,M,M,M,M,M,M,M,M,M,M,71.60,FAPE 141300Z 34011G22KT 320V020 CAVOK 22/18 Q1009 NOSIG,M
FAPE,2026-09-14 14:00,69.80,62.60,77.93,340.00,9.00,0.00,29.80,M,6.21,M,M,M,M,M,M,M,M,M,M,M,M,M,M,M,M,69.80,FAPE 141400Z 34009KT CAVOK 21/17 Q1009 NOSIG,M
FAPE,2026-09-14 15:00,69.80,60.80,73.13,320.00,8.00,0.00,29.80,M,6.21,M,M,M,M,M,M,M,M,M,M,M,M,M,M,M,M,69.80,FAPE 141500Z 32008KT CAVOK 21/16 Q1009 NOSIG,M
FAPE,2026-09-14 16:00,68.00,59.00,72.95,330.00,6.00,0.00,29.80,M,6.21,M,M,M,M,M,M,M,M,M,M,M,M,M,M,M,M,68.00,FAPE 141600Z 33006KT 290V350 CAVOK 20/15 Q1009 NOSIG,M
FAPE,2026-09-14 17:00,68.00,57.20,68.38,310.00,7.00,0.00,29.83,M,6.21,M,M,M,M,M,M,M,M,M,M,M,M,M,M,M,M,68.00,FAPE 141700Z 31007KT CAVOK 20/14 Q1010 NOSIG,M
FAPE,2026-09-14 18:00,69.80,55.40,60.24,310.00,9.00,0.00,29.85,M,6.21,M,M,M,M,M,M,M,M,M,M,M,M,M,M,M,M,69.80,FAPE 141800Z 31009KT CAVOK 21/13 Q1011 NOSIG,M
FAPE,2026-09-14 19:00,64.40,62.60,93.89,250.00,14.00,0.00,29.88,M,6.21,M,FEW,M,M,M,700.00,M,M,M,M,M,M,M,M,M,M,64.40,FAPE 141900Z 25014KT 9999 FEW007 18/17 Q1012 NOSIG,M
FAPE,2026-09-14 19:42,64.40,62.60,93.89,250.00,15.00,0.00,29.91,M,4.97,M,BKN,M,M,M,600.00,M,M,M,M,M,M,M,M,M,M,64.40,FAPE 141942Z 25015KT 8000 BKN006 18/17 Q1013 TEMPO 5000 BR,M
FAPE,2026-09-14 20:00,62.60,62.60,100.00,250.00,17.00,0.00,29.91,M,4.97,M,BKN,M,M,M,600.00,M,M,M,M,M,M,M,M,M,M,62.60,FAPE 142000Z 25017KT 8000 BKN006 17/17 Q1013 TEMPO 5000 BR,M
FAPE,2026-09-14 21:00,60.80,60.80,100.00,230.00,12.00,0.00,29.91,M,4.97,M,BKN,M,M,M,600.00,M,M,M,M,M,M,M,M,M,M,60.80,FAPE 142100Z 23012KT 8000 BKN006 16/16 Q1013 TEMPO 5000 BR,M
FAPE,2026-09-14 22:00,60.80,60.80,100.00,240.00,10.00,0.00,29.91,M,5.59,M,BKN,M,M,M,600.00,M,M,M,M,M,M,M,M,M,M,60.80,FAPE 142200Z 24010KT 9000 BKN006 16/16 Q1013 TEMPO 5000 BR,M
FAPE,2026-09-14 23:00,60.80,60.80,100.00,260.00,8.00,0.00,29.91,M,5.59,M,BKN,M,M,M,600.00,M,M,M,M,M,M,M,M,M,M,60.80,FAPE 142300Z 26008KT 9000 BKN006 16/16 Q1013 TEMPO 5000 BR,M
FAPE,2026-09-14 23:08,60.80,60.80,100.00,270.00,7.00,0.00,29.91,M,6.21,M,SCT,M,M,M,600.00,M,M,M,M,M,M,M,M,M,M,60.80,FAPE 142308Z 27007KT 9999 SCT006 16/16 Q1013 TEMPO BKN006,M
FAPE,2026-09-15 00:00,57.20,57.20,100.00,260.00,4.00,0.00,29.91,M,6.21,M,FEW,M,M,M,600.00,M,M,M,M,M,M,M,M,M,M,57.20,FAPE 150000Z 26004KT 9999 FEW006 14/14 Q1013 NOSIG,M
FAPE,2026-09-15 01:00,57.20,57.20,100.00,340.00,4.00,0.00,29.88,M,6.21,M,FEW,M,M,M,600.00,M,M,M,M,M,M,M,M,M,M,57.20,FAPE 150100Z 34004KT 9999 FEW006 14/14 Q1012 NOSIG,M
FAPE,2026-09-15 02:00,59.00,59.00,100.00,340.00,6.00,0.00,29.85,M,6.21,M,FEW,M,M,M,500.00,M,M,M,M,M,M,M,M,M,M,59.00,FAPE 150200Z 34006KT 9999 FEW005 15/15 Q1011 NOSIG,M
FAPE,2026-09-15 03:00,59.00,59.00,100.00,340.00,6.00,0.00,29.85,M,6.21,M,FEW,M,M,M,400.00,M,M,M,M,M,M,M,M,M,M,59.00,FAPE 150300Z 34006KT 9999 FEW004 15/15 Q1011 NOSIG,M
FAPE,2026-09-15 04:00,59.00,59.00,100.00,340.00,3.00,0.00,29.88,M,6.21,M,M,M,M,M,M,M,M,M,M,M,M,M,M,M,M,59.00,FAPE 150400Z 34003KT CAVOK 15/15 Q1012 NOSIG,M
FAPE,2026-09-15 04:49,57.20,57.20,100.00,40.00,3.00,0.00,29.88,M,2.61,M,NSC,M,M,M,M,M,M,M,BR,M,M,M,M,M,M,57.20,FAPE 150449Z 04003KT 010V070 4200 BR NSC 14/14 Q1012 BECMG 6000,M
FAPE,2026-09-15 05:00,57.20,57.20,100.00,40.00,3.00,0.00,29.88,M,2.73,M,NSC,M,M,M,M,M,M,M,BR,M,M,M,M,M,M,57.20,FAPE 150500Z 04003KT 010V070 4400 BR NSC 14/14 Q1012 BECMG 6000,M
FAPE,2026-09-15 05:01,57.20,57.20,100.00,10.00,3.00,0.00,29.88,M,4.97,M,NSC,M,M,M,M,M,M,M,M,M,M,M,M,M,M,57.20,FAPE 150501Z 01003KT 330V050 8000 NSC 14/14 Q1012 NOSIG,M
FAPE,2026-09-15 05:27,60.80,59.00,93.79,360.00,4.00,0.00,29.91,M,6.21,M,M,M,M,M,M,M,M,M,M,M,M,M,M,M,M,60.80,FAPE 150527Z 36004KT CAVOK 16/15 Q1013 NOSIG,M
FAPE,2026-09-15 06:00,62.60,59.00,88.01,360.00,4.00,0.00,29.91,M,6.21,M,M,M,M,M,M,M,M,M,M,M,M,M,M,M,M,62.60,FAPE 150600Z 36004KT 330V030 CAVOK 17/15 Q1013 NOSIG,M
FAPE,2026-09-15 06:20,66.20,59.00,77.62,290.00,6.00,0.00,29.91,M,6.21,M,M,M,M,M,M,M,M,M,M,M,M,M,M,M,M,66.20,FAPE 150620Z 29006KT CAVOK 19/15 Q1013 NOSIG,M
FAPE,2026-09-15 07:00,68.00,57.20,68.38,260.00,7.00,0.00,29.94,M,6.21,M,M,M,M,M,M,M,M,M,M,M,M,M,M,M,M,68.00,FAPE 150700Z 26007KT CAVOK 20/14 Q1014 NOSIG,M
FAPE,2026-09-15 08:00,69.80,55.40,60.24,250.00,14.00,0.00,29.94,M,6.21,M,M,M,M,M,M,M,M,M,M,M,M,M,M,M,M,69.80,FAPE 150800Z 25014KT CAVOK 21/13 Q1014 NOSIG,M
FAPE,2026-09-15 09:00,71.60,57.20,60.48,240.00,15.00,0.00,29.94,M,6.21,M,M,M,M,M,M,M,M,M,M,M,M,M,M,M,M,71.60,FAPE 150900Z 24015KT CAVOK 22/14 Q1014 NOSIG,M
FAPE,2026-09-15 10:00,71.60,55.40,56.67,230.00,14.00,0.00,29.94,M,6.21,M,M,M,M,M,M,M,M,M,M,M,M,M,M,M,M,71.60,FAPE 151000Z 23014KT CAVOK 22/13 Q1014 NOSIG,M
FAPE,2026-09-15 11:00,69.80,55.40,60.24,230.00,13.00,0.00,29.91,M,6.21,M,M,M,M,M,M,M,M,M,M,M,M,M,M,M,M,69.80,FAPE 151100Z 23013KT CAVOK 21/13 Q1013 NOSIG,M
FAPE,2026-09-15 12:00,71.60,55.40,56.67,220.00,12.00,0.00,29.91,M,6.21,M,M,M,M,M,M,M,M,M,M,M,M,M,M,M,M,71.60,FAPE 151200Z 22012KT 180V240 CAVOK 22/13 Q1013 NOSIG,M
FAPE,2026-09-15 13:00,69.80,55.40,60.24,210.00,10.00,0.00,29.88,M,6.21,M,M,M,M,M,M,M,M,M,M,M,M,M,M,M,M,69.80,FAPE 151300Z 21010KT CAVOK 21/13 Q1012 NOSIG,M
FAPE,2026-09-15 14:00,68.00,55.40,64.07,210.00,9.00,0.00,29.88,M,6.21,M,M,M,M,M,M,M,M,M,M,M,M,M,M,M,M,68.00,FAPE 151400Z 21009KT CAVOK 20/13 Q1012 NOSIG,M
FAPE,2026-09-15 15:00,66.20,55.40,68.18,210.00,7.00,0.00,29.91,M,6.21,M,M,M,M,M,M,M,M,M,M,M,M,M,M,M,M,66.20,FAPE 151500Z 21007KT CAVOK 19/13 Q1013 NOSIG,M
FAPE,2026-09-15 16:00,64.40,55.40,72.58,220.00,4.00,0.00,29.91,M,6.21,M,M,M,M,M,M,M,M,M,M,M,M,M,M,M,M,64.40,FAPE 151600Z 22004KT CAVOK 18/13 Q1013 NOSIG,M
FAPE,2026-09-15 17:00,60.80,55.40,82.38,210.00,5.00,0.00,29.94,M,6.21,M,M,M,M,M,M,M,M,M,M,M,M,M,M,M,M,60.80,FAPE 151700Z 21005KT CAVOK 16/13 Q1014 NOSIG,M
FAPE,2026-09-15 18:00,59.00,57.20,93.74,230.00,8.00,0.00,29.97,M,6.21,M,M,M,M,M,M,M,M,M,M,M,M,M,M,M,M,59.00,FAPE 151800Z 23008KT CAVOK 15/14 Q1015 NOSIG,M
FAPE,2026-09-15 19:00,60.80,59.00,93.79,270.00,3.00,0.00,29.97,M,6.21,M,M,M,M,M,M,M,M,M,M,M,M,M,M,M,M,60.80,FAPE 151900Z 27003KT 250V310 CAVOK 16/15 Q1015 NOSIG,M
FAPE,2026-09-15 20:00,59.00,59.00,100.00,320.00,3.00,0.00,29.97,M,6.21,M,M,M,M,M,M,M,M,M,M,M,M,M,M,M,M,59.00,FAPE 152000Z 32003KT CAVOK 15/15 Q1015 NOSIG,M
FAPE,2026-09-15 21:00,60.80,59.00,93.79,M,1.00,0.00,30.00,M,6.21,M,M,M,M,M,M,M,M,M,M,M,M,M,M,M,M,60.80,FAPE 152100Z VRB01KT CAVOK 16/15 Q1016 NOSIG,M
FAPE,2026-09-15 22:00,59.00,59.00,100.00,250.00,2.00,0.00,30.00,M,6.21,M,M,M,M,M,M,M,M,M,M,M,M,M,M,M,M,59.00,FAPE 152200Z 25002KT CAVOK 15/15 Q1016 NOSIG,M
FAPE,2026-09-16 00:00,59.00,59.00,100.00,220.00,6.00,0.00,30.06,M,6.21,M,FEW,M,M,M,3800.00,M,M,M,M,M,M,M,M,M,M,59.00,FAPE 160000Z 22006KT 9999 FEW038 15/15 Q1018 NOSIG,M
FAPE,2026-09-16 01:00,60.80,60.80,100.00,230.00,8.00,0.00,30.06,M,6.21,M,M,M,M,M,M,M,M,M,M,M,M,M,M,M,M,60.80,FAPE 160100Z 23008KT CAVOK 16/16 Q1018 NOSIG,M
FAPE,2026-09-16 02:00,60.80,59.00,93.79,230.00,8.00,0.00,30.06,M,6.21,M,M,M,M,M,M,M,M,M,M,M,M,M,M,M,M,60.80,FAPE 160200Z 23008KT CAVOK 16/15 Q1018 NOSIG,M
FAPE,2026-09-16 03:00,60.80,59.00,93.79,240.00,10.00,0.00,30.09,M,6.21,M,M,M,M,M,M,M,M,M,M,M,M,M,M,M,M,60.80,FAPE 160300Z 24010KT CAVOK 16/15 Q1019 NOSIG,M
FAPE,2026-09-16 04:00,59.00,55.40,87.84,230.00,17.00,0.00,30.12,M,6.21,M,FEW,BKN,M,M,1500.00,4900.00,M,M,M,M,M,M,M,M,M,59.00,FAPE 160400Z 23017KT 9999 FEW015 BKN049 15/13 Q1020 NOSIG,M
FAPE,2026-09-16 05:00,59.00,57.20,93.74,230.00,14.00,0.00,30.15,M,6.21,M,FEW,SCT,OVC,M,900.00,1100.00,5000.00,M,-RA,M,M,M,M,M,M,59.00,COR FAPE 160500Z 23014KT 9999 -RA FEW009 SCT011 OVC050 15/14 Q1021 TEMPO 4500 BKN011,M
FAPE,2026-09-16 05:11,59.00,57.20,93.74,230.00,16.00,0.00,30.15,M,4.35,26.00,FEW,SCT,OVC,M,800.00,1100.00,4000.00,M,-RA,M,M,M,M,M,M,59.00,FAPE 160511Z 23016G26KT 7000 -RA FEW008 SCT011 OVC040 15/14 Q1021 TEMPO 4500 BKN011,M
FAPE,2026-09-16 05:29,59.00,57.20,93.74,230.00,15.00,0.00,30.18,M,5.59,M,FEW,BKN,OVC,M,800.00,1100.00,3100.00,M,-RA,M,M,M,M,M,M,59.00,FAPE 160529Z 23015KT 9000 -RA FEW008 BKN011 OVC031 15/14 Q1022 TEMPO 4500 RA,M
FAPE,2026-09-16 05:55,57.20,57.20,100.00,230.00,16.00,0.00,30.18,M,3.11,M,SCT,BKN,OVC,M,800.00,1100.00,3000.00,M,-RADZ,M,M,M,M,M,M,57.20,FAPE 160555Z 23016KT 5000 -RADZ SCT008 BKN011 OVC030 14/14 Q1022 TEMPO 4000 RA BR,M
FAPE,2026-09-16 06:00,57.20,57.20,100.00,230.00,16.00,0.00,30.18,M,3.11,M,SCT,BKN,OVC,M,800.00,1100.00,3000.00,M,-RADZ,M,M,M,M,M,M,57.20,FAPE 160600Z 23016KT 5000 -RADZ SCT008 BKN011 OVC030 14/14 Q1022 TEMPO 4000 RA BR,M
FAPE,2026-09-16 06:21,59.00,57.20,93.74,230.00,16.00,0.00,30.18,M,5.59,M,BKN,OVC,M,M,1000.00,4500.00,M,M,-RA,M,M,M,M,M,M,59.00,FAPE 160621Z 23016KT 9000 -RA BKN010 OVC045 15/14 Q1022 TEMPO 4500 RA,M
FAPE,2026-09-16 07:00,57.20,57.20,100.00,240.00,15.00,0.00,30.21,M,6.21,M,BKN,OVC,M,M,1000.00,2500.00,M,M,M,M,M,M,M,M,M,57.20,FAPE 160700Z 24015KT 9999 BKN010 OVC025 14/14 Q1023 NOSIG,M
FAPE,2026-09-16 08:00,59.00,57.20,93.74,260.00,14.00,0.00,30.24,M,5.59,M,BKN,OVC,M,M,1000.00,2000.00,M,M,-RA,M,M,M,M,M,M,59.00,FAPE 160800Z 26014KT 9000 -RA BKN010 OVC020 15/14 Q1024 TEMPO 4000 RA BR BKN008,M
FAPE,2026-09-16 09:00,59.00,57.20,93.74,250.00,16.00,0.00,30.24,M,6.21,M,FEW,BKN,OVC,M,800.00,1000.00,3500.00,M,-RA,M,M,M,M,M,M,59.00,FAPE 160900Z 25016KT 9999 -RA FEW008 BKN010 OVC035 15/14 Q1024 TEMPO 4500 RA,M
FAPE,2026-09-16 09:16,57.20,57.20,100.00,250.00,22.00,0.00,30.24,M,1.37,36.00,FEW,BKN,OVC,M,600.00,800.00,3500.00,M,RA,M,M,M,M,M,M,57.20,FAPE 160916Z 25022G36KT 2200 RA FEW006 BKN008 OVC035 14/14 Q1024 BECMG 4000,M
FAPE,2026-09-16 09:53,55.40,55.40,100.00,180.00,18.00,0.00,30.30,M,1.37,31.00,BKN,BKN,M,M,500.00,1700.00,M,M,RA,M,M,M,M,M,M,55.40,FAPE 160953Z 18018G31KT 150V210 2200 RA BKN005 BKN017 13/13 Q1026 NOSIG,M
FAPE,2026-09-16 10:00,55.40,55.40,100.00,190.00,17.00,0.00,30.27,M,1.37,31.00,BKN,BKN,M,M,500.00,1700.00,M,M,RA,M,M,M,M,M,M,55.40,FAPE 161000Z 19017G31KT 2200 RA BKN005 BKN017 13/13 Q1025 NOSIG,M
FAPE,2026-09-16 10:08,55.40,55.40,100.00,200.00,13.00,0.00,30.30,M,2.80,M,BKN,OVC,M,M,500.00,2000.00,M,M,-RA,M,M,M,M,M,M,55.40,FAPE 161008Z 20013KT 160V230 4500 -RA BKN005 OVC020 13/13 Q1026 BECMG 5000 SCT005,M
FAPE,2026-09-16 10:27,55.40,55.40,100.00,210.00,11.00,0.00,30.30,M,2.17,M,FEW,SCT,OVC,M,500.00,1300.00,2000.00,M,RA,M,M,M,M,M,M,55.40,FAPE 161027Z 21011KT 3500 RA FEW005 SCT013 OVC020 13/13 Q1026 BECMG -RA,M
FAPE,2026-09-16 10:39,55.40,55.40,100.00,200.00,12.00,0.00,30.30,M,2.92,M,SCT,OVC,M,M,1300.00,3500.00,M,M,-RA,M,M,M,M,M,M,55.40,FAPE 161039Z 20012KT 4700 -RA SCT013 OVC035 13/13 Q1026 BECMG 8000,M
FAPE,2026-09-16 11:00,55.40,53.60,93.65,190.00,10.00,0.00,30.30,M,2.92,M,SCT,OVC,M,M,1300.00,4000.00,M,M,-RA,M,M,M,M,M,M,55.40,FAPE 161100Z 19010KT 4700 -RA SCT013 OVC040 13/12 Q1026 BECMG 8000,M
FAPE,2026-09-16 11:07,57.20,55.40,93.70,180.00,7.00,0.00,30.30,M,6.21,M,FEW,OVC,M,M,1400.00,4700.00,M,M,-RA,M,M,M,M,M,M,57.20,FAPE 161107Z 18007KT 9999 -RA FEW014 OVC047 14/13 Q1026 NOSIG,M
FAPE,2026-09-16 12:00,57.20,53.60,87.75,190.00,7.00,0.00,30.33,M,6.21,M,FEW,OVC,M,M,3000.00,4500.00,M,M,-RA,M,M,M,M,M,M,57.20,FAPE 161200Z 19007KT 9999 -RA FEW030 OVC045 14/12 Q1027 NOSIG,M
FAPE,2026-09-16 13:00,57.20,53.60,87.75,200.00,6.00,0.00,30.36,M,6.21,M,SCT,M,M,M,4500.00,M,M,M,-RA,M,M,M,M,M,M,57.20,FAPE 161300Z 20006KT 9999 -RA SCT045 14/12 Q1028 NOSIG,M
FAPE,2026-09-16 14:00,55.40,53.60,93.65,250.00,6.00,0.00,30.36,M,6.21,M,BKN,M,M,M,3500.00,M,M,M,-RA,M,M,M,M,M,M,55.40,FAPE 161400Z 25006KT 220V280 9999 -RA BKN035 13/12 Q1028 NOSIG,M
FAPE,2026-09-16 15:00,57.20,53.60,87.75,280.00,6.00,0.00,30.39,M,6.21,M,SCT,M,M,M,3000.00,M,M,M,M,M,M,M,M,M,M,57.20,FAPE 161500Z 28006KT 9999 SCT030 14/12 Q1029 NOSIG,M
FAPE,2026-09-16 16:00,57.20,51.80,82.13,250.00,9.00,0.00,30.39,M,6.21,M,FEW,M,M,M,4500.00,M,M,M,M,M,M,M,M,M,M,57.20,FAPE 161600Z 25009KT 9999 FEW045 14/11 Q1029 NOSIG,M
FAPE,2026-09-16 17:00,55.40,53.60,93.65,240.00,11.00,0.00,30.42,M,6.21,M,FEW,M,M,M,2500.00,M,M,M,M,M,M,M,M,M,M,55.40,FAPE 161700Z 24011KT 9999 FEW025 13/12 Q1030 NOSIG,M
FAPE,2026-09-16 18:00,55.40,53.60,93.65,240.00,12.00,0.00,30.45,M,6.21,M,FEW,M,M,M,3000.00,M,M,M,M,M,M,M,M,M,M,55.40,FAPE 161800Z 24012KT 9999 FEW030 13/12 Q1031 NOSIG,M
FAPE,2026-09-16 19:00,55.40,53.60,93.65,200.00,8.00,0.00,30.45,M,4.97,M,BKN,M,M,M,3000.00,M,M,M,-RA,M,M,M,M,M,M,55.40,FAPE 161900Z 20008KT 8000 -RA BKN030 13/12 Q1031 TEMPO 4500,M
FAPE,2026-09-16 20:00,55.40,55.40,100.00,160.00,3.00,0.00,30.47,M,6.21,M,SCT,BKN,M,M,3000.00,4900.00,M,M,M,M,M,M,M,M,M,55.40,FAPE 162000Z 16003KT 110V200 9999 SCT030 BKN049 13/13 Q1032 NOSIG,M
FAPE,2026-09-16 21:00,55.40,55.40,100.00,190.00,3.00,0.00,30.47,M,6.21,M,BKN,M,M,M,4000.00,M,M,M,M,M,M,M,M,M,M,55.40,FAPE 162100Z 19003KT 9999 BKN040 13/13 Q1032 NOSIG,M
FAPE,2026-09-16 22:00,53.60,53.60,100.00,220.00,3.00,0.00,30.47,M,6.21,M,SCT,M,M,M,4500.00,M,M,M,M,M,M,M,M,M,M,53.60,FAPE 162200Z 22003KT 9999 SCT045 12/12 Q1032 NOSIG,M
FAPE,2026-09-16 23:00,53.60,53.60,100.00,200.00,4.00,0.00,30.47,M,6.21,M,FEW,SCT,M,M,2600.00,4500.00,M,M,M,M,M,M,M,M,M,53.60,FAPE 162300Z 20004KT 9999 FEW026 SCT045 12/12 Q1032 NOSIG,M
FAPE,2026-09-17 00:00,55.40,53.60,93.65,160.00,6.00,0.00,30.47,M,6.21,M,FEW,M,M,M,1800.00,M,M,M,M,M,M,M,M,M,M,55.40,FAPE 170000Z 16006KT 9999 FEW018 13/12 Q1032 NOSIG,M
FAPE,2026-09-17 01:00,55.40,53.60,93.65,100.00,5.00,0.00,30.45,M,6.21,M,FEW,BKN,M,M,1800.00,4200.00,M,M,M,M,M,M,M,M,M,55.40,FAPE 170100Z 10005KT 9999 FEW018 BKN042 13/12 Q1031 NOSIG,M
FAPE,2026-09-17 02:00,55.40,53.60,93.65,160.00,8.00,0.00,30.45,M,6.21,M,BKN,M,M,M,4700.00,M,M,M,M,M,M,M,M,M,M,55.40,FAPE 170200Z 16008KT 9999 BKN047 13/12 Q1031 NOSIG,M
FAPE,2026-09-17 03:00,55.40,55.40,100.00,100.00,3.00,0.00,30.47,M,6.21,M,BKN,OVC,M,M,2000.00,4000.00,M,M,-RA,M,M,M,M,M,M,55.40,FAPE 170300Z 10003KT 050V130 9999 -RA BKN020 OVC040 13/13 Q1032 NOSIG,M
FAPE,2026-09-17 04:00,55.40,53.60,93.65,130.00,8.00,0.00,30.47,M,6.21,M,OVC,M,M,M,2900.00,M,M,M,-RA,M,M,M,M,M,M,55.40,FAPE 170400Z 13008KT 9999 -RA OVC029 13/12 Q1032 NOSIG,M
FAPE,2026-09-17 05:00,55.40,51.80,87.65,90.00,7.00,0.00,30.47,M,6.21,M,FEW,OVC,M,M,3600.00,4100.00,M,M,M,M,M,M,M,M,M,55.40,FAPE 170500Z 09007KT 050V120 9999 FEW036 OVC041 13/11 Q1032 NOSIG,M
FAPE,2026-09-17 06:00,55.40,51.80,87.65,100.00,6.00,0.00,30.50,M,6.21,M,FEW,M,M,M,4100.00,M,M,M,M,M,M,M,M,M,M,55.40,FAPE 170600Z 10006KT 9999 FEW041 13/11 Q1033 NOSIG,M
FAPE,2026-09-17 06:52,55.40,55.40,100.00,110.00,3.00,0.00,30.50,M,4.97,M,BKN,OVC,M,M,2600.00,3700.00,M,M,M,M,M,M,M,M,M,55.40,FAPE 170652Z 11003KT 080V160 8000 BKN026 OVC037 13/13 Q1033 NOSIG,M
FAPE,2026-09-17 06:55,55.40,55.40,100.00,120.00,4.00,0.00,30.53,M,3.11,M,BKN,OVC,M,M,2500.00,4800.00,M,M,-SHRA,M,M,M,M,M,M,55.40,FAPE 170655Z 12004KT 080V170 5000 -SHRA BKN025 OVC048 13/13 Q1034 BECMG 8000,M
FAPE,2026-09-17 07:00,55.40,55.40,100.00,110.00,3.00,0.00,30.53,M,3.11,M,BKN,OVC,M,M,2600.00,3700.00,M,M,-SHRA,M,M,M,M,M,M,55.40,FAPE 170700Z 11003KT 080V150 5000 -SHRA BKN026 OVC037 13/13 Q1034 BECMG 8000,M
FAPE,2026-09-17 07:11,57.20,55.40,93.70,120.00,4.00,0.00,30.53,M,5.59,M,SCT,OVC,M,M,2000.00,2600.00,M,M,M,M,M,M,M,M,M,57.20,FAPE 170711Z 12004KT 070V160 9000 SCT020 OVC026 14/13 Q1034 NOSIG,M
FAPE,2026-09-17 07:23,57.20,55.40,93.70,90.00,5.00,0.00,30.53,M,5.59,M,BKN,OVC,M,M,1400.00,2000.00,M,M,-RA,M,M,M,M,M,M,57.20,FAPE 170723Z 09005KT 060V130 9000 -RA BKN014 OVC020 14/13 Q1034 NOSIG,M
FAPE,2026-09-17 07:48,57.20,55.40,93.70,80.00,5.00,0.00,30.53,M,6.21,M,FEW,OVC,M,M,1100.00,2300.00,M,M,-RA,M,M,M,M,M,M,57.20,FAPE 170748Z 08005KT 040V100 9999 -RA FEW011 OVC023 14/13 Q1034 NOSIG,M
FAPE,2026-09-17 08:00,57.20,55.40,93.70,80.00,5.00,0.00,30.53,M,6.21,M,FEW,OVC,M,M,1100.00,2300.00,M,M,-RA,M,M,M,M,M,M,57.20,FAPE 170800Z 08005KT 040V100 9999 -RA FEW011 OVC023 14/13 Q1034 NOSIG,M
FAPE,2026-09-17 08:23,57.20,55.40,93.70,50.00,4.00,0.00,30.53,M,2.61,M,FEW,OVC,SCT,M,900.00,3800.00,5000.00,M,-SHRA,M,M,M,M,M,M,57.20,FAPE 170823Z 05004KT 360V090 4200 -SHRA FEW009 OVC038 SCT050TCU 14/13 Q1034 NOSIG,M
FAPE,2026-09-17 08:51,57.20,55.40,93.70,M,2.00,0.00,30.53,M,4.97,M,OVC,M,M,M,2300.00,M,M,M,-RA,M,M,M,M,M,M,57.20,FAPE 170851Z VRB02KT 8000 -RA OVC023 14/13 Q1034 NOSIG,M
FAPE,2026-09-17 09:00,57.20,55.40,93.70,M,2.00,0.00,30.53,M,4.97,M,OVC,M,M,M,2300.00,M,M,M,-RA,M,M,M,M,M,M,57.20,FAPE 170900Z VRB02KT 8000 -RA OVC023 14/13 Q1034 NOSIG,M
FAPE,2026-09-17 09:33,57.20,55.40,93.70,40.00,5.00,0.00,30.50,M,2.61,M,FEW,OVC,SCT,M,900.00,3000.00,5000.00,M,SHRA,M,M,M,M,M,M,57.20,FAPE 170933Z 04005KT 360V110 4200 SHRA FEW009 OVC030 SCT050TCU 14/13 Q1033 NOSIG,M
FAPE,2026-09-17 09:41,57.20,57.20,100.00,130.00,10.00,0.00,30.50,M,2.61,M,SCT,OVC,SCT,M,1200.00,3000.00,5000.00,M,SHRA,M,M,M,M,M,M,57.20,FAPE 170941Z 13010KT 4200 SHRA SCT012 OVC030 SCT050TCU 14/14 Q1033 NOSIG,M
FAPE,2026-09-17 09:51,57.20,55.40,93.70,140.00,11.00,0.00,30.50,M,4.35,M,SCT,OVC,M,M,900.00,3100.00,M,M,-RA,M,M,M,M,M,M,57.20,FAPE 170951Z 14011KT 110V170 7000 -RA SCT009 OVC031 14/13 Q1033 NOSIG,M
FAPE,2026-09-17 10:00,57.20,55.40,93.70,140.00,10.00,0.00,30.50,M,4.35,M,SCT,OVC,M,M,900.00,3100.00,M,M,-RA,M,M,M,M,M,M,57.20,FAPE 171000Z 14010KT 110V170 7000 -RA SCT009 OVC031 14/13 Q1033 NOSIG,M
FAPE,2026-09-17 11:00,59.00,55.40,87.84,120.00,10.00,0.00,30.47,M,5.59,M,FEW,BKN,OVC,M,2900.00,3800.00,4500.00,M,M,M,M,M,M,M,M,59.00,FAPE 171100Z 12010KT 9000 FEW029 BKN038 OVC045 15/13 Q1032 NOSIG,M
FAPE,2026-09-17 12:00,57.20,55.40,93.70,M,3.00,0.00,30.50,M,4.97,M,SCT,BKN,OVC,M,1200.00,2600.00,3300.00,M,-RA,M,M,M,M,M,M,57.20,FAPE 171200Z VRB03KT 8000 -RA SCT012 BKN026 OVC033 14/13 Q1033 NOSIG,M
FAPE,2026-09-17 12:57,59.00,57.20,93.74,130.00,7.00,0.00,30.50,M,5.59,M,FEW,BKN,M,M,3000.00,4500.00,M,M,-RA,M,M,M,M,M,M,59.00,FAPE 171257Z 13007KT 9000 -RA FEW030 BKN045 15/14 Q1033 NOSIG,M
FAPE,2026-09-17 13:00,59.00,57.20,93.74,130.00,7.00,0.00,30.50,M,5.59,M,FEW,BKN,M,M,3000.00,4500.00,M,M,-RA,M,M,M,M,M,M,59.00,FAPE 171300Z 13007KT 9000 -RA FEW030 BKN045 15/14 Q1033 NOSIG,M
FAPE,2026-09-17 14:00,59.00,55.40,87.84,110.00,5.00,0.00,30.50,M,6.21,M,SCT,M,M,M,4000.00,M,M,M,M,M,M,M,M,M,M,59.00,FAPE 171400Z 11005KT 9999 SCT040 15/13 Q1033 NOSIG,M
FAPE,2026-09-17 15:00,57.20,53.60,87.75,140.00,5.00,0.00,30.50,M,6.21,M,BKN,M,M,M,4000.00,M,M,M,M,M,M,M,M,M,M,57.20,FAPE 171500Z 14005KT 9999 BKN040 14/12 Q1033 NOSIG,M
FAPE,2026-09-17 17:00,57.20,51.80,82.13,110.00,5.00,0.00,30.53,M,6.21,M,SCT,M,M,M,4000.00,M,M,M,M,M,M,M,M,M,M,57.20,FAPE 171700Z 11005KT 9999 SCT040 14/11 Q1034 NOSIG,M
FAPE,2026-09-17 18:00,55.40,50.00,82.00,130.00,5.00,0.00,30.56,M,6.21,M,M,M,M,M,M,M,M,M,M,M,M,M,M,M,M,55.40,FAPE 171800Z 13005KT CAVOK 13/10 Q1035 NOSIG,M
FAPE,2026-09-17 19:00,55.40,48.20,76.67,110.00,5.00,0.00,30.56,M,6.21,M,M,M,M,M,M,M,M,M,M,M,M,M,M,M,M,55.40,FAPE 171900Z 11005KT CAVOK 13/09 Q1035 NOSIG,M
FAPE,2026-09-17 20:00,55.40,48.20,76.67,120.00,5.00,0.00,30.56,M,6.21,M,M,M,M,M,M,M,M,M,M,M,M,M,M,M,M,55.40,FAPE 172000Z 12005KT CAVOK 13/09 Q1035 NOSIG,M
FAPE,2026-09-17 20:44,57.20,51.80,82.13,100.00,8.00,0.00,30.56,M,1.86,M,SCT,BKN,M,M,3900.00,5000.00,M,M,SHRA,M,M,M,M,M,M,57.20,FAPE 172044Z 10008KT 070V140 3000 SHRA SCT039 BKN050TCU 14/11 Q1035 NOSIG,M
FAPE,2026-09-17 20:54,57.20,51.80,82.13,110.00,10.00,0.00,30.56,M,6.21,M,BKN,M,M,M,3700.00,M,M,M,M,M,M,M,M,M,M,57.20,FAPE 172054Z 11010KT 080V140 9999 BKN037 14/11 Q1035 RESHRA NOSIG,M
FAPE,2026-09-17 21:00,57.20,51.80,82.13,110.00,9.00,0.00,30.56,M,6.21,M,BKN,M,M,M,3700.00,M,M,M,M,M,M,M,M,M,M,57.20,FAPE 172100Z 11009KT 080V140 9999 BKN037 14/11 Q1035 RESHRA NOSIG,M
FAPE,2026-09-17 22:00,55.40,53.60,93.65,M,2.00,0.00,30.56,M,6.21,M,BKN,M,M,M,3700.00,M,M,M,M,M,M,M,M,M,M,55.40,FAPE 172200Z VRB02KT 9999 BKN037 13/12 Q1035 NOSIG,M
FAPE,2026-09-17 23:00,57.20,51.80,82.13,110.00,6.00,0.00,30.56,M,6.21,M,M,M,M,M,M,M,M,M,M,M,M,M,M,M,M,57.20,FAPE 172300Z 11006KT CAVOK 14/11 Q1035 NOSIG,M
FAPE,2026-09-18 00:00,57.20,50.00,76.83,120.00,7.00,0.00,30.56,M,6.21,M,FEW,M,M,M,4100.00,M,M,M,M,M,M,M,M,M,M,57.20,FAPE 180000Z 12007KT 9999 FEW041 14/10 Q1035 NOSIG,M
FAPE,2026-09-18 01:00,57.20,50.00,76.83,120.00,8.00,0.00,30.53,M,6.21,M,SCT,M,M,M,3700.00,M,M,M,M,M,M,M,M,M,M,57.20,FAPE 180100Z 12008KT 9999 SCT037 14/10 Q1034 NOSIG,M
FAPE,2026-09-18 02:00,57.20,51.80,82.13,120.00,7.00,0.00,30.53,M,6.21,M,SCT,M,M,M,3200.00,M,M,M,M,M,M,M,M,M,M,57.20,FAPE 180200Z 12007KT 9999 SCT032 14/11 Q1034 NOSIG,M
FAPE,2026-09-18 03:00,57.20,48.20,71.84,120.00,9.00,0.00,30.53,M,6.21,M,FEW,M,M,M,3800.00,M,M,M,M,M,M,M,M,M,M,57.20,FAPE 180300Z 12009KT 9999 FEW038 14/09 Q1034 NOSIG,M
FAPE,2026-09-18 04:00,57.20,48.20,71.84,110.00,7.00,0.00,30.56,M,6.21,M,FEW,M,M,M,3800.00,M,M,M,M,M,M,M,M,M,M,57.20,FAPE 180400Z 11007KT 9999 FEW038 14/09 Q1035 NOSIG,M
FAPE,2026-09-18 05:00,55.40,50.00,82.00,120.00,7.00,0.00,30.56,M,6.21,M,FEW,M,M,M,4000.00,M,M,M,M,M,M,M,M,M,M,55.40,FAPE 180500Z 12007KT 9999 FEW040 13/10 Q1035 NOSIG,M
FAPE,2026-09-18 05:16,59.00,51.80,76.99,120.00,8.00,0.00,30.53,M,6.21,M,SCT,M,M,M,4000.00,M,M,M,M,M,M,M,M,M,M,59.00,FAPE 180516Z 12008KT 9999 SCT040 15/11 Q1034 NOSIG,M
FAPE,2026-09-18 06:00,59.00,51.80,76.99,120.00,9.00,0.00,30.56,M,6.21,M,BKN,M,M,M,3800.00,M,M,M,M,M,M,M,M,M,M,59.00,FAPE 180600Z 12009KT 9999 BKN038 15/11 Q1035 NOSIG,M
FAPE,2026-09-18 07:00,62.60,51.80,67.76,120.00,13.00,0.00,30.56,M,6.21,M,SCT,M,M,M,3500.00,M,M,M,M,M,M,M,M,M,M,62.60,FAPE 180700Z 12013KT 9999 SCT035 17/11 Q1035 NOSIG,M
FAPE,2026-09-18 08:00,59.00,55.40,87.84,90.00,11.00,0.00,30.56,M,6.21,M,FEW,BKN,M,M,1500.00,3300.00,M,M,-RA,M,M,M,M,M,M,59.00,FAPE 180800Z 09011KT 060V120 9999 -RA FEW015 BKN033 15/13 Q1035 NOSIG,M
FAPE,2026-09-18 09:00,60.80,57.20,87.93,90.00,11.00,0.00,30.56,M,6.21,M,BKN,M,M,M,3000.00,M,M,M,M,M,M,M,M,M,M,60.80,FAPE 180900Z 09011KT 9999 BKN030 16/14 Q1035 NOSIG,M
FAPE,2026-09-18 10:00,64.40,55.40,72.58,100.00,13.00,0.00,30.53,M,6.21,M,FEW,M,M,M,2500.00,M,M,M,M,M,M,M,M,M,M,64.40,FAPE 181000Z 10013KT 9999 FEW025 18/13 Q1034 NOSIG,M
FAPE,2026-09-18 10:25,62.60,55.40,77.31,80.00,16.00,0.00,30.50,M,6.21,26.00,FEW,BKN,M,M,2500.00,3500.00,M,M,M,M,M,M,M,M,M,62.60,FAPE 181025Z 08016G26KT 9999 FEW025 BKN035 17/13 Q1033 NOSIG,M
FAPE,2026-09-18 11:00,62.60,55.40,77.31,80.00,13.00,0.00,30.50,M,6.21,M,FEW,BKN,M,M,3000.00,4000.00,M,M,M,M,M,M,M,M,M,62.60,FAPE 181100Z 08013KT 9999 FEW030 BKN040 17/13 Q1033 NOSIG,M
FAPE,2026-09-18 12:00,64.40,55.40,72.58,90.00,15.00,0.00,30.47,M,6.21,M,FEW,M,M,M,3000.00,M,M,M,M,M,M,M,M,M,M,64.40,FAPE 181200Z 09015KT 9999 FEW030 18/13 Q1032 NOSIG,M
FAPE,2026-09-18 13:00,64.40,53.60,67.97,80.00,14.00,0.00,30.45,M,6.21,M,M,M,M,M,M,M,M,M,M,M,M,M,M,M,M,64.40,FAPE 181300Z 08014KT CAVOK 18/12 Q1031 NOSIG,M
FAPE,2026-09-18 14:00,64.40,53.60,67.97,80.00,13.00,0.00,30.45,M,6.21,M,M,M,M,M,M,M,M,M,M,M,M,M,M,M,M,64.40,FAPE 181400Z 08013KT CAVOK 18/12 Q1031 NOSIG,M
FAPE,2026-09-18 15:00,62.60,53.60,72.40,90.00,16.00,0.00,30.45,M,6.21,M,M,M,M,M,M,M,M,M,M,M,M,M,M,M,M,62.60,FAPE 181500Z 09016KT CAVOK 17/12 Q1031 NOSIG,M
FAPE,2026-09-18 16:00,60.80,53.60,77.15,80.00,13.00,0.00,30.45,M,6.21,M,M,M,M,M,M,M,M,M,M,M,M,M,M,M,M,60.80,FAPE 181600Z 08013KT CAVOK 16/12 Q1031 NOSIG,M
FAPE,2026-09-18 17:00,59.00,53.60,82.26,80.00,13.00,0.00,30.45,M,6.21,M,M,M,M,M,M,M,M,M,M,M,M,M,M,M,M,59.00,FAPE 181700Z 08013KT CAVOK 15/12 Q1031 NOSIG,M
FAPE,2026-09-18 18:00,59.00,53.60,82.26,80.00,12.00,0.00,30.45,M,6.21,M,M,M,M,M,M,M,M,M,M,M,M,M,M,M,M,59.00,FAPE 181800Z 08012KT CAVOK 15/12 Q1031 NOSIG,M
FAPE,2026-09-18 19:00,59.00,55.40,87.84,80.00,12.00,0.00,30.42,M,6.21,M,M,M,M,M,M,M,M,M,M,M,M,M,M,M,M,59.00,FAPE 181900Z 08012KT CAVOK 15/13 Q1030 NOSIG,M
FAPE,2026-09-18 20:00,59.00,53.60,82.26,80.00,12.00,0.00,30.42,M,6.21,M,M,M,M,M,M,M,M,M,M,M,M,M,M,M,M,59.00,FAPE 182000Z 08012KT CAVOK 15/12 Q1030 NOSIG,M
FAPE,2026-09-18 21:00,59.00,53.60,82.26,70.00,12.00,0.00,30.39,M,6.21,M,M,M,M,M,M,M,M,M,M,M,M,M,M,M,M,59.00,FAPE 182100Z 07012KT CAVOK 15/12 Q1029 NOSIG,M
FAPE,2026-09-18 22:00,59.00,53.60,82.26,70.00,14.00,0.00,30.36,M,6.21,M,M,M,M,M,M,M,M,M,M,M,M,M,M,M,M,59.00,FAPE 182200Z 07014KT CAVOK 15/12 Q1028 NOSIG,M
FAPE,2026-09-18 23:00,59.00,55.40,87.84,70.00,12.00,0.00,30.36,M,6.21,M,FEW,M,M,M,1500.00,M,M,M,M,M,M,M,M,M,M,59.00,FAPE 182300Z 07012KT 9999 FEW015 15/13 Q1028 NOSIG,M
FAPE,2026-09-19 00:00,59.00,55.40,87.84,80.00,13.00,0.00,30.33,M,6.21,M,FEW,M,M,M,1500.00,M,M,M,M,M,M,M,M,M,M,59.00,FAPE 190000Z 08013KT 9999 FEW015 15/13 Q1027 NOSIG,M
FAPE,2026-09-19 01:00,59.00,55.40,87.84,80.00,10.00,0.00,30.33,M,6.21,M,FEW,M,M,M,1500.00,M,M,M,M,M,M,M,M,M,M,59.00,FAPE 190100Z 08010KT 9999 FEW015 15/13 Q1027 NOSIG,M
FAPE,2026-09-19 02:00,59.00,55.40,87.84,70.00,12.00,0.00,30.30,M,6.21,M,M,M,M,M,M,M,M,M,M,M,M,M,M,M,M,59.00,FAPE 190200Z 07012KT CAVOK 15/13 Q1026 NOSIG,M
FAPE,2026-09-19 03:00,57.20,57.20,100.00,80.00,10.00,0.00,30.30,M,6.21,M,M,M,M,M,M,M,M,M,M,M,M,M,M,M,M,57.20,FAPE 190300Z 08010KT CAVOK 14/14 Q1026 NOSIG,M
FAPE,2026-09-19 04:00,57.20,57.20,100.00,70.00,10.00,0.00,30.30,M,6.21,M,M,M,M,M,M,M,M,M,M,M,M,M,M,M,M,57.20,FAPE 190400Z 07010KT CAVOK 14/14 Q1026 NOSIG,M
FAPE,2026-09-19 05:00,57.20,57.20,100.00,30.00,8.00,0.00,30.30,M,6.21,M,FEW,M,M,M,600.00,M,M,M,M,M,M,M,M,M,M,57.20,FAPE 190500Z 03008KT 9999 FEW006 14/14 Q1026 NOSIG,M
FAPE,2026-09-19 06:00,57.20,55.40,93.70,20.00,6.00,0.00,30.30,M,6.21,M,M,M,M,M,M,M,M,M,M,M,M,M,M,M,M,57.20,FAPE 190600Z 02006KT CAVOK 14/13 Q1026 NOSIG,M
FAPE,2026-09-19 07:00,59.00,55.40,87.84,10.00,6.00,0.00,30.33,M,6.21,M,M,M,M,M,M,M,M,M,M,M,M,M,M,M,M,59.00,FAPE 190700Z 01006KT 350V050 CAVOK 15/13 Q1027 NOSIG,M
FAPE,2026-09-19 08:00,59.00,57.20,93.74,50.00,5.00,0.00,30.30,M,6.21,M,M,M,M,M,M,M,M,M,M,M,M,M,M,M,M,59.00,FAPE 190800Z 05005KT CAVOK 15/14 Q1026 NOSIG,M
FAPE,2026-09-19 09:00,60.80,57.20,87.93,50.00,7.00,0.00,30.30,M,6.21,M,M,M,M,M,M,M,M,M,M,M,M,M,M,M,M,60.80,FAPE 190900Z 05007KT CAVOK 16/14 Q1026 NOSIG,M
FAPE,2026-09-19 09:56,64.40,57.20,77.46,70.00,6.00,0.00,30.27,M,6.21,M,M,M,M,M,M,M,M,M,M,M,M,M,M,M,M,64.40,FAPE 190956Z 07006KT 050V110 CAVOK 18/14 Q1025 NOSIG,M
FAPE,2026-09-19 10:00,64.40,57.20,77.46,70.00,6.00,0.00,30.27,M,6.21,M,M,M,M,M,M,M,M,M,M,M,M,M,M,M,M,64.40,FAPE 191000Z 07006KT 050V110 CAVOK 18/14 Q1025 NOSIG,M
FAPE,2026-09-19 11:00,64.40,55.40,72.58,50.00,10.00,0.00,30.24,M,6.21,M,M,M,M,M,M,M,M,M,M,M,M,M,M,M,M,64.40,FAPE 191100Z 05010KT CAVOK 18/13 Q1024 NOSIG,M
FAPE,2026-09-19 12:00,64.40,55.40,72.58,30.00,10.00,0.00,30.24,M,6.21,M,M,M,M,M,M,M,M,M,M,M,M,M,M,M,M,64.40,FAPE 191200Z 03010KT CAVOK 18/13 Q1024 NOSIG,M
FAPE,2026-09-19 13:00,62.60,55.40,77.31,50.00,10.00,0.00,30.21,M,6.21,M,M,M,M,M,M,M,M,M,M,M,M,M,M,M,M,62.60,FAPE 191300Z 05010KT CAVOK 17/13 Q1023 NOSIG,M
FAPE,2026-09-19 14:00,64.40,55.40,72.58,50.00,8.00,0.00,30.21,M,6.21,M,M,M,M,M,M,M,M,M,M,M,M,M,M,M,M,64.40,FAPE 191400Z 05008KT CAVOK 18/13 Q1023 NOSIG,M
FAPE,2026-09-19 15:00,62.60,57.20,82.51,40.00,10.00,0.00,30.18,M,6.21,M,M,M,M,M,M,M,M,M,M,M,M,M,M,M,M,62.60,FAPE 191500Z 04010KT CAVOK 17/14 Q1022 NOSIG,M
FAPE,2026-09-19 16:00,62.60,57.20,82.51,40.00,8.00,0.00,30.18,M,6.21,M,M,M,M,M,M,M,M,M,M,M,M,M,M,M,M,62.60,FAPE 191600Z 04008KT CAVOK 17/14 Q1022 NOSIG,M
FAPE,2026-09-19 17:00,60.80,59.00,93.79,30.00,5.00,0.00,30.21,M,6.21,M,M,M,M,M,M,M,M,M,M,M,M,M,M,M,M,60.80,FAPE 191700Z 03005KT CAVOK 16/15 Q1023 NOSIG,M
FAPE,2026-09-19 18:00,60.80,59.00,93.79,M,2.00,0.00,30.21,M,6.21,M,M,M,M,M,M,M,M,M,M,M,M,M,M,M,M,60.80,FAPE 191800Z VRB02KT CAVOK 16/15 Q1023 NOSIG,M
FAPE,2026-09-19 19:00,62.60,59.00,88.01,360.00,3.00,0.00,30.21,M,6.21,M,M,M,M,M,M,M,M,M,M,M,M,M,M,M,M,62.60,FAPE 191900Z 36003KT 330V050 CAVOK 17/15 Q1023 NOSIG,M
FAPE,2026-09-19 23:00,59.00,53.60,82.26,250.00,9.00,0.00,30.21,M,6.21,M,M,M,M,M,M,M,M,M,M,M,M,M,M,M,M,59.00,FAPE 192300Z 25009KT CAVOK 15/12 Q1023 NOSIG,M
FAPE,2026-09-20 00:00,59.00,53.60,82.26,260.00,6.00,0.00,30.21,M,6.21,M,M,M,M,M,M,M,M,M,M,M,M,M,M,M,M,59.00,FAPE 200000Z 26006KT CAVOK 15/12 Q1023 NOSIG,M
FAPE,2026-09-20 01:00,57.20,55.40,93.70,250.00,9.00,0.00,30.21,M,6.21,M,M,M,M,M,M,M,M,M,M,M,M,M,M,M,M,57.20,FAPE 200100Z 25009KT CAVOK 14/13 Q1023 NOSIG,M
FAPE,2026-09-20 02:00,57.20,53.60,87.75,260.00,6.00,0.00,30.21,M,6.21,M,M,M,M,M,M,M,M,M,M,M,M,M,M,M,M,57.20,FAPE 200200Z 26006KT CAVOK 14/12 Q1023 NOSIG,M
FAPE,2026-09-20 03:00,57.20,51.80,82.13,240.00,4.00,0.00,30.21,M,6.21,M,M,M,M,M,M,M,M,M,M,M,M,M,M,M,M,57.20,FAPE 200300Z 24004KT CAVOK 14/11 Q1023 NOSIG,M
FAPE,2026-09-20 05:00,59.00,53.60,82.26,310.00,4.00,0.00,30.21,M,6.21,M,M,M,M,M,M,M,M,M,M,M,M,M,M,M,M,59.00,FAPE 200500Z 31004KT 270V340 CAVOK 15/12 Q1023 NOSIG,M
FAPE,2026-09-20 06:00,62.60,55.40,77.31,M,2.00,0.00,30.24,M,6.21,M,M,M,M,M,M,M,M,M,M,M,M,M,M,M,M,62.60,FAPE 200600Z VRB02KT CAVOK 17/13 Q1024 NOSIG,M
FAPE,2026-09-20 06:30,66.20,55.40,68.18,M,2.00,0.00,30.24,M,6.21,M,M,M,M,M,M,M,M,M,M,M,M,M,M,M,M,66.20,FAPE 200630Z VRB02KT CAVOK 19/13 Q1024 NOSIG,M
FAPE,2026-09-20 07:00,66.20,55.40,68.18,320.00,3.00,0.00,30.24,M,6.21,M,M,M,M,M,M,M,M,M,M,M,M,M,M,M,M,66.20,FAPE 200700Z 32003KT 270V360 CAVOK 19/13 Q1024 NOSIG,M
FAPE,2026-09-20 08:00,69.80,57.20,64.30,210.00,6.00,0.00,30.24,M,6.21,M,M,M,M,M,M,M,M,M,M,M,M,M,M,M,M,69.80,FAPE 200800Z 21006KT 170V250 CAVOK 21/14 Q1024 NOSIG,M
FAPE,2026-09-20 08:46,73.40,59.00,60.72,200.00,4.00,0.00,30.21,M,6.21,M,M,M,M,M,M,M,M,M,M,M,M,M,M,M,M,73.40,FAPE 200846Z 20004KT 150V260 CAVOK 23/15 Q1023 NOSIG,M
FAPE,2026-09-20 09:00,71.60,57.20,60.48,210.00,5.00,0.00,30.21,M,6.21,M,M,M,M,M,M,M,M,M,M,M,M,M,M,M,M,71.60,FAPE 200900Z 21005KT 150V260 CAVOK 22/14 Q1023 NOSIG,M
FAPE,2026-09-20 10:00,71.60,59.00,64.52,210.00,7.00,0.00,30.21,M,6.21,M,M,M,M,M,M,M,M,M,M,M,M,M,M,M,M,71.60,FAPE 201000Z 21007KT 180V240 CAVOK 22/15 Q1023 NOSIG,M
FAPE,2026-09-20 11:00,71.60,62.60,73.30,190.00,8.00,0.00,30.18,M,6.21,M,M,M,M,M,M,M,M,M,M,M,M,M,M,M,M,71.60,FAPE 201100Z 19008KT 150V220 CAVOK 22/17 Q1022 NOSIG,M
FAPE,2026-09-20 12:00,69.80,62.60,77.93,200.00,9.00,0.00,30.15,M,6.21,M,M,M,M,M,M,M,M,M,M,M,M,M,M,M,M,69.80,FAPE 201200Z 20009KT CAVOK 21/17 Q1021 NOSIG,M
FAPE,2026-09-20 13:00,69.80,64.40,83.00,200.00,8.00,0.00,30.15,M,6.21,M,FEW,M,M,M,600.00,M,M,M,M,M,M,M,M,M,M,69.80,FAPE 201300Z 20008KT 170V230 9999 FEW006 21/18 Q1021 TEMPO BKN005,M
FAPE,2026-09-20 13:33,68.00,64.40,88.28,200.00,8.00,0.00,30.15,M,6.21,M,BKN,M,M,M,500.00,M,M,M,M,M,M,M,M,M,M,68.00,FAPE 201333Z 20008KT 9999 BKN005 20/18 Q1021 TEMPO SCT006,M
FAPE,2026-09-20 14:22,66.20,64.40,93.93,210.00,8.00,0.00,30.15,M,6.21,M,SCT,M,M,M,400.00,M,M,M,M,M,M,M,M,M,M,66.20,FAPE 201422Z 21008KT 9999 SCT004 19/18 Q1021 BECMG BKN004,M
FAPE,2026-09-20 15:00,66.20,64.40,93.93,210.00,6.00,0.00,30.15,M,6.21,M,SCT,M,M,M,300.00,M,M,M,M,M,M,M,M,M,M,66.20,FAPE 201500Z 21006KT 9999 SCT003 19/18 Q1021 BECMG BKN004,M
FAPE,2026-09-20 16:00,64.40,62.60,93.89,230.00,3.00,0.00,30.15,M,6.21,M,FEW,M,M,M,300.00,M,M,M,M,M,M,M,M,M,M,64.40,FAPE 201600Z 23003KT 9999 FEW003 18/17 Q1021 BECMG BKN004,M
FAPE,2026-09-20 17:00,62.60,62.60,100.00,220.00,3.00,0.00,30.15,M,6.21,M,FEW,M,M,M,300.00,M,M,M,M,M,M,M,M,M,M,62.60,FAPE 201700Z 22003KT 9999 FEW003 17/17 Q1021 BECMG BKN004,M
FAPE,2026-09-20 18:22,60.80,60.80,100.00,20.00,4.00,0.00,30.18,M,0.50,M,FEW,M,M,M,300.00,M,M,M,FG,M,M,M,M,M,M,60.80,FAPE 201822Z 02004KT 360V060 0800 R26/0700D FG FEW003 16/16 Q1022,M
FAPE,2026-09-20 19:00,60.80,60.80,100.00,20.00,3.00,0.00,30.18,M,0.50,M,FEW,M,M,M,300.00,M,M,M,FG,M,M,M,M,M,M,60.80,FAPE 201900Z 02003KT 0800 R26/0900 FG FEW003 16/16 Q1022 NOSIG,M
FAPE,2026-09-20 19:08,62.60,62.60,100.00,M,1.00,0.00,30.18,M,0.40,M,VV ,M,M,M,200.00,M,M,M,FG,M,M,M,M,M,M,62.60,FAPE 201908Z VRB01KT 0650 R26/0600D FG VV002 17/17 Q1022 NOSIG,M
FAPE,2026-09-20 19:39,62.60,62.60,100.00,300.00,3.00,0.00,30.18,M,2.42,M,SCT,BKN,OVC,M,300.00,1000.00,1200.00,M,BR,M,M,M,M,M,M,62.60,FAPE 201939Z 30003KT 270V330 3900 BR SCT003 BKN010 OVC012 17/17 Q1022 NOSIG,M
FAPE,2026-09-20 20:00,62.60,62.60,100.00,300.00,3.00,0.00,30.18,M,3.11,M,BKN,OVC,M,M,1000.00,1300.00,M,M,BR,M,M,M,M,M,M,62.60,FAPE 202000Z 30003KT 240V320 5000 BR BKN010 OVC013 17/17 Q1022 NOSIG,M
FAPE,2026-09-20 22:53,62.60,62.60,100.00,M,2.00,0.00,30.18,M,6.21,M,OVC,M,M,M,1600.00,M,M,M,M,M,M,M,M,M,M,62.60,FAPE 202253Z VRB02KT 9999 OVC016 17/17 Q1022 NOSIG,M
FAPE,2026-09-21 00:18,60.80,60.80,100.00,220.00,6.00,0.00,30.15,M,2.49,M,BKN,M,M,M,100.00,M,M,M,BR,M,M,M,M,M,M,60.80,FAPE 210018Z 22006KT 4000 BR BKN001 16/16 Q1021 NOSIG,M
FAPE,2026-09-21 00:25,60.80,60.80,100.00,220.00,6.00,0.00,30.15,M,1.43,M,BKN,M,M,M,100.00,M,M,M,BR,M,M,M,M,M,M,60.80,FAPE 210025Z 22006KT 2300 BR BKN001 16/16 Q1021 NOSIG,M
FAPE,2026-09-21 00:55,60.80,60.80,100.00,220.00,6.00,0.00,30.12,M,1.18,M,VV ,M,M,M,200.00,M,M,M,BCFG,M,M,M,M,M,M,60.80,FAPE 210055Z 22006KT 1900 0650 R26/0900N BCFG VV002 16/16 Q1020 NOSIG,M
FAPE,2026-09-21 01:55,60.80,60.80,100.00,250.00,5.00,0.00,30.12,M,3.11,M,BKN,OVC,M,M,300.00,500.00,M,M,BR,M,M,M,M,M,M,60.80,FAPE 210155Z 25005KT 5000 BR BKN003 OVC005 16/16 Q1020 NOSIG,M
FAPE,2026-09-21 02:16,62.60,62.60,100.00,250.00,5.00,0.00,30.12,M,4.35,M,OVC,M,M,M,200.00,M,M,M,M,M,M,M,M,M,M,62.60,FAPE 210216Z 25005KT 7000 OVC002 17/17 Q1020 NOSIG,M
FAPE,2026-09-21 02:32,60.80,60.80,100.00,230.00,3.00,0.00,30.12,M,3.11,M,SCT,OVC,M,M,200.00,700.00,M,M,BR,M,M,M,M,M,M,60.80,FAPE 210232Z 23003KT 5000 BR SCT002 OVC007 16/16 Q1020 NOSIG,M
FAPE,2026-09-21 02:39,60.80,60.80,100.00,260.00,3.00,0.00,30.12,M,3.73,M,FEW,BKN,M,M,200.00,700.00,M,M,M,M,M,M,M,M,M,60.80,FAPE 210239Z 26003KT 6000 FEW002 BKN007 16/16 Q1020 NOSIG,M
FAPE,2026-09-21 04:00,60.80,60.80,100.00,260.00,5.00,0.00,30.15,M,4.97,M,BKN,M,M,M,500.00,M,M,M,M,M,M,M,M,M,M,60.80,FAPE 210400Z 26005KT 8000 BKN005 16/16 Q1021 NOSIG,M
FAPE,2026-09-21 04:24,62.60,62.60,100.00,220.00,4.00,0.00,30.18,M,5.59,M,SCT,BKN,M,M,900.00,2000.00,M,M,M,M,M,M,M,M,M,62.60,FAPE 210424Z 22004KT 9000 SCT009 BKN020 17/17 Q1022 NOSIG,M
FAPE,2026-09-21 05:00,62.60,62.60,100.00,230.00,5.00,0.00,30.18,M,5.59,M,SCT,BKN,M,M,900.00,2000.00,M,M,M,M,M,M,M,M,M,62.60,FAPE 210500Z 23005KT 9000 SCT009 BKN020 17/17 Q1022 NOSIG,M
FAPE,2026-09-21 06:00,62.60,62.60,100.00,230.00,6.00,0.00,30.18,M,6.21,M,FEW,OVC,M,M,700.00,2000.00,M,M,M,M,M,M,M,M,M,62.60,FAPE 210600Z 23006KT 9999 FEW007 OVC020 17/17 Q1022 NOSIG,M
FAPE,2026-09-21 07:00,66.20,64.40,93.93,240.00,3.00,0.00,30.21,M,6.21,M,FEW,BKN,M,M,800.00,2900.00,M,M,M,M,M,M,M,M,M,66.20,FAPE 210700Z 24003KT 200V270 9999 FEW008 BKN029 19/18 Q1023 NOSIG,M
FAPE,2026-09-21 08:00,68.00,64.40,88.28,190.00,6.00,0.00,30.21,M,6.21,M,SCT,BKN,M,M,900.00,3500.00,M,M,M,M,M,M,M,M,M,68.00,FAPE 210800Z 19006KT 160V220 9999 SCT009 BKN035 20/18 Q1023 NOSIG,M
FAPE,2026-09-21 08:28,68.00,64.40,88.28,190.00,6.00,0.00,30.21,M,6.21,M,BKN,OVC,M,M,900.00,3700.00,M,M,M,M,M,M,M,M,M,68.00,FAPE 210828Z 19006KT 9999 BKN009 OVC037 20/18 Q1023 BECMG SCT009,M
FAPE,2026-09-21 08:53,68.00,64.40,88.28,170.00,7.00,0.00,30.21,M,6.21,M,BKN,OVC,M,M,1300.00,2500.00,M,M,M,M,M,M,M,M,M,68.00,FAPE 210853Z 17007KT 9999 BKN013 OVC025 20/18 Q1023 BECMG BKN016,M
FAPE,2026-09-21 09:00,68.00,64.40,88.28,170.00,7.00,0.00,30.21,M,6.21,M,BKN,OVC,M,M,1300.00,2500.00,M,M,M,M,M,M,M,M,M,68.00,FAPE 210900Z 17007KT 9999 BKN013 OVC025 20/18 Q1023 BECMG BKN016,M
FAPE,2026-09-21 10:00,68.00,64.40,88.28,170.00,6.00,0.00,30.21,M,6.21,M,BKN,OVC,M,M,1300.00,4000.00,M,M,M,M,M,M,M,M,M,68.00,FAPE 211000Z 17006KT 120V230 9999 BKN013 OVC040 20/18 Q1023 NOSIG,M
FAPE,2026-09-21 10:26,68.00,62.60,82.88,140.00,6.00,0.00,30.21,M,6.21,M,FEW,BKN,OVC,M,1000.00,1700.00,3000.00,M,M,M,M,M,M,M,M,68.00,FAPE 211026Z 14006KT 110V180 9999 FEW010 BKN017 OVC030 20/17 Q1023 NOSIG,M
FAPE,2026-09-21 11:00,68.00,64.40,88.28,140.00,6.00,0.00,30.18,M,6.21,M,FEW,BKN,OVC,M,1000.00,1700.00,2500.00,M,M,M,M,M,M,M,M,68.00,FAPE 211100Z 14006KT 100V170 9999 FEW010 BKN017 OVC025 20/18 Q1022 NOSIG,M
FAPE,2026-09-21 11:56,66.20,64.40,93.93,140.00,6.00,0.00,30.18,M,5.59,M,BKN,OVC,M,M,1000.00,2000.00,M,M,-DZ,M,M,M,M,M,M,66.20,FAPE 211156Z 14006KT 9000 -DZ BKN010 OVC020 19/18 Q1022 TEMPO 5000 DZ BR,M
FAPE,2026-09-21 12:00,66.20,64.40,93.93,140.00,6.00,0.00,30.18,M,5.59,M,BKN,OVC,M,M,1000.00,2000.00,M,M,-DZ,M,M,M,M,M,M,66.20,FAPE 211200Z 14006KT 9000 -DZ BKN010 OVC020 19/18 Q1022 TEMPO 5000 DZ BR,M
FAPE,2026-09-21 12:28,66.20,64.40,93.93,150.00,5.00,0.00,30.18,M,6.21,M,SCT,OVC,M,M,800.00,1900.00,M,M,M,M,M,M,M,M,M,66.20,FAPE 211228Z 15005KT 120V190 9999 SCT008 OVC019 19/18 Q1022 NOSIG,M
FAPE,2026-09-21 13:00,66.20,64.40,93.93,150.00,6.00,0.00,30.18,M,6.21,M,SCT,SCT,OVC,M,800.00,2000.00,2500.00,M,M,M,M,M,M,M,M,66.20,FAPE 211300Z 15006KT 120V180 9999 SCT008 SCT020 OVC025 19/18 Q1022 NOSIG,M
FAPE,2026-09-21 14:00,68.00,62.60,82.88,120.00,7.00,0.00,30.18,M,6.21,M,SCT,OVC,M,M,1000.00,4000.00,M,M,M,M,M,M,M,M,M,68.00,FAPE 211400Z 12007KT 9999 SCT010 OVC040 20/17 Q1022 TEMPO BKN010,M
FAPE,2026-09-21 15:00,66.20,62.60,88.19,100.00,7.00,0.00,30.15,M,6.21,M,FEW,OVC,M,M,1000.00,4000.00,M,M,M,M,M,M,M,M,M,66.20,FAPE 211500Z 10007KT 9999 FEW010 OVC040 19/17 Q1021 TEMPO BKN010,M
FAPE,2026-09-21 16:00,64.40,62.60,93.89,90.00,6.00,0.00,30.18,M,6.21,M,FEW,OVC,M,M,2000.00,4000.00,M,M,M,M,M,M,M,M,M,64.40,FAPE 211600Z 09006KT 9999 FEW020 OVC040 18/17 Q1022 NOSIG,M
FAPE,2026-09-21 17:00,64.40,62.60,93.89,90.00,6.00,0.00,30.18,M,6.21,M,FEW,OVC,M,M,2000.00,4000.00,M,M,M,M,M,M,M,M,M,64.40,FAPE 211700Z 09006KT 9999 FEW020 OVC040 18/17 Q1022 NOSIG,M
FAPE,2026-09-21 18:00,64.40,62.60,93.89,80.00,7.00,0.00,30.18,M,6.21,M,SCT,BKN,M,M,2000.00,4000.00,M,M,M,M,M,M,M,M,M,64.40,COR FAPE 211800Z 08007KT 9999 SCT020 BKN040 18/17 Q1022,M
FAPE,2026-09-21 19:00,62.60,62.60,100.00,70.00,5.00,0.00,30.21,M,6.21,M,FEW,BKN,M,M,1500.00,4000.00,M,M,M,M,M,M,M,M,M,62.60,FAPE 211900Z 07005KT 9999 FEW015 BKN040 17/17 Q1023 NOSIG,M
FAPE,2026-09-21 20:00,62.60,60.80,93.84,80.00,8.00,0.00,30.21,M,6.21,M,FEW,M,M,M,1500.00,M,M,M,M,M,M,M,M,M,M,62.60,FAPE 212000Z 08008KT 9999 FEW015 17/16 Q1023 NOSIG,M
FAPE,2026-09-21 21:00,60.80,60.80,100.00,70.00,7.00,0.00,30.18,M,6.21,M,M,M,M,M,M,M,M,M,M,M,M,M,M,M,M,60.80,FAPE 212100Z 07007KT CAVOK 16/16 Q1022 NOSIG,M
FAPE,2026-09-21 22:00,60.80,60.80,100.00,70.00,6.00,0.00,30.18,M,6.21,M,M,M,M,M,M,M,M,M,M,M,M,M,M,M,M,60.80,FAPE 212200Z 07006KT CAVOK 16/16 Q1022 NOSIG,M
FAPE,2026-09-21 23:00,60.80,60.80,100.00,60.00,6.00,0.00,30.18,M,6.21,M,FEW,M,M,M,1200.00,M,M,M,M,M,M,M,M,M,M,60.80,FAPE 212300Z 06006KT 9999 FEW012 16/16 Q1022 NOSIG,M
FAPE,2026-09-22 00:00,60.80,60.80,100.00,60.00,5.00,0.00,30.15,M,6.21,M,BKN,M,M,M,4000.00,M,M,M,M,M,M,M,M,M,M,60.80,FAPE 220000Z 06005KT 9999 BKN040 16/16 Q1021 NOSIG,M
FAPE,2026-09-22 01:00,60.80,60.80,100.00,60.00,8.00,0.00,30.12,M,6.21,M,SCT,M,M,M,4000.00,M,M,M,M,M,M,M,M,M,M,60.80,FAPE 220100Z 06008KT 9999 SCT040 16/16 Q1020 NOSIG,M
FAPE,2026-09-22 02:00,60.80,60.80,100.00,60.00,8.00,0.00,30.09,M,6.21,M,M,M,M,M,M,M,M,M,M,M,M,M,M,M,M,60.80,FAPE 220200Z 06008KT CAVOK 16/16 Q1019 NOSIG,M
FAPE,2026-09-22 03:00,60.80,60.80,100.00,50.00,7.00,0.00,30.12,M,6.21,M,M,M,M,M,M,M,M,M,M,M,M,M,M,M,M,60.80,FAPE 220300Z 05007KT CAVOK 16/16 Q1020 NOSIG,M
FAPE,2026-09-22 03:19,60.80,60.80,100.00,50.00,7.00,0.00,30.12,M,6.21,M,BKN,M,M,M,300.00,M,M,M,M,M,M,M,M,M,M,60.80,FAPE 220319Z 05007KT 9999 BKN003 16/16 Q1020 TEMPO 4000 BR BKN002,M
FAPE,2026-09-22 03:39,60.80,60.80,100.00,60.00,8.00,0.00,30.12,M,5.59,M,BKN,M,M,M,200.00,M,M,M,M,M,M,M,M,M,M,60.80,FAPE 220339Z 06008KT 9000 BKN002 16/16 Q1020 TEMPO 3000 BR,M
FAPE,2026-09-22 04:00,60.80,60.80,100.00,60.00,9.00,0.00,30.12,M,4.35,M,BKN,M,M,M,200.00,M,M,M,M,M,M,M,M,M,M,60.80,FAPE 220400Z 06009KT 7000 BKN002 16/16 Q1020 TEMPO 3000 BR,M
FAPE,2026-09-22 04:44,60.80,60.80,100.00,60.00,10.00,0.00,30.12,M,2.49,M,BKN,M,M,M,100.00,M,M,M,BR,M,M,M,M,M,M,60.80,FAPE 220444Z 06010KT 4000 BR BKN001 16/16 Q1020 BECMG 6000 NSW BKN005,M
FAPE,2026-09-22 05:00,60.80,60.80,100.00,50.00,9.00,0.00,30.12,M,2.49,M,BKN,M,M,M,100.00,M,M,M,BR,M,M,M,M,M,M,60.80,FAPE 220500Z 05009KT 4000 BR BKN001 16/16 Q1020 BECMG 6000 NSW BKN005,M
FAPE,2026-09-22 05:52,60.80,60.80,100.00,40.00,10.00,0.00,30.12,M,0.43,M,VV ,M,M,M,200.00,M,M,M,FG,M,M,M,M,M,M,60.80,FAPE 220552Z 04010KT 0700 R26/1000U FG VV002 16/16 Q1020 BECMG 4000 BR,M
FAPE,2026-09-22 06:00,60.80,60.80,100.00,40.00,9.00,0.00,30.12,M,0.43,M,VV ,M,M,M,200.00,M,M,M,FG,M,M,M,M,M,M,60.80,FAPE 220600Z 04009KT 0700 R26/1100U FG VV002 16/16 Q1020 BECMG 4000 BR,M
FAPE,2026-09-22 06:14,60.80,60.80,100.00,40.00,11.00,0.00,30.12,M,2.49,M,BKN,M,M,M,200.00,M,M,M,BCFG,M,M,M,M,M,M,60.80,FAPE 220614Z 04011KT 4000 0900SE BCFG BKN002 16/16 Q1020 BECMG 6000 NSW BKN005,M
FAPE,2026-09-22 06:27,60.80,60.80,100.00,30.00,11.00,0.00,30.12,M,4.97,M,BKN,M,M,M,300.00,M,M,M,M,M,M,M,M,M,M,60.80,FAPE 220627Z 03011KT 8000 BKN003 16/16 Q1020 BECMG SCT005,M
FAPE,2026-09-22 07:00,62.60,62.60,100.00,40.00,11.00,0.00,30.12,M,6.21,M,BKN,M,M,M,400.00,M,M,M,M,M,M,M,M,M,M,62.60,FAPE 220700Z 04011KT 9999 BKN004 17/17 Q1020 BECMG FEW005,M
FAPE,2026-09-22 07:09,62.60,62.60,100.00,40.00,11.00,0.00,30.09,M,6.21,M,SCT,M,M,M,500.00,M,M,M,M,M,M,M,M,M,M,62.60,FAPE 220709Z 04011KT 9999 SCT005 17/17 Q1019 NOSIG,M
FAPE,2026-09-22 08:00,66.20,62.60,88.19,40.00,11.00,0.00,30.09,M,6.21,M,FEW,M,M,M,800.00,M,M,M,M,M,M,M,M,M,M,66.20,FAPE 220800Z 04011KT 9999 FEW008 19/17 Q1019 NOSIG,M
FAPE,2026-09-22 09:00,68.00,62.60,82.88,50.00,11.00,0.00,30.06,M,6.21,M,M,M,M,M,M,M,M,M,M,M,M,M,M,M,M,68.00,FAPE 220900Z 05011KT CAVOK 20/17 Q1018 NOSIG,M
FAPE,2026-09-22 10:47,73.40,64.40,73.48,80.00,10.00,0.00,30.00,M,6.21,M,M,M,M,M,M,M,M,M,M,M,M,M,M,M,M,73.40,FAPE 221047Z 08010KT 040V100 CAVOK 23/18 Q1016 NOSIG,M
FAPE,2026-09-22 12:00,69.80,62.60,77.93,70.00,11.00,0.00,29.97,M,6.21,M,M,M,M,M,M,M,M,M,M,M,M,M,M,M,M,69.80,FAPE 221200Z 07011KT CAVOK 21/17 Q1015 NOSIG,M
FAPE,2026-09-22 13:00,69.80,62.60,77.93,70.00,8.00,0.00,29.94,M,6.21,M,M,M,M,M,M,M,M,M,M,M,M,M,M,M,M,69.80,FAPE 221300Z 07008KT CAVOK 21/17 Q1014 NOSIG,M
FAPE,2026-09-22 14:00,68.00,62.60,82.88,50.00,10.00,0.00,29.94,M,6.21,M,M,M,M,M,M,M,M,M,M,M,M,M,M,M,M,68.00,FAPE 221400Z 05010KT CAVOK 20/17 Q1014 NOSIG,M
