station,valid,tmpf,dwpf,relh,drct,sknt,p01i,alti,mslp,vsby,gust,skyc1,skyc2,skyc3,skyc4,skyl1,skyl2,skyl3,skyl4,wxcodes,ice_accretion_1hr,ice_accretion_3hr,ice_accretion_6hr,peak_wind_gust,peak_wind_drct,peak_wind_time,feel,metar,snowdepth
FAOR,2026-06-24 00:00,51.80,46.40,81.74,310.00,7.00,0.00,30.33,M,5.59,M,NSC,M,M,M,M,M,M,M,M,M,M,M,M,M,M,51.80,FAOR 240000Z 31007KT 260V320 9000 NSC 11/08 Q1027 NOSIG,M
FAOR,2026-06-24 00:30,53.60,48.20,81.87,300.00,8.00,0.00,30.33,M,6.21,M,M,M,M,M,M,M,M,M,M,M,M,M,M,M,M,53.60,FAOR 240030Z 30008KT CAVOK 12/09 Q1027 NOSIG,M
FAOR,2026-06-24 01:00,53.60,46.40,76.51,300.00,8.00,0.00,30.33,M,6.21,M,M,M,M,M,M,M,M,M,M,M,M,M,M,M,M,53.60,FAOR 240100Z 30008KT CAVOK 12/08 Q1027 NOSIG,M
FAOR,2026-06-24 01:30,51.80,46.40,81.74,300.00,8.00,0.00,30.33,M,6.21,M,M,M,M,M,M,M,M,M,M,M,M,M,M,M,M,51.80,FAOR 240130Z 30008KT CAVOK 11/08 Q1027 NOSIG,M
FAOR,2026-06-24 02:00,51.80,46.40,81.74,300.00,8.00,0.00,30.33,M,6.21,M,M,M,M,M,M,M,M,M,M,M,M,M,M,M,M,51.80,FAOR 240200Z 30008KT CAVOK 11/08 Q1027 NOSIG,M
FAOR,2026-06-24 02:30,53.60,46.40,76.51,300.00,9.00,0.00,30.33,M,6.21,M,M,M,M,M,M,M,M,M,M,M,M,M,M,M,M,53.60,FAOR 240230Z 30009KT CAVOK 12/08 Q1027 NOSIG,M
FAOR,2026-06-24 03:00,51.80,46.40,81.74,290.00,8.00,0.00,30.33,M,6.21,M,M,M,M,M,M,M,M,M,M,M,M,M,M,M,M,51.80,FAOR 240300Z 29008KT CAVOK 11/08 Q1027 NOSIG,M
FAOR,2026-06-24 03:30,53.60,46.40,76.51,290.00,9.00,0.00,30.33,M,6.21,M,M,M,M,M,M,M,M,M,M,M,M,M,M,M,M,53.60,FAOR 240330Z 29009KT CAVOK 12/08 Q1027 NOSIG,M
FAOR,2026-06-24 04:00,53.60,48.20,81.87,280.00,8.00,0.00,30.33,M,6.21,M,M,M,M,M,M,M,M,M,M,M,M,M,M,M,M,53.60,FAOR 240400Z 28008KT CAVOK 12/09 Q1027 NOSIG,M
FAOR,2026-06-24 04:30,53.60,48.20,81.87,290.00,7.00,0.00,30.36,M,6.21,M,M,M,M,M,M,M,M,M,M,M,M,M,M,M,M,53.60,FAOR 240430Z 29007KT CAVOK 12/09 Q1028 NOSIG,M
FAOR,2026-06-24 05:00,53.60,48.20,81.87,290.00,7.00,0.00,30.36,M,6.21,M,M,M,M,M,M,M,M,M,M,M,M,M,M,M,M,53.60,FAOR 240500Z 29007KT CAVOK 12/09 Q1028 NOSIG,M
FAOR,2026-06-24 05:30,53.60,48.20,81.87,280.00,7.00,0.00,30.36,M,6.21,M,M,M,M,M,M,M,M,M,M,M,M,M,M,M,M,53.60,FAOR 240530Z 28007KT CAVOK 12/09 Q1028 NOSIG,M
FAOR,2026-06-24 06:00,55.40,48.20,76.67,280.00,7.00,0.00,30.39,M,6.21,M,M,M,M,M,M,M,M,M,M,M,M,M,M,M,M,55.40,FAOR 240600Z 28007KT CAVOK 13/09 Q1029 NOSIG,M
FAOR,2026-06-24 06:30,55.40,48.20,76.67,290.00,8.00,0.00,30.39,M,6.21,M,M,M,M,M,M,M,M,M,M,M,M,M,M,M,M,55.40,FAOR 240630Z 29008KT 240V300 CAVOK 13/09 Q1029 NOSIG,M
FAOR,2026-06-24 07:00,57.20,48.20,71.84,280.00,9.00,0.00,30.39,M,6.21,M,M,M,M,M,M,M,M,M,M,M,M,M,M,M,M,57.20,FAOR 240700Z 28009KT CAVOK 14/09 Q1029 NOSIG,M
FAOR,2026-06-24 07:30,59.00,48.20,67.34,290.00,8.00,0.00,30.42,M,6.21,M,M,M,M,M,M,M,M,M,M,M,M,M,M,M,M,59.00,FAOR 240730Z 29008KT CAVOK 15/09 Q1030 NOSIG,M
FAOR,2026-06-24 08:00,60.80,48.20,63.16,280.00,8.00,0.00,30.42,M,6.21,M,M,M,M,M,M,M,M,M,M,M,M,M,M,M,M,60.80,FAOR 240800Z 28008KT CAVOK 16/09 Q1030 NOSIG,M
FAOR,2026-06-24 08:30,62.60,48.20,59.27,280.00,6.00,0.00,30.42,M,6.21,M,M,M,M,M,M,M,M,M,M,M,M,M,M,M,M,62.60,FAOR 240830Z 28006KT 220V310 CAVOK 17/09 Q1030 NOSIG,M
FAOR,2026-06-24 09:00,62.60,48.20,59.27,280.00,5.00,0.00,30.42,M,6.21,M,M,M,M,M,M,M,M,M,M,M,M,M,M,M,M,62.60,FAOR 240900Z 28005KT 220V310 CAVOK 17/09 Q1030 NOSIG,M
FAOR,2026-06-24 09:30,66.20,44.60,45.62,250.00,5.00,0.00,30.42,M,6.21,M,FEW,M,M,M,4400.00,M,M,M,M,M,M,M,M,M,M,66.20,FAOR 240930Z 25005KT 200V310 9999 FEW044 19/07 Q1030 NOSIG,M
FAOR,2026-06-24 10:00,68.00,41.00,37.34,M,3.00,0.00,30.39,M,6.21,M,M,M,M,M,M,M,M,M,M,M,M,M,M,M,M,68.00,FAOR 241000Z VRB03KT CAVOK 20/05 Q1029 NOSIG,M
FAOR,2026-06-24 10:30,66.20,37.40,34.52,180.00,10.00,0.00,30.39,M,6.21,M,M,M,M,M,M,M,M,M,M,M,M,M,M,M,M,66.20,FAOR 241030Z 18010KT 150V210 CAVOK 19/03 Q1029 NOSIG,M
FAOR,2026-06-24 11:00,68.00,35.60,30.21,M,3.00,0.00,30.36,M,6.21,M,M,M,M,M,M,M,M,M,M,M,M,M,M,M,M,68.00,FAOR 241100Z VRB03KT CAVOK 20/02 Q1028 NOSIG,M
FAOR,2026-06-24 11:30,69.80,35.60,28.41,180.00,8.00,0.00,30.36,M,6.21,M,M,M,M,M,M,M,M,M,M,M,M,M,M,M,M,69.80,FAOR 241130Z 18008KT 140V210 CAVOK 21/02 Q1028 NOSIG,M
FAOR,2026-06-24 12:00,68.00,37.40,32.44,140.00,8.00,0.00,30.36,M,6.21,M,M,M,M,M,M,M,M,M,M,M,M,M,M,M,M,68.00,FAOR 241200Z 14008KT 100V190 CAVOK 20/03 Q1028 NOSIG,M
FAOR,2026-06-24 12:30,68.00,39.20,34.81,190.00,6.00,0.00,30.36,M,6.21,M,M,M,M,M,M,M,M,M,M,M,M,M,M,M,M,68.00,FAOR 241230Z 19006KT 130V210 CAVOK 20/04 Q1028 NOSIG,M
FAOR,2026-06-24 13:00,68.00,39.20,34.81,M,3.00,0.00,30.36,M,6.21,M,M,M,M,M,M,M,M,M,M,M,M,M,M,M,M,68.00,FAOR 241300Z VRB03KT CAVOK 20/04 Q1028 NOSIG,M
FAOR,2026-06-24 13:30,66.20,37.40,34.52,180.00,4.00,0.00,30.36,M,6.21,M,M,M,M,M,M,M,M,M,M,M,M,M,M,M,M,66.20,FAOR 241330Z 18004KT 120V220 CAVOK 19/03 Q1028 NOSIG,M
FAOR,2026-06-24 14:00,68.00,35.60,30.21,160.00,6.00,0.00,30.36,M,6.21,M,M,M,M,M,M,M,M,M,M,M,M,M,M,M,M,68.00,FAOR 241400Z 16006KT 070V210 CAVOK 20/02 Q1028 NOSIG,M
FAOR,2026-06-24 14:30,66.20,33.80,29.92,180.00,7.00,0.00,30.36,M,6.21,M,M,M,M,M,M,M,M,M,M,M,M,M,M,M,M,66.20,FAOR 241430Z 18007KT CAVOK 19/01 Q1028 NOSIG,M
FAOR,2026-06-24 15:00,64.40,33.80,31.86,150.00,5.00,0.00,30.36,M,6.21,M,M,M,M,M,M,M,M,M,M,M,M,M,M,M,M,64.40,FAOR 241500Z 15005KT 120V200 CAVOK 18/01 Q1028 NOSIG,M
FAOR,2026-06-24 15:30,60.80,33.80,36.16,150.00,7.00,0.00,30.39,M,6.21,M,M,M,M,M,M,M,M,M,M,M,M,M,M,M,M,60.80,FAOR 241530Z 15007KT CAVOK 16/01 Q1029 NOSIG,M
FAOR,2026-06-24 16:00,59.00,37.40,44.47,150.00,7.00,0.00,30.39,M,6.21,M,M,M,M,M,M,M,M,M,M,M,M,M,M,M,M,59.00,FAOR 241600Z 15007KT CAVOK 15/03 Q1029 NOSIG,M
FAOR,2026-06-24 16:30,59.00,37.40,44.47,140.00,6.00,0.00,30.42,M,6.21,M,M,M,M,M,M,M,M,M,M,M,M,M,M,M,M,59.00,FAOR 241630Z 14006KT CAVOK 15/03 Q1030 NOSIG,M
FAOR,2026-06-24 17:00,55.40,35.60,47.15,140.00,6.00,0.00,30.42,M,6.21,M,M,M,M,M,M,M,M,M,M,M,M,M,M,M,M,55.40,FAOR 241700Z 14006KT CAVOK 13/02 Q1030 NOSIG,M
FAOR,2026-06-24 17:30,55.40,35.60,47.15,140.00,6.00,0.00,30.42,M,6.21,21.00,M,M,M,M,M,M,M,M,M,M,M,M,M,M,M,55.40,FAOR 241730Z 14006G21KT 110V270 CAVOK 13/02 Q1030 NOSIG,M
FAOR,2026-06-24 18:00,57.20,35.60,44.18,140.00,7.00,0.00,30.42,M,6.21,M,M,M,M,M,M,M,M,M,M,M,M,M,M,M,M,57.20,FAOR 241800Z 14007KT 110V260 CAVOK 14/02 Q1030 NOSIG,M
FAOR,2026-06-24 18:30,53.60,35.60,50.35,120.00,6.00,0.00,30.45,M,6.21,M,M,M,M,M,M,M,M,M,M,M,M,M,M,M,M,53.60,FAOR 241830Z 12006KT CAVOK 12/02 Q1031 NOSIG,M
FAOR,2026-06-24 19:00,51.80,35.60,53.80,120.00,3.00,0.00,30.45,M,6.21,M,M,M,M,M,M,M,M,M,M,M,M,M,M,M,M,51.80,FAOR 241900Z 12003KT 020V150 CAVOK 11/02 Q1031 NOSIG,M
FAOR,2026-06-24 19:30,51.80,39.20,61.99,120.00,5.00,0.00,30.45,M,6.21,M,M,M,M,M,M,M,M,M,M,M,M,M,M,M,M,51.80,FAOR 241930Z 12005KT CAVOK 11/04 Q1031 NOSIG,M
FAOR,2026-06-24 20:00,51.80,39.20,61.99,130.00,6.00,0.00,30.45,M,6.21,M,M,M,M,M,M,M,M,M,M,M,M,M,M,M,M,51.80,FAOR 242000Z 13006KT CAVOK 11/04 Q1031 NOSIG,M
FAOR,2026-06-24 20:30,51.80,39.20,61.99,130.00,4.00,0.00,30.45,M,6.21,M,M,M,M,M,M,M,M,M,M,M,M,M,M,M,M,51.80,FAOR 242030Z 13004KT CAVOK 11/04 Q1031 NOSIG,M
FAOR,2026-06-24 21:00,51.80,39.20,61.99,120.00,5.00,0.00,30.45,M,6.21,M,M,M,M,M,M,M,M,M,M,M,M,M,M,M,M,51.80,FAOR 242100Z 12005KT CAVOK 11/04 Q1031 NOSIG,M
FAOR,2026-06-24 22:00,53.60,41.00,62.22,M,1.00,0.00,30.45,M,6.21,M,M,M,M,M,M,M,M,M,M,M,M,M,M,M,M,53.60,FAOR 242200Z VRB01KT CAVOK 12/05 Q1031 NOSIG,M
FAOR,2026-06-24 23:00,51.80,39.20,61.99,0.00,0.00,0.00,30.45,M,6.21,M,M,M,M,M,M,M,M,M,M,M,M,M,M,M,M,51.80,FAOR 242300Z 00000KT CAVOK 11/04 Q1031 NOSIG,M
FAOR,2026-06-25 00:00,50.00,39.20,66.26,M,1.00,0.00,30.45,M,6.21,M,M,M,M,M,M,M,M,M,M,M,M,M,M,M,M,50.00,FAOR 250000Z VRB01KT CAVOK 10/04 Q1031 NOSIG,M
FAOR,2026-06-25 01:00,48.20,39.20,70.87,0.00,0.00,0.00,30.45,M,6.21,M,M,M,M,M,M,M,M,M,M,M,M,M,M,M,M,48.20,FAOR 250100Z 00000KT CAVOK 09/04 Q1031 NOSIG,M
FAOR,2026-06-25 02:00,50.00,41.00,71.06,M,1.00,0.00,30.45,M,6.21,M,M,M,M,M,M,M,M,M,M,M,M,M,M,M,M,50.00,FAOR 250200Z VRB01KT CAVOK 10/05 Q1031 NOSIG,M
FAOR,2026-06-25 02:30,46.40,39.20,75.84,60.00,5.00,0.00,30.45,M,6.21,M,M,M,M,M,M,M,M,M,M,M,M,M,M,M,M,43.50,FAOR 250230Z 06005KT CAVOK 08/04 Q1031 NOSIG,M
FAOR,2026-06-25 03:00,46.40,41.00,81.33,M,2.00,0.00,30.45,M,6.21,M,M,M,M,M,M,M,M,M,M,M,M,M,M,M,M,46.40,FAOR 250300Z VRB02KT CAVOK 08/05 Q1031 NOSIG,M
FAOR,2026-06-25 03:30,46.40,39.20,75.84,M,2.00,0.00,30.45,M,6.21,M,M,M,M,M,M,M,M,M,M,M,M,M,M,M,M,46.40,FAOR 250330Z VRB02KT CAVOK 08/04 Q1031 NOSIG,M
FAOR,2026-06-25 04:00,46.40,41.00,81.33,40.00,2.00,0.00,30.45,M,6.21,M,M,M,M,M,M,M,M,M,M,M,M,M,M,M,M,46.40,FAOR 250400Z 04002KT CAVOK 08/05 Q1031 NOSIG,M
FAOR,2026-06-25 04:30,46.40,41.00,81.33,60.00,4.00,0.00,30.47,M,6.21,M,M,M,M,M,M,M,M,M,M,M,M,M,M,M,M,44.24,FAOR 250430Z 06004KT CAVOK 08/05 Q1032 NOSIG,M
FAOR,2026-06-25 05:00,46.40,41.00,81.33,40.00,5.00,0.00,30.47,M,6.21,M,M,M,M,M,M,M,M,M,M,M,M,M,M,M,M,43.50,FAOR 250500Z 04005KT CAVOK 08/05 Q1032 NOSIG,M
FAOR,2026-06-25 05:30,46.40,41.00,81.33,40.00,6.00,0.00,30.47,M,6.21,M,M,M,M,M,M,M,M,M,M,M,M,M,M,M,M,42.87,FAOR 250530Z 04006KT CAVOK 08/05 Q1032 NOSIG,M
FAOR,2026-06-25 06:00,50.00,42.80,76.17,40.00,3.00,0.00,30.47,M,6.21,M,M,M,M,M,M,M,M,M,M,M,M,M,M,M,M,50.00,FAOR 250600Z 04003KT 360V060 CAVOK 10/06 Q1032 NOSIG,M
FAOR,2026-06-25 06:30,51.80,44.60,76.34,40.00,4.00,0.00,30.50,M,6.21,M,M,M,M,M,M,M,M,M,M,M,M,M,M,M,M,51.80,FAOR 250630Z 04004KT 360V070 CAVOK 11/07 Q1033 NOSIG,M
FAOR,2026-06-25 07:00,55.40,44.60,66.91,20.00,6.00,0.00,30.50,M,6.21,M,M,M,M,M,M,M,M,M,M,M,M,M,M,M,M,55.40,FAOR 250700Z 02006KT CAVOK 13/07 Q1033 NOSIG,M
FAOR,2026-06-25 07:30,57.20,44.60,62.70,360.00,8.00,0.00,30.53,M,6.21,M,M,M,M,M,M,M,M,M,M,M,M,M,M,M,M,57.20,FAOR 250730Z 36008KT CAVOK 14/07 Q1034 NOSIG,M
FAOR,2026-06-25 08:00,60.80,44.60,55.13,10.00,9.00,0.00,30.53,M,6.21,M,M,M,M,M,M,M,M,M,M,M,M,M,M,M,M,60.80,FAOR 250800Z 01009KT CAVOK 16/07 Q1034 NOSIG,M
FAOR,2026-06-25 08:30,60.80,44.60,55.13,10.00,9.00,0.00,30.53,M,6.21,M,M,M,M,M,M,M,M,M,M,M,M,M,M,M,M,60.80,FAOR 250830Z 01009KT CAVOK 16/07 Q1034 NOSIG,M
FAOR,2026-06-25 09:00,60.80,44.60,55.13,350.00,7.00,0.00,30.53,M,6.21,M,M,M,M,M,M,M,M,M,M,M,M,M,M,M,M,60.80,FAOR 250900Z 35007KT 280V040 CAVOK 16/07 Q1034 NOSIG,M
FAOR,2026-06-25 09:30,62.60,42.80,48.29,M,5.00,0.00,30.50,M,6.21,M,M,M,M,M,M,M,M,M,M,M,M,M,M,M,M,62.60,FAOR 250930Z VRB05KT CAVOK 17/06 Q1033 NOSIG,M
FAOR,2026-06-25 10:00,64.40,42.80,45.34,360.00,6.00,0.00,30.50,M,6.21,M,M,M,M,M,M,M,M,M,M,M,M,M,M,M,M,64.40,FAOR 251000Z 36006KT 330V050 CAVOK 18/06 Q1033 NOSIG,M
FAOR,2026-06-25 10:30,64.40,41.00,42.30,20.00,8.00,0.00,30.47,M,6.21,M,M,M,M,M,M,M,M,M,M,M,M,M,M,M,M,64.40,FAOR 251030Z 02008KT 340V070 CAVOK 18/05 Q1032 NOSIG,M
FAOR,2026-06-25 11:00,66.20,39.20,37.04,360.00,7.00,0.00,30.47,M,6.21,M,M,M,M,M,M,M,M,M,M,M,M,M,M,M,M,66.20,FAOR 251100Z 36007KT 310V050 CAVOK 19/04 Q1032 NOSIG,M
FAOR,2026-06-25 11:30,66.20,39.20,37.04,40.00,7.00,0.00,30.45,M,6.21,M,M,M,M,M,M,M,M,M,M,M,M,M,M,M,M,66.20,FAOR 251130Z 04007KT 020V090 CAVOK 19/04 Q1031 NOSIG,M
FAOR,2026-06-25 12:00,66.20,39.20,37.04,M,4.00,0.00,30.45,M,6.21,M,M,M,M,M,M,M,M,M,M,M,M,M,M,M,M,66.20,FAOR 251200Z VRB04KT CAVOK 19/04 Q1031 NOSIG,M
FAOR,2026-06-25 12:30,66.20,37.40,34.52,M,7.00,0.00,30.45,M,6.21,M,M,M,M,M,M,M,M,M,M,M,M,M,M,M,M,66.20,FAOR 251230Z VRB07KT CAVOK 19/03 Q1031 NOSIG,M
FAOR,2026-06-25 13:00,66.20,37.40,34.52,50.00,6.00,0.00,30.42,M,6.21,M,M,M,M,M,M,M,M,M,M,M,M,M,M,M,M,66.20,FAOR 251300Z 05006KT 010V160 CAVOK 19/03 Q1030 NOSIG,M
FAOR,2026-06-25 13:30,66.20,37.40,34.52,10.00,7.00,0.00,30.42,M,6.21,M,M,M,M,M,M,M,M,M,M,M,M,M,M,M,M,66.20,FAOR 251330Z 01007KT 330V040 CAVOK 19/03 Q1030 NOSIG,M
FAOR,2026-06-25 14:00,64.40,37.40,36.75,360.00,7.00,0.00,30.45,M,6.21,M,M,M,M,M,M,M,M,M,M,M,M,M,M,M,M,64.40,FAOR 251400Z 36007KT 310V030 CAVOK 18/03 Q1031 NOSIG,M
FAOR,2026-06-25 14:30,64.40,37.40,36.75,20.00,6.00,0.00,30.45,M,6.21,M,M,M,M,M,M,M,M,M,M,M,M,M,M,M,M,64.40,FAOR 251430Z 02006KT 350V050 CAVOK 18/03 Q1031 NOSIG,M
FAOR,2026-06-25 15:00,59.00,37.40,44.47,10.00,7.00,0.00,30.45,M,6.21,M,M,M,M,M,M,M,M,M,M,M,M,M,M,M,M,59.00,FAOR 251500Z 01007KT CAVOK 15/03 Q1031 NOSIG,M
FAOR,2026-06-25 15:30,59.00,37.40,44.47,10.00,7.00,0.00,30.45,M,6.21,M,M,M,M,M,M,M,M,M,M,M,M,M,M,M,M,59.00,FAOR 251530Z 01007KT CAVOK 15/03 Q1031 NOSIG,M
FAOR,2026-06-25 16:00,57.20,37.40,47.44,20.00,6.00,0.00,30.45,M,6.21,M,M,M,M,M,M,M,M,M,M,M,M,M,M,M,M,57.20,FAOR 251600Z 02006KT CAVOK 14/03 Q1031 NOSIG,M
FAOR,2026-06-25 16:30,57.20,37.40,47.44,20.00,5.00,0.00,30.47,M,6.21,M,M,M,M,M,M,M,M,M,M,M,M,M,M,M,M,57.20,FAOR 251630Z 02005KT CAVOK 14/03 Q1032 NOSIG,M
FAOR,2026-06-25 17:00,57.20,39.20,50.91,360.00,6.00,0.00,30.47,M,6.21,M,M,M,M,M,M,M,M,M,M,M,M,M,M,M,M,57.20,FAOR 251700Z 36006KT CAVOK 14/04 Q1032 NOSIG,M
FAOR,2026-06-25 17:30,60.80,39.20,44.76,320.00,5.00,0.00,30.47,M,6.21,M,M,M,M,M,M,M,M,M,M,M,M,M,M,M,M,60.80,FAOR 251730Z 32005KT 230V350 CAVOK 16/04 Q1032 NOSIG,M
FAOR,2026-06-25 18:00,59.00,41.00,51.18,310.00,4.00,0.00,30.47,M,6.21,M,M,M,M,M,M,M,M,M,M,M,M,M,M,M,M,59.00,FAOR 251800Z 31004KT 210V340 CAVOK 15/05 Q1032 NOSIG,M
FAOR,2026-06-25 18:30,55.40,39.20,54.33,30.00,3.00,0.00,30.50,M,6.21,M,M,M,M,M,M,M,M,M,M,M,M,M,M,M,M,55.40,FAOR 251830Z 03003KT 330V080 CAVOK 13/04 Q1033 NOSIG,M
FAOR,2026-06-25 19:00,59.00,39.20,47.72,340.00,7.00,0.00,30.50,M,6.21,M,M,M,M,M,M,M,M,M,M,M,M,M,M,M,M,59.00,FAOR 251900Z 34007KT CAVOK 15/04 Q1033 NOSIG,M
FAOR,2026-06-25 19:30,59.00,39.20,47.72,350.00,6.00,0.00,30.50,M,6.21,M,M,M,M,M,M,M,M,M,M,M,M,M,M,M,M,59.00,FAOR 251930Z 35006KT 300V030 CAVOK 15/04 Q1033 NOSIG,M
FAOR,2026-06-25 20:00,59.00,39.20,47.72,330.00,6.00,0.00,30.50,M,6.21,M,M,M,M,M,M,M,M,M,M,M,M,M,M,M,M,59.00,FAOR 252000Z 33006KT CAVOK 15/04 Q1033 NOSIG,M
FAOR,2026-06-25 21:00,57.20,39.20,50.91,340.00,4.00,0.00,30.50,M,6.21,M,M,M,M,M,M,M,M,M,M,M,M,M,M,M,M,57.20,FAOR 252100Z 34004KT CAVOK 14/04 Q1033 NOSIG,M
FAOR,2026-06-25 22:00,50.00,41.00,71.06,30.00,6.00,0.00,30.53,M,6.21,M,M,M,M,M,M,M,M,M,M,M,M,M,M,M,M,50.00,FAOR 252200Z 03006KT CAVOK 10/05 Q1034 NOSIG,M
FAOR,2026-06-26 00:00,48.20,42.80,81.47,30.00,5.00,0.00,30.50,M,6.21,M,M,M,M,M,M,M,M,M,M,M,M,M,M,M,M,45.63,FAOR 260000Z 03005KT CAVOK 09/06 Q1033 NOSIG,M
FAOR,2026-06-26 01:00,50.00,42.80,76.17,320.00,4.00,0.00,30.50,M,6.21,M,M,M,M,M,M,M,M,M,M,M,M,M,M,M,M,50.00,FAOR 260100Z COR 32004KT 300V360 CAVOK 10/06 Q1033 NOSIG,M
FAOR,2026-06-26 02:00,50.00,42.80,76.17,320.00,4.00,0.00,30.50,M,6.21,M,M,M,M,M,M,M,M,M,M,M,M,M,M,M,M,50.00,FAOR 260200Z 32004KT CAVOK 10/06 Q1033 NOSIG,M
FAOR,2026-06-26 02:30,50.00,44.60,81.60,340.00,5.00,0.00,30.50,M,6.21,M,M,M,M,M,M,M,M,M,M,M,M,M,M,M,M,50.00,FAOR 260230Z 34005KT CAVOK 10/07 Q1033 NOSIG,M
FAOR,2026-06-26 03:00,50.00,42.80,76.17,330.00,5.00,0.00,30.50,M,6.21,M,M,M,M,M,M,M,M,M,M,M,M,M,M,M,M,50.00,FAOR 260300Z 33005KT CAVOK 10/06 Q1033 NOSIG,M
FAOR,2026-06-26 03:30,50.00,42.80,76.17,340.00,6.00,0.00,30.50,M,6.21,M,M,M,M,M,M,M,M,M,M,M,M,M,M,M,M,50.00,FAOR 260330Z 34006KT CAVOK 10/06 Q1033 NOSIG,M
FAOR,2026-06-26 04:00,50.00,44.60,81.60,330.00,7.00,0.00,30.50,M,6.21,M,M,M,M,M,M,M,M,M,M,M,M,M,M,M,M,50.00,FAOR 260400Z 33007KT CAVOK 10/07 Q1033 NOSIG,M
FAOR,2026-06-26 04:30,50.00,44.60,81.60,340.00,6.00,0.00,30.50,M,6.21,M,M,M,M,M,M,M,M,M,M,M,M,M,M,M,M,50.00,FAOR 260430Z 34006KT CAVOK 10/07 Q1033 NOSIG,M
FAOR,2026-06-26 05:00,50.00,44.60,81.60,330.00,5.00,0.00,30.50,M,6.21,M,M,M,M,M,M,M,M,M,M,M,M,M,M,M,M,50.00,FAOR 260500Z 33005KT 300V360 CAVOK 10/07 Q1033 NOSIG,M
FAOR,2026-06-26 05:30,50.00,44.60,81.60,360.00,5.00,0.00,30.53,M,6.21,M,M,M,M,M,M,M,M,M,M,M,M,M,M,M,M,50.00,FAOR 260530Z 36005KT 330V040 CAVOK 10/07 Q1034 NOSIG,M
FAOR,2026-06-26 06:00,50.00,44.60,81.60,10.00,6.00,0.00,30.53,M,6.21,M,M,M,M,M,M,M,M,M,M,M,M,M,M,M,M,50.00,FAOR 260600Z 01006KT CAVOK 10/07 Q1034 NOSIG,M
FAOR,2026-06-26 06:30,51.80,46.40,81.74,50.00,5.00,0.00,30.53,M,6.21,M,M,M,M,M,M,M,M,M,M,M,M,M,M,M,M,51.80,FAOR 260630Z 05005KT 010V070 CAVOK 11/08 Q1034 NOSIG,M
FAOR,2026-06-26 07:00,51.80,46.40,81.74,50.00,5.00,0.00,30.53,M,5.59,M,NSC,M,M,M,M,M,M,M,M,M,M,M,M,M,M,51.80,FAOR 260700Z 05005KT 9000 NSC 11/08 Q1034 NOSIG,M
FAOR,2026-06-26 07:30,53.60,46.40,76.51,20.00,9.00,0.00,30.56,M,5.59,M,NSC,M,M,M,M,M,M,M,M,M,M,M,M,M,M,53.60,FAOR 260730Z 02009KT 9000 NSC 12/08 Q1035 NOSIG,M
FAOR,2026-06-26 08:00,55.40,44.60,66.91,20.00,8.00,0.00,30.56,M,6.21,M,M,M,M,M,M,M,M,M,M,M,M,M,M,M,M,55.40,FAOR 260800Z 02008KT CAVOK 13/07 Q1035 NOSIG,M
FAOR,2026-06-26 09:00,59.00,44.60,58.78,360.00,5.00,0.00,30.53,M,6.21,M,M,M,M,M,M,M,M,M,M,M,M,M,M,M,M,59.00,FAOR 260900Z 36005KT 320V050 CAVOK 15/07 Q1034 NOSIG,M
FAOR,2026-06-26 10:00,60.80,41.00,48.01,M,4.00,0.00,30.53,M,6.21,M,FEW,M,M,M,3000.00,M,M,M,M,M,M,M,M,M,M,60.80,FAOR 261000Z VRB04KT 9999 FEW030 16/05 Q1034 NOSIG,M
FAOR,2026-06-26 11:00,62.60,37.40,39.14,80.00,5.00,0.00,30.47,M,6.21,M,FEW,M,M,M,4500.00,M,M,M,M,M,M,M,M,M,M,62.60,FAOR 261100Z 08005KT 030V160 9999 FEW045 17/03 Q1032 NOSIG,M
FAOR,2026-06-26 12:00,64.40,35.60,34.23,90.00,6.00,0.00,30.47,M,6.21,M,M,M,M,M,M,M,M,M,M,M,M,M,M,M,M,64.40,FAOR 261200Z 09006KT 020V150 CAVOK 18/02 Q1032 NOSIG,M
FAOR,2026-06-26 13:00,62.60,37.40,39.14,M,4.00,0.00,30.45,M,6.21,M,M,M,M,M,M,M,M,M,M,M,M,M,M,M,M,62.60,FAOR 261300Z VRB04KT CAVOK 17/03 Q1031 NOSIG,M
FAOR,2026-06-26 14:00,62.60,37.40,39.14,50.00,6.00,0.00,30.45,M,6.21,M,M,M,M,M,M,M,M,M,M,M,M,M,M,M,M,62.60,FAOR 261400Z 05006KT 360V110 CAVOK 17/03 Q1031 NOSIG,M
FAOR,2026-06-26 15:00,60.80,39.20,44.76,70.00,7.00,0.00,30.45,M,6.21,M,M,M,M,M,M,M,M,M,M,M,M,M,M,M,M,60.80,FAOR 261500Z 07007KT 030V110 CAVOK 16/04 Q1031 NOSIG,M
FAOR,2026-06-26 16:00,53.60,37.40,54.07,20.00,7.00,0.00,30.45,M,6.21,M,M,M,M,M,M,M,M,M,M,M,M,M,M,M,M,53.60,FAOR 261600Z 02007KT CAVOK 12/03 Q1031 NOSIG,M
FAOR,2026-06-26 17:00,53.60,37.40,54.07,10.00,8.00,0.00,30.45,M,6.21,M,M,M,M,M,M,M,M,M,M,M,M,M,M,M,M,53.60,FAOR 261700Z 01008KT CAVOK 12/03 Q1031 NOSIG,M
FAOR,2026-06-26 18:00,55.40,37.40,50.63,360.00,8.00,0.00,30.47,M,6.21,M,M,M,M,M,M,M,M,M,M,M,M,M,M,M,M,55.40,FAOR 261800Z 36008KT CAVOK 13/03 Q1032 NOSIG,M
FAOR,2026-06-26 19:00,55.40,39.20,54.33,330.00,7.00,0.00,30.47,M,6.21,M,M,M,M,M,M,M,M,M,M,M,M,M,M,M,M,55.40,FAOR 261900Z 33007KT 240V010 CAVOK 13/04 Q1032 NOSIG,M
FAOR,2026-06-26 20:00,53.60,39.20,58.02,320.00,6.00,0.00,30.47,M,6.21,M,M,M,M,M,M,M,M,M,M,M,M,M,M,M,M,53.60,FAOR 262000Z 32006KT CAVOK 12/04 Q1032 NOSIG,M
FAOR,2026-06-26 21:00,53.60,37.40,54.07,340.00,6.00,0.00,30.47,M,6.21,M,M,M,M,M,M,M,M,M,M,M,M,M,M,M,M,53.60,FAOR 262100Z 34006KT CAVOK 12/03 Q1032 NOSIG,M
FAOR,2026-06-26 22:00,48.20,37.40,66.04,360.00,8.00,0.00,30.47,M,6.21,M,M,M,M,M,M,M,M,M,M,M,M,M,M,M,M,44.07,FAOR 262200Z 36008KT CAVOK 09/03 Q1032 NOSIG,M
FAOR,2026-06-26 23:00,44.60,37.40,75.67,10.00,7.00,0.00,30.45,M,6.21,M,M,M,M,M,M,M,M,M,M,M,M,M,M,M,M,40.14,FAOR 262300Z 01007KT CAVOK 07/03 Q1031 NOSIG,M
FAOR,2026-06-27 00:00,44.60,39.20,81.20,10.00,8.00,0.00,30.42,M,6.21,M,M,M,M,M,M,M,M,M,M,M,M,M,M,M,M,39.63,FAOR 270000Z 01008KT CAVOK 07/04 Q1030 NOSIG,M
FAOR,2026-06-27 01:00,44.60,39.20,81.20,360.00,7.00,0.00,30.42,M,6.21,M,M,M,M,M,M,M,M,M,M,M,M,M,M,M,M,40.14,FAOR 270100Z 36007KT CAVOK 07/04 Q1030 NOSIG,M
FAOR,2026-06-27 02:00,46.40,39.20,75.84,340.00,3.00,0.00,30.42,M,6.21,M,M,M,M,M,M,M,M,M,M,M,M,M,M,M,M,45.15,FAOR 270200Z 34003KT 290V030 CAVOK 08/04 Q1030 NOSIG,M
FAOR,2026-06-27 03:00,48.20,41.00,76.01,320.00,4.00,0.00,30.42,M,6.21,M,M,M,M,M,M,M,M,M,M,M,M,M,M,M,M,46.34,FAOR 270300Z 32004KT CAVOK 09/05 Q1030 NOSIG,M
FAOR,2026-06-27 04:00,46.40,39.20,75.84,300.00,3.00,0.00,30.42,M,6.21,M,M,M,M,M,M,M,M,M,M,M,M,M,M,M,M,45.15,FAOR 270400Z 30003KT CAVOK 08/04 Q1030 NOSIG,M
FAOR,2026-06-27 05:00,48.20,39.20,70.87,300.00,4.00,0.00,30.42,M,6.21,M,M,M,M,M,M,M,M,M,M,M,M,M,M,M,M,46.34,FAOR 270500Z 30004KT 220V020 CAVOK 09/04 Q1030 NOSIG,M
FAOR,2026-06-27 06:00,50.00,41.00,71.06,320.00,6.00,0.00,30.45,M,6.21,M,M,M,M,M,M,M,M,M,M,M,M,M,M,M,M,50.00,FAOR 270600Z 32006KT CAVOK 10/05 Q1031 NOSIG,M
FAOR,2026-06-27 06:30,50.00,41.00,71.06,340.00,7.00,0.00,30.45,M,6.21,M,M,M,M,M,M,M,M,M,M,M,M,M,M,M,M,50.00,FAOR 270630Z 34007KT CAVOK 10/05 Q1031 NOSIG,M
FAOR,2026-06-27 07:00,51.80,42.80,71.26,340.00,7.00,0.00,30.45,M,6.21,M,M,M,M,M,M,M,M,M,M,M,M,M,M,M,M,51.80,FAOR 270700Z 34007KT CAVOK 11/06 Q1031 NOSIG,M
FAOR,2026-06-27 07:30,53.60,42.80,66.70,320.00,8.00,0.00,30.45,M,6.21,M,FEW,M,M,M,2500.00,M,M,M,M,M,M,M,M,M,M,53.60,FAOR 270730Z 32008KT 300V360 9999 FEW025 12/06 Q1031 NOSIG,M
FAOR,2026-06-27 08:00,55.40,42.80,62.46,340.00,9.00,0.00,30.47,M,6.21,M,SCT,M,M,M,2500.00,M,M,M,M,M,M,M,M,M,M,55.40,FAOR 270800Z 34009KT 280V010 9999 SCT025 13/06 Q1032 NOSIG,M
FAOR,2026-06-27 08:30,53.60,42.80,66.70,350.00,9.00,0.00,30.45,M,6.21,M,SCT,M,M,M,3000.00,M,M,M,M,M,M,M,M,M,M,53.60,FAOR 270830Z 35009KT 9999 SCT030 12/06 Q1031 NOSIG,M
FAOR,2026-06-27 09:00,55.40,41.00,58.27,350.00,7.00,0.00,30.45,M,6.21,M,SCT,M,M,M,3500.00,M,M,M,M,M,M,M,M,M,M,55.40,FAOR 270900Z 35007KT 300V020 9999 SCT035 13/05 Q1031 NOSIG,M
FAOR,2026-06-27 09:30,55.40,41.00,58.27,M,4.00,0.00,30.45,M,6.21,M,BKN,M,M,M,3500.00,M,M,M,M,M,M,M,M,M,M,55.40,FAOR 270930Z VRB04KT 9999 BKN035 13/05 Q1031 NOSIG,M
FAOR,2026-06-27 10:00,55.40,41.00,58.27,320.00,4.00,0.00,30.42,M,6.21,M,BKN,M,M,M,3500.00,M,M,M,M,M,M,M,M,M,M,55.40,FAOR 271000Z 32004KT 240V020 9999 BKN035 13/05 Q1030 NOSIG,M
FAOR,2026-06-27 10:30,57.20,39.20,50.91,10.00,6.00,0.00,30.39,M,6.21,M,BKN,M,M,M,3500.00,M,M,M,M,M,M,M,M,M,M,57.20,FAOR 271030Z 01006KT 300V070 9999 BKN035 14/04 Q1029 NOSIG,M
FAOR,2026-06-27 11:00,55.40,39.20,54.33,330.00,6.00,0.00,30.39,M,6.21,M,BKN,M,M,M,4000.00,M,M,M,M,M,M,M,M,M,M,55.40,FAOR 271100Z 33006KT 250V010 9999 BKN040 13/04 Q1029 NOSIG,M
FAOR,2026-06-27 11:30,59.00,39.20,47.72,340.00,8.00,0.00,30.36,M,6.21,M,BKN,M,M,M,3500.00,M,M,M,M,M,M,M,M,M,M,59.00,FAOR 271130Z 34008KT 310V020 9999 BKN035 15/04 Q1028 NOSIG,M
FAOR,2026-06-27 12:00,59.00,39.20,47.72,340.00,7.00,0.00,30.33,M,6.21,M,BKN,M,M,M,4000.00,M,M,M,M,M,M,M,M,M,M,59.00,FAOR 271200Z 34007KT 300V030 9999 BKN040 15/04 Q1027 NOSIG,M
FAOR,2026-06-27 12:30,59.00,39.20,47.72,330.00,10.00,0.00,30.33,M,6.21,M,BKN,M,M,M,4000.00,M,M,M,M,M,M,M,M,M,M,59.00,FAOR 271230Z 33010KT 300V020 9999 BKN040 15/04 Q1027 NOSIG,M
FAOR,2026-06-27 13:00,57.20,39.20,50.91,10.00,7.00,0.00,30.33,M,6.21,M,BKN,M,M,M,4000.00,M,M,M,M,M,M,M,M,M,M,57.20,FAOR 271300Z 01007KT 340V040 9999 BKN040 14/04 Q1027 NOSIG,M
FAOR,2026-06-27 13:30,57.20,39.20,50.91,40.00,7.00,0.00,30.33,M,6.21,M,BKN,M,M,M,4000.00,M,M,M,M,M,M,M,M,M,M,57.20,FAOR 271330Z 04007KT 360V080 9999 BKN040 14/04 Q1027 NOSIG,M
FAOR,2026-06-27 14:00,57.20,39.20,50.91,360.00,5.00,0.00,30.33,M,6.21,M,BKN,M,M,M,4000.00,M,M,M,M,M,M,M,M,M,M,57.20,FAOR 271400Z 36005KT 300V100 9999 BKN040 14/04 Q1027 NOSIG,M
FAOR,2026-06-27 15:00,55.40,39.20,54.33,330.00,8.00,0.00,30.33,M,6.21,M,BKN,M,M,M,4300.00,M,M,M,M,M,M,M,M,M,M,55.40,FAOR 271500Z 33008KT 9999 BKN043 13/04 Q1027 NOSIG,M
FAOR,2026-06-27 15:30,55.40,39.20,54.33,340.00,6.00,0.00,30.33,M,6.21,M,SCT,M,M,M,4500.00,M,M,M,M,M,M,M,M,M,M,55.40,FAOR 271530Z 34006KT 9999 SCT045 13/04 Q1027 NOSIG,M
FAOR,2026-06-27 16:00,53.60,39.20,58.02,340.00,6.00,0.00,30.33,M,6.21,M,FEW,M,M,M,4500.00,M,M,M,M,M,M,M,M,M,M,53.60,FAOR 271600Z 34006KT 310V010 9999 FEW045 12/04 Q1027 NOSIG,M
FAOR,2026-06-27 16:30,53.60,39.20,58.02,340.00,6.00,0.00,30.33,M,6.21,M,FEW,M,M,M,4500.00,M,M,M,M,M,M,M,M,M,M,53.60,FAOR 271630Z 34006KT 270V010 9999 FEW045 12/04 Q1027 NOSIG,M
FAOR,2026-06-27 17:00,50.00,39.20,66.26,10.00,8.00,0.00,30.33,M,6.21,M,M,M,M,M,M,M,M,M,M,M,M,M,M,M,M,50.00,FAOR 271700Z 01008KT CAVOK 10/04 Q1027 NOSIG,M
FAOR,2026-06-27 17:30,51.80,39.20,61.99,330.00,6.00,0.00,30.33,M,6.21,M,M,M,M,M,M,M,M,M,M,M,M,M,M,M,M,51.80,FAOR 271730Z 33006KT 210V360 CAVOK 11/04 Q1027 NOSIG,M
FAOR,2026-06-27 18:00,51.80,41.00,66.48,330.00,6.00,0.00,30.33,M,6.21,M,M,M,M,M,M,M,M,M,M,M,M,M,M,M,M,51.80,FAOR 271800Z 33006KT 250V010 CAVOK 11/05 Q1027 NOSIG,M
FAOR,2026-06-27 18:30,50.00,39.20,66.26,360.00,6.00,0.00,30.36,M,6.21,M,M,M,M,M,M,M,M,M,M,M,M,M,M,M,M,50.00,FAOR 271830Z 36006KT 300V020 CAVOK 10/04 Q1028 NOSIG,M
FAOR,2026-06-27 19:00,48.20,39.20,70.87,360.00,6.00,0.00,30.33,M,6.21,M,M,M,M,M,M,M,M,M,M,M,M,M,M,M,M,45.04,FAOR 271900Z 36006KT CAVOK 09/04 Q1027 NOSIG,M
FAOR,2026-06-27 19:30,50.00,41.00,71.06,320.00,6.00,0.00,30.33,M,6.21,M,M,M,M,M,M,M,M,M,M,M,M,M,M,M,M,50.00,FAOR 271930Z 32006KT 250V350 CAVOK 10/05 Q1027 NOSIG,M
FAOR,2026-06-27 20:00,50.00,41.00,71.06,320.00,6.00,0.00,30.33,M,6.21,M,M,M,M,M,M,M,M,M,M,M,M,M,M,M,M,50.00,FAOR 272000Z 32006KT 270V340 CAVOK 10/05 Q1027 NOSIG,M
FAOR,2026-06-27 20:30,50.00,39.20,66.26,310.00,5.00,0.00,30.36,M,6.21,M,M,M,M,M,M,M,M,M,M,M,M,M,M,M,M,50.00,FAOR 272030Z 31005KT CAVOK 10/04 Q1028 NOSIG,M
FAOR,2026-06-27 21:00,50.00,39.20,66.26,330.00,5.00,0.00,30.33,M,6.21,M,M,M,M,M,M,M,M,M,M,M,M,M,M,M,M,50.00,FAOR 272100Z 33005KT CAVOK 10/04 Q1027 NOSIG,M
FAOR,2026-06-27 21:30,48.20,39.20,70.87,290.00,2.00,0.00,30.36,M,6.21,M,M,M,M,M,M,M,M,M,M,M,M,M,M,M,M,48.20,FAOR 272130Z 29002KT CAVOK 09/04 Q1028 NOSIG,M
FAOR,2026-06-27 22:00,48.20,39.20,70.87,290.00,4.00,0.00,30.33,M,6.21,M,M,M,M,M,M,M,M,M,M,M,M,M,M,M,M,46.34,FAOR 272200Z 29004KT 260V320 CAVOK 09/04 Q1027 NOSIG,M
FAOR,2026-06-27 23:00,46.40,37.40,70.67,220.00,4.00,0.00,30.33,M,6.21,M,FEW,M,M,M,4200.00,M,M,M,M,M,M,M,M,M,M,44.24,FAOR 272300Z 22004KT 9999 FEW042 08/03 Q1027 NOSIG,M
FAOR,2026-06-28 00:00,48.20,39.20,70.87,240.00,4.00,0.00,30.33,M,6.21,M,SCT,BKN,M,M,3700.00,4600.00,M,M,M,M,M,M,M,M,M,46.34,FAOR 280000Z 24004KT 9999 SCT037 BKN046 09/04 Q1027 NOSIG,M
FAOR,2026-06-28 02:00,46.40,39.20,75.84,220.00,2.00,0.00,30.30,M,6.21,M,BKN,M,M,M,4900.00,M,M,M,M,M,M,M,M,M,M,46.40,FAOR 280200Z 22002KT 9999 BKN049 08/04 Q1026 NOSIG,M
FAOR,2026-06-28 02:30,46.40,39.20,75.84,290.00,1.00,0.00,30.30,M,6.21,M,M,M,M,M,M,M,M,M,M,M,M,M,M,M,M,46.40,FAOR 280230Z 29001KT CAVOK 08/04 Q1026 NOSIG,M
FAOR,2026-06-28 03:00,44.60,37.40,75.67,M,1.00,0.00,30.30,M,6.21,M,SCT,M,M,M,4700.00,M,M,M,M,M,M,M,M,M,M,44.60,FAOR 280300Z VRB01KT 9999 SCT047 07/03 Q1026 NOSIG,M
FAOR,2026-06-28 03:30,42.80,37.40,81.06,40.00,3.00,0.00,30.27,M,6.21,M,M,M,M,M,M,M,M,M,M,M,M,M,M,M,M,41.03,FAOR 280330Z 04003KT CAVOK 06/03 Q1025 NOSIG,M
FAOR,2026-06-28 04:00,42.80,37.40,81.06,M,1.00,0.00,30.30,M,6.21,M,M,M,M,M,M,M,M,M,M,M,M,M,M,M,M,42.80,FAOR 280400Z VRB01KT CAVOK 06/03 Q1026 NOSIG,M
FAOR,2026-06-28 04:30,42.80,37.40,81.06,260.00,3.00,0.00,30.30,M,6.21,M,M,M,M,M,M,M,M,M,M,M,M,M,M,M,M,41.03,FAOR 280430Z 26003KT 220V290 CAVOK 06/03 Q1026 NOSIG,M
FAOR,2026-06-28 05:00,44.60,37.40,75.67,260.00,3.00,0.00,30.33,M,6.21,M,M,M,M,M,M,M,M,M,M,M,M,M,M,M,M,43.09,FAOR 280500Z 26003KT 230V290 CAVOK 07/03 Q1027 NOSIG,M
FAOR,2026-06-28 05:30,46.40,37.40,70.67,250.00,2.00,0.00,30.33,M,6.21,M,M,M,M,M,M,M,M,M,M,M,M,M,M,M,M,46.40,FAOR 280530Z 25002KT CAVOK 08/03 Q1027 NOSIG,M
FAOR,2026-06-28 06:00,48.20,39.20,70.87,M,2.00,0.00,30.33,M,6.21,M,M,M,M,M,M,M,M,M,M,M,M,M,M,M,M,48.20,FAOR 280600Z VRB02KT CAVOK 09/04 Q1027 NOSIG,M
FAOR,2026-06-28 06:30,51.80,39.20,61.99,350.00,4.00,0.00,30.33,M,6.21,M,M,M,M,M,M,M,M,M,M,M,M,M,M,M,M,51.80,FAOR 280630Z 35004KT 320V020 CAVOK 11/04 Q1027 NOSIG,M
FAOR,2026-06-28 07:00,53.60,41.00,62.22,360.00,6.00,0.00,30.33,M,6.21,M,M,M,M,M,M,M,M,M,M,M,M,M,M,M,M,53.60,FAOR 280700Z 36006KT CAVOK 12/05 Q1027 NOSIG,M
FAOR,2026-06-28 07:30,53.60,41.00,62.22,350.00,8.00,0.00,30.33,M,6.21,M,M,M,M,M,M,M,M,M,M,M,M,M,M,M,M,53.60,FAOR 280730Z 35008KT CAVOK 12/05 Q1027 NOSIG,M
FAOR,2026-06-28 08:00,55.40,39.20,54.33,330.00,8.00,0.00,30.33,M,6.21,M,M,M,M,M,M,M,M,M,M,M,M,M,M,M,M,55.40,FAOR 280800Z 33008KT 300V010 CAVOK 13/04 Q1027 NOSIG,M
FAOR,2026-06-28 08:30,55.40,39.20,54.33,290.00,10.00,0.00,30.33,M,6.21,M,M,M,M,M,M,M,M,M,M,M,M,M,M,M,M,55.40,FAOR 280830Z 29010KT CAVOK 13/04 Q1027 NOSIG,M
FAOR,2026-06-28 09:00,55.40,39.20,54.33,320.00,9.00,0.00,30.33,M,6.21,M,M,M,M,M,M,M,M,M,M,M,M,M,M,M,M,55.40,FAOR 280900Z 32009KT 290V350 CAVOK 13/04 Q1027 NOSIG,M
FAOR,2026-06-28 09:30,57.20,39.20,50.91,260.00,7.00,0.00,30.30,M,6.21,M,M,M,M,M,M,M,M,M,M,M,M,M,M,M,M,57.20,FAOR 280930Z 26007KT 200V310 CAVOK 14/04 Q1026 NOSIG,M
FAOR,2026-06-28 10:00,57.20,39.20,50.91,280.00,6.00,0.00,30.30,M,6.21,M,M,M,M,M,M,M,M,M,M,M,M,M,M,M,M,57.20,FAOR 281000Z 28006KT 230V310 CAVOK 14/04 Q1026 NOSIG,M
FAOR,2026-06-28 10:30,59.00,39.20,47.72,260.00,6.00,0.00,30.27,M,6.21,M,M,M,M,M,M,M,M,M,M,M,M,M,M,M,M,59.00,FAOR 281030Z 26006KT 190V310 CAVOK 15/04 Q1025 NOSIG,M
FAOR,2026-06-28 11:00,59.00,39.20,47.72,260.00,7.00,0.00,30.27,M,6.21,M,M,M,M,M,M,M,M,M,M,M,M,M,M,M,M,59.00,FAOR 281100Z 26007KT 220V300 CAVOK 15/04 Q1025 NOSIG,M
FAOR,2026-06-28 11:30,59.00,39.20,47.72,270.00,7.00,0.00,30.24,M,6.21,M,M,M,M,M,M,M,M,M,M,M,M,M,M,M,M,59.00,FAOR 281130Z 27007KT 240V330 CAVOK 15/04 Q1024 NOSIG,M
FAOR,2026-06-28 12:00,60.80,39.20,44.76,270.00,7.00,0.00,30.24,M,6.21,M,M,M,M,M,M,M,M,M,M,M,M,M,M,M,M,60.80,FAOR 281200Z 27007KT 220V330 CAVOK 16/04 Q1024 NOSIG,M
FAOR,2026-06-28 12:30,60.80,41.00,48.01,280.00,8.00,0.00,30.24,M,6.21,M,M,M,M,M,M,M,M,M,M,M,M,M,M,M,M,60.80,FAOR 281230Z 28008KT 240V310 CAVOK 16/05 Q1024 NOSIG,M
FAOR,2026-06-28 13:00,62.60,41.00,45.05,290.00,8.00,0.00,30.24,M,6.21,M,M,M,M,M,M,M,M,M,M,M,M,M,M,M,M,62.60,FAOR 281300Z 29008KT 240V340 CAVOK 17/05 Q1024 NOSIG,M
FAOR,2026-06-28 13:30,60.80,41.00,48.01,290.00,8.00,0.00,30.24,M,6.21,M,M,M,M,M,M,M,M,M,M,M,M,M,M,M,M,60.80,FAOR 281330Z 29008KT 220V320 CAVOK 16/05 Q1024 NOSIG,M
FAOR,2026-06-28 14:00,60.80,39.20,44.76,300.00,8.00,0.00,30.21,M,6.21,M,M,M,M,M,M,M,M,M,M,M,M,M,M,M,M,60.80,FAOR 281400Z 30008KT 270V330 CAVOK 16/04 Q1023 NOSIG,M
FAOR,2026-06-28 14:30,60.80,39.20,44.76,300.00,7.00,0.00,30.21,M,6.21,M,M,M,M,M,M,M,M,M,M,M,M,M,M,M,M,60.80,FAOR 281430Z 30007KT 280V340 CAVOK 16/04 Q1023 NOSIG,M
FAOR,2026-06-28 15:00,60.80,39.20,44.76,330.00,7.00,0.00,30.24,M,6.21,M,M,M,M,M,M,M,M,M,M,M,M,M,M,M,M,60.80,FAOR 281500Z 33007KT CAVOK 16/04 Q1024 NOSIG,M
FAOR,2026-06-28 15:30,59.00,39.20,47.72,300.00,5.00,0.00,30.24,M,6.21,M,M,M,M,M,M,M,M,M,M,M,M,M,M,M,M,59.00,FAOR 281530Z 30005KT CAVOK 15/04 Q1024 NOSIG,M
FAOR,2026-06-28 16:00,57.20,39.20,50.91,300.00,8.00,0.00,30.24,M,6.21,M,M,M,M,M,M,M,M,M,M,M,M,M,M,M,M,57.20,FAOR 281600Z 30008KT CAVOK 14/04 Q1024 NOSIG,M
FAOR,2026-06-28 16:30,57.20,41.00,54.60,300.00,7.00,0.00,30.24,M,6.21,M,M,M,M,M,M,M,M,M,M,M,M,M,M,M,M,57.20,FAOR 281630Z 30007KT CAVOK 14/05 Q1024 NOSIG,M
FAOR,2026-06-28 17:00,55.40,41.00,58.27,300.00,6.00,0.00,30.24,M,6.21,M,M,M,M,M,M,M,M,M,M,M,M,M,M,M,M,55.40,FAOR 281700Z 30006KT CAVOK 13/05 Q1024 NOSIG,M
FAOR,2026-06-28 17:30,55.40,41.00,58.27,300.00,5.00,0.00,30.24,M,6.21,M,M,M,M,M,M,M,M,M,M,M,M,M,M,M,M,55.40,FAOR 281730Z 30005KT 210V330 CAVOK 13/05 Q1024 NOSIG,M
FAOR,2026-06-28 18:00,55.40,41.00,58.27,300.00,6.00,0.00,30.27,M,6.21,M,M,M,M,M,M,M,M,M,M,M,M,M,M,M,M,55.40,FAOR 281800Z 30006KT 220V330 CAVOK 13/05 Q1025 NOSIG,M
FAOR,2026-06-28 19:00,53.60,41.00,62.22,300.00,6.00,0.00,30.27,M,6.21,M,M,M,M,M,M,M,M,M,M,M,M,M,M,M,M,53.60,FAOR 281900Z 30006KT 250V320 CAVOK 12/05 Q1025 NOSIG,M
FAOR,2026-06-28 20:00,51.80,41.00,66.48,310.00,4.00,0.00,30.27,M,6.21,M,M,M,M,M,M,M,M,M,M,M,M,M,M,M,M,51.80,FAOR 282000Z 31004KT 240V330 CAVOK 11/05 Q1025 NOSIG,M
FAOR,2026-06-28 21:00,51.80,41.00,66.48,300.00,5.00,0.00,30.27,M,6.21,M,M,M,M,M,M,M,M,M,M,M,M,M,M,M,M,51.80,FAOR 282100Z 30005KT CAVOK 11/05 Q1025 NOSIG,M
FAOR,2026-06-28 22:00,51.80,41.00,66.48,300.00,4.00,0.00,30.27,M,6.21,M,M,M,M,M,M,M,M,M,M,M,M,M,M,M,M,51.80,COR FAOR 282200Z 30004KT CAVOK 11/05 Q1025 NOSIG,M
FAOR,2026-06-28 23:00,53.60,41.00,62.22,280.00,6.00,0.00,30.27,M,6.21,M,M,M,M,M,M,M,M,M,M,M,M,M,M,M,M,53.60,FAOR 282300Z 28006KT CAVOK 12/05 Q1025 NOSIG,M
FAOR,2026-06-29 00:00,51.80,41.00,66.48,270.00,5.00,0.00,30.27,M,6.21,M,M,M,M,M,M,M,M,M,M,M,M,M,M,M,M,51.80,FAOR 290000Z 27005KT CAVOK 11/05 Q1025 NOSIG,M
FAOR,2026-06-29 02:00,53.60,41.00,62.22,280.00,6.00,0.00,30.24,M,6.21,M,M,M,M,M,M,M,M,M,M,M,M,M,M,M,M,53.60,FAOR 290200Z 28006KT CAVOK 12/05 Q1024 NOSIG,M
FAOR,2026-06-29 03:00,51.80,41.00,66.48,280.00,4.00,0.00,30.24,M,6.21,M,M,M,M,M,M,M,M,M,M,M,M,M,M,M,M,51.80,FAOR 290300Z 28004KT CAVOK 11/05 Q1024 NOSIG,M
FAOR,2026-06-29 03:30,53.60,41.00,62.22,280.00,4.00,0.00,30.24,M,6.21,M,M,M,M,M,M,M,M,M,M,M,M,M,M,M,M,53.60,FAOR 290330Z 28004KT CAVOK 12/05 Q1024 NOSIG,M
FAOR,2026-06-29 04:00,53.60,41.00,62.22,280.00,4.00,0.00,30.27,M,6.21,M,M,M,M,M,M,M,M,M,M,M,M,M,M,M,M,53.60,FAOR 290400Z 28004KT CAVOK 12/05 Q1025 NOSIG,M
FAOR,2026-06-29 04:30,51.80,41.00,66.48,280.00,4.00,0.00,30.27,M,6.21,M,M,M,M,M,M,M,M,M,M,M,M,M,M,M,M,51.80,FAOR 290430Z 28004KT CAVOK 11/05 Q1025 NOSIG,M
FAOR,2026-06-29 05:00,51.80,41.00,66.48,280.00,4.00,0.00,30.27,M,6.21,M,M,M,M,M,M,M,M,M,M,M,M,M,M,M,M,51.80,FAOR 290500Z 28004KT CAVOK 11/05 Q1025 NOSIG,M
FAOR,2026-06-29 05:30,53.60,41.00,62.22,270.00,4.00,0.00,30.27,M,6.21,M,M,M,M,M,M,M,M,M,M,M,M,M,M,M,M,53.60,FAOR 290530Z 27004KT CAVOK 12/05 Q1025 NOSIG,M
FAOR,2026-06-29 06:00,53.60,41.00,62.22,280.00,4.00,0.00,30.30,M,6.21,M,M,M,M,M,M,M,M,M,M,M,M,M,M,M,M,53.60,FAOR 290600Z 28004KT 240V310 CAVOK 12/05 Q1026 NOSIG,M
FAOR,2026-06-29 06:30,55.40,41.00,58.27,290.00,7.00,0.00,30.30,M,6.21,M,M,M,M,M,M,M,M,M,M,M,M,M,M,M,M,55.40,FAOR 290630Z 29007KT CAVOK 13/05 Q1026 NOSIG,M
FAOR,2026-06-29 07:00,55.40,41.00,58.27,290.00,9.00,0.00,30.30,M,6.21,M,M,M,M,M,M,M,M,M,M,M,M,M,M,M,M,55.40,FAOR 290700Z 29009KT CAVOK 13/05 Q1026 NOSIG,M
FAOR,2026-06-29 07:30,59.00,42.80,54.86,280.00,8.00,0.00,30.30,M,6.21,M,M,M,M,M,M,M,M,M,M,M,M,M,M,M,M,59.00,FAOR 290730Z 28008KT 250V310 CAVOK 15/06 Q1026 NOSIG,M
FAOR,2026-06-29 08:00,60.80,42.80,51.46,300.00,10.00,0.00,30.30,M,6.21,M,M,M,M,M,M,M,M,M,M,M,M,M,M,M,M,60.80,FAOR 290800Z 30010KT CAVOK 16/06 Q1026 NOSIG,M
FAOR,2026-06-29 08:30,60.80,42.80,51.46,290.00,10.00,0.00,30.30,M,6.21,M,M,M,M,M,M,M,M,M,M,M,M,M,M,M,M,60.80,FAOR 290830Z 29010KT 190V310 CAVOK 16/06 Q1026 NOSIG,M
FAOR,2026-06-29 09:00,62.60,42.80,48.29,290.00,10.00,0.00,30.30,M,6.21,M,M,M,M,M,M,M,M,M,M,M,M,M,M,M,M,62.60,FAOR 290900Z 29010KT 260V330 CAVOK 17/06 Q1026 NOSIG,M
FAOR,2026-06-29 11:00,66.20,39.20,37.04,270.00,9.00,0.00,30.24,M,6.21,M,FEW,M,M,M,3000.00,M,M,M,M,M,M,M,M,M,M,66.20,FAOR 291100Z 27009KT 210V330 9999 FEW030 19/04 Q1024 NOSIG,M
FAOR,2026-06-29 11:30,66.20,41.00,39.73,290.00,10.00,0.00,30.24,M,6.21,M,M,M,M,M,M,M,M,M,M,M,M,M,M,M,M,66.20,FAOR 291130Z 29010KT 230V330 CAVOK 19/05 Q1024 NOSIG,M
FAOR,2026-06-29 12:00,68.00,41.00,37.34,250.00,8.00,0.00,30.24,M,6.21,M,M,M,M,M,M,M,M,M,M,M,M,M,M,M,M,68.00,FAOR 291200Z 25008KT 200V310 CAVOK 20/05 Q1024 NOSIG,M
FAOR,2026-06-29 12:30,68.00,41.00,37.34,270.00,9.00,0.00,30.24,M,6.21,M,M,M,M,M,M,M,M,M,M,M,M,M,M,M,M,68.00,FAOR 291230Z 27009KT 240V300 CAVOK 20/05 Q1024 NOSIG,M
FAOR,2026-06-29 13:00,68.00,41.00,37.34,290.00,10.00,0.00,30.21,M,6.21,M,M,M,M,M,M,M,M,M,M,M,M,M,M,M,M,68.00,FAOR 291300Z 29010KT 250V330 CAVOK 20/05 Q1023 NOSIG,M
FAOR,2026-06-29 13:30,66.20,41.00,39.73,280.00,9.00,0.00,30.21,M,6.21,M,M,M,M,M,M,M,M,M,M,M,M,M,M,M,M,66.20,FAOR 291330Z 28009KT 240V310 CAVOK 19/05 Q1023 NOSIG,M
FAOR,2026-06-29 14:00,68.00,42.80,40.02,290.00,8.00,0.00,30.21,M,6.21,M,M,M,M,M,M,M,M,M,M,M,M,M,M,M,M,68.00,FAOR 291400Z 29008KT 260V320 CAVOK 20/06 Q1023 NOSIG,M
FAOR,2026-06-29 14:30,66.20,42.80,42.59,290.00,8.00,0.00,30.24,M,6.21,M,M,M,M,M,M,M,M,M,M,M,M,M,M,M,M,66.20,FAOR 291430Z 29008KT CAVOK 19/06 Q1024 NOSIG,M
FAOR,2026-06-29 15:00,64.40,42.80,45.34,280.00,8.00,0.00,30.24,M,6.21,M,M,M,M,M,M,M,M,M,M,M,M,M,M,M,M,64.40,FAOR 291500Z 28008KT 250V310 CAVOK 18/06 Q1024 NOSIG,M
FAOR,2026-06-29 15:30,64.40,42.80,45.34,300.00,7.00,0.00,30.24,M,6.21,M,M,M,M,M,M,M,M,M,M,M,M,M,M,M,M,64.40,FAOR 291530Z 30007KT CAVOK 18/06 Q1024 NOSIG,M
FAOR,2026-06-29 16:00,62.60,44.60,51.73,290.00,7.00,0.00,30.24,M,6.21,M,M,M,M,M,M,M,M,M,M,M,M,M,M,M,M,62.60,FAOR 291600Z 29007KT CAVOK 17/07 Q1024 NOSIG,M
FAOR,2026-06-29 16:30,60.80,44.60,55.13,290.00,7.00,0.00,30.27,M,6.21,M,M,M,M,M,M,M,M,M,M,M,M,M,M,M,M,60.80,FAOR 291630Z 29007KT CAVOK 16/07 Q1025 NOSIG,M
FAOR,2026-06-29 17:00,60.80,44.60,55.13,290.00,6.00,0.00,30.27,M,6.21,M,M,M,M,M,M,M,M,M,M,M,M,M,M,M,M,60.80,FAOR 291700Z 29006KT 250V320 CAVOK 16/07 Q1025 NOSIG,M
FAOR,2026-06-29 17:30,60.80,44.60,55.13,290.00,7.00,0.00,30.27,M,6.21,M,M,M,M,M,M,M,M,M,M,M,M,M,M,M,M,60.80,FAOR 291730Z 29007KT 200V310 CAVOK 16/07 Q1025 NOSIG,M
FAOR,2026-06-29 18:00,60.80,44.60,55.13,M,7.00,0.00,30.27,M,6.21,M,M,M,M,M,M,M,M,M,M,M,M,M,M,M,M,60.80,FAOR 291800Z VRB07KT CAVOK 16/07 Q1025 NOSIG,M
FAOR,2026-06-29 18:30,59.00,42.80,54.86,280.00,5.00,0.00,30.30,M,6.21,M,M,M,M,M,M,M,M,M,M,M,M,M,M,M,M,59.00,FAOR 291830Z 28005KT CAVOK 15/06 Q1026 NOSIG,M
FAOR,2026-06-29 19:00,59.00,42.80,54.86,280.00,5.00,0.00,30.30,M,6.21,M,M,M,M,M,M,M,M,M,M,M,M,M,M,M,M,59.00,FAOR 291900Z 28005KT 220V300 CAVOK 15/06 Q1026 NOSIG,M
FAOR,2026-06-29 19:30,57.20,42.80,58.52,290.00,4.00,0.00,30.30,M,6.21,M,M,M,M,M,M,M,M,M,M,M,M,M,M,M,M,57.20,FAOR 291930Z 29004KT CAVOK 14/06 Q1026 NOSIG,M
FAOR,2026-06-29 20:00,59.00,44.60,58.78,310.00,6.00,0.00,30.30,M,6.21,M,M,M,M,M,M,M,M,M,M,M,M,M,M,M,M,59.00,FAOR 292000Z 31006KT CAVOK 15/07 Q1026 NOSIG,M
FAOR,2026-06-29 20:30,57.20,42.80,58.52,280.00,4.00,0.00,30.30,M,6.21,M,M,M,M,M,M,M,M,M,M,M,M,M,M,M,M,57.20,FAOR 292030Z 28004KT 200V320 CAVOK 14/06 Q1026 NOSIG,M
FAOR,2026-06-29 21:00,57.20,42.80,58.52,280.00,4.00,0.00,30.33,M,6.21,M,M,M,M,M,M,M,M,M,M,M,M,M,M,M,M,57.20,FAOR 292100Z 28004KT CAVOK 14/06 Q1027 NOSIG,M
FAOR,2026-06-29 22:00,57.20,42.80,58.52,280.00,4.00,0.00,30.33,M,6.21,M,M,M,M,M,M,M,M,M,M,M,M,M,M,M,M,57.20,FAOR 292200Z 28004KT 260V320 CAVOK 14/06 Q1027 NOSIG,M
FAOR,2026-06-29 23:00,57.20,44.60,62.70,270.00,5.00,0.00,30.30,M,6.21,M,M,M,M,M,M,M,M,M,M,M,M,M,M,M,M,57.20,FAOR 292300Z 27005KT CAVOK 14/07 Q1026 NOSIG,M
FAOR,2026-06-30 00:00,57.20,44.60,62.70,280.00,5.00,0.00,30.30,M,6.21,M,M,M,M,M,M,M,M,M,M,M,M,M,M,M,M,57.20,FAOR 300000Z 28005KT CAVOK 14/07 Q1026 NOSIG,M
FAOR,2026-06-30 01:00,55.40,44.60,66.91,280.00,4.00,0.00,30.30,M,6.21,M,M,M,M,M,M,M,M,M,M,M,M,M,M,M,M,55.40,FAOR 300100Z 28004KT CAVOK 13/07 Q1026 NOSIG,M
FAOR,2026-06-30 02:00,53.60,42.80,66.70,280.00,4.00,0.00,30.30,M,6.21,M,M,M,M,M,M,M,M,M,M,M,M,M,M,M,M,53.60,FAOR 300200Z 28004KT CAVOK 12/06 Q1026 NOSIG,M
FAOR,2026-06-30 02:30,55.40,44.60,66.91,280.00,4.00,0.00,30.30,M,6.21,M,M,M,M,M,M,M,M,M,M,M,M,M,M,M,M,55.40,FAOR 300230Z 28004KT CAVOK 13/07 Q1026 NOSIG,M
FAOR,2026-06-30 03:00,53.60,44.60,71.45,290.00,4.00,0.00,30.30,M,6.21,M,M,M,M,M,M,M,M,M,M,M,M,M,M,M,M,53.60,FAOR 300300Z 29004KT CAVOK 12/07 Q1026 NOSIG,M
FAOR,2026-06-30 03:30,53.60,42.80,66.70,290.00,3.00,0.00,30.30,M,6.21,M,M,M,M,M,M,M,M,M,M,M,M,M,M,M,M,53.60,FAOR 300330Z 29003KT CAVOK 12/06 Q1026 NOSIG,M
FAOR,2026-06-30 04:00,55.40,44.60,66.91,290.00,3.00,0.00,30.30,M,6.21,M,M,M,M,M,M,M,M,M,M,M,M,M,M,M,M,55.40,FAOR 300400Z 29003KT CAVOK 13/07 Q1026 NOSIG,M
FAOR,2026-06-30 04:30,55.40,42.80,62.46,300.00,4.00,0.00,30.33,M,6.21,M,M,M,M,M,M,M,M,M,M,M,M,M,M,M,M,55.40,FAOR 300430Z 30004KT CAVOK 13/06 Q1027 NOSIG,M
FAOR,2026-06-30 05:00,55.40,44.60,66.91,300.00,4.00,0.00,30.33,M,6.21,M,M,M,M,M,M,M,M,M,M,M,M,M,M,M,M,55.40,FAOR 300500Z 30004KT CAVOK 13/07 Q1027 NOSIG,M
FAOR,2026-06-30 05:30,55.40,44.60,66.91,300.00,4.00,0.00,30.33,M,6.21,M,M,M,M,M,M,M,M,M,M,M,M,M,M,M,M,55.40,FAOR 300530Z 30004KT 250V330 CAVOK 13/07 Q1027 NOSIG,M
FAOR,2026-06-30 06:00,57.20,44.60,62.70,310.00,4.00,0.00,30.33,M,6.21,M,M,M,M,M,M,M,M,M,M,M,M,M,M,M,M,57.20,FAOR 300600Z 31004KT CAVOK 14/07 Q1027 NOSIG,M
FAOR,2026-06-30 06:30,59.00,44.60,58.78,330.00,5.00,0.00,30.33,M,6.21,M,M,M,M,M,M,M,M,M,M,M,M,M,M,M,M,59.00,FAOR 300630Z 33005KT CAVOK 15/07 Q1027 NOSIG,M
FAOR,2026-06-30 07:00,62.60,42.80,48.29,340.00,5.00,0.00,30.36,M,6.21,M,M,M,M,M,M,M,M,M,M,M,M,M,M,M,M,62.60,FAOR 300700Z 34005KT CAVOK 17/06 Q1028 NOSIG,M
FAOR,2026-06-30 07:30,62.60,42.80,48.29,350.00,7.00,0.00,30.36,M,6.21,M,M,M,M,M,M,M,M,M,M,M,M,M,M,M,M,62.60,FAOR 300730Z 35007KT CAVOK 17/06 Q1028 NOSIG,M
FAOR,2026-06-30 08:00,64.40,41.00,42.30,350.00,9.00,0.00,30.36,M,6.21,M,M,M,M,M,M,M,M,M,M,M,M,M,M,M,M,64.40,FAOR 300800Z 35009KT CAVOK 18/05 Q1028 NOSIG,M
FAOR,2026-06-30 08:30,64.40,39.20,39.44,350.00,10.00,0.00,30.36,M,6.21,M,M,M,M,M,M,M,M,M,M,M,M,M,M,M,M,64.40,FAOR 300830Z 35010KT CAVOK 18/04 Q1028 NOSIG,M
FAOR,2026-06-30 09:00,66.20,39.20,37.04,310.00,9.00,0.00,30.36,M,6.21,M,M,M,M,M,M,M,M,M,M,M,M,M,M,M,M,66.20,FAOR 300900Z 31009KT CAVOK 19/04 Q1028 NOSIG,M
FAOR,2026-06-30 09:30,66.20,41.00,39.73,360.00,9.00,0.00,30.36,M,6.21,M,M,M,M,M,M,M,M,M,M,M,M,M,M,M,M,66.20,FAOR 300930Z 36009KT 330V030 CAVOK 19/05 Q1028 NOSIG,M
FAOR,2026-06-30 10:00,66.20,39.20,37.04,350.00,11.00,0.00,30.33,M,6.21,M,M,M,M,M,M,M,M,M,M,M,M,M,M,M,M,66.20,FAOR 301000Z 35011KT 320V060 CAVOK 19/04 Q1027 NOSIG,M
FAOR,2026-06-30 10:30,68.00,39.20,34.81,340.00,8.00,0.00,30.33,M,6.21,M,M,M,M,M,M,M,M,M,M,M,M,M,M,M,M,68.00,FAOR 301030Z 34008KT 280V020 CAVOK 20/04 Q1027 NOSIG,M
FAOR,2026-06-30 11:00,66.20,39.20,37.04,320.00,8.00,0.00,30.30,M,6.21,M,M,M,M,M,M,M,M,M,M,M,M,M,M,M,M,66.20,FAOR 301100Z 32008KT 270V010 CAVOK 19/04 Q1026 NOSIG,M
FAOR,2026-06-30 11:30,68.00,39.20,34.81,10.00,7.00,0.00,30.30,M,6.21,M,M,M,M,M,M,M,M,M,M,M,M,M,M,M,M,68.00,FAOR 301130Z 01007KT 320V060 CAVOK 20/04 Q1026 NOSIG,M
FAOR,2026-06-30 12:00,68.00,39.20,34.81,320.00,7.00,0.00,30.27,M,6.21,M,M,M,M,M,M,M,M,M,M,M,M,M,M,M,M,68.00,FAOR 301200Z 32007KT 280V360 CAVOK 20/04 Q1025 NOSIG,M
FAOR,2026-06-30 12:30,68.00,39.20,34.81,340.00,6.00,0.00,30.27,M,6.21,M,M,M,M,M,M,M,M,M,M,M,M,M,M,M,M,68.00,FAOR 301230Z 34006KT 280V030 CAVOK 20/04 Q1025 NOSIG,M
FAOR,2026-06-30 13:00,68.00,37.40,32.44,350.00,7.00,0.00,30.27,M,6.21,M,M,M,M,M,M,M,M,M,M,M,M,M,M,M,M,68.00,FAOR 301300Z 35007KT 300V030 CAVOK 20/03 Q1025 NOSIG,M
FAOR,2026-06-30 13:30,68.00,37.40,32.44,330.00,6.00,0.00,30.27,M,6.21,M,M,M,M,M,M,M,M,M,M,M,M,M,M,M,M,68.00,FAOR 301330Z 33006KT 300V030 CAVOK 20/03 Q1025 NOSIG,M
FAOR,2026-06-30 14:00,66.20,35.60,32.15,320.00,8.00,0.00,30.27,M,6.21,M,M,M,M,M,M,M,M,M,M,M,M,M,M,M,M,66.20,FAOR 301400Z 32008KT 290V350 CAVOK 19/02 Q1025 NOSIG,M
FAOR,2026-06-30 14:30,66.20,37.40,34.52,320.00,6.00,0.00,30.27,M,6.21,M,M,M,M,M,M,M,M,M,M,M,M,M,M,M,M,66.20,FAOR 301430Z 32006KT 270V350 CAVOK 19/03 Q1025 NOSIG,M
FAOR,2026-06-30 15:00,66.20,35.60,32.15,340.00,6.00,0.00,30.30,M,6.21,M,M,M,M,M,M,M,M,M,M,M,M,M,M,M,M,66.20,FAOR 301500Z 34006KT CAVOK 19/02 Q1026 NOSIG,M
FAOR,2026-06-30 15:30,64.40,37.40,36.75,340.00,6.00,0.00,30.30,M,6.21,M,M,M,M,M,M,M,M,M,M,M,M,M,M,M,M,64.40,FAOR 301530Z 34006KT CAVOK 18/03 Q1026 NOSIG,M
FAOR,2026-06-30 16:00,62.60,39.20,42.00,330.00,6.00,0.00,30.30,M,6.21,M,M,M,M,M,M,M,M,M,M,M,M,M,M,M,M,62.60,FAOR 301600Z 33006KT CAVOK 17/04 Q1026 NOSIG,M
FAOR,2026-06-30 16:30,62.60,39.20,42.00,340.00,7.00,0.00,30.30,M,6.21,M,M,M,M,M,M,M,M,M,M,M,M,M,M,M,M,62.60,FAOR 301630Z 34007KT CAVOK 17/04 Q1026 NOSIG,M
FAOR,2026-06-30 17:00,62.60,39.20,42.00,330.00,7.00,0.00,30.30,M,6.21,M,M,M,M,M,M,M,M,M,M,M,M,M,M,M,M,62.60,FAOR 301700Z 33007KT 280V350 CAVOK 17/04 Q1026 NOSIG,M
FAOR,2026-06-30 17:30,59.00,39.20,47.72,360.00,8.00,0.00,30.33,M,6.21,M,M,M,M,M,M,M,M,M,M,M,M,M,M,M,M,59.00,FAOR 301730Z 36008KT CAVOK 15/04 Q1027 NOSIG,M
FAOR,2026-06-30 18:00,55.40,39.20,54.33,20.00,5.00,0.00,30.33,M,6.21,M,M,M,M,M,M,M,M,M,M,M,M,M,M,M,M,55.40,FAOR 301800Z 02005KT CAVOK 13/04 Q1027 NOSIG,M
FAOR,2026-06-30 18:30,57.20,39.20,50.91,360.00,8.00,0.00,30.33,M,6.21,M,M,M,M,M,M,M,M,M,M,M,M,M,M,M,M,57.20,FAOR 301830Z 36008KT CAVOK 14/04 Q1027 NOSIG,M
FAOR,2026-06-30 19:00,55.40,39.20,54.33,10.00,7.00,0.00,30.33,M,6.21,M,M,M,M,M,M,M,M,M,M,M,M,M,M,M,M,55.40,FAOR 301900Z 01007KT CAVOK 13/04 Q1027 NOSIG,M
FAOR,2026-06-30 19:30,55.40,39.20,54.33,10.00,10.00,0.00,30.33,M,6.21,M,M,M,M,M,M,M,M,M,M,M,M,M,M,M,M,55.40,FAOR 301930Z 01010KT CAVOK 13/04 Q1027 NOSIG,M
FAOR,2026-06-30 20:00,55.40,41.00,58.27,360.00,9.00,0.00,30.33,M,6.21,M,M,M,M,M,M,M,M,M,M,M,M,M,M,M,M,55.40,FAOR 302000Z 36009KT CAVOK 13/05 Q1027 NOSIG,M
FAOR,2026-06-30 20:30,51.80,42.80,71.26,10.00,10.00,0.00,30.33,M,6.21,M,M,M,M,M,M,M,M,M,M,M,M,M,M,M,M,51.80,FAOR 302030Z 01010KT CAVOK 11/06 Q1027 NOSIG,M
FAOR,2026-06-30 21:00,50.00,44.60,81.60,10.00,9.00,0.00,30.33,M,6.21,M,M,M,M,M,M,M,M,M,M,M,M,M,M,M,M,50.00,FAOR 302100Z 01009KT CAVOK 10/07 Q1027 NOSIG,M
FAOR,2026-06-30 22:00,50.00,46.40,87.37,10.00,8.00,0.00,30.33,M,6.21,M,M,M,M,M,M,M,M,M,M,M,M,M,M,M,M,50.00,FAOR 302200Z 01008KT CAVOK 10/08 Q1027 NOSIG,M
FAOR,2026-06-30 23:00,48.20,44.60,87.28,10.00,7.00,0.00,30.33,M,6.21,M,M,M,M,M,M,M,M,M,M,M,M,M,M,M,M,44.53,FAOR 302300Z 01007KT CAVOK 09/07 Q1027 NOSIG,M
FAOR,2026-07-01 00:00,50.00,46.40,87.37,340.00,7.00,0.00,30.30,M,6.21,M,M,M,M,M,M,M,M,M,M,M,M,M,M,M,M,50.00,FAOR 010000Z 34007KT CAVOK 10/08 Q1026 NOSIG,M
FAOR,2026-07-01 01:00,50.00,48.20,93.50,350.00,11.00,0.00,30.30,M,5.59,M,FEW,SCT,M,M,400.00,4500.00,M,M,M,M,M,M,M,M,M,50.00,FAOR 010100Z 35011KT 9000 FEW004 SCT045 10/09 Q1026 TEMPO 5000 BR,M
FAOR,2026-07-01 02:00,50.00,48.20,93.50,350.00,11.00,0.00,30.27,M,3.11,M,BKN,M,M,M,300.00,M,M,M,BR,M,M,M,M,M,M,50.00,FAOR 010200Z 35011KT 5000 BR BKN003 10/09 Q1025 TEMPO 3000,M
FAOR,2026-07-01 02:30,50.00,48.20,93.50,350.00,10.00,0.00,30.27,M,1.86,M,BKN,M,M,M,200.00,M,M,M,BR,M,M,M,M,M,M,50.00,FAOR 010230Z 35010KT 3000 BR BKN002 10/09 Q1025 TEMPO 1500,M
FAOR,2026-07-01 03:00,48.20,48.20,100.00,350.00,8.00,0.00,30.27,M,1.86,M,BKN,M,M,M,200.00,M,M,M,BR,M,M,M,M,M,M,44.07,FAOR 010300Z 35008KT 3000 BR BKN002 09/09 Q1025 NOSIG,M
FAOR,2026-07-01 03:30,48.20,48.20,100.00,360.00,6.00,0.00,30.27,M,1.86,M,BKN,M,M,M,200.00,M,M,M,BR,M,M,M,M,M,M,45.04,FAOR 010330Z 36006KT 3000 BR BKN002 09/09 Q1025 NOSIG,M
FAOR,2026-07-01 04:00,48.20,48.20,100.00,350.00,8.00,0.00,30.27,M,1.86,M,BKN,M,M,M,200.00,M,M,M,BR,M,M,M,M,M,M,44.07,FAOR 010400Z 35008KT 3000 BR BKN002 09/09 Q1025 NOSIG,M
FAOR,2026-07-01 04:30,48.20,48.20,100.00,350.00,7.00,0.00,30.30,M,0.31,M,SCT,M,M,M,100.00,M,M,M,FG,M,M,M,M,M,M,44.53,FAOR 010430Z 35007KT 0500 R03L/P2000N FG SCT001 09/09 Q1026 NOSIG,M
FAOR,2026-07-01 05:00,48.20,46.40,93.45,350.00,7.00,0.00,30.30,M,0.25,M,SCT,M,M,M,300.00,M,M,M,FG,M,M,M,M,M,M,44.53,FAOR 010500Z 35007KT 0400 FG SCT003 09/08 Q1026 NOSIG,M
FAOR,2026-07-01 05:30,50.00,48.20,93.50,350.00,7.00,0.00,30.30,M,0.31,M,BKN,M,M,M,300.00,M,M,M,FG,M,M,M,M,M,M,50.00,FAOR 010530Z 35007KT 0500 FG BKN003 10/09 Q1026 NOSIG,M
FAOR,2026-07-01 06:00,50.00,48.20,93.50,350.00,8.00,0.00,30.30,M,0.12,M,BKN,M,M,M,300.00,M,M,M,FG,M,M,M,M,M,M,50.00,FAOR 010600Z 35008KT 0200 FG BKN003 10/09 Q1026 NOSIG,M
FAOR,2026-07-01 06:30,51.80,48.20,87.47,350.00,9.00,0.00,30.30,M,0.50,M,BKN,M,M,M,300.00,M,M,M,FG,M,M,M,M,M,M,51.80,FAOR 010630Z 35009KT 0800 FG BKN003 11/09 Q1026 NOSIG,M
FAOR,2026-07-01 07:00,51.80,48.20,87.47,350.00,11.00,0.00,30.30,M,3.73,M,NSC,M,M,M,M,M,M,M,M,M,M,M,M,M,M,51.80,FAOR 010700Z 35011KT 6000 NSC 11/09 Q1026 NOSIG,M
FAOR,2026-07-01 07:30,53.60,48.20,81.87,360.00,12.00,0.00,30.30,M,6.21,M,M,M,M,M,M,M,M,M,M,M,M,M,M,M,M,53.60,FAOR 010730Z 36012KT CAVOK 12/09 Q1026 NOSIG,M
FAOR,2026-07-01 08:00,55.40,48.20,76.67,360.00,11.00,0.00,30.30,M,6.21,M,FEW,M,M,M,1000.00,M,M,M,M,M,M,M,M,M,M,55.40,FAOR 010800Z 36011KT 9999 FEW010 13/09 Q1026 NOSIG,M
FAOR,2026-07-01 08:30,57.20,48.20,71.84,360.00,10.00,0.00,30.30,M,6.21,M,M,M,M,M,M,M,M,M,M,M,M,M,M,M,M,57.20,FAOR 010830Z 36010KT CAVOK 14/09 Q1026 NOSIG,M
FAOR,2026-07-01 09:00,59.00,46.40,62.93,340.00,11.00,0.00,30.27,M,6.21,M,M,M,M,M,M,M,M,M,M,M,M,M,M,M,M,59.00,FAOR 010900Z 34011KT CAVOK 15/08 Q1025 NOSIG,M
FAOR,2026-07-01 09:30,60.80,46.40,59.02,350.00,11.00,0.00,30.27,M,6.21,M,M,M,M,M,M,M,M,M,M,M,M,M,M,M,M,60.80,FAOR 010930Z 35011KT 280V050 CAVOK 16/08 Q1025 NOSIG,M
FAOR,2026-07-01 10:00,60.80,44.60,55.13,340.00,13.00,0.00,30.24,M,6.21,M,FEW,M,M,M,2000.00,M,M,M,M,M,M,M,M,M,M,60.80,FAOR 011000Z 34013KT 9999 FEW020 16/07 Q1024 NOSIG,M
FAOR,2026-07-01 10:30,62.60,44.60,51.73,350.00,12.00,0.00,30.24,M,6.21,M,FEW,M,M,M,2000.00,M,M,M,M,M,M,M,M,M,M,62.60,FAOR 011030Z 35012KT 9999 FEW020 17/07 Q1024 NOSIG,M
FAOR,2026-07-01 11:00,62.60,44.60,51.73,330.00,11.00,0.00,30.21,M,6.21,M,FEW,M,M,M,2500.00,M,M,M,M,M,M,M,M,M,M,62.60,FAOR 011100Z 33011KT 300V360 9999 FEW025 17/07 Q1023 NOSIG,M
FAOR,2026-07-01 11:30,62.60,44.60,51.73,360.00,12.00,0.00,30.21,M,6.21,M,FEW,M,M,M,3500.00,M,M,M,M,M,M,M,M,M,M,62.60,FAOR 011130Z 36012KT 320V030 9999 FEW035 17/07 Q1023 NOSIG,M
FAOR,2026-07-01 12:00,62.60,42.80,48.29,320.00,11.00,0.00,30.18,M,6.21,M,FEW,M,M,M,4000.00,M,M,M,M,M,M,M,M,M,M,62.60,FAOR 011200Z 32011KT 280V010 9999 FEW040 17/06 Q1022 NOSIG,M
FAOR,2026-07-01 12:30,62.60,41.00,45.05,350.00,12.00,0.00,30.18,M,6.21,M,FEW,M,M,M,4000.00,M,M,M,M,M,M,M,M,M,M,62.60,FAOR 011230Z 35012KT 320V020 9999 FEW040 17/05 Q1022 NOSIG,M
FAOR,2026-07-01 13:00,62.60,42.80,48.29,340.00,11.00,0.00,30.15,M,6.21,M,SCT,M,M,M,4500.00,M,M,M,M,M,M,M,M,M,M,62.60,FAOR 011300Z 34011KT 310V010 9999 SCT045 17/06 Q1021 NOSIG,M
FAOR,2026-07-01 13:30,62.60,41.00,45.05,350.00,12.00,0.00,30.15,M,6.21,M,SCT,M,M,M,4600.00,M,M,M,M,M,M,M,M,M,M,62.60,FAOR 011330Z 35012KT 320V020 9999 SCT046 17/05 Q1021 NOSIG,M
FAOR,2026-07-01 14:00,62.60,41.00,45.05,340.00,12.00,0.00,30.15,M,6.21,M,SCT,M,M,M,4800.00,M,M,M,M,M,M,M,M,M,M,62.60,FAOR 011400Z 34012KT 9999 SCT048 17/05 Q1021 NOSIG,M
FAOR,2026-07-01 14:30,60.80,41.00,48.01,330.00,13.00,0.00,30.15,M,6.21,M,M,M,M,M,M,M,M,M,M,M,M,M,M,M,M,60.80,FAOR 011430Z 33013KT CAVOK 16/05 Q1021 NOSIG,M
FAOR,2026-07-01 15:00,60.80,41.00,48.01,330.00,10.00,0.00,30.15,M,6.21,M,M,M,M,M,M,M,M,M,M,M,M,M,M,M,M,60.80,FAOR 011500Z 33010KT 270V350 CAVOK 16/05 Q1021 NOSIG,M
FAOR,2026-07-01 15:30,59.00,42.80,54.86,340.00,9.00,0.00,30.15,M,6.21,M,M,M,M,M,M,M,M,M,M,M,M,M,M,M,M,59.00,FAOR 011530Z 34009KT CAVOK 15/06 Q1021 NOSIG,M
FAOR,2026-07-01 16:00,59.00,42.80,54.86,330.00,8.00,0.00,30.15,M,6.21,M,M,M,M,M,M,M,M,M,M,M,M,M,M,M,M,59.00,FAOR 011600Z 33008KT CAVOK 15/06 Q1021 NOSIG,M
FAOR,2026-07-01 16:30,57.20,42.80,58.52,330.00,6.00,0.00,30.15,M,6.21,M,M,M,M,M,M,M,M,M,M,M,M,M,M,M,M,57.20,FAOR 011630Z 33006KT CAVOK 14/06 Q1021 NOSIG,M
FAOR,2026-07-01 17:00,57.20,42.80,58.52,320.00,6.00,0.00,30.15,M,6.21,M,M,M,M,M,M,M,M,M,M,M,M,M,M,M,M,57.20,FAOR 011700Z 32006KT CAVOK 14/06 Q1021 NOSIG,M
FAOR,2026-07-01 17:30,57.20,42.80,58.52,330.00,5.00,0.00,30.15,M,6.21,M,M,M,M,M,M,M,M,M,M,M,M,M,M,M,M,57.20,FAOR 011730Z 33005KT 240V360 CAVOK 14/06 Q1021 NOSIG,M
FAOR,2026-07-01 18:00,55.40,42.80,62.46,320.00,6.00,0.00,30.18,M,6.21,M,M,M,M,M,M,M,M,M,M,M,M,M,M,M,M,55.40,FAOR 011800Z 32006KT 210V350 CAVOK 13/06 Q1022 NOSIG,M
FAOR,2026-07-01 18:30,57.20,44.60,62.70,320.00,7.00,0.00,30.18,M,6.21,M,M,M,M,M,M,M,M,M,M,M,M,M,M,M,M,57.20,FAOR 011830Z 32007KT CAVOK 14/07 Q1022 NOSIG,M
FAOR,2026-07-01 19:00,55.40,44.60,66.91,320.00,9.00,0.00,30.18,M,6.21,M,M,M,M,M,M,M,M,M,M,M,M,M,M,M,M,55.40,FAOR 011900Z 32009KT CAVOK 13/07 Q1022 NOSIG,M
FAOR,2026-07-01 19:30,55.40,42.80,62.46,320.00,9.00,0.00,30.18,M,6.21,M,M,M,M,M,M,M,M,M,M,M,M,M,M,M,M,55.40,FAOR 011930Z 32009KT 250V350 CAVOK 13/06 Q1022 NOSIG,M
FAOR,2026-07-01 20:00,55.40,44.60,66.91,320.00,9.00,0.00,30.15,M,6.21,M,M,M,M,M,M,M,M,M,M,M,M,M,M,M,M,55.40,FAOR 012000Z 32009KT CAVOK 13/07 Q1021 NOSIG,M
FAOR,2026-07-01 20:30,53.60,44.60,71.45,320.00,8.00,0.00,30.18,M,6.21,M,M,M,M,M,M,M,M,M,M,M,M,M,M,M,M,53.60,FAOR 012030Z 32008KT 210V360 CAVOK 12/07 Q1022 NOSIG,M
FAOR,2026-07-01 21:00,53.60,44.60,71.45,320.00,8.00,0.00,30.18,M,6.21,M,M,M,M,M,M,M,M,M,M,M,M,M,M,M,M,53.60,FAOR 012100Z 32008KT CAVOK 12/07 Q1022 NOSIG,M
FAOR,2026-07-01 22:00,51.80,44.60,76.34,330.00,7.00,0.00,30.15,M,6.21,M,M,M,M,M,M,M,M,M,M,M,M,M,M,M,M,51.80,FAOR 012200Z 33007KT 270V360 CAVOK 11/07 Q1021 NOSIG,M
FAOR,2026-07-01 23:00,50.00,44.60,81.60,330.00,6.00,0.00,30.15,M,6.21,M,M,M,M,M,M,M,M,M,M,M,M,M,M,M,M,50.00,FAOR 012300Z 33006KT CAVOK 10/07 Q1021 NOSIG,M
FAOR,2026-07-02 00:00,50.00,44.60,81.60,340.00,9.00,0.00,30.12,M,6.21,M,M,M,M,M,M,M,M,M,M,M,M,M,M,M,M,50.00,FAOR 020000Z 34009KT CAVOK 10/07 Q1020 NOSIG,M
FAOR,2026-07-02 01:00,50.00,44.60,81.60,340.00,8.00,0.00,30.12,M,6.21,M,M,M,M,M,M,M,M,M,M,M,M,M,M,M,M,50.00,FAOR 020100Z 34008KT CAVOK 10/07 Q1020 NOSIG,M
FAOR,2026-07-02 02:00,50.00,44.60,81.60,340.00,7.00,0.00,30.09,M,6.21,M,M,M,M,M,M,M,M,M,M,M,M,M,M,M,M,50.00,FAOR 020200Z 34007KT CAVOK 10/07 Q1019 NOSIG,M
FAOR,2026-07-02 02:30,50.00,44.60,81.60,340.00,5.00,0.00,30.09,M,6.21,M,M,M,M,M,M,M,M,M,M,M,M,M,M,M,M,50.00,FAOR 020230Z 34005KT CAVOK 10/07 Q1019 NOSIG,M
FAOR,2026-07-02 03:00,50.00,44.60,81.60,330.00,6.00,0.00,30.09,M,6.21,M,M,M,M,M,M,M,M,M,M,M,M,M,M,M,M,50.00,FAOR 020300Z 33006KT CAVOK 10/07 Q1019 NOSIG,M
FAOR,2026-07-02 03:30,50.00,44.60,81.60,320.00,9.00,0.00,30.09,M,6.21,M,M,M,M,M,M,M,M,M,M,M,M,M,M,M,M,50.00,FAOR 020330Z 32009KT CAVOK 10/07 Q1019 NOSIG,M
FAOR,2026-07-02 04:00,50.00,44.60,81.60,320.00,9.00,0.00,30.12,M,6.21,M,M,M,M,M,M,M,M,M,M,M,M,M,M,M,M,50.00,FAOR 020400Z 32009KT CAVOK 10/07 Q1020 NOSIG,M
FAOR,2026-07-02 04:30,50.00,44.60,81.60,310.00,9.00,0.00,30.12,M,6.21,M,M,M,M,M,M,M,M,M,M,M,M,M,M,M,M,50.00,FAOR 020430Z 31009KT CAVOK 10/07 Q1020 NOSIG,M
FAOR,2026-07-02 05:00,50.00,44.60,81.60,300.00,7.00,0.00,30.12,M,6.21,M,FEW,M,M,M,1500.00,M,M,M,M,M,M,M,M,M,M,50.00,FAOR 020500Z 30007KT 9999 FEW015 10/07 Q1020 NOSIG,M
FAOR,2026-07-02 05:30,50.00,44.60,81.60,290.00,10.00,0.00,30.15,M,6.21,M,BKN,M,M,M,1100.00,M,M,M,M,M,M,M,M,M,M,50.00,FAOR 020530Z 29010KT 9999 BKN011 10/07 Q1021 BECMG BKN009,M
FAOR,2026-07-02 06:00,50.00,46.40,87.37,290.00,12.00,0.00,30.15,M,6.21,M,BKN,M,M,M,800.00,M,M,M,M,M,M,M,M,M,M,50.00,FAOR 020600Z 29012KT 9999 BKN008 10/08 Q1021 NOSIG,M
FAOR,2026-07-02 06:30,51.80,48.20,87.47,290.00,13.00,0.00,30.15,M,6.21,M,BKN,M,M,M,800.00,M,M,M,M,M,M,M,M,M,M,51.80,FAOR 020630Z 29013KT 9999 BKN008 11/09 Q1021 NOSIG,M
FAOR,2026-07-02 07:00,51.80,48.20,87.47,280.00,10.00,0.00,30.18,M,6.21,M,SCT,BKN,M,M,700.00,900.00,M,M,M,M,M,M,M,M,M,51.80,FAOR 020700Z 28010KT 250V310 9999 SCT007 BKN009 11/09 Q1022 NOSIG,M
FAOR,2026-07-02 07:30,53.60,39.20,58.02,250.00,11.00,0.00,30.18,M,6.21,M,FEW,M,M,M,700.00,M,M,M,M,M,M,M,M,M,M,53.60,FAOR 020730Z 25011KT 9999 FEW007 12/04 Q1022 NOSIG,M
FAOR,2026-07-02 08:00,53.60,39.20,58.02,240.00,12.00,0.00,30.21,M,6.21,M,FEW,M,M,M,3600.00,M,M,M,M,M,M,M,M,M,M,53.60,FAOR 020800Z 24012KT 9999 FEW036 12/04 Q1023 NOSIG,M
FAOR,2026-07-02 08:30,55.40,39.20,54.33,250.00,10.00,0.00,30.21,M,6.21,M,FEW,M,M,M,3000.00,M,M,M,M,M,M,M,M,M,M,55.40,FAOR 020830Z 25010KT 9999 FEW030 13/04 Q1023 NOSIG,M
FAOR,2026-07-02 09:00,55.40,39.20,54.33,240.00,11.00,0.00,30.21,M,6.21,M,FEW,M,M,M,3000.00,M,M,M,M,M,M,M,M,M,M,55.40,FAOR 020900Z 24011KT 200V270 9999 FEW030 13/04 Q1023 NOSIG,M
FAOR,2026-07-02 09:30,55.40,26.60,32.75,240.00,15.00,0.00,30.21,M,6.21,M,M,M,M,M,M,M,M,M,M,M,M,M,M,M,M,55.40,FAOR 020930Z 24015KT CAVOK 13/M03 Q1023 NOSIG,M
FAOR,2026-07-02 10:00,55.40,32.00,40.83,240.00,12.00,0.00,30.21,M,6.21,M,M,M,M,M,M,M,M,M,M,M,M,M,M,M,M,55.40,FAOR 021000Z 24012KT 210V270 CAVOK 13/00 Q1023 NOSIG,M
FAOR,2026-07-02 10:30,55.40,30.20,37.96,240.00,12.00,0.00,30.21,M,6.21,M,M,M,M,M,M,M,M,M,M,M,M,M,M,M,M,55.40,FAOR 021030Z 24012KT 210V300 CAVOK 13/M01 Q1023 NOSIG,M
FAOR,2026-07-02 11:00,57.20,26.60,30.68,240.00,11.00,0.00,30.18,M,6.21,M,M,M,M,M,M,M,M,M,M,M,M,M,M,M,M,57.20,FAOR 021100Z 24011KT 210V290 CAVOK 14/M03 Q1022 NOSIG,M
FAOR,2026-07-02 11:30,55.40,26.60,32.75,240.00,15.00,0.00,30.18,M,6.21,M,M,M,M,M,M,M,M,M,M,M,M,M,M,M,M,55.40,FAOR 021130Z 24015KT CAVOK 13/M03 Q1022 NOSIG,M
FAOR,2026-07-02 12:00,55.40,23.00,28.18,240.00,18.00,0.00,30.18,M,6.21,M,M,M,M,M,M,M,M,M,M,M,M,M,M,M,M,55.40,FAOR 021200Z 24018KT CAVOK 13/M05 Q1022 NOSIG,M
FAOR,2026-07-02 12:30,55.40,15.80,20.71,230.00,15.00,0.00,30.18,M,6.21,M,M,M,M,M,M,M,M,M,M,M,M,M,M,M,M,55.40,FAOR 021230Z 23015KT CAVOK 13/M09 Q1022 NOSIG,M
FAOR,2026-07-02 13:00,55.40,8.60,15.06,220.00,13.00,0.00,30.18,M,6.21,23.00,M,M,M,M,M,M,M,M,M,M,M,M,M,M,M,55.40,FAOR 021300Z 22013G23KT 190V250 CAVOK 13/M13 Q1022 NOSIG,M
FAOR,2026-07-02 13:30,55.40,15.80,20.71,220.00,13.00,0.00,30.18,M,6.21,M,M,M,M,M,M,M,M,M,M,M,M,M,M,M,M,55.40,FAOR 021330Z 22013KT 200V260 CAVOK 13/M09 Q1022 NOSIG,M
FAOR,2026-07-02 14:00,55.40,15.80,20.71,220.00,12.00,0.00,30.18,M,6.21,M,M,M,M,M,M,M,M,M,M,M,M,M,M,M,M,55.40,FAOR 021400Z 22012KT 190V260 CAVOK 13/M09 Q1022 NOSIG,M
FAOR,2026-07-02 14:30,53.60,12.20,18.88,210.00,11.00,0.00,30.18,M,6.21,M,M,M,M,M,M,M,M,M,M,M,M,M,M,M,M,53.60,FAOR 021430Z 21011KT CAVOK 12/M11 Q1022 NOSIG,M
FAOR,2026-07-02 15:00,53.60,12.20,18.88,220.00,10.00,0.00,30.21,M,6.21,M,M,M,M,M,M,M,M,M,M,M,M,M,M,M,M,53.60,FAOR 021500Z 22010KT CAVOK 12/M11 Q1023 NOSIG,M
FAOR,2026-07-02 15:30,51.80,14.00,21.84,220.00,11.00,0.00,30.21,M,6.21,M,M,M,M,M,M,M,M,M,M,M,M,M,M,M,M,51.80,FAOR 021530Z 22011KT CAVOK 11/M10 Q1023 NOSIG,M
FAOR,2026-07-02 16:00,48.20,14.00,24.97,210.00,10.00,0.00,30.21,M,6.21,M,M,M,M,M,M,M,M,M,M,M,M,M,M,M,M,43.28,FAOR 021600Z 21010KT CAVOK 09/M10 Q1023 NOSIG,M
FAOR,2026-07-02 16:30,48.20,17.60,29.20,210.00,10.00,0.00,30.24,M,6.21,M,M,M,M,M,M,M,M,M,M,M,M,M,M,M,M,43.28,FAOR 021630Z 21010KT CAVOK 09/M08 Q1024 NOSIG,M
FAOR,2026-07-02 17:00,46.40,21.20,36.45,220.00,9.00,0.00,30.27,M,6.21,M,M,M,M,M,M,M,M,M,M,M,M,M,M,M,M,41.42,FAOR 021700Z 22009KT CAVOK 08/M06 Q1025 NOSIG,M
FAOR,2026-07-02 17:30,44.60,21.20,39.03,210.00,8.00,0.00,30.27,M,6.21,M,M,M,M,M,M,M,M,M,M,M,M,M,M,M,M,39.63,FAOR 021730Z 21008KT CAVOK 07/M06 Q1025 NOSIG,M
FAOR,2026-07-02 18:00,44.60,23.00,42.11,220.00,9.00,0.00,30.27,M,6.21,M,M,M,M,M,M,M,M,M,M,M,M,M,M,M,M,39.18,FAOR 021800Z 22009KT CAVOK 07/M05 Q1025 NOSIG,M
FAOR,2026-07-02 18:30,41.00,23.00,48.36,210.00,7.00,0.00,30.30,M,6.21,M,M,M,M,M,M,M,M,M,M,M,M,M,M,M,M,35.75,FAOR 021830Z 21007KT CAVOK 05/M05 Q1026 NOSIG,M
FAOR,2026-07-02 19:00,37.40,24.80,60.01,180.00,6.00,0.00,30.30,M,6.21,M,M,M,M,M,M,M,M,M,M,M,M,M,M,M,M,32.03,FAOR 021900Z 18006KT CAVOK 03/M04 Q1026 NOSIG,M
FAOR,2026-07-02 19:30,35.60,24.80,64.44,180.00,6.00,0.00,30.30,M,6.21,M,M,M,M,M,M,M,M,M,M,M,M,M,M,M,M,29.87,FAOR 021930Z 18006KT CAVOK 02/M04 Q1026 NOSIG,M
FAOR,2026-07-02 20:00,37.40,26.60,64.67,200.00,8.00,0.00,30.33,M,6.21,M,M,M,M,M,M,M,M,M,M,M,M,M,M,M,M,30.76,FAOR 022000Z 20008KT CAVOK 03/M03 Q1027 NOSIG,M
FAOR,2026-07-02 20:30,35.60,26.60,69.44,200.00,11.00,0.00,30.33,M,6.21,M,M,M,M,M,M,M,M,M,M,M,M,M,M,M,M,27.02,FAOR 022030Z 20011KT CAVOK 02/M03 Q1027 NOSIG,M
FAOR,2026-07-02 21:00,35.60,28.40,74.79,200.00,11.00,0.00,30.33,M,6.21,M,M,M,M,M,M,M,M,M,M,M,M,M,M,M,M,27.02,FAOR 022100Z 20011KT CAVOK 02/M02 Q1027 NOSIG,M
FAOR,2026-07-02 22:00,33.80,26.60,74.61,190.00,15.00,0.00,30.33,M,6.21,M,M,M,M,M,M,M,M,M,M,M,M,M,M,M,M,23.11,FAOR 022200Z 19015KT CAVOK 01/M03 Q1027 NOSIG,M
FAOR,2026-07-02 23:00,33.80,26.60,74.61,200.00,14.00,0.00,30.33,M,6.21,M,M,M,M,M,M,M,M,M,M,M,M,M,M,M,M,23.48,FAOR 022300Z 20014KT CAVOK 01/M03 Q1027 NOSIG,M
FAOR,2026-07-03 00:00,33.80,24.80,69.23,200.00,16.00,0.00,30.30,M,6.21,M,M,M,M,M,M,M,M,M,M,M,M,M,M,M,M,22.76,FAOR 030000Z 20016KT CAVOK 01/M04 Q1026 NOSIG,M
FAOR,2026-07-03 01:00,30.20,26.60,86.27,180.00,11.00,0.00,30.30,M,6.21,M,M,M,M,M,M,M,M,M,M,M,M,M,M,M,M,20.19,FAOR 030100Z 18011KT CAVOK M01/M03 Q1026 NOSIG,M
FAOR,2026-07-03 02:00,30.20,26.60,86.27,190.00,15.00,0.00,30.30,M,6.21,M,M,M,M,M,M,M,M,M,M,M,M,M,M,M,M,18.45,FAOR 030200Z 19015KT CAVOK M01/M03 Q1026 NOSIG,M
FAOR,2026-07-03 02:30,30.20,26.60,86.27,190.00,15.00,0.00,30.30,M,6.21,M,M,M,M,M,M,M,M,M,M,M,M,M,M,M,M,18.45,FAOR 030230Z 19015KT CAVOK M01/M03 Q1026 NOSIG,M
FAOR,2026-07-03 03:00,30.20,28.40,92.91,190.00,16.00,0.00,30.30,M,6.21,M,M,M,M,M,M,M,M,M,M,M,M,M,M,M,M,18.07,FAOR 030300Z 19016KT CAVOK M01/M02 Q1026 NOSIG,M
FAOR,2026-07-03 03:30,30.20,28.40,92.91,190.00,16.00,0.00,30.30,M,6.21,M,M,M,M,M,M,M,M,M,M,M,M,M,M,M,M,18.07,FAOR 030330Z 19016KT CAVOK M01/M02 Q1026 NOSIG,M
FAOR,2026-07-03 04:00,30.20,28.40,92.91,190.00,17.00,0.00,30.30,M,6.21,M,M,M,M,M,M,M,M,M,M,M,M,M,M,M,M,17.72,FAOR 030400Z 19017KT CAVOK M01/M02 Q1026 NOSIG,M
FAOR,2026-07-03 04:30,30.20,28.40,92.91,190.00,15.00,0.00,30.33,M,6.21,M,M,M,M,M,M,M,M,M,M,M,M,M,M,M,M,18.45,FAOR 030430Z 19015KT CAVOK M01/M02 Q1027 NOSIG,M
FAOR,2026-07-03 05:00,32.00,28.40,86.38,190.00,17.00,0.00,30.33,M,6.21,M,M,M,M,M,M,M,M,M,M,M,M,M,M,M,M,20.08,FAOR 030500Z 19017KT CAVOK M00/M02 Q1027 NOSIG,M
FAOR,2026-07-03 05:30,32.00,28.40,86.38,180.00,15.00,0.00,30.33,M,6.21,M,M,M,M,M,M,M,M,M,M,M,M,M,M,M,M,20.78,FAOR 030530Z 18015KT CAVOK M00/M02 Q1027 NOSIG,M
FAOR,2026-07-03 06:00,33.80,30.20,86.48,180.00,15.00,0.00,30.33,M,6.21,M,M,M,M,M,M,M,M,M,M,M,M,M,M,M,M,23.11,FAOR 030600Z 18015KT CAVOK 01/M01 Q1027 NOSIG,M
FAOR,2026-07-03 06:30,35.60,30.20,80.49,180.00,13.00,0.00,30.36,M,6.21,M,M,M,M,M,M,M,M,M,M,M,M,M,M,M,M,26.18,FAOR 030630Z 18013KT CAVOK 02/M01 Q1028 NOSIG,M
FAOR,2026-07-03 07:00,39.20,30.20,69.86,170.00,14.00,0.00,30.36,M,6.21,M,M,M,M,M,M,M,M,M,M,M,M,M,M,M,M,30.44,FAOR 030700Z 17014KT CAVOK 04/M01 Q1028 NOSIG,M
FAOR,2026-07-03 07:30,42.80,30.20,60.77,180.00,14.00,0.00,30.36,M,6.21,M,M,M,M,M,M,M,M,M,M,M,M,M,M,M,M,35.08,FAOR 030730Z 18014KT CAVOK 06/M01 Q1028 NOSIG,M
FAOR,2026-07-03 08:00,44.60,28.40,52.70,180.00,13.00,0.00,30.39,M,6.21,M,M,M,M,M,M,M,M,M,M,M,M,M,M,M,M,37.71,FAOR 030800Z 18013KT CAVOK 07/M02 Q1029 NOSIG,M
FAOR,2026-07-03 08:30,46.40,28.40,49.22,170.00,10.00,0.00,30.39,M,6.21,M,M,M,M,M,M,M,M,M,M,M,M,M,M,M,M,41.03,FAOR 030830Z 17010KT CAVOK 08/M02 Q1029 NOSIG,M
FAOR,2026-07-03 09:00,50.00,26.60,39.93,170.00,8.00,0.00,30.36,M,6.21,M,M,M,M,M,M,M,M,M,M,M,M,M,M,M,M,50.00,FAOR 030900Z 17008KT 130V190 CAVOK 10/M03 Q1028 NOSIG,M
FAOR,2026-07-03 09:30,53.60,23.00,30.09,170.00,5.00,0.00,30.36,M,6.21,M,M,M,M,M,M,M,M,M,M,M,M,M,M,M,M,53.60,FAOR 030930Z 17005KT 130V210 CAVOK 12/M05 Q1028 NOSIG,M
FAOR,2026-07-03 10:00,55.40,19.40,24.19,M,4.00,0.00,30.36,M,6.21,M,M,M,M,M,M,M,M,M,M,M,M,M,M,M,M,55.40,FAOR 031000Z VRB04KT CAVOK 13/M07 Q1028 NOSIG,M
FAOR,2026-07-03 10:30,59.00,17.60,19.66,M,4.00,0.00,30.33,M,6.21,M,M,M,M,M,M,M,M,M,M,M,M,M,M,M,M,59.00,FAOR 031030Z VRB04KT CAVOK 15/M08 Q1027 NOSIG,M
FAOR,2026-07-03 11:00,60.80,10.40,13.45,110.00,4.00,0.00,30.33,M,6.21,M,M,M,M,M,M,M,M,M,M,M,M,M,M,M,M,60.80,FAOR 031100Z 11004KT 040V170 CAVOK 16/M12 Q1027 NOSIG,M
FAOR,2026-07-03 11:30,62.60,12.20,13.67,M,4.00,0.00,30.30,M,6.21,M,M,M,M,M,M,M,M,M,M,M,M,M,M,M,M,62.60,FAOR 031130Z VRB04KT CAVOK 17/M11 Q1026 NOSIG,M
FAOR,2026-07-03 12:00,64.40,8.60,10.93,10.00,4.00,0.00,30.30,M,6.21,M,M,M,M,M,M,M,M,M,M,M,M,M,M,M,M,64.40,FAOR 031200Z 01004KT 310V080 CAVOK 18/M13 Q1026 NOSIG,M
FAOR,2026-07-03 12:30,64.40,12.20,12.83,350.00,4.00,0.00,30.30,M,6.21,M,M,M,M,M,M,M,M,M,M,M,M,M,M,M,M,64.40,FAOR 031230Z 35004KT 290V040 CAVOK 18/M11 Q1026 NOSIG,M
FAOR,2026-07-03 13:00,62.60,10.40,12.62,50.00,5.00,0.00,30.30,M,6.21,M,M,M,M,M,M,M,M,M,M,M,M,M,M,M,M,62.60,FAOR 031300Z 05005KT 340V120 CAVOK 17/M12 Q1026 NOSIG,M
FAOR,2026-07-03 13:30,64.40,12.20,12.83,20.00,5.00,0.00,30.27,M,6.21,M,M,M,M,M,M,M,M,M,M,M,M,M,M,M,M,64.40,FAOR 031330Z 02005KT 320V060 CAVOK 18/M11 Q1025 NOSIG,M
FAOR,2026-07-03 14:00,64.40,10.40,11.85,20.00,7.00,0.00,30.27,M,6.21,M,M,M,M,M,M,M,M,M,M,M,M,M,M,M,M,64.40,FAOR 031400Z 02007KT CAVOK 18/M12 Q1025 NOSIG,M
FAOR,2026-07-03 14:30,62.60,10.40,12.62,360.00,8.00,0.00,30.27,M,6.21,M,M,M,M,M,M,M,M,M,M,M,M,M,M,M,M,62.60,FAOR 031430Z 36008KT 320V020 CAVOK 17/M12 Q1025 NOSIG,M
FAOR,2026-07-03 15:00,60.80,14.00,15.77,330.00,9.00,0.00,30.30,M,6.21,M,M,M,M,M,M,M,M,M,M,M,M,M,M,M,M,60.80,FAOR 031500Z 33009KT CAVOK 16/M10 Q1026 NOSIG,M
FAOR,2026-07-03 15:30,59.00,15.80,18.19,330.00,7.00,0.00,30.30,M,6.21,M,M,M,M,M,M,M,M,M,M,M,M,M,M,M,M,59.00,FAOR 031530Z 33007KT CAVOK 15/M09 Q1026 NOSIG,M
FAOR,2026-07-03 16:00,55.40,24.80,30.39,300.00,8.00,0.00,30.33,M,6.21,M,M,M,M,M,M,M,M,M,M,M,M,M,M,M,M,55.40,FAOR 031600Z 30008KT CAVOK 13/M04 Q1027 NOSIG,M
FAOR,2026-07-03 16:30,53.60,24.80,32.45,300.00,9.00,0.00,30.33,M,6.21,M,M,M,M,M,M,M,M,M,M,M,M,M,M,M,M,53.60,FAOR 031630Z 30009KT CAVOK 12/M04 Q1027 NOSIG,M
FAOR,2026-07-03 17:00,51.80,24.80,34.67,310.00,9.00,0.00,30.33,M,6.21,M,M,M,M,M,M,M,M,M,M,M,M,M,M,M,M,51.80,FAOR 031700Z 31009KT 260V330 CAVOK 11/M04 Q1027 NOSIG,M
FAOR,2026-07-03 17:30,53.60,24.80,32.45,270.00,7.00,0.00,30.33,M,6.21,M,M,M,M,M,M,M,M,M,M,M,M,M,M,M,M,53.60,FAOR 031730Z 27007KT 190V300 CAVOK 12/M04 Q1027 NOSIG,M
FAOR,2026-07-03 18:00,51.80,23.00,32.15,280.00,7.00,0.00,30.33,M,6.21,M,M,M,M,M,M,M,M,M,M,M,M,M,M,M,M,51.80,FAOR 031800Z 28007KT 240V320 CAVOK 11/M05 Q1027 NOSIG,M
FAOR,2026-07-03 19:00,50.00,23.00,34.37,290.00,5.00,0.00,30.36,M,6.21,M,M,M,M,M,M,M,M,M,M,M,M,M,M,M,M,50.00,FAOR 031900Z 29005KT CAVOK 10/M05 Q1028 NOSIG,M
FAOR,2026-07-03 19:30,50.00,21.20,31.85,290.00,5.00,0.00,30.36,M,6.21,M,M,M,M,M,M,M,M,M,M,M,M,M,M,M,M,50.00,FAOR 031930Z 29005KT CAVOK 10/M06 Q1028 NOSIG,M
FAOR,2026-07-03 20:00,48.20,19.40,31.55,300.00,3.00,0.00,30.36,M,6.21,M,M,M,M,M,M,M,M,M,M,M,M,M,M,M,M,47.21,FAOR 032000Z 30003KT 240V340 CAVOK 09/M07 Q1028 NOSIG,M
FAOR,2026-07-03 21:00,46.40,19.40,33.76,330.00,6.00,0.00,30.36,M,6.21,M,M,M,M,M,M,M,M,M,M,M,M,M,M,M,M,42.87,FAOR 032100Z 33006KT 270V340 CAVOK 08/M07 Q1028 NOSIG,M
FAOR,2026-07-03 22:00,46.40,21.20,36.45,320.00,5.00,0.00,30.36,M,6.21,M,M,M,M,M,M,M,M,M,M,M,M,M,M,M,M,43.50,FAOR 032200Z 32005KT CAVOK 08/M06 Q1028 NOSIG,M
FAOR,2026-07-03 23:00,46.40,21.20,36.45,320.00,6.00,0.00,30.33,M,6.21,M,M,M,M,M,M,M,M,M,M,M,M,M,M,M,M,42.87,FAOR 032300Z 32006KT CAVOK 08/M06 Q1027 NOSIG,M
FAOR,2026-07-04 00:00,46.40,19.40,33.76,340.00,8.00,0.00,30.33,M,6.21,M,M,M,M,M,M,M,M,M,M,M,M,M,M,M,M,41.85,FAOR 040000Z 34008KT CAVOK 08/M07 Q1027 NOSIG,M
FAOR,2026-07-04 01:00,44.60,19.40,36.15,350.00,8.00,0.00,30.33,M,6.21,M,M,M,M,M,M,M,M,M,M,M,M,M,M,M,M,39.63,FAOR 040100Z 35008KT CAVOK 07/M07 Q1027 NOSIG,M
FAOR,2026-07-04 02:00,39.20,19.40,44.52,360.00,6.00,0.00,30.33,M,6.21,M,M,M,M,M,M,M,M,M,M,M,M,M,M,M,M,34.20,FAOR 040200Z 36006KT CAVOK 04/M07 Q1027 NOSIG,M
FAOR,2026-07-04 02:30,42.80,19.40,38.72,350.00,7.00,0.00,30.33,M,6.21,M,M,M,M,M,M,M,M,M,M,M,M,M,M,M,M,37.94,FAOR 040230Z 35007KT CAVOK 06/M07 Q1027 NOSIG,M
FAOR,2026-07-04 03:00,42.80,19.40,38.72,350.00,8.00,0.00,30.33,M,6.21,M,M,M,M,M,M,M,M,M,M,M,M,M,M,M,M,37.42,FAOR 040300Z 35008KT CAVOK 06/M07 Q1027 NOSIG,M
FAOR,2026-07-04 03:30,41.00,19.40,41.51,320.00,4.00,0.00,30.33,M,6.21,M,M,M,M,M,M,M,M,M,M,M,M,M,M,M,M,37.93,FAOR 040330Z 32004KT 260V350 CAVOK 05/M07 Q1027 NOSIG,M
FAOR,2026-07-04 04:00,41.00,19.40,41.51,300.00,3.00,0.00,30.33,M,6.21,M,M,M,M,M,M,M,M,M,M,M,M,M,M,M,M,38.98,FAOR 040400Z 30003KT 270V340 CAVOK 05/M07 Q1027 NOSIG,M
FAOR,2026-07-04 05:00,41.00,19.40,41.51,300.00,5.00,0.00,30.33,M,6.21,M,M,M,M,M,M,M,M,M,M,M,M,M,M,M,M,37.08,FAOR 040500Z 30005KT CAVOK 05/M07 Q1027 NOSIG,M
FAOR,2026-07-04 05:30,42.80,19.40,38.72,320.00,5.00,0.00,30.36,M,6.21,M,M,M,M,M,M,M,M,M,M,M,M,M,M,M,M,39.22,FAOR 040530Z 32005KT CAVOK 06/M07 Q1028 NOSIG,M
FAOR,2026-07-04 06:00,42.80,19.40,38.72,310.00,4.00,0.00,30.36,M,6.21,M,M,M,M,M,M,M,M,M,M,M,M,M,M,M,M,40.03,FAOR 040600Z 31004KT CAVOK 06/M07 Q1028 NOSIG,M
FAOR,2026-07-04 06:30,46.40,19.40,33.76,340.00,3.00,0.00,30.36,M,6.21,M,M,M,M,M,M,M,M,M,M,M,M,M,M,M,M,45.15,FAOR 040630Z 34003KT 300V020 CAVOK 08/M07 Q1028 NOSIG,M
FAOR,2026-07-04 07:00,48.20,21.20,34.06,320.00,4.00,0.00,30.36,M,6.21,M,M,M,M,M,M,M,M,M,M,M,M,M,M,M,M,46.34,FAOR 040700Z 32004KT 220V020 CAVOK 09/M06 Q1028 NOSIG,M
FAOR,2026-07-04 07:30,51.80,23.00,32.15,M,4.00,0.00,30.39,M,6.21,M,M,M,M,M,M,M,M,M,M,M,M,M,M,M,M,51.80,FAOR 040730Z VRB04KT CAVOK 11/M05 Q1029 NOSIG,M
FAOR,2026-07-04 08:00,53.60,17.60,23.91,290.00,7.00,0.00,30.39,M,6.21,M,M,M,M,M,M,M,M,M,M,M,M,M,M,M,M,53.60,FAOR 040800Z 29007KT 250V310 CAVOK 12/M08 Q1029 NOSIG,M
FAOR,2026-07-04 08:30,55.40,14.00,19.14,280.00,11.00,0.00,30.39,M,6.21,M,M,M,M,M,M,M,M,M,M,M,M,M,M,M,M,55.40,FAOR 040830Z 28011KT 190V320 CAVOK 13/M10 Q1029 NOSIG,M
FAOR,2026-07-04 09:00,55.40,15.80,20.71,260.00,10.00,0.00,30.39,M,6.21,M,M,M,M,M,M,M,M,M,M,M,M,M,M,M,M,55.40,FAOR 040900Z 26010KT 210V310 CAVOK 13/M09 Q1029 NOSIG,M
FAOR,2026-07-04 09:30,57.20,17.60,20.98,280.00,8.00,0.00,30.39,M,6.21,M,M,M,M,M,M,M,M,M,M,M,M,M,M,M,M,57.20,FAOR 040930Z 28008KT 240V350 CAVOK 14/M08 Q1029 NOSIG,M
FAOR,2026-07-04 10:00,59.00,17.60,19.66,M,7.00,0.00,30.36,M,6.21,M,M,M,M,M,M,M,M,M,M,M,M,M,M,M,M,59.00,FAOR 041000Z VRB07KT CAVOK 15/M08 Q1028 NOSIG,M
FAOR,2026-07-04 10:30,59.00,19.40,21.25,290.00,8.00,0.00,30.36,M,6.21,M,M,M,M,M,M,M,M,M,M,M,M,M,M,M,M,59.00,FAOR 041030Z 29008KT 220V320 CAVOK 15/M07 Q1028 NOSIG,M
FAOR,2026-07-04 11:00,59.00,17.60,19.66,310.00,8.00,0.00,30.36,M,6.21,M,M,M,M,M,M,M,M,M,M,M,M,M,M,M,M,59.00,FAOR 041100Z 31008KT 290V030 CAVOK 15/M08 Q1028 NOSIG,M
FAOR,2026-07-04 11:30,59.00,17.60,19.66,290.00,7.00,0.00,30.33,M,6.21,M,M,M,M,M,M,M,M,M,M,M,M,M,M,M,M,59.00,FAOR 041130Z 29007KT 250V330 CAVOK 15/M08 Q1027 NOSIG,M
FAOR,2026-07-04 12:00,60.80,17.60,18.44,280.00,7.00,0.00,30.33,M,6.21,M,M,M,M,M,M,M,M,M,M,M,M,M,M,M,M,60.80,FAOR 041200Z 28007KT 170V310 CAVOK 16/M08 Q1027 NOSIG,M
FAOR,2026-07-04 12:30,60.80,17.60,18.44,290.00,6.00,0.00,30.33,M,6.21,M,M,M,M,M,M,M,M,M,M,M,M,M,M,M,M,60.80,FAOR 041230Z 29006KT 230V330 CAVOK 16/M08 Q1027 NOSIG,M
FAOR,2026-07-04 13:00,60.80,17.60,18.44,290.00,7.00,0.00,30.33,M,6.21,M,M,M,M,M,M,M,M,M,M,M,M,M,M,M,M,60.80,FAOR 041300Z 29007KT 260V340 CAVOK 16/M08 Q1027 NOSIG,M
FAOR,2026-07-04 13:30,60.80,17.60,18.44,320.00,7.00,0.00,30.33,M,6.21,M,M,M,M,M,M,M,M,M,M,M,M,M,M,M,M,60.80,FAOR 041330Z 32007KT 280V360 CAVOK 16/M08 Q1027 NOSIG,M
FAOR,2026-07-04 14:00,60.80,17.60,18.44,290.00,6.00,0.00,30.33,M,6.21,M,M,M,M,M,M,M,M,M,M,M,M,M,M,M,M,60.80,FAOR 041400Z 29006KT CAVOK 16/M08 Q1027 NOSIG,M
FAOR,2026-07-04 14:30,60.80,17.60,18.44,320.00,5.00,0.00,30.33,M,6.21,M,M,M,M,M,M,M,M,M,M,M,M,M,M,M,M,60.80,FAOR 041430Z 32005KT 270V350 CAVOK 16/M08 Q1027 NOSIG,M
FAOR,2026-07-04 15:00,59.00,19.40,21.25,320.00,6.00,0.00,30.33,M,6.21,M,M,M,M,M,M,M,M,M,M,M,M,M,M,M,M,59.00,FAOR 041500Z 32006KT CAVOK 15/M07 Q1027 NOSIG,M
FAOR,2026-07-04 15:30,55.40,21.20,26.12,330.00,6.00,0.00,30.33,M,6.21,M,M,M,M,M,M,M,M,M,M,M,M,M,M,M,M,55.40,FAOR 041530Z 33006KT CAVOK 13/M06 Q1027 NOSIG,M
FAOR,2026-07-04 16:00,55.40,23.00,28.18,320.00,6.00,0.00,30.33,M,6.21,M,M,M,M,M,M,M,M,M,M,M,M,M,M,M,M,55.40,FAOR 041600Z 32006KT CAVOK 13/M05 Q1027 NOSIG,M
FAOR,2026-07-04 16:30,53.60,21.20,27.89,300.00,5.00,0.00,30.36,M,6.21,M,M,M,M,M,M,M,M,M,M,M,M,M,M,M,M,53.60,FAOR 041630Z 30005KT CAVOK 12/M06 Q1028 NOSIG,M
FAOR,2026-07-04 17:00,53.60,23.00,30.09,290.00,8.00,0.00,30.36,M,6.21,M,M,M,M,M,M,M,M,M,M,M,M,M,M,M,M,53.60,FAOR 041700Z 29008KT CAVOK 12/M05 Q1028 NOSIG,M
FAOR,2026-07-04 17:30,51.80,23.00,32.15,300.00,6.00,0.00,30.36,M,6.21,M,M,M,M,M,M,M,M,M,M,M,M,M,M,M,M,51.80,FAOR 041730Z 30006KT CAVOK 11/M05 Q1028 NOSIG,M
FAOR,2026-07-04 18:00,51.80,24.80,34.67,290.00,5.00,0.00,30.36,M,6.21,M,M,M,M,M,M,M,M,M,M,M,M,M,M,M,M,51.80,FAOR 041800Z 29005KT 210V320 CAVOK 11/M04 Q1028 NOSIG,M
FAOR,2026-07-04 18:30,51.80,23.00,32.15,280.00,7.00,0.00,30.39,M,6.21,M,M,M,M,M,M,M,M,M,M,M,M,M,M,M,M,51.80,FAOR 041830Z 28007KT CAVOK 11/M05 Q1029 NOSIG,M
FAOR,2026-07-04 19:00,51.80,23.00,32.15,270.00,6.00,0.00,30.39,M,6.21,M,M,M,M,M,M,M,M,M,M,M,M,M,M,M,M,51.80,FAOR 041900Z 27006KT 220V290 CAVOK 11/M05 Q1029 NOSIG,M
FAOR,2026-07-04 19:30,50.00,24.80,37.06,280.00,6.00,0.00,30.39,M,6.21,M,M,M,M,M,M,M,M,M,M,M,M,M,M,M,M,50.00,FAOR 041930Z 28006KT CAVOK 10/M04 Q1029 NOSIG,M
FAOR,2026-07-04 20:00,51.80,24.80,34.67,270.00,6.00,0.00,30.39,M,6.21,M,M,M,M,M,M,M,M,M,M,M,M,M,M,M,M,51.80,FAOR 042000Z 27006KT 210V320 CAVOK 11/M04 Q1029 NOSIG,M
FAOR,2026-07-04 20:30,50.00,24.80,37.06,270.00,7.00,0.00,30.36,M,6.21,M,M,M,M,M,M,M,M,M,M,M,M,M,M,M,M,50.00,FAOR 042030Z 27007KT CAVOK 10/M04 Q1028 NOSIG,M
FAOR,2026-07-04 21:00,51.80,24.80,34.67,260.00,6.00,0.00,30.36,M,6.21,16.00,M,M,M,M,M,M,M,M,M,M,M,M,M,M,M,51.80,FAOR 042100Z 26006G16KT 210V280 CAVOK 11/M04 Q1028 NOSIG,M
FAOR,2026-07-04 21:30,50.00,24.80,37.06,280.00,5.00,0.00,30.36,M,6.21,M,M,M,M,M,M,M,M,M,M,M,M,M,M,M,M,50.00,FAOR 042130Z 28005KT CAVOK 10/M04 Q1028 NOSIG,M
FAOR,2026-07-04 22:00,50.00,24.80,37.06,280.00,5.00,0.00,30.39,M,6.21,M,M,M,M,M,M,M,M,M,M,M,M,M,M,M,M,50.00,FAOR 042200Z 28005KT CAVOK 10/M04 Q1029 NOSIG,M
FAOR,2026-07-04 22:30,50.00,24.80,37.06,270.00,5.00,0.00,30.36,M,6.21,M,M,M,M,M,M,M,M,M,M,M,M,M,M,M,M,50.00,FAOR 042230Z 27005KT CAVOK 10/M04 Q1028 NOSIG,M
FAOR,2026-07-04 23:00,50.00,24.80,37.06,270.00,5.00,0.00,30.36,M,6.21,M,M,M,M,M,M,M,M,M,M,M,M,M,M,M,M,50.00,FAOR 042300Z 27005KT CAVOK 10/M04 Q1028 NOSIG,M
FAOR,2026-07-04 23:30,50.00,23.00,34.37,280.00,5.00,0.00,30.36,M,6.21,M,M,M,M,M,M,M,M,M,M,M,M,M,M,M,M,50.00,FAOR 042330Z 28005KT CAVOK 10/M05 Q1028 NOSIG,M
FAOR,2026-07-05 00:00,50.00,23.00,34.37,280.00,6.00,0.00,30.36,M,6.21,M,M,M,M,M,M,M,M,M,M,M,M,M,M,M,M,50.00,FAOR 050000Z 28006KT CAVOK 10/M05 Q1028 NOSIG,M
FAOR,2026-07-05 00:30,50.00,23.00,34.37,270.00,5.00,0.00,30.36,M,6.21,M,M,M,M,M,M,M,M,M,M,M,M,M,M,M,M,50.00,FAOR 050030Z 27005KT CAVOK 10/M05 Q1028 NOSIG,M
FAOR,2026-07-05 01:00,50.00,23.00,34.37,260.00,6.00,0.00,30.36,M,6.21,M,M,M,M,M,M,M,M,M,M,M,M,M,M,M,M,50.00,FAOR 050100Z 26006KT CAVOK 10/M05 Q1028 NOSIG,M
FAOR,2026-07-05 01:30,46.40,21.20,36.45,260.00,4.00,0.00,30.36,M,6.21,M,M,M,M,M,M,M,M,M,M,M,M,M,M,M,M,44.24,FAOR 050130Z 26004KT CAVOK 08/M06 Q1028 NOSIG,M
FAOR,2026-07-05 02:00,48.20,23.00,36.75,260.00,5.00,0.00,30.36,M,6.21,M,M,M,M,M,M,M,M,M,M,M,M,M,M,M,M,45.63,FAOR 050200Z 26005KT CAVOK 09/M05 Q1028 NOSIG,M
FAOR,2026-07-05 02:30,48.20,23.00,36.75,270.00,5.00,0.00,30.36,M,6.21,M,M,M,M,M,M,M,M,M,M,M,M,M,M,M,M,45.63,FAOR 050230Z 27005KT CAVOK 09/M05 Q1028 NOSIG,M
FAOR,2026-07-05 03:00,48.20,23.00,36.75,270.00,5.00,0.00,30.36,M,6.21,M,M,M,M,M,M,M,M,M,M,M,M,M,M,M,M,45.63,FAOR 050300Z 27005KT CAVOK 09/M05 Q1028 NOSIG,M
FAOR,2026-07-05 03:30,48.20,21.20,34.06,290.00,4.00,0.00,30.36,M,6.21,M,M,M,M,M,M,M,M,M,M,M,M,M,M,M,M,46.34,FAOR 050330Z 29004KT CAVOK 09/M06 Q1028 NOSIG,M
FAOR,2026-07-05 04:00,41.00,19.40,41.51,M,2.00,0.00,30.36,M,6.21,M,M,M,M,M,M,M,M,M,M,M,M,M,M,M,M,41.00,FAOR 050400Z VRB02KT CAVOK 05/M07 Q1028 NOSIG,M
FAOR,2026-07-05 04:30,37.40,23.00,55.66,190.00,7.00,0.00,30.39,M,6.21,M,M,M,M,M,M,M,M,M,M,M,M,M,M,M,M,31.36,FAOR 050430Z 19007KT CAVOK 03/M05 Q1029 NOSIG,M
FAOR,2026-07-05 05:00,41.00,23.00,48.36,200.00,6.00,0.00,30.39,M,6.21,M,M,M,M,M,M,M,M,M,M,M,M,M,M,M,M,36.37,FAOR 050500Z 20006KT CAVOK 05/M05 Q1029 NOSIG,M
FAOR,2026-07-05 05:30,42.80,23.00,45.11,200.00,6.00,0.00,30.42,M,6.21,M,M,M,M,M,M,M,M,M,M,M,M,M,M,M,M,38.54,FAOR 050530Z 20006KT CAVOK 06/M05 Q1030 NOSIG,M
FAOR,2026-07-05 06:00,44.60,26.60,48.94,210.00,4.00,0.00,30.42,M,6.21,M,M,M,M,M,M,M,M,M,M,M,M,M,M,M,M,42.13,FAOR 050600Z 21004KT CAVOK 07/M03 Q1030 NOSIG,M
FAOR,2026-07-05 06:30,51.80,23.00,32.15,170.00,4.00,0.00,30.42,M,6.21,M,M,M,M,M,M,M,M,M,M,M,M,M,M,M,M,51.80,FAOR 050630Z 17004KT 130V200 CAVOK 11/M05 Q1030 NOSIG,M
FAOR,2026-07-05 07:00,55.40,23.00,28.18,M,2.00,0.00,30.45,M,6.21,M,M,M,M,M,M,M,M,M,M,M,M,M,M,M,M,55.40,FAOR 050700Z VRB02KT CAVOK 13/M05 Q1031 NOSIG,M
FAOR,2026-07-05 07:30,59.00,21.20,22.94,190.00,4.00,0.00,30.45,M,6.21,M,M,M,M,M,M,M,M,M,M,M,M,M,M,M,M,59.00,FAOR 050730Z 19004KT 160V220 CAVOK 15/M06 Q1031 NOSIG,M
FAOR,2026-07-05 08:00,59.00,15.80,18.19,160.00,5.00,0.00,30.45,M,6.21,M,M,M,M,M,M,M,M,M,M,M,M,M,M,M,M,59.00,FAOR 050800Z 16005KT 130V220 CAVOK 15/M09 Q1031 NOSIG,M
FAOR,2026-07-05 08:30,60.80,17.60,18.44,M,5.00,0.00,30.45,M,6.21,M,M,M,M,M,M,M,M,M,M,M,M,M,M,M,M,60.80,FAOR 050830Z VRB05KT CAVOK 16/M08 Q1031 NOSIG,M
FAOR,2026-07-05 09:00,60.80,17.60,18.44,230.00,6.00,0.00,30.45,M,6.21,M,M,M,M,M,M,M,M,M,M,M,M,M,M,M,M,60.80,FAOR 050900Z 23006KT CAVOK 16/M08 Q1031 NOSIG,M
FAOR,2026-07-05 09:30,62.60,14.00,14.80,190.00,6.00,0.00,30.42,M,6.21,M,M,M,M,M,M,M,M,M,M,M,M,M,M,M,M,62.60,FAOR 050930Z 19006KT 150V230 CAVOK 17/M10 Q1030 NOSIG,M
FAOR,2026-07-05 10:00,62.60,14.00,14.80,230.00,4.00,0.00,30.42,M,6.21,M,M,M,M,M,M,M,M,M,M,M,M,M,M,M,M,62.60,FAOR 051000Z 23004KT 170V290 CAVOK 17/M10 Q1030 NOSIG,M
FAOR,2026-07-05 10:30,64.40,14.00,13.89,M,3.00,0.00,30.42,M,6.21,M,M,M,M,M,M,M,M,M,M,M,M,M,M,M,M,64.40,FAOR 051030Z VRB03KT CAVOK 18/M10 Q1030 NOSIG,M
FAOR,2026-07-05 11:00,62.60,14.00,14.80,M,3.00,0.00,30.42,M,6.21,M,M,M,M,M,M,M,M,M,M,M,M,M,M,M,M,62.60,FAOR 051100Z VRB03KT CAVOK 17/M10 Q1030 NOSIG,M
FAOR,2026-07-05 11:30,66.20,14.00,13.05,M,2.00,0.00,30.39,M,6.21,M,M,M,M,M,M,M,M,M,M,M,M,M,M,M,M,66.20,FAOR 051130Z VRB02KT CAVOK 19/M10 Q1029 NOSIG,M
FAOR,2026-07-05 12:00,64.40,14.00,13.89,50.00,4.00,0.00,30.39,M,6.21,15.00,M,M,M,M,M,M,M,M,M,M,M,M,M,M,M,64.40,FAOR 051200Z 05004G15KT 360V100 CAVOK 18/M10 Q1029 NOSIG,M
FAOR,2026-07-05 12:30,66.20,15.80,14.12,M,3.00,0.00,30.39,M,6.21,M,M,M,M,M,M,M,M,M,M,M,M,M,M,M,M,66.20,FAOR 051230Z VRB03KT CAVOK 19/M09 Q1029 NOSIG,M
FAOR,2026-07-05 13:00,68.00,14.00,12.26,M,2.00,0.00,30.39,M,6.21,M,M,M,M,M,M,M,M,M,M,M,M,M,M,M,M,68.00,FAOR 051300Z VRB02KT CAVOK 20/M10 Q1029 NOSIG,M
FAOR,2026-07-05 13:30,66.20,17.60,15.26,340.00,6.00,0.00,30.39,M,6.21,M,M,M,M,M,M,M,M,M,M,M,M,M,M,M,M,66.20,FAOR 051330Z 34006KT 300V030 CAVOK 19/M08 Q1029 NOSIG,M
FAOR,2026-07-05 14:00,66.20,15.80,14.12,10.00,4.00,0.00,30.39,M,6.21,M,M,M,M,M,M,M,M,M,M,M,M,M,M,M,M,66.20,FAOR 051400Z 01004KT 290V100 CAVOK 19/M09 Q1029 NOSIG,M
FAOR,2026-07-05 14:30,64.40,15.80,15.03,280.00,4.00,0.00,30.39,M,6.21,M,M,M,M,M,M,M,M,M,M,M,M,M,M,M,M,64.40,FAOR 051430Z 28004KT 250V350 CAVOK 18/M09 Q1029 NOSIG,M
FAOR,2026-07-05 15:00,62.60,15.80,16.01,290.00,5.00,0.00,30.39,M,6.21,M,M,M,M,M,M,M,M,M,M,M,M,M,M,M,M,62.60,FAOR 051500Z 29005KT CAVOK 17/M09 Q1029 NOSIG,M
FAOR,2026-07-05 15:30,60.80,15.80,17.06,290.00,4.00,0.00,30.39,M,6.21,M,M,M,M,M,M,M,M,M,M,M,M,M,M,M,M,60.80,FAOR 051530Z 29004KT CAVOK 16/M09 Q1029 NOSIG,M
FAOR,2026-07-05 16:00,59.00,15.80,18.19,290.00,4.00,0.00,30.42,M,6.21,M,M,M,M,M,M,M,M,M,M,M,M,M,M,M,M,59.00,FAOR 051600Z 29004KT 240V310 CAVOK 15/M09 Q1030 NOSIG,M
FAOR,2026-07-05 16:30,59.00,15.80,18.19,310.00,5.00,0.00,30.42,M,6.21,M,M,M,M,M,M,M,M,M,M,M,M,M,M,M,M,59.00,FAOR 051630Z 31005KT 260V330 CAVOK 15/M09 Q1030 NOSIG,M
FAOR,2026-07-05 17:00,57.20,17.60,20.98,320.00,3.00,0.00,30.42,M,6.21,M,M,M,M,M,M,M,M,M,M,M,M,M,M,M,M,57.20,FAOR 051700Z 32003KT CAVOK 14/M08 Q1030 NOSIG,M
FAOR,2026-07-05 17:30,57.20,19.40,22.66,300.00,4.00,0.00,30.42,M,6.21,M,M,M,M,M,M,M,M,M,M,M,M,M,M,M,M,57.20,FAOR 051730Z 30004KT 210V340 CAVOK 14/M07 Q1030 NOSIG,M
FAOR,2026-07-05 18:00,59.00,21.20,22.94,M,5.00,0.00,30.42,M,6.21,M,M,M,M,M,M,M,M,M,M,M,M,M,M,M,M,59.00,FAOR 051800Z VRB05KT CAVOK 15/M06 Q1030 NOSIG,M
FAOR,2026-07-05 18:30,55.40,21.20,26.12,310.00,5.00,0.00,30.45,M,6.21,M,M,M,M,M,M,M,M,M,M,M,M,M,M,M,M,55.40,FAOR 051830Z 31005KT 200V350 CAVOK 13/M06 Q1031 NOSIG,M
FAOR,2026-07-05 19:00,53.60,23.00,30.09,310.00,5.00,0.00,30.45,M,6.21,M,M,M,M,M,M,M,M,M,M,M,M,M,M,M,M,53.60,FAOR 051900Z 31005KT 220V350 CAVOK 12/M05 Q1031 NOSIG,M
FAOR,2026-07-05 19:30,53.60,23.00,30.09,310.00,5.00,0.00,30.45,M,6.21,M,M,M,M,M,M,M,M,M,M,M,M,M,M,M,M,53.60,FAOR 051930Z 31005KT 220V350 CAVOK 12/M05 Q1031 NOSIG,M
FAOR,2026-07-05 20:00,53.60,23.00,30.09,320.00,5.00,0.00,30.45,M,6.21,M,M,M,M,M,M,M,M,M,M,M,M,M,M,M,M,53.60,FAOR 052000Z 32005KT 260V350 CAVOK 12/M05 Q1031 NOSIG,M
FAOR,2026-07-05 20:30,53.60,21.20,27.89,320.00,5.00,0.00,30.45,M,6.21,M,M,M,M,M,M,M,M,M,M,M,M,M,M,M,M,53.60,FAOR 052030Z 32005KT 250V340 CAVOK 12/M06 Q1031 NOSIG,M
FAOR,2026-07-05 21:00,53.60,21.20,27.89,310.00,5.00,0.00,30.45,M,6.21,M,M,M,M,M,M,M,M,M,M,M,M,M,M,M,M,53.60,FAOR 052100Z 31005KT CAVOK 12/M06 Q1031 NOSIG,M
FAOR,2026-07-05 22:00,51.80,21.20,29.79,300.00,6.00,0.00,30.45,M,6.21,M,M,M,M,M,M,M,M,M,M,M,M,M,M,M,M,51.80,FAOR 052200Z 30006KT 250V310 CAVOK 11/M06 Q1031 NOSIG,M
FAOR,2026-07-05 23:00,50.00,21.20,31.85,310.00,5.00,0.00,30.47,M,6.21,M,M,M,M,M,M,M,M,M,M,M,M,M,M,M,M,50.00,FAOR 052300Z 31005KT CAVOK 10/M06 Q1032 NOSIG,M
FAOR,2026-07-06 00:00,51.80,19.40,27.60,330.00,7.00,0.00,30.47,M,6.21,M,M,M,M,M,M,M,M,M,M,M,M,M,M,M,M,51.80,FAOR 060000Z 33007KT CAVOK 11/M07 Q1032 NOSIG,M
FAOR,2026-07-06 01:00,50.00,19.40,29.50,310.00,6.00,0.00,30.47,M,6.21,M,M,M,M,M,M,M,M,M,M,M,M,M,M,M,M,50.00,FAOR 060100Z 31006KT CAVOK 10/M07 Q1032 NOSIG,M
FAOR,2026-07-06 02:00,46.40,21.20,36.45,320.00,4.00,0.00,30.47,M,6.21,M,M,M,M,M,M,M,M,M,M,M,M,M,M,M,M,44.24,FAOR 060200Z 32004KT CAVOK 08/M06 Q1032 NOSIG,M
FAOR,2026-07-06 02:30,46.40,26.60,45.70,340.00,3.00,0.00,30.47,M,6.21,M,M,M,M,M,M,M,M,M,M,M,M,M,M,M,M,45.15,FAOR 060230Z 34003KT CAVOK 08/M03 Q1032 NOSIG,M
FAOR,2026-07-06 03:00,46.40,32.00,56.99,340.00,5.00,0.00,30.47,M,6.21,M,M,M,M,M,M,M,M,M,M,M,M,M,M,M,M,43.50,FAOR 060300Z 34005KT CAVOK 08/00 Q1032 NOSIG,M
FAOR,2026-07-06 03:30,46.40,33.80,61.26,340.00,3.00,0.00,30.47,M,6.21,M,M,M,M,M,M,M,M,M,M,M,M,M,M,M,M,45.15,FAOR 060330Z 34003KT 310V010 CAVOK 08/01 Q1032 NOSIG,M
FAOR,2026-07-06 04:00,46.40,33.80,61.26,350.00,5.00,0.00,30.47,M,6.21,M,M,M,M,M,M,M,M,M,M,M,M,M,M,M,M,43.50,FAOR 060400Z 35005KT CAVOK 08/01 Q1032 NOSIG,M
FAOR,2026-07-06 04:30,46.40,33.80,61.26,360.00,4.00,0.00,30.47,M,6.21,M,M,M,M,M,M,M,M,M,M,M,M,M,M,M,M,44.24,FAOR 060430Z 36004KT CAVOK 08/01 Q1032 NOSIG,M
FAOR,2026-07-06 05:00,44.60,33.80,65.59,10.00,5.00,0.00,30.50,M,6.21,M,M,M,M,M,M,M,M,M,M,M,M,M,M,M,M,41.36,FAOR 060500Z 01005KT CAVOK 07/01 Q1033 NOSIG,M
FAOR,2026-07-06 06:00,48.20,37.40,66.04,360.00,4.00,0.00,30.50,M,6.21,M,M,M,M,M,M,M,M,M,M,M,M,M,M,M,M,46.34,FAOR 060600Z 36004KT 310V060 CAVOK 09/03 Q1033 NOSIG,M
FAOR,2026-07-06 06:30,51.80,37.40,57.76,360.00,6.00,0.00,30.53,M,6.21,M,M,M,M,M,M,M,M,M,M,M,M,M,M,M,M,51.80,FAOR 060630Z 36006KT CAVOK 11/03 Q1034 NOSIG,M
FAOR,2026-07-06 07:00,53.60,37.40,54.07,340.00,7.00,0.00,30.53,M,6.21,M,M,M,M,M,M,M,M,M,M,M,M,M,M,M,M,53.60,FAOR 060700Z 34007KT CAVOK 12/03 Q1034 NOSIG,M
FAOR,2026-07-06 08:00,55.40,37.40,50.63,340.00,6.00,0.00,30.56,M,6.21,M,M,M,M,M,M,M,M,M,M,M,M,M,M,M,M,55.40,FAOR 060800Z 34006KT 300V020 CAVOK 13/03 Q1035 NOSIG,M
FAOR,2026-07-06 09:00,59.00,32.00,35.86,280.00,6.00,0.00,30.53,M,6.21,M,M,M,M,M,M,M,M,M,M,M,M,M,M,M,M,59.00,FAOR 060900Z 28006KT 210V340 CAVOK 15/00 Q1034 NOSIG,M
FAOR,2026-07-06 09:30,62.60,32.00,31.56,M,5.00,0.00,30.53,M,6.21,15.00,M,M,M,M,M,M,M,M,M,M,M,M,M,M,M,62.60,FAOR 060930Z VRB05G15KT CAVOK 17/M00 Q1034 NOSIG,M
FAOR,2026-07-06 10:00,62.60,30.20,29.34,M,4.00,0.00,30.53,M,6.21,M,M,M,M,M,M,M,M,M,M,M,M,M,M,M,M,62.60,FAOR 061000Z VRB04KT CAVOK 17/M01 Q1034 NOSIG,M
FAOR,2026-07-06 10:30,64.40,24.80,22.05,230.00,5.00,0.00,30.50,M,6.21,M,M,M,M,M,M,M,M,M,M,M,M,M,M,M,M,64.40,FAOR 061030Z 23005KT 140V270 CAVOK 18/M04 Q1033 NOSIG,M
FAOR,2026-07-06 11:00,64.40,24.80,22.05,M,4.00,0.00,30.50,M,6.21,M,M,M,M,M,M,M,M,M,M,M,M,M,M,M,M,64.40,FAOR 061100Z VRB04KT CAVOK 18/M04 Q1033 NOSIG,M
FAOR,2026-07-06 11:30,66.20,23.00,19.21,90.00,3.00,0.00,30.47,M,6.21,M,M,M,M,M,M,M,M,M,M,M,M,M,M,M,M,66.20,FAOR 061130Z 09003KT 020V180 CAVOK 19/M05 Q1032 NOSIG,M
FAOR,2026-07-06 12:00,66.20,23.00,19.21,100.00,7.00,0.00,30.47,M,6.21,M,M,M,M,M,M,M,M,M,M,M,M,M,M,M,M,66.20,FAOR 061200Z 10007KT 050V140 CAVOK 19/M05 Q1032 NOSIG,M
FAOR,2026-07-06 12:30,66.20,21.20,17.81,M,2.00,0.00,30.47,M,6.21,M,M,M,M,M,M,M,M,M,M,M,M,M,M,M,M,66.20,FAOR 061230Z VRB02KT CAVOK 19/M06 Q1032 NOSIG,M
FAOR,2026-07-06 13:00,66.20,19.40,16.49,M,2.00,0.00,30.47,M,6.21,M,M,M,M,M,M,M,M,M,M,M,M,M,M,M,M,66.20,FAOR 061300Z VRB02KT CAVOK 19/M07 Q1032 NOSIG,M
FAOR,2026-07-06 13:30,66.20,19.40,16.49,210.00,4.00,0.00,30.47,M,6.21,M,M,M,M,M,M,M,M,M,M,M,M,M,M,M,M,66.20,FAOR 061330Z 21004KT 180V270 CAVOK 19/M07 Q1032 NOSIG,M
FAOR,2026-07-06 14:00,66.20,19.40,16.49,220.00,3.00,0.00,30.47,M,6.21,M,M,M,M,M,M,M,M,M,M,M,M,M,M,M,M,66.20,FAOR 061400Z 22003KT 160V280 CAVOK 19/M07 Q1032 NOSIG,M
FAOR,2026-07-06 14:30,66.20,19.40,16.49,M,2.00,0.00,30.47,M,6.21,M,M,M,M,M,M,M,M,M,M,M,M,M,M,M,M,66.20,FAOR 061430Z VRB02KT CAVOK 19/M07 Q1032 NOSIG,M
FAOR,2026-07-06 15:00,64.40,19.40,17.56,M,2.00,0.00,30.47,M,6.21,M,M,M,M,M,M,M,M,M,M,M,M,M,M,M,M,64.40,FAOR 061500Z VRB02KT CAVOK 18/M07 Q1032 NOSIG,M
FAOR,2026-07-06 15:30,60.80,19.40,19.93,0.00,0.00,0.00,30.50,M,6.21,M,M,M,M,M,M,M,M,M,M,M,M,M,M,M,M,60.80,FAOR 061530Z 00000KT CAVOK 16/M07 Q1033 NOSIG,M
FAOR,2026-07-06 16:00,59.00,26.60,28.76,300.00,4.00,0.00,30.50,M,6.21,M,M,M,M,M,M,M,M,M,M,M,M,M,M,M,M,59.00,FAOR 061600Z 30004KT 240V360 CAVOK 15/M03 Q1033 NOSIG,M
FAOR,2026-07-06 16:30,59.00,30.20,33.34,320.00,5.00,0.00,30.50,M,6.21,M,M,M,M,M,M,M,M,M,M,M,M,M,M,M,M,59.00,FAOR 061630Z 32005KT 250V340 CAVOK 15/M01 Q1033 NOSIG,M
FAOR,2026-07-06 17:00,59.00,32.00,35.86,290.00,5.00,0.00,30.53,M,6.21,M,M,M,M,M,M,M,M,M,M,M,M,M,M,M,M,59.00,FAOR 061700Z 29005KT 200V320 CAVOK 15/00 Q1034 NOSIG,M
FAOR,2026-07-06 17:30,57.20,32.00,38.25,280.00,7.00,0.00,30.53,M,6.21,18.00,M,M,M,M,M,M,M,M,M,M,M,M,M,M,M,57.20,FAOR 061730Z 28007G18KT 200V310 CAVOK 14/00 Q1034 NOSIG,M
FAOR,2026-07-06 18:00,59.00,30.20,33.34,240.00,9.00,0.00,30.53,M,6.21,M,M,M,M,M,M,M,M,M,M,M,M,M,M,M,M,59.00,FAOR 061800Z 24009KT 190V290 CAVOK 15/M01 Q1034 NOSIG,M
FAOR,2026-07-06 18:30,57.20,28.40,33.04,290.00,6.00,0.00,30.53,M,6.21,M,M,M,M,M,M,M,M,M,M,M,M,M,M,M,M,57.20,FAOR 061830Z 29006KT CAVOK 14/M02 Q1034 NOSIG,M
FAOR,2026-07-06 19:00,57.20,30.20,35.56,270.00,6.00,0.00,30.53,M,6.21,M,M,M,M,M,M,M,M,M,M,M,M,M,M,M,M,57.20,FAOR 061900Z 27006KT 210V290 CAVOK 14/M01 Q1034 NOSIG,M
FAOR,2026-07-06 19:30,55.40,30.20,37.96,300.00,5.00,0.00,30.53,M,6.21,M,M,M,M,M,M,M,M,M,M,M,M,M,M,M,M,55.40,FAOR 061930Z 30005KT 240V310 CAVOK 13/M01 Q1034 NOSIG,M
FAOR,2026-07-06 20:00,53.60,32.00,43.60,290.00,4.00,0.00,30.56,M,6.21,M,M,M,M,M,M,M,M,M,M,M,M,M,M,M,M,53.60,FAOR 062000Z 29004KT CAVOK 12/00 Q1035 NOSIG,M
FAOR,2026-07-06 20:30,55.40,33.80,43.89,290.00,6.00,0.00,30.56,M,6.21,M,M,M,M,M,M,M,M,M,M,M,M,M,M,M,M,55.40,FAOR 062030Z 29006KT 230V300 CAVOK 13/01 Q1035 NOSIG,M
FAOR,2026-07-06 21:00,53.60,33.80,46.87,310.00,6.00,0.00,30.56,M,6.21,M,M,M,M,M,M,M,M,M,M,M,M,M,M,M,M,53.60,FAOR 062100Z 31006KT CAVOK 12/01 Q1035 NOSIG,M
FAOR,2026-07-06 22:00,53.60,35.60,50.35,300.00,6.00,0.00,30.53,M,6.21,M,M,M,M,M,M,M,M,M,M,M,M,M,M,M,M,53.60,FAOR 062200Z 30006KT CAVOK 12/02 Q1034 NOSIG,M
FAOR,2026-07-06 23:00,57.20,35.60,44.18,320.00,6.00,0.00,30.56,M,6.21,M,M,M,M,M,M,M,M,M,M,M,M,M,M,M,M,57.20,FAOR 062300Z 32006KT CAVOK 14/02 Q1035 NOSIG,M
FAOR,2026-07-07 00:00,51.80,33.80,50.07,300.00,5.00,0.00,30.56,M,6.21,M,M,M,M,M,M,M,M,M,M,M,M,M,M,M,M,51.80,FAOR 070000Z 30005KT CAVOK 11/01 Q1035 NOSIG,M
FAOR,2026-07-07 01:00,51.80,33.80,50.07,290.00,5.00,0.00,30.53,M,6.21,M,M,M,M,M,M,M,M,M,M,M,M,M,M,M,M,51.80,FAOR 070100Z 29005KT CAVOK 11/01 Q1034 NOSIG,M
FAOR,2026-07-07 02:00,50.00,33.80,53.52,310.00,5.00,0.00,30.53,M,6.21,M,M,M,M,M,M,M,M,M,M,M,M,M,M,M,M,50.00,FAOR 070200Z 31005KT CAVOK 10/01 Q1034 NOSIG,M
FAOR,2026-07-07 02:30,50.00,33.80,53.52,290.00,5.00,0.00,30.53,M,6.21,M,M,M,M,M,M,M,M,M,M,M,M,M,M,M,M,50.00,FAOR 070230Z 29005KT CAVOK 10/01 Q1034 NOSIG,M
FAOR,2026-07-07 03:00,42.80,32.00,65.36,M,1.00,0.00,30.53,M,6.21,M,M,M,M,M,M,M,M,M,M,M,M,M,M,M,M,42.80,FAOR 070300Z VRB01KT CAVOK 06/M00 Q1034 NOSIG,M
FAOR,2026-07-07 03:30,41.00,32.00,70.06,20.00,3.00,0.00,30.53,M,6.21,M,M,M,M,M,M,M,M,M,M,M,M,M,M,M,M,38.98,FAOR 070330Z 02003KT CAVOK 05/00 Q1034 NOSIG,M
FAOR,2026-07-07 04:00,42.80,33.80,70.27,350.00,5.00,0.00,30.56,M,6.21,M,M,M,M,M,M,M,M,M,M,M,M,M,M,M,M,39.22,FAOR 070400Z 35005KT CAVOK 06/01 Q1035 NOSIG,M
FAOR,2026-07-07 04:30,46.40,32.00,56.99,310.00,3.00,0.00,30.56,M,6.21,M,M,M,M,M,M,M,M,M,M,M,M,M,M,M,M,45.15,FAOR 070430Z 31003KT CAVOK 08/00 Q1035 NOSIG,M
FAOR,2026-07-07 05:00,46.40,33.80,61.26,300.00,2.00,0.00,30.56,M,6.21,M,M,M,M,M,M,M,M,M,M,M,M,M,M,M,M,46.40,FAOR 070500Z 30002KT CAVOK 08/01 Q1035 NOSIG,M
FAOR,2026-07-07 05:30,46.40,33.80,61.26,280.00,3.00,0.00,30.56,M,6.21,M,M,M,M,M,M,M,M,M,M,M,M,M,M,M,M,45.15,FAOR 070530Z 28003KT 230V300 CAVOK 08/01 Q1035 NOSIG,M
FAOR,2026-07-07 06:00,51.80,35.60,53.80,M,1.00,0.00,30.56,M,6.21,M,M,M,M,M,M,M,M,M,M,M,M,M,M,M,M,51.80,FAOR 070600Z VRB01KT CAVOK 11/02 Q1035 NOSIG,M
FAOR,2026-07-07 06:30,55.40,35.60,47.15,M,1.00,0.00,30.59,M,6.21,M,M,M,M,M,M,M,M,M,M,M,M,M,M,M,M,55.40,FAOR 070630Z VRB01KT CAVOK 13/02 Q1036 NOSIG,M
FAOR,2026-07-07 07:00,57.20,35.60,44.18,M,1.00,0.00,30.59,M,6.21,M,M,M,M,M,M,M,M,M,M,M,M,M,M,M,M,57.20,FAOR 070700Z VRB01KT CAVOK 14/02 Q1036 NOSIG,M
FAOR,2026-07-07 07:30,57.20,35.60,44.18,240.00,3.00,0.00,30.59,M,6.21,M,M,M,M,M,M,M,M,M,M,M,M,M,M,M,M,57.20,FAOR 070730Z 24003KT 200V290 CAVOK 14/02 Q1036 NOSIG,M
FAOR,2026-07-07 08:00,59.00,35.60,41.42,M,3.00,0.00,30.59,M,6.21,M,M,M,M,M,M,M,M,M,M,M,M,M,M,M,M,59.00,FAOR 070800Z VRB03KT CAVOK 15/02 Q1036 NOSIG,M
FAOR,2026-07-07 08:30,60.80,33.80,36.16,200.00,7.00,0.00,30.59,M,6.21,M,M,M,M,M,M,M,M,M,M,M,M,M,M,M,M,60.80,FAOR 070830Z 20007KT 160V240 CAVOK 16/01 Q1036 NOSIG,M
FAOR,2026-07-07 09:00,62.60,33.80,33.93,170.00,6.00,0.00,30.59,M,6.21,M,M,M,M,M,M,M,M,M,M,M,M,M,M,M,M,62.60,FAOR 070900Z 17006KT 120V240 CAVOK 17/01 Q1036 NOSIG,M
FAOR,2026-07-07 09:30,62.60,32.00,31.56,M,5.00,0.00,30.59,M,6.21,M,M,M,M,M,M,M,M,M,M,M,M,M,M,M,M,62.60,FAOR 070930Z VRB05KT CAVOK 17/M00 Q1036 NOSIG,M
FAOR,2026-07-07 10:00,64.40,28.40,25.60,160.00,6.00,0.00,30.56,M,6.21,M,M,M,M,M,M,M,M,M,M,M,M,M,M,M,M,64.40,FAOR 071000Z 16006KT 100V220 CAVOK 18/M02 Q1035 NOSIG,M
FAOR,2026-07-07 10:30,64.40,28.40,25.60,180.00,7.00,0.00,30.56,M,6.21,M,M,M,M,M,M,M,M,M,M,M,M,M,M,M,M,64.40,FAOR 071030Z 18007KT 130V240 CAVOK 18/M02 Q1035 NOSIG,M
FAOR,2026-07-07 11:00,64.40,26.60,23.77,170.00,8.00,0.00,30.53,M,6.21,M,M,M,M,M,M,M,M,M,M,M,M,M,M,M,M,64.40,FAOR 071100Z 17008KT 100V200 CAVOK 18/M03 Q1034 NOSIG,M
FAOR,2026-07-07 11:30,64.40,24.80,22.05,220.00,6.00,0.00,30.53,M,6.21,M,M,M,M,M,M,M,M,M,M,M,M,M,M,M,M,64.40,FAOR 071130Z 22006KT 190V260 CAVOK 18/M04 Q1034 NOSIG,M
FAOR,2026-07-07 12:00,66.20,30.20,25.88,170.00,4.00,0.00,30.53,M,6.21,M,M,M,M,M,M,M,M,M,M,M,M,M,M,M,M,66.20,FAOR 071200Z 17004KT 120V240 CAVOK 19/M01 Q1034 NOSIG,M
FAOR,2026-07-07 12:30,64.40,28.40,25.60,220.00,6.00,0.00,30.53,M,6.21,M,M,M,M,M,M,M,M,M,M,M,M,M,M,M,M,64.40,FAOR 071230Z 22006KT 180V280 CAVOK 18/M02 Q1034 NOSIG,M
FAOR,2026-07-07 13:00,66.20,26.60,22.32,170.00,5.00,0.00,30.50,M,6.21,M,M,M,M,M,M,M,M,M,M,M,M,M,M,M,M,66.20,FAOR 071300Z 17005KT 120V210 CAVOK 19/M03 Q1033 NOSIG,M
FAOR,2026-07-07 13:30,66.20,26.60,22.32,210.00,5.00,0.00,30.50,M,6.21,M,M,M,M,M,M,M,M,M,M,M,M,M,M,M,M,66.20,FAOR 071330Z 21005KT 160V290 CAVOK 19/M03 Q1033 NOSIG,M
FAOR,2026-07-07 14:00,64.40,26.60,23.77,180.00,6.00,0.00,30.50,M,6.21,M,M,M,M,M,M,M,M,M,M,M,M,M,M,M,M,64.40,FAOR 071400Z 18006KT CAVOK 18/M03 Q1033 NOSIG,M
FAOR,2026-07-07 14:30,62.60,28.40,27.26,180.00,5.00,0.00,30.50,M,6.21,M,M,M,M,M,M,M,M,M,M,M,M,M,M,M,M,62.60,FAOR 071430Z 18005KT CAVOK 17/M02 Q1033 NOSIG,M
FAOR,2026-07-07 15:00,60.80,26.60,26.98,170.00,5.00,0.00,30.53,M,6.21,M,M,M,M,M,M,M,M,M,M,M,M,M,M,M,M,60.80,FAOR 071500Z 17005KT CAVOK 16/M03 Q1034 NOSIG,M
FAOR,2026-07-07 15:30,59.00,26.60,28.76,200.00,4.00,0.00,30.53,M,6.21,M,M,M,M,M,M,M,M,M,M,M,M,M,M,M,M,59.00,FAOR 071530Z 20004KT CAVOK 15/M03 Q1034 NOSIG,M
FAOR,2026-07-07 16:00,57.20,26.60,30.68,190.00,4.00,0.00,30.53,M,6.21,M,M,M,M,M,M,M,M,M,M,M,M,M,M,M,M,57.20,FAOR 071600Z 19004KT CAVOK 14/M03 Q1034 NOSIG,M
FAOR,2026-07-07 16:30,55.40,26.60,32.75,190.00,5.00,0.00,30.53,M,6.21,M,M,M,M,M,M,M,M,M,M,M,M,M,M,M,M,55.40,FAOR 071630Z 19005KT CAVOK 13/M03 Q1034 NOSIG,M
FAOR,2026-07-07 17:00,55.40,26.60,32.75,200.00,6.00,0.00,30.53,M,6.21,M,M,M,M,M,M,M,M,M,M,M,M,M,M,M,M,55.40,FAOR 071700Z 20006KT CAVOK 13/M03 Q1034 NOSIG,M
FAOR,2026-07-07 17:30,55.40,24.80,30.39,190.00,7.00,0.00,30.53,M,6.21,M,M,M,M,M,M,M,M,M,M,M,M,M,M,M,M,55.40,FAOR 071730Z 19007KT 150V210 CAVOK 13/M04 Q1034 NOSIG,M
FAOR,2026-07-07 18:00,51.80,26.60,37.36,200.00,6.00,0.00,30.53,M,6.21,M,M,M,M,M,M,M,M,M,M,M,M,M,M,M,M,51.80,FAOR 071800Z 20006KT CAVOK 11/M03 Q1034 NOSIG,M
FAOR,2026-07-07 19:00,48.20,26.60,42.71,200.00,6.00,0.00,30.53,M,6.21,M,M,M,M,M,M,M,M,M,M,M,M,M,M,M,M,45.04,FAOR 071900Z 20006KT CAVOK 09/M03 Q1034 NOSIG,M
FAOR,2026-07-07 20:00,51.80,26.60,37.36,190.00,6.00,0.00,30.53,M,6.21,M,M,M,M,M,M,M,M,M,M,M,M,M,M,M,M,51.80,FAOR 072000Z 19006KT CAVOK 11/M03 Q1034 NOSIG,M
FAOR,2026-07-07 21:00,50.00,24.80,37.06,210.00,7.00,0.00,30.50,M,6.21,M,M,M,M,M,M,M,M,M,M,M,M,M,M,M,M,50.00,FAOR 072100Z 21007KT CAVOK 10/M04 Q1033 NOSIG,M
FAOR,2026-07-07 22:00,48.20,24.80,39.63,200.00,5.00,0.00,30.50,M,6.21,M,M,M,M,M,M,M,M,M,M,M,M,M,M,M,M,45.63,FAOR 072200Z 20005KT CAVOK 09/M04 Q1033 NOSIG,M
FAOR,2026-07-07 23:00,48.20,24.80,39.63,210.00,6.00,0.00,30.47,M,6.21,M,M,M,M,M,M,M,M,M,M,M,M,M,M,M,M,45.04,FAOR 072300Z 21006KT CAVOK 09/M04 Q1032 NOSIG,M
FAOR,2026-07-08 00:00,44.60,24.80,45.41,210.00,6.00,0.00,30.47,M,6.21,M,M,M,M,M,M,M,M,M,M,M,M,M,M,M,M,40.71,FAOR 080000Z COR 21006KT CAVOK 07/M04 Q1032 NOSIG,M
FAOR,2026-07-08 01:00,42.80,24.80,48.65,160.00,5.00,0.00,30.47,M,6.21,M,M,M,M,M,M,M,M,M,M,M,M,M,M,M,M,39.22,FAOR 080100Z 16005KT CAVOK 06/M04 Q1032 NOSIG,M
FAOR,2026-07-08 02:00,41.00,24.80,52.14,170.00,3.00,0.00,30.47,M,4.97,M,NSC,M,M,M,M,M,M,M,M,M,M,M,M,M,M,38.98,FAOR 080200Z 17003KT 100V190 8000 NSC 05/M04 Q1032 NOSIG,M
FAOR,2026-07-08 03:00,42.80,26.60,52.42,180.00,6.00,0.00,30.45,M,6.21,M,M,M,M,M,M,M,M,M,M,M,M,M,M,M,M,38.54,FAOR 080300Z 18006KT CAVOK 06/M03 Q1031 NOSIG,M
FAOR,2026-07-08 04:00,44.60,24.80,45.41,210.00,7.00,0.00,30.45,M,6.21,M,M,M,M,M,M,M,M,M,M,M,M,M,M,M,M,40.14,FAOR 080400Z 21007KT CAVOK 07/M04 Q1031 NOSIG,M
FAOR,2026-07-08 04:30,41.00,26.60,56.19,200.00,8.00,0.00,30.45,M,6.21,M,M,M,M,M,M,M,M,M,M,M,M,M,M,M,M,35.20,FAOR 080430Z 20008KT CAVOK 05/M03 Q1031 NOSIG,M
FAOR,2026-07-08 05:00,41.00,26.60,56.19,210.00,7.00,0.00,30.45,M,6.21,M,M,M,M,M,M,M,M,M,M,M,M,M,M,M,M,35.75,FAOR 080500Z 21007KT CAVOK 05/M03 Q1031 NOSIG,M
FAOR,2026-07-08 05:30,42.80,26.60,52.42,200.00,7.00,0.00,30.45,M,6.21,M,M,M,M,M,M,M,M,M,M,M,M,M,M,M,M,37.94,FAOR 080530Z 20007KT CAVOK 06/M03 Q1031 NOSIG,M
FAOR,2026-07-08 06:00,46.40,28.40,49.22,200.00,8.00,0.00,30.45,M,6.21,M,M,M,M,M,M,M,M,M,M,M,M,M,M,M,M,41.85,FAOR 080600Z 20008KT CAVOK 08/M02 Q1031 NOSIG,M
FAOR,2026-07-08 06:30,51.80,28.40,40.23,200.00,6.00,0.00,30.45,M,6.21,M,M,M,M,M,M,M,M,M,M,M,M,M,M,M,M,51.80,FAOR 080630Z 20006KT CAVOK 11/M02 Q1031 NOSIG,M
FAOR,2026-07-08 07:00,55.40,26.60,32.75,190.00,5.00,0.00,30.45,M,6.21,M,M,M,M,M,M,M,M,M,M,M,M,M,M,M,M,55.40,FAOR 080700Z 19005KT CAVOK 13/M03 Q1031 NOSIG,M
FAOR,2026-07-08 07:30,59.00,24.80,26.69,200.00,7.00,0.00,30.45,M,6.21,M,M,M,M,M,M,M,M,M,M,M,M,M,M,M,M,59.00,FAOR 080730Z 20007KT CAVOK 15/M04 Q1031 NOSIG,M
FAOR,2026-07-08 08:00,59.00,24.80,26.69,190.00,8.00,0.00,30.47,M,6.21,M,M,M,M,M,M,M,M,M,M,M,M,M,M,M,M,59.00,FAOR 080800Z 19008KT CAVOK 15/M04 Q1032 NOSIG,M
FAOR,2026-07-08 08:30,62.60,28.40,27.26,200.00,7.00,0.00,30.45,M,6.21,M,M,M,M,M,M,M,M,M,M,M,M,M,M,M,M,62.60,FAOR 080830Z 20007KT CAVOK 17/M02 Q1031 NOSIG,M
FAOR,2026-07-08 09:00,62.60,24.80,23.49,190.00,7.00,0.00,30.45,M,6.21,M,M,M,M,M,M,M,M,M,M,M,M,M,M,M,M,62.60,FAOR 080900Z 19007KT 160V220 CAVOK 17/M04 Q1031 NOSIG,M
FAOR,2026-07-08 09:30,64.40,24.80,22.05,190.00,7.00,0.00,30.45,M,6.21,M,M,M,M,M,M,M,M,M,M,M,M,M,M,M,M,64.40,FAOR 080930Z 19007KT CAVOK 18/M04 Q1031 NOSIG,M
FAOR,2026-07-08 10:00,64.40,19.40,17.56,210.00,5.00,0.00,30.42,M,6.21,M,M,M,M,M,M,M,M,M,M,M,M,M,M,M,M,64.40,FAOR 081000Z 21005KT 160V270 CAVOK 18/M07 Q1030 NOSIG,M
FAOR,2026-07-08 10:30,64.40,19.40,17.56,M,5.00,0.00,30.42,M,6.21,M,M,M,M,M,M,M,M,M,M,M,M,M,M,M,M,64.40,FAOR 081030Z VRB05KT CAVOK 18/M07 Q1030 NOSIG,M
FAOR,2026-07-08 11:00,66.20,21.20,17.81,M,3.00,0.00,30.39,M,6.21,M,M,M,M,M,M,M,M,M,M,M,M,M,M,M,M,66.20,FAOR 081100Z VRB03KT CAVOK 19/M06 Q1029 NOSIG,M
FAOR,2026-07-08 11:30,66.20,21.20,17.81,220.00,5.00,0.00,30.36,M,6.21,M,M,M,M,M,M,M,M,M,M,M,M,M,M,M,M,66.20,FAOR 081130Z 22005KT 170V280 CAVOK 19/M06 Q1028 NOSIG,M
FAOR,2026-07-08 12:00,68.00,23.00,18.06,200.00,5.00,0.00,30.36,M,6.21,M,M,M,M,M,M,M,M,M,M,M,M,M,M,M,M,68.00,FAOR 081200Z 20005KT 150V260 CAVOK 20/M05 Q1028 NOSIG,M
FAOR,2026-07-08 12:30,68.00,19.40,15.50,200.00,8.00,0.00,30.36,M,6.21,M,M,M,M,M,M,M,M,M,M,M,M,M,M,M,M,68.00,FAOR 081230Z 20008KT 160V230 CAVOK 20/M07 Q1028 NOSIG,M
FAOR,2026-07-08 13:00,68.00,19.40,15.50,180.00,7.00,0.00,30.33,M,6.21,M,M,M,M,M,M,M,M,M,M,M,M,M,M,M,M,68.00,FAOR 081300Z 18007KT 140V210 CAVOK 20/M07 Q1027 NOSIG,M
FAOR,2026-07-08 13:30,66.20,19.40,16.49,170.00,7.00,0.00,30.33,M,6.21,M,M,M,M,M,M,M,M,M,M,M,M,M,M,M,M,66.20,FAOR 081330Z 17007KT 140V210 CAVOK 19/M07 Q1027 NOSIG,M
FAOR,2026-07-08 14:00,66.20,19.40,16.49,200.00,8.00,0.00,30.33,M,6.21,M,M,M,M,M,M,M,M,M,M,M,M,M,M,M,M,66.20,FAOR 081400Z 20008KT CAVOK 19/M07 Q1027 NOSIG,M
FAOR,2026-07-08 14:30,64.40,19.40,17.56,200.00,7.00,0.00,30.33,M,6.21,M,M,M,M,M,M,M,M,M,M,M,M,M,M,M,M,64.40,FAOR 081430Z 20007KT CAVOK 18/M07 Q1027 NOSIG,M
FAOR,2026-07-08 15:00,62.60,19.40,18.70,210.00,7.00,0.00,30.33,M,6.21,M,M,M,M,M,M,M,M,M,M,M,M,M,M,M,M,62.60,FAOR 081500Z 21007KT CAVOK 17/M07 Q1027 NOSIG,M
FAOR,2026-07-08 15:30,57.20,21.20,24.47,190.00,7.00,0.00,30.33,M,6.21,M,M,M,M,M,M,M,M,M,M,M,M,M,M,M,M,57.20,FAOR 081530Z 19007KT CAVOK 14/M06 Q1027 NOSIG,M
FAOR,2026-07-08 16:00,55.40,21.20,26.12,190.00,6.00,0.00,30.33,M,6.21,M,M,M,M,M,M,M,M,M,M,M,M,M,M,M,M,55.40,FAOR 081600Z 19006KT CAVOK 13/M06 Q1027 NOSIG,M
FAOR,2026-07-08 16:30,57.20,21.20,24.47,190.00,5.00,0.00,30.36,M,5.59,M,NSC,M,M,M,M,M,M,M,M,M,M,M,M,M,M,57.20,FAOR 081630Z 19005KT 160V220 9000 NSC 14/M06 Q1028 NOSIG,M
FAOR,2026-07-08 17:00,55.40,21.20,26.12,200.00,5.00,0.00,30.36,M,5.59,M,NSC,M,M,M,M,M,M,M,M,M,M,M,M,M,M,55.40,FAOR 081700Z 20005KT 9000 NSC 13/M06 Q1028 NOSIG,M
FAOR,2026-07-08 17:30,55.40,19.40,24.19,180.00,7.00,0.00,30.36,M,6.21,M,M,M,M,M,M,M,M,M,M,M,M,M,M,M,M,55.40,FAOR 081730Z 18007KT 130V200 CAVOK 13/M07 Q1028 NOSIG,M
FAOR,2026-07-08 18:00,51.80,21.20,29.79,190.00,6.00,0.00,30.36,M,6.21,M,M,M,M,M,M,M,M,M,M,M,M,M,M,M,M,51.80,FAOR 081800Z 19006KT 160V230 CAVOK 11/M06 Q1028 NOSIG,M
FAOR,2026-07-08 18:30,51.80,23.00,32.15,210.00,6.00,0.00,30.36,M,5.59,M,NSC,M,M,M,M,M,M,M,M,M,M,M,M,M,M,51.80,FAOR 081830Z 21006KT 9000 NSC 11/M05 Q1028 NOSIG,M
FAOR,2026-07-08 19:00,50.00,23.00,34.37,210.00,5.00,0.00,30.36,M,6.21,M,M,M,M,M,M,M,M,M,M,M,M,M,M,M,M,50.00,FAOR 081900Z 21005KT CAVOK 10/M05 Q1028 NOSIG,M
FAOR,2026-07-08 19:30,50.00,23.00,34.37,220.00,5.00,0.00,30.36,M,6.21,M,M,M,M,M,M,M,M,M,M,M,M,M,M,M,M,50.00,FAOR 081930Z 22005KT CAVOK 10/M05 Q1028 NOSIG,M
FAOR,2026-07-08 20:00,51.80,23.00,32.15,230.00,7.00,0.00,30.36,M,6.21,M,M,M,M,M,M,M,M,M,M,M,M,M,M,M,M,51.80,FAOR 082000Z 23007KT CAVOK 11/M05 Q1028 NOSIG,M
FAOR,2026-07-08 21:00,50.00,23.00,34.37,210.00,8.00,0.00,30.33,M,6.21,M,M,M,M,M,M,M,M,M,M,M,M,M,M,M,M,50.00,FAOR 082100Z 21008KT CAVOK 10/M05 Q1027 NOSIG,M
FAOR,2026-07-08 22:00,50.00,23.00,34.37,210.00,8.00,0.00,30.33,M,6.21,M,M,M,M,M,M,M,M,M,M,M,M,M,M,M,M,50.00,FAOR 082200Z 21008KT CAVOK 10/M05 Q1027 NOSIG,M
FAOR,2026-07-08 23:00,46.40,23.00,39.33,210.00,7.00,0.00,30.33,M,6.21,M,M,M,M,M,M,M,M,M,M,M,M,M,M,M,M,42.33,FAOR 082300Z 21007KT CAVOK 08/M05 Q1027 NOSIG,M
FAOR,2026-07-09 00:00,46.40,23.00,39.33,210.00,7.00,0.00,30.33,M,6.21,M,M,M,M,M,M,M,M,M,M,M,M,M,M,M,M,42.33,FAOR 090000Z 21007KT CAVOK 08/M05 Q1027 NOSIG,M
FAOR,2026-07-09 01:00,46.40,23.00,39.33,220.00,6.00,0.00,30.30,M,6.21,M,M,M,M,M,M,M,M,M,M,M,M,M,M,M,M,42.87,FAOR 090100Z 22006KT CAVOK 08/M05 Q1026 NOSIG,M
FAOR,2026-07-09 02:30,46.40,21.20,36.45,220.00,6.00,0.00,30.27,M,6.21,M,M,M,M,M,M,M,M,M,M,M,M,M,M,M,M,42.87,FAOR 090230Z 22006KT CAVOK 08/M06 Q1025 NOSIG,M
FAOR,2026-07-09 03:00,46.40,23.00,39.33,220.00,6.00,0.00,30.27,M,6.21,M,M,M,M,M,M,M,M,M,M,M,M,M,M,M,M,42.87,FAOR 090300Z 22006KT CAVOK 08/M05 Q1025 NOSIG,M
FAOR,2026-07-09 03:30,46.40,23.00,39.33,220.00,7.00,0.00,30.27,M,6.21,M,M,M,M,M,M,M,M,M,M,M,M,M,M,M,M,42.33,FAOR 090330Z 22007KT CAVOK 08/M05 Q1025 NOSIG,M
FAOR,2026-07-09 04:00,44.60,23.00,42.11,220.00,5.00,0.00,30.27,M,6.21,M,M,M,M,M,M,M,M,M,M,M,M,M,M,M,M,41.36,FAOR 090400Z 22005KT CAVOK 07/M05 Q1025 NOSIG,M
FAOR,2026-07-09 04:30,44.60,23.00,42.11,220.00,5.00,0.00,30.27,M,6.21,M,M,M,M,M,M,M,M,M,M,M,M,M,M,M,M,41.36,FAOR 090430Z 22005KT CAVOK 07/M05 Q1025 NOSIG,M
FAOR,2026-07-09 05:00,44.60,23.00,42.11,220.00,5.00,0.00,30.27,M,6.21,M,M,M,M,M,M,M,M,M,M,M,M,M,M,M,M,41.36,FAOR 090500Z 22005KT CAVOK 07/M05 Q1025 NOSIG,M
FAOR,2026-07-09 05:30,46.40,23.00,39.33,220.00,6.00,0.00,30.30,M,6.21,M,M,M,M,M,M,M,M,M,M,M,M,M,M,M,M,42.87,FAOR 090530Z 22006KT CAVOK 08/M05 Q1026 NOSIG,M
FAOR,2026-07-09 06:00,50.00,23.00,34.37,210.00,6.00,0.00,30.30,M,6.21,M,M,M,M,M,M,M,M,M,M,M,M,M,M,M,M,50.00,FAOR 090600Z 21006KT CAVOK 10/M05 Q1026 NOSIG,M
FAOR,2026-07-09 06:30,55.40,24.80,30.39,200.00,5.00,0.00,30.30,M,6.21,M,M,M,M,M,M,M,M,M,M,M,M,M,M,M,M,55.40,FAOR 090630Z 20005KT CAVOK 13/M04 Q1026 NOSIG,M
FAOR,2026-07-09 07:00,57.20,26.60,30.68,190.00,6.00,0.00,30.30,M,6.21,M,M,M,M,M,M,M,M,M,M,M,M,M,M,M,M,57.20,FAOR 090700Z 19006KT CAVOK 14/M03 Q1026 NOSIG,M
FAOR,2026-07-09 07:30,59.00,26.60,28.76,200.00,6.00,0.00,30.30,M,6.21,M,M,M,M,M,M,M,M,M,M,M,M,M,M,M,M,59.00,FAOR 090730Z 20006KT 170V230 CAVOK 15/M03 Q1026 NOSIG,M
FAOR,2026-07-09 08:00,60.80,26.60,26.98,200.00,7.00,0.00,30.30,M,6.21,M,M,M,M,M,M,M,M,M,M,M,M,M,M,M,M,60.80,FAOR 090800Z 20007KT 150V220 CAVOK 16/M03 Q1026 NOSIG,M
FAOR,2026-07-09 08:30,60.80,26.60,26.98,180.00,10.00,0.00,30.30,M,6.21,M,M,M,M,M,M,M,M,M,M,M,M,M,M,M,M,60.80,FAOR 090830Z 18010KT 130V200 CAVOK 16/M03 Q1026 NOSIG,M
FAOR,2026-07-09 09:00,62.60,28.40,27.26,180.00,11.00,0.00,30.30,M,6.21,M,M,M,M,M,M,M,M,M,M,M,M,M,M,M,M,62.60,FAOR 090900Z 18011KT 140V210 CAVOK 17/M02 Q1026 NOSIG,M
FAOR,2026-07-09 09:30,62.60,28.40,27.26,180.00,11.00,0.00,30.30,M,6.21,M,M,M,M,M,M,M,M,M,M,M,M,M,M,M,M,62.60,FAOR 090930Z 18011KT 150V210 CAVOK 17/M02 Q1026 NOSIG,M
FAOR,2026-07-09 10:00,64.40,28.40,25.60,180.00,9.00,0.00,30.27,M,6.21,M,M,M,M,M,M,M,M,M,M,M,M,M,M,M,M,64.40,FAOR 091000Z 18009KT 140V210 CAVOK 18/M02 Q1025 NOSIG,M
FAOR,2026-07-09 10:30,64.40,26.60,23.77,190.00,10.00,0.00,30.27,M,6.21,M,M,M,M,M,M,M,M,M,M,M,M,M,M,M,M,64.40,FAOR 091030Z 19010KT 150V240 CAVOK 18/M03 Q1025 NOSIG,M
FAOR,2026-07-09 11:00,66.20,26.60,22.32,200.00,10.00,0.00,30.24,M,6.21,M,M,M,M,M,M,M,M,M,M,M,M,M,M,M,M,66.20,FAOR 091100Z 20010KT 160V230 CAVOK 19/M03 Q1024 NOSIG,M
FAOR,2026-07-09 11:30,64.40,24.80,22.05,M,7.00,0.00,30.21,M,6.21,M,M,M,M,M,M,M,M,M,M,M,M,M,M,M,M,64.40,FAOR 091130Z VRB07KT CAVOK 18/M04 Q1023 NOSIG,M
FAOR,2026-07-09 12:00,64.40,24.80,22.05,M,7.00,0.00,30.21,M,6.21,M,M,M,M,M,M,M,M,M,M,M,M,M,M,M,M,64.40,FAOR 091200Z VRB07KT CAVOK 18/M04 Q1023 NOSIG,M
FAOR,2026-07-09 12:30,64.40,24.80,22.05,220.00,8.00,0.00,30.21,M,6.21,M,M,M,M,M,M,M,M,M,M,M,M,M,M,M,M,64.40,FAOR 091230Z 22008KT 160V250 CAVOK 18/M04 Q1023 NOSIG,M
FAOR,2026-07-09 13:00,66.20,24.80,20.72,M,5.00,0.00,30.21,M,6.21,M,M,M,M,M,M,M,M,M,M,M,M,M,M,M,M,66.20,FAOR 091300Z VRB05KT CAVOK 19/M04 Q1023 NOSIG,M
FAOR,2026-07-09 13:30,64.40,24.80,22.05,190.00,4.00,0.00,30.21,M,6.21,M,M,M,M,M,M,M,M,M,M,M,M,M,M,M,M,64.40,FAOR 091330Z 19004KT 120V220 CAVOK 18/M04 Q1023 NOSIG,M
FAOR,2026-07-09 14:00,64.40,26.60,23.77,220.00,4.00,0.00,30.21,M,6.21,M,M,M,M,M,M,M,M,M,M,M,M,M,M,M,M,64.40,FAOR 091400Z 22004KT 160V260 CAVOK 18/M03 Q1023 NOSIG,M
FAOR,2026-07-09 14:30,64.40,24.80,22.05,M,1.00,0.00,30.21,M,6.21,M,M,M,M,M,M,M,M,M,M,M,M,M,M,M,M,64.40,FAOR 091430Z VRB01KT CAVOK 18/M04 Q1023 NOSIG,M
FAOR,2026-07-09 15:00,62.60,24.80,23.49,230.00,3.00,0.00,30.21,M,6.21,M,M,M,M,M,M,M,M,M,M,M,M,M,M,M,M,62.60,FAOR 091500Z 23003KT 200V270 CAVOK 17/M04 Q1023 NOSIG,M
FAOR,2026-07-09 15:30,60.80,24.80,25.03,220.00,5.00,0.00,30.21,M,6.21,M,M,M,M,M,M,M,M,M,M,M,M,M,M,M,M,60.80,FAOR 091530Z 22005KT CAVOK 16/M04 Q1023 NOSIG,M
FAOR,2026-07-09 16:00,59.00,24.80,26.69,220.00,3.00,0.00,30.21,M,6.21,M,M,M,M,M,M,M,M,M,M,M,M,M,M,M,M,59.00,FAOR 091600Z 22003KT CAVOK 15/M04 Q1023 NOSIG,M
FAOR,2026-07-09 16:30,55.40,24.80,30.39,210.00,3.00,0.00,30.24,M,6.21,M,M,M,M,M,M,M,M,M,M,M,M,M,M,M,M,55.40,FAOR 091630Z 21003KT CAVOK 13/M04 Q1024 NOSIG,M
FAOR,2026-07-09 17:00,55.40,24.80,30.39,220.00,5.00,0.00,30.24,M,6.21,M,M,M,M,M,M,M,M,M,M,M,M,M,M,M,M,55.40,FAOR 091700Z 22005KT CAVOK 13/M04 Q1024 NOSIG,M
FAOR,2026-07-09 17:30,57.20,24.80,28.47,210.00,4.00,0.00,30.24,M,6.21,M,M,M,M,M,M,M,M,M,M,M,M,M,M,M,M,57.20,FAOR 091730Z 21004KT CAVOK 14/M04 Q1024 NOSIG,M
FAOR,2026-07-09 18:00,53.60,24.80,32.45,210.00,3.00,0.00,30.24,M,6.21,M,M,M,M,M,M,M,M,M,M,M,M,M,M,M,M,53.60,FAOR 091800Z 21003KT CAVOK 12/M04 Q1024 NOSIG,M
FAOR,2026-07-09 18:30,51.80,24.80,34.67,230.00,4.00,0.00,30.24,M,6.21,M,M,M,M,M,M,M,M,M,M,M,M,M,M,M,M,51.80,FAOR 091830Z 23004KT CAVOK 11/M04 Q1024 NOSIG,M
FAOR,2026-07-09 19:00,53.60,24.80,32.45,220.00,7.00,0.00,30.27,M,6.21,M,M,M,M,M,M,M,M,M,M,M,M,M,M,M,M,53.60,FAOR 091900Z 22007KT CAVOK 12/M04 Q1025 NOSIG,M
FAOR,2026-07-09 19:30,51.80,24.80,34.67,220.00,5.00,0.00,30.27,M,6.21,M,M,M,M,M,M,M,M,M,M,M,M,M,M,M,M,51.80,FAOR 091930Z 22005KT CAVOK 11/M04 Q1025 NOSIG,M
FAOR,2026-07-09 20:00,51.80,24.80,34.67,210.00,6.00,0.00,30.27,M,6.21,M,M,M,M,M,M,M,M,M,M,M,M,M,M,M,M,51.80,FAOR 092000Z 21006KT CAVOK 11/M04 Q1025 NOSIG,M
FAOR,2026-07-09 20:30,51.80,26.60,37.36,220.00,6.00,0.00,30.24,M,6.21,M,M,M,M,M,M,M,M,M,M,M,M,M,M,M,M,51.80,FAOR 092030Z 22006KT CAVOK 11/M03 Q1024 NOSIG,M
FAOR,2026-07-09 21:00,51.80,26.60,37.36,200.00,8.00,0.00,30.27,M,6.21,M,M,M,M,M,M,M,M,M,M,M,M,M,M,M,M,51.80,FAOR 092100Z 20008KT CAVOK 11/M03 Q1025 NOSIG,M
FAOR,2026-07-09 22:00,48.20,26.60,42.71,210.00,7.00,0.00,30.24,M,6.21,M,M,M,M,M,M,M,M,M,M,M,M,M,M,M,M,44.53,FAOR 092200Z 21007KT CAVOK 09/M03 Q1024 NOSIG,M
FAOR,2026-07-09 23:00,50.00,28.40,43.01,210.00,8.00,0.00,30.24,M,6.21,M,M,M,M,M,M,M,M,M,M,M,M,M,M,M,M,50.00,FAOR 092300Z 21008KT CAVOK 10/M02 Q1024 NOSIG,M
FAOR,2026-07-10 00:00,46.40,26.60,45.70,210.00,6.00,0.00,30.24,M,6.21,M,M,M,M,M,M,M,M,M,M,M,M,M,M,M,M,42.87,FAOR 100000Z 21006KT CAVOK 08/M03 Q1024 NOSIG,M
FAOR,2026-07-10 02:00,48.20,26.60,42.71,210.00,4.00,0.00,30.21,M,6.21,M,M,M,M,M,M,M,M,M,M,M,M,M,M,M,M,46.34,FAOR 100200Z 21004KT CAVOK 09/M03 Q1023 NOSIG,M
FAOR,2026-07-10 02:30,48.20,26.60,42.71,210.00,3.00,0.00,30.21,M,6.21,M,M,M,M,M,M,M,M,M,M,M,M,M,M,M,M,47.21,FAOR 100230Z 21003KT CAVOK 09/M03 Q1023 NOSIG,M
FAOR,2026-07-10 03:00,46.40,26.60,45.70,200.00,3.00,0.00,30.21,M,6.21,M,M,M,M,M,M,M,M,M,M,M,M,M,M,M,M,45.15,FAOR 100300Z 20003KT CAVOK 08/M03 Q1023 NOSIG,M
FAOR,2026-07-10 03:30,46.40,26.60,45.70,210.00,3.00,0.00,30.21,M,6.21,M,M,M,M,M,M,M,M,M,M,M,M,M,M,M,M,45.15,FAOR 100330Z 21003KT CAVOK 08/M03 Q1023 NOSIG,M
FAOR,2026-07-10 04:00,48.20,26.60,42.71,220.00,3.00,0.00,30.21,M,6.21,M,M,M,M,M,M,M,M,M,M,M,M,M,M,M,M,47.21,FAOR 100400Z 22003KT CAVOK 09/M03 Q1023 NOSIG,M
FAOR,2026-07-10 04:30,46.40,26.60,45.70,210.00,2.00,0.00,30.24,M,6.21,M,M,M,M,M,M,M,M,M,M,M,M,M,M,M,M,46.40,FAOR 100430Z 21002KT CAVOK 08/M03 Q1024 NOSIG,M
FAOR,2026-07-10 05:00,46.40,26.60,45.70,260.00,3.00,0.00,30.24,M,6.21,M,M,M,M,M,M,M,M,M,M,M,M,M,M,M,M,45.15,FAOR 100500Z 26003KT 240V300 CAVOK 08/M03 Q1024 NOSIG,M
FAOR,2026-07-10 05:30,46.40,28.40,49.22,200.00,5.00,0.00,30.24,M,6.21,M,M,M,M,M,M,M,M,M,M,M,M,M,M,M,M,43.50,FAOR 100530Z 20005KT CAVOK 08/M02 Q1024 NOSIG,M
FAOR,2026-07-10 06:00,48.20,30.20,49.51,30.00,5.00,0.00,30.27,M,6.21,M,M,M,M,M,M,M,M,M,M,M,M,M,M,M,M,45.63,FAOR 100600Z 03005KT 360V060 CAVOK 09/M01 Q1025 NOSIG,M
FAOR,2026-07-10 06:30,51.80,28.40,40.23,360.00,4.00,0.00,30.27,M,6.21,M,M,M,M,M,M,M,M,M,M,M,M,M,M,M,M,51.80,FAOR 100630Z 36004KT CAVOK 11/M02 Q1025 NOSIG,M
FAOR,2026-07-10 07:00,55.40,28.40,35.27,10.00,6.00,0.00,30.27,M,6.21,M,M,M,M,M,M,M,M,M,M,M,M,M,M,M,M,55.40,FAOR 100700Z 01006KT CAVOK 13/M02 Q1025 NOSIG,M
FAOR,2026-07-10 07:30,57.20,26.60,30.68,10.00,5.00,0.00,30.30,M,6.21,M,M,M,M,M,M,M,M,M,M,M,M,M,M,M,M,57.20,FAOR 100730Z 01005KT 330V050 CAVOK 14/M03 Q1026 NOSIG,M
FAOR,2026-07-10 08:00,59.00,28.40,30.98,M,5.00,0.00,30.30,M,6.21,M,M,M,M,M,M,M,M,M,M,M,M,M,M,M,M,59.00,FAOR 100800Z VRB05KT CAVOK 15/M02 Q1026 NOSIG,M
FAOR,2026-07-10 08:30,60.80,28.40,29.05,320.00,6.00,0.00,30.30,M,6.21,M,M,M,M,M,M,M,M,M,M,M,M,M,M,M,M,60.80,FAOR 100830Z 32006KT 260V350 CAVOK 16/M02 Q1026 NOSIG,M
FAOR,2026-07-10 09:00,62.60,28.40,27.26,260.00,6.00,0.00,30.27,M,6.21,M,M,M,M,M,M,M,M,M,M,M,M,M,M,M,M,62.60,FAOR 100900Z 26006KT 190V320 CAVOK 17/M02 Q1025 NOSIG,M
FAOR,2026-07-10 09:30,64.40,26.60,23.77,260.00,8.00,0.00,30.27,M,6.21,M,M,M,M,M,M,M,M,M,M,M,M,M,M,M,M,64.40,FAOR 100930Z 26008KT 200V310 CAVOK 18/M03 Q1025 NOSIG,M
FAOR,2026-07-10 10:00,62.60,21.20,20.19,290.00,7.00,0.00,30.27,M,6.21,M,M,M,M,M,M,M,M,M,M,M,M,M,M,M,M,62.60,FAOR 101000Z 29007KT 230V350 CAVOK 17/M06 Q1025 NOSIG,M
FAOR,2026-07-10 10:30,62.60,24.80,23.49,M,4.00,0.00,30.24,M,6.21,M,M,M,M,M,M,M,M,M,M,M,M,M,M,M,M,62.60,FAOR 101030Z VRB04KT CAVOK 17/M04 Q1024 NOSIG,M
FAOR,2026-07-10 11:00,64.40,24.80,22.05,330.00,6.00,0.00,30.24,M,6.21,M,M,M,M,M,M,M,M,M,M,M,M,M,M,M,M,64.40,FAOR 101100Z 33006KT 280V360 CAVOK 18/M04 Q1024 NOSIG,M
FAOR,2026-07-10 11:30,64.40,24.80,22.05,310.00,5.00,0.00,30.21,M,6.21,M,M,M,M,M,M,M,M,M,M,M,M,M,M,M,M,64.40,FAOR 101130Z 31005KT 240V360 CAVOK 18/M04 Q1023 NOSIG,M
FAOR,2026-07-10 12:00,64.40,24.80,22.05,290.00,5.00,0.00,30.21,M,6.21,M,M,M,M,M,M,M,M,M,M,M,M,M,M,M,M,64.40,FAOR 101200Z 29005KT 230V350 CAVOK 18/M04 Q1023 NOSIG,M
FAOR,2026-07-10 12:30,62.60,24.80,23.49,280.00,8.00,0.00,30.18,M,6.21,M,M,M,M,M,M,M,M,M,M,M,M,M,M,M,M,62.60,FAOR 101230Z 28008KT 220V320 CAVOK 17/M04 Q1022 NOSIG,M
FAOR,2026-07-10 13:00,62.60,24.80,23.49,310.00,8.00,0.00,30.18,M,6.21,M,M,M,M,M,M,M,M,M,M,M,M,M,M,M,M,62.60,FAOR 101300Z 31008KT 280V340 CAVOK 17/M04 Q1022 NOSIG,M
FAOR,2026-07-10 13:30,64.40,26.60,23.77,320.00,5.00,0.00,30.18,M,6.21,M,M,M,M,M,M,M,M,M,M,M,M,M,M,M,M,64.40,FAOR 101330Z 32005KT 260V040 CAVOK 18/M03 Q1022 NOSIG,M
FAOR,2026-07-10 14:00,62.60,24.80,23.49,320.00,5.00,0.00,30.18,M,6.21,M,M,M,M,M,M,M,M,M,M,M,M,M,M,M,M,62.60,FAOR 101400Z 32005KT 270V340 CAVOK 17/M04 Q1022 NOSIG,M
FAOR,2026-07-10 14:30,62.60,26.60,25.31,290.00,6.00,0.00,30.18,M,6.21,M,M,M,M,M,M,M,M,M,M,M,M,M,M,M,M,62.60,FAOR 101430Z 29006KT 250V310 CAVOK 17/M03 Q1022 NOSIG,M
FAOR,2026-07-10 15:00,60.80,26.60,26.98,310.00,8.00,0.00,30.21,M,6.21,M,M,M,M,M,M,M,M,M,M,M,M,M,M,M,M,60.80,FAOR 101500Z 31008KT 270V330 CAVOK 16/M03 Q1023 NOSIG,M
FAOR,2026-07-10 15:30,60.80,26.60,26.98,320.00,7.00,0.00,30.21,M,6.21,M,M,M,M,M,M,M,M,M,M,M,M,M,M,M,M,60.80,FAOR 101530Z 32007KT 210V360 CAVOK 16/M03 Q1023 NOSIG,M
FAOR,2026-07-10 16:00,59.00,26.60,28.76,290.00,7.00,0.00,30.21,M,6.21,M,M,M,M,M,M,M,M,M,M,M,M,M,M,M,M,59.00,FAOR 101600Z 29007KT CAVOK 15/M03 Q1023 NOSIG,M
FAOR,2026-07-10 16:30,57.20,26.60,30.68,310.00,6.00,0.00,30.21,M,6.21,M,M,M,M,M,M,M,M,M,M,M,M,M,M,M,M,57.20,FAOR 101630Z 31006KT CAVOK 14/M03 Q1023 NOSIG,M
FAOR,2026-07-10 17:00,55.40,26.60,32.75,320.00,7.00,0.00,30.24,M,6.21,M,M,M,M,M,M,M,M,M,M,M,M,M,M,M,M,55.40,FAOR 101700Z 32007KT CAVOK 13/M03 Q1024 NOSIG,M
FAOR,2026-07-10 17:30,55.40,24.80,30.39,290.00,6.00,0.00,30.24,M,6.21,M,M,M,M,M,M,M,M,M,M,M,M,M,M,M,M,55.40,FAOR 101730Z 29006KT 200V340 CAVOK 13/M04 Q1024 NOSIG,M
FAOR,2026-07-10 18:00,55.40,24.80,30.39,320.00,7.00,0.00,30.24,M,6.21,M,M,M,M,M,M,M,M,M,M,M,M,M,M,M,M,55.40,FAOR 101800Z 32007KT CAVOK 13/M04 Q1024 NOSIG,M
FAOR,2026-07-10 18:30,53.60,24.80,32.45,320.00,5.00,0.00,30.24,M,6.21,M,M,M,M,M,M,M,M,M,M,M,M,M,M,M,M,53.60,FAOR 101830Z 32005KT CAVOK 12/M04 Q1024 NOSIG,M
FAOR,2026-07-10 19:00,55.40,24.80,30.39,300.00,6.00,0.00,30.24,M,6.21,M,M,M,M,M,M,M,M,M,M,M,M,M,M,M,M,55.40,FAOR 101900Z 30006KT 210V330 CAVOK 13/M04 Q1024 NOSIG,M
FAOR,2026-07-10 19:30,55.40,24.80,30.39,310.00,6.00,0.00,30.24,M,6.21,M,M,M,M,M,M,M,M,M,M,M,M,M,M,M,M,55.40,FAOR 101930Z 31006KT CAVOK 13/M04 Q1024 NOSIG,M
FAOR,2026-07-10 20:00,55.40,24.80,30.39,300.00,6.00,0.00,30.24,M,6.21,M,M,M,M,M,M,M,M,M,M,M,M,M,M,M,M,55.40,FAOR 102000Z 30006KT CAVOK 13/M04 Q1024 NOSIG,M
FAOR,2026-07-10 20:30,53.60,24.80,32.45,300.00,5.00,0.00,30.24,M,6.21,M,M,M,M,M,M,M,M,M,M,M,M,M,M,M,M,53.60,FAOR 102030Z 30005KT CAVOK 12/M04 Q1024 NOSIG,M
FAOR,2026-07-10 21:00,53.60,24.80,32.45,310.00,5.00,0.00,30.24,M,6.21,16.00,M,M,M,M,M,M,M,M,M,M,M,M,M,M,M,53.60,FAOR 102100Z 31005G16KT 220V340 CAVOK 12/M04 Q1024 NOSIG,M
FAOR,2026-07-10 21:30,53.60,24.80,32.45,300.00,6.00,0.00,30.24,M,6.21,M,M,M,M,M,M,M,M,M,M,M,M,M,M,M,M,53.60,FAOR 102130Z 30006KT CAVOK 12/M04 Q1024 NOSIG,M
FAOR,2026-07-10 22:00,53.60,24.80,32.45,300.00,5.00,0.00,30.24,M,6.21,M,M,M,M,M,M,M,M,M,M,M,M,M,M,M,M,53.60,FAOR 102200Z 30005KT CAVOK 12/M04 Q1024 NOSIG,M
FAOR,2026-07-10 23:00,51.80,24.80,34.67,300.00,5.00,0.00,30.24,M,6.21,M,M,M,M,M,M,M,M,M,M,M,M,M,M,M,M,51.80,FAOR 102300Z 30005KT CAVOK 11/M04 Q1024 NOSIG,M
FAOR,2026-07-11 00:00,53.60,24.80,32.45,300.00,5.00,0.00,30.24,M,6.21,M,M,M,M,M,M,M,M,M,M,M,M,M,M,M,M,53.60,FAOR 110000Z 30005KT CAVOK 12/M04 Q1024 NOSIG,M
FAOR,2026-07-11 01:00,51.80,24.80,34.67,300.00,4.00,0.00,30.21,M,6.21,M,M,M,M,M,M,M,M,M,M,M,M,M,M,M,M,51.80,FAOR 110100Z 30004KT CAVOK 11/M04 Q1023 NOSIG,M
FAOR,2026-07-11 02:00,50.00,24.80,37.06,330.00,7.00,0.00,30.21,M,6.21,M,M,M,M,M,M,M,M,M,M,M,M,M,M,M,M,50.00,FAOR 110200Z 33007KT CAVOK 10/M04 Q1023 NOSIG,M
FAOR,2026-07-11 02:30,50.00,24.80,37.06,320.00,4.00,0.00,30.21,M,6.21,M,M,M,M,M,M,M,M,M,M,M,M,M,M,M,M,50.00,FAOR 110230Z 32004KT CAVOK 10/M04 Q1023 NOSIG,M
FAOR,2026-07-11 03:00,48.20,24.80,39.63,310.00,6.00,0.00,30.21,M,6.21,M,M,M,M,M,M,M,M,M,M,M,M,M,M,M,M,45.04,FAOR 110300Z 31006KT CAVOK 09/M04 Q1023 NOSIG,M
FAOR,2026-07-11 03:30,50.00,24.80,37.06,310.00,5.00,0.00,30.21,M,6.21,M,M,M,M,M,M,M,M,M,M,M,M,M,M,M,M,50.00,FAOR 110330Z 31005KT CAVOK 10/M04 Q1023 NOSIG,M
FAOR,2026-07-11 04:00,50.00,24.80,37.06,310.00,5.00,0.00,30.24,M,6.21,M,M,M,M,M,M,M,M,M,M,M,M,M,M,M,M,50.00,FAOR 110400Z 31005KT 260V330 CAVOK 10/M04 Q1024 NOSIG,M
FAOR,2026-07-11 04:30,50.00,24.80,37.06,320.00,5.00,0.00,30.24,M,6.21,M,M,M,M,M,M,M,M,M,M,M,M,M,M,M,M,50.00,FAOR 110430Z 32005KT CAVOK 10/M04 Q1024 NOSIG,M
FAOR,2026-07-11 05:00,50.00,23.00,34.37,320.00,5.00,0.00,30.24,M,6.21,M,M,M,M,M,M,M,M,M,M,M,M,M,M,M,M,50.00,FAOR 110500Z 32005KT CAVOK 10/M05 Q1024 NOSIG,M
FAOR,2026-07-11 05:30,51.80,24.80,34.67,330.00,6.00,0.00,30.24,M,6.21,M,M,M,M,M,M,M,M,M,M,M,M,M,M,M,M,51.80,FAOR 110530Z 33006KT CAVOK 11/M04 Q1024 NOSIG,M
FAOR,2026-07-11 06:00,51.80,24.80,34.67,320.00,6.00,0.00,30.27,M,6.21,M,M,M,M,M,M,M,M,M,M,M,M,M,M,M,M,51.80,FAOR 110600Z 32006KT CAVOK 11/M04 Q1025 NOSIG,M
FAOR,2026-07-11 06:30,53.60,24.80,32.45,320.00,6.00,0.00,30.27,M,6.21,M,M,M,M,M,M,M,M,M,M,M,M,M,M,M,M,53.60,FAOR 110630Z 32006KT CAVOK 12/M04 Q1025 NOSIG,M
FAOR,2026-07-11 07:00,55.40,26.60,32.75,320.00,6.00,0.00,30.27,M,6.21,M,M,M,M,M,M,M,M,M,M,M,M,M,M,M,M,55.40,FAOR 110700Z 32006KT 260V340 CAVOK 13/M03 Q1025 NOSIG,M
FAOR,2026-07-11 07:30,57.20,26.60,30.68,330.00,6.00,0.00,30.30,M,6.21,M,M,M,M,M,M,M,M,M,M,M,M,M,M,M,M,57.20,FAOR 110730Z 33006KT CAVOK 14/M03 Q1026 NOSIG,M
FAOR,2026-07-11 08:00,59.00,24.80,26.69,320.00,8.00,0.00,30.30,M,6.21,M,M,M,M,M,M,M,M,M,M,M,M,M,M,M,M,59.00,FAOR 110800Z 32008KT CAVOK 15/M04 Q1026 NOSIG,M
FAOR,2026-07-11 08:30,59.00,24.80,26.69,320.00,10.00,0.00,30.27,M,6.21,M,M,M,M,M,M,M,M,M,M,M,M,M,M,M,M,59.00,FAOR 110830Z 32010KT 250V340 CAVOK 15/M04 Q1025 NOSIG,M
FAOR,2026-07-11 09:00,59.00,26.60,28.76,310.00,10.00,0.00,30.27,M,6.21,M,M,M,M,M,M,M,M,M,M,M,M,M,M,M,M,59.00,FAOR 110900Z 31010KT 280V340 CAVOK 15/M03 Q1025 NOSIG,M
FAOR,2026-07-11 09:30,60.80,26.60,26.98,300.00,11.00,0.00,30.27,M,6.21,M,M,M,M,M,M,M,M,M,M,M,M,M,M,M,M,60.80,FAOR 110930Z 30011KT 270V340 CAVOK 16/M03 Q1025 NOSIG,M
FAOR,2026-07-11 10:00,60.80,24.80,25.03,280.00,10.00,0.00,30.24,M,6.21,M,M,M,M,M,M,M,M,M,M,M,M,M,M,M,M,60.80,FAOR 111000Z 28010KT 180V340 CAVOK 16/M04 Q1024 NOSIG,M
FAOR,2026-07-11 10:30,62.60,26.60,25.31,290.00,9.00,0.00,30.24,M,6.21,M,M,M,M,M,M,M,M,M,M,M,M,M,M,M,M,62.60,FAOR 111030Z 29009KT 250V330 CAVOK 17/M03 Q1024 NOSIG,M
FAOR,2026-07-11 11:00,60.80,23.00,23.21,310.00,12.00,0.00,30.21,M,6.21,M,M,M,M,M,M,M,M,M,M,M,M,M,M,M,M,60.80,FAOR 111100Z 31012KT 260V340 CAVOK 16/M05 Q1023 NOSIG,M
FAOR,2026-07-11 11:30,62.60,26.60,25.31,310.00,10.00,0.00,30.21,M,6.21,M,M,M,M,M,M,M,M,M,M,M,M,M,M,M,M,62.60,FAOR 111130Z 31010KT 250V350 CAVOK 17/M03 Q1023 NOSIG,M
FAOR,2026-07-11 12:00,62.60,26.60,25.31,M,11.00,0.00,30.21,M,6.21,M,M,M,M,M,M,M,M,M,M,M,M,M,M,M,M,62.60,FAOR 111200Z VRB11KT CAVOK 17/M03 Q1023 NOSIG,M
FAOR,2026-07-11 12:30,62.60,24.80,23.49,280.00,11.00,0.00,30.21,M,6.21,M,M,M,M,M,M,M,M,M,M,M,M,M,M,M,M,62.60,FAOR 111230Z 28011KT 240V340 CAVOK 17/M04 Q1023 NOSIG,M
FAOR,2026-07-11 13:00,62.60,39.20,42.00,280.00,11.00,0.00,30.21,M,6.21,M,M,M,M,M,M,M,M,M,M,M,M,M,M,M,M,62.60,FAOR 111300Z 28011KT CAVOK 17/04 Q1023 NOSIG,M
FAOR,2026-07-11 13:30,62.60,24.80,23.49,300.00,9.00,0.00,30.21,M,6.21,M,M,M,M,M,M,M,M,M,M,M,M,M,M,M,M,62.60,FAOR 111330Z 30009KT 270V350 CAVOK 17/M04 Q1023 NOSIG,M
FAOR,2026-07-11 14:00,62.60,26.60,25.31,310.00,10.00,0.00,30.21,M,6.21,M,M,M,M,M,M,M,M,M,M,M,M,M,M,M,M,62.60,FAOR 111400Z 31010KT CAVOK 17/M03 Q1023 NOSIG,M
FAOR,2026-07-11 14:30,60.80,24.80,25.03,320.00,10.00,0.00,30.21,M,6.21,M,M,M,M,M,M,M,M,M,M,M,M,M,M,M,M,60.80,FAOR 111430Z 32010KT 290V350 CAVOK 16/M04 Q1023 NOSIG,M
FAOR,2026-07-11 15:00,60.80,24.80,25.03,320.00,10.00,0.00,30.21,M,6.21,M,M,M,M,M,M,M,M,M,M,M,M,M,M,M,M,60.80,FAOR 111500Z 32010KT CAVOK 16/M04 Q1023 NOSIG,M
FAOR,2026-07-11 15:30,59.00,26.60,28.76,330.00,7.00,0.00,30.21,M,6.21,M,M,M,M,M,M,M,M,M,M,M,M,M,M,M,M,59.00,FAOR 111530Z 33007KT 260V350 CAVOK 15/M03 Q1023 NOSIG,M
FAOR,2026-07-11 16:00,57.20,26.60,30.68,340.00,7.00,0.00,30.21,M,6.21,M,M,M,M,M,M,M,M,M,M,M,M,M,M,M,M,57.20,FAOR 111600Z 34007KT CAVOK 14/M03 Q1023 NOSIG,M
FAOR,2026-07-11 16:30,57.20,26.60,30.68,340.00,7.00,0.00,30.24,M,6.21,M,M,M,M,M,M,M,M,M,M,M,M,M,M,M,M,57.20,FAOR 111630Z 34007KT 270V360 CAVOK 14/M03 Q1024 NOSIG,M
FAOR,2026-07-11 17:00,57.20,26.60,30.68,340.00,8.00,0.00,30.24,M,6.21,M,M,M,M,M,M,M,M,M,M,M,M,M,M,M,M,57.20,FAOR 111700Z 34008KT CAVOK 14/M03 Q1024 NOSIG,M
FAOR,2026-07-11 17:30,57.20,26.60,30.68,340.00,7.00,0.00,30.24,M,6.21,M,M,M,M,M,M,M,M,M,M,M,M,M,M,M,M,57.20,FAOR 111730Z 34007KT 270V360 CAVOK 14/M03 Q1024 NOSIG,M
FAOR,2026-07-11 18:00,57.20,24.80,28.47,M,5.00,0.00,30.24,M,6.21,M,M,M,M,M,M,M,M,M,M,M,M,M,M,M,M,57.20,FAOR 111800Z VRB05KT CAVOK 14/M04 Q1024 NOSIG,M
FAOR,2026-07-11 18:30,55.40,26.60,32.75,320.00,5.00,0.00,30.27,M,6.21,M,M,M,M,M,M,M,M,M,M,M,M,M,M,M,M,55.40,FAOR 111830Z 32005KT CAVOK 13/M03 Q1025 NOSIG,M
FAOR,2026-07-11 19:00,55.40,26.60,32.75,320.00,4.00,0.00,30.27,M,6.21,M,M,M,M,M,M,M,M,M,M,M,M,M,M,M,M,55.40,FAOR 111900Z 32004KT 260V360 CAVOK 13/M03 Q1025 NOSIG,M
FAOR,2026-07-11 19:30,53.60,26.60,34.97,320.00,5.00,0.00,30.27,M,6.21,M,M,M,M,M,M,M,M,M,M,M,M,M,M,M,M,53.60,FAOR 111930Z 32005KT 210V350 CAVOK 12/M03 Q1025 NOSIG,M
FAOR,2026-07-11 20:00,53.60,26.60,34.97,310.00,4.00,0.00,30.27,M,6.21,M,M,M,M,M,M,M,M,M,M,M,M,M,M,M,M,53.60,FAOR 112000Z 31004KT CAVOK 12/M03 Q1025 NOSIG,M
FAOR,2026-07-11 20:30,53.60,24.80,32.45,310.00,4.00,0.00,30.27,M,6.21,M,M,M,M,M,M,M,M,M,M,M,M,M,M,M,M,53.60,FAOR 112030Z 31004KT 230V350 CAVOK 12/M04 Q1025 NOSIG,M
FAOR,2026-07-11 21:00,53.60,24.80,32.45,320.00,5.00,0.00,30.27,M,6.21,M,M,M,M,M,M,M,M,M,M,M,M,M,M,M,M,53.60,FAOR 112100Z 32005KT CAVOK 12/M04 Q1025 NOSIG,M
FAOR,2026-07-11 22:00,53.60,24.80,32.45,310.00,4.00,0.00,30.27,M,6.21,M,M,M,M,M,M,M,M,M,M,M,M,M,M,M,M,53.60,FAOR 112200Z 31004KT CAVOK 12/M04 Q1025 NOSIG,M
FAOR,2026-07-11 23:00,51.80,24.80,34.67,280.00,4.00,0.00,30.27,M,6.21,M,M,M,M,M,M,M,M,M,M,M,M,M,M,M,M,51.80,FAOR 112300Z 28004KT CAVOK 11/M04 Q1025 NOSIG,M
FAOR,2026-07-12 00:00,51.80,24.80,34.67,320.00,4.00,0.00,30.27,M,6.21,M,M,M,M,M,M,M,M,M,M,M,M,M,M,M,M,51.80,FAOR 120000Z 32004KT CAVOK 11/M04 Q1025 NOSIG,M
FAOR,2026-07-12 01:00,51.80,24.80,34.67,310.00,4.00,0.00,30.24,M,6.21,M,M,M,M,M,M,M,M,M,M,M,M,M,M,M,M,51.80,FAOR 120100Z 31004KT CAVOK 11/M04 Q1024 NOSIG,M
FAOR,2026-07-12 02:00,50.00,24.80,37.06,310.00,5.00,0.00,30.24,M,6.21,M,M,M,M,M,M,M,M,M,M,M,M,M,M,M,M,50.00,FAOR 120200Z 31005KT CAVOK 10/M04 Q1024 NOSIG,M
FAOR,2026-07-12 02:30,50.00,24.80,37.06,320.00,4.00,0.00,30.24,M,6.21,M,M,M,M,M,M,M,M,M,M,M,M,M,M,M,M,50.00,FAOR 120230Z 32004KT CAVOK 10/M04 Q1024 NOSIG,M
FAOR,2026-07-12 03:00,48.20,24.80,39.63,320.00,4.00,0.00,30.24,M,6.21,M,M,M,M,M,M,M,M,M,M,M,M,M,M,M,M,46.34,FAOR 120300Z 32004KT CAVOK 09/M04 Q1024 NOSIG,M
FAOR,2026-07-12 03:30,50.00,24.80,37.06,330.00,5.00,0.00,30.24,M,6.21,M,M,M,M,M,M,M,M,M,M,M,M,M,M,M,M,50.00,FAOR 120330Z 33005KT CAVOK 10/M04 Q1024 NOSIG,M
FAOR,2026-07-12 04:00,48.20,28.40,46.00,330.00,5.00,0.00,30.27,M,6.21,M,M,M,M,M,M,M,M,M,M,M,M,M,M,M,M,45.63,FAOR 120400Z 33005KT 280V340 CAVOK 09/M02 Q1025 NOSIG,M
FAOR,2026-07-12 04:30,48.20,28.40,46.00,330.00,4.00,0.00,30.27,M,6.21,M,M,M,M,M,M,M,M,M,M,M,M,M,M,M,M,46.34,FAOR 120430Z 33004KT 300V360 CAVOK 09/M02 Q1025 NOSIG,M
FAOR,2026-07-12 05:00,48.20,28.40,46.00,320.00,4.00,0.00,30.27,M,6.21,M,M,M,M,M,M,M,M,M,M,M,M,M,M,M,M,46.34,FAOR 120500Z 32004KT CAVOK 09/M02 Q1025 NOSIG,M
FAOR,2026-07-12 05:30,51.80,33.80,50.07,330.00,6.00,0.00,30.27,M,6.21,M,M,M,M,M,M,M,M,M,M,M,M,M,M,M,M,51.80,FAOR 120530Z COR 33006KT CAVOK 11/01 Q1025 NOSIG,M
FAOR,2026-07-12 06:30,53.60,30.20,40.53,310.00,5.00,0.00,30.27,M,6.21,M,M,M,M,M,M,M,M,M,M,M,M,M,M,M,M,53.60,FAOR 120630Z 31005KT 230V330 CAVOK 12/M01 Q1025 NOSIG,M
FAOR,2026-07-12 07:00,53.60,28.40,37.66,330.00,6.00,0.00,30.30,M,6.21,M,M,M,M,M,M,M,M,M,M,M,M,M,M,M,M,53.60,FAOR 120700Z 33006KT CAVOK 12/M02 Q1026 NOSIG,M
FAOR,2026-07-12 07:30,55.40,30.20,37.96,330.00,7.00,0.00,30.30,M,6.21,M,M,M,M,M,M,M,M,M,M,M,M,M,M,M,M,55.40,FAOR 120730Z 33007KT 310V010 CAVOK 13/M01 Q1026 NOSIG,M
FAOR,2026-07-12 08:00,57.20,28.40,33.04,340.00,9.00,0.00,30.30,M,6.21,M,M,M,M,M,M,M,M,M,M,M,M,M,M,M,M,57.20,FAOR 120800Z 34009KT CAVOK 14/M02 Q1026 NOSIG,M
FAOR,2026-07-12 08:30,57.20,26.60,30.68,330.00,6.00,0.00,30.30,M,6.21,M,M,M,M,M,M,M,M,M,M,M,M,M,M,M,M,57.20,FAOR 120830Z 33006KT 260V020 CAVOK 14/M03 Q1026 NOSIG,M
FAOR,2026-07-12 09:00,60.80,26.60,26.98,330.00,6.00,0.00,30.30,M,6.21,M,M,M,M,M,M,M,M,M,M,M,M,M,M,M,M,60.80,FAOR 120900Z 33006KT 280V020 CAVOK 16/M03 Q1026 NOSIG,M
FAOR,2026-07-12 09:30,60.80,23.00,23.21,300.00,8.00,0.00,30.30,M,6.21,M,M,M,M,M,M,M,M,M,M,M,M,M,M,M,M,60.80,FAOR 120930Z 30008KT 260V340 CAVOK 16/M05 Q1026 NOSIG,M
FAOR,2026-07-12 10:00,60.80,23.00,23.21,300.00,11.00,0.00,30.27,M,6.21,M,M,M,M,M,M,M,M,M,M,M,M,M,M,M,M,60.80,FAOR 121000Z 30011KT 270V330 CAVOK 16/M05 Q1025 NOSIG,M
FAOR,2026-07-12 10:30,62.60,26.60,25.31,M,11.00,0.00,30.27,M,6.21,M,M,M,M,M,M,M,M,M,M,M,M,M,M,M,M,62.60,FAOR 121030Z VRB11KT CAVOK 17/M03 Q1025 NOSIG,M
FAOR,2026-07-12 11:00,62.60,26.60,25.31,310.00,11.00,0.00,30.27,M,6.21,M,M,M,M,M,M,M,M,M,M,M,M,M,M,M,M,62.60,FAOR 121100Z 31011KT 280V340 CAVOK 17/M03 Q1025 NOSIG,M
FAOR,2026-07-12 11:30,62.60,26.60,25.31,M,9.00,0.00,30.24,M,6.21,M,M,M,M,M,M,M,M,M,M,M,M,M,M,M,M,62.60,FAOR 121130Z VRB09KT CAVOK 17/M03 Q1024 NOSIG,M
FAOR,2026-07-12 12:00,62.60,21.20,20.19,330.00,10.00,0.00,30.24,M,6.21,M,M,M,M,M,M,M,M,M,M,M,M,M,M,M,M,62.60,FAOR 121200Z 33010KT CAVOK 17/M06 Q1024 NOSIG,M
FAOR,2026-07-12 12:30,62.60,21.20,20.19,310.00,10.00,0.00,30.21,M,6.21,M,M,M,M,M,M,M,M,M,M,M,M,M,M,M,M,62.60,FAOR 121230Z 31010KT 280V360 CAVOK 17/M06 Q1023 NOSIG,M
FAOR,2026-07-12 13:00,62.60,21.20,20.19,310.00,9.00,0.00,30.21,M,6.21,M,M,M,M,M,M,M,M,M,M,M,M,M,M,M,M,62.60,FAOR 121300Z 31009KT 260V360 CAVOK 17/M06 Q1023 NOSIG,M
FAOR,2026-07-12 13:30,62.60,21.20,20.19,310.00,8.00,0.00,30.21,M,6.21,M,M,M,M,M,M,M,M,M,M,M,M,M,M,M,M,62.60,FAOR 121330Z 31008KT 260V010 CAVOK 17/M06 Q1023 NOSIG,M
FAOR,2026-07-12 14:00,62.60,23.00,21.78,300.00,8.00,0.00,30.21,M,6.21,M,M,M,M,M,M,M,M,M,M,M,M,M,M,M,M,62.60,FAOR 121400Z 30008KT 260V340 CAVOK 17/M05 Q1023 NOSIG,M
FAOR,2026-07-12 14:30,60.80,23.00,23.21,320.00,8.00,0.00,30.24,M,6.21,M,M,M,M,M,M,M,M,M,M,M,M,M,M,M,M,60.80,FAOR 121430Z 32008KT 280V360 CAVOK 16/M05 Q1024 NOSIG,M
FAOR,2026-07-12 15:00,60.80,24.80,25.03,320.00,8.00,0.00,30.24,M,6.21,M,M,M,M,M,M,M,M,M,M,M,M,M,M,M,M,60.80,FAOR 121500Z 32008KT CAVOK 16/M04 Q1024 NOSIG,M
FAOR,2026-07-12 15:30,59.00,24.80,26.69,310.00,7.00,0.00,30.24,M,6.21,M,M,M,M,M,M,M,M,M,M,M,M,M,M,M,M,59.00,FAOR 121530Z 31007KT 270V340 CAVOK 15/M04 Q1024 NOSIG,M
FAOR,2026-07-12 16:00,57.20,24.80,28.47,310.00,5.00,0.00,30.24,M,6.21,M,M,M,M,M,M,M,M,M,M,M,M,M,M,M,M,57.20,FAOR 121600Z 31005KT 240V330 CAVOK 14/M04 Q1024 NOSIG,M
FAOR,2026-07-12 16:30,57.20,23.00,26.40,340.00,7.00,0.00,30.27,M,6.21,M,M,M,M,M,M,M,M,M,M,M,M,M,M,M,M,57.20,FAOR 121630Z 34007KT CAVOK 14/M05 Q1025 NOSIG,M
FAOR,2026-07-12 17:00,55.40,24.80,30.39,300.00,4.00,0.00,30.27,M,6.21,M,M,M,M,M,M,M,M,M,M,M,M,M,M,M,M,55.40,FAOR 121700Z 30004KT CAVOK 13/M04 Q1025 NOSIG,M
FAOR,2026-07-12 17:30,55.40,24.80,30.39,310.00,4.00,0.00,30.27,M,6.21,M,M,M,M,M,M,M,M,M,M,M,M,M,M,M,M,55.40,FAOR 121730Z 31004KT CAVOK 13/M04 Q1025 NOSIG,M
FAOR,2026-07-12 18:00,55.40,24.80,30.39,300.00,4.00,0.00,30.27,M,6.21,M,M,M,M,M,M,M,M,M,M,M,M,M,M,M,M,55.40,FAOR 121800Z 30004KT 260V330 CAVOK 13/M04 Q1025 NOSIG,M
FAOR,2026-07-12 18:30,55.40,24.80,30.39,280.00,3.00,0.00,30.27,M,6.21,M,M,M,M,M,M,M,M,M,M,M,M,M,M,M,M,55.40,FAOR 121830Z 28003KT CAVOK 13/M04 Q1025 NOSIG,M
FAOR,2026-07-12 19:00,55.40,24.80,30.39,290.00,3.00,0.00,30.27,M,6.21,M,M,M,M,M,M,M,M,M,M,M,M,M,M,M,M,55.40,FAOR 121900Z 29003KT CAVOK 13/M04 Q1025 NOSIG,M
FAOR,2026-07-12 19:30,57.20,24.80,28.47,300.00,3.00,0.00,30.30,M,6.21,M,M,M,M,M,M,M,M,M,M,M,M,M,M,M,M,57.20,FAOR 121930Z 30003KT 230V340 CAVOK 14/M04 Q1026 NOSIG,M
FAOR,2026-07-12 20:00,55.40,24.80,30.39,300.00,3.00,0.00,30.30,M,6.21,M,M,M,M,M,M,M,M,M,M,M,M,M,M,M,M,55.40,FAOR 122000Z 30003KT CAVOK 13/M04 Q1026 NOSIG,M
FAOR,2026-07-12 20:30,55.40,24.80,30.39,300.00,3.00,0.00,30.30,M,6.21,M,M,M,M,M,M,M,M,M,M,M,M,M,M,M,M,55.40,FAOR 122030Z 30003KT 210V010 CAVOK 13/M04 Q1026 NOSIG,M
FAOR,2026-07-12 21:00,55.40,24.80,30.39,300.00,3.00,0.00,30.30,M,6.21,M,M,M,M,M,M,M,M,M,M,M,M,M,M,M,M,55.40,FAOR 122100Z 30003KT 220V340 CAVOK 13/M04 Q1026 NOSIG,M
FAOR,2026-07-12 21:30,50.00,26.60,39.93,260.00,3.00,0.00,30.30,M,6.21,M,M,M,M,M,M,M,M,M,M,M,M,M,M,M,M,50.00,FAOR 122130Z 26003KT 210V290 CAVOK 10/M03 Q1026 NOSIG,M
FAOR,2026-07-12 22:00,53.60,24.80,32.45,260.00,4.00,0.00,30.30,M,6.21,M,M,M,M,M,M,M,M,M,M,M,M,M,M,M,M,53.60,FAOR 122200Z 26004KT 230V350 CAVOK 12/M04 Q1026 NOSIG,M
FAOR,2026-07-12 22:30,50.00,33.80,53.52,340.00,7.00,0.00,30.30,M,6.21,M,M,M,M,M,M,M,M,M,M,M,M,M,M,M,M,50.00,FAOR 122230Z 34007KT CAVOK 10/01 Q1026 NOSIG,M
FAOR,2026-07-12 23:00,46.40,32.00,56.99,10.00,5.00,0.00,30.30,M,6.21,M,M,M,M,M,M,M,M,M,M,M,M,M,M,M,M,43.50,FAOR 122300Z 01005KT CAVOK 08/M00 Q1026 NOSIG,M
FAOR,2026-07-12 23:30,44.60,32.00,61.01,20.00,5.00,0.00,30.30,M,6.21,M,M,M,M,M,M,M,M,M,M,M,M,M,M,M,M,41.36,FAOR 122330Z 02005KT CAVOK 07/00 Q1026 NOSIG,M
FAOR,2026-07-13 00:00,46.40,37.40,70.67,10.00,4.00,0.00,30.27,M,4.97,M,NSC,M,M,M,M,M,M,M,M,M,M,M,M,M,M,44.24,FAOR 130000Z 01004KT 8000 NSC 08/03 Q1025 NOSIG,M
FAOR,2026-07-13 00:30,42.80,39.20,86.99,10.00,7.00,0.00,30.27,M,5.59,M,NSC,M,M,M,M,M,M,M,M,M,M,M,M,M,M,37.94,FAOR 130030Z 01007KT 9000 NSC 06/04 Q1025 NOSIG,M
FAOR,2026-07-13 01:00,46.40,41.00,81.33,350.00,7.00,0.00,30.27,M,6.21,M,M,M,M,M,M,M,M,M,M,M,M,M,M,M,M,42.33,FAOR 130100Z 35007KT CAVOK 08/05 Q1025 NOSIG,M
FAOR,2026-07-13 01:30,46.40,41.00,81.33,350.00,7.00,0.00,30.27,M,6.21,M,M,M,M,M,M,M,M,M,M,M,M,M,M,M,M,42.33,FAOR 130130Z 35007KT CAVOK 08/05 Q1025 NOSIG,M
FAOR,2026-07-13 02:00,44.60,41.00,87.08,360.00,6.00,0.00,30.27,M,6.21,M,M,M,M,M,M,M,M,M,M,M,M,M,M,M,M,40.71,FAOR 130200Z 36006KT CAVOK 07/05 Q1025 NOSIG,M
FAOR,2026-07-13 02:30,46.40,42.80,87.18,330.00,8.00,0.00,30.27,M,5.59,M,NSC,M,M,M,M,M,M,M,M,M,M,M,M,M,M,41.85,FAOR 130230Z 33008KT 9000 NSC 08/06 Q1025 NOSIG,M
FAOR,2026-07-13 03:00,46.40,42.80,87.18,320.00,6.00,0.00,30.27,M,4.97,M,NSC,M,M,M,M,M,M,M,M,M,M,M,M,M,M,42.87,FAOR 130300Z 32006KT 8000 NSC 08/06 Q1025 NOSIG,M
FAOR,2026-07-13 03:30,44.60,42.80,93.35,310.00,6.00,0.00,30.27,M,4.35,M,NSC,M,M,M,M,M,M,M,M,M,M,M,M,M,M,40.71,FAOR 130330Z 31006KT 7000 NSC 07/06 Q1025 NOSIG,M
FAOR,2026-07-13 04:00,46.40,44.60,93.40,330.00,6.00,0.00,30.30,M,3.73,M,BKN,M,M,M,300.00,M,M,M,M,M,M,M,M,M,M,42.87,FAOR 130400Z 33006KT 310V010 6000 BKN003 08/07 Q1026 TEMPO 5000 BR,M
FAOR,2026-07-13 04:30,46.40,44.60,93.40,340.00,6.00,0.00,30.30,M,2.30,M,BKN,BKN,M,M,100.00,300.00,M,M,BR,M,M,M,M,M,M,42.87,FAOR 130430Z 34006KT 300V360 3700 0900 BR BKN001 BKN003 08/07 Q1026 BECMG 3000,M
FAOR,2026-07-13 05:00,44.60,44.60,100.00,360.00,6.00,0.00,30.30,M,0.40,M,FEW,BKN,M,M,100.00,300.00,M,M,FG,M,M,M,M,M,M,40.71,FAOR 130500Z 36006KT 0650 R03L/2000 FG FEW001 BKN003 07/07 Q1026 NOSIG,M
FAOR,2026-07-13 05:30,42.80,42.80,100.00,20.00,3.00,0.00,30.30,M,0.12,M,VV ,M,M,M,200.00,M,M,M,FG,M,M,M,M,M,M,41.03,FAOR 130530Z 02003KT 0200 R03L/P2000N FG VV002 06/06 Q1026 NOSIG,M
FAOR,2026-07-13 06:00,44.60,44.60,100.00,20.00,4.00,0.00,30.33,M,0.09,M,VV ,M,M,M,100.00,M,M,M,FG,M,M,M,M,M,M,42.13,FAOR 130600Z 02004KT 0150 R03L/0200N FG VV001 07/07 Q1027 NOSIG,M
FAOR,2026-07-13 06:30,44.60,44.60,100.00,20.00,5.00,0.00,30.33,M,0.09,M,VV ,M,M,M,100.00,M,M,M,FG,M,M,M,M,M,M,41.36,FAOR 130630Z 02005KT 0150 R03L/0200N FG VV001 07/07 Q1027 NOSIG,M
FAOR,2026-07-13 07:00,46.40,46.40,100.00,10.00,6.00,0.00,30.33,M,0.16,M,VV ,M,M,M,100.00,M,M,M,FG,M,M,M,M,M,M,42.87,FAOR 130700Z 01006KT 0250 R03L/0200N FG VV001 08/08 Q1027 NOSIG,M
FAOR,2026-07-13 07:30,48.20,48.20,100.00,360.00,6.00,0.00,30.33,M,3.11,M,BKN,BKN,M,M,100.00,400.00,M,M,BR,M,M,M,M,M,M,45.04,FAOR 130730Z 36006KT 5000 BR BKN001 BKN004 09/09 Q1027 NOSIG,M
FAOR,2026-07-13 08:00,51.80,46.40,81.74,360.00,7.00,0.00,30.36,M,6.21,M,M,M,M,M,M,M,M,M,M,M,M,M,M,M,M,51.80,FAOR 130800Z 36007KT 340V040 CAVOK 11/08 Q1028 NOSIG,M
FAOR,2026-07-13 08:30,55.40,44.60,66.91,360.00,6.00,0.00,30.33,M,6.21,M,M,M,M,M,M,M,M,M,M,M,M,M,M,M,M,55.40,FAOR 130830Z 36006KT 320V040 CAVOK 13/07 Q1027 NOSIG,M
FAOR,2026-07-13 09:00,57.20,42.80,58.52,10.00,5.00,0.00,30.33,M,6.21,M,M,M,M,M,M,M,M,M,M,M,M,M,M,M,M,57.20,FAOR 130900Z 01005KT 270V060 CAVOK 14/06 Q1027 NOSIG,M
FAOR,2026-07-13 09:30,59.00,41.00,51.18,300.00,6.00,0.00,30.33,M,6.21,M,M,M,M,M,M,M,M,M,M,M,M,M,M,M,M,59.00,FAOR 130930Z 30006KT 250V340 CAVOK 15/05 Q1027 NOSIG,M
FAOR,2026-07-13 10:00,59.00,41.00,51.18,M,8.00,0.00,30.33,M,6.21,M,M,M,M,M,M,M,M,M,M,M,M,M,M,M,M,59.00,FAOR 131000Z VRB08KT CAVOK 15/05 Q1027 NOSIG,M
FAOR,2026-07-13 10:30,60.80,41.00,48.01,320.00,7.00,0.00,30.30,M,6.21,M,FEW,M,M,M,3300.00,M,M,M,M,M,M,M,M,M,M,60.80,FAOR 131030Z 32007KT 280V020 9999 FEW033 16/05 Q1026 NOSIG,M
FAOR,2026-07-13 11:00,60.80,37.40,41.71,300.00,7.00,0.00,30.30,M,6.21,M,M,M,M,M,M,M,M,M,M,M,M,M,M,M,M,60.80,FAOR 131100Z 30007KT 220V010 CAVOK 16/03 Q1026 NOSIG,M
FAOR,2026-07-13 11:30,60.80,37.40,41.71,290.00,6.00,0.00,30.27,M,6.21,M,M,M,M,M,M,M,M,M,M,M,M,M,M,M,M,60.80,FAOR 131130Z 29006KT 210V350 CAVOK 16/03 Q1025 NOSIG,M
FAOR,2026-07-13 12:00,62.60,35.60,36.45,290.00,7.00,0.00,30.27,M,6.21,M,M,M,M,M,M,M,M,M,M,M,M,M,M,M,M,62.60,FAOR 131200Z 29007KT 220V020 CAVOK 17/02 Q1025 NOSIG,M
FAOR,2026-07-13 12:30,64.40,35.60,34.23,310.00,9.00,0.00,30.27,M,6.21,M,M,M,M,M,M,M,M,M,M,M,M,M,M,M,M,64.40,FAOR 131230Z 31009KT 250V360 CAVOK 18/02 Q1025 NOSIG,M
FAOR,2026-07-13 13:00,64.40,33.80,31.86,280.00,8.00,0.00,30.27,M,6.21,M,FEW,M,M,M,6000.00,M,M,M,M,M,M,M,M,M,M,64.40,FAOR 131300Z 28008KT 190V330 9999 FEW060TCU 18/01 Q1025 NOSIG,M
FAOR,2026-07-13 13:30,62.60,33.80,33.93,320.00,10.00,0.00,30.27,M,6.21,M,M,M,M,M,M,M,M,M,M,M,M,M,M,M,M,62.60,FAOR 131330Z 32010KT CAVOK 17/01 Q1025 NOSIG,M
FAOR,2026-07-13 14:00,62.60,33.80,33.93,300.00,8.00,0.00,30.27,M,6.21,M,M,M,M,M,M,M,M,M,M,M,M,M,M,M,M,62.60,FAOR 131400Z 30008KT CAVOK 17/01 Q1025 NOSIG RMK DIST CB TO SE,M
FAOR,2026-07-13 14:30,62.60,33.80,33.93,310.00,10.00,0.00,30.24,M,6.21,M,M,M,M,M,M,M,M,M,M,M,M,M,M,M,M,62.60,FAOR 131430Z 31010KT CAVOK 17/01 Q1024 NOSIG RMK DIST CB TO SE,M
FAOR,2026-07-13 15:00,60.80,33.80,36.16,310.00,10.00,0.00,30.27,M,6.21,M,M,M,M,M,M,M,M,M,M,M,M,M,M,M,M,60.80,FAOR 131500Z 31010KT CAVOK 16/01 Q1025 NOSIG,M
FAOR,2026-07-13 15:30,60.80,33.80,36.16,310.00,7.00,0.00,30.27,M,6.21,M,M,M,M,M,M,M,M,M,M,M,M,M,M,M,M,60.80,FAOR 131530Z 31007KT 270V330 CAVOK 16/01 Q1025 NOSIG,M
FAOR,2026-07-13 16:00,59.00,35.60,41.42,260.00,6.00,0.00,30.30,M,6.21,M,M,M,M,M,M,M,M,M,M,M,M,M,M,M,M,59.00,FAOR 131600Z 26006KT 190V300 CAVOK 15/02 Q1026 NOSIG,M
FAOR,2026-07-13 16:30,53.60,33.80,46.87,M,4.00,0.00,30.30,M,6.21,M,M,M,M,M,M,M,M,M,M,M,M,M,M,M,M,53.60,FAOR 131630Z VRB04KT CAVOK 12/01 Q1026 NOSIG,M
FAOR,2026-07-13 17:00,51.80,33.80,50.07,M,1.00,0.00,30.30,M,6.21,M,M,M,M,M,M,M,M,M,M,M,M,M,M,M,M,51.80,FAOR 131700Z VRB01KT CAVOK 11/01 Q1026 NOSIG,M
FAOR,2026-07-13 17:30,53.60,35.60,50.35,70.00,4.00,0.00,30.30,M,6.21,M,M,M,M,M,M,M,M,M,M,M,M,M,M,M,M,53.60,FAOR 131730Z 07004KT 030V100 CAVOK 12/02 Q1026 NOSIG,M
FAOR,2026-07-13 18:00,53.60,35.60,50.35,70.00,5.00,0.00,30.30,M,6.21,M,M,M,M,M,M,M,M,M,M,M,M,M,M,M,M,53.60,FAOR 131800Z 07005KT CAVOK 12/02 Q1026 NOSIG,M
FAOR,2026-07-13 18:30,50.00,35.60,57.51,M,2.00,0.00,30.33,M,6.21,M,M,M,M,M,M,M,M,M,M,M,M,M,M,M,M,50.00,FAOR 131830Z VRB02KT CAVOK 10/02 Q1027 NOSIG,M
FAOR,2026-07-13 19:00,50.00,35.60,57.51,M,2.00,0.00,30.33,M,6.21,M,M,M,M,M,M,M,M,M,M,M,M,M,M,M,M,50.00,FAOR 131900Z VRB02KT CAVOK 10/02 Q1027 NOSIG,M
FAOR,2026-07-13 19:30,50.00,35.60,57.51,40.00,3.00,0.00,30.33,M,6.21,M,M,M,M,M,M,M,M,M,M,M,M,M,M,M,M,50.00,FAOR 131930Z 04003KT 010V070 CAVOK 10/02 Q1027 NOSIG,M
FAOR,2026-07-13 20:00,48.20,35.60,61.50,M,2.00,0.00,30.33,M,6.21,M,M,M,M,M,M,M,M,M,M,M,M,M,M,M,M,48.20,FAOR 132000Z VRB02KT CAVOK 09/02 Q1027 NOSIG,M
FAOR,2026-07-13 20:30,48.20,35.60,61.50,100.00,3.00,0.00,30.33,M,6.21,M,M,M,M,M,M,M,M,M,M,M,M,M,M,M,M,47.21,FAOR 132030Z 10003KT 020V130 CAVOK 09/02 Q1027 NOSIG,M
FAOR,2026-07-13 21:00,46.40,35.60,65.82,M,2.00,0.00,30.33,M,6.21,M,M,M,M,M,M,M,M,M,M,M,M,M,M,M,M,46.40,FAOR 132100Z VRB02KT CAVOK 08/02 Q1027 NOSIG,M
FAOR,2026-07-13 22:00,48.20,33.80,57.25,60.00,3.00,0.00,30.33,M,6.21,M,M,M,M,M,M,M,M,M,M,M,M,M,M,M,M,47.21,FAOR 132200Z 06003KT CAVOK 09/01 Q1027 NOSIG,M
FAOR,2026-07-13 23:00,46.40,35.60,65.82,40.00,4.00,0.00,30.33,M,6.21,M,M,M,M,M,M,M,M,M,M,M,M,M,M,M,M,44.24,FAOR 132300Z 04004KT CAVOK 08/02 Q1027 NOSIG,M
FAOR,2026-07-14 00:00,48.20,33.80,57.25,20.00,4.00,0.00,30.33,M,6.21,M,M,M,M,M,M,M,M,M,M,M,M,M,M,M,M,46.34,FAOR 140000Z 02004KT CAVOK 09/01 Q1027 NOSIG,M
FAOR,2026-07-14 01:00,46.40,33.80,61.26,20.00,4.00,0.00,30.30,M,6.21,M,M,M,M,M,M,M,M,M,M,M,M,M,M,M,M,44.24,FAOR 140100Z 02004KT CAVOK 08/01 Q1026 NOSIG,M
FAOR,2026-07-14 02:00,46.40,33.80,61.26,10.00,6.00,0.00,30.30,M,6.21,M,M,M,M,M,M,M,M,M,M,M,M,M,M,M,M,42.87,FAOR 140200Z 01006KT CAVOK 08/01 Q1026 NOSIG,M
FAOR,2026-07-14 02:30,44.60,35.60,70.47,10.00,8.00,0.00,30.30,M,6.21,M,M,M,M,M,M,M,M,M,M,M,M,M,M,M,M,39.63,FAOR 140230Z 01008KT CAVOK 07/02 Q1026 NOSIG,M
FAOR,2026-07-14 03:00,48.20,39.20,70.87,350.00,9.00,0.00,30.30,M,6.21,M,M,M,M,M,M,M,M,M,M,M,M,M,M,M,M,43.66,FAOR 140300Z 35009KT CAVOK 09/04 Q1026 NOSIG,M
FAOR,2026-07-14 03:30,46.40,41.00,81.33,350.00,9.00,0.00,30.30,M,6.21,M,M,M,M,M,M,M,M,M,M,M,M,M,M,M,M,41.42,FAOR 140330Z 35009KT CAVOK 08/05 Q1026 NOSIG,M
FAOR,2026-07-14 04:00,46.40,41.00,81.33,350.00,8.00,0.00,30.33,M,6.21,M,M,M,M,M,M,M,M,M,M,M,M,M,M,M,M,41.85,FAOR 140400Z 35008KT CAVOK 08/05 Q1027 NOSIG,M
FAOR,2026-07-14 04:30,46.40,42.80,87.18,360.00,10.00,0.00,30.33,M,6.21,M,M,M,M,M,M,M,M,M,M,M,M,M,M,M,M,41.03,FAOR 140430Z 36010KT CAVOK 08/06 Q1027 NOSIG,M
FAOR,2026-07-14 05:00,46.40,42.80,87.18,360.00,10.00,0.00,30.33,M,4.97,M,NSC,M,M,M,M,M,M,M,M,M,M,M,M,M,M,41.03,FAOR 140500Z 36010KT 8000 NSC 08/06 Q1027 NOSIG,M
FAOR,2026-07-14 05:30,46.40,41.00,81.33,10.00,7.00,0.00,30.33,M,4.97,M,NSC,M,M,M,M,M,M,M,M,M,M,M,M,M,M,42.33,FAOR 140530Z 01007KT 8000 NSC 08/05 Q1027 NOSIG,M
FAOR,2026-07-14 06:00,48.20,42.80,81.47,10.00,6.00,0.00,30.33,M,4.97,M,NSC,M,M,M,M,M,M,M,M,M,M,M,M,M,M,45.04,FAOR 140600Z 01006KT 8000 NSC 09/06 Q1027 NOSIG,M
FAOR,2026-07-14 06:30,51.80,44.60,76.34,360.00,9.00,0.00,30.36,M,6.21,M,M,M,M,M,M,M,M,M,M,M,M,M,M,M,M,51.80,FAOR 140630Z 36009KT CAVOK 11/07 Q1028 NOSIG,M
FAOR,2026-07-14 07:00,53.60,44.60,71.45,350.00,9.00,0.00,30.36,M,6.21,M,M,M,M,M,M,M,M,M,M,M,M,M,M,M,M,53.60,FAOR 140700Z 35009KT CAVOK 12/07 Q1028 NOSIG,M
FAOR,2026-07-14 07:30,55.40,44.60,66.91,M,6.00,0.00,30.36,M,6.21,M,M,M,M,M,M,M,M,M,M,M,M,M,M,M,M,55.40,FAOR 140730Z VRB06KT CAVOK 13/07 Q1028 NOSIG,M
FAOR,2026-07-14 08:00,57.20,44.60,62.70,340.00,7.00,0.00,30.36,M,6.21,M,M,M,M,M,M,M,M,M,M,M,M,M,M,M,M,57.20,FAOR 140800Z 34007KT CAVOK 14/07 Q1028 NOSIG,M
FAOR,2026-07-14 08:30,59.00,41.00,51.18,330.00,8.00,0.00,30.36,M,6.21,M,M,M,M,M,M,M,M,M,M,M,M,M,M,M,M,59.00,FAOR 140830Z 33008KT 310V010 CAVOK 15/05 Q1028 NOSIG,M
FAOR,2026-07-14 09:00,60.80,41.00,48.01,330.00,9.00,0.00,30.36,M,6.21,M,M,M,M,M,M,M,M,M,M,M,M,M,M,M,M,60.80,FAOR 140900Z 33009KT 290V010 CAVOK 16/05 Q1028 NOSIG,M
FAOR,2026-07-14 09:30,60.80,41.00,48.01,310.00,10.00,0.00,30.36,M,6.21,M,M,M,M,M,M,M,M,M,M,M,M,M,M,M,M,60.80,FAOR 140930Z 31010KT 290V360 CAVOK 16/05 Q1028 NOSIG,M
FAOR,2026-07-14 10:00,64.40,39.20,39.44,320.00,10.00,0.00,30.33,M,6.21,M,M,M,M,M,M,M,M,M,M,M,M,M,M,M,M,64.40,FAOR 141000Z 32010KT 250V030 CAVOK 18/04 Q1027 NOSIG,M
FAOR,2026-07-14 10:30,62.60,37.40,39.14,310.00,11.00,0.00,30.33,M,6.21,M,M,M,M,M,M,M,M,M,M,M,M,M,M,M,M,62.60,FAOR 141030Z 31011KT CAVOK 17/03 Q1027 NOSIG,M
FAOR,2026-07-14 11:00,64.40,37.40,36.75,290.00,11.00,0.00,30.33,M,6.21,M,M,M,M,M,M,M,M,M,M,M,M,M,M,M,M,64.40,FAOR 141100Z 29011KT CAVOK 18/03 Q1027 NOSIG,M
FAOR,2026-07-14 11:30,64.40,37.40,36.75,310.00,10.00,0.00,30.30,M,6.21,M,M,M,M,M,M,M,M,M,M,M,M,M,M,M,M,64.40,FAOR 141130Z 31010KT 240V340 CAVOK 18/03 Q1026 NOSIG,M
FAOR,2026-07-14 12:00,64.40,35.60,34.23,270.00,10.00,0.00,30.30,M,6.21,M,M,M,M,M,M,M,M,M,M,M,M,M,M,M,M,64.40,FAOR 141200Z 27010KT 230V310 CAVOK 18/02 Q1026 NOSIG,M
FAOR,2026-07-14 12:30,64.40,37.40,36.75,300.00,11.00,0.00,30.30,M,6.21,M,M,M,M,M,M,M,M,M,M,M,M,M,M,M,M,64.40,FAOR 141230Z 30011KT CAVOK 18/03 Q1026 NOSIG,M
FAOR,2026-07-14 13:00,64.40,37.40,36.75,290.00,10.00,0.00,30.30,M,6.21,M,M,M,M,M,M,M,M,M,M,M,M,M,M,M,M,64.40,FAOR 141300Z 29010KT 240V320 CAVOK 18/03 Q1026 NOSIG,M
FAOR,2026-07-14 14:00,64.40,37.40,36.75,290.00,10.00,0.00,30.30,M,6.21,M,M,M,M,M,M,M,M,M,M,M,M,M,M,M,M,64.40,FAOR 141400Z 29010KT 260V320 CAVOK 18/03 Q1026 NOSIG,M
FAOR,2026-07-14 14:30,64.40,37.40,36.75,310.00,8.00,0.00,30.30,M,6.21,M,M,M,M,M,M,M,M,M,M,M,M,M,M,M,M,64.40,FAOR 141430Z 31008KT CAVOK 18/03 Q1026 NOSIG,M
FAOR,2026-07-14 15:00,62.60,37.40,39.14,320.00,7.00,0.00,30.30,M,6.21,M,M,M,M,M,M,M,M,M,M,M,M,M,M,M,M,62.60,FAOR 141500Z 32007KT CAVOK 17/03 Q1026 NOSIG,M
FAOR,2026-07-14 15:30,62.60,37.40,39.14,320.00,6.00,0.00,30.30,M,6.21,M,M,M,M,M,M,M,M,M,M,M,M,M,M,M,M,62.60,FAOR 141530Z 32006KT CAVOK 17/03 Q1026 NOSIG,M
FAOR,2026-07-14 16:00,60.80,37.40,41.71,310.00,8.00,0.00,30.30,M,6.21,M,M,M,M,M,M,M,M,M,M,M,M,M,M,M,M,60.80,FAOR 141600Z 31008KT CAVOK 16/03 Q1026 NOSIG,M
FAOR,2026-07-14 16:30,60.80,37.40,41.71,290.00,7.00,0.00,30.30,M,6.21,M,M,M,M,M,M,M,M,M,M,M,M,M,M,M,M,60.80,FAOR 141630Z 29007KT CAVOK 16/03 Q1026 NOSIG,M
FAOR,2026-07-14 17:00,59.00,37.40,44.47,310.00,6.00,0.00,30.33,M,6.21,M,M,M,M,M,M,M,M,M,M,M,M,M,M,M,M,59.00,FAOR 141700Z 31006KT 240V330 CAVOK 15/03 Q1027 NOSIG,M
FAOR,2026-07-14 17:30,59.00,39.20,47.72,290.00,6.00,0.00,30.33,M,6.21,M,M,M,M,M,M,M,M,M,M,M,M,M,M,M,M,59.00,FAOR 141730Z 29006KT 200V310 CAVOK 15/04 Q1027 NOSIG,M
FAOR,2026-07-14 18:00,59.00,39.20,47.72,270.00,8.00,0.00,30.33,M,6.21,M,M,M,M,M,M,M,M,M,M,M,M,M,M,M,M,59.00,FAOR 141800Z 27008KT 200V300 CAVOK 15/04 Q1027 NOSIG,M
FAOR,2026-07-14 18:30,59.00,39.20,47.72,290.00,7.00,0.00,30.33,M,6.21,M,M,M,M,M,M,M,M,M,M,M,M,M,M,M,M,59.00,FAOR 141830Z 29007KT 240V310 CAVOK 15/04 Q1027 NOSIG,M
FAOR,2026-07-14 19:30,57.20,39.20,50.91,280.00,7.00,0.00,30.36,M,6.21,M,M,M,M,M,M,M,M,M,M,M,M,M,M,M,M,57.20,FAOR 141930Z 28007KT 220V300 CAVOK 14/04 Q1028 NOSIG,M
FAOR,2026-07-14 20:00,57.20,39.20,50.91,280.00,7.00,0.00,30.36,M,6.21,M,M,M,M,M,M,M,M,M,M,M,M,M,M,M,M,57.20,FAOR 142000Z 28007KT CAVOK 14/04 Q1028 NOSIG,M
FAOR,2026-07-14 21:00,57.20,39.20,50.91,280.00,6.00,0.00,30.36,M,6.21,M,M,M,M,M,M,M,M,M,M,M,M,M,M,M,M,57.20,FAOR 142100Z 28006KT CAVOK 14/04 Q1028 NOSIG,M
FAOR,2026-07-14 21:30,57.20,39.20,50.91,280.00,8.00,0.00,30.36,M,6.21,M,M,M,M,M,M,M,M,M,M,M,M,M,M,M,M,57.20,FAOR 142130Z 28008KT 220V300 CAVOK 14/04 Q1028 NOSIG,M
FAOR,2026-07-14 22:00,55.40,39.20,54.33,280.00,5.00,0.00,30.36,M,6.21,M,M,M,M,M,M,M,M,M,M,M,M,M,M,M,M,55.40,FAOR 142200Z 28005KT CAVOK 13/04 Q1028 NOSIG,M
FAOR,2026-07-14 23:00,51.80,39.20,61.99,210.00,4.00,0.00,30.36,M,6.21,M,M,M,M,M,M,M,M,M,M,M,M,M,M,M,M,51.80,FAOR 142300Z 21004KT CAVOK 11/04 Q1028 NOSIG,M
FAOR,2026-07-15 00:00,55.40,37.40,50.63,260.00,5.00,0.00,30.33,M,6.21,M,M,M,M,M,M,M,M,M,M,M,M,M,M,M,M,55.40,FAOR 150000Z 26005KT CAVOK 13/03 Q1027 NOSIG,M
FAOR,2026-07-15 01:00,57.20,37.40,47.44,250.00,7.00,0.00,30.33,M,6.21,M,M,M,M,M,M,M,M,M,M,M,M,M,M,M,M,57.20,FAOR 150100Z 25007KT CAVOK 14/03 Q1027 NOSIG,M
FAOR,2026-07-15 02:00,55.40,37.40,50.63,230.00,6.00,0.00,30.33,M,6.21,M,M,M,M,M,M,M,M,M,M,M,M,M,M,M,M,55.40,FAOR 150200Z 23006KT CAVOK 13/03 Q1027 NOSIG,M
FAOR,2026-07-15 03:00,55.40,35.60,47.15,240.00,11.00,0.00,30.33,M,6.21,M,M,M,M,M,M,M,M,M,M,M,M,M,M,M,M,55.40,FAOR 150300Z 24011KT CAVOK 13/02 Q1027 NOSIG,M
FAOR,2026-07-15 03:30,53.60,33.80,46.87,230.00,7.00,0.00,30.33,M,6.21,M,M,M,M,M,M,M,M,M,M,M,M,M,M,M,M,53.60,FAOR 150330Z 23007KT CAVOK 12/01 Q1027 NOSIG,M
FAOR,2026-07-15 04:00,48.20,35.60,61.50,200.00,5.00,0.00,30.33,M,6.21,M,M,M,M,M,M,M,M,M,M,M,M,M,M,M,M,45.63,FAOR 150400Z 20005KT CAVOK 09/02 Q1027 NOSIG,M
FAOR,2026-07-15 04:30,50.00,35.60,57.51,220.00,7.00,0.00,30.36,M,6.21,M,M,M,M,M,M,M,M,M,M,M,M,M,M,M,M,50.00,FAOR 150430Z 22007KT CAVOK 10/02 Q1028 NOSIG,M
FAOR,2026-07-15 05:00,48.20,35.60,61.50,210.00,7.00,0.00,30.36,M,6.21,M,M,M,M,M,M,M,M,M,M,M,M,M,M,M,M,44.53,FAOR 150500Z 21007KT CAVOK 09/02 Q1028 NOSIG,M
FAOR,2026-07-15 05:30,50.00,35.60,57.51,210.00,9.00,0.00,30.36,M,6.21,M,M,M,M,M,M,M,M,M,M,M,M,M,M,M,M,50.00,FAOR 150530Z 21009KT CAVOK 10/02 Q1028 NOSIG,M
FAOR,2026-07-15 06:00,53.60,33.80,46.87,210.00,9.00,0.00,30.39,M,6.21,M,M,M,M,M,M,M,M,M,M,M,M,M,M,M,M,53.60,FAOR 150600Z 21009KT CAVOK 12/01 Q1029 NOSIG,M
FAOR,2026-07-15 06:30,55.40,32.00,40.83,210.00,8.00,0.00,30.39,M,6.21,M,M,M,M,M,M,M,M,M,M,M,M,M,M,M,M,55.40,FAOR 150630Z 21008KT CAVOK 13/00 Q1029 NOSIG,M
FAOR,2026-07-15 07:00,57.20,32.00,38.25,190.00,7.00,0.00,30.42,M,6.21,M,M,M,M,M,M,M,M,M,M,M,M,M,M,M,M,57.20,FAOR 150700Z 19007KT CAVOK 14/00 Q1030 NOSIG,M
FAOR,2026-07-15 07:30,60.80,33.80,36.16,200.00,7.00,0.00,30.42,M,6.21,M,M,M,M,M,M,M,M,M,M,M,M,M,M,M,M,60.80,FAOR 150730Z 20007KT CAVOK 16/01 Q1030 NOSIG,M
FAOR,2026-07-15 08:00,60.80,32.00,33.64,200.00,6.00,0.00,30.42,M,6.21,M,M,M,M,M,M,M,M,M,M,M,M,M,M,M,M,60.80,FAOR 150800Z 20006KT 170V240 CAVOK 16/00 Q1030 NOSIG,M
FAOR,2026-07-15 08:30,64.40,30.20,27.55,210.00,6.00,0.00,30.42,M,6.21,M,M,M,M,M,M,M,M,M,M,M,M,M,M,M,M,64.40,FAOR 150830Z 21006KT 160V260 CAVOK 18/M01 Q1030 NOSIG,M
FAOR,2026-07-15 09:00,64.40,26.60,23.77,210.00,9.00,0.00,30.42,M,6.21,M,M,M,M,M,M,M,M,M,M,M,M,M,M,M,M,64.40,FAOR 150900Z 21009KT 180V250 CAVOK 18/M03 Q1030 NOSIG,M
FAOR,2026-07-15 09:30,68.00,23.00,18.06,220.00,13.00,0.00,30.39,M,6.21,M,M,M,M,M,M,M,M,M,M,M,M,M,M,M,M,68.00,FAOR 150930Z 22013KT 170V240 CAVOK 20/M05 Q1029 NOSIG,M
FAOR,2026-07-15 10:00,66.20,24.80,20.72,220.00,14.00,0.00,30.39,M,6.21,M,M,M,M,M,M,M,M,M,M,M,M,M,M,M,M,66.20,FAOR 151000Z 22014KT 180V240 CAVOK 19/M04 Q1029 NOSIG,M
FAOR,2026-07-15 10:30,68.00,21.20,16.73,210.00,13.00,0.00,30.39,M,6.21,M,M,M,M,M,M,M,M,M,M,M,M,M,M,M,M,68.00,FAOR 151030Z 21013KT 180V240 CAVOK 20/M06 Q1029 NOSIG,M
FAOR,2026-07-15 11:00,68.00,19.40,15.50,230.00,17.00,0.00,30.36,M,6.21,M,M,M,M,M,M,M,M,M,M,M,M,M,M,M,M,68.00,FAOR 151100Z 23017KT 190V250 CAVOK 20/M07 Q1028 NOSIG,M
FAOR,2026-07-15 11:30,68.00,21.20,16.73,230.00,16.00,0.00,30.36,M,6.21,M,M,M,M,M,M,M,M,M,M,M,M,M,M,M,M,68.00,FAOR 151130Z 23016KT CAVOK 20/M06 Q1028 NOSIG,M
FAOR,2026-07-15 12:00,68.00,17.60,14.34,240.00,18.00,0.00,30.36,M,6.21,28.00,M,M,M,M,M,M,M,M,M,M,M,M,M,M,M,68.00,FAOR 151200Z 24018G28KT CAVOK 20/M08 Q1028 NOSIG,M
FAOR,2026-07-15 13:00,69.80,17.60,13.49,220.00,15.00,0.00,30.36,M,6.21,M,M,M,M,M,M,M,M,M,M,M,M,M,M,M,M,69.80,COR FAOR 151300Z 22015KT CAVOK 21/M08 Q1028 NOSIG,M
FAOR,2026-07-15 13:30,68.00,15.80,13.27,220.00,15.00,0.00,30.36,M,6.21,M,M,M,M,M,M,M,M,M,M,M,M,M,M,M,M,68.00,FAOR 151330Z 22015KT 190V250 CAVOK 20/M09 Q1028 NOSIG,M
FAOR,2026-07-15 14:00,68.00,15.80,13.27,220.00,13.00,0.00,30.36,M,6.21,M,M,M,M,M,M,M,M,M,M,M,M,M,M,M,M,68.00,COR FAOR 151400Z 22013KT CAVOK 20/M09 Q1028 NOSIG,M
FAOR,2026-07-15 14:30,66.20,14.00,13.05,220.00,13.00,0.00,30.36,M,6.21,M,M,M,M,M,M,M,M,M,M,M,M,M,M,M,M,66.20,FAOR 151430Z 22013KT 190V250 CAVOK 19/M10 Q1028 NOSIG,M
FAOR,2026-07-15 15:00,66.20,17.60,15.26,230.00,14.00,0.00,30.36,M,6.21,M,M,M,M,M,M,M,M,M,M,M,M,M,M,M,M,66.20,FAOR 151500Z 23014KT CAVOK 19/M08 Q1028 NOSIG,M
FAOR,2026-07-15 15:30,64.40,17.60,16.25,210.00,11.00,0.00,30.36,M,6.21,M,M,M,M,M,M,M,M,M,M,M,M,M,M,M,M,64.40,FAOR 151530Z 21011KT CAVOK 18/M08 Q1028 NOSIG,M
FAOR,2026-07-15 16:00,59.00,19.40,21.25,200.00,7.00,0.00,30.36,M,6.21,M,M,M,M,M,M,M,M,M,M,M,M,M,M,M,M,59.00,FAOR 151600Z 20007KT CAVOK 15/M07 Q1028 NOSIG,M
FAOR,2026-07-15 16:30,60.80,19.40,19.93,230.00,4.00,0.00,30.39,M,6.21,M,M,M,M,M,M,M,M,M,M,M,M,M,M,M,M,60.80,FAOR 151630Z 23004KT CAVOK 16/M07 Q1029 NOSIG,M
FAOR,2026-07-15 17:00,59.00,17.60,19.66,220.00,5.00,0.00,30.39,M,6.21,M,M,M,M,M,M,M,M,M,M,M,M,M,M,M,M,59.00,FAOR 151700Z 22005KT CAVOK 15/M08 Q1029 NOSIG,M
FAOR,2026-07-15 17:30,59.00,15.80,18.19,230.00,5.00,0.00,30.39,M,6.21,M,M,M,M,M,M,M,M,M,M,M,M,M,M,M,M,59.00,FAOR 151730Z 23005KT CAVOK 15/M09 Q1029 NOSIG,M
FAOR,2026-07-15 18:00,55.40,15.80,20.71,220.00,6.00,0.00,30.39,M,6.21,M,M,M,M,M,M,M,M,M,M,M,M,M,M,M,M,55.40,FAOR 151800Z 22006KT CAVOK 13/M09 Q1029 NOSIG,M
FAOR,2026-07-15 18:30,55.40,15.80,20.71,220.00,8.00,0.00,30.39,M,6.21,M,M,M,M,M,M,M,M,M,M,M,M,M,M,M,M,55.40,FAOR 151830Z 22008KT CAVOK 13/M09 Q1029 NOSIG,M
FAOR,2026-07-15 19:00,55.40,17.60,22.39,220.00,6.00,0.00,30.42,M,6.21,M,M,M,M,M,M,M,M,M,M,M,M,M,M,M,M,55.40,FAOR 151900Z 22006KT CAVOK 13/M08 Q1030 NOSIG,M
FAOR,2026-07-15 19:30,53.60,17.60,23.91,220.00,7.00,0.00,30.42,M,6.21,M,M,M,M,M,M,M,M,M,M,M,M,M,M,M,M,53.60,FAOR 151930Z 22007KT CAVOK 12/M08 Q1030 NOSIG,M
FAOR,2026-07-15 20:00,51.80,17.60,25.54,230.00,5.00,0.00,30.42,M,6.21,M,M,M,M,M,M,M,M,M,M,M,M,M,M,M,M,51.80,FAOR 152000Z 23005KT CAVOK 11/M08 Q1030 NOSIG,M
FAOR,2026-07-15 20:30,48.20,19.40,31.55,200.00,7.00,0.00,30.42,M,6.21,M,M,M,M,M,M,M,M,M,M,M,M,M,M,M,M,44.53,FAOR 152030Z 20007KT CAVOK 09/M07 Q1030 NOSIG,M
FAOR,2026-07-15 21:00,48.20,21.20,34.06,200.00,8.00,0.00,30.42,M,6.21,M,M,M,M,M,M,M,M,M,M,M,M,M,M,M,M,44.07,FAOR 152100Z 20008KT CAVOK 09/M06 Q1030 NOSIG,M
FAOR,2026-07-15 22:00,48.20,21.20,34.06,210.00,7.00,0.00,30.42,M,6.21,M,M,M,M,M,M,M,M,M,M,M,M,M,M,M,M,44.53,FAOR 152200Z 21007KT CAVOK 09/M06 Q1030 NOSIG,M
FAOR,2026-07-16 00:00,48.20,21.20,34.06,200.00,8.00,0.00,30.42,M,6.21,M,M,M,M,M,M,M,M,M,M,M,M,M,M,M,M,44.07,FAOR 160000Z 20008KT CAVOK 09/M06 Q1030 NOSIG,M
FAOR,2026-07-16 01:00,46.40,21.20,36.45,200.00,7.00,0.00,30.42,M,6.21,M,M,M,M,M,M,M,M,M,M,M,M,M,M,M,M,42.33,FAOR 160100Z 20007KT CAVOK 08/M06 Q1030 NOSIG,M
FAOR,2026-07-16 02:00,46.40,21.20,36.45,200.00,6.00,0.00,30.42,M,6.21,M,M,M,M,M,M,M,M,M,M,M,M,M,M,M,M,42.87,FAOR 160200Z 20006KT CAVOK 08/M06 Q1030 NOSIG,M
FAOR,2026-07-16 02:30,42.80,23.00,45.11,190.00,8.00,0.00,30.42,M,6.21,M,M,M,M,M,M,M,M,M,M,M,M,M,M,M,M,37.42,FAOR 160230Z 19008KT CAVOK 06/M05 Q1030 NOSIG,M
FAOR,2026-07-16 03:00,44.60,21.20,39.03,200.00,6.00,0.00,30.42,M,6.21,M,M,M,M,M,M,M,M,M,M,M,M,M,M,M,M,40.71,FAOR 160300Z 20006KT CAVOK 07/M06 Q1030 NOSIG,M
FAOR,2026-07-16 03:30,42.80,21.20,41.81,210.00,5.00,0.00,30.42,M,6.21,M,M,M,M,M,M,M,M,M,M,M,M,M,M,M,M,39.22,FAOR 160330Z 21005KT CAVOK 06/M06 Q1030 NOSIG,M
FAOR,2026-07-16 04:00,41.00,23.00,48.36,190.00,8.00,0.00,30.42,M,6.21,M,M,M,M,M,M,M,M,M,M,M,M,M,M,M,M,35.20,FAOR 160400Z 19008KT CAVOK 05/M05 Q1030 NOSIG,M
FAOR,2026-07-16 04:30,42.80,23.00,45.11,200.00,8.00,0.00,30.42,M,6.21,M,M,M,M,M,M,M,M,M,M,M,M,M,M,M,M,37.42,FAOR 160430Z 20008KT CAVOK 06/M05 Q1030 NOSIG,M
FAOR,2026-07-16 05:00,42.80,21.20,41.81,200.00,8.00,0.00,30.42,M,6.21,M,M,M,M,M,M,M,M,M,M,M,M,M,M,M,M,37.42,FAOR 160500Z 20008KT CAVOK 06/M06 Q1030 NOSIG,M
FAOR,2026-07-16 05:30,42.80,23.00,45.11,190.00,7.00,0.00,30.45,M,6.21,M,M,M,M,M,M,M,M,M,M,M,M,M,M,M,M,37.94,FAOR 160530Z 19007KT CAVOK 06/M05 Q1031 NOSIG,M
FAOR,2026-07-16 06:00,50.00,23.00,34.37,200.00,8.00,0.00,30.45,M,6.21,M,M,M,M,M,M,M,M,M,M,M,M,M,M,M,M,50.00,FAOR 160600Z 20008KT CAVOK 10/M05 Q1031 NOSIG,M
FAOR,2026-07-16 06:30,53.60,23.00,30.09,190.00,11.00,0.00,30.45,M,6.21,M,M,M,M,M,M,M,M,M,M,M,M,M,M,M,M,53.60,FAOR 160630Z 19011KT CAVOK 12/M05 Q1031 NOSIG,M
FAOR,2026-07-16 07:00,55.40,21.20,26.12,190.00,14.00,0.00,30.47,M,6.21,M,M,M,M,M,M,M,M,M,M,M,M,M,M,M,M,55.40,FAOR 160700Z 19014KT CAVOK 13/M06 Q1032 NOSIG,M
FAOR,2026-07-16 07:30,57.20,21.20,24.47,180.00,14.00,0.00,30.47,M,6.21,M,M,M,M,M,M,M,M,M,M,M,M,M,M,M,M,57.20,FAOR 160730Z 18014KT CAVOK 14/M06 Q1032 NOSIG,M
FAOR,2026-07-16 08:00,59.00,21.20,22.94,180.00,18.00,0.00,30.47,M,6.21,M,M,M,M,M,M,M,M,M,M,M,M,M,M,M,M,59.00,FAOR 160800Z 18018KT CAVOK 15/M06 Q1032 NOSIG,M
FAOR,2026-07-16 08:30,60.80,21.20,21.52,180.00,17.00,0.00,30.47,M,6.21,M,M,M,M,M,M,M,M,M,M,M,M,M,M,M,M,60.80,FAOR 160830Z 18017KT CAVOK 16/M06 Q1032 NOSIG,M
FAOR,2026-07-16 09:00,62.60,21.20,20.19,190.00,17.00,0.00,30.47,M,6.21,M,M,M,M,M,M,M,M,M,M,M,M,M,M,M,M,62.60,FAOR 160900Z 19017KT CAVOK 17/M06 Q1032 NOSIG,M
FAOR,2026-07-16 09:30,62.60,21.20,20.19,190.00,17.00,0.00,30.47,M,6.21,M,M,M,M,M,M,M,M,M,M,M,M,M,M,M,M,62.60,FAOR 160930Z 19017KT CAVOK 17/M06 Q1032 NOSIG,M
FAOR,2026-07-16 10:00,64.40,17.60,16.25,190.00,13.00,0.00,30.45,M,6.21,M,M,M,M,M,M,M,M,M,M,M,M,M,M,M,M,64.40,FAOR 161000Z 19013KT CAVOK 18/M08 Q1031 NOSIG,M
FAOR,2026-07-16 10:30,66.20,15.80,14.12,190.00,12.00,0.00,30.45,M,6.21,M,M,M,M,M,M,M,M,M,M,M,M,M,M,M,M,66.20,FAOR 161030Z 19012KT CAVOK 19/M09 Q1031 NOSIG,M
FAOR,2026-07-16 11:00,68.00,14.00,12.26,190.00,10.00,0.00,30.42,M,6.21,M,M,M,M,M,M,M,M,M,M,M,M,M,M,M,M,68.00,FAOR 161100Z 19010KT 160V220 CAVOK 20/M10 Q1030 NOSIG,M
FAOR,2026-07-16 11:30,68.00,15.80,13.27,200.00,9.00,0.00,30.42,M,6.21,M,M,M,M,M,M,M,M,M,M,M,M,M,M,M,M,68.00,FAOR 161130Z 20009KT 170V230 CAVOK 20/M09 Q1030 NOSIG,M
FAOR,2026-07-16 12:00,69.80,15.80,12.48,180.00,6.00,0.00,30.42,M,6.21,M,M,M,M,M,M,M,M,M,M,M,M,M,M,M,M,69.80,FAOR 161200Z 18006KT 130V240 CAVOK 21/M09 Q1030 NOSIG,M
FAOR,2026-07-16 12:30,68.00,17.60,14.34,220.00,7.00,0.00,30.42,M,6.21,M,M,M,M,M,M,M,M,M,M,M,M,M,M,M,M,68.00,FAOR 161230Z 22007KT 180V260 CAVOK 20/M08 Q1030 NOSIG,M
FAOR,2026-07-16 13:00,69.80,17.60,13.49,180.00,5.00,0.00,30.39,M,6.21,M,M,M,M,M,M,M,M,M,M,M,M,M,M,M,M,69.80,FAOR 161300Z 18005KT 100V250 CAVOK 21/M08 Q1029 NOSIG,M
FAOR,2026-07-16 13:30,69.80,15.80,12.48,180.00,5.00,0.00,30.39,M,6.21,M,M,M,M,M,M,M,M,M,M,M,M,M,M,M,M,69.80,FAOR 161330Z 18005KT 150V220 CAVOK 21/M09 Q1029 NOSIG,M
FAOR,2026-07-16 14:00,69.80,17.60,13.49,200.00,5.00,0.00,30.39,M,6.21,M,M,M,M,M,M,M,M,M,M,M,M,M,M,M,M,69.80,FAOR 161400Z 20005KT 170V230 CAVOK 21/M08 Q1029 NOSIG,M
FAOR,2026-07-16 14:30,68.00,17.60,14.34,200.00,5.00,0.00,30.39,M,6.21,M,M,M,M,M,M,M,M,M,M,M,M,M,M,M,M,68.00,FAOR 161430Z 20005KT 170V270 CAVOK 20/M08 Q1029 NOSIG,M
FAOR,2026-07-16 15:00,66.20,19.40,16.49,190.00,5.00,0.00,30.39,M,6.21,M,M,M,M,M,M,M,M,M,M,M,M,M,M,M,M,66.20,FAOR 161500Z 19005KT 150V220 CAVOK 19/M07 Q1029 NOSIG,M
FAOR,2026-07-16 15:30,64.40,19.40,17.56,160.00,5.00,0.00,30.39,M,6.21,M,M,M,M,M,M,M,M,M,M,M,M,M,M,M,M,64.40,FAOR 161530Z 16005KT 120V210 CAVOK 18/M07 Q1029 NOSIG,M
FAOR,2026-07-16 16:00,60.80,19.40,19.93,190.00,6.00,0.00,30.39,M,6.21,M,M,M,M,M,M,M,M,M,M,M,M,M,M,M,M,60.80,FAOR 161600Z 19006KT CAVOK 16/M07 Q1029 NOSIG,M
FAOR,2026-07-16 16:30,59.00,21.20,22.94,200.00,5.00,0.00,30.42,M,6.21,M,M,M,M,M,M,M,M,M,M,M,M,M,M,M,M,59.00,FAOR 161630Z 20005KT CAVOK 15/M06 Q1030 NOSIG,M
FAOR,2026-07-16 17:00,57.20,21.20,24.47,210.00,4.00,0.00,30.42,M,6.21,M,M,M,M,M,M,M,M,M,M,M,M,M,M,M,M,57.20,FAOR 161700Z 21004KT CAVOK 14/M06 Q1030 NOSIG,M
FAOR,2026-07-16 17:30,59.00,21.20,22.94,210.00,4.00,0.00,30.42,M,6.21,M,M,M,M,M,M,M,M,M,M,M,M,M,M,M,M,59.00,FAOR 161730Z 21004KT CAVOK 15/M06 Q1030 NOSIG,M
FAOR,2026-07-16 18:00,57.20,21.20,24.47,190.00,5.00,0.00,30.42,M,6.21,M,M,M,M,M,M,M,M,M,M,M,M,M,M,M,M,57.20,FAOR 161800Z 19005KT 140V200 CAVOK 14/M06 Q1030 NOSIG,M
FAOR,2026-07-16 18:30,53.60,23.00,30.09,200.00,7.00,0.00,30.42,M,6.21,M,M,M,M,M,M,M,M,M,M,M,M,M,M,M,M,53.60,FAOR 161830Z 20007KT CAVOK 12/M05 Q1030 NOSIG,M
FAOR,2026-07-16 19:00,53.60,23.00,30.09,200.00,6.00,0.00,30.42,M,6.21,M,M,M,M,M,M,M,M,M,M,M,M,M,M,M,M,53.60,FAOR 161900Z 20006KT CAVOK 12/M05 Q1030 NOSIG,M
FAOR,2026-07-16 19:30,53.60,23.00,30.09,210.00,6.00,0.00,30.42,M,6.21,M,M,M,M,M,M,M,M,M,M,M,M,M,M,M,M,53.60,FAOR 161930Z 21006KT CAVOK 12/M05 Q1030 NOSIG,M
FAOR,2026-07-16 20:00,53.60,21.20,27.89,210.00,6.00,0.00,30.42,M,6.21,M,M,M,M,M,M,M,M,M,M,M,M,M,M,M,M,53.60,FAOR 162000Z 21006KT CAVOK 12/M06 Q1030 NOSIG,M
FAOR,2026-07-16 20:30,51.80,21.20,29.79,210.00,5.00,0.00,30.42,M,6.21,M,M,M,M,M,M,M,M,M,M,M,M,M,M,M,M,51.80,FAOR 162030Z 21005KT CAVOK 11/M06 Q1030 NOSIG,M
FAOR,2026-07-16 21:00,51.80,19.40,27.60,210.00,4.00,0.00,30.42,M,6.21,M,M,M,M,M,M,M,M,M,M,M,M,M,M,M,M,51.80,FAOR 162100Z 21004KT CAVOK 11/M07 Q1030 NOSIG,M
FAOR,2026-07-16 21:30,50.00,19.40,29.50,M,2.00,0.00,30.42,M,6.21,M,M,M,M,M,M,M,M,M,M,M,M,M,M,M,M,50.00,FAOR 162130Z VRB02KT CAVOK 10/M07 Q1030 NOSIG,M
FAOR,2026-07-16 22:00,50.00,21.20,31.85,M,1.00,0.00,30.42,M,6.21,M,M,M,M,M,M,M,M,M,M,M,M,M,M,M,M,50.00,FAOR 162200Z VRB01KT CAVOK 10/M06 Q1030 NOSIG,M
FAOR,2026-07-16 23:00,50.00,21.20,31.85,200.00,8.00,0.00,30.42,M,6.21,M,M,M,M,M,M,M,M,M,M,M,M,M,M,M,M,50.00,FAOR 162300Z 20008KT CAVOK 10/M06 Q1030 NOSIG,M
FAOR,2026-07-17 00:00,48.20,19.40,31.55,200.00,8.00,0.00,30.42,M,6.21,M,M,M,M,M,M,M,M,M,M,M,M,M,M,M,M,44.07,FAOR 170000Z 20008KT CAVOK 09/M07 Q1030 NOSIG,M
FAOR,2026-07-17 01:00,48.20,19.40,31.55,210.00,7.00,0.00,30.42,M,6.21,M,M,M,M,M,M,M,M,M,M,M,M,M,M,M,M,44.53,FAOR 170100Z 21007KT CAVOK 09/M07 Q1030 NOSIG,M
FAOR,2026-07-17 02:00,46.40,19.40,33.76,210.00,6.00,0.00,30.39,M,6.21,M,M,M,M,M,M,M,M,M,M,M,M,M,M,M,M,42.87,FAOR 170200Z 21006KT CAVOK 08/M07 Q1029 NOSIG,M
FAOR,2026-07-17 03:00,50.00,21.20,31.85,210.00,8.00,0.00,30.39,M,6.21,M,M,M,M,M,M,M,M,M,M,M,M,M,M,M,M,50.00,FAOR 170300Z 21008KT CAVOK 10/M06 Q1029 NOSIG,M
FAOR,2026-07-17 03:30,48.20,21.20,34.06,210.00,8.00,0.00,30.39,M,6.21,M,M,M,M,M,M,M,M,M,M,M,M,M,M,M,M,44.07,FAOR 170330Z 21008KT CAVOK 09/M06 Q1029 NOSIG,M
FAOR,2026-07-17 04:00,46.40,23.00,39.33,210.00,8.00,0.00,30.39,M,6.21,M,M,M,M,M,M,M,M,M,M,M,M,M,M,M,M,41.85,FAOR 170400Z 21008KT CAVOK 08/M05 Q1029 NOSIG,M
FAOR,2026-07-17 04:30,48.20,23.00,36.75,210.00,7.00,0.00,30.39,M,6.21,M,M,M,M,M,M,M,M,M,M,M,M,M,M,M,M,44.53,FAOR 170430Z 21007KT CAVOK 09/M05 Q1029 NOSIG,M
FAOR,2026-07-17 05:00,46.40,23.00,39.33,210.00,6.00,0.00,30.42,M,6.21,M,M,M,M,M,M,M,M,M,M,M,M,M,M,M,M,42.87,FAOR 170500Z 21006KT CAVOK 08/M05 Q1030 NOSIG,M
FAOR,2026-07-17 05:30,44.60,24.80,45.41,210.00,4.00,0.00,30.42,M,6.21,M,M,M,M,M,M,M,M,M,M,M,M,M,M,M,M,42.13,FAOR 170530Z 21004KT CAVOK 07/M04 Q1030 NOSIG,M
FAOR,2026-07-17 06:00,55.40,26.60,32.75,200.00,6.00,0.00,30.42,M,6.21,M,M,M,M,M,M,M,M,M,M,M,M,M,M,M,M,55.40,FAOR 170600Z 20006KT CAVOK 13/M03 Q1030 NOSIG,M
FAOR,2026-07-17 06:30,59.00,23.00,24.75,200.00,6.00,0.00,30.42,M,6.21,M,M,M,M,M,M,M,M,M,M,M,M,M,M,M,M,59.00,FAOR 170630Z 20006KT CAVOK 15/M05 Q1030 NOSIG,M
FAOR,2026-07-17 07:00,60.80,23.00,23.21,200.00,7.00,0.00,30.45,M,6.21,M,M,M,M,M,M,M,M,M,M,M,M,M,M,M,M,60.80,FAOR 170700Z 20007KT CAVOK 16/M05 Q1031 NOSIG,M
FAOR,2026-07-17 07:30,62.60,23.00,21.78,200.00,6.00,0.00,30.45,M,6.21,M,M,M,M,M,M,M,M,M,M,M,M,M,M,M,M,62.60,FAOR 170730Z 20006KT 170V230 CAVOK 17/M05 Q1031 NOSIG,M
FAOR,2026-07-17 08:00,62.60,23.00,21.78,210.00,6.00,0.00,30.45,M,6.21,M,M,M,M,M,M,M,M,M,M,M,M,M,M,M,M,62.60,FAOR 170800Z 21006KT CAVOK 17/M05 Q1031 NOSIG,M
FAOR,2026-07-17 08:30,64.40,24.80,22.05,200.00,6.00,0.00,30.45,M,6.21,M,M,M,M,M,M,M,M,M,M,M,M,M,M,M,M,64.40,FAOR 170830Z 20006KT 180V240 CAVOK 18/M04 Q1031 NOSIG,M
FAOR,2026-07-17 09:00,64.40,21.20,18.96,210.00,6.00,0.00,30.45,M,6.21,M,M,M,M,M,M,M,M,M,M,M,M,M,M,M,M,64.40,FAOR 170900Z 21006KT 180V250 CAVOK 18/M06 Q1031 NOSIG,M
FAOR,2026-07-17 09:30,66.20,19.40,16.49,220.00,6.00,0.00,30.45,M,6.21,M,M,M,M,M,M,M,M,M,M,M,M,M,M,M,M,66.20,FAOR 170930Z 22006KT 170V250 CAVOK 19/M07 Q1031 NOSIG,M
FAOR,2026-07-17 10:00,66.20,21.20,17.81,M,6.00,0.00,30.42,M,6.21,M,M,M,M,M,M,M,M,M,M,M,M,M,M,M,M,66.20,FAOR 171000Z VRB06KT CAVOK 19/M06 Q1030 NOSIG,M
FAOR,2026-07-17 10:30,68.00,19.40,15.50,190.00,5.00,0.00,30.42,M,6.21,M,M,M,M,M,M,M,M,M,M,M,M,M,M,M,M,68.00,FAOR 171030Z 19005KT 150V220 CAVOK 20/M07 Q1030 NOSIG,M
FAOR,2026-07-17 11:00,68.00,19.40,15.50,230.00,6.00,0.00,30.39,M,6.21,M,M,M,M,M,M,M,M,M,M,M,M,M,M,M,M,68.00,FAOR 171100Z 23006KT 140V290 CAVOK 20/M07 Q1029 NOSIG,M
FAOR,2026-07-17 11:30,69.80,19.40,14.57,230.00,7.00,0.00,30.39,M,6.21,18.00,M,M,M,M,M,M,M,M,M,M,M,M,M,M,M,69.80,FAOR 171130Z 23007G18KT 170V310 CAVOK 21/M07 Q1029 NOSIG,M
FAOR,2026-07-17 12:00,69.80,19.40,14.57,220.00,8.00,0.00,30.36,M,6.21,M,M,M,M,M,M,M,M,M,M,M,M,M,M,M,M,69.80,FAOR 171200Z 22008KT 180V270 CAVOK 21/M07 Q1028 NOSIG,M
FAOR,2026-07-17 12:30,69.80,15.80,12.48,200.00,11.00,0.00,30.36,M,6.21,M,M,M,M,M,M,M,M,M,M,M,M,M,M,M,M,69.80,FAOR 171230Z 20011KT CAVOK 21/M09 Q1028 NOSIG,M
FAOR,2026-07-17 13:00,69.80,17.60,13.49,210.00,12.00,0.00,30.36,M,6.21,M,M,M,M,M,M,M,M,M,M,M,M,M,M,M,M,69.80,FAOR 171300Z 21012KT 180V240 CAVOK 21/M08 Q1028 NOSIG,M
FAOR,2026-07-17 13:30,69.80,17.60,13.49,190.00,10.00,0.00,30.36,M,6.21,M,M,M,M,M,M,M,M,M,M,M,M,M,M,M,M,69.80,FAOR 171330Z 19010KT 170V230 CAVOK 21/M08 Q1028 NOSIG,M
FAOR,2026-07-17 14:00,68.00,17.60,14.34,200.00,11.00,0.00,30.36,M,6.21,M,M,M,M,M,M,M,M,M,M,M,M,M,M,M,M,68.00,FAOR 171400Z 20011KT CAVOK 20/M08 Q1028 NOSIG,M
FAOR,2026-07-17 14:30,68.00,19.40,15.50,190.00,9.00,0.00,30.36,M,6.21,M,M,M,M,M,M,M,M,M,M,M,M,M,M,M,M,68.00,FAOR 171430Z 19009KT CAVOK 20/M07 Q1028 NOSIG,M
FAOR,2026-07-17 15:00,66.20,19.40,16.49,190.00,8.00,0.00,30.36,M,6.21,M,M,M,M,M,M,M,M,M,M,M,M,M,M,M,M,66.20,FAOR 171500Z 19008KT CAVOK 19/M07 Q1028 NOSIG,M
FAOR,2026-07-17 15:30,62.60,19.40,18.70,200.00,6.00,0.00,30.36,M,6.21,M,M,M,M,M,M,M,M,M,M,M,M,M,M,M,M,62.60,FAOR 171530Z 20006KT CAVOK 17/M07 Q1028 NOSIG,M
FAOR,2026-07-17 16:00,60.80,21.20,21.52,180.00,6.00,0.00,30.36,M,6.21,M,M,M,M,M,M,M,M,M,M,M,M,M,M,M,M,60.80,FAOR 171600Z 18006KT 150V210 CAVOK 16/M06 Q1028 NOSIG,M
FAOR,2026-07-17 16:30,59.00,21.20,22.94,200.00,5.00,0.00,30.36,M,6.21,M,M,M,M,M,M,M,M,M,M,M,M,M,M,M,M,59.00,FAOR 171630Z 20005KT CAVOK 15/M06 Q1028 NOSIG,M
FAOR,2026-07-17 17:00,57.20,21.20,24.47,230.00,3.00,0.00,30.39,M,6.21,M,M,M,M,M,M,M,M,M,M,M,M,M,M,M,M,57.20,FAOR 171700Z 23003KT CAVOK 14/M06 Q1029 NOSIG,M
FAOR,2026-07-17 17:30,55.40,21.20,26.12,220.00,3.00,0.00,30.39,M,6.21,M,M,M,M,M,M,M,M,M,M,M,M,M,M,M,M,55.40,FAOR 171730Z 22003KT 150V230 CAVOK 13/M06 Q1029 NOSIG,M
FAOR,2026-07-17 18:00,57.20,21.20,24.47,200.00,4.00,0.00,30.39,M,6.21,M,M,M,M,M,M,M,M,M,M,M,M,M,M,M,M,57.20,FAOR 171800Z 20004KT 160V220 CAVOK 14/M06 Q1029 NOSIG,M
FAOR,2026-07-17 18:30,53.60,21.20,27.89,200.00,7.00,0.00,30.39,M,6.21,M,M,M,M,M,M,M,M,M,M,M,M,M,M,M,M,53.60,FAOR 171830Z 20007KT CAVOK 12/M06 Q1029 NOSIG,M
FAOR,2026-07-17 19:00,51.80,23.00,32.15,200.00,6.00,0.00,30.39,M,6.21,M,M,M,M,M,M,M,M,M,M,M,M,M,M,M,M,51.80,FAOR 171900Z 20006KT CAVOK 11/M05 Q1029 NOSIG,M
FAOR,2026-07-17 20:00,55.40,21.20,26.12,260.00,4.00,0.00,30.39,M,6.21,M,M,M,M,M,M,M,M,M,M,M,M,M,M,M,M,55.40,FAOR 172000Z 26004KT 220V310 CAVOK 13/M06 Q1029 NOSIG,M
FAOR,2026-07-17 20:30,53.60,19.40,25.83,240.00,5.00,0.00,30.39,M,6.21,M,M,M,M,M,M,M,M,M,M,M,M,M,M,M,M,53.60,FAOR 172030Z 24005KT CAVOK 12/M07 Q1029 NOSIG,M
FAOR,2026-07-17 21:00,53.60,19.40,25.83,240.00,3.00,0.00,30.39,M,6.21,M,M,M,M,M,M,M,M,M,M,M,M,M,M,M,M,53.60,FAOR 172100Z 24003KT 210V280 CAVOK 12/M07 Q1029 NOSIG,M
FAOR,2026-07-17 21:30,51.80,19.40,27.60,220.00,5.00,0.00,30.39,M,6.21,M,M,M,M,M,M,M,M,M,M,M,M,M,M,M,M,51.80,FAOR 172130Z 22005KT CAVOK 11/M07 Q1029 NOSIG,M
FAOR,2026-07-17 22:00,51.80,21.20,29.79,210.00,9.00,0.00,30.39,M,6.21,M,M,M,M,M,M,M,M,M,M,M,M,M,M,M,M,51.80,FAOR 172200Z 21009KT CAVOK 11/M06 Q1029 NOSIG,M
FAOR,2026-07-17 23:00,50.00,21.20,31.85,210.00,7.00,0.00,30.36,M,6.21,M,M,M,M,M,M,M,M,M,M,M,M,M,M,M,M,50.00,FAOR 172300Z 21007KT CAVOK 10/M06 Q1028 NOSIG,M
FAOR,2026-07-18 00:00,51.80,21.20,29.79,280.00,4.00,0.00,30.36,M,6.21,M,M,M,M,M,M,M,M,M,M,M,M,M,M,M,M,51.80,FAOR 180000Z 28004KT CAVOK 11/M06 Q1028 NOSIG,M
FAOR,2026-07-18 01:00,53.60,21.20,27.89,280.00,6.00,0.00,30.36,M,6.21,M,M,M,M,M,M,M,M,M,M,M,M,M,M,M,M,53.60,FAOR 180100Z 28006KT CAVOK 12/M06 Q1028 NOSIG,M
FAOR,2026-07-18 02:30,50.00,21.20,31.85,260.00,3.00,0.00,30.33,M,6.21,M,M,M,M,M,M,M,M,M,M,M,M,M,M,M,M,50.00,FAOR 180230Z 26003KT CAVOK 10/M06 Q1027 NOSIG,M
FAOR,2026-07-18 03:00,46.40,23.00,39.33,220.00,2.00,0.00,30.33,M,6.21,M,M,M,M,M,M,M,M,M,M,M,M,M,M,M,M,46.40,FAOR 180300Z 22002KT CAVOK 08/M05 Q1027 NOSIG,M
FAOR,2026-07-18 03:30,46.40,23.00,39.33,M,2.00,0.00,30.33,M,6.21,M,M,M,M,M,M,M,M,M,M,M,M,M,M,M,M,46.40,FAOR 180330Z VRB02KT CAVOK 08/M05 Q1027 NOSIG,M
FAOR,2026-07-18 04:00,50.00,21.20,31.85,260.00,3.00,0.00,30.33,M,6.21,M,M,M,M,M,M,M,M,M,M,M,M,M,M,M,M,50.00,FAOR 180400Z 26003KT CAVOK 10/M06 Q1027 NOSIG,M
FAOR,2026-07-18 04:30,46.40,21.20,36.45,230.00,5.00,0.00,30.33,M,6.21,M,M,M,M,M,M,M,M,M,M,M,M,M,M,M,M,43.50,FAOR 180430Z 23005KT CAVOK 08/M06 Q1027 NOSIG,M
FAOR,2026-07-18 05:00,50.00,19.40,29.50,230.00,6.00,0.00,30.36,M,6.21,M,M,M,M,M,M,M,M,M,M,M,M,M,M,M,M,50.00,FAOR 180500Z 23006KT CAVOK 10/M07 Q1028 NOSIG,M
FAOR,2026-07-18 05:30,55.40,17.60,22.39,260.00,5.00,0.00,30.36,M,6.21,M,M,M,M,M,M,M,M,M,M,M,M,M,M,M,M,55.40,FAOR 180530Z 26005KT CAVOK 13/M08 Q1028 NOSIG,M
FAOR,2026-07-18 06:00,59.00,15.80,18.19,260.00,4.00,0.00,30.36,M,6.21,M,M,M,M,M,M,M,M,M,M,M,M,M,M,M,M,59.00,FAOR 180600Z 26004KT CAVOK 15/M09 Q1028 NOSIG,M
FAOR,2026-07-18 06:30,60.80,17.60,18.44,250.00,4.00,0.00,30.36,M,6.21,M,M,M,M,M,M,M,M,M,M,M,M,M,M,M,M,60.80,FAOR 180630Z 25004KT 220V280 CAVOK 16/M08 Q1028 NOSIG,M
FAOR,2026-07-18 07:00,62.60,17.60,17.31,260.00,5.00,0.00,30.36,M,6.21,M,M,M,M,M,M,M,M,M,M,M,M,M,M,M,M,62.60,FAOR 180700Z 26005KT 230V290 CAVOK 17/M08 Q1028 NOSIG,M
FAOR,2026-07-18 07:30,62.60,19.40,18.70,270.00,6.00,0.00,30.36,M,6.21,M,M,M,M,M,M,M,M,M,M,M,M,M,M,M,M,62.60,FAOR 180730Z 27006KT 230V300 CAVOK 17/M07 Q1028 NOSIG,M
FAOR,2026-07-18 08:00,64.40,19.40,17.56,260.00,6.00,0.00,30.36,M,6.21,M,M,M,M,M,M,M,M,M,M,M,M,M,M,M,M,64.40,FAOR 180800Z 26006KT 220V290 CAVOK 18/M07 Q1028 NOSIG,M
FAOR,2026-07-18 08:30,66.20,17.60,15.26,240.00,9.00,0.00,30.36,M,6.21,M,M,M,M,M,M,M,M,M,M,M,M,M,M,M,M,66.20,FAOR 180830Z 24009KT CAVOK 19/M08 Q1028 NOSIG,M
FAOR,2026-07-18 09:00,68.00,15.80,13.27,210.00,11.00,0.00,30.36,M,6.21,M,M,M,M,M,M,M,M,M,M,M,M,M,M,M,M,68.00,FAOR 180900Z 21011KT CAVOK 20/M09 Q1028 NOSIG,M
FAOR,2026-07-18 09:30,68.00,15.80,13.27,220.00,13.00,0.00,30.36,M,6.21,M,M,M,M,M,M,M,M,M,M,M,M,M,M,M,M,68.00,FAOR 180930Z 22013KT 190V250 CAVOK 20/M09 Q1028 NOSIG,M
FAOR,2026-07-18 10:00,69.80,15.80,12.48,240.00,12.00,0.00,30.36,M,6.21,M,M,M,M,M,M,M,M,M,M,M,M,M,M,M,M,69.80,FAOR 181000Z 24012KT 200V260 CAVOK 21/M09 Q1028 NOSIG,M
FAOR,2026-07-18 10:30,69.80,17.60,13.49,230.00,11.00,0.00,30.33,M,6.21,M,M,M,M,M,M,M,M,M,M,M,M,M,M,M,M,69.80,FAOR 181030Z 23011KT 200V270 CAVOK 21/M08 Q1027 NOSIG,M
FAOR,2026-07-18 11:00,69.80,19.40,14.57,210.00,10.00,0.00,30.33,M,6.21,M,M,M,M,M,M,M,M,M,M,M,M,M,M,M,M,69.80,FAOR 181100Z 21010KT 190V250 CAVOK 21/M07 Q1027 NOSIG,M
FAOR,2026-07-18 11:30,71.60,17.60,12.69,210.00,10.00,0.00,30.30,M,6.21,M,M,M,M,M,M,M,M,M,M,M,M,M,M,M,M,71.60,FAOR 181130Z 21010KT 170V260 CAVOK 22/M08 Q1026 NOSIG,M
FAOR,2026-07-18 12:00,69.80,15.80,12.48,230.00,10.00,0.00,30.30,M,6.21,M,M,M,M,M,M,M,M,M,M,M,M,M,M,M,M,69.80,FAOR 181200Z 23010KT CAVOK 21/M09 Q1026 NOSIG,M
FAOR,2026-07-18 12:30,71.60,14.00,10.85,220.00,11.00,0.00,30.30,M,6.21,M,M,M,M,M,M,M,M,M,M,M,M,M,M,M,M,71.60,FAOR 181230Z 22011KT CAVOK 22/M10 Q1026 NOSIG,M
FAOR,2026-07-18 13:00,71.60,14.00,10.85,220.00,12.00,0.00,30.27,M,6.21,M,M,M,M,M,M,M,M,M,M,M,M,M,M,M,M,71.60,FAOR 181300Z 22012KT 190V250 CAVOK 22/M10 Q1025 NOSIG,M
FAOR,2026-07-18 13:30,71.60,14.00,10.85,230.00,10.00,0.00,30.27,M,6.21,M,M,M,M,M,M,M,M,M,M,M,M,M,M,M,M,71.60,FAOR 181330Z 23010KT 200V260 CAVOK 22/M10 Q1025 NOSIG,M
FAOR,2026-07-18 15:00,66.20,14.00,13.05,230.00,6.00,0.00,30.27,M,6.21,M,M,M,M,M,M,M,M,M,M,M,M,M,M,M,M,66.20,FAOR 181500Z 23006KT CAVOK 19/M10 Q1025 NOSIG,M
FAOR,2026-07-18 15:30,66.20,15.80,14.12,220.00,7.00,0.00,30.30,M,6.21,M,M,M,M,M,M,M,M,M,M,M,M,M,M,M,M,66.20,FAOR 181530Z 22007KT CAVOK 19/M09 Q1026 NOSIG,M
FAOR,2026-07-18 16:00,62.60,14.00,14.80,220.00,7.00,0.00,30.30,M,6.21,M,M,M,M,M,M,M,M,M,M,M,M,M,M,M,M,62.60,FAOR 181600Z 22007KT CAVOK 17/M10 Q1026 NOSIG,M
FAOR,2026-07-18 16:30,62.60,14.00,14.80,220.00,7.00,0.00,30.30,M,6.21,M,M,M,M,M,M,M,M,M,M,M,M,M,M,M,M,62.60,FAOR 181630Z 22007KT CAVOK 17/M10 Q1026 NOSIG,M
FAOR,2026-07-18 17:00,60.80,15.80,17.06,220.00,6.00,0.00,30.33,M,6.21,M,M,M,M,M,M,M,M,M,M,M,M,M,M,M,M,60.80,FAOR 181700Z 22006KT CAVOK 16/M09 Q1027 NOSIG,M
FAOR,2026-07-18 17:30,59.00,17.60,19.66,220.00,6.00,0.00,30.33,M,6.21,M,M,M,M,M,M,M,M,M,M,M,M,M,M,M,M,59.00,FAOR 181730Z 22006KT CAVOK 15/M08 Q1027 NOSIG,M
FAOR,2026-07-18 18:00,59.00,17.60,19.66,210.00,4.00,0.00,30.33,M,6.21,M,M,M,M,M,M,M,M,M,M,M,M,M,M,M,M,59.00,FAOR 181800Z 21004KT 170V230 CAVOK 15/M08 Q1027 NOSIG,M
FAOR,2026-07-18 18:30,57.20,17.60,20.98,200.00,5.00,0.00,30.33,M,6.21,M,M,M,M,M,M,M,M,M,M,M,M,M,M,M,M,57.20,FAOR 181830Z 20005KT CAVOK 14/M08 Q1027 NOSIG,M
FAOR,2026-07-18 19:00,55.40,19.40,24.19,210.00,4.00,0.00,30.33,M,6.21,M,M,M,M,M,M,M,M,M,M,M,M,M,M,M,M,55.40,FAOR 181900Z 21004KT CAVOK 13/M07 Q1027 NOSIG,M
FAOR,2026-07-18 19:30,55.40,19.40,24.19,200.00,7.00,0.00,30.33,M,6.21,M,M,M,M,M,M,M,M,M,M,M,M,M,M,M,M,55.40,FAOR 181930Z 20007KT CAVOK 13/M07 Q1027 NOSIG,M
FAOR,2026-07-18 20:00,55.40,21.20,26.12,200.00,7.00,0.00,30.33,M,6.21,M,M,M,M,M,M,M,M,M,M,M,M,M,M,M,M,55.40,FAOR 182000Z 20007KT CAVOK 13/M06 Q1027 NOSIG,M
FAOR,2026-07-18 20:30,53.60,21.20,27.89,210.00,6.00,0.00,30.33,M,6.21,M,M,M,M,M,M,M,M,M,M,M,M,M,M,M,M,53.60,FAOR 182030Z 21006KT CAVOK 12/M06 Q1027 NOSIG,M
FAOR,2026-07-18 21:00,51.80,21.20,29.79,220.00,5.00,0.00,30.33,M,6.21,M,M,M,M,M,M,M,M,M,M,M,M,M,M,M,M,51.80,FAOR 182100Z 22005KT CAVOK 11/M06 Q1027 NOSIG,M
FAOR,2026-07-18 21:30,51.80,21.20,29.79,210.00,5.00,0.00,30.30,M,6.21,M,M,M,M,M,M,M,M,M,M,M,M,M,M,M,M,51.80,FAOR 182130Z 21005KT CAVOK 11/M06 Q1026 NOSIG,M
FAOR,2026-07-18 22:00,51.80,21.20,29.79,230.00,4.00,0.00,30.30,M,6.21,M,M,M,M,M,M,M,M,M,M,M,M,M,M,M,M,51.80,FAOR 182200Z 23004KT CAVOK 11/M06 Q1026 NOSIG,M
FAOR,2026-07-18 23:00,51.80,23.00,32.15,220.00,4.00,0.00,30.30,M,6.21,M,M,M,M,M,M,M,M,M,M,M,M,M,M,M,M,51.80,FAOR 182300Z 22004KT CAVOK 11/M05 Q1026 NOSIG,M
FAOR,2026-07-18 23:30,51.80,23.00,32.15,220.00,4.00,0.00,30.30,M,6.21,M,M,M,M,M,M,M,M,M,M,M,M,M,M,M,M,51.80,FAOR 182330Z 22004KT CAVOK 11/M05 Q1026 NOSIG,M
FAOR,2026-07-19 00:00,51.80,23.00,32.15,230.00,4.00,0.00,30.30,M,6.21,M,M,M,M,M,M,M,M,M,M,M,M,M,M,M,M,51.80,FAOR 190000Z 23004KT CAVOK 11/M05 Q1026 NOSIG,M
FAOR,2026-07-19 01:00,53.60,21.20,27.89,230.00,5.00,0.00,30.27,M,6.21,M,M,M,M,M,M,M,M,M,M,M,M,M,M,M,M,53.60,FAOR 190100Z 23005KT CAVOK 12/M06 Q1025 NOSIG,M
FAOR,2026-07-19 01:30,53.60,23.00,30.09,230.00,6.00,0.00,30.27,M,6.21,M,M,M,M,M,M,M,M,M,M,M,M,M,M,M,M,53.60,FAOR 190130Z 23006KT CAVOK 12/M05 Q1025 NOSIG,M
FAOR,2026-07-19 02:00,53.60,23.00,30.09,220.00,7.00,0.00,30.27,M,6.21,M,M,M,M,M,M,M,M,M,M,M,M,M,M,M,M,53.60,FAOR 190200Z 22007KT CAVOK 12/M05 Q1025 NOSIG,M
FAOR,2026-07-19 02:30,51.80,23.00,32.15,220.00,8.00,0.00,30.27,M,6.21,M,M,M,M,M,M,M,M,M,M,M,M,M,M,M,M,51.80,FAOR 190230Z 22008KT CAVOK 11/M05 Q1025 NOSIG,M
FAOR,2026-07-19 03:00,50.00,23.00,34.37,220.00,9.00,0.00,30.27,M,6.21,M,M,M,M,M,M,M,M,M,M,M,M,M,M,M,M,50.00,FAOR 190300Z 22009KT CAVOK 10/M05 Q1025 NOSIG,M
FAOR,2026-07-19 03:30,50.00,23.00,34.37,220.00,7.00,0.00,30.27,M,6.21,M,M,M,M,M,M,M,M,M,M,M,M,M,M,M,M,50.00,FAOR 190330Z 22007KT CAVOK 10/M05 Q1025 NOSIG,M
FAOR,2026-07-19 04:00,50.00,23.00,34.37,220.00,6.00,0.00,30.27,M,6.21,M,M,M,M,M,M,M,M,M,M,M,M,M,M,M,M,50.00,FAOR 190400Z 22006KT CAVOK 10/M05 Q1025 NOSIG,M
FAOR,2026-07-19 04:30,50.00,23.00,34.37,220.00,6.00,0.00,30.27,M,6.21,M,M,M,M,M,M,M,M,M,M,M,M,M,M,M,M,50.00,FAOR 190430Z 22006KT CAVOK 10/M05 Q1025 NOSIG,M
FAOR,2026-07-19 05:00,48.20,23.00,36.75,220.00,7.00,0.00,30.27,M,6.21,M,M,M,M,M,M,M,M,M,M,M,M,M,M,M,M,44.53,FAOR 190500Z 22007KT CAVOK 09/M05 Q1025 NOSIG,M
FAOR,2026-07-19 05:30,50.00,23.00,34.37,220.00,6.00,0.00,30.27,M,6.21,M,M,M,M,M,M,M,M,M,M,M,M,M,M,M,M,50.00,FAOR 190530Z 22006KT CAVOK 10/M05 Q1025 NOSIG,M
FAOR,2026-07-19 06:00,51.80,24.80,34.67,200.00,9.00,0.00,30.30,M,6.21,M,M,M,M,M,M,M,M,M,M,M,M,M,M,M,M,51.80,FAOR 190600Z 20009KT CAVOK 11/M04 Q1026 NOSIG,M
FAOR,2026-07-19 06:30,53.60,24.80,32.45,200.00,10.00,0.00,30.30,M,6.21,M,M,M,M,M,M,M,M,M,M,M,M,M,M,M,M,53.60,FAOR 190630Z 20010KT CAVOK 12/M04 Q1026 NOSIG,M
FAOR,2026-07-19 07:00,57.20,23.00,26.40,200.00,9.00,0.00,30.30,M,6.21,M,M,M,M,M,M,M,M,M,M,M,M,M,M,M,M,57.20,FAOR 190700Z 20009KT CAVOK 14/M05 Q1026 NOSIG,M
FAOR,2026-07-19 07:30,60.80,23.00,23.21,190.00,10.00,0.00,30.30,M,6.21,M,M,M,M,M,M,M,M,M,M,M,M,M,M,M,M,60.80,FAOR 190730Z 19010KT CAVOK 16/M05 Q1026 NOSIG,M
FAOR,2026-07-19 08:00,62.60,19.40,18.70,190.00,13.00,0.00,30.30,M,6.21,M,M,M,M,M,M,M,M,M,M,M,M,M,M,M,M,62.60,FAOR 190800Z 19013KT CAVOK 17/M07 Q1026 NOSIG,M
FAOR,2026-07-19 08:30,64.40,21.20,18.96,190.00,13.00,0.00,30.30,M,6.21,M,M,M,M,M,M,M,M,M,M,M,M,M,M,M,M,64.40,FAOR 190830Z 19013KT CAVOK 18/M06 Q1026 NOSIG,M
FAOR,2026-07-19 09:00,64.40,17.60,16.25,190.00,17.00,0.00,30.30,M,6.21,M,M,M,M,M,M,M,M,M,M,M,M,M,M,M,M,64.40,FAOR 190900Z 19017KT CAVOK 18/M08 Q1026 NOSIG,M
FAOR,2026-07-19 09:30,64.40,17.60,16.25,200.00,16.00,0.00,30.30,M,6.21,M,M,M,M,M,M,M,M,M,M,M,M,M,M,M,M,64.40,FAOR 190930Z 20016KT CAVOK 18/M08 Q1026 NOSIG,M
FAOR,2026-07-19 10:00,66.20,19.40,16.49,190.00,16.00,0.00,30.27,M,6.21,M,M,M,M,M,M,M,M,M,M,M,M,M,M,M,M,66.20,FAOR 191000Z 19016KT CAVOK 19/M07 Q1025 NOSIG,M
FAOR,2026-07-19 10:30,66.20,19.40,16.49,190.00,15.00,0.00,30.27,M,6.21,M,M,M,M,M,M,M,M,M,M,M,M,M,M,M,M,66.20,FAOR 191030Z 19015KT 160V220 CAVOK 19/M07 Q1025 NOSIG,M
FAOR,2026-07-19 11:00,68.00,19.40,15.50,190.00,11.00,0.00,30.24,M,6.21,M,M,M,M,M,M,M,M,M,M,M,M,M,M,M,M,68.00,FAOR 191100Z 19011KT 160V220 CAVOK 20/M07 Q1024 NOSIG,M
FAOR,2026-07-19 11:30,68.00,15.80,13.27,220.00,12.00,0.00,30.24,M,6.21,M,M,M,M,M,M,M,M,M,M,M,M,M,M,M,M,68.00,FAOR 191130Z 22012KT CAVOK 20/M09 Q1024 NOSIG,M
FAOR,2026-07-19 12:00,68.00,19.40,15.50,210.00,11.00,0.00,30.24,M,6.21,M,M,M,M,M,M,M,M,M,M,M,M,M,M,M,M,68.00,FAOR 191200Z 21011KT CAVOK 20/M07 Q1024 NOSIG,M
FAOR,2026-07-19 12:30,68.00,17.60,14.34,200.00,12.00,0.00,30.21,M,6.21,M,M,M,M,M,M,M,M,M,M,M,M,M,M,M,M,68.00,FAOR 191230Z 20012KT CAVOK 20/M08 Q1023 NOSIG,M
FAOR,2026-07-19 13:00,68.00,15.80,13.27,220.00,11.00,0.00,30.21,M,6.21,M,M,M,M,M,M,M,M,M,M,M,M,M,M,M,M,68.00,FAOR 191300Z 22011KT 190V260 CAVOK 20/M09 Q1023 NOSIG,M
FAOR,2026-07-19 13:30,68.00,14.00,12.26,200.00,13.00,0.00,30.21,M,6.21,M,M,M,M,M,M,M,M,M,M,M,M,M,M,M,M,68.00,FAOR 191330Z 20013KT CAVOK 20/M10 Q1023 NOSIG,M
FAOR,2026-07-19 14:00,68.00,14.00,12.26,210.00,12.00,0.00,30.21,M,6.21,M,M,M,M,M,M,M,M,M,M,M,M,M,M,M,M,68.00,FAOR 191400Z 21012KT CAVOK 20/M10 Q1023 NOSIG,M
FAOR,2026-07-19 14:30,66.20,15.80,14.12,210.00,11.00,0.00,30.21,M,6.21,M,M,M,M,M,M,M,M,M,M,M,M,M,M,M,M,66.20,FAOR 191430Z 21011KT CAVOK 19/M09 Q1023 NOSIG,M
FAOR,2026-07-19 15:00,64.40,17.60,16.25,190.00,13.00,0.00,30.21,M,6.21,M,M,M,M,M,M,M,M,M,M,M,M,M,M,M,M,64.40,FAOR 191500Z 19013KT CAVOK 18/M08 Q1023 NOSIG,M
FAOR,2026-07-19 15:30,62.60,17.60,17.31,210.00,8.00,0.00,30.21,M,6.21,M,M,M,M,M,M,M,M,M,M,M,M,M,M,M,M,62.60,FAOR 191530Z 21008KT CAVOK 17/M08 Q1023 NOSIG,M
FAOR,2026-07-19 16:00,60.80,17.60,18.44,230.00,5.00,0.00,30.21,M,6.21,M,M,M,M,M,M,M,M,M,M,M,M,M,M,M,M,60.80,FAOR 191600Z 23005KT CAVOK 16/M08 Q1023 NOSIG,M
FAOR,2026-07-19 16:30,59.00,19.40,21.25,230.00,5.00,0.00,30.21,M,6.21,M,M,M,M,M,M,M,M,M,M,M,M,M,M,M,M,59.00,FAOR 191630Z 23005KT CAVOK 15/M07 Q1023 NOSIG,M
FAOR,2026-07-19 17:00,59.00,19.40,21.25,230.00,5.00,0.00,30.24,M,6.21,M,M,M,M,M,M,M,M,M,M,M,M,M,M,M,M,59.00,FAOR 191700Z 23005KT CAVOK 15/M07 Q1024 NOSIG,M
FAOR,2026-07-19 17:30,59.00,19.40,21.25,230.00,6.00,0.00,30.24,M,6.21,M,M,M,M,M,M,M,M,M,M,M,M,M,M,M,M,59.00,FAOR 191730Z 23006KT CAVOK 15/M07 Q1024 NOSIG,M
FAOR,2026-07-19 18:00,57.20,19.40,22.66,230.00,6.00,0.00,30.24,M,6.21,M,M,M,M,M,M,M,M,M,M,M,M,M,M,M,M,57.20,FAOR 191800Z 23006KT CAVOK 14/M07 Q1024 NOSIG,M
FAOR,2026-07-19 18:30,57.20,17.60,20.98,230.00,6.00,0.00,30.27,M,6.21,M,M,M,M,M,M,M,M,M,M,M,M,M,M,M,M,57.20,FAOR 191830Z 23006KT CAVOK 14/M08 Q1025 NOSIG,M
FAOR,2026-07-19 19:00,57.20,17.60,20.98,230.00,7.00,0.00,30.27,M,6.21,M,M,M,M,M,M,M,M,M,M,M,M,M,M,M,M,57.20,FAOR 191900Z 23007KT CAVOK 14/M08 Q1025 NOSIG,M
FAOR,2026-07-19 19:30,55.40,17.60,22.39,220.00,6.00,0.00,30.27,M,6.21,M,M,M,M,M,M,M,M,M,M,M,M,M,M,M,M,55.40,FAOR 191930Z 22006KT CAVOK 13/M08 Q1025 NOSIG,M
FAOR,2026-07-19 20:00,53.60,17.60,23.91,220.00,6.00,0.00,30.24,M,6.21,M,M,M,M,M,M,M,M,M,M,M,M,M,M,M,M,53.60,FAOR 192000Z 22006KT CAVOK 12/M08 Q1024 NOSIG,M
FAOR,2026-07-19 20:30,53.60,19.40,25.83,220.00,6.00,0.00,30.24,M,6.21,M,M,M,M,M,M,M,M,M,M,M,M,M,M,M,M,53.60,FAOR 192030Z 22006KT CAVOK 12/M07 Q1024 NOSIG,M
FAOR,2026-07-19 21:00,53.60,19.40,25.83,220.00,6.00,0.00,30.24,M,6.21,M,M,M,M,M,M,M,M,M,M,M,M,M,M,M,M,53.60,FAOR 192100Z 22006KT CAVOK 12/M07 Q1024 NOSIG,M
FAOR,2026-07-19 22:00,51.80,17.60,25.54,230.00,5.00,0.00,30.24,M,6.21,M,M,M,M,M,M,M,M,M,M,M,M,M,M,M,M,51.80,FAOR 192200Z 23005KT CAVOK 11/M08 Q1024 NOSIG,M
FAOR,2026-07-19 23:00,50.00,19.40,29.50,230.00,4.00,0.00,30.24,M,6.21,M,M,M,M,M,M,M,M,M,M,M,M,M,M,M,M,50.00,FAOR 192300Z 23004KT CAVOK 10/M07 Q1024 NOSIG,M
FAOR,2026-07-20 00:00,51.80,17.60,25.54,220.00,5.00,0.00,30.21,M,6.21,M,M,M,M,M,M,M,M,M,M,M,M,M,M,M,M,51.80,FAOR 200000Z 22005KT CAVOK 11/M08 Q1023 NOSIG,M
FAOR,2026-07-20 01:00,55.40,17.60,22.39,230.00,7.00,0.00,30.21,M,6.21,M,M,M,M,M,M,M,M,M,M,M,M,M,M,M,M,55.40,FAOR 200100Z 23007KT CAVOK 13/M08 Q1023 NOSIG,M
FAOR,2026-07-20 02:00,50.00,19.40,29.50,230.00,4.00,0.00,30.21,M,6.21,M,M,M,M,M,M,M,M,M,M,M,M,M,M,M,M,50.00,FAOR 200200Z 23004KT CAVOK 10/M07 Q1023 NOSIG,M
FAOR,2026-07-20 03:00,53.60,19.40,25.83,220.00,6.00,0.00,30.21,M,6.21,M,M,M,M,M,M,M,M,M,M,M,M,M,M,M,M,53.60,FAOR 200300Z 22006KT CAVOK 12/M07 Q1023 NOSIG,M
FAOR,2026-07-20 03:30,53.60,19.40,25.83,230.00,6.00,0.00,30.21,M,6.21,M,M,M,M,M,M,M,M,M,M,M,M,M,M,M,M,53.60,FAOR 200330Z 23006KT CAVOK 12/M07 Q1023 NOSIG,M
FAOR,2026-07-20 04:00,51.80,17.60,25.54,240.00,4.00,0.00,30.21,M,6.21,M,M,M,M,M,M,M,M,M,M,M,M,M,M,M,M,51.80,FAOR 200400Z 24004KT CAVOK 11/M08 Q1023 NOSIG,M
FAOR,2026-07-20 04:30,46.40,19.40,33.76,230.00,4.00,0.00,30.21,M,6.21,M,M,M,M,M,M,M,M,M,M,M,M,M,M,M,M,44.24,FAOR 200430Z 23004KT CAVOK 08/M07 Q1023 NOSIG,M
FAOR,2026-07-20 05:00,50.00,19.40,29.50,230.00,4.00,0.00,30.21,M,6.21,M,M,M,M,M,M,M,M,M,M,M,M,M,M,M,M,50.00,FAOR 200500Z 23004KT CAVOK 10/M07 Q1023 NOSIG,M
FAOR,2026-07-20 05:30,50.00,21.20,31.85,230.00,4.00,0.00,30.21,M,6.21,M,M,M,M,M,M,M,M,M,M,M,M,M,M,M,M,50.00,FAOR 200530Z 23004KT CAVOK 10/M06 Q1023 NOSIG,M
FAOR,2026-07-20 06:00,57.20,21.20,24.47,230.00,5.00,0.00,30.24,M,6.21,M,M,M,M,M,M,M,M,M,M,M,M,M,M,M,M,57.20,FAOR 200600Z 23005KT CAVOK 14/M06 Q1024 NOSIG,M
FAOR,2026-07-20 06:30,59.00,19.40,21.25,240.00,8.00,0.00,30.21,M,6.21,M,M,M,M,M,M,M,M,M,M,M,M,M,M,M,M,59.00,FAOR 200630Z 24008KT CAVOK 15/M07 Q1023 NOSIG,M
FAOR,2026-07-20 07:00,60.80,19.40,19.93,230.00,10.00,0.00,30.24,M,6.21,M,M,M,M,M,M,M,M,M,M,M,M,M,M,M,M,60.80,FAOR 200700Z 23010KT CAVOK 16/M07 Q1024 NOSIG,M
FAOR,2026-07-20 07:30,62.60,23.00,21.78,210.00,9.00,0.00,30.24,M,6.21,M,M,M,M,M,M,M,M,M,M,M,M,M,M,M,M,62.60,FAOR 200730Z 21009KT 180V240 CAVOK 17/M05 Q1024 NOSIG,M
FAOR,2026-07-20 08:00,62.60,23.00,21.78,200.00,9.00,0.00,30.24,M,6.21,M,M,M,M,M,M,M,M,M,M,M,M,M,M,M,M,62.60,FAOR 200800Z 20009KT CAVOK 17/M05 Q1024 NOSIG,M
FAOR,2026-07-20 08:30,64.40,21.20,18.96,200.00,13.00,0.00,30.24,M,6.21,M,M,M,M,M,M,M,M,M,M,M,M,M,M,M,M,64.40,FAOR 200830Z 20013KT CAVOK 18/M06 Q1024 NOSIG,M
FAOR,2026-07-20 09:00,66.20,21.20,17.81,210.00,13.00,0.00,30.24,M,6.21,M,M,M,M,M,M,M,M,M,M,M,M,M,M,M,M,66.20,FAOR 200900Z 21013KT CAVOK 19/M06 Q1024 NOSIG,M
FAOR,2026-07-20 09:30,64.40,21.20,18.96,210.00,14.00,0.00,30.24,M,6.21,M,M,M,M,M,M,M,M,M,M,M,M,M,M,M,M,64.40,FAOR 200930Z 21014KT CAVOK 18/M06 Q1024 NOSIG,M
FAOR,2026-07-20 10:00,66.20,19.40,16.49,220.00,13.00,0.00,30.24,M,6.21,M,M,M,M,M,M,M,M,M,M,M,M,M,M,M,M,66.20,FAOR 201000Z 22013KT 190V250 CAVOK 19/M07 Q1024 NOSIG,M
FAOR,2026-07-20 10:30,66.20,19.40,16.49,210.00,14.00,0.00,30.21,M,6.21,M,M,M,M,M,M,M,M,M,M,M,M,M,M,M,M,66.20,FAOR 201030Z 21014KT 170V270 CAVOK 19/M07 Q1023 NOSIG,M
FAOR,2026-07-20 11:00,68.00,17.60,14.34,200.00,13.00,0.00,30.21,M,6.21,M,M,M,M,M,M,M,M,M,M,M,M,M,M,M,M,68.00,FAOR 201100Z 20013KT 180V240 CAVOK 20/M08 Q1023 NOSIG,M
FAOR,2026-07-20 11:30,68.00,21.20,16.73,210.00,13.00,0.00,30.21,M,6.21,M,M,M,M,M,M,M,M,M,M,M,M,M,M,M,M,68.00,FAOR 201130Z 21013KT 170V260 CAVOK 20/M06 Q1023 NOSIG,M
FAOR,2026-07-20 12:00,68.00,21.20,16.73,200.00,10.00,0.00,30.18,M,6.21,M,M,M,M,M,M,M,M,M,M,M,M,M,M,M,M,68.00,FAOR 201200Z 20010KT 170V240 CAVOK 20/M06 Q1022 NOSIG,M
FAOR,2026-07-20 12:30,68.00,21.20,16.73,240.00,12.00,0.00,30.18,M,6.21,M,M,M,M,M,M,M,M,M,M,M,M,M,M,M,M,68.00,FAOR 201230Z 24012KT 200V260 CAVOK 20/M06 Q1022 NOSIG,M
FAOR,2026-07-20 13:00,68.00,21.20,16.73,230.00,9.00,0.00,30.18,M,6.21,M,M,M,M,M,M,M,M,M,M,M,M,M,M,M,M,68.00,FAOR 201300Z 23009KT CAVOK 20/M06 Q1022 NOSIG,M
FAOR,2026-07-20 13:30,68.00,19.40,15.50,230.00,11.00,0.00,30.18,M,6.21,M,M,M,M,M,M,M,M,M,M,M,M,M,M,M,M,68.00,FAOR 201330Z 23011KT 200V270 CAVOK 20/M07 Q1022 NOSIG,M
FAOR,2026-07-20 14:00,66.20,19.40,16.49,210.00,11.00,0.00,30.18,M,6.21,M,M,M,M,M,M,M,M,M,M,M,M,M,M,M,M,66.20,FAOR 201400Z 21011KT CAVOK 19/M07 Q1022 NOSIG,M
FAOR,2026-07-20 14:30,66.20,19.40,16.49,230.00,12.00,0.00,30.18,M,6.21,M,M,M,M,M,M,M,M,M,M,M,M,M,M,M,M,66.20,FAOR 201430Z 23012KT 200V260 CAVOK 19/M07 Q1022 NOSIG,M
FAOR,2026-07-20 15:00,64.40,19.40,17.56,230.00,10.00,0.00,30.18,M,6.21,M,M,M,M,M,M,M,M,M,M,M,M,M,M,M,M,64.40,FAOR 201500Z 23010KT CAVOK 18/M07 Q1022 NOSIG,M
FAOR,2026-07-20 15:30,64.40,19.40,17.56,240.00,9.00,0.00,30.21,M,6.21,M,M,M,M,M,M,M,M,M,M,M,M,M,M,M,M,64.40,FAOR 201530Z 24009KT CAVOK 18/M07 Q1023 NOSIG,M
FAOR,2026-07-20 16:00,60.80,19.40,19.93,220.00,5.00,0.00,30.21,M,6.21,M,M,M,M,M,M,M,M,M,M,M,M,M,M,M,M,60.80,FAOR 201600Z 22005KT CAVOK 16/M07 Q1023 NOSIG,M
FAOR,2026-07-20 16:30,60.80,19.40,19.93,220.00,4.00,0.00,30.21,M,6.21,M,M,M,M,M,M,M,M,M,M,M,M,M,M,M,M,60.80,FAOR 201630Z 22004KT CAVOK 16/M07 Q1023 NOSIG,M
FAOR,2026-07-20 17:00,57.20,19.40,22.66,210.00,4.00,0.00,30.21,M,6.21,M,M,M,M,M,M,M,M,M,M,M,M,M,M,M,M,57.20,FAOR 201700Z 21004KT CAVOK 14/M07 Q1023 NOSIG,M
FAOR,2026-07-20 17:30,55.40,21.20,26.12,200.00,4.00,0.00,30.21,M,6.21,M,M,M,M,M,M,M,M,M,M,M,M,M,M,M,M,55.40,FAOR 201730Z 20004KT CAVOK 13/M06 Q1023 NOSIG,M
FAOR,2026-07-20 18:00,55.40,21.20,26.12,220.00,5.00,0.00,30.21,M,6.21,M,M,M,M,M,M,M,M,M,M,M,M,M,M,M,M,55.40,FAOR 201800Z 22005KT CAVOK 13/M06 Q1023 NOSIG,M
FAOR,2026-07-20 18:30,55.40,21.20,26.12,220.00,6.00,0.00,30.24,M,6.21,M,M,M,M,M,M,M,M,M,M,M,M,M,M,M,M,55.40,FAOR 201830Z 22006KT CAVOK 13/M06 Q1024 NOSIG,M
FAOR,2026-07-20 19:00,57.20,21.20,24.47,220.00,8.00,0.00,30.24,M,6.21,M,M,M,M,M,M,M,M,M,M,M,M,M,M,M,M,57.20,FAOR 201900Z 22008KT CAVOK 14/M06 Q1024 NOSIG,M
FAOR,2026-07-20 19:30,55.40,19.40,24.19,220.00,7.00,0.00,30.24,M,6.21,M,M,M,M,M,M,M,M,M,M,M,M,M,M,M,M,55.40,FAOR 201930Z 22007KT CAVOK 13/M07 Q1024 NOSIG,M
FAOR,2026-07-20 20:00,55.40,17.60,22.39,220.00,6.00,0.00,30.24,M,6.21,M,M,M,M,M,M,M,M,M,M,M,M,M,M,M,M,55.40,FAOR 202000Z 22006KT CAVOK 13/M08 Q1024 NOSIG,M
FAOR,2026-07-20 20:30,51.80,19.40,27.60,210.00,6.00,0.00,30.24,M,6.21,M,M,M,M,M,M,M,M,M,M,M,M,M,M,M,M,51.80,FAOR 202030Z 21006KT CAVOK 11/M07 Q1024 NOSIG,M
FAOR,2026-07-20 21:00,51.80,19.40,27.60,210.00,6.00,0.00,30.24,M,6.21,M,M,M,M,M,M,M,M,M,M,M,M,M,M,M,M,51.80,FAOR 202100Z 21006KT CAVOK 11/M07 Q1024 NOSIG,M
FAOR,2026-07-20 22:00,51.80,21.20,29.79,210.00,7.00,0.00,30.24,M,6.21,M,M,M,M,M,M,M,M,M,M,M,M,M,M,M,M,51.80,FAOR 202200Z 21007KT CAVOK 11/M06 Q1024 NOSIG,M
FAOR,2026-07-20 23:00,50.00,21.20,31.85,220.00,4.00,0.00,30.24,M,6.21,M,M,M,M,M,M,M,M,M,M,M,M,M,M,M,M,50.00,FAOR 202300Z 22004KT CAVOK 10/M06 Q1024 NOSIG,M
FAOR,2026-07-21 00:00,50.00,21.20,31.85,220.00,4.00,0.00,30.24,M,6.21,M,M,M,M,M,M,M,M,M,M,M,M,M,M,M,M,50.00,FAOR 210000Z COR 22004KT CAVOK 10/M06 Q1024 NOSIG,M
FAOR,2026-07-21 01:00,50.00,19.40,29.50,220.00,4.00,0.00,30.24,M,6.21,M,M,M,M,M,M,M,M,M,M,M,M,M,M,M,M,50.00,FAOR 210100Z 22004KT CAVOK 10/M07 Q1024 NOSIG,M
FAOR,2026-07-21 02:00,55.40,17.60,22.39,230.00,5.00,0.00,30.24,M,6.21,M,M,M,M,M,M,M,M,M,M,M,M,M,M,M,M,55.40,FAOR 210200Z 23005KT CAVOK 13/M08 Q1024 NOSIG,M
FAOR,2026-07-21 02:30,57.20,19.40,22.66,240.00,9.00,0.00,30.24,M,6.21,M,M,M,M,M,M,M,M,M,M,M,M,M,M,M,M,57.20,FAOR 210230Z 24009KT CAVOK 14/M07 Q1024 NOSIG,M
FAOR,2026-07-21 03:00,57.20,17.60,20.98,230.00,8.00,0.00,30.24,M,6.21,M,M,M,M,M,M,M,M,M,M,M,M,M,M,M,M,57.20,FAOR 210300Z 23008KT CAVOK 14/M08 Q1024 NOSIG,M
FAOR,2026-07-21 04:00,59.00,19.40,21.25,250.00,8.00,0.00,30.24,M,6.21,M,M,M,M,M,M,M,M,M,M,M,M,M,M,M,M,59.00,FAOR 210400Z 25008KT CAVOK 15/M07 Q1024 NOSIG,M
FAOR,2026-07-21 04:30,57.20,19.40,22.66,250.00,6.00,0.00,30.27,M,6.21,M,M,M,M,M,M,M,M,M,M,M,M,M,M,M,M,57.20,FAOR 210430Z 25006KT 220V280 CAVOK 14/M07 Q1025 NOSIG,M
FAOR,2026-07-21 05:00,59.00,19.40,21.25,260.00,5.00,0.00,30.27,M,6.21,M,M,M,M,M,M,M,M,M,M,M,M,M,M,M,M,59.00,FAOR 210500Z 26005KT CAVOK 15/M07 Q1025 NOSIG,M
FAOR,2026-07-21 05:30,57.20,19.40,22.66,230.00,6.00,0.00,30.27,M,6.21,M,M,M,M,M,M,M,M,M,M,M,M,M,M,M,M,57.20,FAOR 210530Z 23006KT CAVOK 14/M07 Q1025 NOSIG,M
FAOR,2026-07-21 06:00,59.00,21.20,22.94,230.00,5.00,0.00,30.27,M,6.21,M,M,M,M,M,M,M,M,M,M,M,M,M,M,M,M,59.00,FAOR 210600Z 23005KT CAVOK 15/M06 Q1025 NOSIG,M
FAOR,2026-07-21 06:30,62.60,23.00,21.78,220.00,5.00,0.00,30.30,M,6.21,M,M,M,M,M,M,M,M,M,M,M,M,M,M,M,M,62.60,FAOR 210630Z 22005KT CAVOK 17/M05 Q1026 NOSIG,M
FAOR,2026-07-21 07:00,62.60,21.20,20.19,240.00,7.00,0.00,30.30,M,6.21,M,M,M,M,M,M,M,M,M,M,M,M,M,M,M,M,62.60,FAOR 210700Z 24007KT CAVOK 17/M06 Q1026 NOSIG,M
FAOR,2026-07-21 07:30,64.40,21.20,18.96,240.00,7.00,0.00,30.30,M,6.21,M,M,M,M,M,M,M,M,M,M,M,M,M,M,M,M,64.40,FAOR 210730Z 24007KT 210V280 CAVOK 18/M06 Q1026 NOSIG,M
FAOR,2026-07-21 08:00,66.20,21.20,17.81,240.00,7.00,0.00,30.30,M,6.21,M,M,M,M,M,M,M,M,M,M,M,M,M,M,M,M,66.20,FAOR 210800Z 24007KT 220V290 CAVOK 19/M06 Q1026 NOSIG,M
FAOR,2026-07-21 08:30,66.20,17.60,15.26,240.00,10.00,0.00,30.30,M,6.21,M,M,M,M,M,M,M,M,M,M,M,M,M,M,M,M,66.20,FAOR 210830Z 24010KT CAVOK 19/M08 Q1026 NOSIG,M
FAOR,2026-07-21 09:00,66.20,19.40,16.49,250.00,10.00,0.00,30.30,M,6.21,M,M,M,M,M,M,M,M,M,M,M,M,M,M,M,M,66.20,FAOR 210900Z 25010KT 220V290 CAVOK 19/M07 Q1026 NOSIG,M
FAOR,2026-07-21 09:30,68.00,19.40,15.50,220.00,11.00,0.00,30.30,M,6.21,M,M,M,M,M,M,M,M,M,M,M,M,M,M,M,M,68.00,FAOR 210930Z 22011KT 200V260 CAVOK 20/M07 Q1026 NOSIG,M
FAOR,2026-07-21 10:00,68.00,19.40,15.50,240.00,12.00,0.00,30.30,M,6.21,M,M,M,M,M,M,M,M,M,M,M,M,M,M,M,M,68.00,FAOR 211000Z 24012KT 200V270 CAVOK 20/M07 Q1026 NOSIG,M
FAOR,2026-07-21 10:30,68.00,17.60,14.34,230.00,12.00,0.00,30.27,M,6.21,M,M,M,M,M,M,M,M,M,M,M,M,M,M,M,M,68.00,FAOR 211030Z 23012KT 200V280 CAVOK 20/M08 Q1025 NOSIG,M
FAOR,2026-07-21 11:00,69.80,15.80,12.48,230.00,12.00,0.00,30.27,M,6.21,M,M,M,M,M,M,M,M,M,M,M,M,M,M,M,M,69.80,FAOR 211100Z 23012KT 200V280 CAVOK 21/M09 Q1025 NOSIG,M
FAOR,2026-07-21 11:30,68.00,15.80,13.27,250.00,11.00,0.00,30.27,M,6.21,M,M,M,M,M,M,M,M,M,M,M,M,M,M,M,M,68.00,FAOR 211130Z 25011KT 220V300 CAVOK 20/M09 Q1025 NOSIG,M
FAOR,2026-07-21 12:00,69.80,15.80,12.48,240.00,8.00,0.00,30.24,M,6.21,M,M,M,M,M,M,M,M,M,M,M,M,M,M,M,M,69.80,FAOR 211200Z 24008KT 200V280 CAVOK 21/M09 Q1024 NOSIG,M
FAOR,2026-07-21 12:30,69.80,15.80,12.48,260.00,10.00,0.00,30.24,M,6.21,M,M,M,M,M,M,M,M,M,M,M,M,M,M,M,M,69.80,FAOR 211230Z 26010KT 230V310 CAVOK 21/M09 Q1024 NOSIG,M
FAOR,2026-07-21 13:00,69.80,17.60,13.49,230.00,8.00,0.00,30.24,M,6.21,M,M,M,M,M,M,M,M,M,M,M,M,M,M,M,M,69.80,FAOR 211300Z 23008KT 200V270 CAVOK 21/M08 Q1024 NOSIG,M
FAOR,2026-07-21 13:30,69.80,15.80,12.48,220.00,7.00,0.00,30.24,M,6.21,M,M,M,M,M,M,M,M,M,M,M,M,M,M,M,M,69.80,FAOR 211330Z 22007KT 170V280 CAVOK 21/M09 Q1024 NOSIG,M
FAOR,2026-07-21 14:00,69.80,17.60,13.49,M,3.00,0.00,30.24,M,6.21,M,M,M,M,M,M,M,M,M,M,M,M,M,M,M,M,69.80,FAOR 211400Z VRB03KT CAVOK 21/M08 Q1024 NOSIG,M
FAOR,2026-07-21 14:30,68.00,15.80,13.27,210.00,9.00,0.00,30.24,M,6.21,M,M,M,M,M,M,M,M,M,M,M,M,M,M,M,M,68.00,FAOR 211430Z 21009KT CAVOK 20/M09 Q1024 NOSIG,M
FAOR,2026-07-21 15:00,68.00,14.00,12.26,180.00,8.00,0.00,30.24,M,6.21,M,M,M,M,M,M,M,M,M,M,M,M,M,M,M,M,68.00,FAOR 211500Z 18008KT 150V210 CAVOK 20/M10 Q1024 NOSIG,M
FAOR,2026-07-21 15:30,64.40,15.80,15.03,190.00,6.00,0.00,30.24,M,6.21,M,M,M,M,M,M,M,M,M,M,M,M,M,M,M,M,64.40,FAOR 211530Z 19006KT CAVOK 18/M09 Q1024 NOSIG,M
FAOR,2026-07-21 16:00,60.80,15.80,17.06,180.00,5.00,0.00,30.24,M,6.21,M,M,M,M,M,M,M,M,M,M,M,M,M,M,M,M,60.80,FAOR 211600Z 18005KT CAVOK 16/M09 Q1024 NOSIG,M
FAOR,2026-07-21 16:30,57.20,17.60,20.98,170.00,6.00,0.00,30.27,M,6.21,M,M,M,M,M,M,M,M,M,M,M,M,M,M,M,M,57.20,FAOR 211630Z 17006KT CAVOK 14/M08 Q1025 NOSIG,M
FAOR,2026-07-21 17:00,59.00,19.40,21.25,170.00,3.00,0.00,30.27,M,6.21,M,M,M,M,M,M,M,M,M,M,M,M,M,M,M,M,59.00,FAOR 211700Z 17003KT 150V230 CAVOK 15/M07 Q1025 NOSIG,M
FAOR,2026-07-21 17:30,62.60,17.60,17.31,M,3.00,0.00,30.27,M,6.21,M,M,M,M,M,M,M,M,M,M,M,M,M,M,M,M,62.60,FAOR 211730Z VRB03KT CAVOK 17/M08 Q1025 NOSIG,M
FAOR,2026-07-21 18:00,59.00,17.60,19.66,M,2.00,0.00,30.30,M,6.21,M,M,M,M,M,M,M,M,M,M,M,M,M,M,M,M,59.00,FAOR 211800Z VRB02KT CAVOK 15/M08 Q1026 NOSIG,M
FAOR,2026-07-21 18:30,57.20,17.60,20.98,0.00,0.00,0.00,30.30,M,6.21,M,M,M,M,M,M,M,M,M,M,M,M,M,M,M,M,57.20,FAOR 211830Z 00000KT CAVOK 14/M08 Q1026 NOSIG,M
FAOR,2026-07-21 19:00,55.40,17.60,22.39,30.00,3.00,0.00,30.30,M,6.21,M,M,M,M,M,M,M,M,M,M,M,M,M,M,M,M,55.40,FAOR 211900Z 03003KT CAVOK 13/M08 Q1026 NOSIG,M
FAOR,2026-07-21 19:30,57.20,17.60,20.98,10.00,3.00,0.00,30.33,M,6.21,M,M,M,M,M,M,M,M,M,M,M,M,M,M,M,M,57.20,FAOR 211930Z 01003KT 340V040 CAVOK 14/M08 Q1027 NOSIG,M
FAOR,2026-07-21 20:00,53.60,19.40,25.83,M,1.00,0.00,30.30,M,6.21,M,M,M,M,M,M,M,M,M,M,M,M,M,M,M,M,53.60,FAOR 212000Z VRB01KT CAVOK 12/M07 Q1026 NOSIG,M
FAOR,2026-07-21 20:30,55.40,17.60,22.39,20.00,2.00,0.00,30.33,M,6.21,M,M,M,M,M,M,M,M,M,M,M,M,M,M,M,M,55.40,FAOR 212030Z 02002KT CAVOK 13/M08 Q1027 NOSIG,M
FAOR,2026-07-21 21:00,53.60,15.80,22.11,M,2.00,0.00,30.30,M,6.21,M,M,M,M,M,M,M,M,M,M,M,M,M,M,M,M,53.60,FAOR 212100Z VRB02KT CAVOK 12/M09 Q1026 NOSIG,M
FAOR,2026-07-21 22:00,57.20,15.80,19.40,100.00,4.00,0.00,30.30,M,6.21,M,M,M,M,M,M,M,M,M,M,M,M,M,M,M,M,57.20,FAOR 212200Z 10004KT 040V130 CAVOK 14/M09 Q1026 NOSIG,M
FAOR,2026-07-21 23:00,53.60,15.80,22.11,20.00,1.00,0.00,30.33,M,6.21,M,M,M,M,M,M,M,M,M,M,M,M,M,M,M,M,53.60,FAOR 212300Z 02001KT CAVOK 12/M09 Q1027 NOSIG,M
FAOR,2026-07-22 00:00,53.60,17.60,23.91,30.00,4.00,0.00,30.30,M,6.21,M,M,M,M,M,M,M,M,M,M,M,M,M,M,M,M,53.60,FAOR 220000Z 03004KT CAVOK 12/M08 Q1026 NOSIG,M
FAOR,2026-07-22 01:00,51.80,15.80,23.63,0.00,0.00,0.00,30.30,M,6.21,M,M,M,M,M,M,M,M,M,M,M,M,M,M,M,M,51.80,FAOR 220100Z 00000KT CAVOK 11/M09 Q1026 NOSIG,M
FAOR,2026-07-22 02:00,50.00,17.60,27.30,M,1.00,0.00,30.30,M,6.21,M,M,M,M,M,M,M,M,M,M,M,M,M,M,M,M,50.00,FAOR 220200Z VRB01KT CAVOK 10/M08 Q1026 NOSIG,M
FAOR,2026-07-22 02:30,53.60,19.40,25.83,350.00,4.00,0.00,30.30,M,6.21,M,M,M,M,M,M,M,M,M,M,M,M,M,M,M,M,53.60,FAOR 220230Z 35004KT CAVOK 12/M07 Q1026 NOSIG,M
FAOR,2026-07-22 03:00,53.60,19.40,25.83,360.00,4.00,0.00,30.33,M,6.21,M,M,M,M,M,M,M,M,M,M,M,M,M,M,M,M,53.60,FAOR 220300Z 36004KT CAVOK 12/M07 Q1027 NOSIG,M
FAOR,2026-07-22 03:30,51.80,17.60,25.54,20.00,3.00,0.00,30.33,M,6.21,M,M,M,M,M,M,M,M,M,M,M,M,M,M,M,M,51.80,FAOR 220330Z 02003KT CAVOK 11/M08 Q1027 NOSIG,M
FAOR,2026-07-22 04:00,51.80,19.40,27.60,360.00,4.00,0.00,30.33,M,6.21,M,M,M,M,M,M,M,M,M,M,M,M,M,M,M,M,51.80,FAOR 220400Z 36004KT CAVOK 11/M07 Q1027 NOSIG,M
FAOR,2026-07-22 04:30,50.00,21.20,31.85,360.00,7.00,0.00,30.33,M,6.21,M,M,M,M,M,M,M,M,M,M,M,M,M,M,M,M,50.00,FAOR 220430Z 36007KT CAVOK 10/M06 Q1027 NOSIG,M
FAOR,2026-07-22 05:00,48.20,23.00,36.75,360.00,7.00,0.00,30.36,M,6.21,M,M,M,M,M,M,M,M,M,M,M,M,M,M,M,M,44.53,FAOR 220500Z 36007KT CAVOK 09/M05 Q1028 NOSIG,M
FAOR,2026-07-22 05:30,48.20,26.60,42.71,20.00,6.00,0.00,30.36,M,6.21,M,M,M,M,M,M,M,M,M,M,M,M,M,M,M,M,45.04,FAOR 220530Z 02006KT CAVOK 09/M03 Q1028 NOSIG,M
FAOR,2026-07-22 06:00,51.80,30.20,43.30,30.00,5.00,0.00,30.36,M,6.21,M,M,M,M,M,M,M,M,M,M,M,M,M,M,M,M,51.80,FAOR 220600Z 03005KT 350V070 CAVOK 11/M01 Q1028 NOSIG,M
FAOR,2026-07-22 06:30,53.60,30.20,40.53,40.00,4.00,0.00,30.36,M,6.21,M,M,M,M,M,M,M,M,M,M,M,M,M,M,M,M,53.60,FAOR 220630Z 04004KT 350V070 CAVOK 12/M01 Q1028 NOSIG,M
FAOR,2026-07-22 07:00,57.20,37.40,47.44,20.00,9.00,0.00,30.39,M,6.21,M,M,M,M,M,M,M,M,M,M,M,M,M,M,M,M,57.20,FAOR 220700Z 02009KT CAVOK 14/03 Q1029 NOSIG,M
FAOR,2026-07-22 07:30,59.00,37.40,44.47,360.00,10.00,0.00,30.39,M,6.21,M,M,M,M,M,M,M,M,M,M,M,M,M,M,M,M,59.00,FAOR 220730Z 36010KT CAVOK 15/03 Q1029 NOSIG,M
FAOR,2026-07-22 08:00,60.80,37.40,41.71,10.00,9.00,0.00,30.39,M,6.21,M,M,M,M,M,M,M,M,M,M,M,M,M,M,M,M,60.80,FAOR 220800Z 01009KT CAVOK 16/03 Q1029 NOSIG,M
FAOR,2026-07-22 08:30,62.60,33.80,33.93,10.00,8.00,0.00,30.39,M,6.21,M,M,M,M,M,M,M,M,M,M,M,M,M,M,M,M,62.60,FAOR 220830Z 01008KT 320V030 CAVOK 17/01 Q1029 NOSIG,M
FAOR,2026-07-22 09:00,62.60,35.60,36.45,360.00,7.00,0.00,30.39,M,6.21,M,M,M,M,M,M,M,M,M,M,M,M,M,M,M,M,62.60,FAOR 220900Z 36007KT 320V080 CAVOK 17/02 Q1029 NOSIG,M
FAOR,2026-07-22 09:30,64.40,33.80,31.86,330.00,9.00,0.00,30.36,M,6.21,M,M,M,M,M,M,M,M,M,M,M,M,M,M,M,M,64.40,FAOR 220930Z 33009KT 300V010 CAVOK 18/01 Q1028 NOSIG,M
FAOR,2026-07-22 10:00,66.20,33.80,29.92,350.00,8.00,0.00,30.36,M,6.21,M,M,M,M,M,M,M,M,M,M,M,M,M,M,M,M,66.20,FAOR 221000Z 35008KT 310V020 CAVOK 19/01 Q1028 NOSIG,M
FAOR,2026-07-22 10:30,66.20,32.00,27.84,330.00,8.00,0.00,30.33,M,6.21,M,M,M,M,M,M,M,M,M,M,M,M,M,M,M,M,66.20,FAOR 221030Z 33008KT 270V040 CAVOK 19/00 Q1027 NOSIG,M
FAOR,2026-07-22 11:00,66.20,33.80,29.92,320.00,9.00,0.00,30.33,M,6.21,M,M,M,M,M,M,M,M,M,M,M,M,M,M,M,M,66.20,FAOR 221100Z 32009KT CAVOK 19/01 Q1027 NOSIG,M
FAOR,2026-07-22 11:30,68.00,32.00,26.16,340.00,8.00,0.00,30.33,M,6.21,M,M,M,M,M,M,M,M,M,M,M,M,M,M,M,M,68.00,FAOR 221130Z 34008KT 290V360 CAVOK 20/M00 Q1027 NOSIG,M
FAOR,2026-07-22 12:00,68.00,32.00,26.16,310.00,8.00,0.00,30.30,M,6.21,M,M,M,M,M,M,M,M,M,M,M,M,M,M,M,M,68.00,FAOR 221200Z 31008KT 270V010 CAVOK 20/M00 Q1026 NOSIG,M
FAOR,2026-07-22 13:00,68.00,28.40,22.60,350.00,7.00,0.00,30.30,M,6.21,M,M,M,M,M,M,M,M,M,M,M,M,M,M,M,M,68.00,FAOR 221300Z 35007KT 300V030 CAVOK 20/M02 Q1026 NOSIG,M
FAOR,2026-07-22 14:00,66.20,26.60,22.32,350.00,8.00,0.00,30.30,M,6.21,M,M,M,M,M,M,M,M,M,M,M,M,M,M,M,M,66.20,FAOR 221400Z 35008KT 310V010 CAVOK 19/M03 Q1026 NOSIG,M
FAOR,2026-07-22 15:00,64.40,28.40,25.60,340.00,7.00,0.00,30.30,M,6.21,M,M,M,M,M,M,M,M,M,M,M,M,M,M,M,M,64.40,FAOR 221500Z 34007KT CAVOK 18/M02 Q1026 NOSIG,M
FAOR,2026-07-22 16:00,60.80,30.20,31.27,350.00,7.00,0.00,30.30,M,6.21,M,M,M,M,M,M,M,M,M,M,M,M,M,M,M,M,60.80,FAOR 221600Z 35007KT CAVOK 16/M01 Q1026 NOSIG,M
FAOR,2026-07-22 17:00,57.20,28.40,33.04,20.00,6.00,0.00,30.33,M,6.21,M,M,M,M,M,M,M,M,M,M,M,M,M,M,M,M,57.20,FAOR 221700Z 02006KT CAVOK 14/M02 Q1027 NOSIG,M
FAOR,2026-07-22 18:00,55.40,30.20,37.96,10.00,7.00,0.00,30.33,M,6.21,M,M,M,M,M,M,M,M,M,M,M,M,M,M,M,M,55.40,FAOR 221800Z 01007KT CAVOK 13/M01 Q1027 NOSIG,M
FAOR,2026-07-22 19:00,55.40,30.20,37.96,10.00,6.00,0.00,30.33,M,6.21,M,M,M,M,M,M,M,M,M,M,M,M,M,M,M,M,55.40,FAOR 221900Z 01006KT CAVOK 13/M01 Q1027 NOSIG,M
FAOR,2026-07-22 19:30,51.80,30.20,43.30,20.00,6.00,0.00,30.33,M,6.21,M,M,M,M,M,M,M,M,M,M,M,M,M,M,M,M,51.80,FAOR 221930Z 02006KT CAVOK 11/M01 Q1027 NOSIG,M
FAOR,2026-07-22 20:00,51.80,30.20,43.30,30.00,4.00,0.00,30.33,M,6.21,M,M,M,M,M,M,M,M,M,M,M,M,M,M,M,M,51.80,FAOR 222000Z 03004KT CAVOK 11/M01 Q1027 NOSIG,M
FAOR,2026-07-22 20:30,53.60,30.20,40.53,10.00,4.00,0.00,30.33,M,6.21,M,M,M,M,M,M,M,M,M,M,M,M,M,M,M,M,53.60,FAOR 222030Z 01004KT CAVOK 12/M01 Q1027 NOSIG,M
FAOR,2026-07-22 21:00,51.80,30.20,43.30,10.00,6.00,0.00,30.33,M,6.21,M,M,M,M,M,M,M,M,M,M,M,M,M,M,M,M,51.80,FAOR 222100Z 01006KT CAVOK 11/M01 Q1027 NOSIG,M
FAOR,2026-07-22 22:00,50.00,30.20,46.29,10.00,7.00,0.00,30.33,M,6.21,M,M,M,M,M,M,M,M,M,M,M,M,M,M,M,M,50.00,FAOR 222200Z 01007KT CAVOK 10/M01 Q1027 NOSIG,M
FAOR,2026-07-22 23:00,50.00,32.00,49.79,360.00,8.00,0.00,30.33,M,6.21,M,M,M,M,M,M,M,M,M,M,M,M,M,M,M,M,50.00,FAOR 222300Z 36008KT CAVOK 10/00 Q1027 NOSIG,M
FAOR,2026-07-23 00:00,48.20,33.80,57.25,10.00,7.00,0.00,30.33,M,6.21,M,M,M,M,M,M,M,M,M,M,M,M,M,M,M,M,44.53,FAOR 230000Z 01007KT CAVOK 09/01 Q1027 NOSIG,M
FAOR,2026-07-23 01:00,50.00,35.60,57.51,310.00,3.00,0.00,30.30,M,6.21,M,M,M,M,M,M,M,M,M,M,M,M,M,M,M,M,50.00,FAOR 230100Z 31003KT 260V360 CAVOK 10/02 Q1026 NOSIG,M
FAOR,2026-07-23 02:00,50.00,37.40,61.75,350.00,5.00,0.00,30.30,M,6.21,M,M,M,M,M,M,M,M,M,M,M,M,M,M,M,M,50.00,FAOR 230200Z 35005KT CAVOK 10/03 Q1026 NOSIG,M
FAOR,2026-07-23 02:30,50.00,37.40,61.75,350.00,4.00,0.00,30.30,M,6.21,M,M,M,M,M,M,M,M,M,M,M,M,M,M,M,M,50.00,FAOR 230230Z 35004KT CAVOK 10/03 Q1026 NOSIG,M
FAOR,2026-07-23 03:00,46.40,35.60,65.82,10.00,3.00,0.00,30.30,M,6.21,M,M,M,M,M,M,M,M,M,M,M,M,M,M,M,M,45.15,FAOR 230300Z 01003KT CAVOK 08/02 Q1026 NOSIG,M
FAOR,2026-07-23 03:30,48.20,39.20,70.87,350.00,6.00,0.00,30.30,M,6.21,M,M,M,M,M,M,M,M,M,M,M,M,M,M,M,M,45.04,FAOR 230330Z 35006KT CAVOK 09/04 Q1026 NOSIG,M
FAOR,2026-07-23 04:00,50.00,39.20,66.26,360.00,7.00,0.00,30.33,M,6.21,M,M,M,M,M,M,M,M,M,M,M,M,M,M,M,M,50.00,FAOR 230400Z 36007KT CAVOK 10/04 Q1027 NOSIG,M
FAOR,2026-07-23 04:30,48.20,39.20,70.87,10.00,8.00,0.00,30.33,M,6.21,M,M,M,M,M,M,M,M,M,M,M,M,M,M,M,M,44.07,FAOR 230430Z 01008KT CAVOK 09/04 Q1027 NOSIG,M
FAOR,2026-07-23 05:00,51.80,39.20,61.99,340.00,8.00,0.00,30.33,M,6.21,M,M,M,M,M,M,M,M,M,M,M,M,M,M,M,M,51.80,FAOR 230500Z 34008KT CAVOK 11/04 Q1027 NOSIG,M
FAOR,2026-07-23 05:30,50.00,39.20,66.26,10.00,7.00,0.00,30.33,M,6.21,M,M,M,M,M,M,M,M,M,M,M,M,M,M,M,M,50.00,FAOR 230530Z 01007KT CAVOK 10/04 Q1027 NOSIG,M
FAOR,2026-07-23 06:00,53.60,39.20,58.02,340.00,9.00,0.00,30.33,M,6.21,M,M,M,M,M,M,M,M,M,M,M,M,M,M,M,M,53.60,FAOR 230600Z 34009KT CAVOK 12/04 Q1027 NOSIG,M
FAOR,2026-07-23 06:30,55.40,41.00,58.27,350.00,10.00,0.00,30.33,M,6.21,M,M,M,M,M,M,M,M,M,M,M,M,M,M,M,M,55.40,FAOR 230630Z 35010KT CAVOK 13/05 Q1027 NOSIG,M
FAOR,2026-07-23 07:00,57.20,41.00,54.60,340.00,9.00,0.00,30.33,M,6.21,M,M,M,M,M,M,M,M,M,M,M,M,M,M,M,M,57.20,FAOR 230700Z 34009KT CAVOK 14/05 Q1027 NOSIG,M
FAOR,2026-07-23 07:30,59.00,41.00,51.18,350.00,8.00,0.00,30.33,M,6.21,M,M,M,M,M,M,M,M,M,M,M,M,M,M,M,M,59.00,FAOR 230730Z 35008KT CAVOK 15/05 Q1027 NOSIG,M
FAOR,2026-07-23 08:00,59.00,39.20,47.72,300.00,4.00,0.00,30.36,M,6.21,M,M,M,M,M,M,M,M,M,M,M,M,M,M,M,M,59.00,FAOR 230800Z 30004KT 260V330 CAVOK 15/04 Q1028 NOSIG,M
FAOR,2026-07-23 08:30,60.80,39.20,44.76,320.00,6.00,0.00,30.36,M,6.21,M,M,M,M,M,M,M,M,M,M,M,M,M,M,M,M,60.80,FAOR 230830Z 32006KT 200V360 CAVOK 16/04 Q1028 NOSIG,M
FAOR,2026-07-23 09:00,60.80,39.20,44.76,340.00,4.00,0.00,30.33,M,6.21,M,M,M,M,M,M,M,M,M,M,M,M,M,M,M,M,60.80,FAOR 230900Z 34004KT 290V020 CAVOK 16/04 Q1027 NOSIG,M
FAOR,2026-07-23 09:30,62.60,39.20,42.00,M,6.00,0.00,30.33,M,6.21,M,M,M,M,M,M,M,M,M,M,M,M,M,M,M,M,62.60,FAOR 230930Z VRB06KT CAVOK 17/04 Q1027 NOSIG,M
FAOR,2026-07-23 10:00,64.40,37.40,36.75,350.00,9.00,0.00,30.33,M,6.21,M,M,M,M,M,M,M,M,M,M,M,M,M,M,M,M,64.40,FAOR 231000Z 35009KT 320V020 CAVOK 18/03 Q1027 NOSIG,M
FAOR,2026-07-23 10:30,66.20,35.60,32.15,340.00,10.00,0.00,30.30,M,6.21,M,M,M,M,M,M,M,M,M,M,M,M,M,M,M,M,66.20,FAOR 231030Z 34010KT 260V010 CAVOK 19/02 Q1026 NOSIG,M
FAOR,2026-07-23 11:00,66.20,33.80,29.92,340.00,11.00,0.00,30.27,M,6.21,M,M,M,M,M,M,M,M,M,M,M,M,M,M,M,M,66.20,FAOR 231100Z 34011KT 310V010 CAVOK 19/01 Q1025 NOSIG,M
FAOR,2026-07-23 11:30,66.20,32.00,27.84,340.00,11.00,0.00,30.27,M,6.21,M,M,M,M,M,M,M,M,M,M,M,M,M,M,M,M,66.20,FAOR 231130Z 34011KT 300V010 CAVOK 19/00 Q1025 NOSIG,M
FAOR,2026-07-23 12:00,66.20,33.80,29.92,320.00,11.00,0.00,30.27,M,6.21,M,M,M,M,M,M,M,M,M,M,M,M,M,M,M,M,66.20,FAOR 231200Z 32011KT 280V340 CAVOK 19/01 Q1025 NOSIG,M
FAOR,2026-07-23 12:30,68.00,33.80,28.12,310.00,11.00,0.00,30.24,M,6.21,M,M,M,M,M,M,M,M,M,M,M,M,M,M,M,M,68.00,FAOR 231230Z 31011KT 270V330 CAVOK 20/01 Q1024 NOSIG,M
FAOR,2026-07-23 13:00,68.00,33.80,28.12,310.00,13.00,0.00,30.27,M,6.21,M,M,M,M,M,M,M,M,M,M,M,M,M,M,M,M,68.00,FAOR 231300Z 31013KT 270V340 CAVOK 20/01 Q1025 NOSIG,M
FAOR,2026-07-23 13:30,66.20,30.20,25.88,300.00,13.00,0.00,30.24,M,6.21,M,M,M,M,M,M,M,M,M,M,M,M,M,M,M,M,66.20,FAOR 231330Z 30013KT CAVOK 19/M01 Q1024 NOSIG,M
FAOR,2026-07-23 14:00,66.20,32.00,27.84,310.00,13.00,0.00,30.24,M,6.21,M,M,M,M,M,M,M,M,M,M,M,M,M,M,M,M,66.20,FAOR 231400Z 31013KT CAVOK 19/M00 Q1024 NOSIG,M
FAOR,2026-07-23 14:30,66.20,33.80,29.92,310.00,10.00,0.00,30.24,M,6.21,M,M,M,M,M,M,M,M,M,M,M,M,M,M,M,M,66.20,FAOR 231430Z 31010KT 280V340 CAVOK 19/01 Q1024 NOSIG,M
FAOR,2026-07-23 15:00,64.40,32.00,29.63,320.00,13.00,0.00,30.24,M,6.21,M,M,M,M,M,M,M,M,M,M,M,M,M,M,M,M,64.40,FAOR 231500Z 32013KT CAVOK 18/00 Q1024 NOSIG,M
FAOR,2026-07-23 15:30,62.60,33.80,33.93,300.00,7.00,0.00,30.27,M,6.21,M,M,M,M,M,M,M,M,M,M,M,M,M,M,M,M,62.60,FAOR 231530Z 30007KT CAVOK 17/01 Q1025 NOSIG,M
FAOR,2026-07-23 16:00,62.60,33.80,33.93,290.00,8.00,0.00,30.27,M,6.21,M,M,M,M,M,M,M,M,M,M,M,M,M,M,M,M,62.60,FAOR 231600Z 29008KT CAVOK 17/01 Q1025 NOSIG,M
FAOR,2026-07-23 16:30,60.80,33.80,36.16,280.00,8.00,0.00,30.27,M,6.21,M,M,M,M,M,M,M,M,M,M,M,M,M,M,M,M,60.80,FAOR 231630Z 28008KT 220V310 CAVOK 16/01 Q1025 NOSIG,M
FAOR,2026-07-23 17:00,60.80,33.80,36.16,300.00,7.00,0.00,30.27,M,6.21,M,M,M,M,M,M,M,M,M,M,M,M,M,M,M,M,60.80,FAOR 231700Z 30007KT CAVOK 16/01 Q1025 NOSIG,M
FAOR,2026-07-23 17:30,60.80,33.80,36.16,280.00,5.00,0.00,30.30,M,6.21,M,M,M,M,M,M,M,M,M,M,M,M,M,M,M,M,60.80,FAOR 231730Z 28005KT 220V300 CAVOK 16/01 Q1026 NOSIG,M
FAOR,2026-07-23 18:00,59.00,33.80,38.55,280.00,3.00,0.00,30.30,M,6.21,M,M,M,M,M,M,M,M,M,M,M,M,M,M,M,M,59.00,FAOR 231800Z 28003KT 180V310 CAVOK 15/01 Q1026 NOSIG,M
FAOR,2026-07-23 18:30,59.00,35.60,41.42,240.00,6.00,0.00,30.33,M,6.21,M,M,M,M,M,M,M,M,M,M,M,M,M,M,M,M,59.00,FAOR 231830Z 24006KT 210V270 CAVOK 15/02 Q1027 NOSIG,M
FAOR,2026-07-23 19:00,59.00,37.40,44.47,250.00,5.00,0.00,30.33,M,6.21,M,M,M,M,M,M,M,M,M,M,M,M,M,M,M,M,59.00,FAOR 231900Z 25005KT 210V300 CAVOK 15/03 Q1027 NOSIG,M
FAOR,2026-07-23 19:30,59.00,37.40,44.47,260.00,6.00,0.00,30.33,M,6.21,M,M,M,M,M,M,M,M,M,M,M,M,M,M,M,M,59.00,FAOR 231930Z 26006KT 210V290 CAVOK 15/03 Q1027 NOSIG,M
FAOR,2026-07-23 20:00,59.00,37.40,44.47,250.00,9.00,0.00,30.33,M,6.21,M,M,M,M,M,M,M,M,M,M,M,M,M,M,M,M,59.00,FAOR 232000Z 25009KT CAVOK 15/03 Q1027 NOSIG,M
FAOR,2026-07-23 20:30,57.20,39.20,50.91,220.00,9.00,0.00,30.33,M,6.21,M,M,M,M,M,M,M,M,M,M,M,M,M,M,M,M,57.20,FAOR 232030Z 22009KT CAVOK 14/04 Q1027 NOSIG,M
FAOR,2026-07-23 21:00,53.60,37.40,54.07,200.00,11.00,0.00,30.33,M,6.21,M,M,M,M,M,M,M,M,M,M,M,M,M,M,M,M,53.60,COR FAOR 232100Z 20011KT CAVOK 12/03 Q1027 NOSIG,M
FAOR,2026-07-23 22:00,51.80,33.80,50.07,190.00,10.00,0.00,30.33,M,6.21,M,M,M,M,M,M,M,M,M,M,M,M,M,M,M,M,51.80,FAOR 232200Z 19010KT CAVOK 11/01 Q1027 NOSIG,M
FAOR,2026-07-23 23:00,48.20,32.00,53.25,190.00,10.00,0.00,30.33,M,6.21,M,M,M,M,M,M,M,M,M,M,M,M,M,M,M,M,43.28,FAOR 232300Z 19010KT CAVOK 09/M00 Q1027 NOSIG,M
FAOR,2026-07-23 23:30,46.40,30.20,52.98,190.00,9.00,0.00,30.33,M,6.21,M,M,M,M,M,M,M,M,M,M,M,M,M,M,M,M,41.42,FAOR 232330Z 19009KT CAVOK 08/M01 Q1027 NOSIG,M
FAOR,2026-07-24 00:00,48.20,30.20,49.51,190.00,11.00,0.00,30.33,M,6.21,M,M,M,M,M,M,M,M,M,M,M,M,M,M,M,M,42.94,FAOR 240000Z 19011KT CAVOK 09/M01 Q1027 NOSIG,M
FAOR,2026-07-24 01:00,42.80,28.40,56.46,180.00,11.00,0.00,30.33,M,6.21,M,M,M,M,M,M,M,M,M,M,M,M,M,M,M,M,36.11,FAOR 240100Z 18011KT CAVOK 06/M02 Q1027 NOSIG,M
FAOR,2026-07-24 02:00,42.80,24.80,48.65,190.00,6.00,0.00,30.33,M,6.21,M,M,M,M,M,M,M,M,M,M,M,M,M,M,M,M,38.54,FAOR 240200Z 19006KT CAVOK 06/M04 Q1027 NOSIG,M
FAOR,2026-07-24 02:30,42.80,24.80,48.65,200.00,7.00,0.00,30.33,M,6.21,M,M,M,M,M,M,M,M,M,M,M,M,M,M,M,M,37.94,FAOR 240230Z 20007KT CAVOK 06/M04 Q1027 NOSIG,M
FAOR,2026-07-24 03:00,42.80,23.00,45.11,200.00,7.00,0.00,30.33,M,6.21,M,M,M,M,M,M,M,M,M,M,M,M,M,M,M,M,37.94,FAOR 240300Z 20007KT CAVOK 06/M05 Q1027 NOSIG,M
FAOR,2026-07-24 03:30,39.20,21.20,48.07,190.00,6.00,0.00,30.33,M,6.21,M,M,M,M,M,M,M,M,M,M,M,M,M,M,M,M,34.20,FAOR 240330Z 19006KT CAVOK 04/M06 Q1027 NOSIG,M
FAOR,2026-07-24 04:00,39.20,21.20,48.07,200.00,8.00,0.00,30.33,M,6.21,M,M,M,M,M,M,M,M,M,M,M,M,M,M,M,M,32.98,FAOR 240400Z 20008KT CAVOK 04/M06 Q1027 NOSIG,M
FAOR,2026-07-24 04:30,42.80,21.20,41.81,200.00,8.00,0.00,30.36,M,6.21,M,M,M,M,M,M,M,M,M,M,M,M,M,M,M,M,37.42,FAOR 240430Z 20008KT CAVOK 06/M06 Q1028 NOSIG,M
FAOR,2026-07-24 05:00,41.00,19.40,41.51,200.00,5.00,0.00,30.36,M,6.21,M,M,M,M,M,M,M,M,M,M,M,M,M,M,M,M,37.08,FAOR 240500Z 20005KT CAVOK 05/M07 Q1028 NOSIG,M
FAOR,2026-07-24 05:30,42.80,19.40,38.72,210.00,7.00,0.00,30.36,M,6.21,M,M,M,M,M,M,M,M,M,M,M,M,M,M,M,M,37.94,FAOR 240530Z 21007KT CAVOK 06/M07 Q1028 NOSIG,M
FAOR,2026-07-24 06:00,46.40,17.60,31.25,200.00,12.00,0.00,30.36,M,6.21,M,M,M,M,M,M,M,M,M,M,M,M,M,M,M,M,40.33,FAOR 240600Z 20012KT CAVOK 08/M08 Q1028 NOSIG,M
FAOR,2026-07-24 06:30,48.20,15.80,27.01,200.00,14.00,0.00,30.36,M,6.21,M,M,M,M,M,M,M,M,M,M,M,M,M,M,M,M,42.04,FAOR 240630Z 20014KT CAVOK 09/M09 Q1028 NOSIG,M
FAOR,2026-07-24 07:00,51.80,15.80,23.63,200.00,14.00,0.00,30.36,M,6.21,M,M,M,M,M,M,M,M,M,M,M,M,M,M,M,M,51.80,FAOR 240700Z 20014KT CAVOK 11/M09 Q1028 NOSIG,M
FAOR,2026-07-24 07:30,53.60,12.20,18.88,190.00,13.00,0.00,30.39,M,6.21,M,M,M,M,M,M,M,M,M,M,M,M,M,M,M,M,53.60,FAOR 240730Z 19013KT CAVOK 12/M11 Q1029 NOSIG,M
FAOR,2026-07-24 08:00,55.40,8.60,15.06,200.00,11.00,0.00,30.39,M,6.21,M,M,M,M,M,M,M,M,M,M,M,M,M,M,M,M,55.40,FAOR 240800Z 20011KT CAVOK 13/M13 Q1029 NOSIG,M
FAOR,2026-07-24 08:30,57.20,12.20,16.57,190.00,13.00,0.00,30.39,M,6.21,M,M,M,M,M,M,M,M,M,M,M,M,M,M,M,M,57.20,FAOR 240830Z 19013KT 160V220 CAVOK 14/M11 Q1029 NOSIG,M
FAOR,2026-07-24 09:00,59.00,12.20,15.53,190.00,14.00,0.00,30.39,M,6.21,M,M,M,M,M,M,M,M,M,M,M,M,M,M,M,M,59.00,FAOR 240900Z 19014KT CAVOK 15/M11 Q1029 NOSIG,M
FAOR,2026-07-24 09:30,60.80,12.20,14.57,190.00,11.00,0.00,30.39,M,6.21,M,M,M,M,M,M,M,M,M,M,M,M,M,M,M,M,60.80,FAOR 240930Z 19011KT CAVOK 16/M11 Q1029 NOSIG,M
FAOR,2026-07-24 10:00,60.80,8.60,12.40,190.00,12.00,0.00,30.39,M,6.21,M,M,M,M,M,M,M,M,M,M,M,M,M,M,M,M,60.80,FAOR 241000Z 19012KT CAVOK 16/M13 Q1029 NOSIG,M
FAOR,2026-07-24 10:30,62.60,14.00,14.80,210.00,11.00,0.00,30.39,M,6.21,M,M,M,M,M,M,M,M,M,M,M,M,M,M,M,M,62.60,FAOR 241030Z 21011KT CAVOK 17/M10 Q1029 NOSIG,M
FAOR,2026-07-24 11:00,62.60,14.00,14.80,190.00,12.00,0.00,30.36,M,6.21,M,M,M,M,M,M,M,M,M,M,M,M,M,M,M,M,62.60,FAOR 241100Z 19012KT CAVOK 17/M10 Q1028 NOSIG,M
FAOR,2026-07-24 11:30,64.40,17.60,16.25,180.00,10.00,0.00,30.36,M,6.21,M,M,M,M,M,M,M,M,M,M,M,M,M,M,M,M,64.40,FAOR 241130Z 18010KT CAVOK 18/M08 Q1028 NOSIG,M
FAOR,2026-07-24 12:00,64.40,15.80,15.03,190.00,11.00,0.00,30.36,M,6.21,M,M,M,M,M,M,M,M,M,M,M,M,M,M,M,M,64.40,FAOR 241200Z 19011KT 150V220 CAVOK 18/M09 Q1028 NOSIG,M
FAOR,2026-07-24 12:30,66.20,17.60,15.26,170.00,12.00,0.00,30.36,M,6.21,M,M,M,M,M,M,M,M,M,M,M,M,M,M,M,M,66.20,FAOR 241230Z 17012KT 140V200 CAVOK 19/M08 Q1028 NOSIG,M
FAOR,2026-07-24 13:00,64.40,15.80,15.03,190.00,11.00,0.00,30.36,M,6.21,M,M,M,M,M,M,M,M,M,M,M,M,M,M,M,M,64.40,FAOR 241300Z 19011KT 160V220 CAVOK 18/M09 Q1028 NOSIG,M
FAOR,2026-07-24 13:30,64.40,17.60,16.25,180.00,10.00,0.00,30.36,M,6.21,M,M,M,M,M,M,M,M,M,M,M,M,M,M,M,M,64.40,FAOR 241330Z 18010KT CAVOK 18/M08 Q1028 NOSIG,M
FAOR,2026-07-24 14:00,64.40,19.40,17.56,190.00,11.00,0.00,30.36,M,6.21,M,M,M,M,M,M,M,M,M,M,M,M,M,M,M,M,64.40,FAOR 241400Z 19011KT CAVOK 18/M07 Q1028 NOSIG,M
FAOR,2026-07-24 14:30,62.60,19.40,18.70,180.00,11.00,0.00,30.39,M,6.21,M,M,M,M,M,M,M,M,M,M,M,M,M,M,M,M,62.60,FAOR 241430Z 18011KT CAVOK 17/M07 Q1029 NOSIG,M
FAOR,2026-07-24 15:00,62.60,21.20,20.19,190.00,9.00,0.00,30.39,M,6.21,M,M,M,M,M,M,M,M,M,M,M,M,M,M,M,M,62.60,FAOR 241500Z 19009KT CAVOK 17/M06 Q1029 NOSIG,M
FAOR,2026-07-24 15:30,57.20,21.20,24.47,190.00,8.00,0.00,30.39,M,6.21,M,M,M,M,M,M,M,M,M,M,M,M,M,M,M,M,57.20,FAOR 241530Z 19008KT CAVOK 14/M06 Q1029 NOSIG,M
FAOR,2026-07-24 16:00,55.40,21.20,26.12,190.00,6.00,0.00,30.42,M,6.21,M,M,M,M,M,M,M,M,M,M,M,M,M,M,M,M,55.40,FAOR 241600Z 19006KT CAVOK 13/M06 Q1030 NOSIG,M
FAOR,2026-07-24 16:30,55.40,23.00,28.18,180.00,6.00,0.00,30.42,M,6.21,M,M,M,M,M,M,M,M,M,M,M,M,M,M,M,M,55.40,FAOR 241630Z 18006KT CAVOK 13/M05 Q1030 NOSIG,M
FAOR,2026-07-24 17:00,53.60,23.00,30.09,180.00,4.00,0.00,30.42,M,6.21,M,M,M,M,M,M,M,M,M,M,M,M,M,M,M,M,53.60,FAOR 241700Z 18004KT CAVOK 12/M05 Q1030 NOSIG,M
FAOR,2026-07-24 17:30,53.60,23.00,30.09,190.00,5.00,0.00,30.42,M,6.21,M,M,M,M,M,M,M,M,M,M,M,M,M,M,M,M,53.60,FAOR 241730Z 19005KT 130V210 CAVOK 12/M05 Q1030 NOSIG,M
FAOR,2026-07-24 18:00,53.60,23.00,30.09,190.00,6.00,0.00,30.45,M,6.21,M,M,M,M,M,M,M,M,M,M,M,M,M,M,M,M,53.60,FAOR 241800Z 19006KT 140V220 CAVOK 12/M05 Q1031 NOSIG,M
FAOR,2026-07-24 18:30,50.00,23.00,34.37,210.00,5.00,0.00,30.45,M,6.21,M,M,M,M,M,M,M,M,M,M,M,M,M,M,M,M,50.00,FAOR 241830Z 21005KT CAVOK 10/M05 Q1031 NOSIG,M
FAOR,2026-07-24 19:00,51.80,23.00,32.15,220.00,5.00,0.00,30.45,M,6.21,M,M,M,M,M,M,M,M,M,M,M,M,M,M,M,M,51.80,FAOR 241900Z 22005KT CAVOK 11/M05 Q1031 NOSIG,M
FAOR,2026-07-24 19:30,48.20,23.00,36.75,210.00,6.00,0.00,30.45,M,6.21,M,M,M,M,M,M,M,M,M,M,M,M,M,M,M,M,45.04,FAOR 241930Z 21006KT CAVOK 09/M05 Q1031 NOSIG,M
FAOR,2026-07-24 20:00,48.20,23.00,36.75,210.00,7.00,0.00,30.45,M,6.21,M,M,M,M,M,M,M,M,M,M,M,M,M,M,M,M,44.53,FAOR 242000Z 21007KT CAVOK 09/M05 Q1031 NOSIG,M
FAOR,2026-07-24 20:30,48.20,23.00,36.75,200.00,8.00,0.00,30.45,M,6.21,M,M,M,M,M,M,M,M,M,M,M,M,M,M,M,M,44.07,FAOR 242030Z 20008KT CAVOK 09/M05 Q1031 NOSIG,M
FAOR,2026-07-24 21:00,46.40,24.80,42.41,190.00,9.00,0.00,30.45,M,6.21,M,M,M,M,M,M,M,M,M,M,M,M,M,M,M,M,41.42,FAOR 242100Z 19009KT CAVOK 08/M04 Q1031 NOSIG,M
FAOR,2026-07-24 22:00,42.80,24.80,48.65,200.00,9.00,0.00,30.42,M,6.21,M,M,M,M,M,M,M,M,M,M,M,M,M,M,M,M,36.94,FAOR 242200Z 20009KT CAVOK 06/M04 Q1030 NOSIG,M
FAOR,2026-07-24 23:00,41.00,23.00,48.36,200.00,7.00,0.00,30.42,M,6.21,M,M,M,M,M,M,M,M,M,M,M,M,M,M,M,M,35.75,FAOR 242300Z 20007KT CAVOK 05/M05 Q1030 NOSIG,M
FAOR,2026-07-25 00:00,41.00,23.00,48.36,170.00,3.00,0.00,30.42,M,6.21,M,M,M,M,M,M,M,M,M,M,M,M,M,M,M,M,38.98,FAOR 250000Z 17003KT CAVOK 05/M05 Q1030 NOSIG,M
FAOR,2026-07-25 01:00,41.00,32.00,70.06,170.00,4.00,0.00,30.42,M,6.21,M,M,M,M,M,M,M,M,M,M,M,M,M,M,M,M,37.93,FAOR 250100Z 17004KT CAVOK 05/M00 Q1030 NOSIG,M
FAOR,2026-07-25 02:00,35.60,32.00,86.58,70.00,3.00,0.00,30.42,M,6.21,M,M,M,M,M,M,M,M,M,M,M,M,M,M,M,M,32.80,FAOR 250200Z 07003KT 030V100 CAVOK 02/00 Q1030 NOSIG,M
FAOR,2026-07-25 02:30,35.60,33.80,93.08,90.00,3.00,0.00,30.42,M,6.21,M,M,M,M,M,M,M,M,M,M,M,M,M,M,M,M,32.80,FAOR 250230Z 09003KT CAVOK 02/01 Q1030 NOSIG,M
FAOR,2026-07-25 03:00,37.40,35.60,93.13,M,2.00,0.00,30.42,M,6.21,M,M,M,M,M,M,M,M,M,M,M,M,M,M,M,M,37.40,FAOR 250300Z VRB02KT CAVOK 03/02 Q1030 NOSIG,M
FAOR,2026-07-25 03:30,39.20,35.60,86.79,0.00,0.00,0.00,30.42,M,6.21,M,M,M,M,M,M,M,M,M,M,M,M,M,M,M,M,39.20,FAOR 250330Z 00000KT CAVOK 04/02 Q1030 NOSIG,M
FAOR,2026-07-25 04:00,39.20,37.40,93.19,10.00,2.00,0.00,30.42,M,5.59,M,NSC,M,M,M,M,M,M,M,M,M,M,M,M,M,M,39.20,FAOR 250400Z 01002KT 9000 NSC 04/03 Q1030 NOSIG,M
FAOR,2026-07-25 04:30,39.20,33.80,80.78,10.00,5.00,0.00,30.45,M,5.59,M,NSC,M,M,M,M,M,M,M,M,M,M,M,M,M,M,34.95,FAOR 250430Z 01005KT 9000 NSC 04/01 Q1031 NOSIG,M
FAOR,2026-07-25 05:00,39.20,33.80,80.78,10.00,5.00,0.00,30.45,M,5.59,M,NSC,M,M,M,M,M,M,M,M,M,M,M,M,M,M,34.95,FAOR 250500Z 01005KT 9000 NSC 04/01 Q1031 NOSIG,M
FAOR,2026-07-25 05:30,42.80,37.40,81.06,360.00,6.00,0.00,30.45,M,6.21,M,M,M,M,M,M,M,M,M,M,M,M,M,M,M,M,38.54,FAOR 250530Z 36006KT CAVOK 06/03 Q1031 NOSIG,M
FAOR,2026-07-25 06:00,46.40,41.00,81.33,360.00,7.00,0.00,30.45,M,6.21,M,M,M,M,M,M,M,M,M,M,M,M,M,M,M,M,42.33,FAOR 250600Z 36007KT CAVOK 08/05 Q1031 NOSIG,M
FAOR,2026-07-25 06:30,50.00,42.80,76.17,360.00,7.00,0.00,30.47,M,6.21,M,M,M,M,M,M,M,M,M,M,M,M,M,M,M,M,50.00,FAOR 250630Z 36007KT CAVOK 10/06 Q1032 NOSIG,M
FAOR,2026-07-25 07:00,50.00,41.00,71.06,350.00,7.00,0.00,30.47,M,6.21,M,M,M,M,M,M,M,M,M,M,M,M,M,M,M,M,50.00,FAOR 250700Z 35007KT 300V020 CAVOK 10/05 Q1032 NOSIG,M
FAOR,2026-07-25 07:30,51.80,42.80,71.26,350.00,8.00,0.00,30.47,M,6.21,M,M,M,M,M,M,M,M,M,M,M,M,M,M,M,M,51.80,FAOR 250730Z 35008KT 310V010 CAVOK 11/06 Q1032 NOSIG,M
FAOR,2026-07-25 08:00,53.60,42.80,66.70,360.00,7.00,0.00,30.47,M,6.21,M,M,M,M,M,M,M,M,M,M,M,M,M,M,M,M,53.60,FAOR 250800Z 36007KT 310V030 CAVOK 12/06 Q1032 NOSIG,M
FAOR,2026-07-25 08:30,55.40,41.00,58.27,M,4.00,0.00,30.47,M,6.21,M,M,M,M,M,M,M,M,M,M,M,M,M,M,M,M,55.40,FAOR 250830Z VRB04KT CAVOK 13/05 Q1032 NOSIG,M
FAOR,2026-07-25 09:00,57.20,39.20,50.91,330.00,3.00,0.00,30.47,M,6.21,M,M,M,M,M,M,M,M,M,M,M,M,M,M,M,M,57.20,FAOR 250900Z 33003KT 230V030 CAVOK 14/04 Q1032 NOSIG,M
FAOR,2026-07-25 09:30,59.00,35.60,41.42,290.00,4.00,0.00,30.47,M,6.21,M,M,M,M,M,M,M,M,M,M,M,M,M,M,M,M,59.00,FAOR 250930Z 29004KT 200V340 CAVOK 15/02 Q1032 NOSIG,M
FAOR,2026-07-25 10:00,60.80,35.60,38.85,240.00,5.00,0.00,30.47,M,6.21,M,M,M,M,M,M,M,M,M,M,M,M,M,M,M,M,60.80,FAOR 251000Z 24005KT 180V300 CAVOK 16/02 Q1032 NOSIG,M
FAOR,2026-07-25 10:30,60.80,33.80,36.16,220.00,5.00,0.00,30.45,M,6.21,M,M,M,M,M,M,M,M,M,M,M,M,M,M,M,M,60.80,FAOR 251030Z 22005KT 150V290 CAVOK 16/01 Q1031 NOSIG,M
FAOR,2026-07-25 11:00,64.40,37.40,36.75,M,5.00,0.00,30.45,M,6.21,M,M,M,M,M,M,M,M,M,M,M,M,M,M,M,M,64.40,FAOR 251100Z VRB05KT CAVOK 18/03 Q1031 NOSIG,M
FAOR,2026-07-25 11:30,64.40,37.40,36.75,M,4.00,0.00,30.45,M,6.21,M,M,M,M,M,M,M,M,M,M,M,M,M,M,M,M,64.40,FAOR 251130Z VRB04KT CAVOK 18/03 Q1031 NOSIG,M
FAOR,2026-07-25 12:00,66.20,26.60,22.32,200.00,6.00,0.00,30.42,M,6.21,M,M,M,M,M,M,M,M,M,M,M,M,M,M,M,M,66.20,FAOR 251200Z 20006KT 120V260 CAVOK 19/M03 Q1030 NOSIG,M
FAOR,2026-07-25 12:30,68.00,26.60,20.98,M,3.00,0.00,30.42,M,6.21,M,M,M,M,M,M,M,M,M,M,M,M,M,M,M,M,68.00,FAOR 251230Z VRB03KT CAVOK 20/M03 Q1030 NOSIG,M
FAOR,2026-07-25 13:00,66.20,26.60,22.32,150.00,7.00,0.00,30.42,M,6.21,M,M,M,M,M,M,M,M,M,M,M,M,M,M,M,M,66.20,FAOR 251300Z 15007KT 110V210 CAVOK 19/M03 Q1030 NOSIG,M
FAOR,2026-07-25 13:30,66.20,26.60,22.32,170.00,6.00,0.00,30.42,M,6.21,M,M,M,M,M,M,M,M,M,M,M,M,M,M,M,M,66.20,FAOR 251330Z 17006KT 120V220 CAVOK 19/M03 Q1030 NOSIG,M
FAOR,2026-07-25 14:00,66.20,26.60,22.32,180.00,5.00,0.00,30.42,M,6.21,M,M,M,M,M,M,M,M,M,M,M,M,M,M,M,M,66.20,FAOR 251400Z 18005KT 150V210 CAVOK 19/M03 Q1030 NOSIG,M
FAOR,2026-07-25 14:30,64.40,24.80,22.05,180.00,4.00,0.00,30.42,M,6.21,M,M,M,M,M,M,M,M,M,M,M,M,M,M,M,M,64.40,FAOR 251430Z 18004KT CAVOK 18/M04 Q1030 NOSIG,M
FAOR,2026-07-25 15:00,62.60,24.80,23.49,160.00,4.00,0.00,30.42,M,6.21,M,M,M,M,M,M,M,M,M,M,M,M,M,M,M,M,62.60,FAOR 251500Z 16004KT CAVOK 17/M04 Q1030 NOSIG,M
FAOR,2026-07-25 15:30,59.00,23.00,24.75,170.00,5.00,0.00,30.42,M,6.21,M,M,M,M,M,M,M,M,M,M,M,M,M,M,M,M,59.00,FAOR 251530Z 17005KT 130V220 CAVOK 15/M05 Q1030 NOSIG,M
FAOR,2026-07-25 16:00,57.20,21.20,24.47,180.00,6.00,0.00,30.42,M,6.21,M,M,M,M,M,M,M,M,M,M,M,M,M,M,M,M,57.20,FAOR 251600Z 18006KT CAVOK 14/M06 Q1030 NOSIG,M
FAOR,2026-07-25 16:30,57.20,23.00,26.40,200.00,6.00,0.00,30.45,M,6.21,M,M,M,M,M,M,M,M,M,M,M,M,M,M,M,M,57.20,FAOR 251630Z 20006KT CAVOK 14/M05 Q1031 NOSIG,M
FAOR,2026-07-25 17:00,53.60,23.00,30.09,190.00,6.00,0.00,30.45,M,6.21,M,M,M,M,M,M,M,M,M,M,M,M,M,M,M,M,53.60,FAOR 251700Z 19006KT CAVOK 12/M05 Q1031 NOSIG,M
FAOR,2026-07-25 17:30,57.20,23.00,26.40,M,6.00,0.00,30.45,M,6.21,M,M,M,M,M,M,M,M,M,M,M,M,M,M,M,M,57.20,FAOR 251730Z VRB06KT CAVOK 14/M05 Q1031 NOSIG,M
FAOR,2026-07-25 18:00,57.20,24.80,28.47,M,2.00,0.00,30.47,M,6.21,M,M,M,M,M,M,M,M,M,M,M,M,M,M,M,M,57.20,FAOR 251800Z VRB02KT CAVOK 14/M04 Q1032 NOSIG,M
FAOR,2026-07-25 18:30,57.20,32.00,38.25,300.00,4.00,0.00,30.47,M,6.21,M,M,M,M,M,M,M,M,M,M,M,M,M,M,M,M,57.20,FAOR 251830Z 30004KT CAVOK 14/M00 Q1032 NOSIG,M
FAOR,2026-07-25 19:00,55.40,33.80,43.89,270.00,6.00,0.00,30.47,M,6.21,M,M,M,M,M,M,M,M,M,M,M,M,M,M,M,M,55.40,FAOR 251900Z 27006KT CAVOK 13/01 Q1032 NOSIG,M
FAOR,2026-07-25 19:30,55.40,35.60,47.15,280.00,7.00,0.00,30.47,M,6.21,M,M,M,M,M,M,M,M,M,M,M,M,M,M,M,M,55.40,FAOR 251930Z 28007KT CAVOK 13/02 Q1032 NOSIG,M
FAOR,2026-07-25 20:00,53.60,28.40,37.66,120.00,5.00,0.00,30.47,M,6.21,M,M,M,M,M,M,M,M,M,M,M,M,M,M,M,M,53.60,FAOR 252000Z 12005KT 100V230 CAVOK 12/M02 Q1032 NOSIG,M
FAOR,2026-07-25 20:30,50.00,26.60,39.93,110.00,3.00,0.00,30.47,M,6.21,M,M,M,M,M,M,M,M,M,M,M,M,M,M,M,M,50.00,FAOR 252030Z 11003KT 040V130 CAVOK 10/M03 Q1032 NOSIG,M
FAOR,2026-07-25 21:00,53.60,26.60,34.97,0.00,0.00,0.00,30.47,M,6.21,M,M,M,M,M,M,M,M,M,M,M,M,M,M,M,M,53.60,FAOR 252100Z 00000KT CAVOK 12/M03 Q1032 NOSIG,M
FAOR,2026-07-25 22:00,48.20,28.40,46.00,310.00,6.00,0.00,30.47,M,6.21,M,M,M,M,M,M,M,M,M,M,M,M,M,M,M,M,45.04,COR FAOR 252200Z 31006KT 300V060 CAVOK 09/M02 Q1032 NOSIG,M
FAOR,2026-07-25 23:00,50.00,35.60,57.51,340.00,9.00,0.00,30.45,M,6.21,M,M,M,M,M,M,M,M,M,M,M,M,M,M,M,M,50.00,FAOR 252300Z 34009KT CAVOK 10/02 Q1031 NOSIG,M
FAOR,2026-07-26 00:00,48.20,39.20,70.87,350.00,9.00,0.00,30.45,M,6.21,M,M,M,M,M,M,M,M,M,M,M,M,M,M,M,M,43.66,FAOR 260000Z 35009KT CAVOK 09/04 Q1031 NOSIG,M
FAOR,2026-07-26 02:00,46.40,39.20,75.84,350.00,9.00,0.00,30.45,M,6.21,M,M,M,M,M,M,M,M,M,M,M,M,M,M,M,M,41.42,FAOR 260200Z 35009KT CAVOK 08/04 Q1031 NOSIG,M
FAOR,2026-07-26 02:30,46.40,39.20,75.84,330.00,7.00,0.00,30.45,M,6.21,M,M,M,M,M,M,M,M,M,M,M,M,M,M,M,M,42.33,FAOR 260230Z 33007KT 310V010 CAVOK 08/04 Q1031 NOSIG,M
FAOR,2026-07-26 03:00,44.60,39.20,81.20,340.00,6.00,0.00,30.45,M,6.21,M,M,M,M,M,M,M,M,M,M,M,M,M,M,M,M,40.71,FAOR 260300Z 34006KT CAVOK 07/04 Q1031 NOSIG,M
FAOR,2026-07-26 03:30,44.60,39.20,81.20,330.00,5.00,0.00,30.45,M,6.21,M,M,M,M,M,M,M,M,M,M,M,M,M,M,M,M,41.36,FAOR 260330Z 33005KT CAVOK 07/04 Q1031 NOSIG,M
FAOR,2026-07-26 04:00,44.60,39.20,81.20,330.00,5.00,0.00,30.45,M,6.21,M,M,M,M,M,M,M,M,M,M,M,M,M,M,M,M,41.36,FAOR 260400Z 33005KT CAVOK 07/04 Q1031 NOSIG,M
FAOR,2026-07-26 04:30,44.60,39.20,81.20,340.00,5.00,0.00,30.45,M,6.21,M,M,M,M,M,M,M,M,M,M,M,M,M,M,M,M,41.36,FAOR 260430Z 34005KT CAVOK 07/04 Q1031 NOSIG,M
FAOR,2026-07-26 05:00,44.60,39.20,81.20,340.00,6.00,0.00,30.45,M,6.21,M,M,M,M,M,M,M,M,M,M,M,M,M,M,M,M,40.71,FAOR 260500Z 34006KT CAVOK 07/04 Q1031 NOSIG,M
FAOR,2026-07-26 05:30,44.60,39.20,81.20,320.00,4.00,0.00,30.45,M,6.21,M,M,M,M,M,M,M,M,M,M,M,M,M,M,M,M,42.13,FAOR 260530Z 32004KT CAVOK 07/04 Q1031 NOSIG,M
FAOR,2026-07-26 06:00,46.40,39.20,75.84,310.00,6.00,0.00,30.45,M,6.21,M,M,M,M,M,M,M,M,M,M,M,M,M,M,M,M,42.87,FAOR 260600Z 31006KT CAVOK 08/04 Q1031 NOSIG,M
FAOR,2026-07-26 06:30,48.20,41.00,76.01,320.00,5.00,0.00,30.47,M,6.21,M,M,M,M,M,M,M,M,M,M,M,M,M,M,M,M,45.63,FAOR 260630Z 32005KT CAVOK 09/05 Q1032 NOSIG,M
FAOR,2026-07-26 07:00,50.00,41.00,71.06,330.00,5.00,0.00,30.47,M,6.21,M,M,M,M,M,M,M,M,M,M,M,M,M,M,M,M,50.00,FAOR 260700Z 33005KT CAVOK 10/05 Q1032 NOSIG,M
FAOR,2026-07-26 07:30,51.80,41.00,66.48,290.00,8.00,0.00,30.47,M,6.21,M,M,M,M,M,M,M,M,M,M,M,M,M,M,M,M,51.80,FAOR 260730Z 29008KT CAVOK 11/05 Q1032 NOSIG,M
FAOR,2026-07-26 08:00,55.40,41.00,58.27,300.00,6.00,0.00,30.47,M,6.21,M,M,M,M,M,M,M,M,M,M,M,M,M,M,M,M,55.40,FAOR 260800Z 30006KT 260V320 CAVOK 13/05 Q1032 NOSIG,M
FAOR,2026-07-26 08:30,55.40,41.00,58.27,280.00,6.00,0.00,30.47,M,6.21,M,M,M,M,M,M,M,M,M,M,M,M,M,M,M,M,55.40,FAOR 260830Z 28006KT 250V320 CAVOK 13/05 Q1032 NOSIG,M
FAOR,2026-07-26 09:00,59.00,37.40,44.47,230.00,4.00,0.00,30.47,M,6.21,M,M,M,M,M,M,M,M,M,M,M,M,M,M,M,M,59.00,FAOR 260900Z 23004KT 150V310 CAVOK 15/03 Q1032 NOSIG,M
FAOR,2026-07-26 09:30,60.80,37.40,41.71,250.00,4.00,0.00,30.45,M,6.21,M,M,M,M,M,M,M,M,M,M,M,M,M,M,M,M,60.80,FAOR 260930Z 25004KT 190V300 CAVOK 16/03 Q1031 NOSIG,M
FAOR,2026-07-26 10:00,62.60,33.80,33.93,210.00,4.00,0.00,30.45,M,6.21,M,M,M,M,M,M,M,M,M,M,M,M,M,M,M,M,62.60,FAOR 261000Z 21004KT 170V320 CAVOK 17/01 Q1031 NOSIG,M
FAOR,2026-07-26 10:30,66.20,35.60,32.15,280.00,6.00,0.00,30.42,M,6.21,M,M,M,M,M,M,M,M,M,M,M,M,M,M,M,M,66.20,FAOR 261030Z 28006KT 200V330 CAVOK 19/02 Q1030 NOSIG,M
FAOR,2026-07-26 11:00,68.00,33.80,28.12,M,4.00,0.00,30.42,M,6.21,M,M,M,M,M,M,M,M,M,M,M,M,M,M,M,M,68.00,FAOR 261100Z VRB04KT CAVOK 20/01 Q1030 NOSIG,M
FAOR,2026-07-26 11:30,68.00,33.80,28.12,M,4.00,0.00,30.39,M,6.21,M,M,M,M,M,M,M,M,M,M,M,M,M,M,M,M,68.00,FAOR 261130Z VRB04KT CAVOK 20/01 Q1029 NOSIG,M
FAOR,2026-07-26 12:00,69.80,32.00,24.60,130.00,5.00,0.00,30.39,M,6.21,M,M,M,M,M,M,M,M,M,M,M,M,M,M,M,M,69.80,FAOR 261200Z 13005KT CAVOK 21/00 Q1029 NOSIG,M
FAOR,2026-07-26 12:30,68.00,32.00,26.16,M,4.00,0.00,30.36,M,6.21,M,M,M,M,M,M,M,M,M,M,M,M,M,M,M,M,68.00,FAOR 261230Z VRB04KT CAVOK 20/M00 Q1028 NOSIG,M
FAOR,2026-07-26 13:00,68.00,32.00,26.16,340.00,5.00,0.00,30.36,M,6.21,M,M,M,M,M,M,M,M,M,M,M,M,M,M,M,M,68.00,FAOR 261300Z 34005KT 280V030 CAVOK 20/M00 Q1028 NOSIG,M
FAOR,2026-07-26 13:30,68.00,33.80,28.12,320.00,6.00,0.00,30.36,M,6.21,M,M,M,M,M,M,M,M,M,M,M,M,M,M,M,M,68.00,FAOR 261330Z 32006KT 220V360 CAVOK 20/01 Q1028 NOSIG,M
FAOR,2026-07-26 14:00,66.20,32.00,27.84,M,3.00,0.00,30.36,M,6.21,M,M,M,M,M,M,M,M,M,M,M,M,M,M,M,M,66.20,FAOR 261400Z VRB03KT CAVOK 19/M00 Q1028 NOSIG,M
FAOR,2026-07-26 14:30,66.20,32.00,27.84,360.00,4.00,0.00,30.36,M,6.21,M,M,M,M,M,M,M,M,M,M,M,M,M,M,M,M,66.20,FAOR 261430Z 36004KT 290V060 CAVOK 19/M00 Q1028 NOSIG,M
FAOR,2026-07-26 15:00,66.20,28.40,24.04,310.00,6.00,0.00,30.36,M,6.21,M,M,M,M,M,M,M,M,M,M,M,M,M,M,M,M,66.20,FAOR 261500Z 31006KT 270V330 CAVOK 19/M02 Q1028 NOSIG,M
FAOR,2026-07-26 15:30,64.40,28.40,25.60,310.00,8.00,0.00,30.36,M,6.21,M,M,M,M,M,M,M,M,M,M,M,M,M,M,M,M,64.40,FAOR 261530Z 31008KT CAVOK 18/M02 Q1028 NOSIG,M
FAOR,2026-07-26 16:00,62.60,33.80,33.93,320.00,7.00,0.00,30.36,M,6.21,M,M,M,M,M,M,M,M,M,M,M,M,M,M,M,M,62.60,FAOR 261600Z 32007KT CAVOK 17/01 Q1028 NOSIG,M
FAOR,2026-07-26 16:30,60.80,35.60,38.85,310.00,7.00,0.00,30.36,M,6.21,M,M,M,M,M,M,M,M,M,M,M,M,M,M,M,M,60.80,FAOR 261630Z 31007KT 240V330 CAVOK 16/02 Q1028 NOSIG,M
FAOR,2026-07-26 17:00,59.00,37.40,44.47,300.00,7.00,0.00,30.39,M,6.21,M,M,M,M,M,M,M,M,M,M,M,M,M,M,M,M,59.00,FAOR 261700Z 30007KT CAVOK 15/03 Q1029 NOSIG,M
FAOR,2026-07-26 17:30,57.20,37.40,47.44,300.00,7.00,0.00,30.39,M,6.21,M,M,M,M,M,M,M,M,M,M,M,M,M,M,M,M,57.20,FAOR 261730Z 30007KT 220V310 CAVOK 14/03 Q1029 NOSIG,M
FAOR,2026-07-26 18:00,57.20,37.40,47.44,300.00,7.00,0.00,30.39,M,6.21,M,M,M,M,M,M,M,M,M,M,M,M,M,M,M,M,57.20,FAOR 261800Z 30007KT CAVOK 14/03 Q1029 NOSIG,M
FAOR,2026-07-26 18:30,55.40,37.40,50.63,300.00,7.00,0.00,30.39,M,6.21,M,M,M,M,M,M,M,M,M,M,M,M,M,M,M,M,55.40,FAOR 261830Z 30007KT CAVOK 13/03 Q1029 NOSIG,M
FAOR,2026-07-26 19:00,55.40,35.60,47.15,300.00,7.00,0.00,30.39,M,6.21,M,M,M,M,M,M,M,M,M,M,M,M,M,M,M,M,55.40,FAOR 261900Z 30007KT CAVOK 13/02 Q1029 NOSIG,M
FAOR,2026-07-26 19:30,55.40,37.40,50.63,300.00,6.00,0.00,30.39,M,6.21,M,M,M,M,M,M,M,M,M,M,M,M,M,M,M,M,55.40,FAOR 261930Z 30006KT CAVOK 13/03 Q1029 NOSIG,M
FAOR,2026-07-26 20:00,53.60,35.60,50.35,300.00,6.00,0.00,30.39,M,6.21,M,M,M,M,M,M,M,M,M,M,M,M,M,M,M,M,53.60,FAOR 262000Z 30006KT 240V320 CAVOK 12/02 Q1029 NOSIG,M
FAOR,2026-07-26 20:30,53.60,35.60,50.35,300.00,6.00,0.00,30.39,M,6.21,M,M,M,M,M,M,M,M,M,M,M,M,M,M,M,M,53.60,FAOR 262030Z 30006KT CAVOK 12/02 Q1029 NOSIG,M
FAOR,2026-07-26 21:00,55.40,35.60,47.15,290.00,7.00,0.00,30.39,M,6.21,M,M,M,M,M,M,M,M,M,M,M,M,M,M,M,M,55.40,FAOR 262100Z 29007KT 230V300 CAVOK 13/02 Q1029 NOSIG,M
FAOR,2026-07-26 22:00,55.40,35.60,47.15,290.00,7.00,0.00,30.36,M,6.21,M,M,M,M,M,M,M,M,M,M,M,M,M,M,M,M,55.40,FAOR 262200Z 29007KT 230V300 CAVOK 13/02 Q1028 NOSIG,M
FAOR,2026-07-26 23:00,53.60,35.60,50.35,290.00,7.00,0.00,30.36,M,6.21,M,M,M,M,M,M,M,M,M,M,M,M,M,M,M,M,53.60,FAOR 262300Z 29007KT CAVOK 12/02 Q1028 NOSIG,M
FAOR,2026-07-27 00:00,51.80,35.60,53.80,300.00,8.00,0.00,30.33,M,6.21,M,M,M,M,M,M,M,M,M,M,M,M,M,M,M,M,51.80,FAOR 270000Z 30008KT CAVOK 11/02 Q1027 NOSIG,M
FAOR,2026-07-27 01:00,50.00,33.80,53.52,300.00,8.00,0.00,30.33,M,6.21,M,M,M,M,M,M,M,M,M,M,M,M,M,M,M,M,50.00,FAOR 270100Z 30008KT CAVOK 10/01 Q1027 NOSIG,M
FAOR,2026-07-27 02:00,51.80,35.60,53.80,290.00,7.00,0.00,30.30,M,6.21,M,M,M,M,M,M,M,M,M,M,M,M,M,M,M,M,51.80,FAOR 270200Z 29007KT CAVOK 11/02 Q1026 NOSIG,M
FAOR,2026-07-27 02:30,50.00,35.60,57.51,300.00,8.00,0.00,30.30,M,6.21,M,M,M,M,M,M,M,M,M,M,M,M,M,M,M,M,50.00,FAOR 270230Z 30008KT CAVOK 10/02 Q1026 NOSIG,M
FAOR,2026-07-27 03:00,50.00,35.60,57.51,300.00,7.00,0.00,30.30,M,6.21,M,M,M,M,M,M,M,M,M,M,M,M,M,M,M,M,50.00,FAOR 270300Z 30007KT CAVOK 10/02 Q1026 NOSIG,M
FAOR,2026-07-27 03:30,48.20,35.60,61.50,290.00,6.00,0.00,30.30,M,6.21,M,M,M,M,M,M,M,M,M,M,M,M,M,M,M,M,45.04,FAOR 270330Z 29006KT CAVOK 09/02 Q1026 NOSIG,M
FAOR,2026-07-27 04:00,50.00,35.60,57.51,290.00,7.00,0.00,30.30,M,6.21,M,M,M,M,M,M,M,M,M,M,M,M,M,M,M,M,50.00,FAOR 270400Z 29007KT CAVOK 10/02 Q1026 NOSIG,M
FAOR,2026-07-27 04:30,50.00,35.60,57.51,290.00,10.00,0.00,30.30,M,6.21,M,M,M,M,M,M,M,M,M,M,M,M,M,M,M,M,50.00,FAOR 270430Z 29010KT CAVOK 10/02 Q1026 NOSIG,M
FAOR,2026-07-27 05:00,48.20,35.60,61.50,270.00,6.00,0.00,30.30,M,6.21,M,M,M,M,M,M,M,M,M,M,M,M,M,M,M,M,45.04,FAOR 270500Z 27006KT CAVOK 09/02 Q1026 NOSIG,M
FAOR,2026-07-27 05:30,50.00,37.40,61.75,260.00,5.00,0.00,30.30,M,6.21,M,M,M,M,M,M,M,M,M,M,M,M,M,M,M,M,50.00,FAOR 270530Z 26005KT 230V320 CAVOK 10/03 Q1026 NOSIG,M
FAOR,2026-07-27 06:00,50.00,37.40,61.75,260.00,4.00,0.00,30.33,M,6.21,M,M,M,M,M,M,M,M,M,M,M,M,M,M,M,M,50.00,FAOR 270600Z 26004KT 220V310 CAVOK 10/03 Q1027 NOSIG,M
FAOR,2026-07-27 06:30,51.80,39.20,61.99,250.00,7.00,0.00,30.33,M,6.21,M,M,M,M,M,M,M,M,M,M,M,M,M,M,M,M,51.80,FAOR 270630Z 25007KT CAVOK 11/04 Q1027 NOSIG,M
FAOR,2026-07-27 07:00,53.60,39.20,58.02,250.00,6.00,0.00,30.33,M,6.21,M,M,M,M,M,M,M,M,M,M,M,M,M,M,M,M,53.60,FAOR 270700Z 25006KT CAVOK 12/04 Q1027 NOSIG,M
FAOR,2026-07-27 07:30,55.40,39.20,54.33,260.00,6.00,0.00,30.33,M,6.21,M,M,M,M,M,M,M,M,M,M,M,M,M,M,M,M,55.40,FAOR 270730Z 26006KT 200V290 CAVOK 13/04 Q1027 NOSIG,M
FAOR,2026-07-27 08:00,57.20,39.20,50.91,250.00,8.00,0.00,30.33,M,6.21,M,M,M,M,M,M,M,M,M,M,M,M,M,M,M,M,57.20,FAOR 270800Z 25008KT 220V300 CAVOK 14/04 Q1027 NOSIG,M
FAOR,2026-07-27 08:30,60.80,37.40,41.71,210.00,12.00,0.00,30.33,M,6.21,M,M,M,M,M,M,M,M,M,M,M,M,M,M,M,M,60.80,FAOR 270830Z 21012KT 190V260 CAVOK 16/03 Q1027 NOSIG,M
FAOR,2026-07-27 09:00,62.60,37.40,39.14,210.00,11.00,0.00,30.33,M,6.21,M,M,M,M,M,M,M,M,M,M,M,M,M,M,M,M,62.60,FAOR 270900Z 21011KT 190V250 CAVOK 17/03 Q1027 NOSIG,M
FAOR,2026-07-27 09:30,62.60,37.40,39.14,210.00,12.00,0.00,30.30,M,6.21,M,M,M,M,M,M,M,M,M,M,M,M,M,M,M,M,62.60,FAOR 270930Z 21012KT CAVOK 17/03 Q1026 NOSIG,M
FAOR,2026-07-27 10:00,64.40,33.80,31.86,220.00,10.00,0.00,30.30,M,6.21,M,M,M,M,M,M,M,M,M,M,M,M,M,M,M,M,64.40,FAOR 271000Z 22010KT 160V250 CAVOK 18/01 Q1026 NOSIG,M
FAOR,2026-07-27 10:30,66.20,33.80,29.92,210.00,11.00,0.00,30.27,M,6.21,M,M,M,M,M,M,M,M,M,M,M,M,M,M,M,M,66.20,FAOR 271030Z 21011KT 180V250 CAVOK 19/01 Q1025 NOSIG,M
FAOR,2026-07-27 11:00,66.20,33.80,29.92,200.00,12.00,0.00,30.27,M,6.21,M,M,M,M,M,M,M,M,M,M,M,M,M,M,M,M,66.20,FAOR 271100Z 20012KT CAVOK 19/01 Q1025 NOSIG,M
FAOR,2026-07-27 11:30,66.20,35.60,32.15,190.00,11.00,0.00,30.24,M,6.21,M,M,M,M,M,M,M,M,M,M,M,M,M,M,M,M,66.20,FAOR 271130Z 19011KT 160V220 CAVOK 19/02 Q1024 NOSIG,M
FAOR,2026-07-27 12:00,66.20,35.60,32.15,210.00,9.00,0.00,30.24,M,6.21,M,M,M,M,M,M,M,M,M,M,M,M,M,M,M,M,66.20,FAOR 271200Z 21009KT 170V250 CAVOK 19/02 Q1024 NOSIG,M
FAOR,2026-07-27 12:30,66.20,33.80,29.92,220.00,9.00,0.00,30.24,M,6.21,M,M,M,M,M,M,M,M,M,M,M,M,M,M,M,M,66.20,FAOR 271230Z 22009KT 180V260 CAVOK 19/01 Q1024 NOSIG,M
FAOR,2026-07-27 13:00,66.20,32.00,27.84,210.00,10.00,0.00,30.21,M,6.21,M,M,M,M,M,M,M,M,M,M,M,M,M,M,M,M,66.20,FAOR 271300Z 21010KT 170V250 CAVOK 19/00 Q1023 NOSIG,M
FAOR,2026-07-27 13:30,66.20,32.00,27.84,200.00,10.00,0.00,30.21,M,6.21,M,M,M,M,M,M,M,M,M,M,M,M,M,M,M,M,66.20,FAOR 271330Z 20010KT CAVOK 19/M00 Q1023 NOSIG,M
FAOR,2026-07-27 14:00,66.20,32.00,27.84,200.00,12.00,0.00,30.21,M,6.21,M,M,M,M,M,M,M,M,M,M,M,M,M,M,M,M,66.20,FAOR 271400Z 20012KT 180V240 CAVOK 19/M00 Q1023 NOSIG,M
FAOR,2026-07-27 14:30,64.40,32.00,29.63,210.00,10.00,0.00,30.21,M,6.21,M,M,M,M,M,M,M,M,M,M,M,M,M,M,M,M,64.40,FAOR 271430Z 21010KT CAVOK 18/M00 Q1023 NOSIG,M
FAOR,2026-07-27 15:00,64.40,30.20,27.55,200.00,9.00,0.00,30.24,M,6.21,M,M,M,M,M,M,M,M,M,M,M,M,M,M,M,M,64.40,FAOR 271500Z 20009KT CAVOK 18/M01 Q1024 NOSIG,M
FAOR,2026-07-27 15:30,62.60,32.00,31.56,210.00,9.00,0.00,30.24,M,6.21,M,M,M,M,M,M,M,M,M,M,M,M,M,M,M,M,62.60,FAOR 271530Z 21009KT CAVOK 17/M00 Q1024 NOSIG,M
FAOR,2026-07-27 16:00,59.00,32.00,35.86,210.00,5.00,0.00,30.24,M,6.21,M,M,M,M,M,M,M,M,M,M,M,M,M,M,M,M,59.00,FAOR 271600Z 21005KT CAVOK 15/M00 Q1024 NOSIG,M
FAOR,2026-07-27 16:30,59.00,30.20,33.34,220.00,4.00,0.00,30.24,M,6.21,M,M,M,M,M,M,M,M,M,M,M,M,M,M,M,M,59.00,FAOR 271630Z 22004KT CAVOK 15/M01 Q1024 NOSIG,M
FAOR,2026-07-27 17:00,55.40,30.20,37.96,220.00,4.00,0.00,30.24,M,6.21,M,M,M,M,M,M,M,M,M,M,M,M,M,M,M,M,55.40,FAOR 271700Z 22004KT CAVOK 13/M01 Q1024 NOSIG,M
FAOR,2026-07-27 17:30,55.40,30.20,37.96,230.00,4.00,0.00,30.27,M,6.21,M,M,M,M,M,M,M,M,M,M,M,M,M,M,M,M,55.40,FAOR 271730Z 23004KT CAVOK 13/M01 Q1025 NOSIG,M
FAOR,2026-07-27 18:00,57.20,32.00,38.25,230.00,5.00,0.00,30.27,M,6.21,M,M,M,M,M,M,M,M,M,M,M,M,M,M,M,M,57.20,FAOR 271800Z 23005KT CAVOK 14/M00 Q1025 NOSIG,M
FAOR,2026-07-27 18:30,59.00,30.20,33.34,230.00,5.00,0.00,30.27,M,6.21,M,M,M,M,M,M,M,M,M,M,M,M,M,M,M,M,59.00,FAOR 271830Z 23005KT CAVOK 15/M01 Q1025 NOSIG,M
FAOR,2026-07-27 19:00,57.20,30.20,35.56,230.00,6.00,0.00,30.27,M,6.21,M,M,M,M,M,M,M,M,M,M,M,M,M,M,M,M,57.20,FAOR 271900Z 23006KT CAVOK 14/M01 Q1025 NOSIG,M
FAOR,2026-07-27 19:30,57.20,30.20,35.56,230.00,6.00,0.00,30.27,M,6.21,M,M,M,M,M,M,M,M,M,M,M,M,M,M,M,M,57.20,FAOR 271930Z 23006KT CAVOK 14/M01 Q1025 NOSIG,M
FAOR,2026-07-27 20:00,53.60,28.40,37.66,210.00,6.00,0.00,30.27,M,6.21,M,M,M,M,M,M,M,M,M,M,M,M,M,M,M,M,53.60,FAOR 272000Z 21006KT CAVOK 12/M02 Q1025 NOSIG,M
FAOR,2026-07-27 20:30,53.60,30.20,40.53,220.00,5.00,0.00,30.27,M,6.21,M,M,M,M,M,M,M,M,M,M,M,M,M,M,M,M,53.60,FAOR 272030Z 22005KT CAVOK 12/M01 Q1025 NOSIG,M
FAOR,2026-07-27 21:00,53.60,30.20,40.53,220.00,6.00,0.00,30.27,M,6.21,M,M,M,M,M,M,M,M,M,M,M,M,M,M,M,M,53.60,FAOR 272100Z 22006KT CAVOK 12/M01 Q1025 NOSIG,M
FAOR,2026-07-27 22:00,50.00,28.40,43.01,200.00,6.00,0.00,30.27,M,6.21,M,M,M,M,M,M,M,M,M,M,M,M,M,M,M,M,50.00,FAOR 272200Z 20006KT CAVOK 10/M02 Q1025 NOSIG,M
FAOR,2026-07-27 23:00,48.20,28.40,46.00,160.00,6.00,0.00,30.27,M,6.21,M,M,M,M,M,M,M,M,M,M,M,M,M,M,M,M,45.04,FAOR 272300Z 16006KT CAVOK 09/M02 Q1025 NOSIG,M
FAOR,2026-07-28 00:00,46.40,30.20,52.98,120.00,4.00,0.00,30.27,M,6.21,M,M,M,M,M,M,M,M,M,M,M,M,M,M,M,M,44.24,FAOR 280000Z 12004KT CAVOK 08/M01 Q1025 NOSIG,M
FAOR,2026-07-28 01:00,44.60,33.80,65.59,90.00,2.00,0.00,30.24,M,6.21,M,M,M,M,M,M,M,M,M,M,M,M,M,M,M,M,44.60,FAOR 280100Z COR 09002KT CAVOK 07/01 Q1024 NOSIG,M
FAOR,2026-07-28 02:00,42.80,33.80,70.27,100.00,5.00,0.00,30.24,M,6.21,M,M,M,M,M,M,M,M,M,M,M,M,M,M,M,M,39.22,FAOR 280200Z 10005KT CAVOK 06/01 Q1024 NOSIG,M
FAOR,2026-07-28 02:30,44.60,33.80,65.59,130.00,6.00,0.00,30.24,M,6.21,M,M,M,M,M,M,M,M,M,M,M,M,M,M,M,M,40.71,FAOR 280230Z 13006KT CAVOK 07/01 Q1024 NOSIG,M
FAOR,2026-07-28 03:00,42.80,33.80,70.27,130.00,5.00,0.00,30.24,M,6.21,M,M,M,M,M,M,M,M,M,M,M,M,M,M,M,M,39.22,FAOR 280300Z 13005KT CAVOK 06/01 Q1024 NOSIG,M
FAOR,2026-07-28 03:30,41.00,33.80,75.32,150.00,5.00,0.00,30.27,M,6.21,M,M,M,M,M,M,M,M,M,M,M,M,M,M,M,M,37.08,FAOR 280330Z 15005KT CAVOK 05/01 Q1025 NOSIG,M
FAOR,2026-07-28 04:00,44.60,35.60,70.47,140.00,7.00,0.00,30.27,M,6.21,M,M,M,M,M,M,M,M,M,M,M,M,M,M,M,M,40.14,FAOR 280400Z 14007KT CAVOK 07/02 Q1025 NOSIG,M
FAOR,2026-07-28 04:30,41.00,33.80,75.32,150.00,7.00,0.00,30.27,M,6.21,M,M,M,M,M,M,M,M,M,M,M,M,M,M,M,M,35.75,FAOR 280430Z 15007KT CAVOK 05/01 Q1025 NOSIG,M
FAOR,2026-07-28 05:00,42.80,33.80,70.27,150.00,9.00,0.00,30.30,M,6.21,M,M,M,M,M,M,M,M,M,M,M,M,M,M,M,M,36.94,FAOR 280500Z 15009KT CAVOK 06/01 Q1026 NOSIG,M
FAOR,2026-07-28 05:30,44.60,33.80,65.59,150.00,9.00,0.00,30.30,M,6.21,M,M,M,M,M,M,M,M,M,M,M,M,M,M,M,M,39.18,FAOR 280530Z 15009KT CAVOK 07/01 Q1026 NOSIG,M
FAOR,2026-07-28 06:00,46.40,32.00,56.99,140.00,8.00,0.00,30.30,M,6.21,M,M,M,M,M,M,M,M,M,M,M,M,M,M,M,M,41.85,FAOR 280600Z 14008KT 110V190 CAVOK 08/M00 Q1026 NOSIG,M
FAOR,2026-07-28 06:30,48.20,30.20,49.51,130.00,8.00,0.00,30.33,M,6.21,M,M,M,M,M,M,M,M,M,M,M,M,M,M,M,M,44.07,FAOR 280630Z 13008KT CAVOK 09/M01 Q1027 NOSIG,M
FAOR,2026-07-28 07:00,51.80,30.20,43.30,130.00,9.00,0.00,30.33,M,6.21,M,M,M,M,M,M,M,M,M,M,M,M,M,M,M,M,51.80,FAOR 280700Z 13009KT CAVOK 11/M01 Q1027 NOSIG,M
FAOR,2026-07-28 07:30,53.60,28.40,37.66,120.00,11.00,0.00,30.33,M,6.21,M,M,M,M,M,M,M,M,M,M,M,M,M,M,M,M,53.60,FAOR 280730Z 12011KT CAVOK 12/M02 Q1027 NOSIG,M
FAOR,2026-07-28 08:00,55.40,28.40,35.27,110.00,11.00,0.00,30.33,M,6.21,M,M,M,M,M,M,M,M,M,M,M,M,M,M,M,M,55.40,FAOR 280800Z 11011KT CAVOK 13/M02 Q1027 NOSIG,M
FAOR,2026-07-28 08:30,55.40,28.40,35.27,110.00,11.00,0.00,30.33,M,6.21,M,M,M,M,M,M,M,M,M,M,M,M,M,M,M,M,55.40,FAOR 280830Z 11011KT CAVOK 13/M02 Q1027 NOSIG,M
FAOR,2026-07-28 09:00,59.00,26.60,28.76,110.00,10.00,0.00,30.33,M,6.21,M,M,M,M,M,M,M,M,M,M,M,M,M,M,M,M,59.00,FAOR 280900Z 11010KT CAVOK 15/M03 Q1027 NOSIG,M
FAOR,2026-07-28 09:30,60.80,24.80,25.03,120.00,10.00,0.00,30.33,M,6.21,M,M,M,M,M,M,M,M,M,M,M,M,M,M,M,M,60.80,FAOR 280930Z 12010KT CAVOK 16/M04 Q1027 NOSIG,M
FAOR,2026-07-28 10:00,62.60,21.20,20.19,100.00,10.00,0.00,30.30,M,6.21,M,M,M,M,M,M,M,M,M,M,M,M,M,M,M,M,62.60,FAOR 281000Z 10010KT CAVOK 17/M06 Q1026 NOSIG,M
FAOR,2026-07-28 10:30,64.40,23.00,20.45,80.00,10.00,0.00,30.30,M,6.21,M,M,M,M,M,M,M,M,M,M,M,M,M,M,M,M,64.40,FAOR 281030Z 08010KT 050V110 CAVOK 18/M05 Q1026 NOSIG,M
FAOR,2026-07-28 11:00,66.20,23.00,19.21,60.00,10.00,0.00,30.30,M,6.21,M,M,M,M,M,M,M,M,M,M,M,M,M,M,M,M,66.20,FAOR 281100Z 06010KT 030V110 CAVOK 19/M05 Q1026 NOSIG,M
FAOR,2026-07-28 11:30,66.20,21.20,17.81,60.00,9.00,0.00,30.27,M,6.21,M,M,M,M,M,M,M,M,M,M,M,M,M,M,M,M,66.20,FAOR 281130Z 06009KT CAVOK 19/M06 Q1025 NOSIG,M
FAOR,2026-07-28 12:00,66.20,19.40,16.49,70.00,7.00,0.00,30.27,M,6.21,M,M,M,M,M,M,M,M,M,M,M,M,M,M,M,M,66.20,FAOR 281200Z 07007KT 020V140 CAVOK 19/M07 Q1025 NOSIG,M
FAOR,2026-07-28 12:30,66.20,19.40,16.49,70.00,7.00,0.00,30.27,M,6.21,M,M,M,M,M,M,M,M,M,M,M,M,M,M,M,M,66.20,FAOR 281230Z 07007KT 010V110 CAVOK 19/M07 Q1025 NOSIG,M
FAOR,2026-07-28 13:00,66.20,19.40,16.49,90.00,7.00,0.00,30.27,M,6.21,M,M,M,M,M,M,M,M,M,M,M,M,M,M,M,M,66.20,FAOR 281300Z 09007KT 040V130 CAVOK 19/M07 Q1025 NOSIG,M
FAOR,2026-07-28 13:30,66.20,19.40,16.49,120.00,5.00,0.00,30.27,M,6.21,M,M,M,M,M,M,M,M,M,M,M,M,M,M,M,M,66.20,FAOR 281330Z 12005KT 050V190 CAVOK 19/M07 Q1025 NOSIG,M
FAOR,2026-07-28 14:00,66.20,19.40,16.49,110.00,5.00,0.00,30.27,M,6.21,M,M,M,M,M,M,M,M,M,M,M,M,M,M,M,M,66.20,FAOR 281400Z 11005KT 060V180 CAVOK 19/M07 Q1025 NOSIG,M
FAOR,2026-07-28 14:30,66.20,17.60,15.26,120.00,7.00,0.00,30.27,M,6.21,M,M,M,M,M,M,M,M,M,M,M,M,M,M,M,M,66.20,FAOR 281430Z 12007KT CAVOK 19/M08 Q1025 NOSIG,M
FAOR,2026-07-28 15:00,62.60,19.40,18.70,100.00,5.00,0.00,30.27,M,6.21,M,M,M,M,M,M,M,M,M,M,M,M,M,M,M,M,62.60,FAOR 281500Z 10005KT 060V120 CAVOK 17/M07 Q1025 NOSIG,M
FAOR,2026-07-28 15:30,60.80,17.60,18.44,80.00,4.00,0.00,30.27,M,6.21,M,M,M,M,M,M,M,M,M,M,M,M,M,M,M,M,60.80,FAOR 281530Z 08004KT CAVOK 16/M08 Q1025 NOSIG,M
FAOR,2026-07-28 16:00,59.00,19.40,21.25,90.00,4.00,0.00,30.27,M,6.21,M,M,M,M,M,M,M,M,M,M,M,M,M,M,M,M,59.00,FAOR 281600Z 09004KT 030V100 CAVOK 15/M07 Q1025 NOSIG,M
FAOR,2026-07-28 16:30,57.20,21.20,24.47,90.00,4.00,0.00,30.30,M,6.21,M,M,M,M,M,M,M,M,M,M,M,M,M,M,M,M,57.20,FAOR 281630Z 09004KT 040V110 CAVOK 14/M06 Q1026 NOSIG,M
FAOR,2026-07-28 17:00,55.40,21.20,26.12,M,2.00,0.00,30.30,M,6.21,M,M,M,M,M,M,M,M,M,M,M,M,M,M,M,M,55.40,FAOR 281700Z VRB02KT CAVOK 13/M06 Q1026 NOSIG,M
FAOR,2026-07-28 17:30,57.20,21.20,24.47,50.00,5.00,0.00,30.30,M,6.21,M,M,M,M,M,M,M,M,M,M,M,M,M,M,M,M,57.20,FAOR 281730Z 05005KT CAVOK 14/M06 Q1026 NOSIG,M
FAOR,2026-07-28 18:00,57.20,21.20,24.47,50.00,4.00,0.00,30.33,M,6.21,M,M,M,M,M,M,M,M,M,M,M,M,M,M,M,M,57.20,FAOR 281800Z 05004KT CAVOK 14/M06 Q1027 NOSIG,M
FAOR,2026-07-28 18:30,51.80,28.40,40.23,100.00,8.00,0.00,30.33,M,6.21,M,M,M,M,M,M,M,M,M,M,M,M,M,M,M,M,51.80,FAOR 281830Z 10008KT CAVOK 11/M02 Q1027 NOSIG,M
FAOR,2026-07-28 19:00,51.80,32.00,46.58,80.00,10.00,0.00,30.33,M,6.21,M,M,M,M,M,M,M,M,M,M,M,M,M,M,M,M,51.80,FAOR 281900Z 08010KT CAVOK 11/00 Q1027 NOSIG,M
FAOR,2026-07-28 19:30,50.00,35.60,57.51,70.00,10.00,0.00,30.36,M,6.21,M,M,M,M,M,M,M,M,M,M,M,M,M,M,M,M,50.00,FAOR 281930Z 07010KT CAVOK 10/02 Q1028 NOSIG,M
FAOR,2026-07-28 20:00,50.00,39.20,66.26,70.00,11.00,0.00,30.36,M,6.21,M,M,M,M,M,M,M,M,M,M,M,M,M,M,M,M,50.00,FAOR 282000Z 07011KT CAVOK 10/04 Q1028 NOSIG,M
FAOR,2026-07-28 20:30,48.20,39.20,70.87,70.00,11.00,0.00,30.36,M,6.21,M,M,M,M,M,M,M,M,M,M,M,M,M,M,M,M,42.94,FAOR 282030Z 07011KT CAVOK 09/04 Q1028 NOSIG,M
FAOR,2026-07-28 21:00,48.20,39.20,70.87,70.00,9.00,0.00,30.36,M,6.21,M,M,M,M,M,M,M,M,M,M,M,M,M,M,M,M,43.66,FAOR 282100Z 07009KT CAVOK 09/04 Q1028 NOSIG,M
FAOR,2026-07-28 22:00,46.40,39.20,75.84,70.00,7.00,0.00,30.36,M,6.21,M,M,M,M,M,M,M,M,M,M,M,M,M,M,M,M,42.33,FAOR 282200Z 07007KT CAVOK 08/04 Q1028 NOSIG,M
FAOR,2026-07-28 23:00,44.60,39.20,81.20,70.00,9.00,0.00,30.36,M,6.21,M,M,M,M,M,M,M,M,M,M,M,M,M,M,M,M,39.18,FAOR 282300Z 07009KT CAVOK 07/04 Q1028 NOSIG,M
FAOR,2026-07-29 00:00,44.60,39.20,81.20,60.00,9.00,0.00,30.36,M,6.21,M,M,M,M,M,M,M,M,M,M,M,M,M,M,M,M,39.18,FAOR 290000Z 06009KT CAVOK 07/04 Q1028 NOSIG,M
FAOR,2026-07-29 02:00,42.80,37.40,81.06,40.00,7.00,0.00,30.36,M,6.21,M,M,M,M,M,M,M,M,M,M,M,M,M,M,M,M,37.94,FAOR 290200Z 04007KT CAVOK 06/03 Q1028 NOSIG,M
FAOR,2026-07-29 02:30,42.80,37.40,81.06,60.00,6.00,0.00,30.36,M,6.21,M,M,M,M,M,M,M,M,M,M,M,M,M,M,M,M,38.54,FAOR 290230Z 06006KT CAVOK 06/03 Q1028 NOSIG,M
FAOR,2026-07-29 03:00,41.00,37.40,86.89,70.00,5.00,0.00,30.36,M,6.21,M,M,M,M,M,M,M,M,M,M,M,M,M,M,M,M,37.08,FAOR 290300Z 07005KT CAVOK 05/03 Q1028 NOSIG,M
FAOR,2026-07-29 03:30,41.00,39.20,93.24,40.00,3.00,0.00,30.36,M,6.21,M,M,M,M,M,M,M,M,M,M,M,M,M,M,M,M,38.98,FAOR 290330Z 04003KT CAVOK 05/04 Q1028 NOSIG,M
FAOR,2026-07-29 04:00,41.00,37.40,86.89,50.00,6.00,0.00,30.36,M,6.21,M,M,M,M,M,M,M,M,M,M,M,M,M,M,M,M,36.37,FAOR 290400Z 05006KT CAVOK 05/03 Q1028 NOSIG,M
FAOR,2026-07-29 04:30,41.00,39.20,93.24,40.00,3.00,0.00,30.39,M,5.59,M,NSC,M,M,M,M,M,M,M,M,M,M,M,M,M,M,38.98,FAOR 290430Z 04003KT 010V070 9000 NSC 05/04 Q1029 NOSIG,M
FAOR,2026-07-29 05:00,41.00,39.20,93.24,40.00,4.00,0.00,30.39,M,4.97,M,NSC,M,M,M,M,M,M,M,M,M,M,M,M,M,M,37.93,FAOR 290500Z 04004KT 8000 NSC 05/04 Q1029 NOSIG,M
FAOR,2026-07-29 05:30,39.20,37.40,93.19,60.00,5.00,0.00,30.39,M,4.35,M,NSC,M,M,M,M,M,M,M,M,M,M,M,M,M,M,34.95,FAOR 290530Z 06005KT 010V070 7000 NSC 04/03 Q1029 NOSIG,M
FAOR,2026-07-29 06:00,42.80,39.20,86.99,50.00,7.00,0.00,30.39,M,4.35,M,NSC,M,M,M,M,M,M,M,M,M,M,M,M,M,M,37.94,FAOR 290600Z 05007KT 7000 NSC 06/04 Q1029 NOSIG,M
FAOR,2026-07-29 06:30,44.60,41.00,87.08,30.00,8.00,0.00,30.39,M,6.21,M,M,M,M,M,M,M,M,M,M,M,M,M,M,M,M,39.63,FAOR 290630Z 03008KT CAVOK 07/05 Q1029 NOSIG,M
FAOR,2026-07-29 07:00,48.20,42.80,81.47,20.00,9.00,0.00,30.39,M,6.21,M,M,M,M,M,M,M,M,M,M,M,M,M,M,M,M,43.66,FAOR 290700Z 02009KT CAVOK 09/06 Q1029 NOSIG,M
FAOR,2026-07-29 07:30,51.80,42.80,71.26,10.00,11.00,0.00,30.42,M,6.21,M,M,M,M,M,M,M,M,M,M,M,M,M,M,M,M,51.80,FAOR 290730Z 01011KT CAVOK 11/06 Q1030 NOSIG,M
FAOR,2026-07-29 08:00,53.60,42.80,66.70,10.00,12.00,0.00,30.39,M,6.21,M,M,M,M,M,M,M,M,M,M,M,M,M,M,M,M,53.60,FAOR 290800Z 01012KT CAVOK 12/06 Q1029 NOSIG,M
FAOR,2026-07-29 08:30,55.40,42.80,62.46,20.00,12.00,0.00,30.39,M,6.21,M,M,M,M,M,M,M,M,M,M,M,M,M,M,M,M,55.40,FAOR 290830Z 02012KT CAVOK 13/06 Q1029 NOSIG,M
FAOR,2026-07-29 09:00,57.20,42.80,58.52,350.00,13.00,0.00,30.39,M,6.21,M,M,M,M,M,M,M,M,M,M,M,M,M,M,M,M,57.20,FAOR 290900Z 35013KT CAVOK 14/06 Q1029 NOSIG,M
FAOR,2026-07-29 09:30,59.00,42.80,54.86,350.00,12.00,0.00,30.36,M,6.21,M,M,M,M,M,M,M,M,M,M,M,M,M,M,M,M,59.00,FAOR 290930Z 35012KT CAVOK 15/06 Q1028 NOSIG,M
FAOR,2026-07-29 10:00,59.00,41.00,51.18,360.00,14.00,0.00,30.36,M,6.21,M,M,M,M,M,M,M,M,M,M,M,M,M,M,M,M,59.00,FAOR 291000Z 36014KT 320V020 CAVOK 15/05 Q1028 NOSIG,M
FAOR,2026-07-29 10:30,59.00,41.00,51.18,340.00,10.00,0.00,30.33,M,6.21,M,M,M,M,M,M,M,M,M,M,M,M,M,M,M,M,59.00,FAOR 291030Z 34010KT 260V040 CAVOK 15/05 Q1027 NOSIG,M
FAOR,2026-07-29 11:00,60.80,41.00,48.01,340.00,13.00,0.00,30.33,M,6.21,M,M,M,M,M,M,M,M,M,M,M,M,M,M,M,M,60.80,FAOR 291100Z 34013KT 310V010 CAVOK 16/05 Q1027 NOSIG,M
FAOR,2026-07-29 11:30,60.80,42.80,51.46,330.00,13.00,0.00,30.30,M,6.21,M,M,M,M,M,M,M,M,M,M,M,M,M,M,M,M,60.80,FAOR 291130Z 33013KT 290V360 CAVOK 16/06 Q1026 NOSIG,M
FAOR,2026-07-29 12:00,62.60,41.00,45.05,320.00,12.00,0.00,30.30,M,6.21,M,M,M,M,M,M,M,M,M,M,M,M,M,M,M,M,62.60,FAOR 291200Z 32012KT 300V360 CAVOK 17/05 Q1026 NOSIG,M
FAOR,2026-07-29 12:30,62.60,41.00,45.05,340.00,13.00,0.00,30.30,M,6.21,M,M,M,M,M,M,M,M,M,M,M,M,M,M,M,M,62.60,FAOR 291230Z 34013KT 310V020 CAVOK 17/05 Q1026 NOSIG,M
FAOR,2026-07-29 13:00,62.60,41.00,45.05,310.00,11.00,0.00,30.27,M,6.21,M,M,M,M,M,M,M,M,M,M,M,M,M,M,M,M,62.60,FAOR 291300Z 31011KT 270V360 CAVOK 17/05 Q1025 NOSIG,M
FAOR,2026-07-29 13:30,62.60,41.00,45.05,330.00,12.00,0.00,30.27,M,6.21,M,M,M,M,M,M,M,M,M,M,M,M,M,M,M,M,62.60,FAOR 291330Z 33012KT 280V010 CAVOK 17/05 Q1025 NOSIG,M
FAOR,2026-07-29 14:00,60.80,41.00,48.01,320.00,12.00,0.00,30.27,M,6.21,M,M,M,M,M,M,M,M,M,M,M,M,M,M,M,M,60.80,FAOR 291400Z 32012KT 290V350 CAVOK 16/05 Q1025 NOSIG,M
FAOR,2026-07-29 14:30,60.80,41.00,48.01,340.00,11.00,0.00,30.27,M,6.21,M,M,M,M,M,M,M,M,M,M,M,M,M,M,M,M,60.80,FAOR 291430Z 34011KT 300V360 CAVOK 16/05 Q1025 NOSIG,M
FAOR,2026-07-29 15:00,60.80,41.00,48.01,310.00,11.00,0.00,30.27,M,6.21,M,M,M,M,M,M,M,M,M,M,M,M,M,M,M,M,60.80,FAOR 291500Z 31011KT 280V340 CAVOK 16/05 Q1025 NOSIG,M
FAOR,2026-07-29 15:30,59.00,41.00,51.18,300.00,11.00,0.00,30.27,M,6.21,M,M,M,M,M,M,M,M,M,M,M,M,M,M,M,M,59.00,FAOR 291530Z 30011KT CAVOK 15/05 Q1025 NOSIG,M
FAOR,2026-07-29 16:00,59.00,39.20,47.72,300.00,11.00,0.00,30.27,M,6.21,M,M,M,M,M,M,M,M,M,M,M,M,M,M,M,M,59.00,FAOR 291600Z 30011KT CAVOK 15/04 Q1025 NOSIG,M
FAOR,2026-07-29 16:30,57.20,39.20,50.91,300.00,9.00,0.00,30.30,M,6.21,M,M,M,M,M,M,M,M,M,M,M,M,M,M,M,M,57.20,FAOR 291630Z 30009KT CAVOK 14/04 Q1026 NOSIG,M
FAOR,2026-07-29 17:00,57.20,39.20,50.91,320.00,10.00,0.00,30.30,M,6.21,M,M,M,M,M,M,M,M,M,M,M,M,M,M,M,M,57.20,FAOR 291700Z 32010KT CAVOK 14/04 Q1026 NOSIG,M
FAOR,2026-07-29 17:30,57.20,39.20,50.91,320.00,9.00,0.00,30.30,M,6.21,M,M,M,M,M,M,M,M,M,M,M,M,M,M,M,M,57.20,FAOR 291730Z 32009KT 280V340 CAVOK 14/04 Q1026 NOSIG,M
FAOR,2026-07-29 18:00,57.20,39.20,50.91,320.00,9.00,0.00,30.30,M,6.21,M,M,M,M,M,M,M,M,M,M,M,M,M,M,M,M,57.20,FAOR 291800Z 32009KT CAVOK 14/04 Q1026 NOSIG,M
FAOR,2026-07-29 18:30,55.40,39.20,54.33,320.00,7.00,0.00,30.30,M,6.21,M,M,M,M,M,M,M,M,M,M,M,M,M,M,M,M,55.40,FAOR 291830Z 32007KT CAVOK 13/04 Q1026 NOSIG,M
FAOR,2026-07-29 19:00,57.20,39.20,50.91,310.00,7.00,0.00,30.30,M,6.21,M,M,M,M,M,M,M,M,M,M,M,M,M,M,M,M,57.20,FAOR 291900Z 31007KT 220V350 CAVOK 14/04 Q1026 NOSIG,M
FAOR,2026-07-29 19:30,57.20,41.00,54.60,310.00,9.00,0.00,30.30,M,6.21,M,M,M,M,M,M,M,M,M,M,M,M,M,M,M,M,57.20,FAOR 291930Z 31009KT 220V340 CAVOK 14/05 Q1026 NOSIG,M
FAOR,2026-07-29 20:00,55.40,39.20,54.33,300.00,8.00,0.00,30.30,M,6.21,M,M,M,M,M,M,M,M,M,M,M,M,M,M,M,M,55.40,FAOR 292000Z 30008KT CAVOK 13/04 Q1026 NOSIG,M
FAOR,2026-07-29 20:30,55.40,39.20,54.33,310.00,9.00,0.00,30.30,M,6.21,M,M,M,M,M,M,M,M,M,M,M,M,M,M,M,M,55.40,FAOR 292030Z 31009KT CAVOK 13/04 Q1026 NOSIG,M
FAOR,2026-07-29 21:00,55.40,41.00,58.27,310.00,8.00,0.00,30.30,M,6.21,M,M,M,M,M,M,M,M,M,M,M,M,M,M,M,M,55.40,COR FAOR 292100Z 31008KT CAVOK 13/05 Q1026 NOSIG,M
FAOR,2026-07-29 22:00,55.40,39.20,54.33,310.00,8.00,0.00,30.30,M,6.21,M,M,M,M,M,M,M,M,M,M,M,M,M,M,M,M,55.40,COR FAOR 292200Z 31008KT CAVOK 13/04 Q1026 NOSIG,M
FAOR,2026-07-29 23:00,53.60,39.20,58.02,310.00,8.00,0.00,30.27,M,6.21,M,M,M,M,M,M,M,M,M,M,M,M,M,M,M,M,53.60,FAOR 292300Z 31008KT CAVOK 12/04 Q1025 NOSIG,M
FAOR,2026-07-30 00:00,53.60,39.20,58.02,310.00,7.00,0.00,30.27,M,6.21,M,M,M,M,M,M,M,M,M,M,M,M,M,M,M,M,53.60,COR FAOR 300000Z 31007KT CAVOK 12/04 Q1025 NOSIG,M
FAOR,2026-07-30 01:00,51.80,39.20,61.99,310.00,8.00,0.00,30.27,M,6.21,M,M,M,M,M,M,M,M,M,M,M,M,M,M,M,M,51.80,FAOR 300100Z 31008KT CAVOK 11/04 Q1025 NOSIG,M
FAOR,2026-07-30 02:00,51.80,39.20,61.99,300.00,7.00,0.00,30.27,M,6.21,M,M,M,M,M,M,M,M,M,M,M,M,M,M,M,M,51.80,FAOR 300200Z 30007KT CAVOK 11/04 Q1025 NOSIG,M
FAOR,2026-07-30 02:30,50.00,39.20,66.26,310.00,7.00,0.00,30.27,M,6.21,M,M,M,M,M,M,M,M,M,M,M,M,M,M,M,M,50.00,FAOR 300230Z 31007KT CAVOK 10/04 Q1025 NOSIG,M
FAOR,2026-07-30 03:00,50.00,39.20,66.26,310.00,7.00,0.00,30.27,M,6.21,M,M,M,M,M,M,M,M,M,M,M,M,M,M,M,M,50.00,FAOR 300300Z 31007KT CAVOK 10/04 Q1025 NOSIG,M
FAOR,2026-07-30 03:30,50.00,39.20,66.26,300.00,7.00,0.00,30.27,M,6.21,M,M,M,M,M,M,M,M,M,M,M,M,M,M,M,M,50.00,FAOR 300330Z 30007KT CAVOK 10/04 Q1025 NOSIG,M
FAOR,2026-07-30 04:00,50.00,39.20,66.26,300.00,6.00,0.00,30.27,M,6.21,M,M,M,M,M,M,M,M,M,M,M,M,M,M,M,M,50.00,FAOR 300400Z 30006KT CAVOK 10/04 Q1025 NOSIG,M
FAOR,2026-07-30 04:30,50.00,41.00,71.06,300.00,8.00,0.00,30.27,M,6.21,M,M,M,M,M,M,M,M,M,M,M,M,M,M,M,M,50.00,FAOR 300430Z 30008KT CAVOK 10/05 Q1025 NOSIG,M
FAOR,2026-07-30 05:00,50.00,41.00,71.06,300.00,8.00,0.00,30.30,M,6.21,M,M,M,M,M,M,M,M,M,M,M,M,M,M,M,M,50.00,FAOR 300500Z 30008KT CAVOK 10/05 Q1026 NOSIG,M
FAOR,2026-07-30 05:30,50.00,41.00,71.06,310.00,6.00,0.00,30.30,M,6.21,M,M,M,M,M,M,M,M,M,M,M,M,M,M,M,M,50.00,FAOR 300530Z 31006KT CAVOK 10/05 Q1026 NOSIG,M
FAOR,2026-07-30 06:00,51.80,41.00,66.48,290.00,8.00,0.00,30.30,M,6.21,M,M,M,M,M,M,M,M,M,M,M,M,M,M,M,M,51.80,FAOR 300600Z 29008KT CAVOK 11/05 Q1026 NOSIG,M
FAOR,2026-07-30 06:30,53.60,41.00,62.22,290.00,9.00,0.00,30.30,M,6.21,M,M,M,M,M,M,M,M,M,M,M,M,M,M,M,M,53.60,FAOR 300630Z 29009KT CAVOK 12/05 Q1026 NOSIG,M
FAOR,2026-07-30 07:00,53.60,41.00,62.22,290.00,12.00,0.00,30.33,M,6.21,M,M,M,M,M,M,M,M,M,M,M,M,M,M,M,M,53.60,FAOR 300700Z 29012KT CAVOK 12/05 Q1027 NOSIG,M
FAOR,2026-07-30 07:30,55.40,41.00,58.27,290.00,12.00,0.00,30.33,M,6.21,M,M,M,M,M,M,M,M,M,M,M,M,M,M,M,M,55.40,FAOR 300730Z 29012KT CAVOK 13/05 Q1027 NOSIG,M
FAOR,2026-07-30 08:00,57.20,41.00,54.60,290.00,11.00,0.00,30.33,M,6.21,M,M,M,M,M,M,M,M,M,M,M,M,M,M,M,M,57.20,FAOR 300800Z 29011KT CAVOK 14/05 Q1027 NOSIG,M
FAOR,2026-07-30 08:30,59.00,39.20,47.72,290.00,13.00,0.00,30.33,M,6.21,M,M,M,M,M,M,M,M,M,M,M,M,M,M,M,M,59.00,FAOR 300830Z 29013KT 240V310 CAVOK 15/04 Q1027 NOSIG,M
FAOR,2026-07-30 09:00,60.80,39.20,44.76,290.00,13.00,0.00,30.30,M,6.21,M,M,M,M,M,M,M,M,M,M,M,M,M,M,M,M,60.80,FAOR 300900Z 29013KT 250V310 CAVOK 16/04 Q1026 NOSIG,M
FAOR,2026-07-30 09:30,62.60,35.60,36.45,280.00,14.00,0.00,30.30,M,6.21,M,M,M,M,M,M,M,M,M,M,M,M,M,M,M,M,62.60,FAOR 300930Z 28014KT 240V310 CAVOK 17/02 Q1026 NOSIG,M
FAOR,2026-07-30 10:00,62.60,35.60,36.45,290.00,15.00,0.00,30.30,M,6.21,M,M,M,M,M,M,M,M,M,M,M,M,M,M,M,M,62.60,FAOR 301000Z 29015KT CAVOK 17/02 Q1026 NOSIG,M
FAOR,2026-07-30 10:30,66.20,35.60,32.15,270.00,9.00,0.00,30.27,M,6.21,M,FEW,M,M,M,4500.00,M,M,M,M,M,M,M,M,M,M,66.20,FAOR 301030Z 27009KT 240V310 9999 FEW045 19/02 Q1025 NOSIG,M
FAOR,2026-07-30 11:00,66.20,33.80,29.92,250.00,12.00,0.00,30.27,M,6.21,M,M,M,M,M,M,M,M,M,M,M,M,M,M,M,M,66.20,FAOR 301100Z 25012KT 220V300 CAVOK 19/01 Q1025 NOSIG,M
FAOR,2026-07-30 11:30,66.20,28.40,24.04,230.00,16.00,0.00,30.27,M,6.21,M,M,M,M,M,M,M,M,M,M,M,M,M,M,M,M,66.20,FAOR 301130Z 23016KT CAVOK 19/M02 Q1025 NOSIG,M
FAOR,2026-07-30 12:00,66.20,28.40,24.04,230.00,14.00,0.00,30.27,M,6.21,M,M,M,M,M,M,M,M,M,M,M,M,M,M,M,M,66.20,FAOR 301200Z 23014KT 200V260 CAVOK 19/M02 Q1025 NOSIG,M
FAOR,2026-07-30 12:30,66.20,24.80,20.72,240.00,16.00,0.00,30.24,M,6.21,M,M,M,M,M,M,M,M,M,M,M,M,M,M,M,M,66.20,FAOR 301230Z 24016KT CAVOK 19/M04 Q1024 NOSIG,M
FAOR,2026-07-30 13:00,68.00,21.20,16.73,230.00,15.00,0.00,30.24,M,6.21,M,M,M,M,M,M,M,M,M,M,M,M,M,M,M,M,68.00,FAOR 301300Z 23015KT CAVOK 20/M06 Q1024 NOSIG,M
FAOR,2026-07-30 13:30,66.20,21.20,17.81,230.00,12.00,0.00,30.24,M,6.21,M,M,M,M,M,M,M,M,M,M,M,M,M,M,M,M,66.20,FAOR 301330Z 23012KT CAVOK 19/M06 Q1024 NOSIG,M
FAOR,2026-07-30 14:00,66.20,21.20,17.81,260.00,10.00,0.00,30.27,M,6.21,M,M,M,M,M,M,M,M,M,M,M,M,M,M,M,M,66.20,FAOR 301400Z 26010KT 220V300 CAVOK 19/M06 Q1025 NOSIG,M
FAOR,2026-07-30 14:30,64.40,24.80,22.05,200.00,9.00,0.00,30.27,M,6.21,M,M,M,M,M,M,M,M,M,M,M,M,M,M,M,M,64.40,FAOR 301430Z 20009KT 170V230 CAVOK 18/M04 Q1025 NOSIG,M
FAOR,2026-07-30 15:00,64.40,23.00,20.45,210.00,10.00,0.00,30.27,M,6.21,M,M,M,M,M,M,M,M,M,M,M,M,M,M,M,M,64.40,FAOR 301500Z 21010KT CAVOK 18/M05 Q1025 NOSIG,M
FAOR,2026-07-30 15:30,62.60,21.20,20.19,210.00,10.00,0.00,30.27,M,6.21,M,M,M,M,M,M,M,M,M,M,M,M,M,M,M,M,62.60,FAOR 301530Z 21010KT CAVOK 17/M06 Q1025 NOSIG,M
FAOR,2026-07-30 16:00,59.00,21.20,22.94,190.00,10.00,0.00,30.27,M,6.21,M,M,M,M,M,M,M,M,M,M,M,M,M,M,M,M,59.00,FAOR 301600Z 19010KT CAVOK 15/M06 Q1025 NOSIG,M
FAOR,2026-07-30 16:30,55.40,28.40,35.27,180.00,9.00,0.00,30.30,M,6.21,M,M,M,M,M,M,M,M,M,M,M,M,M,M,M,M,55.40,FAOR 301630Z 18009KT CAVOK 13/M02 Q1026 NOSIG,M
FAOR,2026-07-30 17:00,51.80,28.40,40.23,170.00,7.00,0.00,30.30,M,6.21,M,M,M,M,M,M,M,M,M,M,M,M,M,M,M,M,51.80,FAOR 301700Z 17007KT CAVOK 11/M02 Q1026 NOSIG,M
FAOR,2026-07-30 17:30,51.80,28.40,40.23,170.00,6.00,0.00,30.33,M,6.21,M,M,M,M,M,M,M,M,M,M,M,M,M,M,M,M,51.80,FAOR 301730Z 17006KT 140V200 CAVOK 11/M02 Q1027 NOSIG,M
FAOR,2026-07-30 18:00,51.80,24.80,34.67,160.00,7.00,0.00,30.33,M,6.21,21.00,M,M,M,M,M,M,M,M,M,M,M,M,M,M,M,51.80,FAOR 301800Z 16007G21KT 110V210 CAVOK 11/M04 Q1027 NOSIG,M
FAOR,2026-07-30 18:30,51.80,30.20,43.30,120.00,8.00,0.00,30.33,M,6.21,M,M,M,M,M,M,M,M,M,M,M,M,M,M,M,M,51.80,FAOR 301830Z 12008KT CAVOK 11/M01 Q1027 NOSIG,M
FAOR,2026-07-30 19:00,50.00,35.60,57.51,100.00,11.00,0.00,30.33,M,6.21,M,M,M,M,M,M,M,M,M,M,M,M,M,M,M,M,50.00,FAOR 301900Z 10011KT CAVOK 10/02 Q1027 NOSIG,M
FAOR,2026-07-30 19:30,50.00,37.40,61.75,100.00,13.00,0.00,30.36,M,6.21,M,M,M,M,M,M,M,M,M,M,M,M,M,M,M,M,50.00,FAOR 301930Z 10013KT CAVOK 10/03 Q1028 NOSIG,M
FAOR,2026-07-30 20:00,48.20,35.60,61.50,100.00,14.00,0.00,30.36,M,6.21,M,M,M,M,M,M,M,M,M,M,M,M,M,M,M,M,42.04,FAOR 302000Z 10014KT CAVOK 09/02 Q1028 NOSIG,M
FAOR,2026-07-30 20:30,46.40,35.60,65.82,90.00,14.00,0.00,30.36,M,6.21,M,M,M,M,M,M,M,M,M,M,M,M,M,M,M,M,39.72,FAOR 302030Z 09014KT CAVOK 08/02 Q1028 NOSIG,M
FAOR,2026-07-30 21:00,46.40,35.60,65.82,100.00,12.00,0.00,30.36,M,6.21,M,M,M,M,M,M,M,M,M,M,M,M,M,M,M,M,40.33,FAOR 302100Z 10012KT CAVOK 08/02 Q1028 NOSIG,M
FAOR,2026-07-30 22:00,44.60,35.60,70.47,100.00,13.00,0.00,30.36,M,6.21,M,M,M,M,M,M,M,M,M,M,M,M,M,M,M,M,37.71,FAOR 302200Z 10013KT CAVOK 07/02 Q1028 NOSIG,M
FAOR,2026-07-31 00:00,41.00,37.40,86.89,100.00,11.00,0.00,30.39,M,6.21,M,M,M,M,M,M,M,M,M,M,M,M,M,M,M,M,33.84,FAOR 310000Z 10011KT CAVOK 05/03 Q1029 NOSIG,M
FAOR,2026-07-31 01:00,41.00,35.60,80.92,100.00,12.00,0.00,30.36,M,6.21,M,M,M,M,M,M,M,M,M,M,M,M,M,M,M,M,33.46,FAOR 310100Z 10012KT CAVOK 05/02 Q1028 NOSIG,M
FAOR,2026-07-31 02:00,41.00,33.80,75.32,110.00,11.00,0.00,30.36,M,6.21,M,M,M,M,M,M,M,M,M,M,M,M,M,M,M,M,33.84,FAOR 310200Z 11011KT CAVOK 05/01 Q1028 NOSIG,M
FAOR,2026-07-31 02:30,39.20,33.80,80.78,100.00,8.00,0.00,30.36,M,6.21,M,M,M,M,M,M,M,M,M,M,M,M,M,M,M,M,32.98,FAOR 310230Z 10008KT CAVOK 04/01 Q1028 NOSIG,M
FAOR,2026-07-31 03:00,39.20,32.00,75.14,90.00,8.00,0.00,30.39,M,6.21,M,M,M,M,M,M,M,M,M,M,M,M,M,M,M,M,32.98,FAOR 310300Z 09008KT CAVOK 04/00 Q1029 NOSIG,M
FAOR,2026-07-31 03:30,39.20,32.00,75.14,90.00,9.00,0.00,30.36,M,6.21,M,M,M,M,M,M,M,M,M,M,M,M,M,M,M,M,32.47,FAOR 310330Z 09009KT CAVOK 04/00 Q1028 NOSIG,M
FAOR,2026-07-31 04:00,39.20,32.00,75.14,100.00,10.00,0.00,30.39,M,6.21,M,FEW,M,M,M,2000.00,M,M,M,M,M,M,M,M,M,M,32.00,FAOR 310400Z 10010KT 9999 FEW020 04/M00 Q1029 NOSIG,M
FAOR,2026-07-31 04:30,39.20,32.00,75.14,110.00,12.00,0.00,30.39,M,6.21,M,BKN,M,M,M,2100.00,M,M,M,M,M,M,M,M,M,M,31.17,FAOR 310430Z 11012KT 9999 BKN021 04/M00 Q1029 NOSIG,M
FAOR,2026-07-31 05:00,39.20,32.00,75.14,100.00,11.00,0.00,30.42,M,6.21,M,BKN,M,M,M,2100.00,M,M,M,M,M,M,M,M,M,M,31.57,FAOR 310500Z 10011KT 9999 BKN021 04/M00 Q1030 NOSIG,M
FAOR,2026-07-31 06:00,42.80,32.00,65.36,110.00,12.00,0.00,30.42,M,6.21,M,SCT,M,M,M,2100.00,M,M,M,M,M,M,M,M,M,M,35.75,FAOR 310600Z 11012KT 9999 SCT021 06/00 Q1030 NOSIG,M
FAOR,2026-07-31 06:30,44.60,32.00,61.01,110.00,12.00,0.00,30.42,M,6.21,M,FEW,M,M,M,2100.00,M,M,M,M,M,M,M,M,M,M,38.04,FAOR 310630Z 11012KT 9999 FEW021 07/M00 Q1030 NOSIG,M
FAOR,2026-07-31 07:00,46.40,30.20,52.98,100.00,13.00,0.00,30.45,M,6.21,M,M,M,M,M,M,M,M,M,M,M,M,M,M,M,M,40.02,FAOR 310700Z 10013KT CAVOK 08/M01 Q1031 NOSIG,M
FAOR,2026-07-31 08:00,51.80,28.40,40.23,90.00,13.00,0.00,30.45,M,6.21,M,M,M,M,M,M,M,M,M,M,M,M,M,M,M,M,51.80,FAOR 310800Z 09013KT CAVOK 11/M02 Q1031 NOSIG,M
FAOR,2026-07-31 08:30,53.60,30.20,40.53,100.00,12.00,0.00,30.45,M,6.21,M,M,M,M,M,M,M,M,M,M,M,M,M,M,M,M,53.60,FAOR 310830Z 10012KT 060V130 CAVOK 12/M01 Q1031 NOSIG,M
FAOR,2026-07-31 09:00,55.40,30.20,37.96,100.00,11.00,0.00,30.45,M,6.21,M,FEW,M,M,M,2100.00,M,M,M,M,M,M,M,M,M,M,55.40,FAOR 310900Z 10011KT 9999 FEW021 13/M01 Q1031 NOSIG,M
FAOR,2026-07-31 09:30,55.40,32.00,40.83,70.00,12.00,0.00,30.45,M,6.21,M,FEW,M,M,M,1700.00,M,M,M,M,M,M,M,M,M,M,55.40,FAOR 310930Z 07012KT 9999 FEW017 13/M00 Q1031 NOSIG,M
FAOR,2026-07-31 10:00,59.00,33.80,38.55,70.00,10.00,0.00,30.42,M,6.21,M,FEW,M,M,M,800.00,M,M,M,M,M,M,M,M,M,M,59.00,FAOR 311000Z 07010KT 040V100 9999 FEW008 15/01 Q1030 NOSIG,M
FAOR,2026-07-31 10:30,59.00,32.00,35.86,60.00,9.00,0.00,30.42,M,6.21,M,M,M,M,M,M,M,M,M,M,M,M,M,M,M,M,59.00,FAOR 311030Z 06009KT 020V110 CAVOK 15/00 Q1030 NOSIG,M
FAOR,2026-07-31 11:00,59.00,32.00,35.86,60.00,7.00,0.00,30.42,M,6.21,M,M,M,M,M,M,M,M,M,M,M,M,M,M,M,M,59.00,FAOR 311100Z 06007KT 360V110 CAVOK 15/00 Q1030 NOSIG,M
FAOR,2026-07-31 11:30,60.80,32.00,33.64,M,6.00,0.00,30.39,M,6.21,M,M,M,M,M,M,M,M,M,M,M,M,M,M,M,M,60.80,FAOR 311130Z VRB06KT CAVOK 16/00 Q1029 NOSIG,M
FAOR,2026-07-31 12:00,60.80,32.00,33.64,40.00,7.00,0.00,30.39,M,6.21,M,M,M,M,M,M,M,M,M,M,M,M,M,M,M,M,60.80,FAOR 311200Z 04007KT 290V100 CAVOK 16/00 Q1029 NOSIG,M
FAOR,2026-07-31 12:30,60.80,32.00,33.64,40.00,8.00,0.00,30.39,M,6.21,M,M,M,M,M,M,M,M,M,M,M,M,M,M,M,M,60.80,FAOR 311230Z 04008KT 360V090 CAVOK 16/M00 Q1029 NOSIG,M
FAOR,2026-07-31 13:00,60.80,30.20,31.27,80.00,6.00,0.00,30.36,M,6.21,M,M,M,M,M,M,M,M,M,M,M,M,M,M,M,M,60.80,FAOR 311300Z 08006KT 350V130 CAVOK 16/M01 Q1028 NOSIG,M
FAOR,2026-07-31 13:30,60.80,30.20,31.27,70.00,8.00,0.00,30.36,M,6.21,M,M,M,M,M,M,M,M,M,M,M,M,M,M,M,M,60.80,FAOR 311330Z 07008KT 010V100 CAVOK 16/M01 Q1028 NOSIG,M
FAOR,2026-07-31 14:00,60.80,28.40,29.05,90.00,8.00,0.00,30.36,M,6.21,M,M,M,M,M,M,M,M,M,M,M,M,M,M,M,M,60.80,FAOR 311400Z 09008KT 050V120 CAVOK 16/M02 Q1028 NOSIG,M
FAOR,2026-07-31 14:30,60.80,26.60,26.98,80.00,6.00,0.00,30.36,M,6.21,M,M,M,M,M,M,M,M,M,M,M,M,M,M,M,M,60.80,FAOR 311430Z 08006KT 040V120 CAVOK 16/M03 Q1028 NOSIG,M
FAOR,2026-07-31 15:00,59.00,26.60,28.76,90.00,10.00,0.00,30.36,M,6.21,M,M,M,M,M,M,M,M,M,M,M,M,M,M,M,M,59.00,FAOR 311500Z 09010KT 050V110 CAVOK 15/M03 Q1028 NOSIG,M
FAOR,2026-07-31 15:30,57.20,26.60,30.68,100.00,6.00,0.00,30.39,M,6.21,M,M,M,M,M,M,M,M,M,M,M,M,M,M,M,M,57.20,FAOR 311530Z 10006KT CAVOK 14/M03 Q1029 NOSIG,M
FAOR,2026-07-31 16:00,53.60,24.80,32.45,110.00,6.00,0.00,30.39,M,6.21,M,M,M,M,M,M,M,M,M,M,M,M,M,M,M,M,53.60,FAOR 311600Z 11006KT CAVOK 12/M04 Q1029 NOSIG,M
FAOR,2026-07-31 16:30,51.80,24.80,34.67,110.00,6.00,0.00,30.39,M,6.21,M,M,M,M,M,M,M,M,M,M,M,M,M,M,M,M,51.80,FAOR 311630Z 11006KT CAVOK 11/M04 Q1029 NOSIG,M
FAOR,2026-07-31 17:00,51.80,24.80,34.67,100.00,6.00,0.00,30.42,M,6.21,M,M,M,M,M,M,M,M,M,M,M,M,M,M,M,M,51.80,FAOR 311700Z 10006KT 040V120 CAVOK 11/M04 Q1030 NOSIG,M
FAOR,2026-07-31 17:30,51.80,30.20,43.30,120.00,10.00,0.00,30.42,M,6.21,M,M,M,M,M,M,M,M,M,M,M,M,M,M,M,M,51.80,FAOR 311730Z 12010KT 050V130 CAVOK 11/M01 Q1030 NOSIG,M
FAOR,2026-07-31 18:00,50.00,30.20,46.29,110.00,11.00,0.00,30.42,M,6.21,M,M,M,M,M,M,M,M,M,M,M,M,M,M,M,M,50.00,FAOR 311800Z 11011KT 070V130 CAVOK 10/M01 Q1030 NOSIG,M
FAOR,2026-07-31 18:30,48.20,30.20,49.51,120.00,10.00,0.00,30.45,M,6.21,M,M,M,M,M,M,M,M,M,M,M,M,M,M,M,M,43.28,FAOR 311830Z 12010KT CAVOK 09/M01 Q1031 NOSIG,M
FAOR,2026-07-31 19:00,46.40,30.20,52.98,110.00,8.00,0.00,30.45,M,6.21,M,M,M,M,M,M,M,M,M,M,M,M,M,M,M,M,41.85,FAOR 311900Z 11008KT CAVOK 08/M01 Q1031 NOSIG,M
FAOR,2026-07-31 19:30,46.40,30.20,52.98,100.00,10.00,0.00,30.45,M,6.21,M,M,M,M,M,M,M,M,M,M,M,M,M,M,M,M,41.03,FAOR 311930Z 10010KT CAVOK 08/M01 Q1031 NOSIG,M
FAOR,2026-07-31 20:00,44.60,30.20,56.72,110.00,11.00,0.00,30.45,M,6.21,M,M,M,M,M,M,M,M,M,M,M,M,M,M,M,M,38.39,FAOR 312000Z 11011KT 060V120 CAVOK 07/M01 Q1031 NOSIG,M
FAOR,2026-07-31 20:30,42.80,30.20,60.77,60.00,9.00,0.00,30.45,M,6.21,M,M,M,M,M,M,M,M,M,M,M,M,M,M,M,M,36.94,FAOR 312030Z 06009KT CAVOK 06/M01 Q1031 NOSIG,M
FAOR,2026-07-31 21:00,42.80,30.20,60.77,70.00,9.00,0.00,30.45,M,6.21,M,M,M,M,M,M,M,M,M,M,M,M,M,M,M,M,36.94,FAOR 312100Z 07009KT CAVOK 06/M01 Q1031 NOSIG,M
FAOR,2026-07-31 21:30,41.00,30.20,65.14,80.00,8.00,0.00,30.45,M,6.21,M,M,M,M,M,M,M,M,M,M,M,M,M,M,M,M,35.20,FAOR 312130Z 08008KT CAVOK 05/M01 Q1031 NOSIG,M
FAOR,2026-07-31 22:00,42.80,30.20,60.77,90.00,10.00,0.00,30.45,M,6.21,M,M,M,M,M,M,M,M,M,M,M,M,M,M,M,M,36.51,FAOR 312200Z 09010KT CAVOK 06/M01 Q1031 NOSIG,M
FAOR,2026-07-31 22:30,41.00,30.20,65.14,80.00,9.00,0.00,30.45,M,6.21,M,M,M,M,M,M,M,M,M,M,M,M,M,M,M,M,34.70,FAOR 312230Z 08009KT CAVOK 05/M01 Q1031 NOSIG,M
FAOR,2026-07-31 23:00,41.00,30.20,65.14,90.00,10.00,0.00,30.45,M,6.21,M,M,M,M,M,M,M,M,M,M,M,M,M,M,M,M,34.25,FAOR 312300Z 09010KT CAVOK 05/M01 Q1031 NOSIG,M
FAOR,2026-07-31 23:30,39.20,30.20,69.86,90.00,8.00,0.00,30.45,M,6.21,M,M,M,M,M,M,M,M,M,M,M,M,M,M,M,M,32.98,FAOR 312330Z 09008KT CAVOK 04/M01 Q1031 NOSIG,M
FAOR,2026-08-01 00:00,39.20,30.20,69.86,90.00,8.00,0.00,30.45,M,6.21,M,M,M,M,M,M,M,M,M,M,M,M,M,M,M,M,32.98,FAOR 010000Z 09008KT CAVOK 04/M01 Q1031 NOSIG,M
FAOR,2026-08-01 00:30,39.20,30.20,69.86,90.00,8.00,0.00,30.45,M,6.21,M,M,M,M,M,M,M,M,M,M,M,M,M,M,M,M,32.98,FAOR 010030Z 09008KT CAVOK 04/M01 Q1031 NOSIG,M
FAOR,2026-08-01 01:00,37.40,30.20,74.97,100.00,6.00,0.00,30.42,M,6.21,M,M,M,M,M,M,M,M,M,M,M,M,M,M,M,M,32.03,FAOR 010100Z 10006KT 050V130 CAVOK 03/M01 Q1030 NOSIG,M
FAOR,2026-08-01 01:30,35.60,30.20,80.49,90.00,6.00,0.00,30.42,M,6.21,M,M,M,M,M,M,M,M,M,M,M,M,M,M,M,M,29.87,FAOR 010130Z 09006KT CAVOK 02/M01 Q1030 NOSIG,M
FAOR,2026-08-01 02:00,35.60,30.20,80.49,90.00,5.00,0.00,30.42,M,6.21,M,M,M,M,M,M,M,M,M,M,M,M,M,M,M,M,30.67,FAOR 010200Z 09005KT CAVOK 02/M01 Q1030 NOSIG,M
FAOR,2026-08-01 02:30,35.60,30.20,80.49,110.00,5.00,0.00,30.42,M,6.21,M,M,M,M,M,M,M,M,M,M,M,M,M,M,M,M,30.67,FAOR 010230Z 11005KT CAVOK 02/M01 Q1030 NOSIG,M
FAOR,2026-08-01 03:00,35.60,30.20,80.49,100.00,5.00,0.00,30.42,M,6.21,M,M,M,M,M,M,M,M,M,M,M,M,M,M,M,M,30.67,FAOR 010300Z 10005KT CAVOK 02/M01 Q1030 NOSIG,M
FAOR,2026-08-01 03:30,35.60,30.20,80.49,130.00,4.00,0.00,30.42,M,6.21,M,M,M,M,M,M,M,M,M,M,M,M,M,M,M,M,31.62,FAOR 010330Z 13004KT CAVOK 02/M01 Q1030 NOSIG,M
FAOR,2026-08-01 04:00,35.60,30.20,80.49,140.00,3.00,0.00,30.42,M,6.21,M,M,M,M,M,M,M,M,M,M,M,M,M,M,M,M,32.80,FAOR 010400Z 14003KT 080V180 CAVOK 02/M01 Q1030 NOSIG,M
FAOR,2026-08-01 04:30,33.80,30.20,86.48,150.00,3.00,0.00,30.42,M,6.21,M,M,M,M,M,M,M,M,M,M,M,M,M,M,M,M,30.75,FAOR 010430Z 15003KT CAVOK 01/M01 Q1030 NOSIG,M
FAOR,2026-08-01 05:00,33.80,30.20,86.48,140.00,3.00,0.00,30.42,M,6.21,M,M,M,M,M,M,M,M,M,M,M,M,M,M,M,M,30.75,FAOR 010500Z 14003KT 090V180 CAVOK 01/M01 Q1030 NOSIG,M
FAOR,2026-08-01 05:30,37.40,30.20,74.97,130.00,3.00,0.00,30.42,M,6.21,M,M,M,M,M,M,M,M,M,M,M,M,M,M,M,M,34.86,FAOR 010530Z 13003KT 090V160 CAVOK 03/M01 Q1030 NOSIG,M
FAOR,2026-08-01 06:00,41.00,32.00,70.06,M,2.00,0.00,30.42,M,6.21,M,M,M,M,M,M,M,M,M,M,M,M,M,M,M,M,41.00,FAOR 010600Z VRB02KT CAVOK 05/M00 Q1030 NOSIG,M
FAOR,2026-08-01 06:30,44.60,30.20,56.72,100.00,3.00,0.00,30.42,M,6.21,M,M,M,M,M,M,M,M,M,M,M,M,M,M,M,M,43.09,FAOR 010630Z 10003KT 050V140 CAVOK 07/M01 Q1030 NOSIG,M
FAOR,2026-08-01 07:00,50.00,28.40,43.01,M,1.00,0.00,30.45,M,6.21,M,M,M,M,M,M,M,M,M,M,M,M,M,M,M,M,50.00,FAOR 010700Z VRB01KT CAVOK 10/M02 Q1031 NOSIG,M
FAOR,2026-08-01 07:30,51.80,33.80,50.07,M,2.00,0.00,30.45,M,6.21,M,M,M,M,M,M,M,M,M,M,M,M,M,M,M,M,51.80,FAOR 010730Z VRB02KT CAVOK 11/01 Q1031 NOSIG,M
FAOR,2026-08-01 08:00,55.40,35.60,47.15,M,2.00,0.00,30.45,M,6.21,M,M,M,M,M,M,M,M,M,M,M,M,M,M,M,M,55.40,FAOR 010800Z VRB02KT CAVOK 13/02 Q1031 NOSIG,M
FAOR,2026-08-01 08:30,57.20,28.40,33.04,M,5.00,0.00,30.42,M,6.21,M,M,M,M,M,M,M,M,M,M,M,M,M,M,M,M,57.20,FAOR 010830Z VRB05KT CAVOK 14/M02 Q1030 NOSIG,M
FAOR,2026-08-01 09:00,59.00,26.60,28.76,170.00,8.00,0.00,30.42,M,6.21,M,M,M,M,M,M,M,M,M,M,M,M,M,M,M,M,59.00,FAOR 010900Z 17008KT 120V250 CAVOK 15/M03 Q1030 NOSIG,M
FAOR,2026-08-01 09:30,59.00,21.20,22.94,170.00,7.00,0.00,30.42,M,6.21,M,M,M,M,M,M,M,M,M,M,M,M,M,M,M,M,59.00,FAOR 010930Z 17007KT 090V220 CAVOK 15/M06 Q1030 NOSIG,M
FAOR,2026-08-01 10:00,60.80,23.00,23.21,M,4.00,0.00,30.39,M,6.21,M,M,M,M,M,M,M,M,M,M,M,M,M,M,M,M,60.80,FAOR 011000Z VRB04KT CAVOK 16/M05 Q1029 NOSIG,M
FAOR,2026-08-01 10:30,60.80,15.80,17.06,140.00,6.00,0.00,30.39,M,6.21,M,M,M,M,M,M,M,M,M,M,M,M,M,M,M,M,60.80,FAOR 011030Z 14006KT 060V200 CAVOK 16/M09 Q1029 NOSIG,M
FAOR,2026-08-01 11:00,62.60,14.00,14.80,M,4.00,0.00,30.36,M,6.21,M,M,M,M,M,M,M,M,M,M,M,M,M,M,M,M,62.60,FAOR 011100Z VRB04KT CAVOK 17/M10 Q1028 NOSIG,M
FAOR,2026-08-01 11:30,60.80,14.00,15.77,150.00,5.00,0.00,30.36,M,6.21,M,M,M,M,M,M,M,M,M,M,M,M,M,M,M,M,60.80,FAOR 011130Z 15005KT 060V230 CAVOK 16/M10 Q1028 NOSIG,M
FAOR,2026-08-01 12:00,62.60,14.00,14.80,M,4.00,0.00,30.36,M,6.21,M,M,M,M,M,M,M,M,M,M,M,M,M,M,M,M,62.60,FAOR 011200Z VRB04KT CAVOK 17/M10 Q1028 NOSIG,M
FAOR,2026-08-01 12:30,62.60,12.20,13.67,M,5.00,0.00,30.33,M,6.21,M,M,M,M,M,M,M,M,M,M,M,M,M,M,M,M,62.60,FAOR 011230Z VRB05KT CAVOK 17/M11 Q1027 NOSIG,M
FAOR,2026-08-01 13:00,64.40,14.00,13.89,40.00,4.00,0.00,30.33,M,6.21,M,M,M,M,M,M,M,M,M,M,M,M,M,M,M,M,64.40,FAOR 011300Z 04004KT 350V110 CAVOK 18/M10 Q1027 NOSIG,M
FAOR,2026-08-01 13:30,62.60,10.40,12.62,M,4.00,0.00,30.33,M,6.21,M,M,M,M,M,M,M,M,M,M,M,M,M,M,M,M,62.60,FAOR 011330Z VRB04KT CAVOK 17/M12 Q1027 NOSIG,M
FAOR,2026-08-01 14:00,62.60,10.40,12.62,M,4.00,0.00,30.33,M,6.21,M,M,M,M,M,M,M,M,M,M,M,M,M,M,M,M,62.60,FAOR 011400Z VRB04KT CAVOK 17/M12 Q1027 NOSIG,M
FAOR,2026-08-01 14:30,62.60,10.40,12.62,10.00,3.00,0.00,30.33,M,6.21,M,M,M,M,M,M,M,M,M,M,M,M,M,M,M,M,62.60,FAOR 011430Z 01003KT 320V070 CAVOK 17/M12 Q1027 NOSIG,M
FAOR,2026-08-01 15:00,62.60,12.20,13.67,M,2.00,0.00,30.33,M,6.21,M,M,M,M,M,M,M,M,M,M,M,M,M,M,M,M,62.60,FAOR 011500Z VRB02KT CAVOK 17/M11 Q1027 NOSIG,M
FAOR,2026-08-01 15:30,59.00,12.20,15.53,30.00,3.00,0.00,30.33,M,6.21,M,M,M,M,M,M,M,M,M,M,M,M,M,M,M,M,59.00,FAOR 011530Z 03003KT CAVOK 15/M11 Q1027 NOSIG,M
FAOR,2026-08-01 16:00,60.80,12.20,14.57,20.00,3.00,0.00,30.33,M,6.21,M,M,M,M,M,M,M,M,M,M,M,M,M,M,M,M,60.80,FAOR 011600Z 02003KT CAVOK 16/M11 Q1027 NOSIG,M
FAOR,2026-08-01 16:30,57.20,14.00,17.94,M,2.00,0.00,30.33,M,6.21,M,FEW,M,M,M,900.00,M,M,M,M,M,M,M,M,M,M,57.20,FAOR 011630Z VRB02KT 9999 FEW009 14/M10 Q1027 NOSIG,M
FAOR,2026-08-01 17:00,57.20,26.60,30.68,290.00,6.00,0.00,30.33,M,6.21,M,M,M,M,M,M,M,M,M,M,M,M,M,M,M,M,57.20,FAOR 011700Z 29006KT 230V310 CAVOK 14/M03 Q1027 NOSIG,M
FAOR,2026-08-01 17:30,55.40,26.60,32.75,M,2.00,0.00,30.36,M,6.21,M,M,M,M,M,M,M,M,M,M,M,M,M,M,M,M,55.40,FAOR 011730Z VRB02KT CAVOK 13/M03 Q1028 NOSIG,M
FAOR,2026-08-01 18:00,57.20,28.40,33.04,240.00,4.00,0.00,30.36,M,6.21,M,M,M,M,M,M,M,M,M,M,M,M,M,M,M,M,57.20,FAOR 011800Z 24004KT 170V290 CAVOK 14/M02 Q1028 NOSIG,M
FAOR,2026-08-01 18:30,51.80,28.40,40.23,M,2.00,0.00,30.36,M,6.21,M,M,M,M,M,M,M,M,M,M,M,M,M,M,M,M,51.80,FAOR 011830Z VRB02KT CAVOK 11/M02 Q1028 NOSIG,M
FAOR,2026-08-01 19:00,51.80,28.40,40.23,0.00,0.00,0.00,30.39,M,6.21,M,M,M,M,M,M,M,M,M,M,M,M,M,M,M,M,51.80,FAOR 011900Z 00000KT CAVOK 11/M02 Q1029 NOSIG,M
FAOR,2026-08-01 19:30,51.80,28.40,40.23,290.00,3.00,0.00,30.39,M,6.21,M,M,M,M,M,M,M,M,M,M,M,M,M,M,M,M,51.80,FAOR 011930Z 29003KT 210V310 CAVOK 11/M02 Q1029 NOSIG,M
FAOR,2026-08-01 20:00,53.60,30.20,40.53,280.00,4.00,0.00,30.39,M,6.21,M,M,M,M,M,M,M,M,M,M,M,M,M,M,M,M,53.60,FAOR 012000Z 28004KT CAVOK 12/M01 Q1029 NOSIG,M
FAOR,2026-08-01 21:00,50.00,28.40,43.01,280.00,3.00,0.00,30.36,M,6.21,M,M,M,M,M,M,M,M,M,M,M,M,M,M,M,M,50.00,FAOR 012100Z 28003KT CAVOK 10/M02 Q1028 NOSIG,M
FAOR,2026-08-01 22:00,46.40,12.20,24.68,10.00,3.00,0.00,30.36,M,6.21,M,M,M,M,M,M,M,M,M,M,M,M,M,M,M,M,45.15,FAOR 012200Z 01003KT CAVOK 08/M11 Q1028 NOSIG,M
FAOR,2026-08-01 23:00,46.40,12.20,24.68,M,1.00,0.00,30.36,M,6.21,M,M,M,M,M,M,M,M,M,M,M,M,M,M,M,M,46.40,FAOR 012300Z VRB01KT CAVOK 08/M11 Q1028 NOSIG,M
FAOR,2026-08-02 00:00,42.80,21.20,41.81,230.00,5.00,0.00,30.33,M,6.21,M,M,M,M,M,M,M,M,M,M,M,M,M,M,M,M,39.22,FAOR 020000Z 23005KT CAVOK 06/M06 Q1027 NOSIG,M
FAOR,2026-08-02 01:00,41.00,23.00,48.36,220.00,7.00,0.00,30.33,M,5.59,M,NSC,M,M,M,M,M,M,M,M,M,M,M,M,M,M,35.75,FAOR 020100Z 22007KT 9000 NSC 05/M05 Q1027 NOSIG,M
FAOR,2026-08-02 02:00,46.40,26.60,45.70,220.00,6.00,0.00,30.33,M,6.21,M,M,M,M,M,M,M,M,M,M,M,M,M,M,M,M,42.87,FAOR 020200Z 22006KT CAVOK 08/M03 Q1027 NOSIG,M
FAOR,2026-08-02 02:30,44.60,26.60,48.94,210.00,6.00,0.00,30.30,M,6.21,M,M,M,M,M,M,M,M,M,M,M,M,M,M,M,M,40.71,FAOR 020230Z 21006KT CAVOK 07/M03 Q1026 NOSIG,M
FAOR,2026-08-02 03:00,42.80,26.60,52.42,210.00,6.00,0.00,30.30,M,6.21,M,M,M,M,M,M,M,M,M,M,M,M,M,M,M,M,38.54,FAOR 020300Z 21006KT CAVOK 06/M03 Q1026 NOSIG,M
FAOR,2026-08-02 03:30,44.60,26.60,48.94,220.00,6.00,0.00,30.30,M,6.21,M,M,M,M,M,M,M,M,M,M,M,M,M,M,M,M,40.71,FAOR 020330Z 22006KT CAVOK 07/M03 Q1026 NOSIG,M
FAOR,2026-08-02 04:00,44.60,28.40,52.70,220.00,6.00,0.00,30.33,M,6.21,M,M,M,M,M,M,M,M,M,M,M,M,M,M,M,M,40.71,FAOR 020400Z 22006KT CAVOK 07/M02 Q1027 NOSIG,M
FAOR,2026-08-02 04:30,44.60,28.40,52.70,230.00,6.00,0.00,30.33,M,6.21,M,M,M,M,M,M,M,M,M,M,M,M,M,M,M,M,40.71,FAOR 020430Z 23006KT CAVOK 07/M02 Q1027 NOSIG,M
FAOR,2026-08-02 05:00,46.40,30.20,52.98,230.00,7.00,0.00,30.33,M,6.21,M,M,M,M,M,M,M,M,M,M,M,M,M,M,M,M,42.33,FAOR 020500Z 23007KT CAVOK 08/M01 Q1027 NOSIG,M
FAOR,2026-08-02 05:30,48.20,30.20,49.51,270.00,3.00,0.00,30.33,M,6.21,M,M,M,M,M,M,M,M,M,M,M,M,M,M,M,M,47.21,FAOR 020530Z 27003KT 220V300 CAVOK 09/M01 Q1027 NOSIG,M
FAOR,2026-08-02 06:00,50.00,30.20,46.29,M,2.00,0.00,30.33,M,6.21,M,M,M,M,M,M,M,M,M,M,M,M,M,M,M,M,50.00,FAOR 020600Z VRB02KT CAVOK 10/M01 Q1027 NOSIG,M
FAOR,2026-08-02 06:30,51.80,30.20,43.30,260.00,3.00,0.00,30.36,M,6.21,M,M,M,M,M,M,M,M,M,M,M,M,M,M,M,M,51.80,FAOR 020630Z 26003KT 210V290 CAVOK 11/M01 Q1028 NOSIG,M
FAOR,2026-08-02 07:00,51.80,32.00,46.58,220.00,4.00,0.00,30.36,M,6.21,M,M,M,M,M,M,M,M,M,M,M,M,M,M,M,M,51.80,FAOR 020700Z 22004KT 180V250 CAVOK 11/M00 Q1028 NOSIG,M
FAOR,2026-08-02 07:30,55.40,32.00,40.83,210.00,6.00,0.00,30.36,M,6.21,M,M,M,M,M,M,M,M,M,M,M,M,M,M,M,M,55.40,FAOR 020730Z 21006KT 170V240 CAVOK 13/00 Q1028 NOSIG,M
FAOR,2026-08-02 08:00,57.20,30.20,35.56,210.00,6.00,0.00,30.36,M,6.21,M,M,M,M,M,M,M,M,M,M,M,M,M,M,M,M,57.20,FAOR 020800Z 21006KT 160V250 CAVOK 14/M01 Q1028 NOSIG,M
FAOR,2026-08-02 08:30,59.00,26.60,28.76,180.00,7.00,0.00,30.36,M,6.21,M,M,M,M,M,M,M,M,M,M,M,M,M,M,M,M,59.00,FAOR 020830Z 18007KT 100V240 CAVOK 15/M03 Q1028 NOSIG,M
FAOR,2026-08-02 09:00,60.80,19.40,19.93,200.00,7.00,0.00,30.36,M,6.21,M,M,M,M,M,M,M,M,M,M,M,M,M,M,M,M,60.80,FAOR 020900Z 20007KT 130V250 CAVOK 16/M07 Q1028 NOSIG,M
FAOR,2026-08-02 09:30,60.80,21.20,21.52,200.00,8.00,0.00,30.33,M,6.21,M,M,M,M,M,M,M,M,M,M,M,M,M,M,M,M,60.80,FAOR 020930Z 20008KT 130V270 CAVOK 16/M06 Q1027 NOSIG,M
FAOR,2026-08-02 10:00,60.80,21.20,21.52,180.00,8.00,0.00,30.33,M,6.21,M,M,M,M,M,M,M,M,M,M,M,M,M,M,M,M,60.80,FAOR 021000Z 18008KT 140V230 CAVOK 16/M06 Q1027 NOSIG,M
FAOR,2026-08-02 10:30,62.60,19.40,18.70,200.00,8.00,0.00,30.33,M,6.21,M,M,M,M,M,M,M,M,M,M,M,M,M,M,M,M,62.60,FAOR 021030Z 20008KT 150V280 CAVOK 17/M07 Q1027 NOSIG,M
FAOR,2026-08-02 11:00,64.40,21.20,18.96,190.00,6.00,0.00,30.30,M,6.21,M,M,M,M,M,M,M,M,M,M,M,M,M,M,M,M,64.40,FAOR 021100Z 19006KT 130V260 CAVOK 18/M06 Q1026 NOSIG,M
FAOR,2026-08-02 11:30,64.40,19.40,17.56,200.00,8.00,0.00,30.30,M,6.21,M,M,M,M,M,M,M,M,M,M,M,M,M,M,M,M,64.40,FAOR 021130Z 20008KT 130V250 CAVOK 18/M07 Q1026 NOSIG,M
FAOR,2026-08-02 12:00,64.40,21.20,18.96,200.00,7.00,0.00,30.27,M,6.21,M,M,M,M,M,M,M,M,M,M,M,M,M,M,M,M,64.40,FAOR 021200Z 20007KT 150V240 CAVOK 18/M06 Q1025 NOSIG,M
FAOR,2026-08-02 12:30,64.40,19.40,17.56,190.00,7.00,0.00,30.27,M,6.21,M,M,M,M,M,M,M,M,M,M,M,M,M,M,M,M,64.40,FAOR 021230Z 19007KT 160V230 CAVOK 18/M07 Q1025 NOSIG,M
FAOR,2026-08-02 13:00,64.40,17.60,16.25,190.00,8.00,0.00,30.27,M,6.21,M,M,M,M,M,M,M,M,M,M,M,M,M,M,M,M,64.40,FAOR 021300Z 19008KT 090V240 CAVOK 18/M08 Q1025 NOSIG,M
FAOR,2026-08-02 13:30,62.60,17.60,17.31,210.00,7.00,0.00,30.27,M,6.21,M,M,M,M,M,M,M,M,M,M,M,M,M,M,M,M,62.60,FAOR 021330Z 21007KT 160V260 CAVOK 17/M08 Q1025 NOSIG,M
FAOR,2026-08-02 14:00,64.40,17.60,16.25,180.00,6.00,0.00,30.27,M,6.21,M,M,M,M,M,M,M,M,M,M,M,M,M,M,M,M,64.40,FAOR 021400Z 18006KT 110V230 CAVOK 18/M08 Q1025 NOSIG,M
FAOR,2026-08-02 14:30,62.60,19.40,18.70,200.00,8.00,0.00,30.27,M,6.21,M,M,M,M,M,M,M,M,M,M,M,M,M,M,M,M,62.60,FAOR 021430Z 20008KT 160V240 CAVOK 17/M07 Q1025 NOSIG,M
FAOR,2026-08-02 15:00,60.80,21.20,21.52,160.00,5.00,0.00,30.27,M,6.21,M,M,M,M,M,M,M,M,M,M,M,M,M,M,M,M,60.80,FAOR 021500Z 16005KT 130V190 CAVOK 16/M06 Q1025 NOSIG,M
FAOR,2026-08-02 15:30,57.20,19.40,22.66,160.00,6.00,0.00,30.27,M,6.21,M,M,M,M,M,M,M,M,M,M,M,M,M,M,M,M,57.20,FAOR 021530Z 16006KT 130V210 CAVOK 14/M07 Q1025 NOSIG,M
FAOR,2026-08-02 16:00,57.20,21.20,24.47,190.00,5.00,0.00,30.27,M,6.21,M,M,M,M,M,M,M,M,M,M,M,M,M,M,M,M,57.20,FAOR 021600Z 19005KT CAVOK 14/M06 Q1025 NOSIG,M
FAOR,2026-08-02 16:30,57.20,21.20,24.47,160.00,5.00,0.00,30.30,M,6.21,M,M,M,M,M,M,M,M,M,M,M,M,M,M,M,M,57.20,FAOR 021630Z 16005KT 120V180 CAVOK 14/M06 Q1026 NOSIG,M
FAOR,2026-08-02 17:00,55.40,21.20,26.12,170.00,4.00,0.00,30.30,M,6.21,M,M,M,M,M,M,M,M,M,M,M,M,M,M,M,M,55.40,FAOR 021700Z 17004KT CAVOK 13/M06 Q1026 NOSIG,M
FAOR,2026-08-02 17:30,55.40,21.20,26.12,170.00,5.00,0.00,30.30,M,6.21,M,M,M,M,M,M,M,M,M,M,M,M,M,M,M,M,55.40,FAOR 021730Z 17005KT 130V210 CAVOK 13/M06 Q1026 NOSIG,M
FAOR,2026-08-02 18:00,57.20,21.20,24.47,170.00,8.00,0.00,30.30,M,6.21,M,M,M,M,M,M,M,M,M,M,M,M,M,M,M,M,57.20,FAOR 021800Z 17008KT 120V210 CAVOK 14/M06 Q1026 NOSIG,M
FAOR,2026-08-02 18:30,51.80,23.00,32.15,180.00,5.00,0.00,30.33,M,6.21,M,M,M,M,M,M,M,M,M,M,M,M,M,M,M,M,51.80,FAOR 021830Z 18005KT CAVOK 11/M05 Q1027 NOSIG,M
FAOR,2026-08-02 19:00,50.00,21.20,31.85,180.00,7.00,0.00,30.33,M,6.21,M,M,M,M,M,M,M,M,M,M,M,M,M,M,M,M,50.00,FAOR 021900Z 18007KT 130V210 CAVOK 10/M06 Q1027 NOSIG,M
FAOR,2026-08-02 19:30,51.80,21.20,29.79,260.00,5.00,0.00,30.33,M,6.21,M,M,M,M,M,M,M,M,M,M,M,M,M,M,M,M,51.80,FAOR 021930Z 26005KT CAVOK 11/M06 Q1027 NOSIG,M
FAOR,2026-08-02 20:00,50.00,21.20,31.85,220.00,6.00,0.00,30.33,M,6.21,M,M,M,M,M,M,M,M,M,M,M,M,M,M,M,M,50.00,FAOR 022000Z 22006KT CAVOK 10/M06 Q1027 NOSIG,M
FAOR,2026-08-02 21:00,50.00,21.20,31.85,210.00,6.00,0.00,30.33,M,6.21,M,M,M,M,M,M,M,M,M,M,M,M,M,M,M,M,50.00,FAOR 022100Z 21006KT CAVOK 10/M06 Q1027 NOSIG,M
FAOR,2026-08-02 22:00,46.40,21.20,36.45,200.00,6.00,0.00,30.30,M,6.21,M,M,M,M,M,M,M,M,M,M,M,M,M,M,M,M,42.87,FAOR 022200Z 20006KT CAVOK 08/M06 Q1026 NOSIG,M
FAOR,2026-08-02 23:00,44.60,23.00,42.11,200.00,6.00,0.00,30.30,M,6.21,M,M,M,M,M,M,M,M,M,M,M,M,M,M,M,M,40.71,FAOR 022300Z 20006KT CAVOK 07/M05 Q1026 NOSIG,M
FAOR,2026-08-03 00:00,42.80,24.80,48.65,200.00,7.00,0.00,30.30,M,6.21,M,M,M,M,M,M,M,M,M,M,M,M,M,M,M,M,37.94,FAOR 030000Z 20007KT CAVOK 06/M04 Q1026 NOSIG,M
FAOR,2026-08-03 01:00,42.80,24.80,48.65,200.00,6.00,0.00,30.30,M,6.21,M,M,M,M,M,M,M,M,M,M,M,M,M,M,M,M,38.54,FAOR 030100Z 20006KT CAVOK 06/M04 Q1026 NOSIG,M
FAOR,2026-08-03 02:00,46.40,23.00,39.33,220.00,5.00,0.00,30.30,M,6.21,M,M,M,M,M,M,M,M,M,M,M,M,M,M,M,M,43.50,FAOR 030200Z 22005KT CAVOK 08/M05 Q1026 NOSIG,M
FAOR,2026-08-03 02:30,44.60,24.80,45.41,220.00,5.00,0.00,30.30,M,6.21,M,M,M,M,M,M,M,M,M,M,M,M,M,M,M,M,41.36,FAOR 030230Z 22005KT CAVOK 07/M04 Q1026 NOSIG,M
FAOR,2026-08-03 03:00,44.60,24.80,45.41,220.00,5.00,0.00,30.30,M,6.21,M,M,M,M,M,M,M,M,M,M,M,M,M,M,M,M,41.36,FAOR 030300Z 22005KT CAVOK 07/M04 Q1026 NOSIG,M
FAOR,2026-08-03 04:00,41.00,23.00,48.36,210.00,5.00,0.00,30.30,M,6.21,M,M,M,M,M,M,M,M,M,M,M,M,M,M,M,M,37.08,FAOR 030400Z 21005KT CAVOK 05/M05 Q1026 NOSIG,M
FAOR,2026-08-03 04:30,42.80,24.80,48.65,220.00,5.00,0.00,30.33,M,6.21,M,M,M,M,M,M,M,M,M,M,M,M,M,M,M,M,39.22,FAOR 030430Z 22005KT CAVOK 06/M04 Q1027 NOSIG,M
FAOR,2026-08-03 05:00,42.80,23.00,45.11,210.00,7.00,0.00,30.33,M,6.21,M,M,M,M,M,M,M,M,M,M,M,M,M,M,M,M,37.94,FAOR 030500Z 21007KT CAVOK 06/M05 Q1027 NOSIG,M
FAOR,2026-08-03 06:00,50.00,24.80,37.06,210.00,5.00,0.00,30.33,M,6.21,M,M,M,M,M,M,M,M,M,M,M,M,M,M,M,M,50.00,FAOR 030600Z 21005KT CAVOK 10/M04 Q1027 NOSIG,M
FAOR,2026-08-03 06:30,53.60,24.80,32.45,190.00,5.00,0.00,30.33,M,6.21,M,M,M,M,M,M,M,M,M,M,M,M,M,M,M,M,53.60,FAOR 030630Z 19005KT CAVOK 12/M04 Q1027 NOSIG,M
FAOR,2026-08-03 07:00,57.20,23.00,26.40,190.00,5.00,0.00,30.33,M,6.21,M,M,M,M,M,M,M,M,M,M,M,M,M,M,M,M,57.20,FAOR 030700Z 19005KT CAVOK 14/M05 Q1027 NOSIG,M
FAOR,2026-08-03 07:30,57.20,19.40,22.66,210.00,6.00,0.00,30.36,M,6.21,M,M,M,M,M,M,M,M,M,M,M,M,M,M,M,M,57.20,FAOR 030730Z 21006KT 180V240 CAVOK 14/M07 Q1028 NOSIG,M
FAOR,2026-08-03 08:00,57.20,19.40,22.66,250.00,6.00,0.00,30.36,M,6.21,M,M,M,M,M,M,M,M,M,M,M,M,M,M,M,M,57.20,FAOR 030800Z 25006KT 200V330 CAVOK 14/M07 Q1028 NOSIG,M
FAOR,2026-08-03 08:30,59.00,19.40,21.25,220.00,7.00,0.00,30.36,M,6.21,M,M,M,M,M,M,M,M,M,M,M,M,M,M,M,M,59.00,FAOR 030830Z 22007KT 190V270 CAVOK 15/M07 Q1028 NOSIG,M
FAOR,2026-08-03 09:00,60.80,17.60,18.44,200.00,5.00,0.00,30.33,M,6.21,M,M,M,M,M,M,M,M,M,M,M,M,M,M,M,M,60.80,FAOR 030900Z 20005KT 160V260 CAVOK 16/M08 Q1027 NOSIG,M
FAOR,2026-08-03 09:30,60.80,19.40,19.93,M,5.00,0.00,30.33,M,6.21,M,M,M,M,M,M,M,M,M,M,M,M,M,M,M,M,60.80,FAOR 030930Z VRB05KT CAVOK 16/M07 Q1027 NOSIG,M
FAOR,2026-08-03 10:00,62.60,15.80,16.01,240.00,4.00,0.00,30.33,M,6.21,M,M,M,M,M,M,M,M,M,M,M,M,M,M,M,M,62.60,FAOR 031000Z 24004KT 190V350 CAVOK 17/M09 Q1027 NOSIG,M
FAOR,2026-08-03 10:30,64.40,15.80,15.03,170.00,7.00,0.00,30.33,M,6.21,M,M,M,M,M,M,M,M,M,M,M,M,M,M,M,M,64.40,FAOR 031030Z 17007KT 130V230 CAVOK 18/M09 Q1027 NOSIG,M
FAOR,2026-08-03 11:00,64.40,14.00,13.89,M,5.00,0.00,30.30,M,6.21,M,M,M,M,M,M,M,M,M,M,M,M,M,M,M,M,64.40,FAOR 031100Z VRB05KT CAVOK 18/M10 Q1026 NOSIG,M
FAOR,2026-08-03 11:30,64.40,14.00,13.89,180.00,7.00,0.00,30.30,M,6.21,M,M,M,M,M,M,M,M,M,M,M,M,M,M,M,M,64.40,FAOR 031130Z 18007KT 150V220 CAVOK 18/M10 Q1026 NOSIG,M
FAOR,2026-08-03 12:00,64.40,12.20,12.83,170.00,6.00,0.00,30.30,M,6.21,M,M,M,M,M,M,M,M,M,M,M,M,M,M,M,M,64.40,FAOR 031200Z 17006KT 110V230 CAVOK 18/M11 Q1026 NOSIG,M
FAOR,2026-08-03 13:00,64.40,10.40,11.85,240.00,7.00,0.00,30.27,M,6.21,M,M,M,M,M,M,M,M,M,M,M,M,M,M,M,M,64.40,FAOR 031300Z 24007KT 200V270 CAVOK 18/M12 Q1025 NOSIG,M
FAOR,2026-08-03 14:00,64.40,6.80,10.07,220.00,8.00,0.00,30.27,M,6.21,M,M,M,M,M,M,M,M,M,M,M,M,M,M,M,M,64.40,FAOR 031400Z 22008KT CAVOK 18/M14 Q1025 NOSIG,M
FAOR,2026-08-03 15:00,62.60,10.40,12.62,210.00,6.00,0.00,30.30,M,6.21,M,M,M,M,M,M,M,M,M,M,M,M,M,M,M,M,62.60,FAOR 031500Z 21006KT 180V250 CAVOK 17/M12 Q1026 NOSIG,M
FAOR,2026-08-03 16:00,55.40,12.20,17.68,180.00,5.00,0.00,30.33,M,6.21,M,M,M,M,M,M,M,M,M,M,M,M,M,M,M,M,55.40,FAOR 031600Z 18005KT CAVOK 13/M11 Q1027 NOSIG,M
FAOR,2026-08-03 17:00,55.40,14.00,19.14,200.00,4.00,0.00,30.33,M,6.21,M,M,M,M,M,M,M,M,M,M,M,M,M,M,M,M,55.40,FAOR 031700Z 20004KT CAVOK 13/M10 Q1027 NOSIG,M
FAOR,2026-08-03 18:00,51.80,15.80,23.63,180.00,4.00,0.00,30.33,M,6.21,M,M,M,M,M,M,M,M,M,M,M,M,M,M,M,M,51.80,FAOR 031800Z 18004KT CAVOK 11/M09 Q1027 NOSIG,M
FAOR,2026-08-03 19:00,51.80,17.60,25.54,190.00,6.00,0.00,30.36,M,6.21,M,M,M,M,M,M,M,M,M,M,M,M,M,M,M,M,51.80,FAOR 031900Z 19006KT CAVOK 11/M08 Q1028 NOSIG,M
FAOR,2026-08-03 19:30,53.60,15.80,22.11,180.00,6.00,0.00,30.36,M,6.21,M,M,M,M,M,M,M,M,M,M,M,M,M,M,M,M,53.60,FAOR 031930Z 18006KT 140V210 CAVOK 12/M09 Q1028 NOSIG,M
FAOR,2026-08-03 20:00,51.80,15.80,23.63,190.00,5.00,0.00,30.36,M,6.21,M,M,M,M,M,M,M,M,M,M,M,M,M,M,M,M,51.80,FAOR 032000Z 19005KT CAVOK 11/M09 Q1028 NOSIG,M
FAOR,2026-08-03 20:30,50.00,15.80,25.25,190.00,5.00,0.00,30.36,M,6.21,M,M,M,M,M,M,M,M,M,M,M,M,M,M,M,M,50.00,FAOR 032030Z 19005KT CAVOK 10/M09 Q1028 NOSIG,M
FAOR,2026-08-03 21:00,51.80,17.60,25.54,200.00,4.00,0.00,30.36,M,6.21,M,M,M,M,M,M,M,M,M,M,M,M,M,M,M,M,51.80,FAOR 032100Z 20004KT CAVOK 11/M08 Q1028 NOSIG,M
FAOR,2026-08-03 22:00,50.00,15.80,25.25,210.00,4.00,0.00,30.36,M,6.21,M,M,M,M,M,M,M,M,M,M,M,M,M,M,M,M,50.00,FAOR 032200Z 21004KT CAVOK 10/M09 Q1028 NOSIG,M
FAOR,2026-08-03 23:00,48.20,17.60,29.20,220.00,4.00,0.00,30.36,M,6.21,M,M,M,M,M,M,M,M,M,M,M,M,M,M,M,M,46.34,FAOR 032300Z 22004KT CAVOK 09/M08 Q1028 NOSIG,M
FAOR,2026-08-04 00:00,46.40,17.60,31.25,220.00,3.00,0.00,30.36,M,6.21,M,M,M,M,M,M,M,M,M,M,M,M,M,M,M,M,45.15,FAOR 040000Z 22003KT CAVOK 08/M08 Q1028 NOSIG,M
FAOR,2026-08-04 01:00,46.40,17.60,31.25,210.00,4.00,0.00,30.36,M,6.21,M,M,M,M,M,M,M,M,M,M,M,M,M,M,M,M,44.24,FAOR 040100Z 21004KT CAVOK 08/M08 Q1028 NOSIG,M
FAOR,2026-08-04 02:00,46.40,15.80,28.90,210.00,3.00,0.00,30.36,M,6.21,M,M,M,M,M,M,M,M,M,M,M,M,M,M,M,M,45.15,FAOR 040200Z 21003KT CAVOK 08/M09 Q1028 NOSIG,M
FAOR,2026-08-04 02:30,46.40,15.80,28.90,210.00,4.00,0.00,30.36,M,6.21,M,M,M,M,M,M,M,M,M,M,M,M,M,M,M,M,44.24,FAOR 040230Z 21004KT CAVOK 08/M09 Q1028 NOSIG,M
FAOR,2026-08-04 03:00,46.40,17.60,31.25,210.00,4.00,0.00,30.36,M,6.21,M,M,M,M,M,M,M,M,M,M,M,M,M,M,M,M,44.24,FAOR 040300Z 21004KT CAVOK 08/M08 Q1028 NOSIG,M
FAOR,2026-08-04 03:30,44.60,17.60,33.46,210.00,3.00,0.00,30.33,M,6.21,M,M,M,M,M,M,M,M,M,M,M,M,M,M,M,M,43.09,FAOR 040330Z 21003KT CAVOK 07/M08 Q1027 NOSIG,M
FAOR,2026-08-04 04:00,42.80,15.80,33.15,170.00,3.00,0.00,30.33,M,6.21,M,M,M,M,M,M,M,M,M,M,M,M,M,M,M,M,41.03,FAOR 040400Z 17003KT 130V190 CAVOK 06/M09 Q1027 NOSIG,M
FAOR,2026-08-04 04:30,46.40,17.60,31.25,180.00,3.00,0.00,30.33,M,6.21,M,M,M,M,M,M,M,M,M,M,M,M,M,M,M,M,45.15,FAOR 040430Z 18003KT 130V230 CAVOK 08/M08 Q1027 NOSIG,M
FAOR,2026-08-04 05:00,46.40,15.80,28.90,200.00,3.00,0.00,30.36,M,6.21,M,M,M,M,M,M,M,M,M,M,M,M,M,M,M,M,45.15,FAOR 040500Z 20003KT CAVOK 08/M09 Q1028 NOSIG,M
FAOR,2026-08-04 05:30,46.40,17.60,31.25,190.00,4.00,0.00,30.36,M,6.21,M,M,M,M,M,M,M,M,M,M,M,M,M,M,M,M,44.24,FAOR 040530Z 19004KT CAVOK 08/M08 Q1028 NOSIG,M
FAOR,2026-08-04 06:00,50.00,23.00,34.37,M,2.00,0.00,30.36,M,6.21,M,M,M,M,M,M,M,M,M,M,M,M,M,M,M,M,50.00,FAOR 040600Z VRB02KT CAVOK 10/M05 Q1028 NOSIG,M
FAOR,2026-08-04 06:30,53.60,19.40,25.83,100.00,3.00,0.00,30.36,M,6.21,M,M,M,M,M,M,M,M,M,M,M,M,M,M,M,M,53.60,FAOR 040630Z 10003KT 080V140 CAVOK 12/M07 Q1028 NOSIG,M
FAOR,2026-08-04 07:00,59.00,21.20,22.94,M,3.00,0.00,30.39,M,6.21,M,M,M,M,M,M,M,M,M,M,M,M,M,M,M,M,59.00,FAOR 040700Z VRB03KT CAVOK 15/M06 Q1029 NOSIG,M
FAOR,2026-08-04 07:30,60.80,17.60,18.44,M,3.00,0.00,30.39,M,6.21,M,M,M,M,M,M,M,M,M,M,M,M,M,M,M,M,60.80,FAOR 040730Z VRB03KT CAVOK 16/M08 Q1029 NOSIG,M
FAOR,2026-08-04 08:00,62.60,17.60,17.31,340.00,3.00,0.00,30.39,M,6.21,M,M,M,M,M,M,M,M,M,M,M,M,M,M,M,M,62.60,FAOR 040800Z 34003KT 250V050 CAVOK 17/M08 Q1029 NOSIG,M
FAOR,2026-08-04 08:30,62.60,19.40,18.70,M,3.00,0.00,30.39,M,6.21,M,M,M,M,M,M,M,M,M,M,M,M,M,M,M,M,62.60,FAOR 040830Z VRB03KT CAVOK 17/M07 Q1029 NOSIG,M
FAOR,2026-08-04 09:00,64.40,21.20,18.96,M,4.00,0.00,30.39,M,6.21,M,M,M,M,M,M,M,M,M,M,M,M,M,M,M,M,64.40,FAOR 040900Z VRB04KT CAVOK 18/M06 Q1029 NOSIG,M
FAOR,2026-08-04 09:30,64.40,19.40,17.56,10.00,7.00,0.00,30.36,M,6.21,M,M,M,M,M,M,M,M,M,M,M,M,M,M,M,M,64.40,FAOR 040930Z 01007KT 320V050 CAVOK 18/M07 Q1028 NOSIG,M
FAOR,2026-08-04 10:00,64.40,17.60,16.25,360.00,10.00,0.00,30.36,M,6.21,M,M,M,M,M,M,M,M,M,M,M,M,M,M,M,M,64.40,FAOR 041000Z 36010KT 310V030 CAVOK 18/M08 Q1028 NOSIG,M
FAOR,2026-08-04 10:30,64.40,19.40,17.56,340.00,7.00,0.00,30.36,M,6.21,M,M,M,M,M,M,M,M,M,M,M,M,M,M,M,M,64.40,FAOR 041030Z 34007KT 280V030 CAVOK 18/M07 Q1028 NOSIG,M
FAOR,2026-08-04 11:00,66.20,19.40,16.49,360.00,7.00,0.00,30.33,M,6.21,M,M,M,M,M,M,M,M,M,M,M,M,M,M,M,M,66.20,FAOR 041100Z 36007KT 320V050 CAVOK 19/M07 Q1027 NOSIG,M
FAOR,2026-08-04 11:30,66.20,19.40,16.49,280.00,7.00,0.00,30.33,M,6.21,M,M,M,M,M,M,M,M,M,M,M,M,M,M,M,M,66.20,FAOR 041130Z 28007KT 220V330 CAVOK 19/M07 Q1027 NOSIG,M
FAOR,2026-08-04 12:00,64.40,19.40,17.56,290.00,9.00,0.00,30.33,M,6.21,M,M,M,M,M,M,M,M,M,M,M,M,M,M,M,M,64.40,FAOR 041200Z 29009KT 240V320 CAVOK 18/M07 Q1027 NOSIG,M
FAOR,2026-08-04 12:30,66.20,19.40,16.49,260.00,8.00,0.00,30.33,M,6.21,M,M,M,M,M,M,M,M,M,M,M,M,M,M,M,M,66.20,FAOR 041230Z 26008KT 210V310 CAVOK 19/M07 Q1027 NOSIG,M
FAOR,2026-08-04 13:00,66.20,19.40,16.49,290.00,6.00,0.00,30.33,M,6.21,M,M,M,M,M,M,M,M,M,M,M,M,M,M,M,M,66.20,FAOR 041300Z 29006KT 230V010 CAVOK 19/M07 Q1027 NOSIG,M
FAOR,2026-08-04 13:30,64.40,17.60,16.25,270.00,6.00,0.00,30.33,M,6.21,M,M,M,M,M,M,M,M,M,M,M,M,M,M,M,M,64.40,FAOR 041330Z 27006KT 230V300 CAVOK 18/M08 Q1027 NOSIG,M
FAOR,2026-08-04 14:00,64.40,19.40,17.56,260.00,5.00,0.00,30.33,M,6.21,M,M,M,M,M,M,M,M,M,M,M,M,M,M,M,M,64.40,FAOR 041400Z 26005KT 220V310 CAVOK 18/M07 Q1027 NOSIG,M
FAOR,2026-08-04 14:30,64.40,17.60,16.25,310.00,8.00,0.00,30.33,M,6.21,M,M,M,M,M,M,M,M,M,M,M,M,M,M,M,M,64.40,FAOR 041430Z 31008KT 260V350 CAVOK 18/M08 Q1027 NOSIG,M
FAOR,2026-08-04 15:00,64.40,17.60,16.25,320.00,7.00,0.00,30.33,M,6.21,M,M,M,M,M,M,M,M,M,M,M,M,M,M,M,M,64.40,FAOR 041500Z 32007KT CAVOK 18/M08 Q1027 NOSIG,M
FAOR,2026-08-04 15:30,62.60,19.40,18.70,320.00,8.00,0.00,30.33,M,6.21,M,M,M,M,M,M,M,M,M,M,M,M,M,M,M,M,62.60,FAOR 041530Z 32008KT CAVOK 17/M07 Q1027 NOSIG,M
FAOR,2026-08-04 16:00,60.80,19.40,19.93,310.00,5.00,0.00,30.33,M,6.21,M,M,M,M,M,M,M,M,M,M,M,M,M,M,M,M,60.80,FAOR 041600Z 31005KT 270V330 CAVOK 16/M07 Q1027 NOSIG,M
FAOR,2026-08-04 16:30,60.80,19.40,19.93,300.00,6.00,0.00,30.33,M,6.21,M,M,M,M,M,M,M,M,M,M,M,M,M,M,M,M,60.80,FAOR 041630Z 30006KT CAVOK 16/M07 Q1027 NOSIG,M
FAOR,2026-08-04 17:00,59.00,19.40,21.25,310.00,5.00,0.00,30.33,M,6.21,M,M,M,M,M,M,M,M,M,M,M,M,M,M,M,M,59.00,FAOR 041700Z 31005KT CAVOK 15/M07 Q1027 NOSIG,M
FAOR,2026-08-04 17:30,59.00,21.20,22.94,300.00,5.00,0.00,30.33,M,6.21,M,M,M,M,M,M,M,M,M,M,M,M,M,M,M,M,59.00,FAOR 041730Z 30005KT 230V320 CAVOK 15/M06 Q1027 NOSIG,M
FAOR,2026-08-04 18:00,57.20,21.20,24.47,310.00,6.00,0.00,30.33,M,6.21,M,M,M,M,M,M,M,M,M,M,M,M,M,M,M,M,57.20,FAOR 041800Z 31006KT 260V320 CAVOK 14/M06 Q1027 NOSIG,M
FAOR,2026-08-04 18:30,57.20,19.40,22.66,310.00,4.00,0.00,30.33,M,6.21,M,M,M,M,M,M,M,M,M,M,M,M,M,M,M,M,57.20,FAOR 041830Z 31004KT 240V320 CAVOK 14/M07 Q1027 NOSIG,M
FAOR,2026-08-04 19:00,57.20,21.20,24.47,310.00,4.00,0.00,30.33,M,6.21,M,M,M,M,M,M,M,M,M,M,M,M,M,M,M,M,57.20,FAOR 041900Z 31004KT 240V340 CAVOK 14/M06 Q1027 NOSIG,M
FAOR,2026-08-04 19:30,55.40,19.40,24.19,310.00,5.00,0.00,30.33,M,6.21,M,M,M,M,M,M,M,M,M,M,M,M,M,M,M,M,55.40,FAOR 041930Z 31005KT CAVOK 13/M07 Q1027 NOSIG,M
FAOR,2026-08-04 20:00,55.40,19.40,24.19,310.00,5.00,0.00,30.33,M,6.21,M,M,M,M,M,M,M,M,M,M,M,M,M,M,M,M,55.40,FAOR 042000Z 31005KT 200V340 CAVOK 13/M07 Q1027 NOSIG,M
FAOR,2026-08-04 20:30,55.40,19.40,24.19,310.00,4.00,0.00,30.33,M,6.21,M,M,M,M,M,M,M,M,M,M,M,M,M,M,M,M,55.40,FAOR 042030Z 31004KT CAVOK 13/M07 Q1027 NOSIG,M
FAOR,2026-08-04 21:00,57.20,19.40,22.66,290.00,6.00,0.00,30.33,M,6.21,M,M,M,M,M,M,M,M,M,M,M,M,M,M,M,M,57.20,FAOR 042100Z 29006KT 230V310 CAVOK 14/M07 Q1027 NOSIG,M
FAOR,2026-08-04 21:30,55.40,21.20,26.12,300.00,4.00,0.00,30.33,M,6.21,M,M,M,M,M,M,M,M,M,M,M,M,M,M,M,M,55.40,FAOR 042130Z 30004KT 250V310 CAVOK 13/M06 Q1027 NOSIG,M
FAOR,2026-08-04 22:00,53.60,19.40,25.83,300.00,4.00,0.00,30.33,M,6.21,M,M,M,M,M,M,M,M,M,M,M,M,M,M,M,M,53.60,FAOR 042200Z 30004KT CAVOK 12/M07 Q1027 NOSIG,M
FAOR,2026-08-04 23:00,53.60,19.40,25.83,300.00,4.00,0.00,30.33,M,6.21,M,M,M,M,M,M,M,M,M,M,M,M,M,M,M,M,53.60,FAOR 042300Z 30004KT CAVOK 12/M07 Q1027 NOSIG,M
FAOR,2026-08-05 00:00,51.80,21.20,29.79,270.00,3.00,0.00,30.33,M,6.21,M,M,M,M,M,M,M,M,M,M,M,M,M,M,M,M,51.80,FAOR 050000Z 27003KT 250V310 CAVOK 11/M06 Q1027 NOSIG,M
FAOR,2026-08-05 01:00,53.60,19.40,25.83,280.00,4.00,0.00,30.33,M,6.21,M,M,M,M,M,M,M,M,M,M,M,M,M,M,M,M,53.60,FAOR 050100Z 28004KT CAVOK 12/M07 Q1027 NOSIG,M
FAOR,2026-08-05 02:00,53.60,19.40,25.83,280.00,5.00,0.00,30.30,M,6.21,M,M,M,M,M,M,M,M,M,M,M,M,M,M,M,M,53.60,FAOR 050200Z 28005KT CAVOK 12/M07 Q1026 NOSIG,M
FAOR,2026-08-05 02:30,53.60,21.20,27.89,280.00,5.00,0.00,30.30,M,6.21,M,M,M,M,M,M,M,M,M,M,M,M,M,M,M,M,53.60,FAOR 050230Z 28005KT CAVOK 12/M06 Q1026 NOSIG,M
FAOR,2026-08-05 03:00,42.80,21.20,41.81,210.00,3.00,0.00,30.30,M,6.21,M,M,M,M,M,M,M,M,M,M,M,M,M,M,M,M,41.03,FAOR 050300Z 21003KT CAVOK 06/M06 Q1026 NOSIG,M
FAOR,2026-08-05 03:30,44.60,21.20,39.03,210.00,4.00,0.00,30.30,M,6.21,M,M,M,M,M,M,M,M,M,M,M,M,M,M,M,M,42.13,FAOR 050330Z 21004KT CAVOK 07/M06 Q1026 NOSIG,M
FAOR,2026-08-05 04:00,46.40,21.20,36.45,210.00,4.00,0.00,30.33,M,6.21,M,M,M,M,M,M,M,M,M,M,M,M,M,M,M,M,44.24,FAOR 050400Z 21004KT CAVOK 08/M06 Q1027 NOSIG,M
FAOR,2026-08-05 04:30,46.40,21.20,36.45,240.00,3.00,0.00,30.33,M,6.21,M,M,M,M,M,M,M,M,M,M,M,M,M,M,M,M,45.15,FAOR 050430Z 24003KT 210V280 CAVOK 08/M06 Q1027 NOSIG,M
FAOR,2026-08-05 05:00,44.60,21.20,39.03,360.00,3.00,0.00,30.33,M,6.21,M,M,M,M,M,M,M,M,M,M,M,M,M,M,M,M,43.09,FAOR 050500Z 36003KT 270V060 CAVOK 07/M06 Q1027 NOSIG,M
FAOR,2026-08-05 05:30,44.60,21.20,39.03,M,2.00,0.00,30.33,M,6.21,M,M,M,M,M,M,M,M,M,M,M,M,M,M,M,M,44.60,FAOR 050530Z VRB02KT CAVOK 07/M06 Q1027 NOSIG,M
FAOR,2026-08-05 06:00,51.80,23.00,32.15,M,2.00,0.00,30.36,M,6.21,M,M,M,M,M,M,M,M,M,M,M,M,M,M,M,M,51.80,FAOR 050600Z VRB02KT CAVOK 11/M05 Q1028 NOSIG,M
FAOR,2026-08-05 06:30,55.40,23.00,28.18,M,2.00,0.00,30.36,M,6.21,M,M,M,M,M,M,M,M,M,M,M,M,M,M,M,M,55.40,FAOR 050630Z VRB02KT CAVOK 13/M05 Q1028 NOSIG,M
FAOR,2026-08-05 07:00,60.80,21.20,21.52,M,2.00,0.00,30.36,M,6.21,M,M,M,M,M,M,M,M,M,M,M,M,M,M,M,M,60.80,FAOR 050700Z VRB02KT CAVOK 16/M06 Q1028 NOSIG,M
FAOR,2026-08-05 07:30,60.80,21.20,21.52,300.00,7.00,0.00,30.36,M,6.21,M,M,M,M,M,M,M,M,M,M,M,M,M,M,M,M,60.80,FAOR 050730Z 30007KT 270V350 CAVOK 16/M06 Q1028 NOSIG,M
FAOR,2026-08-05 08:00,60.80,23.00,23.21,310.00,9.00,0.00,30.39,M,6.21,M,M,M,M,M,M,M,M,M,M,M,M,M,M,M,M,60.80,FAOR 050800Z 31009KT 270V330 CAVOK 16/M05 Q1029 NOSIG,M
FAOR,2026-08-05 08:30,62.60,21.20,20.19,M,9.00,0.00,30.39,M,6.21,M,M,M,M,M,M,M,M,M,M,M,M,M,M,M,M,62.60,FAOR 050830Z VRB09KT CAVOK 17/M06 Q1029 NOSIG,M
FAOR,2026-08-05 09:00,62.60,21.20,20.19,280.00,9.00,0.00,30.36,M,6.21,M,M,M,M,M,M,M,M,M,M,M,M,M,M,M,M,62.60,FAOR 050900Z 28009KT 220V320 CAVOK 17/M06 Q1028 NOSIG,M
FAOR,2026-08-05 09:30,62.60,21.20,20.19,290.00,10.00,0.00,30.36,M,6.21,M,M,M,M,M,M,M,M,M,M,M,M,M,M,M,M,62.60,FAOR 050930Z 29010KT 260V320 CAVOK 17/M06 Q1028 NOSIG,M
FAOR,2026-08-05 10:00,62.60,19.40,18.70,260.00,8.00,0.00,30.36,M,6.21,M,M,M,M,M,M,M,M,M,M,M,M,M,M,M,M,62.60,FAOR 051000Z 26008KT 210V360 CAVOK 17/M07 Q1028 NOSIG,M
FAOR,2026-08-05 10:30,64.40,21.20,18.96,290.00,7.00,0.00,30.33,M,6.21,M,M,M,M,M,M,M,M,M,M,M,M,M,M,M,M,64.40,FAOR 051030Z 29007KT 230V350 CAVOK 18/M06 Q1027 NOSIG,M
FAOR,2026-08-05 11:00,64.40,19.40,17.56,M,6.00,0.00,30.33,M,6.21,M,M,M,M,M,M,M,M,M,M,M,M,M,M,M,M,64.40,FAOR 051100Z VRB06KT CAVOK 18/M07 Q1027 NOSIG,M
FAOR,2026-08-05 11:30,66.20,21.20,17.81,280.00,6.00,0.00,30.30,M,6.21,M,M,M,M,M,M,M,M,M,M,M,M,M,M,M,M,66.20,FAOR 051130Z 28006KT 170V340 CAVOK 19/M06 Q1026 NOSIG,M
FAOR,2026-08-05 12:00,66.20,21.20,17.81,M,4.00,0.00,30.30,M,6.21,M,M,M,M,M,M,M,M,M,M,M,M,M,M,M,M,66.20,FAOR 051200Z VRB04KT CAVOK 19/M06 Q1026 NOSIG,M
FAOR,2026-08-05 12:30,66.20,21.20,17.81,290.00,7.00,0.00,30.30,M,6.21,M,M,M,M,M,M,M,M,M,M,M,M,M,M,M,M,66.20,FAOR 051230Z 29007KT 260V340 CAVOK 19/M06 Q1026 NOSIG,M
FAOR,2026-08-05 13:00,66.20,21.20,17.81,290.00,9.00,0.00,30.27,M,6.21,M,M,M,M,M,M,M,M,M,M,M,M,M,M,M,M,66.20,FAOR 051300Z 29009KT 240V320 CAVOK 19/M06 Q1025 NOSIG,M
FAOR,2026-08-05 13:30,66.20,19.40,16.49,280.00,10.00,0.00,30.27,M,6.21,M,M,M,M,M,M,M,M,M,M,M,M,M,M,M,M,66.20,FAOR 051330Z 28010KT CAVOK 19/M07 Q1025 NOSIG,M
FAOR,2026-08-05 14:00,68.00,17.60,14.34,290.00,8.00,0.00,30.27,M,6.21,M,M,M,M,M,M,M,M,M,M,M,M,M,M,M,M,68.00,FAOR 051400Z 29008KT 250V330 CAVOK 20/M08 Q1025 NOSIG,M
FAOR,2026-08-05 14:30,66.20,19.40,16.49,270.00,6.00,0.00,30.27,M,6.21,M,M,M,M,M,M,M,M,M,M,M,M,M,M,M,M,66.20,FAOR 051430Z 27006KT 220V320 CAVOK 19/M07 Q1025 NOSIG,M
FAOR,2026-08-05 15:00,66.20,19.40,16.49,280.00,6.00,0.00,30.27,M,6.21,M,M,M,M,M,M,M,M,M,M,M,M,M,M,M,M,66.20,FAOR 051500Z 28006KT 240V310 CAVOK 19/M07 Q1025 NOSIG,M
FAOR,2026-08-05 15:30,64.40,23.00,20.45,310.00,7.00,0.00,30.30,M,6.21,M,M,M,M,M,M,M,M,M,M,M,M,M,M,M,M,64.40,FAOR 051530Z 31007KT CAVOK 18/M05 Q1026 NOSIG,M
FAOR,2026-08-05 16:00,62.60,23.00,21.78,310.00,6.00,0.00,30.30,M,6.21,M,M,M,M,M,M,M,M,M,M,M,M,M,M,M,M,62.60,FAOR 051600Z 31006KT CAVOK 17/M05 Q1026 NOSIG,M
FAOR,2026-08-05 16:30,60.80,23.00,23.21,300.00,5.00,0.00,30.30,M,6.21,M,M,M,M,M,M,M,M,M,M,M,M,M,M,M,M,60.80,FAOR 051630Z 30005KT 230V320 CAVOK 16/M05 Q1026 NOSIG,M
FAOR,2026-08-05 17:00,59.00,24.80,26.69,300.00,5.00,0.00,30.30,M,6.21,M,M,M,M,M,M,M,M,M,M,M,M,M,M,M,M,59.00,FAOR 051700Z 30005KT 260V320 CAVOK 15/M04 Q1026 NOSIG,M
FAOR,2026-08-05 17:30,59.00,21.20,22.94,300.00,6.00,0.00,30.30,M,6.21,M,M,M,M,M,M,M,M,M,M,M,M,M,M,M,M,59.00,FAOR 051730Z 30006KT CAVOK 15/M06 Q1026 NOSIG,M
FAOR,2026-08-05 18:00,59.00,23.00,24.75,300.00,6.00,0.00,30.33,M,6.21,M,M,M,M,M,M,M,M,M,M,M,M,M,M,M,M,59.00,FAOR 051800Z 30006KT CAVOK 15/M05 Q1027 NOSIG,M
FAOR,2026-08-05 18:30,59.00,23.00,24.75,290.00,5.00,0.00,30.33,M,6.21,M,M,M,M,M,M,M,M,M,M,M,M,M,M,M,M,59.00,FAOR 051830Z 29005KT 220V310 CAVOK 15/M05 Q1027 NOSIG,M
FAOR,2026-08-05 19:00,57.20,21.20,24.47,290.00,6.00,0.00,30.33,M,6.21,M,M,M,M,M,M,M,M,M,M,M,M,M,M,M,M,57.20,FAOR 051900Z 29006KT CAVOK 14/M06 Q1027 NOSIG,M
FAOR,2026-08-05 19:30,59.00,21.20,22.94,280.00,6.00,0.00,30.33,M,6.21,M,M,M,M,M,M,M,M,M,M,M,M,M,M,M,M,59.00,FAOR 051930Z 28006KT 230V300 CAVOK 15/M06 Q1027 NOSIG,M
FAOR,2026-08-05 20:00,57.20,21.20,24.47,280.00,7.00,0.00,30.33,M,6.21,M,M,M,M,M,M,M,M,M,M,M,M,M,M,M,M,57.20,FAOR 052000Z 28007KT 240V300 CAVOK 14/M06 Q1027 NOSIG,M
FAOR,2026-08-05 20:30,55.40,21.20,26.12,290.00,5.00,0.00,30.33,M,6.21,M,M,M,M,M,M,M,M,M,M,M,M,M,M,M,M,55.40,FAOR 052030Z 29005KT CAVOK 13/M06 Q1027 NOSIG,M
FAOR,2026-08-05 21:00,55.40,21.20,26.12,290.00,5.00,0.00,30.33,M,6.21,M,M,M,M,M,M,M,M,M,M,M,M,M,M,M,M,55.40,FAOR 052100Z 29005KT CAVOK 13/M06 Q1027 NOSIG,M
FAOR,2026-08-05 22:00,57.20,21.20,24.47,290.00,6.00,0.00,30.33,M,6.21,M,M,M,M,M,M,M,M,M,M,M,M,M,M,M,M,57.20,FAOR 052200Z 29006KT CAVOK 14/M06 Q1027 NOSIG,M
FAOR,2026-08-06 00:00,57.20,23.00,26.40,280.00,6.00,0.00,30.33,M,6.21,M,M,M,M,M,M,M,M,M,M,M,M,M,M,M,M,57.20,FAOR 060000Z 28006KT CAVOK 14/M05 Q1027 NOSIG,M
FAOR,2026-08-06 01:00,55.40,21.20,26.12,290.00,5.00,0.00,30.33,M,6.21,M,M,M,M,M,M,M,M,M,M,M,M,M,M,M,M,55.40,FAOR 060100Z 29005KT CAVOK 13/M06 Q1027 NOSIG,M
FAOR,2026-08-06 02:00,55.40,21.20,26.12,280.00,5.00,0.00,30.33,M,6.21,M,M,M,M,M,M,M,M,M,M,M,M,M,M,M,M,55.40,FAOR 060200Z 28005KT CAVOK 13/M06 Q1027 NOSIG,M
FAOR,2026-08-06 02:30,57.20,23.00,26.40,270.00,5.00,0.00,30.33,M,6.21,M,M,M,M,M,M,M,M,M,M,M,M,M,M,M,M,57.20,FAOR 060230Z 27005KT CAVOK 14/M05 Q1027 NOSIG,M
FAOR,2026-08-06 03:00,57.20,21.20,24.47,270.00,4.00,0.00,30.33,M,6.21,M,M,M,M,M,M,M,M,M,M,M,M,M,M,M,M,57.20,FAOR 060300Z 27004KT CAVOK 14/M06 Q1027 NOSIG,M
FAOR,2026-08-06 03:30,55.40,21.20,26.12,270.00,5.00,0.00,30.33,M,6.21,M,M,M,M,M,M,M,M,M,M,M,M,M,M,M,M,55.40,FAOR 060330Z 27005KT CAVOK 13/M06 Q1027 NOSIG,M
FAOR,2026-08-06 04:00,55.40,21.20,26.12,260.00,5.00,0.00,30.36,M,6.21,M,M,M,M,M,M,M,M,M,M,M,M,M,M,M,M,55.40,FAOR 060400Z 26005KT CAVOK 13/M06 Q1028 NOSIG,M
FAOR,2026-08-06 04:30,57.20,21.20,24.47,270.00,4.00,0.00,30.36,M,6.21,M,M,M,M,M,M,M,M,M,M,M,M,M,M,M,M,57.20,FAOR 060430Z 27004KT CAVOK 14/M06 Q1028 NOSIG,M
FAOR,2026-08-06 05:00,57.20,21.20,24.47,270.00,5.00,0.00,30.36,M,6.21,M,M,M,M,M,M,M,M,M,M,M,M,M,M,M,M,57.20,FAOR 060500Z 27005KT CAVOK 14/M06 Q1028 NOSIG,M
FAOR,2026-08-06 05:30,55.40,21.20,26.12,280.00,5.00,0.00,30.39,M,6.21,M,M,M,M,M,M,M,M,M,M,M,M,M,M,M,M,55.40,FAOR 060530Z 28005KT CAVOK 13/M06 Q1029 NOSIG,M
FAOR,2026-08-06 06:00,57.20,23.00,26.40,280.00,4.00,0.00,30.39,M,6.21,M,M,M,M,M,M,M,M,M,M,M,M,M,M,M,M,57.20,FAOR 060600Z 28004KT CAVOK 14/M05 Q1029 NOSIG,M
FAOR,2026-08-06 07:00,62.60,21.20,20.19,290.00,5.00,0.00,30.42,M,6.21,M,M,M,M,M,M,M,M,M,M,M,M,M,M,M,M,62.60,FAOR 060700Z 29005KT CAVOK 17/M06 Q1030 NOSIG,M
FAOR,2026-08-06 08:00,64.40,21.20,18.96,250.00,6.00,0.00,30.42,M,6.21,M,M,M,M,M,M,M,M,M,M,M,M,M,M,M,M,64.40,FAOR 060800Z 25006KT 210V290 CAVOK 18/M06 Q1030 NOSIG,M
FAOR,2026-08-06 09:00,68.00,21.20,16.73,330.00,6.00,0.00,30.42,M,6.21,M,M,M,M,M,M,M,M,M,M,M,M,M,M,M,M,68.00,FAOR 060900Z 33006KT 280V010 CAVOK 20/M06 Q1030 NOSIG,M
FAOR,2026-08-06 09:30,68.00,21.20,16.73,260.00,4.00,0.00,30.42,M,6.21,M,M,M,M,M,M,M,M,M,M,M,M,M,M,M,M,68.00,FAOR 060930Z 26004KT 180V320 CAVOK 20/M06 Q1030 NOSIG,M
FAOR,2026-08-06 10:00,69.80,21.20,15.73,230.00,5.00,0.00,30.39,M,6.21,M,M,M,M,M,M,M,M,M,M,M,M,M,M,M,M,69.80,FAOR 061000Z 23005KT 120V270 CAVOK 21/M06 Q1029 NOSIG,M
FAOR,2026-08-06 10:30,69.80,19.40,14.57,M,4.00,0.00,30.39,M,6.21,M,M,M,M,M,M,M,M,M,M,M,M,M,M,M,M,69.80,FAOR 061030Z VRB04KT CAVOK 21/M07 Q1029 NOSIG,M
FAOR,2026-08-06 11:00,71.60,21.20,14.80,210.00,4.00,0.00,30.36,M,6.21,M,M,M,M,M,M,M,M,M,M,M,M,M,M,M,M,71.60,FAOR 061100Z 21004KT 130V300 CAVOK 22/M06 Q1028 NOSIG,M
FAOR,2026-08-06 11:30,71.60,21.20,14.80,220.00,6.00,0.00,30.36,M,6.21,M,M,M,M,M,M,M,M,M,M,M,M,M,M,M,M,71.60,FAOR 061130Z 22006KT 150V270 CAVOK 22/M06 Q1028 NOSIG,M
FAOR,2026-08-06 12:00,71.60,19.40,13.71,170.00,6.00,0.00,30.33,M,6.21,M,M,M,M,M,M,M,M,M,M,M,M,M,M,M,M,71.60,FAOR 061200Z 17006KT 060V230 CAVOK 22/M07 Q1027 NOSIG,M
FAOR,2026-08-06 12:30,71.60,17.60,12.69,160.00,8.00,0.00,30.33,M,6.21,M,M,M,M,M,M,M,M,M,M,M,M,M,M,M,M,71.60,FAOR 061230Z 16008KT 120V220 CAVOK 22/M08 Q1027 NOSIG,M
FAOR,2026-08-06 13:00,69.80,19.40,14.57,M,6.00,0.00,30.33,M,6.21,M,M,M,M,M,M,M,M,M,M,M,M,M,M,M,M,69.80,FAOR 061300Z VRB06KT CAVOK 21/M07 Q1027 NOSIG,M
FAOR,2026-08-06 13:30,71.60,17.60,12.69,180.00,7.00,0.00,30.33,M,6.21,M,M,M,M,M,M,M,M,M,M,M,M,M,M,M,M,71.60,FAOR 061330Z 18007KT 130V220 CAVOK 22/M08 Q1027 NOSIG,M
FAOR,2026-08-06 14:00,71.60,19.40,13.71,170.00,6.00,0.00,30.33,M,6.21,M,M,M,M,M,M,M,M,M,M,M,M,M,M,M,M,71.60,FAOR 061400Z 17006KT 120V260 CAVOK 22/M07 Q1027 NOSIG,M
FAOR,2026-08-06 14:30,69.80,17.60,13.49,180.00,4.00,0.00,30.33,M,6.21,M,M,M,M,M,M,M,M,M,M,M,M,M,M,M,M,69.80,FAOR 061430Z 18004KT 110V210 CAVOK 21/M08 Q1027 NOSIG,M
FAOR,2026-08-06 15:00,68.00,19.40,15.50,170.00,4.00,0.00,30.33,M,6.21,M,M,M,M,M,M,M,M,M,M,M,M,M,M,M,M,68.00,FAOR 061500Z 17004KT 100V210 CAVOK 20/M07 Q1027 NOSIG,M
FAOR,2026-08-06 16:00,62.60,19.40,18.70,M,1.00,0.00,30.36,M,6.21,M,M,M,M,M,M,M,M,M,M,M,M,M,M,M,M,62.60,FAOR 061600Z VRB01KT CAVOK 17/M07 Q1028 NOSIG,M
FAOR,2026-08-06 16:30,62.60,21.20,20.19,M,1.00,0.00,30.36,M,6.21,M,M,M,M,M,M,M,M,M,M,M,M,M,M,M,M,62.60,FAOR 061630Z VRB01KT CAVOK 17/M06 Q1028 NOSIG,M
FAOR,2026-08-06 17:00,60.80,21.20,21.52,210.00,3.00,0.00,30.36,M,6.21,M,M,M,M,M,M,M,M,M,M,M,M,M,M,M,M,60.80,FAOR 061700Z 21003KT 140V270 CAVOK 16/M06 Q1028 NOSIG,M
FAOR,2026-08-06 17:30,57.20,21.20,24.47,150.00,7.00,0.00,30.39,M,6.21,18.00,M,M,M,M,M,M,M,M,M,M,M,M,M,M,M,57.20,FAOR 061730Z 15007G18KT CAVOK 14/M06 Q1029 NOSIG,M
FAOR,2026-08-06 18:00,60.80,21.20,21.52,130.00,7.00,0.00,30.39,M,6.21,19.00,M,M,M,M,M,M,M,M,M,M,M,M,M,M,M,60.80,FAOR 061800Z 13007G19KT 110V280 CAVOK 16/M06 Q1029 NOSIG,M
FAOR,2026-08-06 18:30,57.20,23.00,26.40,130.00,6.00,0.00,30.39,M,6.21,M,M,M,M,M,M,M,M,M,M,M,M,M,M,M,M,57.20,FAOR 061830Z 13006KT 080V220 CAVOK 14/M05 Q1029 NOSIG,M
FAOR,2026-08-06 19:00,57.20,23.00,26.40,130.00,6.00,0.00,30.39,M,6.21,M,M,M,M,M,M,M,M,M,M,M,M,M,M,M,M,57.20,FAOR 061900Z 13006KT CAVOK 14/M05 Q1029 NOSIG,M
FAOR,2026-08-06 19:30,57.20,21.20,24.47,130.00,6.00,0.00,30.39,M,6.21,M,M,M,M,M,M,M,M,M,M,M,M,M,M,M,M,57.20,FAOR 061930Z 13006KT CAVOK 14/M06 Q1029 NOSIG,M
FAOR,2026-08-06 20:00,57.20,21.20,24.47,120.00,6.00,0.00,30.39,M,6.21,M,M,M,M,M,M,M,M,M,M,M,M,M,M,M,M,57.20,FAOR 062000Z 12006KT CAVOK 14/M06 Q1029 NOSIG,M
FAOR,2026-08-06 20:30,57.20,21.20,24.47,M,4.00,0.00,30.39,M,6.21,M,M,M,M,M,M,M,M,M,M,M,M,M,M,M,M,57.20,FAOR 062030Z VRB04KT CAVOK 14/M06 Q1029 NOSIG,M
FAOR,2026-08-06 21:00,55.40,21.20,26.12,120.00,6.00,0.00,30.39,M,6.21,M,M,M,M,M,M,M,M,M,M,M,M,M,M,M,M,55.40,FAOR 062100Z 12006KT CAVOK 13/M06 Q1029 NOSIG,M
FAOR,2026-08-06 21:30,57.20,21.20,24.47,120.00,6.00,0.00,30.39,M,6.21,M,M,M,M,M,M,M,M,M,M,M,M,M,M,M,M,57.20,FAOR 062130Z 12006KT CAVOK 14/M06 Q1029 NOSIG,M
FAOR,2026-08-06 22:00,53.60,23.00,30.09,80.00,9.00,0.00,30.39,M,6.21,M,M,M,M,M,M,M,M,M,M,M,M,M,M,M,M,53.60,FAOR 062200Z 08009KT 050V130 CAVOK 12/M05 Q1029 NOSIG,M
FAOR,2026-08-06 22:30,50.00,23.00,34.37,70.00,3.00,0.00,30.39,M,6.21,M,M,M,M,M,M,M,M,M,M,M,M,M,M,M,M,50.00,FAOR 062230Z 07003KT CAVOK 10/M05 Q1029 NOSIG,M
FAOR,2026-08-06 23:00,51.80,23.00,32.15,50.00,5.00,0.00,30.39,M,6.21,M,M,M,M,M,M,M,M,M,M,M,M,M,M,M,M,51.80,FAOR 062300Z 05005KT CAVOK 11/M05 Q1029 NOSIG,M
FAOR,2026-08-06 23:30,50.00,23.00,34.37,60.00,4.00,0.00,30.39,M,6.21,M,M,M,M,M,M,M,M,M,M,M,M,M,M,M,M,50.00,FAOR 062330Z 06004KT 030V090 CAVOK 10/M05 Q1029 NOSIG,M
FAOR,2026-08-07 00:00,51.80,24.80,34.67,50.00,5.00,0.00,30.39,M,6.21,M,M,M,M,M,M,M,M,M,M,M,M,M,M,M,M,51.80,FAOR 070000Z 05005KT 010V090 CAVOK 11/M04 Q1029 NOSIG,M
FAOR,2026-08-07 00:30,51.80,24.80,34.67,340.00,3.00,0.00,30.39,M,6.21,M,M,M,M,M,M,M,M,M,M,M,M,M,M,M,M,51.80,FAOR 070030Z 34003KT 300V020 CAVOK 11/M04 Q1029 NOSIG,M
FAOR,2026-08-07 01:00,51.80,26.60,37.36,30.00,4.00,0.00,30.39,M,6.21,M,M,M,M,M,M,M,M,M,M,M,M,M,M,M,M,51.80,FAOR 070100Z 03004KT CAVOK 11/M03 Q1029 NOSIG,M
FAOR,2026-08-07 01:30,51.80,26.60,37.36,30.00,4.00,0.00,30.39,M,6.21,M,M,M,M,M,M,M,M,M,M,M,M,M,M,M,M,51.80,FAOR 070130Z 03004KT CAVOK 11/M03 Q1029 NOSIG,M
FAOR,2026-08-07 02:00,51.80,26.60,37.36,20.00,4.00,0.00,30.39,M,6.21,M,M,M,M,M,M,M,M,M,M,M,M,M,M,M,M,51.80,FAOR 070200Z 02004KT CAVOK 11/M03 Q1029 NOSIG,M
FAOR,2026-08-07 02:30,50.00,26.60,39.93,20.00,3.00,0.00,30.39,M,6.21,M,M,M,M,M,M,M,M,M,M,M,M,M,M,M,M,50.00,FAOR 070230Z 02003KT CAVOK 10/M03 Q1029 NOSIG,M
FAOR,2026-08-07 03:00,50.00,26.60,39.93,20.00,3.00,0.00,30.39,M,6.21,M,M,M,M,M,M,M,M,M,M,M,M,M,M,M,M,50.00,FAOR 070300Z 02003KT CAVOK 10/M03 Q1029 NOSIG,M
FAOR,2026-08-07 03:30,50.00,26.60,39.93,20.00,3.00,0.00,30.39,M,6.21,M,M,M,M,M,M,M,M,M,M,M,M,M,M,M,M,50.00,FAOR 070330Z 02003KT CAVOK 10/M03 Q1029 NOSIG,M
FAOR,2026-08-07 04:00,51.80,26.60,37.36,350.00,4.00,0.00,30.39,M,6.21,M,M,M,M,M,M,M,M,M,M,M,M,M,M,M,M,51.80,FAOR 070400Z 35004KT CAVOK 11/M03 Q1029 NOSIG,M
FAOR,2026-08-07 04:30,53.60,26.60,34.97,330.00,6.00,0.00,30.42,M,6.21,M,M,M,M,M,M,M,M,M,M,M,M,M,M,M,M,53.60,FAOR 070430Z 33006KT CAVOK 12/M03 Q1030 NOSIG,M
FAOR,2026-08-07 05:00,51.80,26.60,37.36,350.00,6.00,0.00,30.42,M,6.21,M,M,M,M,M,M,M,M,M,M,M,M,M,M,M,M,51.80,FAOR 070500Z 35006KT CAVOK 11/M03 Q1030 NOSIG,M
FAOR,2026-08-07 05:30,51.80,28.40,40.23,20.00,8.00,0.00,30.42,M,6.21,M,M,M,M,M,M,M,M,M,M,M,M,M,M,M,M,51.80,FAOR 070530Z 02008KT CAVOK 11/M02 Q1030 NOSIG,M
FAOR,2026-08-07 06:00,51.80,28.40,40.23,30.00,5.00,0.00,30.45,M,6.21,M,M,M,M,M,M,M,M,M,M,M,M,M,M,M,M,51.80,FAOR 070600Z 03005KT CAVOK 11/M02 Q1031 NOSIG,M
FAOR,2026-08-07 06:30,57.20,28.40,33.04,20.00,7.00,0.00,30.45,M,6.21,M,M,M,M,M,M,M,M,M,M,M,M,M,M,M,M,57.20,FAOR 070630Z 02007KT CAVOK 14/M02 Q1031 NOSIG,M
FAOR,2026-08-07 07:00,60.80,28.40,29.05,10.00,8.00,0.00,30.45,M,6.21,M,M,M,M,M,M,M,M,M,M,M,M,M,M,M,M,60.80,FAOR 070700Z 01008KT CAVOK 16/M02 Q1031 NOSIG,M
FAOR,2026-08-07 07:30,60.80,26.60,26.98,340.00,8.00,0.00,30.47,M,6.21,M,M,M,M,M,M,M,M,M,M,M,M,M,M,M,M,60.80,FAOR 070730Z 34008KT CAVOK 16/M03 Q1032 NOSIG,M
FAOR,2026-08-07 08:00,62.60,26.60,25.31,310.00,8.00,0.00,30.47,M,6.21,M,M,M,M,M,M,M,M,M,M,M,M,M,M,M,M,62.60,FAOR 070800Z 31008KT CAVOK 17/M03 Q1032 NOSIG,M
FAOR,2026-08-07 08:30,64.40,26.60,23.77,320.00,9.00,0.00,30.47,M,6.21,M,M,M,M,M,M,M,M,M,M,M,M,M,M,M,M,64.40,FAOR 070830Z 32009KT 260V350 CAVOK 18/M03 Q1032 NOSIG,M
FAOR,2026-08-07 09:00,66.20,26.60,22.32,340.00,9.00,0.00,30.47,M,6.21,M,M,M,M,M,M,M,M,M,M,M,M,M,M,M,M,66.20,FAOR 070900Z 34009KT 270V030 CAVOK 19/M03 Q1032 NOSIG,M
FAOR,2026-08-07 09:30,68.00,24.80,19.47,M,8.00,0.00,30.45,M,6.21,M,M,M,M,M,M,M,M,M,M,M,M,M,M,M,M,68.00,FAOR 070930Z VRB08KT CAVOK 20/M04 Q1031 NOSIG,M
FAOR,2026-08-07 10:00,68.00,26.60,20.98,360.00,7.00,0.00,30.45,M,6.21,M,M,M,M,M,M,M,M,M,M,M,M,M,M,M,M,68.00,FAOR 071000Z 36007KT 280V080 CAVOK 20/M03 Q1031 NOSIG,M
FAOR,2026-08-07 10:30,69.80,24.80,18.31,10.00,9.00,0.00,30.45,M,6.21,M,M,M,M,M,M,M,M,M,M,M,M,M,M,M,M,69.80,FAOR 071030Z 01009KT 340V050 CAVOK 21/M04 Q1031 NOSIG,M
FAOR,2026-08-07 11:00,68.00,24.80,19.47,350.00,6.00,0.00,30.45,M,6.21,M,M,M,M,M,M,M,M,M,M,M,M,M,M,M,M,68.00,FAOR 071100Z 35006KT 320V060 CAVOK 20/M04 Q1031 NOSIG,M
FAOR,2026-08-07 11:30,69.80,24.80,18.31,50.00,7.00,0.00,30.42,M,6.21,M,M,M,M,M,M,M,M,M,M,M,M,M,M,M,M,69.80,FAOR 071130Z 05007KT 330V100 CAVOK 21/M04 Q1030 NOSIG,M
FAOR,2026-08-07 12:00,69.80,23.00,16.98,M,6.00,0.00,30.42,M,6.21,M,M,M,M,M,M,M,M,M,M,M,M,M,M,M,M,69.80,FAOR 071200Z VRB06KT CAVOK 21/M05 Q1030 NOSIG,M
FAOR,2026-08-07 12:30,68.00,23.00,18.06,290.00,6.00,0.00,30.39,M,6.21,M,M,M,M,M,M,M,M,M,M,M,M,M,M,M,M,68.00,FAOR 071230Z 29006KT 230V320 CAVOK 20/M05 Q1029 NOSIG,M
FAOR,2026-08-07 13:00,68.00,24.80,19.47,50.00,8.00,0.00,30.39,M,6.21,M,M,M,M,M,M,M,M,M,M,M,M,M,M,M,M,68.00,FAOR 071300Z 05008KT 350V080 CAVOK 20/M04 Q1029 NOSIG,M
FAOR,2026-08-07 13:30,68.00,23.00,18.06,90.00,5.00,0.00,30.39,M,6.21,M,M,M,M,M,M,M,M,M,M,M,M,M,M,M,M,68.00,FAOR 071330Z 09005KT 020V140 CAVOK 20/M05 Q1029 NOSIG,M
FAOR,2026-08-07 14:00,68.00,23.00,18.06,M,2.00,0.00,30.39,M,6.21,M,M,M,M,M,M,M,M,M,M,M,M,M,M,M,M,68.00,FAOR 071400Z VRB02KT CAVOK 20/M05 Q1029 NOSIG,M
FAOR,2026-08-07 14:30,69.80,24.80,18.31,M,1.00,0.00,30.39,M,6.21,M,M,M,M,M,M,M,M,M,M,M,M,M,M,M,M,69.80,FAOR 071430Z VRB01KT CAVOK 21/M04 Q1029 NOSIG,M
FAOR,2026-08-07 15:00,68.00,23.00,18.06,50.00,3.00,0.00,30.39,M,6.21,M,M,M,M,M,M,M,M,M,M,M,M,M,M,M,M,68.00,FAOR 071500Z 05003KT 340V100 CAVOK 20/M05 Q1029 NOSIG,M
FAOR,2026-08-07 15:30,66.20,23.00,19.21,80.00,3.00,0.00,30.39,M,6.21,M,M,M,M,M,M,M,M,M,M,M,M,M,M,M,M,66.20,FAOR 071530Z 08003KT 030V120 CAVOK 19/M05 Q1029 NOSIG,M
FAOR,2026-08-07 16:00,62.60,23.00,21.78,60.00,3.00,0.00,30.39,M,6.21,M,M,M,M,M,M,M,M,M,M,M,M,M,M,M,M,62.60,FAOR 071600Z 06003KT CAVOK 17/M05 Q1029 NOSIG,M
FAOR,2026-08-07 16:30,62.60,24.80,23.49,10.00,4.00,0.00,30.39,M,6.21,M,M,M,M,M,M,M,M,M,M,M,M,M,M,M,M,62.60,FAOR 071630Z 01004KT 350V050 CAVOK 17/M04 Q1029 NOSIG,M
FAOR,2026-08-07 17:00,62.60,26.60,25.31,310.00,4.00,0.00,30.39,M,6.21,M,M,M,M,M,M,M,M,M,M,M,M,M,M,M,M,62.60,FAOR 071700Z 31004KT 300V360 CAVOK 17/M03 Q1029 NOSIG,M
FAOR,2026-08-07 17:30,62.60,26.60,25.31,M,3.00,0.00,30.42,M,6.21,M,M,M,M,M,M,M,M,M,M,M,M,M,M,M,M,62.60,FAOR 071730Z VRB03KT CAVOK 17/M03 Q1030 NOSIG,M
FAOR,2026-08-07 18:00,59.00,26.60,28.76,20.00,3.00,0.00,30.42,M,6.21,M,M,M,M,M,M,M,M,M,M,M,M,M,M,M,M,59.00,FAOR 071800Z 02003KT 350V080 CAVOK 15/M03 Q1030 NOSIG,M
FAOR,2026-08-07 18:30,60.80,26.60,26.98,M,2.00,0.00,30.42,M,6.21,M,M,M,M,M,M,M,M,M,M,M,M,M,M,M,M,60.80,FAOR 071830Z VRB02KT CAVOK 16/M03 Q1030 NOSIG,M
FAOR,2026-08-07 19:00,59.00,26.60,28.76,M,2.00,0.00,30.42,M,6.21,M,M,M,M,M,M,M,M,M,M,M,M,M,M,M,M,59.00,FAOR 071900Z VRB02KT CAVOK 15/M03 Q1030 NOSIG,M
FAOR,2026-08-07 19:30,59.00,26.60,28.76,250.00,5.00,0.00,30.42,M,6.21,M,M,M,M,M,M,M,M,M,M,M,M,M,M,M,M,59.00,FAOR 071930Z 25005KT 210V280 CAVOK 15/M03 Q1030 NOSIG,M
FAOR,2026-08-07 20:00,55.40,28.40,35.27,80.00,6.00,0.00,30.42,M,6.21,M,M,M,M,M,M,M,M,M,M,M,M,M,M,M,M,55.40,FAOR 072000Z 08006KT 030V130 CAVOK 13/M02 Q1030 NOSIG,M
FAOR,2026-08-07 20:30,51.80,28.40,40.23,10.00,7.00,0.00,30.45,M,6.21,M,M,M,M,M,M,M,M,M,M,M,M,M,M,M,M,51.80,FAOR 072030Z 01007KT CAVOK 11/M02 Q1031 NOSIG,M
FAOR,2026-08-07 21:00,51.80,32.00,46.58,10.00,8.00,0.00,30.45,M,6.21,M,M,M,M,M,M,M,M,M,M,M,M,M,M,M,M,51.80,FAOR 072100Z 01008KT CAVOK 11/00 Q1031 NOSIG,M
FAOR,2026-08-07 22:00,48.20,32.00,53.25,20.00,6.00,0.00,30.45,M,6.21,M,M,M,M,M,M,M,M,M,M,M,M,M,M,M,M,45.04,FAOR 072200Z 02006KT CAVOK 09/M00 Q1031 NOSIG,M
FAOR,2026-08-07 22:30,50.00,35.60,57.51,360.00,7.00,0.00,30.45,M,6.21,M,M,M,M,M,M,M,M,M,M,M,M,M,M,M,M,50.00,FAOR 072230Z 36007KT CAVOK 10/02 Q1031 NOSIG,M
FAOR,2026-08-07 23:00,51.80,39.20,61.99,360.00,9.00,0.00,30.42,M,6.21,M,M,M,M,M,M,M,M,M,M,M,M,M,M,M,M,51.80,FAOR 072300Z 36009KT CAVOK 11/04 Q1030 NOSIG,M
FAOR,2026-08-08 00:00,48.20,39.20,70.87,360.00,7.00,0.00,30.42,M,6.21,M,M,M,M,M,M,M,M,M,M,M,M,M,M,M,M,44.53,FAOR 080000Z 36007KT CAVOK 09/04 Q1030 NOSIG,M
FAOR,2026-08-08 01:00,50.00,41.00,71.06,310.00,7.00,0.00,30.42,M,6.21,M,M,M,M,M,M,M,M,M,M,M,M,M,M,M,M,50.00,FAOR 080100Z 31007KT CAVOK 10/05 Q1030 NOSIG,M
FAOR,2026-08-08 02:00,50.00,42.80,76.17,320.00,8.00,0.00,30.42,M,6.21,M,M,M,M,M,M,M,M,M,M,M,M,M,M,M,M,50.00,FAOR 080200Z 32008KT CAVOK 10/06 Q1030 NOSIG,M
FAOR,2026-08-08 02:30,50.00,44.60,81.60,320.00,7.00,0.00,30.42,M,6.21,M,M,M,M,M,M,M,M,M,M,M,M,M,M,M,M,50.00,FAOR 080230Z 32007KT CAVOK 10/07 Q1030 NOSIG,M
FAOR,2026-08-08 03:00,48.20,42.80,81.47,320.00,7.00,0.00,30.42,M,6.21,M,M,M,M,M,M,M,M,M,M,M,M,M,M,M,M,44.53,FAOR 080300Z 32007KT CAVOK 09/06 Q1030 NOSIG,M
FAOR,2026-08-08 04:00,48.20,44.60,87.28,350.00,7.00,0.00,30.42,M,6.21,M,M,M,M,M,M,M,M,M,M,M,M,M,M,M,M,44.53,FAOR 080400Z 35007KT CAVOK 09/07 Q1030 NOSIG,M
FAOR,2026-08-08 04:30,48.20,44.60,87.28,350.00,7.00,0.00,30.42,M,6.21,M,M,M,M,M,M,M,M,M,M,M,M,M,M,M,M,44.53,FAOR 080430Z 35007KT 330V030 CAVOK 09/07 Q1030 NOSIG,M
FAOR,2026-08-08 05:00,48.20,44.60,87.28,360.00,8.00,0.00,30.42,M,4.35,M,NSC,M,M,M,M,M,M,M,M,M,M,M,M,M,M,44.07,FAOR 080500Z 36008KT 7000 NSC 09/07 Q1030 NOSIG,M
FAOR,2026-08-08 05:30,48.20,44.60,87.28,360.00,9.00,0.00,30.42,M,6.21,M,M,M,M,M,M,M,M,M,M,M,M,M,M,M,M,43.66,FAOR 080530Z 36009KT CAVOK 09/07 Q1030 NOSIG,M
FAOR,2026-08-08 06:00,50.00,44.60,81.60,340.00,7.00,0.00,30.42,M,6.21,M,M,M,M,M,M,M,M,M,M,M,M,M,M,M,M,50.00,FAOR 080600Z 34007KT CAVOK 10/07 Q1030 NOSIG,M
FAOR,2026-08-08 06:30,51.80,46.40,81.74,340.00,8.00,0.00,30.45,M,6.21,M,M,M,M,M,M,M,M,M,M,M,M,M,M,M,M,51.80,FAOR 080630Z 34008KT CAVOK 11/08 Q1031 NOSIG,M
FAOR,2026-08-08 07:00,53.60,46.40,76.51,340.00,8.00,0.00,30.45,M,6.21,M,M,M,M,M,M,M,M,M,M,M,M,M,M,M,M,53.60,FAOR 080700Z 34008KT CAVOK 12/08 Q1031 NOSIG,M
FAOR,2026-08-08 07:30,53.60,44.60,71.45,310.00,9.00,0.00,30.45,M,6.21,M,M,M,M,M,M,M,M,M,M,M,M,M,M,M,M,53.60,FAOR 080730Z 31009KT 280V350 CAVOK 12/07 Q1031 NOSIG,M
FAOR,2026-08-08 08:00,57.20,44.60,62.70,320.00,6.00,0.00,30.45,M,6.21,M,M,M,M,M,M,M,M,M,M,M,M,M,M,M,M,57.20,FAOR 080800Z 32006KT 270V010 CAVOK 14/07 Q1031 NOSIG,M
FAOR,2026-08-08 08:30,59.00,44.60,58.78,310.00,5.00,0.00,30.45,M,6.21,M,M,M,M,M,M,M,M,M,M,M,M,M,M,M,M,59.00,FAOR 080830Z 31005KT 210V350 CAVOK 15/07 Q1031 NOSIG,M
FAOR,2026-08-08 09:00,60.80,44.60,55.13,290.00,4.00,0.00,30.45,M,6.21,M,M,M,M,M,M,M,M,M,M,M,M,M,M,M,M,60.80,FAOR 080900Z 29004KT 200V350 CAVOK 16/07 Q1031 NOSIG,M
FAOR,2026-08-08 09:30,64.40,42.80,45.34,M,6.00,0.00,30.42,M,6.21,M,M,M,M,M,M,M,M,M,M,M,M,M,M,M,M,64.40,FAOR 080930Z VRB06KT CAVOK 18/06 Q1030 NOSIG,M
FAOR,2026-08-08 10:00,64.40,35.60,34.23,M,4.00,0.00,30.42,M,6.21,M,M,M,M,M,M,M,M,M,M,M,M,M,M,M,M,64.40,FAOR 081000Z VRB04KT CAVOK 18/02 Q1030 NOSIG,M
FAOR,2026-08-08 10:30,64.40,37.40,36.75,M,3.00,0.00,30.39,M,6.21,M,M,M,M,M,M,M,M,M,M,M,M,M,M,M,M,64.40,FAOR 081030Z VRB03KT CAVOK 18/03 Q1029 NOSIG,M
FAOR,2026-08-08 11:00,68.00,35.60,30.21,M,4.00,0.00,30.36,M,6.21,M,M,M,M,M,M,M,M,M,M,M,M,M,M,M,M,68.00,FAOR 081100Z VRB04KT CAVOK 20/02 Q1028 NOSIG,M
FAOR,2026-08-08 11:30,64.40,35.60,34.23,M,4.00,0.00,30.36,M,6.21,M,M,M,M,M,M,M,M,M,M,M,M,M,M,M,M,64.40,FAOR 081130Z VRB04KT CAVOK 18/02 Q1028 NOSIG,M
FAOR,2026-08-08 12:00,66.20,37.40,34.52,M,5.00,0.00,30.33,M,6.21,M,M,M,M,M,M,M,M,M,M,M,M,M,M,M,M,66.20,FAOR 081200Z VRB05KT CAVOK 19/03 Q1027 NOSIG,M
FAOR,2026-08-08 12:30,66.20,33.80,29.92,M,5.00,0.00,30.33,M,6.21,M,M,M,M,M,M,M,M,M,M,M,M,M,M,M,M,66.20,FAOR 081230Z VRB05KT CAVOK 19/01 Q1027 NOSIG,M
FAOR,2026-08-08 13:00,66.20,32.00,27.84,M,2.00,0.00,30.33,M,6.21,M,M,M,M,M,M,M,M,M,M,M,M,M,M,M,M,66.20,FAOR 081300Z VRB02KT CAVOK 19/M00 Q1027 NOSIG,M
FAOR,2026-08-08 13:30,66.20,30.20,25.88,M,5.00,0.00,30.30,M,6.21,M,M,M,M,M,M,M,M,M,M,M,M,M,M,M,M,66.20,FAOR 081330Z VRB05KT CAVOK 19/M01 Q1026 NOSIG,M
FAOR,2026-08-08 14:00,66.20,28.40,24.04,M,2.00,0.00,30.30,M,6.21,M,M,M,M,M,M,M,M,M,M,M,M,M,M,M,M,66.20,FAOR 081400Z VRB02KT CAVOK 19/M02 Q1026 NOSIG,M
FAOR,2026-08-08 14:30,66.20,26.60,22.32,M,2.00,0.00,30.30,M,6.21,M,M,M,M,M,M,M,M,M,M,M,M,M,M,M,M,66.20,FAOR 081430Z VRB02KT CAVOK 19/M03 Q1026 NOSIG,M
FAOR,2026-08-08 15:00,64.40,26.60,23.77,90.00,3.00,0.00,30.30,M,6.21,M,M,M,M,M,M,M,M,M,M,M,M,M,M,M,M,64.40,FAOR 081500Z 09003KT 040V140 CAVOK 18/M03 Q1026 NOSIG,M
FAOR,2026-08-08 15:30,62.60,28.40,27.26,M,2.00,0.00,30.30,M,6.21,M,M,M,M,M,M,M,M,M,M,M,M,M,M,M,M,62.60,FAOR 081530Z VRB02KT CAVOK 17/M02 Q1026 NOSIG,M
FAOR,2026-08-08 16:00,60.80,28.40,29.05,140.00,3.00,0.00,30.30,M,6.21,M,M,M,M,M,M,M,M,M,M,M,M,M,M,M,M,60.80,FAOR 081600Z 14003KT 080V150 CAVOK 16/M02 Q1026 NOSIG,M
FAOR,2026-08-08 16:30,60.80,28.40,29.05,M,2.00,0.00,30.30,M,6.21,M,M,M,M,M,M,M,M,M,M,M,M,M,M,M,M,60.80,FAOR 081630Z VRB02KT CAVOK 16/M02 Q1026 NOSIG,M
FAOR,2026-08-08 17:00,59.00,28.40,30.98,260.00,2.00,0.00,30.30,M,6.21,M,M,M,M,M,M,M,M,M,M,M,M,M,M,M,M,59.00,FAOR 081700Z 26002KT CAVOK 15/M02 Q1026 NOSIG,M
FAOR,2026-08-08 17:30,60.80,33.80,36.16,290.00,5.00,0.00,30.30,M,6.21,M,M,M,M,M,M,M,M,M,M,M,M,M,M,M,M,60.80,FAOR 081730Z 29005KT CAVOK 16/01 Q1026 NOSIG,M
FAOR,2026-08-08 18:00,59.00,33.80,38.55,290.00,6.00,0.00,30.30,M,6.21,M,M,M,M,M,M,M,M,M,M,M,M,M,M,M,M,59.00,FAOR 081800Z 29006KT CAVOK 15/01 Q1026 NOSIG,M
FAOR,2026-08-08 18:30,53.60,33.80,46.87,190.00,5.00,0.00,30.33,M,6.21,M,M,M,M,M,M,M,M,M,M,M,M,M,M,M,M,53.60,FAOR 081830Z 19005KT 160V240 CAVOK 12/01 Q1027 NOSIG,M
FAOR,2026-08-08 19:00,59.00,35.60,41.42,260.00,5.00,0.00,30.33,M,6.21,M,M,M,M,M,M,M,M,M,M,M,M,M,M,M,M,59.00,FAOR 081900Z 26005KT 230V290 CAVOK 15/02 Q1027 NOSIG,M
FAOR,2026-08-08 19:30,57.20,35.60,44.18,280.00,4.00,0.00,30.33,M,6.21,M,M,M,M,M,M,M,M,M,M,M,M,M,M,M,M,57.20,FAOR 081930Z 28004KT CAVOK 14/02 Q1027 NOSIG,M
FAOR,2026-08-08 20:00,57.20,35.60,44.18,270.00,4.00,0.00,30.30,M,6.21,M,M,M,M,M,M,M,M,M,M,M,M,M,M,M,M,57.20,FAOR 082000Z 27004KT 240V300 CAVOK 14/02 Q1026 NOSIG,M
FAOR,2026-08-08 21:00,57.20,35.60,44.18,280.00,4.00,0.00,30.30,M,6.21,M,M,M,M,M,M,M,M,M,M,M,M,M,M,M,M,57.20,FAOR 082100Z 28004KT CAVOK 14/02 Q1026 NOSIG,M
FAOR,2026-08-08 22:00,57.20,33.80,41.12,280.00,6.00,0.00,30.30,M,6.21,M,M,M,M,M,M,M,M,M,M,M,M,M,M,M,M,57.20,FAOR 082200Z 28006KT CAVOK 14/01 Q1026 NOSIG,M
FAOR,2026-08-08 23:00,53.60,33.80,46.87,310.00,6.00,0.00,30.30,M,6.21,M,M,M,M,M,M,M,M,M,M,M,M,M,M,M,M,53.60,FAOR 082300Z 31006KT CAVOK 12/01 Q1026 NOSIG,M
FAOR,2026-08-09 00:00,53.60,33.80,46.87,300.00,4.00,0.00,30.27,M,6.21,M,M,M,M,M,M,M,M,M,M,M,M,M,M,M,M,53.60,FAOR 090000Z 30004KT CAVOK 12/01 Q1025 NOSIG,M
FAOR,2026-08-09 01:00,53.60,33.80,46.87,340.00,7.00,0.00,30.27,M,6.21,M,M,M,M,M,M,M,M,M,M,M,M,M,M,M,M,53.60,FAOR 090100Z 34007KT CAVOK 12/01 Q1025 NOSIG,M
FAOR,2026-08-09 02:00,51.80,33.80,50.07,330.00,7.00,0.00,30.24,M,6.21,M,M,M,M,M,M,M,M,M,M,M,M,M,M,M,M,51.80,FAOR 090200Z 33007KT CAVOK 11/01 Q1024 NOSIG,M
FAOR,2026-08-09 02:30,50.00,33.80,53.52,310.00,6.00,0.00,30.24,M,6.21,M,M,M,M,M,M,M,M,M,M,M,M,M,M,M,M,50.00,FAOR 090230Z 31006KT CAVOK 10/01 Q1024 NOSIG,M
FAOR,2026-08-09 03:00,50.00,33.80,53.52,310.00,6.00,0.00,30.24,M,6.21,M,M,M,M,M,M,M,M,M,M,M,M,M,M,M,M,50.00,FAOR 090300Z 31006KT CAVOK 10/01 Q1024 NOSIG,M
FAOR,2026-08-09 03:30,50.00,33.80,53.52,310.00,6.00,0.00,30.24,M,6.21,M,M,M,M,M,M,M,M,M,M,M,M,M,M,M,M,50.00,FAOR 090330Z 31006KT CAVOK 10/01 Q1024 NOSIG,M
FAOR,2026-08-09 04:00,50.00,33.80,53.52,310.00,7.00,0.00,30.24,M,6.21,M,M,M,M,M,M,M,M,M,M,M,M,M,M,M,M,50.00,FAOR 090400Z 31007KT CAVOK 10/01 Q1024 NOSIG,M
FAOR,2026-08-09 04:30,50.00,33.80,53.52,310.00,8.00,0.00,30.24,M,6.21,M,M,M,M,M,M,M,M,M,M,M,M,M,M,M,M,50.00,FAOR 090430Z 31008KT CAVOK 10/01 Q1024 NOSIG,M
FAOR,2026-08-09 05:00,50.00,33.80,53.52,310.00,9.00,0.00,30.24,M,6.21,M,M,M,M,M,M,M,M,M,M,M,M,M,M,M,M,50.00,FAOR 090500Z 31009KT CAVOK 10/01 Q1024 NOSIG,M
FAOR,2026-08-09 05:30,50.00,33.80,53.52,300.00,8.00,0.00,30.27,M,6.21,M,M,M,M,M,M,M,M,M,M,M,M,M,M,M,M,50.00,FAOR 090530Z 30008KT CAVOK 10/01 Q1025 NOSIG,M
FAOR,2026-08-09 06:00,51.80,35.60,53.80,300.00,8.00,0.00,30.27,M,6.21,M,M,M,M,M,M,M,M,M,M,M,M,M,M,M,M,51.80,FAOR 090600Z 30008KT CAVOK 11/02 Q1025 NOSIG,M
FAOR,2026-08-09 06:30,53.60,35.60,50.35,290.00,9.00,0.00,30.27,M,6.21,M,M,M,M,M,M,M,M,M,M,M,M,M,M,M,M,53.60,FAOR 090630Z 29009KT CAVOK 12/02 Q1025 NOSIG,M
FAOR,2026-08-09 07:00,55.40,35.60,47.15,290.00,10.00,0.00,30.27,M,6.21,M,M,M,M,M,M,M,M,M,M,M,M,M,M,M,M,55.40,FAOR 090700Z 29010KT CAVOK 13/02 Q1025 NOSIG,M
FAOR,2026-08-09 07:30,57.20,37.40,47.44,300.00,11.00,0.00,30.27,M,6.21,M,M,M,M,M,M,M,M,M,M,M,M,M,M,M,M,57.20,FAOR 090730Z 30011KT CAVOK 14/03 Q1025 NOSIG,M
FAOR,2026-08-09 08:00,57.20,37.40,47.44,300.00,11.00,0.00,30.27,M,6.21,M,M,M,M,M,M,M,M,M,M,M,M,M,M,M,M,57.20,FAOR 090800Z 30011KT 270V330 CAVOK 14/03 Q1025 NOSIG,M
FAOR,2026-08-09 08:30,59.00,39.20,47.72,310.00,12.00,0.00,30.27,M,6.21,M,M,M,M,M,M,M,M,M,M,M,M,M,M,M,M,59.00,FAOR 090830Z 31012KT 250V330 CAVOK 15/04 Q1025 NOSIG,M
FAOR,2026-08-09 09:00,59.00,37.40,44.47,310.00,13.00,0.00,30.24,M,6.21,M,M,M,M,M,M,M,M,M,M,M,M,M,M,M,M,59.00,FAOR 090900Z 31013KT 270V330 CAVOK 15/03 Q1024 NOSIG,M
FAOR,2026-08-09 09:30,62.60,37.40,39.14,280.00,12.00,0.00,30.24,M,6.21,M,M,M,M,M,M,M,M,M,M,M,M,M,M,M,M,62.60,FAOR 090930Z 28012KT 220V300 CAVOK 17/03 Q1024 NOSIG,M
FAOR,2026-08-09 10:00,64.40,39.20,39.44,290.00,12.00,0.00,30.21,M,6.21,M,M,M,M,M,M,M,M,M,M,M,M,M,M,M,M,64.40,FAOR 091000Z 29012KT 250V310 CAVOK 18/04 Q1023 NOSIG,M
FAOR,2026-08-09 10:30,64.40,37.40,36.75,300.00,8.00,0.00,30.21,M,6.21,M,M,M,M,M,M,M,M,M,M,M,M,M,M,M,M,64.40,FAOR 091030Z 30008KT 250V330 CAVOK 18/03 Q1023 NOSIG,M
FAOR,2026-08-09 11:00,64.40,33.80,31.86,300.00,12.00,0.00,30.18,M,6.21,M,M,M,M,M,M,M,M,M,M,M,M,M,M,M,M,64.40,FAOR 091100Z 30012KT CAVOK 18/01 Q1022 NOSIG,M
FAOR,2026-08-09 11:30,64.40,35.60,34.23,300.00,11.00,0.00,30.15,M,6.21,M,M,M,M,M,M,M,M,M,M,M,M,M,M,M,M,64.40,FAOR 091130Z 30011KT 250V350 CAVOK 18/02 Q1021 NOSIG,M
FAOR,2026-08-09 12:00,64.40,33.80,31.86,300.00,10.00,0.00,30.15,M,6.21,M,M,M,M,M,M,M,M,M,M,M,M,M,M,M,M,64.40,FAOR 091200Z 30010KT 260V350 CAVOK 18/01 Q1021 NOSIG,M
FAOR,2026-08-09 12:30,64.40,33.80,31.86,320.00,12.00,0.00,30.12,M,6.21,M,M,M,M,M,M,M,M,M,M,M,M,M,M,M,M,64.40,FAOR 091230Z 32012KT 280V350 CAVOK 18/01 Q1020 NOSIG,M
FAOR,2026-08-09 13:00,64.40,33.80,31.86,310.00,11.00,0.00,30.12,M,6.21,M,M,M,M,M,M,M,M,M,M,M,M,M,M,M,M,64.40,FAOR 091300Z 31011KT 290V350 CAVOK 18/01 Q1020 NOSIG,M
FAOR,2026-08-09 13:30,64.40,32.00,29.63,320.00,10.00,0.00,30.12,M,6.21,M,M,M,M,M,M,M,M,M,M,M,M,M,M,M,M,64.40,FAOR 091330Z 32010KT 260V350 CAVOK 18/00 Q1020 NOSIG,M
FAOR,2026-08-09 14:00,64.40,32.00,29.63,310.00,9.00,0.00,30.12,M,6.21,M,M,M,M,M,M,M,M,M,M,M,M,M,M,M,M,64.40,FAOR 091400Z 31009KT 260V340 CAVOK 18/00 Q1020 NOSIG,M
FAOR,2026-08-09 14:30,64.40,32.00,29.63,320.00,10.00,0.00,30.12,M,6.21,M,M,M,M,M,M,M,M,M,M,M,M,M,M,M,M,64.40,FAOR 091430Z 32010KT 270V350 CAVOK 18/00 Q1020 NOSIG,M
FAOR,2026-08-09 15:00,62.60,33.80,33.93,320.00,11.00,0.00,30.12,M,6.21,M,M,M,M,M,M,M,M,M,M,M,M,M,M,M,M,62.60,FAOR 091500Z 32011KT 290V350 CAVOK 17/01 Q1020 NOSIG,M
FAOR,2026-08-09 15:30,62.60,35.60,36.45,310.00,10.00,0.00,30.12,M,6.21,M,M,M,M,M,M,M,M,M,M,M,M,M,M,M,M,62.60,FAOR 091530Z 31010KT CAVOK 17/02 Q1020 NOSIG,M
FAOR,2026-08-09 16:00,60.80,35.60,38.85,320.00,8.00,0.00,30.12,M,6.21,M,M,M,M,M,M,M,M,M,M,M,M,M,M,M,M,60.80,FAOR 091600Z 32008KT 280V350 CAVOK 16/02 Q1020 NOSIG,M
FAOR,2026-08-09 16:30,60.80,33.80,36.16,330.00,6.00,0.00,30.12,M,6.21,M,M,M,M,M,M,M,M,M,M,M,M,M,M,M,M,60.80,FAOR 091630Z 33006KT CAVOK 16/01 Q1020 NOSIG,M
FAOR,2026-08-09 17:00,59.00,35.60,41.42,330.00,5.00,0.00,30.15,M,6.21,M,M,M,M,M,M,M,M,M,M,M,M,M,M,M,M,59.00,FAOR 091700Z 33005KT CAVOK 15/02 Q1021 NOSIG,M
FAOR,2026-08-09 17:30,59.00,33.80,38.55,340.00,7.00,0.00,30.15,M,6.21,M,M,M,M,M,M,M,M,M,M,M,M,M,M,M,M,59.00,FAOR 091730Z 34007KT CAVOK 15/01 Q1021 NOSIG,M
FAOR,2026-08-09 18:00,59.00,33.80,38.55,320.00,9.00,0.00,30.15,M,6.21,M,M,M,M,M,M,M,M,M,M,M,M,M,M,M,M,59.00,FAOR 091800Z 32009KT CAVOK 15/01 Q1021 NOSIG,M
FAOR,2026-08-09 18:30,59.00,35.60,41.42,320.00,9.00,0.00,30.15,M,6.21,M,M,M,M,M,M,M,M,M,M,M,M,M,M,M,M,59.00,FAOR 091830Z 32009KT CAVOK 15/02 Q1021 NOSIG,M
FAOR,2026-08-09 19:00,57.20,35.60,44.18,330.00,8.00,0.00,30.15,M,6.21,M,M,M,M,M,M,M,M,M,M,M,M,M,M,M,M,57.20,FAOR 091900Z 33008KT CAVOK 14/02 Q1021 NOSIG,M
FAOR,2026-08-09 19:30,57.20,35.60,44.18,310.00,7.00,0.00,30.15,M,6.21,M,M,M,M,M,M,M,M,M,M,M,M,M,M,M,M,57.20,FAOR 091930Z 31007KT CAVOK 14/02 Q1021 NOSIG,M
FAOR,2026-08-09 20:00,57.20,35.60,44.18,320.00,8.00,0.00,30.15,M,6.21,M,M,M,M,M,M,M,M,M,M,M,M,M,M,M,M,57.20,FAOR 092000Z 32008KT 270V330 CAVOK 14/02 Q1021 NOSIG,M
FAOR,2026-08-09 20:30,55.40,33.80,43.89,320.00,9.00,0.00,30.15,M,6.21,M,M,M,M,M,M,M,M,M,M,M,M,M,M,M,M,55.40,FAOR 092030Z 32009KT CAVOK 13/01 Q1021 NOSIG,M
FAOR,2026-08-09 21:00,55.40,33.80,43.89,320.00,8.00,0.00,30.15,M,6.21,M,M,M,M,M,M,M,M,M,M,M,M,M,M,M,M,55.40,FAOR 092100Z 32008KT CAVOK 13/01 Q1021 NOSIG,M
FAOR,2026-08-09 22:00,55.40,33.80,43.89,330.00,8.00,0.00,30.12,M,6.21,M,M,M,M,M,M,M,M,M,M,M,M,M,M,M,M,55.40,FAOR 092200Z 33008KT CAVOK 13/01 Q1020 NOSIG,M
FAOR,2026-08-09 23:00,57.20,33.80,41.12,340.00,10.00,0.00,30.12,M,6.21,M,M,M,M,M,M,M,M,M,M,M,M,M,M,M,M,57.20,FAOR 092300Z 34010KT 280V020 CAVOK 14/01 Q1020 NOSIG,M
FAOR,2026-08-10 00:00,51.80,33.80,50.07,350.00,9.00,0.00,30.09,M,6.21,M,M,M,M,M,M,M,M,M,M,M,M,M,M,M,M,51.80,FAOR 100000Z 35009KT CAVOK 11/01 Q1019 NOSIG,M
FAOR,2026-08-10 01:00,46.40,32.00,56.99,360.00,7.00,0.00,30.09,M,6.21,M,M,M,M,M,M,M,M,M,M,M,M,M,M,M,M,42.33,FAOR 100100Z 36007KT CAVOK 08/00 Q1019 NOSIG,M
FAOR,2026-08-10 02:00,46.40,32.00,56.99,20.00,7.00,0.00,30.09,M,6.21,M,M,M,M,M,M,M,M,M,M,M,M,M,M,M,M,42.33,FAOR 100200Z 02007KT CAVOK 08/00 Q1019 NOSIG,M
FAOR,2026-08-10 02:30,48.20,32.00,53.25,10.00,8.00,0.00,30.06,M,6.21,M,M,M,M,M,M,M,M,M,M,M,M,M,M,M,M,44.07,FAOR 100230Z 01008KT CAVOK 09/00 Q1018 NOSIG,M
FAOR,2026-08-10 03:00,46.40,32.00,56.99,30.00,6.00,0.00,30.06,M,6.21,M,M,M,M,M,M,M,M,M,M,M,M,M,M,M,M,42.87,FAOR 100300Z 03006KT CAVOK 08/00 Q1018 NOSIG,M
FAOR,2026-08-10 03:30,48.20,32.00,53.25,30.00,4.00,0.00,30.06,M,6.21,M,M,M,M,M,M,M,M,M,M,M,M,M,M,M,M,46.34,FAOR 100330Z 03004KT CAVOK 09/00 Q1018 NOSIG,M
FAOR,2026-08-10 04:00,50.00,32.00,49.79,10.00,8.00,0.00,30.09,M,6.21,M,M,M,M,M,M,M,M,M,M,M,M,M,M,M,M,50.00,FAOR 100400Z 01008KT CAVOK 10/00 Q1019 NOSIG,M
FAOR,2026-08-10 04:30,51.80,32.00,46.58,360.00,13.00,0.00,30.09,M,6.21,M,M,M,M,M,M,M,M,M,M,M,M,M,M,M,M,51.80,FAOR 100430Z 36013KT CAVOK 11/M00 Q1019 NOSIG,M
FAOR,2026-08-10 05:00,50.00,32.00,49.79,10.00,11.00,0.00,30.09,M,6.21,M,M,M,M,M,M,M,M,M,M,M,M,M,M,M,M,50.00,FAOR 100500Z 01011KT CAVOK 10/00 Q1019 NOSIG,M
FAOR,2026-08-10 05:30,50.00,32.00,49.79,20.00,8.00,0.00,30.09,M,6.21,M,M,M,M,M,M,M,M,M,M,M,M,M,M,M,M,50.00,FAOR 100530Z 02008KT CAVOK 10/00 Q1019 NOSIG,M
FAOR,2026-08-10 06:00,51.80,32.00,46.58,30.00,10.00,0.00,30.09,M,6.21,M,M,M,M,M,M,M,M,M,M,M,M,M,M,M,M,51.80,FAOR 100600Z 03010KT CAVOK 11/00 Q1019 NOSIG,M
FAOR,2026-08-10 06:30,51.80,33.80,50.07,30.00,9.00,0.00,30.12,M,6.21,M,M,M,M,M,M,M,M,M,M,M,M,M,M,M,M,51.80,FAOR 100630Z 03009KT CAVOK 11/01 Q1020 NOSIG,M
FAOR,2026-08-10 07:00,53.60,33.80,46.87,30.00,9.00,0.00,30.12,M,6.21,M,M,M,M,M,M,M,M,M,M,M,M,M,M,M,M,53.60,FAOR 100700Z 03009KT CAVOK 12/01 Q1020 NOSIG,M
FAOR,2026-08-10 07:30,55.40,33.80,43.89,20.00,12.00,0.00,30.12,M,6.21,M,M,M,M,M,M,M,M,M,M,M,M,M,M,M,M,55.40,FAOR 100730Z 02012KT CAVOK 13/01 Q1020 NOSIG,M
FAOR,2026-08-10 08:00,55.40,35.60,47.15,20.00,15.00,0.00,30.12,M,6.21,M,M,M,M,M,M,M,M,M,M,M,M,M,M,M,M,55.40,FAOR 100800Z 02015KT CAVOK 13/02 Q1020 NOSIG,M
FAOR,2026-08-10 08:30,57.20,35.60,44.18,10.00,13.00,0.00,30.15,M,6.21,M,M,M,M,M,M,M,M,M,M,M,M,M,M,M,M,57.20,FAOR 100830Z 01013KT CAVOK 14/02 Q1021 NOSIG,M
FAOR,2026-08-10 09:00,59.00,35.60,41.42,360.00,15.00,0.00,30.12,M,6.21,M,M,M,M,M,M,M,M,M,M,M,M,M,M,M,M,59.00,FAOR 100900Z 36015KT 330V030 CAVOK 15/02 Q1020 NOSIG,M
FAOR,2026-08-10 09:30,59.00,35.60,41.42,350.00,13.00,0.00,30.12,M,6.21,M,M,M,M,M,M,M,M,M,M,M,M,M,M,M,M,59.00,FAOR 100930Z 35013KT 280V050 CAVOK 15/02 Q1020 NOSIG,M
FAOR,2026-08-10 10:00,59.00,37.40,44.47,360.00,15.00,0.00,30.12,M,6.21,M,M,M,M,M,M,M,M,M,M,M,M,M,M,M,M,59.00,FAOR 101000Z 36015KT CAVOK 15/03 Q1020 NOSIG,M
FAOR,2026-08-10 10:30,59.00,37.40,44.47,10.00,18.00,0.00,30.09,M,6.21,M,M,M,M,M,M,M,M,M,M,M,M,M,M,M,M,59.00,FAOR 101030Z 01018KT CAVOK 15/03 Q1019 NOSIG,M
FAOR,2026-08-10 11:00,57.20,37.40,47.44,10.00,17.00,0.00,30.09,M,6.21,M,M,M,M,M,M,M,M,M,M,M,M,M,M,M,M,57.20,FAOR 101100Z 01017KT CAVOK 14/03 Q1019 NOSIG,M
FAOR,2026-08-10 11:30,55.40,35.60,47.15,320.00,8.00,0.00,30.09,M,6.21,20.00,M,M,M,M,M,M,M,M,M,M,M,M,M,M,M,55.40,FAOR 101130Z 32008G20KT 290V010 CAVOK 13/02 Q1019 NOSIG,M
FAOR,2026-08-10 12:00,57.20,37.40,47.44,20.00,9.00,0.00,30.06,M,6.21,M,FEW,M,M,M,800.00,M,M,M,M,M,M,M,M,M,M,57.20,FAOR 101200Z 02009KT 9999 FEW008 14/03 Q1018 NOSIG,M
FAOR,2026-08-10 12:30,57.20,35.60,44.18,320.00,10.00,0.00,30.06,M,6.21,M,M,M,M,M,M,M,M,M,M,M,M,M,M,M,M,57.20,FAOR 101230Z 32010KT CAVOK 14/02 Q1018 NOSIG,M
FAOR,2026-08-10 13:00,55.40,37.40,50.63,320.00,8.00,0.00,30.06,M,6.21,M,M,M,M,M,M,M,M,M,M,M,M,M,M,M,M,55.40,FAOR 101300Z 32008KT CAVOK 13/03 Q1018 NOSIG,M
FAOR,2026-08-10 13:30,55.40,35.60,47.15,330.00,8.00,0.00,30.06,M,6.21,M,M,M,M,M,M,M,M,M,M,M,M,M,M,M,M,55.40,FAOR 101330Z 33008KT 250V360 CAVOK 13/02 Q1018 NOSIG,M
FAOR,2026-08-10 14:00,53.60,35.60,50.35,340.00,8.00,0.00,30.09,M,6.21,M,M,M,M,M,M,M,M,M,M,M,M,M,M,M,M,53.60,FAOR 101400Z 34008KT 310V010 CAVOK 12/02 Q1019 NOSIG,M
FAOR,2026-08-10 14:30,48.20,41.00,76.01,80.00,12.00,0.00,30.12,M,6.21,M,FEW,M,M,M,1300.00,M,M,M,M,M,M,M,M,M,M,42.62,FAOR 101430Z 08012KT 040V110 9999 FEW013 09/05 Q1020 NOSIG,M
FAOR,2026-08-10 15:00,46.40,42.80,87.18,100.00,8.00,0.00,30.12,M,6.21,M,FEW,SCT,M,M,1200.00,4500.00,M,M,-RA,M,M,M,M,M,M,41.85,FAOR 101500Z 10008KT 070V130 9999 -RA FEW012 SCT045 08/06 Q1020 NOSIG,M
FAOR,2026-08-10 15:30,46.40,42.80,87.18,100.00,4.00,0.00,30.15,M,6.21,M,SCT,BKN,M,M,1000.00,4500.00,M,M,M,M,M,M,M,M,M,44.24,FAOR 101530Z 10004KT 060V120 9999 SCT010 BKN045 08/06 Q1021 NOSIG,M
FAOR,2026-08-10 16:00,46.40,42.80,87.18,30.00,9.00,0.00,30.15,M,6.21,M,BKN,BKN,M,M,800.00,4000.00,M,M,M,M,M,M,M,M,M,41.42,FAOR 101600Z 03009KT 9999 BKN008 BKN040 08/06 Q1021 NOSIG,M
FAOR,2026-08-10 16:30,48.20,33.80,57.25,30.00,9.00,0.00,30.18,M,6.21,M,FEW,BKN,M,M,800.00,4000.00,M,M,M,M,M,M,M,M,M,43.66,FAOR 101630Z 03009KT 9999 FEW008 BKN040 09/01 Q1022 NOSIG,M
FAOR,2026-08-10 17:00,48.20,33.80,57.25,250.00,4.00,0.00,30.21,M,6.21,M,BKN,FEW,M,M,4000.00,4500.00,M,M,M,M,M,M,M,M,M,46.34,FAOR 101700Z 25004KT 210V300 9999 BKN040 FEW045TCU 09/01 Q1023 NOSIG,M
FAOR,2026-08-10 17:30,48.20,35.60,61.50,90.00,4.00,0.00,30.21,M,6.21,M,BKN,FEW,M,M,4000.00,4500.00,M,M,M,M,M,M,M,M,M,46.34,FAOR 101730Z 09004KT 020V130 9999 BKN040 FEW045TCU 09/02 Q1023 NOSIG,M
FAOR,2026-08-10 18:00,44.60,39.20,81.20,70.00,10.00,0.00,30.24,M,6.21,M,FEW,SCT,M,M,1000.00,3500.00,M,M,M,M,M,M,M,M,M,38.77,FAOR 101800Z 07010KT 030V090 9999 FEW010 SCT035 07/04 Q1024 NOSIG,M
FAOR,2026-08-10 18:30,44.60,39.20,81.20,80.00,10.00,0.00,30.24,M,6.21,M,FEW,BKN,M,M,3400.00,4100.00,M,M,M,M,M,M,M,M,M,38.77,FAOR 101830Z 08010KT 9999 FEW034 BKN041 07/04 Q1024 NOSIG,M
FAOR,2026-08-10 19:00,44.60,39.20,81.20,90.00,11.00,0.00,30.27,M,6.21,M,FEW,BKN,M,M,3000.00,3900.00,M,M,M,M,M,M,M,M,M,38.39,FAOR 101900Z 09011KT 9999 FEW030TCU BKN039 07/04 Q1025 NOSIG,M
FAOR,2026-08-10 19:30,42.80,39.20,86.99,90.00,16.00,0.00,30.27,M,6.21,M,BKN,BKN,M,M,800.00,3600.00,M,M,-RA,M,M,M,M,M,M,34.50,FAOR 101930Z 09016KT 9999 -RA BKN008 BKN036 06/04 Q1025 NOSIG,M
FAOR,2026-08-10 20:00,42.80,41.00,93.29,60.00,13.00,0.00,30.27,M,6.21,M,BKN,OVC,M,M,900.00,1200.00,M,M,-DZRA,M,M,M,M,M,M,35.40,FAOR 102000Z 06013KT 9999 -DZRA BKN009 OVC012 06/05 Q1025 NOSIG,M
FAOR,2026-08-10 20:30,42.80,41.00,93.29,90.00,9.00,0.00,30.27,M,6.21,M,OVC,M,M,M,600.00,M,M,M,-DZRA,M,M,M,M,M,M,36.94,FAOR 102030Z 09009KT 9999 -DZRA OVC006 06/05 Q1025 NOSIG,M
FAOR,2026-08-10 21:00,42.80,39.20,86.99,80.00,20.00,0.00,30.27,M,6.21,30.00,BKN,OVC,M,M,700.00,1400.00,M,M,-RA,M,M,M,M,M,M,33.48,FAOR 102100Z 08020G30KT 9999 -RA BKN007 OVC014 06/04 Q1025 NOSIG,M
FAOR,2026-08-10 22:00,41.00,39.20,93.24,60.00,15.00,0.00,30.30,M,4.97,M,BKN,OVC,M,M,700.00,1300.00,M,M,-RA,M,M,M,M,M,M,32.45,FAOR 102200Z 06015KT 8000 -RA BKN007 OVC013 05/04 Q1026 NOSIG,M
FAOR,2026-08-10 23:00,41.00,39.20,93.24,70.00,17.00,0.00,30.27,M,5.59,M,BKN,OVC,FEW,M,700.00,1400.00,3000.00,M,-SHRA,M,M,M,M,M,M,31.87,COR FAOR 102300Z 07017KT 9000 -SHRA BKN007 OVC014 FEW030TCU 05/04 Q1025 NOSIG,M
FAOR,2026-08-11 00:00,41.00,39.20,93.24,80.00,16.00,0.00,30.27,M,6.21,M,BKN,FEW,OVC,M,1200.00,3000.00,3200.00,M,-SHRA,M,M,M,M,M,M,32.15,FAOR 110000Z 08016KT 9999 -SHRA BKN012 FEW030TCU OVC032 05/04 Q1025 NOSIG,M
FAOR,2026-08-11 01:00,41.00,39.20,93.24,60.00,10.00,0.00,30.30,M,5.59,M,BKN,FEW,OVC,M,600.00,3000.00,3700.00,M,-SHRA,M,M,M,M,M,M,34.25,FAOR 110100Z 06010KT 030V090 9000 -SHRA BKN006 FEW030TCU OVC037 05/04 Q1026 NOSIG,M
FAOR,2026-08-11 02:00,41.00,39.20,93.24,110.00,11.00,0.00,30.27,M,6.21,M,OVC,FEW,M,M,700.00,3000.00,M,M,-SHRA,M,M,M,M,M,M,33.84,FAOR 110200Z 11011KT 080V140 9999 -SHRA OVC007 FEW030TCU 05/04 Q1025 RETSRA NOSIG,M
FAOR,2026-08-11 02:30,41.00,39.20,93.24,90.00,12.00,0.00,30.30,M,6.21,M,FEW,BKN,OVC,M,500.00,700.00,1900.00,M,-RA,M,M,M,M,M,M,33.46,FAOR 110230Z 09012KT 9999 -RA FEW005 BKN007 OVC019 05/04 Q1026 RESHRA NOSIG,M
FAOR,2026-08-11 03:00,41.00,39.20,93.24,100.00,13.00,0.00,30.30,M,5.59,M,BKN,OVC,M,M,600.00,1000.00,M,M,DZRA,M,M,M,M,M,M,33.10,FAOR 110300Z 10013KT 9000 DZRA BKN006 OVC010 05/04 Q1026 RESHRA NOSIG,M
FAOR,2026-08-11 03:30,41.00,39.20,93.24,110.00,16.00,0.00,30.30,M,6.21,M,BKN,OVC,M,M,800.00,1400.00,M,M,-RA,M,M,M,M,M,M,32.15,FAOR 110330Z 11016KT 9999 -RA BKN008 OVC014 05/04 Q1026 NOSIG,M
FAOR,2026-08-11 04:00,41.00,39.20,93.24,100.00,11.00,0.00,30.33,M,3.73,M,BKN,OVC,M,M,600.00,1500.00,M,M,DZRA,M,M,M,M,M,M,33.84,FAOR 110400Z 10011KT 6000 DZRA BKN006 OVC015 05/04 Q1027 NOSIG,M
FAOR,2026-08-11 04:30,41.00,39.20,93.24,100.00,16.00,0.00,30.33,M,6.21,M,BKN,OVC,M,M,500.00,1000.00,M,M,-RA,M,M,M,M,M,M,32.15,FAOR 110430Z 10016KT 9999 -RA BKN005 OVC010 05/04 Q1027 NOSIG,M
FAOR,2026-08-11 05:00,39.20,37.40,93.19,110.00,13.00,0.00,30.36,M,2.80,M,BKN,OVC,M,M,500.00,1500.00,M,M,RA,M,M,M,M,M,M,30.79,FAOR 110500Z 11013KT 070V140 4500 RA BKN005 OVC015 04/03 Q1028 TEMPO 3000,M
FAOR,2026-08-11 05:30,39.20,37.40,93.19,110.00,14.00,0.00,30.36,M,6.21,M,BKN,OVC,M,M,500.00,1500.00,M,M,M,M,M,M,M,M,M,30.44,FAOR 110530Z 11014KT 9999 BKN005 OVC015 04/03 Q1028 NOSIG,M
FAOR,2026-08-11 06:00,39.20,37.40,93.19,100.00,13.00,0.00,30.39,M,3.11,M,BKN,OVC,M,M,500.00,1500.00,M,M,RA,M,M,M,M,M,M,30.79,FAOR 110600Z 10013KT 070V140 5000 RA BKN005 OVC015 04/03 Q1029 TEMPO 3000,M
FAOR,2026-08-11 06:30,39.20,37.40,93.19,110.00,17.00,0.00,30.39,M,3.11,M,BKN,OVC,M,M,500.00,1500.00,M,M,RA,M,M,M,M,M,M,29.51,FAOR 110630Z 11017KT 5000 RA BKN005 OVC015 04/03 Q1029 TEMPO 3000,M
FAOR,2026-08-11 07:00,37.40,37.40,100.00,110.00,15.00,0.00,30.42,M,1.86,M,BKN,OVC,M,M,600.00,1500.00,M,M,RA,M,M,M,M,M,M,27.78,FAOR 110700Z 11015KT 3000 RA BKN006 OVC015 03/03 Q1030 TEMPO 5000,M
FAOR,2026-08-11 07:30,37.40,37.40,100.00,110.00,14.00,0.00,30.42,M,1.86,M,BKN,OVC,FEW,M,600.00,1500.00,3500.00,M,TSRA,M,M,M,M,M,M,28.12,FAOR 110730Z 11014KT 070V130 3000 TSRA BKN006 OVC015 FEW035CB 03/03 Q1030 TEMPO 5000,M
FAOR,2026-08-11 08:00,37.40,35.60,93.13,110.00,16.00,0.00,30.45,M,3.11,27.00,BKN,OVC,FEW,M,600.00,1500.00,3500.00,M,-TSRA,M,M,M,M,M,M,27.46,FAOR 110800Z 11016G27KT 5000 -TSRA BKN006 OVC015 FEW035CB 03/02 Q1031 NOSIG,M
FAOR,2026-08-11 08:30,37.40,35.60,93.13,120.00,13.00,0.00,30.45,M,3.11,M,BKN,OVC,M,M,600.00,1500.00,M,M,-RA,M,M,M,M,M,M,28.49,FAOR 110830Z 12013KT 5000 -RA BKN006 OVC015 03/02 Q1031 NOSIG,M
FAOR,2026-08-11 09:00,37.40,37.40,100.00,120.00,14.00,0.00,30.42,M,3.11,M,BKN,OVC,M,M,500.00,1500.00,M,M,-RA,M,M,M,M,M,M,28.12,FAOR 110900Z 12014KT 5000 -RA BKN005 OVC015 03/03 Q1030 NOSIG,M
FAOR,2026-08-11 09:30,39.20,37.40,93.19,100.00,17.00,0.00,30.45,M,6.21,M,BKN,OVC,M,M,500.00,2000.00,M,M,-RA,M,M,M,M,M,M,29.51,FAOR 110930Z 10017KT 9999 -RA BKN005 OVC020 04/03 Q1031 NOSIG,M
FAOR,2026-08-11 10:00,39.20,39.20,100.00,120.00,15.00,0.00,30.42,M,6.21,M,BKN,OVC,M,M,1000.00,2500.00,M,M,M,M,M,M,M,M,M,30.11,FAOR 111000Z 12015KT 9999 BKN010 OVC025 04/04 Q1030 NOSIG,M
FAOR,2026-08-11 10:30,41.00,39.20,93.24,110.00,14.00,0.00,30.42,M,4.97,M,BKN,OVC,M,M,800.00,3000.00,M,M,-RA,M,M,M,M,M,M,32.76,FAOR 111030Z 11014KT 8000 -RA BKN008 OVC030 05/04 Q1030 TEMPO 5000,M
FAOR,2026-08-11 11:00,41.00,39.20,93.24,100.00,17.00,0.00,30.42,M,4.35,M,BKN,OVC,M,M,600.00,1500.00,M,M,M,M,M,M,M,M,M,31.87,FAOR 111100Z 10017KT 7000 BKN006 OVC015 05/04 Q1030 NOSIG,M
FAOR,2026-08-11 11:30,41.00,39.20,93.24,110.00,17.00,0.00,30.39,M,6.21,28.00,BKN,OVC,M,M,600.00,2000.00,M,M,-RA,M,M,M,M,M,M,31.87,FAOR 111130Z 11017G28KT 9999 -RA BKN006 OVC020 05/04 Q1029 NOSIG,M
FAOR,2026-08-11 12:00,41.00,39.20,93.24,110.00,20.00,0.00,30.39,M,6.21,M,BKN,OVC,M,M,1000.00,3000.00,M,M,-RA,M,M,M,M,M,M,31.09,FAOR 111200Z 11020KT 9999 -RA BKN010 OVC030 05/04 Q1029 NOSIG,M
FAOR,2026-08-11 12:30,41.00,39.20,93.24,110.00,19.00,0.00,30.39,M,6.21,M,BKN,OVC,M,M,1000.00,3500.00,M,M,M,M,M,M,M,M,M,31.34,FAOR 111230Z 11019KT 9999 BKN010 OVC035 05/04 Q1029 NOSIG,M
FAOR,2026-08-11 13:00,41.00,37.40,86.89,100.00,17.00,0.00,30.42,M,6.21,M,BKN,OVC,M,M,1000.00,3500.00,M,M,-RA,M,M,M,M,M,M,31.87,FAOR 111300Z 10017KT 9999 -RA BKN010 OVC035 05/03 Q1030 NOSIG,M
FAOR,2026-08-11 13:30,41.00,37.40,86.89,110.00,19.00,0.00,30.39,M,6.21,M,BKN,OVC,M,M,1000.00,3500.00,M,M,-RA,M,M,M,M,M,M,31.34,FAOR 111330Z 11019KT 9999 -RA BKN010 OVC035 05/03 Q1029 NOSIG,M
FAOR,2026-08-11 14:00,41.00,39.20,93.24,110.00,21.00,0.00,30.42,M,6.21,32.00,BKN,OVC,M,M,1000.00,3500.00,M,M,M,M,M,M,M,M,M,30.86,FAOR 111400Z 11021G32KT 9999 BKN010 OVC035 05/04 Q1030 NOSIG,M
FAOR,2026-08-11 14:30,41.00,37.40,86.89,120.00,15.00,0.00,30.42,M,5.59,M,BKN,OVC,M,M,1000.00,3500.00,M,M,-RA,M,M,M,M,M,M,32.45,FAOR 111430Z 12015KT 9000 -RA BKN010 OVC035 05/03 Q1030 NOSIG,M
FAOR,2026-08-11 15:00,39.20,37.40,93.19,120.00,13.00,0.00,30.45,M,4.97,M,BKN,OVC,M,M,1000.00,3500.00,M,M,-RA,M,M,M,M,M,M,30.79,FAOR 111500Z 12013KT 8000 -RA BKN010 OVC035 04/03 Q1031 NOSIG,M
FAOR,2026-08-11 15:30,41.00,39.20,93.24,110.00,13.00,0.00,30.45,M,4.35,M,BKN,OVC,M,M,1000.00,3500.00,M,M,-RA,M,M,M,M,M,M,33.10,FAOR 111530Z 11013KT 7000 -RA BKN010 OVC035 05/04 Q1031 NOSIG,M
FAOR,2026-08-11 16:00,39.20,37.40,93.19,120.00,17.00,0.00,30.45,M,6.21,M,BKN,OVC,M,M,1000.00,3500.00,M,M,-RA,M,M,M,M,M,M,29.51,FAOR 111600Z 12017KT 9999 -RA BKN010 OVC035 04/03 Q1031 NOSIG,M
FAOR,2026-08-11 16:30,39.20,37.40,93.19,130.00,12.00,0.00,30.47,M,5.59,M,BKN,OVC,M,M,1000.00,3500.00,M,M,-RA,M,M,M,M,M,M,31.17,FAOR 111630Z 13012KT 9000 -RA BKN010 OVC035 04/03 Q1032 NOSIG,M
FAOR,2026-08-11 17:00,39.20,37.40,93.19,120.00,14.00,0.00,30.47,M,5.59,M,FEW,BKN,OVC,M,700.00,1000.00,3500.00,M,-RA,M,M,M,M,M,M,30.44,FAOR 111700Z 12014KT 9000 -RA FEW007 BKN010 OVC035 04/03 Q1032 NOSIG,M
FAOR,2026-08-11 17:30,39.20,37.40,93.19,110.00,16.00,0.00,30.47,M,6.21,M,FEW,BKN,OVC,M,700.00,1000.00,3500.00,M,-RA,M,M,M,M,M,M,29.80,FAOR 111730Z 11016KT 9999 -RA FEW007 BKN010 OVC035 04/03 Q1032 NOSIG,M
FAOR,2026-08-11 18:00,39.20,37.40,93.19,110.00,12.00,0.00,30.47,M,6.21,M,FEW,BKN,OVC,M,700.00,1000.00,3500.00,M,-RA,M,M,M,M,M,M,31.17,FAOR 111800Z 11012KT 080V140 9999 -RA FEW007 BKN010 OVC035 04/03 Q1032 NOSIG,M
FAOR,2026-08-11 18:30,39.20,37.40,93.19,100.00,13.00,0.00,30.50,M,6.21,M,BKN,M,M,M,900.00,M,M,M,-RA,M,M,M,M,M,M,30.79,FAOR 111830Z 10013KT 9999 -RA BKN009 04/03 Q1033 NOSIG,M
FAOR,2026-08-11 19:00,39.20,37.40,93.19,110.00,15.00,0.00,30.53,M,6.21,M,BKN,M,M,M,800.00,M,M,M,-RA,M,M,M,M,M,M,30.11,FAOR 111900Z 11015KT 9999 -RA BKN008 04/03 Q1034 NOSIG,M
FAOR,2026-08-11 19:30,39.20,37.40,93.19,100.00,18.00,0.00,30.53,M,6.21,29.00,BKN,M,M,M,800.00,M,M,M,-RA,M,M,M,M,M,M,29.23,FAOR 111930Z 10018G29KT 9999 -RA BKN008 04/03 Q1034 NOSIG,M
FAOR,2026-08-11 20:00,39.20,37.40,93.19,110.00,16.00,0.00,30.53,M,6.21,26.00,OVC,M,M,M,900.00,M,M,M,M,M,M,M,M,M,M,29.80,FAOR 112000Z 11016G26KT 090V180 9999 OVC009 04/03 Q1034 NOSIG,M
FAOR,2026-08-11 20:30,39.20,37.40,93.19,100.00,19.00,0.00,30.53,M,6.21,M,OVC,M,M,M,1000.00,M,M,M,-RA,M,M,M,M,M,M,28.96,FAOR 112030Z 10019KT 9999 -RA OVC010 04/03 Q1034 NOSIG,M
FAOR,2026-08-11 21:00,39.20,37.40,93.19,100.00,21.00,0.00,30.53,M,6.21,32.00,BKN,M,M,M,1000.00,M,M,M,M,M,M,M,M,M,M,28.46,FAOR 112100Z 10021G32KT 9999 BKN010 04/03 Q1034 NOSIG,M
FAOR,2026-08-11 22:00,39.20,37.40,93.19,100.00,16.00,0.00,30.53,M,6.21,M,BKN,OVC,M,M,900.00,1100.00,M,M,-RA,M,M,M,M,M,M,29.80,COR FAOR 112200Z 10016KT 9999 -RA BKN009 OVC011 04/03 Q1034 NOSIG,M
FAOR,2026-08-11 23:00,39.20,37.40,93.19,90.00,17.00,0.00,30.50,M,6.21,M,OVC,M,M,M,900.00,M,M,M,M,M,M,M,M,M,M,29.51,COR FAOR 112300Z 09017KT 9999 OVC009 04/03 Q1033 NOSIG,M
FAOR,2026-08-12 00:00,39.20,37.40,93.19,100.00,15.00,0.00,30.53,M,6.21,M,BKN,OVC,M,M,900.00,4500.00,M,M,-RA,M,M,M,M,M,M,30.11,FAOR 120000Z 10015KT 9999 -RA BKN009 OVC045 04/03 Q1034 NOSIG,M
FAOR,2026-08-12 01:00,39.20,37.40,93.19,100.00,16.00,0.00,30.50,M,6.21,M,BKN,OVC,M,M,1000.00,4500.00,M,M,M,M,M,M,M,M,M,29.80,COR FAOR 120100Z 10016KT 9999 BKN010 OVC045 04/03 Q1033 NOSIG,M
FAOR,2026-08-12 02:00,39.20,37.40,93.19,100.00,19.00,0.00,30.47,M,6.21,M,OVC,M,M,M,1000.00,M,M,M,M,M,M,M,M,M,M,28.96,FAOR 120200Z 10019KT 9999 OVC010 04/03 Q1032 NOSIG,M
FAOR,2026-08-12 02:30,39.20,37.40,93.19,100.00,15.00,0.00,30.50,M,6.21,M,OVC,M,M,M,1000.00,M,M,M,M,M,M,M,M,M,M,30.11,FAOR 120230Z 10015KT 9999 OVC010 04/03 Q1033 NOSIG,M
FAOR,2026-08-12 03:00,39.20,37.40,93.19,100.00,18.00,0.00,30.50,M,6.21,M,OVC,M,M,M,900.00,M,M,M,M,M,M,M,M,M,M,29.23,FAOR 120300Z 10018KT 9999 OVC009 04/03 Q1033 NOSIG,M
FAOR,2026-08-12 03:30,39.20,37.40,93.19,100.00,15.00,0.00,30.50,M,6.21,M,OVC,M,M,M,800.00,M,M,M,M,M,M,M,M,M,M,30.11,FAOR 120330Z 10015KT 9999 OVC008 04/03 Q1033 NOSIG,M
FAOR,2026-08-12 04:00,41.00,37.40,86.89,90.00,17.00,0.00,30.50,M,6.21,M,OVC,M,M,M,800.00,M,M,M,M,M,M,M,M,M,M,31.87,FAOR 120400Z 09017KT 9999 OVC008 05/03 Q1033 NOSIG,M
FAOR,2026-08-12 04:30,41.00,37.40,86.89,100.00,16.00,0.00,30.53,M,6.21,M,OVC,M,M,M,900.00,M,M,M,M,M,M,M,M,M,M,32.15,FAOR 120430Z 10016KT 9999 OVC009 05/03 Q1034 NOSIG,M
FAOR,2026-08-12 05:00,41.00,37.40,86.89,100.00,16.00,0.00,30.53,M,6.21,M,OVC,M,M,M,900.00,M,M,M,M,M,M,M,M,M,M,32.15,FAOR 120500Z 10016KT 9999 OVC009 05/03 Q1034 NOSIG,M
FAOR,2026-08-12 05:30,41.00,37.40,86.89,100.00,17.00,0.00,30.53,M,6.21,M,BKN,M,M,M,1000.00,M,M,M,M,M,M,M,M,M,M,31.87,FAOR 120530Z 10017KT 9999 BKN010 05/03 Q1034 NOSIG,M
FAOR,2026-08-12 06:00,41.00,37.40,86.89,100.00,18.00,0.00,30.56,M,6.21,29.00,BKN,M,M,M,1000.00,M,M,M,M,M,M,M,M,M,M,31.60,FAOR 120600Z 10018G29KT 9999 BKN010 05/03 Q1035 NOSIG,M
FAOR,2026-08-12 06:30,41.00,37.40,86.89,100.00,19.00,0.00,30.56,M,6.21,M,BKN,M,M,M,1000.00,M,M,M,M,M,M,M,M,M,M,31.34,FAOR 120630Z 10019KT 9999 BKN010 05/03 Q1035 NOSIG,M
FAOR,2026-08-12 07:00,42.80,37.40,81.06,100.00,21.00,0.00,30.56,M,6.21,M,BKN,M,M,M,1100.00,M,M,M,M,M,M,M,M,M,M,33.26,FAOR 120700Z 10021KT 9999 BKN011 06/03 Q1035 NOSIG,M
FAOR,2026-08-12 07:30,42.80,39.20,86.99,100.00,21.00,0.00,30.59,M,6.21,M,BKN,M,M,M,1200.00,M,M,M,M,M,M,M,M,M,M,33.26,FAOR 120730Z 10021KT 9999 BKN012 06/04 Q1036 NOSIG,M
FAOR,2026-08-12 08:00,44.60,39.20,81.20,90.00,22.00,0.00,30.59,M,6.21,M,BKN,M,M,M,1300.00,M,M,M,M,M,M,M,M,M,M,35.45,FAOR 120800Z 09022KT 9999 BKN013 07/04 Q1036 NOSIG,M
FAOR,2026-08-12 08:30,44.60,37.40,75.67,100.00,23.00,0.00,30.59,M,6.21,34.00,SCT,BKN,M,M,1500.00,4500.00,M,M,M,M,M,M,M,M,M,35.25,FAOR 120830Z 10023G34KT 9999 SCT015 BKN045 07/03 Q1036 NOSIG,M
FAOR,2026-08-12 09:00,46.40,37.40,70.67,90.00,22.00,0.00,30.59,M,6.21,M,SCT,BKN,M,M,1800.00,4500.00,M,M,M,M,M,M,M,M,M,37.86,FAOR 120900Z 09022KT 9999 SCT018 BKN045 08/03 Q1036 NOSIG,M
FAOR,2026-08-12 09:30,46.40,37.40,70.67,100.00,22.00,0.00,30.59,M,6.21,M,SCT,M,M,M,1800.00,M,M,M,M,M,M,M,M,M,M,37.86,FAOR 120930Z 10022KT 9999 SCT018 08/03 Q1036 NOSIG,M
FAOR,2026-08-12 10:00,50.00,37.40,61.75,100.00,22.00,0.00,30.59,M,6.21,M,SCT,M,M,M,2000.00,M,M,M,M,M,M,M,M,M,M,50.00,FAOR 121000Z 10022KT 9999 SCT020 10/03 Q1036 NOSIG,M
FAOR,2026-08-12 10:30,50.00,39.20,66.26,90.00,20.00,0.00,30.56,M,6.21,M,SCT,M,M,M,2200.00,M,M,M,M,M,M,M,M,M,M,50.00,FAOR 121030Z 09020KT 9999 SCT022 10/04 Q1035 NOSIG,M
FAOR,2026-08-12 11:00,51.80,39.20,61.99,90.00,17.00,0.00,30.56,M,6.21,M,SCT,M,M,M,2500.00,M,M,M,M,M,M,M,M,M,M,51.80,FAOR 121100Z 09017KT 9999 SCT025 11/04 Q1035 NOSIG,M
FAOR,2026-08-12 11:30,51.80,39.20,61.99,90.00,19.00,0.00,30.56,M,6.21,M,FEW,M,M,M,2500.00,M,M,M,M,M,M,M,M,M,M,51.80,FAOR 121130Z 09019KT 9999 FEW025 11/04 Q1035 NOSIG,M
FAOR,2026-08-12 12:00,53.60,39.20,58.02,100.00,19.00,0.00,30.53,M,6.21,M,SCT,M,M,M,3000.00,M,M,M,M,M,M,M,M,M,M,53.60,FAOR 121200Z 10019KT 9999 SCT030 12/04 Q1034 NOSIG,M
FAOR,2026-08-12 12:30,53.60,37.40,54.07,80.00,20.00,0.00,30.53,M,6.21,M,SCT,M,M,M,3000.00,M,M,M,M,M,M,M,M,M,M,53.60,FAOR 121230Z 08020KT 9999 SCT030 12/03 Q1034 NOSIG,M
FAOR,2026-08-12 13:00,53.60,37.40,54.07,80.00,19.00,0.00,30.53,M,6.21,M,SCT,M,M,M,3500.00,M,M,M,M,M,M,M,M,M,M,53.60,FAOR 121300Z 08019KT 9999 SCT035 12/03 Q1034 NOSIG,M
FAOR,2026-08-12 13:30,51.80,39.20,61.99,100.00,20.00,0.00,30.53,M,6.21,M,BKN,M,M,M,3500.00,M,M,M,M,M,M,M,M,M,M,51.80,FAOR 121330Z 10020KT 9999 BKN035 11/04 Q1034 NOSIG,M
FAOR,2026-08-12 14:00,53.60,39.20,58.02,80.00,19.00,0.00,30.53,M,6.21,M,BKN,M,M,M,3000.00,M,M,M,M,M,M,M,M,M,M,53.60,FAOR 121400Z 08019KT 9999 BKN030 12/04 Q1034 NOSIG,M
FAOR,2026-08-12 14:30,51.80,39.20,61.99,90.00,17.00,0.00,30.53,M,6.21,M,BKN,M,M,M,3500.00,M,M,M,M,M,M,M,M,M,M,51.80,FAOR 121430Z 09017KT 9999 BKN035 11/04 Q1034 NOSIG,M
FAOR,2026-08-12 15:00,50.00,39.20,66.26,90.00,17.00,0.00,30.53,M,6.21,M,BKN,M,M,M,3500.00,M,M,M,M,M,M,M,M,M,M,50.00,FAOR 121500Z 09017KT 9999 BKN035 10/04 Q1034 NOSIG,M
FAOR,2026-08-12 15:30,50.00,39.20,66.26,90.00,16.00,0.00,30.53,M,6.21,M,BKN,M,M,M,3500.00,M,M,M,M,M,M,M,M,M,M,50.00,FAOR 121530Z 09016KT 9999 BKN035 10/04 Q1034 NOSIG,M
FAOR,2026-08-12 16:00,48.20,39.20,70.87,100.00,15.00,0.00,30.53,M,6.21,M,BKN,M,M,M,4500.00,M,M,M,M,M,M,M,M,M,M,41.78,FAOR 121600Z 10015KT 9999 BKN045 09/04 Q1034 NOSIG,M
FAOR,2026-08-12 16:30,46.40,39.20,75.84,100.00,12.00,0.00,30.56,M,6.21,M,M,M,M,M,M,M,M,M,M,M,M,M,M,M,M,40.33,FAOR 121630Z 10012KT CAVOK 08/04 Q1035 NOSIG,M
FAOR,2026-08-12 17:00,46.40,39.20,75.84,100.00,13.00,0.00,30.56,M,6.21,M,M,M,M,M,M,M,M,M,M,M,M,M,M,M,M,40.02,FAOR 121700Z 10013KT CAVOK 08/04 Q1035 NOSIG,M
FAOR,2026-08-12 17:30,46.40,39.20,75.84,100.00,16.00,0.00,30.56,M,6.21,M,M,M,M,M,M,M,M,M,M,M,M,M,M,M,M,39.19,FAOR 121730Z 10016KT CAVOK 08/04 Q1035 NOSIG,M
FAOR,2026-08-12 18:00,44.60,39.20,81.20,90.00,16.00,0.00,30.59,M,6.21,M,SCT,M,M,M,1500.00,M,M,M,M,M,M,M,M,M,M,36.84,FAOR 121800Z 09016KT 050V110 9999 SCT015 07/04 Q1036 TEMPO BKN015,M
FAOR,2026-08-12 18:30,44.60,39.20,81.20,90.00,13.00,0.00,30.59,M,6.21,M,FEW,M,M,M,1500.00,M,M,M,M,M,M,M,M,M,M,37.71,FAOR 121830Z 09013KT 9999 FEW015 07/04 Q1036 TEMPO BKN015,M
FAOR,2026-08-12 19:00,42.80,37.40,81.06,90.00,14.00,0.00,30.59,M,6.21,M,FEW,M,M,M,1500.00,M,M,M,M,M,M,M,M,M,M,35.08,FAOR 121900Z 09014KT 9999 FEW015 06/03 Q1036 NOSIG,M
FAOR,2026-08-12 19:30,42.80,37.40,81.06,90.00,14.00,0.00,30.59,M,6.21,M,FEW,M,M,M,1500.00,M,M,M,M,M,M,M,M,M,M,35.08,FAOR 121930Z 09014KT 9999 FEW015 06/03 Q1036 NOSIG,M
FAOR,2026-08-12 20:00,42.80,37.40,81.06,80.00,16.00,0.00,30.59,M,6.21,M,FEW,M,M,M,1500.00,M,M,M,M,M,M,M,M,M,M,34.50,FAOR 122000Z 08016KT 9999 FEW015 06/03 Q1036 NOSIG,M
FAOR,2026-08-12 20:30,41.00,37.40,86.89,90.00,15.00,0.00,30.62,M,6.21,M,SCT,M,M,M,1000.00,M,M,M,M,M,M,M,M,M,M,32.45,FAOR 122030Z 09015KT 050V110 9999 SCT010 05/03 Q1037 BECMG BKN010,M
FAOR,2026-08-12 21:00,41.00,37.40,86.89,90.00,17.00,0.00,30.62,M,6.21,M,BKN,M,M,M,1000.00,M,M,M,M,M,M,M,M,M,M,31.87,FAOR 122100Z 09017KT 050V110 9999 BKN010 05/03 Q1037 NOSIG,M
FAOR,2026-08-12 22:00,39.20,35.60,86.79,90.00,12.00,0.00,30.62,M,6.21,M,M,M,M,M,M,M,M,M,M,M,M,M,M,M,M,31.17,FAOR 122200Z 09012KT CAVOK 04/02 Q1037 NOSIG,M
FAOR,2026-08-12 23:00,39.20,35.60,86.79,90.00,15.00,0.00,30.62,M,6.21,M,FEW,M,M,M,800.00,M,M,M,M,M,M,M,M,M,M,30.11,FAOR 122300Z 09015KT 9999 FEW008 04/02 Q1037 TEMPO BKN008,M
FAOR,2026-08-13 00:00,37.40,35.60,93.13,100.00,13.00,0.00,30.59,M,6.21,M,BKN,M,M,M,700.00,M,M,M,M,M,M,M,M,M,M,28.49,FAOR 130000Z 10013KT 9999 BKN007 03/02 Q1036 NOSIG,M
FAOR,2026-08-13 01:00,37.40,35.60,93.13,100.00,13.00,0.00,30.59,M,6.21,M,BKN,M,M,M,600.00,M,M,M,M,M,M,M,M,M,M,28.49,FAOR 130100Z 10013KT 9999 BKN006 03/02 Q1036 NOSIG,M
FAOR,2026-08-13 02:00,37.40,35.60,93.13,110.00,10.00,0.00,30.59,M,6.21,M,BKN,M,M,M,700.00,M,M,M,M,M,M,M,M,M,M,29.74,FAOR 130200Z 11010KT 9999 BKN007 03/02 Q1036 NOSIG,M
FAOR,2026-08-13 02:30,37.40,33.80,86.69,110.00,9.00,0.00,30.59,M,6.21,M,BKN,M,M,M,700.00,M,M,M,M,M,M,M,M,M,M,30.23,FAOR 130230Z 11009KT 9999 BKN007 03/01 Q1036 NOSIG,M
FAOR,2026-08-13 03:00,37.40,33.80,86.69,100.00,11.00,0.00,30.59,M,6.21,M,BKN,M,M,M,600.00,M,M,M,M,M,M,M,M,M,M,29.29,FAOR 130300Z 10011KT 9999 BKN006 03/01 Q1036 NOSIG,M
FAOR,2026-08-13 03:30,35.60,35.60,100.00,100.00,10.00,0.00,30.59,M,6.21,M,BKN,M,M,M,400.00,M,M,M,M,M,M,M,M,M,M,27.48,FAOR 130330Z 10010KT 9999 BKN004 02/02 Q1036 NOSIG,M
FAOR,2026-08-13 04:00,37.40,35.60,93.13,100.00,9.00,0.00,30.59,M,6.21,M,BKN,M,M,M,400.00,M,M,M,M,M,M,M,M,M,M,30.23,FAOR 130400Z 10009KT 9999 BKN004 03/02 Q1036 NOSIG,M
FAOR,2026-08-13 04:30,37.40,35.60,93.13,90.00,9.00,0.00,30.59,M,6.21,M,BKN,M,M,M,500.00,M,M,M,M,M,M,M,M,M,M,30.23,FAOR 130430Z 09009KT 9999 BKN005 03/02 Q1036 NOSIG,M
FAOR,2026-08-13 05:00,35.60,33.80,93.08,110.00,10.00,0.00,30.59,M,6.21,M,SCT,M,M,M,500.00,M,M,M,M,M,M,M,M,M,M,27.48,FAOR 130500Z 11010KT 9999 SCT005 02/01 Q1036 TEMPO BKN004,M
FAOR,2026-08-13 05:30,35.60,33.80,93.08,100.00,8.00,0.00,30.62,M,5.59,M,BKN,M,M,M,400.00,M,M,M,M,M,M,M,M,M,M,28.55,FAOR 130530Z 10008KT 060V120 9000 BKN004 02/01 Q1037 BECMG SCT006,M
FAOR,2026-08-13 06:00,37.40,35.60,93.13,110.00,9.00,0.00,30.62,M,6.21,M,SCT,M,M,M,400.00,M,M,M,M,M,M,M,M,M,M,30.23,FAOR 130600Z 11009KT 9999 SCT004 03/02 Q1037 BECMG CAVOK,M
FAOR,2026-08-13 06:30,39.20,35.60,86.79,100.00,10.00,0.00,30.62,M,6.21,M,SCT,M,M,M,400.00,M,M,M,M,M,M,M,M,M,M,32.00,FAOR 130630Z 10010KT 9999 SCT004 04/02 Q1037 BECMG CAVOK,M
FAOR,2026-08-13 07:00,39.20,35.60,86.79,110.00,10.00,0.00,30.65,M,6.21,M,FEW,M,M,M,500.00,M,M,M,M,M,M,M,M,M,M,32.00,FAOR 130700Z 11010KT 9999 FEW005 04/02 Q1038 BECMG CAVOK,M
FAOR,2026-08-13 07:30,42.80,35.60,75.49,110.00,10.00,0.00,30.65,M,6.21,M,FEW,M,M,M,500.00,M,M,M,M,M,M,M,M,M,M,36.51,FAOR 130730Z 11010KT 9999 FEW005 06/02 Q1038 BECMG CAVOK,M
FAOR,2026-08-13 08:00,44.60,35.60,70.47,90.00,10.00,0.00,30.65,M,6.21,M,M,M,M,M,M,M,M,M,M,M,M,M,M,M,M,38.77,FAOR 130800Z 09010KT CAVOK 07/02 Q1038 NOSIG,M
FAOR,2026-08-13 08:30,46.40,35.60,65.82,80.00,9.00,0.00,30.65,M,6.21,M,M,M,M,M,M,M,M,M,M,M,M,M,M,M,M,41.42,FAOR 130830Z 08009KT 050V110 CAVOK 08/02 Q1038 NOSIG,M
FAOR,2026-08-13 09:00,48.20,37.40,66.04,90.00,8.00,0.00,30.65,M,6.21,M,M,M,M,M,M,M,M,M,M,M,M,M,M,M,M,44.07,FAOR 130900Z 09008KT 020V120 CAVOK 09/03 Q1038 NOSIG,M
FAOR,2026-08-13 09:30,50.00,37.40,61.75,80.00,7.00,0.00,30.62,M,6.21,M,M,M,M,M,M,M,M,M,M,M,M,M,M,M,M,50.00,FAOR 130930Z 08007KT 050V120 CAVOK 10/03 Q1037 NOSIG,M
FAOR,2026-08-13 10:00,51.80,37.40,57.76,60.00,7.00,0.00,30.62,M,6.21,M,M,M,M,M,M,M,M,M,M,M,M,M,M,M,M,51.80,FAOR 131000Z 06007KT 010V110 CAVOK 11/03 Q1037 NOSIG,M
FAOR,2026-08-13 10:30,53.60,37.40,54.07,70.00,7.00,0.00,30.59,M,6.21,M,M,M,M,M,M,M,M,M,M,M,M,M,M,M,M,53.60,FAOR 131030Z 07007KT 010V120 CAVOK 12/03 Q1036 NOSIG,M
FAOR,2026-08-13 11:00,55.40,37.40,50.63,40.00,6.00,0.00,30.59,M,6.21,M,M,M,M,M,M,M,M,M,M,M,M,M,M,M,M,55.40,FAOR 131100Z 04006KT 360V170 CAVOK 13/03 Q1036 NOSIG,M
FAOR,2026-08-13 11:30,55.40,37.40,50.63,M,6.00,0.00,30.56,M,6.21,M,SCT,M,M,M,3900.00,M,M,M,M,M,M,M,M,M,M,55.40,FAOR 131130Z VRB06KT 9999 SCT039 13/03 Q1035 NOSIG,M
FAOR,2026-08-13 12:00,55.40,33.80,43.89,M,5.00,0.00,30.56,M,6.21,M,SCT,M,M,M,4000.00,M,M,M,M,M,M,M,M,M,M,55.40,FAOR 131200Z VRB05KT 9999 SCT040 13/01 Q1035 NOSIG,M
FAOR,2026-08-13 12:30,59.00,35.60,41.42,M,3.00,0.00,30.53,M,6.21,M,SCT,M,M,M,4700.00,M,M,M,M,M,M,M,M,M,M,59.00,FAOR 131230Z VRB03KT 9999 SCT047 15/02 Q1034 NOSIG,M
FAOR,2026-08-13 13:00,57.20,33.80,41.12,100.00,6.00,0.00,30.53,M,6.21,M,FEW,SCT,M,M,4000.00,4700.00,M,M,M,M,M,M,M,M,M,57.20,FAOR 131300Z 10006KT 020V190 9999 FEW040 SCT047 14/01 Q1034 NOSIG,M
FAOR,2026-08-13 13:30,55.40,33.80,43.89,140.00,4.00,0.00,30.53,M,6.21,M,SCT,M,M,M,4900.00,M,M,M,M,M,M,M,M,M,M,55.40,FAOR 131330Z 14004KT 070V200 9999 SCT049 13/01 Q1034 NOSIG,M
FAOR,2026-08-13 14:00,57.20,32.00,38.25,80.00,4.00,0.00,30.53,M,6.21,M,M,M,M,M,M,M,M,M,M,M,M,M,M,M,M,57.20,FAOR 131400Z 08004KT 010V160 CAVOK 14/00 Q1034 NOSIG,M
FAOR,2026-08-13 14:30,57.20,33.80,41.12,140.00,5.00,0.00,30.53,M,6.21,M,M,M,M,M,M,M,M,M,M,M,M,M,M,M,M,57.20,FAOR 131430Z 14005KT 030V190 CAVOK 14/01 Q1034 NOSIG,M
FAOR,2026-08-13 15:00,55.40,33.80,43.89,120.00,7.00,0.00,30.53,M,6.21,M,M,M,M,M,M,M,M,M,M,M,M,M,M,M,M,55.40,FAOR 131500Z 12007KT 060V150 CAVOK 13/01 Q1034 NOSIG,M
FAOR,2026-08-13 15:30,53.60,33.80,46.87,110.00,5.00,0.00,30.53,M,6.21,M,M,M,M,M,M,M,M,M,M,M,M,M,M,M,M,53.60,FAOR 131530Z 11005KT CAVOK 12/01 Q1034 NOSIG,M
FAOR,2026-08-13 16:00,50.00,33.80,53.52,90.00,5.00,0.00,30.53,M,6.21,M,M,M,M,M,M,M,M,M,M,M,M,M,M,M,M,50.00,FAOR 131600Z 09005KT CAVOK 10/01 Q1034 NOSIG,M
FAOR,2026-08-13 16:30,50.00,35.60,57.51,90.00,4.00,0.00,30.53,M,6.21,M,M,M,M,M,M,M,M,M,M,M,M,M,M,M,M,50.00,FAOR 131630Z 09004KT 050V130 CAVOK 10/02 Q1034 NOSIG,M
FAOR,2026-08-13 17:00,48.20,33.80,57.25,80.00,3.00,0.00,30.53,M,6.21,M,M,M,M,M,M,M,M,M,M,M,M,M,M,M,M,47.21,FAOR 131700Z 08003KT 050V110 CAVOK 09/01 Q1034 NOSIG,M
FAOR,2026-08-13 17:30,50.00,35.60,57.51,70.00,5.00,0.00,30.53,M,6.21,M,M,M,M,M,M,M,M,M,M,M,M,M,M,M,M,50.00,FAOR 131730Z 07005KT 020V090 CAVOK 10/02 Q1034 NOSIG,M
FAOR,2026-08-13 18:00,48.20,33.80,57.25,70.00,5.00,0.00,30.53,M,6.21,M,M,M,M,M,M,M,M,M,M,M,M,M,M,M,M,45.63,FAOR 131800Z 07005KT 020V110 CAVOK 09/01 Q1034 NOSIG,M
FAOR,2026-08-13 18:30,48.20,33.80,57.25,60.00,3.00,0.00,30.56,M,6.21,M,M,M,M,M,M,M,M,M,M,M,M,M,M,M,M,47.21,FAOR 131830Z 06003KT CAVOK 09/01 Q1035 NOSIG,M
FAOR,2026-08-13 19:00,46.40,35.60,65.82,100.00,2.00,0.00,30.56,M,6.21,M,M,M,M,M,M,M,M,M,M,M,M,M,M,M,M,46.40,FAOR 131900Z 10002KT CAVOK 08/02 Q1035 NOSIG,M
FAOR,2026-08-13 19:30,46.40,35.60,65.82,140.00,3.00,0.00,30.56,M,6.21,M,M,M,M,M,M,M,M,M,M,M,M,M,M,M,M,45.15,FAOR 131930Z 14003KT 030V170 CAVOK 08/02 Q1035 NOSIG,M
FAOR,2026-08-13 20:00,44.60,35.60,70.47,120.00,7.00,0.00,30.56,M,6.21,M,M,M,M,M,M,M,M,M,M,M,M,M,M,M,M,40.14,FAOR 132000Z 12007KT CAVOK 07/02 Q1035 NOSIG,M
FAOR,2026-08-13 20:30,44.60,37.40,75.67,90.00,8.00,0.00,30.59,M,6.21,M,M,M,M,M,M,M,M,M,M,M,M,M,M,M,M,39.63,FAOR 132030Z 09008KT 040V100 CAVOK 07/03 Q1036 NOSIG,M
FAOR,2026-08-13 21:00,42.80,35.60,75.49,30.00,7.00,0.00,30.59,M,6.21,M,M,M,M,M,M,M,M,M,M,M,M,M,M,M,M,37.94,FAOR 132100Z 03007KT CAVOK 06/02 Q1036 NOSIG,M
FAOR,2026-08-13 22:00,41.00,35.60,80.92,40.00,4.00,0.00,30.59,M,6.21,M,M,M,M,M,M,M,M,M,M,M,M,M,M,M,M,37.93,FAOR 132200Z 04004KT CAVOK 05/02 Q1036 NOSIG,M
FAOR,2026-08-13 23:00,41.00,35.60,80.92,50.00,2.00,0.00,30.56,M,6.21,M,M,M,M,M,M,M,M,M,M,M,M,M,M,M,M,41.00,FAOR 132300Z 05002KT CAVOK 05/02 Q1035 NOSIG,M
FAOR,2026-08-14 00:00,41.00,37.40,86.89,40.00,4.00,0.00,30.56,M,6.21,M,M,M,M,M,M,M,M,M,M,M,M,M,M,M,M,37.93,FAOR 140000Z 04004KT CAVOK 05/03 Q1035 NOSIG,M
FAOR,2026-08-14 01:00,37.40,35.60,93.13,30.00,4.00,0.00,30.53,M,6.21,M,M,M,M,M,M,M,M,M,M,M,M,M,M,M,M,33.73,FAOR 140100Z 03004KT CAVOK 03/02 Q1034 NOSIG,M
FAOR,2026-08-14 02:00,37.40,35.60,93.13,M,2.00,0.00,30.53,M,6.21,M,M,M,M,M,M,M,M,M,M,M,M,M,M,M,M,37.40,FAOR 140200Z VRB02KT CAVOK 03/02 Q1034 NOSIG,M
FAOR,2026-08-14 03:00,37.40,35.60,93.13,60.00,3.00,0.00,30.53,M,6.21,M,M,M,M,M,M,M,M,M,M,M,M,M,M,M,M,34.86,FAOR 140300Z 06003KT 290V100 CAVOK 03/02 Q1034 NOSIG,M
FAOR,2026-08-14 03:30,37.40,35.60,93.13,60.00,3.00,0.00,30.53,M,6.21,M,M,M,M,M,M,M,M,M,M,M,M,M,M,M,M,34.86,FAOR 140330Z 06003KT 030V100 CAVOK 03/02 Q1034 NOSIG,M
FAOR,2026-08-14 04:00,37.40,35.60,93.13,M,2.00,0.00,30.53,M,6.21,M,M,M,M,M,M,M,M,M,M,M,M,M,M,M,M,37.40,FAOR 140400Z VRB02KT CAVOK 03/02 Q1034 NOSIG,M
FAOR,2026-08-14 04:30,35.60,35.60,100.00,60.00,2.00,0.00,30.53,M,4.97,M,NSC,M,M,M,M,M,M,M,M,M,M,M,M,M,M,35.60,FAOR 140430Z 06002KT 8000 NSC 02/02 Q1034 NOSIG,M
FAOR,2026-08-14 05:00,37.40,35.60,93.13,40.00,3.00,0.00,30.53,M,5.59,M,NSC,M,M,M,M,M,M,M,M,M,M,M,M,M,M,34.86,FAOR 140500Z 04003KT 9000 NSC 03/02 Q1034 NOSIG,M
FAOR,2026-08-14 05:30,39.20,37.40,93.19,M,2.00,0.00,30.53,M,4.97,M,NSC,M,M,M,M,M,M,M,M,M,M,M,M,M,M,39.20,FAOR 140530Z VRB02KT 8000 NSC 04/03 Q1034 NOSIG,M
FAOR,2026-08-14 06:00,42.80,39.20,86.99,40.00,4.00,0.00,30.53,M,5.59,M,NSC,M,M,M,M,M,M,M,M,M,M,M,M,M,M,40.03,FAOR 140600Z 04004KT 9000 NSC 06/04 Q1034 NOSIG,M
FAOR,2026-08-14 06:30,46.40,41.00,81.33,360.00,4.00,0.00,30.53,M,6.21,M,M,M,M,M,M,M,M,M,M,M,M,M,M,M,M,44.24,FAOR 140630Z 36004KT 270V050 CAVOK 08/05 Q1034 NOSIG,M
FAOR,2026-08-14 07:00,48.20,39.20,70.87,350.00,6.00,0.00,30.53,M,6.21,M,M,M,M,M,M,M,M,M,M,M,M,M,M,M,M,45.04,FAOR 140700Z 35006KT 310V020 CAVOK 09/04 Q1034 NOSIG,M
FAOR,2026-08-14 07:30,50.00,41.00,71.06,M,2.00,0.00,30.53,M,6.21,M,M,M,M,M,M,M,M,M,M,M,M,M,M,M,M,50.00,FAOR 140730Z VRB02KT CAVOK 10/05 Q1034 NOSIG,M
FAOR,2026-08-14 08:00,53.60,39.20,58.02,M,2.00,0.00,30.53,M,6.21,M,M,M,M,M,M,M,M,M,M,M,M,M,M,M,M,53.60,FAOR 140800Z VRB02KT CAVOK 12/04 Q1034 NOSIG,M
FAOR,2026-08-14 08:30,53.60,39.20,58.02,M,3.00,0.00,30.53,M,6.21,M,M,M,M,M,M,M,M,M,M,M,M,M,M,M,M,53.60,FAOR 140830Z VRB03KT CAVOK 12/04 Q1034 NOSIG,M
FAOR,2026-08-14 09:00,57.20,39.20,50.91,M,4.00,0.00,30.53,M,6.21,M,SCT,M,M,M,3000.00,M,M,M,M,M,M,M,M,M,M,57.20,FAOR 140900Z VRB04KT 9999 SCT030 14/04 Q1034 NOSIG,M
FAOR,2026-08-14 09:30,55.40,37.40,50.63,210.00,6.00,0.00,30.53,M,6.21,M,SCT,M,M,M,3000.00,M,M,M,M,M,M,M,M,M,M,55.40,FAOR 140930Z 21006KT 170V240 9999 SCT030 13/03 Q1034 NOSIG,M
FAOR,2026-08-14 10:00,57.20,35.60,44.18,150.00,9.00,0.00,30.50,M,6.21,M,SCT,M,M,M,4000.00,M,M,M,M,M,M,M,M,M,M,57.20,FAOR 141000Z 15009KT 100V210 9999 SCT040 14/02 Q1033 NOSIG,M
FAOR,2026-08-14 10:30,57.20,33.80,41.12,180.00,9.00,0.00,30.50,M,6.21,M,SCT,M,M,M,4000.00,M,M,M,M,M,M,M,M,M,M,57.20,FAOR 141030Z 18009KT 130V220 9999 SCT040 14/01 Q1033 NOSIG,M
FAOR,2026-08-14 11:00,59.00,32.00,35.86,170.00,6.00,0.00,30.47,M,6.21,M,M,M,M,M,M,M,M,M,M,M,M,M,M,M,M,59.00,FAOR 141100Z 17006KT 120V220 CAVOK 15/00 Q1032 NOSIG,M
FAOR,2026-08-14 11:30,59.00,32.00,35.86,M,6.00,0.00,30.47,M,6.21,M,M,M,M,M,M,M,M,M,M,M,M,M,M,M,M,59.00,FAOR 141130Z VRB06KT CAVOK 15/00 Q1032 NOSIG,M
FAOR,2026-08-14 12:00,59.00,32.00,35.86,M,4.00,0.00,30.45,M,6.21,M,M,M,M,M,M,M,M,M,M,M,M,M,M,M,M,59.00,FAOR 141200Z VRB04KT CAVOK 15/M00 Q1031 NOSIG,M
FAOR,2026-08-14 12:30,59.00,33.80,38.55,180.00,8.00,0.00,30.45,M,6.21,M,M,M,M,M,M,M,M,M,M,M,M,M,M,M,M,59.00,FAOR 141230Z 18008KT 140V210 CAVOK 15/01 Q1031 NOSIG,M
FAOR,2026-08-14 13:00,59.00,32.00,35.86,130.00,5.00,0.00,30.42,M,6.21,M,M,M,M,M,M,M,M,M,M,M,M,M,M,M,M,59.00,FAOR 141300Z 13005KT 060V220 CAVOK 15/00 Q1030 NOSIG,M
FAOR,2026-08-14 13:30,59.00,32.00,35.86,M,5.00,0.00,30.42,M,6.21,M,M,M,M,M,M,M,M,M,M,M,M,M,M,M,M,59.00,FAOR 141330Z VRB05KT CAVOK 15/00 Q1030 NOSIG,M
FAOR,2026-08-14 14:00,57.20,32.00,38.25,M,6.00,0.00,30.42,M,6.21,M,M,M,M,M,M,M,M,M,M,M,M,M,M,M,M,57.20,FAOR 141400Z VRB06KT CAVOK 14/M00 Q1030 NOSIG,M
FAOR,2026-08-14 14:30,59.00,32.00,35.86,170.00,3.00,0.00,30.42,M,6.21,M,M,M,M,M,M,M,M,M,M,M,M,M,M,M,M,59.00,FAOR 141430Z 17003KT 080V210 CAVOK 15/00 Q1030 NOSIG,M
FAOR,2026-08-14 15:00,57.20,33.80,41.12,150.00,6.00,0.00,30.42,M,6.21,M,M,M,M,M,M,M,M,M,M,M,M,M,M,M,M,57.20,FAOR 141500Z 15006KT 090V210 CAVOK 14/01 Q1030 NOSIG,M
FAOR,2026-08-14 15:30,55.40,33.80,43.89,M,4.00,0.00,30.42,M,6.21,M,M,M,M,M,M,M,M,M,M,M,M,M,M,M,M,55.40,FAOR 141530Z VRB04KT CAVOK 13/01 Q1030 NOSIG,M
FAOR,2026-08-14 16:00,53.60,32.00,43.60,170.00,6.00,0.00,30.45,M,6.21,M,M,M,M,M,M,M,M,M,M,M,M,M,M,M,M,53.60,FAOR 141600Z 17006KT CAVOK 12/00 Q1031 NOSIG,M
FAOR,2026-08-14 16:30,55.40,32.00,40.83,150.00,4.00,0.00,30.45,M,6.21,M,M,M,M,M,M,M,M,M,M,M,M,M,M,M,M,55.40,FAOR 141630Z 15004KT 110V270 CAVOK 13/00 Q1031 NOSIG,M
FAOR,2026-08-14 17:00,50.00,33.80,53.52,150.00,6.00,0.00,30.45,M,6.21,M,M,M,M,M,M,M,M,M,M,M,M,M,M,M,M,50.00,FAOR 141700Z 15006KT 130V190 CAVOK 10/01 Q1031 NOSIG,M
FAOR,2026-08-14 17:30,50.00,33.80,53.52,180.00,8.00,0.00,30.45,M,6.21,M,M,M,M,M,M,M,M,M,M,M,M,M,M,M,M,50.00,FAOR 141730Z 18008KT CAVOK 10/01 Q1031 NOSIG,M
FAOR,2026-08-14 18:00,51.80,33.80,50.07,180.00,9.00,0.00,30.47,M,6.21,M,M,M,M,M,M,M,M,M,M,M,M,M,M,M,M,51.80,FAOR 141800Z 18009KT 130V220 CAVOK 11/01 Q1032 NOSIG,M
FAOR,2026-08-14 18:30,48.20,33.80,57.25,190.00,7.00,0.00,30.47,M,6.21,M,M,M,M,M,M,M,M,M,M,M,M,M,M,M,M,44.53,FAOR 141830Z 19007KT CAVOK 09/01 Q1032 NOSIG,M
FAOR,2026-08-14 19:00,46.40,33.80,61.26,210.00,6.00,0.00,30.47,M,6.21,M,M,M,M,M,M,M,M,M,M,M,M,M,M,M,M,42.87,FAOR 141900Z 21006KT CAVOK 08/01 Q1032 NOSIG,M
FAOR,2026-08-14 19:30,46.40,33.80,61.26,200.00,6.00,0.00,30.47,M,6.21,M,M,M,M,M,M,M,M,M,M,M,M,M,M,M,M,42.87,FAOR 141930Z 20006KT CAVOK 08/01 Q1032 NOSIG,M
FAOR,2026-08-14 20:00,46.40,33.80,61.26,200.00,6.00,0.00,30.47,M,6.21,M,M,M,M,M,M,M,M,M,M,M,M,M,M,M,M,42.87,FAOR 142000Z 20006KT CAVOK 08/01 Q1032 NOSIG,M
FAOR,2026-08-14 20:30,48.20,33.80,57.25,190.00,6.00,0.00,30.47,M,6.21,M,M,M,M,M,M,M,M,M,M,M,M,M,M,M,M,45.04,FAOR 142030Z 19006KT CAVOK 09/01 Q1032 NOSIG,M
FAOR,2026-08-14 21:00,46.40,33.80,61.26,220.00,4.00,0.00,30.47,M,6.21,M,M,M,M,M,M,M,M,M,M,M,M,M,M,M,M,44.24,FAOR 142100Z 22004KT CAVOK 08/01 Q1032 NOSIG,M
FAOR,2026-08-14 21:30,44.60,32.00,61.01,M,3.00,0.00,30.45,M,6.21,M,M,M,M,M,M,M,M,M,M,M,M,M,M,M,M,43.09,FAOR 142130Z VRB03KT CAVOK 07/00 Q1031 NOSIG,M
FAOR,2026-08-14 22:00,46.40,32.00,56.99,200.00,4.00,0.00,30.45,M,6.21,M,M,M,M,M,M,M,M,M,M,M,M,M,M,M,M,44.24,FAOR 142200Z 20004KT CAVOK 08/00 Q1031 NOSIG,M
FAOR,2026-08-14 22:30,46.40,32.00,56.99,200.00,3.00,0.00,30.45,M,6.21,M,M,M,M,M,M,M,M,M,M,M,M,M,M,M,M,45.15,FAOR 142230Z 20003KT 160V230 CAVOK 08/00 Q1031 NOSIG,M
FAOR,2026-08-14 23:00,44.60,32.00,61.01,M,1.00,0.00,30.45,M,6.21,M,M,M,M,M,M,M,M,M,M,M,M,M,M,M,M,44.60,FAOR 142300Z VRB01KT CAVOK 07/00 Q1031 NOSIG,M
FAOR,2026-08-14 23:30,42.80,33.80,70.27,110.00,5.00,0.00,30.45,M,6.21,M,M,M,M,M,M,M,M,M,M,M,M,M,M,M,M,39.22,FAOR 142330Z 11005KT CAVOK 06/01 Q1031 NOSIG,M
FAOR,2026-08-15 00:00,44.60,33.80,65.59,M,2.00,0.00,30.42,M,6.21,M,M,M,M,M,M,M,M,M,M,M,M,M,M,M,M,44.60,FAOR 150000Z VRB02KT CAVOK 07/01 Q1030 NOSIG,M
FAOR,2026-08-15 00:30,44.60,33.80,65.59,170.00,2.00,0.00,30.45,M,6.21,M,M,M,M,M,M,M,M,M,M,M,M,M,M,M,M,44.60,FAOR 150030Z 17002KT CAVOK 07/01 Q1031 NOSIG,M
FAOR,2026-08-15 01:00,44.60,33.80,65.59,M,2.00,0.00,30.45,M,6.21,M,M,M,M,M,M,M,M,M,M,M,M,M,M,M,M,44.60,FAOR 150100Z VRB02KT CAVOK 07/01 Q1031 NOSIG,M
FAOR,2026-08-15 01:30,42.80,32.00,65.36,170.00,3.00,0.00,30.42,M,6.21,M,M,M,M,M,M,M,M,M,M,M,M,M,M,M,M,41.03,FAOR 150130Z 17003KT CAVOK 06/00 Q1030 NOSIG,M
FAOR,2026-08-15 02:00,42.80,35.60,75.49,190.00,4.00,0.00,30.42,M,6.21,M,M,M,M,M,M,M,M,M,M,M,M,M,M,M,M,40.03,FAOR 150200Z 19004KT CAVOK 06/02 Q1030 NOSIG,M
FAOR,2026-08-15 02:30,42.80,33.80,70.27,210.00,3.00,0.00,30.42,M,6.21,M,M,M,M,M,M,M,M,M,M,M,M,M,M,M,M,41.03,FAOR 150230Z 21003KT CAVOK 06/01 Q1030 NOSIG,M
FAOR,2026-08-15 03:00,37.40,33.80,86.69,30.00,2.00,0.00,30.42,M,6.21,M,M,M,M,M,M,M,M,M,M,M,M,M,M,M,M,37.40,FAOR 150300Z 03002KT CAVOK 03/01 Q1030 NOSIG,M
FAOR,2026-08-15 03:30,39.20,33.80,80.78,0.00,0.00,0.00,30.42,M,6.21,M,M,M,M,M,M,M,M,M,M,M,M,M,M,M,M,39.20,FAOR 150330Z 00000KT CAVOK 04/01 Q1030 NOSIG,M
FAOR,2026-08-15 04:00,41.00,35.60,80.92,0.00,0.00,0.00,30.42,M,6.21,M,M,M,M,M,M,M,M,M,M,M,M,M,M,M,M,41.00,FAOR 150400Z 00000KT CAVOK 05/02 Q1030 NOSIG,M
FAOR,2026-08-15 04:30,41.00,35.60,80.92,0.00,0.00,0.00,30.42,M,6.21,M,M,M,M,M,M,M,M,M,M,M,M,M,M,M,M,41.00,FAOR 150430Z 00000KT CAVOK 05/02 Q1030 NOSIG,M
FAOR,2026-08-15 05:00,41.00,35.60,80.92,260.00,3.00,0.00,30.42,M,6.21,M,M,M,M,M,M,M,M,M,M,M,M,M,M,M,M,38.98,FAOR 150500Z 26003KT CAVOK 05/02 Q1030 NOSIG,M
FAOR,2026-08-15 05:30,46.40,37.40,70.67,270.00,3.00,0.00,30.45,M,6.21,M,M,M,M,M,M,M,M,M,M,M,M,M,M,M,M,45.15,FAOR 150530Z 27003KT CAVOK 08/03 Q1031 NOSIG,M
FAOR,2026-08-15 06:00,50.00,37.40,61.75,M,2.00,0.00,30.45,M,6.21,M,M,M,M,M,M,M,M,M,M,M,M,M,M,M,M,50.00,FAOR 150600Z VRB02KT CAVOK 10/03 Q1031 NOSIG,M
FAOR,2026-08-15 06:30,51.80,35.60,53.80,190.00,5.00,0.00,30.45,M,6.21,M,M,M,M,M,M,M,M,M,M,M,M,M,M,M,M,51.80,FAOR 150630Z 19005KT CAVOK 11/02 Q1031 NOSIG,M
FAOR,2026-08-15 07:00,53.60,35.60,50.35,180.00,7.00,0.00,30.45,M,6.21,M,M,M,M,M,M,M,M,M,M,M,M,M,M,M,M,53.60,FAOR 150700Z 18007KT 140V200 CAVOK 12/02 Q1031 NOSIG,M
FAOR,2026-08-15 07:30,55.40,35.60,47.15,180.00,8.00,0.00,30.47,M,6.21,M,M,M,M,M,M,M,M,M,M,M,M,M,M,M,M,55.40,FAOR 150730Z 18008KT CAVOK 13/02 Q1032 NOSIG,M
FAOR,2026-08-15 08:00,59.00,35.60,41.42,180.00,8.00,0.00,30.45,M,6.21,M,M,M,M,M,M,M,M,M,M,M,M,M,M,M,M,59.00,FAOR 150800Z 18008KT 130V210 CAVOK 15/02 Q1031 NOSIG,M
FAOR,2026-08-15 08:30,59.00,35.60,41.42,160.00,9.00,0.00,30.45,M,6.21,M,M,M,M,M,M,M,M,M,M,M,M,M,M,M,M,59.00,FAOR 150830Z 16009KT 130V210 CAVOK 15/02 Q1031 NOSIG,M
FAOR,2026-08-15 09:00,59.00,33.80,38.55,190.00,8.00,0.00,30.45,M,6.21,M,M,M,M,M,M,M,M,M,M,M,M,M,M,M,M,59.00,FAOR 150900Z 19008KT 120V250 CAVOK 15/01 Q1031 NOSIG,M
FAOR,2026-08-15 09:30,59.00,33.80,38.55,150.00,9.00,0.00,30.45,M,6.21,M,M,M,M,M,M,M,M,M,M,M,M,M,M,M,M,59.00,FAOR 150930Z 15009KT 110V220 CAVOK 15/01 Q1031 NOSIG,M
FAOR,2026-08-15 10:00,60.80,35.60,38.85,160.00,8.00,0.00,30.42,M,6.21,M,M,M,M,M,M,M,M,M,M,M,M,M,M,M,M,60.80,FAOR 151000Z 16008KT 100V210 CAVOK 16/02 Q1030 NOSIG,M
FAOR,2026-08-15 10:30,60.80,32.00,33.64,140.00,9.00,0.00,30.42,M,6.21,M,M,M,M,M,M,M,M,M,M,M,M,M,M,M,M,60.80,FAOR 151030Z 14009KT 060V190 CAVOK 16/00 Q1030 NOSIG,M
FAOR,2026-08-15 11:00,62.60,32.00,31.56,160.00,10.00,0.00,30.42,M,6.21,M,M,M,M,M,M,M,M,M,M,M,M,M,M,M,M,62.60,FAOR 151100Z 16010KT 120V190 CAVOK 17/M00 Q1030 NOSIG,M
FAOR,2026-08-15 11:30,62.60,32.00,31.56,170.00,11.00,0.00,30.39,M,6.21,M,M,M,M,M,M,M,M,M,M,M,M,M,M,M,M,62.60,FAOR 151130Z 17011KT 140V200 CAVOK 17/M00 Q1029 NOSIG,M
FAOR,2026-08-15 12:00,64.40,32.00,29.63,170.00,7.00,0.00,30.39,M,6.21,M,M,M,M,M,M,M,M,M,M,M,M,M,M,M,M,64.40,FAOR 151200Z 17007KT 070V220 CAVOK 18/M00 Q1029 NOSIG,M
FAOR,2026-08-15 12:30,62.60,33.80,33.93,M,6.00,0.00,30.39,M,6.21,M,M,M,M,M,M,M,M,M,M,M,M,M,M,M,M,62.60,FAOR 151230Z VRB06KT CAVOK 17/01 Q1029 NOSIG,M
FAOR,2026-08-15 13:00,62.60,30.20,29.34,130.00,7.00,0.00,30.39,M,6.21,M,M,M,M,M,M,M,M,M,M,M,M,M,M,M,M,62.60,FAOR 151300Z 13007KT 090V210 CAVOK 17/M01 Q1029 NOSIG,M
FAOR,2026-08-15 13:30,62.60,33.80,33.93,190.00,8.00,0.00,30.36,M,6.21,M,M,M,M,M,M,M,M,M,M,M,M,M,M,M,M,62.60,FAOR 151330Z 19008KT 130V220 CAVOK 17/01 Q1028 NOSIG,M
FAOR,2026-08-15 14:00,62.60,30.20,29.34,160.00,3.00,0.00,30.36,M,6.21,M,M,M,M,M,M,M,M,M,M,M,M,M,M,M,M,62.60,COR FAOR 151400Z 16003KT CAVOK 17/M01 Q1028 NOSIG,M
FAOR,2026-08-15 14:30,62.60,32.00,31.56,M,3.00,0.00,30.36,M,6.21,M,M,M,M,M,M,M,M,M,M,M,M,M,M,M,M,62.60,FAOR 151430Z VRB03KT CAVOK 17/M00 Q1028 NOSIG,M
FAOR,2026-08-15 15:00,60.80,30.20,31.27,160.00,6.00,0.00,30.36,M,6.21,M,M,M,M,M,M,M,M,M,M,M,M,M,M,M,M,60.80,FAOR 151500Z 16006KT 140V200 CAVOK 16/M01 Q1028 NOSIG,M
FAOR,2026-08-15 15:30,59.00,32.00,35.86,170.00,4.00,0.00,30.39,M,6.21,M,M,M,M,M,M,M,M,M,M,M,M,M,M,M,M,59.00,FAOR 151530Z 17004KT 120V210 CAVOK 15/M00 Q1029 NOSIG,M
FAOR,2026-08-15 16:00,57.20,32.00,38.25,190.00,5.00,0.00,30.39,M,6.21,M,M,M,M,M,M,M,M,M,M,M,M,M,M,M,M,57.20,FAOR 151600Z 19005KT CAVOK 14/M00 Q1029 NOSIG,M
FAOR,2026-08-15 16:30,57.20,32.00,38.25,220.00,4.00,0.00,30.39,M,6.21,M,M,M,M,M,M,M,M,M,M,M,M,M,M,M,M,57.20,FAOR 151630Z 22004KT CAVOK 14/M00 Q1029 NOSIG,M
FAOR,2026-08-15 17:00,55.40,30.20,37.96,190.00,3.00,0.00,30.39,M,6.21,M,M,M,M,M,M,M,M,M,M,M,M,M,M,M,M,55.40,FAOR 151700Z 19003KT CAVOK 13/M01 Q1029 NOSIG,M
FAOR,2026-08-15 17:30,53.60,33.80,46.87,210.00,5.00,0.00,30.42,M,6.21,M,M,M,M,M,M,M,M,M,M,M,M,M,M,M,M,53.60,FAOR 151730Z 21005KT 170V230 CAVOK 12/01 Q1030 NOSIG,M
FAOR,2026-08-15 18:00,53.60,32.00,43.60,210.00,4.00,0.00,30.42,M,6.21,M,M,M,M,M,M,M,M,M,M,M,M,M,M,M,M,53.60,FAOR 151800Z 21004KT CAVOK 12/00 Q1030 NOSIG,M
FAOR,2026-08-15 18:30,51.80,33.80,50.07,210.00,5.00,0.00,30.42,M,6.21,M,M,M,M,M,M,M,M,M,M,M,M,M,M,M,M,51.80,FAOR 151830Z 21005KT CAVOK 11/01 Q1030 NOSIG,M
FAOR,2026-08-15 19:00,50.00,32.00,49.79,210.00,6.00,0.00,30.42,M,6.21,M,M,M,M,M,M,M,M,M,M,M,M,M,M,M,M,50.00,FAOR 151900Z 21006KT CAVOK 10/M00 Q1030 NOSIG,M
FAOR,2026-08-15 19:30,50.00,30.20,46.29,210.00,5.00,0.00,30.42,M,6.21,M,M,M,M,M,M,M,M,M,M,M,M,M,M,M,M,50.00,FAOR 151930Z 21005KT CAVOK 10/M01 Q1030 NOSIG,M
FAOR,2026-08-15 20:00,51.80,32.00,46.58,220.00,6.00,0.00,30.42,M,6.21,M,M,M,M,M,M,M,M,M,M,M,M,M,M,M,M,51.80,FAOR 152000Z 22006KT CAVOK 11/00 Q1030 NOSIG,M
FAOR,2026-08-15 20:30,51.80,32.00,46.58,220.00,6.00,0.00,30.42,M,6.21,M,M,M,M,M,M,M,M,M,M,M,M,M,M,M,M,51.80,FAOR 152030Z 22006KT CAVOK 11/M00 Q1030 NOSIG,M
FAOR,2026-08-15 21:00,50.00,30.20,46.29,210.00,5.00,0.00,30.42,M,6.21,M,M,M,M,M,M,M,M,M,M,M,M,M,M,M,M,50.00,FAOR 152100Z 21005KT CAVOK 10/M01 Q1030 NOSIG,M
FAOR,2026-08-15 22:00,46.40,30.20,52.98,150.00,6.00,0.00,30.42,M,6.21,M,M,M,M,M,M,M,M,M,M,M,M,M,M,M,M,42.87,FAOR 152200Z 15006KT CAVOK 08/M01 Q1030 NOSIG,M
FAOR,2026-08-15 23:00,48.20,28.40,46.00,200.00,2.00,0.00,30.42,M,6.21,M,M,M,M,M,M,M,M,M,M,M,M,M,M,M,M,48.20,FAOR 152300Z 20002KT CAVOK 09/M02 Q1030 NOSIG,M
FAOR,2026-08-15 23:30,46.40,30.20,52.98,200.00,4.00,0.00,30.42,M,6.21,M,M,M,M,M,M,M,M,M,M,M,M,M,M,M,M,44.24,FAOR 152330Z 20004KT CAVOK 08/M01 Q1030 NOSIG,M
FAOR,2026-08-16 00:00,46.40,30.20,52.98,200.00,4.00,0.00,30.42,M,6.21,M,M,M,M,M,M,M,M,M,M,M,M,M,M,M,M,44.24,FAOR 160000Z 20004KT 150V210 CAVOK 08/M01 Q1030 NOSIG,M
FAOR,2026-08-16 01:00,44.60,30.20,56.72,170.00,4.00,0.00,30.39,M,6.21,M,M,M,M,M,M,M,M,M,M,M,M,M,M,M,M,42.13,FAOR 160100Z 17004KT CAVOK 07/M01 Q1029 NOSIG,M
FAOR,2026-08-16 02:00,44.60,32.00,61.01,170.00,3.00,0.00,30.39,M,6.21,M,M,M,M,M,M,M,M,M,M,M,M,M,M,M,M,43.09,FAOR 160200Z 17003KT CAVOK 07/M00 Q1029 NOSIG,M
FAOR,2026-08-16 02:30,44.60,32.00,61.01,140.00,2.00,0.00,30.39,M,6.21,M,M,M,M,M,M,M,M,M,M,M,M,M,M,M,M,44.60,FAOR 160230Z 14002KT CAVOK 07/M00 Q1029 NOSIG,M
FAOR,2026-08-16 03:00,44.60,32.00,61.01,120.00,2.00,0.00,30.39,M,6.21,M,M,M,M,M,M,M,M,M,M,M,M,M,M,M,M,44.60,FAOR 160300Z 12002KT CAVOK 07/M00 Q1029 NOSIG,M
FAOR,2026-08-16 03:30,44.60,32.00,61.01,0.00,0.00,0.00,30.39,M,6.21,M,M,M,M,M,M,M,M,M,M,M,M,M,M,M,M,44.60,FAOR 160330Z 00000KT CAVOK 07/00 Q1029 NOSIG,M
FAOR,2026-08-16 04:00,44.60,32.00,61.01,0.00,0.00,0.00,30.42,M,6.21,M,M,M,M,M,M,M,M,M,M,M,M,M,M,M,M,44.60,FAOR 160400Z 00000KT CAVOK 07/00 Q1030 NOSIG,M
FAOR,2026-08-16 04:30,42.80,32.00,65.36,M,2.00,0.00,30.42,M,6.21,M,M,M,M,M,M,M,M,M,M,M,M,M,M,M,M,42.80,FAOR 160430Z VRB02KT CAVOK 06/00 Q1030 NOSIG,M
FAOR,2026-08-16 05:00,44.60,33.80,65.59,M,1.00,0.00,30.42,M,6.21,M,M,M,M,M,M,M,M,M,M,M,M,M,M,M,M,44.60,FAOR 160500Z VRB01KT CAVOK 07/01 Q1030 NOSIG,M
FAOR,2026-08-16 05:30,48.20,33.80,57.25,M,1.00,0.00,30.42,M,6.21,M,M,M,M,M,M,M,M,M,M,M,M,M,M,M,M,48.20,FAOR 160530Z VRB01KT CAVOK 09/01 Q1030 NOSIG,M
FAOR,2026-08-16 06:00,51.80,37.40,57.76,M,2.00,0.00,30.45,M,6.21,M,M,M,M,M,M,M,M,M,M,M,M,M,M,M,M,51.80,FAOR 160600Z VRB02KT CAVOK 11/03 Q1031 NOSIG,M
FAOR,2026-08-16 06:30,53.60,37.40,54.07,M,2.00,0.00,30.45,M,6.21,M,M,M,M,M,M,M,M,M,M,M,M,M,M,M,M,53.60,FAOR 160630Z VRB02KT CAVOK 12/03 Q1031 NOSIG,M
FAOR,2026-08-16 07:00,59.00,32.00,35.86,M,2.00,0.00,30.45,M,6.21,M,M,M,M,M,M,M,M,M,M,M,M,M,M,M,M,59.00,FAOR 160700Z VRB02KT CAVOK 15/00 Q1031 NOSIG,M
FAOR,2026-08-16 07:30,59.00,33.80,38.55,M,4.00,0.00,30.45,M,6.21,M,M,M,M,M,M,M,M,M,M,M,M,M,M,M,M,59.00,FAOR 160730Z VRB04KT CAVOK 15/01 Q1031 NOSIG,M
FAOR,2026-08-16 08:00,60.80,28.40,29.05,M,6.00,0.00,30.45,M,6.21,M,M,M,M,M,M,M,M,M,M,M,M,M,M,M,M,60.80,FAOR 160800Z VRB06KT CAVOK 16/M02 Q1031 NOSIG,M
FAOR,2026-08-16 08:30,62.60,28.40,27.26,M,5.00,0.00,30.45,M,6.21,M,M,M,M,M,M,M,M,M,M,M,M,M,M,M,M,62.60,FAOR 160830Z VRB05KT CAVOK 17/M02 Q1031 NOSIG,M
FAOR,2026-08-16 09:00,62.60,28.40,27.26,M,5.00,0.00,30.45,M,6.21,M,M,M,M,M,M,M,M,M,M,M,M,M,M,M,M,62.60,FAOR 160900Z VRB05KT CAVOK 17/M02 Q1031 NOSIG,M
FAOR,2026-08-16 09:30,64.40,26.60,23.77,M,4.00,0.00,30.42,M,6.21,M,M,M,M,M,M,M,M,M,M,M,M,M,M,M,M,64.40,FAOR 160930Z VRB04KT CAVOK 18/M03 Q1030 NOSIG,M
FAOR,2026-08-16 10:00,64.40,28.40,25.60,M,5.00,0.00,30.42,M,6.21,M,M,M,M,M,M,M,M,M,M,M,M,M,M,M,M,64.40,FAOR 161000Z VRB05KT CAVOK 18/M02 Q1030 NOSIG,M
FAOR,2026-08-16 10:30,66.20,28.40,24.04,M,4.00,0.00,30.42,M,6.21,M,M,M,M,M,M,M,M,M,M,M,M,M,M,M,M,66.20,FAOR 161030Z VRB04KT CAVOK 19/M02 Q1030 NOSIG,M
FAOR,2026-08-16 11:00,66.20,28.40,24.04,M,3.00,0.00,30.39,M,6.21,M,M,M,M,M,M,M,M,M,M,M,M,M,M,M,M,66.20,FAOR 161100Z VRB03KT CAVOK 19/M02 Q1029 NOSIG,M
FAOR,2026-08-16 11:30,66.20,26.60,22.32,220.00,8.00,0.00,30.39,M,6.21,M,M,M,M,M,M,M,M,M,M,M,M,M,M,M,M,66.20,FAOR 161130Z 22008KT 150V250 CAVOK 19/M03 Q1029 NOSIG,M
FAOR,2026-08-16 12:00,66.20,26.60,22.32,240.00,5.00,0.00,30.39,M,6.21,M,M,M,M,M,M,M,M,M,M,M,M,M,M,M,M,66.20,FAOR 161200Z 24005KT 190V280 CAVOK 19/M03 Q1029 NOSIG,M
FAOR,2026-08-16 12:30,66.20,26.60,22.32,M,3.00,0.00,30.36,M,6.21,M,M,M,M,M,M,M,M,M,M,M,M,M,M,M,M,66.20,FAOR 161230Z VRB03KT CAVOK 19/M03 Q1028 NOSIG,M
FAOR,2026-08-16 13:00,68.00,26.60,20.98,190.00,6.00,0.00,30.36,M,6.21,M,M,M,M,M,M,M,M,M,M,M,M,M,M,M,M,68.00,FAOR 161300Z 19006KT 160V230 CAVOK 20/M03 Q1028 NOSIG,M
FAOR,2026-08-16 14:00,66.20,26.60,22.32,200.00,4.00,0.00,30.36,M,6.21,M,M,M,M,M,M,M,M,M,M,M,M,M,M,M,M,66.20,FAOR 161400Z 20004KT 120V250 CAVOK 19/M03 Q1028 NOSIG,M
FAOR,2026-08-16 14:30,66.20,26.60,22.32,170.00,6.00,0.00,30.36,M,6.21,M,M,M,M,M,M,M,M,M,M,M,M,M,M,M,M,66.20,FAOR 161430Z 17006KT 100V220 CAVOK 19/M03 Q1028 NOSIG,M
FAOR,2026-08-16 15:00,64.40,26.60,23.77,170.00,5.00,0.00,30.36,M,6.21,M,M,M,M,M,M,M,M,M,M,M,M,M,M,M,M,64.40,FAOR 161500Z 17005KT 130V200 CAVOK 18/M03 Q1028 NOSIG,M
FAOR,2026-08-16 15:30,62.60,28.40,27.26,160.00,4.00,0.00,30.36,M,6.21,M,M,M,M,M,M,M,M,M,M,M,M,M,M,M,M,62.60,FAOR 161530Z 16004KT 110V200 CAVOK 17/M02 Q1028 NOSIG,M
FAOR,2026-08-16 16:00,60.80,28.40,29.05,160.00,4.00,0.00,30.36,M,6.21,M,M,M,M,M,M,M,M,M,M,M,M,M,M,M,M,60.80,FAOR 161600Z 16004KT 130V200 CAVOK 16/M02 Q1028 NOSIG,M
FAOR,2026-08-16 16:30,60.80,30.20,31.27,170.00,3.00,0.00,30.39,M,6.21,M,M,M,M,M,M,M,M,M,M,M,M,M,M,M,M,60.80,FAOR 161630Z 17003KT 110V220 CAVOK 16/M01 Q1029 NOSIG,M
FAOR,2026-08-16 17:00,59.00,30.20,33.34,180.00,6.00,0.00,30.39,M,6.21,M,M,M,M,M,M,M,M,M,M,M,M,M,M,M,M,59.00,FAOR 161700Z 18006KT 140V200 CAVOK 15/M01 Q1029 NOSIG,M
FAOR,2026-08-16 17:30,60.80,32.00,33.64,280.00,5.00,0.00,30.42,M,6.21,M,M,M,M,M,M,M,M,M,M,M,M,M,M,M,M,60.80,FAOR 161730Z 28005KT CAVOK 16/M00 Q1030 NOSIG,M
FAOR,2026-08-16 18:00,59.00,32.00,35.86,280.00,4.00,0.00,30.42,M,6.21,M,M,M,M,M,M,M,M,M,M,M,M,M,M,M,M,59.00,FAOR 161800Z 28004KT CAVOK 15/00 Q1030 NOSIG,M
FAOR,2026-08-16 18:30,55.40,32.00,40.83,M,1.00,0.00,30.42,M,6.21,M,M,M,M,M,M,M,M,M,M,M,M,M,M,M,M,55.40,FAOR 161830Z VRB01KT CAVOK 13/M00 Q1030 NOSIG,M
FAOR,2026-08-16 19:00,55.40,30.20,37.96,M,2.00,0.00,30.42,M,6.21,M,M,M,M,M,M,M,M,M,M,M,M,M,M,M,M,55.40,FAOR 161900Z VRB02KT CAVOK 13/M01 Q1030 NOSIG,M
FAOR,2026-08-16 19:30,55.40,32.00,40.83,M,1.00,0.00,30.42,M,6.21,M,M,M,M,M,M,M,M,M,M,M,M,M,M,M,M,55.40,FAOR 161930Z VRB01KT CAVOK 13/M00 Q1030 NOSIG,M
FAOR,2026-08-16 20:00,53.60,32.00,43.60,M,2.00,0.00,30.42,M,6.21,M,M,M,M,M,M,M,M,M,M,M,M,M,M,M,M,53.60,FAOR 162000Z VRB02KT CAVOK 12/M00 Q1030 NOSIG,M
FAOR,2026-08-16 20:30,51.80,32.00,46.58,280.00,2.00,0.00,30.42,M,6.21,M,M,M,M,M,M,M,M,M,M,M,M,M,M,M,M,51.80,FAOR 162030Z 28002KT CAVOK 11/00 Q1030 NOSIG,M
FAOR,2026-08-16 21:00,51.80,32.00,46.58,M,1.00,0.00,30.42,M,6.21,M,M,M,M,M,M,M,M,M,M,M,M,M,M,M,M,51.80,FAOR 162100Z VRB01KT CAVOK 11/00 Q1030 NOSIG,M
FAOR,2026-08-16 22:00,51.80,32.00,46.58,270.00,3.00,0.00,30.42,M,6.21,M,M,M,M,M,M,M,M,M,M,M,M,M,M,M,M,51.80,FAOR 162200Z 27003KT CAVOK 11/00 Q1030 NOSIG,M
FAOR,2026-08-16 23:00,48.20,32.00,53.25,220.00,2.00,0.00,30.42,M,6.21,M,M,M,M,M,M,M,M,M,M,M,M,M,M,M,M,48.20,FAOR 162300Z 22002KT CAVOK 09/00 Q1030 NOSIG,M
FAOR,2026-08-17 00:00,51.80,32.00,46.58,220.00,4.00,0.00,30.39,M,6.21,M,M,M,M,M,M,M,M,M,M,M,M,M,M,M,M,51.80,FAOR 170000Z 22004KT CAVOK 11/00 Q1029 NOSIG,M
FAOR,2026-08-17 01:00,50.00,32.00,49.79,210.00,5.00,0.00,30.39,M,6.21,M,M,M,M,M,M,M,M,M,M,M,M,M,M,M,M,50.00,FAOR 170100Z 21005KT CAVOK 10/M00 Q1029 NOSIG,M
FAOR,2026-08-17 02:00,50.00,30.20,46.29,210.00,4.00,0.00,30.39,M,6.21,M,M,M,M,M,M,M,M,M,M,M,M,M,M,M,M,50.00,FAOR 170200Z 21004KT CAVOK 10/M01 Q1029 NOSIG,M
FAOR,2026-08-17 02:30,50.00,30.20,46.29,220.00,3.00,0.00,30.39,M,6.21,M,M,M,M,M,M,M,M,M,M,M,M,M,M,M,M,50.00,FAOR 170230Z 22003KT CAVOK 10/M01 Q1029 NOSIG,M
FAOR,2026-08-17 03:00,48.20,30.20,49.51,220.00,4.00,0.00,30.39,M,6.21,M,M,M,M,M,M,M,M,M,M,M,M,M,M,M,M,46.34,COR FAOR 170300Z 22004KT CAVOK 09/M01 Q1029 NOSIG,M
FAOR,2026-08-17 03:30,46.40,30.20,52.98,220.00,4.00,0.00,30.39,M,6.21,M,M,M,M,M,M,M,M,M,M,M,M,M,M,M,M,44.24,FAOR 170330Z 22004KT CAVOK 08/M01 Q1029 NOSIG,M
FAOR,2026-08-17 04:00,48.20,32.00,53.25,210.00,4.00,0.00,30.39,M,6.21,M,M,M,M,M,M,M,M,M,M,M,M,M,M,M,M,46.34,FAOR 170400Z 21004KT CAVOK 09/M00 Q1029 NOSIG,M
FAOR,2026-08-17 04:30,46.40,30.20,52.98,230.00,3.00,0.00,30.39,M,6.21,M,M,M,M,M,M,M,M,M,M,M,M,M,M,M,M,45.15,FAOR 170430Z 23003KT CAVOK 08/M01 Q1029 NOSIG,M
FAOR,2026-08-17 05:00,48.20,32.00,53.25,210.00,3.00,0.00,30.39,M,6.21,M,M,M,M,M,M,M,M,M,M,M,M,M,M,M,M,47.21,FAOR 170500Z 21003KT CAVOK 09/M00 Q1029 NOSIG,M
FAOR,2026-08-17 05:30,50.00,33.80,53.52,200.00,5.00,0.00,30.42,M,6.21,M,M,M,M,M,M,M,M,M,M,M,M,M,M,M,M,50.00,FAOR 170530Z 20005KT CAVOK 10/01 Q1030 NOSIG,M
FAOR,2026-08-17 06:00,55.40,33.80,43.89,210.00,6.00,0.00,30.42,M,6.21,M,M,M,M,M,M,M,M,M,M,M,M,M,M,M,M,55.40,FAOR 170600Z 21006KT CAVOK 13/01 Q1030 NOSIG,M
FAOR,2026-08-17 06:30,59.00,33.80,38.55,190.00,7.00,0.00,30.42,M,6.21,M,M,M,M,M,M,M,M,M,M,M,M,M,M,M,M,59.00,FAOR 170630Z 19007KT CAVOK 15/01 Q1030 NOSIG,M
FAOR,2026-08-17 07:00,59.00,32.00,35.86,190.00,6.00,0.00,30.42,M,6.21,M,M,M,M,M,M,M,M,M,M,M,M,M,M,M,M,59.00,FAOR 170700Z 19006KT CAVOK 15/00 Q1030 NOSIG,M
FAOR,2026-08-17 08:00,62.60,33.80,33.93,210.00,5.00,0.00,30.45,M,6.21,M,M,M,M,M,M,M,M,M,M,M,M,M,M,M,M,62.60,FAOR 170800Z 21005KT 170V240 CAVOK 17/01 Q1031 NOSIG,M
FAOR,2026-08-17 08:30,64.40,30.20,27.55,210.00,6.00,0.00,30.45,M,6.21,M,M,M,M,M,M,M,M,M,M,M,M,M,M,M,M,64.40,FAOR 170830Z 21006KT 170V250 CAVOK 18/M01 Q1031 NOSIG,M
FAOR,2026-08-17 09:00,66.20,30.20,25.88,M,5.00,0.00,30.42,M,6.21,M,M,M,M,M,M,M,M,M,M,M,M,M,M,M,M,66.20,FAOR 170900Z VRB05KT CAVOK 19/M01 Q1030 NOSIG,M
FAOR,2026-08-17 09:30,66.20,28.40,24.04,M,3.00,0.00,30.42,M,6.21,M,M,M,M,M,M,M,M,M,M,M,M,M,M,M,M,66.20,FAOR 170930Z VRB03KT CAVOK 19/M02 Q1030 NOSIG,M
FAOR,2026-08-17 10:00,68.00,28.40,22.60,M,4.00,0.00,30.42,M,6.21,M,M,M,M,M,M,M,M,M,M,M,M,M,M,M,M,68.00,FAOR 171000Z VRB04KT CAVOK 20/M02 Q1030 NOSIG,M
FAOR,2026-08-17 10:30,69.80,28.40,21.24,M,5.00,0.00,30.39,M,6.21,M,M,M,M,M,M,M,M,M,M,M,M,M,M,M,M,69.80,FAOR 171030Z VRB05KT CAVOK 21/M02 Q1029 NOSIG,M
FAOR,2026-08-17 11:00,69.80,24.80,18.31,210.00,4.00,0.00,30.39,M,6.21,M,M,M,M,M,M,M,M,M,M,M,M,M,M,M,M,69.80,FAOR 171100Z 21004KT 160V270 CAVOK 21/M04 Q1029 NOSIG,M
FAOR,2026-08-17 11:30,71.60,26.60,18.56,210.00,6.00,0.00,30.36,M,6.21,M,M,M,M,M,M,M,M,M,M,M,M,M,M,M,M,71.60,FAOR 171130Z 21006KT 160V250 CAVOK 22/M03 Q1028 NOSIG,M
FAOR,2026-08-17 12:00,71.60,24.80,17.22,190.00,6.00,0.00,30.36,M,6.21,M,M,M,M,M,M,M,M,M,M,M,M,M,M,M,M,71.60,FAOR 171200Z 19006KT 120V230 CAVOK 22/M04 Q1028 NOSIG,M
FAOR,2026-08-17 12:30,73.40,24.80,16.21,M,6.00,0.00,30.36,M,6.21,M,M,M,M,M,M,M,M,M,M,M,M,M,M,M,M,73.40,FAOR 171230Z VRB06KT CAVOK 23/M04 Q1028 NOSIG,M
FAOR,2026-08-17 13:00,73.40,24.80,16.21,210.00,6.00,0.00,30.36,M,6.21,M,M,M,M,M,M,M,M,M,M,M,M,M,M,M,M,73.40,FAOR 171300Z 21006KT CAVOK 23/M04 Q1028 NOSIG,M
FAOR,2026-08-17 13:30,75.20,23.00,14.15,150.00,4.00,0.00,30.36,M,6.21,M,M,M,M,M,M,M,M,M,M,M,M,M,M,M,M,75.20,FAOR 171330Z 15004KT 100V200 CAVOK 24/M05 Q1028 NOSIG,M
FAOR,2026-08-17 14:00,73.40,21.20,13.93,170.00,4.00,0.00,30.36,M,6.21,M,M,M,M,M,M,M,M,M,M,M,M,M,M,M,M,73.40,FAOR 171400Z 17004KT 120V230 CAVOK 23/M06 Q1028 NOSIG,M
FAOR,2026-08-17 14:30,73.40,21.20,13.93,130.00,5.00,0.00,30.36,M,6.21,M,M,M,M,M,M,M,M,M,M,M,M,M,M,M,M,73.40,FAOR 171430Z 13005KT 080V240 CAVOK 23/M06 Q1028 NOSIG,M
FAOR,2026-08-17 15:00,71.60,19.40,13.71,150.00,5.00,0.00,30.36,M,6.21,M,M,M,M,M,M,M,M,M,M,M,M,M,M,M,M,71.60,FAOR 171500Z 15005KT 120V180 CAVOK 22/M07 Q1028 NOSIG,M
FAOR,2026-08-17 15:30,69.80,24.80,18.31,150.00,5.00,0.00,30.36,M,6.21,M,M,M,M,M,M,M,M,M,M,M,M,M,M,M,M,69.80,FAOR 171530Z 15005KT 120V260 CAVOK 21/M04 Q1028 NOSIG,M
FAOR,2026-08-17 16:00,66.20,24.80,20.72,150.00,5.00,0.00,30.36,M,6.21,M,M,M,M,M,M,M,M,M,M,M,M,M,M,M,M,66.20,FAOR 171600Z 15005KT 100V260 CAVOK 19/M04 Q1028 NOSIG,M
FAOR,2026-08-17 16:30,64.40,24.80,22.05,150.00,4.00,0.00,30.39,M,6.21,M,M,M,M,M,M,M,M,M,M,M,M,M,M,M,M,64.40,FAOR 171630Z 15004KT 110V260 CAVOK 18/M04 Q1029 NOSIG,M
FAOR,2026-08-17 17:00,64.40,28.40,25.60,200.00,3.00,0.00,30.39,M,6.21,M,M,M,M,M,M,M,M,M,M,M,M,M,M,M,M,64.40,FAOR 171700Z 20003KT 160V230 CAVOK 18/M02 Q1029 NOSIG,M
FAOR,2026-08-17 17:30,62.60,30.20,29.34,200.00,5.00,0.00,30.39,M,6.21,M,M,M,M,M,M,M,M,M,M,M,M,M,M,M,M,62.60,FAOR 171730Z 20005KT 140V220 CAVOK 17/M01 Q1029 NOSIG,M
FAOR,2026-08-17 18:00,60.80,30.20,31.27,190.00,7.00,0.00,30.39,M,6.21,M,M,M,M,M,M,M,M,M,M,M,M,M,M,M,M,60.80,FAOR 171800Z 19007KT CAVOK 16/M01 Q1029 NOSIG,M
FAOR,2026-08-17 18:30,59.00,30.20,33.34,190.00,7.00,0.00,30.42,M,6.21,M,M,M,M,M,M,M,M,M,M,M,M,M,M,M,M,59.00,FAOR 171830Z 19007KT CAVOK 15/M01 Q1030 NOSIG,M
FAOR,2026-08-17 19:00,57.20,32.00,38.25,200.00,7.00,0.00,30.42,M,6.21,M,M,M,M,M,M,M,M,M,M,M,M,M,M,M,M,57.20,FAOR 171900Z 20007KT CAVOK 14/M00 Q1030 NOSIG,M
FAOR,2026-08-17 19:30,57.20,32.00,38.25,200.00,7.00,0.00,30.42,M,6.21,M,M,M,M,M,M,M,M,M,M,M,M,M,M,M,M,57.20,FAOR 171930Z 20007KT CAVOK 14/M00 Q1030 NOSIG,M
FAOR,2026-08-17 20:00,55.40,30.20,37.96,210.00,6.00,0.00,30.42,M,6.21,M,M,M,M,M,M,M,M,M,M,M,M,M,M,M,M,55.40,FAOR 172000Z 21006KT CAVOK 13/M01 Q1030 NOSIG,M
FAOR,2026-08-17 20:30,55.40,32.00,40.83,220.00,5.00,0.00,30.42,M,6.21,M,M,M,M,M,M,M,M,M,M,M,M,M,M,M,M,55.40,FAOR 172030Z 22005KT CAVOK 13/M00 Q1030 NOSIG,M
FAOR,2026-08-17 21:00,55.40,32.00,40.83,210.00,6.00,0.00,30.42,M,6.21,M,M,M,M,M,M,M,M,M,M,M,M,M,M,M,M,55.40,FAOR 172100Z 21006KT CAVOK 13/00 Q1030 NOSIG,M
FAOR,2026-08-17 21:30,55.40,32.00,40.83,200.00,7.00,0.00,30.42,M,6.21,M,M,M,M,M,M,M,M,M,M,M,M,M,M,M,M,55.40,FAOR 172130Z 20007KT CAVOK 13/00 Q1030 NOSIG,M
FAOR,2026-08-17 22:00,55.40,32.00,40.83,210.00,6.00,0.00,30.42,M,6.21,M,M,M,M,M,M,M,M,M,M,M,M,M,M,M,M,55.40,FAOR 172200Z 21006KT CAVOK 13/00 Q1030 NOSIG,M
FAOR,2026-08-17 23:00,53.60,33.80,46.87,210.00,6.00,0.00,30.42,M,6.21,M,M,M,M,M,M,M,M,M,M,M,M,M,M,M,M,53.60,FAOR 172300Z 21006KT CAVOK 12/01 Q1030 NOSIG,M
FAOR,2026-08-18 00:00,51.80,32.00,46.58,210.00,6.00,0.00,30.39,M,6.21,M,M,M,M,M,M,M,M,M,M,M,M,M,M,M,M,51.80,FAOR 180000Z 21006KT CAVOK 11/00 Q1029 NOSIG,M
FAOR,2026-08-18 01:00,50.00,32.00,49.79,200.00,7.00,0.00,30.39,M,6.21,M,M,M,M,M,M,M,M,M,M,M,M,M,M,M,M,50.00,FAOR 180100Z 20007KT CAVOK 10/00 Q1029 NOSIG,M
FAOR,2026-08-18 02:00,50.00,32.00,49.79,200.00,8.00,0.00,30.39,M,6.21,M,M,M,M,M,M,M,M,M,M,M,M,M,M,M,M,50.00,FAOR 180200Z 20008KT CAVOK 10/00 Q1029 NOSIG,M
FAOR,2026-08-18 02:30,51.80,32.00,46.58,210.00,8.00,0.00,30.39,M,6.21,M,M,M,M,M,M,M,M,M,M,M,M,M,M,M,M,51.80,FAOR 180230Z 21008KT CAVOK 11/00 Q1029 NOSIG,M
FAOR,2026-08-18 03:00,51.80,32.00,46.58,200.00,8.00,0.00,30.39,M,6.21,M,M,M,M,M,M,M,M,M,M,M,M,M,M,M,M,51.80,FAOR 180300Z 20008KT CAVOK 11/00 Q1029 NOSIG,M
FAOR,2026-08-18 03:30,51.80,32.00,46.58,210.00,6.00,0.00,30.39,M,6.21,M,M,M,M,M,M,M,M,M,M,M,M,M,M,M,M,51.80,FAOR 180330Z 21006KT CAVOK 11/00 Q1029 NOSIG,M
FAOR,2026-08-18 04:00,50.00,32.00,49.79,200.00,7.00,0.00,30.39,M,6.21,M,M,M,M,M,M,M,M,M,M,M,M,M,M,M,M,50.00,FAOR 180400Z 20007KT CAVOK 10/00 Q1029 NOSIG,M
FAOR,2026-08-18 04:30,50.00,33.80,53.52,200.00,9.00,0.00,30.39,M,6.21,M,M,M,M,M,M,M,M,M,M,M,M,M,M,M,M,50.00,FAOR 180430Z 20009KT CAVOK 10/01 Q1029 NOSIG,M
FAOR,2026-08-18 05:00,50.00,33.80,53.52,200.00,9.00,0.00,30.42,M,6.21,M,M,M,M,M,M,M,M,M,M,M,M,M,M,M,M,50.00,FAOR 180500Z 20009KT CAVOK 10/01 Q1030 NOSIG,M
FAOR,2026-08-18 05:30,53.60,37.40,54.07,190.00,8.00,0.00,30.42,M,6.21,M,M,M,M,M,M,M,M,M,M,M,M,M,M,M,M,53.60,FAOR 180530Z 19008KT CAVOK 12/03 Q1030 NOSIG,M
FAOR,2026-08-18 06:00,59.00,35.60,41.42,190.00,8.00,0.00,30.42,M,6.21,M,M,M,M,M,M,M,M,M,M,M,M,M,M,M,M,59.00,FAOR 180600Z 19008KT CAVOK 15/02 Q1030 NOSIG,M
FAOR,2026-08-18 06:30,59.00,33.80,38.55,180.00,12.00,0.00,30.42,M,6.21,M,M,M,M,M,M,M,M,M,M,M,M,M,M,M,M,59.00,FAOR 180630Z 18012KT CAVOK 15/01 Q1030 NOSIG,M
FAOR,2026-08-18 07:00,62.60,33.80,33.93,180.00,12.00,0.00,30.45,M,6.21,M,M,M,M,M,M,M,M,M,M,M,M,M,M,M,M,62.60,FAOR 180700Z 18012KT CAVOK 17/01 Q1031 NOSIG,M
FAOR,2026-08-18 07:30,64.40,33.80,31.86,160.00,10.00,0.00,30.45,M,6.21,M,M,M,M,M,M,M,M,M,M,M,M,M,M,M,M,64.40,FAOR 180730Z 16010KT CAVOK 18/01 Q1031 NOSIG,M
FAOR,2026-08-18 08:00,66.20,33.80,29.92,170.00,10.00,0.00,30.45,M,6.21,M,M,M,M,M,M,M,M,M,M,M,M,M,M,M,M,66.20,FAOR 180800Z 17010KT CAVOK 19/01 Q1031 NOSIG,M
FAOR,2026-08-18 08:30,68.00,33.80,28.12,180.00,11.00,0.00,30.45,M,6.21,M,M,M,M,M,M,M,M,M,M,M,M,M,M,M,M,68.00,FAOR 180830Z 18011KT CAVOK 20/01 Q1031 NOSIG,M
FAOR,2026-08-18 09:00,69.80,32.00,24.60,180.00,10.00,0.00,30.45,M,6.21,M,M,M,M,M,M,M,M,M,M,M,M,M,M,M,M,69.80,FAOR 180900Z 18010KT 150V210 CAVOK 21/M00 Q1031 NOSIG,M
FAOR,2026-08-18 09:30,71.60,32.00,23.14,180.00,9.00,0.00,30.45,M,6.21,M,M,M,M,M,M,M,M,M,M,M,M,M,M,M,M,71.60,FAOR 180930Z 18009KT 120V210 CAVOK 22/00 Q1031 NOSIG,M
FAOR,2026-08-18 10:00,73.40,33.80,23.41,170.00,8.00,0.00,30.45,M,6.21,M,M,M,M,M,M,M,M,M,M,M,M,M,M,M,M,73.40,FAOR 181000Z 17008KT 110V210 CAVOK 23/01 Q1031 NOSIG,M
FAOR,2026-08-18 10:30,77.00,32.00,19.31,170.00,7.00,0.00,30.42,M,6.21,M,M,M,M,M,M,M,M,M,M,M,M,M,M,M,M,77.00,FAOR 181030Z 17007KT 110V230 CAVOK 25/00 Q1030 NOSIG,M
FAOR,2026-08-18 11:00,77.00,32.00,19.31,210.00,6.00,0.00,30.42,M,6.21,M,M,M,M,M,M,M,M,M,M,M,M,M,M,M,M,77.00,FAOR 181100Z 21006KT 170V310 CAVOK 25/M00 Q1030 NOSIG,M
FAOR,2026-08-18 11:30,77.00,30.20,17.96,190.00,5.00,0.00,30.42,M,6.21,M,M,M,M,M,M,M,M,M,M,M,M,M,M,M,M,77.00,FAOR 181130Z 19005KT 130V270 CAVOK 25/M01 Q1030 NOSIG,M
FAOR,2026-08-18 12:00,77.00,28.40,16.68,M,5.00,0.00,30.39,M,6.21,16.00,M,M,M,M,M,M,M,M,M,M,M,M,M,M,M,77.00,FAOR 181200Z VRB05G16KT CAVOK 25/M02 Q1029 NOSIG,M
FAOR,2026-08-18 12:30,77.00,30.20,17.96,110.00,5.00,0.00,30.39,M,6.21,M,M,M,M,M,M,M,M,M,M,M,M,M,M,M,M,77.00,FAOR 181230Z 11005KT 040V200 CAVOK 25/M01 Q1029 NOSIG,M
FAOR,2026-08-18 13:00,78.80,26.60,14.60,160.00,5.00,0.00,30.39,M,6.21,M,M,M,M,M,M,M,M,M,M,M,M,M,M,M,M,78.80,FAOR 181300Z 16005KT 080V220 CAVOK 26/M03 Q1029 NOSIG,M
FAOR,2026-08-18 13:30,78.80,26.60,14.60,140.00,5.00,0.00,30.39,M,6.21,M,M,M,M,M,M,M,M,M,M,M,M,M,M,M,M,78.80,FAOR 181330Z 14005KT 100V230 CAVOK 26/M03 Q1029 NOSIG,M
FAOR,2026-08-18 14:00,78.80,24.80,13.55,M,2.00,0.00,30.39,M,6.21,M,M,M,M,M,M,M,M,M,M,M,M,M,M,M,M,78.80,FAOR 181400Z VRB02KT CAVOK 26/M04 Q1029 NOSIG,M
FAOR,2026-08-18 14:30,77.00,21.20,12.35,70.00,3.00,0.00,30.39,M,6.21,M,M,M,M,M,M,M,M,M,M,M,M,M,M,M,M,77.00,FAOR 181430Z 07003KT 310V120 CAVOK 25/M06 Q1029 NOSIG,M
FAOR,2026-08-18 15:00,77.00,23.00,13.33,60.00,3.00,0.00,30.39,M,6.21,M,M,M,M,M,M,M,M,M,M,M,M,M,M,M,M,77.00,FAOR 181500Z 06003KT 010V140 CAVOK 25/M05 Q1029 NOSIG,M
FAOR,2026-08-18 15:30,75.20,24.80,15.26,150.00,4.00,0.00,30.39,M,6.21,M,M,M,M,M,M,M,M,M,M,M,M,M,M,M,M,75.20,FAOR 181530Z 15004KT 090V170 CAVOK 24/M04 Q1029 NOSIG,M
FAOR,2026-08-18 16:00,69.80,24.80,18.31,120.00,3.00,0.00,30.39,M,6.21,M,M,M,M,M,M,M,M,M,M,M,M,M,M,M,M,69.80,FAOR 181600Z 12003KT 090V220 CAVOK 21/M04 Q1029 NOSIG,M
FAOR,2026-08-18 16:30,69.80,23.00,16.98,160.00,3.00,0.00,30.39,M,6.21,M,M,M,M,M,M,M,M,M,M,M,M,M,M,M,M,69.80,FAOR 181630Z 16003KT 140V200 CAVOK 21/M05 Q1029 NOSIG,M
FAOR,2026-08-18 17:00,68.00,23.00,18.06,170.00,3.00,0.00,30.42,M,6.21,M,M,M,M,M,M,M,M,M,M,M,M,M,M,M,M,68.00,FAOR 181700Z 17003KT CAVOK 20/M05 Q1030 NOSIG,M
FAOR,2026-08-18 17:30,69.80,24.80,18.31,170.00,4.00,0.00,30.42,M,6.21,M,M,M,M,M,M,M,M,M,M,M,M,M,M,M,M,69.80,FAOR 181730Z 17004KT 110V270 CAVOK 21/M04 Q1030 NOSIG,M
FAOR,2026-08-18 18:00,64.40,24.80,22.05,190.00,6.00,0.00,30.42,M,6.21,M,M,M,M,M,M,M,M,M,M,M,M,M,M,M,M,64.40,FAOR 181800Z 19006KT 140V210 CAVOK 18/M04 Q1030 NOSIG,M
FAOR,2026-08-18 18:30,64.40,26.60,23.77,200.00,4.00,0.00,30.42,M,6.21,M,M,M,M,M,M,M,M,M,M,M,M,M,M,M,M,64.40,FAOR 181830Z 20004KT CAVOK 18/M03 Q1030 NOSIG,M
FAOR,2026-08-18 19:00,62.60,26.60,25.31,200.00,5.00,0.00,30.42,M,6.21,M,M,M,M,M,M,M,M,M,M,M,M,M,M,M,M,62.60,FAOR 181900Z 20005KT CAVOK 17/M03 Q1030 NOSIG,M
FAOR,2026-08-18 19:30,68.00,26.60,20.98,280.00,6.00,0.00,30.45,M,6.21,M,M,M,M,M,M,M,M,M,M,M,M,M,M,M,M,68.00,FAOR 181930Z 28006KT CAVOK 20/M03 Q1031 NOSIG,M
FAOR,2026-08-18 20:00,62.60,26.60,25.31,M,2.00,0.00,30.45,M,6.21,M,M,M,M,M,M,M,M,M,M,M,M,M,M,M,M,62.60,FAOR 182000Z VRB02KT CAVOK 17/M03 Q1031 NOSIG,M
FAOR,2026-08-18 20:30,59.00,30.20,33.34,M,1.00,0.00,30.45,M,6.21,M,M,M,M,M,M,M,M,M,M,M,M,M,M,M,M,59.00,FAOR 182030Z VRB01KT CAVOK 15/M01 Q1031 NOSIG,M
FAOR,2026-08-18 21:00,60.80,30.20,31.27,M,1.00,0.00,30.45,M,6.21,M,M,M,M,M,M,M,M,M,M,M,M,M,M,M,M,60.80,FAOR 182100Z VRB01KT CAVOK 16/M01 Q1031 NOSIG,M
FAOR,2026-08-18 22:00,66.20,26.60,22.32,M,2.00,0.00,30.45,M,6.21,M,M,M,M,M,M,M,M,M,M,M,M,M,M,M,M,66.20,FAOR 182200Z VRB02KT CAVOK 19/M03 Q1031 NOSIG,M
FAOR,2026-08-18 23:00,60.80,26.60,26.98,20.00,5.00,0.00,30.45,M,6.21,M,M,M,M,M,M,M,M,M,M,M,M,M,M,M,M,60.80,FAOR 182300Z 02005KT CAVOK 16/M03 Q1031 NOSIG,M
FAOR,2026-08-19 00:00,59.00,35.60,41.42,340.00,8.00,0.00,30.45,M,6.21,M,M,M,M,M,M,M,M,M,M,M,M,M,M,M,M,59.00,FAOR 190000Z 34008KT CAVOK 15/02 Q1031 NOSIG,M
FAOR,2026-08-19 01:00,59.00,37.40,44.47,340.00,8.00,0.00,30.42,M,6.21,M,M,M,M,M,M,M,M,M,M,M,M,M,M,M,M,59.00,FAOR 190100Z 34008KT CAVOK 15/03 Q1030 NOSIG,M
FAOR,2026-08-19 02:30,57.20,37.40,47.44,330.00,8.00,0.00,30.42,M,6.21,M,M,M,M,M,M,M,M,M,M,M,M,M,M,M,M,57.20,FAOR 190230Z 33008KT CAVOK 14/03 Q1030 NOSIG,M
FAOR,2026-08-19 03:00,57.20,37.40,47.44,340.00,9.00,0.00,30.42,M,6.21,M,M,M,M,M,M,M,M,M,M,M,M,M,M,M,M,57.20,FAOR 190300Z 34009KT CAVOK 14/03 Q1030 NOSIG,M
FAOR,2026-08-19 03:30,55.40,37.40,50.63,350.00,8.00,0.00,30.42,M,6.21,M,M,M,M,M,M,M,M,M,M,M,M,M,M,M,M,55.40,FAOR 190330Z 35008KT CAVOK 13/03 Q1030 NOSIG,M
FAOR,2026-08-19 04:00,55.40,37.40,50.63,340.00,7.00,0.00,30.42,M,6.21,M,M,M,M,M,M,M,M,M,M,M,M,M,M,M,M,55.40,FAOR 190400Z 34007KT CAVOK 13/03 Q1030 NOSIG,M
FAOR,2026-08-19 04:30,55.40,37.40,50.63,340.00,7.00,0.00,30.45,M,6.21,M,M,M,M,M,M,M,M,M,M,M,M,M,M,M,M,55.40,FAOR 190430Z 34007KT CAVOK 13/03 Q1031 NOSIG,M
FAOR,2026-08-19 05:00,57.20,37.40,47.44,340.00,8.00,0.00,30.45,M,6.21,M,M,M,M,M,M,M,M,M,M,M,M,M,M,M,M,57.20,FAOR 190500Z 34008KT CAVOK 14/03 Q1031 NOSIG,M
FAOR,2026-08-19 05:30,57.20,37.40,47.44,350.00,10.00,0.00,30.45,M,6.21,M,M,M,M,M,M,M,M,M,M,M,M,M,M,M,M,57.20,FAOR 190530Z 35010KT CAVOK 14/03 Q1031 NOSIG,M
FAOR,2026-08-19 06:00,59.00,37.40,44.47,340.00,10.00,0.00,30.47,M,6.21,M,M,M,M,M,M,M,M,M,M,M,M,M,M,M,M,59.00,FAOR 190600Z 34010KT CAVOK 15/03 Q1032 NOSIG,M
FAOR,2026-08-19 06:30,60.80,39.20,44.76,330.00,8.00,0.00,30.47,M,6.21,M,M,M,M,M,M,M,M,M,M,M,M,M,M,M,M,60.80,FAOR 190630Z 33008KT CAVOK 16/04 Q1032 NOSIG,M
FAOR,2026-08-19 07:00,62.60,39.20,42.00,340.00,10.00,0.00,30.47,M,6.21,M,M,M,M,M,M,M,M,M,M,M,M,M,M,M,M,62.60,FAOR 190700Z 34010KT CAVOK 17/04 Q1032 NOSIG,M
FAOR,2026-08-19 07:30,64.40,37.40,36.75,320.00,9.00,0.00,30.47,M,6.21,M,M,M,M,M,M,M,M,M,M,M,M,M,M,M,M,64.40,FAOR 190730Z 32009KT CAVOK 18/03 Q1032 NOSIG,M
FAOR,2026-08-19 08:30,68.00,35.60,30.21,300.00,9.00,0.00,30.47,M,6.21,M,M,M,M,M,M,M,M,M,M,M,M,M,M,M,M,68.00,FAOR 190830Z 30009KT CAVOK 20/02 Q1032 NOSIG,M
FAOR,2026-08-19 09:00,69.80,37.40,30.50,290.00,9.00,0.00,30.47,M,6.21,M,M,M,M,M,M,M,M,M,M,M,M,M,M,M,M,69.80,FAOR 190900Z 29009KT 250V310 CAVOK 21/03 Q1032 NOSIG,M
FAOR,2026-08-19 09:30,69.80,35.60,28.41,300.00,9.00,0.00,30.47,M,6.21,M,M,M,M,M,M,M,M,M,M,M,M,M,M,M,M,69.80,FAOR 190930Z 30009KT CAVOK 21/02 Q1032 NOSIG,M
FAOR,2026-08-19 10:00,71.60,33.80,24.87,300.00,9.00,0.00,30.47,M,6.21,M,M,M,M,M,M,M,M,M,M,M,M,M,M,M,M,71.60,FAOR 191000Z 30009KT 240V320 CAVOK 22/01 Q1032 NOSIG,M
FAOR,2026-08-19 10:30,71.60,35.60,26.72,290.00,7.00,0.00,30.47,M,6.21,M,M,M,M,M,M,M,M,M,M,M,M,M,M,M,M,71.60,FAOR 191030Z 29007KT 240V320 CAVOK 22/02 Q1032 NOSIG,M
FAOR,2026-08-19 11:00,73.40,35.60,25.15,270.00,7.00,0.00,30.45,M,6.21,M,M,M,M,M,M,M,M,M,M,M,M,M,M,M,M,73.40,FAOR 191100Z 27007KT 210V350 CAVOK 23/02 Q1031 NOSIG,M
FAOR,2026-08-19 11:30,75.20,35.60,23.68,260.00,7.00,0.00,30.45,M,6.21,M,M,M,M,M,M,M,M,M,M,M,M,M,M,M,M,75.20,FAOR 191130Z 26007KT 190V300 CAVOK 24/02 Q1031 NOSIG,M
FAOR,2026-08-19 12:00,75.20,33.80,22.04,260.00,6.00,0.00,30.45,M,6.21,M,M,M,M,M,M,M,M,M,M,M,M,M,M,M,M,75.20,FAOR 191200Z 26006KT 210V340 CAVOK 24/01 Q1031 NOSIG,M
FAOR,2026-08-19 12:30,75.20,30.20,19.06,290.00,7.00,0.00,30.42,M,6.21,M,M,M,M,M,M,M,M,M,M,M,M,M,M,M,M,75.20,FAOR 191230Z 29007KT 250V340 CAVOK 24/M01 Q1030 NOSIG,M
FAOR,2026-08-19 13:00,77.00,33.80,20.76,310.00,8.00,0.00,30.42,M,6.21,M,M,M,M,M,M,M,M,M,M,M,M,M,M,M,M,77.00,FAOR 191300Z 31008KT 260V350 CAVOK 25/01 Q1030 NOSIG,M
FAOR,2026-08-19 13:30,77.00,32.00,19.31,M,6.00,0.00,30.42,M,6.21,M,M,M,M,M,M,M,M,M,M,M,M,M,M,M,M,77.00,FAOR 191330Z VRB06KT CAVOK 25/M00 Q1030 NOSIG,M
FAOR,2026-08-19 14:00,75.20,33.80,22.04,330.00,8.00,0.00,30.42,M,6.21,M,M,M,M,M,M,M,M,M,M,M,M,M,M,M,M,75.20,FAOR 191400Z 33008KT 280V350 CAVOK 24/01 Q1030 NOSIG,M
FAOR,2026-08-19 14:30,75.20,33.80,22.04,290.00,8.00,0.00,30.42,M,6.21,M,M,M,M,M,M,M,M,M,M,M,M,M,M,M,M,75.20,FAOR 191430Z 29008KT 250V330 CAVOK 24/01 Q1030 NOSIG,M
FAOR,2026-08-19 15:00,75.20,33.80,22.04,320.00,8.00,0.00,30.42,M,6.21,M,M,M,M,M,M,M,M,M,M,M,M,M,M,M,M,75.20,FAOR 191500Z 32008KT 280V340 CAVOK 24/01 Q1030 NOSIG,M
FAOR,2026-08-19 15:30,73.40,33.80,23.41,310.00,7.00,0.00,30.42,M,6.21,M,M,M,M,M,M,M,M,M,M,M,M,M,M,M,M,73.40,FAOR 191530Z 31007KT 280V350 CAVOK 23/01 Q1030 NOSIG,M
FAOR,2026-08-19 16:00,71.60,35.60,26.72,310.00,7.00,0.00,30.42,M,6.21,M,M,M,M,M,M,M,M,M,M,M,M,M,M,M,M,71.60,FAOR 191600Z 31007KT CAVOK 22/02 Q1030 NOSIG,M
FAOR,2026-08-19 17:00,68.00,37.40,32.44,300.00,7.00,0.00,30.42,M,6.21,M,M,M,M,M,M,M,M,M,M,M,M,M,M,M,M,68.00,FAOR 191700Z 30007KT 250V330 CAVOK 20/03 Q1030 NOSIG,M
FAOR,2026-08-19 17:30,66.20,37.40,34.52,310.00,6.00,0.00,30.45,M,6.21,M,M,M,M,M,M,M,M,M,M,M,M,M,M,M,M,66.20,FAOR 191730Z 31006KT 220V330 CAVOK 19/03 Q1031 NOSIG,M
FAOR,2026-08-19 18:00,66.20,39.20,37.04,300.00,7.00,0.00,30.45,M,6.21,M,M,M,M,M,M,M,M,M,M,M,M,M,M,M,M,66.20,FAOR 191800Z 30007KT 250V330 CAVOK 19/04 Q1031 NOSIG,M
FAOR,2026-08-19 18:30,66.20,37.40,34.52,310.00,6.00,0.00,30.45,M,6.21,M,M,M,M,M,M,M,M,M,M,M,M,M,M,M,M,66.20,FAOR 191830Z 31006KT CAVOK 19/03 Q1031 NOSIG,M
FAOR,2026-08-19 19:00,66.20,37.40,34.52,300.00,7.00,0.00,30.45,M,6.21,M,M,M,M,M,M,M,M,M,M,M,M,M,M,M,M,66.20,FAOR 191900Z 30007KT 230V320 CAVOK 19/03 Q1031 NOSIG,M
FAOR,2026-08-19 19:30,64.40,39.20,39.44,310.00,7.00,0.00,30.45,M,6.21,M,M,M,M,M,M,M,M,M,M,M,M,M,M,M,M,64.40,FAOR 191930Z 31007KT CAVOK 18/04 Q1031 NOSIG,M
FAOR,2026-08-19 20:00,62.60,37.40,39.14,300.00,6.00,0.00,30.45,M,6.21,M,M,M,M,M,M,M,M,M,M,M,M,M,M,M,M,62.60,FAOR 192000Z 30006KT CAVOK 17/03 Q1031 NOSIG,M
FAOR,2026-08-19 20:30,62.60,37.40,39.14,310.00,5.00,0.00,30.45,M,6.21,M,M,M,M,M,M,M,M,M,M,M,M,M,M,M,M,62.60,FAOR 192030Z 31005KT CAVOK 17/03 Q1031 NOSIG,M
FAOR,2026-08-19 21:00,64.40,37.40,36.75,300.00,6.00,0.00,30.45,M,6.21,M,M,M,M,M,M,M,M,M,M,M,M,M,M,M,M,64.40,FAOR 192100Z 30006KT 240V310 CAVOK 18/03 Q1031 NOSIG,M
FAOR,2026-08-19 21:30,62.60,37.40,39.14,300.00,5.00,0.00,30.45,M,6.21,M,M,M,M,M,M,M,M,M,M,M,M,M,M,M,M,62.60,FAOR 192130Z 30005KT 250V320 CAVOK 17/03 Q1031 NOSIG,M
FAOR,2026-08-19 22:00,64.40,37.40,36.75,300.00,6.00,0.00,30.45,M,6.21,M,M,M,M,M,M,M,M,M,M,M,M,M,M,M,M,64.40,FAOR 192200Z 30006KT CAVOK 18/03 Q1031 NOSIG,M
FAOR,2026-08-19 22:30,62.60,37.40,39.14,300.00,5.00,0.00,30.45,M,6.21,M,M,M,M,M,M,M,M,M,M,M,M,M,M,M,M,62.60,FAOR 192230Z 30005KT CAVOK 17/03 Q1031 NOSIG,M
FAOR,2026-08-19 23:00,64.40,37.40,36.75,290.00,7.00,0.00,30.42,M,6.21,M,M,M,M,M,M,M,M,M,M,M,M,M,M,M,M,64.40,FAOR 192300Z 29007KT CAVOK 18/03 Q1030 NOSIG,M
FAOR,2026-08-19 23:30,64.40,37.40,36.75,280.00,8.00,0.00,30.42,M,6.21,M,M,M,M,M,M,M,M,M,M,M,M,M,M,M,M,64.40,FAOR 192330Z 28008KT CAVOK 18/03 Q1030 NOSIG,M
FAOR,2026-08-20 00:00,62.60,37.40,39.14,280.00,6.00,0.00,30.42,M,6.21,M,M,M,M,M,M,M,M,M,M,M,M,M,M,M,M,62.60,FAOR 200000Z 28006KT CAVOK 17/03 Q1030 NOSIG,M
FAOR,2026-08-20 00:30,62.60,37.40,39.14,280.00,6.00,0.00,30.42,M,6.21,M,M,M,M,M,M,M,M,M,M,M,M,M,M,M,M,62.60,FAOR 200030Z 28006KT CAVOK 17/03 Q1030 NOSIG,M
FAOR,2026-08-20 01:00,62.60,37.40,39.14,280.00,7.00,0.00,30.42,M,6.21,M,M,M,M,M,M,M,M,M,M,M,M,M,M,M,M,62.60,FAOR 200100Z 28007KT CAVOK 17/03 Q1030 NOSIG,M
FAOR,2026-08-20 01:30,57.20,37.40,47.44,300.00,5.00,0.00,30.42,M,6.21,M,M,M,M,M,M,M,M,M,M,M,M,M,M,M,M,57.20,FAOR 200130Z 30005KT CAVOK 14/03 Q1030 NOSIG,M
FAOR,2026-08-20 02:00,59.00,37.40,44.47,300.00,6.00,0.00,30.42,M,6.21,M,M,M,M,M,M,M,M,M,M,M,M,M,M,M,M,59.00,FAOR 200200Z 30006KT CAVOK 15/03 Q1030 NOSIG,M
FAOR,2026-08-20 02:30,59.00,37.40,44.47,300.00,6.00,0.00,30.42,M,6.21,M,M,M,M,M,M,M,M,M,M,M,M,M,M,M,M,59.00,FAOR 200230Z 30006KT CAVOK 15/03 Q1030 NOSIG,M
FAOR,2026-08-20 03:00,60.80,37.40,41.71,290.00,6.00,0.00,30.42,M,6.21,M,M,M,M,M,M,M,M,M,M,M,M,M,M,M,M,60.80,FAOR 200300Z 29006KT CAVOK 16/03 Q1030 NOSIG,M
FAOR,2026-08-20 03:30,60.80,37.40,41.71,280.00,7.00,0.00,30.42,M,6.21,M,M,M,M,M,M,M,M,M,M,M,M,M,M,M,M,60.80,FAOR 200330Z 28007KT CAVOK 16/03 Q1030 NOSIG,M
FAOR,2026-08-20 04:00,60.80,37.40,41.71,290.00,6.00,0.00,30.42,M,6.21,M,M,M,M,M,M,M,M,M,M,M,M,M,M,M,M,60.80,FAOR 200400Z 29006KT CAVOK 16/03 Q1030 NOSIG,M
FAOR,2026-08-20 04:30,60.80,37.40,41.71,280.00,7.00,0.00,30.42,M,6.21,M,M,M,M,M,M,M,M,M,M,M,M,M,M,M,M,60.80,FAOR 200430Z 28007KT CAVOK 16/03 Q1030 NOSIG,M
FAOR,2026-08-20 05:00,60.80,37.40,41.71,280.00,7.00,0.00,30.42,M,6.21,M,M,M,M,M,M,M,M,M,M,M,M,M,M,M,M,60.80,FAOR 200500Z 28007KT CAVOK 16/03 Q1030 NOSIG,M
FAOR,2026-08-20 05:30,62.60,39.20,42.00,290.00,9.00,0.00,30.45,M,6.21,M,M,M,M,M,M,M,M,M,M,M,M,M,M,M,M,62.60,FAOR 200530Z 29009KT CAVOK 17/04 Q1031 NOSIG,M
FAOR,2026-08-20 06:00,62.60,39.20,42.00,290.00,9.00,0.00,30.45,M,6.21,M,M,M,M,M,M,M,M,M,M,M,M,M,M,M,M,62.60,FAOR 200600Z 29009KT CAVOK 17/04 Q1031 NOSIG,M
FAOR,2026-08-20 06:30,64.40,39.20,39.44,290.00,10.00,0.00,30.45,M,6.21,M,M,M,M,M,M,M,M,M,M,M,M,M,M,M,M,64.40,FAOR 200630Z 29010KT CAVOK 18/04 Q1031 NOSIG,M
FAOR,2026-08-20 07:00,68.00,39.20,34.81,290.00,8.00,0.00,30.47,M,6.21,M,M,M,M,M,M,M,M,M,M,M,M,M,M,M,M,68.00,FAOR 200700Z 29008KT 260V320 CAVOK 20/04 Q1032 NOSIG,M
FAOR,2026-08-20 07:30,68.00,39.20,34.81,300.00,6.00,0.00,30.47,M,6.21,M,M,M,M,M,M,M,M,M,M,M,M,M,M,M,M,68.00,FAOR 200730Z 30006KT 260V320 CAVOK 20/04 Q1032 NOSIG,M
FAOR,2026-08-20 08:00,73.40,37.40,27.00,280.00,4.00,0.00,30.47,M,6.21,M,M,M,M,M,M,M,M,M,M,M,M,M,M,M,M,73.40,FAOR 200800Z 28004KT 220V310 CAVOK 23/03 Q1032 NOSIG,M
FAOR,2026-08-20 08:30,73.40,33.80,23.41,250.00,6.00,0.00,30.47,M,6.21,M,M,M,M,M,M,M,M,M,M,M,M,M,M,M,M,73.40,FAOR 200830Z 25006KT 210V300 CAVOK 23/01 Q1032 NOSIG,M
FAOR,2026-08-20 09:00,77.00,28.40,16.68,230.00,9.00,0.00,30.47,M,6.21,M,M,M,M,M,M,M,M,M,M,M,M,M,M,M,M,77.00,FAOR 200900Z 23009KT 170V280 CAVOK 25/M02 Q1032 NOSIG,M
FAOR,2026-08-20 09:30,77.00,28.40,16.68,230.00,8.00,0.00,30.45,M,6.21,M,M,M,M,M,M,M,M,M,M,M,M,M,M,M,M,77.00,FAOR 200930Z 23008KT 180V270 CAVOK 25/M02 Q1031 NOSIG,M
FAOR,2026-08-20 10:00,77.00,28.40,16.68,220.00,7.00,0.00,30.45,M,6.21,M,M,M,M,M,M,M,M,M,M,M,M,M,M,M,M,77.00,FAOR 201000Z 22007KT 150V260 CAVOK 25/M02 Q1031 NOSIG,M
FAOR,2026-08-20 10:30,78.80,30.20,16.92,190.00,8.00,0.00,30.42,M,6.21,M,M,M,M,M,M,M,M,M,M,M,M,M,M,M,M,78.80,FAOR 201030Z 19008KT 160V260 CAVOK 26/M01 Q1030 NOSIG,M
FAOR,2026-08-20 11:00,78.80,30.20,16.92,220.00,9.00,0.00,30.42,M,6.21,M,M,M,M,M,M,M,M,M,M,M,M,M,M,M,M,78.80,FAOR 201100Z 22009KT 190V260 CAVOK 26/M01 Q1030 NOSIG,M
FAOR,2026-08-20 11:30,78.80,28.40,15.72,230.00,5.00,0.00,30.42,M,6.21,M,M,M,M,M,M,M,M,M,M,M,M,M,M,M,M,78.80,FAOR 201130Z 23005KT 150V310 CAVOK 26/M02 Q1030 NOSIG,M
FAOR,2026-08-20 12:00,78.80,24.80,13.55,250.00,8.00,0.00,30.39,M,6.21,M,M,M,M,M,M,M,M,M,M,M,M,M,M,M,M,78.80,FAOR 201200Z 25008KT 200V320 CAVOK 26/M04 Q1029 NOSIG,M
FAOR,2026-08-20 12:30,78.80,26.60,14.60,260.00,9.00,0.00,30.39,M,6.21,M,M,M,M,M,M,M,M,M,M,M,M,M,M,M,M,78.80,FAOR 201230Z 26009KT 220V300 CAVOK 26/M03 Q1029 NOSIG,M
FAOR,2026-08-20 13:00,78.80,26.60,14.60,270.00,7.00,0.00,30.36,M,6.21,M,M,M,M,M,M,M,M,M,M,M,M,M,M,M,M,78.80,FAOR 201300Z 27007KT 230V320 CAVOK 26/M03 Q1028 NOSIG,M
FAOR,2026-08-20 13:30,78.80,23.00,12.56,250.00,6.00,0.00,30.36,M,6.21,M,M,M,M,M,M,M,M,M,M,M,M,M,M,M,M,78.80,FAOR 201330Z 25006KT 210V320 CAVOK 26/M05 Q1028 NOSIG,M
FAOR,2026-08-20 14:00,78.80,21.20,11.64,270.00,4.00,0.00,30.36,M,6.21,M,M,M,M,M,M,M,M,M,M,M,M,M,M,M,M,78.80,FAOR 201400Z 27004KT 210V360 CAVOK 26/M06 Q1028 NOSIG,M
FAOR,2026-08-20 14:30,78.80,21.20,11.64,280.00,7.00,0.00,30.39,M,6.21,M,M,M,M,M,M,M,M,M,M,M,M,M,M,M,M,78.80,FAOR 201430Z 28007KT 210V330 CAVOK 26/M06 Q1029 NOSIG,M
FAOR,2026-08-20 15:00,77.00,23.00,13.33,250.00,6.00,0.00,30.39,M,6.21,M,M,M,M,M,M,M,M,M,M,M,M,M,M,M,M,77.00,FAOR 201500Z 25006KT 220V300 CAVOK 25/M05 Q1029 NOSIG,M
FAOR,2026-08-20 15:30,75.20,23.00,14.15,230.00,4.00,0.00,30.39,M,6.21,M,M,M,M,M,M,M,M,M,M,M,M,M,M,M,M,75.20,FAOR 201530Z 23004KT 210V270 CAVOK 24/M05 Q1029 NOSIG,M
FAOR,2026-08-20 16:00,75.20,23.00,14.15,250.00,2.00,0.00,30.39,M,6.21,M,M,M,M,M,M,M,M,M,M,M,M,M,M,M,M,75.20,FAOR 201600Z 25002KT CAVOK 24/M05 Q1029 NOSIG,M
FAOR,2026-08-20 16:30,73.40,33.80,23.41,280.00,6.00,0.00,30.42,M,6.21,M,M,M,M,M,M,M,M,M,M,M,M,M,M,M,M,73.40,FAOR 201630Z 28006KT CAVOK 23/01 Q1030 NOSIG,M
FAOR,2026-08-20 17:00,71.60,35.60,26.72,280.00,5.00,0.00,30.42,M,6.21,M,M,M,M,M,M,M,M,M,M,M,M,M,M,M,M,71.60,FAOR 201700Z 28005KT 220V300 CAVOK 22/02 Q1030 NOSIG,M
FAOR,2026-08-20 17:30,71.60,37.40,28.69,290.00,7.00,0.00,30.42,M,6.21,M,M,M,M,M,M,M,M,M,M,M,M,M,M,M,M,71.60,FAOR 201730Z 29007KT 230V310 CAVOK 22/03 Q1030 NOSIG,M
FAOR,2026-08-20 18:00,68.00,39.20,34.81,300.00,5.00,0.00,30.42,M,6.21,M,M,M,M,M,M,M,M,M,M,M,M,M,M,M,M,68.00,FAOR 201800Z 30005KT 210V340 CAVOK 20/04 Q1030 NOSIG,M
FAOR,2026-08-20 18:30,69.80,37.40,30.50,300.00,6.00,0.00,30.42,M,6.21,M,M,M,M,M,M,M,M,M,M,M,M,M,M,M,M,69.80,FAOR 201830Z 30006KT 260V320 CAVOK 21/03 Q1030 NOSIG,M
FAOR,2026-08-20 19:00,68.00,37.40,32.44,290.00,6.00,0.00,30.42,M,6.21,M,M,M,M,M,M,M,M,M,M,M,M,M,M,M,M,68.00,FAOR 201900Z 29006KT CAVOK 20/03 Q1030 NOSIG,M
FAOR,2026-08-20 19:30,68.00,35.60,30.21,280.00,6.00,0.00,30.45,M,6.21,M,M,M,M,M,M,M,M,M,M,M,M,M,M,M,M,68.00,FAOR 201930Z 28006KT CAVOK 20/02 Q1031 NOSIG,M
FAOR,2026-08-20 20:00,68.00,35.60,30.21,280.00,6.00,0.00,30.45,M,6.21,M,M,M,M,M,M,M,M,M,M,M,M,M,M,M,M,68.00,FAOR 202000Z 28006KT CAVOK 20/02 Q1031 NOSIG,M
FAOR,2026-08-20 21:00,68.00,33.80,28.12,290.00,5.00,0.00,30.42,M,6.21,M,M,M,M,M,M,M,M,M,M,M,M,M,M,M,M,68.00,FAOR 202100Z 29005KT CAVOK 20/01 Q1030 NOSIG,M
FAOR,2026-08-20 22:00,73.40,33.80,23.41,290.00,5.00,0.00,30.42,M,6.21,M,M,M,M,M,M,M,M,M,M,M,M,M,M,M,M,73.40,FAOR 202200Z 29005KT CAVOK 23/01 Q1030 NOSIG,M
FAOR,2026-08-20 23:00,64.40,33.80,31.86,300.00,5.00,0.00,30.42,M,6.21,M,M,M,M,M,M,M,M,M,M,M,M,M,M,M,M,64.40,FAOR 202300Z 30005KT CAVOK 18/01 Q1030 NOSIG,M
FAOR,2026-08-21 00:00,66.20,32.00,27.84,270.00,5.00,0.00,30.42,M,6.21,M,M,M,M,M,M,M,M,M,M,M,M,M,M,M,M,66.20,FAOR 210000Z 27005KT CAVOK 19/M00 Q1030 NOSIG,M
FAOR,2026-08-21 01:00,60.80,35.60,38.85,350.00,10.00,0.00,30.42,M,6.21,M,M,M,M,M,M,M,M,M,M,M,M,M,M,M,M,60.80,FAOR 210100Z 35010KT CAVOK 16/02 Q1030 NOSIG,M
FAOR,2026-08-21 02:00,59.00,37.40,44.47,350.00,11.00,0.00,30.39,M,6.21,M,M,M,M,M,M,M,M,M,M,M,M,M,M,M,M,59.00,FAOR 210200Z 35011KT CAVOK 15/03 Q1029 NOSIG,M
FAOR,2026-08-21 02:30,59.00,39.20,47.72,340.00,10.00,0.00,30.39,M,6.21,M,M,M,M,M,M,M,M,M,M,M,M,M,M,M,M,59.00,FAOR 210230Z 34010KT CAVOK 15/04 Q1029 NOSIG,M
FAOR,2026-08-21 03:00,59.00,37.40,44.47,340.00,9.00,0.00,30.42,M,6.21,M,M,M,M,M,M,M,M,M,M,M,M,M,M,M,M,59.00,FAOR 210300Z 34009KT CAVOK 15/03 Q1030 NOSIG,M
FAOR,2026-08-21 03:30,59.00,37.40,44.47,330.00,8.00,0.00,30.42,M,6.21,M,M,M,M,M,M,M,M,M,M,M,M,M,M,M,M,59.00,FAOR 210330Z 33008KT CAVOK 15/03 Q1030 NOSIG,M
FAOR,2026-08-21 04:00,59.00,39.20,47.72,330.00,9.00,0.00,30.42,M,6.21,M,M,M,M,M,M,M,M,M,M,M,M,M,M,M,M,59.00,FAOR 210400Z 33009KT CAVOK 15/04 Q1030 NOSIG,M
FAOR,2026-08-21 04:30,57.20,39.20,50.91,320.00,7.00,0.00,30.42,M,6.21,M,M,M,M,M,M,M,M,M,M,M,M,M,M,M,M,57.20,FAOR 210430Z 32007KT CAVOK 14/04 Q1030 NOSIG,M
FAOR,2026-08-21 05:00,59.00,39.20,47.72,320.00,8.00,0.00,30.42,M,6.21,M,M,M,M,M,M,M,M,M,M,M,M,M,M,M,M,59.00,FAOR 210500Z 32008KT CAVOK 15/04 Q1030 NOSIG,M
FAOR,2026-08-21 05:30,59.00,39.20,47.72,330.00,10.00,0.00,30.45,M,6.21,M,M,M,M,M,M,M,M,M,M,M,M,M,M,M,M,59.00,FAOR 210530Z 33010KT 270V350 CAVOK 15/04 Q1031 NOSIG,M
FAOR,2026-08-21 06:00,60.80,39.20,44.76,340.00,8.00,0.00,30.45,M,6.21,M,M,M,M,M,M,M,M,M,M,M,M,M,M,M,M,60.80,FAOR 210600Z 34008KT CAVOK 16/04 Q1031 NOSIG,M
FAOR,2026-08-21 06:30,62.60,39.20,42.00,330.00,9.00,0.00,30.45,M,6.21,M,M,M,M,M,M,M,M,M,M,M,M,M,M,M,M,62.60,FAOR 210630Z 33009KT 250V350 CAVOK 17/04 Q1031 NOSIG,M
FAOR,2026-08-21 07:00,64.40,39.20,39.44,320.00,10.00,0.00,30.45,M,6.21,M,M,M,M,M,M,M,M,M,M,M,M,M,M,M,M,64.40,FAOR 210700Z 32010KT CAVOK 18/04 Q1031 NOSIG,M
FAOR,2026-08-21 07:30,66.20,39.20,37.04,320.00,9.00,0.00,30.45,M,6.21,M,M,M,M,M,M,M,M,M,M,M,M,M,M,M,M,66.20,FAOR 210730Z 32009KT CAVOK 19/04 Q1031 NOSIG,M
FAOR,2026-08-21 08:00,68.00,39.20,34.81,310.00,12.00,0.00,30.47,M,6.21,M,M,M,M,M,M,M,M,M,M,M,M,M,M,M,M,68.00,FAOR 210800Z 31012KT CAVOK 20/04 Q1032 NOSIG,M
FAOR,2026-08-21 08:30,71.60,37.40,28.69,320.00,11.00,0.00,30.45,M,6.21,M,M,M,M,M,M,M,M,M,M,M,M,M,M,M,M,71.60,FAOR 210830Z 32011KT 250V340 CAVOK 22/03 Q1031 NOSIG,M
FAOR,2026-08-21 09:00,71.60,37.40,28.69,320.00,13.00,0.00,30.45,M,6.21,M,M,M,M,M,M,M,M,M,M,M,M,M,M,M,M,71.60,FAOR 210900Z 32013KT 240V350 CAVOK 22/03 Q1031 NOSIG,M
FAOR,2026-08-21 09:30,73.40,37.40,27.00,M,10.00,0.00,30.45,M,6.21,M,M,M,M,M,M,M,M,M,M,M,M,M,M,M,M,73.40,FAOR 210930Z VRB10KT CAVOK 23/03 Q1031 NOSIG,M
FAOR,2026-08-21 10:00,73.40,37.40,27.00,320.00,10.00,0.00,30.42,M,6.21,M,M,M,M,M,M,M,M,M,M,M,M,M,M,M,M,73.40,FAOR 211000Z 32010KT 270V350 CAVOK 23/03 Q1030 NOSIG,M
FAOR,2026-08-21 10:30,73.40,35.60,25.15,300.00,11.00,0.00,30.42,M,6.21,M,M,M,M,M,M,M,M,M,M,M,M,M,M,M,M,73.40,FAOR 211030Z 30011KT 260V330 CAVOK 23/02 Q1030 NOSIG,M
FAOR,2026-08-21 11:00,75.20,37.40,25.43,310.00,10.00,0.00,30.39,M,6.21,M,M,M,M,M,M,M,M,M,M,M,M,M,M,M,M,75.20,FAOR 211100Z 31010KT 280V340 CAVOK 24/03 Q1029 NOSIG,M
FAOR,2026-08-21 11:30,75.20,32.00,20.50,310.00,10.00,0.00,30.39,M,6.21,M,M,M,M,M,M,M,M,M,M,M,M,M,M,M,M,75.20,FAOR 211130Z 31010KT 280V340 CAVOK 24/00 Q1029 NOSIG,M
FAOR,2026-08-21 12:00,75.20,32.00,20.50,310.00,9.00,0.00,30.39,M,6.21,M,M,M,M,M,M,M,M,M,M,M,M,M,M,M,M,75.20,FAOR 211200Z 31009KT 250V350 CAVOK 24/M00 Q1029 NOSIG,M
FAOR,2026-08-21 12:30,77.00,30.20,17.96,280.00,7.00,0.00,30.36,M,6.21,M,M,M,M,M,M,M,M,M,M,M,M,M,M,M,M,77.00,FAOR 211230Z 28007KT 210V350 CAVOK 25/M01 Q1028 NOSIG,M
FAOR,2026-08-21 13:00,77.00,32.00,19.31,M,5.00,0.00,30.36,M,6.21,M,M,M,M,M,M,M,M,M,M,M,M,M,M,M,M,77.00,FAOR 211300Z VRB05KT CAVOK 25/M00 Q1028 NOSIG,M
FAOR,2026-08-21 13:30,75.20,30.20,19.06,300.00,5.00,0.00,30.36,M,6.21,M,M,M,M,M,M,M,M,M,M,M,M,M,M,M,M,75.20,FAOR 211330Z 30005KT 240V360 CAVOK 24/M01 Q1028 NOSIG,M
FAOR,2026-08-21 14:00,75.20,32.00,20.50,310.00,6.00,0.00,30.36,M,6.21,M,M,M,M,M,M,M,M,M,M,M,M,M,M,M,M,75.20,FAOR 211400Z 31006KT 250V360 CAVOK 24/00 Q1028 NOSIG,M
FAOR,2026-08-21 14:30,75.20,32.00,20.50,290.00,6.00,0.00,30.36,M,6.21,M,M,M,M,M,M,M,M,M,M,M,M,M,M,M,M,75.20,FAOR 211430Z 29006KT 240V340 CAVOK 24/M00 Q1028 NOSIG,M
FAOR,2026-08-21 15:00,73.40,33.80,23.41,350.00,7.00,0.00,30.36,M,6.21,M,M,M,M,M,M,M,M,M,M,M,M,M,M,M,M,73.40,FAOR 211500Z 35007KT 320V020 CAVOK 23/01 Q1028 NOSIG,M
FAOR,2026-08-21 15:30,73.40,32.00,21.77,320.00,7.00,0.00,30.36,M,6.21,M,M,M,M,M,M,M,M,M,M,M,M,M,M,M,M,73.40,FAOR 211530Z 32007KT 240V350 CAVOK 23/00 Q1028 NOSIG,M
FAOR,2026-08-21 16:00,71.60,32.00,23.14,330.00,7.00,0.00,30.39,M,6.21,M,M,M,M,M,M,M,M,M,M,M,M,M,M,M,M,71.60,FAOR 211600Z 33007KT CAVOK 22/00 Q1029 NOSIG,M
FAOR,2026-08-21 16:30,71.60,32.00,23.14,310.00,6.00,0.00,30.39,M,6.21,M,M,M,M,M,M,M,M,M,M,M,M,M,M,M,M,71.60,FAOR 211630Z 31006KT 200V340 CAVOK 22/00 Q1029 NOSIG,M
FAOR,2026-08-21 17:00,69.80,32.00,24.60,310.00,6.00,0.00,30.39,M,6.21,M,M,M,M,M,M,M,M,M,M,M,M,M,M,M,M,69.80,FAOR 211700Z 31006KT 230V330 CAVOK 21/00 Q1029 NOSIG,M
FAOR,2026-08-21 17:30,69.80,30.20,22.87,300.00,6.00,0.00,30.42,M,6.21,M,M,M,M,M,M,M,M,M,M,M,M,M,M,M,M,69.80,FAOR 211730Z 30006KT 230V330 CAVOK 21/M01 Q1030 NOSIG,M
FAOR,2026-08-21 18:00,68.00,30.20,24.32,310.00,6.00,0.00,30.42,M,6.21,M,M,M,M,M,M,M,M,M,M,M,M,M,M,M,M,68.00,FAOR 211800Z 31006KT 200V330 CAVOK 20/M01 Q1030 NOSIG,M
FAOR,2026-08-21 18:30,68.00,33.80,28.12,310.00,6.00,0.00,30.42,M,6.21,M,M,M,M,M,M,M,M,M,M,M,M,M,M,M,M,68.00,FAOR 211830Z 31006KT CAVOK 20/01 Q1030 NOSIG,M
FAOR,2026-08-21 19:00,68.00,33.80,28.12,310.00,6.00,0.00,30.42,M,6.21,M,M,M,M,M,M,M,M,M,M,M,M,M,M,M,M,68.00,FAOR 211900Z 31006KT 240V330 CAVOK 20/01 Q1030 NOSIG,M
FAOR,2026-08-21 19:30,68.00,32.00,26.16,300.00,5.00,0.00,30.42,M,6.21,16.00,M,M,M,M,M,M,M,M,M,M,M,M,M,M,M,68.00,FAOR 211930Z 30005G16KT 210V350 CAVOK 20/00 Q1030 NOSIG,M
FAOR,2026-08-21 20:00,66.20,32.00,27.84,310.00,5.00,0.00,30.42,M,6.21,M,M,M,M,M,M,M,M,M,M,M,M,M,M,M,M,66.20,FAOR 212000Z 31005KT 230V320 CAVOK 19/M00 Q1030 NOSIG,M
FAOR,2026-08-21 21:00,66.20,33.80,29.92,290.00,5.00,0.00,30.42,M,6.21,M,M,M,M,M,M,M,M,M,M,M,M,M,M,M,M,66.20,FAOR 212100Z 29005KT CAVOK 19/01 Q1030 NOSIG,M
FAOR,2026-08-21 22:00,66.20,33.80,29.92,290.00,5.00,0.00,30.39,M,6.21,M,M,M,M,M,M,M,M,M,M,M,M,M,M,M,M,66.20,FAOR 212200Z 29005KT CAVOK 19/01 Q1029 NOSIG,M
FAOR,2026-08-22 00:00,62.60,33.80,33.93,310.00,6.00,0.00,30.39,M,6.21,M,M,M,M,M,M,M,M,M,M,M,M,M,M,M,M,62.60,FAOR 220000Z 31006KT CAVOK 17/01 Q1029 NOSIG,M
FAOR,2026-08-22 01:00,60.80,33.80,36.16,310.00,6.00,0.00,30.39,M,6.21,M,M,M,M,M,M,M,M,M,M,M,M,M,M,M,M,60.80,FAOR 220100Z 31006KT CAVOK 16/01 Q1029 NOSIG,M
FAOR,2026-08-22 02:00,62.60,35.60,36.45,300.00,7.00,0.00,30.39,M,6.21,M,M,M,M,M,M,M,M,M,M,M,M,M,M,M,M,62.60,FAOR 220200Z 30007KT CAVOK 17/02 Q1029 NOSIG,M
FAOR,2026-08-22 03:30,60.80,33.80,36.16,290.00,9.00,0.00,30.39,M,6.21,M,M,M,M,M,M,M,M,M,M,M,M,M,M,M,M,60.80,FAOR 220330Z 29009KT CAVOK 16/01 Q1029 NOSIG,M
FAOR,2026-08-22 04:00,60.80,35.60,38.85,290.00,9.00,0.00,30.39,M,6.21,M,M,M,M,M,M,M,M,M,M,M,M,M,M,M,M,60.80,FAOR 220400Z 29009KT CAVOK 16/02 Q1029 NOSIG,M
FAOR,2026-08-22 04:30,60.80,35.60,38.85,290.00,8.00,0.00,30.42,M,6.21,M,M,M,M,M,M,M,M,M,M,M,M,M,M,M,M,60.80,FAOR 220430Z 29008KT CAVOK 16/02 Q1030 NOSIG,M
FAOR,2026-08-22 05:00,60.80,33.80,36.16,300.00,9.00,0.00,30.42,M,6.21,M,M,M,M,M,M,M,M,M,M,M,M,M,M,M,M,60.80,FAOR 220500Z 30009KT CAVOK 16/01 Q1030 NOSIG,M
FAOR,2026-08-22 05:30,60.80,35.60,38.85,300.00,8.00,0.00,30.42,M,6.21,M,M,M,M,M,M,M,M,M,M,M,M,M,M,M,M,60.80,FAOR 220530Z 30008KT CAVOK 16/02 Q1030 NOSIG,M
FAOR,2026-08-22 06:00,64.40,35.60,34.23,300.00,8.00,0.00,30.42,M,6.21,M,M,M,M,M,M,M,M,M,M,M,M,M,M,M,M,64.40,FAOR 220600Z 30008KT CAVOK 18/02 Q1030 NOSIG,M
FAOR,2026-08-22 06:30,66.20,33.80,29.92,300.00,10.00,0.00,30.42,M,6.21,M,M,M,M,M,M,M,M,M,M,M,M,M,M,M,M,66.20,FAOR 220630Z 30010KT CAVOK 19/01 Q1030 NOSIG,M
FAOR,2026-08-22 07:00,66.20,33.80,29.92,300.00,11.00,0.00,30.42,M,6.21,M,M,M,M,M,M,M,M,M,M,M,M,M,M,M,M,66.20,FAOR 220700Z 30011KT CAVOK 19/01 Q1030 NOSIG,M
FAOR,2026-08-22 07:30,68.00,35.60,30.21,300.00,11.00,0.00,30.45,M,6.21,M,M,M,M,M,M,M,M,M,M,M,M,M,M,M,M,68.00,FAOR 220730Z 30011KT CAVOK 20/02 Q1031 NOSIG,M
FAOR,2026-08-22 08:00,69.80,35.60,28.41,300.00,12.00,0.00,30.45,M,6.21,M,M,M,M,M,M,M,M,M,M,M,M,M,M,M,M,69.80,FAOR 220800Z 30012KT CAVOK 21/02 Q1031 NOSIG,M
FAOR,2026-08-22 08:30,71.60,33.80,24.87,290.00,12.00,0.00,30.45,M,6.21,M,M,M,M,M,M,M,M,M,M,M,M,M,M,M,M,71.60,FAOR 220830Z 29012KT CAVOK 22/01 Q1031 NOSIG,M
FAOR,2026-08-22 09:00,71.60,33.80,24.87,290.00,13.00,0.00,30.42,M,6.21,M,M,M,M,M,M,M,M,M,M,M,M,M,M,M,M,71.60,FAOR 220900Z 29013KT CAVOK 22/01 Q1030 NOSIG,M
FAOR,2026-08-22 09:30,71.60,32.00,23.14,300.00,13.00,0.00,30.42,M,6.21,M,M,M,M,M,M,M,M,M,M,M,M,M,M,M,M,71.60,FAOR 220930Z 30013KT 280V340 CAVOK 22/00 Q1030 NOSIG,M
FAOR,2026-08-22 10:00,73.40,32.00,21.77,300.00,10.00,0.00,30.42,M,6.21,M,M,M,M,M,M,M,M,M,M,M,M,M,M,M,M,73.40,FAOR 221000Z 30010KT 260V330 CAVOK 23/M00 Q1030 NOSIG,M
FAOR,2026-08-22 11:00,75.20,30.20,19.06,310.00,9.00,0.00,30.39,M,6.21,M,M,M,M,M,M,M,M,M,M,M,M,M,M,M,M,75.20,FAOR 221100Z 31009KT 280V350 CAVOK 24/M01 Q1029 NOSIG,M
FAOR,2026-08-22 11:30,75.20,28.40,17.71,300.00,8.00,0.00,30.36,M,6.21,M,M,M,M,M,M,M,M,M,M,M,M,M,M,M,M,75.20,FAOR 221130Z 30008KT 250V350 CAVOK 24/M02 Q1028 NOSIG,M
FAOR,2026-08-22 12:00,77.00,30.20,17.96,M,4.00,0.00,30.36,M,6.21,M,M,M,M,M,M,M,M,M,M,M,M,M,M,M,M,77.00,FAOR 221200Z VRB04KT CAVOK 25/M01 Q1028 NOSIG,M
FAOR,2026-08-22 12:30,77.00,30.20,17.96,300.00,7.00,0.00,30.33,M,6.21,M,M,M,M,M,M,M,M,M,M,M,M,M,M,M,M,77.00,FAOR 221230Z 30007KT 220V030 CAVOK 25/M01 Q1027 NOSIG,M
FAOR,2026-08-22 13:00,75.20,30.20,19.06,300.00,10.00,0.00,30.33,M,6.21,M,M,M,M,M,M,M,M,M,M,M,M,M,M,M,M,75.20,FAOR 221300Z 30010KT 260V340 CAVOK 24/M01 Q1027 NOSIG,M
FAOR,2026-08-22 13:30,77.00,28.40,16.68,290.00,8.00,0.00,30.33,M,6.21,M,M,M,M,M,M,M,M,M,M,M,M,M,M,M,M,77.00,FAOR 221330Z 29008KT 240V330 CAVOK 25/M02 Q1027 NOSIG,M
FAOR,2026-08-22 14:00,75.20,28.40,17.71,290.00,12.00,0.00,30.33,M,6.21,M,M,M,M,M,M,M,M,M,M,M,M,M,M,M,M,75.20,FAOR 221400Z 29012KT CAVOK 24/M02 Q1027 NOSIG,M
FAOR,2026-08-22 14:30,75.20,28.40,17.71,290.00,11.00,0.00,30.33,M,6.21,M,M,M,M,M,M,M,M,M,M,M,M,M,M,M,M,75.20,FAOR 221430Z 29011KT 250V320 CAVOK 24/M02 Q1027 NOSIG,M
FAOR,2026-08-22 15:00,75.20,26.60,16.44,300.00,9.00,0.00,30.33,M,6.21,M,M,M,M,M,M,M,M,M,M,M,M,M,M,M,M,75.20,FAOR 221500Z 30009KT 260V320 CAVOK 24/M03 Q1027 NOSIG,M
FAOR,2026-08-22 15:30,73.40,26.60,17.46,320.00,10.00,0.00,30.33,M,6.21,M,M,M,M,M,M,M,M,M,M,M,M,M,M,M,M,73.40,FAOR 221530Z 32010KT 280V340 CAVOK 23/M03 Q1027 NOSIG,M
FAOR,2026-08-22 16:00,71.60,28.40,19.98,300.00,8.00,0.00,30.33,M,6.21,M,M,M,M,M,M,M,M,M,M,M,M,M,M,M,M,71.60,FAOR 221600Z 30008KT CAVOK 22/M02 Q1027 NOSIG,M
FAOR,2026-08-22 16:30,69.80,28.40,21.24,300.00,6.00,0.00,30.36,M,6.21,M,M,M,M,M,M,M,M,M,M,M,M,M,M,M,M,69.80,FAOR 221630Z 30006KT CAVOK 21/M02 Q1028 NOSIG,M
FAOR,2026-08-22 17:00,69.80,28.40,21.24,290.00,4.00,0.00,30.36,M,6.21,M,M,M,M,M,M,M,M,M,M,M,M,M,M,M,M,69.80,FAOR 221700Z 29004KT CAVOK 21/M02 Q1028 NOSIG,M
FAOR,2026-08-22 17:30,68.00,28.40,22.60,280.00,5.00,0.00,30.39,M,6.21,M,M,M,M,M,M,M,M,M,M,M,M,M,M,M,M,68.00,FAOR 221730Z 28005KT 200V300 CAVOK 20/M02 Q1029 NOSIG,M
FAOR,2026-08-22 18:00,68.00,28.40,22.60,260.00,5.00,0.00,30.39,M,6.21,M,M,M,M,M,M,M,M,M,M,M,M,M,M,M,M,68.00,FAOR 221800Z 26005KT 200V310 CAVOK 20/M02 Q1029 NOSIG,M
FAOR,2026-08-22 18:30,66.20,28.40,24.04,290.00,4.00,0.00,30.39,M,6.21,M,M,M,M,M,M,M,M,M,M,M,M,M,M,M,M,66.20,FAOR 221830Z 29004KT CAVOK 19/M02 Q1029 NOSIG,M
FAOR,2026-08-22 19:00,66.20,26.60,22.32,290.00,6.00,0.00,30.39,M,6.21,M,M,M,M,M,M,M,M,M,M,M,M,M,M,M,M,66.20,FAOR 221900Z 29006KT CAVOK 19/M03 Q1029 NOSIG,M
FAOR,2026-08-22 19:30,66.20,26.60,22.32,290.00,6.00,0.00,30.39,M,6.21,M,M,M,M,M,M,M,M,M,M,M,M,M,M,M,M,66.20,FAOR 221930Z 29006KT CAVOK 19/M03 Q1029 NOSIG,M
FAOR,2026-08-22 20:00,66.20,26.60,22.32,280.00,6.00,0.00,30.39,M,6.21,M,M,M,M,M,M,M,M,M,M,M,M,M,M,M,M,66.20,FAOR 222000Z 28006KT CAVOK 19/M03 Q1029 NOSIG,M
FAOR,2026-08-22 20:30,66.20,24.80,20.72,280.00,6.00,0.00,30.39,M,6.21,M,M,M,M,M,M,M,M,M,M,M,M,M,M,M,M,66.20,FAOR 222030Z 28006KT CAVOK 19/M04 Q1029 NOSIG,M
FAOR,2026-08-22 21:00,66.20,24.80,20.72,280.00,6.00,0.00,30.39,M,6.21,M,M,M,M,M,M,M,M,M,M,M,M,M,M,M,M,66.20,FAOR 222100Z 28006KT 210V300 CAVOK 19/M04 Q1029 NOSIG,M
FAOR,2026-08-22 22:00,64.40,24.80,22.05,280.00,5.00,0.00,30.39,M,6.21,M,M,M,M,M,M,M,M,M,M,M,M,M,M,M,M,64.40,FAOR 222200Z 28005KT CAVOK 18/M04 Q1029 NOSIG,M
FAOR,2026-08-22 23:00,64.40,23.00,20.45,280.00,4.00,0.00,30.39,M,6.21,M,M,M,M,M,M,M,M,M,M,M,M,M,M,M,M,64.40,FAOR 222300Z 28004KT 250V310 CAVOK 18/M05 Q1029 NOSIG,M
FAOR,2026-08-23 00:00,64.40,23.00,20.45,280.00,5.00,0.00,30.36,M,6.21,M,M,M,M,M,M,M,M,M,M,M,M,M,M,M,M,64.40,FAOR 230000Z 28005KT CAVOK 18/M05 Q1028 NOSIG,M
FAOR,2026-08-23 01:00,57.20,26.60,30.68,220.00,6.00,0.00,30.36,M,6.21,M,M,M,M,M,M,M,M,M,M,M,M,M,M,M,M,57.20,FAOR 230100Z 22006KT CAVOK 14/M03 Q1028 NOSIG,M
FAOR,2026-08-23 02:00,57.20,24.80,28.47,240.00,3.00,0.00,30.36,M,6.21,M,M,M,M,M,M,M,M,M,M,M,M,M,M,M,M,57.20,FAOR 230200Z 24003KT 210V280 CAVOK 14/M04 Q1028 NOSIG,M
FAOR,2026-08-23 02:30,55.40,26.60,32.75,210.00,6.00,0.00,30.36,M,6.21,M,M,M,M,M,M,M,M,M,M,M,M,M,M,M,M,55.40,FAOR 230230Z 21006KT CAVOK 13/M03 Q1028 NOSIG,M
FAOR,2026-08-23 03:00,53.60,26.60,34.97,210.00,6.00,0.00,30.36,M,6.21,M,M,M,M,M,M,M,M,M,M,M,M,M,M,M,M,53.60,FAOR 230300Z 21006KT CAVOK 12/M03 Q1028 NOSIG,M
FAOR,2026-08-23 03:30,53.60,28.40,37.66,200.00,9.00,0.00,30.39,M,6.21,M,M,M,M,M,M,M,M,M,M,M,M,M,M,M,M,53.60,FAOR 230330Z 20009KT CAVOK 12/M02 Q1029 NOSIG,M
FAOR,2026-08-23 04:00,55.40,26.60,32.75,200.00,8.00,0.00,30.39,M,6.21,M,M,M,M,M,M,M,M,M,M,M,M,M,M,M,M,55.40,FAOR 230400Z 20008KT CAVOK 13/M03 Q1029 NOSIG,M
FAOR,2026-08-23 04:30,53.60,26.60,34.97,210.00,7.00,0.00,30.39,M,6.21,M,M,M,M,M,M,M,M,M,M,M,M,M,M,M,M,53.60,FAOR 230430Z 21007KT CAVOK 12/M03 Q1029 NOSIG,M
FAOR,2026-08-23 05:00,53.60,26.60,34.97,200.00,8.00,0.00,30.42,M,6.21,M,M,M,M,M,M,M,M,M,M,M,M,M,M,M,M,53.60,FAOR 230500Z 20008KT CAVOK 12/M03 Q1030 NOSIG,M
FAOR,2026-08-23 05:30,60.80,26.60,26.98,210.00,6.00,0.00,30.42,M,6.21,M,M,M,M,M,M,M,M,M,M,M,M,M,M,M,M,60.80,FAOR 230530Z 21006KT 170V230 CAVOK 16/M03 Q1030 NOSIG,M
FAOR,2026-08-23 06:00,66.20,21.20,17.81,190.00,7.00,0.00,30.42,M,6.21,M,M,M,M,M,M,M,M,M,M,M,M,M,M,M,M,66.20,FAOR 230600Z 19007KT CAVOK 19/M06 Q1030 NOSIG,M
FAOR,2026-08-23 06:30,68.00,23.00,18.06,180.00,7.00,0.00,30.45,M,6.21,M,M,M,M,M,M,M,M,M,M,M,M,M,M,M,M,68.00,FAOR 230630Z 18007KT CAVOK 20/M05 Q1031 NOSIG,M
FAOR,2026-08-23 07:00,69.80,21.20,15.73,170.00,6.00,0.00,30.45,M,6.21,M,M,M,M,M,M,M,M,M,M,M,M,M,M,M,M,69.80,FAOR 230700Z 17006KT 130V200 CAVOK 21/M06 Q1031 NOSIG,M
FAOR,2026-08-23 07:30,71.60,23.00,15.97,160.00,3.00,0.00,30.45,M,6.21,M,M,M,M,M,M,M,M,M,M,M,M,M,M,M,M,71.60,FAOR 230730Z 16003KT 100V220 CAVOK 22/M05 Q1031 NOSIG,M
FAOR,2026-08-23 08:00,73.40,23.00,15.03,270.00,4.00,0.00,30.45,M,6.21,M,M,M,M,M,M,M,M,M,M,M,M,M,M,M,M,73.40,FAOR 230800Z 27004KT 190V350 CAVOK 23/M05 Q1031 NOSIG,M
FAOR,2026-08-23 08:30,75.20,23.00,14.15,M,2.00,0.00,30.45,M,6.21,M,M,M,M,M,M,M,M,M,M,M,M,M,M,M,M,75.20,FAOR 230830Z VRB02KT CAVOK 24/M05 Q1031 NOSIG,M
FAOR,2026-08-23 09:00,75.20,23.00,14.15,240.00,5.00,0.00,30.45,M,6.21,M,M,M,M,M,M,M,M,M,M,M,M,M,M,M,M,75.20,FAOR 230900Z 24005KT 160V320 CAVOK 24/M05 Q1031 NOSIG,M
FAOR,2026-08-23 09:30,77.00,24.80,14.37,M,3.00,0.00,30.42,M,6.21,M,M,M,M,M,M,M,M,M,M,M,M,M,M,M,M,77.00,FAOR 230930Z VRB03KT CAVOK 25/M04 Q1030 NOSIG,M
FAOR,2026-08-23 10:00,77.00,23.00,13.33,250.00,7.00,0.00,30.42,M,6.21,M,M,M,M,M,M,M,M,M,M,M,M,M,M,M,M,77.00,FAOR 231000Z 25007KT 210V310 CAVOK 25/M05 Q1030 NOSIG,M
FAOR,2026-08-23 10:30,77.00,24.80,14.37,M,6.00,0.00,30.42,M,6.21,M,M,M,M,M,M,M,M,M,M,M,M,M,M,M,M,77.00,FAOR 231030Z VRB06KT CAVOK 25/M04 Q1030 NOSIG,M
FAOR,2026-08-23 11:00,77.00,23.00,13.33,330.00,7.00,0.00,30.39,M,6.21,M,M,M,M,M,M,M,M,M,M,M,M,M,M,M,M,77.00,FAOR 231100Z 33007KT 230V010 CAVOK 25/M05 Q1029 NOSIG,M
FAOR,2026-08-23 11:30,77.00,21.20,12.35,230.00,6.00,0.00,30.39,M,6.21,M,M,M,M,M,M,M,M,M,M,M,M,M,M,M,M,77.00,FAOR 231130Z 23006KT 170V260 CAVOK 25/M06 Q1029 NOSIG,M
FAOR,2026-08-23 12:00,78.80,19.40,10.78,210.00,7.00,0.00,30.39,M,6.21,M,M,M,M,M,M,M,M,M,M,M,M,M,M,M,M,78.80,FAOR 231200Z 21007KT 170V280 CAVOK 26/M07 Q1029 NOSIG,M
FAOR,2026-08-23 12:30,77.00,19.40,11.44,220.00,10.00,0.00,30.39,M,6.21,M,M,M,M,M,M,M,M,M,M,M,M,M,M,M,M,77.00,FAOR 231230Z 22010KT 180V260 CAVOK 25/M07 Q1029 NOSIG,M
FAOR,2026-08-23 13:00,77.00,19.40,11.44,200.00,7.00,0.00,30.36,M,6.21,M,M,M,M,M,M,M,M,M,M,M,M,M,M,M,M,77.00,FAOR 231300Z 20007KT 140V250 CAVOK 25/M07 Q1028 NOSIG,M
FAOR,2026-08-23 13:30,77.00,19.40,11.44,240.00,10.00,0.00,30.36,M,6.21,M,M,M,M,M,M,M,M,M,M,M,M,M,M,M,M,77.00,FAOR 231330Z 24010KT 200V270 CAVOK 25/M07 Q1028 NOSIG,M
FAOR,2026-08-23 14:00,77.00,19.40,11.44,250.00,7.00,0.00,30.36,M,6.21,M,M,M,M,M,M,M,M,M,M,M,M,M,M,M,M,77.00,FAOR 231400Z 25007KT 210V290 CAVOK 25/M07 Q1028 NOSIG,M
FAOR,2026-08-23 14:30,77.00,21.20,12.35,200.00,7.00,0.00,30.36,M,6.21,M,M,M,M,M,M,M,M,M,M,M,M,M,M,M,M,77.00,FAOR 231430Z 20007KT 120V250 CAVOK 25/M06 Q1028 NOSIG,M
FAOR,2026-08-23 15:00,75.20,17.60,11.24,250.00,5.00,0.00,30.36,M,6.21,M,M,M,M,M,M,M,M,M,M,M,M,M,M,M,M,75.20,FAOR 231500Z 25005KT 210V280 CAVOK 24/M08 Q1028 NOSIG,M
FAOR,2026-08-23 15:30,75.20,19.40,12.15,240.00,7.00,0.00,30.39,M,6.21,M,M,M,M,M,M,M,M,M,M,M,M,M,M,M,M,75.20,FAOR 231530Z 24007KT CAVOK 24/M07 Q1029 NOSIG,M
FAOR,2026-08-23 16:00,69.80,21.20,15.73,190.00,5.00,0.00,30.39,M,6.21,M,M,M,M,M,M,M,M,M,M,M,M,M,M,M,M,69.80,FAOR 231600Z 19005KT CAVOK 21/M06 Q1029 NOSIG,M
FAOR,2026-08-23 16:30,68.00,21.20,16.73,210.00,4.00,0.00,30.39,M,6.21,M,M,M,M,M,M,M,M,M,M,M,M,M,M,M,M,68.00,FAOR 231630Z 21004KT CAVOK 20/M06 Q1029 NOSIG,M
FAOR,2026-08-23 17:00,68.00,21.20,16.73,220.00,5.00,0.00,30.42,M,6.21,M,M,M,M,M,M,M,M,M,M,M,M,M,M,M,M,68.00,FAOR 231700Z 22005KT CAVOK 20/M06 Q1030 NOSIG,M
FAOR,2026-08-23 17:30,64.40,21.20,18.96,200.00,6.00,0.00,30.42,M,6.21,M,M,M,M,M,M,M,M,M,M,M,M,M,M,M,M,64.40,FAOR 231730Z 20006KT CAVOK 18/M06 Q1030 NOSIG,M
FAOR,2026-08-23 18:00,64.40,19.40,17.56,180.00,11.00,0.00,30.42,M,6.21,M,M,M,M,M,M,M,M,M,M,M,M,M,M,M,M,64.40,FAOR 231800Z 18011KT CAVOK 18/M07 Q1030 NOSIG,M
FAOR,2026-08-23 18:30,59.00,21.20,22.94,180.00,9.00,0.00,30.42,M,6.21,M,M,M,M,M,M,M,M,M,M,M,M,M,M,M,M,59.00,FAOR 231830Z 18009KT CAVOK 15/M06 Q1030 NOSIG,M
FAOR,2026-08-23 19:00,59.00,21.20,22.94,180.00,7.00,0.00,30.45,M,6.21,M,M,M,M,M,M,M,M,M,M,M,M,M,M,M,M,59.00,FAOR 231900Z 18007KT CAVOK 15/M06 Q1031 NOSIG,M
FAOR,2026-08-23 19:30,57.20,26.60,30.68,130.00,10.00,0.00,30.45,M,6.21,M,M,M,M,M,M,M,M,M,M,M,M,M,M,M,M,57.20,FAOR 231930Z 13010KT CAVOK 14/M03 Q1031 NOSIG,M
FAOR,2026-08-23 20:00,53.60,37.40,54.07,90.00,10.00,0.00,30.45,M,6.21,M,M,M,M,M,M,M,M,M,M,M,M,M,M,M,M,53.60,FAOR 232000Z 09010KT CAVOK 12/03 Q1031 NOSIG,M
FAOR,2026-08-23 20:30,50.00,39.20,66.26,120.00,5.00,0.00,30.47,M,6.21,M,M,M,M,M,M,M,M,M,M,M,M,M,M,M,M,50.00,FAOR 232030Z 12005KT CAVOK 10/04 Q1032 NOSIG,M
FAOR,2026-08-23 21:00,51.80,41.00,66.48,110.00,5.00,0.00,30.47,M,6.21,M,M,M,M,M,M,M,M,M,M,M,M,M,M,M,M,51.80,FAOR 232100Z 11005KT 050V140 CAVOK 11/05 Q1032 NOSIG,M
FAOR,2026-08-23 21:30,48.20,41.00,76.01,90.00,6.00,0.00,30.45,M,6.21,M,M,M,M,M,M,M,M,M,M,M,M,M,M,M,M,45.04,FAOR 232130Z 09006KT CAVOK 09/05 Q1031 NOSIG,M
FAOR,2026-08-23 22:00,48.20,41.00,76.01,M,2.00,0.00,30.47,M,6.21,M,M,M,M,M,M,M,M,M,M,M,M,M,M,M,M,48.20,FAOR 232200Z VRB02KT CAVOK 09/05 Q1032 NOSIG,M
FAOR,2026-08-23 23:00,48.20,39.20,70.87,20.00,6.00,0.00,30.45,M,6.21,M,M,M,M,M,M,M,M,M,M,M,M,M,M,M,M,45.04,FAOR 232300Z 02006KT CAVOK 09/04 Q1031 NOSIG,M
FAOR,2026-08-24 00:00,48.20,41.00,76.01,20.00,5.00,0.00,30.45,M,6.21,M,M,M,M,M,M,M,M,M,M,M,M,M,M,M,M,45.63,FAOR 240000Z 02005KT CAVOK 09/05 Q1031 NOSIG,M
FAOR,2026-08-24 01:00,51.80,42.80,71.26,350.00,8.00,0.00,30.42,M,6.21,M,M,M,M,M,M,M,M,M,M,M,M,M,M,M,M,51.80,FAOR 240100Z 35008KT CAVOK 11/06 Q1030 NOSIG,M
FAOR,2026-08-24 02:00,50.00,41.00,71.06,320.00,7.00,0.00,30.42,M,6.21,M,M,M,M,M,M,M,M,M,M,M,M,M,M,M,M,50.00,FAOR 240200Z 32007KT CAVOK 10/05 Q1030 NOSIG,M
FAOR,2026-08-24 03:00,50.00,42.80,76.17,320.00,11.00,0.00,30.42,M,6.21,M,M,M,M,M,M,M,M,M,M,M,M,M,M,M,M,50.00,FAOR 240300Z 32011KT CAVOK 10/06 Q1030 NOSIG,M
FAOR,2026-08-24 03:30,50.00,42.80,76.17,320.00,10.00,0.00,30.45,M,6.21,M,M,M,M,M,M,M,M,M,M,M,M,M,M,M,M,50.00,FAOR 240330Z 32010KT CAVOK 10/06 Q1031 NOSIG,M
FAOR,2026-08-24 04:00,50.00,42.80,76.17,320.00,10.00,0.00,30.45,M,6.21,M,M,M,M,M,M,M,M,M,M,M,M,M,M,M,M,50.00,FAOR 240400Z 32010KT CAVOK 10/06 Q1031 NOSIG,M
FAOR,2026-08-24 04:30,48.20,44.60,87.28,340.00,9.00,0.00,30.45,M,6.21,M,M,M,M,M,M,M,M,M,M,M,M,M,M,M,M,43.66,FAOR 240430Z 34009KT CAVOK 09/07 Q1031 NOSIG,M
FAOR,2026-08-24 05:00,48.20,44.60,87.28,320.00,8.00,0.00,30.45,M,6.21,M,M,M,M,M,M,M,M,M,M,M,M,M,M,M,M,44.07,FAOR 240500Z 32008KT 300V360 CAVOK 09/07 Q1031 NOSIG,M
FAOR,2026-08-24 05:30,50.00,44.60,81.60,320.00,10.00,0.00,30.47,M,6.21,M,M,M,M,M,M,M,M,M,M,M,M,M,M,M,M,50.00,FAOR 240530Z 32010KT CAVOK 10/07 Q1032 NOSIG,M
FAOR,2026-08-24 06:00,51.80,44.60,76.34,350.00,6.00,0.00,30.47,M,6.21,M,M,M,M,M,M,M,M,M,M,M,M,M,M,M,M,51.80,FAOR 240600Z 35006KT 330V030 CAVOK 11/07 Q1032 NOSIG,M
FAOR,2026-08-24 06:30,53.60,44.60,71.45,10.00,4.00,0.00,30.47,M,6.21,M,M,M,M,M,M,M,M,M,M,M,M,M,M,M,M,53.60,FAOR 240630Z 01004KT 330V050 CAVOK 12/07 Q1032 NOSIG,M
FAOR,2026-08-24 07:00,55.40,44.60,66.91,330.00,6.00,0.00,30.47,M,6.21,M,M,M,M,M,M,M,M,M,M,M,M,M,M,M,M,55.40,FAOR 240700Z 33006KT 300V020 CAVOK 13/07 Q1032 NOSIG,M
FAOR,2026-08-24 07:30,57.20,46.40,67.13,350.00,6.00,0.00,30.47,M,6.21,M,M,M,M,M,M,M,M,M,M,M,M,M,M,M,M,57.20,FAOR 240730Z 35006KT 310V050 CAVOK 14/08 Q1032 NOSIG,M
FAOR,2026-08-24 08:00,59.00,44.60,58.78,M,4.00,0.00,30.47,M,6.21,M,M,M,M,M,M,M,M,M,M,M,M,M,M,M,M,59.00,FAOR 240800Z VRB04KT CAVOK 15/07 Q1032 NOSIG,M
FAOR,2026-08-24 08:30,62.60,42.80,48.29,250.00,5.00,0.00,30.47,M,6.21,M,M,M,M,M,M,M,M,M,M,M,M,M,M,M,M,62.60,FAOR 240830Z 25005KT 180V300 CAVOK 17/06 Q1032 NOSIG,M
FAOR,2026-08-24 09:00,64.40,41.00,42.30,250.00,6.00,0.00,30.47,M,6.21,M,M,M,M,M,M,M,M,M,M,M,M,M,M,M,M,64.40,FAOR 240900Z 25006KT 170V310 CAVOK 18/05 Q1032 NOSIG,M
FAOR,2026-08-24 09:30,64.40,41.00,42.30,M,5.00,0.00,30.47,M,6.21,M,M,M,M,M,M,M,M,M,M,M,M,M,M,M,M,64.40,FAOR 240930Z VRB05KT CAVOK 18/05 Q1032 NOSIG,M
FAOR,2026-08-24 10:00,66.20,39.20,37.04,280.00,7.00,0.00,30.45,M,6.21,M,M,M,M,M,M,M,M,M,M,M,M,M,M,M,M,66.20,FAOR 241000Z 28007KT 220V350 CAVOK 19/04 Q1031 NOSIG,M
FAOR,2026-08-24 10:30,68.00,39.20,34.81,290.00,5.00,0.00,30.45,M,6.21,M,M,M,M,M,M,M,M,M,M,M,M,M,M,M,M,68.00,FAOR 241030Z 29005KT 240V340 CAVOK 20/04 Q1031 NOSIG,M
FAOR,2026-08-24 11:00,68.00,39.20,34.81,290.00,6.00,0.00,30.42,M,6.21,M,M,M,M,M,M,M,M,M,M,M,M,M,M,M,M,68.00,FAOR 241100Z 29006KT 250V340 CAVOK 20/04 Q1030 NOSIG,M
FAOR,2026-08-24 11:30,69.80,41.00,35.11,M,5.00,0.00,30.42,M,6.21,M,M,M,M,M,M,M,M,M,M,M,M,M,M,M,M,69.80,FAOR 241130Z VRB05KT CAVOK 21/05 Q1030 NOSIG,M
FAOR,2026-08-24 12:00,69.80,39.20,32.73,280.00,6.00,0.00,30.39,M,6.21,M,M,M,M,M,M,M,M,M,M,M,M,M,M,M,M,69.80,FAOR 241200Z 28006KT 240V330 CAVOK 21/04 Q1029 NOSIG,M
FAOR,2026-08-24 12:30,71.60,39.20,30.79,300.00,7.00,0.00,30.39,M,6.21,M,M,M,M,M,M,M,M,M,M,M,M,M,M,M,M,71.60,FAOR 241230Z 30007KT 270V330 CAVOK 22/04 Q1029 NOSIG,M
FAOR,2026-08-24 13:00,71.60,39.20,30.79,270.00,6.00,0.00,30.36,M,6.21,M,M,M,M,M,M,M,M,M,M,M,M,M,M,M,M,71.60,FAOR 241300Z 27006KT 220V320 CAVOK 22/04 Q1028 NOSIG,M
FAOR,2026-08-24 13:30,73.40,33.80,23.41,220.00,7.00,0.00,30.36,M,6.21,M,M,M,M,M,M,M,M,M,M,M,M,M,M,M,M,73.40,FAOR 241330Z 22007KT 170V300 CAVOK 23/01 Q1028 NOSIG,M
FAOR,2026-08-24 14:00,73.40,33.80,23.41,240.00,8.00,0.00,30.36,M,6.21,M,M,M,M,M,M,M,M,M,M,M,M,M,M,M,M,73.40,FAOR 241400Z 24008KT 200V290 CAVOK 23/01 Q1028 NOSIG,M
FAOR,2026-08-24 14:30,73.40,28.40,18.81,210.00,9.00,0.00,30.36,M,6.21,M,M,M,M,M,M,M,M,M,M,M,M,M,M,M,M,73.40,FAOR 241430Z 21009KT 170V260 CAVOK 23/M02 Q1028 NOSIG,M
FAOR,2026-08-24 15:00,73.40,26.60,17.46,230.00,7.00,0.00,30.36,M,6.21,M,M,M,M,M,M,M,M,M,M,M,M,M,M,M,M,73.40,FAOR 241500Z 23007KT 200V260 CAVOK 23/M03 Q1028 NOSIG,M
FAOR,2026-08-24 15:30,69.80,41.00,35.11,310.00,7.00,0.00,30.36,M,6.21,M,M,M,M,M,M,M,M,M,M,M,M,M,M,M,M,69.80,FAOR 241530Z 31007KT CAVOK 21/05 Q1028 NOSIG,M
FAOR,2026-08-24 16:00,68.00,41.00,37.34,300.00,7.00,0.00,30.36,M,6.21,M,M,M,M,M,M,M,M,M,M,M,M,M,M,M,M,68.00,FAOR 241600Z 30007KT CAVOK 20/05 Q1028 NOSIG,M
FAOR,2026-08-24 16:30,66.20,42.80,42.59,280.00,7.00,0.00,30.36,M,6.21,M,M,M,M,M,M,M,M,M,M,M,M,M,M,M,M,66.20,FAOR 241630Z 28007KT 230V300 CAVOK 19/06 Q1028 NOSIG,M
FAOR,2026-08-24 17:00,66.20,42.80,42.59,290.00,6.00,0.00,30.39,M,6.21,M,M,M,M,M,M,M,M,M,M,M,M,M,M,M,M,66.20,FAOR 241700Z 29006KT CAVOK 19/06 Q1029 NOSIG,M
FAOR,2026-08-24 17:30,64.40,41.00,42.30,290.00,6.00,0.00,30.39,M,6.21,M,M,M,M,M,M,M,M,M,M,M,M,M,M,M,M,64.40,FAOR 241730Z 29006KT 230V310 CAVOK 18/05 Q1029 NOSIG,M
FAOR,2026-08-24 18:00,64.40,41.00,42.30,280.00,5.00,0.00,30.39,M,6.21,M,M,M,M,M,M,M,M,M,M,M,M,M,M,M,M,64.40,FAOR 241800Z 28005KT 210V320 CAVOK 18/05 Q1029 NOSIG,M
FAOR,2026-08-24 18:30,62.60,41.00,45.05,290.00,5.00,0.00,30.39,M,6.21,M,M,M,M,M,M,M,M,M,M,M,M,M,M,M,M,62.60,FAOR 241830Z 29005KT 220V310 CAVOK 17/05 Q1029 NOSIG,M
FAOR,2026-08-24 19:00,62.60,41.00,45.05,290.00,5.00,0.00,30.39,M,6.21,M,M,M,M,M,M,M,M,M,M,M,M,M,M,M,M,62.60,FAOR 241900Z 29005KT CAVOK 17/05 Q1029 NOSIG,M
FAOR,2026-08-24 19:30,62.60,41.00,45.05,280.00,6.00,0.00,30.42,M,6.21,M,M,M,M,M,M,M,M,M,M,M,M,M,M,M,M,62.60,FAOR 241930Z 28006KT CAVOK 17/05 Q1030 NOSIG,M
FAOR,2026-08-24 20:00,62.60,41.00,45.05,270.00,4.00,0.00,30.42,M,6.21,M,M,M,M,M,M,M,M,M,M,M,M,M,M,M,M,62.60,FAOR 242000Z 27004KT 210V290 CAVOK 17/05 Q1030 NOSIG,M
FAOR,2026-08-24 20:30,62.60,41.00,45.05,270.00,5.00,0.00,30.42,M,6.21,M,M,M,M,M,M,M,M,M,M,M,M,M,M,M,M,62.60,FAOR 242030Z 27005KT 200V300 CAVOK 17/05 Q1030 NOSIG,M
FAOR,2026-08-24 21:00,60.80,41.00,48.01,290.00,5.00,0.00,30.42,M,6.21,M,M,M,M,M,M,M,M,M,M,M,M,M,M,M,M,60.80,FAOR 242100Z 29005KT 220V300 CAVOK 16/05 Q1030 NOSIG,M
FAOR,2026-08-24 22:00,60.80,41.00,48.01,280.00,4.00,0.00,30.39,M,6.21,M,M,M,M,M,M,M,M,M,M,M,M,M,M,M,M,60.80,FAOR 242200Z 28004KT CAVOK 16/05 Q1029 NOSIG,M
FAOR,2026-08-24 23:00,60.80,41.00,48.01,280.00,5.00,0.00,30.39,M,6.21,M,M,M,M,M,M,M,M,M,M,M,M,M,M,M,M,60.80,FAOR 242300Z 28005KT CAVOK 16/05 Q1029 NOSIG,M
FAOR,2026-08-25 00:00,60.80,39.20,44.76,280.00,5.00,0.00,30.36,M,6.21,M,M,M,M,M,M,M,M,M,M,M,M,M,M,M,M,60.80,FAOR 250000Z 28005KT CAVOK 16/04 Q1028 NOSIG,M
FAOR,2026-08-25 02:00,57.20,41.00,54.60,310.00,4.00,0.00,30.36,M,6.21,M,M,M,M,M,M,M,M,M,M,M,M,M,M,M,M,57.20,FAOR 250200Z 31004KT CAVOK 14/05 Q1028 NOSIG,M
FAOR,2026-08-25 02:30,55.40,42.80,62.46,320.00,4.00,0.00,30.36,M,6.21,M,M,M,M,M,M,M,M,M,M,M,M,M,M,M,M,55.40,FAOR 250230Z 32004KT CAVOK 13/06 Q1028 NOSIG,M
FAOR,2026-08-25 03:00,57.20,41.00,54.60,300.00,5.00,0.00,30.36,M,6.21,M,M,M,M,M,M,M,M,M,M,M,M,M,M,M,M,57.20,FAOR 250300Z 30005KT CAVOK 14/05 Q1028 NOSIG,M
FAOR,2026-08-25 03:30,57.20,39.20,50.91,290.00,4.00,0.00,30.36,M,6.21,M,M,M,M,M,M,M,M,M,M,M,M,M,M,M,M,57.20,FAOR 250330Z 29004KT CAVOK 14/04 Q1028 NOSIG,M
FAOR,2026-08-25 04:00,55.40,39.20,54.33,290.00,3.00,0.00,30.36,M,6.21,M,M,M,M,M,M,M,M,M,M,M,M,M,M,M,M,55.40,FAOR 250400Z 29003KT CAVOK 13/04 Q1028 NOSIG,M
FAOR,2026-08-25 04:30,57.20,39.20,50.91,270.00,3.00,0.00,30.36,M,6.21,M,M,M,M,M,M,M,M,M,M,M,M,M,M,M,M,57.20,FAOR 250430Z 27003KT 220V310 CAVOK 14/04 Q1028 NOSIG,M
FAOR,2026-08-25 05:00,57.20,41.00,54.60,270.00,3.00,0.00,30.39,M,6.21,M,M,M,M,M,M,M,M,M,M,M,M,M,M,M,M,57.20,FAOR 250500Z 27003KT CAVOK 14/05 Q1029 NOSIG,M
FAOR,2026-08-25 05:30,60.80,41.00,48.01,M,2.00,0.00,30.39,M,6.21,M,M,M,M,M,M,M,M,M,M,M,M,M,M,M,M,60.80,FAOR 250530Z VRB02KT CAVOK 16/05 Q1029 NOSIG,M
FAOR,2026-08-25 06:00,60.80,41.00,48.01,260.00,6.00,0.00,30.39,M,6.21,M,M,M,M,M,M,M,M,M,M,M,M,M,M,M,M,60.80,FAOR 250600Z 26006KT 230V300 CAVOK 16/05 Q1029 NOSIG,M
FAOR,2026-08-25 06:30,62.60,41.00,45.05,280.00,8.00,0.00,30.39,M,6.21,M,M,M,M,M,M,M,M,M,M,M,M,M,M,M,M,62.60,FAOR 250630Z 28008KT CAVOK 17/05 Q1029 NOSIG,M
FAOR,2026-08-25 07:00,64.40,42.80,45.34,270.00,10.00,0.00,30.39,M,6.21,M,M,M,M,M,M,M,M,M,M,M,M,M,M,M,M,64.40,FAOR 250700Z 27010KT 240V300 CAVOK 18/06 Q1029 NOSIG,M
FAOR,2026-08-25 07:30,66.20,42.80,42.59,250.00,7.00,0.00,30.42,M,6.21,M,M,M,M,M,M,M,M,M,M,M,M,M,M,M,M,66.20,FAOR 250730Z 25007KT 210V300 CAVOK 19/06 Q1030 NOSIG,M
FAOR,2026-08-25 08:00,69.80,37.40,30.50,280.00,6.00,0.00,30.39,M,6.21,M,M,M,M,M,M,M,M,M,M,M,M,M,M,M,M,69.80,FAOR 250800Z 28006KT 170V320 CAVOK 21/03 Q1029 NOSIG,M
FAOR,2026-08-25 09:00,71.60,35.60,26.72,250.00,6.00,0.00,30.39,M,6.21,M,M,M,M,M,M,M,M,M,M,M,M,M,M,M,M,71.60,FAOR 250900Z 25006KT 200V310 CAVOK 22/02 Q1029 NOSIG,M
FAOR,2026-08-25 09:30,71.60,30.20,21.51,240.00,7.00,0.00,30.39,M,6.21,M,M,M,M,M,M,M,M,M,M,M,M,M,M,M,M,71.60,FAOR 250930Z 24007KT 200V270 CAVOK 22/M01 Q1029 NOSIG,M
FAOR,2026-08-25 10:00,75.20,24.80,15.26,210.00,6.00,0.00,30.36,M,6.21,M,M,M,M,M,M,M,M,M,M,M,M,M,M,M,M,75.20,FAOR 251000Z 21006KT 150V260 CAVOK 24/M04 Q1028 NOSIG,M
FAOR,2026-08-25 10:30,75.20,26.60,16.44,260.00,7.00,0.00,30.36,M,6.21,M,M,M,M,M,M,M,M,M,M,M,M,M,M,M,M,75.20,FAOR 251030Z 26007KT 210V300 CAVOK 24/M03 Q1028 NOSIG,M
FAOR,2026-08-25 11:00,75.20,28.40,17.71,M,7.00,0.00,30.33,M,6.21,M,M,M,M,M,M,M,M,M,M,M,M,M,M,M,M,75.20,FAOR 251100Z VRB07KT CAVOK 24/M02 Q1027 NOSIG,M
FAOR,2026-08-25 11:30,75.20,26.60,16.44,210.00,9.00,0.00,30.33,M,6.21,M,M,M,M,M,M,M,M,M,M,M,M,M,M,M,M,75.20,FAOR 251130Z 21009KT 180V250 CAVOK 24/M03 Q1027 NOSIG,M
FAOR,2026-08-25 12:00,75.20,24.80,15.26,200.00,5.00,0.00,30.33,M,6.21,M,M,M,M,M,M,M,M,M,M,M,M,M,M,M,M,75.20,FAOR 251200Z 20005KT 120V280 CAVOK 24/M04 Q1027 NOSIG,M
FAOR,2026-08-25 12:30,75.20,24.80,15.26,190.00,9.00,0.00,30.30,M,6.21,M,M,M,M,M,M,M,M,M,M,M,M,M,M,M,M,75.20,FAOR 251230Z 19009KT 160V230 CAVOK 24/M04 Q1026 NOSIG,M
FAOR,2026-08-25 13:00,75.20,28.40,17.71,240.00,10.00,0.00,30.30,M,6.21,M,M,M,M,M,M,M,M,M,M,M,M,M,M,M,M,75.20,FAOR 251300Z 24010KT CAVOK 24/M02 Q1026 NOSIG,M
FAOR,2026-08-25 13:30,77.00,24.80,14.37,210.00,9.00,0.00,30.30,M,6.21,M,M,M,M,M,M,M,M,M,M,M,M,M,M,M,M,77.00,FAOR 251330Z 21009KT 170V250 CAVOK 25/M04 Q1026 NOSIG,M
FAOR,2026-08-25 14:00,75.20,24.80,15.26,240.00,9.00,0.00,30.30,M,6.21,M,M,M,M,M,M,M,M,M,M,M,M,M,M,M,M,75.20,FAOR 251400Z 24009KT CAVOK 24/M04 Q1026 NOSIG,M
FAOR,2026-08-25 14:30,75.20,21.20,13.11,230.00,9.00,0.00,30.30,M,6.21,M,M,M,M,M,M,M,M,M,M,M,M,M,M,M,M,75.20,FAOR 251430Z 23009KT 200V270 CAVOK 24/M06 Q1026 NOSIG,M
FAOR,2026-08-25 15:00,73.40,21.20,13.93,210.00,10.00,0.00,30.30,M,6.21,M,M,M,M,M,M,M,M,M,M,M,M,M,M,M,M,73.40,FAOR 251500Z 21010KT CAVOK 23/M06 Q1026 NOSIG,M
FAOR,2026-08-25 15:30,71.60,19.40,13.71,210.00,7.00,0.00,30.30,M,6.21,M,M,M,M,M,M,M,M,M,M,M,M,M,M,M,M,71.60,FAOR 251530Z 21007KT 180V240 CAVOK 22/M07 Q1026 NOSIG,M
FAOR,2026-08-25 16:00,66.20,21.20,17.81,160.00,6.00,0.00,30.33,M,6.21,M,M,M,M,M,M,M,M,M,M,M,M,M,M,M,M,66.20,FAOR 251600Z 16006KT CAVOK 19/M06 Q1027 NOSIG,M
FAOR,2026-08-25 16:30,66.20,23.00,19.21,180.00,6.00,0.00,30.33,M,6.21,M,M,M,M,M,M,M,M,M,M,M,M,M,M,M,M,66.20,FAOR 251630Z 18006KT CAVOK 19/M05 Q1027 NOSIG,M
FAOR,2026-08-25 17:00,64.40,23.00,20.45,190.00,5.00,0.00,30.33,M,6.21,M,M,M,M,M,M,M,M,M,M,M,M,M,M,M,M,64.40,FAOR 251700Z 19005KT CAVOK 18/M05 Q1027 NOSIG,M
FAOR,2026-08-25 17:30,64.40,24.80,22.05,180.00,5.00,0.00,30.33,M,6.21,M,M,M,M,M,M,M,M,M,M,M,M,M,M,M,M,64.40,FAOR 251730Z 18005KT CAVOK 18/M04 Q1027 NOSIG,M
FAOR,2026-08-25 18:00,66.20,21.20,17.81,170.00,8.00,0.00,30.36,M,6.21,M,M,M,M,M,M,M,M,M,M,M,M,M,M,M,M,66.20,FAOR 251800Z 17008KT 120V210 CAVOK 19/M06 Q1028 NOSIG,M
FAOR,2026-08-25 18:30,62.60,23.00,21.78,190.00,6.00,0.00,30.36,M,6.21,M,M,M,M,M,M,M,M,M,M,M,M,M,M,M,M,62.60,FAOR 251830Z 19006KT CAVOK 17/M05 Q1028 NOSIG,M
FAOR,2026-08-25 19:00,62.60,24.80,23.49,190.00,6.00,0.00,30.36,M,6.21,M,M,M,M,M,M,M,M,M,M,M,M,M,M,M,M,62.60,FAOR 251900Z 19006KT CAVOK 17/M04 Q1028 NOSIG,M
FAOR,2026-08-25 19:30,60.80,24.80,25.03,190.00,5.00,0.00,30.36,M,6.21,M,M,M,M,M,M,M,M,M,M,M,M,M,M,M,M,60.80,FAOR 251930Z 19005KT CAVOK 16/M04 Q1028 NOSIG,M
FAOR,2026-08-25 20:00,60.80,24.80,25.03,190.00,5.00,0.00,30.36,M,6.21,M,M,M,M,M,M,M,M,M,M,M,M,M,M,M,M,60.80,FAOR 252000Z 19005KT CAVOK 16/M04 Q1028 NOSIG,M
FAOR,2026-08-25 20:30,60.80,24.80,25.03,180.00,6.00,0.00,30.36,M,6.21,M,M,M,M,M,M,M,M,M,M,M,M,M,M,M,M,60.80,FAOR 252030Z 18006KT CAVOK 16/M04 Q1028 NOSIG,M
FAOR,2026-08-25 21:00,60.80,23.00,23.21,190.00,6.00,0.00,30.36,M,6.21,M,M,M,M,M,M,M,M,M,M,M,M,M,M,M,M,60.80,FAOR 252100Z 19006KT 160V220 CAVOK 16/M05 Q1028 NOSIG,M
FAOR,2026-08-25 21:30,59.00,21.20,22.94,M,2.00,0.00,30.36,M,6.21,M,M,M,M,M,M,M,M,M,M,M,M,M,M,M,M,59.00,FAOR 252130Z VRB02KT CAVOK 15/M06 Q1028 NOSIG,M
FAOR,2026-08-25 22:00,59.00,23.00,24.75,M,2.00,0.00,30.36,M,6.21,M,M,M,M,M,M,M,M,M,M,M,M,M,M,M,M,59.00,FAOR 252200Z VRB02KT CAVOK 15/M05 Q1028 NOSIG,M
FAOR,2026-08-25 22:30,57.20,24.80,28.47,280.00,2.00,0.00,30.36,M,6.21,M,M,M,M,M,M,M,M,M,M,M,M,M,M,M,M,57.20,FAOR 252230Z 28002KT CAVOK 14/M04 Q1028 NOSIG,M
FAOR,2026-08-25 23:00,57.20,24.80,28.47,280.00,3.00,0.00,30.36,M,6.21,M,M,M,M,M,M,M,M,M,M,M,M,M,M,M,M,57.20,FAOR 252300Z 28003KT CAVOK 14/M04 Q1028 NOSIG,M
FAOR,2026-08-25 23:30,60.80,21.20,21.52,300.00,2.00,0.00,30.36,M,6.21,M,M,M,M,M,M,M,M,M,M,M,M,M,M,M,M,60.80,FAOR 252330Z 30002KT CAVOK 16/M06 Q1028 NOSIG,M
FAOR,2026-08-26 00:00,57.20,23.00,26.40,280.00,3.00,0.00,30.36,M,6.21,M,M,M,M,M,M,M,M,M,M,M,M,M,M,M,M,57.20,FAOR 260000Z 28003KT CAVOK 14/M05 Q1028 NOSIG,M
FAOR,2026-08-26 00:30,57.20,23.00,26.40,320.00,1.00,0.00,30.36,M,6.21,M,M,M,M,M,M,M,M,M,M,M,M,M,M,M,M,57.20,FAOR 260030Z 32001KT CAVOK 14/M05 Q1028 NOSIG,M
FAOR,2026-08-26 01:00,55.40,23.00,28.18,0.00,0.00,0.00,30.33,M,6.21,M,M,M,M,M,M,M,M,M,M,M,M,M,M,M,M,55.40,FAOR 260100Z 00000KT CAVOK 13/M05 Q1027 NOSIG,M
FAOR,2026-08-26 01:30,59.00,19.40,21.25,60.00,3.00,0.00,30.33,M,6.21,M,M,M,M,M,M,M,M,M,M,M,M,M,M,M,M,59.00,FAOR 260130Z 06003KT 360V100 CAVOK 15/M07 Q1027 NOSIG,M
FAOR,2026-08-26 02:00,51.80,21.20,29.79,90.00,4.00,0.00,30.33,M,6.21,M,M,M,M,M,M,M,M,M,M,M,M,M,M,M,M,51.80,FAOR 260200Z 09004KT CAVOK 11/M06 Q1027 NOSIG,M
FAOR,2026-08-26 02:30,55.40,21.20,26.12,M,1.00,0.00,30.33,M,6.21,M,M,M,M,M,M,M,M,M,M,M,M,M,M,M,M,55.40,FAOR 260230Z VRB01KT CAVOK 13/M06 Q1027 NOSIG,M
FAOR,2026-08-26 03:00,55.40,21.20,26.12,120.00,2.00,0.00,30.33,M,6.21,M,M,M,M,M,M,M,M,M,M,M,M,M,M,M,M,55.40,FAOR 260300Z 12002KT CAVOK 13/M06 Q1027 NOSIG,M
FAOR,2026-08-26 03:30,57.20,19.40,22.66,M,2.00,0.00,30.33,M,6.21,M,M,M,M,M,M,M,M,M,M,M,M,M,M,M,M,57.20,FAOR 260330Z VRB02KT CAVOK 14/M07 Q1027 NOSIG,M
FAOR,2026-08-26 04:00,57.20,19.40,22.66,170.00,2.00,0.00,30.36,M,6.21,M,M,M,M,M,M,M,M,M,M,M,M,M,M,M,M,57.20,FAOR 260400Z 17002KT CAVOK 14/M07 Q1028 NOSIG,M
FAOR,2026-08-26 04:30,60.80,19.40,19.93,70.00,3.00,0.00,30.36,M,6.21,M,M,M,M,M,M,M,M,M,M,M,M,M,M,M,M,60.80,FAOR 260430Z 07003KT 350V160 CAVOK 16/M07 Q1028 NOSIG,M
FAOR,2026-08-26 05:00,57.20,19.40,22.66,20.00,4.00,0.00,30.36,M,6.21,M,M,M,M,M,M,M,M,M,M,M,M,M,M,M,M,57.20,FAOR 260500Z 02004KT CAVOK 14/M07 Q1028 NOSIG,M
FAOR,2026-08-26 05:30,59.00,21.20,22.94,20.00,2.00,0.00,30.39,M,6.21,M,M,M,M,M,M,M,M,M,M,M,M,M,M,M,M,59.00,FAOR 260530Z 02002KT CAVOK 15/M06 Q1029 NOSIG,M
FAOR,2026-08-26 06:00,62.60,23.00,21.78,10.00,5.00,0.00,30.39,M,6.21,M,M,M,M,M,M,M,M,M,M,M,M,M,M,M,M,62.60,FAOR 260600Z 01005KT CAVOK 17/M05 Q1029 NOSIG,M
FAOR,2026-08-26 06:30,64.40,28.40,25.60,30.00,5.00,0.00,30.39,M,6.21,M,M,M,M,M,M,M,M,M,M,M,M,M,M,M,M,64.40,FAOR 260630Z 03005KT CAVOK 18/M02 Q1029 NOSIG,M
FAOR,2026-08-26 07:00,64.40,33.80,31.86,360.00,8.00,0.00,30.42,M,6.21,M,M,M,M,M,M,M,M,M,M,M,M,M,M,M,M,64.40,FAOR 260700Z 36008KT 320V020 CAVOK 18/01 Q1030 NOSIG,M
FAOR,2026-08-26 07:30,66.20,33.80,29.92,340.00,6.00,0.00,30.42,M,6.21,M,M,M,M,M,M,M,M,M,M,M,M,M,M,M,M,66.20,FAOR 260730Z 34006KT 300V030 CAVOK 19/01 Q1030 NOSIG,M
FAOR,2026-08-26 08:00,68.00,33.80,28.12,340.00,8.00,0.00,30.42,M,6.21,M,M,M,M,M,M,M,M,M,M,M,M,M,M,M,M,68.00,FAOR 260800Z 34008KT 310V010 CAVOK 20/01 Q1030 NOSIG,M
FAOR,2026-08-26 08:30,69.80,35.60,28.41,320.00,8.00,0.00,30.42,M,6.21,M,M,M,M,M,M,M,M,M,M,M,M,M,M,M,M,69.80,FAOR 260830Z 32008KT 280V360 CAVOK 21/02 Q1030 NOSIG,M
FAOR,2026-08-26 09:00,71.60,35.60,26.72,310.00,8.00,0.00,30.42,M,6.21,M,M,M,M,M,M,M,M,M,M,M,M,M,M,M,M,71.60,FAOR 260900Z 31008KT 270V330 CAVOK 22/02 Q1030 NOSIG,M
FAOR,2026-08-26 09:30,71.60,35.60,26.72,270.00,8.00,0.00,30.42,M,6.21,M,M,M,M,M,M,M,M,M,M,M,M,M,M,M,M,71.60,FAOR 260930Z 27008KT 230V310 CAVOK 22/02 Q1030 NOSIG,M
FAOR,2026-08-26 10:00,73.40,33.80,23.41,M,8.00,0.00,30.39,M,6.21,M,M,M,M,M,M,M,M,M,M,M,M,M,M,M,M,73.40,FAOR 261000Z VRB08KT CAVOK 23/01 Q1029 NOSIG,M
FAOR,2026-08-26 11:00,73.40,30.20,20.24,260.00,7.00,0.00,30.39,M,6.21,M,M,M,M,M,M,M,M,M,M,M,M,M,M,M,M,73.40,FAOR 261100Z 26007KT 190V310 CAVOK 23/M01 Q1029 NOSIG,M
FAOR,2026-08-26 11:30,73.40,32.00,21.77,220.00,6.00,0.00,30.36,M,6.21,M,M,M,M,M,M,M,M,M,M,M,M,M,M,M,M,73.40,FAOR 261130Z 22006KT 140V300 CAVOK 23/00 Q1028 NOSIG,M
FAOR,2026-08-26 12:00,75.20,32.00,20.50,M,4.00,0.00,30.36,M,6.21,M,M,M,M,M,M,M,M,M,M,M,M,M,M,M,M,75.20,FAOR 261200Z VRB04KT CAVOK 24/00 Q1028 NOSIG,M
FAOR,2026-08-26 12:30,75.20,30.20,19.06,330.00,3.00,0.00,30.33,M,6.21,M,M,M,M,M,M,M,M,M,M,M,M,M,M,M,M,75.20,FAOR 261230Z 33003KT 280V020 CAVOK 24/M01 Q1027 NOSIG,M
FAOR,2026-08-26 13:00,75.20,26.60,16.44,M,4.00,0.00,30.33,M,6.21,M,M,M,M,M,M,M,M,M,M,M,M,M,M,M,M,75.20,FAOR 261300Z VRB04KT CAVOK 24/M03 Q1027 NOSIG,M
FAOR,2026-08-26 13:30,75.20,24.80,15.26,190.00,6.00,0.00,30.33,M,6.21,M,M,M,M,M,M,M,M,M,M,M,M,M,M,M,M,75.20,FAOR 261330Z 19006KT 140V240 CAVOK 24/M04 Q1027 NOSIG,M
FAOR,2026-08-26 14:00,77.00,24.80,14.37,M,4.00,0.00,30.33,M,6.21,M,M,M,M,M,M,M,M,M,M,M,M,M,M,M,M,77.00,FAOR 261400Z VRB04KT CAVOK 25/M04 Q1027 NOSIG,M
FAOR,2026-08-26 14:30,73.40,23.00,15.03,160.00,6.00,0.00,30.33,M,6.21,M,M,M,M,M,M,M,M,M,M,M,M,M,M,M,M,73.40,FAOR 261430Z 16006KT 130V200 CAVOK 23/M05 Q1027 NOSIG,M
FAOR,2026-08-26 15:00,73.40,19.40,12.90,150.00,6.00,0.00,30.33,M,6.21,M,M,M,M,M,M,M,M,M,M,M,M,M,M,M,M,73.40,FAOR 261500Z 15006KT 110V170 CAVOK 23/M07 Q1027 NOSIG,M
FAOR,2026-08-26 15:30,71.60,19.40,13.71,160.00,5.00,0.00,30.36,M,6.21,M,M,M,M,M,M,M,M,M,M,M,M,M,M,M,M,71.60,FAOR 261530Z 16005KT CAVOK 22/M07 Q1028 NOSIG,M
FAOR,2026-08-26 16:00,69.80,21.20,15.73,180.00,6.00,0.00,30.36,M,6.21,M,M,M,M,M,M,M,M,M,M,M,M,M,M,M,M,69.80,FAOR 261600Z 18006KT 140V230 CAVOK 21/M06 Q1028 NOSIG,M
FAOR,2026-08-26 16:30,68.00,21.20,16.73,130.00,3.00,0.00,30.39,M,6.21,M,M,M,M,M,M,M,M,M,M,M,M,M,M,M,M,68.00,FAOR 261630Z 13003KT 090V240 CAVOK 20/M06 Q1029 NOSIG,M
FAOR,2026-08-26 17:00,66.20,21.20,17.81,80.00,4.00,0.00,30.39,M,6.21,M,M,M,M,M,M,M,M,M,M,M,M,M,M,M,M,66.20,FAOR 261700Z 08004KT 010V110 CAVOK 19/M06 Q1029 NOSIG,M
FAOR,2026-08-26 17:30,66.20,23.00,19.21,130.00,6.00,0.00,30.39,M,6.21,M,M,M,M,M,M,M,M,M,M,M,M,M,M,M,M,66.20,FAOR 261730Z 13006KT 110V240 CAVOK 19/M05 Q1029 NOSIG,M
FAOR,2026-08-26 18:00,64.40,23.00,20.45,130.00,5.00,0.00,30.42,M,6.21,15.00,M,M,M,M,M,M,M,M,M,M,M,M,M,M,M,64.40,FAOR 261800Z 13005G15KT 100V210 CAVOK 18/M05 Q1030 NOSIG,M
FAOR,2026-08-26 18:30,60.80,30.20,31.27,120.00,9.00,0.00,30.42,M,6.21,M,M,M,M,M,M,M,M,M,M,M,M,M,M,M,M,60.80,FAOR 261830Z 12009KT CAVOK 16/M01 Q1030 NOSIG,M
FAOR,2026-08-26 19:00,59.00,46.40,62.93,100.00,10.00,0.00,30.45,M,6.21,M,M,M,M,M,M,M,M,M,M,M,M,M,M,M,M,59.00,FAOR 261900Z 10010KT CAVOK 15/08 Q1031 NOSIG,M
FAOR,2026-08-26 19:30,57.20,48.20,71.84,60.00,10.00,0.00,30.45,M,6.21,M,M,M,M,M,M,M,M,M,M,M,M,M,M,M,M,57.20,FAOR 261930Z 06010KT CAVOK 14/09 Q1031 NOSIG,M
FAOR,2026-08-26 20:00,57.20,48.20,71.84,60.00,9.00,0.00,30.47,M,6.21,M,M,M,M,M,M,M,M,M,M,M,M,M,M,M,M,57.20,FAOR 262000Z 06009KT CAVOK 14/09 Q1032 NOSIG,M
FAOR,2026-08-26 20:30,57.20,46.40,67.13,40.00,12.00,0.00,30.47,M,6.21,M,M,M,M,M,M,M,M,M,M,M,M,M,M,M,M,57.20,FAOR 262030Z 04012KT CAVOK 14/08 Q1032 NOSIG,M
FAOR,2026-08-26 21:00,55.40,48.20,76.67,50.00,10.00,0.00,30.47,M,6.21,M,M,M,M,M,M,M,M,M,M,M,M,M,M,M,M,55.40,FAOR 262100Z 05010KT CAVOK 13/09 Q1032 NOSIG,M
FAOR,2026-08-26 22:00,51.80,48.20,87.47,50.00,9.00,0.00,30.47,M,6.21,M,M,M,M,M,M,M,M,M,M,M,M,M,M,M,M,51.80,FAOR 262200Z 05009KT CAVOK 11/09 Q1032 NOSIG,M
FAOR,2026-08-26 23:00,51.80,48.20,87.47,40.00,11.00,0.00,30.47,M,6.21,M,M,M,M,M,M,M,M,M,M,M,M,M,M,M,M,51.80,FAOR 262300Z 04011KT CAVOK 11/09 Q1032 NOSIG,M
FAOR,2026-08-27 00:00,51.80,48.20,87.47,30.00,11.00,0.00,30.47,M,6.21,M,OVC,M,M,M,1500.00,M,M,M,M,M,M,M,M,M,M,51.80,FAOR 270000Z 03011KT 9999 OVC015 11/09 Q1032 TEMPO BKN010,M
FAOR,2026-08-27 01:00,50.00,48.20,93.50,30.00,10.00,0.00,30.47,M,6.21,M,BKN,M,M,M,1300.00,M,M,M,M,M,M,M,M,M,M,50.00,FAOR 270100Z 03010KT 9999 BKN013 10/09 Q1032 TEMPO BKN010,M
FAOR,2026-08-27 02:00,50.00,46.40,87.37,30.00,9.00,0.00,30.45,M,6.21,M,M,M,M,M,M,M,M,M,M,M,M,M,M,M,M,50.00,FAOR 270200Z 03009KT CAVOK 10/08 Q1031 TEMPO BKN015,M
FAOR,2026-08-27 02:30,48.20,46.40,93.45,30.00,8.00,0.00,30.47,M,6.21,M,FEW,M,M,M,1300.00,M,M,M,M,M,M,M,M,M,M,44.07,FAOR 270230Z 03008KT 9999 FEW013 09/08 Q1032 TEMPO BKN013,M
FAOR,2026-08-27 03:00,50.00,48.20,93.50,40.00,6.00,0.00,30.47,M,6.21,M,BKN,M,M,M,1300.00,M,M,M,M,M,M,M,M,M,M,50.00,FAOR 270300Z 04006KT 9999 BKN013 10/09 Q1032 TEMPO BKN010,M
FAOR,2026-08-27 03:30,50.00,48.20,93.50,30.00,8.00,0.00,30.47,M,6.21,M,BKN,M,M,M,1200.00,M,M,M,M,M,M,M,M,M,M,50.00,FAOR 270330Z 03008KT 9999 BKN012 10/09 Q1032 TEMPO BKN010,M
FAOR,2026-08-27 04:00,50.00,48.20,93.50,20.00,12.00,0.00,30.47,M,6.21,M,BKN,M,M,M,1000.00,M,M,M,M,M,M,M,M,M,M,50.00,FAOR 270400Z 02012KT 9999 BKN010 10/09 Q1032 NOSIG,M
FAOR,2026-08-27 04:30,50.00,48.20,93.50,10.00,13.00,0.00,30.47,M,6.21,M,OVC,M,M,M,1000.00,M,M,M,M,M,M,M,M,M,M,50.00,FAOR 270430Z 01013KT 9999 OVC010 10/09 Q1032 NOSIG,M
FAOR,2026-08-27 05:00,50.00,48.20,93.50,10.00,13.00,0.00,30.50,M,6.21,M,OVC,M,M,M,700.00,M,M,M,M,M,M,M,M,M,M,50.00,FAOR 270500Z 01013KT 9999 OVC007 10/09 Q1033 NOSIG,M
FAOR,2026-08-27 05:30,50.00,48.20,93.50,10.00,14.00,0.00,30.50,M,6.21,M,OVC,M,M,M,700.00,M,M,M,M,M,M,M,M,M,M,50.00,FAOR 270530Z 01014KT 9999 OVC007 10/09 Q1033 NOSIG,M
FAOR,2026-08-27 06:00,51.80,48.20,87.47,10.00,12.00,0.00,30.53,M,6.21,M,OVC,M,M,M,600.00,M,M,M,M,M,M,M,M,M,M,51.80,FAOR 270600Z 01012KT 9999 OVC006 11/09 Q1034 NOSIG,M
FAOR,2026-08-27 06:30,51.80,48.20,87.47,10.00,14.00,0.00,30.53,M,6.21,M,OVC,M,M,M,700.00,M,M,M,M,M,M,M,M,M,M,51.80,FAOR 270630Z 01014KT 9999 OVC007 11/09 Q1034 NOSIG,M
FAOR,2026-08-27 07:00,51.80,48.20,87.47,10.00,13.00,0.00,30.53,M,6.21,M,OVC,M,M,M,700.00,M,M,M,M,M,M,M,M,M,M,51.80,FAOR 270700Z 01013KT 9999 OVC007 11/09 Q1034 NOSIG,M
FAOR,2026-08-27 07:30,51.80,48.20,87.47,10.00,13.00,0.00,30.53,M,6.21,M,OVC,M,M,M,700.00,M,M,M,M,M,M,M,M,M,M,51.80,FAOR 270730Z 01013KT 9999 OVC007 11/09 Q1034 NOSIG,M
FAOR,2026-08-27 08:00,53.60,48.20,81.87,10.00,13.00,0.00,30.56,M,6.21,M,OVC,M,M,M,900.00,M,M,M,M,M,M,M,M,M,M,53.60,FAOR 270800Z 01013KT 330V030 9999 OVC009 12/09 Q1035 NOSIG,M
FAOR,2026-08-27 08:30,55.40,48.20,76.67,10.00,14.00,0.00,30.56,M,6.21,M,OVC,M,M,M,1100.00,M,M,M,M,M,M,M,M,M,M,55.40,FAOR 270830Z 01014KT 9999 OVC011 13/09 Q1035 NOSIG,M
FAOR,2026-08-27 09:00,55.40,48.20,76.67,10.00,12.00,0.00,30.56,M,6.21,M,OVC,M,M,M,1200.00,M,M,M,M,M,M,M,M,M,M,55.40,FAOR 270900Z 01012KT 9999 OVC012 13/09 Q1035 BECMG BKN015,M
FAOR,2026-08-27 09:30,55.40,48.20,76.67,10.00,11.00,0.00,30.56,M,6.21,M,OVC,M,M,M,1200.00,M,M,M,M,M,M,M,M,M,M,55.40,FAOR 270930Z 01011KT 9999 OVC012 13/09 Q1035 BECMG BKN015,M
FAOR,2026-08-27 10:00,57.20,48.20,71.84,10.00,12.00,0.00,30.53,M,6.21,M,BKN,M,M,M,1500.00,M,M,M,M,M,M,M,M,M,M,57.20,COR FAOR 271000Z 01012KT 340V040 9999 BKN015 14/09 Q1034 NOSIG,M
FAOR,2026-08-27 10:30,59.00,48.20,67.34,20.00,11.00,0.00,30.50,M,6.21,M,BKN,M,M,M,1600.00,M,M,M,M,M,M,M,M,M,M,59.00,FAOR 271030Z 02011KT 340V050 9999 BKN016 15/09 Q1033 NOSIG,M
FAOR,2026-08-27 11:00,60.80,48.20,63.16,10.00,9.00,0.00,30.50,M,6.21,M,BKN,M,M,M,2200.00,M,M,M,M,M,M,M,M,M,M,60.80,FAOR 271100Z 01009KT 340V060 9999 BKN022 16/09 Q1033 NOSIG,M
FAOR,2026-08-27 11:30,62.60,48.20,59.27,10.00,9.00,0.00,30.47,M,6.21,M,M,M,M,M,M,M,M,M,M,M,M,M,M,M,M,62.60,FAOR 271130Z 01009KT CAVOK 17/09 Q1032 NOSIG,M
FAOR,2026-08-27 12:00,62.60,48.20,59.27,360.00,10.00,0.00,30.47,M,6.21,M,M,M,M,M,M,M,M,M,M,M,M,M,M,M,M,62.60,FAOR 271200Z 36010KT 330V030 CAVOK 17/09 Q1032 NOSIG,M
FAOR,2026-08-27 12:30,62.60,46.40,55.39,10.00,9.00,0.00,30.47,M,6.21,M,M,M,M,M,M,M,M,M,M,M,M,M,M,M,M,62.60,FAOR 271230Z 01009KT 330V040 CAVOK 17/08 Q1032 NOSIG,M
FAOR,2026-08-27 13:00,64.40,48.20,55.65,350.00,8.00,0.00,30.45,M,6.21,M,M,M,M,M,M,M,M,M,M,M,M,M,M,M,M,64.40,FAOR 271300Z 35008KT 320V020 CAVOK 18/09 Q1031 NOSIG,M
FAOR,2026-08-27 13:30,64.40,46.40,52.00,330.00,8.00,0.00,30.45,M,6.21,M,M,M,M,M,M,M,M,M,M,M,M,M,M,M,M,64.40,FAOR 271330Z 33008KT 310V020 CAVOK 18/08 Q1031 NOSIG,M
FAOR,2026-08-27 14:00,64.40,46.40,52.00,350.00,6.00,0.00,30.45,M,6.21,M,M,M,M,M,M,M,M,M,M,M,M,M,M,M,M,64.40,FAOR 271400Z 35006KT 310V050 CAVOK 18/08 Q1031 NOSIG,M
FAOR,2026-08-27 14:30,66.20,46.40,48.85,10.00,7.00,0.00,30.45,M,6.21,M,M,M,M,M,M,M,M,M,M,M,M,M,M,M,M,66.20,FAOR 271430Z 01007KT 330V050 CAVOK 19/08 Q1031 NOSIG,M
FAOR,2026-08-27 15:00,64.40,46.40,52.00,20.00,6.00,0.00,30.45,M,6.21,M,M,M,M,M,M,M,M,M,M,M,M,M,M,M,M,64.40,FAOR 271500Z 02006KT 340V060 CAVOK 18/08 Q1031 NOSIG,M
FAOR,2026-08-27 15:30,62.60,46.40,55.39,10.00,7.00,0.00,30.45,M,6.21,M,M,M,M,M,M,M,M,M,M,M,M,M,M,M,M,62.60,FAOR 271530Z 01007KT CAVOK 17/08 Q1031 NOSIG,M
FAOR,2026-08-27 16:00,60.80,44.60,55.13,30.00,7.00,0.00,30.45,M,6.21,M,M,M,M,M,M,M,M,M,M,M,M,M,M,M,M,60.80,FAOR 271600Z 03007KT CAVOK 16/07 Q1031 NOSIG,M
FAOR,2026-08-27 16:30,60.80,46.40,59.02,10.00,9.00,0.00,30.45,M,6.21,M,M,M,M,M,M,M,M,M,M,M,M,M,M,M,M,60.80,FAOR 271630Z 01009KT CAVOK 16/08 Q1031 NOSIG,M
FAOR,2026-08-27 17:00,57.20,44.60,62.70,20.00,7.00,0.00,30.47,M,6.21,M,M,M,M,M,M,M,M,M,M,M,M,M,M,M,M,57.20,FAOR 271700Z 02007KT CAVOK 14/07 Q1032 NOSIG,M
FAOR,2026-08-27 17:30,57.20,44.60,62.70,20.00,6.00,0.00,30.47,M,6.21,M,M,M,M,M,M,M,M,M,M,M,M,M,M,M,M,57.20,FAOR 271730Z 02006KT CAVOK 14/07 Q1032 NOSIG,M
FAOR,2026-08-27 18:00,57.20,44.60,62.70,10.00,8.00,0.00,30.47,M,6.21,M,M,M,M,M,M,M,M,M,M,M,M,M,M,M,M,57.20,FAOR 271800Z 01008KT CAVOK 14/07 Q1032 NOSIG,M
FAOR,2026-08-27 18:30,57.20,44.60,62.70,20.00,11.00,0.00,30.50,M,6.21,M,M,M,M,M,M,M,M,M,M,M,M,M,M,M,M,57.20,FAOR 271830Z 02011KT CAVOK 14/07 Q1033 NOSIG,M
FAOR,2026-08-27 19:00,53.60,44.60,71.45,10.00,9.00,0.00,30.50,M,6.21,M,M,M,M,M,M,M,M,M,M,M,M,M,M,M,M,53.60,FAOR 271900Z 01009KT CAVOK 12/07 Q1033 NOSIG,M
FAOR,2026-08-27 19:30,55.40,44.60,66.91,20.00,7.00,0.00,30.53,M,6.21,M,M,M,M,M,M,M,M,M,M,M,M,M,M,M,M,55.40,FAOR 271930Z 02007KT CAVOK 13/07 Q1034 NOSIG,M
FAOR,2026-08-27 20:00,53.60,44.60,71.45,10.00,8.00,0.00,30.53,M,6.21,M,M,M,M,M,M,M,M,M,M,M,M,M,M,M,M,53.60,FAOR 272000Z 01008KT CAVOK 12/07 Q1034 NOSIG,M
FAOR,2026-08-27 21:00,53.60,44.60,71.45,350.00,9.00,0.00,30.53,M,6.21,M,M,M,M,M,M,M,M,M,M,M,M,M,M,M,M,53.60,FAOR 272100Z 35009KT CAVOK 12/07 Q1034 NOSIG,M
FAOR,2026-08-27 22:00,53.60,44.60,71.45,350.00,11.00,0.00,30.53,M,6.21,M,M,M,M,M,M,M,M,M,M,M,M,M,M,M,M,53.60,FAOR 272200Z 35011KT CAVOK 12/07 Q1034 NOSIG,M
FAOR,2026-08-28 00:00,50.00,44.60,81.60,350.00,11.00,0.00,30.50,M,6.21,M,M,M,M,M,M,M,M,M,M,M,M,M,M,M,M,50.00,FAOR 280000Z 35011KT CAVOK 10/07 Q1033 NOSIG,M
FAOR,2026-08-28 01:00,50.00,44.60,81.60,340.00,7.00,0.00,30.50,M,6.21,M,M,M,M,M,M,M,M,M,M,M,M,M,M,M,M,50.00,FAOR 280100Z 34007KT CAVOK 10/07 Q1033 NOSIG,M
FAOR,2026-08-28 02:00,50.00,46.40,87.37,350.00,11.00,0.00,30.47,M,6.21,M,M,M,M,M,M,M,M,M,M,M,M,M,M,M,M,50.00,FAOR 280200Z 35011KT CAVOK 10/08 Q1032 NOSIG,M
FAOR,2026-08-28 03:00,48.20,46.40,93.45,350.00,9.00,0.00,30.47,M,6.21,M,M,M,M,M,M,M,M,M,M,M,M,M,M,M,M,43.66,FAOR 280300Z 35009KT CAVOK 09/08 Q1032 NOSIG,M
FAOR,2026-08-28 03:30,48.20,46.40,93.45,350.00,7.00,0.00,30.50,M,6.21,M,M,M,M,M,M,M,M,M,M,M,M,M,M,M,M,44.53,FAOR 280330Z 35007KT CAVOK 09/08 Q1033 NOSIG,M
FAOR,2026-08-28 04:00,48.20,46.40,93.45,340.00,8.00,0.00,30.50,M,6.21,M,SCT,M,M,M,400.00,M,M,M,M,M,M,M,M,M,M,44.07,FAOR 280400Z 34008KT 9999 SCT004 09/08 Q1033 NOSIG,M
FAOR,2026-08-28 04:30,48.20,46.40,93.45,360.00,8.00,0.00,30.50,M,6.21,M,FEW,M,M,M,400.00,M,M,M,M,M,M,M,M,M,M,44.07,FAOR 280430Z COR 36008KT 9999 FEW004 09/08 Q1033 NOSIG,M
FAOR,2026-08-28 05:00,48.20,48.20,100.00,360.00,7.00,0.00,30.50,M,4.97,M,FEW,M,M,M,400.00,M,M,M,M,M,M,M,M,M,M,44.53,FAOR 280500Z 36007KT 8000 FEW004 09/09 Q1033 NOSIG,M
FAOR,2026-08-28 05:30,50.00,46.40,87.37,350.00,7.00,0.00,30.50,M,6.21,M,M,M,M,M,M,M,M,M,M,M,M,M,M,M,M,50.00,FAOR 280530Z 35007KT 280V030 CAVOK 10/08 Q1033 NOSIG,M
FAOR,2026-08-28 06:00,51.80,46.40,81.74,360.00,8.00,0.00,30.50,M,6.21,M,M,M,M,M,M,M,M,M,M,M,M,M,M,M,M,51.80,FAOR 280600Z 36008KT CAVOK 11/08 Q1033 NOSIG,M
FAOR,2026-08-28 06:30,53.60,46.40,76.51,350.00,9.00,0.00,30.53,M,6.21,M,M,M,M,M,M,M,M,M,M,M,M,M,M,M,M,53.60,FAOR 280630Z 35009KT 320V020 CAVOK 12/08 Q1034 NOSIG,M
FAOR,2026-08-28 07:00,55.40,46.40,71.65,350.00,8.00,0.00,30.53,M,6.21,M,M,M,M,M,M,M,M,M,M,M,M,M,M,M,M,55.40,FAOR 280700Z 35008KT 320V020 CAVOK 13/08 Q1034 NOSIG,M
FAOR,2026-08-28 07:30,59.00,44.60,58.78,340.00,7.00,0.00,30.53,M,6.21,M,M,M,M,M,M,M,M,M,M,M,M,M,M,M,M,59.00,FAOR 280730Z 34007KT 280V010 CAVOK 15/07 Q1034 NOSIG,M
FAOR,2026-08-28 08:00,59.00,44.60,58.78,350.00,7.00,0.00,30.53,M,6.21,M,M,M,M,M,M,M,M,M,M,M,M,M,M,M,M,59.00,FAOR 280800Z 35007KT 300V040 CAVOK 15/07 Q1034 NOSIG,M
FAOR,2026-08-28 08:30,60.80,44.60,55.13,340.00,6.00,0.00,30.53,M,6.21,M,M,M,M,M,M,M,M,M,M,M,M,M,M,M,M,60.80,FAOR 280830Z 34006KT 280V030 CAVOK 16/07 Q1034 NOSIG,M
FAOR,2026-08-28 09:00,62.60,44.60,51.73,350.00,5.00,0.00,30.53,M,6.21,M,M,M,M,M,M,M,M,M,M,M,M,M,M,M,M,62.60,FAOR 280900Z 35005KT 290V060 CAVOK 17/07 Q1034 NOSIG,M
FAOR,2026-08-28 09:30,64.40,44.60,48.57,M,4.00,0.00,30.50,M,6.21,M,M,M,M,M,M,M,M,M,M,M,M,M,M,M,M,64.40,FAOR 280930Z VRB04KT CAVOK 18/07 Q1033 NOSIG,M
FAOR,2026-08-28 10:00,64.40,44.60,48.57,30.00,5.00,0.00,30.50,M,6.21,M,M,M,M,M,M,M,M,M,M,M,M,M,M,M,M,64.40,FAOR 281000Z 03005KT 340V130 CAVOK 18/07 Q1033 NOSIG,M
FAOR,2026-08-28 10:30,66.20,44.60,45.62,M,6.00,0.00,30.47,M,6.21,M,M,M,M,M,M,M,M,M,M,M,M,M,M,M,M,66.20,FAOR 281030Z VRB06KT CAVOK 19/07 Q1032 NOSIG,M
FAOR,2026-08-28 11:00,66.20,44.60,45.62,M,5.00,0.00,30.47,M,6.21,M,M,M,M,M,M,M,M,M,M,M,M,M,M,M,M,66.20,FAOR 281100Z VRB05KT CAVOK 19/07 Q1032 NOSIG,M
FAOR,2026-08-28 11:30,68.00,42.80,40.02,60.00,6.00,0.00,30.45,M,6.21,M,M,M,M,M,M,M,M,M,M,M,M,M,M,M,M,68.00,FAOR 281130Z 06006KT 360V120 CAVOK 20/06 Q1031 NOSIG,M
FAOR,2026-08-28 12:00,68.00,42.80,40.02,10.00,7.00,0.00,30.45,M,6.21,M,M,M,M,M,M,M,M,M,M,M,M,M,M,M,M,68.00,FAOR 281200Z 01007KT 310V060 CAVOK 20/06 Q1031 NOSIG,M
FAOR,2026-08-28 12:30,68.00,42.80,40.02,40.00,7.00,0.00,30.42,M,6.21,M,M,M,M,M,M,M,M,M,M,M,M,M,M,M,M,68.00,FAOR 281230Z 04007KT 360V090 CAVOK 20/06 Q1030 NOSIG,M
FAOR,2026-08-28 13:00,68.00,41.00,37.34,80.00,5.00,0.00,30.42,M,6.21,M,FEW,M,M,M,4800.00,M,M,M,M,M,M,M,M,M,M,68.00,FAOR 281300Z 08005KT 030V160 9999 FEW048 20/05 Q1030 NOSIG,M
FAOR,2026-08-28 13:30,69.80,42.80,37.63,M,4.00,0.00,30.42,M,6.21,M,M,M,M,M,M,M,M,M,M,M,M,M,M,M,M,69.80,FAOR 281330Z VRB04KT CAVOK 21/06 Q1030 NOSIG,M
FAOR,2026-08-28 14:00,69.80,41.00,35.11,M,5.00,0.00,30.42,M,6.21,15.00,M,M,M,M,M,M,M,M,M,M,M,M,M,M,M,69.80,FAOR 281400Z VRB05G15KT CAVOK 21/05 Q1030 NOSIG,M
FAOR,2026-08-28 14:30,68.00,41.00,37.34,90.00,7.00,0.00,30.42,M,6.21,M,M,M,M,M,M,M,M,M,M,M,M,M,M,M,M,68.00,FAOR 281430Z 09007KT 060V120 CAVOK 20/05 Q1030 NOSIG,M
FAOR,2026-08-28 15:00,68.00,39.20,34.81,40.00,7.00,0.00,30.42,M,6.21,M,M,M,M,M,M,M,M,M,M,M,M,M,M,M,M,68.00,FAOR 281500Z 04007KT 350V080 CAVOK 20/04 Q1030 NOSIG,M
FAOR,2026-08-28 15:30,66.20,41.00,39.73,10.00,8.00,0.00,30.42,M,6.21,M,M,M,M,M,M,M,M,M,M,M,M,M,M,M,M,66.20,FAOR 281530Z 01008KT 340V040 CAVOK 19/05 Q1030 NOSIG,M
FAOR,2026-08-28 16:00,62.60,41.00,45.05,30.00,7.00,0.00,30.42,M,6.21,M,M,M,M,M,M,M,M,M,M,M,M,M,M,M,M,62.60,FAOR 281600Z 03007KT CAVOK 17/05 Q1030 NOSIG,M
FAOR,2026-08-28 16:30,60.80,41.00,48.01,20.00,7.00,0.00,30.45,M,6.21,M,M,M,M,M,M,M,M,M,M,M,M,M,M,M,M,60.80,FAOR 281630Z 02007KT CAVOK 16/05 Q1031 NOSIG,M
FAOR,2026-08-28 17:00,62.60,42.80,48.29,360.00,8.00,0.00,30.45,M,6.21,M,M,M,M,M,M,M,M,M,M,M,M,M,M,M,M,62.60,FAOR 281700Z 36008KT CAVOK 17/06 Q1031 NOSIG,M
FAOR,2026-08-28 17:30,62.60,42.80,48.29,360.00,8.00,0.00,30.45,M,6.21,M,M,M,M,M,M,M,M,M,M,M,M,M,M,M,M,62.60,FAOR 281730Z 36008KT 260V020 CAVOK 17/06 Q1031 NOSIG,M
FAOR,2026-08-28 18:00,62.60,44.60,51.73,M,6.00,0.00,30.45,M,6.21,M,M,M,M,M,M,M,M,M,M,M,M,M,M,M,M,62.60,FAOR 281800Z VRB06KT CAVOK 17/07 Q1031 NOSIG,M
FAOR,2026-08-28 18:30,60.80,44.60,55.13,310.00,5.00,0.00,30.45,M,6.21,M,M,M,M,M,M,M,M,M,M,M,M,M,M,M,M,60.80,FAOR 281830Z 31005KT CAVOK 16/07 Q1031 NOSIG,M
FAOR,2026-08-28 19:00,60.80,44.60,55.13,320.00,6.00,0.00,30.47,M,6.21,M,M,M,M,M,M,M,M,M,M,M,M,M,M,M,M,60.80,FAOR 281900Z 32006KT CAVOK 16/07 Q1032 NOSIG,M
FAOR,2026-08-28 19:30,59.00,44.60,58.78,340.00,8.00,0.00,30.47,M,6.21,M,M,M,M,M,M,M,M,M,M,M,M,M,M,M,M,59.00,FAOR 281930Z 34008KT 280V360 CAVOK 15/07 Q1032 NOSIG,M
FAOR,2026-08-28 20:00,59.00,44.60,58.78,330.00,7.00,0.00,30.47,M,6.21,M,M,M,M,M,M,M,M,M,M,M,M,M,M,M,M,59.00,FAOR 282000Z 33007KT 290V360 CAVOK 15/07 Q1032 NOSIG,M
FAOR,2026-08-28 20:30,57.20,44.60,62.70,340.00,8.00,0.00,30.47,M,6.21,M,M,M,M,M,M,M,M,M,M,M,M,M,M,M,M,57.20,FAOR 282030Z 34008KT CAVOK 14/07 Q1032 NOSIG,M
FAOR,2026-08-28 21:00,57.20,42.80,58.52,340.00,7.00,0.00,30.47,M,6.21,M,M,M,M,M,M,M,M,M,M,M,M,M,M,M,M,57.20,FAOR 282100Z 34007KT CAVOK 14/06 Q1032 NOSIG,M
FAOR,2026-08-28 22:00,53.60,41.00,62.22,340.00,7.00,0.00,30.47,M,6.21,M,M,M,M,M,M,M,M,M,M,M,M,M,M,M,M,53.60,FAOR 282200Z 34007KT 280V360 CAVOK 12/05 Q1032 NOSIG,M
FAOR,2026-08-28 23:00,51.80,39.20,61.99,350.00,10.00,0.00,30.47,M,6.21,M,M,M,M,M,M,M,M,M,M,M,M,M,M,M,M,51.80,FAOR 282300Z 35010KT CAVOK 11/04 Q1032 NOSIG,M
FAOR,2026-08-29 00:00,50.00,41.00,71.06,360.00,9.00,0.00,30.45,M,6.21,M,M,M,M,M,M,M,M,M,M,M,M,M,M,M,M,50.00,FAOR 290000Z 36009KT CAVOK 10/05 Q1031 NOSIG,M
FAOR,2026-08-29 01:00,50.00,41.00,71.06,340.00,8.00,0.00,30.42,M,6.21,M,M,M,M,M,M,M,M,M,M,M,M,M,M,M,M,50.00,FAOR 290100Z 34008KT CAVOK 10/05 Q1030 NOSIG,M
FAOR,2026-08-29 02:00,50.00,41.00,71.06,350.00,9.00,0.00,30.42,M,6.21,M,M,M,M,M,M,M,M,M,M,M,M,M,M,M,M,50.00,FAOR 290200Z 35009KT CAVOK 10/05 Q1030 NOSIG,M
FAOR,2026-08-29 02:30,48.20,41.00,76.01,340.00,8.00,0.00,30.42,M,6.21,M,M,M,M,M,M,M,M,M,M,M,M,M,M,M,M,44.07,FAOR 290230Z 34008KT CAVOK 09/05 Q1030 NOSIG,M
FAOR,2026-08-29 03:00,48.20,41.00,76.01,340.00,10.00,0.00,30.42,M,6.21,M,M,M,M,M,M,M,M,M,M,M,M,M,M,M,M,43.28,FAOR 290300Z 34010KT CAVOK 09/05 Q1030 NOSIG,M
FAOR,2026-08-29 03:30,48.20,41.00,76.01,360.00,9.00,0.00,30.42,M,6.21,M,M,M,M,M,M,M,M,M,M,M,M,M,M,M,M,43.66,FAOR 290330Z 36009KT CAVOK 09/05 Q1030 NOSIG,M
FAOR,2026-08-29 04:00,48.20,41.00,76.01,350.00,8.00,0.00,30.39,M,6.21,M,M,M,M,M,M,M,M,M,M,M,M,M,M,M,M,44.07,FAOR 290400Z 35008KT CAVOK 09/05 Q1029 NOSIG,M
FAOR,2026-08-29 04:30,44.60,39.20,81.20,10.00,8.00,0.00,30.39,M,6.21,M,M,M,M,M,M,M,M,M,M,M,M,M,M,M,M,39.63,FAOR 290430Z 01008KT CAVOK 07/04 Q1029 NOSIG,M
FAOR,2026-08-29 05:00,48.20,41.00,76.01,360.00,8.00,0.00,30.42,M,6.21,M,M,M,M,M,M,M,M,M,M,M,M,M,M,M,M,44.07,FAOR 290500Z 36008KT CAVOK 09/05 Q1030 NOSIG,M
FAOR,2026-08-29 05:30,50.00,41.00,71.06,360.00,10.00,0.00,30.42,M,6.21,M,M,M,M,M,M,M,M,M,M,M,M,M,M,M,M,50.00,FAOR 290530Z 36010KT CAVOK 10/05 Q1030 NOSIG,M
FAOR,2026-08-29 06:00,51.80,41.00,66.48,360.00,10.00,0.00,30.42,M,6.21,M,M,M,M,M,M,M,M,M,M,M,M,M,M,M,M,51.80,FAOR 290600Z 36010KT CAVOK 11/05 Q1030 NOSIG,M
FAOR,2026-08-29 06:30,53.60,41.00,62.22,350.00,8.00,0.00,30.42,M,6.21,M,M,M,M,M,M,M,M,M,M,M,M,M,M,M,M,53.60,FAOR 290630Z 35008KT 320V020 CAVOK 12/05 Q1030 NOSIG,M
FAOR,2026-08-29 07:00,55.40,42.80,62.46,350.00,8.00,0.00,30.45,M,6.21,M,M,M,M,M,M,M,M,M,M,M,M,M,M,M,M,55.40,FAOR 290700Z 35008KT CAVOK 13/06 Q1031 NOSIG,M
FAOR,2026-08-29 07:30,55.40,42.80,62.46,310.00,8.00,0.00,30.45,M,6.21,M,M,M,M,M,M,M,M,M,M,M,M,M,M,M,M,55.40,FAOR 290730Z 31008KT 260V340 CAVOK 13/06 Q1031 NOSIG,M
FAOR,2026-08-29 08:00,57.20,42.80,58.52,280.00,8.00,0.00,30.45,M,6.21,M,M,M,M,M,M,M,M,M,M,M,M,M,M,M,M,57.20,FAOR 290800Z 28008KT 250V320 CAVOK 14/06 Q1031 NOSIG,M
FAOR,2026-08-29 08:30,60.80,42.80,51.46,310.00,6.00,0.00,30.45,M,6.21,M,M,M,M,M,M,M,M,M,M,M,M,M,M,M,M,60.80,FAOR 290830Z 31006KT 270V350 CAVOK 16/06 Q1031 NOSIG,M
FAOR,2026-08-29 09:00,60.80,42.80,51.46,300.00,5.00,0.00,30.42,M,6.21,M,M,M,M,M,M,M,M,M,M,M,M,M,M,M,M,60.80,FAOR 290900Z 30005KT 210V360 CAVOK 16/06 Q1030 NOSIG,M
FAOR,2026-08-29 09:30,66.20,42.80,42.59,M,4.00,0.00,30.42,M,6.21,M,M,M,M,M,M,M,M,M,M,M,M,M,M,M,M,66.20,FAOR 290930Z VRB04KT CAVOK 19/06 Q1030 NOSIG,M
FAOR,2026-08-29 10:00,64.40,41.00,42.30,360.00,5.00,0.00,30.39,M,6.21,M,M,M,M,M,M,M,M,M,M,M,M,M,M,M,M,64.40,FAOR 291000Z 36005KT 300V060 CAVOK 18/05 Q1029 NOSIG,M
FAOR,2026-08-29 10:30,66.20,35.60,32.15,10.00,7.00,0.00,30.36,M,6.21,M,M,M,M,M,M,M,M,M,M,M,M,M,M,M,M,66.20,FAOR 291030Z 01007KT 340V070 CAVOK 19/02 Q1028 NOSIG,M
FAOR,2026-08-29 11:00,68.00,37.40,32.44,M,5.00,0.00,30.36,M,6.21,M,M,M,M,M,M,M,M,M,M,M,M,M,M,M,M,68.00,FAOR 291100Z VRB05KT CAVOK 20/03 Q1028 NOSIG,M
FAOR,2026-08-29 11:30,68.00,32.00,26.16,20.00,9.00,0.00,30.33,M,6.21,M,M,M,M,M,M,M,M,M,M,M,M,M,M,M,M,68.00,FAOR 291130Z 02009KT 350V070 CAVOK 20/00 Q1027 NOSIG,M
FAOR,2026-08-29 12:00,68.00,33.80,28.12,360.00,9.00,0.00,30.33,M,6.21,M,M,M,M,M,M,M,M,M,M,M,M,M,M,M,M,68.00,FAOR 291200Z 36009KT 300V050 CAVOK 20/01 Q1027 NOSIG,M
FAOR,2026-08-29 12:30,68.00,32.00,26.16,350.00,7.00,0.00,30.30,M,6.21,M,M,M,M,M,M,M,M,M,M,M,M,M,M,M,M,68.00,FAOR 291230Z 35007KT 260V040 CAVOK 20/M00 Q1026 NOSIG,M
FAOR,2026-08-29 13:00,68.00,32.00,26.16,360.00,10.00,0.00,30.30,M,6.21,M,M,M,M,M,M,M,M,M,M,M,M,M,M,M,M,68.00,FAOR 291300Z 36010KT 330V030 CAVOK 20/M00 Q1026 NOSIG,M
FAOR,2026-08-29 13:30,68.00,26.60,20.98,340.00,9.00,0.00,30.30,M,6.21,M,M,M,M,M,M,M,M,M,M,M,M,M,M,M,M,68.00,FAOR 291330Z 34009KT 280V030 CAVOK 20/M03 Q1026 NOSIG,M
FAOR,2026-08-29 14:00,68.00,30.20,24.32,340.00,7.00,0.00,30.30,M,6.21,M,M,M,M,M,M,M,M,M,M,M,M,M,M,M,M,68.00,FAOR 291400Z 34007KT 290V020 CAVOK 20/M01 Q1026 NOSIG,M
FAOR,2026-08-29 14:30,68.00,28.40,22.60,310.00,9.00,0.00,30.30,M,6.21,M,M,M,M,M,M,M,M,M,M,M,M,M,M,M,M,68.00,FAOR 291430Z 31009KT 280V350 CAVOK 20/M02 Q1026 NOSIG,M
FAOR,2026-08-29 15:00,66.20,28.40,24.04,330.00,9.00,0.00,30.30,M,6.21,M,M,M,M,M,M,M,M,M,M,M,M,M,M,M,M,66.20,FAOR 291500Z 33009KT CAVOK 19/M02 Q1026 NOSIG,M
FAOR,2026-08-29 15:30,64.40,24.80,22.05,330.00,9.00,0.00,30.30,M,6.21,M,M,M,M,M,M,M,M,M,M,M,M,M,M,M,M,64.40,FAOR 291530Z 33009KT 300V360 CAVOK 18/M04 Q1026 NOSIG,M
FAOR,2026-08-29 16:00,62.60,26.60,25.31,340.00,8.00,0.00,30.33,M,6.21,M,M,M,M,M,M,M,M,M,M,M,M,M,M,M,M,62.60,FAOR 291600Z 34008KT CAVOK 17/M03 Q1027 NOSIG,M
FAOR,2026-08-29 16:30,62.60,28.40,27.26,320.00,7.00,0.00,30.33,M,6.21,M,M,M,M,M,M,M,M,M,M,M,M,M,M,M,M,62.60,FAOR 291630Z 32007KT CAVOK 17/M02 Q1027 NOSIG,M
FAOR,2026-08-29 17:00,60.80,28.40,29.05,340.00,6.00,0.00,30.33,M,6.21,M,M,M,M,M,M,M,M,M,M,M,M,M,M,M,M,60.80,FAOR 291700Z 34006KT CAVOK 16/M02 Q1027 NOSIG,M
FAOR,2026-08-29 17:30,60.80,28.40,29.05,340.00,6.00,0.00,30.33,M,6.21,M,M,M,M,M,M,M,M,M,M,M,M,M,M,M,M,60.80,FAOR 291730Z 34006KT CAVOK 16/M02 Q1027 NOSIG,M
FAOR,2026-08-29 18:00,62.60,30.20,29.34,330.00,6.00,0.00,30.33,M,6.21,M,M,M,M,M,M,M,M,M,M,M,M,M,M,M,M,62.60,FAOR 291800Z 33006KT 260V050 CAVOK 17/M01 Q1027 NOSIG,M
FAOR,2026-08-29 18:30,60.80,30.20,31.27,340.00,6.00,0.00,30.33,M,6.21,M,M,M,M,M,M,M,M,M,M,M,M,M,M,M,M,60.80,FAOR 291830Z 34006KT CAVOK 16/M01 Q1027 NOSIG,M
FAOR,2026-08-29 19:00,59.00,30.20,33.34,330.00,5.00,0.00,30.36,M,6.21,M,M,M,M,M,M,M,M,M,M,M,M,M,M,M,M,59.00,FAOR 291900Z 33005KT CAVOK 15/M01 Q1028 NOSIG,M
FAOR,2026-08-29 19:30,59.00,30.20,33.34,340.00,6.00,0.00,30.36,M,6.21,M,M,M,M,M,M,M,M,M,M,M,M,M,M,M,M,59.00,FAOR 291930Z 34006KT CAVOK 15/M01 Q1028 NOSIG,M
FAOR,2026-08-29 20:00,59.00,30.20,33.34,340.00,6.00,0.00,30.36,M,6.21,M,M,M,M,M,M,M,M,M,M,M,M,M,M,M,M,59.00,FAOR 292000Z 34006KT CAVOK 15/M01 Q1028 NOSIG,M
FAOR,2026-08-29 20:30,55.40,30.20,37.96,360.00,7.00,0.00,30.36,M,6.21,M,M,M,M,M,M,M,M,M,M,M,M,M,M,M,M,55.40,FAOR 292030Z 36007KT 310V010 CAVOK 13/M01 Q1028 NOSIG,M
FAOR,2026-08-29 21:00,55.40,32.00,40.83,350.00,7.00,0.00,30.36,M,6.21,M,M,M,M,M,M,M,M,M,M,M,M,M,M,M,M,55.40,FAOR 292100Z 35007KT CAVOK 13/M00 Q1028 NOSIG,M
FAOR,2026-08-29 21:30,55.40,32.00,40.83,360.00,9.00,0.00,30.33,M,6.21,M,M,M,M,M,M,M,M,M,M,M,M,M,M,M,M,55.40,FAOR 292130Z 36009KT CAVOK 13/00 Q1027 NOSIG,M
FAOR,2026-08-29 22:00,53.60,32.00,43.60,360.00,8.00,0.00,30.33,M,6.21,M,M,M,M,M,M,M,M,M,M,M,M,M,M,M,M,53.60,FAOR 292200Z 36008KT CAVOK 12/M00 Q1027 NOSIG,M
FAOR,2026-08-29 23:00,53.60,30.20,40.53,350.00,8.00,0.00,30.33,M,6.21,M,M,M,M,M,M,M,M,M,M,M,M,M,M,M,M,53.60,FAOR 292300Z 35008KT CAVOK 12/M01 Q1027 NOSIG,M
FAOR,2026-08-30 00:00,51.80,30.20,43.30,360.00,5.00,0.00,30.33,M,6.21,M,M,M,M,M,M,M,M,M,M,M,M,M,M,M,M,51.80,FAOR 300000Z 36005KT CAVOK 11/M01 Q1027 NOSIG,M
FAOR,2026-08-30 01:00,48.20,28.40,46.00,M,1.00,0.00,30.33,M,6.21,M,M,M,M,M,M,M,M,M,M,M,M,M,M,M,M,48.20,FAOR 300100Z VRB01KT CAVOK 09/M02 Q1027 NOSIG,M
FAOR,2026-08-30 02:00,48.20,30.20,49.51,M,1.00,0.00,30.30,M,6.21,M,M,M,M,M,M,M,M,M,M,M,M,M,M,M,M,48.20,COR FAOR 300200Z VRB01KT CAVOK 09/M01 Q1026 NOSIG,M
FAOR,2026-08-30 02:30,48.20,30.20,49.51,0.00,0.00,0.00,30.30,M,6.21,M,M,M,M,M,M,M,M,M,M,M,M,M,M,M,M,48.20,FAOR 300230Z 00000KT CAVOK 09/M01 Q1026 NOSIG,M
FAOR,2026-08-30 03:00,46.40,30.20,52.98,200.00,1.00,0.00,30.30,M,6.21,M,M,M,M,M,M,M,M,M,M,M,M,M,M,M,M,46.40,FAOR 300300Z 20001KT CAVOK 08/M01 Q1026 NOSIG,M
FAOR,2026-08-30 03:30,48.20,32.00,53.25,M,2.00,0.00,30.30,M,6.21,M,M,M,M,M,M,M,M,M,M,M,M,M,M,M,M,48.20,FAOR 300330Z VRB02KT CAVOK 09/00 Q1026 NOSIG,M
FAOR,2026-08-30 04:00,46.40,32.00,56.99,210.00,3.00,0.00,30.33,M,6.21,M,M,M,M,M,M,M,M,M,M,M,M,M,M,M,M,45.15,FAOR 300400Z 21003KT CAVOK 08/M00 Q1027 NOSIG,M
FAOR,2026-08-30 04:30,48.20,32.00,53.25,M,2.00,0.00,30.33,M,6.21,M,M,M,M,M,M,M,M,M,M,M,M,M,M,M,M,48.20,FAOR 300430Z VRB02KT CAVOK 09/M00 Q1027 NOSIG,M
FAOR,2026-08-30 05:00,53.60,33.80,46.87,290.00,5.00,0.00,30.33,M,6.21,M,M,M,M,M,M,M,M,M,M,M,M,M,M,M,M,53.60,FAOR 300500Z 29005KT CAVOK 12/01 Q1027 NOSIG,M
FAOR,2026-08-30 05:30,55.40,33.80,43.89,300.00,6.00,0.00,30.33,M,6.21,M,M,M,M,M,M,M,M,M,M,M,M,M,M,M,M,55.40,FAOR 300530Z 30006KT 260V320 CAVOK 13/01 Q1027 NOSIG,M
FAOR,2026-08-30 06:00,55.40,33.80,43.89,290.00,6.00,0.00,30.33,M,6.21,M,M,M,M,M,M,M,M,M,M,M,M,M,M,M,M,55.40,FAOR 300600Z 29006KT 260V320 CAVOK 13/01 Q1027 NOSIG,M
FAOR,2026-08-30 06:30,57.20,35.60,44.18,280.00,6.00,0.00,30.36,M,6.21,M,M,M,M,M,M,M,M,M,M,M,M,M,M,M,M,57.20,FAOR 300630Z 28006KT 230V310 CAVOK 14/02 Q1028 NOSIG,M
FAOR,2026-08-30 07:00,60.80,33.80,36.16,300.00,10.00,0.00,30.36,M,6.21,M,M,M,M,M,M,M,M,M,M,M,M,M,M,M,M,60.80,FAOR 300700Z 30010KT CAVOK 16/01 Q1028 NOSIG,M
FAOR,2026-08-30 07:30,60.80,35.60,38.85,290.00,10.00,0.00,30.36,M,6.21,M,M,M,M,M,M,M,M,M,M,M,M,M,M,M,M,60.80,FAOR 300730Z 29010KT CAVOK 16/02 Q1028 NOSIG,M
FAOR,2026-08-30 08:00,62.60,33.80,33.93,290.00,10.00,0.00,30.36,M,6.21,M,M,M,M,M,M,M,M,M,M,M,M,M,M,M,M,62.60,FAOR 300800Z 29010KT CAVOK 17/01 Q1028 NOSIG,M
FAOR,2026-08-30 08:30,64.40,35.60,34.23,300.00,9.00,0.00,30.36,M,6.21,20.00,M,M,M,M,M,M,M,M,M,M,M,M,M,M,M,64.40,FAOR 300830Z 30009G20KT 220V330 CAVOK 18/02 Q1028 NOSIG,M
FAOR,2026-08-30 09:00,64.40,33.80,31.86,290.00,8.00,0.00,30.36,M,6.21,M,M,M,M,M,M,M,M,M,M,M,M,M,M,M,M,64.40,FAOR 300900Z 29008KT 250V320 CAVOK 18/01 Q1028 NOSIG,M
FAOR,2026-08-30 09:30,64.40,33.80,31.86,290.00,6.00,0.00,30.33,M,6.21,M,M,M,M,M,M,M,M,M,M,M,M,M,M,M,M,64.40,FAOR 300930Z 29006KT 200V350 CAVOK 18/01 Q1027 NOSIG,M
FAOR,2026-08-30 10:00,66.20,33.80,29.92,M,7.00,0.00,30.33,M,6.21,M,M,M,M,M,M,M,M,M,M,M,M,M,M,M,M,66.20,FAOR 301000Z VRB07KT CAVOK 19/01 Q1027 NOSIG,M
FAOR,2026-08-30 10:30,68.00,33.80,28.12,M,6.00,0.00,30.33,M,6.21,M,M,M,M,M,M,M,M,M,M,M,M,M,M,M,M,68.00,FAOR 301030Z VRB06KT CAVOK 20/01 Q1027 NOSIG,M
FAOR,2026-08-30 11:00,68.00,33.80,28.12,M,5.00,0.00,30.33,M,6.21,M,M,M,M,M,M,M,M,M,M,M,M,M,M,M,M,68.00,FAOR 301100Z VRB05KT CAVOK 20/01 Q1027 NOSIG,M
FAOR,2026-08-30 11:30,69.80,33.80,26.44,M,5.00,0.00,30.30,M,6.21,M,M,M,M,M,M,M,M,M,M,M,M,M,M,M,M,69.80,FAOR 301130Z VRB05KT CAVOK 21/01 Q1026 NOSIG,M
FAOR,2026-08-30 12:00,69.80,33.80,26.44,330.00,5.00,0.00,30.30,M,6.21,M,M,M,M,M,M,M,M,M,M,M,M,M,M,M,M,69.80,FAOR 301200Z 33005KT 280V020 CAVOK 21/01 Q1026 NOSIG,M
FAOR,2026-08-30 12:30,71.60,33.80,24.87,260.00,5.00,0.00,30.30,M,6.21,M,M,M,M,M,M,M,M,M,M,M,M,M,M,M,M,71.60,FAOR 301230Z 26005KT 200V350 CAVOK 22/01 Q1026 NOSIG,M
FAOR,2026-08-30 13:00,69.80,32.00,24.60,M,5.00,0.00,30.27,M,6.21,M,M,M,M,M,M,M,M,M,M,M,M,M,M,M,M,69.80,FAOR 301300Z VRB05KT CAVOK 21/00 Q1025 NOSIG,M
FAOR,2026-08-30 13:30,71.60,33.80,24.87,M,4.00,0.00,30.27,M,6.21,M,M,M,M,M,M,M,M,M,M,M,M,M,M,M,M,71.60,FAOR 301330Z VRB04KT CAVOK 22/01 Q1025 NOSIG,M
FAOR,2026-08-30 14:00,69.80,32.00,24.60,M,4.00,0.00,30.27,M,6.21,M,M,M,M,M,M,M,M,M,M,M,M,M,M,M,M,69.80,FAOR 301400Z VRB04KT CAVOK 21/00 Q1025 NOSIG,M
FAOR,2026-08-30 14:30,69.80,32.00,24.60,340.00,7.00,0.00,30.27,M,6.21,M,M,M,M,M,M,M,M,M,M,M,M,M,M,M,M,69.80,FAOR 301430Z 34007KT 280V360 CAVOK 21/00 Q1025 NOSIG,M
FAOR,2026-08-30 15:00,68.00,32.00,26.16,340.00,6.00,0.00,30.27,M,6.21,M,M,M,M,M,M,M,M,M,M,M,M,M,M,M,M,68.00,FAOR 301500Z 34006KT 270V020 CAVOK 20/00 Q1025 NOSIG,M
FAOR,2026-08-30 15:30,68.00,32.00,26.16,330.00,5.00,0.00,30.30,M,6.21,M,M,M,M,M,M,M,M,M,M,M,M,M,M,M,M,68.00,FAOR 301530Z 33005KT CAVOK 20/00 Q1026 NOSIG,M
FAOR,2026-08-30 16:00,66.20,32.00,27.84,310.00,7.00,0.00,30.30,M,6.21,M,M,M,M,M,M,M,M,M,M,M,M,M,M,M,M,66.20,FAOR 301600Z 31007KT CAVOK 19/M00 Q1026 NOSIG,M
FAOR,2026-08-30 16:30,66.20,32.00,27.84,320.00,7.00,0.00,30.30,M,6.21,M,M,M,M,M,M,M,M,M,M,M,M,M,M,M,M,66.20,FAOR 301630Z 32007KT 220V340 CAVOK 19/00 Q1026 NOSIG,M
FAOR,2026-08-30 17:00,64.40,32.00,29.63,310.00,6.00,0.00,30.30,M,6.21,M,M,M,M,M,M,M,M,M,M,M,M,M,M,M,M,64.40,FAOR 301700Z 31006KT CAVOK 18/M00 Q1026 NOSIG,M
FAOR,2026-08-30 17:30,64.40,32.00,29.63,300.00,7.00,0.00,30.33,M,6.21,M,M,M,M,M,M,M,M,M,M,M,M,M,M,M,M,64.40,FAOR 301730Z 30007KT 230V320 CAVOK 18/00 Q1027 NOSIG,M
FAOR,2026-08-30 18:00,62.60,32.00,31.56,310.00,6.00,0.00,30.33,M,6.21,M,M,M,M,M,M,M,M,M,M,M,M,M,M,M,M,62.60,FAOR 301800Z 31006KT CAVOK 17/00 Q1027 NOSIG,M
FAOR,2026-08-30 18:30,60.80,32.00,33.64,310.00,5.00,0.00,30.33,M,6.21,M,M,M,M,M,M,M,M,M,M,M,M,M,M,M,M,60.80,FAOR 301830Z 31005KT CAVOK 16/M00 Q1027 NOSIG,M
FAOR,2026-08-30 19:00,62.60,32.00,31.56,300.00,6.00,0.00,30.33,M,6.21,M,M,M,M,M,M,M,M,M,M,M,M,M,M,M,M,62.60,FAOR 301900Z 30006KT 220V320 CAVOK 17/M00 Q1027 NOSIG,M
FAOR,2026-08-30 19:30,62.60,32.00,31.56,300.00,7.00,0.00,30.36,M,6.21,M,M,M,M,M,M,M,M,M,M,M,M,M,M,M,M,62.60,FAOR 301930Z 30007KT 240V310 CAVOK 17/M00 Q1028 NOSIG,M
FAOR,2026-08-30 20:00,60.80,32.00,33.64,300.00,6.00,0.00,30.36,M,6.21,M,M,M,M,M,M,M,M,M,M,M,M,M,M,M,M,60.80,FAOR 302000Z 30006KT 230V340 CAVOK 16/00 Q1028 NOSIG,M
FAOR,2026-08-30 20:30,60.80,32.00,33.64,310.00,6.00,0.00,30.36,M,6.21,M,M,M,M,M,M,M,M,M,M,M,M,M,M,M,M,60.80,FAOR 302030Z 31006KT CAVOK 16/M00 Q1028 NOSIG,M
FAOR,2026-08-30 21:00,60.80,32.00,33.64,290.00,6.00,0.00,30.36,M,6.21,M,M,M,M,M,M,M,M,M,M,M,M,M,M,M,M,60.80,FAOR 302100Z 29006KT 230V310 CAVOK 16/M00 Q1028 NOSIG,M
FAOR,2026-08-30 21:30,60.80,32.00,33.64,300.00,5.00,0.00,30.36,M,6.21,M,M,M,M,M,M,M,M,M,M,M,M,M,M,M,M,60.80,FAOR 302130Z 30005KT 250V310 CAVOK 16/00 Q1028 NOSIG,M
FAOR,2026-08-30 22:00,60.80,32.00,33.64,290.00,6.00,0.00,30.36,M,6.21,M,M,M,M,M,M,M,M,M,M,M,M,M,M,M,M,60.80,FAOR 302200Z 29006KT CAVOK 16/M00 Q1028 NOSIG,M
FAOR,2026-08-30 22:30,60.80,32.00,33.64,290.00,5.00,0.00,30.36,M,6.21,M,M,M,M,M,M,M,M,M,M,M,M,M,M,M,M,60.80,FAOR 302230Z 29005KT 240V310 CAVOK 16/00 Q1028 NOSIG,M
FAOR,2026-08-30 23:00,60.80,32.00,33.64,310.00,6.00,0.00,30.33,M,6.21,M,M,M,M,M,M,M,M,M,M,M,M,M,M,M,M,60.80,FAOR 302300Z 31006KT CAVOK 16/M00 Q1027 NOSIG,M
FAOR,2026-08-31 00:00,59.00,32.00,35.86,320.00,4.00,0.00,30.33,M,6.21,M,M,M,M,M,M,M,M,M,M,M,M,M,M,M,M,59.00,FAOR 310000Z 32004KT CAVOK 15/M00 Q1027 NOSIG,M
FAOR,2026-08-31 01:00,59.00,32.00,35.86,320.00,6.00,0.00,30.33,M,6.21,M,M,M,M,M,M,M,M,M,M,M,M,M,M,M,M,59.00,FAOR 310100Z 32006KT CAVOK 15/M00 Q1027 NOSIG,M
FAOR,2026-08-31 02:00,59.00,30.20,33.34,330.00,7.00,0.00,30.33,M,6.21,M,M,M,M,M,M,M,M,M,M,M,M,M,M,M,M,59.00,FAOR 310200Z 33007KT CAVOK 15/M01 Q1027 NOSIG,M
FAOR,2026-08-31 02:30,57.20,30.20,35.56,330.00,7.00,0.00,30.33,M,6.21,M,M,M,M,M,M,M,M,M,M,M,M,M,M,M,M,57.20,FAOR 310230Z 33007KT CAVOK 14/M01 Q1027 NOSIG,M
FAOR,2026-08-31 03:00,57.20,30.20,35.56,340.00,8.00,0.00,30.33,M,6.21,M,M,M,M,M,M,M,M,M,M,M,M,M,M,M,M,57.20,FAOR 310300Z 34008KT 260V360 CAVOK 14/M01 Q1027 NOSIG,M
FAOR,2026-08-31 04:00,53.60,30.20,40.53,30.00,6.00,0.00,30.33,M,6.21,M,M,M,M,M,M,M,M,M,M,M,M,M,M,M,M,53.60,FAOR 310400Z 03006KT CAVOK 12/M01 Q1027 NOSIG,M
FAOR,2026-08-31 04:30,55.40,32.00,40.83,10.00,9.00,0.00,30.33,M,6.21,M,M,M,M,M,M,M,M,M,M,M,M,M,M,M,M,55.40,FAOR 310430Z 01009KT CAVOK 13/M00 Q1027 NOSIG,M
FAOR,2026-08-31 05:00,51.80,32.00,46.58,10.00,6.00,0.00,30.36,M,6.21,M,M,M,M,M,M,M,M,M,M,M,M,M,M,M,M,51.80,FAOR 310500Z 01006KT CAVOK 11/M00 Q1028 NOSIG,M
FAOR,2026-08-31 05:30,55.40,33.80,43.89,20.00,6.00,0.00,30.36,M,6.21,M,M,M,M,M,M,M,M,M,M,M,M,M,M,M,M,55.40,FAOR 310530Z 02006KT CAVOK 13/01 Q1028 NOSIG,M
FAOR,2026-08-31 06:00,57.20,32.00,38.25,10.00,8.00,0.00,30.36,M,6.21,M,M,M,M,M,M,M,M,M,M,M,M,M,M,M,M,57.20,FAOR 310600Z 01008KT CAVOK 14/M00 Q1028 NOSIG,M
FAOR,2026-08-31 06:30,60.80,32.00,33.64,360.00,11.00,0.00,30.39,M,6.21,M,M,M,M,M,M,M,M,M,M,M,M,M,M,M,M,60.80,FAOR 310630Z 36011KT CAVOK 16/M00 Q1029 NOSIG,M
FAOR,2026-08-31 07:00,60.80,33.80,36.16,350.00,10.00,0.00,30.39,M,6.21,M,M,M,M,M,M,M,M,M,M,M,M,M,M,M,M,60.80,FAOR 310700Z 35010KT CAVOK 16/01 Q1029 NOSIG,M
FAOR,2026-08-31 07:30,64.40,33.80,31.86,350.00,8.00,0.00,30.39,M,6.21,M,M,M,M,M,M,M,M,M,M,M,M,M,M,M,M,64.40,FAOR 310730Z 35008KT CAVOK 18/01 Q1029 NOSIG,M
FAOR,2026-08-31 08:00,64.40,33.80,31.86,340.00,9.00,0.00,30.39,M,6.21,M,M,M,M,M,M,M,M,M,M,M,M,M,M,M,M,64.40,FAOR 310800Z 34009KT CAVOK 18/01 Q1029 NOSIG,M
FAOR,2026-08-31 08:30,66.20,35.60,32.15,330.00,9.00,0.00,30.39,M,6.21,M,M,M,M,M,M,M,M,M,M,M,M,M,M,M,M,66.20,FAOR 310830Z 33009KT 300V360 CAVOK 19/02 Q1029 NOSIG,M
FAOR,2026-08-31 09:00,68.00,35.60,30.21,300.00,11.00,0.00,30.39,M,6.21,M,M,M,M,M,M,M,M,M,M,M,M,M,M,M,M,68.00,FAOR 310900Z 30011KT CAVOK 20/02 Q1029 NOSIG,M
FAOR,2026-08-31 09:30,69.80,35.60,28.41,320.00,11.00,0.00,30.39,M,6.21,M,M,M,M,M,M,M,M,M,M,M,M,M,M,M,M,69.80,FAOR 310930Z 32011KT 260V350 CAVOK 21/02 Q1029 NOSIG,M
FAOR,2026-08-31 10:00,69.80,35.60,28.41,290.00,9.00,0.00,30.39,M,6.21,M,M,M,M,M,M,M,M,M,M,M,M,M,M,M,M,69.80,FAOR 311000Z 29009KT 260V320 CAVOK 21/02 Q1029 NOSIG,M
FAOR,2026-08-31 10:30,69.80,33.80,26.44,280.00,9.00,0.00,30.39,M,6.21,M,M,M,M,M,M,M,M,M,M,M,M,M,M,M,M,69.80,FAOR 311030Z 28009KT 230V310 CAVOK 21/01 Q1029 NOSIG,M
FAOR,2026-08-31 11:00,69.80,33.80,26.44,290.00,8.00,0.00,30.36,M,6.21,M,M,M,M,M,M,M,M,M,M,M,M,M,M,M,M,69.80,FAOR 311100Z 29008KT 240V330 CAVOK 21/01 Q1028 NOSIG,M
FAOR,2026-08-31 11:30,71.60,33.80,24.87,240.00,6.00,0.00,30.36,M,6.21,M,M,M,M,M,M,M,M,M,M,M,M,M,M,M,M,71.60,FAOR 311130Z 24006KT 170V300 CAVOK 22/01 Q1028 NOSIG,M
FAOR,2026-08-31 12:00,71.60,33.80,24.87,210.00,5.00,0.00,30.36,M,6.21,M,M,M,M,M,M,M,M,M,M,M,M,M,M,M,M,71.60,FAOR 311200Z 21005KT 130V300 CAVOK 22/01 Q1028 NOSIG,M
FAOR,2026-08-31 12:30,71.60,33.80,24.87,M,3.00,0.00,30.36,M,6.21,M,M,M,M,M,M,M,M,M,M,M,M,M,M,M,M,71.60,FAOR 311230Z VRB03KT CAVOK 22/01 Q1028 NOSIG,M
FAOR,2026-08-31 13:00,73.40,33.80,23.41,M,3.00,0.00,30.33,M,6.21,M,M,M,M,M,M,M,M,M,M,M,M,M,M,M,M,73.40,FAOR 311300Z VRB03KT CAVOK 23/01 Q1027 NOSIG,M
FAOR,2026-08-31 13:30,73.40,33.80,23.41,M,2.00,0.00,30.33,M,6.21,M,M,M,M,M,M,M,M,M,M,M,M,M,M,M,M,73.40,FAOR 311330Z VRB02KT CAVOK 23/01 Q1027 NOSIG,M
FAOR,2026-08-31 14:00,75.20,33.80,22.04,200.00,6.00,0.00,30.33,M,6.21,M,M,M,M,M,M,M,M,M,M,M,M,M,M,M,M,75.20,FAOR 311400Z 20006KT 160V230 CAVOK 24/01 Q1027 NOSIG,M
FAOR,2026-08-31 14:30,73.40,33.80,23.41,160.00,5.00,0.00,30.33,M,6.21,M,M,M,M,M,M,M,M,M,M,M,M,M,M,M,M,73.40,FAOR 311430Z 16005KT 130V220 CAVOK 23/01 Q1027 NOSIG,M
FAOR,2026-08-31 15:00,73.40,33.80,23.41,170.00,4.00,0.00,30.36,M,6.21,M,M,M,M,M,M,M,M,M,M,M,M,M,M,M,M,73.40,FAOR 311500Z 17004KT 140V200 CAVOK 23/01 Q1028 NOSIG,M
FAOR,2026-08-31 15:30,71.60,32.00,23.14,160.00,5.00,0.00,30.36,M,6.21,M,M,M,M,M,M,M,M,M,M,M,M,M,M,M,M,71.60,FAOR 311530Z 16005KT CAVOK 22/M00 Q1028 NOSIG,M
FAOR,2026-08-31 16:00,68.00,32.00,26.16,160.00,4.00,0.00,30.36,M,6.21,M,M,M,M,M,M,M,M,M,M,M,M,M,M,M,M,68.00,FAOR 311600Z 16004KT CAVOK 20/00 Q1028 NOSIG,M
FAOR,2026-08-31 16:30,66.20,35.60,32.15,170.00,7.00,0.00,30.36,M,6.21,M,M,M,M,M,M,M,M,M,M,M,M,M,M,M,M,66.20,FAOR 311630Z 17007KT 140V230 CAVOK 19/02 Q1028 NOSIG,M
FAOR,2026-08-31 17:00,64.40,35.60,34.23,160.00,5.00,0.00,30.36,M,6.21,M,M,M,M,M,M,M,M,M,M,M,M,M,M,M,M,64.40,FAOR 311700Z 16005KT 140V210 CAVOK 18/02 Q1028 NOSIG,M
FAOR,2026-08-31 17:30,66.20,35.60,32.15,150.00,5.00,0.00,30.39,M,6.21,16.00,M,M,M,M,M,M,M,M,M,M,M,M,M,M,M,66.20,FAOR 311730Z 15005G16KT 110V230 CAVOK 19/02 Q1029 NOSIG,M
FAOR,2026-08-31 18:00,66.20,35.60,32.15,M,3.00,0.00,30.39,M,6.21,16.00,M,M,M,M,M,M,M,M,M,M,M,M,M,M,M,66.20,FAOR 311800Z VRB03G16KT CAVOK 19/02 Q1029 NOSIG,M
FAOR,2026-08-31 18:30,64.40,35.60,34.23,M,3.00,0.00,30.39,M,6.21,13.00,M,M,M,M,M,M,M,M,M,M,M,M,M,M,M,64.40,FAOR 311830Z VRB03G13KT CAVOK 18/02 Q1029 NOSIG,M
FAOR,2026-08-31 19:00,60.80,35.60,38.85,M,3.00,0.00,30.42,M,6.21,M,M,M,M,M,M,M,M,M,M,M,M,M,M,M,M,60.80,FAOR 311900Z VRB03KT CAVOK 16/02 Q1030 NOSIG,M
FAOR,2026-08-31 19:30,59.00,37.40,44.47,100.00,5.00,0.00,30.42,M,6.21,M,M,M,M,M,M,M,M,M,M,M,M,M,M,M,M,59.00,FAOR 311930Z 10005KT CAVOK 15/03 Q1030 NOSIG,M
FAOR,2026-08-31 20:00,59.00,37.40,44.47,60.00,4.00,0.00,30.42,M,6.21,M,M,M,M,M,M,M,M,M,M,M,M,M,M,M,M,59.00,FAOR 312000Z 06004KT 020V090 CAVOK 15/03 Q1030 NOSIG,M
FAOR,2026-08-31 21:00,57.20,37.40,47.44,120.00,3.00,0.00,30.42,M,6.21,M,M,M,M,M,M,M,M,M,M,M,M,M,M,M,M,57.20,FAOR 312100Z 12003KT CAVOK 14/03 Q1030 NOSIG,M
FAOR,2026-08-31 22:00,55.40,37.40,50.63,140.00,5.00,0.00,30.42,M,6.21,M,M,M,M,M,M,M,M,M,M,M,M,M,M,M,M,55.40,FAOR 312200Z 14005KT CAVOK 13/03 Q1030 NOSIG,M
FAOR,2026-08-31 23:00,55.40,37.40,50.63,130.00,4.00,0.00,30.42,M,6.21,M,M,M,M,M,M,M,M,M,M,M,M,M,M,M,M,55.40,FAOR 312300Z 13004KT CAVOK 13/03 Q1030 NOSIG,M
FAOR,2026-09-01 00:00,55.40,37.40,50.63,130.00,6.00,0.00,30.39,M,6.21,M,M,M,M,M,M,M,M,M,M,M,M,M,M,M,M,55.40,FAOR 010000Z 13006KT CAVOK 13/03 Q1029 NOSIG,M
FAOR,2026-09-01 01:00,55.40,37.40,50.63,130.00,1.00,0.00,30.39,M,6.21,M,M,M,M,M,M,M,M,M,M,M,M,M,M,M,M,55.40,FAOR 010100Z 13001KT CAVOK 13/03 Q1029 NOSIG,M
FAOR,2026-09-01 02:00,53.60,37.40,54.07,M,2.00,0.00,30.39,M,6.21,M,M,M,M,M,M,M,M,M,M,M,M,M,M,M,M,53.60,FAOR 010200Z VRB02KT CAVOK 12/03 Q1029 NOSIG,M
FAOR,2026-09-01 03:00,55.40,37.40,50.63,30.00,2.00,0.00,30.39,M,6.21,M,M,M,M,M,M,M,M,M,M,M,M,M,M,M,M,55.40,FAOR 010300Z 03002KT CAVOK 13/03 Q1029 NOSIG,M
FAOR,2026-09-01 03:30,55.40,35.60,47.15,M,2.00,0.00,30.39,M,6.21,M,M,M,M,M,M,M,M,M,M,M,M,M,M,M,M,55.40,FAOR 010330Z VRB02KT CAVOK 13/02 Q1029 NOSIG,M
FAOR,2026-09-01 04:00,55.40,37.40,50.63,50.00,2.00,0.00,30.39,M,6.21,M,M,M,M,M,M,M,M,M,M,M,M,M,M,M,M,55.40,FAOR 010400Z 05002KT CAVOK 13/03 Q1029 NOSIG,M
FAOR,2026-09-01 04:30,55.40,37.40,50.63,40.00,4.00,0.00,30.42,M,6.21,M,M,M,M,M,M,M,M,M,M,M,M,M,M,M,M,55.40,FAOR 010430Z 04004KT 010V080 CAVOK 13/03 Q1030 NOSIG,M
FAOR,2026-09-01 05:00,55.40,37.40,50.63,40.00,5.00,0.00,30.42,M,6.21,M,M,M,M,M,M,M,M,M,M,M,M,M,M,M,M,55.40,FAOR 010500Z 04005KT CAVOK 13/03 Q1030 NOSIG,M
FAOR,2026-09-01 05:30,59.00,37.40,44.47,20.00,3.00,0.00,30.42,M,6.21,M,M,M,M,M,M,M,M,M,M,M,M,M,M,M,M,59.00,FAOR 010530Z 02003KT CAVOK 15/03 Q1030 NOSIG,M
FAOR,2026-09-01 06:00,60.80,39.20,44.76,10.00,5.00,0.00,30.45,M,6.21,M,M,M,M,M,M,M,M,M,M,M,M,M,M,M,M,60.80,FAOR 010600Z 01005KT CAVOK 16/04 Q1031 NOSIG,M
FAOR,2026-09-01 06:30,64.40,39.20,39.44,360.00,8.00,0.00,30.45,M,6.21,M,M,M,M,M,M,M,M,M,M,M,M,M,M,M,M,64.40,FAOR 010630Z 36008KT CAVOK 18/04 Q1031 NOSIG,M
FAOR,2026-09-01 07:00,66.20,39.20,37.04,350.00,7.00,0.00,30.45,M,6.21,M,M,M,M,M,M,M,M,M,M,M,M,M,M,M,M,66.20,FAOR 010700Z 35007KT CAVOK 19/04 Q1031 NOSIG,M
FAOR,2026-09-01 07:30,68.00,39.20,34.81,360.00,7.00,0.00,30.45,M,6.21,M,M,M,M,M,M,M,M,M,M,M,M,M,M,M,M,68.00,FAOR 010730Z 36007KT 330V030 CAVOK 20/04 Q1031 NOSIG,M
FAOR,2026-09-01 08:00,68.00,41.00,37.34,350.00,7.00,0.00,30.45,M,6.21,M,M,M,M,M,M,M,M,M,M,M,M,M,M,M,M,68.00,FAOR 010800Z 35007KT 320V030 CAVOK 20/05 Q1031 NOSIG,M
FAOR,2026-09-01 08:30,71.60,41.00,33.02,360.00,9.00,0.00,30.45,M,6.21,M,M,M,M,M,M,M,M,M,M,M,M,M,M,M,M,71.60,FAOR 010830Z 36009KT 310V040 CAVOK 22/05 Q1031 NOSIG,M
FAOR,2026-09-01 09:00,71.60,41.00,33.02,360.00,8.00,0.00,30.45,M,6.21,M,M,M,M,M,M,M,M,M,M,M,M,M,M,M,M,71.60,FAOR 010900Z 36008KT CAVOK 22/05 Q1031 NOSIG,M
FAOR,2026-09-01 09:30,73.40,39.20,28.98,360.00,8.00,0.00,30.45,M,6.21,M,M,M,M,M,M,M,M,M,M,M,M,M,M,M,M,73.40,FAOR 010930Z 36008KT 310V050 CAVOK 23/04 Q1031 NOSIG,M
FAOR,2026-09-01 10:00,75.20,37.40,25.43,360.00,9.00,0.00,30.42,M,6.21,M,M,M,M,M,M,M,M,M,M,M,M,M,M,M,M,75.20,FAOR 011000Z 36009KT 320V040 CAVOK 24/03 Q1030 NOSIG,M
FAOR,2026-09-01 10:30,75.20,37.40,25.43,360.00,10.00,0.00,30.42,M,6.21,M,M,M,M,M,M,M,M,M,M,M,M,M,M,M,M,75.20,FAOR 011030Z 36010KT 330V030 CAVOK 24/03 Q1030 NOSIG,M
FAOR,2026-09-01 11:00,75.20,35.60,23.68,10.00,11.00,0.00,30.39,M,6.21,M,M,M,M,M,M,M,M,M,M,M,M,M,M,M,M,75.20,FAOR 011100Z 01011KT 330V050 CAVOK 24/02 Q1029 NOSIG,M
FAOR,2026-09-01 11:30,77.00,35.60,22.31,10.00,10.00,0.00,30.39,M,6.21,M,M,M,M,M,M,M,M,M,M,M,M,M,M,M,M,77.00,FAOR 011130Z 01010KT 320V040 CAVOK 25/02 Q1029 NOSIG,M
FAOR,2026-09-01 12:00,75.20,33.80,22.04,320.00,10.00,0.00,30.36,M,6.21,M,M,M,M,M,M,M,M,M,M,M,M,M,M,M,M,75.20,FAOR 011200Z 32010KT 290V360 CAVOK 24/01 Q1028 NOSIG,M
FAOR,2026-09-01 12:30,75.20,32.00,20.50,330.00,11.00,0.00,30.36,M,6.21,M,M,M,M,M,M,M,M,M,M,M,M,M,M,M,M,75.20,FAOR 011230Z 33011KT 280V020 CAVOK 24/00 Q1028 NOSIG,M
FAOR,2026-09-01 13:00,75.20,33.80,22.04,330.00,6.00,0.00,30.33,M,6.21,M,M,M,M,M,M,M,M,M,M,M,M,M,M,M,M,75.20,FAOR 011300Z 33006KT 280V020 CAVOK 24/01 Q1027 NOSIG,M
FAOR,2026-09-01 13:30,77.00,33.80,20.76,360.00,11.00,0.00,30.33,M,6.21,M,M,M,M,M,M,M,M,M,M,M,M,M,M,M,M,77.00,FAOR 011330Z 36011KT CAVOK 25/01 Q1027 NOSIG,M
FAOR,2026-09-01 14:00,75.20,35.60,23.68,330.00,11.00,0.00,30.33,M,6.21,M,M,M,M,M,M,M,M,M,M,M,M,M,M,M,M,75.20,FAOR 011400Z 33011KT CAVOK 24/02 Q1027 NOSIG,M
FAOR,2026-09-01 14:30,75.20,37.40,25.43,350.00,8.00,0.00,30.33,M,6.21,M,M,M,M,M,M,M,M,M,M,M,M,M,M,M,M,75.20,FAOR 011430Z 35008KT 310V020 CAVOK 24/03 Q1027 NOSIG,M
FAOR,2026-09-01 15:00,73.40,35.60,25.15,350.00,9.00,0.00,30.36,M,6.21,M,M,M,M,M,M,M,M,M,M,M,M,M,M,M,M,73.40,FAOR 011500Z 35009KT 290V020 CAVOK 23/02 Q1028 NOSIG,M
FAOR,2026-09-01 15:30,73.40,35.60,25.15,360.00,12.00,0.00,30.36,M,6.21,M,M,M,M,M,M,M,M,M,M,M,M,M,M,M,M,73.40,FAOR 011530Z 36012KT CAVOK 23/02 Q1028 NOSIG,M
FAOR,2026-09-01 16:00,71.60,35.60,26.72,360.00,10.00,0.00,30.36,M,6.21,M,M,M,M,M,M,M,M,M,M,M,M,M,M,M,M,71.60,FAOR 011600Z 36010KT CAVOK 22/02 Q1028 NOSIG,M
FAOR,2026-09-01 16:30,68.00,37.40,32.44,10.00,8.00,0.00,30.36,M,6.21,M,M,M,M,M,M,M,M,M,M,M,M,M,M,M,M,68.00,FAOR 011630Z 01008KT CAVOK 20/03 Q1028 NOSIG,M
FAOR,2026-09-01 17:00,66.20,37.40,34.52,10.00,8.00,0.00,30.36,M,6.21,M,M,M,M,M,M,M,M,M,M,M,M,M,M,M,M,66.20,FAOR 011700Z 01008KT CAVOK 19/03 Q1028 NOSIG,M
FAOR,2026-09-01 17:30,66.20,39.20,37.04,30.00,7.00,0.00,30.39,M,6.21,M,M,M,M,M,M,M,M,M,M,M,M,M,M,M,M,66.20,FAOR 011730Z 03007KT CAVOK 19/04 Q1029 NOSIG,M
FAOR,2026-09-01 18:00,64.40,37.40,36.75,30.00,4.00,0.00,30.39,M,6.21,M,M,M,M,M,M,M,M,M,M,M,M,M,M,M,M,64.40,FAOR 011800Z 03004KT CAVOK 18/03 Q1029 NOSIG,M
FAOR,2026-09-01 18:30,62.60,37.40,39.14,20.00,6.00,0.00,30.39,M,6.21,M,M,M,M,M,M,M,M,M,M,M,M,M,M,M,M,62.60,FAOR 011830Z 02006KT CAVOK 17/03 Q1029 NOSIG,M
FAOR,2026-09-01 19:00,62.60,35.60,36.45,30.00,4.00,0.00,30.42,M,6.21,M,M,M,M,M,M,M,M,M,M,M,M,M,M,M,M,62.60,FAOR 011900Z 03004KT 010V070 CAVOK 17/02 Q1030 NOSIG,M
FAOR,2026-09-01 19:30,64.40,35.60,34.23,10.00,4.00,0.00,30.42,M,6.21,M,M,M,M,M,M,M,M,M,M,M,M,M,M,M,M,64.40,FAOR 011930Z 01004KT CAVOK 18/02 Q1030 NOSIG,M
FAOR,2026-09-01 20:00,60.80,35.60,38.85,10.00,7.00,0.00,30.42,M,6.21,M,M,M,M,M,M,M,M,M,M,M,M,M,M,M,M,60.80,FAOR 012000Z 01007KT CAVOK 16/02 Q1030 NOSIG,M
FAOR,2026-09-01 20:30,62.60,37.40,39.14,360.00,7.00,0.00,30.42,M,6.21,M,M,M,M,M,M,M,M,M,M,M,M,M,M,M,M,62.60,FAOR 012030Z 36007KT CAVOK 17/03 Q1030 NOSIG,M
FAOR,2026-09-01 21:00,60.80,37.40,41.71,360.00,7.00,0.00,30.42,M,6.21,M,M,M,M,M,M,M,M,M,M,M,M,M,M,M,M,60.80,FAOR 012100Z 36007KT CAVOK 16/03 Q1030 NOSIG,M
FAOR,2026-09-01 22:00,59.00,41.00,51.18,360.00,7.00,0.00,30.42,M,6.21,M,M,M,M,M,M,M,M,M,M,M,M,M,M,M,M,59.00,FAOR 012200Z 36007KT CAVOK 15/05 Q1030 NOSIG,M
FAOR,2026-09-01 23:00,57.20,42.80,58.52,360.00,7.00,0.00,30.42,M,6.21,M,M,M,M,M,M,M,M,M,M,M,M,M,M,M,M,57.20,FAOR 012300Z 36007KT CAVOK 14/06 Q1030 NOSIG,M
FAOR,2026-09-02 00:00,57.20,46.40,67.13,360.00,6.00,0.00,30.39,M,6.21,M,M,M,M,M,M,M,M,M,M,M,M,M,M,M,M,57.20,FAOR 020000Z 36006KT CAVOK 14/08 Q1029 NOSIG,M
FAOR,2026-09-02 02:00,57.20,46.40,67.13,330.00,6.00,0.00,30.39,M,6.21,M,M,M,M,M,M,M,M,M,M,M,M,M,M,M,M,57.20,FAOR 020200Z 33006KT CAVOK 14/08 Q1029 NOSIG,M
FAOR,2026-09-02 02:30,57.20,48.20,71.84,310.00,5.00,0.00,30.39,M,6.21,M,M,M,M,M,M,M,M,M,M,M,M,M,M,M,M,57.20,FAOR 020230Z 31005KT CAVOK 14/09 Q1029 NOSIG,M
FAOR,2026-09-02 03:00,57.20,46.40,67.13,300.00,4.00,0.00,30.39,M,6.21,M,M,M,M,M,M,M,M,M,M,M,M,M,M,M,M,57.20,FAOR 020300Z 30004KT CAVOK 14/08 Q1029 NOSIG,M
FAOR,2026-09-02 03:30,57.20,48.20,71.84,320.00,5.00,0.00,30.39,M,6.21,M,M,M,M,M,M,M,M,M,M,M,M,M,M,M,M,57.20,FAOR 020330Z 32005KT 290V350 CAVOK 14/09 Q1029 NOSIG,M
FAOR,2026-09-02 04:00,57.20,46.40,67.13,320.00,5.00,0.00,30.39,M,6.21,M,M,M,M,M,M,M,M,M,M,M,M,M,M,M,M,57.20,FAOR 020400Z 32005KT 210V360 CAVOK 14/08 Q1029 NOSIG,M
FAOR,2026-09-02 04:30,57.20,48.20,71.84,330.00,6.00,0.00,30.42,M,6.21,M,M,M,M,M,M,M,M,M,M,M,M,M,M,M,M,57.20,FAOR 020430Z 33006KT 300V360 CAVOK 14/09 Q1030 NOSIG,M
FAOR,2026-09-02 05:00,59.00,46.40,62.93,340.00,6.00,0.00,30.42,M,6.21,M,M,M,M,M,M,M,M,M,M,M,M,M,M,M,M,59.00,FAOR 020500Z 34006KT CAVOK 15/08 Q1030 NOSIG,M
FAOR,2026-09-02 05:30,60.80,46.40,59.02,340.00,6.00,0.00,30.42,M,6.21,M,M,M,M,M,M,M,M,M,M,M,M,M,M,M,M,60.80,FAOR 020530Z 34006KT 300V360 CAVOK 16/08 Q1030 NOSIG,M
FAOR,2026-09-02 06:00,62.60,46.40,55.39,350.00,4.00,0.00,30.42,M,6.21,M,M,M,M,M,M,M,M,M,M,M,M,M,M,M,M,62.60,FAOR 020600Z 35004KT 310V010 CAVOK 17/08 Q1030 NOSIG,M
FAOR,2026-09-02 06:30,66.20,46.40,48.85,10.00,5.00,0.00,30.42,M,6.21,M,M,M,M,M,M,M,M,M,M,M,M,M,M,M,M,66.20,FAOR 020630Z 01005KT 330V030 CAVOK 19/08 Q1030 NOSIG,M
FAOR,2026-09-02 07:00,68.00,44.60,42.87,340.00,5.00,0.00,30.42,M,6.21,M,M,M,M,M,M,M,M,M,M,M,M,M,M,M,M,68.00,FAOR 020700Z 34005KT 300V010 CAVOK 20/07 Q1030 NOSIG,M
FAOR,2026-09-02 07:30,68.00,44.60,42.87,330.00,4.00,0.00,30.42,M,6.21,M,M,M,M,M,M,M,M,M,M,M,M,M,M,M,M,68.00,FAOR 020730Z 33004KT 280V030 CAVOK 20/07 Q1030 NOSIG,M
FAOR,2026-09-02 08:00,71.60,46.40,40.60,360.00,5.00,0.00,30.42,M,6.21,M,M,M,M,M,M,M,M,M,M,M,M,M,M,M,M,71.60,FAOR 020800Z 36005KT 320V080 CAVOK 22/08 Q1030 NOSIG,M
FAOR,2026-09-02 08:30,73.40,41.00,31.08,M,5.00,0.00,30.42,M,6.21,M,M,M,M,M,M,M,M,M,M,M,M,M,M,M,M,73.40,FAOR 020830Z VRB05KT CAVOK 23/05 Q1030 NOSIG,M
FAOR,2026-09-02 09:00,75.20,42.80,31.37,40.00,8.00,0.00,30.42,M,6.21,M,M,M,M,M,M,M,M,M,M,M,M,M,M,M,M,75.20,FAOR 020900Z 04008KT 010V080 CAVOK 24/06 Q1030 NOSIG,M
FAOR,2026-09-02 09:30,77.00,37.40,23.95,20.00,10.00,0.00,30.39,M,6.21,M,M,M,M,M,M,M,M,M,M,M,M,M,M,M,M,77.00,FAOR 020930Z 02010KT 340V060 CAVOK 25/03 Q1029 NOSIG,M
FAOR,2026-09-02 10:00,77.00,37.40,23.95,20.00,10.00,0.00,30.39,M,6.21,M,M,M,M,M,M,M,M,M,M,M,M,M,M,M,M,77.00,FAOR 021000Z 02010KT 330V060 CAVOK 25/03 Q1029 NOSIG,M
FAOR,2026-09-02 10:30,77.00,33.80,20.76,360.00,10.00,0.00,30.36,M,6.21,M,M,M,M,M,M,M,M,M,M,M,M,M,M,M,M,77.00,FAOR 021030Z 36010KT CAVOK 25/01 Q1028 NOSIG,M
FAOR,2026-09-02 11:00,78.80,30.20,16.92,10.00,15.00,0.00,30.36,M,6.21,M,M,M,M,M,M,M,M,M,M,M,M,M,M,M,M,78.80,FAOR 021100Z 01015KT 340V040 CAVOK 26/M01 Q1028 NOSIG,M
FAOR,2026-09-02 11:30,78.80,28.40,15.72,360.00,16.00,0.00,30.33,M,6.21,M,M,M,M,M,M,M,M,M,M,M,M,M,M,M,M,78.80,FAOR 021130Z 36016KT CAVOK 26/M02 Q1027 NOSIG,M
FAOR,2026-09-02 12:00,78.80,33.80,19.57,360.00,14.00,0.00,30.30,M,6.21,M,M,M,M,M,M,M,M,M,M,M,M,M,M,M,M,78.80,FAOR 021200Z 36014KT 330V030 CAVOK 26/01 Q1026 NOSIG,M
FAOR,2026-09-02 12:30,78.80,33.80,19.57,350.00,15.00,0.00,30.30,M,6.21,M,M,M,M,M,M,M,M,M,M,M,M,M,M,M,M,78.80,FAOR 021230Z 35015KT CAVOK 26/01 Q1026 NOSIG,M
FAOR,2026-09-02 13:00,77.00,32.00,19.31,350.00,16.00,0.00,30.30,M,6.21,M,M,M,M,M,M,M,M,M,M,M,M,M,M,M,M,77.00,FAOR 021300Z 35016KT 310V010 CAVOK 25/M00 Q1026 NOSIG,M
FAOR,2026-09-02 13:30,78.80,30.20,16.92,10.00,18.00,0.00,30.27,M,6.21,M,M,M,M,M,M,M,M,M,M,M,M,M,M,M,M,78.80,FAOR 021330Z 01018KT CAVOK 26/M01 Q1025 NOSIG,M
FAOR,2026-09-02 14:00,78.80,26.60,14.60,360.00,17.00,0.00,30.27,M,6.21,M,M,M,M,M,M,M,M,M,M,M,M,M,M,M,M,78.80,FAOR 021400Z 36017KT 340V040 CAVOK 26/M03 Q1025 NOSIG,M
FAOR,2026-09-02 14:30,77.00,28.40,16.68,10.00,17.00,0.00,30.27,M,6.21,M,M,M,M,M,M,M,M,M,M,M,M,M,M,M,M,77.00,FAOR 021430Z 01017KT CAVOK 25/M02 Q1025 NOSIG,M
FAOR,2026-09-02 15:00,75.20,30.20,19.06,10.00,16.00,0.00,30.27,M,6.21,M,M,M,M,M,M,M,M,M,M,M,M,M,M,M,M,75.20,FAOR 021500Z 01016KT CAVOK 24/M01 Q1025 NOSIG,M
FAOR,2026-09-02 15:30,73.40,32.00,21.77,10.00,16.00,0.00,30.30,M,6.21,M,M,M,M,M,M,M,M,M,M,M,M,M,M,M,M,73.40,FAOR 021530Z 01016KT CAVOK 23/M00 Q1026 NOSIG,M
FAOR,2026-09-02 16:00,71.60,33.80,24.87,360.00,12.00,0.00,30.30,M,6.21,M,M,M,M,M,M,M,M,M,M,M,M,M,M,M,M,71.60,FAOR 021600Z 36012KT CAVOK 22/01 Q1026 NOSIG,M
FAOR,2026-09-02 16:30,69.80,33.80,26.44,10.00,10.00,0.00,30.30,M,6.21,M,M,M,M,M,M,M,M,M,M,M,M,M,M,M,M,69.80,FAOR 021630Z 01010KT CAVOK 21/01 Q1026 NOSIG,M
FAOR,2026-09-02 17:00,66.20,33.80,29.92,30.00,7.00,0.00,30.30,M,6.21,M,M,M,M,M,M,M,M,M,M,M,M,M,M,M,M,66.20,FAOR 021700Z 03007KT CAVOK 19/01 Q1026 NOSIG,M
FAOR,2026-09-02 17:30,68.00,35.60,30.21,40.00,7.00,0.00,30.30,M,6.21,M,M,M,M,M,M,M,M,M,M,M,M,M,M,M,M,68.00,FAOR 021730Z 04007KT CAVOK 20/02 Q1026 NOSIG,M
FAOR,2026-09-02 18:00,66.20,35.60,32.15,30.00,7.00,0.00,30.33,M,6.21,M,M,M,M,M,M,M,M,M,M,M,M,M,M,M,M,66.20,FAOR 021800Z 03007KT CAVOK 19/02 Q1027 NOSIG,M
FAOR,2026-09-02 18:30,62.60,37.40,39.14,20.00,9.00,0.00,30.33,M,6.21,M,M,M,M,M,M,M,M,M,M,M,M,M,M,M,M,62.60,FAOR 021830Z 02009KT CAVOK 17/03 Q1027 NOSIG,M
FAOR,2026-09-02 19:00,60.80,37.40,41.71,20.00,8.00,0.00,30.33,M,6.21,M,M,M,M,M,M,M,M,M,M,M,M,M,M,M,M,60.80,FAOR 021900Z 02008KT CAVOK 16/03 Q1027 NOSIG,M
FAOR,2026-09-02 19:30,62.60,39.20,42.00,10.00,10.00,0.00,30.33,M,6.21,M,M,M,M,M,M,M,M,M,M,M,M,M,M,M,M,62.60,FAOR 021930Z 01010KT CAVOK 17/04 Q1027 NOSIG,M
FAOR,2026-09-02 20:00,62.60,39.20,42.00,10.00,14.00,0.00,30.33,M,6.21,M,M,M,M,M,M,M,M,M,M,M,M,M,M,M,M,62.60,FAOR 022000Z 01014KT CAVOK 17/04 Q1027 NOSIG,M
FAOR,2026-09-02 20:30,60.80,39.20,44.76,10.00,13.00,0.00,30.33,M,6.21,M,M,M,M,M,M,M,M,M,M,M,M,M,M,M,M,60.80,FAOR 022030Z 01013KT CAVOK 16/04 Q1027 NOSIG,M
FAOR,2026-09-02 21:00,62.60,39.20,42.00,360.00,13.00,0.00,30.33,M,6.21,M,M,M,M,M,M,M,M,M,M,M,M,M,M,M,M,62.60,FAOR 022100Z 36013KT CAVOK 17/04 Q1027 NOSIG,M
FAOR,2026-09-02 21:30,62.60,41.00,45.05,360.00,12.00,0.00,30.33,M,6.21,M,M,M,M,M,M,M,M,M,M,M,M,M,M,M,M,62.60,FAOR 022130Z 36012KT CAVOK 17/05 Q1027 NOSIG,M
FAOR,2026-09-02 22:00,62.60,41.00,45.05,360.00,14.00,0.00,30.33,M,6.21,M,M,M,M,M,M,M,M,M,M,M,M,M,M,M,M,62.60,FAOR 022200Z 36014KT CAVOK 17/05 Q1027 NOSIG,M
FAOR,2026-09-02 23:00,59.00,41.00,51.18,350.00,12.00,0.00,30.30,M,6.21,M,M,M,M,M,M,M,M,M,M,M,M,M,M,M,M,59.00,FAOR 022300Z 35012KT CAVOK 15/05 Q1026 NOSIG,M
FAOR,2026-09-03 00:00,59.00,41.00,51.18,360.00,11.00,0.00,30.27,M,6.21,M,M,M,M,M,M,M,M,M,M,M,M,M,M,M,M,59.00,FAOR 030000Z 36011KT CAVOK 15/05 Q1025 NOSIG,M
FAOR,2026-09-03 02:00,57.20,39.20,50.91,350.00,14.00,0.00,30.24,M,6.21,M,M,M,M,M,M,M,M,M,M,M,M,M,M,M,M,57.20,FAOR 030200Z 35014KT CAVOK 14/04 Q1024 NOSIG,M
FAOR,2026-09-03 02:30,57.20,39.20,50.91,350.00,13.00,0.00,30.24,M,6.21,M,M,M,M,M,M,M,M,M,M,M,M,M,M,M,M,57.20,FAOR 030230Z 35013KT CAVOK 14/04 Q1024 NOSIG,M
FAOR,2026-09-03 03:00,57.20,39.20,50.91,350.00,14.00,0.00,30.24,M,6.21,M,M,M,M,M,M,M,M,M,M,M,M,M,M,M,M,57.20,FAOR 030300Z 35014KT CAVOK 14/04 Q1024 NOSIG,M
FAOR,2026-09-03 03:30,55.40,37.40,50.63,350.00,13.00,0.00,30.24,M,6.21,M,M,M,M,M,M,M,M,M,M,M,M,M,M,M,M,55.40,FAOR 030330Z 35013KT CAVOK 13/03 Q1024 NOSIG,M
FAOR,2026-09-03 04:00,55.40,37.40,50.63,350.00,13.00,0.00,30.24,M,6.21,M,M,M,M,M,M,M,M,M,M,M,M,M,M,M,M,55.40,FAOR 030400Z 35013KT CAVOK 13/03 Q1024 NOSIG,M
FAOR,2026-09-03 04:30,55.40,37.40,50.63,350.00,12.00,0.00,30.24,M,6.21,M,M,M,M,M,M,M,M,M,M,M,M,M,M,M,M,55.40,FAOR 030430Z 35012KT CAVOK 13/03 Q1024 NOSIG,M
FAOR,2026-09-03 05:00,57.20,37.40,47.44,350.00,12.00,0.00,30.24,M,6.21,M,M,M,M,M,M,M,M,M,M,M,M,M,M,M,M,57.20,FAOR 030500Z 35012KT CAVOK 14/03 Q1024 NOSIG,M
FAOR,2026-09-03 05:30,57.20,37.40,47.44,350.00,14.00,0.00,30.24,M,6.21,M,M,M,M,M,M,M,M,M,M,M,M,M,M,M,M,57.20,FAOR 030530Z 35014KT CAVOK 14/03 Q1024 NOSIG,M
FAOR,2026-09-03 06:00,59.00,39.20,47.72,360.00,14.00,0.00,30.24,M,6.21,M,M,M,M,M,M,M,M,M,M,M,M,M,M,M,M,59.00,FAOR 030600Z 36014KT CAVOK 15/04 Q1024 NOSIG,M
FAOR,2026-09-03 06:30,60.80,39.20,44.76,360.00,13.00,0.00,30.24,M,6.21,M,M,M,M,M,M,M,M,M,M,M,M,M,M,M,M,60.80,FAOR 030630Z 36013KT CAVOK 16/04 Q1024 NOSIG,M
FAOR,2026-09-03 07:00,62.60,41.00,45.05,360.00,12.00,0.00,30.24,M,6.21,M,M,M,M,M,M,M,M,M,M,M,M,M,M,M,M,62.60,FAOR 030700Z 36012KT CAVOK 17/05 Q1024 NOSIG,M
FAOR,2026-09-03 07:30,64.40,39.20,39.44,350.00,15.00,0.00,30.24,M,6.21,M,M,M,M,M,M,M,M,M,M,M,M,M,M,M,M,64.40,FAOR 030730Z 35015KT CAVOK 18/04 Q1024 NOSIG,M
FAOR,2026-09-03 08:00,66.20,37.40,34.52,350.00,15.00,0.00,30.21,M,6.21,M,M,M,M,M,M,M,M,M,M,M,M,M,M,M,M,66.20,FAOR 030800Z 35015KT CAVOK 19/03 Q1023 NOSIG,M
FAOR,2026-09-03 08:30,69.80,35.60,28.41,360.00,17.00,0.00,30.21,M,6.21,M,M,M,M,M,M,M,M,M,M,M,M,M,M,M,M,69.80,FAOR 030830Z 36017KT CAVOK 21/02 Q1023 NOSIG,M
FAOR,2026-09-03 09:00,69.80,35.60,28.41,350.00,21.00,0.00,30.18,M,6.21,M,M,M,M,M,M,M,M,M,M,M,M,M,M,M,M,69.80,FAOR 030900Z 35021KT CAVOK 21/02 Q1022 NOSIG,M
FAOR,2026-09-03 09:30,71.60,35.60,26.72,350.00,17.00,0.00,30.18,M,6.21,M,M,M,M,M,M,M,M,M,M,M,M,M,M,M,M,71.60,FAOR 030930Z 35017KT CAVOK 22/02 Q1022 NOSIG,M
FAOR,2026-09-03 10:00,71.60,35.60,26.72,340.00,15.00,0.00,30.18,M,6.21,M,M,M,M,M,M,M,M,M,M,M,M,M,M,M,M,71.60,FAOR 031000Z 34015KT CAVOK 22/02 Q1022 NOSIG,M
FAOR,2026-09-03 11:00,73.40,35.60,25.15,360.00,16.00,0.00,30.12,M,6.21,M,M,M,M,M,M,M,M,M,M,M,M,M,M,M,M,73.40,FAOR 031100Z 36016KT CAVOK 23/02 Q1020 NOSIG,M
FAOR,2026-09-03 11:30,75.20,35.60,23.68,350.00,15.00,0.00,30.12,M,6.21,M,M,M,M,M,M,M,M,M,M,M,M,M,M,M,M,75.20,FAOR 031130Z 35015KT CAVOK 24/02 Q1020 NOSIG,M
FAOR,2026-09-03 12:00,75.20,37.40,25.43,360.00,16.00,0.00,30.09,M,6.21,M,M,M,M,M,M,M,M,M,M,M,M,M,M,M,M,75.20,FAOR 031200Z 36016KT 330V030 CAVOK 24/03 Q1019 NOSIG,M
FAOR,2026-09-03 12:30,75.20,37.40,25.43,350.00,14.00,0.00,30.09,M,6.21,24.00,M,M,M,M,M,M,M,M,M,M,M,M,M,M,M,75.20,FAOR 031230Z 35014G24KT CAVOK 24/03 Q1019 NOSIG,M
FAOR,2026-09-03 13:00,75.20,37.40,25.43,320.00,14.00,0.00,30.06,M,6.21,M,M,M,M,M,M,M,M,M,M,M,M,M,M,M,M,75.20,FAOR 031300Z 32014KT 280V360 CAVOK 24/03 Q1018 NOSIG,M
FAOR,2026-09-03 13:30,75.20,37.40,25.43,330.00,11.00,0.00,30.06,M,6.21,24.00,M,M,M,M,M,M,M,M,M,M,M,M,M,M,M,75.20,FAOR 031330Z 33011G24KT 310V010 CAVOK 24/03 Q1018 NOSIG,M
FAOR,2026-09-03 14:00,75.20,35.60,23.68,340.00,14.00,0.00,30.06,M,6.21,M,M,M,M,M,M,M,M,M,M,M,M,M,M,M,M,75.20,FAOR 031400Z 34014KT 300V360 CAVOK 24/02 Q1018 NOSIG,M
FAOR,2026-09-03 14:30,75.20,35.60,23.68,330.00,12.00,0.00,30.06,M,6.21,M,M,M,M,M,M,M,M,M,M,M,M,M,M,M,M,75.20,FAOR 031430Z 33012KT CAVOK 24/02 Q1018 NOSIG,M
FAOR,2026-09-03 15:00,75.20,35.60,23.68,340.00,12.00,0.00,30.06,M,6.21,M,M,M,M,M,M,M,M,M,M,M,M,M,M,M,M,75.20,FAOR 031500Z 34012KT 300V010 CAVOK 24/02 Q1018 NOSIG,M
FAOR,2026-09-03 15:30,73.40,35.60,25.15,310.00,10.00,0.00,30.06,M,6.21,M,M,M,M,M,M,M,M,M,M,M,M,M,M,M,M,73.40,FAOR 031530Z 31010KT 280V340 CAVOK 23/02 Q1018 NOSIG,M
FAOR,2026-09-03 16:00,71.60,37.40,28.69,310.00,9.00,0.00,30.06,M,6.21,M,M,M,M,M,M,M,M,M,M,M,M,M,M,M,M,71.60,FAOR 031600Z 31009KT CAVOK 22/03 Q1018 NOSIG,M
FAOR,2026-09-03 16:30,73.40,37.40,27.00,270.00,6.00,0.00,30.06,M,6.21,M,M,M,M,M,M,M,M,M,M,M,M,M,M,M,M,73.40,FAOR 031630Z 27006KT CAVOK 23/03 Q1018 NOSIG,M
FAOR,2026-09-03 17:00,69.80,37.40,30.50,320.00,6.00,0.00,30.06,M,6.21,M,M,M,M,M,M,M,M,M,M,M,M,M,M,M,M,69.80,FAOR 031700Z 32006KT CAVOK 21/03 Q1018 NOSIG,M
FAOR,2026-09-03 17:30,68.00,37.40,32.44,320.00,7.00,0.00,30.06,M,6.21,M,M,M,M,M,M,M,M,M,M,M,M,M,M,M,M,68.00,FAOR 031730Z 32007KT 230V340 CAVOK 20/03 Q1018 NOSIG,M
FAOR,2026-09-03 18:00,68.00,39.20,34.81,320.00,7.00,0.00,30.06,M,6.21,M,M,M,M,M,M,M,M,M,M,M,M,M,M,M,M,68.00,FAOR 031800Z 32007KT 290V360 CAVOK 20/04 Q1018 NOSIG,M
FAOR,2026-09-03 18:30,68.00,39.20,34.81,330.00,6.00,0.00,30.06,M,6.21,M,M,M,M,M,M,M,M,M,M,M,M,M,M,M,M,68.00,FAOR 031830Z 33006KT 260V350 CAVOK 20/04 Q1018 NOSIG,M
FAOR,2026-09-03 19:00,66.20,37.40,34.52,360.00,6.00,0.00,30.06,M,6.21,M,M,M,M,M,M,M,M,M,M,M,M,M,M,M,M,66.20,FAOR 031900Z 36006KT CAVOK 19/03 Q1018 NOSIG,M
FAOR,2026-09-03 19:30,60.80,37.40,41.71,20.00,5.00,0.00,30.06,M,6.21,M,M,M,M,M,M,M,M,M,M,M,M,M,M,M,M,60.80,FAOR 031930Z 02005KT CAVOK 16/03 Q1018 NOSIG,M
FAOR,2026-09-03 20:00,59.00,37.40,44.47,20.00,7.00,0.00,30.06,M,6.21,M,M,M,M,M,M,M,M,M,M,M,M,M,M,M,M,59.00,FAOR 032000Z 02007KT CAVOK 15/03 Q1018 NOSIG,M
FAOR,2026-09-03 21:00,60.80,37.40,41.71,10.00,13.00,0.00,30.03,M,6.21,M,M,M,M,M,M,M,M,M,M,M,M,M,M,M,M,60.80,FAOR 032100Z 01013KT CAVOK 16/03 Q1017 NOSIG,M
FAOR,2026-09-03 22:00,60.80,39.20,44.76,20.00,12.00,0.00,30.03,M,6.21,M,M,M,M,M,M,M,M,M,M,M,M,M,M,M,M,60.80,FAOR 032200Z 02012KT CAVOK 16/04 Q1017 NOSIG,M
FAOR,2026-09-04 00:00,57.20,42.80,58.52,20.00,9.00,0.00,30.03,M,6.21,M,M,M,M,M,M,M,M,M,M,M,M,M,M,M,M,57.20,FAOR 040000Z 02009KT CAVOK 14/06 Q1017 NOSIG,M
FAOR,2026-09-04 01:00,55.40,42.80,62.46,30.00,8.00,0.00,30.00,M,6.21,M,M,M,M,M,M,M,M,M,M,M,M,M,M,M,M,55.40,FAOR 040100Z 03008KT CAVOK 13/06 Q1016 NOSIG,M
FAOR,2026-09-04 02:00,55.40,42.80,62.46,20.00,6.00,0.00,30.00,M,6.21,M,M,M,M,M,M,M,M,M,M,M,M,M,M,M,M,55.40,FAOR 040200Z 02006KT CAVOK 13/06 Q1016 NOSIG,M
FAOR,2026-09-04 03:00,60.80,42.80,51.46,10.00,14.00,0.00,30.00,M,6.21,M,M,M,M,M,M,M,M,M,M,M,M,M,M,M,M,60.80,FAOR 040300Z 01014KT CAVOK 16/06 Q1016 NOSIG,M
FAOR,2026-09-04 03:30,57.20,42.80,58.52,360.00,17.00,0.00,30.00,M,6.21,M,M,M,M,M,M,M,M,M,M,M,M,M,M,M,M,57.20,FAOR 040330Z 36017KT CAVOK 14/06 Q1016 NOSIG,M
FAOR,2026-09-04 04:00,59.00,42.80,54.86,360.00,14.00,0.00,30.03,M,6.21,M,M,M,M,M,M,M,M,M,M,M,M,M,M,M,M,59.00,FAOR 040400Z 36014KT CAVOK 15/06 Q1017 NOSIG,M
FAOR,2026-09-04 04:30,55.40,42.80,62.46,20.00,11.00,0.00,30.06,M,6.21,M,M,M,M,M,M,M,M,M,M,M,M,M,M,M,M,55.40,FAOR 040430Z 02011KT CAVOK 13/06 Q1018 NOSIG,M
FAOR,2026-09-04 05:00,57.20,42.80,58.52,10.00,13.00,0.00,30.06,M,6.21,M,M,M,M,M,M,M,M,M,M,M,M,M,M,M,M,57.20,FAOR 040500Z 01013KT CAVOK 14/06 Q1018 NOSIG,M
FAOR,2026-09-04 05:30,59.00,42.80,54.86,20.00,11.00,0.00,30.09,M,6.21,M,M,M,M,M,M,M,M,M,M,M,M,M,M,M,M,59.00,FAOR 040530Z 02011KT CAVOK 15/06 Q1019 NOSIG,M
FAOR,2026-09-04 06:00,62.60,42.80,48.29,50.00,10.00,0.00,30.09,M,6.21,M,M,M,M,M,M,M,M,M,M,M,M,M,M,M,M,62.60,FAOR 040600Z 05010KT CAVOK 17/06 Q1019 NOSIG,M
FAOR,2026-09-04 06:30,64.40,42.80,45.34,30.00,11.00,0.00,30.09,M,6.21,M,M,M,M,M,M,M,M,M,M,M,M,M,M,M,M,64.40,FAOR 040630Z 03011KT CAVOK 18/06 Q1019 NOSIG,M
FAOR,2026-09-04 07:00,66.20,42.80,42.59,30.00,14.00,0.00,30.09,M,6.21,M,M,M,M,M,M,M,M,M,M,M,M,M,M,M,M,66.20,FAOR 040700Z 03014KT CAVOK 19/06 Q1019 NOSIG,M
FAOR,2026-09-04 07:30,66.20,42.80,42.59,30.00,15.00,0.00,30.12,M,6.21,M,M,M,M,M,M,M,M,M,M,M,M,M,M,M,M,66.20,FAOR 040730Z 03015KT CAVOK 19/06 Q1020 NOSIG,M
FAOR,2026-09-04 08:00,68.00,42.80,40.02,70.00,14.00,0.00,30.15,M,6.21,M,M,M,M,M,M,M,M,M,M,M,M,M,M,M,M,68.00,FAOR 040800Z 07014KT CAVOK 20/06 Q1021 NOSIG,M
FAOR,2026-09-04 08:30,68.00,42.80,40.02,90.00,15.00,0.00,30.15,M,6.21,M,M,M,M,M,M,M,M,M,M,M,M,M,M,M,M,68.00,FAOR 040830Z 09015KT CAVOK 20/06 Q1021 NOSIG,M
FAOR,2026-09-04 09:00,68.00,42.80,40.02,80.00,15.00,0.00,30.15,M,6.21,M,M,M,M,M,M,M,M,M,M,M,M,M,M,M,M,68.00,FAOR 040900Z 08015KT CAVOK 20/06 Q1021 NOSIG,M
FAOR,2026-09-04 09:30,68.00,42.80,40.02,80.00,13.00,0.00,30.15,M,6.21,M,FEW,M,M,M,3000.00,M,M,M,M,M,M,M,M,M,M,68.00,FAOR 040930Z 08013KT 9999 FEW030 20/06 Q1021 NOSIG RMK DIST CB TO WEST,M
FAOR,2026-09-04 10:00,68.00,42.80,40.02,90.00,16.00,0.00,30.12,M,6.21,M,SCT,FEW,M,M,3000.00,5000.00,M,M,-SHRA,M,M,M,M,M,M,68.00,FAOR 041000Z 09016KT 9999 -SHRA SCT030 FEW050TCU 20/06 Q1020 NOSIG RMK DIST CB TO WEST,M
FAOR,2026-09-04 10:30,62.60,48.20,59.27,80.00,13.00,0.00,30.12,M,3.11,M,SCT,FEW,M,M,4000.00,4500.00,M,M,TSRA,M,M,M,M,M,M,62.60,FAOR 041030Z 08013KT 040V110 5000 TSRA SCT040 FEW045CB 17/09 Q1020 BECMG 8000,M
FAOR,2026-09-04 11:00,60.80,48.20,63.16,260.00,12.00,0.00,30.15,M,2.80,M,BKN,SCT,M,M,3000.00,3500.00,M,M,TSRA,M,M,M,M,M,M,60.80,FAOR 041100Z 26012KT 4500 TSRA BKN030 SCT035CB 16/09 Q1021 NOSIG,M
FAOR,2026-09-04 11:30,51.80,50.00,93.55,160.00,9.00,0.00,30.15,M,2.17,M,BKN,SCT,M,M,2000.00,3000.00,M,M,TSRA,M,M,M,M,M,M,51.80,FAOR 041130Z 16009KT 140V230 3500 TSRA BKN020 SCT030CB 11/10 Q1021 BECMG 5000,M
FAOR,2026-09-04 12:00,53.60,48.20,81.87,160.00,7.00,0.00,30.15,M,6.21,M,FEW,M,M,M,3500.00,M,M,M,VCTS,M,M,M,M,M,M,53.60,FAOR 041200Z 16007KT 120V180 9999 VCTS FEW035CB 12/09 Q1021 NOSIG,M
FAOR,2026-09-04 12:30,53.60,50.00,87.56,170.00,8.00,0.00,30.15,M,6.21,M,FEW,M,M,M,3500.00,M,M,M,VCTS,M,M,M,M,M,M,53.60,FAOR 041230Z 17008KT 120V190 9999 VCTS FEW035CB 12/10 Q1021 NOSIG,M
FAOR,2026-09-04 13:00,53.60,48.20,81.87,140.00,8.00,0.00,30.18,M,6.21,M,M,M,M,M,M,M,M,M,M,M,M,M,M,M,M,53.60,FAOR 041300Z 14008KT CAVOK 12/09 Q1022 NOSIG RMK DIST CB TO E MOV E,M
FAOR,2026-09-04 13:30,55.40,50.00,82.00,130.00,11.00,0.00,30.18,M,6.21,M,M,M,M,M,M,M,M,M,M,M,M,M,M,M,M,55.40,FAOR 041330Z 13011KT CAVOK 13/10 Q1022 NOSIG,M
FAOR,2026-09-04 14:00,55.40,50.00,82.00,120.00,18.00,0.00,30.15,M,6.21,M,M,M,M,M,M,M,M,M,M,M,M,M,M,M,M,55.40,FAOR 041400Z 12018KT CAVOK 13/10 Q1021 NOSIG,M
FAOR,2026-09-04 15:00,53.60,50.00,87.56,110.00,21.00,0.00,30.21,M,6.21,M,BKN,M,M,M,1000.00,M,M,M,M,M,M,M,M,M,M,53.60,FAOR 041500Z 11021KT 9999 BKN010 12/10 Q1023 NOSIG,M
FAOR,2026-09-04 16:00,53.60,50.00,87.56,90.00,25.00,0.00,30.21,M,6.21,38.00,BKN,M,M,M,700.00,M,M,M,M,M,M,M,M,M,M,53.60,FAOR 041600Z 09025G38KT 9999 BKN007 12/10 Q1023 NOSIG,M
FAOR,2026-09-04 17:00,53.60,50.00,87.56,100.00,28.00,0.00,30.21,M,6.21,38.00,OVC,M,M,M,800.00,M,M,M,M,M,M,M,M,M,M,53.60,FAOR 041700Z 10028G38KT 9999 OVC008 12/10 Q1023 NOSIG,M
FAOR,2026-09-04 18:00,53.60,50.00,87.56,90.00,24.00,0.00,30.24,M,6.21,M,OVC,M,M,M,800.00,M,M,M,M,M,M,M,M,M,M,53.60,FAOR 041800Z 09024KT 9999 OVC008 12/10 Q1024 NOSIG,M
FAOR,2026-09-04 19:00,51.80,50.00,93.55,90.00,20.00,0.00,30.27,M,6.21,30.00,OVC,FEW,M,M,900.00,5000.00,M,M,-SHRA,M,M,M,M,M,M,51.80,FAOR 041900Z 09020G30KT 9999 -SHRA OVC009 FEW050TCU 11/10 Q1025 NOSIG,M
FAOR,2026-09-04 19:30,51.80,50.00,93.55,90.00,21.00,0.00,30.27,M,6.21,32.00,OVC,FEW,M,M,900.00,5000.00,M,M,-SHRA,M,M,M,M,M,M,51.80,FAOR 041930Z 09021G32KT 9999 -SHRA OVC009 FEW050TCU 11/10 Q1025 NOSIG,M
FAOR,2026-09-04 20:00,51.80,50.00,93.55,80.00,22.00,0.00,30.30,M,4.97,M,SCT,OVC,SCT,M,900.00,1100.00,5000.00,M,SHRA,M,M,M,M,M,M,51.80,FAOR 042000Z 08022KT 8000 SHRA SCT009 OVC011 SCT050TCU 11/10 Q1026 NOSIG,M
FAOR,2026-09-04 20:30,51.80,50.00,93.55,90.00,23.00,0.00,30.30,M,4.35,M,BKN,OVC,SCT,M,900.00,1400.00,4500.00,M,SHRA,M,M,M,M,M,M,51.80,FAOR 042030Z 09023KT 7000 SHRA BKN009 OVC014 SCT045TCU 11/10 Q1026 NOSIG,M
FAOR,2026-09-04 21:00,51.80,48.20,87.47,90.00,24.00,0.00,30.27,M,6.21,M,SCT,BKN,M,M,700.00,1400.00,M,M,M,M,M,M,M,M,M,51.80,FAOR 042100Z 09024KT 9999 SCT007 BKN014 11/09 Q1025 RESHRA NOSIG,M
FAOR,2026-09-04 22:00,51.80,48.20,87.47,90.00,25.00,0.00,30.27,M,6.21,M,BKN,OVC,FEW,M,900.00,1600.00,5000.00,M,-TSRA,M,M,M,M,M,M,51.80,FAOR 042200Z 09025KT 9999 -TSRA BKN009 OVC016 FEW050CB 11/09 Q1025 NOSIG,M
FAOR,2026-09-04 22:30,51.80,48.20,87.47,90.00,24.00,0.00,30.24,M,6.21,M,SCT,OVC,FEW,M,900.00,1100.00,5000.00,M,TS,M,M,M,M,M,M,51.80,FAOR 042230Z 09024KT 9999 TS SCT009 OVC011 FEW050CB 11/09 Q1024 RETSRA NOSIG,M
FAOR,2026-09-04 23:00,51.80,48.20,87.47,90.00,16.00,0.00,30.33,M,6.21,M,OVC,FEW,M,M,900.00,5000.00,M,M,-TSRA,M,M,M,M,M,M,51.80,FAOR 042300Z 09016KT 9999 -TSRA OVC009 FEW050CB 11/09 Q1027 NOSIG,M
FAOR,2026-09-05 00:00,51.80,48.20,87.47,90.00,19.00,0.00,30.27,M,6.21,M,OVC,M,M,M,1100.00,M,M,M,M,M,M,M,M,M,M,51.80,FAOR 050000Z 09019KT 9999 OVC011 11/09 Q1025 NOSIG,M
FAOR,2026-09-05 01:00,50.00,48.20,93.50,90.00,22.00,0.00,30.27,M,6.21,M,OVC,M,M,M,900.00,M,M,M,M,M,M,M,M,M,M,50.00,FAOR 050100Z 09022KT 9999 OVC009 10/09 Q1025 NOSIG,M
FAOR,2026-09-05 02:00,50.00,46.40,87.37,90.00,24.00,0.00,30.27,M,6.21,M,OVC,M,M,M,900.00,M,M,M,M,M,M,M,M,M,M,50.00,FAOR 050200Z 09024KT 9999 OVC009 10/08 Q1025 NOSIG,M
FAOR,2026-09-05 02:30,48.20,46.40,93.45,80.00,25.00,0.00,30.27,M,6.21,M,OVC,M,M,M,900.00,M,M,M,M,M,M,M,M,M,M,39.75,FAOR 050230Z 08025KT 9999 OVC009 09/08 Q1025 NOSIG,M
FAOR,2026-09-05 03:00,48.20,46.40,93.45,90.00,21.00,0.00,30.27,M,6.21,M,OVC,M,M,M,900.00,M,M,M,M,M,M,M,M,M,M,40.46,FAOR 050300Z 09021KT 9999 OVC009 09/08 Q1025 NOSIG,M
FAOR,2026-09-05 03:30,48.20,46.40,93.45,80.00,21.00,0.00,30.27,M,6.21,M,OVC,M,M,M,900.00,M,M,M,M,M,M,M,M,M,M,40.46,FAOR 050330Z 08021KT 9999 OVC009 09/08 Q1025 NOSIG,M
FAOR,2026-09-05 04:00,48.20,46.40,93.45,80.00,19.00,0.00,30.30,M,6.21,M,OVC,M,M,M,900.00,M,M,M,M,M,M,M,M,M,M,40.86,FAOR 050400Z 08019KT 9999 OVC009 09/08 Q1026 NOSIG,M
FAOR,2026-09-05 04:30,48.20,46.40,93.45,80.00,23.00,0.00,30.30,M,6.21,M,OVC,M,M,M,900.00,M,M,M,M,M,M,M,M,M,M,40.09,FAOR 050430Z 08023KT 9999 OVC009 09/08 Q1026 NOSIG,M
FAOR,2026-09-05 05:00,48.20,46.40,93.45,80.00,21.00,0.00,30.30,M,6.21,M,OVC,M,M,M,900.00,M,M,M,M,M,M,M,M,M,M,40.46,FAOR 050500Z 08021KT 9999 OVC009 09/08 Q1026 NOSIG,M
FAOR,2026-09-05 05:30,48.20,44.60,87.28,70.00,21.00,0.00,30.30,M,6.21,M,OVC,M,M,M,900.00,M,M,M,M,M,M,M,M,M,M,40.46,FAOR 050530Z 07021KT 9999 OVC009 09/07 Q1026 NOSIG,M
FAOR,2026-09-05 06:00,48.20,44.60,87.28,70.00,22.00,0.00,30.30,M,6.21,M,BKN,M,M,M,1000.00,M,M,M,M,M,M,M,M,M,M,40.27,FAOR 050600Z 07022KT 9999 BKN010 09/07 Q1026 BECMG BKN016,M
FAOR,2026-09-05 06:30,48.20,44.60,87.28,70.00,20.00,0.00,30.33,M,6.21,M,BKN,M,M,M,1000.00,M,M,M,M,M,M,M,M,M,M,40.66,FAOR 050630Z 07020KT 9999 BKN010 09/07 Q1027 BECMG BKN016,M
FAOR,2026-09-05 07:00,50.00,46.40,87.37,70.00,21.00,0.00,30.30,M,6.21,M,BKN,M,M,M,1000.00,M,M,M,M,M,M,M,M,M,M,50.00,FAOR 050700Z 07021KT 9999 BKN010 10/08 Q1026 BECMG BKN016,M
FAOR,2026-09-05 07:30,51.80,46.40,81.74,60.00,16.00,0.00,30.33,M,6.21,M,FEW,OVC,M,M,1100.00,2500.00,M,M,M,M,M,M,M,M,M,51.80,FAOR 050730Z 06016KT 9999 FEW011 OVC025 11/08 Q1027 NOSIG,M
FAOR,2026-09-05 08:00,51.80,46.40,81.74,70.00,20.00,0.00,30.33,M,6.21,M,FEW,OVC,M,M,1100.00,2500.00,M,M,M,M,M,M,M,M,M,51.80,FAOR 050800Z 07020KT 9999 FEW011 OVC025 11/08 Q1027 NOSIG,M
FAOR,2026-09-05 08:30,53.60,48.20,81.87,60.00,19.00,0.00,30.30,M,6.21,M,FEW,BKN,M,M,1500.00,2500.00,M,M,M,M,M,M,M,M,M,53.60,FAOR 050830Z 06019KT 9999 FEW015 BKN025 12/09 Q1026 NOSIG,M
FAOR,2026-09-05 09:00,57.20,48.20,71.84,50.00,19.00,0.00,30.30,M,6.21,M,FEW,BKN,M,M,1500.00,2500.00,M,M,M,M,M,M,M,M,M,57.20,FAOR 050900Z 05019KT 9999 FEW015 BKN025 14/09 Q1026 NOSIG,M
FAOR,2026-09-05 09:30,59.00,48.20,67.34,40.00,20.00,0.00,30.30,M,6.21,M,FEW,BKN,M,M,1500.00,2500.00,M,M,M,M,M,M,M,M,M,59.00,FAOR 050930Z 04020KT 9999 FEW015 BKN025 15/09 Q1026 NOSIG,M
FAOR,2026-09-05 10:00,57.20,48.20,71.84,40.00,21.00,0.00,30.27,M,6.21,M,FEW,BKN,M,M,1500.00,2500.00,M,M,M,M,M,M,M,M,M,57.20,FAOR 051000Z 04021KT 9999 FEW015 BKN025 14/09 Q1025 NOSIG,M
FAOR,2026-09-05 10:30,59.00,50.00,72.02,20.00,19.00,0.00,30.30,M,6.21,M,FEW,BKN,M,M,1500.00,2500.00,M,M,M,M,M,M,M,M,M,59.00,FAOR 051030Z 02019KT 9999 FEW015 BKN025 15/10 Q1026 NOSIG,M
FAOR,2026-09-05 11:00,60.80,50.00,67.55,20.00,20.00,0.00,30.27,M,6.21,M,FEW,BKN,M,M,1500.00,2500.00,M,M,M,M,M,M,M,M,M,60.80,FAOR 051100Z 02020KT 9999 FEW015 BKN025 16/10 Q1025 NOSIG,M
FAOR,2026-09-05 11:30,60.80,50.00,67.55,30.00,22.00,0.00,30.27,M,6.21,M,BKN,M,M,M,2000.00,M,M,M,M,M,M,M,M,M,M,60.80,FAOR 051130Z 03022KT 9999 BKN020 16/10 Q1025 NOSIG,M
FAOR,2026-09-05 12:00,59.00,50.00,72.02,30.00,20.00,0.00,30.27,M,6.21,M,BKN,M,M,M,2500.00,M,M,M,M,M,M,M,M,M,M,59.00,FAOR 051200Z 03020KT 9999 BKN025 15/10 Q1025 NOSIG,M
FAOR,2026-09-05 12:30,62.60,48.20,59.27,30.00,18.00,0.00,30.24,M,6.21,M,BKN,M,M,M,2500.00,M,M,M,M,M,M,M,M,M,M,62.60,FAOR 051230Z 03018KT 9999 BKN025 17/09 Q1024 NOSIG,M
FAOR,2026-09-05 13:00,59.00,48.20,67.34,20.00,18.00,0.00,30.24,M,6.21,M,BKN,M,M,M,2500.00,M,M,M,M,M,M,M,M,M,M,59.00,FAOR 051300Z 02018KT 9999 BKN025 15/09 Q1024 NOSIG,M
FAOR,2026-09-05 13:30,59.00,48.20,67.34,10.00,18.00,0.00,30.24,M,6.21,M,BKN,M,M,M,2500.00,M,M,M,M,M,M,M,M,M,M,59.00,FAOR 051330Z 01018KT 9999 BKN025 15/09 Q1024 NOSIG,M
FAOR,2026-09-05 14:00,57.20,48.20,71.84,20.00,17.00,0.00,30.24,M,6.21,M,BKN,M,M,M,2500.00,M,M,M,M,M,M,M,M,M,M,57.20,FAOR 051400Z 02017KT 9999 BKN025 14/09 Q1024 NOSIG,M
FAOR,2026-09-05 14:30,57.20,50.00,76.83,30.00,20.00,0.00,30.24,M,6.21,M,FEW,BKN,M,M,1500.00,2500.00,M,M,M,M,M,M,M,M,M,57.20,FAOR 051430Z 03020KT 9999 FEW015 BKN025 14/10 Q1024 NOSIG,M
FAOR,2026-09-05 15:00,57.20,50.00,76.83,20.00,19.00,0.00,30.24,M,6.21,M,BKN,OVC,M,M,1500.00,2500.00,M,M,M,M,M,M,M,M,M,57.20,FAOR 051500Z 02019KT 9999 BKN015 OVC025 14/10 Q1024 NOSIG,M
FAOR,2026-09-05 15:30,55.40,50.00,82.00,20.00,18.00,0.00,30.24,M,6.21,M,BKN,OVC,M,M,1500.00,2500.00,M,M,M,M,M,M,M,M,M,55.40,FAOR 051530Z 02018KT 9999 BKN015 OVC025 13/10 Q1024 NOSIG,M
FAOR,2026-09-05 16:00,55.40,50.00,82.00,30.00,19.00,0.00,30.24,M,6.21,M,BKN,OVC,M,M,1500.00,2500.00,M,M,M,M,M,M,M,M,M,55.40,FAOR 051600Z 03019KT 9999 BKN015 OVC025 13/10 Q1024 NOSIG,M
FAOR,2026-09-05 16:30,55.40,48.20,76.67,40.00,17.00,0.00,30.24,M,6.21,M,BKN,M,M,M,2500.00,M,M,M,M,M,M,M,M,M,M,55.40,FAOR 051630Z 04017KT 9999 BKN025 13/09 Q1024 NOSIG,M
FAOR,2026-09-05 17:00,53.60,48.20,81.87,30.00,19.00,0.00,30.24,M,6.21,M,BKN,M,M,M,2500.00,M,M,M,M,M,M,M,M,M,M,53.60,FAOR 051700Z 03019KT 9999 BKN025 12/09 Q1024 NOSIG,M
FAOR,2026-09-05 17:30,55.40,50.00,82.00,40.00,18.00,0.00,30.27,M,6.21,M,M,M,M,M,M,M,M,M,M,M,M,M,M,M,M,55.40,FAOR 051730Z 04018KT CAVOK 13/10 Q1025 NOSIG,M
FAOR,2026-09-05 18:00,53.60,50.00,87.56,40.00,20.00,0.00,30.27,M,6.21,M,BKN,M,M,M,2500.00,M,M,M,M,M,M,M,M,M,M,53.60,FAOR 051800Z 04020KT 9999 BKN025 12/10 Q1025 NOSIG,M
FAOR,2026-09-05 19:00,53.60,50.00,87.56,30.00,18.00,0.00,30.27,M,6.21,M,BKN,M,M,M,2500.00,M,M,M,M,M,M,M,M,M,M,53.60,FAOR 051900Z 03018KT 9999 BKN025 12/10 Q1025 NOSIG,M
FAOR,2026-09-05 20:00,53.60,50.00,87.56,30.00,15.00,0.00,30.30,M,6.21,M,SCT,M,M,M,2500.00,M,M,M,M,M,M,M,M,M,M,53.60,FAOR 052000Z 03015KT 9999 SCT025 12/10 Q1026 NOSIG,M
FAOR,2026-09-05 20:30,51.80,50.00,93.55,40.00,13.00,0.00,30.27,M,6.21,M,SCT,M,M,M,700.00,M,M,M,M,M,M,M,M,M,M,51.80,FAOR 052030Z COR 04013KT 9999 SCT007 11/10 Q1025 BECMG BKN005,M
FAOR,2026-09-05 21:00,51.80,50.00,93.55,40.00,12.00,0.00,30.27,M,5.59,M,SCT,M,M,M,500.00,M,M,M,M,M,M,M,M,M,M,51.80,FAOR 052100Z 04012KT 9000 SCT005 11/10 Q1025 BECMG BKN005,M
FAOR,2026-09-05 21:30,51.80,50.00,93.55,40.00,12.00,0.00,30.27,M,5.59,M,BKN,M,M,M,400.00,M,M,M,M,M,M,M,M,M,M,51.80,FAOR 052130Z 04012KT 9000 BKN004 11/10 Q1025 NOSIG,M
FAOR,2026-09-05 22:00,51.80,50.00,93.55,40.00,9.00,0.00,30.30,M,6.21,M,BKN,M,M,M,500.00,M,M,M,M,M,M,M,M,M,M,51.80,FAOR 052200Z 04009KT 9999 BKN005 11/10 Q1026 NOSIG,M
FAOR,2026-09-05 23:00,51.80,50.00,93.55,130.00,4.00,0.00,30.33,M,4.97,M,OVC,M,M,M,500.00,M,M,M,M,M,M,M,M,M,M,51.80,FAOR 052300Z 13004KT 070V160 8000 OVC005 11/10 Q1027 NOSIG,M
FAOR,2026-09-06 01:00,51.80,50.00,93.55,180.00,8.00,0.00,30.33,M,3.11,M,FEW,OVC,FEW,M,500.00,1000.00,3500.00,M,-SHRA BR,M,M,M,M,M,M,51.80,FAOR 060100Z 18008KT 5000 -SHRA BR FEW005 OVC010 FEW035TCU 11/10 Q1027 NOSIG,M
FAOR,2026-09-06 02:00,50.00,50.00,100.00,130.00,8.00,0.00,30.30,M,1.86,M,OVC,M,M,M,300.00,M,M,M,DZ BR,M,M,M,M,M,M,50.00,FAOR 060200Z 13008KT 3000 DZ BR OVC003 10/10 Q1026 NOSIG,M
FAOR,2026-09-06 02:30,50.00,50.00,100.00,120.00,8.00,0.00,30.30,M,1.86,M,BKN,OVC,M,M,300.00,1000.00,M,M,-RA BR,M,M,M,M,M,M,50.00,FAOR 060230Z 12008KT 3000 -RA BR BKN003 OVC010 10/10 Q1026 NOSIG,M
FAOR,2026-09-06 03:00,50.00,50.00,100.00,90.00,7.00,0.00,30.33,M,1.24,M,BKN,OVC,FEW,M,300.00,1000.00,3000.00,M,TSRA,M,M,M,M,M,M,50.00,FAOR 060300Z 09007KT 060V130 2000 TSRA BKN003 OVC010 FEW030CB 10/10 Q1027 NOSIG,M
FAOR,2026-09-06 03:30,50.00,50.00,100.00,90.00,7.00,0.00,30.33,M,2.17,M,BKN,OVC,FEW,M,300.00,1000.00,3000.00,M,-SHRA BR,M,M,M,M,M,M,50.00,FAOR 060330Z 09007KT 3500 -SHRA BR BKN003 OVC010 FEW030TCU 10/10 Q1027 NOSIG,M
FAOR,2026-09-06 04:00,50.00,50.00,100.00,100.00,7.00,0.00,30.33,M,2.49,M,BKN,OVC,FEW,M,300.00,1500.00,3000.00,M,-DZ BR,M,M,M,M,M,M,50.00,FAOR 060400Z 10007KT 4000 -DZ BR BKN003 OVC015 FEW030TCU 10/10 Q1027 NOSIG,M
FAOR,2026-09-06 04:30,50.00,50.00,100.00,150.00,8.00,0.00,30.36,M,2.17,M,BKN,FEW,M,M,300.00,3000.00,M,M,-TSRA BR,M,M,M,M,M,M,50.00,FAOR 060430Z 15008KT 120V190 3500 -TSRA BR BKN003 FEW030CB 10/10 Q1028 NOSIG,M
FAOR,2026-09-06 05:00,50.00,50.00,100.00,190.00,6.00,0.00,30.39,M,1.55,M,BKN,FEW,M,M,300.00,3000.00,M,M,TSRA,M,M,M,M,M,M,50.00,FAOR 060500Z 19006KT 2500 TSRA BKN003 FEW030CB 10/10 Q1029 NOSIG,M
FAOR,2026-09-06 05:30,50.00,50.00,100.00,150.00,4.00,0.00,30.39,M,1.30,M,BKN,FEW,M,M,300.00,3000.00,M,M,TSRA,M,M,M,M,M,M,50.00,FAOR 060530Z 15004KT 080V190 2100 TSRA BKN003 FEW030CB 10/10 Q1029 NOSIG,M
FAOR,2026-09-06 06:00,50.00,50.00,100.00,120.00,7.00,0.00,30.39,M,3.73,M,OVC,M,M,M,300.00,M,M,M,-RA,M,M,M,M,M,M,50.00,FAOR 060600Z 12007KT 090V150 6000 -RA OVC003 10/10 Q1029 RETS NOSIG,M
FAOR,2026-09-06 06:30,50.00,50.00,100.00,80.00,9.00,0.00,30.39,M,2.67,M,OVC,M,M,M,300.00,M,M,M,RA,M,M,M,M,M,M,50.00,FAOR 060630Z 08009KT 4300 RA OVC003 10/10 Q1029 NOSIG,M
FAOR,2026-09-06 07:00,50.00,50.00,100.00,80.00,10.00,0.00,30.39,M,2.73,M,OVC,M,M,M,300.00,M,M,M,-RA BR,M,M,M,M,M,M,50.00,FAOR 060700Z 08010KT 4400 -RA BR OVC003 10/10 Q1029 NOSIG,M
FAOR,2026-09-06 07:30,53.60,51.80,93.60,100.00,13.00,0.00,30.36,M,6.21,M,BKN,BKN,M,M,300.00,1500.00,M,M,M,M,M,M,M,M,M,53.60,FAOR 060730Z 10013KT 9999 BKN003 BKN015 12/11 Q1028 NOSIG,M
FAOR,2026-09-06 08:00,53.60,51.80,93.60,80.00,12.00,0.00,30.36,M,6.21,M,BKN,BKN,M,M,400.00,1900.00,M,M,M,M,M,M,M,M,M,53.60,FAOR 060800Z 08012KT 9999 BKN004 BKN019 12/11 Q1028 NOSIG,M
FAOR,2026-09-06 08:30,55.40,53.60,93.65,70.00,13.00,0.00,30.36,M,6.21,M,BKN,BKN,M,M,400.00,1900.00,M,M,M,M,M,M,M,M,M,55.40,FAOR 060830Z 07013KT 9999 BKN004 BKN019 13/12 Q1028 NOSIG,M
FAOR,2026-09-06 09:00,55.40,53.60,93.65,50.00,13.00,0.00,30.36,M,6.21,M,BKN,BKN,M,M,400.00,1900.00,M,M,M,M,M,M,M,M,M,55.40,FAOR 060900Z 05013KT 9999 BKN004 BKN019 13/12 Q1028 NOSIG,M
FAOR,2026-09-06 09:30,55.40,51.80,87.65,50.00,13.00,0.00,30.36,M,6.21,M,BKN,BKN,M,M,400.00,1900.00,M,M,M,M,M,M,M,M,M,55.40,FAOR 060930Z 05013KT 020V080 9999 BKN004 BKN019 13/11 Q1028 NOSIG,M
FAOR,2026-09-06 10:00,55.40,51.80,87.65,50.00,11.00,0.00,30.36,M,6.21,M,BKN,BKN,M,M,400.00,1900.00,M,M,M,M,M,M,M,M,M,55.40,FAOR 061000Z 05011KT 9999 BKN004 BKN019 13/11 Q1028 NOSIG,M
FAOR,2026-09-06 10:30,55.40,51.80,87.65,60.00,13.00,0.00,30.33,M,6.21,M,OVC,M,M,M,600.00,M,M,M,M,M,M,M,M,M,M,55.40,FAOR 061030Z 06013KT 9999 OVC006 13/11 Q1027 NOSIG,M
FAOR,2026-09-06 11:00,53.60,53.60,100.00,50.00,9.00,0.00,30.33,M,4.97,M,OVC,FEW,M,M,500.00,3000.00,M,M,-TSRA,M,M,M,M,M,M,53.60,FAOR 061100Z 05009KT 8000 -TSRA OVC005 FEW030CB 12/12 Q1027 NOSIG,M
FAOR,2026-09-06 11:30,53.60,53.60,100.00,70.00,14.00,0.00,30.30,M,1.55,M,OVC,FEW,M,M,500.00,2500.00,M,M,TSRA,M,M,M,M,M,M,53.60,FAOR 061130Z 07014KT 2500 TSRA OVC005 FEW025CB 12/12 Q1026 BECMG 5000,M
FAOR,2026-09-06 12:00,55.40,53.60,93.65,60.00,11.00,0.00,30.30,M,2.17,M,OVC,FEW,M,M,500.00,2000.00,M,M,-TSRA,M,M,M,M,M,M,55.40,FAOR 061200Z 06011KT 3500 -TSRA OVC005 FEW020CB 13/12 Q1026 NOSIG,M
FAOR,2026-09-06 12:30,53.60,53.60,100.00,60.00,9.00,0.00,30.30,M,1.24,M,OVC,FEW,M,M,500.00,2000.00,M,M,-TSRA,M,M,M,M,M,M,53.60,FAOR 061230Z 06009KT 030V090 2000 -TSRA OVC005 FEW020CB 12/12 Q1026 NOSIG,M
FAOR,2026-09-06 13:00,53.60,53.60,100.00,80.00,12.00,0.00,30.30,M,1.55,M,OVC,M,M,M,200.00,M,M,M,RA,M,M,M,M,M,M,53.60,FAOR 061300Z 08012KT 2500 RA OVC002 12/12 Q1026 RETS TEMPO TS FEW025CB,M
FAOR,2026-09-06 13:30,53.60,51.80,93.60,80.00,9.00,0.00,30.30,M,2.61,M,OVC,M,M,M,200.00,M,M,M,RA,M,M,M,M,M,M,53.60,FAOR 061330Z 08009KT 040V100 4200 RA OVC002 12/11 Q1026 NOSIG,M
FAOR,2026-09-06 14:00,53.60,51.80,93.60,70.00,9.00,0.00,30.33,M,1.24,M,OVC,FEW,M,M,200.00,2500.00,M,M,TSRA,M,M,M,M,M,M,53.60,FAOR 061400Z 07009KT 2000 TSRA OVC002 FEW025CB 12/11 Q1027 TEMPO 3000,M
FAOR,2026-09-06 14:30,53.60,51.80,93.60,80.00,8.00,0.00,30.33,M,3.11,M,OVC,M,M,M,200.00,M,M,M,-RA,M,M,M,M,M,M,53.60,FAOR 061430Z 08008KT 040V100 5000 -RA OVC002 12/11 Q1027 RETSRA NOSIG,M
FAOR,2026-09-06 15:00,53.60,53.60,100.00,70.00,10.00,0.00,30.33,M,2.80,M,OVC,M,M,M,300.00,M,M,M,-RA,M,M,M,M,M,M,53.60,FAOR 061500Z 07010KT 4500 -RA OVC003 12/12 Q1027 NOSIG,M
FAOR,2026-09-06 15:30,53.60,51.80,93.60,60.00,11.00,0.00,30.33,M,2.17,M,OVC,M,M,M,300.00,M,M,M,-RA,M,M,M,M,M,M,53.60,FAOR 061530Z 06011KT 3500 -RA OVC003 12/11 Q1027 NOSIG,M
FAOR,2026-09-06 16:00,53.60,51.80,93.60,60.00,14.00,0.00,30.33,M,3.11,M,OVC,M,M,M,500.00,M,M,M,-RA,M,M,M,M,M,M,53.60,FAOR 061600Z 06014KT 5000 -RA OVC005 12/11 Q1027 NOSIG,M
FAOR,2026-09-06 16:30,51.80,51.80,100.00,70.00,14.00,0.00,30.33,M,4.97,M,OVC,M,M,M,300.00,M,M,M,M,M,M,M,M,M,M,51.80,FAOR 061630Z 07014KT 8000 OVC003 11/11 Q1027 RERA NOSIG,M
FAOR,2026-09-06 17:00,51.80,51.80,100.00,60.00,12.00,0.00,30.36,M,4.35,M,OVC,M,M,M,300.00,M,M,M,M,M,M,M,M,M,M,51.80,FAOR 061700Z 06012KT 7000 OVC003 11/11 Q1028 NOSIG,M
FAOR,2026-09-06 17:30,51.80,51.80,100.00,70.00,13.00,0.00,30.36,M,3.11,M,OVC,M,M,M,200.00,M,M,M,BR,M,M,M,M,M,M,51.80,FAOR 061730Z 07013KT 5000 BR OVC002 11/11 Q1028 NOSIG,M
FAOR,2026-09-06 18:00,51.80,51.80,100.00,70.00,14.00,0.00,30.39,M,3.11,M,OVC,M,M,M,300.00,M,M,M,BR,M,M,M,M,M,M,51.80,FAOR 061800Z 07014KT 5000 BR OVC003 11/11 Q1029 NOSIG,M
FAOR,2026-09-06 18:30,51.80,51.80,100.00,60.00,13.00,0.00,30.39,M,4.35,M,OVC,M,M,M,300.00,M,M,M,M,M,M,M,M,M,M,51.80,FAOR 061830Z 06013KT 7000 OVC003 11/11 Q1029 NOSIG,M
FAOR,2026-09-06 19:00,51.80,51.80,100.00,60.00,13.00,0.00,30.39,M,4.35,M,OVC,M,M,M,300.00,M,M,M,M,M,M,M,M,M,M,51.80,FAOR 061900Z 06013KT 7000 OVC003 11/11 Q1029 NOSIG,M
FAOR,2026-09-06 19:30,51.80,51.80,100.00,60.00,15.00,0.00,30.39,M,3.73,M,OVC,M,M,M,300.00,M,M,M,M,M,M,M,M,M,M,51.80,FAOR 061930Z 06015KT 6000 OVC003 11/11 Q1029 NOSIG,M
FAOR,2026-09-06 20:00,51.80,51.80,100.00,50.00,15.00,0.00,30.42,M,4.97,M,OVC,M,M,M,300.00,M,M,M,M,M,M,M,M,M,M,51.80,FAOR 062000Z 05015KT 8000 OVC003 11/11 Q1030 TEMPO 4000 TSRA FEW030CB,M
FAOR,2026-09-06 20:30,51.80,51.80,100.00,60.00,16.00,0.00,30.39,M,6.21,M,OVC,M,M,M,300.00,M,M,M,-RA,M,M,M,M,M,M,51.80,FAOR 062030Z 06016KT 9999 -RA OVC003 11/11 Q1029 NOSIG,M
FAOR,2026-09-06 21:00,51.80,50.00,93.55,50.00,15.00,0.00,30.42,M,6.21,M,OVC,M,M,M,300.00,M,M,M,-RA,M,M,M,M,M,M,51.80,FAOR 062100Z 05015KT 9999 -RA OVC003 11/10 Q1030 NOSIG,M
FAOR,2026-09-06 22:00,51.80,50.00,93.55,80.00,15.00,0.00,30.39,M,6.21,M,OVC,M,M,M,400.00,M,M,M,M,M,M,M,M,M,M,51.80,FAOR 062200Z 08015KT 9999 OVC004 11/10 Q1029 NOSIG,M
FAOR,2026-09-06 23:00,50.00,50.00,100.00,80.00,14.00,0.00,30.39,M,6.21,M,OVC,M,M,M,600.00,M,M,M,M,M,M,M,M,M,M,50.00,FAOR 062300Z 08014KT 9999 OVC006 10/10 Q1029 TEMPO OVC005 RMK DIST CB TO NORTH,M
FAOR,2026-09-07 00:00,50.00,50.00,100.00,60.00,13.00,0.00,30.42,M,6.21,M,OVC,M,M,M,500.00,M,M,M,M,M,M,M,M,M,M,50.00,FAOR 070000Z 06013KT 9999 OVC005 10/10 Q1030 NOSIG,M
FAOR,2026-09-07 01:00,50.00,48.20,93.50,70.00,11.00,0.00,30.42,M,4.97,M,OVC,M,M,M,500.00,M,M,M,M,M,M,M,M,M,M,50.00,FAOR 070100Z 07011KT 8000 OVC005 10/09 Q1030 NOSIG,M
FAOR,2026-09-07 02:00,50.00,48.20,93.50,70.00,11.00,0.00,30.42,M,3.73,M,OVC,M,M,M,500.00,M,M,M,-DZ,M,M,M,M,M,M,50.00,COR FAOR 070200Z 07011KT 6000 -DZ OVC005 10/09 Q1030 TEMPO 4500 BR OVC002,M
FAOR,2026-09-07 02:30,50.00,48.20,93.50,70.00,10.00,0.00,30.42,M,4.97,M,BKN,M,M,M,500.00,M,M,M,M,M,M,M,M,M,M,50.00,FAOR 070230Z 07010KT 8000 BKN005 10/09 Q1030 NOSIG,M
FAOR,2026-09-07 03:00,50.00,48.20,93.50,60.00,9.00,0.00,30.42,M,6.21,M,BKN,OVC,M,M,500.00,2000.00,M,M,M,M,M,M,M,M,M,50.00,FAOR 070300Z 06009KT 9999 BKN005 OVC020 10/09 Q1030 NOSIG,M
FAOR,2026-09-07 03:30,50.00,48.20,93.50,60.00,11.00,0.00,30.42,M,6.21,M,BKN,OVC,M,M,500.00,2000.00,M,M,M,M,M,M,M,M,M,50.00,FAOR 070330Z 06011KT 9999 BKN005 OVC020 10/09 Q1030 NOSIG,M
FAOR,2026-09-07 04:00,50.00,48.20,93.50,50.00,12.00,0.00,30.42,M,6.21,M,SCT,OVC,M,M,700.00,2000.00,M,M,M,M,M,M,M,M,M,50.00,FAOR 070400Z 05012KT 9999 SCT007 OVC020 10/09 Q1030 NOSIG,M
FAOR,2026-09-07 04:30,50.00,48.20,93.50,60.00,13.00,0.00,30.45,M,6.21,M,FEW,BKN,BKN,M,700.00,2000.00,2700.00,M,M,M,M,M,M,M,M,50.00,FAOR 070430Z 06013KT 9999 FEW007 BKN020 BKN027 10/09 Q1031 NOSIG,M
FAOR,2026-09-07 05:00,50.00,48.20,93.50,60.00,11.00,0.00,30.45,M,6.21,M,FEW,SCT,OVC,M,700.00,2100.00,3700.00,M,M,M,M,M,M,M,M,50.00,FAOR 070500Z 06011KT 9999 FEW007 SCT021 OVC037 10/09 Q1031 NOSIG,M
FAOR,2026-09-07 05:30,51.80,48.20,87.47,70.00,11.00,0.00,30.47,M,6.21,M,FEW,SCT,BKN,M,700.00,2600.00,4400.00,M,M,M,M,M,M,M,M,51.80,FAOR 070530Z 07011KT 9999 FEW007 SCT026 BKN044 11/09 Q1032 NOSIG,M
FAOR,2026-09-07 06:00,51.80,48.20,87.47,70.00,12.00,0.00,30.47,M,6.21,M,FEW,SCT,BKN,M,800.00,2500.00,4400.00,M,M,M,M,M,M,M,M,51.80,FAOR 070600Z 07012KT 9999 FEW008 SCT025 BKN044 11/09 Q1032 NOSIG,M
FAOR,2026-09-07 06:30,51.80,48.20,87.47,60.00,14.00,0.00,30.47,M,6.21,M,FEW,BKN,M,M,900.00,2200.00,M,M,M,M,M,M,M,M,M,51.80,FAOR 070630Z 06014KT 9999 FEW009 BKN022 11/09 Q1032 NOSIG,M
FAOR,2026-09-07 07:00,53.60,50.00,87.56,60.00,13.00,0.00,30.50,M,6.21,M,FEW,BKN,M,M,1300.00,2000.00,M,M,M,M,M,M,M,M,M,53.60,FAOR 070700Z 06013KT 9999 FEW013 BKN020 12/10 Q1033 NOSIG,M
FAOR,2026-09-07 07:30,57.20,50.00,76.83,50.00,13.00,0.00,30.50,M,6.21,M,FEW,SCT,BKN,M,1300.00,1900.00,4600.00,M,M,M,M,M,M,M,M,57.20,FAOR 070730Z 05013KT 9999 FEW013 SCT019 BKN046 14/10 Q1033 NOSIG,M
FAOR,2026-09-07 08:00,57.20,50.00,76.83,50.00,11.00,0.00,30.50,M,6.21,M,FEW,BKN,M,M,1300.00,4700.00,M,M,M,M,M,M,M,M,M,57.20,FAOR 070800Z 05011KT 9999 FEW013 BKN047 14/10 Q1033 NOSIG,M
FAOR,2026-09-07 08:30,60.80,51.80,72.21,30.00,17.00,0.00,30.50,M,6.21,M,SCT,BKN,M,M,1600.00,4900.00,M,M,M,M,M,M,M,M,M,60.80,FAOR 070830Z 03017KT 9999 SCT016 BKN049 16/11 Q1033 NOSIG,M
FAOR,2026-09-07 09:00,60.80,51.80,72.21,20.00,17.00,0.00,30.50,M,6.21,M,BKN,M,M,M,1700.00,M,M,M,M,M,M,M,M,M,M,60.80,FAOR 070900Z 02017KT 9999 BKN017 16/11 Q1033 NOSIG,M
FAOR,2026-09-07 09:30,60.80,51.80,72.21,30.00,15.00,0.00,30.50,M,6.21,M,BKN,M,M,M,1700.00,M,M,M,M,M,M,M,M,M,M,60.80,FAOR 070930Z 03015KT 9999 BKN017 16/11 Q1033 NOSIG,M
FAOR,2026-09-07 10:00,59.00,50.00,72.02,40.00,14.00,0.00,30.47,M,6.21,M,BKN,BKN,M,M,2000.00,2600.00,M,M,M,M,M,M,M,M,M,59.00,FAOR 071000Z 04014KT 9999 BKN020 BKN026 15/10 Q1032 NOSIG,M
FAOR,2026-09-07 10:30,60.80,51.80,72.21,20.00,14.00,0.00,30.47,M,6.21,M,BKN,OVC,M,M,2000.00,2500.00,M,M,M,M,M,M,M,M,M,60.80,FAOR 071030Z 02014KT 9999 BKN020 OVC025 16/11 Q1032 NOSIG,M
FAOR,2026-09-07 11:00,60.80,51.80,72.21,10.00,15.00,0.00,30.47,M,6.21,M,BKN,OVC,M,M,2200.00,2800.00,M,M,M,M,M,M,M,M,M,60.80,FAOR 071100Z 01015KT 9999 BKN022 OVC028 16/11 Q1032 NOSIG,M
FAOR,2026-09-07 11:30,59.00,50.00,72.02,10.00,14.00,0.00,30.47,M,6.21,M,SCT,OVC,M,M,2100.00,2600.00,M,M,M,M,M,M,M,M,M,59.00,FAOR 071130Z 01014KT 9999 SCT021 OVC026 15/10 Q1032 NOSIG,M
FAOR,2026-09-07 12:00,60.80,50.00,67.55,360.00,13.00,0.00,30.45,M,6.21,M,SCT,OVC,M,M,2100.00,2600.00,M,M,M,M,M,M,M,M,M,60.80,FAOR 071200Z 36013KT 310V030 9999 SCT021 OVC026 16/10 Q1031 NOSIG,M
FAOR,2026-09-07 12:30,60.80,50.00,67.55,10.00,13.00,0.00,30.45,M,6.21,M,SCT,OVC,M,M,2100.00,2800.00,M,M,M,M,M,M,M,M,M,60.80,FAOR 071230Z 01013KT 9999 SCT021 OVC028 16/10 Q1031 NOSIG,M
FAOR,2026-09-07 13:00,59.00,51.80,76.99,360.00,12.00,0.00,30.45,M,6.21,M,FEW,OVC,M,M,2000.00,2800.00,M,M,-DZ,M,M,M,M,M,M,59.00,FAOR 071300Z 36012KT 9999 -DZ FEW020 OVC028 15/11 Q1031 NOSIG,M
FAOR,2026-09-07 13:30,57.20,53.60,87.75,350.00,10.00,0.00,30.45,M,2.17,M,FEW,OVC,M,M,2000.00,2800.00,M,M,RA,M,M,M,M,M,M,57.20,FAOR 071330Z 35010KT 3500 RA FEW020 OVC028 14/12 Q1031 NOSIG,M
FAOR,2026-09-07 14:00,57.20,53.60,87.75,20.00,10.00,0.00,30.45,M,6.21,M,FEW,BKN,M,M,1600.00,2800.00,M,M,-RA,M,M,M,M,M,M,57.20,FAOR 071400Z 02010KT 9999 -RA FEW016 BKN028 14/12 Q1031 NOSIG,M
FAOR,2026-09-07 14:30,57.20,53.60,87.75,30.00,8.00,0.00,30.45,M,6.21,M,FEW,BKN,M,M,1600.00,2800.00,M,M,M,M,M,M,M,M,M,57.20,FAOR 071430Z 03008KT 9999 FEW016 BKN028 14/12 Q1031 NOSIG,M
FAOR,2026-09-07 15:00,57.20,53.60,87.75,30.00,10.00,0.00,30.45,M,6.21,M,FEW,BKN,M,M,1600.00,2800.00,M,M,M,M,M,M,M,M,M,57.20,FAOR 071500Z 03010KT 9999 FEW016 BKN028 14/12 Q1031 NOSIG,M
FAOR,2026-09-07 15:30,57.20,53.60,87.75,30.00,10.00,0.00,30.45,M,6.21,M,BKN,M,M,M,4300.00,M,M,M,M,M,M,M,M,M,M,57.20,FAOR 071530Z 03010KT 9999 BKN043 14/12 Q1031 NOSIG,M
FAOR,2026-09-07 16:00,57.20,51.80,82.13,30.00,9.00,0.00,30.47,M,6.21,M,BKN,M,M,M,4300.00,M,M,M,M,M,M,M,M,M,M,57.20,FAOR 071600Z 03009KT 9999 BKN043 14/11 Q1032 NOSIG,M
FAOR,2026-09-07 16:30,57.20,53.60,87.75,30.00,7.00,0.00,30.47,M,6.21,M,BKN,M,M,M,4300.00,M,M,M,M,M,M,M,M,M,M,57.20,FAOR 071630Z 03007KT 9999 BKN043 14/12 Q1032 NOSIG,M
FAOR,2026-09-07 17:00,57.20,53.60,87.75,40.00,6.00,0.00,30.47,M,6.21,M,SCT,BKN,M,M,2000.00,3400.00,M,M,M,M,M,M,M,M,M,57.20,FAOR 071700Z 04006KT 9999 SCT020 BKN034 14/12 Q1032 NOSIG,M
FAOR,2026-09-07 17:30,57.20,53.60,87.75,50.00,4.00,0.00,30.50,M,6.21,M,SCT,BKN,M,M,2000.00,3400.00,M,M,-RA,M,M,M,M,M,M,57.20,FAOR 071730Z 05004KT 9999 -RA SCT020 BKN034 14/12 Q1033 NOSIG,M
FAOR,2026-09-07 18:00,57.20,53.60,87.75,40.00,5.00,0.00,30.50,M,6.21,M,SCT,BKN,M,M,2000.00,3400.00,M,M,-RA,M,M,M,M,M,M,57.20,FAOR 071800Z 04005KT 010V070 9999 -RA SCT020 BKN034 14/12 Q1033 NOSIG,M
FAOR,2026-09-07 18:30,55.40,53.60,93.65,70.00,5.00,0.00,30.50,M,6.21,M,SCT,BKN,M,M,3500.00,4000.00,M,M,M,M,M,M,M,M,M,55.40,FAOR 071830Z 07005KT 030V090 9999 SCT035 BKN040 13/12 Q1033 RERA NOSIG,M
FAOR,2026-09-07 19:00,55.40,53.60,93.65,80.00,7.00,0.00,30.50,M,6.21,M,SCT,BKN,M,M,3500.00,4000.00,M,M,M,M,M,M,M,M,M,55.40,FAOR 071900Z 08007KT 030V090 9999 SCT035 BKN040 13/12 Q1033 NOSIG,M
FAOR,2026-09-07 19:30,53.60,51.80,93.60,90.00,10.00,0.00,30.50,M,5.59,M,SCT,BKN,M,M,500.00,2000.00,M,M,-RA,M,M,M,M,M,M,53.60,FAOR 071930Z 09010KT 9000 -RA SCT005 BKN020 12/11 Q1033 BECMG BKN005,M
FAOR,2026-09-07 20:00,53.60,51.80,93.60,80.00,10.00,0.00,30.53,M,4.35,M,BKN,FEW,M,M,500.00,3500.00,M,M,-TSRA,M,M,M,M,M,M,53.60,FAOR 072000Z 08010KT 7000 -TSRA BKN005 FEW035CB 12/11 Q1034 BECMG 9999 NSW,M
FAOR,2026-09-07 20:30,53.60,51.80,93.60,60.00,9.00,0.00,30.53,M,3.73,M,BKN,OVC,M,M,500.00,1500.00,M,M,-RA,M,M,M,M,M,M,53.60,FAOR 072030Z 06009KT 6000 -RA BKN005 OVC015 12/11 Q1034 TEMPO 5000 BR,M
FAOR,2026-09-07 21:00,53.60,51.80,93.60,50.00,8.00,0.00,30.53,M,3.11,M,OVC,M,M,M,500.00,M,M,M,BR,M,M,M,M,M,M,53.60,FAOR 072100Z 05008KT 5000 BR OVC005 12/11 Q1034 NOSIG,M
FAOR,2026-09-07 22:00,53.60,51.80,93.60,20.00,11.00,0.00,30.53,M,3.11,M,OVC,M,M,M,500.00,M,M,M,BR,M,M,M,M,M,M,53.60,FAOR 072200Z 02011KT 5000 BR OVC005 12/11 Q1034 NOSIG,M
FAOR,2026-09-08 00:00,51.80,50.00,93.55,20.00,9.00,0.00,30.50,M,6.21,M,OVC,M,M,M,500.00,M,M,M,M,M,M,M,M,M,M,51.80,FAOR 080000Z 02009KT 9999 OVC005 11/10 Q1033 NOSIG,M
FAOR,2026-09-08 01:00,51.80,50.00,93.55,30.00,8.00,0.00,30.50,M,6.21,M,OVC,M,M,M,500.00,M,M,M,M,M,M,M,M,M,M,51.80,FAOR 080100Z 03008KT 9999 OVC005 11/10 Q1033 NOSIG,M
FAOR,2026-09-08 02:00,51.80,50.00,93.55,20.00,8.00,0.00,30.47,M,6.21,M,OVC,M,M,M,500.00,M,M,M,M,M,M,M,M,M,M,51.80,FAOR 080200Z 02008KT 9999 OVC005 11/10 Q1032 NOSIG,M
FAOR,2026-09-08 02:30,51.80,50.00,93.55,30.00,8.00,0.00,30.47,M,6.21,M,OVC,M,M,M,300.00,M,M,M,M,M,M,M,M,M,M,51.80,FAOR 080230Z 03008KT 9999 OVC003 11/10 Q1032 NOSIG,M
FAOR,2026-09-08 03:00,51.80,50.00,93.55,30.00,7.00,0.00,30.47,M,3.11,M,OVC,M,M,M,200.00,M,M,M,BR,M,M,M,M,M,M,51.80,FAOR 080300Z 03007KT 5000 BR OVC002 11/10 Q1032 NOSIG,M
FAOR,2026-09-08 03:30,51.80,50.00,93.55,30.00,9.00,0.00,30.50,M,3.11,M,OVC,M,M,M,200.00,M,M,M,BR,M,M,M,M,M,M,51.80,FAOR 080330Z 03009KT 5000 BR OVC002 11/10 Q1033 NOSIG,M
FAOR,2026-09-08 04:00,50.00,50.00,100.00,30.00,9.00,0.00,30.50,M,5.59,M,OVC,M,M,M,300.00,M,M,M,M,M,M,M,M,M,M,50.00,FAOR 080400Z 03009KT 9000 OVC003 10/10 Q1033 NOSIG,M
FAOR,2026-09-08 04:30,51.80,50.00,93.55,40.00,9.00,0.00,30.50,M,6.21,M,FEW,OVC,M,M,400.00,600.00,M,M,M,M,M,M,M,M,M,51.80,FAOR 080430Z 04009KT 9999 FEW004 OVC006 11/10 Q1033 NOSIG,M
FAOR,2026-09-08 05:00,50.00,50.00,100.00,40.00,8.00,0.00,30.53,M,6.21,M,SCT,M,M,M,500.00,M,M,M,M,M,M,M,M,M,M,50.00,FAOR 080500Z 04008KT 9999 SCT005 10/10 Q1034 NOSIG,M
FAOR,2026-09-08 05:30,51.80,50.00,93.55,30.00,9.00,0.00,30.53,M,6.21,19.00,SCT,BKN,M,M,400.00,3000.00,M,M,M,M,M,M,M,M,M,51.80,FAOR 080530Z 03009G19KT 9999 SCT004 BKN030 11/10 Q1034 NOSIG,M
FAOR,2026-09-08 06:00,51.80,50.00,93.55,40.00,8.00,0.00,30.53,M,6.21,M,FEW,OVC,M,M,400.00,3000.00,M,M,M,M,M,M,M,M,M,51.80,FAOR 080600Z 04008KT 9999 FEW004 OVC030 11/10 Q1034 NOSIG,M
FAOR,2026-09-08 06:30,53.60,50.00,87.56,50.00,9.00,0.00,30.53,M,6.21,M,FEW,BKN,BKN,M,600.00,3200.00,3700.00,M,M,M,M,M,M,M,M,53.60,FAOR 080630Z 05009KT 9999 FEW006 BKN032 BKN037 12/10 Q1034 NOSIG,M
FAOR,2026-09-08 07:00,53.60,50.00,87.56,50.00,9.00,0.00,30.53,M,6.21,M,BKN,M,M,M,600.00,M,M,M,M,M,M,M,M,M,M,53.60,FAOR 080700Z 05009KT 9999 BKN006 12/10 Q1034 NOSIG,M
FAOR,2026-09-08 07:30,55.40,50.00,82.00,20.00,9.00,0.00,30.56,M,6.21,M,BKN,BKN,M,M,700.00,900.00,M,M,M,M,M,M,M,M,M,55.40,FAOR 080730Z 02009KT 9999 BKN007 BKN009 13/10 Q1035 NOSIG,M
FAOR,2026-09-08 08:00,59.00,51.80,76.99,30.00,9.00,0.00,30.53,M,6.21,M,FEW,BKN,M,M,1000.00,1200.00,M,M,M,M,M,M,M,M,M,59.00,FAOR 080800Z 03009KT 9999 FEW010 BKN012 15/11 Q1034 NOSIG,M
FAOR,2026-09-08 08:30,59.00,50.00,72.02,20.00,8.00,0.00,30.53,M,6.21,M,SCT,BKN,M,M,1400.00,3800.00,M,M,M,M,M,M,M,M,M,59.00,FAOR 080830Z 02008KT 350V060 9999 SCT014 BKN038 15/10 Q1034 NOSIG,M
FAOR,2026-09-08 09:00,62.60,51.80,67.76,30.00,8.00,0.00,30.53,M,6.21,M,SCT,BKN,M,M,1800.00,3700.00,M,M,M,M,M,M,M,M,M,62.60,FAOR 080900Z 03008KT 350V070 9999 SCT018 BKN037 17/11 Q1034 NOSIG,M
FAOR,2026-09-08 09:30,60.80,50.00,67.55,20.00,9.00,0.00,30.53,M,6.21,M,SCT,BKN,BKN,M,2200.00,2500.00,3600.00,M,M,M,M,M,M,M,M,60.80,FAOR 080930Z 02009KT 290V060 9999 SCT022 BKN025 BKN036 16/10 Q1034 NOSIG,M
FAOR,2026-09-08 10:00,62.60,50.00,63.39,360.00,7.00,0.00,30.53,M,6.21,M,FEW,SCT,BKN,M,1600.00,2400.00,3800.00,M,M,M,M,M,M,M,M,62.60,FAOR 081000Z 36007KT 310V050 9999 FEW016 SCT024 BKN038 17/10 Q1034 NOSIG,M
FAOR,2026-09-08 10:30,62.60,50.00,63.39,30.00,9.00,0.00,30.50,M,6.21,M,SCT,SCT,BKN,M,2800.00,3200.00,4500.00,M,M,M,M,M,M,M,M,62.60,FAOR 081030Z 03009KT 9999 SCT028 SCT032 BKN045 17/10 Q1033 NOSIG,M
FAOR,2026-09-08 11:00,62.60,48.20,59.27,350.00,7.00,0.00,30.47,M,6.21,M,SCT,M,M,M,2900.00,M,M,M,M,M,M,M,M,M,M,62.60,FAOR 081100Z 35007KT 300V070 9999 SCT029 17/09 Q1032 NOSIG,M
FAOR,2026-09-08 11:30,64.40,48.20,55.65,M,5.00,0.00,30.47,M,6.21,M,SCT,M,M,M,3000.00,M,M,M,M,M,M,M,M,M,M,64.40,FAOR 081130Z VRB05KT 9999 SCT030 18/09 Q1032 NOSIG,M
FAOR,2026-09-08 12:00,62.60,48.20,59.27,M,4.00,0.00,30.47,M,6.21,M,SCT,M,M,M,3500.00,M,M,M,M,M,M,M,M,M,M,62.60,FAOR 081200Z VRB04KT 9999 SCT035 17/09 Q1032 NOSIG,M
FAOR,2026-09-08 12:30,64.40,46.40,52.00,60.00,4.00,0.00,30.45,M,6.21,M,SCT,M,M,M,3500.00,M,M,M,M,M,M,M,M,M,M,64.40,FAOR 081230Z 06004KT 360V110 9999 SCT035 18/08 Q1031 NOSIG,M
FAOR,2026-09-08 13:00,66.20,50.00,55.91,30.00,6.00,0.00,30.45,M,6.21,M,SCT,M,M,M,3500.00,M,M,M,M,M,M,M,M,M,M,66.20,FAOR 081300Z 03006KT 360V080 9999 SCT035 19/10 Q1031 NOSIG,M
FAOR,2026-09-08 13:30,64.40,48.20,55.65,10.00,6.00,0.00,30.45,M,6.21,M,FEW,M,M,M,3500.00,M,M,M,M,M,M,M,M,M,M,64.40,FAOR 081330Z 01006KT 310V030 9999 FEW035 18/09 Q1031 NOSIG,M
FAOR,2026-09-08 14:00,64.40,48.20,55.65,30.00,8.00,0.00,30.45,M,6.21,M,FEW,M,M,M,3800.00,M,M,M,M,M,M,M,M,M,M,64.40,FAOR 081400Z 03008KT 350V070 9999 FEW038 18/09 Q1031 NOSIG,M
FAOR,2026-09-08 14:30,64.40,48.20,55.65,30.00,6.00,0.00,30.45,M,6.21,M,FEW,M,M,M,4500.00,M,M,M,M,M,M,M,M,M,M,64.40,FAOR 081430Z 03006KT 360V060 9999 FEW045 18/09 Q1031 NOSIG,M
FAOR,2026-09-08 15:00,62.60,46.40,55.39,20.00,6.00,0.00,30.45,M,6.21,M,FEW,M,M,M,4000.00,M,M,M,M,M,M,M,M,M,M,62.60,FAOR 081500Z 02006KT 350V060 9999 FEW040 17/08 Q1031 NOSIG,M
FAOR,2026-09-08 15:30,62.60,48.20,59.27,40.00,4.00,0.00,30.45,M,6.21,M,FEW,M,M,M,3600.00,M,M,M,M,M,M,M,M,M,M,62.60,FAOR 081530Z 04004KT 9999 FEW036 17/09 Q1031 NOSIG,M
FAOR,2026-09-08 16:00,60.80,48.20,63.16,50.00,4.00,0.00,30.45,M,6.21,M,M,M,M,M,M,M,M,M,M,M,M,M,M,M,M,60.80,FAOR 081600Z 05004KT CAVOK 16/09 Q1031 NOSIG,M
FAOR,2026-09-08 16:30,60.80,48.20,63.16,50.00,3.00,0.00,30.47,M,6.21,M,M,M,M,M,M,M,M,M,M,M,M,M,M,M,M,60.80,FAOR 081630Z 05003KT 360V080 CAVOK 16/09 Q1032 NOSIG,M
FAOR,2026-09-08 17:00,57.20,48.20,71.84,50.00,3.00,0.00,30.47,M,6.21,M,M,M,M,M,M,M,M,M,M,M,M,M,M,M,M,57.20,FAOR 081700Z 05003KT 020V080 CAVOK 14/09 Q1032 NOSIG,M
FAOR,2026-09-08 17:30,59.00,48.20,67.34,50.00,4.00,0.00,30.47,M,6.21,M,M,M,M,M,M,M,M,M,M,M,M,M,M,M,M,59.00,FAOR 081730Z 05004KT 010V090 CAVOK 15/09 Q1032 NOSIG,M
FAOR,2026-09-08 18:00,57.20,48.20,71.84,70.00,3.00,0.00,30.47,M,6.21,M,M,M,M,M,M,M,M,M,M,M,M,M,M,M,M,57.20,FAOR 081800Z 07003KT CAVOK 14/09 Q1032 NOSIG,M
FAOR,2026-09-08 18:30,55.40,48.20,76.67,M,1.00,0.00,30.47,M,6.21,M,M,M,M,M,M,M,M,M,M,M,M,M,M,M,M,55.40,FAOR 081830Z VRB01KT CAVOK 13/09 Q1032 NOSIG,M
FAOR,2026-09-08 19:00,55.40,48.20,76.67,M,2.00,0.00,30.50,M,6.21,M,M,M,M,M,M,M,M,M,M,M,M,M,M,M,M,55.40,FAOR 081900Z VRB02KT CAVOK 13/09 Q1033 NOSIG,M
FAOR,2026-09-08 19:30,57.20,48.20,71.84,20.00,6.00,0.00,30.50,M,6.21,M,M,M,M,M,M,M,M,M,M,M,M,M,M,M,M,57.20,FAOR 081930Z 02006KT 350V050 CAVOK 14/09 Q1033 NOSIG,M
FAOR,2026-09-08 20:00,59.00,48.20,67.34,340.00,6.00,0.00,30.50,M,6.21,M,M,M,M,M,M,M,M,M,M,M,M,M,M,M,M,59.00,FAOR 082000Z 34006KT CAVOK 15/09 Q1033 NOSIG,M
FAOR,2026-09-08 20:30,57.20,48.20,71.84,10.00,8.00,0.00,30.50,M,6.21,M,SCT,M,M,M,4500.00,M,M,M,M,M,M,M,M,M,M,57.20,FAOR 082030Z 01008KT 230V030 9999 SCT045 14/09 Q1033 NOSIG,M
FAOR,2026-09-08 21:00,53.60,48.20,81.87,40.00,4.00,0.00,30.50,M,6.21,M,SCT,M,M,M,4500.00,M,M,M,M,M,M,M,M,M,M,53.60,FAOR 082100Z 04004KT 9999 SCT045 12/09 Q1033 NOSIG,M
FAOR,2026-09-08 22:00,51.80,48.20,87.47,10.00,9.00,0.00,30.50,M,6.21,M,M,M,M,M,M,M,M,M,M,M,M,M,M,M,M,51.80,FAOR 082200Z 01009KT CAVOK 11/09 Q1033 NOSIG,M
FAOR,2026-09-08 23:00,51.80,48.20,87.47,360.00,10.00,0.00,30.50,M,6.21,M,M,M,M,M,M,M,M,M,M,M,M,M,M,M,M,51.80,FAOR 082300Z 36010KT CAVOK 11/09 Q1033 NOSIG,M
FAOR,2026-09-09 00:00,51.80,48.20,87.47,340.00,9.00,0.00,30.47,M,6.21,M,BKN,M,M,M,700.00,M,M,M,M,M,M,M,M,M,M,51.80,FAOR 090000Z 34009KT 9999 BKN007 11/09 Q1032 NOSIG,M
FAOR,2026-09-09 01:00,51.80,48.20,87.47,350.00,9.00,0.00,30.47,M,6.21,M,OVC,M,M,M,500.00,M,M,M,M,M,M,M,M,M,M,51.80,FAOR 090100Z 35009KT 9999 OVC005 11/09 Q1032 NOSIG,M
FAOR,2026-09-09 02:00,50.00,48.20,93.50,350.00,10.00,0.00,30.47,M,6.21,M,OVC,M,M,M,500.00,M,M,M,M,M,M,M,M,M,M,50.00,FAOR 090200Z 35010KT 9999 OVC005 10/09 Q1032 NOSIG,M
FAOR,2026-09-09 02:30,50.00,48.20,93.50,360.00,8.00,0.00,30.47,M,6.21,M,SCT,BKN,M,M,900.00,1100.00,M,M,M,M,M,M,M,M,M,50.00,FAOR 090230Z 36008KT 9999 SCT009 BKN011 10/09 Q1032 NOSIG,M
FAOR,2026-09-09 03:00,50.00,48.20,93.50,360.00,8.00,0.00,30.47,M,6.21,M,SCT,BKN,M,M,900.00,1100.00,M,M,M,M,M,M,M,M,M,50.00,FAOR 090300Z 36008KT 9999 SCT009 BKN011 10/09 Q1032 NOSIG,M
FAOR,2026-09-09 03:30,50.00,48.20,93.50,350.00,8.00,0.00,30.47,M,6.21,M,SCT,BKN,M,M,900.00,1100.00,M,M,M,M,M,M,M,M,M,50.00,FAOR 090330Z 35008KT 9999 SCT009 BKN011 10/09 Q1032 NOSIG,M
FAOR,2026-09-09 04:00,50.00,46.40,87.37,360.00,7.00,0.00,30.47,M,6.21,M,SCT,M,M,M,900.00,M,M,M,M,M,M,M,M,M,M,50.00,FAOR 090400Z 36007KT 9999 SCT009 10/08 Q1032 NOSIG,M
FAOR,2026-09-09 04:30,48.20,46.40,93.45,360.00,6.00,0.00,30.47,M,6.21,M,FEW,M,M,M,1000.00,M,M,M,M,M,M,M,M,M,M,45.04,FAOR 090430Z 36006KT 9999 FEW010 09/08 Q1032 NOSIG,M
FAOR,2026-09-09 05:00,50.00,48.20,93.50,10.00,6.00,0.00,30.47,M,6.21,M,FEW,M,M,M,1000.00,M,M,M,M,M,M,M,M,M,M,50.00,FAOR 090500Z 01006KT 9999 FEW010 10/09 Q1032 NOSIG,M
FAOR,2026-09-09 05:30,50.00,48.20,93.50,360.00,9.00,0.00,30.50,M,6.21,M,BKN,M,M,M,1000.00,M,M,M,M,M,M,M,M,M,M,50.00,FAOR 090530Z 36009KT 9999 BKN010 10/09 Q1033 BECMG BKN015,M
FAOR,2026-09-09 06:00,51.80,48.20,87.47,360.00,8.00,0.00,30.50,M,6.21,M,BKN,M,M,M,1000.00,M,M,M,M,M,M,M,M,M,M,51.80,FAOR 090600Z 36008KT 9999 BKN010 11/09 Q1033 BECMG BKN015,M
FAOR,2026-09-09 06:30,53.60,50.00,87.56,10.00,8.00,0.00,30.50,M,6.21,M,BKN,M,M,M,900.00,M,M,M,M,M,M,M,M,M,M,53.60,FAOR 090630Z 01008KT 9999 BKN009 12/10 Q1033 BECMG BKN013,M
FAOR,2026-09-09 07:00,53.60,48.20,81.87,30.00,6.00,0.00,30.50,M,6.21,M,BKN,M,M,M,900.00,M,M,M,M,M,M,M,M,M,M,53.60,COR FAOR 090700Z 03006KT 350V060 9999 BKN009 12/09 Q1033 BECMG BKN013,M
FAOR,2026-09-09 07:30,55.40,48.20,76.67,20.00,6.00,0.00,30.50,M,6.21,M,BKN,M,M,M,1000.00,M,M,M,M,M,M,M,M,M,M,55.40,FAOR 090730Z 02006KT 340V050 9999 BKN010 13/09 Q1033 BECMG BKN015,M
FAOR,2026-09-09 08:00,57.20,48.20,71.84,10.00,5.00,0.00,30.50,M,6.21,M,SCT,M,M,M,1300.00,M,M,M,M,M,M,M,M,M,M,57.20,FAOR 090800Z 01005KT 330V050 9999 SCT013 14/09 Q1033 NOSIG,M
FAOR,2026-09-09 08:30,59.00,50.00,72.02,M,5.00,0.00,30.50,M,6.21,M,SCT,M,M,M,1500.00,M,M,M,M,M,M,M,M,M,M,59.00,FAOR 090830Z VRB05KT 9999 SCT015 15/10 Q1033 NOSIG,M
FAOR,2026-09-09 09:00,60.80,50.00,67.55,M,6.00,0.00,30.50,M,6.21,M,SCT,M,M,M,2000.00,M,M,M,M,M,M,M,M,M,M,60.80,FAOR 090900Z VRB06KT 9999 SCT020 16/10 Q1033 NOSIG,M
FAOR,2026-09-09 09:30,62.60,50.00,63.39,40.00,6.00,0.00,30.50,M,5.59,M,SCT,M,M,M,2500.00,M,M,M,M,M,M,M,M,M,M,62.60,FAOR 090930Z 04006KT 320V100 9000 SCT025 17/10 Q1033 NOSIG,M
FAOR,2026-09-09 10:00,64.40,51.80,63.62,10.00,5.00,0.00,30.50,M,6.21,M,SCT,M,M,M,2500.00,M,M,M,M,M,M,M,M,M,M,64.40,FAOR 091000Z 01005KT 270V060 9999 SCT025 18/11 Q1033 NOSIG,M
FAOR,2026-09-09 10:30,66.20,50.00,55.91,M,6.00,0.00,30.47,M,6.21,M,SCT,M,M,M,3000.00,M,M,M,M,M,M,M,M,M,M,66.20,FAOR 091030Z VRB06KT 9999 SCT030 19/10 Q1032 NOSIG,M
FAOR,2026-09-09 11:00,64.40,48.20,55.65,60.00,6.00,0.00,30.47,M,6.21,M,SCT,M,M,M,3000.00,M,M,M,M,M,M,M,M,M,M,64.40,FAOR 091100Z 06006KT 020V120 9999 SCT030 18/09 Q1032 NOSIG,M
FAOR,2026-09-09 11:30,64.40,48.20,55.65,70.00,7.00,0.00,30.45,M,6.21,M,SCT,M,M,M,3500.00,M,M,M,M,M,M,M,M,M,M,64.40,FAOR 091130Z 07007KT 350V110 9999 SCT035 18/09 Q1031 NOSIG,M
FAOR,2026-09-09 12:00,66.20,46.40,48.85,40.00,5.00,0.00,30.45,M,6.21,M,SCT,M,M,M,4000.00,M,M,M,M,M,M,M,M,M,M,66.20,FAOR 091200Z 04005KT 350V100 9999 SCT040 19/08 Q1031 NOSIG,M
FAOR,2026-09-09 12:30,66.20,48.20,52.27,40.00,8.00,0.00,30.42,M,6.21,M,SCT,M,M,M,4000.00,M,M,M,M,M,M,M,M,M,M,66.20,FAOR 091230Z 04008KT 340V080 9999 SCT040 19/09 Q1030 NOSIG,M
FAOR,2026-09-09 13:00,66.20,46.40,48.85,50.00,6.00,0.00,30.42,M,6.21,M,FEW,M,M,M,4000.00,M,M,M,M,M,M,M,M,M,M,66.20,FAOR 091300Z 05006KT 360V110 9999 FEW040 19/08 Q1030 NOSIG,M
FAOR,2026-09-09 13:30,66.20,46.40,48.85,M,5.00,0.00,30.42,M,6.21,M,FEW,M,M,M,4500.00,M,M,M,M,M,M,M,M,M,M,66.20,FAOR 091330Z VRB05KT 9999 FEW045 19/08 Q1030 NOSIG,M
FAOR,2026-09-09 14:00,69.80,46.40,43.16,50.00,6.00,0.00,30.42,M,6.21,M,FEW,M,M,M,4800.00,M,M,M,M,M,M,M,M,M,M,69.80,FAOR 091400Z 05006KT 300V080 9999 FEW048 21/08 Q1030 NOSIG,M
FAOR,2026-09-09 14:30,66.20,46.40,48.85,30.00,5.00,0.00,30.42,M,6.21,M,FEW,M,M,M,4000.00,M,M,M,M,M,M,M,M,M,M,66.20,FAOR 091430Z 03005KT 330V070 9999 FEW040 19/08 Q1030 NOSIG,M
FAOR,2026-09-09 15:00,66.20,46.40,48.85,40.00,5.00,0.00,30.42,M,6.21,M,FEW,M,M,M,4500.00,M,M,M,M,M,M,M,M,M,M,66.20,FAOR 091500Z 04005KT 9999 FEW045 19/08 Q1030 NOSIG,M
FAOR,2026-09-09 15:30,64.40,46.40,52.00,60.00,3.00,0.00,30.42,M,6.21,M,M,M,M,M,M,M,M,M,M,M,M,M,M,M,M,64.40,FAOR 091530Z 06003KT CAVOK 18/08 Q1030 NOSIG,M
FAOR,2026-09-09 16:00,64.40,46.40,52.00,60.00,4.00,0.00,30.42,M,6.21,M,M,M,M,M,M,M,M,M,M,M,M,M,M,M,M,64.40,FAOR 091600Z 06004KT CAVOK 18/08 Q1030 NOSIG,M
FAOR,2026-09-09 16:30,62.60,46.40,55.39,60.00,3.00,0.00,30.42,M,6.21,M,M,M,M,M,M,M,M,M,M,M,M,M,M,M,M,62.60,FAOR 091630Z 06003KT CAVOK 17/08 Q1030 NOSIG,M
FAOR,2026-09-09 17:00,62.60,46.40,55.39,60.00,3.00,0.00,30.42,M,6.21,M,M,M,M,M,M,M,M,M,M,M,M,M,M,M,M,62.60,FAOR 091700Z 06003KT CAVOK 17/08 Q1030 NOSIG,M
FAOR,2026-09-09 17:30,62.60,46.40,55.39,50.00,5.00,0.00,30.42,M,6.21,M,M,M,M,M,M,M,M,M,M,M,M,M,M,M,M,62.60,FAOR 091730Z 05005KT CAVOK 17/08 Q1030 NOSIG,M
FAOR,2026-09-09 18:00,62.60,46.40,55.39,40.00,5.00,0.00,30.42,M,6.21,M,M,M,M,M,M,M,M,M,M,M,M,M,M,M,M,62.60,FAOR 091800Z 04005KT CAVOK 17/08 Q1030 NOSIG,M
FAOR,2026-09-09 18:30,59.00,46.40,62.93,30.00,2.00,0.00,30.42,M,6.21,M,M,M,M,M,M,M,M,M,M,M,M,M,M,M,M,59.00,FAOR 091830Z 03002KT CAVOK 15/08 Q1030 NOSIG,M
FAOR,2026-09-09 19:00,60.80,46.40,59.02,300.00,4.00,0.00,30.45,M,6.21,M,M,M,M,M,M,M,M,M,M,M,M,M,M,M,M,60.80,FAOR 091900Z 30004KT 260V320 CAVOK 16/08 Q1031 NOSIG,M
FAOR,2026-09-09 19:30,59.00,48.20,67.34,300.00,6.00,0.00,30.45,M,6.21,M,M,M,M,M,M,M,M,M,M,M,M,M,M,M,M,59.00,FAOR 091930Z 30006KT CAVOK 15/09 Q1031 NOSIG,M
FAOR,2026-09-09 20:00,57.20,48.20,71.84,330.00,6.00,0.00,30.45,M,5.59,M,NSC,M,M,M,M,M,M,M,M,M,M,M,M,M,M,57.20,FAOR 092000Z 33006KT 9000 NSC 14/09 Q1031 NOSIG,M
FAOR,2026-09-09 21:00,55.40,48.20,76.67,310.00,7.00,0.00,30.45,M,6.21,M,M,M,M,M,M,M,M,M,M,M,M,M,M,M,M,55.40,FAOR 092100Z 31007KT 250V330 CAVOK 13/09 Q1031 NOSIG,M
FAOR,2026-09-09 22:00,57.20,48.20,71.84,280.00,7.00,0.00,30.45,M,5.59,M,NSC,M,M,M,M,M,M,M,M,M,M,M,M,M,M,57.20,FAOR 092200Z 28007KT 9000 NSC 14/09 Q1031 NOSIG,M
FAOR,2026-09-09 23:00,55.40,48.20,76.67,310.00,7.00,0.00,30.45,M,5.59,M,NSC,M,M,M,M,M,M,M,M,M,M,M,M,M,M,55.40,FAOR 092300Z 31007KT 9000 NSC 13/09 Q1031 NOSIG,M
FAOR,2026-09-10 01:00,51.80,44.60,76.34,310.00,8.00,0.00,30.42,M,6.21,M,M,M,M,M,M,M,M,M,M,M,M,M,M,M,M,51.80,FAOR 100100Z 31008KT CAVOK 11/07 Q1030 NOSIG,M
FAOR,2026-09-10 02:00,51.80,42.80,71.26,310.00,7.00,0.00,30.39,M,6.21,M,M,M,M,M,M,M,M,M,M,M,M,M,M,M,M,51.80,FAOR 100200Z 31007KT 260V330 CAVOK 11/06 Q1029 NOSIG,M
FAOR,2026-09-10 03:00,51.80,42.80,71.26,310.00,5.00,0.00,30.42,M,6.21,M,M,M,M,M,M,M,M,M,M,M,M,M,M,M,M,51.80,FAOR 100300Z 31005KT CAVOK 11/06 Q1030 NOSIG,M
FAOR,2026-09-10 04:00,50.00,42.80,76.17,M,2.00,0.00,30.42,M,6.21,M,M,M,M,M,M,M,M,M,M,M,M,M,M,M,M,50.00,FAOR 100400Z VRB02KT CAVOK 10/06 Q1030 NOSIG,M
FAOR,2026-09-10 04:30,50.00,41.00,71.06,200.00,2.00,0.00,30.42,M,6.21,M,M,M,M,M,M,M,M,M,M,M,M,M,M,M,M,50.00,FAOR 100430Z 20002KT CAVOK 10/05 Q1030 NOSIG,M
FAOR,2026-09-10 05:00,48.20,44.60,87.28,190.00,4.00,0.00,30.42,M,6.21,M,M,M,M,M,M,M,M,M,M,M,M,M,M,M,M,46.34,FAOR 100500Z 19004KT CAVOK 09/07 Q1030 NOSIG,M
FAOR,2026-09-10 05:30,53.60,46.40,76.51,180.00,5.00,0.00,30.45,M,6.21,M,M,M,M,M,M,M,M,M,M,M,M,M,M,M,M,53.60,FAOR 100530Z 18005KT CAVOK 12/08 Q1031 NOSIG,M
FAOR,2026-09-10 06:00,57.20,46.40,67.13,180.00,5.00,0.00,30.45,M,6.21,M,M,M,M,M,M,M,M,M,M,M,M,M,M,M,M,57.20,FAOR 100600Z 18005KT CAVOK 14/08 Q1031 NOSIG,M
FAOR,2026-09-10 06:30,59.00,48.20,67.34,180.00,7.00,0.00,30.45,M,6.21,M,M,M,M,M,M,M,M,M,M,M,M,M,M,M,M,59.00,FAOR 100630Z 18007KT CAVOK 15/09 Q1031 NOSIG,M
FAOR,2026-09-10 07:00,60.80,48.20,63.16,200.00,7.00,0.00,30.45,M,6.21,M,M,M,M,M,M,M,M,M,M,M,M,M,M,M,M,60.80,FAOR 100700Z 20007KT CAVOK 16/09 Q1031 NOSIG,M
FAOR,2026-09-10 07:30,62.60,48.20,59.27,200.00,7.00,0.00,30.45,M,6.21,M,M,M,M,M,M,M,M,M,M,M,M,M,M,M,M,62.60,FAOR 100730Z 20007KT 170V230 CAVOK 17/09 Q1031 NOSIG,M
FAOR,2026-09-10 08:00,64.40,48.20,55.65,200.00,9.00,0.00,30.45,M,6.21,M,M,M,M,M,M,M,M,M,M,M,M,M,M,M,M,64.40,FAOR 100800Z 20009KT 170V230 CAVOK 18/09 Q1031 NOSIG,M
FAOR,2026-09-10 08:30,66.20,46.40,48.85,190.00,8.00,0.00,30.45,M,6.21,M,FEW,M,M,M,3500.00,M,M,M,M,M,M,M,M,M,M,66.20,FAOR 100830Z 19008KT 150V240 9999 FEW035 19/08 Q1031 NOSIG,M
FAOR,2026-09-10 09:00,68.00,46.40,45.91,140.00,8.00,0.00,30.45,M,6.21,M,M,M,M,M,M,M,M,M,M,M,M,M,M,M,M,68.00,FAOR 100900Z 14008KT 110V180 CAVOK 20/08 Q1031 NOSIG,M
FAOR,2026-09-10 09:30,68.00,44.60,42.87,130.00,6.00,0.00,30.45,M,6.21,M,M,M,M,M,M,M,M,M,M,M,M,M,M,M,M,68.00,FAOR 100930Z 13006KT 060V180 CAVOK 20/07 Q1031 NOSIG,M
FAOR,2026-09-10 10:00,69.80,44.60,40.31,M,5.00,0.00,30.42,M,6.21,M,M,M,M,M,M,M,M,M,M,M,M,M,M,M,M,69.80,FAOR 101000Z VRB05KT CAVOK 21/07 Q1030 NOSIG,M
FAOR,2026-09-10 10:30,71.60,44.60,37.92,140.00,5.00,0.00,30.42,M,6.21,M,M,M,M,M,M,M,M,M,M,M,M,M,M,M,M,71.60,FAOR 101030Z 14005KT 090V180 CAVOK 22/07 Q1030 NOSIG,M
FAOR,2026-09-10 11:00,71.60,44.60,37.92,M,5.00,0.00,30.39,M,6.21,15.00,M,M,M,M,M,M,M,M,M,M,M,M,M,M,M,71.60,FAOR 101100Z VRB05G15KT CAVOK 22/07 Q1029 NOSIG,M
FAOR,2026-09-10 11:30,71.60,42.80,35.40,M,5.00,0.00,30.39,M,6.21,M,M,M,M,M,M,M,M,M,M,M,M,M,M,M,M,71.60,FAOR 101130Z VRB05KT CAVOK 22/06 Q1029 NOSIG,M
FAOR,2026-09-10 12:00,73.40,39.20,28.98,M,6.00,0.00,30.36,M,6.21,M,M,M,M,M,M,M,M,M,M,M,M,M,M,M,M,73.40,FAOR 101200Z VRB06KT CAVOK 23/04 Q1028 NOSIG,M
FAOR,2026-09-10 12:30,73.40,37.40,27.00,240.00,5.00,0.00,30.36,M,6.21,M,M,M,M,M,M,M,M,M,M,M,M,M,M,M,M,73.40,FAOR 101230Z 24005KT 200V290 CAVOK 23/03 Q1028 NOSIG,M
FAOR,2026-09-10 13:00,73.40,37.40,27.00,M,3.00,0.00,30.33,M,6.21,M,M,M,M,M,M,M,M,M,M,M,M,M,M,M,M,73.40,FAOR 101300Z VRB03KT CAVOK 23/03 Q1027 NOSIG,M
FAOR,2026-09-10 13:30,73.40,37.40,27.00,270.00,5.00,0.00,30.33,M,6.21,M,M,M,M,M,M,M,M,M,M,M,M,M,M,M,M,73.40,FAOR 101330Z 27005KT 180V330 CAVOK 23/03 Q1027 NOSIG,M
FAOR,2026-09-10 14:00,73.40,37.40,27.00,M,2.00,0.00,30.33,M,6.21,M,M,M,M,M,M,M,M,M,M,M,M,M,M,M,M,73.40,FAOR 101400Z VRB02KT CAVOK 23/03 Q1027 NOSIG,M
FAOR,2026-09-10 14:30,71.60,39.20,30.79,160.00,6.00,0.00,30.33,M,6.21,M,M,M,M,M,M,M,M,M,M,M,M,M,M,M,M,71.60,FAOR 101430Z 16006KT 120V200 CAVOK 22/04 Q1027 NOSIG,M
FAOR,2026-09-10 15:00,71.60,39.20,30.79,M,3.00,0.00,30.33,M,6.21,M,M,M,M,M,M,M,M,M,M,M,M,M,M,M,M,71.60,FAOR 101500Z VRB03KT CAVOK 22/04 Q1027 NOSIG,M
FAOR,2026-09-10 15:30,71.60,37.40,28.69,M,2.00,0.00,30.33,M,6.21,M,M,M,M,M,M,M,M,M,M,M,M,M,M,M,M,71.60,FAOR 101530Z VRB02KT CAVOK 22/03 Q1027 NOSIG,M
FAOR,2026-09-10 16:00,69.80,39.20,32.73,M,2.00,0.00,30.36,M,6.21,M,M,M,M,M,M,M,M,M,M,M,M,M,M,M,M,69.80,FAOR 101600Z VRB02KT CAVOK 21/04 Q1028 NOSIG,M
FAOR,2026-09-10 16:30,68.00,39.20,34.81,160.00,4.00,0.00,30.36,M,6.21,M,M,M,M,M,M,M,M,M,M,M,M,M,M,M,M,68.00,FAOR 101630Z 16004KT CAVOK 20/04 Q1028 NOSIG,M
FAOR,2026-09-10 17:00,66.20,42.80,42.59,300.00,5.00,0.00,30.36,M,6.21,M,M,M,M,M,M,M,M,M,M,M,M,M,M,M,M,66.20,FAOR 101700Z 30005KT 250V340 CAVOK 19/06 Q1028 NOSIG,M
FAOR,2026-09-10 17:30,66.20,42.80,42.59,290.00,7.00,0.00,30.39,M,6.21,M,M,M,M,M,M,M,M,M,M,M,M,M,M,M,M,66.20,FAOR 101730Z 29007KT 240V310 CAVOK 19/06 Q1029 NOSIG,M
FAOR,2026-09-10 18:00,68.00,41.00,37.34,M,6.00,0.00,30.39,M,6.21,M,M,M,M,M,M,M,M,M,M,M,M,M,M,M,M,68.00,FAOR 101800Z VRB06KT CAVOK 20/05 Q1029 NOSIG,M
FAOR,2026-09-10 18:30,64.40,41.00,42.30,300.00,5.00,0.00,30.39,M,6.21,M,M,M,M,M,M,M,M,M,M,M,M,M,M,M,M,64.40,FAOR 101830Z 30005KT CAVOK 18/05 Q1029 NOSIG,M
FAOR,2026-09-10 19:00,64.40,41.00,42.30,300.00,5.00,0.00,30.42,M,6.21,M,M,M,M,M,M,M,M,M,M,M,M,M,M,M,M,64.40,FAOR 101900Z 30005KT CAVOK 18/05 Q1030 NOSIG,M
FAOR,2026-09-10 19:30,64.40,39.20,39.44,270.00,4.00,0.00,30.42,M,6.21,M,M,M,M,M,M,M,M,M,M,M,M,M,M,M,M,64.40,FAOR 101930Z 27004KT 220V290 CAVOK 18/04 Q1030 NOSIG,M
FAOR,2026-09-10 20:00,62.60,41.00,45.05,240.00,5.00,0.00,30.42,M,6.21,M,M,M,M,M,M,M,M,M,M,M,M,M,M,M,M,62.60,FAOR 102000Z 24005KT CAVOK 17/05 Q1030 NOSIG,M
FAOR,2026-09-10 20:30,60.80,41.00,48.01,230.00,4.00,0.00,30.42,M,6.21,M,M,M,M,M,M,M,M,M,M,M,M,M,M,M,M,60.80,FAOR 102030Z 23004KT CAVOK 16/05 Q1030 NOSIG,M
FAOR,2026-09-10 21:00,59.00,39.20,47.72,260.00,3.00,0.00,30.42,M,6.21,M,M,M,M,M,M,M,M,M,M,M,M,M,M,M,M,59.00,FAOR 102100Z 26003KT CAVOK 15/04 Q1030 NOSIG,M
FAOR,2026-09-10 22:00,60.80,39.20,44.76,260.00,4.00,0.00,30.39,M,6.21,M,M,M,M,M,M,M,M,M,M,M,M,M,M,M,M,60.80,FAOR 102200Z 26004KT CAVOK 16/04 Q1029 NOSIG,M
FAOR,2026-09-10 23:00,60.80,39.20,44.76,270.00,4.00,0.00,30.39,M,6.21,M,M,M,M,M,M,M,M,M,M,M,M,M,M,M,M,60.80,FAOR 102300Z 27004KT CAVOK 16/04 Q1029 NOSIG,M
FAOR,2026-09-11 00:00,62.60,39.20,42.00,260.00,5.00,0.00,30.39,M,6.21,M,M,M,M,M,M,M,M,M,M,M,M,M,M,M,M,62.60,FAOR 110000Z 26005KT CAVOK 17/04 Q1029 NOSIG,M
FAOR,2026-09-11 01:00,62.60,37.40,39.14,250.00,7.00,0.00,30.36,M,6.21,M,M,M,M,M,M,M,M,M,M,M,M,M,M,M,M,62.60,FAOR 110100Z 25007KT CAVOK 17/03 Q1028 NOSIG,M
FAOR,2026-09-11 02:00,57.20,37.40,47.44,230.00,5.00,0.00,30.36,M,6.21,M,M,M,M,M,M,M,M,M,M,M,M,M,M,M,M,57.20,FAOR 110200Z 23005KT CAVOK 14/03 Q1028 NOSIG,M
FAOR,2026-09-11 02:30,57.20,37.40,47.44,220.00,6.00,0.00,30.36,M,6.21,M,M,M,M,M,M,M,M,M,M,M,M,M,M,M,M,57.20,FAOR 110230Z 22006KT CAVOK 14/03 Q1028 NOSIG,M
FAOR,2026-09-11 03:00,53.60,39.20,58.02,220.00,5.00,0.00,30.36,M,6.21,M,M,M,M,M,M,M,M,M,M,M,M,M,M,M,M,53.60,FAOR 110300Z 22005KT CAVOK 12/04 Q1028 NOSIG,M
FAOR,2026-09-11 03:30,53.60,39.20,58.02,210.00,6.00,0.00,30.36,M,6.21,M,M,M,M,M,M,M,M,M,M,M,M,M,M,M,M,53.60,FAOR 110330Z 21006KT CAVOK 12/04 Q1028 NOSIG,M
FAOR,2026-09-11 04:00,53.60,39.20,58.02,210.00,5.00,0.00,30.36,M,6.21,M,M,M,M,M,M,M,M,M,M,M,M,M,M,M,M,53.60,FAOR 110400Z 21005KT CAVOK 12/04 Q1028 NOSIG,M
FAOR,2026-09-11 04:30,55.40,39.20,54.33,210.00,4.00,0.00,30.36,M,6.21,M,M,M,M,M,M,M,M,M,M,M,M,M,M,M,M,55.40,FAOR 110430Z 21004KT CAVOK 13/04 Q1028 NOSIG,M
FAOR,2026-09-11 05:00,57.20,41.00,54.60,210.00,4.00,0.00,30.39,M,6.21,M,M,M,M,M,M,M,M,M,M,M,M,M,M,M,M,57.20,FAOR 110500Z 21004KT CAVOK 14/05 Q1029 NOSIG,M
FAOR,2026-09-11 05:30,60.80,41.00,48.01,210.00,5.00,0.00,30.39,M,6.21,M,M,M,M,M,M,M,M,M,M,M,M,M,M,M,M,60.80,FAOR 110530Z 21005KT CAVOK 16/05 Q1029 NOSIG,M
FAOR,2026-09-11 06:00,64.40,41.00,42.30,200.00,5.00,0.00,30.39,M,6.21,M,M,M,M,M,M,M,M,M,M,M,M,M,M,M,M,64.40,FAOR 110600Z 20005KT CAVOK 18/05 Q1029 NOSIG,M
FAOR,2026-09-11 06:30,66.20,41.00,39.73,190.00,6.00,0.00,30.39,M,6.21,M,M,M,M,M,M,M,M,M,M,M,M,M,M,M,M,66.20,FAOR 110630Z 19006KT CAVOK 19/05 Q1029 NOSIG,M
FAOR,2026-09-11 07:00,68.00,42.80,40.02,190.00,6.00,0.00,30.39,M,6.21,M,M,M,M,M,M,M,M,M,M,M,M,M,M,M,M,68.00,FAOR 110700Z 19006KT 150V230 CAVOK 20/06 Q1029 NOSIG,M
FAOR,2026-09-11 07:30,69.80,41.00,35.11,170.00,7.00,0.00,30.39,M,6.21,M,M,M,M,M,M,M,M,M,M,M,M,M,M,M,M,69.80,FAOR 110730Z 17007KT 130V220 CAVOK 21/05 Q1029 NOSIG,M
FAOR,2026-09-11 08:00,69.80,41.00,35.11,190.00,8.00,0.00,30.42,M,6.21,M,M,M,M,M,M,M,M,M,M,M,M,M,M,M,M,69.80,FAOR 110800Z 19008KT 150V220 CAVOK 21/05 Q1030 NOSIG,M
FAOR,2026-09-11 08:30,69.80,39.20,32.73,190.00,9.00,0.00,30.39,M,6.21,M,M,M,M,M,M,M,M,M,M,M,M,M,M,M,M,69.80,FAOR 110830Z 19009KT 160V220 CAVOK 21/04 Q1029 NOSIG,M
FAOR,2026-09-11 09:00,69.80,41.00,35.11,210.00,10.00,0.00,30.39,M,6.21,M,M,M,M,M,M,M,M,M,M,M,M,M,M,M,M,69.80,FAOR 110900Z 21010KT 150V260 CAVOK 21/05 Q1029 NOSIG,M
FAOR,2026-09-11 09:30,71.60,39.20,30.79,170.00,7.00,0.00,30.39,M,6.21,M,M,M,M,M,M,M,M,M,M,M,M,M,M,M,M,71.60,FAOR 110930Z 17007KT 100V260 CAVOK 22/04 Q1029 NOSIG,M
FAOR,2026-09-11 10:00,71.60,39.20,30.79,M,5.00,0.00,30.36,M,6.21,M,M,M,M,M,M,M,M,M,M,M,M,M,M,M,M,71.60,FAOR 111000Z VRB05KT CAVOK 22/04 Q1028 NOSIG,M
FAOR,2026-09-11 10:30,71.60,37.40,28.69,30.00,5.00,0.00,30.33,M,6.21,M,M,M,M,M,M,M,M,M,M,M,M,M,M,M,M,71.60,FAOR 111030Z 03005KT 320V120 CAVOK 22/03 Q1027 NOSIG,M
FAOR,2026-09-11 11:00,73.40,35.60,25.15,20.00,6.00,0.00,30.33,M,6.21,M,M,M,M,M,M,M,M,M,M,M,M,M,M,M,M,73.40,FAOR 111100Z 02006KT 260V070 CAVOK 23/02 Q1027 NOSIG,M
FAOR,2026-09-11 11:30,73.40,35.60,25.15,90.00,9.00,0.00,30.33,M,6.21,M,M,M,M,M,M,M,M,M,M,M,M,M,M,M,M,73.40,FAOR 111130Z 09009KT 040V140 CAVOK 23/02 Q1027 NOSIG,M
FAOR,2026-09-11 12:00,73.40,35.60,25.15,50.00,7.00,0.00,30.33,M,6.21,M,M,M,M,M,M,M,M,M,M,M,M,M,M,M,M,73.40,FAOR 111200Z 05007KT 350V150 CAVOK 23/02 Q1027 NOSIG,M
FAOR,2026-09-11 12:30,75.20,35.60,23.68,40.00,8.00,0.00,30.30,M,6.21,M,M,M,M,M,M,M,M,M,M,M,M,M,M,M,M,75.20,FAOR 111230Z 04008KT 350V100 CAVOK 24/02 Q1026 NOSIG,M
FAOR,2026-09-11 13:00,73.40,37.40,27.00,250.00,4.00,0.00,30.30,M,6.21,M,M,M,M,M,M,M,M,M,M,M,M,M,M,M,M,73.40,FAOR 111300Z 25004KT 200V010 CAVOK 23/03 Q1026 NOSIG,M
FAOR,2026-09-11 13:30,73.40,35.60,25.15,10.00,6.00,0.00,30.30,M,6.21,M,M,M,M,M,M,M,M,M,M,M,M,M,M,M,M,73.40,FAOR 111330Z 01006KT 320V060 CAVOK 23/02 Q1026 NOSIG,M
FAOR,2026-09-11 14:00,75.20,37.40,25.43,M,4.00,0.00,30.27,M,6.21,M,M,M,M,M,M,M,M,M,M,M,M,M,M,M,M,75.20,FAOR 111400Z VRB04KT CAVOK 24/03 Q1025 NOSIG,M
FAOR,2026-09-11 14:30,73.40,35.60,25.15,90.00,7.00,0.00,30.27,M,6.21,M,M,M,M,M,M,M,M,M,M,M,M,M,M,M,M,73.40,FAOR 111430Z 09007KT 060V130 CAVOK 23/02 Q1025 NOSIG,M
FAOR,2026-09-11 15:00,73.40,33.80,23.41,70.00,7.00,0.00,30.30,M,6.21,M,M,M,M,M,M,M,M,M,M,M,M,M,M,M,M,73.40,FAOR 111500Z 07007KT 030V120 CAVOK 23/01 Q1026 NOSIG,M
FAOR,2026-09-11 15:30,71.60,35.60,26.72,60.00,6.00,0.00,30.30,M,6.21,M,M,M,M,M,M,M,M,M,M,M,M,M,M,M,M,71.60,FAOR 111530Z 06006KT 020V080 CAVOK 22/02 Q1026 NOSIG,M
FAOR,2026-09-11 16:00,69.80,35.60,28.41,60.00,5.00,0.00,30.30,M,6.21,M,M,M,M,M,M,M,M,M,M,M,M,M,M,M,M,69.80,FAOR 111600Z 06005KT CAVOK 21/02 Q1026 NOSIG,M
FAOR,2026-09-11 16:30,68.00,37.40,32.44,50.00,3.00,0.00,30.30,M,6.21,M,M,M,M,M,M,M,M,M,M,M,M,M,M,M,M,68.00,FAOR 111630Z 05003KT 020V090 CAVOK 20/03 Q1026 NOSIG,M
FAOR,2026-09-11 17:00,66.20,37.40,34.52,40.00,4.00,0.00,30.30,M,6.21,M,M,M,M,M,M,M,M,M,M,M,M,M,M,M,M,66.20,FAOR 111700Z 04004KT CAVOK 19/03 Q1026 NOSIG,M
FAOR,2026-09-11 17:30,66.20,37.40,34.52,30.00,10.00,0.00,30.33,M,6.21,M,M,M,M,M,M,M,M,M,M,M,M,M,M,M,M,66.20,FAOR 111730Z 03010KT CAVOK 19/03 Q1027 NOSIG,M
FAOR,2026-09-11 18:00,68.00,37.40,32.44,300.00,7.00,0.00,30.33,M,6.21,M,M,M,M,M,M,M,M,M,M,M,M,M,M,M,M,68.00,FAOR 111800Z 30007KT 260V330 CAVOK 20/03 Q1027 NOSIG,M
FAOR,2026-09-11 18:30,68.00,37.40,32.44,290.00,6.00,0.00,30.33,M,6.21,M,M,M,M,M,M,M,M,M,M,M,M,M,M,M,M,68.00,FAOR 111830Z 29006KT CAVOK 20/03 Q1027 NOSIG,M
FAOR,2026-09-11 19:00,68.00,39.20,34.81,270.00,5.00,0.00,30.33,M,6.21,M,M,M,M,M,M,M,M,M,M,M,M,M,M,M,M,68.00,FAOR 111900Z 27005KT 220V300 CAVOK 20/04 Q1027 NOSIG,M
FAOR,2026-09-11 19:30,66.20,39.20,37.04,280.00,6.00,0.00,30.33,M,6.21,M,M,M,M,M,M,M,M,M,M,M,M,M,M,M,M,66.20,FAOR 111930Z 28006KT 220V300 CAVOK 19/04 Q1027 NOSIG,M
FAOR,2026-09-11 20:00,66.20,39.20,37.04,280.00,7.00,0.00,30.33,M,6.21,M,M,M,M,M,M,M,M,M,M,M,M,M,M,M,M,66.20,FAOR 112000Z 28007KT 240V300 CAVOK 19/04 Q1027 NOSIG,M
FAOR,2026-09-11 20:30,66.20,39.20,37.04,280.00,7.00,0.00,30.36,M,6.21,M,M,M,M,M,M,M,M,M,M,M,M,M,M,M,M,66.20,FAOR 112030Z 28007KT 210V300 CAVOK 19/04 Q1028 NOSIG,M
FAOR,2026-09-11 21:00,64.40,39.20,39.44,270.00,5.00,0.00,30.36,M,6.21,M,M,M,M,M,M,M,M,M,M,M,M,M,M,M,M,64.40,FAOR 112100Z 27005KT CAVOK 18/04 Q1028 NOSIG,M
FAOR,2026-09-11 21:30,57.20,41.00,54.60,70.00,5.00,0.00,30.36,M,6.21,M,M,M,M,M,M,M,M,M,M,M,M,M,M,M,M,57.20,FAOR 112130Z 07005KT CAVOK 14/05 Q1028 NOSIG,M
FAOR,2026-09-11 22:00,57.20,41.00,54.60,30.00,3.00,0.00,30.36,M,6.21,M,M,M,M,M,M,M,M,M,M,M,M,M,M,M,M,57.20,FAOR 112200Z 03003KT CAVOK 14/05 Q1028 NOSIG,M
FAOR,2026-09-11 22:30,55.40,41.00,58.27,M,1.00,0.00,30.33,M,6.21,M,M,M,M,M,M,M,M,M,M,M,M,M,M,M,M,55.40,FAOR 112230Z VRB01KT CAVOK 13/05 Q1027 NOSIG,M
FAOR,2026-09-11 23:00,55.40,39.20,54.33,20.00,7.00,0.00,30.36,M,6.21,M,M,M,M,M,M,M,M,M,M,M,M,M,M,M,M,55.40,FAOR 112300Z 02007KT CAVOK 13/04 Q1028 NOSIG,M
FAOR,2026-09-12 00:00,55.40,41.00,58.27,20.00,10.00,0.00,30.33,M,6.21,M,M,M,M,M,M,M,M,M,M,M,M,M,M,M,M,55.40,FAOR 120000Z 02010KT CAVOK 13/05 Q1027 NOSIG,M
FAOR,2026-09-12 01:00,55.40,42.80,62.46,360.00,8.00,0.00,30.33,M,6.21,M,M,M,M,M,M,M,M,M,M,M,M,M,M,M,M,55.40,FAOR 120100Z 36008KT CAVOK 13/06 Q1027 NOSIG,M
FAOR,2026-09-12 02:00,53.60,44.60,71.45,30.00,6.00,0.00,30.33,M,6.21,M,M,M,M,M,M,M,M,M,M,M,M,M,M,M,M,53.60,FAOR 120200Z 03006KT CAVOK 12/07 Q1027 NOSIG,M
FAOR,2026-09-12 02:30,53.60,44.60,71.45,20.00,7.00,0.00,30.33,M,6.21,M,M,M,M,M,M,M,M,M,M,M,M,M,M,M,M,53.60,FAOR 120230Z 02007KT CAVOK 12/07 Q1027 NOSIG,M
FAOR,2026-09-12 03:00,55.40,44.60,66.91,330.00,4.00,0.00,30.33,M,6.21,M,M,M,M,M,M,M,M,M,M,M,M,M,M,M,M,55.40,FAOR 120300Z 33004KT 290V030 CAVOK 13/07 Q1027 NOSIG,M
FAOR,2026-09-12 03:30,55.40,46.40,71.65,360.00,7.00,0.00,30.33,M,6.21,M,M,M,M,M,M,M,M,M,M,M,M,M,M,M,M,55.40,FAOR 120330Z 36007KT CAVOK 13/08 Q1027 NOSIG,M
FAOR,2026-09-12 04:00,55.40,44.60,66.91,340.00,7.00,0.00,30.33,M,6.21,M,M,M,M,M,M,M,M,M,M,M,M,M,M,M,M,55.40,FAOR 120400Z 34007KT 300V010 CAVOK 13/07 Q1027 NOSIG,M
FAOR,2026-09-12 04:30,55.40,44.60,66.91,350.00,8.00,0.00,30.36,M,6.21,M,M,M,M,M,M,M,M,M,M,M,M,M,M,M,M,55.40,FAOR 120430Z 35008KT CAVOK 13/07 Q1028 NOSIG,M
FAOR,2026-09-12 05:00,59.00,44.60,58.78,350.00,9.00,0.00,30.36,M,6.21,M,M,M,M,M,M,M,M,M,M,M,M,M,M,M,M,59.00,FAOR 120500Z 35009KT CAVOK 15/07 Q1028 NOSIG,M
FAOR,2026-09-12 05:30,59.00,44.60,58.78,350.00,9.00,0.00,30.36,M,6.21,M,M,M,M,M,M,M,M,M,M,M,M,M,M,M,M,59.00,FAOR 120530Z 35009KT CAVOK 15/07 Q1028 NOSIG,M
FAOR,2026-09-12 06:00,62.60,42.80,48.29,340.00,9.00,0.00,30.39,M,6.21,M,M,M,M,M,M,M,M,M,M,M,M,M,M,M,M,62.60,FAOR 120600Z 34009KT CAVOK 17/06 Q1029 NOSIG,M
FAOR,2026-09-12 06:30,62.60,42.80,48.29,340.00,9.00,0.00,30.39,M,6.21,M,M,M,M,M,M,M,M,M,M,M,M,M,M,M,M,62.60,FAOR 120630Z 34009KT CAVOK 17/06 Q1029 NOSIG,M
FAOR,2026-09-12 07:00,66.20,42.80,42.59,350.00,10.00,0.00,30.39,M,6.21,M,M,M,M,M,M,M,M,M,M,M,M,M,M,M,M,66.20,FAOR 120700Z 35010KT CAVOK 19/06 Q1029 NOSIG,M
FAOR,2026-09-12 07:30,66.20,41.00,39.73,330.00,10.00,0.00,30.39,M,6.21,M,M,M,M,M,M,M,M,M,M,M,M,M,M,M,M,66.20,FAOR 120730Z 33010KT CAVOK 19/05 Q1029 NOSIG,M
FAOR,2026-09-12 08:00,68.00,41.00,37.34,320.00,9.00,0.00,30.39,M,6.21,M,M,M,M,M,M,M,M,M,M,M,M,M,M,M,M,68.00,FAOR 120800Z 32009KT 290V350 CAVOK 20/05 Q1029 NOSIG,M
FAOR,2026-09-12 08:30,69.80,39.20,32.73,320.00,8.00,0.00,30.39,M,6.21,M,M,M,M,M,M,M,M,M,M,M,M,M,M,M,M,69.80,FAOR 120830Z 32008KT 280V010 CAVOK 21/04 Q1029 NOSIG,M
FAOR,2026-09-12 09:00,69.80,39.20,32.73,310.00,6.00,0.00,30.36,M,6.21,M,M,M,M,M,M,M,M,M,M,M,M,M,M,M,M,69.80,FAOR 120900Z 31006KT 230V350 CAVOK 21/04 Q1028 NOSIG,M
FAOR,2026-09-12 09:30,71.60,39.20,30.79,M,8.00,0.00,30.36,M,6.21,M,M,M,M,M,M,M,M,M,M,M,M,M,M,M,M,71.60,FAOR 120930Z VRB08KT CAVOK 22/04 Q1028 NOSIG,M
FAOR,2026-09-12 10:00,73.40,35.60,25.15,M,6.00,0.00,30.33,M,6.21,M,M,M,M,M,M,M,M,M,M,M,M,M,M,M,M,73.40,FAOR 121000Z VRB06KT CAVOK 23/02 Q1027 NOSIG,M
FAOR,2026-09-12 10:30,73.40,37.40,27.00,350.00,8.00,0.00,30.33,M,6.21,M,M,M,M,M,M,M,M,M,M,M,M,M,M,M,M,73.40,FAOR 121030Z 35008KT 300V050 CAVOK 23/03 Q1027 NOSIG,M
FAOR,2026-09-12 11:00,71.60,37.40,28.69,310.00,7.00,0.00,30.30,M,6.21,M,M,M,M,M,M,M,M,M,M,M,M,M,M,M,M,71.60,FAOR 121100Z 31007KT 270V360 CAVOK 22/03 Q1026 NOSIG,M
FAOR,2026-09-12 11:30,73.40,35.60,25.15,M,5.00,0.00,30.27,M,6.21,M,M,M,M,M,M,M,M,M,M,M,M,M,M,M,M,73.40,FAOR 121130Z VRB05KT CAVOK 23/02 Q1025 NOSIG,M
FAOR,2026-09-12 12:00,75.20,37.40,25.43,M,5.00,0.00,30.27,M,6.21,M,M,M,M,M,M,M,M,M,M,M,M,M,M,M,M,75.20,FAOR 121200Z VRB05KT CAVOK 24/03 Q1025 NOSIG,M
FAOR,2026-09-12 12:30,73.40,33.80,23.41,M,6.00,0.00,30.27,M,6.21,16.00,M,M,M,M,M,M,M,M,M,M,M,M,M,M,M,73.40,FAOR 121230Z VRB06G16KT CAVOK 23/01 Q1025 NOSIG,M
FAOR,2026-09-12 13:00,73.40,33.80,23.41,350.00,8.00,0.00,30.24,M,6.21,M,M,M,M,M,M,M,M,M,M,M,M,M,M,M,M,73.40,FAOR 121300Z 35008KT 300V020 CAVOK 23/01 Q1024 NOSIG,M
FAOR,2026-09-12 13:30,73.40,35.60,25.15,340.00,6.00,0.00,30.24,M,6.21,M,M,M,M,M,M,M,M,M,M,M,M,M,M,M,M,73.40,FAOR 121330Z 34006KT 250V040 CAVOK 23/02 Q1024 NOSIG,M
FAOR,2026-09-12 14:00,73.40,33.80,23.41,310.00,6.00,0.00,30.24,M,6.21,M,M,M,M,M,M,M,M,M,M,M,M,M,M,M,M,73.40,FAOR 121400Z 31006KT 250V360 CAVOK 23/01 Q1024 NOSIG,M
FAOR,2026-09-12 14:30,73.40,35.60,25.15,330.00,4.00,0.00,30.24,M,6.21,M,M,M,M,M,M,M,M,M,M,M,M,M,M,M,M,73.40,FAOR 121430Z 33004KT 270V050 CAVOK 23/02 Q1024 NOSIG,M
FAOR,2026-09-12 15:00,73.40,33.80,23.41,320.00,6.00,0.00,30.24,M,6.21,M,M,M,M,M,M,M,M,M,M,M,M,M,M,M,M,73.40,FAOR 121500Z 32006KT 290V010 CAVOK 23/01 Q1024 NOSIG,M
FAOR,2026-09-12 15:30,71.60,35.60,26.72,300.00,6.00,0.00,30.24,M,6.21,M,M,M,M,M,M,M,M,M,M,M,M,M,M,M,M,71.60,FAOR 121530Z 30006KT 250V360 CAVOK 22/02 Q1024 NOSIG,M
FAOR,2026-09-12 16:00,69.80,33.80,26.44,330.00,7.00,0.00,30.24,M,6.21,M,M,M,M,M,M,M,M,M,M,M,M,M,M,M,M,69.80,FAOR 121600Z 33007KT CAVOK 21/01 Q1024 NOSIG,M
FAOR,2026-09-12 16:30,69.80,32.00,24.60,340.00,7.00,0.00,30.24,M,6.21,M,M,M,M,M,M,M,M,M,M,M,M,M,M,M,M,69.80,FAOR 121630Z 34007KT CAVOK 21/00 Q1024 NOSIG,M
FAOR,2026-09-12 17:00,68.00,33.80,28.12,310.00,5.00,0.00,30.27,M,6.21,M,M,M,M,M,M,M,M,M,M,M,M,M,M,M,M,68.00,FAOR 121700Z 31005KT 270V350 CAVOK 20/01 Q1025 NOSIG,M
FAOR,2026-09-12 17:30,68.00,33.80,28.12,270.00,5.00,0.00,30.27,M,6.21,M,M,M,M,M,M,M,M,M,M,M,M,M,M,M,M,68.00,FAOR 121730Z 27005KT 190V300 CAVOK 20/01 Q1025 NOSIG,M
FAOR,2026-09-12 18:00,68.00,33.80,28.12,240.00,4.00,0.00,30.27,M,6.21,M,M,M,M,M,M,M,M,M,M,M,M,M,M,M,M,68.00,FAOR 121800Z 24004KT CAVOK 20/01 Q1025 NOSIG,M
FAOR,2026-09-12 18:30,68.00,33.80,28.12,250.00,5.00,0.00,30.27,M,6.21,M,M,M,M,M,M,M,M,M,M,M,M,M,M,M,M,68.00,FAOR 121830Z 25005KT CAVOK 20/01 Q1025 NOSIG,M
FAOR,2026-09-12 19:00,68.00,33.80,28.12,250.00,4.00,0.00,30.30,M,6.21,M,M,M,M,M,M,M,M,M,M,M,M,M,M,M,M,68.00,FAOR 121900Z 25004KT 200V270 CAVOK 20/01 Q1026 NOSIG,M
FAOR,2026-09-12 19:30,62.60,37.40,39.14,M,6.00,0.00,30.30,M,6.21,M,M,M,M,M,M,M,M,M,M,M,M,M,M,M,M,62.60,FAOR 121930Z VRB06KT CAVOK 17/03 Q1026 NOSIG,M
FAOR,2026-09-12 20:00,64.40,35.60,34.23,350.00,4.00,0.00,30.30,M,6.21,M,M,M,M,M,M,M,M,M,M,M,M,M,M,M,M,64.40,FAOR 122000Z 35004KT CAVOK 18/02 Q1026 NOSIG,M
FAOR,2026-09-12 20:30,62.60,33.80,33.93,360.00,5.00,0.00,30.30,M,6.21,M,M,M,M,M,M,M,M,M,M,M,M,M,M,M,M,62.60,FAOR 122030Z 36005KT CAVOK 17/01 Q1026 NOSIG,M
FAOR,2026-09-12 21:00,62.60,33.80,33.93,10.00,4.00,0.00,30.30,M,6.21,M,M,M,M,M,M,M,M,M,M,M,M,M,M,M,M,62.60,FAOR 122100Z 01004KT CAVOK 17/01 Q1026 NOSIG,M
FAOR,2026-09-12 22:00,62.60,33.80,33.93,340.00,4.00,0.00,30.30,M,6.21,M,M,M,M,M,M,M,M,M,M,M,M,M,M,M,M,62.60,FAOR 122200Z 34004KT CAVOK 17/01 Q1026 NOSIG,M
FAOR,2026-09-12 23:00,57.20,39.20,50.91,10.00,7.00,0.00,30.30,M,6.21,M,M,M,M,M,M,M,M,M,M,M,M,M,M,M,M,57.20,FAOR 122300Z 01007KT CAVOK 14/04 Q1026 NOSIG,M
FAOR,2026-09-13 00:00,57.20,41.00,54.60,10.00,5.00,0.00,30.27,M,6.21,M,M,M,M,M,M,M,M,M,M,M,M,M,M,M,M,57.20,FAOR 130000Z 01005KT CAVOK 14/05 Q1025 NOSIG,M
FAOR,2026-09-13 01:00,55.40,44.60,66.91,20.00,5.00,0.00,30.27,M,6.21,M,M,M,M,M,M,M,M,M,M,M,M,M,M,M,M,55.40,FAOR 130100Z 02005KT CAVOK 13/07 Q1025 NOSIG,M
FAOR,2026-09-13 02:00,51.80,44.60,76.34,20.00,6.00,0.00,30.27,M,6.21,M,M,M,M,M,M,M,M,M,M,M,M,M,M,M,M,51.80,FAOR 130200Z 02006KT CAVOK 11/07 Q1025 NOSIG,M
FAOR,2026-09-13 03:00,50.00,46.40,87.37,30.00,7.00,0.00,30.27,M,6.21,M,M,M,M,M,M,M,M,M,M,M,M,M,M,M,M,50.00,FAOR 130300Z 03007KT CAVOK 10/08 Q1025 NOSIG,M
FAOR,2026-09-13 03:30,51.80,46.40,81.74,20.00,6.00,0.00,30.27,M,6.21,M,M,M,M,M,M,M,M,M,M,M,M,M,M,M,M,51.80,FAOR 130330Z 02006KT CAVOK 11/08 Q1025 NOSIG,M
FAOR,2026-09-13 04:00,50.00,44.60,81.60,30.00,4.00,0.00,30.27,M,6.21,M,M,M,M,M,M,M,M,M,M,M,M,M,M,M,M,50.00,FAOR 130400Z 03004KT CAVOK 10/07 Q1025 NOSIG,M
FAOR,2026-09-13 04:30,53.60,46.40,76.51,10.00,6.00,0.00,30.30,M,6.21,M,M,M,M,M,M,M,M,M,M,M,M,M,M,M,M,53.60,FAOR 130430Z 01006KT CAVOK 12/08 Q1026 NOSIG,M
FAOR,2026-09-13 05:00,57.20,46.40,67.13,360.00,9.00,0.00,30.30,M,6.21,M,M,M,M,M,M,M,M,M,M,M,M,M,M,M,M,57.20,FAOR 130500Z 36009KT CAVOK 14/08 Q1026 NOSIG,M
FAOR,2026-09-13 05:30,59.00,46.40,62.93,360.00,9.00,0.00,30.30,M,6.21,M,M,M,M,M,M,M,M,M,M,M,M,M,M,M,M,59.00,FAOR 130530Z 36009KT CAVOK 15/08 Q1026 NOSIG,M
FAOR,2026-09-13 06:00,60.80,46.40,59.02,360.00,9.00,0.00,30.30,M,6.21,M,M,M,M,M,M,M,M,M,M,M,M,M,M,M,M,60.80,FAOR 130600Z 36009KT CAVOK 16/08 Q1026 NOSIG,M
FAOR,2026-09-13 06:30,62.60,46.40,55.39,360.00,11.00,0.00,30.33,M,6.21,M,M,M,M,M,M,M,M,M,M,M,M,M,M,M,M,62.60,FAOR 130630Z 36011KT CAVOK 17/08 Q1027 NOSIG,M
FAOR,2026-09-13 07:00,66.20,46.40,48.85,350.00,10.00,0.00,30.33,M,6.21,M,M,M,M,M,M,M,M,M,M,M,M,M,M,M,M,66.20,FAOR 130700Z 35010KT CAVOK 19/08 Q1027 NOSIG,M
FAOR,2026-09-13 07:30,68.00,44.60,42.87,350.00,9.00,0.00,30.33,M,6.21,M,M,M,M,M,M,M,M,M,M,M,M,M,M,M,M,68.00,FAOR 130730Z 35009KT CAVOK 20/07 Q1027 NOSIG,M
FAOR,2026-09-13 08:00,68.00,44.60,42.87,350.00,8.00,0.00,30.33,M,6.21,M,M,M,M,M,M,M,M,M,M,M,M,M,M,M,M,68.00,FAOR 130800Z 35008KT 300V020 CAVOK 20/07 Q1027 NOSIG,M
FAOR,2026-09-13 08:30,69.80,42.80,37.63,340.00,8.00,0.00,30.33,M,6.21,M,M,M,M,M,M,M,M,M,M,M,M,M,M,M,M,69.80,FAOR 130830Z 34008KT 270V360 CAVOK 21/06 Q1027 NOSIG,M
FAOR,2026-09-13 09:00,73.40,44.60,35.69,350.00,7.00,0.00,30.33,M,6.21,M,M,M,M,M,M,M,M,M,M,M,M,M,M,M,M,73.40,FAOR 130900Z 35007KT 300V040 CAVOK 23/07 Q1027 NOSIG,M
FAOR,2026-09-13 09:30,73.40,41.00,31.08,330.00,8.00,0.00,30.33,M,6.21,M,M,M,M,M,M,M,M,M,M,M,M,M,M,M,M,73.40,FAOR 130930Z 33008KT 270V010 CAVOK 23/05 Q1027 NOSIG,M
FAOR,2026-09-13 10:00,73.40,41.00,31.08,350.00,7.00,0.00,30.30,M,6.21,M,M,M,M,M,M,M,M,M,M,M,M,M,M,M,M,73.40,FAOR 131000Z 35007KT 280V060 CAVOK 23/05 Q1026 NOSIG,M
FAOR,2026-09-13 10:30,75.20,39.20,27.28,40.00,4.00,0.00,30.30,M,6.21,M,M,M,M,M,M,M,M,M,M,M,M,M,M,M,M,75.20,FAOR 131030Z 04004KT 330V130 CAVOK 24/04 Q1026 NOSIG,M
FAOR,2026-09-13 11:00,77.00,39.20,25.70,M,4.00,0.00,30.27,M,6.21,M,M,M,M,M,M,M,M,M,M,M,M,M,M,M,M,77.00,FAOR 131100Z VRB04KT CAVOK 25/04 Q1025 NOSIG,M
FAOR,2026-09-13 11:30,77.00,41.00,27.57,M,4.00,0.00,30.27,M,6.21,M,M,M,M,M,M,M,M,M,M,M,M,M,M,M,M,77.00,FAOR 131130Z VRB04KT CAVOK 25/05 Q1025 NOSIG,M
FAOR,2026-09-13 12:00,75.20,39.20,27.28,M,5.00,0.00,30.27,M,6.21,M,M,M,M,M,M,M,M,M,M,M,M,M,M,M,M,75.20,FAOR 131200Z VRB05KT CAVOK 24/04 Q1025 NOSIG,M
FAOR,2026-09-13 12:30,75.20,39.20,27.28,270.00,5.00,0.00,30.24,M,6.21,M,M,M,M,M,M,M,M,M,M,M,M,M,M,M,M,75.20,FAOR 131230Z 27005KT 220V340 CAVOK 24/04 Q1024 NOSIG,M
FAOR,2026-09-13 13:00,75.20,39.20,27.28,260.00,7.00,0.00,30.24,M,6.21,M,M,M,M,M,M,M,M,M,M,M,M,M,M,M,M,75.20,FAOR 131300Z 26007KT 210V300 CAVOK 24/04 Q1024 NOSIG,M
FAOR,2026-09-13 13:30,77.00,37.40,23.95,M,3.00,0.00,30.24,M,6.21,M,M,M,M,M,M,M,M,M,M,M,M,M,M,M,M,77.00,FAOR 131330Z VRB03KT CAVOK 25/03 Q1024 NOSIG,M
FAOR,2026-09-13 14:00,75.20,37.40,25.43,30.00,5.00,0.00,30.24,M,6.21,M,M,M,M,M,M,M,M,M,M,M,M,M,M,M,M,75.20,FAOR 131400Z 03005KT 340V080 CAVOK 24/03 Q1024 NOSIG,M
FAOR,2026-09-13 14:30,75.20,37.40,25.43,40.00,4.00,0.00,30.24,M,6.21,M,M,M,M,M,M,M,M,M,M,M,M,M,M,M,M,75.20,FAOR 131430Z 04004KT 350V100 CAVOK 24/03 Q1024 NOSIG,M
FAOR,2026-09-13 15:00,73.40,37.40,27.00,110.00,5.00,0.00,30.24,M,6.21,M,M,M,M,M,M,M,M,M,M,M,M,M,M,M,M,73.40,FAOR 131500Z 11005KT 050V140 CAVOK 23/03 Q1024 NOSIG,M
FAOR,2026-09-13 15:30,73.40,37.40,27.00,60.00,4.00,0.00,30.24,M,6.21,M,M,M,M,M,M,M,M,M,M,M,M,M,M,M,M,73.40,FAOR 131530Z 06004KT 020V090 CAVOK 23/03 Q1024 NOSIG,M
FAOR,2026-09-13 16:00,71.60,37.40,28.69,50.00,5.00,0.00,30.24,M,6.21,M,M,M,M,M,M,M,M,M,M,M,M,M,M,M,M,71.60,FAOR 131600Z 05005KT CAVOK 22/03 Q1024 NOSIG,M
FAOR,2026-09-13 16:30,69.80,39.20,32.73,70.00,4.00,0.00,30.24,M,6.21,M,M,M,M,M,M,M,M,M,M,M,M,M,M,M,M,69.80,FAOR 131630Z 07004KT 020V080 CAVOK 21/04 Q1024 NOSIG,M
FAOR,2026-09-13 17:00,68.00,39.20,34.81,40.00,6.00,0.00,30.27,M,6.21,M,M,M,M,M,M,M,M,M,M,M,M,M,M,M,M,68.00,FAOR 131700Z 04006KT CAVOK 20/04 Q1025 NOSIG,M
FAOR,2026-09-13 17:30,68.00,41.00,37.34,20.00,6.00,0.00,30.27,M,6.21,M,M,M,M,M,M,M,M,M,M,M,M,M,M,M,M,68.00,FAOR 131730Z 02006KT CAVOK 20/05 Q1025 NOSIG,M
FAOR,2026-09-13 18:00,68.00,41.00,37.34,360.00,8.00,0.00,30.27,M,6.21,M,M,M,M,M,M,M,M,M,M,M,M,M,M,M,M,68.00,FAOR 131800Z 36008KT 330V030 CAVOK 20/05 Q1025 NOSIG,M
FAOR,2026-09-13 18:30,64.40,41.00,42.30,10.00,8.00,0.00,30.27,M,6.21,M,M,M,M,M,M,M,M,M,M,M,M,M,M,M,M,64.40,FAOR 131830Z 01008KT CAVOK 18/05 Q1025 NOSIG,M
FAOR,2026-09-13 19:00,68.00,39.20,34.81,340.00,7.00,0.00,30.30,M,6.21,M,M,M,M,M,M,M,M,M,M,M,M,M,M,M,M,68.00,FAOR 131900Z 34007KT CAVOK 20/04 Q1026 NOSIG,M
FAOR,2026-09-13 19:30,68.00,41.00,37.34,320.00,5.00,0.00,30.30,M,6.21,M,M,M,M,M,M,M,M,M,M,M,M,M,M,M,M,68.00,FAOR 131930Z 32005KT 250V010 CAVOK 20/05 Q1026 NOSIG,M
FAOR,2026-09-13 20:00,66.20,41.00,39.73,320.00,5.00,0.00,30.30,M,6.21,M,M,M,M,M,M,M,M,M,M,M,M,M,M,M,M,66.20,FAOR 132000Z 32005KT CAVOK 19/05 Q1026 NOSIG,M
FAOR,2026-09-13 20:30,68.00,41.00,37.34,330.00,6.00,0.00,30.30,M,6.21,M,M,M,M,M,M,M,M,M,M,M,M,M,M,M,M,68.00,FAOR 132030Z 33006KT 280V350 CAVOK 20/05 Q1026 NOSIG,M
FAOR,2026-09-13 21:00,68.00,39.20,34.81,360.00,6.00,0.00,30.27,M,6.21,M,M,M,M,M,M,M,M,M,M,M,M,M,M,M,M,68.00,FAOR 132100Z 36006KT 300V090 CAVOK 20/04 Q1025 NOSIG,M
FAOR,2026-09-13 22:00,59.00,42.80,54.86,20.00,8.00,0.00,30.30,M,6.21,M,M,M,M,M,M,M,M,M,M,M,M,M,M,M,M,59.00,FAOR 132200Z 02008KT CAVOK 15/06 Q1026 NOSIG,M
FAOR,2026-09-13 23:00,59.00,48.20,67.34,10.00,14.00,0.00,30.27,M,6.21,M,M,M,M,M,M,M,M,M,M,M,M,M,M,M,M,59.00,FAOR 132300Z 01014KT CAVOK 15/09 Q1025 NOSIG,M
FAOR,2026-09-14 00:00,57.20,48.20,71.84,20.00,10.00,0.00,30.27,M,6.21,M,M,M,M,M,M,M,M,M,M,M,M,M,M,M,M,57.20,FAOR 140000Z 02010KT CAVOK 14/09 Q1025 NOSIG,M
FAOR,2026-09-14 01:00,55.40,48.20,76.67,10.00,11.00,0.00,30.24,M,6.21,M,M,M,M,M,M,M,M,M,M,M,M,M,M,M,M,55.40,FAOR 140100Z 01011KT CAVOK 13/09 Q1024 NOSIG,M
FAOR,2026-09-14 02:00,55.40,48.20,76.67,10.00,11.00,0.00,30.24,M,6.21,M,M,M,M,M,M,M,M,M,M,M,M,M,M,M,M,55.40,FAOR 140200Z 01011KT CAVOK 13/09 Q1024 NOSIG,M
FAOR,2026-09-14 02:30,53.60,48.20,81.87,10.00,11.00,0.00,30.24,M,6.21,M,M,M,M,M,M,M,M,M,M,M,M,M,M,M,M,53.60,FAOR 140230Z 01011KT CAVOK 12/09 Q1024 NOSIG,M
FAOR,2026-09-14 03:00,53.60,48.20,81.87,10.00,10.00,0.00,30.24,M,6.21,M,M,M,M,M,M,M,M,M,M,M,M,M,M,M,M,53.60,FAOR 140300Z 01010KT CAVOK 12/09 Q1024 NOSIG,M
FAOR,2026-09-14 03:30,53.60,48.20,81.87,10.00,11.00,0.00,30.24,M,6.21,M,M,M,M,M,M,M,M,M,M,M,M,M,M,M,M,53.60,FAOR 140330Z 01011KT CAVOK 12/09 Q1024 NOSIG,M
FAOR,2026-09-14 04:00,53.60,48.20,81.87,10.00,11.00,0.00,30.27,M,6.21,M,M,M,M,M,M,M,M,M,M,M,M,M,M,M,M,53.60,FAOR 140400Z 01011KT CAVOK 12/09 Q1025 NOSIG,M
FAOR,2026-09-14 04:30,53.60,48.20,81.87,20.00,12.00,0.00,30.27,M,6.21,M,M,M,M,M,M,M,M,M,M,M,M,M,M,M,M,53.60,FAOR 140430Z 02012KT CAVOK 12/09 Q1025 NOSIG,M
FAOR,2026-09-14 05:00,55.40,48.20,76.67,30.00,11.00,0.00,30.27,M,6.21,M,M,M,M,M,M,M,M,M,M,M,M,M,M,M,M,55.40,FAOR 140500Z 03011KT CAVOK 13/09 Q1025 NOSIG,M
FAOR,2026-09-14 06:00,59.00,48.20,67.34,20.00,17.00,0.00,30.27,M,6.21,M,M,M,M,M,M,M,M,M,M,M,M,M,M,M,M,59.00,FAOR 140600Z 02017KT CAVOK 15/09 Q1025 NOSIG,M
FAOR,2026-09-14 06:30,62.60,48.20,59.27,30.00,18.00,0.00,30.27,M,6.21,M,M,M,M,M,M,M,M,M,M,M,M,M,M,M,M,62.60,FAOR 140630Z 03018KT CAVOK 17/09 Q1025 NOSIG,M
FAOR,2026-09-14 07:00,62.60,48.20,59.27,20.00,16.00,0.00,30.27,M,6.21,M,M,M,M,M,M,M,M,M,M,M,M,M,M,M,M,62.60,FAOR 140700Z 02016KT CAVOK 17/09 Q1025 NOSIG,M
FAOR,2026-09-14 08:00,68.00,48.20,49.12,30.00,17.00,0.00,30.27,M,6.21,M,M,M,M,M,M,M,M,M,M,M,M,M,M,M,M,68.00,FAOR 140800Z 03017KT CAVOK 20/09 Q1025 NOSIG,M
FAOR,2026-09-14 08:30,69.80,46.40,43.16,10.00,16.00,0.00,30.27,M,6.21,M,M,M,M,M,M,M,M,M,M,M,M,M,M,M,M,69.80,FAOR 140830Z 01016KT CAVOK 21/08 Q1025 NOSIG,M
FAOR,2026-09-14 09:00,71.60,46.40,40.60,20.00,16.00,0.00,30.27,M,6.21,M,M,M,M,M,M,M,M,M,M,M,M,M,M,M,M,71.60,FAOR 140900Z 02016KT 350V050 CAVOK 22/08 Q1025 NOSIG,M
FAOR,2026-09-14 09:30,71.60,46.40,40.60,360.00,16.00,0.00,30.24,M,6.21,M,M,M,M,M,M,M,M,M,M,M,M,M,M,M,M,71.60,FAOR 140930Z 36016KT 330V030 CAVOK 22/08 Q1024 NOSIG,M
FAOR,2026-09-14 10:00,71.60,46.40,40.60,10.00,17.00,0.00,30.21,M,6.21,M,M,M,M,M,M,M,M,M,M,M,M,M,M,M,M,71.60,FAOR 141000Z 01017KT CAVOK 22/08 Q1023 NOSIG,M
FAOR,2026-09-14 10:30,73.40,48.20,40.89,20.00,16.00,0.00,30.21,M,6.21,M,M,M,M,M,M,M,M,M,M,M,M,M,M,M,M,73.40,FAOR 141030Z 02016KT 340V050 CAVOK 23/09 Q1023 NOSIG,M
FAOR,2026-09-14 11:00,73.40,46.40,38.21,20.00,19.00,0.00,30.21,M,6.21,M,M,M,M,M,M,M,M,M,M,M,M,M,M,M,M,73.40,FAOR 141100Z 02019KT CAVOK 23/08 Q1023 NOSIG,M
FAOR,2026-09-14 11:30,71.60,46.40,40.60,10.00,20.00,0.00,30.21,M,6.21,M,M,M,M,M,M,M,M,M,M,M,M,M,M,M,M,71.60,FAOR 141130Z 01020KT CAVOK 22/08 Q1023 NOSIG,M
FAOR,2026-09-14 12:00,71.60,46.40,40.60,10.00,20.00,0.00,30.21,M,6.21,M,M,M,M,M,M,M,M,M,M,M,M,M,M,M,M,71.60,FAOR 141200Z 01020KT CAVOK 22/08 Q1023 NOSIG,M
FAOR,2026-09-14 12:30,71.60,48.20,43.45,10.00,17.00,0.00,30.21,M,6.21,M,M,M,M,M,M,M,M,M,M,M,M,M,M,M,M,71.60,FAOR 141230Z 01017KT 350V050 CAVOK 22/09 Q1023 NOSIG,M
FAOR,2026-09-14 13:00,69.80,46.40,43.16,340.00,15.00,0.00,30.21,M,6.21,M,M,M,M,M,M,M,M,M,M,M,M,M,M,M,M,69.80,FAOR 141300Z 34015KT 320V020 CAVOK 21/08 Q1023 NOSIG,M
FAOR,2026-09-14 13:30,69.80,46.40,43.16,360.00,14.00,0.00,30.21,M,6.21,24.00,M,M,M,M,M,M,M,M,M,M,M,M,M,M,M,69.80,FAOR 141330Z 36014G24KT CAVOK 21/08 Q1023 NOSIG,M
FAOR,2026-09-14 14:00,69.80,48.20,46.19,360.00,16.00,0.00,30.21,M,6.21,M,M,M,M,M,M,M,M,M,M,M,M,M,M,M,M,69.80,FAOR 141400Z 36016KT CAVOK 21/09 Q1023 NOSIG,M
FAOR,2026-09-14 14:30,68.00,48.20,49.12,360.00,17.00,0.00,30.21,M,6.21,M,M,M,M,M,M,M,M,M,M,M,M,M,M,M,M,68.00,FAOR 141430Z 36017KT CAVOK 20/09 Q1023 NOSIG,M
FAOR,2026-09-14 15:00,68.00,48.20,49.12,360.00,15.00,0.00,30.21,M,6.21,M,M,M,M,M,M,M,M,M,M,M,M,M,M,M,M,68.00,FAOR 141500Z 36015KT CAVOK 20/09 Q1023 NOSIG,M
FAOR,2026-09-14 15:30,68.00,48.20,49.12,10.00,14.00,0.00,30.21,M,6.21,M,M,M,M,M,M,M,M,M,M,M,M,M,M,M,M,68.00,FAOR 141530Z 01014KT CAVOK 20/09 Q1023 NOSIG,M
FAOR,2026-09-14 16:00,66.20,48.20,52.27,10.00,13.00,0.00,30.21,M,6.21,M,M,M,M,M,M,M,M,M,M,M,M,M,M,M,M,66.20,FAOR 141600Z 01013KT CAVOK 19/09 Q1023 NOSIG,M
FAOR,2026-09-14 16:30,66.20,48.20,52.27,10.00,12.00,0.00,30.24,M,6.21,M,M,M,M,M,M,M,M,M,M,M,M,M,M,M,M,66.20,FAOR 141630Z 01012KT CAVOK 19/09 Q1024 NOSIG,M
FAOR,2026-09-14 17:00,64.40,48.20,55.65,20.00,8.00,0.00,30.27,M,6.21,M,FEW,M,M,M,3500.00,M,M,M,M,M,M,M,M,M,M,64.40,FAOR 141700Z 02008KT 360V070 9999 FEW035 18/09 Q1025 NOSIG,M
FAOR,2026-09-14 17:30,59.00,48.20,67.34,200.00,16.00,0.00,30.30,M,6.21,M,SCT,M,M,M,3500.00,M,M,M,M,M,M,M,M,M,M,59.00,FAOR 141730Z 20016KT 9999 SCT035 15/09 Q1026 NOSIG,M
FAOR,2026-09-14 18:00,53.60,50.00,87.56,190.00,14.00,0.00,30.30,M,6.21,M,FEW,BKN,M,M,1500.00,4000.00,M,M,-RA,M,M,M,M,M,M,53.60,FAOR 141800Z 19014KT 9999 -RA FEW015 BKN040 12/10 Q1026 NOSIG,M
FAOR,2026-09-14 18:30,53.60,50.00,87.56,190.00,13.00,0.00,30.30,M,6.21,M,FEW,BKN,M,M,1500.00,4000.00,M,M,M,M,M,M,M,M,M,53.60,FAOR 141830Z 19013KT 9999 FEW015 BKN040 12/10 Q1026 NOSIG,M
FAOR,2026-09-14 19:00,53.60,51.80,93.60,220.00,7.00,0.00,30.36,M,3.73,M,FEW,BKN,M,M,1500.00,4000.00,M,M,RA,M,M,M,M,M,M,53.60,FAOR 141900Z 22007KT 6000 RA FEW015 BKN040 12/11 Q1028 BECMG 5000 BR,M
FAOR,2026-09-14 19:30,53.60,51.80,93.60,210.00,6.00,0.00,30.33,M,6.21,M,FEW,OVC,M,M,1500.00,4000.00,M,M,-RA,M,M,M,M,M,M,53.60,FAOR 141930Z 21006KT 190V250 9999 -RA FEW015 OVC040 12/11 Q1027 NOSIG,M
FAOR,2026-09-14 20:00,53.60,51.80,93.60,M,2.00,0.00,30.36,M,1.99,M,SCT,OVC,M,M,600.00,2000.00,M,M,RA,M,M,M,M,M,M,53.60,FAOR 142000Z VRB02KT 3200 RA SCT006 OVC020 12/11 Q1028 TEMPO BKN006,M
FAOR,2026-09-14 20:30,53.60,51.80,93.60,M,2.00,0.00,30.36,M,6.21,M,SCT,OVC,M,M,600.00,2000.00,M,M,-RA,M,M,M,M,M,M,53.60,FAOR 142030Z VRB02KT 9999 -RA SCT006 OVC020 12/11 Q1028 TEMPO BKN006,M
FAOR,2026-09-14 21:00,53.60,51.80,93.60,60.00,11.00,0.00,30.27,M,4.97,M,SCT,OVC,M,M,600.00,2000.00,M,M,-RA,M,M,M,M,M,M,53.60,FAOR 142100Z 06011KT 8000 -RA SCT006 OVC020 12/11 Q1025 NOSIG,M
FAOR,2026-09-14 22:00,51.80,51.80,100.00,30.00,11.00,0.00,30.27,M,4.97,M,BKN,M,M,M,200.00,M,M,M,M,M,M,M,M,M,M,51.80,FAOR 142200Z 03011KT 8000 BKN002 11/11 Q1025 REDZ NOSIG,M
FAOR,2026-09-14 23:00,51.80,51.80,100.00,30.00,15.00,0.00,30.27,M,4.97,M,BKN,M,M,M,200.00,M,M,M,M,M,M,M,M,M,M,51.80,FAOR 142300Z 03015KT 8000 BKN002 11/11 Q1025 NOSIG,M
FAOR,2026-09-15 00:00,51.80,51.80,100.00,30.00,11.00,0.00,30.21,M,5.59,M,BKN,M,M,M,300.00,M,M,M,M,M,M,M,M,M,M,51.80,FAOR 150000Z 03011KT 9000 BKN003 11/11 Q1023 NOSIG,M
FAOR,2026-09-15 01:00,51.80,50.00,93.55,10.00,12.00,0.00,30.24,M,6.21,M,M,M,M,M,M,M,M,M,M,M,M,M,M,M,M,51.80,FAOR 150100Z 01012KT CAVOK 11/10 Q1024 NOSIG,M
FAOR,2026-09-15 02:30,53.60,51.80,93.60,350.00,13.00,0.00,30.21,M,6.21,M,OVC,M,M,M,300.00,M,M,M,M,M,M,M,M,M,M,53.60,FAOR 150230Z 35013KT 9999 OVC003 12/11 Q1023 NOSIG,M
FAOR,2026-09-15 03:00,53.60,51.80,93.60,360.00,13.00,0.00,30.21,M,6.21,M,OVC,M,M,M,300.00,M,M,M,M,M,M,M,M,M,M,53.60,FAOR 150300Z 36013KT 9999 OVC003 12/11 Q1023 NOSIG,M
FAOR,2026-09-15 03:30,53.60,51.80,93.60,350.00,9.00,0.00,30.24,M,6.21,M,BKN,M,M,M,300.00,M,M,M,M,M,M,M,M,M,M,53.60,FAOR 150330Z 35009KT 9999 BKN003 12/11 Q1024 NOSIG,M
FAOR,2026-09-15 04:00,53.60,51.80,93.60,350.00,12.00,0.00,30.24,M,6.21,M,BKN,M,M,M,300.00,M,M,M,M,M,M,M,M,M,M,53.60,FAOR 150400Z 35012KT 9999 BKN003 12/11 Q1024 NOSIG,M
FAOR,2026-09-15 04:30,53.60,51.80,93.60,350.00,10.00,0.00,30.24,M,4.35,M,BKN,M,M,M,300.00,M,M,M,M,M,M,M,M,M,M,53.60,FAOR 150430Z 35010KT 7000 BKN003 12/11 Q1024 NOSIG,M
FAOR,2026-09-15 05:00,53.60,51.80,93.60,340.00,10.00,0.00,30.24,M,3.11,M,BKN,M,M,M,300.00,M,M,M,BR,M,M,M,M,M,M,53.60,FAOR 150500Z 34010KT 5000 BR BKN003 12/11 Q1024 BECMG 8000 BKN005,M
FAOR,2026-09-15 05:30,55.40,51.80,87.65,330.00,9.00,0.00,30.27,M,5.59,M,BKN,M,M,M,300.00,M,M,M,M,M,M,M,M,M,M,55.40,FAOR 150530Z 33009KT 250V360 9000 BKN003 13/11 Q1025 BECMG SCT010,M
FAOR,2026-09-15 06:00,57.20,51.80,82.13,310.00,10.00,0.00,30.27,M,6.21,M,FEW,M,M,M,500.00,M,M,M,M,M,M,M,M,M,M,57.20,FAOR 150600Z 31010KT 9999 FEW005 14/11 Q1025 NOSIG,M
FAOR,2026-09-15 06:30,59.00,53.60,82.26,300.00,11.00,0.00,30.27,M,6.21,M,SCT,M,M,M,800.00,M,M,M,M,M,M,M,M,M,M,59.00,FAOR 150630Z 30011KT 250V320 9999 SCT008 15/12 Q1025 NOSIG,M
FAOR,2026-09-15 07:00,59.00,51.80,76.99,300.00,12.00,0.00,30.30,M,6.21,M,SCT,M,M,M,1200.00,M,M,M,M,M,M,M,M,M,M,59.00,FAOR 150700Z 30012KT 270V330 9999 SCT012 15/11 Q1026 NOSIG,M
FAOR,2026-09-15 07:30,59.00,51.80,76.99,300.00,11.00,0.00,30.30,M,6.21,M,SCT,M,M,M,1200.00,M,M,M,M,M,M,M,M,M,M,59.00,FAOR 150730Z 30011KT 270V330 9999 SCT012 15/11 Q1026 NOSIG,M
FAOR,2026-09-15 08:00,60.80,51.80,72.21,310.00,12.00,0.00,30.30,M,6.21,M,SCT,M,M,M,1300.00,M,M,M,M,M,M,M,M,M,M,60.80,FAOR 150800Z 31012KT 270V340 9999 SCT013 16/11 Q1026 NOSIG,M
FAOR,2026-09-15 08:30,62.60,51.80,67.76,300.00,13.00,0.00,30.30,M,6.21,M,SCT,M,M,M,1800.00,M,M,M,M,M,M,M,M,M,M,62.60,FAOR 150830Z 30013KT 270V330 9999 SCT018 17/11 Q1026 NOSIG,M
FAOR,2026-09-15 09:00,64.40,51.80,63.62,290.00,16.00,0.00,30.30,M,6.21,M,SCT,M,M,M,2000.00,M,M,M,M,M,M,M,M,M,M,64.40,FAOR 150900Z 29016KT 9999 SCT020 18/11 Q1026 NOSIG,M
FAOR,2026-09-15 09:30,64.40,51.80,63.62,300.00,15.00,0.00,30.27,M,6.21,M,SCT,M,M,M,2500.00,M,M,M,M,M,M,M,M,M,M,64.40,FAOR 150930Z 30015KT 270V330 9999 SCT025 18/11 Q1025 NOSIG,M
FAOR,2026-09-15 10:00,66.20,51.80,59.76,300.00,17.00,0.00,30.27,M,6.21,M,FEW,M,M,M,3000.00,M,M,M,M,M,M,M,M,M,M,66.20,FAOR 151000Z 30017KT 260V320 9999 FEW030 19/11 Q1025 NOSIG,M
FAOR,2026-09-15 10:30,68.00,50.00,52.54,310.00,17.00,0.00,30.27,M,6.21,M,SCT,M,M,M,3000.00,M,M,M,M,M,M,M,M,M,M,68.00,FAOR 151030Z 31017KT 9999 SCT030 20/10 Q1025 NOSIG,M
FAOR,2026-09-15 11:00,68.00,48.20,49.12,290.00,13.00,0.00,30.27,M,6.21,23.00,SCT,M,M,M,3500.00,M,M,M,M,M,M,M,M,M,M,68.00,FAOR 151100Z 29013G23KT 260V320 9999 SCT035 20/09 Q1025 NOSIG,M
FAOR,2026-09-15 11:30,69.80,46.40,43.16,300.00,16.00,0.00,30.27,M,6.21,M,FEW,M,M,M,4000.00,M,M,M,M,M,M,M,M,M,M,69.80,FAOR 151130Z 30016KT 270V330 9999 FEW040 21/08 Q1025 NOSIG,M
FAOR,2026-09-15 12:00,69.80,46.40,43.16,310.00,14.00,0.00,30.24,M,6.21,M,FEW,M,M,M,4500.00,M,M,M,M,M,M,M,M,M,M,69.80,FAOR 151200Z 31014KT 9999 FEW045 21/08 Q1024 NOSIG,M
FAOR,2026-09-15 12:30,71.60,44.60,37.92,300.00,16.00,0.00,30.24,M,6.21,M,FEW,M,M,M,4800.00,M,M,M,M,M,M,M,M,M,M,71.60,FAOR 151230Z 30016KT 270V350 9999 FEW048 22/07 Q1024 NOSIG,M
FAOR,2026-09-15 13:00,69.80,44.60,40.31,290.00,14.00,0.00,30.24,M,6.21,M,M,M,M,M,M,M,M,M,M,M,M,M,M,M,M,69.80,FAOR 151300Z 29014KT CAVOK 21/07 Q1024 NOSIG,M
FAOR,2026-09-15 14:00,69.80,44.60,40.31,290.00,13.00,0.00,30.24,M,6.21,M,M,M,M,M,M,M,M,M,M,M,M,M,M,M,M,69.80,FAOR 151400Z 29013KT 260V320 CAVOK 21/07 Q1024 NOSIG,M
FAOR,2026-09-15 14:30,69.80,46.40,43.16,300.00,12.00,0.00,30.24,M,6.21,M,M,M,M,M,M,M,M,M,M,M,M,M,M,M,M,69.80,FAOR 151430Z 30012KT 270V340 CAVOK 21/08 Q1024 NOSIG,M
FAOR,2026-09-15 15:00,68.00,46.40,45.91,310.00,13.00,0.00,30.27,M,6.21,M,M,M,M,M,M,M,M,M,M,M,M,M,M,M,M,68.00,FAOR 151500Z 31013KT 280V340 CAVOK 20/08 Q1025 NOSIG,M
FAOR,2026-09-15 15:30,69.80,46.40,43.16,290.00,10.00,0.00,30.27,M,6.21,M,M,M,M,M,M,M,M,M,M,M,M,M,M,M,M,69.80,FAOR 151530Z 29010KT CAVOK 21/08 Q1025 NOSIG,M
FAOR,2026-09-15 16:00,68.00,41.00,37.34,290.00,12.00,0.00,30.27,M,6.21,M,M,M,M,M,M,M,M,M,M,M,M,M,M,M,M,68.00,FAOR 151600Z 29012KT CAVOK 20/05 Q1025 NOSIG,M
FAOR,2026-09-15 16:30,68.00,42.80,40.02,290.00,8.00,0.00,30.27,M,6.21,M,M,M,M,M,M,M,M,M,M,M,M,M,M,M,M,68.00,FAOR 151630Z 29008KT CAVOK 20/06 Q1025 NOSIG,M
FAOR,2026-09-15 17:00,66.20,42.80,42.59,290.00,6.00,0.00,30.30,M,6.21,M,M,M,M,M,M,M,M,M,M,M,M,M,M,M,M,66.20,FAOR 151700Z 29006KT 250V310 CAVOK 19/06 Q1026 NOSIG,M
FAOR,2026-09-15 17:30,66.20,42.80,42.59,290.00,5.00,0.00,30.30,M,6.21,M,M,M,M,M,M,M,M,M,M,M,M,M,M,M,M,66.20,FAOR 151730Z 29005KT 250V310 CAVOK 19/06 Q1026 NOSIG,M
FAOR,2026-09-15 18:00,66.20,44.60,45.62,270.00,4.00,0.00,30.30,M,6.21,M,M,M,M,M,M,M,M,M,M,M,M,M,M,M,M,66.20,FAOR 151800Z 27004KT 190V300 CAVOK 19/07 Q1026 NOSIG,M
FAOR,2026-09-15 18:30,64.40,44.60,48.57,290.00,5.00,0.00,30.30,M,6.21,M,M,M,M,M,M,M,M,M,M,M,M,M,M,M,M,64.40,FAOR 151830Z 29005KT CAVOK 18/07 Q1026 NOSIG,M
FAOR,2026-09-15 19:00,64.40,44.60,48.57,260.00,3.00,0.00,30.30,M,6.21,M,M,M,M,M,M,M,M,M,M,M,M,M,M,M,M,64.40,FAOR 151900Z 26003KT 220V300 CAVOK 18/07 Q1026 NOSIG,M
FAOR,2026-09-15 19:30,62.60,44.60,51.73,310.00,3.00,0.00,30.33,M,6.21,M,M,M,M,M,M,M,M,M,M,M,M,M,M,M,M,62.60,FAOR 151930Z 31003KT 200V350 CAVOK 17/07 Q1027 NOSIG,M
FAOR,2026-09-15 20:00,62.60,46.40,55.39,260.00,4.00,0.00,30.33,M,6.21,M,M,M,M,M,M,M,M,M,M,M,M,M,M,M,M,62.60,FAOR 152000Z 26004KT CAVOK 17/08 Q1027 NOSIG,M
FAOR,2026-09-15 21:00,59.00,44.60,58.78,200.00,5.00,0.00,30.33,M,6.21,M,M,M,M,M,M,M,M,M,M,M,M,M,M,M,M,59.00,FAOR 152100Z 20005KT CAVOK 15/07 Q1027 NOSIG,M
FAOR,2026-09-15 22:00,59.00,42.80,54.86,210.00,7.00,0.00,30.33,M,6.21,M,M,M,M,M,M,M,M,M,M,M,M,M,M,M,M,59.00,FAOR 152200Z 21007KT CAVOK 15/06 Q1027 NOSIG,M
FAOR,2026-09-15 23:00,51.80,42.80,71.26,180.00,7.00,0.00,30.33,M,6.21,M,M,M,M,M,M,M,M,M,M,M,M,M,M,M,M,51.80,FAOR 152300Z 18007KT CAVOK 11/06 Q1027 NOSIG,M
FAOR,2026-09-16 00:00,55.40,44.60,66.91,200.00,5.00,0.00,30.33,M,6.21,M,M,M,M,M,M,M,M,M,M,M,M,M,M,M,M,55.40,FAOR 160000Z 20005KT CAVOK 13/07 Q1027 NOSIG,M
FAOR,2026-09-16 01:00,53.60,44.60,71.45,180.00,4.00,0.00,30.33,M,6.21,M,M,M,M,M,M,M,M,M,M,M,M,M,M,M,M,53.60,FAOR 160100Z 18004KT CAVOK 12/07 Q1027 NOSIG,M
FAOR,2026-09-16 02:00,55.40,44.60,66.91,210.00,2.00,0.00,30.30,M,6.21,M,M,M,M,M,M,M,M,M,M,M,M,M,M,M,M,55.40,FAOR 160200Z 21002KT CAVOK 13/07 Q1026 NOSIG,M
FAOR,2026-09-16 03:00,51.80,44.60,76.34,40.00,3.00,0.00,30.33,M,6.21,M,M,M,M,M,M,M,M,M,M,M,M,M,M,M,M,51.80,FAOR 160300Z 04003KT 360V060 CAVOK 11/07 Q1027 NOSIG,M
FAOR,2026-09-16 03:30,53.60,44.60,71.45,M,1.00,0.00,30.33,M,6.21,M,M,M,M,M,M,M,M,M,M,M,M,M,M,M,M,53.60,FAOR 160330Z COR VRB01KT CAVOK 12/07 Q1027 NOSIG,M
FAOR,2026-09-16 04:00,53.60,42.80,66.70,0.00,0.00,0.00,30.33,M,6.21,M,M,M,M,M,M,M,M,M,M,M,M,M,M,M,M,53.60,FAOR 160400Z 00000KT CAVOK 12/06 Q1027 NOSIG,M
FAOR,2026-09-16 04:30,55.40,42.80,62.46,20.00,3.00,0.00,30.33,M,6.21,M,M,M,M,M,M,M,M,M,M,M,M,M,M,M,M,55.40,FAOR 160430Z 02003KT 310V080 CAVOK 13/06 Q1027 NOSIG,M
FAOR,2026-09-16 05:00,59.00,46.40,62.93,M,1.00,0.00,30.36,M,6.21,M,M,M,M,M,M,M,M,M,M,M,M,M,M,M,M,59.00,FAOR 160500Z VRB01KT CAVOK 15/08 Q1028 NOSIG,M
FAOR,2026-09-16 05:30,60.80,46.40,59.02,50.00,4.00,0.00,30.36,M,6.21,M,M,M,M,M,M,M,M,M,M,M,M,M,M,M,M,60.80,FAOR 160530Z 05004KT 350V080 CAVOK 16/08 Q1028 NOSIG,M
FAOR,2026-09-16 06:00,62.60,46.40,55.39,60.00,5.00,0.00,30.36,M,6.21,M,M,M,M,M,M,M,M,M,M,M,M,M,M,M,M,62.60,FAOR 160600Z 06005KT CAVOK 17/08 Q1028 NOSIG,M
FAOR,2026-09-16 06:30,66.20,46.40,48.85,40.00,3.00,0.00,30.36,M,6.21,M,M,M,M,M,M,M,M,M,M,M,M,M,M,M,M,66.20,FAOR 160630Z 04003KT 330V070 CAVOK 19/08 Q1028 NOSIG,M
FAOR,2026-09-16 07:00,69.80,44.60,40.31,10.00,5.00,0.00,30.36,M,6.21,M,M,M,M,M,M,M,M,M,M,M,M,M,M,M,M,69.80,FAOR 160700Z 01005KT 320V060 CAVOK 21/07 Q1028 NOSIG,M
FAOR,2026-09-16 07:30,69.80,46.40,43.16,350.00,8.00,0.00,30.36,M,6.21,M,M,M,M,M,M,M,M,M,M,M,M,M,M,M,M,69.80,FAOR 160730Z 35008KT 330V030 CAVOK 21/08 Q1028 NOSIG,M
FAOR,2026-09-16 08:00,71.60,44.60,37.92,350.00,9.00,0.00,30.36,M,6.21,M,M,M,M,M,M,M,M,M,M,M,M,M,M,M,M,71.60,FAOR 160800Z 35009KT 310V040 CAVOK 22/07 Q1028 NOSIG,M
FAOR,2026-09-16 08:30,71.60,46.40,40.60,340.00,11.00,0.00,30.36,M,6.21,M,M,M,M,M,M,M,M,M,M,M,M,M,M,M,M,71.60,FAOR 160830Z 34011KT 280V010 CAVOK 22/08 Q1028 NOSIG,M
FAOR,2026-09-16 09:00,73.40,48.20,40.89,320.00,10.00,0.00,30.36,M,6.21,M,M,M,M,M,M,M,M,M,M,M,M,M,M,M,M,73.40,FAOR 160900Z 32010KT 280V350 CAVOK 23/09 Q1028 NOSIG,M
FAOR,2026-09-16 10:00,75.20,48.20,38.50,310.00,10.00,0.00,30.33,M,6.21,M,M,M,M,M,M,M,M,M,M,M,M,M,M,M,M,75.20,FAOR 161000Z 31010KT 270V360 CAVOK 24/09 Q1027 NOSIG,M
FAOR,2026-09-16 10:30,77.00,48.20,36.27,310.00,13.00,0.00,30.33,M,6.21,M,M,M,M,M,M,M,M,M,M,M,M,M,M,M,M,77.00,FAOR 161030Z 31013KT 270V360 CAVOK 25/09 Q1027 NOSIG,M
FAOR,2026-09-16 11:00,77.00,48.20,36.27,310.00,12.00,0.00,30.30,M,6.21,M,M,M,M,M,M,M,M,M,M,M,M,M,M,M,M,77.00,FAOR 161100Z 31012KT 280V010 CAVOK 25/09 Q1026 NOSIG,M
FAOR,2026-09-16 11:30,77.00,48.20,36.27,290.00,12.00,0.00,30.27,M,6.21,M,M,M,M,M,M,M,M,M,M,M,M,M,M,M,M,77.00,FAOR 161130Z 29012KT 260V330 CAVOK 25/09 Q1025 NOSIG,M
FAOR,2026-09-16 12:00,78.80,44.60,29.83,310.00,13.00,0.00,30.27,M,6.21,M,M,M,M,M,M,M,M,M,M,M,M,M,M,M,M,78.80,FAOR 161200Z 31013KT 270V340 CAVOK 26/07 Q1025 NOSIG,M
FAOR,2026-09-16 12:30,78.80,44.60,29.83,300.00,14.00,0.00,30.27,M,6.21,M,M,M,M,M,M,M,M,M,M,M,M,M,M,M,M,78.80,FAOR 161230Z 30014KT 270V340 CAVOK 26/07 Q1025 NOSIG,M
FAOR,2026-09-16 13:00,78.80,46.40,31.94,300.00,13.00,0.00,30.27,M,6.21,M,M,M,M,M,M,M,M,M,M,M,M,M,M,M,M,78.80,FAOR 161300Z 30013KT CAVOK 26/08 Q1025 NOSIG,M
FAOR,2026-09-16 13:30,78.80,46.40,31.94,290.00,11.00,0.00,30.27,M,6.21,M,M,M,M,M,M,M,M,M,M,M,M,M,M,M,M,78.80,FAOR 161330Z 29011KT 250V330 CAVOK 26/08 Q1025 NOSIG,M
FAOR,2026-09-16 14:00,77.00,42.80,29.55,280.00,11.00,0.00,30.27,M,6.21,M,M,M,M,M,M,M,M,M,M,M,M,M,M,M,M,77.00,FAOR 161400Z 28011KT 230V310 CAVOK 25/06 Q1025 NOSIG,M
FAOR,2026-09-16 14:30,78.80,44.60,29.83,270.00,9.00,0.00,30.27,M,6.21,M,M,M,M,M,M,M,M,M,M,M,M,M,M,M,M,78.80,FAOR 161430Z 27009KT 230V310 CAVOK 26/07 Q1025 NOSIG,M
FAOR,2026-09-16 15:30,77.00,44.60,31.65,270.00,6.00,0.00,30.27,M,6.21,M,M,M,M,M,M,M,M,M,M,M,M,M,M,M,M,77.00,FAOR 161530Z 27006KT 220V310 CAVOK 25/07 Q1025 NOSIG,M
FAOR,2026-09-16 16:00,75.20,44.60,33.60,280.00,7.00,0.00,30.27,M,6.21,M,M,M,M,M,M,M,M,M,M,M,M,M,M,M,M,75.20,FAOR 161600Z 28007KT CAVOK 24/07 Q1025 NOSIG,M
FAOR,2026-09-16 16:30,75.20,44.60,33.60,300.00,6.00,0.00,30.30,M,6.21,M,M,M,M,M,M,M,M,M,M,M,M,M,M,M,M,75.20,FAOR 161630Z 30006KT CAVOK 24/07 Q1026 NOSIG,M
FAOR,2026-09-16 17:00,73.40,46.40,38.21,320.00,4.00,0.00,30.30,M,6.21,M,M,M,M,M,M,M,M,M,M,M,M,M,M,M,M,73.40,FAOR 161700Z 32004KT 290V350 CAVOK 23/08 Q1026 NOSIG,M
FAOR,2026-09-16 17:30,71.60,46.40,40.60,320.00,5.00,0.00,30.30,M,6.21,M,M,M,M,M,M,M,M,M,M,M,M,M,M,M,M,71.60,FAOR 161730Z 32005KT CAVOK 22/08 Q1026 NOSIG,M
FAOR,2026-09-16 18:00,71.60,46.40,40.60,300.00,3.00,0.00,30.33,M,6.21,M,M,M,M,M,M,M,M,M,M,M,M,M,M,M,M,71.60,FAOR 161800Z 30003KT 200V330 CAVOK 22/08 Q1027 NOSIG,M
FAOR,2026-09-16 18:30,71.60,46.40,40.60,290.00,2.00,0.00,30.33,M,6.21,M,M,M,M,M,M,M,M,M,M,M,M,M,M,M,M,71.60,FAOR 161830Z 29002KT CAVOK 22/08 Q1027 NOSIG,M
FAOR,2026-09-16 19:00,69.80,46.40,43.16,M,1.00,0.00,30.33,M,6.21,M,M,M,M,M,M,M,M,M,M,M,M,M,M,M,M,69.80,FAOR 161900Z VRB01KT CAVOK 21/08 Q1027 NOSIG,M
FAOR,2026-09-16 19:30,69.80,46.40,43.16,M,1.00,0.00,30.33,M,6.21,M,M,M,M,M,M,M,M,M,M,M,M,M,M,M,M,69.80,FAOR 161930Z VRB01KT CAVOK 21/08 Q1027 NOSIG,M
FAOR,2026-09-16 20:00,69.80,46.40,43.16,M,2.00,0.00,30.33,M,6.21,M,M,M,M,M,M,M,M,M,M,M,M,M,M,M,M,69.80,FAOR 162000Z VRB02KT CAVOK 21/08 Q1027 NOSIG,M
FAOR,2026-09-16 20:30,69.80,46.40,43.16,M,2.00,0.00,30.30,M,6.21,M,M,M,M,M,M,M,M,M,M,M,M,M,M,M,M,69.80,FAOR 162030Z VRB02KT CAVOK 21/08 Q1026 NOSIG,M
FAOR,2026-09-16 21:00,69.80,46.40,43.16,M,2.00,0.00,30.30,M,6.21,M,M,M,M,M,M,M,M,M,M,M,M,M,M,M,M,69.80,FAOR 162100Z VRB02KT CAVOK 21/08 Q1026 NOSIG,M
FAOR,2026-09-16 21:30,68.00,46.40,45.91,60.00,3.00,0.00,30.30,M,6.21,M,M,M,M,M,M,M,M,M,M,M,M,M,M,M,M,68.00,FAOR 162130Z 06003KT 020V080 CAVOK 20/08 Q1026 NOSIG,M
FAOR,2026-09-16 22:00,68.00,46.40,45.91,0.00,0.00,0.00,30.30,M,6.21,M,FEW,M,M,M,4500.00,M,M,M,M,M,M,M,M,M,M,68.00,FAOR 162200Z 00000KT 9999 FEW045TCU 20/08 Q1026 NOSIG RMK DIST CB TO W,M
FAOR,2026-09-16 23:00,64.40,50.00,59.52,40.00,10.00,0.00,30.30,M,6.21,M,M,M,M,M,M,M,M,M,M,M,M,M,M,M,M,64.40,FAOR 162300Z 04010KT CAVOK 18/10 Q1026 NOSIG RMK DIST CB SE,M
FAOR,2026-09-17 00:00,64.40,48.20,55.65,140.00,3.00,0.00,30.30,M,6.21,M,M,M,M,M,M,M,M,M,M,M,M,M,M,M,M,64.40,FAOR 170000Z 14003KT 080V190 CAVOK 18/09 Q1026 NOSIG,M
FAOR,2026-09-17 01:00,62.60,48.20,59.27,M,2.00,0.00,30.27,M,6.21,M,M,M,M,M,M,M,M,M,M,M,M,M,M,M,M,62.60,FAOR 170100Z VRB02KT CAVOK 17/09 Q1025 NOSIG,M
FAOR,2026-09-17 02:00,59.00,48.20,67.34,70.00,3.00,0.00,30.27,M,6.21,M,M,M,M,M,M,M,M,M,M,M,M,M,M,M,M,59.00,FAOR 170200Z 07003KT CAVOK 15/09 Q1025 NOSIG,M
FAOR,2026-09-17 02:30,57.20,48.20,71.84,40.00,7.00,0.00,30.27,M,6.21,M,M,M,M,M,M,M,M,M,M,M,M,M,M,M,M,57.20,FAOR 170230Z 04007KT CAVOK 14/09 Q1025 NOSIG,M
FAOR,2026-09-17 03:00,59.00,50.00,72.02,30.00,8.00,0.00,30.27,M,6.21,M,M,M,M,M,M,M,M,M,M,M,M,M,M,M,M,59.00,FAOR 170300Z 03008KT CAVOK 15/10 Q1025 NOSIG,M
FAOR,2026-09-17 04:00,57.20,48.20,71.84,40.00,9.00,0.00,30.30,M,6.21,M,M,M,M,M,M,M,M,M,M,M,M,M,M,M,M,57.20,FAOR 170400Z 04009KT CAVOK 14/09 Q1026 NOSIG,M
FAOR,2026-09-17 04:30,57.20,48.20,71.84,50.00,9.00,0.00,30.30,M,6.21,M,M,M,M,M,M,M,M,M,M,M,M,M,M,M,M,57.20,FAOR 170430Z 05009KT CAVOK 14/09 Q1026 NOSIG,M
FAOR,2026-09-17 05:00,59.00,50.00,72.02,30.00,10.00,0.00,30.30,M,6.21,M,M,M,M,M,M,M,M,M,M,M,M,M,M,M,M,59.00,FAOR 170500Z 03010KT CAVOK 15/10 Q1026 NOSIG,M
FAOR,2026-09-17 05:30,62.60,50.00,63.39,30.00,13.00,0.00,30.30,M,6.21,M,M,M,M,M,M,M,M,M,M,M,M,M,M,M,M,62.60,FAOR 170530Z 03013KT CAVOK 17/10 Q1026 NOSIG,M
FAOR,2026-09-17 06:00,64.40,50.00,59.52,30.00,12.00,0.00,30.33,M,6.21,M,M,M,M,M,M,M,M,M,M,M,M,M,M,M,M,64.40,FAOR 170600Z 03012KT CAVOK 18/10 Q1027 NOSIG,M
FAOR,2026-09-17 06:30,62.60,51.80,67.76,M,4.00,0.00,30.36,M,6.21,M,M,M,M,M,M,M,M,M,M,M,M,M,M,M,M,62.60,FAOR 170630Z VRB04KT CAVOK 17/11 Q1028 NOSIG,M
FAOR,2026-09-17 07:00,66.20,51.80,59.76,60.00,7.00,0.00,30.33,M,6.21,M,M,M,M,M,M,M,M,M,M,M,M,M,M,M,M,66.20,FAOR 170700Z 06007KT 030V090 CAVOK 19/11 Q1027 NOSIG,M
FAOR,2026-09-17 07:30,68.00,51.80,56.16,30.00,8.00,0.00,30.36,M,6.21,M,M,M,M,M,M,M,M,M,M,M,M,M,M,M,M,68.00,FAOR 170730Z 03008KT 360V060 CAVOK 20/11 Q1028 NOSIG,M
FAOR,2026-09-17 08:00,68.00,51.80,56.16,20.00,13.00,0.00,30.33,M,6.21,M,M,M,M,M,M,M,M,M,M,M,M,M,M,M,M,68.00,FAOR 170800Z 02013KT CAVOK 20/11 Q1027 NOSIG,M
FAOR,2026-09-17 08:30,71.60,51.80,49.67,30.00,14.00,0.00,30.30,M,6.21,M,M,M,M,M,M,M,M,M,M,M,M,M,M,M,M,71.60,FAOR 170830Z 03014KT CAVOK 22/11 Q1026 NOSIG,M
FAOR,2026-09-17 09:00,73.40,51.80,46.75,30.00,18.00,0.00,30.30,M,6.21,M,M,M,M,M,M,M,M,M,M,M,M,M,M,M,M,73.40,FAOR 170900Z 03018KT CAVOK 23/11 Q1026 NOSIG,M
FAOR,2026-09-17 09:30,77.00,50.00,38.79,20.00,20.00,0.00,30.27,M,6.21,M,M,M,M,M,M,M,M,M,M,M,M,M,M,M,M,77.00,FAOR 170930Z 02020KT CAVOK 25/10 Q1025 NOSIG,M
FAOR,2026-09-17 10:00,77.00,48.20,36.27,360.00,20.00,0.00,30.24,M,6.21,M,M,M,M,M,M,M,M,M,M,M,M,M,M,M,M,77.00,FAOR 171000Z 36020KT 320V020 CAVOK 25/09 Q1024 NOSIG,M
FAOR,2026-09-17 10:30,78.80,48.20,34.18,360.00,19.00,0.00,30.24,M,6.21,M,M,M,M,M,M,M,M,M,M,M,M,M,M,M,M,78.80,FAOR 171030Z 36019KT 330V030 CAVOK 26/09 Q1024 NOSIG,M
FAOR,2026-09-17 11:00,77.00,50.00,38.79,350.00,17.00,0.00,30.24,M,6.21,M,M,M,M,M,M,M,M,M,M,M,M,M,M,M,M,77.00,FAOR 171100Z 35017KT 310V010 CAVOK 25/10 Q1024 NOSIG,M
FAOR,2026-09-17 11:30,77.00,50.00,38.79,350.00,21.00,0.00,30.21,M,6.21,M,M,M,M,M,M,M,M,M,M,M,M,M,M,M,M,77.00,FAOR 171130Z 35021KT CAVOK 25/10 Q1023 NOSIG,M
FAOR,2026-09-17 12:00,77.00,50.00,38.79,350.00,22.00,0.00,30.21,M,6.21,M,M,M,M,M,M,M,M,M,M,M,M,M,M,M,M,77.00,FAOR 171200Z 35022KT 320V020 CAVOK 25/10 Q1023 NOSIG,M
FAOR,2026-09-17 12:30,77.00,50.00,38.79,340.00,20.00,0.00,30.18,M,6.21,M,M,M,M,M,M,M,M,M,M,M,M,M,M,M,M,77.00,FAOR 171230Z 34020KT CAVOK 25/10 Q1022 NOSIG,M
FAOR,2026-09-17 13:00,77.00,50.00,38.79,340.00,19.00,0.00,30.18,M,6.21,M,M,M,M,M,M,M,M,M,M,M,M,M,M,M,M,77.00,FAOR 171300Z 34019KT CAVOK 25/10 Q1022 NOSIG,M
FAOR,2026-09-17 13:30,78.80,48.20,34.18,350.00,19.00,0.00,30.18,M,6.21,M,M,M,M,M,M,M,M,M,M,M,M,M,M,M,M,78.80,FAOR 171330Z 35019KT CAVOK 26/09 Q1022 NOSIG,M
FAOR,2026-09-17 14:00,78.80,42.80,27.85,340.00,18.00,0.00,30.18,M,6.21,M,M,M,M,M,M,M,M,M,M,M,M,M,M,M,M,78.80,FAOR 171400Z 34018KT CAVOK 26/06 Q1022 NOSIG,M
FAOR,2026-09-17 14:30,78.80,44.60,29.83,330.00,17.00,0.00,30.18,M,6.21,27.00,M,M,M,M,M,M,M,M,M,M,M,M,M,M,M,78.80,FAOR 171430Z 33017G27KT CAVOK 26/07 Q1022 NOSIG,M
FAOR,2026-09-17 15:00,77.00,44.60,31.65,340.00,16.00,0.00,30.18,M,6.21,M,M,M,M,M,M,M,M,M,M,M,M,M,M,M,M,77.00,COR FAOR 171500Z 34016KT CAVOK 25/07 Q1022 NOSIG,M
FAOR,2026-09-17 15:30,77.00,44.60,31.65,340.00,15.00,0.00,30.18,M,6.21,M,M,M,M,M,M,M,M,M,M,M,M,M,M,M,M,77.00,FAOR 171530Z 34015KT CAVOK 25/07 Q1022 NOSIG,M
FAOR,2026-09-17 16:00,75.20,44.60,33.60,350.00,16.00,0.00,30.21,M,6.21,M,M,M,M,M,M,M,M,M,M,M,M,M,M,M,M,75.20,FAOR 171600Z 35016KT CAVOK 24/07 Q1023 NOSIG,M
FAOR,2026-09-17 16:30,75.20,46.40,35.98,350.00,13.00,0.00,30.21,M,6.21,M,M,M,M,M,M,M,M,M,M,M,M,M,M,M,M,75.20,FAOR 171630Z 35013KT CAVOK 24/08 Q1023 NOSIG,M
FAOR,2026-09-17 17:00,71.60,46.40,40.60,10.00,13.00,0.00,30.24,M,6.21,M,M,M,M,M,M,M,M,M,,M,M,M,M,M,M,71.60,COR FAOR 171700Z 01013KT CAVOK 22/08 Q1024 NOSIG,M
FAOR,2026-09-17 17:30,62.60,50.00,63.39,100.00,13.00,0.00,30.27,M,6.21,M,M,M,M,M,M,M,M,M,M,M,M,M,M,M,M,62.60,FAOR 171730Z 10013KT CAVOK 17/10 Q1025 NOSIG,M
FAOR,2026-09-17 18:00,60.80,50.00,67.55,120.00,11.00,0.00,30.27,M,6.21,M,M,M,M,M,M,M,M,M,M,M,M,M,M,M,M,60.80,FAOR 171800Z 12011KT 040V150 CAVOK 16/10 Q1025 NOSIG,M
FAOR,2026-09-17 18:30,59.00,50.00,72.02,90.00,15.00,0.00,30.27,M,6.21,M,FEW,M,M,M,4000.00,M,M,M,TS,M,M,M,M,M,M,59.00,FAOR 171830Z 09015KT 9999 TS FEW040CB 15/10 Q1025 TEMPO 5000 TSRA,M
FAOR,2026-09-17 19:00,57.20,51.80,82.13,M,5.00,0.00,30.36,M,1.62,M,FEW,SCT,M,M,4200.00,4500.00,M,M,TSRA,M,M,M,M,M,M,57.20,FAOR 171900Z VRB05KT 2600 TSRA FEW042 SCT045CB 14/11 Q1028 BECMG 9999 NSW,M
FAOR,2026-09-17 19:30,55.40,51.80,87.65,110.00,12.00,0.00,30.30,M,6.21,M,FEW,SCT,M,M,1500.00,3600.00,M,M,-RA,M,M,M,M,M,M,55.40,FAOR 171930Z 11012KT 050V120 9999 -RA FEW015 SCT036 13/11 Q1026 RETSRA BECMG NSW,M
FAOR,2026-09-17 20:00,53.60,51.80,93.60,120.00,11.00,0.00,30.33,M,6.21,M,FEW,M,M,M,700.00,M,M,M,-RA,M,M,M,M,M,M,53.60,FAOR 172000Z 12011KT 060V150 9999 -RA FEW007 12/11 Q1027 TEMPO 5000 -TSRA FEW040CB,M
FAOR,2026-09-17 20:30,53.60,51.80,93.60,140.00,12.00,0.00,30.33,M,6.21,M,BKN,FEW,M,M,600.00,4500.00,M,M,VCTS,M,M,M,M,M,M,53.60,FAOR 172030Z 14012KT 9999 VCTS BKN006 FEW045CB 12/11 Q1027 TEMPO 5000 TSRA,M
FAOR,2026-09-17 21:00,53.60,51.80,93.60,200.00,23.00,0.00,30.33,M,4.97,M,BKN,SCT,M,M,600.00,4500.00,M,M,-TSRA,M,M,M,M,M,M,53.60,FAOR 172100Z 20023KT 8000 -TSRA BKN006 SCT045CB 12/11 Q1027 TEMPO 3000 TSRA BKN004,M
FAOR,2026-09-17 22:00,53.60,51.80,93.60,120.00,13.00,0.00,30.33,M,4.97,M,SCT,BKN,M,M,700.00,1900.00,M,M,M,M,M,M,M,M,M,53.60,FAOR 172200Z 12013KT 8000 SCT007 BKN019 12/11 Q1027 RETSRA TEMPO BKN015,M
FAOR,2026-09-17 22:30,53.60,51.80,93.60,100.00,15.00,0.00,30.33,M,4.97,M,OVC,M,M,M,600.00,M,M,M,M,M,M,M,M,M,M,53.60,FAOR 172230Z 10015KT 8000 OVC006 12/11 Q1027 NOSIG,M
FAOR,2026-09-17 23:00,53.60,51.80,93.60,100.00,14.00,0.00,30.33,M,4.35,M,OVC,M,M,M,500.00,M,M,M,M,M,M,M,M,M,M,53.60,FAOR 172300Z 10014KT 7000 OVC005 12/11 Q1027 TEMPO 5000 BR,M
FAOR,2026-09-18 00:00,53.60,51.80,93.60,100.00,13.00,0.00,30.33,M,4.97,M,OVC,M,M,M,500.00,M,M,M,M,M,M,M,M,M,M,53.60,FAOR 180000Z 10013KT 8000 OVC005 12/11 Q1027 TEMPO 5000 BR,M
FAOR,2026-09-18 01:00,53.60,51.80,93.60,90.00,12.00,0.00,30.33,M,4.35,M,BKN,FEW,M,M,600.00,4500.00,M,M,M,M,M,M,M,M,M,53.60,FAOR 180100Z 09012KT 7000 BKN006 FEW045TCU 12/11 Q1027 TEMPO 5000 -SHRA BR BKN005,M
FAOR,2026-09-18 02:00,53.60,51.80,93.60,90.00,15.00,0.00,30.30,M,4.97,M,OVC,M,M,M,500.00,M,M,M,M,M,M,M,M,M,M,53.60,FAOR 180200Z 09015KT 8000 OVC005 12/11 Q1026 NOSIG,M
FAOR,2026-09-18 02:30,53.60,51.80,93.60,80.00,17.00,0.00,30.30,M,4.35,M,OVC,M,M,M,500.00,M,M,M,M,M,M,M,M,M,M,53.60,FAOR 180230Z 08017KT 7000 OVC005 12/11 Q1026 NOSIG,M
FAOR,2026-09-18 03:00,53.60,51.80,93.60,80.00,13.00,0.00,30.33,M,4.35,M,OVC,FEW,M,M,500.00,4500.00,M,M,M,M,M,M,M,M,M,53.60,FAOR 180300Z 08013KT 7000 OVC005 FEW045TCU 12/11 Q1027 NOSIG,M
FAOR,2026-09-18 03:30,53.60,51.80,93.60,70.00,17.00,0.00,30.30,M,4.35,M,BKN,M,M,M,600.00,M,M,M,M,M,M,M,M,M,M,53.60,FAOR 180330Z 07017KT 7000 BKN006 12/11 Q1026 NOSIG,M
FAOR,2026-09-18 04:00,53.60,51.80,93.60,70.00,14.00,0.00,30.33,M,4.35,M,BKN,M,M,M,600.00,M,M,M,M,M,M,M,M,M,M,53.60,FAOR 180400Z 07014KT 7000 BKN006 12/11 Q1027 NOSIG,M
FAOR,2026-09-18 04:30,53.60,51.80,93.60,70.00,14.00,0.00,30.33,M,3.73,M,BKN,M,M,M,600.00,M,M,M,M,M,M,M,M,M,M,53.60,FAOR 180430Z 07014KT 6000 BKN006 12/11 Q1027 TEMPO 5000 BR,M
FAOR,2026-09-18 05:00,53.60,51.80,93.60,60.00,14.00,0.00,30.33,M,3.73,M,OVC,M,M,M,600.00,M,M,M,-RA,M,M,M,M,M,M,53.60,FAOR 180500Z 06014KT 6000 -RA OVC006 12/11 Q1027 NOSIG,M
FAOR,2026-09-18 05:30,53.60,51.80,93.60,60.00,16.00,0.00,30.33,M,3.73,M,OVC,M,M,M,600.00,M,M,M,M,M,M,M,M,M,M,53.60,FAOR 180530Z 06016KT 6000 OVC006 12/11 Q1027 NOSIG,M
FAOR,2026-09-18 06:00,55.40,53.60,93.65,60.00,17.00,0.00,30.36,M,3.73,M,OVC,M,M,M,700.00,M,M,M,M,M,M,M,M,M,M,55.40,FAOR 180600Z 06017KT 6000 OVC007 13/12 Q1028 NOSIG,M
FAOR,2026-09-18 06:30,55.40,53.60,93.65,50.00,15.00,0.00,30.36,M,4.97,M,OVC,M,M,M,800.00,M,M,M,M,M,M,M,M,M,M,55.40,FAOR 180630Z 05015KT 8000 OVC008 13/12 Q1028 NOSIG,M
FAOR,2026-09-18 07:00,57.20,53.60,87.75,40.00,18.00,0.00,30.39,M,6.21,M,BKN,M,M,M,1000.00,M,M,M,M,M,M,M,M,M,M,57.20,FAOR 180700Z 04018KT 9999 BKN010 14/12 Q1029 BECMG BKN015,M
FAOR,2026-09-18 07:30,59.00,53.60,82.26,40.00,19.00,0.00,30.39,M,6.21,M,BKN,M,M,M,1000.00,M,M,M,M,M,M,M,M,M,M,59.00,FAOR 180730Z 04019KT 9999 BKN010 15/12 Q1029 BECMG BKN015,M
FAOR,2026-09-18 08:00,62.60,53.60,72.40,40.00,20.00,0.00,30.36,M,6.21,M,BKN,M,M,M,1500.00,M,M,M,M,M,M,M,M,M,M,62.60,FAOR 180800Z 04020KT 9999 BKN015 17/12 Q1028 BECMG SCT020,M
FAOR,2026-09-18 08:30,62.60,53.60,72.40,40.00,21.00,0.00,30.36,M,6.21,M,BKN,M,M,M,2000.00,M,M,M,M,M,M,M,M,M,M,62.60,FAOR 180830Z 04021KT 9999 BKN020 17/12 Q1028 NOSIG,M
FAOR,2026-09-18 09:00,64.40,51.80,63.62,50.00,18.00,0.00,30.36,M,6.21,M,BKN,M,M,M,2200.00,M,M,M,M,M,M,M,M,M,M,64.40,FAOR 180900Z 05018KT 9999 BKN022 18/11 Q1028 NOSIG,M
FAOR,2026-09-18 09:30,64.40,51.80,63.62,40.00,17.00,0.00,30.39,M,6.21,M,BKN,M,M,M,2500.00,M,M,M,M,M,M,M,M,M,M,64.40,FAOR 180930Z 04017KT 9999 BKN025 18/11 Q1029 NOSIG,M
FAOR,2026-09-18 10:30,64.40,51.80,63.62,50.00,16.00,0.00,30.36,M,6.21,M,BKN,M,M,M,3000.00,M,M,M,M,M,M,M,M,M,M,64.40,FAOR 181030Z 05016KT 9999 BKN030 18/11 Q1028 NOSIG,M
FAOR,2026-09-18 11:00,64.40,51.80,63.62,50.00,16.00,0.00,30.33,M,6.21,M,BKN,M,M,M,3500.00,M,M,M,M,M,M,M,M,M,M,64.40,FAOR 181100Z 05016KT 9999 BKN035 18/11 Q1027 NOSIG,M
FAOR,2026-09-18 11:30,66.20,51.80,59.76,50.00,14.00,0.00,30.33,M,6.21,M,BKN,M,M,M,3600.00,M,M,M,M,M,M,M,M,M,M,66.20,FAOR 181130Z 05014KT 9999 BKN036 19/11 Q1027 NOSIG,M
FAOR,2026-09-18 12:00,66.20,51.80,59.76,40.00,13.00,0.00,30.33,M,6.21,M,BKN,M,M,M,3500.00,M,M,M,M,M,M,M,M,M,M,66.20,FAOR 181200Z 04013KT 9999 BKN035 19/11 Q1027 NOSIG,M
FAOR,2026-09-18 12:30,68.00,51.80,56.16,50.00,16.00,0.00,30.33,M,6.21,M,BKN,M,M,M,3600.00,M,M,M,M,M,M,M,M,M,M,68.00,FAOR 181230Z 05016KT 9999 BKN036 20/11 Q1027 NOSIG,M
FAOR,2026-09-18 13:00,68.00,51.80,56.16,40.00,12.00,0.00,30.33,M,6.21,M,BKN,M,M,M,3700.00,M,M,M,M,M,M,M,M,M,M,68.00,FAOR 181300Z 04012KT 010V070 9999 BKN037 20/11 Q1027 NOSIG,M
FAOR,2026-09-18 13:30,66.20,50.00,55.91,50.00,13.00,0.00,30.33,M,6.21,M,BKN,M,M,M,4000.00,M,M,M,M,M,M,M,M,M,M,66.20,FAOR 181330Z 05013KT 9999 BKN040 19/10 Q1027 NOSIG,M
FAOR,2026-09-18 14:00,68.00,51.80,56.16,40.00,15.00,0.00,30.33,M,6.21,M,SCT,M,M,M,4000.00,M,M,M,M,M,M,M,M,M,M,68.00,FAOR 181400Z 04015KT 9999 SCT040 20/11 Q1027 NOSIG,M
FAOR,2026-09-18 14:30,66.20,50.00,55.91,50.00,13.00,0.00,30.33,M,6.21,M,SCT,M,M,M,4700.00,M,M,M,M,M,M,M,M,M,M,66.20,FAOR 181430Z 05013KT 9999 SCT047 19/10 Q1027 NOSIG,M
FAOR,2026-09-18 15:00,66.20,50.00,55.91,60.00,12.00,0.00,30.36,M,6.21,M,SCT,M,M,M,4700.00,M,M,M,M,M,M,M,M,M,M,66.20,FAOR 181500Z 06012KT 9999 SCT047 19/10 Q1028 NOSIG,M
FAOR,2026-09-18 15:30,60.80,53.60,77.15,110.00,16.00,0.00,30.36,M,6.21,M,FEW,BKN,M,M,2900.00,3900.00,M,M,M,M,M,M,M,M,M,60.80,FAOR 181530Z 11016KT 9999 FEW029 BKN039 16/12 Q1028 NOSIG,M
FAOR,2026-09-18 16:00,59.00,53.60,82.26,110.00,15.00,0.00,30.39,M,6.21,M,FEW,BKN,FEW,M,1600.00,3400.00,4000.00,M,-SHRA,M,M,M,M,M,M,59.00,FAOR 181600Z 11015KT 9999 -SHRA FEW016 BKN034 FEW040TCU 15/12 Q1029 NOSIG,M
FAOR,2026-09-18 16:30,57.20,51.80,82.13,100.00,20.00,0.00,30.39,M,6.21,M,FEW,BKN,FEW,M,1400.00,3900.00,4500.00,M,-SHRA,M,M,M,M,M,M,57.20,FAOR 181630Z 10020KT 9999 -SHRA FEW014 BKN039 FEW045TCU 14/11 Q1029 NOSIG,M
FAOR,2026-09-18 17:00,55.40,51.80,87.65,80.00,20.00,0.00,30.42,M,6.21,M,FEW,SCT,FEW,M,1300.00,3900.00,4500.00,M,-SHRA,M,M,M,M,M,M,55.40,FAOR 181700Z 08020KT 9999 -SHRA FEW013 SCT039 FEW045TCU 13/11 Q1030 NOSIG,M
FAOR,2026-09-18 17:30,53.60,51.80,93.60,80.00,19.00,0.00,30.42,M,6.21,M,BKN,M,M,M,1100.00,M,M,M,M,M,M,M,M,M,M,53.60,FAOR 181730Z 08019KT 9999 BKN011 12/11 Q1030 RESHRA NOSIG,M
FAOR,2026-09-18 18:00,53.60,51.80,93.60,90.00,16.00,0.00,30.42,M,6.21,M,BKN,M,M,M,1000.00,M,M,M,M,M,M,M,M,M,M,53.60,FAOR 181800Z 09016KT 9999 BKN010 12/11 Q1030 NOSIG,M
FAOR,2026-09-18 18:30,53.60,50.00,87.56,90.00,19.00,0.00,30.45,M,6.21,M,OVC,M,M,M,1000.00,M,M,M,M,M,M,M,M,M,M,53.60,FAOR 181830Z 09019KT 9999 OVC010 12/10 Q1031 NOSIG,M
FAOR,2026-09-18 19:00,53.60,50.00,87.56,80.00,17.00,0.00,30.45,M,6.21,M,OVC,M,M,M,1000.00,M,M,M,M,M,M,M,M,M,M,53.60,COR FAOR 181900Z 08017KT 9999 OVC010 12/10 Q1031 NOSIG,M
FAOR,2026-09-18 19:30,53.60,50.00,87.56,90.00,20.00,0.00,30.47,M,6.21,M,OVC,M,M,M,1000.00,M,M,M,M,M,M,M,M,M,M,53.60,FAOR 181930Z 09020KT 9999 OVC010 12/10 Q1032 NOSIG,M
FAOR,2026-09-18 20:00,53.60,50.00,87.56,80.00,17.00,0.00,30.47,M,6.21,M,BKN,M,M,M,1200.00,M,M,M,M,M,M,M,M,M,M,53.60,FAOR 182000Z 08017KT 9999 BKN012 12/10 Q1032 NOSIG,M
FAOR,2026-09-18 20:30,53.60,50.00,87.56,90.00,17.00,0.00,30.47,M,6.21,M,SCT,BKN,M,M,1200.00,3000.00,M,M,M,M,M,M,M,M,M,53.60,FAOR 182030Z 09017KT 9999 SCT012 BKN030 12/10 Q1032 NOSIG,M
FAOR,2026-09-18 21:00,53.60,50.00,87.56,80.00,14.00,0.00,30.47,M,6.21,M,BKN,M,M,M,1200.00,M,M,M,M,M,M,M,M,M,M,53.60,COR FAOR 182100Z 08014KT 9999 BKN012 12/10 Q1032 NOSIG,M
FAOR,2026-09-18 22:00,51.80,48.20,87.47,80.00,16.00,0.00,30.45,M,6.21,M,OVC,M,M,M,1000.00,M,M,M,M,M,M,M,M,M,M,51.80,FAOR 182200Z 08016KT 9999 OVC010 11/09 Q1031 NOSIG,M
FAOR,2026-09-18 23:00,51.80,48.20,87.47,80.00,17.00,0.00,30.45,M,6.21,M,OVC,M,M,M,1000.00,M,M,M,M,M,M,M,M,M,M,51.80,FAOR 182300Z 08017KT 9999 OVC010 11/09 Q1031 NOSIG,M
FAOR,2026-09-19 00:00,51.80,48.20,87.47,80.00,17.00,0.00,30.45,M,6.21,M,OVC,M,M,M,800.00,M,M,M,M,M,M,M,M,M,M,51.80,FAOR 190000Z 08017KT 9999 OVC008 11/09 Q1031 NOSIG,M
FAOR,2026-09-19 01:00,51.80,48.20,87.47,80.00,17.00,0.00,30.42,M,6.21,M,OVC,M,M,M,800.00,M,M,M,M,M,M,M,M,M,M,51.80,COR FAOR 190100Z 08017KT 9999 OVC008 11/09 Q1030 NOSIG,M
FAOR,2026-09-19 02:00,51.80,48.20,87.47,90.00,14.00,0.00,30.42,M,6.21,M,OVC,M,M,M,900.00,M,M,M,M,M,M,M,M,M,M,51.80,FAOR 190200Z 09014KT 9999 OVC009 11/09 Q1030 NOSIG,M
FAOR,2026-09-19 02:30,50.00,48.20,93.50,90.00,15.00,0.00,30.42,M,6.21,M,BKN,M,M,M,900.00,M,M,M,M,M,M,M,M,M,M,50.00,FAOR 190230Z 09015KT 9999 BKN009 10/09 Q1030 NOSIG,M
FAOR,2026-09-19 03:00,50.00,46.40,87.37,90.00,15.00,0.00,30.45,M,6.21,M,BKN,M,M,M,800.00,M,M,M,M,M,M,M,M,M,M,50.00,FAOR 190300Z 09015KT 9999 BKN008 10/08 Q1031 NOSIG,M
FAOR,2026-09-19 03:30,50.00,48.20,93.50,100.00,13.00,0.00,30.45,M,6.21,M,BKN,M,M,M,700.00,M,M,M,M,M,M,M,M,M,M,50.00,FAOR 190330Z 10013KT 9999 BKN007 10/09 Q1031 NOSIG,M
FAOR,2026-09-19 04:00,50.00,48.20,93.50,90.00,14.00,0.00,30.45,M,6.21,M,BKN,M,M,M,700.00,M,M,M,M,M,M,M,M,M,M,50.00,FAOR 190400Z 09014KT 9999 BKN007 10/09 Q1031 NOSIG,M
FAOR,2026-09-19 04:30,50.00,48.20,93.50,80.00,15.00,0.00,30.45,M,6.21,M,OVC,M,M,M,600.00,M,M,M,M,M,M,M,M,M,M,50.00,FAOR 190430Z 08015KT 9999 OVC006 10/09 Q1031 NOSIG,M
FAOR,2026-09-19 05:00,50.00,48.20,93.50,80.00,15.00,0.00,30.45,M,6.21,M,BKN,M,M,M,600.00,M,M,M,M,M,M,M,M,M,M,50.00,FAOR 190500Z 08015KT 9999 BKN006 10/09 Q1031 NOSIG,M
FAOR,2026-09-19 05:30,51.80,48.20,87.47,70.00,15.00,0.00,30.45,M,6.21,M,SCT,M,M,M,700.00,M,M,M,M,M,M,M,M,M,M,51.80,FAOR 190530Z 07015KT 9999 SCT007 11/09 Q1031 NOSIG,M
FAOR,2026-09-19 06:00,53.60,48.20,81.87,60.00,14.00,0.00,30.47,M,6.21,M,FEW,M,M,M,1000.00,M,M,M,M,M,M,M,M,M,M,53.60,FAOR 190600Z 06014KT 9999 FEW010 12/09 Q1032 NOSIG,M
FAOR,2026-09-19 06:30,55.40,48.20,76.67,50.00,14.00,0.00,30.47,M,6.21,M,M,M,M,M,M,M,M,M,M,M,M,M,M,M,M,55.40,FAOR 190630Z 05014KT CAVOK 13/09 Q1032 NOSIG,M
FAOR,2026-09-19 07:00,59.00,50.00,72.02,60.00,12.00,0.00,30.47,M,6.21,M,FEW,M,M,M,4400.00,M,M,M,M,M,M,M,M,M,M,59.00,FAOR 190700Z 06012KT 020V080 9999 FEW044 15/10 Q1032 NOSIG,M
FAOR,2026-09-19 07:30,60.80,50.00,67.55,40.00,13.00,0.00,30.47,M,6.21,M,M,M,M,M,M,M,M,M,M,M,M,M,M,M,M,60.80,FAOR 190730Z 04013KT CAVOK 16/10 Q1032 NOSIG,M
FAOR,2026-09-19 08:00,62.60,50.00,63.39,30.00,15.00,0.00,30.47,M,6.21,M,FEW,M,M,M,4400.00,M,M,M,M,M,M,M,M,M,M,62.60,FAOR 190800Z 03015KT 9999 FEW044 17/10 Q1032 NOSIG,M
FAOR,2026-09-19 08:30,64.40,50.00,59.52,30.00,16.00,0.00,30.45,M,6.21,M,FEW,M,M,M,3300.00,M,M,M,M,M,M,M,M,M,M,64.40,FAOR 190830Z 03016KT 9999 FEW033 18/10 Q1031 NOSIG,M
FAOR,2026-09-19 09:00,66.20,50.00,55.91,20.00,17.00,0.00,30.45,M,6.21,M,FEW,M,M,M,2800.00,M,M,M,M,M,M,M,M,M,M,66.20,FAOR 190900Z 02017KT 9999 FEW028 19/10 Q1031 NOSIG,M
FAOR,2026-09-19 09:30,66.20,48.20,52.27,360.00,16.00,0.00,30.42,M,6.21,M,FEW,M,M,M,3000.00,M,M,M,M,M,M,M,M,M,M,66.20,FAOR 190930Z 36016KT 9999 FEW030 19/09 Q1030 NOSIG,M
FAOR,2026-09-19 10:00,68.00,50.00,52.54,360.00,16.00,0.00,30.42,M,6.21,M,FEW,M,M,M,3500.00,M,M,M,M,M,M,M,M,M,M,68.00,FAOR 191000Z 36016KT 9999 FEW035 20/10 Q1030 NOSIG,M
FAOR,2026-09-19 10:30,66.20,48.20,52.27,10.00,15.00,0.00,30.42,M,6.21,M,FEW,M,M,M,4000.00,M,M,M,M,M,M,M,M,M,M,66.20,FAOR 191030Z 01015KT 340V040 9999 FEW040 19/09 Q1030 NOSIG,M
FAOR,2026-09-19 11:00,69.80,46.40,43.16,360.00,14.00,0.00,30.39,M,6.21,M,FEW,M,M,M,4800.00,M,M,M,M,M,M,M,M,M,M,69.80,FAOR 191100Z 36014KT 9999 FEW048 21/08 Q1029 NOSIG,M
FAOR,2026-09-19 11:30,69.80,48.20,46.19,20.00,15.00,0.00,30.39,M,6.21,M,M,M,M,M,M,M,M,M,M,M,M,M,M,M,M,69.80,FAOR 191130Z 02015KT CAVOK 21/09 Q1029 NOSIG,M
FAOR,2026-09-19 12:00,69.80,50.00,49.40,360.00,14.00,0.00,30.36,M,6.21,M,M,M,M,M,M,M,M,M,M,M,M,M,M,M,M,69.80,FAOR 191200Z 36014KT 310V030 CAVOK 21/10 Q1028 NOSIG,M
FAOR,2026-09-19 12:30,69.80,48.20,46.19,10.00,11.00,0.00,30.36,M,6.21,M,M,M,M,M,M,M,M,M,M,M,M,M,M,M,M,69.80,FAOR 191230Z 01011KT 340V050 CAVOK 21/09 Q1028 NOSIG,M
FAOR,2026-09-19 13:00,69.80,48.20,46.19,360.00,14.00,0.00,30.36,M,6.21,M,M,M,M,M,M,M,M,M,M,M,M,M,M,M,M,69.80,FAOR 191300Z 36014KT 320V040 CAVOK 21/09 Q1028 NOSIG,M
FAOR,2026-09-19 13:30,69.80,50.00,49.40,360.00,13.00,0.00,30.36,M,6.21,M,M,M,M,M,M,M,M,M,M,M,M,M,M,M,M,69.80,FAOR 191330Z 36013KT 330V030 CAVOK 21/10 Q1028 NOSIG,M
FAOR,2026-09-19 14:00,69.80,48.20,46.19,30.00,13.00,0.00,30.36,M,6.21,M,M,M,M,M,M,M,M,M,M,M,M,M,M,M,M,69.80,FAOR 191400Z 03013KT CAVOK 21/09 Q1028 NOSIG,M
FAOR,2026-09-19 14:30,68.00,48.20,49.12,10.00,12.00,0.00,30.36,M,6.21,M,M,M,M,M,M,M,M,M,M,M,M,M,M,M,M,68.00,FAOR 191430Z 01012KT CAVOK 20/09 Q1028 NOSIG,M
FAOR,2026-09-19 15:00,68.00,48.20,49.12,20.00,14.00,0.00,30.36,M,6.21,M,M,M,M,M,M,M,M,M,M,M,M,M,M,M,M,68.00,FAOR 191500Z 02014KT CAVOK 20/09 Q1028 NOSIG,M
FAOR,2026-09-19 15:30,66.20,48.20,52.27,20.00,11.00,0.00,30.39,M,6.21,M,M,M,M,M,M,M,M,M,M,M,M,M,M,M,M,66.20,FAOR 191530Z 02011KT CAVOK 19/09 Q1029 NOSIG,M
FAOR,2026-09-19 16:00,66.20,48.20,52.27,20.00,11.00,0.00,30.39,M,6.21,M,M,M,M,M,M,M,M,M,M,M,M,M,M,M,M,66.20,FAOR 191600Z 02011KT CAVOK 19/09 Q1029 NOSIG,M
FAOR,2026-09-19 16:30,64.40,48.20,55.65,40.00,9.00,0.00,30.39,M,6.21,M,M,M,M,M,M,M,M,M,M,M,M,M,M,M,M,64.40,FAOR 191630Z 04009KT CAVOK 18/09 Q1029 NOSIG,M
FAOR,2026-09-19 17:00,60.80,48.20,63.16,50.00,6.00,0.00,30.42,M,6.21,M,M,M,M,M,M,M,M,M,M,M,M,M,M,M,M,60.80,FAOR 191700Z 05006KT CAVOK 16/09 Q1030 NOSIG,M
FAOR,2026-09-19 17:30,60.80,48.20,63.16,20.00,7.00,0.00,30.42,M,6.21,M,M,M,M,M,M,M,M,M,M,M,M,M,M,M,M,60.80,FAOR 191730Z 02007KT CAVOK 16/09 Q1030 NOSIG,M
FAOR,2026-09-19 18:00,60.80,48.20,63.16,20.00,8.00,0.00,30.42,M,6.21,M,M,M,M,M,M,M,M,M,M,M,M,M,M,M,M,60.80,FAOR 191800Z 02008KT CAVOK 16/09 Q1030 NOSIG,M
FAOR,2026-09-19 18:30,59.00,46.40,62.93,20.00,7.00,0.00,30.42,M,6.21,M,M,M,M,M,M,M,M,M,M,M,M,M,M,M,M,59.00,FAOR 191830Z 02007KT CAVOK 15/08 Q1030 NOSIG,M
FAOR,2026-09-19 19:00,60.80,50.00,67.55,10.00,12.00,0.00,30.42,M,6.21,M,M,M,M,M,M,M,M,M,M,M,M,M,M,M,M,60.80,FAOR 191900Z 01012KT CAVOK 16/10 Q1030 NOSIG,M
FAOR,2026-09-19 19:30,59.00,50.00,72.02,10.00,13.00,0.00,30.42,M,6.21,M,M,M,M,M,M,M,M,M,M,M,M,M,M,M,M,59.00,FAOR 191930Z 01013KT CAVOK 15/10 Q1030 NOSIG,M
FAOR,2026-09-19 20:00,57.20,50.00,76.83,10.00,13.00,0.00,30.45,M,6.21,M,M,M,M,M,M,M,M,M,M,M,M,M,M,M,M,57.20,FAOR 192000Z 01013KT CAVOK 14/10 Q1031 NOSIG,M
FAOR,2026-09-19 21:00,55.40,50.00,82.00,30.00,10.00,0.00,30.45,M,6.21,M,M,M,M,M,M,M,M,M,M,M,M,M,M,M,M,55.40,FAOR 192100Z 03010KT CAVOK 13/10 Q1031 NOSIG,M
FAOR,2026-09-19 21:30,55.40,50.00,82.00,30.00,9.00,0.00,30.45,M,6.21,M,FEW,M,M,M,4700.00,M,M,M,M,M,M,M,M,M,M,55.40,FAOR 192130Z 03009KT 9999 FEW047 13/10 Q1031 NOSIG,M
FAOR,2026-09-19 22:00,53.60,50.00,87.56,30.00,8.00,0.00,30.45,M,6.21,M,FEW,M,M,M,4400.00,M,M,M,M,M,M,M,M,M,M,53.60,FAOR 192200Z 03008KT 9999 FEW044 12/10 Q1031 NOSIG,M
FAOR,2026-09-19 22:30,53.60,50.00,87.56,30.00,7.00,0.00,30.42,M,6.21,M,M,M,M,M,M,M,M,M,M,M,M,M,M,M,M,53.60,FAOR 192230Z 03007KT CAVOK 12/10 Q1030 NOSIG,M
FAOR,2026-09-19 23:00,53.60,50.00,87.56,30.00,8.00,0.00,30.42,M,6.21,M,FEW,M,M,M,4000.00,M,M,M,M,M,M,M,M,M,M,53.60,FAOR 192300Z 03008KT 9999 FEW040 12/10 Q1030 NOSIG,M
FAOR,2026-09-19 23:30,53.60,50.00,87.56,40.00,7.00,0.00,30.42,M,6.21,M,M,M,M,M,M,M,M,M,M,M,M,M,M,M,M,53.60,FAOR 192330Z 04007KT CAVOK 12/10 Q1030 NOSIG,M
FAOR,2026-09-20 00:00,53.60,50.00,87.56,50.00,7.00,0.00,30.39,M,6.21,M,SCT,M,M,M,2800.00,M,M,M,M,M,M,M,M,M,M,53.60,FAOR 200000Z 05007KT 9999 SCT028 12/10 Q1029 NOSIG,M
FAOR,2026-09-20 00:30,53.60,50.00,87.56,30.00,8.00,0.00,30.39,M,6.21,M,SCT,M,M,M,2900.00,M,M,M,M,M,M,M,M,M,M,53.60,FAOR 200030Z 03008KT 9999 SCT029 12/10 Q1029 NOSIG,M
FAOR,2026-09-20 01:00,53.60,50.00,87.56,30.00,7.00,0.00,30.39,M,6.21,M,FEW,M,M,M,3700.00,M,M,M,M,M,M,M,M,M,M,53.60,FAOR 200100Z 03007KT 9999 FEW037 12/10 Q1029 NOSIG,M
FAOR,2026-09-20 01:30,51.80,50.00,93.55,10.00,8.00,0.00,30.39,M,6.21,M,FEW,M,M,M,3900.00,M,M,M,M,M,M,M,M,M,M,51.80,FAOR 200130Z 01008KT 9999 FEW039 11/10 Q1029 NOSIG,M
FAOR,2026-09-20 02:00,53.60,50.00,87.56,350.00,7.00,0.00,30.39,M,6.21,M,M,M,M,M,M,M,M,M,M,M,M,M,M,M,M,53.60,FAOR 200200Z 35007KT CAVOK 12/10 Q1029 NOSIG,M
FAOR,2026-09-20 02:30,51.80,50.00,93.55,360.00,6.00,0.00,30.39,M,6.21,M,M,M,M,M,M,M,M,M,M,M,M,M,M,M,M,51.80,FAOR 200230Z 36006KT CAVOK 11/10 Q1029 NOSIG,M
FAOR,2026-09-20 03:00,50.00,48.20,93.50,40.00,5.00,0.00,30.39,M,6.21,M,M,M,M,M,M,M,M,M,M,M,M,M,M,M,M,50.00,FAOR 200300Z 04005KT CAVOK 10/09 Q1029 NOSIG,M
FAOR,2026-09-20 03:30,50.00,48.20,93.50,40.00,4.00,0.00,30.42,M,6.21,M,M,M,M,M,M,M,M,M,M,M,M,M,M,M,M,50.00,FAOR 200330Z 04004KT CAVOK 10/09 Q1030 NOSIG,M
FAOR,2026-09-20 04:00,50.00,48.20,93.50,40.00,5.00,0.00,30.42,M,6.21,M,M,M,M,M,M,M,M,M,M,M,M,M,M,M,M,50.00,FAOR 200400Z 04005KT CAVOK 10/09 Q1030 NOSIG,M
FAOR,2026-09-20 04:30,50.00,50.00,100.00,40.00,7.00,0.00,30.42,M,6.21,M,M,M,M,M,M,M,M,M,M,M,M,M,M,M,M,50.00,FAOR 200430Z 04007KT CAVOK 10/10 Q1030 NOSIG,M
FAOR,2026-09-20 05:00,51.80,51.80,100.00,30.00,5.00,0.00,30.42,M,6.21,M,M,M,M,M,M,M,M,M,M,M,M,M,M,M,M,51.80,FAOR 200500Z 03005KT CAVOK 11/11 Q1030 NOSIG,M
FAOR,2026-09-20 05:30,53.60,51.80,93.60,20.00,6.00,0.00,30.45,M,6.21,M,SCT,M,M,M,500.00,M,M,M,M,M,M,M,M,M,M,53.60,FAOR 200530Z 02006KT 9999 SCT005 12/11 Q1031 BECMG BKN010,M
FAOR,2026-09-20 06:00,55.40,51.80,87.65,20.00,8.00,0.00,30.45,M,6.21,M,BKN,M,M,M,700.00,M,M,M,M,M,M,M,M,M,M,55.40,FAOR 200600Z 02008KT 9999 BKN007 13/11 Q1031 BECMG BKN010,M
FAOR,2026-09-20 06:30,57.20,51.80,82.13,10.00,11.00,0.00,30.45,M,6.21,M,FEW,SCT,M,M,800.00,1100.00,M,M,M,M,M,M,M,M,M,57.20,FAOR 200630Z 01011KT 9999 FEW008 SCT011 14/11 Q1031 NOSIG,M
FAOR,2026-09-20 07:00,59.00,50.00,72.02,360.00,9.00,0.00,30.45,M,6.21,M,FEW,SCT,M,M,1100.00,1400.00,M,M,M,M,M,M,M,M,M,59.00,FAOR 200700Z 36009KT 330V030 9999 FEW011 SCT014 15/10 Q1031 NOSIG,M
FAOR,2026-09-20 07:30,60.80,50.00,67.55,10.00,12.00,0.00,30.45,M,6.21,M,FEW,M,M,M,4900.00,M,M,M,M,M,M,M,M,M,M,60.80,FAOR 200730Z 01012KT 9999 FEW049 16/10 Q1031 NOSIG,M
FAOR,2026-09-20 08:00,62.60,48.20,59.27,10.00,11.00,0.00,30.45,M,6.21,M,M,M,M,M,M,M,M,M,M,M,M,M,M,M,M,62.60,FAOR 200800Z 01011KT CAVOK 17/09 Q1031 NOSIG,M
FAOR,2026-09-20 08:30,64.40,48.20,55.65,10.00,12.00,0.00,30.45,M,6.21,M,FEW,M,M,M,2900.00,M,M,M,M,M,M,M,M,M,M,64.40,FAOR 200830Z 01012KT 320V030 9999 FEW029 18/09 Q1031 NOSIG,M
FAOR,2026-09-20 09:00,62.60,48.20,59.27,360.00,10.00,0.00,30.45,M,6.21,M,FEW,M,M,M,2100.00,M,M,M,M,M,M,M,M,M,M,62.60,FAOR 200900Z 36010KT 330V030 9999 FEW021 17/09 Q1031 NOSIG,M
FAOR,2026-09-20 09:30,66.20,48.20,52.27,330.00,9.00,0.00,30.42,M,6.21,M,FEW,M,M,M,3700.00,M,M,M,M,M,M,M,M,M,M,66.20,FAOR 200930Z 33009KT 250V010 9999 FEW037 19/09 Q1030 NOSIG,M
FAOR,2026-09-20 11:00,68.00,44.60,42.87,M,6.00,0.00,30.39,M,6.21,M,FEW,M,M,M,4900.00,M,M,M,M,M,M,M,M,M,M,68.00,FAOR 201100Z VRB06KT 9999 FEW049 20/07 Q1029 NOSIG,M
FAOR,2026-09-20 12:00,68.00,44.60,42.87,330.00,9.00,0.00,30.36,M,6.21,M,M,M,M,M,M,M,M,M,M,M,M,M,M,M,M,68.00,FAOR 201200Z 33009KT 280V010 CAVOK 20/07 Q1028 NOSIG,M
FAOR,2026-09-20 12:30,68.00,42.80,40.02,340.00,6.00,0.00,30.36,M,6.21,M,M,M,M,M,M,M,M,M,M,M,M,M,M,M,M,68.00,FAOR 201230Z 34006KT 250V060 CAVOK 20/06 Q1028 NOSIG,M
FAOR,2026-09-20 13:00,68.00,44.60,42.87,330.00,6.00,0.00,30.36,M,6.21,M,M,M,M,M,M,M,M,M,M,M,M,M,M,M,M,68.00,FAOR 201300Z 33006KT 270V020 CAVOK 20/07 Q1028 NOSIG,M
FAOR,2026-09-20 13:30,68.00,44.60,42.87,340.00,8.00,0.00,30.36,M,6.21,M,M,M,M,M,M,M,M,M,M,M,M,M,M,M,M,68.00,FAOR 201330Z 34008KT 280V010 CAVOK 20/07 Q1028 NOSIG,M
FAOR,2026-09-20 14:30,66.20,42.80,42.59,360.00,7.00,0.00,30.33,M,6.21,M,M,M,M,M,M,M,M,M,M,M,M,M,M,M,M,66.20,FAOR 201430Z 36007KT 300V040 CAVOK 19/06 Q1027 NOSIG,M
FAOR,2026-09-20 15:00,68.00,44.60,42.87,320.00,7.00,0.00,30.36,M,6.21,M,M,M,M,M,M,M,M,M,M,M,M,M,M,M,M,68.00,FAOR 201500Z 32007KT 290V350 CAVOK 20/07 Q1028 NOSIG,M
FAOR,2026-09-20 15:30,66.20,44.60,45.62,320.00,7.00,0.00,30.36,M,6.21,M,M,M,M,M,M,M,M,M,M,M,M,M,M,M,M,66.20,FAOR 201530Z 32007KT 280V350 CAVOK 19/07 Q1028 NOSIG,M
FAOR,2026-09-20 16:00,66.20,42.80,42.59,330.00,5.00,0.00,30.36,M,6.21,M,M,M,M,M,M,M,M,M,M,M,M,M,M,M,M,66.20,FAOR 201600Z 33005KT CAVOK 19/06 Q1028 NOSIG,M
FAOR,2026-09-20 16:30,66.20,42.80,42.59,320.00,5.00,0.00,30.36,M,6.21,M,M,M,M,M,M,M,M,M,M,M,M,M,M,M,M,66.20,FAOR 201630Z 32005KT 290V360 CAVOK 19/06 Q1028 NOSIG,M
FAOR,2026-09-20 17:00,64.40,42.80,45.34,300.00,4.00,0.00,30.36,M,6.21,M,M,M,M,M,M,M,M,M,M,M,M,M,M,M,M,64.40,FAOR 201700Z 30004KT CAVOK 18/06 Q1028 NOSIG,M
FAOR,2026-09-20 17:30,64.40,44.60,48.57,290.00,3.00,0.00,30.36,M,6.21,M,M,M,M,M,M,M,M,M,M,M,M,M,M,M,M,64.40,FAOR 201730Z 29003KT 210V330 CAVOK 18/07 Q1028 NOSIG,M
FAOR,2026-09-20 18:00,62.60,42.80,48.29,M,3.00,0.00,30.36,M,6.21,M,M,M,M,M,M,M,M,M,M,M,M,M,M,M,M,62.60,FAOR 201800Z VRB03KT CAVOK 17/06 Q1028 NOSIG,M
FAOR,2026-09-20 18:30,60.80,42.80,51.46,0.00,0.00,0.00,30.36,M,6.21,M,M,M,M,M,M,M,M,M,M,M,M,M,M,M,M,60.80,FAOR 201830Z 00000KT CAVOK 16/06 Q1028 NOSIG,M
FAOR,2026-09-20 19:00,60.80,44.60,55.13,0.00,0.00,0.00,30.39,M,6.21,M,M,M,M,M,M,M,M,M,M,M,M,M,M,M,M,60.80,FAOR 201900Z 00000KT CAVOK 16/07 Q1029 NOSIG,M
FAOR,2026-09-20 19:30,59.00,42.80,54.86,M,2.00,0.00,30.36,M,6.21,M,M,M,M,M,M,M,M,M,M,M,M,M,M,M,M,59.00,FAOR 201930Z VRB02KT CAVOK 15/06 Q1028 NOSIG,M
FAOR,2026-09-20 20:00,59.00,42.80,54.86,M,2.00,0.00,30.36,M,6.21,M,M,M,M,M,M,M,M,M,M,M,M,M,M,M,M,59.00,FAOR 202000Z VRB02KT CAVOK 15/06 Q1028 NOSIG,M
FAOR,2026-09-20 20:30,59.00,42.80,54.86,M,1.00,0.00,30.36,M,6.21,M,M,M,M,M,M,M,M,M,M,M,M,M,M,M,M,59.00,FAOR 202030Z VRB01KT CAVOK 15/06 Q1028 NOSIG,M
FAOR,2026-09-20 21:00,60.80,44.60,55.13,M,2.00,0.00,30.36,M,6.21,M,M,M,M,M,M,M,M,M,M,M,M,M,M,M,M,60.80,FAOR 202100Z VRB02KT CAVOK 16/07 Q1028 NOSIG,M
FAOR,2026-09-20 22:00,57.20,44.60,62.70,350.00,4.00,0.00,30.36,M,6.21,M,M,M,M,M,M,M,M,M,M,M,M,M,M,M,M,57.20,FAOR 202200Z 35004KT 330V040 CAVOK 14/07 Q1028 NOSIG,M
FAOR,2026-09-20 23:00,59.00,46.40,62.93,350.00,6.00,0.00,30.36,M,6.21,M,M,M,M,M,M,M,M,M,M,M,M,M,M,M,M,59.00,FAOR 202300Z 35006KT 260V040 CAVOK 15/08 Q1028 NOSIG,M
FAOR,2026-09-21 00:00,59.00,48.20,67.34,330.00,4.00,0.00,30.33,M,6.21,M,M,M,M,M,M,M,M,M,M,M,M,M,M,M,M,59.00,FAOR 210000Z 33004KT CAVOK 15/09 Q1027 NOSIG,M
FAOR,2026-09-21 01:00,57.20,46.40,67.13,M,2.00,0.00,30.30,M,6.21,M,M,M,M,M,M,M,M,M,M,M,M,M,M,M,M,57.20,FAOR 210100Z VRB02KT CAVOK 14/08 Q1026 NOSIG,M
FAOR,2026-09-21 02:00,55.40,48.20,76.67,190.00,2.00,0.00,30.30,M,6.21,M,M,M,M,M,M,M,M,M,M,M,M,M,M,M,M,55.40,FAOR 210200Z 19002KT CAVOK 13/09 Q1026 NOSIG,M
FAOR,2026-09-21 02:30,53.60,46.40,76.51,190.00,4.00,0.00,30.30,M,6.21,M,M,M,M,M,M,M,M,M,M,M,M,M,M,M,M,53.60,FAOR 210230Z 19004KT CAVOK 12/08 Q1026 NOSIG,M
FAOR,2026-09-21 03:00,53.60,48.20,81.87,M,1.00,0.00,30.33,M,6.21,M,M,M,M,M,M,M,M,M,M,M,M,M,M,M,M,53.60,FAOR 210300Z VRB01KT CAVOK 12/09 Q1027 NOSIG,M
FAOR,2026-09-21 03:30,51.80,46.40,81.74,60.00,2.00,0.00,30.33,M,6.21,M,M,M,M,M,M,M,M,M,M,M,M,M,M,M,M,51.80,FAOR 210330Z 06002KT CAVOK 11/08 Q1027 NOSIG,M
FAOR,2026-09-21 04:00,51.80,46.40,81.74,M,2.00,0.00,30.33,M,6.21,M,M,M,M,M,M,M,M,M,M,M,M,M,M,M,M,51.80,FAOR 210400Z VRB02KT CAVOK 11/08 Q1027 NOSIG,M
FAOR,2026-09-21 04:30,53.60,46.40,76.51,190.00,2.00,0.00,30.36,M,6.21,M,M,M,M,M,M,M,M,M,M,M,M,M,M,M,M,53.60,FAOR 210430Z 19002KT CAVOK 12/08 Q1028 NOSIG,M
FAOR,2026-09-21 05:00,55.40,48.20,76.67,M,1.00,0.00,30.36,M,6.21,M,M,M,M,M,M,M,M,M,M,M,M,M,M,M,M,55.40,FAOR 210500Z VRB01KT CAVOK 13/09 Q1028 NOSIG,M
FAOR,2026-09-21 05:30,57.20,50.00,76.83,M,2.00,0.00,30.36,M,6.21,M,M,M,M,M,M,M,M,M,M,M,M,M,M,M,M,57.20,FAOR 210530Z VRB02KT CAVOK 14/10 Q1028 NOSIG,M
FAOR,2026-09-21 06:00,57.20,50.00,76.83,30.00,5.00,0.00,30.39,M,6.21,M,M,M,M,M,M,M,M,M,M,M,M,M,M,M,M,57.20,FAOR 210600Z 03005KT 350V050 CAVOK 14/10 Q1029 NOSIG,M
FAOR,2026-09-21 06:30,59.00,50.00,72.02,10.00,5.00,0.00,30.39,M,6.21,M,M,M,M,M,M,M,M,M,M,M,M,M,M,M,M,59.00,FAOR 210630Z 01005KT 330V050 CAVOK 15/10 Q1029 NOSIG,M
FAOR,2026-09-21 07:00,62.60,50.00,63.39,10.00,6.00,0.00,30.39,M,6.21,M,M,M,M,M,M,M,M,M,M,M,M,M,M,M,M,62.60,FAOR 210700Z 01006KT 340V050 CAVOK 17/10 Q1029 NOSIG,M
FAOR,2026-09-21 07:30,64.40,50.00,59.52,360.00,6.00,0.00,30.39,M,6.21,M,M,M,M,M,M,M,M,M,M,M,M,M,M,M,M,64.40,FAOR 210730Z 36006KT 310V040 CAVOK 18/10 Q1029 NOSIG,M
FAOR,2026-09-21 08:00,66.20,51.80,59.76,M,5.00,0.00,30.39,M,6.21,M,SCT,M,M,M,2900.00,M,M,M,M,M,M,M,M,M,M,66.20,FAOR 210800Z VRB05KT 9999 SCT029 19/11 Q1029 NOSIG,M
FAOR,2026-09-21 08:30,64.40,50.00,59.52,M,3.00,0.00,30.39,M,6.21,M,SCT,M,M,M,3100.00,M,M,M,M,M,M,M,M,M,M,64.40,FAOR 210830Z VRB03KT 9999 SCT031 18/10 Q1029 NOSIG,M
FAOR,2026-09-21 09:00,68.00,50.00,52.54,210.00,3.00,0.00,30.36,M,6.21,M,SCT,M,M,M,4500.00,M,M,M,M,M,M,M,M,M,M,68.00,FAOR 210900Z 21003KT 150V260 9999 SCT045 20/10 Q1028 NOSIG,M
FAOR,2026-09-21 09:30,68.00,48.20,49.12,50.00,4.00,0.00,30.36,M,6.21,M,FEW,BKN,M,M,3600.00,4300.00,M,M,M,M,M,M,M,M,M,68.00,FAOR 210930Z 05004KT 330V090 9999 FEW036 BKN043 20/09 Q1028 NOSIG,M
FAOR,2026-09-21 10:00,66.20,46.40,48.85,50.00,6.00,0.00,30.33,M,6.21,M,FEW,M,M,M,4000.00,M,M,M,M,M,M,M,M,M,M,66.20,FAOR 211000Z 05006KT 010V100 9999 FEW040 19/08 Q1027 NOSIG,M
FAOR,2026-09-21 10:30,68.00,48.20,49.12,40.00,4.00,0.00,30.33,M,6.21,M,FEW,M,M,M,4000.00,M,M,M,M,M,M,M,M,M,M,68.00,FAOR 211030Z 04004KT 340V120 9999 FEW040 20/09 Q1027 NOSIG,M
FAOR,2026-09-21 11:00,69.80,46.40,43.16,M,3.00,0.00,30.33,M,6.21,M,M,M,M,M,M,M,M,M,M,M,M,M,M,M,M,69.80,FAOR 211100Z VRB03KT CAVOK 21/08 Q1027 NOSIG,M
FAOR,2026-09-21 11:30,69.80,46.40,43.16,170.00,6.00,0.00,30.30,M,6.21,M,M,M,M,M,M,M,M,M,M,M,M,M,M,M,M,69.80,FAOR 211130Z 17006KT 130V220 CAVOK 21/08 Q1026 NOSIG,M
FAOR,2026-09-21 12:00,71.60,46.40,40.60,210.00,4.00,0.00,30.30,M,6.21,M,M,M,M,M,M,M,M,M,M,M,M,M,M,M,M,71.60,FAOR 211200Z 21004KT 110V270 CAVOK 22/08 Q1026 NOSIG,M
FAOR,2026-09-21 12:30,73.40,46.40,38.21,M,4.00,0.00,30.27,M,6.21,M,M,M,M,M,M,M,M,M,M,M,M,M,M,M,M,73.40,FAOR 211230Z VRB04KT CAVOK 23/08 Q1025 NOSIG,M
FAOR,2026-09-21 13:00,69.80,44.60,40.31,M,3.00,0.00,30.27,M,6.21,M,M,M,M,M,M,M,M,M,M,M,M,M,M,M,M,69.80,FAOR 211300Z VRB03KT CAVOK 21/07 Q1025 NOSIG,M
FAOR,2026-09-21 13:30,69.80,44.60,40.31,M,3.00,0.00,30.27,M,6.21,M,M,M,M,M,M,M,M,M,M,M,M,M,M,M,M,69.80,FAOR 211330Z VRB03KT CAVOK 21/07 Q1025 NOSIG,M
FAOR,2026-09-21 14:00,69.80,44.60,40.31,M,3.00,0.00,30.27,M,6.21,M,M,M,M,M,M,M,M,M,M,M,M,M,M,M,M,69.80,FAOR 211400Z VRB03KT CAVOK 21/07 Q1025 NOSIG,M
FAOR,2026-09-21 14:30,71.60,44.60,37.92,M,2.00,0.00,30.27,M,6.21,M,M,M,M,M,M,M,M,M,M,M,M,M,M,M,M,71.60,FAOR 211430Z VRB02KT CAVOK 22/07 Q1025 NOSIG,M
FAOR,2026-09-21 15:00,71.60,42.80,35.40,170.00,3.00,0.00,30.27,M,6.21,M,M,M,M,M,M,M,M,M,M,M,M,M,M,M,M,71.60,FAOR 211500Z 17003KT 110V220 CAVOK 22/06 Q1025 NOSIG,M
FAOR,2026-09-21 15:30,69.80,44.60,40.31,M,3.00,0.00,30.27,M,6.21,M,M,M,M,M,M,M,M,M,M,M,M,M,M,M,M,69.80,FAOR 211530Z VRB03KT CAVOK 21/07 Q1025 NOSIG,M
FAOR,2026-09-21 16:00,68.00,42.80,40.02,40.00,3.00,0.00,30.27,M,6.21,M,M,M,M,M,M,M,M,M,M,M,M,M,M,M,M,68.00,FAOR 211600Z 04003KT 010V070 CAVOK 20/06 Q1025 NOSIG,M
FAOR,2026-09-21 16:30,68.00,42.80,40.02,M,2.00,0.00,30.27,M,6.21,M,M,M,M,M,M,M,M,M,M,M,M,M,M,M,M,68.00,FAOR 211630Z VRB02KT CAVOK 20/06 Q1025 NOSIG,M
FAOR,2026-09-21 17:00,68.00,44.60,42.87,M,3.00,0.00,30.27,M,6.21,M,M,M,M,M,M,M,M,M,M,M,M,M,M,M,M,68.00,FAOR 211700Z VRB03KT CAVOK 20/07 Q1025 NOSIG,M
FAOR,2026-09-21 17:30,64.40,46.40,52.00,160.00,6.00,0.00,30.30,M,6.21,M,M,M,M,M,M,M,M,M,M,M,M,M,M,M,M,64.40,FAOR 211730Z 16006KT CAVOK 18/08 Q1026 NOSIG,M
FAOR,2026-09-21 18:00,64.40,46.40,52.00,160.00,5.00,0.00,30.30,M,6.21,M,M,M,M,M,M,M,M,M,M,M,M,M,M,M,M,64.40,FAOR 211800Z 16005KT 070V220 CAVOK 18/08 Q1026 NOSIG,M
FAOR,2026-09-21 18:30,64.40,46.40,52.00,M,2.00,0.00,30.33,M,6.21,M,M,M,M,M,M,M,M,M,M,M,M,M,M,M,M,64.40,FAOR 211830Z VRB02KT CAVOK 18/08 Q1027 NOSIG,M
FAOR,2026-09-21 19:00,62.60,48.20,59.27,20.00,3.00,0.00,30.33,M,6.21,M,M,M,M,M,M,M,M,M,M,M,M,M,M,M,M,62.60,FAOR 211900Z 02003KT 330V080 CAVOK 17/09 Q1027 NOSIG,M
FAOR,2026-09-21 19:30,64.40,48.20,55.65,340.00,4.00,0.00,30.33,M,6.21,M,M,M,M,M,M,M,M,M,M,M,M,M,M,M,M,64.40,FAOR 211930Z 34004KT CAVOK 18/09 Q1027 NOSIG,M
FAOR,2026-09-21 20:00,64.40,46.40,52.00,340.00,5.00,0.00,30.33,M,6.21,M,M,M,M,M,M,M,M,M,M,M,M,M,M,M,M,64.40,FAOR 212000Z 34005KT 260V350 CAVOK 18/08 Q1027 NOSIG,M
FAOR,2026-09-21 20:30,60.80,48.20,63.16,80.00,4.00,0.00,30.33,M,6.21,M,M,M,M,M,M,M,M,M,M,M,M,M,M,M,M,60.80,FAOR 212030Z 08004KT 360V110 CAVOK 16/09 Q1027 NOSIG,M
FAOR,2026-09-21 21:00,59.00,48.20,67.34,70.00,4.00,0.00,30.33,M,6.21,M,M,M,M,M,M,M,M,M,M,M,M,M,M,M,M,59.00,FAOR 212100Z 07004KT CAVOK 15/09 Q1027 NOSIG,M
FAOR,2026-09-21 22:00,59.00,46.40,62.93,M,2.00,0.00,30.33,M,6.21,M,M,M,M,M,M,M,M,M,M,M,M,M,M,M,M,59.00,FAOR 212200Z VRB02KT CAVOK 15/08 Q1027 NOSIG,M
FAOR,2026-09-21 23:00,57.20,46.40,67.13,120.00,4.00,0.00,30.30,M,6.21,M,M,M,M,M,M,M,M,M,M,M,M,M,M,M,M,57.20,FAOR 212300Z 12004KT CAVOK 14/08 Q1026 NOSIG,M
FAOR,2026-09-22 00:00,53.60,48.20,81.87,100.00,7.00,0.00,30.30,M,6.21,M,M,M,M,M,M,M,M,M,M,M,M,M,M,M,M,53.60,FAOR 220000Z 10007KT CAVOK 12/09 Q1026 NOSIG,M
FAOR,2026-09-22 01:00,53.60,50.00,87.56,90.00,7.00,0.00,30.30,M,6.21,M,M,M,M,M,M,M,M,M,M,M,M,M,M,M,M,53.60,FAOR 220100Z 09007KT CAVOK 12/10 Q1026 NOSIG,M
FAOR,2026-09-22 02:00,51.80,48.20,87.47,60.00,3.00,0.00,30.30,M,6.21,M,M,M,M,M,M,M,M,M,M,M,M,M,M,M,M,51.80,FAOR 220200Z 06003KT CAVOK 11/09 Q1026 NOSIG,M
FAOR,2026-09-22 02:30,51.80,48.20,87.47,40.00,3.00,0.00,30.30,M,6.21,M,M,M,M,M,M,M,M,M,M,M,M,M,M,M,M,51.80,FAOR 220230Z 04003KT CAVOK 11/09 Q1026 NOSIG,M
FAOR,2026-09-22 03:00,51.80,48.20,87.47,60.00,4.00,0.00,30.33,M,6.21,M,M,M,M,M,M,M,M,M,M,M,M,M,M,M,M,51.80,FAOR 220300Z 06004KT CAVOK 11/09 Q1027 NOSIG,M
FAOR,2026-09-22 03:30,50.00,46.40,87.37,50.00,5.00,0.00,30.33,M,6.21,M,M,M,M,M,M,M,M,M,M,M,M,M,M,M,M,50.00,FAOR 220330Z 05005KT CAVOK 10/08 Q1027 NOSIG,M
FAOR,2026-09-22 04:00,50.00,46.40,87.37,60.00,4.00,0.00,30.33,M,6.21,M,M,M,M,M,M,M,M,M,M,M,M,M,M,M,M,50.00,FAOR 220400Z 06004KT CAVOK 10/08 Q1027 NOSIG,M
FAOR,2026-09-22 04:30,53.60,48.20,81.87,50.00,3.00,0.00,30.36,M,6.21,M,M,M,M,M,M,M,M,M,M,M,M,M,M,M,M,53.60,FAOR 220430Z 05003KT 020V090 CAVOK 12/09 Q1028 NOSIG,M
FAOR,2026-09-22 05:00,55.40,50.00,82.00,20.00,2.00,0.00,30.36,M,6.21,M,M,M,M,M,M,M,M,M,M,M,M,M,M,M,M,55.40,FAOR 220500Z 02002KT CAVOK 13/10 Q1028 NOSIG,M
FAOR,2026-09-22 05:30,59.00,50.00,72.02,30.00,5.00,0.00,30.39,M,6.21,M,M,M,M,M,M,M,M,M,M,M,M,M,M,M,M,59.00,FAOR 220530Z 03005KT CAVOK 15/10 Q1029 NOSIG,M
FAOR,2026-09-22 06:00,60.80,50.00,67.55,40.00,7.00,0.00,30.39,M,6.21,M,M,M,M,M,M,M,M,M,M,M,M,M,M,M,M,60.80,FAOR 220600Z 04007KT CAVOK 16/10 Q1029 NOSIG,M
FAOR,2026-09-22 06:30,64.40,51.80,63.62,20.00,8.00,0.00,30.39,M,6.21,M,M,M,M,M,M,M,M,M,M,M,M,M,M,M,M,64.40,FAOR 220630Z 02008KT CAVOK 18/11 Q1029 NOSIG,M
FAOR,2026-09-22 07:00,64.40,51.80,63.62,10.00,9.00,0.00,30.39,M,6.21,M,M,M,M,M,M,M,M,M,M,M,M,M,M,M,M,64.40,FAOR 220700Z 01009KT CAVOK 18/11 Q1029 NOSIG,M
FAOR,2026-09-22 07:30,66.20,53.60,63.85,360.00,8.00,0.00,30.39,M,6.21,M,M,M,M,M,M,M,M,M,M,M,M,M,M,M,M,66.20,FAOR 220730Z 36008KT 320V030 CAVOK 19/12 Q1029 NOSIG,M
FAOR,2026-09-22 08:00,66.20,51.80,100.00,350.00,9.00,0.00,30.39,M,6.21,M,FEW,M,M,M,3000.00,M,M,M,M,M,M,M,M,M,M,66.20,COR FAOR 220800Z 35009KT 310V040 9999 FEW030 19/11 Q1029 NOSIG,M
FAOR,2026-09-22 08:30,68.00,50.00,52.54,M,7.00,0.00,30.39,M,6.21,M,SCT,M,M,M,4500.00,M,M,M,M,M,M,M,M,M,M,68.00,FAOR 220830Z VRB07KT 9999 SCT045 20/10 Q1029 NOSIG,M
FAOR,2026-09-22 10:00,69.80,50.00,49.40,360.00,6.00,0.00,30.36,M,6.21,M,BKN,M,M,M,4500.00,M,M,M,M,M,M,M,M,M,M,69.80,FAOR 221000Z 36006KT 270V060 9999 BKN045 21/10 Q1028 NOSIG,M
FAOR,2026-09-22 10:30,71.60,50.00,46.47,360.00,6.00,0.00,30.33,M,6.21,M,BKN,M,M,M,4500.00,M,M,M,M,M,M,M,M,M,M,71.60,FAOR 221030Z 36006KT 360V050 9999 BKN045 22/10 Q1027 NOSIG,M
FAOR,2026-09-22 13:00,73.40,48.20,40.89,350.00,11.00,0.00,30.27,M,6.21,M,M,M,M,M,M,M,M,M,M,M,M,M,M,M,M,73.40,FAOR 221300Z 35011KT 310V030 CAVOK 23/09 Q1025 NOSIG,M
FAOR,2026-09-22 14:00,73.40,44.60,35.69,10.00,10.00,0.00,30.27,M,6.21,M,M,M,M,M,M,M,M,M,M,M,M,M,M,M,M,73.40,FAOR 221400Z 01010KT 330V040 CAVOK 23/07 Q1025 NOSIG,M
