station,valid,tmpf,dwpf,relh,drct,sknt,p01i,alti,mslp,vsby,gust,skyc1,skyc2,skyc3,skyc4,skyl1,skyl2,skyl3,skyl4,wxcodes,ice_accretion_1hr,ice_accretion_3hr,ice_accretion_6hr,peak_wind_gust,peak_wind_drct,peak_wind_time,feel,metar,snowdepth
FACT,2026-06-24 00:00,53.60,53.60,100.00,M,1.00,0.00,30.18,M,3.73,M,FEW,BKN,M,M,900.00,2500.00,M,M,-DZ,M,M,M,M,M,M,53.60,FACT 240000Z VRB01KT 6000 -DZ FEW009 BKN025 12/12 Q1022 NOSIG,M
FACT,2026-06-24 01:00,53.60,53.60,100.00,M,1.00,0.00,30.18,M,6.21,M,FEW,BKN,M,M,900.00,3000.00,M,M,M,M,M,M,M,M,M,53.60,FACT 240100Z VRB01KT 9999 FEW009 BKN030 12/12 Q1022 NOSIG,M
FACT,2026-06-24 02:00,53.60,53.60,100.00,M,1.00,0.00,30.18,M,6.21,M,FEW,BKN,M,M,900.00,3000.00,M,M,M,M,M,M,M,M,M,53.60,FACT 240200Z VRB01KT 9999 FEW009 BKN030 12/12 Q1022 NOSIG,M
FACT,2026-06-24 03:00,53.60,53.60,100.00,150.00,4.00,0.00,30.18,M,6.21,M,BKN,M,M,M,4000.00,M,M,M,M,M,M,M,M,M,M,53.60,FACT 240300Z 15004KT 9999 BKN040 12/12 Q1022 NOSIG,M
FACT,2026-06-24 04:00,53.60,53.60,100.00,160.00,5.00,0.00,30.18,M,6.21,M,FEW,BKN,M,M,600.00,2500.00,M,M,M,M,M,M,M,M,M,53.60,FACT 240400Z 16005KT 9999 FEW006 BKN025 12/12 Q1022 NOSIG,M
FACT,2026-06-24 05:00,53.60,53.60,100.00,230.00,5.00,0.00,30.18,M,6.21,M,FEW,BKN,M,M,2000.00,3500.00,M,M,M,M,M,M,M,M,M,53.60,FACT 240500Z 23005KT 9999 FEW020 BKN035 12/12 Q1022 NOSIG,M
FACT,2026-06-24 06:00,55.40,53.60,93.65,190.00,5.00,0.00,30.21,M,6.21,M,FEW,BKN,M,M,2000.00,3000.00,M,M,M,M,M,M,M,M,M,55.40,FACT 240600Z 19005KT 9999 FEW020 BKN030 13/12 Q1023 NOSIG,M
FACT,2026-06-24 07:00,55.40,53.60,93.65,210.00,5.00,0.00,30.21,M,6.21,M,FEW,BKN,M,M,2000.00,3000.00,M,M,M,M,M,M,M,M,M,55.40,FACT 240700Z 21005KT 9999 FEW020 BKN030 13/12 Q1023 NOSIG,M
FACT,2026-06-24 08:00,57.20,51.80,82.13,180.00,7.00,0.00,30.21,M,6.21,M,BKN,M,M,M,2500.00,M,M,M,M,M,M,M,M,M,M,57.20,FACT 240800Z 18007KT 9999 BKN025 14/11 Q1023 NOSIG,M
FACT,2026-06-24 09:00,59.00,51.80,76.99,170.00,10.00,0.00,30.24,M,6.21,M,BKN,M,M,M,3500.00,M,M,M,M,M,M,M,M,M,M,59.00,FACT 240900Z 17010KT 9999 BKN035 15/11 Q1024 NOSIG,M
FACT,2026-06-24 10:00,60.80,50.00,67.55,170.00,11.00,0.00,30.21,M,6.21,M,SCT,M,M,M,3500.00,M,M,M,M,M,M,M,M,M,M,60.80,FACT 241000Z 17011KT 9999 SCT035 16/10 Q1023 NOSIG,M
FACT,2026-06-24 11:00,60.80,50.00,67.55,170.00,12.00,0.00,30.18,M,6.21,M,SCT,M,M,M,3500.00,M,M,M,M,M,M,M,M,M,M,60.80,FACT 241100Z 17012KT 130V190 9999 SCT035 16/10 Q1022 NOSIG,M
FACT,2026-06-24 12:00,60.80,50.00,67.55,170.00,11.00,0.00,30.15,M,6.21,M,FEW,M,M,M,3000.00,M,M,M,M,M,M,M,M,M,M,60.80,FACT 241200Z 17011KT 9999 FEW030 16/10 Q1021 NOSIG,M
FACT,2026-06-24 13:00,60.80,50.00,67.55,180.00,13.00,0.00,30.15,M,6.21,M,FEW,M,M,M,2500.00,M,M,M,M,M,M,M,M,M,M,60.80,FACT 241300Z 18013KT 9999 FEW025 16/10 Q1021 NOSIG,M
FACT,2026-06-24 14:00,62.60,50.00,63.39,180.00,10.00,0.00,30.15,M,6.21,M,FEW,M,M,M,2500.00,M,M,M,M,M,M,M,M,M,M,62.60,FACT 241400Z 18010KT 9999 FEW025 17/10 Q1021 NOSIG,M
FACT,2026-06-24 15:00,60.80,50.00,67.55,180.00,12.00,0.00,30.15,M,6.21,M,FEW,M,M,M,2500.00,M,M,M,M,M,M,M,M,M,M,60.80,FACT 241500Z 18012KT 9999 FEW025 16/10 Q1021 NOSIG,M
FACT,2026-06-24 16:00,59.00,51.80,76.99,180.00,14.00,0.00,30.15,M,6.21,M,FEW,M,M,M,2500.00,M,M,M,M,M,M,M,M,M,M,59.00,FACT 241600Z 18014KT 9999 FEW025 15/11 Q1021 NOSIG,M
FACT,2026-06-24 17:00,57.20,51.80,82.13,170.00,14.00,0.00,30.15,M,6.21,M,M,M,M,M,M,M,M,M,M,M,M,M,M,M,M,57.20,COR FACT 241700Z 17014KT CAVOK 14/11 Q1021 NOSIG,M
FACT,2026-06-24 18:00,55.40,50.00,82.00,160.00,10.00,0.00,30.15,M,6.21,M,M,M,M,M,M,M,M,M,M,M,M,M,M,M,M,55.40,FACT 241800Z 16010KT CAVOK 13/10 Q1021 NOSIG,M
FACT,2026-06-24 19:00,55.40,50.00,82.00,150.00,9.00,0.00,30.12,M,6.21,M,M,M,M,M,M,M,M,M,M,M,M,M,M,M,M,55.40,FACT 241900Z 15009KT CAVOK 13/10 Q1020 NOSIG,M
FACT,2026-06-24 20:00,55.40,50.00,82.00,160.00,6.00,0.00,30.15,M,6.21,M,M,M,M,M,M,M,M,M,M,M,M,M,M,M,M,55.40,FACT 242000Z 16006KT CAVOK 13/10 Q1021 NOSIG,M
FACT,2026-06-24 21:00,57.20,50.00,76.83,M,3.00,0.00,30.12,M,6.21,M,M,M,M,M,M,M,M,M,M,M,M,M,M,M,M,57.20,FACT 242100Z VRB03KT CAVOK 14/10 Q1020 NOSIG,M
FACT,2026-06-24 22:00,57.20,50.00,76.83,220.00,4.00,0.00,30.12,M,6.21,M,M,M,M,M,M,M,M,M,M,M,M,M,M,M,M,57.20,FACT 242200Z 22004KT CAVOK 14/10 Q1020 NOSIG,M
FACT,2026-06-24 23:00,57.20,50.00,76.83,240.00,5.00,0.00,30.12,M,6.21,M,M,M,M,M,M,M,M,M,M,M,M,M,M,M,M,57.20,FACT 242300Z 24005KT CAVOK 14/10 Q1020 NOSIG,M
FACT,2026-06-25 00:00,55.40,50.00,82.00,220.00,4.00,0.00,30.12,M,6.21,M,M,M,M,M,M,M,M,M,M,M,M,M,M,M,M,55.40,FACT 250000Z 22004KT CAVOK 13/10 Q1020 NOSIG,M
FACT,2026-06-25 01:00,57.20,50.00,76.83,200.00,7.00,0.00,30.09,M,6.21,M,M,M,M,M,M,M,M,M,M,M,M,M,M,M,M,57.20,FACT 250100Z 20007KT CAVOK 14/10 Q1019 NOSIG,M
FACT,2026-06-25 02:00,53.60,51.80,93.60,200.00,5.00,0.00,30.09,M,6.21,M,M,M,M,M,M,M,M,M,M,M,M,M,M,M,M,53.60,FACT 250200Z 20005KT CAVOK 12/11 Q1019 NOSIG,M
FACT,2026-06-25 03:00,57.20,50.00,76.83,160.00,13.00,0.00,30.06,M,6.21,M,M,M,M,M,M,M,M,M,M,M,M,M,M,M,M,57.20,FACT 250300Z 16013KT CAVOK 14/10 Q1018 NOSIG,M
FACT,2026-06-25 04:00,57.20,50.00,76.83,170.00,12.00,0.00,30.06,M,6.21,M,M,M,M,M,M,M,M,M,M,M,M,M,M,M,M,57.20,FACT 250400Z 17012KT CAVOK 14/10 Q1018 NOSIG,M
FACT,2026-06-25 05:00,57.20,50.00,76.83,180.00,8.00,0.00,30.06,M,6.21,M,M,M,M,M,M,M,M,M,M,M,M,M,M,M,M,57.20,FACT 250500Z 18008KT CAVOK 14/10 Q1018 NOSIG,M
FACT,2026-06-25 06:00,59.00,50.00,72.02,190.00,10.00,0.00,30.09,M,6.21,M,M,M,M,M,M,M,M,M,M,M,M,M,M,M,M,59.00,FACT 250600Z 19010KT CAVOK 15/10 Q1019 NOSIG,M
FACT,2026-06-25 07:00,59.00,51.80,76.99,190.00,6.00,0.00,30.12,M,6.21,M,M,M,M,M,M,M,M,M,M,M,M,M,M,M,M,59.00,FACT 250700Z 19006KT CAVOK 15/11 Q1020 NOSIG,M
FACT,2026-06-25 08:00,62.60,51.80,67.76,220.00,4.00,0.00,30.09,M,6.21,M,M,M,M,M,M,M,M,M,M,M,M,M,M,M,M,62.60,FACT 250800Z 22004KT 180V250 CAVOK 17/11 Q1019 NOSIG,M
FACT,2026-06-25 09:00,64.40,50.00,59.52,210.00,7.00,0.00,30.12,M,6.21,M,M,M,M,M,M,M,M,M,M,M,M,M,M,M,M,64.40,FACT 250900Z 21007KT CAVOK 18/10 Q1020 NOSIG,M
FACT,2026-06-25 10:00,68.00,50.00,52.54,140.00,5.00,0.00,30.09,M,6.21,M,M,M,M,M,M,M,M,M,M,M,M,M,M,M,M,68.00,FACT 251000Z 14005KT 100V190 CAVOK 20/10 Q1019 NOSIG,M
FACT,2026-06-25 11:00,69.80,50.00,49.40,M,3.00,0.00,30.09,M,6.21,M,M,M,M,M,M,M,M,M,M,M,M,M,M,M,M,69.80,FACT 251100Z VRB03KT CAVOK 21/10 Q1019 NOSIG,M
FACT,2026-06-25 12:00,71.60,50.00,46.47,M,3.00,0.00,30.06,M,6.21,M,M,M,M,M,M,M,M,M,M,M,M,M,M,M,M,71.60,FACT 251200Z VRB03KT CAVOK 22/10 Q1018 NOSIG,M
FACT,2026-06-25 13:00,71.60,51.80,49.67,200.00,5.00,0.00,30.06,M,6.21,M,M,M,M,M,M,M,M,M,M,M,M,M,M,M,M,71.60,FACT 251300Z 20005KT 170V230 CAVOK 22/11 Q1018 NOSIG,M
FACT,2026-06-25 14:00,69.80,51.80,52.81,180.00,6.00,0.00,30.06,M,6.21,M,M,M,M,M,M,M,M,M,M,M,M,M,M,M,M,69.80,FACT 251400Z 18006KT CAVOK 21/11 Q1018 NOSIG,M
FACT,2026-06-25 15:00,66.20,51.80,59.76,210.00,8.00,0.00,30.09,M,6.21,M,M,M,M,M,M,M,M,M,M,M,M,M,M,M,M,66.20,FACT 251500Z 21008KT CAVOK 19/11 Q1019 NOSIG,M
FACT,2026-06-25 16:00,60.80,55.40,82.38,210.00,4.00,0.00,30.12,M,6.21,M,M,M,M,M,M,M,M,M,M,M,M,M,M,M,M,60.80,FACT 251600Z 21004KT 180V240 CAVOK 16/13 Q1020 NOSIG,M
FACT,2026-06-25 17:00,59.00,55.40,87.84,210.00,4.00,0.00,30.15,M,6.21,M,M,M,M,M,M,M,M,M,M,M,M,M,M,M,M,59.00,FACT 251700Z 21004KT 190V260 CAVOK 15/13 Q1021 NOSIG,M
FACT,2026-06-25 18:00,59.00,55.40,87.84,230.00,4.00,0.00,30.18,M,6.21,M,M,M,M,M,M,M,M,M,M,M,M,M,M,M,M,59.00,FACT 251800Z 23004KT 190V250 CAVOK 15/13 Q1022 NOSIG,M
FACT,2026-06-25 19:00,59.00,55.40,87.84,240.00,4.00,0.00,30.18,M,6.21,M,M,M,M,M,M,M,M,M,M,M,M,M,M,M,M,59.00,FACT 251900Z 24004KT CAVOK 15/13 Q1022 NOSIG,M
FACT,2026-06-25 20:00,59.00,57.20,93.74,230.00,4.00,0.00,30.18,M,6.21,M,M,M,M,M,M,M,M,M,M,M,M,M,M,M,M,59.00,FACT 252000Z 23004KT 200V260 CAVOK 15/14 Q1022 NOSIG,M
FACT,2026-06-25 21:00,57.20,55.40,93.70,210.00,3.00,0.00,30.18,M,6.21,M,M,M,M,M,M,M,M,M,M,M,M,M,M,M,M,57.20,FACT 252100Z 21003KT CAVOK 14/13 Q1022 NOSIG,M
FACT,2026-06-25 22:00,55.40,53.60,93.65,M,1.00,0.00,30.18,M,2.49,M,NSC,M,M,M,M,M,M,M,BR,M,M,M,M,M,M,55.40,FACT 252200Z VRB01KT 4000 R19/1200 BR NSC 13/12 Q1022 NOSIG,M
FACT,2026-06-25 22:01,55.40,53.60,93.65,M,1.00,0.00,30.18,M,2.49,M,NSC,M,M,M,M,M,M,M,BR,M,M,M,M,M,M,55.40,FACT 252201Z VRB01KT 4000 R19/1200 BR NSC 13/12 Q1022 NOSIG,M
FACT,2026-06-25 23:00,50.00,50.00,100.00,M,2.00,0.00,30.21,M,0.50,M,NSC,M,M,M,M,M,M,M,FG,M,M,M,M,M,M,50.00,FACT 252300Z VRB02KT 0800 FG NSC 10/10 Q1023 NOSIG,M
FACT,2026-06-25 23:03,51.80,50.00,93.55,M,2.00,0.00,30.21,M,0.06,M,NSC,M,M,M,M,M,M,M,FG,M,M,M,M,M,M,51.80,FACT 252303Z VRB02KT 0100 FG NSC 11/10 Q1023 NOSIG,M
FACT,2026-06-25 23:54,51.80,51.80,100.00,M,3.00,0.00,30.21,M,0.50,M,NSC,M,M,M,M,M,M,M,FG,M,M,M,M,M,M,51.80,FACT 252354Z VRB03KT 0800 R01/1300 FG NSC 11/11 Q1023 NOSIG,M
FACT,2026-06-25 23:55,51.80,51.80,100.00,M,2.00,0.00,30.21,M,0.50,M,NSC,M,M,M,M,M,M,M,FG,M,M,M,M,M,M,51.80,FACT 252355Z VRB02KT 0800 FG NSC 11/11 Q1023 NOSIG,M
FACT,2026-06-26 00:00,51.80,51.80,100.00,M,2.00,0.00,30.21,M,0.50,M,NSC,M,M,M,M,M,M,M,FG,M,M,M,M,M,M,51.80,COR FACT 260000Z VRB02KT 0800 FG NSC 11/11 Q1023 NOSIG,M
FACT,2026-06-26 01:00,50.00,50.00,100.00,50.00,4.00,0.00,30.21,M,0.50,M,NSC,M,M,M,M,M,M,M,FG,M,M,M,M,M,M,50.00,FACT 260100Z 05004KT 0800 FG NSC 10/10 Q1023 NOSIG,M
FACT,2026-06-26 02:00,51.80,51.80,100.00,20.00,4.00,0.00,30.18,M,2.49,M,NSC,M,M,M,M,M,M,M,BR,M,M,M,M,M,M,51.80,FACT 260200Z 02004KT 4000 BR NSC 11/11 Q1022 NOSIG,M
FACT,2026-06-26 02:02,51.80,51.80,100.00,20.00,4.00,0.00,30.18,M,2.49,M,NSC,M,M,M,M,M,M,M,BR,M,M,M,M,M,M,51.80,FACT 260202Z 02004KT 4000 BR NSC 11/11 Q1022 NOSIG,M
FACT,2026-06-26 02:31,51.80,51.80,100.00,M,3.00,0.00,30.18,M,3.73,M,NSC,M,M,M,M,M,M,M,M,M,M,M,M,M,M,51.80,FACT 260231Z VRB03KT 6000 NSC 11/11 Q1022 TEMPO 4000 BR,M
FACT,2026-06-26 03:00,50.00,50.00,100.00,60.00,5.00,0.00,30.15,M,4.97,M,NSC,M,M,M,M,M,M,M,M,M,M,M,M,M,M,50.00,FACT 260300Z 06005KT 8000 NSC 10/10 Q1021 TEMPO 4000 BR,M
FACT,2026-06-26 03:29,53.60,53.60,100.00,M,2.00,0.00,30.18,M,3.73,M,NSC,M,M,M,M,M,M,M,M,M,M,M,M,M,M,53.60,FACT 260329Z VRB02KT 6000 NSC 12/12 Q1022 TEMPO 4000 BR,M
FACT,2026-06-26 04:00,50.00,48.20,93.50,M,2.00,0.00,30.18,M,3.73,M,NSC,M,M,M,M,M,M,M,M,M,M,M,M,M,M,50.00,FACT 260400Z VRB02KT 6000 NSC 10/09 Q1022 TEMPO 4000 BR,M
FACT,2026-06-26 05:00,48.20,48.20,100.00,50.00,4.00,0.00,30.18,M,3.73,M,NSC,M,M,M,M,M,M,M,M,M,M,M,M,M,M,46.34,FACT 260500Z 05004KT 6000 NSC 09/09 Q1022 TEMPO 4000 BR,M
FACT,2026-06-26 05:48,50.00,50.00,100.00,M,2.00,0.00,30.18,M,2.17,M,NSC,M,M,M,M,M,M,M,BR,M,M,M,M,M,M,50.00,FACT 260548Z VRB02KT 3500 BR NSC 10/10 Q1022 NOSIG,M
FACT,2026-06-26 06:00,50.00,50.00,100.00,M,2.00,0.00,30.18,M,2.17,M,NSC,M,M,M,M,M,M,M,BR,M,M,M,M,M,M,50.00,COR FACT 260600Z VRB02KT 3500 BR NSC 10/10 Q1022 NOSIG,M
FACT,2026-06-26 06:12,50.00,50.00,100.00,350.00,3.00,0.00,30.21,M,0.06,M,NSC,M,M,M,M,M,M,M,FG,M,M,M,M,M,M,50.00,FACT 260612Z 35003KT 0100 R01/0500 FG NSC 10/10 Q1023 NOSIG,M
FACT,2026-06-26 06:14,50.00,50.00,100.00,350.00,3.00,0.00,30.21,M,0.56,M,NSC,M,M,M,M,M,M,M,FG,M,M,M,M,M,M,50.00,FACT 260614Z 35003KT 0900 R01/0500 FG NSC 10/10 Q1023 NOSIG,M
FACT,2026-06-26 06:25,51.80,51.80,100.00,330.00,5.00,0.00,30.21,M,0.75,M,NSC,M,M,M,M,M,M,M,BR,M,M,M,M,M,M,51.80,FACT 260625Z 33005KT 1200 R01/1100 BR NSC 11/11 Q1023 NOSIG,M
FACT,2026-06-26 06:54,51.80,51.80,100.00,320.00,5.00,0.00,30.21,M,3.11,M,NSC,M,M,M,M,M,M,M,BR,M,M,M,M,M,M,51.80,FACT 260654Z 32005KT 5000 BR NSC 11/11 Q1023 BECMG 6000,M
FACT,2026-06-26 07:00,51.80,51.80,100.00,320.00,5.00,0.00,30.21,M,3.11,M,NSC,M,M,M,M,M,M,M,BR,M,M,M,M,M,M,51.80,FACT 260700Z 32005KT 5000 BR NSC 11/11 Q1023 BECMG 6000,M
FACT,2026-06-26 07:10,51.80,51.80,100.00,310.00,7.00,0.00,30.21,M,0.56,M,SCT,M,M,M,200.00,M,M,M,FG,M,M,M,M,M,M,51.80,FACT 260710Z 31007KT 0900 FG SCT002 11/11 Q1023 TEMPO BKN002,M
FACT,2026-06-26 07:20,51.80,51.80,100.00,320.00,7.00,0.00,30.21,M,0.12,M,VV ,M,M,M,100.00,M,M,M,FG,M,M,M,M,M,M,51.80,FACT 260720Z 32007KT 0200 R01/0550 FG VV001 11/11 Q1023 NOSIG,M
FACT,2026-06-26 07:27,51.80,51.80,100.00,320.00,6.00,0.00,30.21,M,0.09,M,VV ,M,M,M,100.00,M,M,M,FG,M,M,M,M,M,M,51.80,FACT 260727Z 32006KT 0150 R01/0300 FG VV001 11/11 Q1023 NOSIG,M
FACT,2026-06-26 08:00,53.60,53.60,100.00,270.00,3.00,0.00,30.21,M,0.12,M,VV ,M,M,M,100.00,M,M,M,FG,M,M,M,M,M,M,53.60,FACT 260800Z 27003KT 0200 R01/0275 FG VV001 12/12 Q1023 NOSIG,M
FACT,2026-06-26 08:20,55.40,55.40,100.00,M,1.00,0.00,30.21,M,0.56,M,BKN,M,M,M,500.00,M,M,M,FG,M,M,M,M,M,M,55.40,FACT 260820Z VRB01KT 0900 R01/1000 FG BKN005 13/13 Q1023 BECMG 4000 BR,M
FACT,2026-06-26 08:36,55.40,55.40,100.00,M,2.00,0.00,30.21,M,1.24,M,SCT,M,M,M,500.00,M,M,M,BR,M,M,M,M,M,M,55.40,FACT 260836Z VRB02KT 2000 BR SCT005 13/13 Q1023 BECMG 4000 BR BKN004,M
FACT,2026-06-26 08:46,57.20,57.20,100.00,M,3.00,0.00,30.18,M,2.80,M,BKN,M,M,M,500.00,M,M,M,BR,M,M,M,M,M,M,57.20,FACT 260846Z VRB03KT 4500 BR BKN005 14/14 Q1022 BECMG 9999 NSW SCT012,M
FACT,2026-06-26 08:54,57.20,57.20,100.00,180.00,6.00,0.00,30.18,M,3.73,M,BKN,M,M,M,500.00,M,M,M,M,M,M,M,M,M,M,57.20,FACT 260854Z 18006KT 150V210 6000 BKN005 14/14 Q1022 BECMG 9999 NSW SCT012,M
FACT,2026-06-26 09:00,57.20,57.20,100.00,180.00,6.00,0.00,30.18,M,3.73,M,BKN,M,M,M,500.00,M,M,M,M,M,M,M,M,M,M,57.20,COR FACT 260900Z 18006KT 150V210 6000 BKN005 14/14 Q1022 BECMG SCT012,M
FACT,2026-06-26 09:18,60.80,60.80,100.00,200.00,9.00,0.00,30.18,M,6.21,M,FEW,M,M,M,700.00,M,M,M,M,M,M,M,M,M,M,60.80,FACT 260918Z 20009KT 9999 FEW007 16/16 Q1022 NOSIG,M
FACT,2026-06-26 10:00,62.60,57.20,82.51,210.00,5.00,0.00,30.15,M,4.97,M,NSC,M,M,M,M,M,M,M,M,M,M,M,M,M,M,62.60,COR FACT 261000Z 21005KT 160V230 8000 NSC 17/14 Q1021 NOSIG,M
FACT,2026-06-26 11:00,66.20,57.20,72.76,190.00,4.00,0.00,30.12,M,6.21,M,M,M,M,M,M,M,M,M,M,M,M,M,M,M,M,66.20,FACT 261100Z 19004KT 130V240 CAVOK 19/14 Q1020 NOSIG,M
FACT,2026-06-26 12:00,64.40,55.40,72.58,170.00,7.00,0.00,30.12,M,6.21,M,M,M,M,M,M,M,M,M,M,M,M,M,M,M,M,64.40,FACT 261200Z 17007KT CAVOK 18/13 Q1020 NOSIG,M
FACT,2026-06-26 13:00,60.80,55.40,82.38,170.00,10.00,0.00,30.12,M,6.21,M,M,M,M,M,M,M,M,M,M,M,M,M,M,M,M,60.80,FACT 261300Z 17010KT CAVOK 16/13 Q1020 NOSIG,M
FACT,2026-06-26 13:10,59.00,55.40,87.84,190.00,13.00,0.00,30.12,M,3.73,M,BKN,M,M,M,300.00,M,M,M,M,M,M,M,M,M,M,59.00,FACT 261310Z 19013KT 6000 BKN003 15/13 Q1020 BECMG 2000 BR,M
FACT,2026-06-26 13:21,59.00,55.40,87.84,180.00,15.00,0.00,30.12,M,0.50,M,OVC,M,M,M,100.00,M,M,M,FG,M,M,M,M,M,M,59.00,FACT 261321Z 18015KT 0800 R19/P1500 FG OVC001 15/13 Q1020 TEMPO 0500,M
FACT,2026-06-26 14:00,57.20,57.20,100.00,180.00,10.00,0.00,30.12,M,0.50,M,OVC,M,M,M,100.00,M,M,M,FG,M,M,M,M,M,M,57.20,FACT 261400Z 18010KT 0800 FG OVC001 14/14 Q1020 TEMPO 0500,M
FACT,2026-06-26 14:29,57.20,57.20,100.00,190.00,7.00,0.00,30.12,M,0.50,M,OVC,M,M,M,300.00,M,M,M,FG,M,M,M,M,M,M,57.20,FACT 261429Z 19007KT 160V220 0800 FG OVC003 14/14 Q1020 NOSIG,M
FACT,2026-06-26 14:55,57.20,57.20,100.00,170.00,5.00,0.00,30.09,M,1.86,M,OVC,M,M,M,400.00,M,M,M,BR,M,M,M,M,M,M,57.20,FACT 261455Z 17005KT 3000 BR OVC004 14/14 Q1019 NOSIG,M
FACT,2026-06-26 15:00,57.20,57.20,100.00,170.00,5.00,0.00,30.09,M,1.86,M,OVC,M,M,M,400.00,M,M,M,BR,M,M,M,M,M,M,57.20,FACT 261500Z 17005KT 3000 BR OVC004 14/14 Q1019 NOSIG,M
FACT,2026-06-26 15:20,57.20,55.40,93.70,M,3.00,0.00,30.09,M,1.86,M,OVC,M,M,M,500.00,M,M,M,BR,M,M,M,M,M,M,57.20,FACT 261520Z VRB03KT 3000 BR OVC005 14/13 Q1019 NOSIG,M
FACT,2026-06-26 16:00,57.20,55.40,93.70,90.00,3.00,0.00,30.09,M,1.86,M,OVC,M,M,M,500.00,M,M,M,BR,M,M,M,M,M,M,57.20,FACT 261600Z 09003KT 3000 BR OVC005 14/13 Q1019 NOSIG,M
FACT,2026-06-26 16:16,57.20,55.40,93.70,70.00,2.00,0.00,30.12,M,4.35,M,FEW,M,M,M,200.00,M,M,M,M,M,M,M,M,M,M,57.20,FACT 261616Z 07002KT 7000 FEW002 14/13 Q1020 NOSIG,M
FACT,2026-06-26 17:00,55.40,55.40,100.00,40.00,4.00,0.00,30.12,M,4.35,M,FEW,M,M,M,200.00,M,M,M,M,M,M,M,M,M,M,55.40,FACT 261700Z 04004KT 7000 FEW002 13/13 Q1020 NOSIG,M
FACT,2026-06-26 18:00,55.40,55.40,100.00,M,3.00,0.00,30.12,M,4.97,M,FEW,M,M,M,200.00,M,M,M,M,M,M,M,M,M,M,55.40,FACT 261800Z VRB03KT 8000 FEW002 13/13 Q1020 NOSIG,M
FACT,2026-06-26 19:00,57.20,55.40,93.70,150.00,5.00,0.00,30.12,M,4.35,M,FEW,M,M,M,700.00,M,M,M,M,M,M,M,M,M,M,57.20,FACT 261900Z 15005KT 7000 FEW007 14/13 Q1020 NOSIG,M
FACT,2026-06-26 19:32,57.20,57.20,100.00,130.00,3.00,0.00,30.12,M,4.35,M,BKN,M,M,M,700.00,M,M,M,M,M,M,M,M,M,M,57.20,FACT 261932Z 13003KT 7000 BKN007 14/14 Q1020 TEMPO 5000 BR,M
FACT,2026-06-26 20:00,57.20,57.20,100.00,180.00,3.00,0.00,30.12,M,4.35,M,BKN,M,M,M,700.00,M,M,M,M,M,M,M,M,M,M,57.20,COR FACT 262000Z 18003KT 7000 BKN007 14/14 Q1020 TEMPO 5000 BR,M
FACT,2026-06-26 20:57,57.20,57.20,100.00,200.00,8.00,0.00,30.12,M,2.49,M,BKN,M,M,M,300.00,M,M,M,BR,M,M,M,M,M,M,57.20,FACT 262057Z 20008KT 4000 BR BKN003 14/14 Q1020 TEMPO 0800 FG,M
FACT,2026-06-26 21:00,57.20,57.20,100.00,200.00,8.00,0.00,30.12,M,2.49,M,BKN,M,M,M,300.00,M,M,M,BR,M,M,M,M,M,M,57.20,FACT 262100Z 20008KT 4000 BR BKN003 14/14 Q1020 TEMPO 0800 FG,M
FACT,2026-06-26 21:47,57.20,57.20,100.00,M,3.00,0.00,30.09,M,0.56,M,BKN,M,M,M,300.00,M,M,M,FG,M,M,M,M,M,M,57.20,FACT 262147Z VRB03KT 0900 R01/1200 FG BKN003 14/14 Q1019 NOSIG,M
FACT,2026-06-26 21:57,57.20,57.20,100.00,M,2.00,0.00,30.09,M,0.19,M,VV ,M,M,M,200.00,M,M,M,FG,M,M,M,M,M,M,57.20,FACT 262157Z VRB02KT 0300 R01/0650 FG VV002 14/14 Q1019 NOSIG,M
FACT,2026-06-26 22:00,57.20,57.20,100.00,M,2.00,0.00,30.09,M,0.19,M,VV ,M,M,M,200.00,M,M,M,FG,M,M,M,M,M,M,57.20,FACT 262200Z VRB02KT 0300 R01/0650 FG VV002 14/14 Q1019 NOSIG,M
FACT,2026-06-26 22:53,57.20,57.20,100.00,M,2.00,0.00,30.09,M,0.19,M,VV ,M,M,M,200.00,M,M,M,FG,M,M,M,M,M,M,57.20,FACT 262253Z VRB02KT 0300 R01/1000 FG VV002 14/14 Q1019 NOSIG,M
FACT,2026-06-26 23:00,57.20,57.20,100.00,M,2.00,0.00,30.09,M,0.19,M,VV ,M,M,M,200.00,M,M,M,FG,M,M,M,M,M,M,57.20,FACT 262300Z VRB02KT 0300 R01/1000 FG VV002 14/14 Q1019 NOSIG,M
FACT,2026-06-26 23:59,57.20,57.20,100.00,M,1.00,0.00,30.09,M,0.12,M,VV ,M,M,M,100.00,M,M,M,FG,M,M,M,M,M,M,57.20,FACT 262359Z VRB01KT 0200 R01/0750 FG VV001 14/14 Q1019 NOSIG,M
FACT,2026-06-27 00:00,57.20,57.20,100.00,M,1.00,0.00,30.09,M,0.12,M,VV ,M,M,M,100.00,M,M,M,FG,M,M,M,M,M,M,57.20,FACT 270000Z VRB01KT 0200 R01/0750 FG VV001 14/14 Q1019 NOSIG,M
FACT,2026-06-27 01:00,57.20,57.20,100.00,M,2.00,0.00,30.09,M,0.12,M,VV ,M,M,M,100.00,M,M,M,FG,M,M,M,M,M,M,57.20,FACT 270100Z VRB02KT 0200 R01/0450 FG VV001 14/14 Q1019 NOSIG,M
FACT,2026-06-27 02:00,55.40,55.40,100.00,300.00,6.00,0.00,30.06,M,0.12,M,VV ,M,M,M,100.00,M,M,M,FG,M,M,M,M,M,M,55.40,FACT 270200Z 30006KT 0200 R01/0800 FG VV001 13/13 Q1018 NOSIG,M
FACT,2026-06-27 03:00,55.40,55.40,100.00,340.00,7.00,0.00,30.06,M,0.12,M,VV ,M,M,M,100.00,M,M,M,FG,M,M,M,M,M,M,55.40,FACT 270300Z 34007KT 0200 R01/0600 FG VV001 13/13 Q1018 NOSIG,M
FACT,2026-06-27 04:00,53.60,53.60,100.00,M,2.00,0.00,30.06,M,0.12,M,VV ,M,M,M,M,M,M,M,FG,M,M,M,M,M,M,53.60,FACT 270400Z VRB02KT 0200 R01/0400 FG VV/// 12/12 Q1018 NOSIG,M
FACT,2026-06-27 04:20,53.60,53.60,100.00,320.00,8.00,0.00,30.06,M,0.12,M,VV ,M,M,M,M,M,M,M,FG,M,M,M,M,M,M,53.60,FACT 270420Z 32008KT 290V360 0200 R01/P1500 FG VV/// 12/12 Q1018 NOSIG,M
FACT,2026-06-27 04:54,53.60,53.60,100.00,340.00,10.00,0.00,30.06,M,0.50,M,OVC,M,M,M,200.00,M,M,M,FG,M,M,M,M,M,M,53.60,FACT 270454Z 34010KT 0800 FG OVC002 12/12 Q1018 NOSIG,M
FACT,2026-06-27 05:00,53.60,53.60,100.00,340.00,10.00,0.00,30.06,M,0.50,M,OVC,M,M,M,200.00,M,M,M,FG,M,M,M,M,M,M,53.60,FACT 270500Z 34010KT 0800 FG OVC002 12/12 Q1018 TEMPO 0200 BKN001,M
FACT,2026-06-27 05:01,53.60,53.60,100.00,340.00,10.00,0.00,30.06,M,0.50,M,OVC,M,M,M,200.00,M,M,M,FG,M,M,M,M,M,M,53.60,FACT 270501Z 34010KT 0800 FG OVC002 12/12 Q1018 TEMPO 0200 BKN001,M
FACT,2026-06-27 06:00,55.40,55.40,100.00,330.00,5.00,0.00,30.09,M,0.50,M,OVC,M,M,M,200.00,M,M,M,FG,M,M,M,M,M,M,55.40,FACT 270600Z 33005KT 0800 FG OVC002 13/13 Q1019 TEMPO 0200 BKN001,M
FACT,2026-06-27 06:59,55.40,55.40,100.00,350.00,7.00,0.00,30.09,M,0.62,M,BKN,M,M,M,100.00,M,M,M,BR,M,M,M,M,M,M,55.40,FACT 270659Z 35007KT 1000 BR BKN001 13/13 Q1019 BECMG 3000 BR BKN005,M
FACT,2026-06-27 07:00,55.40,55.40,100.00,340.00,7.00,0.00,30.09,M,0.62,M,BKN,M,M,M,200.00,M,M,M,BR,M,M,M,M,M,M,55.40,COR FACT 270700Z 34007KT 1000 BR BKN002 13/13 Q1019 BECMG 3000 BKN005,M
FACT,2026-06-27 07:02,55.40,55.40,100.00,340.00,7.00,0.00,30.09,M,0.62,M,BKN,M,M,M,200.00,M,M,M,BR,M,M,M,M,M,M,55.40,FACT 270702Z 34007KT 1000 BR BKN002 13/13 Q1019 BECMG 3000 BKN005,M
FACT,2026-06-27 07:25,55.40,55.40,100.00,350.00,7.00,0.00,30.09,M,0.50,M,BKN,M,M,M,300.00,M,M,M,FG,M,M,M,M,M,M,55.40,FACT 270725Z 35007KT 320V020 0800 FG BKN003 13/13 Q1019 BECMG 3000 BR BKN005,M
FACT,2026-06-27 08:00,55.40,55.40,100.00,330.00,8.00,0.00,30.09,M,0.50,M,OVC,M,M,M,200.00,M,M,M,FG,M,M,M,M,M,M,55.40,FACT 270800Z 33008KT 0800 FG OVC002 13/13 Q1019 BECMG 3000 BR BKN005,M
FACT,2026-06-27 08:51,57.20,57.20,100.00,340.00,7.00,0.00,30.09,M,1.86,M,BKN,M,M,M,300.00,M,M,M,BR,M,M,M,M,M,M,57.20,FACT 270851Z 34007KT 3000 BR BKN003 14/14 Q1019 BECMG 8000 NSW BKN008,M
FACT,2026-06-27 09:00,57.20,57.20,100.00,340.00,7.00,0.00,30.09,M,1.86,M,BKN,M,M,M,300.00,M,M,M,BR,M,M,M,M,M,M,57.20,FACT 270900Z 34007KT 3000 BR BKN003 14/14 Q1019 BECMG 8000 NSW BKN008,M
FACT,2026-06-27 09:24,57.20,57.20,100.00,330.00,7.00,0.00,30.09,M,2.49,M,BKN,M,M,M,300.00,M,M,M,BR,M,M,M,M,M,M,57.20,FACT 270924Z 33007KT 280V010 4000 BR BKN003 14/14 Q1019 BECMG 8000 NSW BKN008,M
FACT,2026-06-27 09:53,59.00,59.00,100.00,320.00,6.00,0.00,30.09,M,4.97,M,BKN,M,M,M,800.00,M,M,M,M,M,M,M,M,M,M,59.00,FACT 270953Z 32006KT 280V360 8000 BKN008 15/15 Q1019 BECMG BKN014,M
FACT,2026-06-27 10:00,59.00,59.00,100.00,320.00,6.00,0.00,30.09,M,4.97,M,BKN,M,M,M,800.00,M,M,M,M,M,M,M,M,M,M,59.00,FACT 271000Z 32006KT 280V360 8000 BKN008 15/15 Q1019 BECMG BKN014,M
FACT,2026-06-27 10:28,59.00,59.00,100.00,320.00,7.00,0.00,30.06,M,3.73,M,FEW,M,M,M,1000.00,M,M,M,M,M,M,M,M,M,M,59.00,FACT 271028Z 32007KT 6000 FEW010 15/15 Q1018 NOSIG,M
FACT,2026-06-27 11:00,60.80,55.40,82.38,320.00,8.00,0.00,30.03,M,3.73,M,FEW,M,M,M,2000.00,M,M,M,M,M,M,M,M,M,M,60.80,FACT 271100Z 32008KT 6000 FEW020 16/13 Q1017 NOSIG,M
FACT,2026-06-27 12:00,62.60,55.40,77.31,350.00,9.00,0.00,30.00,M,6.21,M,FEW,M,M,M,2000.00,M,M,M,M,M,M,M,M,M,M,62.60,FACT 271200Z 35009KT 9999 FEW020 17/13 Q1016 NOSIG,M
FACT,2026-06-27 13:00,60.80,55.40,82.38,300.00,11.00,0.00,29.97,M,6.21,M,FEW,M,M,M,3000.00,M,M,M,M,M,M,M,M,M,M,60.80,FACT 271300Z 30011KT 9999 FEW030 16/13 Q1015 NOSIG,M
FACT,2026-06-27 14:00,57.20,53.60,87.75,330.00,10.00,0.00,30.00,M,4.97,M,BKN,M,M,M,500.00,M,M,M,M,M,M,M,M,M,M,57.20,FACT 271400Z 33010KT 8000 BKN005 14/12 Q1016 NOSIG,M
FACT,2026-06-27 14:39,57.20,55.40,93.70,320.00,10.00,0.00,30.00,M,2.49,M,BKN,M,M,M,500.00,M,M,M,BR,M,M,M,M,M,M,57.20,FACT 271439Z 32010KT 4000 BR BKN005 14/13 Q1016 BECMG 1500,M
FACT,2026-06-27 14:56,55.40,55.40,100.00,340.00,11.00,0.00,30.00,M,0.93,M,OVC,M,M,M,400.00,M,M,M,BR,M,M,M,M,M,M,55.40,FACT 271456Z 34011KT 1500 BR OVC004 13/13 Q1016 NOSIG,M
FACT,2026-06-27 15:00,55.40,55.40,100.00,340.00,11.00,0.00,30.00,M,0.93,M,OVC,M,M,M,400.00,M,M,M,BR,M,M,M,M,M,M,55.40,FACT 271500Z 34011KT 1500 BR OVC004 13/13 Q1016 NOSIG,M
FACT,2026-06-27 15:57,57.20,57.20,100.00,330.00,11.00,0.00,29.97,M,1.24,M,BKN,M,M,M,500.00,M,M,M,BR,M,M,M,M,M,M,57.20,FACT 271557Z 33011KT 2000 BR BKN005 14/14 Q1015 NOSIG,M
FACT,2026-06-27 16:00,57.20,57.20,100.00,330.00,11.00,0.00,29.97,M,1.24,M,BKN,M,M,M,500.00,M,M,M,BR,M,M,M,M,M,M,57.20,FACT 271600Z 33011KT 2000 BR BKN005 14/14 Q1015 NOSIG,M
FACT,2026-06-27 16:27,57.20,57.20,100.00,340.00,9.00,0.00,29.97,M,3.73,M,FEW,M,M,M,500.00,M,M,M,M,M,M,M,M,M,M,57.20,FACT 271627Z 34009KT 6000 FEW005 14/14 Q1015 BECMG 2000 BR BKN005,M
FACT,2026-06-27 17:00,57.20,57.20,100.00,340.00,10.00,0.00,29.97,M,6.21,M,FEW,M,M,M,500.00,M,M,M,M,M,M,M,M,M,M,57.20,FACT 271700Z 34010KT 9999 FEW005 14/14 Q1015 NOSIG,M
FACT,2026-06-27 18:00,59.00,57.20,93.74,340.00,9.00,0.00,29.97,M,6.21,M,BKN,M,M,M,3000.00,M,M,M,M,M,M,M,M,M,M,59.00,FACT 271800Z 34009KT 9999 BKN030 15/14 Q1015 NOSIG,M
FACT,2026-06-27 19:00,57.20,55.40,93.70,340.00,10.00,0.00,30.00,M,6.21,M,BKN,M,M,M,3000.00,M,M,M,M,M,M,M,M,M,M,57.20,FACT 271900Z 34010KT 9999 BKN030 14/13 Q1016 NOSIG,M
FACT,2026-06-27 20:00,59.00,55.40,87.84,350.00,14.00,0.00,29.97,M,6.21,M,BKN,M,M,M,3000.00,M,M,M,M,M,M,M,M,M,M,59.00,FACT 272000Z 35014KT 9999 BKN030 15/13 Q1015 NOSIG,M
FACT,2026-06-27 21:00,59.00,53.60,82.26,350.00,16.00,0.00,29.97,M,6.21,M,BKN,M,M,M,2500.00,M,M,M,M,M,M,M,M,M,M,59.00,FACT 272100Z 35016KT 9999 BKN025 15/12 Q1015 NOSIG,M
FACT,2026-06-27 22:00,59.00,53.60,82.26,340.00,17.00,0.00,29.97,M,6.21,M,BKN,M,M,M,2500.00,M,M,M,M,M,M,M,M,M,M,59.00,FACT 272200Z 34017KT 9999 BKN025 15/12 Q1015 NOSIG,M
FACT,2026-06-27 23:00,59.00,53.60,82.26,340.00,18.00,0.00,29.94,M,6.21,M,BKN,M,M,M,2500.00,M,M,M,M,M,M,M,M,M,M,59.00,FACT 272300Z 34018KT 9999 BKN025 15/12 Q1014 NOSIG,M
FACT,2026-06-28 00:00,59.00,51.80,76.99,350.00,17.00,0.00,29.94,M,6.21,M,BKN,M,M,M,3000.00,M,M,M,M,M,M,M,M,M,M,59.00,FACT 280000Z 35017KT 9999 BKN030 15/11 Q1014 NOSIG,M
FACT,2026-06-28 01:00,59.00,53.60,82.26,350.00,16.00,0.00,29.94,M,6.21,M,BKN,M,M,M,3000.00,M,M,M,M,M,M,M,M,M,M,59.00,FACT 280100Z 35016KT 9999 BKN030 15/12 Q1014 NOSIG,M
FACT,2026-06-28 02:00,57.20,53.60,87.75,30.00,16.00,0.00,29.91,M,6.21,M,BKN,M,M,M,3000.00,M,M,M,M,M,M,M,M,M,M,57.20,FACT 280200Z 03016KT 9999 BKN030 14/12 Q1013 NOSIG,M
FACT,2026-06-28 03:00,57.20,53.60,87.75,10.00,14.00,0.00,29.91,M,6.21,24.00,SCT,BKN,M,M,1500.00,2500.00,M,M,M,M,M,M,M,M,M,57.20,FACT 280300Z 01014G24KT 9999 SCT015 BKN025 14/12 Q1013 NOSIG,M
FACT,2026-06-28 04:00,59.00,53.60,82.26,360.00,21.00,0.00,29.91,M,6.21,M,SCT,BKN,M,M,1200.00,2500.00,M,M,M,M,M,M,M,M,M,59.00,FACT 280400Z 36021KT 9999 SCT012 BKN025 15/12 Q1013 NOSIG,M
FACT,2026-06-28 05:00,57.20,53.60,87.75,350.00,19.00,0.00,29.91,M,3.73,M,BKN,OVC,M,M,1200.00,2500.00,M,M,DZ,M,M,M,M,M,M,57.20,FACT 280500Z 35019KT 6000 DZ BKN012 OVC025 14/12 Q1013 TEMPO 4000 -RA,M
FACT,2026-06-28 05:29,57.20,53.60,87.75,360.00,21.00,0.00,29.88,M,1.86,M,BKN,OVC,M,M,1200.00,2500.00,M,M,+DZ,M,M,M,M,M,M,57.20,FACT 280529Z 36021KT 3000 +DZ BKN012 OVC025 14/12 Q1012 NOSIG,M
FACT,2026-06-28 06:00,57.20,53.60,87.75,350.00,21.00,0.00,29.91,M,1.86,M,BKN,OVC,M,M,1200.00,2500.00,M,M,DZRA,M,M,M,M,M,M,57.20,FACT 280600Z 35021KT 3000 DZRA BKN012 OVC025 14/12 Q1013 NOSIG,M
FACT,2026-06-28 07:00,57.20,55.40,93.70,340.00,23.00,0.00,29.91,M,1.86,M,BKN,OVC,M,M,1200.00,2500.00,M,M,+DZ,M,M,M,M,M,M,57.20,FACT 280700Z 34023KT 3000 +DZ BKN012 OVC025 14/13 Q1013 NOSIG,M
FACT,2026-06-28 07:29,57.20,55.40,93.70,340.00,24.00,0.00,29.91,M,2.49,M,BKN,OVC,M,M,500.00,2000.00,M,M,DZ,M,M,M,M,M,M,57.20,FACT 280729Z 34024KT 4000 DZ BKN005 OVC020 14/13 Q1013 REDZ NOSIG,M
FACT,2026-06-28 07:51,57.20,55.40,93.70,340.00,21.00,0.00,29.91,M,6.21,33.00,SCT,BKN,M,M,600.00,3000.00,M,M,M,M,M,M,M,M,M,57.20,FACT 280751Z 34021G33KT 9999 SCT006 BKN030 14/13 Q1013 REDZ NOSIG,M
FACT,2026-06-28 07:53,57.20,55.40,93.70,340.00,22.00,0.00,29.91,M,6.21,33.00,SCT,BKN,M,M,600.00,3000.00,M,M,-RA,M,M,M,M,M,M,57.20,FACT 280753Z 34022G33KT 9999 -RA SCT006 BKN030 14/13 Q1013 NOSIG,M
FACT,2026-06-28 07:58,57.20,55.40,93.70,350.00,21.00,0.00,29.91,M,2.49,M,SCT,BKN,M,M,600.00,3000.00,M,M,RA,M,M,M,M,M,M,57.20,FACT 280758Z 35021KT 4000 RA SCT006 BKN030 14/13 Q1013 TEMPO 2500 BKN012,M
FACT,2026-06-28 08:00,57.20,55.40,93.70,340.00,22.00,0.00,29.91,M,6.21,33.00,SCT,BKN,M,M,600.00,3000.00,M,M,-RA,M,M,M,M,M,M,57.20,FACT 280800Z 34022G33KT 9999 -RA SCT006 BKN030 14/13 Q1013 NOSIG,M
FACT,2026-06-28 08:03,57.20,55.40,93.70,350.00,21.00,0.00,29.91,M,1.24,31.00,BKN,OVC,M,M,1000.00,3000.00,M,M,RA,M,M,M,M,M,M,57.20,FACT 280803Z 35021G31KT 2000 RA BKN010 OVC030 14/13 Q1013 BECMG BKN006,M
FACT,2026-06-28 08:27,57.20,55.40,93.70,350.00,21.00,0.00,29.91,M,1.37,M,BKN,OVC,M,M,1000.00,2500.00,M,M,RA,M,M,M,M,M,M,57.20,FACT 280827Z 35021KT 2200 RA BKN010 OVC025 14/13 Q1013 BECMG BKN006,M
FACT,2026-06-28 08:56,57.20,55.40,93.70,330.00,18.00,0.00,29.91,M,1.43,M,BKN,OVC,M,M,500.00,2500.00,M,M,RA,M,M,M,M,M,M,57.20,FACT 280856Z 33018KT 2300 RA BKN005 OVC025 14/13 Q1013 NOSIG,M
FACT,2026-06-28 09:00,57.20,55.40,93.70,330.00,18.00,0.00,29.91,M,1.43,M,BKN,OVC,M,M,500.00,2500.00,M,M,RA,M,M,M,M,M,M,57.20,FACT 280900Z 33018KT 2300 RA BKN005 OVC025 14/13 Q1013 NOSIG,M
FACT,2026-06-28 09:25,57.20,55.40,93.70,340.00,20.00,0.00,29.91,M,1.86,M,BKN,OVC,M,M,500.00,2000.00,M,M,-RA DZ,M,M,M,M,M,M,57.20,FACT 280925Z 34020KT 3000 -RA DZ BKN005 OVC020 14/13 Q1013 NOSIG,M
FACT,2026-06-28 09:53,57.20,55.40,93.70,340.00,26.00,0.00,29.91,M,1.24,M,BKN,OVC,M,M,500.00,2000.00,M,M,RA,M,M,M,M,M,M,57.20,FACT 280953Z 34026KT 2000 RA BKN005 OVC020 14/13 Q1013 NOSIG,M
FACT,2026-06-28 10:00,57.20,55.40,93.70,340.00,26.00,0.00,29.91,M,1.24,M,BKN,OVC,M,M,500.00,2000.00,M,M,RA,M,M,M,M,M,M,57.20,FACT 281000Z 34026KT 2000 RA BKN005 OVC020 14/13 Q1013 NOSIG,M
FACT,2026-06-28 10:26,57.20,55.40,93.70,340.00,23.00,0.00,29.91,M,1.86,M,BKN,OVC,M,M,800.00,2000.00,M,M,-RA,M,M,M,M,M,M,57.20,FACT 281026Z 34023KT 3000 -RA BKN008 OVC020 14/13 Q1013 NOSIG,M
FACT,2026-06-28 10:57,57.20,55.40,93.70,330.00,22.00,0.00,29.88,M,1.86,32.00,BKN,OVC,M,M,800.00,2000.00,M,M,-RA,M,M,M,M,M,M,57.20,FACT 281057Z 33022G32KT 3000 -RA BKN008 OVC020 14/13 Q1012 NOSIG,M
FACT,2026-06-28 11:00,57.20,55.40,93.70,330.00,22.00,0.00,29.88,M,1.86,32.00,BKN,OVC,M,M,800.00,2000.00,M,M,-RA,M,M,M,M,M,M,57.20,FACT 281100Z 33022G32KT 3000 -RA BKN008 OVC020 14/13 Q1012 NOSIG,M
FACT,2026-06-28 11:40,57.20,55.40,93.70,330.00,28.00,0.00,29.88,M,4.35,M,BKN,OVC,M,M,800.00,2000.00,M,M,-RA,M,M,M,M,M,M,57.20,FACT 281140Z 33028KT 7000 -RA BKN008 OVC020 14/13 Q1012 TEMPO 4000,M
FACT,2026-06-28 12:00,57.20,55.40,93.70,330.00,25.00,0.00,29.88,M,5.59,M,BKN,OVC,M,M,800.00,3000.00,M,M,M,M,M,M,M,M,M,57.20,FACT 281200Z 33025KT 9000 BKN008 OVC030 14/13 Q1012 TEMPO 4000 -RA,M
FACT,2026-06-28 12:23,57.20,55.40,93.70,330.00,24.00,0.00,29.88,M,1.86,M,BKN,OVC,M,M,800.00,3000.00,M,M,-RA,M,M,M,M,M,M,57.20,FACT 281223Z 33024KT 3000 -RA BKN008 OVC030 14/13 Q1012 NOSIG,M
FACT,2026-06-28 13:00,55.40,55.40,100.00,300.00,12.00,0.00,29.88,M,1.86,M,BKN,OVC,M,M,800.00,2000.00,M,M,-RA,M,M,M,M,M,M,55.40,FACT 281300Z 30012KT 3000 -RA BKN008 OVC020 13/13 Q1012 NOSIG,M
FACT,2026-06-28 13:28,55.40,53.60,93.65,280.00,6.00,0.00,29.91,M,1.24,M,BKN,OVC,M,M,800.00,2000.00,M,M,-RA,M,M,M,M,M,M,55.40,FACT 281328Z 28006KT 2000 -RA BKN008 OVC020 13/12 Q1013 NOSIG,M
FACT,2026-06-28 13:30,55.40,53.60,93.65,280.00,6.00,0.00,29.91,M,1.24,M,BKN,OVC,M,M,800.00,2000.00,M,M,-RA,M,M,M,M,M,M,55.40,FACT 281330Z 28006KT 2000 -RA BKN008 OVC020 13/12 Q1013 BECMG 3000,M
FACT,2026-06-28 14:00,55.40,53.60,93.65,320.00,6.00,0.00,29.91,M,1.24,M,BKN,OVC,M,M,800.00,2000.00,M,M,-RA,M,M,M,M,M,M,55.40,FACT 281400Z 32006KT 290V040 2000 -RA BKN008 OVC020 13/12 Q1013 BECMG 3000,M
FACT,2026-06-28 14:27,55.40,53.60,93.65,310.00,6.00,0.00,29.91,M,2.49,M,FEW,SCT,BKN,M,1000.00,2000.00,3000.00,M,-RA,M,M,M,M,M,M,55.40,FACT 281427Z 31006KT 4000 -RA FEW010 SCT020 BKN030 13/12 Q1013 NOSIG,M
FACT,2026-06-28 15:00,55.40,53.60,93.65,270.00,6.00,0.00,29.94,M,2.49,M,FEW,SCT,BKN,M,1000.00,2000.00,3000.00,M,-RA,M,M,M,M,M,M,55.40,FACT 281500Z 27006KT 230V300 4000 -RA FEW010 SCT020 BKN030 13/12 Q1014 BECMG 6000,M
FACT,2026-06-28 15:25,53.60,51.80,93.60,300.00,8.00,0.00,29.94,M,3.73,M,FEW,SCT,BKN,M,1000.00,2000.00,3000.00,M,-RA,M,M,M,M,M,M,53.60,FACT 281525Z 30008KT 6000 -RA FEW010 SCT020 BKN030 12/11 Q1014 NOSIG,M
FACT,2026-06-28 16:00,53.60,51.80,93.60,330.00,7.00,0.00,29.94,M,3.73,M,SCT,BKN,M,M,2000.00,3000.00,M,M,-RA,M,M,M,M,M,M,53.60,FACT 281600Z 33007KT 6000 -RA SCT020 BKN030 12/11 Q1014 NOSIG,M
FACT,2026-06-28 17:00,53.60,53.60,100.00,330.00,7.00,0.00,29.97,M,6.21,M,FEW,BKN,M,M,2500.00,4000.00,M,M,M,M,M,M,M,M,M,53.60,FACT 281700Z 33007KT 9999 FEW025 BKN040 12/12 Q1015 NOSIG,M
FACT,2026-06-28 18:00,55.40,50.00,82.00,M,1.00,0.00,30.00,M,6.21,M,FEW,BKN,M,M,2500.00,4000.00,M,M,M,M,M,M,M,M,M,55.40,FACT 281800Z VRB01KT 9999 FEW025 BKN040 13/10 Q1016 NOSIG,M
FACT,2026-06-28 19:00,55.40,46.40,71.65,270.00,4.00,0.00,30.00,M,6.21,M,FEW,BKN,M,M,2000.00,4000.00,M,M,M,M,M,M,M,M,M,55.40,FACT 281900Z 27004KT 9999 FEW020 BKN040 13/08 Q1016 NOSIG,M
FACT,2026-06-28 22:00,53.60,44.60,71.45,260.00,7.00,0.00,30.06,M,6.21,M,FEW,M,M,M,4000.00,M,M,M,M,M,M,M,M,M,M,53.60,FACT 282200Z 26007KT 200V290 9999 FEW040 12/07 Q1018 NOSIG,M
FACT,2026-06-29 00:00,48.20,42.80,81.47,120.00,4.00,0.00,30.12,M,6.21,M,FEW,M,M,M,4000.00,M,M,M,M,M,M,M,M,M,M,46.34,FACT 290000Z 12004KT 9999 FEW040 09/06 Q1020 NOSIG,M
FACT,2026-06-29 01:00,50.00,42.80,76.17,190.00,5.00,0.00,30.12,M,6.21,M,FEW,M,M,M,3500.00,M,M,M,-RA,M,M,M,M,M,M,50.00,COR FACT 290100Z 19005KT 160V260 9999 -RA FEW035 10/06 Q1020 NOSIG,M
FACT,2026-06-29 02:00,50.00,44.60,81.60,190.00,4.00,0.00,30.15,M,6.21,M,FEW,M,M,M,2500.00,M,M,M,M,M,M,M,M,M,M,50.00,FACT 290200Z 19004KT 9999 FEW025 10/07 Q1021 NOSIG,M
FACT,2026-06-29 03:00,46.40,44.60,93.40,60.00,4.00,0.00,30.15,M,6.21,M,FEW,M,M,M,4000.00,M,M,M,M,M,M,M,M,M,M,44.24,COR FACT 290300Z 06004KT 9999 FEW040 08/07 Q1021 NOSIG,M
FACT,2026-06-29 04:00,44.60,44.60,100.00,30.00,4.00,0.00,30.15,M,6.21,M,FEW,M,M,M,3500.00,M,M,M,M,M,M,M,M,M,M,42.13,FACT 290400Z 03004KT 340V050 9999 FEW035 07/07 Q1021 NOSIG,M
FACT,2026-06-29 05:00,44.60,42.80,93.35,50.00,4.00,0.00,30.18,M,6.21,M,FEW,M,M,M,3500.00,M,M,M,M,M,M,M,M,M,M,42.13,FACT 290500Z 05004KT 9999 FEW035 07/06 Q1022 NOSIG,M
FACT,2026-06-29 06:00,44.60,44.60,100.00,70.00,5.00,0.00,30.21,M,6.21,M,BKN,M,M,M,3500.00,M,M,M,-RA,M,M,M,M,M,M,41.36,FACT 290600Z 07005KT 9999 -RA BKN035 07/07 Q1023 NOSIG,M
FACT,2026-06-29 07:00,48.20,46.40,93.45,M,3.00,0.00,30.24,M,6.21,M,BKN,M,M,M,3500.00,M,M,M,M,M,M,M,M,M,M,47.21,FACT 290700Z VRB03KT 9999 BKN035 09/08 Q1024 NOSIG,M
FACT,2026-06-29 07:56,53.60,46.40,76.51,M,3.00,0.00,30.24,M,6.21,M,FEW,M,M,M,4000.00,M,M,M,M,M,M,M,M,M,M,53.60,FACT 290756Z VRB03KT 9999 FEW040 12/08 Q1024 NOSIG,M
FACT,2026-06-29 08:00,53.60,46.40,76.51,M,3.00,0.00,30.24,M,6.21,M,FEW,M,M,M,4000.00,M,M,M,M,M,M,M,M,M,M,53.60,FACT 290800Z VRB03KT 9999 FEW040 12/08 Q1024 NOSIG,M
FACT,2026-06-29 09:00,55.40,44.60,66.91,140.00,4.00,0.00,30.27,M,6.21,M,FEW,M,M,M,4000.00,M,M,M,M,M,M,M,M,M,M,55.40,FACT 290900Z 14004KT 9999 FEW040 13/07 Q1025 NOSIG,M
FACT,2026-06-29 10:00,55.40,42.80,62.46,140.00,6.00,0.00,30.27,M,6.21,M,BKN,M,M,M,3500.00,M,M,M,M,M,M,M,M,M,M,55.40,FACT 291000Z 14006KT 9999 BKN035 13/06 Q1025 NOSIG,M
FACT,2026-06-29 11:00,55.40,41.00,58.27,180.00,8.00,0.00,30.27,M,6.21,M,SCT,M,M,M,4000.00,M,M,M,M,M,M,M,M,M,M,55.40,FACT 291100Z 18008KT 9999 SCT040 13/05 Q1025 NOSIG,M
FACT,2026-06-29 12:00,57.20,41.00,54.60,160.00,8.00,0.00,30.24,M,6.21,M,FEW,M,M,M,4000.00,M,M,M,M,M,M,M,M,M,M,57.20,FACT 291200Z 16008KT 9999 FEW040 14/05 Q1024 NOSIG,M
FACT,2026-06-29 13:00,57.20,41.00,54.60,190.00,10.00,0.00,30.24,M,6.21,M,FEW,M,M,M,4000.00,M,M,M,M,M,M,M,M,M,M,57.20,FACT 291300Z 19010KT 9999 FEW040 14/05 Q1024 NOSIG,M
FACT,2026-06-29 14:00,55.40,39.20,54.33,160.00,8.00,0.00,30.24,M,6.21,M,FEW,M,M,M,3500.00,M,M,M,M,M,M,M,M,M,M,55.40,FACT 291400Z 16008KT 9999 FEW035 13/04 Q1024 NOSIG,M
FACT,2026-06-29 15:00,53.60,41.00,62.22,170.00,11.00,0.00,30.24,M,6.21,M,FEW,M,M,M,4000.00,M,M,M,M,M,M,M,M,M,M,53.60,FACT 291500Z 17011KT 9999 FEW040 12/05 Q1024 NOSIG,M
FACT,2026-06-29 16:00,50.00,41.00,71.06,170.00,8.00,0.00,30.24,M,6.21,M,M,M,M,M,M,M,M,M,M,M,M,M,M,M,M,50.00,FACT 291600Z 17008KT CAVOK 10/05 Q1024 NOSIG,M
FACT,2026-06-29 17:00,50.00,41.00,71.06,170.00,7.00,0.00,30.24,M,6.21,M,M,M,M,M,M,M,M,M,M,M,M,M,M,M,M,50.00,FACT 291700Z 17007KT CAVOK 10/05 Q1024 NOSIG,M
FACT,2026-06-29 18:00,46.40,41.00,81.33,170.00,9.00,0.00,30.24,M,6.21,M,M,M,M,M,M,M,M,M,M,M,M,M,M,M,M,41.42,FACT 291800Z 17009KT CAVOK 08/05 Q1024 NOSIG,M
FACT,2026-06-29 19:00,48.20,41.00,76.01,170.00,9.00,0.00,30.24,M,6.21,M,M,M,M,M,M,M,M,M,M,M,M,M,M,M,M,43.66,FACT 291900Z 17009KT CAVOK 09/05 Q1024 NOSIG,M
FACT,2026-06-29 20:00,48.20,41.00,76.01,170.00,9.00,0.00,30.24,M,6.21,M,NSC,M,M,M,M,M,M,M,M,M,M,M,M,M,M,43.66,FACT 292000Z 17009KT 9999 NSC 09/05 Q1024 NOSIG,M
FACT,2026-06-29 21:00,48.20,41.00,76.01,180.00,8.00,0.00,30.24,M,6.21,M,M,M,M,M,M,M,M,M,M,M,M,M,M,M,M,44.07,FACT 292100Z 18008KT CAVOK 09/05 Q1024 NOSIG,M
FACT,2026-06-29 22:00,46.40,41.00,81.33,170.00,4.00,0.00,30.24,M,6.21,M,SCT,M,M,M,5000.00,M,M,M,M,M,M,M,M,M,M,44.24,FACT 292200Z 17004KT 9999 SCT050 08/05 Q1024 NOSIG,M
FACT,2026-06-29 23:00,48.20,41.00,76.01,200.00,4.00,0.00,30.24,M,6.21,M,SCT,M,M,M,5000.00,M,M,M,M,M,M,M,M,M,M,46.34,FACT 292300Z 20004KT 9999 SCT050 09/05 Q1024 NOSIG,M
FACT,2026-06-30 00:00,44.60,39.20,81.20,M,2.00,0.00,30.21,M,6.21,M,FEW,M,M,M,5000.00,M,M,M,M,M,M,M,M,M,M,44.60,FACT 300000Z VRB02KT 9999 FEW050 07/04 Q1023 NOSIG,M
FACT,2026-06-30 01:00,41.00,37.40,86.89,M,1.00,0.00,30.21,M,6.21,M,M,M,M,M,M,M,M,M,M,M,M,M,M,M,M,41.00,FACT 300100Z VRB01KT CAVOK 05/03 Q1023 NOSIG,M
FACT,2026-06-30 02:00,42.80,39.20,86.99,230.00,2.00,0.00,30.18,M,6.21,M,M,M,M,M,M,M,M,M,M,M,M,M,M,M,M,42.80,FACT 300200Z 23002KT CAVOK 06/04 Q1022 NOSIG,M
FACT,2026-06-30 03:00,41.00,37.40,86.89,M,2.00,0.00,30.15,M,6.21,M,M,M,M,M,M,M,M,M,M,M,M,M,M,M,M,41.00,FACT 300300Z VRB02KT CAVOK 05/03 Q1021 NOSIG,M
FACT,2026-06-30 04:00,41.00,37.40,86.89,M,1.00,0.00,30.15,M,6.21,M,M,M,M,M,M,M,M,M,M,M,M,M,M,M,M,41.00,FACT 300400Z VRB01KT CAVOK 05/03 Q1021 NOSIG,M
FACT,2026-06-30 05:00,39.20,35.60,86.79,M,2.00,0.00,30.15,M,6.21,M,M,M,M,M,M,M,M,M,M,M,M,M,M,M,M,39.20,FACT 300500Z VRB02KT CAVOK 04/02 Q1021 NOSIG,M
FACT,2026-06-30 06:00,41.00,37.40,86.89,310.00,1.00,0.00,30.15,M,6.21,M,M,M,M,M,M,M,M,M,M,M,M,M,M,M,M,41.00,FACT 300600Z 31001KT CAVOK 05/03 Q1021 NOSIG,M
FACT,2026-06-30 06:57,42.80,39.20,86.99,M,2.00,0.00,30.15,M,6.21,M,M,M,M,M,M,M,M,M,M,M,M,M,M,M,M,42.80,FACT 300657Z VRB02KT CAVOK 06/04 Q1021 NOSIG,M
FACT,2026-06-30 07:00,42.80,39.20,86.99,M,2.00,0.00,30.15,M,6.21,M,M,M,M,M,M,M,M,M,M,M,M,M,M,M,M,42.80,FACT 300700Z VRB02KT CAVOK 06/04 Q1021 NOSIG,M
FACT,2026-06-30 07:25,48.20,41.00,76.01,M,2.00,0.00,30.15,M,6.21,M,M,M,M,M,M,M,M,M,M,M,M,M,M,M,M,48.20,FACT 300725Z VRB02KT CAVOK 09/05 Q1021 NOSIG,M
FACT,2026-06-30 08:00,50.00,41.00,71.06,M,3.00,0.00,30.15,M,6.21,M,M,M,M,M,M,M,M,M,M,M,M,M,M,M,M,50.00,FACT 300800Z VRB03KT CAVOK 10/05 Q1021 NOSIG,M
FACT,2026-06-30 09:00,53.60,41.00,62.22,190.00,4.00,0.00,30.18,M,6.21,M,M,M,M,M,M,M,M,M,M,M,M,M,M,M,M,53.60,FACT 300900Z 19004KT 120V250 CAVOK 12/05 Q1022 NOSIG,M
FACT,2026-06-30 10:00,57.20,37.40,47.44,190.00,6.00,0.00,30.15,M,6.21,M,M,M,M,M,M,M,M,M,M,M,M,M,M,M,M,57.20,FACT 301000Z 19006KT 160V230 CAVOK 14/03 Q1021 NOSIG,M
FACT,2026-06-30 11:00,59.00,37.40,44.47,170.00,7.00,0.00,30.12,M,6.21,M,FEW,M,M,M,3000.00,M,M,M,M,M,M,M,M,M,M,59.00,FACT 301100Z 17007KT 150V210 9999 FEW030 15/03 Q1020 NOSIG,M
FACT,2026-06-30 12:00,60.80,37.40,41.71,150.00,5.00,0.00,30.12,M,6.21,M,M,M,M,M,M,M,M,M,M,M,M,M,M,M,M,60.80,FACT 301200Z 15005KT 130V190 CAVOK 16/03 Q1020 NOSIG,M
FACT,2026-06-30 13:00,60.80,35.60,38.85,170.00,6.00,0.00,30.09,M,6.21,M,M,M,M,M,M,M,M,M,M,M,M,M,M,M,M,60.80,FACT 301300Z 17006KT 140V200 CAVOK 16/02 Q1019 NOSIG,M
FACT,2026-06-30 14:00,59.00,35.60,41.42,180.00,7.00,0.00,30.09,M,6.21,M,M,M,M,M,M,M,M,M,M,M,M,M,M,M,M,59.00,FACT 301400Z 18007KT 150V210 CAVOK 15/02 Q1019 NOSIG,M
FACT,2026-06-30 15:00,57.20,41.00,54.60,180.00,8.00,0.00,30.09,M,6.21,M,M,M,M,M,M,M,M,M,M,M,M,M,M,M,M,57.20,FACT 301500Z 18008KT CAVOK 14/05 Q1019 NOSIG,M
FACT,2026-06-30 16:00,51.80,41.00,66.48,170.00,5.00,0.00,30.09,M,6.21,M,M,M,M,M,M,M,M,M,M,M,M,M,M,M,M,51.80,FACT 301600Z 17005KT CAVOK 11/05 Q1019 NOSIG,M
FACT,2026-06-30 17:00,53.60,44.60,71.45,230.00,5.00,0.00,30.09,M,6.21,M,M,M,M,M,M,M,M,M,M,M,M,M,M,M,M,53.60,FACT 301700Z 23005KT 160V250 CAVOK 12/07 Q1019 NOSIG,M
FACT,2026-06-30 18:00,53.60,44.60,71.45,210.00,6.00,0.00,30.12,M,6.21,M,M,M,M,M,M,M,M,M,M,M,M,M,M,M,M,53.60,FACT 301800Z 21006KT 180V240 CAVOK 12/07 Q1020 NOSIG,M
FACT,2026-06-30 19:00,53.60,46.40,76.51,190.00,6.00,0.00,30.09,M,6.21,M,BKN,M,M,M,7000.00,M,M,M,M,M,M,M,M,M,M,53.60,FACT 301900Z 19006KT 9999 BKN070 12/08 Q1019 NOSIG,M
FACT,2026-06-30 20:00,53.60,44.60,71.45,170.00,9.00,0.00,30.12,M,6.21,M,BKN,M,M,M,7000.00,M,M,M,M,M,M,M,M,M,M,53.60,FACT 302000Z 17009KT 9999 BKN070 12/07 Q1020 NOSIG,M
FACT,2026-06-30 21:00,51.80,44.60,76.34,170.00,6.00,0.00,30.09,M,6.21,M,BKN,M,M,M,7000.00,M,M,M,M,M,M,M,M,M,M,51.80,FACT 302100Z 17006KT 9999 BKN070 11/07 Q1019 NOSIG,M
FACT,2026-06-30 22:00,50.00,42.80,76.17,170.00,4.00,0.00,30.09,M,6.21,M,BKN,M,M,M,7000.00,M,M,M,M,M,M,M,M,M,M,50.00,FACT 302200Z 17004KT 9999 BKN070 10/06 Q1019 NOSIG,M
FACT,2026-06-30 23:00,50.00,42.80,76.17,170.00,7.00,0.00,30.09,M,6.21,M,BKN,M,M,M,7000.00,M,M,M,M,M,M,M,M,M,M,50.00,FACT 302300Z 17007KT 9999 BKN070 10/06 Q1019 NOSIG,M
FACT,2026-07-01 00:00,51.80,44.60,76.34,180.00,8.00,0.00,30.09,M,6.21,M,BKN,M,M,M,7000.00,M,M,M,M,M,M,M,M,M,M,51.80,FACT 010000Z 18008KT 9999 BKN070 11/07 Q1019 NOSIG,M
FACT,2026-07-01 01:00,50.00,44.60,81.60,210.00,6.00,0.00,30.09,M,6.21,M,BKN,M,M,M,7000.00,M,M,M,M,M,M,M,M,M,M,50.00,FACT 010100Z 21006KT 9999 BKN070 10/07 Q1019 NOSIG,M
FACT,2026-07-01 02:00,50.00,44.60,81.60,190.00,5.00,0.00,30.06,M,6.21,M,BKN,M,M,M,7000.00,M,M,M,M,M,M,M,M,M,M,50.00,FACT 010200Z 19005KT 9999 BKN070 10/07 Q1018 NOSIG,M
FACT,2026-07-01 03:00,51.80,44.60,76.34,180.00,8.00,0.00,30.06,M,6.21,M,BKN,M,M,M,7000.00,M,M,M,M,M,M,M,M,M,M,51.80,FACT 010300Z 18008KT 9999 BKN070 11/07 Q1018 NOSIG,M
FACT,2026-07-01 04:00,51.80,44.60,76.34,200.00,5.00,0.00,30.06,M,6.21,M,BKN,M,M,M,7000.00,M,M,M,M,M,M,M,M,M,M,51.80,FACT 010400Z 20005KT 9999 BKN070 11/07 Q1018 NOSIG,M
FACT,2026-07-01 05:00,51.80,44.60,76.34,180.00,6.00,0.00,30.06,M,6.21,M,BKN,M,M,M,7000.00,M,M,M,M,M,M,M,M,M,M,51.80,FACT 010500Z 18006KT 9999 BKN070 11/07 Q1018 NOSIG,M
FACT,2026-07-01 06:00,50.00,44.60,81.60,180.00,7.00,0.00,30.06,M,6.21,M,FEW,SCT,M,M,3500.00,7000.00,M,M,M,M,M,M,M,M,M,50.00,FACT 010600Z 18007KT 9999 FEW035 SCT070 10/07 Q1018 NOSIG,M
FACT,2026-07-01 07:00,51.80,44.60,76.34,190.00,7.00,0.00,30.06,M,6.21,M,FEW,SCT,M,M,3500.00,7000.00,M,M,M,M,M,M,M,M,M,51.80,FACT 010700Z 19007KT 9999 FEW035 SCT070 11/07 Q1018 NOSIG,M
FACT,2026-07-01 07:25,55.40,46.40,71.65,180.00,9.00,0.00,30.06,M,6.21,M,FEW,SCT,M,M,3500.00,7000.00,M,M,M,M,M,M,M,M,M,55.40,FACT 010725Z 18009KT 9999 FEW035 SCT070 13/08 Q1018 NOSIG,M
FACT,2026-07-01 08:00,57.20,46.40,67.13,180.00,12.00,0.00,30.09,M,6.21,M,FEW,SCT,M,M,3500.00,7000.00,M,M,M,M,M,M,M,M,M,57.20,FACT 010800Z 18012KT 9999 FEW035 SCT070 14/08 Q1019 NOSIG,M
FACT,2026-07-01 09:00,59.00,44.60,58.78,180.00,14.00,0.00,30.09,M,6.21,M,FEW,SCT,M,M,3500.00,7000.00,M,M,M,M,M,M,M,M,M,59.00,FACT 010900Z 18014KT 9999 FEW035 SCT070 15/07 Q1019 NOSIG,M
FACT,2026-07-01 10:00,59.00,42.80,54.86,180.00,12.00,0.00,30.09,M,6.21,M,FEW,SCT,M,M,3500.00,7000.00,M,M,M,M,M,M,M,M,M,59.00,FACT 011000Z 18012KT 9999 FEW035 SCT070 15/06 Q1019 NOSIG,M
FACT,2026-07-01 11:00,59.00,42.80,54.86,200.00,12.00,0.00,30.06,M,6.21,M,SCT,M,M,M,6000.00,M,M,M,M,M,M,M,M,M,M,59.00,FACT 011100Z 20012KT 9999 SCT060 15/06 Q1018 NOSIG,M
FACT,2026-07-01 12:00,59.00,44.60,58.78,200.00,12.00,0.00,30.06,M,6.21,M,SCT,M,M,M,6000.00,M,M,M,M,M,M,M,M,M,M,59.00,FACT 011200Z 20012KT 170V230 9999 SCT060 15/07 Q1018 NOSIG,M
FACT,2026-07-01 13:00,59.00,42.80,54.86,190.00,12.00,0.00,30.03,M,6.21,M,FEW,M,M,M,3500.00,M,M,M,M,M,M,M,M,M,M,59.00,FACT 011300Z 19012KT 9999 FEW035 15/06 Q1017 NOSIG,M
FACT,2026-07-01 14:00,59.00,42.80,54.86,200.00,13.00,0.00,30.06,M,6.21,M,SCT,M,M,M,3500.00,M,M,M,M,M,M,M,M,M,M,59.00,FACT 011400Z 20013KT 9999 SCT035 15/06 Q1018 NOSIG,M
FACT,2026-07-01 15:00,55.40,46.40,71.65,170.00,11.00,0.00,30.06,M,6.21,M,SCT,M,M,M,3500.00,M,M,M,M,M,M,M,M,M,M,55.40,FACT 011500Z 17011KT 9999 SCT035 13/08 Q1018 NOSIG,M
FACT,2026-07-01 16:00,53.60,48.20,81.87,200.00,10.00,0.00,30.09,M,6.21,M,BKN,M,M,M,4000.00,M,M,M,M,M,M,M,M,M,M,53.60,FACT 011600Z 20010KT 9999 BKN040 12/09 Q1019 NOSIG,M
FACT,2026-07-01 17:00,51.80,48.20,87.47,230.00,5.00,0.00,30.09,M,6.21,M,BKN,M,M,M,3500.00,M,M,M,M,M,M,M,M,M,M,51.80,FACT 011700Z 23005KT 160V270 9999 BKN035 11/09 Q1019 NOSIG,M
FACT,2026-07-01 18:00,51.80,48.20,87.47,270.00,6.00,0.00,30.12,M,6.21,M,SCT,M,M,M,3500.00,M,M,M,M,M,M,M,M,M,M,51.80,FACT 011800Z 27006KT 220V280 9999 SCT035 11/09 Q1020 NOSIG,M
FACT,2026-07-01 19:00,51.80,48.20,87.47,290.00,6.00,0.00,30.12,M,6.21,M,SCT,BKN,M,M,3200.00,5000.00,M,M,M,M,M,M,M,M,M,51.80,FACT 011900Z 29006KT 9999 SCT032 BKN050 11/09 Q1020 NOSIG,M
FACT,2026-07-01 20:00,50.00,48.20,93.50,40.00,5.00,0.00,30.12,M,6.21,M,FEW,SCT,M,M,3200.00,5000.00,M,M,M,M,M,M,M,M,M,50.00,FACT 012000Z 04005KT 9999 FEW032 SCT050 10/09 Q1020 NOSIG,M
FACT,2026-07-01 21:00,48.20,46.40,93.45,340.00,6.00,0.00,30.15,M,6.21,M,FEW,M,M,M,3400.00,M,M,M,M,M,M,M,M,M,M,45.04,FACT 012100Z 34006KT 9999 FEW034 09/08 Q1021 NOSIG,M
FACT,2026-07-01 22:00,50.00,48.20,93.50,10.00,4.00,0.00,30.15,M,6.21,M,SCT,BKN,M,M,3500.00,4700.00,M,M,M,M,M,M,M,M,M,50.00,FACT 012200Z 01004KT 9999 SCT035 BKN047 10/09 Q1021 NOSIG,M
FACT,2026-07-01 23:00,46.40,44.60,93.40,20.00,6.00,0.00,30.15,M,6.21,M,SCT,M,M,M,3900.00,M,M,M,M,M,M,M,M,M,M,42.87,FACT 012300Z 02006KT 9999 SCT039 08/07 Q1021 NOSIG,M
FACT,2026-07-02 00:00,46.40,46.40,100.00,20.00,4.00,0.00,30.15,M,6.21,M,SCT,M,M,M,3900.00,M,M,M,M,M,M,M,M,M,M,44.24,FACT 020000Z 02004KT 9999 SCT039 08/08 Q1021 NOSIG,M
FACT,2026-07-02 01:00,44.60,44.60,100.00,40.00,7.00,0.00,30.18,M,6.21,M,FEW,M,M,M,3500.00,M,M,M,M,M,M,M,M,M,M,40.14,FACT 020100Z 04007KT 9999 FEW035 07/07 Q1022 NOSIG,M
FACT,2026-07-02 02:00,44.60,44.60,100.00,30.00,7.00,0.00,30.18,M,6.21,M,FEW,M,M,M,4200.00,M,M,M,M,M,M,M,M,M,M,40.14,FACT 020200Z 03007KT 9999 FEW042 07/07 Q1022 NOSIG,M
FACT,2026-07-02 03:00,46.40,44.60,93.40,50.00,8.00,0.00,30.15,M,6.21,M,BKN,M,M,M,3500.00,M,M,M,M,M,M,M,M,M,M,41.85,FACT 020300Z 05008KT 9999 BKN035 08/07 Q1021 NOSIG,M
FACT,2026-07-02 04:00,46.40,46.40,100.00,50.00,6.00,0.00,30.18,M,6.21,M,BKN,M,M,M,3500.00,M,M,M,M,M,M,M,M,M,M,42.87,FACT 020400Z 05006KT 9999 BKN035 08/08 Q1022 NOSIG,M
FACT,2026-07-02 05:00,46.40,44.60,93.40,40.00,6.00,0.00,30.18,M,6.21,M,BKN,M,M,M,3500.00,M,M,M,M,M,M,M,M,M,M,42.87,FACT 020500Z 04006KT 9999 BKN035 08/07 Q1022 NOSIG,M
FACT,2026-07-02 06:00,46.40,44.60,93.40,50.00,8.00,0.00,30.18,M,3.73,M,FEW,SCT,M,M,100.00,3500.00,M,M,M,M,M,M,M,M,M,41.85,FACT 020600Z 05008KT 6000 FEW001 SCT035 08/07 Q1022 TEMPO 2000 BR,M
FACT,2026-07-02 06:25,46.40,44.60,93.40,40.00,7.00,0.00,30.18,M,3.11,M,FEW,SCT,M,M,100.00,3500.00,M,M,BR,M,M,M,M,M,M,42.33,FACT 020625Z 04007KT 5000 BR FEW001 SCT035 08/07 Q1022 TEMPO 2000,M
FACT,2026-07-02 06:55,48.20,46.40,93.45,40.00,8.00,0.00,30.21,M,4.97,M,FEW,M,M,M,3500.00,M,M,M,M,M,M,M,M,M,M,44.07,FACT 020655Z 04008KT 8000 FEW035 09/08 Q1023 NOSIG,M
FACT,2026-07-02 07:00,48.20,46.40,93.45,40.00,8.00,0.00,30.21,M,4.97,M,FEW,M,M,M,3500.00,M,M,M,M,M,M,M,M,M,M,44.07,FACT 020700Z 04008KT 8000 FEW035 09/08 Q1023 NOSIG,M
FACT,2026-07-02 08:00,51.80,46.40,81.74,40.00,8.00,0.00,30.21,M,6.21,M,SCT,M,M,M,3500.00,M,M,M,M,M,M,M,M,M,M,51.80,FACT 020800Z 04008KT 9999 SCT035 11/08 Q1023 NOSIG,M
FACT,2026-07-02 09:00,55.40,48.20,76.67,30.00,12.00,0.00,30.21,M,6.21,M,SCT,M,M,M,2500.00,M,M,M,M,M,M,M,M,M,M,55.40,FACT 020900Z 03012KT 9999 SCT025 13/09 Q1023 NOSIG,M
FACT,2026-07-02 10:00,59.00,48.20,67.34,350.00,14.00,0.00,30.21,M,6.21,M,BKN,M,M,M,3500.00,M,M,M,M,M,M,M,M,M,M,59.00,FACT 021000Z 35014KT 9999 BKN035 15/09 Q1023 NOSIG,M
FACT,2026-07-02 11:00,57.20,46.40,67.13,350.00,13.00,0.00,30.21,M,6.21,M,BKN,M,M,M,3500.00,M,M,M,M,M,M,M,M,M,M,57.20,FACT 021100Z 35013KT 9999 BKN035 14/08 Q1023 NOSIG,M
FACT,2026-07-02 12:00,59.00,46.40,62.93,330.00,20.00,0.00,30.18,M,6.21,M,BKN,M,M,M,3500.00,M,M,M,M,M,M,M,M,M,M,59.00,FACT 021200Z 33020KT 9999 BKN035 15/08 Q1022 NOSIG,M
FACT,2026-07-02 13:00,59.00,46.40,62.93,330.00,21.00,0.00,30.18,M,6.21,M,BKN,M,M,M,3500.00,M,M,M,M,M,M,M,M,M,M,59.00,FACT 021300Z 33021KT 9999 BKN035 15/08 Q1022 NOSIG,M
FACT,2026-07-02 14:00,59.00,46.40,62.93,330.00,20.00,0.00,30.18,M,6.21,M,BKN,M,M,M,4000.00,M,M,M,M,M,M,M,M,M,M,59.00,FACT 021400Z 33020KT 9999 BKN040 15/08 Q1022 NOSIG,M
FACT,2026-07-02 15:00,57.20,48.20,71.84,330.00,14.00,0.00,30.18,M,6.21,M,FEW,BKN,M,M,2000.00,3500.00,M,M,-RA,M,M,M,M,M,M,57.20,FACT 021500Z 33014KT 9999 -RA FEW020 BKN035 14/09 Q1022 NOSIG,M
FACT,2026-07-02 16:00,55.40,48.20,76.67,360.00,16.00,0.00,30.18,M,6.21,M,FEW,BKN,M,M,2500.00,3500.00,M,M,M,M,M,M,M,M,M,55.40,FACT 021600Z 36016KT 9999 FEW025 BKN035 13/09 Q1022 NOSIG,M
FACT,2026-07-02 17:00,55.40,50.00,82.00,350.00,22.00,0.00,30.18,M,4.35,M,FEW,M,M,M,2600.00,M,M,M,RA,M,M,M,M,M,M,55.40,FACT 021700Z 35022KT 7000 RA FEW026 13/10 Q1022 TEMPO 4500 BKN012,M
FACT,2026-07-02 18:00,53.60,50.00,87.56,340.00,19.00,0.00,30.21,M,6.21,M,FEW,BKN,M,M,2000.00,3500.00,M,M,M,M,M,M,M,M,M,53.60,FACT 021800Z 34019KT 9999 FEW020 BKN035 12/10 Q1023 TEMPO 4500 RA BKN012,M
FACT,2026-07-02 19:00,55.40,50.00,82.00,350.00,17.00,0.00,30.21,M,6.21,M,FEW,BKN,M,M,2000.00,3500.00,M,M,M,M,M,M,M,M,M,55.40,FACT 021900Z 35017KT 9999 FEW020 BKN035 13/10 Q1023 TEMPO 4500 RA BKN012,M
FACT,2026-07-02 20:00,55.40,50.00,82.00,360.00,14.00,0.00,30.21,M,6.21,M,FEW,BKN,M,M,2000.00,3500.00,M,M,M,M,M,M,M,M,M,55.40,FACT 022000Z 36014KT 9999 FEW020 BKN035 13/10 Q1023 NOSIG,M
FACT,2026-07-02 21:00,55.40,50.00,82.00,350.00,15.00,0.00,30.21,M,6.21,M,FEW,BKN,M,M,2000.00,3500.00,M,M,M,M,M,M,M,M,M,55.40,FACT 022100Z 35015KT 9999 FEW020 BKN035 13/10 Q1023 NOSIG,M
FACT,2026-07-02 22:00,55.40,50.00,82.00,350.00,16.00,0.00,30.24,M,6.21,M,SCT,BKN,M,M,2200.00,3500.00,M,M,M,M,M,M,M,M,M,55.40,FACT 022200Z 35016KT 9999 SCT022 BKN035 13/10 Q1024 NOSIG,M
FACT,2026-07-02 23:00,53.60,50.00,87.56,30.00,16.00,0.00,30.21,M,6.21,M,SCT,BKN,M,M,2200.00,3500.00,M,M,M,M,M,M,M,M,M,53.60,FACT 022300Z 03016KT 9999 SCT022 BKN035 12/10 Q1023 NOSIG,M
FACT,2026-07-03 00:00,53.60,50.00,87.56,20.00,16.00,0.00,30.21,M,6.21,M,FEW,BKN,M,M,2000.00,3500.00,M,M,M,M,M,M,M,M,M,53.60,FACT 030000Z 02016KT 9999 FEW020 BKN035 12/10 Q1023 NOSIG,M
FACT,2026-07-03 01:00,53.60,48.20,81.87,30.00,18.00,0.00,30.21,M,6.21,M,SCT,BKN,M,M,2000.00,3500.00,M,M,-RA,M,M,M,M,M,M,53.60,FACT 030100Z 03018KT 9999 -RA SCT020 BKN035 12/09 Q1023 NOSIG,M
FACT,2026-07-03 02:00,53.60,48.20,81.87,50.00,16.00,0.00,30.21,M,6.21,M,SCT,BKN,M,M,2000.00,3500.00,M,M,M,M,M,M,M,M,M,53.60,COR FACT 030200Z 05016KT 9999 SCT020 BKN035 12/09 Q1023 NOSIG,M
FACT,2026-07-03 03:00,53.60,46.40,76.51,40.00,12.00,0.00,30.21,M,6.21,M,SCT,BKN,M,M,2000.00,3500.00,M,M,M,M,M,M,M,M,M,53.60,FACT 030300Z 04012KT 9999 SCT020 BKN035 12/08 Q1023 NOSIG,M
FACT,2026-07-03 04:00,51.80,46.40,81.74,50.00,15.00,0.00,30.18,M,6.21,M,SCT,BKN,M,M,2000.00,3500.00,M,M,M,M,M,M,M,M,M,51.80,FACT 030400Z 05015KT 9999 SCT020 BKN035 11/08 Q1022 NOSIG,M
FACT,2026-07-03 05:00,51.80,44.60,76.34,60.00,12.00,0.00,30.18,M,6.21,M,SCT,M,M,M,3500.00,M,M,M,M,M,M,M,M,M,M,51.80,FACT 030500Z 06012KT 9999 SCT035 11/07 Q1022 NOSIG,M
FACT,2026-07-03 06:00,50.00,42.80,76.17,40.00,11.00,0.00,30.21,M,6.21,M,SCT,M,M,M,3500.00,M,M,M,M,M,M,M,M,M,M,50.00,FACT 030600Z 04011KT 9999 SCT035 10/06 Q1023 NOSIG,M
FACT,2026-07-03 07:00,51.80,42.80,71.26,50.00,10.00,0.00,30.21,M,6.21,M,FEW,M,M,M,3500.00,M,M,M,M,M,M,M,M,M,M,51.80,FACT 030700Z 05010KT 9999 FEW035 11/06 Q1023 NOSIG,M
FACT,2026-07-03 07:55,57.20,41.00,54.60,10.00,11.00,0.00,30.21,M,6.21,M,FEW,M,M,M,3500.00,M,M,M,M,M,M,M,M,M,M,57.20,FACT 030755Z 01011KT 9999 FEW035 14/05 Q1023 NOSIG,M
FACT,2026-07-03 08:00,57.20,41.00,54.60,10.00,11.00,0.00,30.21,M,6.21,M,FEW,M,M,M,3500.00,M,M,M,M,M,M,M,M,M,M,57.20,FACT 030800Z 01011KT 9999 FEW035 14/05 Q1023 NOSIG,M
FACT,2026-07-03 09:00,59.00,39.20,47.72,350.00,16.00,0.00,30.21,M,6.21,M,FEW,M,M,M,3500.00,M,M,M,M,M,M,M,M,M,M,59.00,FACT 030900Z 35016KT 9999 FEW035 15/04 Q1023 NOSIG,M
FACT,2026-07-03 10:00,59.00,42.80,54.86,360.00,12.00,0.00,30.24,M,6.21,M,FEW,M,M,M,4000.00,M,M,M,M,M,M,M,M,M,M,59.00,FACT 031000Z 36012KT 320V020 9999 FEW040 15/06 Q1024 NOSIG,M
FACT,2026-07-03 11:00,60.80,42.80,51.46,330.00,18.00,0.00,30.21,M,6.21,M,FEW,M,M,M,4000.00,M,M,M,M,M,M,M,M,M,M,60.80,FACT 031100Z 33018KT 9999 FEW040 16/06 Q1023 NOSIG,M
FACT,2026-07-03 12:00,62.60,42.80,48.29,320.00,13.00,0.00,30.18,M,6.21,M,M,M,M,M,M,M,M,M,M,M,M,M,M,M,M,62.60,FACT 031200Z 32013KT CAVOK 17/06 Q1022 NOSIG,M
FACT,2026-07-03 13:00,62.60,46.40,55.39,300.00,13.00,0.00,30.15,M,6.21,M,M,M,M,M,M,M,M,M,M,M,M,M,M,M,M,62.60,FACT 031300Z 30013KT CAVOK 17/08 Q1021 NOSIG,M
FACT,2026-07-03 14:00,60.80,44.60,55.13,310.00,13.00,0.00,30.15,M,6.21,M,M,M,M,M,M,M,M,M,M,M,M,M,M,M,M,60.80,FACT 031400Z 31013KT CAVOK 16/07 Q1021 NOSIG,M
FACT,2026-07-03 15:00,59.00,44.60,58.78,310.00,9.00,0.00,30.15,M,6.21,M,M,M,M,M,M,M,M,M,M,M,M,M,M,M,M,59.00,FACT 031500Z 31009KT CAVOK 15/07 Q1021 NOSIG,M
FACT,2026-07-03 16:00,57.20,44.60,62.70,330.00,12.00,0.00,30.18,M,6.21,M,M,M,M,M,M,M,M,M,M,M,M,M,M,M,M,57.20,FACT 031600Z 33012KT CAVOK 14/07 Q1022 NOSIG,M
FACT,2026-07-03 17:00,57.20,44.60,62.70,330.00,12.00,0.00,30.18,M,6.21,M,M,M,M,M,M,M,M,M,M,M,M,M,M,M,M,57.20,FACT 031700Z 33012KT CAVOK 14/07 Q1022 NOSIG,M
FACT,2026-07-03 18:00,55.40,46.40,71.65,320.00,11.00,0.00,30.18,M,6.21,M,M,M,M,M,M,M,M,M,M,M,M,M,M,M,M,55.40,FACT 031800Z 32011KT CAVOK 13/08 Q1022 NOSIG,M
FACT,2026-07-03 19:00,53.60,44.60,71.45,340.00,8.00,0.00,30.18,M,6.21,M,M,M,M,M,M,M,M,M,M,M,M,M,M,M,M,53.60,FACT 031900Z 34008KT CAVOK 12/07 Q1022 NOSIG,M
FACT,2026-07-03 20:00,51.80,44.60,76.34,350.00,10.00,0.00,30.18,M,6.21,M,M,M,M,M,M,M,M,M,M,M,M,M,M,M,M,51.80,FACT 032000Z 35010KT CAVOK 11/07 Q1022 NOSIG,M
FACT,2026-07-03 21:00,50.00,42.80,76.17,40.00,8.00,0.00,30.18,M,6.21,M,M,M,M,M,M,M,M,M,M,M,M,M,M,M,M,50.00,FACT 032100Z 04008KT CAVOK 10/06 Q1022 NOSIG,M
FACT,2026-07-03 22:00,51.80,41.00,66.48,10.00,10.00,0.00,30.18,M,6.21,M,M,M,M,M,M,M,M,M,M,M,M,M,M,M,M,51.80,FACT 032200Z 01010KT CAVOK 11/05 Q1022 NOSIG,M
FACT,2026-07-03 23:00,51.80,41.00,66.48,10.00,6.00,0.00,30.21,M,6.21,M,M,M,M,M,M,M,M,M,M,M,M,M,M,M,M,51.80,FACT 032300Z 01006KT 340V040 CAVOK 11/05 Q1023 NOSIG,M
FACT,2026-07-04 00:00,51.80,42.80,71.26,60.00,7.00,0.00,30.18,M,6.21,M,M,M,M,M,M,M,M,M,M,M,M,M,M,M,M,51.80,FACT 040000Z 06007KT CAVOK 11/06 Q1022 NOSIG,M
FACT,2026-07-04 01:00,50.00,41.00,71.06,80.00,7.00,0.00,30.18,M,6.21,M,BKN,M,M,M,3500.00,M,M,M,M,M,M,M,M,M,M,50.00,FACT 040100Z 08007KT 9999 BKN035 10/05 Q1022 NOSIG,M
FACT,2026-07-04 02:00,51.80,42.80,71.26,40.00,8.00,0.00,30.18,M,6.21,M,BKN,M,M,M,3500.00,M,M,M,M,M,M,M,M,M,M,51.80,FACT 040200Z 04008KT 9999 BKN035 11/06 Q1022 NOSIG,M
FACT,2026-07-04 03:00,51.80,42.80,71.26,40.00,9.00,0.00,30.18,M,6.21,M,BKN,M,M,M,4000.00,M,M,M,M,M,M,M,M,M,M,51.80,FACT 040300Z 04009KT 9999 BKN040 11/06 Q1022 NOSIG,M
FACT,2026-07-04 04:00,51.80,42.80,71.26,30.00,10.00,0.00,30.18,M,6.21,M,SCT,M,M,M,4000.00,M,M,M,M,M,M,M,M,M,M,51.80,FACT 040400Z 03010KT 9999 SCT040 11/06 Q1022 NOSIG,M
FACT,2026-07-04 05:00,51.80,44.60,76.34,30.00,13.00,0.00,30.18,M,6.21,M,BKN,M,M,M,2800.00,M,M,M,M,M,M,M,M,M,M,51.80,FACT 040500Z 03013KT 9999 BKN028 11/07 Q1022 NOSIG,M
FACT,2026-07-04 06:00,51.80,41.00,66.48,30.00,14.00,0.00,30.18,M,6.21,M,SCT,BKN,M,M,2200.00,2900.00,M,M,M,M,M,M,M,M,M,51.80,FACT 040600Z 03014KT 9999 SCT022 BKN029 11/05 Q1022 NOSIG,M
FACT,2026-07-04 07:00,53.60,39.20,58.02,40.00,12.00,0.00,30.18,M,6.21,M,SCT,M,M,M,2400.00,M,M,M,M,M,M,M,M,M,M,53.60,FACT 040700Z 04012KT 9999 SCT024 12/04 Q1022 NOSIG,M
FACT,2026-07-04 08:00,57.20,39.20,50.91,20.00,12.00,0.00,30.18,M,6.21,M,SCT,M,M,M,2200.00,M,M,M,M,M,M,M,M,M,M,57.20,FACT 040800Z 02012KT 9999 SCT022 14/04 Q1022 NOSIG,M
FACT,2026-07-04 09:00,62.60,42.80,48.29,30.00,9.00,0.00,30.21,M,6.21,M,FEW,SCT,M,M,2000.00,3000.00,M,M,M,M,M,M,M,M,M,62.60,FACT 040900Z 03009KT 9999 FEW020 SCT030 17/06 Q1023 NOSIG,M
FACT,2026-07-04 09:01,62.60,42.80,48.29,30.00,9.00,0.00,30.21,M,6.21,M,FEW,SCT,M,M,2000.00,3000.00,M,M,M,M,M,M,M,M,M,62.60,FACT 040901Z 03009KT 9999 FEW020 SCT030 17/06 Q1023 NOSIG,M
FACT,2026-07-04 10:00,64.40,44.60,48.57,340.00,14.00,0.00,30.21,M,6.21,M,FEW,M,M,M,3000.00,M,M,M,M,M,M,M,M,M,M,64.40,FACT 041000Z 34014KT 9999 FEW030 18/07 Q1023 NOSIG,M
FACT,2026-07-04 11:00,60.80,46.40,59.02,320.00,14.00,0.00,30.21,M,6.21,M,FEW,M,M,M,3000.00,M,M,M,M,M,M,M,M,M,M,60.80,FACT 041100Z 32014KT 9999 FEW030 16/08 Q1023 NOSIG,M
FACT,2026-07-04 12:00,62.60,50.00,63.39,320.00,17.00,0.00,30.18,M,6.21,M,FEW,M,M,M,3000.00,M,M,M,M,M,M,M,M,M,M,62.60,FACT 041200Z 32017KT 9999 FEW030 17/10 Q1022 NOSIG,M
FACT,2026-07-04 13:00,62.60,48.20,59.27,320.00,16.00,0.00,30.15,M,6.21,M,FEW,M,M,M,3000.00,M,M,M,M,M,M,M,M,M,M,62.60,FACT 041300Z 32016KT 9999 FEW030 17/09 Q1021 NOSIG,M
FACT,2026-07-04 14:00,62.60,50.00,63.39,330.00,18.00,0.00,30.15,M,6.21,M,FEW,M,M,M,3500.00,M,M,M,M,M,M,M,M,M,M,62.60,FACT 041400Z 33018KT 9999 FEW035 17/10 Q1021 NOSIG,M
FACT,2026-07-04 15:00,60.80,48.20,63.16,340.00,14.00,0.00,30.15,M,6.21,M,M,M,M,M,M,M,M,M,M,M,M,M,M,M,M,60.80,FACT 041500Z 34014KT CAVOK 16/09 Q1021 NOSIG,M
FACT,2026-07-04 16:00,59.00,48.20,67.34,350.00,9.00,0.00,30.15,M,6.21,M,M,M,M,M,M,M,M,M,M,M,M,M,M,M,M,59.00,FACT 041600Z 35009KT CAVOK 15/09 Q1021 NOSIG,M
FACT,2026-07-04 17:00,57.20,48.20,71.84,340.00,10.00,0.00,30.15,M,6.21,M,M,M,M,M,M,M,M,M,M,M,M,M,M,M,M,57.20,FACT 041700Z 34010KT CAVOK 14/09 Q1021 NOSIG,M
FACT,2026-07-04 18:00,55.40,48.20,76.67,340.00,10.00,0.00,30.15,M,6.21,M,M,M,M,M,M,M,M,M,M,M,M,M,M,M,M,55.40,FACT 041800Z 34010KT CAVOK 13/09 Q1021 NOSIG,M
FACT,2026-07-04 19:00,55.40,48.20,76.67,320.00,5.00,0.00,30.15,M,6.21,M,M,M,M,M,M,M,M,M,M,M,M,M,M,M,M,55.40,FACT 041900Z 32005KT CAVOK 13/09 Q1021 NOSIG,M
FACT,2026-07-04 20:00,53.60,46.40,76.51,10.00,9.00,0.00,30.15,M,6.21,M,M,M,M,M,M,M,M,M,M,M,M,M,M,M,M,53.60,FACT 042000Z 01009KT CAVOK 12/08 Q1021 NOSIG,M
FACT,2026-07-04 21:00,48.20,42.80,81.47,30.00,10.00,0.00,30.15,M,6.21,M,M,M,M,M,M,M,M,M,M,M,M,M,M,M,M,43.28,FACT 042100Z 03010KT CAVOK 09/06 Q1021 NOSIG,M
FACT,2026-07-04 22:00,50.00,41.00,71.06,360.00,10.00,0.00,30.15,M,6.21,M,M,M,M,M,M,M,M,M,M,M,M,M,M,M,M,50.00,FACT 042200Z 36010KT CAVOK 10/05 Q1021 NOSIG,M
FACT,2026-07-04 23:00,51.80,44.60,76.34,20.00,8.00,0.00,30.12,M,6.21,M,M,M,M,M,M,M,M,M,M,M,M,M,M,M,M,51.80,FACT 042300Z 02008KT CAVOK 11/07 Q1020 NOSIG,M
FACT,2026-07-05 00:00,50.00,42.80,76.17,10.00,10.00,0.00,30.12,M,6.21,M,M,M,M,M,M,M,M,M,M,M,M,M,M,M,M,50.00,FACT 050000Z 01010KT CAVOK 10/06 Q1020 NOSIG,M
FACT,2026-07-05 01:00,46.40,41.00,81.33,50.00,7.00,0.00,30.12,M,6.21,M,M,M,M,M,M,M,M,M,M,M,M,M,M,M,M,42.33,FACT 050100Z 05007KT CAVOK 08/05 Q1020 NOSIG,M
FACT,2026-07-05 02:00,46.40,41.00,81.33,20.00,4.00,0.00,30.09,M,6.21,M,M,M,M,M,M,M,M,M,M,M,M,M,M,M,M,44.24,FACT 050200Z 02004KT CAVOK 08/05 Q1019 NOSIG,M
FACT,2026-07-05 03:00,50.00,42.80,76.17,30.00,3.00,0.00,30.09,M,6.21,M,M,M,M,M,M,M,M,M,M,M,M,M,M,M,M,50.00,FACT 050300Z 03003KT CAVOK 10/06 Q1019 NOSIG,M
FACT,2026-07-05 04:00,48.20,39.20,70.87,50.00,6.00,0.00,30.09,M,6.21,M,M,M,M,M,M,M,M,M,M,M,M,M,M,M,M,45.04,FACT 050400Z 05006KT CAVOK 09/04 Q1019 NOSIG,M
FACT,2026-07-05 05:00,44.60,39.20,81.20,70.00,5.00,0.00,30.09,M,6.21,M,M,M,M,M,M,M,M,M,M,M,M,M,M,M,M,41.36,FACT 050500Z 07005KT CAVOK 07/04 Q1019 NOSIG,M
FACT,2026-07-05 06:00,44.60,39.20,81.20,M,3.00,0.00,30.09,M,6.21,M,M,M,M,M,M,M,M,M,M,M,M,M,M,M,M,43.09,FACT 050600Z VRB03KT CAVOK 07/04 Q1019 NOSIG,M
FACT,2026-07-05 07:00,48.20,42.80,81.47,M,2.00,0.00,30.12,M,6.21,M,M,M,M,M,M,M,M,M,M,M,M,M,M,M,M,48.20,FACT 050700Z VRB02KT CAVOK 09/06 Q1020 NOSIG,M
FACT,2026-07-05 07:25,57.20,48.20,71.84,330.00,7.00,0.00,30.12,M,6.21,M,M,M,M,M,M,M,M,M,M,M,M,M,M,M,M,57.20,FACT 050725Z 33007KT CAVOK 14/09 Q1020 NOSIG,M
FACT,2026-07-05 08:00,59.00,50.00,72.02,320.00,8.00,0.00,30.12,M,6.21,M,M,M,M,M,M,M,M,M,M,M,M,M,M,M,M,59.00,FACT 050800Z 32008KT 310V010 CAVOK 15/10 Q1020 NOSIG,M
FACT,2026-07-05 09:00,60.80,51.80,72.21,330.00,10.00,0.00,30.15,M,6.21,M,M,M,M,M,M,M,M,M,M,M,M,M,M,M,M,60.80,FACT 050900Z 33010KT CAVOK 16/11 Q1021 NOSIG,M
FACT,2026-07-05 10:00,62.60,51.80,67.76,350.00,10.00,0.00,30.12,M,6.21,M,M,M,M,M,M,M,M,M,M,M,M,M,M,M,M,62.60,FACT 051000Z 35010KT CAVOK 17/11 Q1020 NOSIG,M
FACT,2026-07-05 11:00,64.40,50.00,59.52,340.00,8.00,0.00,30.12,M,6.21,M,M,M,M,M,M,M,M,M,M,M,M,M,M,M,M,64.40,FACT 051100Z 34008KT 310V010 CAVOK 18/10 Q1020 NOSIG,M
FACT,2026-07-05 12:00,64.40,51.80,63.62,340.00,10.00,0.00,30.09,M,6.21,M,M,M,M,M,M,M,M,M,M,M,M,M,M,M,M,64.40,FACT 051200Z 34010KT CAVOK 18/11 Q1019 NOSIG,M
FACT,2026-07-05 13:00,64.40,51.80,63.62,330.00,10.00,0.00,30.09,M,6.21,M,M,M,M,M,M,M,M,M,M,M,M,M,M,M,M,64.40,FACT 051300Z 33010KT CAVOK 18/11 Q1019 NOSIG,M
FACT,2026-07-05 14:00,64.40,48.20,55.65,330.00,8.00,0.00,30.09,M,6.21,M,M,M,M,M,M,M,M,M,M,M,M,M,M,M,M,64.40,FACT 051400Z 33008KT CAVOK 18/09 Q1019 NOSIG,M
FACT,2026-07-05 15:00,62.60,50.00,63.39,310.00,5.00,0.00,30.09,M,6.21,M,M,M,M,M,M,M,M,M,M,M,M,M,M,M,M,62.60,FACT 051500Z 31005KT CAVOK 17/10 Q1019 NOSIG,M
FACT,2026-07-05 16:00,59.00,48.20,67.34,310.00,6.00,0.00,30.09,M,6.21,M,M,M,M,M,M,M,M,M,M,M,M,M,M,M,M,59.00,FACT 051600Z 31006KT CAVOK 15/09 Q1019 NOSIG,M
FACT,2026-07-05 17:00,55.40,50.00,82.00,340.00,7.00,0.00,30.09,M,6.21,M,M,M,M,M,M,M,M,M,M,M,M,M,M,M,M,55.40,FACT 051700Z 34007KT CAVOK 13/10 Q1019 NOSIG,M
FACT,2026-07-05 18:00,55.40,51.80,87.65,330.00,7.00,0.00,30.12,M,6.21,M,M,M,M,M,M,M,M,M,M,M,M,M,M,M,M,55.40,FACT 051800Z 33007KT CAVOK 13/11 Q1020 NOSIG,M
FACT,2026-07-05 19:00,53.60,50.00,87.56,M,3.00,0.00,30.15,M,6.21,M,M,M,M,M,M,M,M,M,M,M,M,M,M,M,M,53.60,FACT 051900Z VRB03KT CAVOK 12/10 Q1021 NOSIG,M
FACT,2026-07-05 20:00,51.80,48.20,87.47,M,3.00,0.00,30.15,M,6.21,M,M,M,M,M,M,M,M,M,M,M,M,M,M,M,M,51.80,FACT 052000Z VRB03KT CAVOK 11/09 Q1021 NOSIG,M
FACT,2026-07-05 21:00,50.00,46.40,87.37,M,1.00,0.00,30.15,M,6.21,M,M,M,M,M,M,M,M,M,M,M,M,M,M,M,M,50.00,FACT 052100Z VRB01KT CAVOK 10/08 Q1021 NOSIG,M
FACT,2026-07-05 22:00,50.00,48.20,93.50,230.00,3.00,0.00,30.15,M,6.21,M,M,M,M,M,M,M,M,M,M,M,M,M,M,M,M,50.00,FACT 052200Z 23003KT CAVOK 10/09 Q1021 NOSIG,M
FACT,2026-07-05 23:00,46.40,44.60,93.40,60.00,3.00,0.00,30.15,M,1.24,M,NSC,M,M,M,M,M,M,M,MIFG,M,M,M,M,M,M,45.15,FACT 052300Z 06003KT 2000 R01/1000 MIFG NSC 08/07 Q1021 BECMG 0900 FG,M
FACT,2026-07-05 23:02,46.40,44.60,93.40,60.00,3.00,0.00,30.15,M,1.24,M,NSC,M,M,M,M,M,M,M,MIFG,M,M,M,M,M,M,45.15,FACT 052302Z 06003KT 2000 R01/1000 MIFG NSC 08/07 Q1021 BECMG 0900 FG,M
FACT,2026-07-05 23:56,46.40,46.40,100.00,M,2.00,0.00,30.18,M,6.21,M,M,M,M,M,M,M,M,M,M,M,M,M,M,M,M,46.40,FACT 052356Z VRB02KT CAVOK 08/08 Q1022 TEMPO 5000 BR,M
FACT,2026-07-06 00:00,46.40,46.40,100.00,M,2.00,0.00,30.18,M,6.21,M,M,M,M,M,M,M,M,M,M,M,M,M,M,M,M,46.40,FACT 060000Z VRB02KT CAVOK 08/08 Q1022 TEMPO 5000 BR,M
FACT,2026-07-06 01:00,46.40,44.60,93.40,320.00,1.00,0.00,30.18,M,6.21,M,M,M,M,M,M,M,M,M,M,M,M,M,M,M,M,46.40,FACT 060100Z 32001KT CAVOK 08/07 Q1022 NOSIG,M
FACT,2026-07-06 02:00,46.40,44.60,93.40,30.00,3.00,0.00,30.18,M,6.21,M,M,M,M,M,M,M,M,M,M,M,M,M,M,M,M,45.15,FACT 060200Z 03003KT CAVOK 08/07 Q1022 NOSIG,M
FACT,2026-07-06 03:00,46.40,46.40,100.00,40.00,4.00,0.00,30.18,M,6.21,M,M,M,M,M,M,M,M,M,M,M,M,M,M,M,M,44.24,FACT 060300Z 04004KT CAVOK 08/08 Q1022 NOSIG,M
FACT,2026-07-06 04:00,46.40,46.40,100.00,M,1.00,0.00,30.18,M,6.21,M,M,M,M,M,M,M,M,M,M,M,M,M,M,M,M,46.40,FACT 060400Z VRB01KT CAVOK 08/08 Q1022 NOSIG,M
FACT,2026-07-06 04:26,48.20,46.40,93.45,40.00,1.00,0.00,30.18,M,1.86,M,NSC,M,M,M,M,M,M,M,BR,M,M,M,M,M,M,48.20,FACT 060426Z 04001KT 3000 R01/1100 BR NSC 09/08 Q1022 TEMPO 2000,M
FACT,2026-07-06 05:00,48.20,46.40,93.45,40.00,2.00,0.00,30.18,M,1.86,M,NSC,M,M,M,M,M,M,M,BR,M,M,M,M,M,M,48.20,FACT 060500Z 04002KT 3000 BR NSC 09/08 Q1022 TEMPO 2000,M
FACT,2026-07-06 05:27,46.40,44.60,93.40,M,2.00,0.00,30.18,M,4.35,M,NSC,M,M,M,M,M,M,M,M,M,M,M,M,M,M,46.40,FACT 060527Z VRB02KT 7000 NSC 08/07 Q1022 NOSIG,M
FACT,2026-07-06 06:00,46.40,44.60,93.40,20.00,3.00,0.00,30.18,M,4.35,M,NSC,M,M,M,M,M,M,M,M,M,M,M,M,M,M,45.15,FACT 060600Z 02003KT 7000 NSC 08/07 Q1022 NOSIG,M
FACT,2026-07-06 07:00,46.40,46.40,100.00,50.00,3.00,0.00,30.18,M,6.21,M,M,M,M,M,M,M,M,M,M,M,M,M,M,M,M,45.15,FACT 060700Z 05003KT CAVOK 08/08 Q1022 NOSIG,M
FACT,2026-07-06 07:56,55.40,51.80,87.65,M,2.00,0.00,30.18,M,5.59,M,NSC,M,M,M,M,M,M,M,M,M,M,M,M,M,M,55.40,FACT 060756Z VRB02KT 9000 NSC 13/11 Q1022 NOSIG,M
FACT,2026-07-06 08:00,55.40,51.80,87.65,M,2.00,0.00,30.18,M,5.59,M,NSC,M,M,M,M,M,M,M,M,M,M,M,M,M,M,55.40,FACT 060800Z VRB02KT 9000 NSC 13/11 Q1022 NOSIG,M
FACT,2026-07-06 08:25,60.80,53.60,77.15,M,2.00,0.00,30.21,M,6.21,M,M,M,M,M,M,M,M,M,M,M,M,M,M,M,M,60.80,FACT 060825Z VRB02KT CAVOK 16/12 Q1023 NOSIG,M
FACT,2026-07-06 09:00,60.80,55.40,82.38,M,3.00,0.00,30.21,M,6.21,M,M,M,M,M,M,M,M,M,M,M,M,M,M,M,M,60.80,FACT 060900Z VRB03KT CAVOK 16/13 Q1023 NOSIG,M
FACT,2026-07-06 10:00,64.40,53.60,67.97,M,3.00,0.00,30.18,M,6.21,M,M,M,M,M,M,M,M,M,M,M,M,M,M,M,M,64.40,FACT 061000Z VRB03KT CAVOK 18/12 Q1022 NOSIG,M
FACT,2026-07-06 11:00,66.20,51.80,59.76,M,3.00,0.00,30.18,M,6.21,M,M,M,M,M,M,M,M,M,M,M,M,M,M,M,M,66.20,FACT 061100Z VRB03KT CAVOK 19/11 Q1022 NOSIG,M
FACT,2026-07-06 12:00,66.20,51.80,59.76,330.00,6.00,0.00,30.15,M,6.21,M,M,M,M,M,M,M,M,M,M,M,M,M,M,M,M,66.20,FACT 061200Z 33006KT 290V010 CAVOK 19/11 Q1021 NOSIG,M
FACT,2026-07-06 13:00,66.20,50.00,55.91,320.00,9.00,0.00,30.15,M,6.21,M,M,M,M,M,M,M,M,M,M,M,M,M,M,M,M,66.20,FACT 061300Z 32009KT CAVOK 19/10 Q1021 NOSIG,M
FACT,2026-07-06 14:00,64.40,51.80,63.62,330.00,10.00,0.00,30.18,M,6.21,M,M,M,M,M,M,M,M,M,M,M,M,M,M,M,M,64.40,FACT 061400Z 33010KT CAVOK 18/11 Q1022 NOSIG,M
FACT,2026-07-06 15:00,62.60,53.60,72.40,330.00,10.00,0.00,30.18,M,6.21,M,M,M,M,M,M,M,M,M,M,M,M,M,M,M,M,62.60,FACT 061500Z 33010KT CAVOK 17/12 Q1022 NOSIG,M
FACT,2026-07-06 16:00,59.00,53.60,82.26,330.00,8.00,0.00,30.18,M,6.21,M,M,M,M,M,M,M,M,M,M,M,M,M,M,M,M,59.00,FACT 061600Z 33008KT CAVOK 15/12 Q1022 NOSIG,M
FACT,2026-07-06 17:00,57.20,53.60,87.75,330.00,6.00,0.00,30.21,M,6.21,M,M,M,M,M,M,M,M,M,M,M,M,M,M,M,M,57.20,FACT 061700Z 33006KT 300V020 CAVOK 14/12 Q1023 NOSIG,M
FACT,2026-07-06 18:00,55.40,53.60,93.65,340.00,5.00,0.00,30.21,M,6.21,M,M,M,M,M,M,M,M,M,M,M,M,M,M,M,M,55.40,FACT 061800Z 34005KT CAVOK 13/12 Q1023 NOSIG,M
FACT,2026-07-06 19:00,55.40,53.60,93.65,340.00,5.00,0.00,30.24,M,4.97,M,NSC,M,M,M,M,M,M,M,M,M,M,M,M,M,M,55.40,FACT 061900Z 34005KT 300V360 8000 NSC 13/12 Q1024 NOSIG,M
FACT,2026-07-06 20:00,53.60,53.60,100.00,20.00,4.00,0.00,30.24,M,1.86,M,NSC,M,M,M,M,M,M,M,BR,M,M,M,M,M,M,53.60,FACT 062000Z 02004KT 3000 BR NSC 12/12 Q1024 TEMPO 0800 FG BKN015,M
FACT,2026-07-06 20:02,53.60,53.60,100.00,20.00,4.00,0.00,30.24,M,1.86,M,NSC,M,M,M,M,M,M,M,BR,M,M,M,M,M,M,53.60,FACT 062002Z 02004KT 3000 BR NSC 12/12 Q1024 TEMPO 0800 FG BKN015,M
FACT,2026-07-06 21:00,55.40,53.60,93.65,70.00,4.00,0.00,30.27,M,1.86,M,NSC,M,M,M,M,M,M,M,BR,M,M,M,M,M,M,55.40,FACT 062100Z 07004KT 3000 BR NSC 13/12 Q1025 TEMPO 0800 FG BKN015,M
FACT,2026-07-06 22:00,53.60,51.80,93.60,330.00,7.00,0.00,30.27,M,6.21,M,FEW,M,M,M,1500.00,M,M,M,M,M,M,M,M,M,M,53.60,FACT 062200Z 33007KT 9999 FEW015 12/11 Q1025 TEMPO 3000 BR BKN015,M
FACT,2026-07-06 22:02,53.60,51.80,93.60,330.00,7.00,0.00,30.27,M,6.21,M,FEW,M,M,M,1500.00,M,M,M,M,M,M,M,M,M,M,53.60,FACT 062202Z 33007KT 9999 FEW015 12/11 Q1025 TEMPO 3000 BR BKN015,M
FACT,2026-07-06 23:00,53.60,53.60,100.00,10.00,4.00,0.00,30.27,M,2.49,M,FEW,M,M,M,1500.00,M,M,M,BR,M,M,M,M,M,M,53.60,FACT 062300Z 01004KT 4000 BR FEW015 12/12 Q1025 TEMPO 3000,M
FACT,2026-07-06 23:01,53.60,53.60,100.00,10.00,4.00,0.00,30.27,M,2.49,M,FEW,M,M,M,1500.00,M,M,M,BR,M,M,M,M,M,M,53.60,FACT 062301Z 01004KT 4000 BR FEW015 12/12 Q1025 TEMPO 3000,M
FACT,2026-07-07 00:00,51.80,51.80,100.00,M,3.00,0.00,30.30,M,3.73,M,BKN,M,M,M,1300.00,M,M,M,M,M,M,M,M,M,M,51.80,FACT 070000Z VRB03KT 6000 BKN013 11/11 Q1026 TEMPO 4500 BR BKN010,M
FACT,2026-07-07 00:02,51.80,51.80,100.00,M,3.00,0.00,30.30,M,3.73,M,BKN,M,M,M,1300.00,M,M,M,M,M,M,M,M,M,M,51.80,FACT 070002Z VRB03KT 6000 BKN013 11/11 Q1026 TEMPO 4500 BR BKN010,M
FACT,2026-07-07 01:00,51.80,51.80,100.00,30.00,5.00,0.00,30.27,M,3.73,M,BKN,M,M,M,1300.00,M,M,M,M,M,M,M,M,M,M,51.80,FACT 070100Z 03005KT 6000 BKN013 11/11 Q1025 TEMPO 5000 BR,M
FACT,2026-07-07 02:00,53.60,51.80,93.60,50.00,6.00,0.00,30.27,M,6.21,M,BKN,M,M,M,1300.00,M,M,M,M,M,M,M,M,M,M,53.60,FACT 070200Z 05006KT 9999 BKN013 12/11 Q1025 TEMPO 5000 BR,M
FACT,2026-07-07 03:00,55.40,53.60,93.65,40.00,5.00,0.00,30.27,M,3.73,M,BKN,M,M,M,1300.00,M,M,M,M,M,M,M,M,M,M,55.40,FACT 070300Z 04005KT 6000 BKN013 13/12 Q1025 TEMPO 4000 BR,M
FACT,2026-07-07 04:00,55.40,53.60,93.65,40.00,5.00,0.00,30.30,M,4.97,M,BKN,M,M,M,1300.00,M,M,M,M,M,M,M,M,M,M,55.40,FACT 070400Z 04005KT 8000 BKN013 13/12 Q1026 NOSIG,M
FACT,2026-07-07 05:00,55.40,53.60,93.65,40.00,7.00,0.00,30.30,M,6.21,M,SCT,BKN,M,M,900.00,1300.00,M,M,M,M,M,M,M,M,M,55.40,FACT 070500Z 04007KT 9999 SCT009 BKN013 13/12 Q1026 BECMG BKN020,M
FACT,2026-07-07 05:28,55.40,51.80,87.65,30.00,7.00,0.00,30.33,M,6.21,M,SCT,M,M,M,1000.00,M,M,M,M,M,M,M,M,M,M,55.40,FACT 070528Z 03007KT 9999 SCT010 13/11 Q1027 NOSIG,M
FACT,2026-07-07 06:00,53.60,51.80,93.60,40.00,5.00,0.00,30.33,M,6.21,M,FEW,SCT,M,M,900.00,1500.00,M,M,M,M,M,M,M,M,M,53.60,FACT 070600Z 04005KT 9999 FEW009 SCT015 12/11 Q1027 NOSIG,M
FACT,2026-07-07 06:59,55.40,53.60,93.65,40.00,6.00,0.00,30.36,M,6.21,M,FEW,BKN,M,M,500.00,1000.00,M,M,M,M,M,M,M,M,M,55.40,FACT 070659Z 04006KT 9999 FEW005 BKN010 13/12 Q1028 NOSIG,M
FACT,2026-07-07 07:00,55.40,53.60,93.65,40.00,6.00,0.00,30.36,M,6.21,M,FEW,BKN,M,M,500.00,1000.00,M,M,M,M,M,M,M,M,M,55.40,FACT 070700Z 04006KT 9999 FEW005 BKN010 13/12 Q1028 NOSIG,M
FACT,2026-07-07 07:56,57.20,55.40,93.70,30.00,5.00,0.00,30.36,M,4.35,M,FEW,M,M,M,1000.00,M,M,M,M,M,M,M,M,M,M,57.20,FACT 070756Z 03005KT 7000 FEW010 14/13 Q1028 NOSIG,M
FACT,2026-07-07 08:00,57.20,55.40,93.70,30.00,5.00,0.00,30.36,M,4.35,M,FEW,M,M,M,1000.00,M,M,M,M,M,M,M,M,M,M,57.20,FACT 070800Z 03005KT 7000 FEW010 14/13 Q1028 NOSIG,M
FACT,2026-07-07 09:00,60.80,55.40,82.38,50.00,7.00,0.00,30.36,M,6.21,M,FEW,M,M,M,1000.00,M,M,M,M,M,M,M,M,M,M,60.80,FACT 070900Z 05007KT 9999 FEW010 16/13 Q1028 NOSIG,M
FACT,2026-07-07 10:00,64.40,55.40,72.58,360.00,5.00,0.00,30.36,M,6.21,M,FEW,M,M,M,2000.00,M,M,M,M,M,M,M,M,M,M,64.40,FACT 071000Z 36005KT 270V070 9999 FEW020 18/13 Q1028 NOSIG,M
FACT,2026-07-07 11:00,66.20,55.40,68.18,330.00,6.00,0.00,30.33,M,6.21,M,SCT,M,M,M,2000.00,M,M,M,M,M,M,M,M,M,M,66.20,FACT 071100Z 33006KT 290V360 9999 SCT020 19/13 Q1027 NOSIG,M
FACT,2026-07-07 12:00,64.40,55.40,72.58,310.00,6.00,0.00,30.30,M,6.21,M,FEW,M,M,M,2000.00,M,M,M,M,M,M,M,M,M,M,64.40,FACT 071200Z 31006KT 270V330 9999 FEW020 18/13 Q1026 NOSIG,M
FACT,2026-07-07 13:00,64.40,55.40,72.58,310.00,7.00,0.00,30.30,M,6.21,M,FEW,M,M,M,2800.00,M,M,M,M,M,M,M,M,M,M,64.40,FACT 071300Z 31007KT 260V350 9999 FEW028 18/13 Q1026 NOSIG,M
FACT,2026-07-07 14:00,64.40,55.40,72.58,310.00,6.00,0.00,30.30,M,6.21,M,M,M,M,M,M,M,M,M,M,M,M,M,M,M,M,64.40,FACT 071400Z 31006KT CAVOK 18/13 Q1026 NOSIG,M
FACT,2026-07-07 15:00,62.60,55.40,77.31,310.00,5.00,0.00,30.30,M,6.21,M,M,M,M,M,M,M,M,M,M,M,M,M,M,M,M,62.60,FACT 071500Z 31005KT 260V350 CAVOK 17/13 Q1026 NOSIG,M
FACT,2026-07-07 16:00,59.00,53.60,82.26,300.00,4.00,0.00,30.30,M,6.21,M,M,M,M,M,M,M,M,M,M,M,M,M,M,M,M,59.00,FACT 071600Z 30004KT 240V350 CAVOK 15/12 Q1026 NOSIG,M
FACT,2026-07-07 17:00,55.40,53.60,93.65,340.00,3.00,0.00,30.30,M,6.21,M,M,M,M,M,M,M,M,M,M,M,M,M,M,M,M,55.40,FACT 071700Z 34003KT CAVOK 13/12 Q1026 NOSIG,M
FACT,2026-07-07 17:55,55.40,53.60,93.65,M,2.00,0.00,30.30,M,3.11,M,NSC,M,M,M,M,M,M,M,BR,M,M,M,M,M,M,55.40,FACT 071755Z VRB02KT 5000 BR NSC 13/12 Q1026 BECMG 3000,M
FACT,2026-07-07 18:00,55.40,53.60,93.65,M,2.00,0.00,30.30,M,3.11,M,NSC,M,M,M,M,M,M,M,BR,M,M,M,M,M,M,55.40,FACT 071800Z VRB02KT 5000 BR NSC 13/12 Q1026 BECMG 3000,M
FACT,2026-07-07 18:23,53.60,53.60,100.00,300.00,4.00,0.00,30.33,M,0.37,M,NSC,M,M,M,M,M,M,M,FG,M,M,M,M,M,M,53.60,FACT 071823Z 30004KT 280V340 0600 FG NSC 12/12 Q1027 NOSIG,M
FACT,2026-07-07 18:58,53.60,53.60,100.00,M,2.00,0.00,30.33,M,0.25,M,NSC,M,M,M,M,M,M,M,FG,M,M,M,M,M,M,53.60,FACT 071858Z VRB02KT 0400 R01/0350 FG NSC 12/12 Q1027 NOSIG,M
FACT,2026-07-07 19:00,53.60,53.60,100.00,M,2.00,0.00,30.33,M,0.25,M,NSC,M,M,M,M,M,M,M,FG,M,M,M,M,M,M,53.60,FACT 071900Z VRB02KT 0400 R01/0350 FG NSC 12/12 Q1027 NOSIG,M
FACT,2026-07-07 20:00,50.00,50.00,100.00,M,1.00,0.00,30.33,M,0.19,M,VV ,M,M,M,100.00,M,M,M,FG,M,M,M,M,M,M,50.00,FACT 072000Z VRB01KT 0300 R01/0350 FG VV001 10/10 Q1027 NOSIG,M
FACT,2026-07-07 21:00,50.00,50.00,100.00,M,1.00,0.00,30.30,M,0.06,M,VV ,M,M,M,100.00,M,M,M,FG,M,M,M,M,M,M,50.00,FACT 072100Z VRB01KT 0100 R01/0350 FG VV001 10/10 Q1026 NOSIG,M
FACT,2026-07-07 22:00,51.80,51.80,100.00,230.00,2.00,0.00,30.30,M,0.06,M,VV ,M,M,M,100.00,M,M,M,FG,M,M,M,M,M,M,51.80,FACT 072200Z 23002KT 0100 R01/0275 FG VV001 11/11 Q1026 NOSIG,M
FACT,2026-07-07 23:00,50.00,50.00,100.00,M,1.00,0.00,30.30,M,0.06,M,VV ,M,M,M,100.00,M,M,M,FG,M,M,M,M,M,M,50.00,FACT 072300Z VRB01KT 0100 R01/0275 FG VV001 10/10 Q1026 NOSIG,M
FACT,2026-07-08 00:00,51.80,51.80,100.00,10.00,3.00,0.00,30.30,M,0.06,M,VV ,M,M,M,100.00,M,M,M,FG,M,M,M,M,M,M,51.80,FACT 080000Z 01003KT 0100 R01/0250 FG VV001 11/11 Q1026 NOSIG,M
FACT,2026-07-08 01:00,51.80,51.80,100.00,310.00,2.00,0.00,30.30,M,0.06,M,VV ,M,M,M,100.00,M,M,M,FG,M,M,M,M,M,M,51.80,FACT 080100Z 31002KT 0100 R01/0175 FG VV001 11/11 Q1026 NOSIG,M
FACT,2026-07-08 02:00,53.60,53.60,100.00,320.00,2.00,0.00,30.30,M,0.06,M,VV ,M,M,M,100.00,M,M,M,FG,M,M,M,M,M,M,53.60,FACT 080200Z 32002KT 0100 R01/0250 FG VV001 12/12 Q1026 NOSIG,M
FACT,2026-07-08 03:00,51.80,51.80,100.00,40.00,4.00,0.00,30.30,M,0.06,M,VV ,M,M,M,100.00,M,M,M,FG,M,M,M,M,M,M,51.80,FACT 080300Z 04004KT 0100 R01/0275 FG VV001 11/11 Q1026 NOSIG,M
FACT,2026-07-08 04:00,50.00,50.00,100.00,M,1.00,0.00,30.30,M,0.06,M,VV ,M,M,M,100.00,M,M,M,FG,M,M,M,M,M,M,50.00,FACT 080400Z VRB01KT 0100 R01/0325 FG VV001 10/10 Q1026 NOSIG,M
FACT,2026-07-08 05:00,51.80,51.80,100.00,M,2.00,0.00,30.30,M,0.06,M,VV ,M,M,M,100.00,M,M,M,FG,M,M,M,M,M,M,51.80,FACT 080500Z VRB02KT 0100 R01/0300 FG VV001 11/11 Q1026 NOSIG,M
FACT,2026-07-08 05:29,50.00,50.00,100.00,340.00,1.00,0.00,30.30,M,0.19,M,NSC,M,M,M,M,M,M,M,FG,M,M,M,M,M,M,50.00,FACT 080529Z 34001KT 0300 R01/0650 FG NSC 10/10 Q1026 NOSIG,M
FACT,2026-07-08 05:58,50.00,48.20,93.50,M,2.00,0.00,30.30,M,0.19,M,NSC,M,M,M,M,M,M,M,FG,M,M,M,M,M,M,50.00,FACT 080558Z VRB02KT 0300 R01/0500 FG NSC 10/09 Q1026 NOSIG,M
FACT,2026-07-08 06:00,50.00,48.20,93.50,M,2.00,0.00,30.30,M,0.19,M,NSC,M,M,M,M,M,M,M,FG,M,M,M,M,M,M,50.00,FACT 080600Z VRB02KT 0300 R01/0500 FG NSC 10/09 Q1026 NOSIG,M
FACT,2026-07-08 06:53,51.80,50.00,93.55,M,1.00,0.00,30.30,M,0.56,M,NSC,M,M,M,M,M,M,M,FG,M,M,M,M,M,M,51.80,FACT 080653Z VRB01KT 0900 FG NSC 11/10 Q1026 BECMG 1200 BR,M
FACT,2026-07-08 07:00,51.80,50.00,93.55,M,1.00,0.00,30.30,M,0.56,M,NSC,M,M,M,M,M,M,M,FG,M,M,M,M,M,M,51.80,FACT 080700Z VRB01KT 0900 FG NSC 11/10 Q1026 BECMG 1200 BR,M
FACT,2026-07-08 07:08,53.60,51.80,93.60,M,1.00,0.00,30.33,M,1.24,M,NSC,M,M,M,M,M,M,M,BR,M,M,M,M,M,M,53.60,FACT 080708Z VRB01KT 2000 BR NSC 12/11 Q1027 BECMG 4500 BR,M
FACT,2026-07-08 07:09,53.60,51.80,93.60,M,1.00,0.00,30.33,M,1.24,M,NSC,M,M,M,M,M,M,M,BR,M,M,M,M,M,M,53.60,FACT 080709Z VRB01KT 2000 BR NSC 12/11 Q1027 BECMG 4500,M
FACT,2026-07-08 07:26,53.60,53.60,100.00,M,2.00,0.00,30.30,M,3.73,M,NSC,M,M,M,M,M,M,M,M,M,M,M,M,M,M,53.60,FACT 080726Z VRB02KT 6000 NSC 12/12 Q1026 NOSIG,M
FACT,2026-07-08 08:00,55.40,55.40,100.00,M,3.00,0.00,30.33,M,4.97,M,NSC,M,M,M,M,M,M,M,M,M,M,M,M,M,M,55.40,FACT 080800Z VRB03KT 8000 NSC 13/13 Q1027 NOSIG,M
FACT,2026-07-08 09:00,59.00,59.00,100.00,M,2.00,0.00,30.30,M,4.97,M,NSC,M,M,M,M,M,M,M,M,M,M,M,M,M,M,59.00,FACT 080900Z VRB02KT 8000 NSC 15/15 Q1026 NOSIG,M
FACT,2026-07-08 09:54,64.40,55.40,72.58,190.00,7.00,0.00,30.33,M,6.21,M,FEW,M,M,M,2000.00,M,M,M,M,M,M,M,M,M,M,64.40,FACT 080954Z 19007KT 9999 FEW020 18/13 Q1027 NOSIG,M
FACT,2026-07-08 10:00,64.40,55.40,72.58,190.00,7.00,0.00,30.33,M,6.21,M,FEW,M,M,M,2000.00,M,M,M,M,M,M,M,M,M,M,64.40,FACT 081000Z 19007KT 9999 FEW020 18/13 Q1027 NOSIG,M
FACT,2026-07-08 11:00,64.40,53.60,67.97,190.00,8.00,0.00,30.30,M,6.21,M,SCT,M,M,M,2500.00,M,M,M,M,M,M,M,M,M,M,64.40,FACT 081100Z 19008KT 160V230 9999 SCT025 18/12 Q1026 NOSIG,M
FACT,2026-07-08 12:00,64.40,53.60,67.97,220.00,8.00,0.00,30.27,M,6.21,M,BKN,M,M,M,2500.00,M,M,M,M,M,M,M,M,M,M,64.40,FACT 081200Z 22008KT 9999 BKN025 18/12 Q1025 NOSIG,M
FACT,2026-07-08 13:00,66.20,55.40,68.18,200.00,7.00,0.00,30.24,M,6.21,M,SCT,M,M,M,2500.00,M,M,M,M,M,M,M,M,M,M,66.20,FACT 081300Z 20007KT 9999 SCT025 19/13 Q1024 NOSIG,M
FACT,2026-07-08 14:00,66.20,55.40,68.18,190.00,11.00,0.00,30.24,M,6.21,M,FEW,M,M,M,2700.00,M,M,M,M,M,M,M,M,M,M,66.20,FACT 081400Z 19011KT 9999 FEW027 19/13 Q1024 NOSIG,M
FACT,2026-07-08 15:00,60.80,55.40,82.38,200.00,15.00,0.00,30.24,M,6.21,M,FEW,BKN,M,M,800.00,1800.00,M,M,M,M,M,M,M,M,M,60.80,FACT 081500Z 20015KT 9999 FEW008 BKN018 16/13 Q1024 NOSIG,M
FACT,2026-07-08 16:00,57.20,55.40,93.70,180.00,14.00,0.00,30.24,M,6.21,M,FEW,SCT,M,M,700.00,2000.00,M,M,M,M,M,M,M,M,M,57.20,FACT 081600Z 18014KT 9999 FEW007 SCT020 14/13 Q1024 NOSIG,M
FACT,2026-07-08 17:00,57.20,51.80,82.13,180.00,13.00,0.00,30.27,M,6.21,M,FEW,BKN,M,M,1200.00,3000.00,M,M,M,M,M,M,M,M,M,57.20,FACT 081700Z 18013KT 9999 FEW012 BKN030 14/11 Q1025 NOSIG,M
FACT,2026-07-08 18:00,57.20,51.80,82.13,180.00,16.00,0.00,30.27,M,6.21,M,FEW,M,M,M,3000.00,M,M,M,M,M,M,M,M,M,M,57.20,FACT 081800Z 18016KT 9999 FEW030 14/11 Q1025 NOSIG,M
FACT,2026-07-08 19:00,57.20,50.00,76.83,190.00,13.00,0.00,30.27,M,6.21,M,FEW,M,M,M,3000.00,M,M,M,M,M,M,M,M,M,M,57.20,FACT 081900Z 19013KT 9999 FEW030 14/10 Q1025 NOSIG,M
FACT,2026-07-08 20:00,57.20,50.00,76.83,180.00,15.00,0.00,30.27,M,6.21,M,FEW,M,M,M,3000.00,M,M,M,M,M,M,M,M,M,M,57.20,FACT 082000Z 18015KT 9999 FEW030 14/10 Q1025 NOSIG,M
FACT,2026-07-08 21:00,57.20,50.00,76.83,180.00,15.00,0.00,30.27,M,6.21,M,FEW,SCT,M,M,3000.00,4000.00,M,M,M,M,M,M,M,M,M,57.20,FACT 082100Z 18015KT 9999 FEW030 SCT040 14/10 Q1025 NOSIG,M
FACT,2026-07-08 22:00,55.40,48.20,76.67,180.00,15.00,0.00,30.24,M,6.21,M,FEW,M,M,M,3000.00,M,M,M,M,M,M,M,M,M,M,55.40,FACT 082200Z 18015KT 9999 FEW030 13/09 Q1024 NOSIG,M
FACT,2026-07-08 23:00,55.40,48.20,76.67,180.00,15.00,0.00,30.24,M,6.21,M,FEW,M,M,M,3000.00,M,M,M,M,M,M,M,M,M,M,55.40,FACT 082300Z 18015KT 9999 FEW030 13/09 Q1024 NOSIG,M
FACT,2026-07-09 00:00,55.40,48.20,76.67,180.00,12.00,0.00,30.24,M,6.21,M,M,M,M,M,M,M,M,M,M,M,M,M,M,M,M,55.40,FACT 090000Z 18012KT CAVOK 13/09 Q1024 NOSIG,M
FACT,2026-07-09 01:00,53.60,48.20,81.87,180.00,13.00,0.00,30.21,M,6.21,M,M,M,M,M,M,M,M,M,M,M,M,M,M,M,M,53.60,FACT 090100Z 18013KT CAVOK 12/09 Q1023 NOSIG,M
FACT,2026-07-09 02:00,53.60,46.40,76.51,170.00,11.00,0.00,30.21,M,6.21,M,M,M,M,M,M,M,M,M,M,M,M,M,M,M,M,53.60,FACT 090200Z 17011KT CAVOK 12/08 Q1023 NOSIG,M
FACT,2026-07-09 03:00,53.60,46.40,76.51,170.00,12.00,0.00,30.21,M,6.21,M,M,M,M,M,M,M,M,M,M,M,M,M,M,M,M,53.60,FACT 090300Z 17012KT CAVOK 12/08 Q1023 NOSIG,M
FACT,2026-07-09 04:00,51.80,46.40,81.74,170.00,8.00,0.00,30.18,M,6.21,M,M,M,M,M,M,M,M,M,M,M,M,M,M,M,M,51.80,FACT 090400Z 17008KT CAVOK 11/08 Q1022 NOSIG,M
FACT,2026-07-09 05:00,51.80,46.40,81.74,170.00,8.00,0.00,30.18,M,6.21,M,M,M,M,M,M,M,M,M,M,M,M,M,M,M,M,51.80,FACT 090500Z 17008KT CAVOK 11/08 Q1022 NOSIG,M
FACT,2026-07-09 06:00,51.80,46.40,81.74,180.00,7.00,0.00,30.18,M,6.21,M,M,M,M,M,M,M,M,M,M,M,M,M,M,M,M,51.80,FACT 090600Z 18007KT CAVOK 11/08 Q1022 NOSIG,M
FACT,2026-07-09 07:00,53.60,46.40,76.51,190.00,6.00,0.00,30.18,M,6.21,M,M,M,M,M,M,M,M,M,M,M,M,M,M,M,M,53.60,FACT 090700Z 19006KT CAVOK 12/08 Q1022 NOSIG,M
FACT,2026-07-09 08:00,57.20,46.40,67.13,180.00,7.00,0.00,30.18,M,6.21,M,M,M,M,M,M,M,M,M,M,M,M,M,M,M,M,57.20,FACT 090800Z 18007KT CAVOK 14/08 Q1022 NOSIG,M
FACT,2026-07-09 09:00,60.80,46.40,59.02,170.00,6.00,0.00,30.18,M,6.21,M,FEW,M,M,M,3500.00,M,M,M,M,M,M,M,M,M,M,60.80,FACT 090900Z 17006KT 130V200 9999 FEW035 16/08 Q1022 NOSIG,M
FACT,2026-07-09 10:00,60.80,44.60,55.13,190.00,7.00,0.00,30.18,M,6.21,M,FEW,M,M,M,3500.00,M,M,M,M,M,M,M,M,M,M,60.80,FACT 091000Z 19007KT 160V220 9999 FEW035 16/07 Q1022 NOSIG,M
FACT,2026-07-09 11:00,60.80,44.60,55.13,180.00,8.00,0.00,30.15,M,6.21,M,M,M,M,M,M,M,M,M,M,M,M,M,M,M,M,60.80,FACT 091100Z 18008KT 140V220 CAVOK 16/07 Q1021 NOSIG,M
FACT,2026-07-09 12:00,60.80,44.60,55.13,180.00,9.00,0.00,30.12,M,6.21,M,M,M,M,M,M,M,M,M,M,M,M,M,M,M,M,60.80,FACT 091200Z 18009KT 150V210 CAVOK 16/07 Q1020 NOSIG,M
FACT,2026-07-09 13:00,60.80,44.60,55.13,190.00,10.00,0.00,30.12,M,6.21,M,M,M,M,M,M,M,M,M,M,M,M,M,M,M,M,60.80,FACT 091300Z 19010KT 160V220 CAVOK 16/07 Q1020 NOSIG,M
FACT,2026-07-09 14:00,60.80,44.60,55.13,210.00,12.00,0.00,30.12,M,6.21,M,M,M,M,M,M,M,M,M,M,M,M,M,M,M,M,60.80,FACT 091400Z 21012KT CAVOK 16/07 Q1020 NOSIG,M
FACT,2026-07-09 15:00,59.00,46.40,62.93,190.00,11.00,0.00,30.09,M,6.21,M,M,M,M,M,M,M,M,M,M,M,M,M,M,M,M,59.00,FACT 091500Z 19011KT CAVOK 15/08 Q1019 NOSIG,M
FACT,2026-07-09 16:00,57.20,46.40,67.13,190.00,10.00,0.00,30.12,M,6.21,M,M,M,M,M,M,M,M,M,M,M,M,M,M,M,M,57.20,FACT 091600Z 19010KT CAVOK 14/08 Q1020 NOSIG,M
FACT,2026-07-09 17:00,55.40,46.40,71.65,190.00,9.00,0.00,30.12,M,6.21,M,M,M,M,M,M,M,M,M,M,M,M,M,M,M,M,55.40,FACT 091700Z 19009KT CAVOK 13/08 Q1020 NOSIG,M
FACT,2026-07-09 18:00,53.60,46.40,76.51,190.00,7.00,0.00,30.12,M,6.21,M,M,M,M,M,M,M,M,M,M,M,M,M,M,M,M,53.60,FACT 091800Z 19007KT CAVOK 12/08 Q1020 NOSIG,M
FACT,2026-07-09 19:00,53.60,44.60,71.45,180.00,7.00,0.00,30.12,M,6.21,M,M,M,M,M,M,M,M,M,M,M,M,M,M,M,M,53.60,FACT 091900Z 18007KT CAVOK 12/07 Q1020 NOSIG,M
FACT,2026-07-09 20:00,55.40,42.80,62.46,160.00,14.00,0.00,30.12,M,6.21,M,M,M,M,M,M,M,M,M,M,M,M,M,M,M,M,55.40,FACT 092000Z 16014KT CAVOK 13/06 Q1020 NOSIG,M
FACT,2026-07-09 21:00,53.60,42.80,66.70,170.00,13.00,0.00,30.12,M,6.21,M,M,M,M,M,M,M,M,M,M,M,M,M,M,M,M,53.60,FACT 092100Z 17013KT CAVOK 12/06 Q1020 NOSIG,M
FACT,2026-07-09 22:00,53.60,42.80,66.70,160.00,17.00,0.00,30.09,M,6.21,M,M,M,M,M,M,M,M,M,M,M,M,M,M,M,M,53.60,FACT 092200Z 16017KT CAVOK 12/06 Q1019 NOSIG,M
FACT,2026-07-09 23:00,53.60,42.80,66.70,160.00,15.00,0.00,30.12,M,6.21,M,M,M,M,M,M,M,M,M,M,M,M,M,M,M,M,53.60,FACT 092300Z 16015KT CAVOK 12/06 Q1020 NOSIG,M
FACT,2026-07-10 00:00,51.80,42.80,71.26,140.00,15.00,0.00,30.12,M,6.21,M,M,M,M,M,M,M,M,M,M,M,M,M,M,M,M,51.80,FACT 100000Z 14015KT CAVOK 11/06 Q1020 NOSIG,M
FACT,2026-07-10 01:00,53.60,42.80,66.70,160.00,17.00,0.00,30.09,M,6.21,M,M,M,M,M,M,M,M,M,M,M,M,M,M,M,M,53.60,FACT 100100Z 16017KT CAVOK 12/06 Q1019 NOSIG,M
FACT,2026-07-10 02:00,53.60,42.80,66.70,150.00,15.00,0.00,30.09,M,6.21,M,M,M,M,M,M,M,M,M,M,M,M,M,M,M,M,53.60,FACT 100200Z 15015KT CAVOK 12/06 Q1019 NOSIG,M
FACT,2026-07-10 03:00,51.80,42.80,71.26,150.00,10.00,0.00,30.09,M,6.21,M,M,M,M,M,M,M,M,M,M,M,M,M,M,M,M,51.80,FACT 100300Z 15010KT CAVOK 11/06 Q1019 NOSIG,M
FACT,2026-07-10 03:27,55.40,41.00,58.27,160.00,17.00,0.00,30.09,M,6.21,M,M,M,M,M,M,M,M,M,M,M,M,M,M,M,M,55.40,FACT 100327Z 16017KT CAVOK 13/05 Q1019 NOSIG,M
FACT,2026-07-10 04:00,55.40,41.00,58.27,170.00,14.00,0.00,30.09,M,6.21,M,M,M,M,M,M,M,M,M,M,M,M,M,M,M,M,55.40,FACT 100400Z 17014KT CAVOK 13/05 Q1019 NOSIG,M
FACT,2026-07-10 05:00,48.20,41.00,76.01,M,3.00,0.00,30.12,M,6.21,M,M,M,M,M,M,M,M,M,M,M,M,M,M,M,M,47.21,FACT 100500Z VRB03KT CAVOK 09/05 Q1020 NOSIG,M
FACT,2026-07-10 06:00,48.20,41.00,76.01,180.00,7.00,0.00,30.12,M,6.21,M,M,M,M,M,M,M,M,M,M,M,M,M,M,M,M,44.53,FACT 100600Z 18007KT CAVOK 09/05 Q1020 NOSIG,M
FACT,2026-07-10 06:26,51.80,42.80,71.26,140.00,9.00,0.00,30.12,M,6.21,M,M,M,M,M,M,M,M,M,M,M,M,M,M,M,M,51.80,FACT 100626Z 14009KT CAVOK 11/06 Q1020 NOSIG,M
FACT,2026-07-10 07:00,51.80,42.80,71.26,140.00,7.00,0.00,30.12,M,6.21,M,M,M,M,M,M,M,M,M,M,M,M,M,M,M,M,51.80,FACT 100700Z 14007KT CAVOK 11/06 Q1020 NOSIG,M
FACT,2026-07-10 07:24,55.40,42.80,62.46,150.00,6.00,0.00,30.12,M,6.21,M,M,M,M,M,M,M,M,M,M,M,M,M,M,M,M,55.40,FACT 100724Z 15006KT 130V190 CAVOK 13/06 Q1020 NOSIG,M
FACT,2026-07-10 08:00,57.20,42.80,58.52,170.00,7.00,0.00,30.15,M,6.21,M,M,M,M,M,M,M,M,M,M,M,M,M,M,M,M,57.20,FACT 100800Z 17007KT CAVOK 14/06 Q1021 NOSIG,M
FACT,2026-07-10 09:00,59.00,42.80,54.86,140.00,8.00,0.00,30.15,M,6.21,M,M,M,M,M,M,M,M,M,M,M,M,M,M,M,M,59.00,FACT 100900Z 14008KT CAVOK 15/06 Q1021 NOSIG,M
FACT,2026-07-10 10:00,62.60,44.60,51.73,170.00,6.00,0.00,30.15,M,6.21,M,M,M,M,M,M,M,M,M,M,M,M,M,M,M,M,62.60,FACT 101000Z 17006KT CAVOK 17/07 Q1021 NOSIG,M
FACT,2026-07-10 11:00,64.40,42.80,45.34,130.00,8.00,0.00,30.12,M,6.21,M,M,M,M,M,M,M,M,M,M,M,M,M,M,M,M,64.40,FACT 101100Z 13008KT CAVOK 18/06 Q1020 NOSIG,M
FACT,2026-07-10 12:00,64.40,42.80,45.34,150.00,17.00,0.00,30.09,M,6.21,M,M,M,M,M,M,M,M,M,M,M,M,M,M,M,M,64.40,FACT 101200Z 15017KT CAVOK 18/06 Q1019 NOSIG,M
FACT,2026-07-10 13:00,62.60,44.60,51.73,160.00,16.00,0.00,30.09,M,6.21,M,M,M,M,M,M,M,M,M,M,M,M,M,M,M,M,62.60,COR FACT 101300Z 16016KT CAVOK 17/07 Q1019 NOSIG,M
FACT,2026-07-10 14:00,62.60,42.80,48.29,130.00,10.00,0.00,30.09,M,6.21,M,M,M,M,M,M,M,M,M,M,M,M,M,M,M,M,62.60,FACT 101400Z 13010KT CAVOK 17/06 Q1019 NOSIG,M
FACT,2026-07-10 15:00,60.80,42.80,51.46,140.00,10.00,0.00,30.09,M,6.21,M,M,M,M,M,M,M,M,M,M,M,M,M,M,M,M,60.80,FACT 101500Z 14010KT CAVOK 16/06 Q1019 NOSIG,M
FACT,2026-07-10 16:00,57.20,42.80,58.52,140.00,6.00,0.00,30.09,M,6.21,M,M,M,M,M,M,M,M,M,M,M,M,M,M,M,M,57.20,FACT 101600Z 14006KT CAVOK 14/06 Q1019 NOSIG,M
FACT,2026-07-10 17:00,55.40,44.60,66.91,150.00,7.00,0.00,30.12,M,6.21,M,M,M,M,M,M,M,M,M,M,M,M,M,M,M,M,55.40,FACT 101700Z 15007KT CAVOK 13/07 Q1020 NOSIG,M
FACT,2026-07-10 18:00,55.40,44.60,66.91,160.00,4.00,0.00,30.12,M,6.21,M,M,M,M,M,M,M,M,M,M,M,M,M,M,M,M,55.40,FACT 101800Z 16004KT CAVOK 13/07 Q1020 NOSIG,M
FACT,2026-07-10 19:00,50.00,42.80,76.17,160.00,8.00,0.00,30.12,M,6.21,M,M,M,M,M,M,M,M,M,M,M,M,M,M,M,M,50.00,FACT 101900Z 16008KT CAVOK 10/06 Q1020 NOSIG,M
FACT,2026-07-10 20:00,51.80,44.60,76.34,M,1.00,0.00,30.12,M,6.21,M,M,M,M,M,M,M,M,M,M,M,M,M,M,M,M,51.80,FACT 102000Z VRB01KT CAVOK 11/07 Q1020 NOSIG,M
FACT,2026-07-10 21:00,51.80,44.60,76.34,M,2.00,0.00,30.12,M,6.21,M,M,M,M,M,M,M,M,M,M,M,M,M,M,M,M,51.80,FACT 102100Z VRB02KT CAVOK 11/07 Q1020 NOSIG,M
FACT,2026-07-10 22:00,48.20,42.80,81.47,M,3.00,0.00,30.12,M,6.21,M,M,M,M,M,M,M,M,M,M,M,M,M,M,M,M,47.21,FACT 102200Z VRB03KT CAVOK 09/06 Q1020 NOSIG,M
FACT,2026-07-10 23:00,44.60,42.80,93.35,M,1.00,0.00,30.15,M,6.21,M,M,M,M,M,M,M,M,M,M,M,M,M,M,M,M,44.60,COR FACT 102300Z VRB01KT CAVOK 07/06 Q1021 NOSIG,M
FACT,2026-07-11 00:00,42.80,39.20,86.99,260.00,3.00,0.00,30.12,M,6.21,M,M,M,M,M,M,M,M,M,M,M,M,M,M,M,M,41.03,FACT 110000Z 26003KT CAVOK 06/04 Q1020 NOSIG,M
FACT,2026-07-11 01:00,44.60,41.00,87.08,320.00,2.00,0.00,30.12,M,6.21,M,M,M,M,M,M,M,M,M,M,M,M,M,M,M,M,44.60,FACT 110100Z 32002KT CAVOK 07/05 Q1020 NOSIG,M
FACT,2026-07-11 02:00,41.00,39.20,93.24,M,2.00,0.00,30.12,M,6.21,M,M,M,M,M,M,M,M,M,M,M,M,M,M,M,M,41.00,FACT 110200Z VRB02KT CAVOK 05/04 Q1020 NOSIG,M
FACT,2026-07-11 02:28,44.60,42.80,93.35,M,1.00,0.00,30.12,M,6.21,M,M,M,M,M,M,M,M,M,M,M,M,M,M,M,M,44.60,FACT 110228Z VRB01KT CAVOK 07/06 Q1020 NOSIG,M
FACT,2026-07-11 03:00,41.00,39.20,93.24,M,1.00,0.00,30.12,M,6.21,M,M,M,M,M,M,M,M,M,M,M,M,M,M,M,M,41.00,FACT 110300Z VRB01KT CAVOK 05/04 Q1020 NOSIG,M
FACT,2026-07-11 04:00,41.00,39.20,93.24,M,1.00,0.00,30.12,M,6.21,M,M,M,M,M,M,M,M,M,M,M,M,M,M,M,M,41.00,FACT 110400Z VRB01KT CAVOK 05/04 Q1020 NOSIG,M
FACT,2026-07-11 05:00,41.00,39.20,93.24,M,3.00,0.00,30.12,M,4.97,M,NSC,M,M,M,M,M,M,M,M,M,M,M,M,M,M,38.98,FACT 110500Z VRB03KT 8000 NSC 05/04 Q1020 NOSIG,M
FACT,2026-07-11 05:24,46.40,42.80,87.18,M,3.00,0.00,30.12,M,4.97,M,NSC,M,M,M,M,M,M,M,M,M,M,M,M,M,M,45.15,FACT 110524Z VRB03KT 8000 NSC 08/06 Q1020 NOSIG,M
FACT,2026-07-11 06:00,44.60,41.00,87.08,280.00,4.00,0.00,30.12,M,6.21,M,M,M,M,M,M,M,M,M,M,M,M,M,M,M,M,42.13,FACT 110600Z 28004KT 230V300 CAVOK 07/05 Q1020 NOSIG,M
FACT,2026-07-11 07:00,46.40,42.80,87.18,M,3.00,0.00,30.15,M,6.21,M,M,M,M,M,M,M,M,M,M,M,M,M,M,M,M,45.15,FACT 110700Z VRB03KT CAVOK 08/06 Q1021 NOSIG,M
FACT,2026-07-11 07:23,51.80,44.60,76.34,M,3.00,0.00,30.15,M,6.21,M,M,M,M,M,M,M,M,M,M,M,M,M,M,M,M,51.80,FACT 110723Z VRB03KT CAVOK 11/07 Q1021 NOSIG,M
FACT,2026-07-11 08:00,53.60,46.40,76.51,M,2.00,0.00,30.15,M,6.21,M,M,M,M,M,M,M,M,M,M,M,M,M,M,M,M,53.60,FACT 110800Z VRB02KT CAVOK 12/08 Q1021 NOSIG,M
FACT,2026-07-11 09:00,59.00,46.40,62.93,M,2.00,0.00,30.18,M,6.21,M,M,M,M,M,M,M,M,M,M,M,M,M,M,M,M,59.00,FACT 110900Z VRB02KT CAVOK 15/08 Q1022 NOSIG,M
FACT,2026-07-11 09:02,59.00,46.40,62.93,M,2.00,0.00,30.18,M,6.21,M,M,M,M,M,M,M,M,M,M,M,M,M,M,M,M,59.00,FACT 110902Z VRB02KT CAVOK 15/08 Q1022 NOSIG,M
FACT,2026-07-11 10:00,60.80,44.60,55.13,240.00,4.00,0.00,30.15,M,6.21,M,M,M,M,M,M,M,M,M,M,M,M,M,M,M,M,60.80,FACT 111000Z 24004KT 200V290 CAVOK 16/07 Q1021 NOSIG,M
FACT,2026-07-11 10:30,64.40,44.60,48.57,250.00,4.00,0.00,30.15,M,6.21,M,M,M,M,M,M,M,M,M,M,M,M,M,M,M,M,64.40,FACT 111030Z 25004KT 200V290 CAVOK 18/07 Q1021 NOSIG,M
FACT,2026-07-11 11:00,64.40,42.80,45.34,M,2.00,0.00,30.12,M,6.21,M,M,M,M,M,M,M,M,M,M,M,M,M,M,M,M,64.40,FACT 111100Z VRB02KT CAVOK 18/06 Q1020 NOSIG,M
FACT,2026-07-11 12:00,68.00,44.60,42.87,190.00,5.00,0.00,30.09,M,6.21,M,M,M,M,M,M,M,M,M,M,M,M,M,M,M,M,68.00,FACT 111200Z 19005KT 160V220 CAVOK 20/07 Q1019 NOSIG,M
FACT,2026-07-11 13:00,68.00,41.00,37.34,200.00,5.00,0.00,30.09,M,6.21,M,M,M,M,M,M,M,M,M,M,M,M,M,M,M,M,68.00,FACT 111300Z 20005KT 140V240 CAVOK 20/05 Q1019 NOSIG,M
FACT,2026-07-11 14:00,68.00,42.80,40.02,140.00,5.00,0.00,30.09,M,6.21,M,M,M,M,M,M,M,M,M,M,M,M,M,M,M,M,68.00,FACT 111400Z 14005KT CAVOK 20/06 Q1019 NOSIG,M
FACT,2026-07-11 15:00,66.20,44.60,45.62,140.00,5.00,0.00,30.09,M,6.21,M,M,M,M,M,M,M,M,M,M,M,M,M,M,M,M,66.20,FACT 111500Z 14005KT CAVOK 19/07 Q1019 NOSIG,M
FACT,2026-07-11 16:00,57.20,44.60,62.70,140.00,6.00,0.00,30.09,M,6.21,M,M,M,M,M,M,M,M,M,M,M,M,M,M,M,M,57.20,FACT 111600Z 14006KT CAVOK 14/07 Q1019 NOSIG,M
FACT,2026-07-11 17:00,55.40,46.40,71.65,140.00,7.00,0.00,30.09,M,6.21,M,M,M,M,M,M,M,M,M,M,M,M,M,M,M,M,55.40,FACT 111700Z 14007KT CAVOK 13/08 Q1019 NOSIG,M
FACT,2026-07-11 18:00,55.40,48.20,76.67,130.00,8.00,0.00,30.12,M,6.21,M,M,M,M,M,M,M,M,M,M,M,M,M,M,M,M,55.40,FACT 111800Z 13008KT CAVOK 13/09 Q1020 NOSIG,M
FACT,2026-07-11 19:00,57.20,48.20,71.84,200.00,4.00,0.00,30.12,M,6.21,M,M,M,M,M,M,M,M,M,M,M,M,M,M,M,M,57.20,FACT 111900Z 20004KT 170V230 CAVOK 14/09 Q1020 NOSIG,M
FACT,2026-07-11 19:01,57.20,48.20,71.84,200.00,4.00,0.00,30.12,M,6.21,M,M,M,M,M,M,M,M,M,M,M,M,M,M,M,M,57.20,FACT 111901Z 20004KT 170V230 CAVOK 14/09 Q1020 NOSIG,M
FACT,2026-07-11 20:00,57.20,48.20,71.84,240.00,6.00,0.00,30.12,M,6.21,M,M,M,M,M,M,M,M,M,M,M,M,M,M,M,M,57.20,FACT 112000Z 24006KT 200V270 CAVOK 14/09 Q1020 NOSIG,M
FACT,2026-07-11 21:00,53.60,48.20,81.87,250.00,3.00,0.00,30.12,M,6.21,M,M,M,M,M,M,M,M,M,M,M,M,M,M,M,M,53.60,FACT 112100Z 25003KT CAVOK 12/09 Q1020 NOSIG,M
FACT,2026-07-11 22:00,51.80,46.40,81.74,M,3.00,0.00,30.12,M,6.21,M,M,M,M,M,M,M,M,M,M,M,M,M,M,M,M,51.80,FACT 112200Z VRB03KT CAVOK 11/08 Q1020 NOSIG,M
FACT,2026-07-11 23:00,53.60,48.20,81.87,240.00,7.00,0.00,30.12,M,6.21,M,M,M,M,M,M,M,M,M,M,M,M,M,M,M,M,53.60,FACT 112300Z 24007KT CAVOK 12/09 Q1020 NOSIG,M
FACT,2026-07-12 00:00,51.80,48.20,87.47,230.00,7.00,0.00,30.09,M,6.21,M,M,M,M,M,M,M,M,M,M,M,M,M,M,M,M,51.80,FACT 120000Z 23007KT CAVOK 11/09 Q1019 NOSIG,M
FACT,2026-07-12 01:00,51.80,46.40,81.74,240.00,6.00,0.00,30.09,M,6.21,M,M,M,M,M,M,M,M,M,M,M,M,M,M,M,M,51.80,FACT 120100Z 24006KT CAVOK 11/08 Q1019 NOSIG,M
FACT,2026-07-12 02:00,51.80,46.40,81.74,M,4.00,0.00,30.09,M,6.21,M,M,M,M,M,M,M,M,M,M,M,M,M,M,M,M,51.80,FACT 120200Z VRB04KT CAVOK 11/08 Q1019 NOSIG,M
FACT,2026-07-12 03:00,44.60,42.80,93.35,M,1.00,0.00,30.09,M,6.21,M,M,M,M,M,M,M,M,M,M,M,M,M,M,M,M,44.60,FACT 120300Z VRB01KT CAVOK 07/06 Q1019 NOSIG,M
FACT,2026-07-12 04:00,44.60,42.80,93.35,M,2.00,0.00,30.09,M,6.21,M,M,M,M,M,M,M,M,M,M,M,M,M,M,M,M,44.60,FACT 120400Z VRB02KT CAVOK 07/06 Q1019 NOSIG,M
FACT,2026-07-12 05:00,46.40,42.80,87.18,M,3.00,0.00,30.09,M,6.21,M,M,M,M,M,M,M,M,M,M,M,M,M,M,M,M,45.15,FACT 120500Z VRB03KT CAVOK 08/06 Q1019 NOSIG,M
FACT,2026-07-12 05:23,50.00,44.60,81.60,M,3.00,0.00,30.12,M,6.21,M,M,M,M,M,M,M,M,M,M,M,M,M,M,M,M,50.00,FACT 120523Z VRB03KT CAVOK 10/07 Q1020 NOSIG,M
FACT,2026-07-12 06:00,48.20,44.60,87.28,M,2.00,0.00,30.12,M,6.21,M,M,M,M,M,M,M,M,M,M,M,M,M,M,M,M,48.20,FACT 120600Z VRB02KT CAVOK 09/07 Q1020 NOSIG,M
FACT,2026-07-12 07:00,51.80,46.40,81.74,M,3.00,0.00,30.12,M,6.21,M,M,M,M,M,M,M,M,M,M,M,M,M,M,M,M,51.80,FACT 120700Z VRB03KT CAVOK 11/08 Q1020 NOSIG,M
FACT,2026-07-12 07:21,55.40,48.20,76.67,M,3.00,0.00,30.12,M,6.21,M,M,M,M,M,M,M,M,M,M,M,M,M,M,M,M,55.40,FACT 120721Z VRB03KT CAVOK 13/09 Q1020 NOSIG,M
FACT,2026-07-12 08:00,57.20,48.20,71.84,250.00,4.00,0.00,30.15,M,6.21,M,M,M,M,M,M,M,M,M,M,M,M,M,M,M,M,57.20,FACT 120800Z 25004KT CAVOK 14/09 Q1021 NOSIG,M
FACT,2026-07-12 09:00,60.80,48.20,63.16,240.00,4.00,0.00,30.15,M,6.21,M,M,M,M,M,M,M,M,M,M,M,M,M,M,M,M,60.80,FACT 120900Z 24004KT 190V280 CAVOK 16/09 Q1021 NOSIG,M
FACT,2026-07-12 10:00,62.60,48.20,59.27,240.00,5.00,0.00,30.15,M,6.21,M,M,M,M,M,M,M,M,M,M,M,M,M,M,M,M,62.60,FACT 121000Z 24005KT 190V270 CAVOK 17/09 Q1021 NOSIG,M
FACT,2026-07-12 11:00,66.20,46.40,48.85,240.00,6.00,0.00,30.12,M,6.21,M,M,M,M,M,M,M,M,M,M,M,M,M,M,M,M,66.20,FACT 121100Z 24006KT 190V270 CAVOK 19/08 Q1020 NOSIG,M
FACT,2026-07-12 12:00,68.00,46.40,45.91,220.00,6.00,0.00,30.09,M,6.21,M,M,M,M,M,M,M,M,M,M,M,M,M,M,M,M,68.00,FACT 121200Z 22006KT 180V270 CAVOK 20/08 Q1019 NOSIG,M
FACT,2026-07-12 13:00,68.00,46.40,45.91,210.00,6.00,0.00,30.09,M,6.21,M,M,M,M,M,M,M,M,M,M,M,M,M,M,M,M,68.00,FACT 121300Z 21006KT CAVOK 20/08 Q1019 NOSIG,M
FACT,2026-07-12 14:00,68.00,46.40,45.91,190.00,6.00,0.00,30.09,M,6.21,M,M,M,M,M,M,M,M,M,M,M,M,M,M,M,M,68.00,FACT 121400Z 19006KT 150V220 CAVOK 20/08 Q1019 NOSIG,M
FACT,2026-07-12 15:00,66.20,48.20,52.27,240.00,7.00,0.00,30.09,M,6.21,M,M,M,M,M,M,M,M,M,M,M,M,M,M,M,M,66.20,FACT 121500Z 24007KT CAVOK 19/09 Q1019 NOSIG,M
FACT,2026-07-12 16:00,62.60,50.00,63.39,250.00,4.00,0.00,30.09,M,6.21,M,M,M,M,M,M,M,M,M,M,M,M,M,M,M,M,62.60,FACT 121600Z 25004KT 200V290 CAVOK 17/10 Q1019 NOSIG,M
FACT,2026-07-12 17:00,59.00,50.00,72.02,M,3.00,0.00,30.12,M,6.21,M,M,M,M,M,M,M,M,M,M,M,M,M,M,M,M,59.00,FACT 121700Z VRB03KT CAVOK 15/10 Q1020 NOSIG,M
FACT,2026-07-12 18:00,55.40,50.00,82.00,280.00,5.00,0.00,30.12,M,6.21,M,M,M,M,M,M,M,M,M,M,M,M,M,M,M,M,55.40,FACT 121800Z 28005KT 170V300 CAVOK 13/10 Q1020 NOSIG,M
FACT,2026-07-12 19:00,55.40,50.00,82.00,280.00,4.00,0.00,30.15,M,6.21,M,M,M,M,M,M,M,M,M,M,M,M,M,M,M,M,55.40,FACT 121900Z 28004KT 230V310 CAVOK 13/10 Q1021 NOSIG,M
FACT,2026-07-12 20:00,53.60,50.00,87.56,300.00,4.00,0.00,30.15,M,6.21,M,M,M,M,M,M,M,M,M,M,M,M,M,M,M,M,53.60,FACT 122000Z 30004KT CAVOK 12/10 Q1021 NOSIG,M
FACT,2026-07-12 21:00,50.00,48.20,93.50,30.00,3.00,0.00,30.12,M,6.21,M,M,M,M,M,M,M,M,M,M,M,M,M,M,M,M,50.00,FACT 122100Z 03003KT CAVOK 10/09 Q1020 NOSIG,M
FACT,2026-07-12 22:00,48.20,46.40,93.45,M,2.00,0.00,30.15,M,6.21,M,M,M,M,M,M,M,M,M,M,M,M,M,M,M,M,48.20,FACT 122200Z VRB02KT CAVOK 09/08 Q1021 NOSIG,M
FACT,2026-07-12 23:00,48.20,44.60,87.28,290.00,3.00,0.00,30.15,M,6.21,M,M,M,M,M,M,M,M,M,M,M,M,M,M,M,M,47.21,FACT 122300Z 29003KT CAVOK 09/07 Q1021 NOSIG,M
FACT,2026-07-13 00:00,46.40,44.60,93.40,350.00,4.00,0.00,30.12,M,6.21,M,M,M,M,M,M,M,M,M,M,M,M,M,M,M,M,44.24,FACT 130000Z 35004KT CAVOK 08/07 Q1020 NOSIG,M
FACT,2026-07-13 01:00,46.40,44.60,93.40,330.00,4.00,0.00,30.12,M,6.21,M,M,M,M,M,M,M,M,M,M,M,M,M,M,M,M,44.24,FACT 130100Z 33004KT CAVOK 08/07 Q1020 NOSIG,M
FACT,2026-07-13 02:00,44.60,44.60,100.00,20.00,6.00,0.00,30.12,M,6.21,M,M,M,M,M,M,M,M,M,M,M,M,M,M,M,M,40.71,FACT 130200Z 02006KT CAVOK 07/07 Q1020 NOSIG,M
FACT,2026-07-13 03:00,48.20,44.60,87.28,330.00,5.00,0.00,30.12,M,6.21,M,SCT,M,M,M,300.00,M,M,M,M,M,M,M,M,M,M,45.63,COR FACT 130300Z 33005KT 9999 SCT003 09/07 Q1020 BECMG BKN003,M
FACT,2026-07-13 03:10,48.20,46.40,93.45,340.00,5.00,0.00,30.12,M,0.50,M,OVC,M,M,M,200.00,M,M,M,FG,M,M,M,M,M,M,45.63,FACT 130310Z 34005KT 0800 FG OVC002 09/08 Q1020 BECMG 0500,M
FACT,2026-07-13 03:21,48.20,48.20,100.00,360.00,5.00,0.00,30.12,M,0.31,M,VV ,M,M,M,M,M,M,M,FG,M,M,M,M,M,M,45.63,FACT 130321Z 36005KT 330V040 0500 R01/0750 FG VV/// 09/09 Q1020 NOSIG,M
FACT,2026-07-13 03:22,48.20,48.20,100.00,360.00,5.00,0.00,30.12,M,0.31,M,VV ,M,M,M,M,M,M,M,FG,M,M,M,M,M,M,45.63,FACT 130322Z 36005KT 330V040 0500 R01/0750 FG VV/// 09/09 Q1020 NOSIG,M
FACT,2026-07-13 03:55,48.20,48.20,100.00,360.00,5.00,0.00,30.12,M,0.31,M,VV ,M,M,M,M,M,M,M,FG,M,M,M,M,M,M,45.63,FACT 130355Z 36005KT 330V040 0500 R01/0750 FG VV/// 09/09 Q1020 NOSIG,M
FACT,2026-07-13 04:00,48.20,48.20,100.00,360.00,5.00,0.00,30.12,M,0.31,M,VV ,M,M,M,M,M,M,M,FG,M,M,M,M,M,M,45.63,FACT 130400Z 36005KT 330V040 0500 R01/0750 FG VV/// 09/09 Q1020 NOSIG,M
FACT,2026-07-13 04:19,46.40,44.60,93.40,40.00,4.00,0.00,30.12,M,0.06,M,VV ,M,M,M,100.00,M,M,M,FG,M,M,M,M,M,M,44.24,FACT 130419Z 04004KT 0100 R01/0400 FG VV001 08/07 Q1020 NOSIG,M
FACT,2026-07-13 05:00,48.20,48.20,100.00,350.00,4.00,0.00,30.12,M,0.06,M,VV ,M,M,M,100.00,M,M,M,FG,M,M,M,M,M,M,46.34,FACT 130500Z 35004KT 320V020 0100 R01/0550 FG VV001 09/09 Q1020 NOSIG,M
FACT,2026-07-13 05:27,48.20,48.20,100.00,340.00,7.00,0.00,30.15,M,0.12,M,VV ,M,M,M,100.00,M,M,M,FG,M,M,M,M,M,M,44.53,FACT 130527Z 34007KT 0200 R01/0800 FG VV001 09/09 Q1021 NOSIG,M
FACT,2026-07-13 05:57,48.20,48.20,100.00,330.00,7.00,0.00,30.15,M,0.12,M,VV ,M,M,M,100.00,M,M,M,FG,M,M,M,M,M,M,44.53,FACT 130557Z 33007KT 0200 R01/0450 FG VV001 09/09 Q1021 NOSIG,M
FACT,2026-07-13 06:00,48.20,48.20,100.00,330.00,7.00,0.00,30.15,M,0.12,M,VV ,M,M,M,100.00,M,M,M,FG,M,M,M,M,M,M,44.53,FACT 130600Z 33007KT 0200 R01/0450 FG VV001 09/09 Q1021 NOSIG,M
FACT,2026-07-13 06:24,48.20,48.20,100.00,330.00,7.00,0.00,30.15,M,0.06,M,VV ,M,M,M,100.00,M,M,M,DZ,M,M,M,M,M,M,44.53,FACT 130624Z 33007KT 0100 R01/0375 DZ VV001 09/09 Q1021 NOSIG,M
FACT,2026-07-13 06:26,48.20,48.20,100.00,330.00,7.00,0.00,30.15,M,0.06,M,VV ,M,M,M,100.00,M,M,M,FG,M,M,M,M,M,M,44.53,FACT 130626Z 33007KT 0100 R01/0375 FG VV001 09/09 Q1021 NOSIG,M
FACT,2026-07-13 07:00,48.20,48.20,100.00,330.00,8.00,0.00,30.18,M,0.06,M,VV ,M,M,M,100.00,M,M,M,FG,M,M,M,M,M,M,44.07,FACT 130700Z 33008KT 0100 R01/0300 FG VV001 09/09 Q1022 BECMG 3000 BR BKN010,M
FACT,2026-07-13 07:58,48.20,48.20,100.00,340.00,7.00,0.00,30.18,M,0.12,M,VV ,M,M,M,100.00,M,M,M,FG,M,M,M,M,M,M,44.53,FACT 130758Z 34007KT 0200 R01/0400 FG VV001 09/09 Q1022 BECMG 3000 BR BKN010,M
FACT,2026-07-13 08:00,48.20,48.20,100.00,340.00,7.00,0.00,30.18,M,0.12,M,VV ,M,M,M,100.00,M,M,M,FG,M,M,M,M,M,M,44.53,FACT 130800Z 34007KT 0200 R01/0400 FG VV001 09/09 Q1022 BECMG 3000 BR BKN010,M
FACT,2026-07-13 08:29,50.00,50.00,100.00,330.00,7.00,0.00,30.18,M,0.31,M,VV ,M,M,M,100.00,M,M,M,FG,M,M,M,M,M,M,50.00,FACT 130829Z 33007KT 300V360 0500 R01/1000 FG VV001 10/10 Q1022 BECMG 3000 BR BKN010,M
FACT,2026-07-13 09:00,48.20,48.20,100.00,340.00,8.00,0.00,30.18,M,1.24,M,BKN,M,M,M,100.00,M,M,M,BCFG,M,M,M,M,M,M,44.07,FACT 130900Z 34008KT 2000 BCFG BKN001 09/09 Q1022 BECMG 3000 BR BKN010,M
FACT,2026-07-13 09:02,48.20,48.20,100.00,340.00,8.00,0.00,30.18,M,1.24,M,BKN,M,M,M,100.00,M,M,M,BCFG,M,M,M,M,M,M,44.07,FACT 130902Z 34008KT 2000 BCFG BKN001 09/09 Q1022 BECMG 3000 BR BKN010,M
FACT,2026-07-13 09:33,50.00,50.00,100.00,330.00,8.00,0.00,30.18,M,0.43,M,OVC,M,M,M,100.00,M,M,M,FG,M,M,M,M,M,M,50.00,FACT 130933Z 33008KT 300V360 0700 R01/1000 FG OVC001 10/10 Q1022 BECMG 7000 SCT010,M
FACT,2026-07-13 10:00,50.00,50.00,100.00,330.00,8.00,0.00,30.18,M,3.11,M,BKN,M,M,M,200.00,M,M,M,BR,M,M,M,M,M,M,50.00,FACT 131000Z 33008KT 5000 BR BKN002 10/10 Q1022 BECMG 7000 SCT010,M
FACT,2026-07-13 10:01,50.00,50.00,100.00,330.00,8.00,0.00,30.18,M,3.11,M,BKN,M,M,M,200.00,M,M,M,BR,M,M,M,M,M,M,50.00,FACT 131001Z 33008KT 5000 BR BKN002 10/10 Q1022 BECMG 7000 SCT010,M
FACT,2026-07-13 10:31,50.00,50.00,100.00,320.00,7.00,0.00,30.18,M,4.35,M,BKN,M,M,M,300.00,M,M,M,M,M,M,M,M,M,M,50.00,FACT 131031Z 32007KT 7000 BKN003 10/10 Q1022 BECMG SCT010,M
FACT,2026-07-13 10:59,50.00,50.00,100.00,320.00,10.00,0.00,30.15,M,4.97,M,BKN,M,M,M,400.00,M,M,M,M,M,M,M,M,M,M,50.00,FACT 131059Z 32010KT 8000 BKN004 10/10 Q1021 BECMG SCT010,M
FACT,2026-07-13 11:00,50.00,50.00,100.00,320.00,10.00,0.00,30.15,M,4.97,M,BKN,M,M,M,400.00,M,M,M,M,M,M,M,M,M,M,50.00,COR FACT 131100Z 32010KT 8000 BKN004 10/10 Q1021 BECMG SCT010,M
FACT,2026-07-13 11:24,51.80,51.80,100.00,320.00,9.00,0.00,30.15,M,6.21,M,BKN,M,M,M,400.00,M,M,M,M,M,M,M,M,M,M,51.80,FACT 131124Z 32009KT 9999 BKN004 11/11 Q1021 BECMG SCT010,M
FACT,2026-07-13 11:56,51.80,51.80,100.00,310.00,10.00,0.00,30.15,M,6.21,M,SCT,M,M,M,600.00,M,M,M,M,M,M,M,M,M,M,51.80,FACT 131156Z 31010KT 9999 SCT006 11/11 Q1021 NOSIG,M
FACT,2026-07-13 12:00,51.80,51.80,100.00,310.00,10.00,0.00,30.15,M,6.21,M,SCT,M,M,M,600.00,M,M,M,M,M,M,M,M,M,M,51.80,FACT 131200Z 31010KT 9999 SCT006 11/11 Q1021 NOSIG,M
FACT,2026-07-13 13:00,55.40,48.20,76.67,320.00,5.00,0.00,30.12,M,6.21,M,FEW,M,M,M,800.00,M,M,M,M,M,M,M,M,M,M,55.40,FACT 131300Z 32005KT 9999 FEW008 13/09 Q1020 NOSIG,M
FACT,2026-07-13 14:00,55.40,48.20,76.67,310.00,8.00,0.00,30.12,M,6.21,M,FEW,M,M,M,800.00,M,M,M,M,M,M,M,M,M,M,55.40,FACT 131400Z 31008KT 280V360 9999 FEW008 13/09 Q1020 NOSIG,M
FACT,2026-07-13 15:00,53.60,48.20,81.87,320.00,10.00,0.00,30.15,M,6.21,M,FEW,M,M,M,800.00,M,M,M,M,M,M,M,M,M,M,53.60,FACT 131500Z 32010KT 9999 FEW008 12/09 Q1021 NOSIG,M
FACT,2026-07-13 16:00,50.00,48.20,93.50,320.00,10.00,0.00,30.15,M,6.21,M,FEW,M,M,M,800.00,M,M,M,M,M,M,M,M,M,M,50.00,FACT 131600Z 32010KT 9999 FEW008 10/09 Q1021 NOSIG,M
FACT,2026-07-13 17:00,50.00,46.40,87.37,330.00,8.00,0.00,30.15,M,6.21,M,FEW,M,M,M,800.00,M,M,M,M,M,M,M,M,M,M,50.00,FACT 131700Z 33008KT 9999 FEW008 10/08 Q1021 NOSIG,M
FACT,2026-07-13 18:00,48.20,46.40,93.45,330.00,5.00,0.00,30.15,M,4.35,M,SCT,M,M,M,600.00,M,M,M,M,M,M,M,M,M,M,45.63,FACT 131800Z 33005KT 7000 SCT006 09/08 Q1021 BECMG 0500 FG BKN002,M
FACT,2026-07-13 18:26,48.20,46.40,93.45,340.00,7.00,0.00,30.15,M,2.49,M,SCT,M,M,M,600.00,M,M,M,BR,M,M,M,M,M,M,44.53,FACT 131826Z 34007KT 4000 BR SCT006 09/08 Q1021 BECMG 0500 FG BKN002,M
FACT,2026-07-13 19:00,46.40,46.40,100.00,330.00,3.00,0.00,30.18,M,2.49,M,NSC,M,M,M,M,M,M,M,BR,M,M,M,M,M,M,45.15,COR FACT 131900Z 33003KT 4000 BR NSC 08/08 Q1022 BECMG 0500 FG BKN002,M
FACT,2026-07-13 19:48,44.60,44.60,100.00,30.00,4.00,0.00,30.18,M,0.06,M,VV ,M,M,M,100.00,M,M,M,FG,M,M,M,M,M,M,42.13,FACT 131948Z 03004KT 360V060 0100 R01/0125 FG VV001 07/07 Q1022 NOSIG,M
FACT,2026-07-13 19:53,44.60,42.80,93.35,50.00,3.00,0.00,30.18,M,0.06,M,VV ,M,M,M,100.00,M,M,M,FG,M,M,M,M,M,M,43.09,FACT 131953Z 05003KT 0100 R19/0500 FG VV001 07/06 Q1022 NOSIG,M
FACT,2026-07-13 20:00,44.60,42.80,93.35,50.00,3.00,0.00,30.18,M,0.06,M,VV ,M,M,M,100.00,M,M,M,FG,M,M,M,M,M,M,43.09,COR FACT 132000Z 05003KT 0100 R19/0500 FG VV001 07/06 Q1022 NOSIG,M
FACT,2026-07-13 21:00,48.20,48.20,100.00,40.00,6.00,0.00,30.15,M,0.06,M,VV ,M,M,M,100.00,M,M,M,FG,M,M,M,M,M,M,45.04,COR FACT 132100Z 04006KT 0100 R01/0550 FG VV001 09/09 Q1021 NOSIG,M
FACT,2026-07-13 21:05,48.20,48.20,100.00,40.00,6.00,0.00,30.15,M,0.06,M,VV ,M,M,M,100.00,M,M,M,FG,M,M,M,M,M,M,45.04,FACT 132105Z 04006KT 0100 R01/0550 FG VV001 09/09 Q1021 NOSIG,M
FACT,2026-07-13 21:58,46.40,46.40,100.00,10.00,7.00,0.00,30.18,M,0.06,M,VV ,M,M,M,100.00,M,M,M,FG,M,M,M,M,M,M,42.33,FACT 132158Z 01007KT 0100 R01/0800 FG VV001 08/08 Q1022 NOSIG,M
FACT,2026-07-13 22:00,46.40,46.40,100.00,10.00,7.00,0.00,30.18,M,0.06,M,VV ,M,M,M,100.00,M,M,M,FG,M,M,M,M,M,M,42.33,FACT 132200Z 01007KT 0100 R01/0800 FG VV001 08/08 Q1022 NOSIG,M
FACT,2026-07-13 23:00,48.20,48.20,100.00,350.00,4.00,0.00,30.18,M,0.06,M,VV ,M,M,M,100.00,M,M,M,FG,M,M,M,M,M,M,46.34,FACT 132300Z 35004KT 0100 R01/0450 FG VV001 09/09 Q1022 NOSIG,M
FACT,2026-07-14 00:00,46.40,46.40,100.00,50.00,7.00,0.00,30.18,M,0.75,M,BKN,M,M,M,100.00,M,M,M,BR,M,M,M,M,M,M,42.33,COR FACT 140000Z 05007KT 1200 BR BKN001 08/08 Q1022 NOSIG,M
FACT,2026-07-14 00:16,46.40,46.40,100.00,50.00,7.00,0.00,30.18,M,1.24,M,SCT,BKN,M,M,100.00,600.00,M,M,BR,M,M,M,M,M,M,42.33,FACT 140016Z 05007KT 2000 BR SCT001 BKN006 08/08 Q1022 TEMPO 0500 FG,M
FACT,2026-07-14 00:53,46.40,46.40,100.00,60.00,7.00,0.00,30.15,M,0.28,M,VV ,M,M,M,100.00,M,M,M,FG,M,M,M,M,M,M,42.33,FACT 140053Z 06007KT 0450 R01/1100 FG VV001 08/08 Q1021 NOSIG,M
FACT,2026-07-14 01:00,46.40,46.40,100.00,60.00,7.00,0.00,30.15,M,0.28,M,VV ,M,M,M,100.00,M,M,M,FG,M,M,M,M,M,M,42.33,FACT 140100Z 06007KT 0450 R01/1100 FG VV001 08/08 Q1021 NOSIG,M
FACT,2026-07-14 01:59,48.20,48.20,100.00,30.00,6.00,0.00,30.18,M,0.25,M,VV ,M,M,M,100.00,M,M,M,FG,M,M,M,M,M,M,45.04,FACT 140159Z 03006KT 360V060 0400 R01/0900 FG VV001 09/09 Q1022 NOSIG,M
FACT,2026-07-14 02:00,48.20,48.20,100.00,30.00,6.00,0.00,30.18,M,0.25,M,VV ,M,M,M,100.00,M,M,M,FG,M,M,M,M,M,M,45.04,COR FACT 140200Z 03006KT 360V060 0400 R01/0900 FG VV001 09/09 Q1022 NOSIG,M
FACT,2026-07-14 02:37,48.20,48.20,100.00,30.00,6.00,0.00,30.15,M,0.75,M,BKN,M,M,M,300.00,M,M,M,BR,M,M,M,M,M,M,45.04,FACT 140237Z 03006KT 1200 BR BKN003 09/09 Q1021 NOSIG,M
FACT,2026-07-14 03:00,50.00,48.20,93.50,40.00,7.00,0.00,30.15,M,0.75,M,BKN,M,M,M,300.00,M,M,M,BR,M,M,M,M,M,M,50.00,FACT 140300Z 04007KT 1200 BR BKN003 10/09 Q1021 BECMG 0400 FG BKN001,M
FACT,2026-07-14 03:37,48.20,48.20,100.00,40.00,9.00,0.00,30.15,M,2.49,M,FEW,BKN,M,M,200.00,1100.00,M,M,BR,M,M,M,M,M,M,43.66,FACT 140337Z 04009KT 4000 BR FEW002 BKN011 09/09 Q1021 NOSIG,M
FACT,2026-07-14 03:53,48.20,48.20,100.00,40.00,9.00,0.00,30.15,M,2.49,M,FEW,BKN,M,M,200.00,1200.00,M,M,BR,M,M,M,M,M,M,43.66,FACT 140353Z 04009KT 4000 BR FEW002 BKN012 09/09 Q1021 NOSIG,M
FACT,2026-07-14 04:00,48.20,48.20,100.00,40.00,9.00,0.00,30.15,M,2.49,M,FEW,BKN,M,M,200.00,1200.00,M,M,BR,M,M,M,M,M,M,43.66,FACT 140400Z 04009KT 4000 BR FEW002 BKN012 09/09 Q1021 NOSIG,M
FACT,2026-07-14 05:00,48.20,48.20,100.00,30.00,8.00,0.00,30.18,M,2.49,M,SCT,M,M,M,1200.00,M,M,M,BR,M,M,M,M,M,M,44.07,FACT 140500Z 03008KT 4000 BR SCT012 09/09 Q1022 NOSIG,M
FACT,2026-07-14 05:01,48.20,48.20,100.00,30.00,8.00,0.00,30.18,M,2.49,M,SCT,M,M,M,1200.00,M,M,M,BR,M,M,M,M,M,M,44.07,FACT 140501Z 03008KT 4000 BR SCT012 09/09 Q1022 NOSIG,M
FACT,2026-07-14 06:00,48.20,48.20,100.00,40.00,7.00,0.00,30.18,M,2.49,M,SCT,M,M,M,1200.00,M,M,M,BR,M,M,M,M,M,M,44.53,FACT 140600Z 04007KT 4000 BR SCT012 09/09 Q1022 BECMG 8000 NSW,M
FACT,2026-07-14 07:00,50.00,48.20,93.50,30.00,11.00,0.00,30.21,M,2.49,M,SCT,BKN,M,M,400.00,800.00,M,M,BR,M,M,M,M,M,M,50.00,FACT 140700Z 03011KT 4000 BR SCT004 BKN008 10/09 Q1023 TEMPO BKN004,M
FACT,2026-07-14 07:04,50.00,48.20,93.50,30.00,11.00,0.00,30.21,M,2.49,M,SCT,BKN,M,M,400.00,800.00,M,M,BR,M,M,M,M,M,M,50.00,FACT 140704Z 03011KT 4000 BR SCT004 BKN008 10/09 Q1023 TEMPO BKN004,M
FACT,2026-07-14 07:24,50.00,50.00,100.00,30.00,10.00,0.00,30.21,M,2.49,M,OVC,M,M,M,400.00,M,M,M,BR,M,M,M,M,M,M,50.00,FACT 140724Z 03010KT 4000 BR OVC004 10/10 Q1023 NOSIG,M
FACT,2026-07-14 07:58,51.80,50.00,93.55,40.00,10.00,0.00,30.21,M,4.35,M,SCT,BKN,M,M,500.00,2000.00,M,M,M,M,M,M,M,M,M,51.80,FACT 140758Z 04010KT 7000 SCT005 BKN020 11/10 Q1023 NOSIG,M
FACT,2026-07-14 08:00,51.80,50.00,93.55,40.00,10.00,0.00,30.21,M,4.35,M,SCT,BKN,M,M,500.00,2000.00,M,M,M,M,M,M,M,M,M,51.80,FACT 140800Z 04010KT 7000 SCT005 BKN020 11/10 Q1023 NOSIG,M
FACT,2026-07-14 09:00,51.80,50.00,93.55,40.00,11.00,0.00,30.24,M,6.21,M,FEW,BKN,M,M,500.00,2000.00,M,M,M,M,M,M,M,M,M,51.80,FACT 140900Z 04011KT 9999 FEW005 BKN020 11/10 Q1024 NOSIG,M
FACT,2026-07-14 10:00,55.40,48.20,76.67,40.00,12.00,0.00,30.21,M,6.21,M,BKN,M,M,M,2000.00,M,M,M,M,M,M,M,M,M,M,55.40,FACT 141000Z 04012KT 9999 BKN020 13/09 Q1023 NOSIG,M
FACT,2026-07-14 11:00,57.20,50.00,76.83,40.00,11.00,0.00,30.21,M,6.21,M,BKN,M,M,M,2000.00,M,M,M,M,M,M,M,M,M,M,57.20,FACT 141100Z 04011KT 9999 BKN020 14/10 Q1023 NOSIG,M
FACT,2026-07-14 12:00,59.00,50.00,72.02,20.00,8.00,0.00,30.21,M,6.21,M,BKN,M,M,M,2500.00,M,M,M,M,M,M,M,M,M,M,59.00,FACT 141200Z 02008KT 340V040 9999 BKN025 15/10 Q1023 NOSIG,M
FACT,2026-07-14 13:00,60.80,51.80,72.21,320.00,9.00,0.00,30.21,M,6.21,M,FEW,M,M,M,2500.00,M,M,M,M,M,M,M,M,M,M,60.80,FACT 141300Z 32009KT 9999 FEW025 16/11 Q1023 NOSIG,M
FACT,2026-07-14 14:00,59.00,51.80,76.99,330.00,9.00,0.00,30.18,M,6.21,M,FEW,M,M,M,2500.00,M,M,M,M,M,M,M,M,M,M,59.00,FACT 141400Z 33009KT 9999 FEW025 15/11 Q1022 NOSIG,M
FACT,2026-07-14 15:00,57.20,51.80,82.13,340.00,10.00,0.00,30.18,M,6.21,M,FEW,M,M,M,2500.00,M,M,M,M,M,M,M,M,M,M,57.20,FACT 141500Z 34010KT 9999 FEW025 14/11 Q1022 NOSIG,M
FACT,2026-07-14 16:00,55.40,51.80,87.65,320.00,8.00,0.00,30.18,M,6.21,M,FEW,M,M,M,2500.00,M,M,M,M,M,M,M,M,M,M,55.40,FACT 141600Z 32008KT 9999 FEW025 13/11 Q1022 NOSIG,M
FACT,2026-07-14 17:00,53.60,50.00,87.56,330.00,6.00,0.00,30.21,M,6.21,M,FEW,M,M,M,2500.00,M,M,M,M,M,M,M,M,M,M,53.60,FACT 141700Z 33006KT 9999 FEW025 12/10 Q1023 NOSIG,M
FACT,2026-07-14 18:00,55.40,51.80,87.65,350.00,7.00,0.00,30.24,M,6.21,M,BKN,M,M,M,3000.00,M,M,M,M,M,M,M,M,M,M,55.40,FACT 141800Z 35007KT 9999 BKN030 13/11 Q1024 NOSIG,M
FACT,2026-07-14 19:00,55.40,51.80,87.65,350.00,6.00,0.00,30.24,M,6.21,M,BKN,M,M,M,2500.00,M,M,M,M,M,M,M,M,M,M,55.40,FACT 141900Z 35006KT 9999 BKN025 13/11 Q1024 NOSIG,M
FACT,2026-07-14 20:00,55.40,51.80,87.65,340.00,7.00,0.00,30.24,M,6.21,M,BKN,M,M,M,2500.00,M,M,M,M,M,M,M,M,M,M,55.40,FACT 142000Z 34007KT 9999 BKN025 13/11 Q1024 NOSIG,M
FACT,2026-07-14 21:00,53.60,50.00,87.56,350.00,5.00,0.00,30.24,M,6.21,M,SCT,M,M,M,2500.00,M,M,M,M,M,M,M,M,M,M,53.60,FACT 142100Z 35005KT 9999 SCT025 12/10 Q1024 NOSIG,M
FACT,2026-07-14 22:00,53.60,50.00,87.56,M,2.00,0.00,30.24,M,6.21,M,BKN,M,M,M,2000.00,M,M,M,M,M,M,M,M,M,M,53.60,FACT 142200Z VRB02KT 9999 BKN020 12/10 Q1024 NOSIG,M
FACT,2026-07-14 23:00,55.40,50.00,82.00,M,3.00,0.00,30.24,M,6.21,M,BKN,M,M,M,1600.00,M,M,M,M,M,M,M,M,M,M,55.40,COR FACT 142300Z VRB03KT 9999 BKN016 13/10 Q1024 NOSIG,M
FACT,2026-07-15 00:00,55.40,51.80,87.65,360.00,5.00,0.00,30.24,M,5.59,M,BKN,M,M,M,1600.00,M,M,M,M,M,M,M,M,M,M,55.40,FACT 150000Z 36005KT 340V040 9000 BKN016 13/11 Q1024 NOSIG,M
FACT,2026-07-15 01:00,53.60,50.00,87.56,30.00,8.00,0.00,30.24,M,6.21,M,BKN,M,M,M,1600.00,M,M,M,M,M,M,M,M,M,M,53.60,FACT 150100Z 03008KT 9999 BKN016 12/10 Q1024 NOSIG,M
FACT,2026-07-15 02:00,55.40,50.00,82.00,30.00,8.00,0.00,30.24,M,6.21,M,BKN,M,M,M,1600.00,M,M,M,M,M,M,M,M,M,M,55.40,FACT 150200Z 03008KT 9999 BKN016 13/10 Q1024 NOSIG,M
FACT,2026-07-15 03:00,55.40,50.00,82.00,30.00,5.00,0.00,30.24,M,6.21,M,BKN,M,M,M,1600.00,M,M,M,M,M,M,M,M,M,M,55.40,FACT 150300Z 03005KT 9999 BKN016 13/10 Q1024 NOSIG,M
FACT,2026-07-15 03:57,55.40,50.00,82.00,20.00,5.00,0.00,30.24,M,4.97,M,BKN,M,M,M,1200.00,M,M,M,-RA,M,M,M,M,M,M,55.40,FACT 150357Z 02005KT 8000 -RA BKN012 13/10 Q1024 NOSIG,M
FACT,2026-07-15 04:00,55.40,50.00,82.00,20.00,5.00,0.00,30.24,M,4.97,M,BKN,M,M,M,1200.00,M,M,M,-RA,M,M,M,M,M,M,55.40,COR FACT 150400Z 02005KT 8000 -RA BKN012 13/10 Q1024 NOSIG,M
FACT,2026-07-15 05:00,53.60,50.00,87.56,30.00,7.00,0.00,30.27,M,3.73,M,BKN,M,M,M,1200.00,M,M,M,-DZ,M,M,M,M,M,M,53.60,FACT 150500Z 03007KT 6000 -DZ BKN012 12/10 Q1025 NOSIG,M
FACT,2026-07-15 05:27,53.60,51.80,93.60,30.00,9.00,0.00,30.27,M,4.35,M,BKN,M,M,M,900.00,M,M,M,-DZ,M,M,M,M,M,M,53.60,FACT 150527Z 03009KT 7000 -DZ BKN009 12/11 Q1025 NOSIG,M
FACT,2026-07-15 06:00,55.40,51.80,87.65,20.00,9.00,0.00,30.27,M,4.35,M,BKN,M,M,M,900.00,M,M,M,-DZ,M,M,M,M,M,M,55.40,FACT 150600Z 02009KT 7000 -DZ BKN009 13/11 Q1025 NOSIG,M
FACT,2026-07-15 06:58,55.40,51.80,87.65,30.00,9.00,0.00,30.30,M,6.21,M,BKN,M,M,M,1300.00,M,M,M,M,M,M,M,M,M,M,55.40,FACT 150658Z 03009KT 9999 BKN013 13/11 Q1026 NOSIG,M
FACT,2026-07-15 07:00,55.40,51.80,87.65,30.00,9.00,0.00,30.30,M,6.21,M,BKN,M,M,M,1300.00,M,M,M,M,M,M,M,M,M,M,55.40,FACT 150700Z 03009KT 9999 BKN013 13/11 Q1026 NOSIG,M
FACT,2026-07-15 07:54,57.20,53.60,87.75,50.00,8.00,0.00,30.30,M,6.21,M,BKN,M,M,M,2000.00,M,M,M,M,M,M,M,M,M,M,57.20,FACT 150754Z 05008KT 9999 BKN020 14/12 Q1026 NOSIG,M
FACT,2026-07-15 08:00,57.20,53.60,87.75,50.00,8.00,0.00,30.30,M,6.21,M,BKN,M,M,M,2000.00,M,M,M,M,M,M,M,M,M,M,57.20,FACT 150800Z 05008KT 9999 BKN020 14/12 Q1026 NOSIG,M
FACT,2026-07-15 09:00,60.80,51.80,72.21,30.00,9.00,0.00,30.30,M,6.21,M,FEW,BKN,M,M,2000.00,3000.00,M,M,M,M,M,M,M,M,M,60.80,FACT 150900Z 03009KT 9999 FEW020 BKN030 16/11 Q1026 NOSIG,M
FACT,2026-07-15 10:00,62.60,53.60,72.40,360.00,10.00,0.00,30.30,M,6.21,M,FEW,BKN,M,M,2000.00,3000.00,M,M,M,M,M,M,M,M,M,62.60,FACT 151000Z 36010KT 320V020 9999 FEW020 BKN030 17/12 Q1026 NOSIG,M
FACT,2026-07-15 11:00,62.60,53.60,72.40,330.00,12.00,0.00,30.30,M,6.21,M,SCT,BKN,M,M,2500.00,3500.00,M,M,M,M,M,M,M,M,M,62.60,FACT 151100Z 33012KT 9999 SCT025 BKN035 17/12 Q1026 NOSIG,M
FACT,2026-07-15 12:00,60.80,53.60,77.15,310.00,11.00,0.00,30.27,M,6.21,M,SCT,BKN,M,M,2500.00,3500.00,M,M,M,M,M,M,M,M,M,60.80,FACT 151200Z 31011KT 9999 SCT025 BKN035 16/12 Q1025 NOSIG,M
FACT,2026-07-15 13:00,62.60,53.60,72.40,320.00,10.00,0.00,30.27,M,6.21,M,FEW,BKN,M,M,2500.00,4000.00,M,M,M,M,M,M,M,M,M,62.60,FACT 151300Z 32010KT 9999 FEW025 BKN040 17/12 Q1025 NOSIG,M
FACT,2026-07-15 14:00,60.80,53.60,77.15,320.00,11.00,0.00,30.27,M,6.21,M,FEW,BKN,M,M,2500.00,4000.00,M,M,M,M,M,M,M,M,M,60.80,FACT 151400Z 32011KT 9999 FEW025 BKN040 16/12 Q1025 NOSIG,M
FACT,2026-07-15 15:00,59.00,53.60,82.26,330.00,9.00,0.00,30.27,M,6.21,M,SCT,BKN,M,M,2000.00,3500.00,M,M,M,M,M,M,M,M,M,59.00,FACT 151500Z 33009KT 9999 SCT020 BKN035 15/12 Q1025 NOSIG,M
FACT,2026-07-15 16:00,59.00,53.60,82.26,320.00,9.00,0.00,30.30,M,6.21,M,SCT,BKN,M,M,2000.00,3500.00,M,M,M,M,M,M,M,M,M,59.00,FACT 151600Z 32009KT 9999 SCT020 BKN035 15/12 Q1026 NOSIG,M
FACT,2026-07-15 17:00,59.00,53.60,82.26,310.00,9.00,0.00,30.30,M,6.21,M,BKN,M,M,M,2500.00,M,M,M,M,M,M,M,M,M,M,59.00,FACT 151700Z 31009KT 9999 BKN025 15/12 Q1026 NOSIG,M
FACT,2026-07-15 18:00,55.40,53.60,93.65,350.00,6.00,0.00,30.30,M,6.21,M,BKN,M,M,M,2000.00,M,M,M,M,M,M,M,M,M,M,55.40,FACT 151800Z 35006KT 9999 BKN020 13/12 Q1026 NOSIG,M
FACT,2026-07-15 19:00,55.40,55.40,100.00,350.00,4.00,0.00,30.30,M,6.21,M,SCT,M,M,M,2500.00,M,M,M,M,M,M,M,M,M,M,55.40,FACT 151900Z 35004KT 9999 SCT025 13/13 Q1026 NOSIG,M
FACT,2026-07-15 20:00,57.20,55.40,93.70,310.00,5.00,0.00,30.33,M,2.49,M,SCT,M,M,M,300.00,M,M,M,BR,M,M,M,M,M,M,57.20,FACT 152000Z 31005KT 4000 R01/P1500 BR SCT003 14/13 Q1027 TEMPO 2000,M
FACT,2026-07-15 20:01,57.20,55.40,93.70,310.00,5.00,0.00,30.33,M,2.49,M,SCT,M,M,M,300.00,M,M,M,BR,M,M,M,M,M,M,57.20,COR FACT 152001Z 31005KT 4000 R01/P1500 BR SCT003 14/13 Q1027 TEMPO 2000,M
FACT,2026-07-15 21:00,57.20,57.20,100.00,M,2.00,0.00,30.33,M,0.31,M,OVC,M,M,M,300.00,M,M,M,FG,M,M,M,M,M,M,57.20,FACT 152100Z VRB02KT 0500 R01/0700 FG OVC003 14/14 Q1027 NOSIG,M
FACT,2026-07-15 21:01,57.20,57.20,100.00,M,2.00,0.00,30.33,M,0.31,M,OVC,M,M,M,300.00,M,M,M,FG,M,M,M,M,M,M,57.20,FACT 152101Z VRB02KT 0500 R01/0700 FG OVC003 14/14 Q1027 NOSIG,M
FACT,2026-07-15 22:00,55.40,55.40,100.00,M,2.00,0.00,30.33,M,0.31,M,OVC,M,M,M,300.00,M,M,M,FG,M,M,M,M,M,M,55.40,FACT 152200Z VRB02KT 0500 FG OVC003 13/13 Q1027 NOSIG,M
FACT,2026-07-15 23:00,55.40,55.40,100.00,M,2.00,0.00,30.30,M,0.31,M,OVC,M,M,M,300.00,M,M,M,FG,M,M,M,M,M,M,55.40,FACT 152300Z VRB02KT 0500 R01/0550 FG OVC003 13/13 Q1026 NOSIG,M
FACT,2026-07-15 23:58,55.40,55.40,100.00,M,2.00,0.00,30.30,M,3.73,M,OVC,M,M,M,400.00,M,M,M,M,M,M,M,M,M,M,55.40,FACT 152358Z VRB02KT 6000 OVC004 13/13 Q1026 NOSIG,M
FACT,2026-07-16 00:00,55.40,55.40,100.00,M,2.00,0.00,30.30,M,3.73,M,OVC,M,M,M,400.00,M,M,M,M,M,M,M,M,M,M,55.40,FACT 160000Z VRB02KT 6000 OVC004 13/13 Q1026 NOSIG,M
FACT,2026-07-16 01:00,57.20,57.20,100.00,M,2.00,0.00,30.33,M,3.73,M,OVC,M,M,M,300.00,M,M,M,M,M,M,M,M,M,M,57.20,FACT 160100Z VRB02KT 6000 OVC003 14/14 Q1027 NOSIG,M
FACT,2026-07-16 02:00,55.40,55.40,100.00,M,4.00,0.00,30.30,M,3.73,M,OVC,M,M,M,300.00,M,M,M,M,M,M,M,M,M,M,55.40,FACT 160200Z VRB04KT 6000 OVC003 13/13 Q1026 NOSIG,M
FACT,2026-07-16 03:00,55.40,55.40,100.00,360.00,3.00,0.00,30.30,M,3.73,M,BKN,M,M,M,400.00,M,M,M,M,M,M,M,M,M,M,55.40,FACT 160300Z 36003KT 6000 BKN004 13/13 Q1026 TEMPO 4000 BR,M
FACT,2026-07-16 04:00,55.40,55.40,100.00,M,3.00,0.00,30.30,M,3.73,M,BKN,M,M,M,400.00,M,M,M,M,M,M,M,M,M,M,55.40,FACT 160400Z VRB03KT 6000 BKN004 13/13 Q1026 TEMPO 4000 BR,M
FACT,2026-07-16 04:54,55.40,55.40,100.00,M,3.00,0.00,30.30,M,2.49,M,OVC,M,M,M,400.00,M,M,M,BR,M,M,M,M,M,M,55.40,FACT 160454Z VRB03KT 4000 BR OVC004 13/13 Q1026 NOSIG,M
FACT,2026-07-16 05:00,55.40,55.40,100.00,M,3.00,0.00,30.30,M,2.49,M,OVC,M,M,M,400.00,M,M,M,BR,M,M,M,M,M,M,55.40,FACT 160500Z VRB03KT 4000 BR OVC004 13/13 Q1026 NOSIG,M
FACT,2026-07-16 05:53,55.40,55.40,100.00,M,1.00,0.00,30.30,M,1.24,M,OVC,M,M,M,400.00,M,M,M,BR,M,M,M,M,M,M,55.40,FACT 160553Z VRB01KT 2000 BR OVC004 13/13 Q1026 NOSIG,M
FACT,2026-07-16 06:00,55.40,55.40,100.00,M,1.00,0.00,30.30,M,1.24,M,OVC,M,M,M,400.00,M,M,M,BR,M,M,M,M,M,M,55.40,FACT 160600Z VRB01KT 2000 BR OVC004 13/13 Q1026 NOSIG,M
FACT,2026-07-16 07:00,55.40,55.40,100.00,M,1.00,0.00,30.33,M,1.24,M,OVC,M,M,M,400.00,M,M,M,BR,M,M,M,M,M,M,55.40,FACT 160700Z VRB01KT 2000 R01/0900 BR OVC004 13/13 Q1027 NOSIG,M
FACT,2026-07-16 07:57,55.40,55.40,100.00,M,3.00,0.00,30.30,M,1.86,M,FEW,M,M,M,400.00,M,M,M,BR,M,M,M,M,M,M,55.40,FACT 160757Z VRB03KT 3000 BR FEW004 13/13 Q1026 NOSIG,M
FACT,2026-07-16 08:00,55.40,55.40,100.00,M,3.00,0.00,30.30,M,1.86,M,FEW,M,M,M,400.00,M,M,M,BR,M,M,M,M,M,M,55.40,FACT 160800Z VRB03KT 3000 BR FEW004 13/13 Q1026 NOSIG,M
FACT,2026-07-16 08:57,57.20,53.60,87.75,M,3.00,0.00,30.33,M,2.49,M,NSC,M,M,M,M,M,M,M,BR,M,M,M,M,M,M,57.20,FACT 160857Z VRB03KT 4000 BR NSC 14/12 Q1027 NOSIG,M
FACT,2026-07-16 09:00,57.20,53.60,87.75,M,3.00,0.00,30.33,M,2.49,M,NSC,M,M,M,M,M,M,M,BR,M,M,M,M,M,M,57.20,FACT 160900Z VRB03KT 4000 BR NSC 14/12 Q1027 NOSIG,M
FACT,2026-07-16 09:27,60.80,53.60,77.15,M,3.00,0.00,30.30,M,4.35,M,NSC,M,M,M,M,M,M,M,M,M,M,M,M,M,M,60.80,FACT 160927Z VRB03KT 7000 NSC 16/12 Q1026 NOSIG,M
FACT,2026-07-16 10:00,62.60,53.60,72.40,M,3.00,0.00,30.30,M,4.97,M,NSC,M,M,M,M,M,M,M,M,M,M,M,M,M,M,62.60,FACT 161000Z VRB03KT 8000 NSC 17/12 Q1026 NOSIG,M
FACT,2026-07-16 11:00,66.20,53.60,63.85,320.00,4.00,0.00,30.27,M,6.21,M,M,M,M,M,M,M,M,M,M,M,M,M,M,M,M,66.20,FACT 161100Z 32004KT CAVOK 19/12 Q1025 NOSIG,M
FACT,2026-07-16 12:00,66.20,53.60,63.85,320.00,5.00,0.00,30.24,M,6.21,M,M,M,M,M,M,M,M,M,M,M,M,M,M,M,M,66.20,FACT 161200Z 32005KT CAVOK 19/12 Q1024 NOSIG,M
FACT,2026-07-16 13:00,64.40,53.60,67.97,310.00,7.00,0.00,30.24,M,6.21,M,M,M,M,M,M,M,M,M,M,M,M,M,M,M,M,64.40,FACT 161300Z 31007KT CAVOK 18/12 Q1024 NOSIG,M
FACT,2026-07-16 14:00,66.20,53.60,63.85,M,5.00,0.00,30.24,M,6.21,M,M,M,M,M,M,M,M,M,M,M,M,M,M,M,M,66.20,FACT 161400Z VRB05KT CAVOK 19/12 Q1024 NOSIG,M
FACT,2026-07-16 15:00,62.60,51.80,67.76,330.00,8.00,0.00,30.24,M,6.21,M,M,M,M,M,M,M,M,M,M,M,M,M,M,M,M,62.60,FACT 161500Z 33008KT 300V010 CAVOK 17/11 Q1024 NOSIG,M
FACT,2026-07-16 16:00,59.00,51.80,76.99,M,3.00,0.00,30.24,M,6.21,M,M,M,M,M,M,M,M,M,M,M,M,M,M,M,M,59.00,FACT 161600Z VRB03KT CAVOK 15/11 Q1024 NOSIG,M
FACT,2026-07-16 17:00,55.40,50.00,82.00,M,3.00,0.00,30.24,M,6.21,M,M,M,M,M,M,M,M,M,M,M,M,M,M,M,M,55.40,FACT 161700Z VRB03KT CAVOK 13/10 Q1024 NOSIG,M
FACT,2026-07-16 17:58,55.40,51.80,87.65,M,3.00,0.00,30.24,M,2.49,M,NSC,M,M,M,M,M,M,M,BR,M,M,M,M,M,M,55.40,FACT 161758Z VRB03KT 4000 BR NSC 13/11 Q1024 NOSIG,M
FACT,2026-07-16 18:00,55.40,51.80,87.65,M,3.00,0.00,30.24,M,2.49,M,NSC,M,M,M,M,M,M,M,BR,M,M,M,M,M,M,55.40,FACT 161800Z VRB03KT 4000 BR NSC 13/11 Q1024 NOSIG,M
FACT,2026-07-16 18:22,53.60,51.80,93.60,120.00,5.00,0.00,30.27,M,6.21,M,M,M,M,M,M,M,M,M,M,M,M,M,M,M,M,53.60,FACT 161822Z 12005KT CAVOK 12/11 Q1025 NOSIG,M
FACT,2026-07-16 19:00,53.60,53.60,100.00,90.00,7.00,0.00,30.24,M,6.21,M,M,M,M,M,M,M,M,M,M,M,M,M,M,M,M,53.60,FACT 161900Z 09007KT CAVOK 12/12 Q1024 TEMPO 4000 BR,M
FACT,2026-07-16 20:00,53.60,53.60,100.00,M,2.00,0.00,30.27,M,3.73,M,NSC,M,M,M,M,M,M,M,M,M,M,M,M,M,M,53.60,FACT 162000Z VRB02KT 6000 NSC 12/12 Q1025 TEMPO 5000,M
FACT,2026-07-16 20:10,51.80,50.00,93.55,140.00,3.00,0.00,30.27,M,0.50,M,NSC,M,M,M,M,M,M,M,FG,M,M,M,M,M,M,51.80,FACT 162010Z 14003KT 0800 R19/0350 FG NSC 11/10 Q1025 NOSIG,M
FACT,2026-07-16 20:50,53.60,53.60,100.00,120.00,5.00,0.00,30.24,M,0.50,M,NSC,M,M,M,M,M,M,M,FG,M,M,M,M,M,M,53.60,FACT 162050Z 12005KT 0800 R01/0650 FG NSC 12/12 Q1024 NOSIG,M
FACT,2026-07-16 21:00,53.60,53.60,100.00,120.00,5.00,0.00,30.24,M,0.50,M,NSC,M,M,M,M,M,M,M,FG,M,M,M,M,M,M,53.60,FACT 162100Z 12005KT 0800 R01/0650 FG NSC 12/12 Q1024 NOSIG,M
FACT,2026-07-16 21:51,50.00,50.00,100.00,180.00,5.00,0.00,30.27,M,0.50,M,NSC,M,M,M,M,M,M,M,FG,M,M,M,M,M,M,50.00,FACT 162151Z 18005KT 150V230 0800 FG NSC 10/10 Q1025 NOSIG,M
FACT,2026-07-16 22:00,50.00,50.00,100.00,180.00,5.00,0.00,30.27,M,0.50,M,NSC,M,M,M,M,M,M,M,FG,M,M,M,M,M,M,50.00,FACT 162200Z 18005KT 150V230 0800 FG NSC 10/10 Q1025 NOSIG,M
FACT,2026-07-16 22:52,51.80,51.80,100.00,M,2.00,0.00,30.24,M,1.24,M,BKN,M,M,M,800.00,M,M,M,BR,M,M,M,M,M,M,51.80,FACT 162252Z VRB02KT 2000 BR BKN008 11/11 Q1024 BECMG 3000,M
FACT,2026-07-16 23:00,51.80,51.80,100.00,M,2.00,0.00,30.24,M,1.24,M,BKN,M,M,M,800.00,M,M,M,BR,M,M,M,M,M,M,51.80,FACT 162300Z VRB02KT 2000 BR BKN008 11/11 Q1024 BECMG 3000,M
FACT,2026-07-17 00:00,53.60,53.60,100.00,140.00,3.00,0.00,30.21,M,1.24,M,BKN,M,M,M,800.00,M,M,M,BR,M,M,M,M,M,M,53.60,FACT 170000Z 14003KT 2000 BR BKN008 12/12 Q1023 BECMG 3000,M
FACT,2026-07-17 01:00,55.40,55.40,100.00,150.00,4.00,0.00,30.21,M,1.24,M,BKN,M,M,M,800.00,M,M,M,BR,M,M,M,M,M,M,55.40,FACT 170100Z 15004KT 2000 BR BKN008 13/13 Q1023 BECMG 3000,M
FACT,2026-07-17 02:00,55.40,55.40,100.00,160.00,5.00,0.00,30.21,M,6.21,M,OVC,M,M,M,800.00,M,M,M,M,M,M,M,M,M,M,55.40,FACT 170200Z 16005KT 9999 OVC008 13/13 Q1023 NOSIG,M
FACT,2026-07-17 02:02,55.40,55.40,100.00,160.00,5.00,0.00,30.21,M,6.21,M,OVC,M,M,M,800.00,M,M,M,M,M,M,M,M,M,M,55.40,FACT 170202Z 16005KT 9999 OVC008 13/13 Q1023 NOSIG,M
FACT,2026-07-17 03:00,55.40,55.40,100.00,150.00,5.00,0.00,30.18,M,6.21,M,BKN,M,M,M,800.00,M,M,M,M,M,M,M,M,M,M,55.40,FACT 170300Z 15005KT 9999 BKN008 13/13 Q1022 NOSIG,M
FACT,2026-07-17 04:00,57.20,55.40,93.70,180.00,6.00,0.00,30.21,M,6.21,M,BKN,M,M,M,800.00,M,M,M,M,M,M,M,M,M,M,57.20,FACT 170400Z 18006KT 9999 BKN008 14/13 Q1023 NOSIG,M
FACT,2026-07-17 04:27,55.40,55.40,100.00,160.00,4.00,0.00,30.18,M,4.97,M,BKN,M,M,M,500.00,M,M,M,M,M,M,M,M,M,M,55.40,FACT 170427Z 16004KT 8000 BKN005 13/13 Q1022 NOSIG,M
FACT,2026-07-17 05:00,55.40,55.40,100.00,M,3.00,0.00,30.21,M,3.73,M,BKN,M,M,M,400.00,M,M,M,M,M,M,M,M,M,M,55.40,FACT 170500Z VRB03KT 6000 BKN004 13/13 Q1023 NOSIG,M
FACT,2026-07-17 05:28,55.40,55.40,100.00,M,2.00,0.00,30.18,M,1.24,M,BKN,M,M,M,400.00,M,M,M,BR,M,M,M,M,M,M,55.40,FACT 170528Z VRB02KT 2000 BR BKN004 13/13 Q1022 BECMG 6000,M
FACT,2026-07-17 05:55,55.40,55.40,100.00,130.00,3.00,0.00,30.18,M,0.56,M,OVC,M,M,M,400.00,M,M,M,FG,M,M,M,M,M,M,55.40,FACT 170555Z 13003KT 0900 R01/0900 FG OVC004 13/13 Q1022 NOSIG,M
FACT,2026-07-17 06:00,55.40,55.40,100.00,130.00,3.00,0.00,30.18,M,0.56,M,OVC,M,M,M,400.00,M,M,M,FG,M,M,M,M,M,M,55.40,FACT 170600Z 13003KT 0900 R01/0900 FG OVC004 13/13 Q1022 NOSIG,M
FACT,2026-07-17 07:00,55.40,55.40,100.00,M,2.00,0.00,30.21,M,0.56,M,OVC,M,M,M,400.00,M,M,M,-DZ FG,M,M,M,M,M,M,55.40,FACT 170700Z VRB02KT 0900 R01/0900 -DZ FG OVC004 13/13 Q1023 BECMG 1200 BR,M
FACT,2026-07-17 07:25,57.20,57.20,100.00,M,1.00,0.00,30.21,M,0.31,M,OVC,M,M,M,400.00,M,M,M,FG,M,M,M,M,M,M,57.20,FACT 170725Z VRB01KT 0500 R01/1000 FG OVC004 14/14 Q1023 NOSIG,M
FACT,2026-07-17 07:57,57.20,57.20,100.00,M,2.00,0.00,30.21,M,0.93,M,BKN,M,M,M,400.00,M,M,M,BR,M,M,M,M,M,M,57.20,FACT 170757Z VRB02KT 1500 BR BKN004 14/14 Q1023 BECMG 5000,M
FACT,2026-07-17 08:00,57.20,57.20,100.00,M,2.00,0.00,30.21,M,0.93,M,BKN,M,M,M,400.00,M,M,M,BR,M,M,M,M,M,M,57.20,FACT 170800Z VRB02KT 1500 BR BKN004 14/14 Q1023 BECMG 5000,M
FACT,2026-07-17 08:27,57.20,57.20,100.00,M,3.00,0.00,30.21,M,2.17,M,BKN,M,M,M,400.00,M,M,M,BR,M,M,M,M,M,M,57.20,FACT 170827Z VRB03KT 3500 BR BKN004 14/14 Q1023 BECMG 6000,M
FACT,2026-07-17 08:59,57.20,57.20,100.00,190.00,5.00,0.00,30.21,M,3.11,M,BKN,M,M,M,800.00,M,M,M,BR,M,M,M,M,M,M,57.20,FACT 170859Z 19005KT 5000 BR BKN008 14/14 Q1023 NOSIG,M
FACT,2026-07-17 09:00,57.20,57.20,100.00,190.00,5.00,0.00,30.21,M,3.11,M,BKN,M,M,M,800.00,M,M,M,BR,M,M,M,M,M,M,57.20,FACT 170900Z 19005KT 5000 BR BKN008 14/14 Q1023 NOSIG,M
FACT,2026-07-17 09:54,57.20,57.20,100.00,M,3.00,0.00,30.21,M,4.97,M,BKN,M,M,M,800.00,M,M,M,M,M,M,M,M,M,M,57.20,FACT 170954Z VRB03KT 8000 BKN008 14/14 Q1023 NOSIG,M
FACT,2026-07-17 10:00,57.20,57.20,100.00,M,3.00,0.00,30.21,M,4.97,M,BKN,M,M,M,800.00,M,M,M,M,M,M,M,M,M,M,57.20,FACT 171000Z VRB03KT 8000 BKN008 14/14 Q1023 NOSIG,M
FACT,2026-07-17 11:00,60.80,55.40,82.38,M,2.00,0.00,30.18,M,6.21,M,BKN,M,M,M,800.00,M,M,M,M,M,M,M,M,M,M,60.80,FACT 171100Z VRB02KT 9999 BKN008 16/13 Q1022 BECMG SCT020,M
FACT,2026-07-17 11:31,62.60,55.40,77.31,M,2.00,0.00,30.15,M,6.21,M,SCT,M,M,M,1200.00,M,M,M,M,M,M,M,M,M,M,62.60,FACT 171131Z VRB02KT 9999 SCT012 17/13 Q1021 BECMG SCT020,M
FACT,2026-07-17 12:00,64.40,57.20,77.46,M,2.00,0.00,30.15,M,6.21,M,FEW,M,M,M,1600.00,M,M,M,M,M,M,M,M,M,M,64.40,FACT 171200Z VRB02KT 9999 FEW016 18/14 Q1021 NOSIG,M
FACT,2026-07-17 13:00,68.00,55.40,64.07,M,2.00,0.00,30.12,M,6.21,M,M,M,M,M,M,M,M,M,M,M,M,M,M,M,M,68.00,FACT 171300Z VRB02KT CAVOK 20/13 Q1020 NOSIG,M
FACT,2026-07-17 14:00,66.20,53.60,63.85,M,2.00,0.00,30.12,M,6.21,M,M,M,M,M,M,M,M,M,M,M,M,M,M,M,M,66.20,FACT 171400Z VRB02KT CAVOK 19/12 Q1020 NOSIG,M
FACT,2026-07-17 14:44,57.20,55.40,93.70,150.00,7.00,0.00,30.12,M,1.55,M,BKN,M,M,M,500.00,M,M,M,BR,M,M,M,M,M,M,57.20,FACT 171444Z 15007KT 2500 R01/0800 BR BKN005 14/13 Q1020 TEMPO 0200 FG BKN001,M
FACT,2026-07-17 15:00,57.20,55.40,93.70,150.00,5.00,0.00,30.12,M,0.37,M,VV ,M,M,M,100.00,M,M,M,FG,M,M,M,M,M,M,57.20,FACT 171500Z 15005KT 0600 R01/0900 FG VV001 14/13 Q1020 NOSIG,M
FACT,2026-07-17 15:01,57.20,55.40,93.70,150.00,5.00,0.00,30.12,M,0.37,M,VV ,M,M,M,100.00,M,M,M,FG,M,M,M,M,M,M,57.20,FACT 171501Z 15005KT 0600 R01/0900 FG VV001 14/13 Q1020 NOSIG,M
FACT,2026-07-17 15:27,55.40,55.40,100.00,140.00,4.00,0.00,30.12,M,0.19,M,VV ,M,M,M,100.00,M,M,M,FG,M,M,M,M,M,M,55.40,FACT 171527Z 14004KT 0300 R01/0700 FG VV001 13/13 Q1020 NOSIG,M
FACT,2026-07-17 16:00,57.20,57.20,100.00,150.00,6.00,0.00,30.12,M,0.25,M,VV ,M,M,M,100.00,M,M,M,FG,M,M,M,M,M,M,57.20,FACT 171600Z 15006KT 0400 R01/1000 FG VV001 14/14 Q1020 NOSIG,M
FACT,2026-07-17 16:59,57.20,57.20,100.00,140.00,3.00,0.00,30.12,M,1.55,M,OVC,M,M,M,300.00,M,M,M,BR,M,M,M,M,M,M,57.20,FACT 171659Z 14003KT 2500 BR OVC003 14/14 Q1020 BECMG 5000 BR,M
FACT,2026-07-17 17:00,57.20,57.20,100.00,140.00,3.00,0.00,30.12,M,1.55,M,OVC,M,M,M,300.00,M,M,M,BR,M,M,M,M,M,M,57.20,FACT 171700Z 14003KT 2500 BR OVC003 14/14 Q1020 BECMG 5000 BR,M
FACT,2026-07-17 17:16,57.20,57.20,100.00,140.00,3.00,0.00,30.12,M,2.49,M,OVC,M,M,M,400.00,M,M,M,BR,M,M,M,M,M,M,57.20,FACT 171716Z 14003KT 4000 BR OVC004 14/14 Q1020 BECMG 5000 BR,M
FACT,2026-07-17 17:57,57.20,57.20,100.00,150.00,7.00,0.00,30.12,M,3.73,M,OVC,M,M,M,400.00,M,M,M,M,M,M,M,M,M,M,57.20,FACT 171757Z 15007KT 6000 OVC004 14/14 Q1020 NOSIG,M
FACT,2026-07-17 18:00,57.20,57.20,100.00,150.00,7.00,0.00,30.12,M,3.73,M,OVC,M,M,M,400.00,M,M,M,M,M,M,M,M,M,M,57.20,FACT 171800Z 15007KT 6000 OVC004 14/14 Q1020 NOSIG,M
FACT,2026-07-17 18:27,57.20,57.20,100.00,140.00,4.00,0.00,30.12,M,3.73,M,OVC,M,M,M,600.00,M,M,M,M,M,M,M,M,M,M,57.20,FACT 171827Z 14004KT 6000 OVC006 14/14 Q1020 NOSIG,M
FACT,2026-07-17 19:00,57.20,57.20,100.00,150.00,5.00,0.00,30.12,M,4.35,M,OVC,M,M,M,600.00,M,M,M,M,M,M,M,M,M,M,57.20,FACT 171900Z 15005KT 7000 OVC006 14/14 Q1020 NOSIG,M
FACT,2026-07-17 20:00,57.20,57.20,100.00,150.00,4.00,0.00,30.12,M,6.21,M,BKN,M,M,M,800.00,M,M,M,M,M,M,M,M,M,M,57.20,FACT 172000Z 15004KT 9999 BKN008 14/14 Q1020 NOSIG,M
FACT,2026-07-17 20:06,57.20,57.20,100.00,150.00,4.00,0.00,30.12,M,6.21,M,BKN,M,M,M,800.00,M,M,M,M,M,M,M,M,M,M,57.20,FACT 172006Z 15004KT 9999 BKN008 14/14 Q1020 NOSIG,M
FACT,2026-07-17 21:00,57.20,53.60,87.75,140.00,4.00,0.00,30.12,M,6.21,M,BKN,M,M,M,800.00,M,M,M,M,M,M,M,M,M,M,57.20,FACT 172100Z 14004KT 9999 BKN008 14/12 Q1020 NOSIG,M
FACT,2026-07-17 22:00,57.20,53.60,87.75,150.00,4.00,0.00,30.12,M,6.21,M,BKN,M,M,M,800.00,M,M,M,M,M,M,M,M,M,M,57.20,FACT 172200Z 15004KT 9999 BKN008 14/12 Q1020 NOSIG,M
FACT,2026-07-17 23:00,57.20,53.60,87.75,160.00,4.00,0.00,30.09,M,6.21,M,BKN,M,M,M,800.00,M,M,M,M,M,M,M,M,M,M,57.20,FACT 172300Z 16004KT 9999 BKN008 14/12 Q1019 NOSIG,M
FACT,2026-07-18 00:00,55.40,53.60,93.65,170.00,4.00,0.00,30.09,M,6.21,M,BKN,M,M,M,800.00,M,M,M,M,M,M,M,M,M,M,55.40,FACT 180000Z 17004KT 9999 BKN008 13/12 Q1019 NOSIG,M
FACT,2026-07-18 01:00,57.20,53.60,87.75,170.00,4.00,0.00,30.09,M,6.21,M,BKN,M,M,M,800.00,M,M,M,M,M,M,M,M,M,M,57.20,COR FACT 180100Z 17004KT 9999 BKN008 14/12 Q1019 NOSIG,M
FACT,2026-07-18 02:00,57.20,53.60,87.75,M,3.00,0.00,30.09,M,6.21,M,BKN,M,M,M,800.00,M,M,M,M,M,M,M,M,M,M,57.20,FACT 180200Z VRB03KT 9999 BKN008 14/12 Q1019 NOSIG,M
FACT,2026-07-18 03:00,57.20,53.60,87.75,M,2.00,0.00,30.06,M,6.21,M,BKN,M,M,M,800.00,M,M,M,M,M,M,M,M,M,M,57.20,FACT 180300Z VRB02KT 9999 BKN008 14/12 Q1018 NOSIG,M
FACT,2026-07-18 04:00,55.40,51.80,87.65,M,2.00,0.00,30.06,M,6.21,M,BKN,M,M,M,800.00,M,M,M,M,M,M,M,M,M,M,55.40,FACT 180400Z VRB02KT 9999 BKN008 13/11 Q1018 NOSIG,M
FACT,2026-07-18 05:00,55.40,51.80,87.65,290.00,4.00,0.00,30.09,M,6.21,M,BKN,M,M,M,800.00,M,M,M,M,M,M,M,M,M,M,55.40,FACT 180500Z 29004KT 9999 BKN008 13/11 Q1019 NOSIG,M
FACT,2026-07-18 06:00,55.40,51.80,87.65,M,3.00,0.00,30.09,M,6.21,M,BKN,M,M,M,800.00,M,M,M,M,M,M,M,M,M,M,55.40,FACT 180600Z VRB03KT 9999 BKN008 13/11 Q1019 NOSIG,M
FACT,2026-07-18 07:00,55.40,51.80,87.65,360.00,4.00,0.00,30.09,M,3.73,M,OVC,M,M,M,800.00,M,M,M,M,M,M,M,M,M,M,55.40,FACT 180700Z 36004KT 320V030 6000 OVC008 13/11 Q1019 BECMG 0500 FG,M
FACT,2026-07-18 08:00,55.40,51.80,87.65,M,1.00,0.00,30.12,M,4.97,M,OVC,M,M,M,900.00,M,M,M,M,M,M,M,M,M,M,55.40,FACT 180800Z VRB01KT 8000 OVC009 13/11 Q1020 NOSIG,M
FACT,2026-07-18 08:30,57.20,53.60,87.75,50.00,4.00,0.00,30.12,M,5.59,M,OVC,M,M,M,1100.00,M,M,M,M,M,M,M,M,M,M,57.20,FACT 180830Z 05004KT 020V100 9000 OVC011 14/12 Q1020 NOSIG,M
FACT,2026-07-18 09:00,59.00,51.80,76.99,M,3.00,0.00,30.12,M,6.21,M,OVC,M,M,M,1200.00,M,M,M,M,M,M,M,M,M,M,59.00,FACT 180900Z VRB03KT 9999 OVC012 15/11 Q1020 NOSIG,M
FACT,2026-07-18 09:57,59.00,51.80,76.99,330.00,8.00,0.00,30.12,M,6.21,M,BKN,M,M,M,1600.00,M,M,M,M,M,M,M,M,M,M,59.00,FACT 180957Z 33008KT 300V010 9999 BKN016 15/11 Q1020 NOSIG,M
FACT,2026-07-18 10:00,59.00,51.80,76.99,330.00,8.00,0.00,30.12,M,6.21,M,BKN,M,M,M,1600.00,M,M,M,M,M,M,M,M,M,M,59.00,FACT 181000Z 33008KT 300V010 9999 BKN016 15/11 Q1020 NOSIG,M
FACT,2026-07-18 11:00,60.80,50.00,67.55,350.00,12.00,0.00,30.09,M,6.21,M,BKN,M,M,M,2000.00,M,M,M,M,M,M,M,M,M,M,60.80,FACT 181100Z 35012KT 9999 BKN020 16/10 Q1019 NOSIG,M
FACT,2026-07-18 12:00,60.80,50.00,67.55,330.00,11.00,0.00,30.06,M,6.21,M,SCT,M,M,M,2200.00,M,M,M,M,M,M,M,M,M,M,60.80,FACT 181200Z 33011KT 9999 SCT022 16/10 Q1018 NOSIG,M
FACT,2026-07-18 13:00,60.80,50.00,67.55,310.00,12.00,0.00,30.06,M,6.21,M,SCT,M,M,M,2500.00,M,M,M,M,M,M,M,M,M,M,60.80,FACT 181300Z 31012KT 9999 SCT025 16/10 Q1018 NOSIG,M
FACT,2026-07-18 14:00,60.80,50.00,67.55,310.00,9.00,0.00,30.06,M,6.21,M,SCT,M,M,M,2500.00,M,M,M,M,M,M,M,M,M,M,60.80,FACT 181400Z 31009KT 9999 SCT025 16/10 Q1018 NOSIG,M
FACT,2026-07-18 15:00,59.00,50.00,72.02,320.00,10.00,0.00,30.06,M,6.21,M,BKN,M,M,M,2500.00,M,M,M,M,M,M,M,M,M,M,59.00,FACT 181500Z 32010KT 9999 BKN025 15/10 Q1018 NOSIG,M
FACT,2026-07-18 16:00,59.00,50.00,72.02,310.00,8.00,0.00,30.06,M,6.21,M,BKN,M,M,M,2000.00,M,M,M,M,M,M,M,M,M,M,59.00,FACT 181600Z 31008KT 9999 BKN020 15/10 Q1018 NOSIG,M
FACT,2026-07-18 17:00,57.20,50.00,76.83,350.00,6.00,0.00,30.06,M,6.21,M,BKN,M,M,M,2000.00,M,M,M,M,M,M,M,M,M,M,57.20,FACT 181700Z 35006KT 9999 BKN020 14/10 Q1018 NOSIG,M
FACT,2026-07-18 18:00,57.20,50.00,76.83,340.00,8.00,0.00,30.06,M,6.21,M,BKN,M,M,M,2000.00,M,M,M,M,M,M,M,M,M,M,57.20,FACT 181800Z 34008KT 300V010 9999 BKN020 14/10 Q1018 NOSIG,M
FACT,2026-07-18 19:00,55.40,50.00,82.00,350.00,6.00,0.00,30.09,M,6.21,M,BKN,M,M,M,2000.00,M,M,M,M,M,M,M,M,M,M,55.40,FACT 181900Z 35006KT 9999 BKN020 13/10 Q1019 NOSIG,M
FACT,2026-07-18 20:00,51.80,48.20,87.47,30.00,7.00,0.00,30.09,M,6.21,M,FEW,M,M,M,2500.00,M,M,M,M,M,M,M,M,M,M,51.80,FACT 182000Z 03007KT 9999 FEW025 11/09 Q1019 NOSIG,M
FACT,2026-07-18 21:00,50.00,48.20,93.50,40.00,7.00,0.00,30.09,M,6.21,M,SCT,M,M,M,2500.00,M,M,M,M,M,M,M,M,M,M,50.00,FACT 182100Z 04007KT 9999 SCT025 10/09 Q1019 NOSIG,M
FACT,2026-07-18 22:00,51.80,50.00,93.55,40.00,6.00,0.00,30.06,M,6.21,M,FEW,M,M,M,2500.00,M,M,M,M,M,M,M,M,M,M,51.80,FACT 182200Z 04006KT 9999 FEW025 11/10 Q1018 NOSIG,M
FACT,2026-07-18 23:00,53.60,50.00,87.56,20.00,9.00,0.00,30.06,M,6.21,M,FEW,M,M,M,2500.00,M,M,M,M,M,M,M,M,M,M,53.60,FACT 182300Z 02009KT 9999 FEW025 12/10 Q1018 NOSIG,M
FACT,2026-07-19 00:00,53.60,51.80,93.60,10.00,7.00,0.00,30.06,M,6.21,M,BKN,M,M,M,2500.00,M,M,M,M,M,M,M,M,M,M,53.60,FACT 190000Z 01007KT 9999 BKN025 12/11 Q1018 NOSIG,M
FACT,2026-07-19 01:00,55.40,50.00,82.00,20.00,9.00,0.00,30.06,M,6.21,M,BKN,M,M,M,2500.00,M,M,M,M,M,M,M,M,M,M,55.40,FACT 190100Z 02009KT 9999 BKN025 13/10 Q1018 NOSIG,M
FACT,2026-07-19 02:00,53.60,50.00,87.56,30.00,8.00,0.00,30.06,M,6.21,M,BKN,M,M,M,2500.00,M,M,M,M,M,M,M,M,M,M,53.60,FACT 190200Z 03008KT 9999 BKN025 12/10 Q1018 NOSIG,M
FACT,2026-07-19 03:00,53.60,50.00,87.56,40.00,8.00,0.00,30.06,M,6.21,M,BKN,M,M,M,3000.00,M,M,M,M,M,M,M,M,M,M,53.60,FACT 190300Z 04008KT 9999 BKN030 12/10 Q1018 NOSIG,M
FACT,2026-07-19 04:00,53.60,50.00,87.56,40.00,13.00,0.00,30.03,M,6.21,M,BKN,M,M,M,3000.00,M,M,M,M,M,M,M,M,M,M,53.60,FACT 190400Z 04013KT 9999 BKN030 12/10 Q1017 NOSIG,M
FACT,2026-07-19 05:00,55.40,50.00,82.00,30.00,11.00,0.00,30.06,M,6.21,M,BKN,M,M,M,3400.00,M,M,M,M,M,M,M,M,M,M,55.40,FACT 190500Z 03011KT 9999 BKN034 13/10 Q1018 NOSIG,M
FACT,2026-07-19 06:00,53.60,48.20,81.87,20.00,13.00,0.00,30.06,M,6.21,M,BKN,M,M,M,3400.00,M,M,M,M,M,M,M,M,M,M,53.60,FACT 190600Z 02013KT 9999 BKN034 12/09 Q1018 NOSIG,M
FACT,2026-07-19 07:00,55.40,50.00,82.00,30.00,15.00,0.00,30.09,M,6.21,M,SCT,BKN,M,M,2600.00,3400.00,M,M,M,M,M,M,M,M,M,55.40,FACT 190700Z 03015KT 9999 SCT026 BKN034 13/10 Q1019 NOSIG,M
FACT,2026-07-19 08:00,55.40,50.00,82.00,40.00,14.00,0.00,30.09,M,6.21,M,BKN,M,M,M,2000.00,M,M,M,M,M,M,M,M,M,M,55.40,FACT 190800Z 04014KT 9999 BKN020 13/10 Q1019 NOSIG,M
FACT,2026-07-19 09:00,57.20,51.80,82.13,10.00,12.00,0.00,30.12,M,2.49,M,BKN,OVC,M,M,1000.00,2500.00,M,M,-RA,M,M,M,M,M,M,57.20,COR FACT 190900Z 01012KT 340V040 4000 -RA BKN010 OVC025 14/11 Q1020 NOSIG,M
FACT,2026-07-19 09:07,57.20,51.80,82.13,10.00,12.00,0.00,30.12,M,2.49,M,BKN,M,M,M,1000.00,M,M,M,-RA,M,M,M,M,M,M,57.20,FACT 190907Z 01012KT 340V040 4000 -RA BKN010 14/11 Q1020 NOSIG,M
FACT,2026-07-19 09:09,57.20,51.80,82.13,10.00,12.00,0.00,30.12,M,2.49,M,BKN,OVC,M,M,1000.00,2500.00,M,M,-RA,M,M,M,M,M,M,57.20,FACT 190909Z 01012KT 340V040 4000 -RA BKN010 OVC025 14/11 Q1020 NOSIG,M
FACT,2026-07-19 10:00,55.40,53.60,93.65,30.00,11.00,0.00,30.09,M,1.55,M,BKN,OVC,M,M,800.00,2000.00,M,M,-RA,M,M,M,M,M,M,55.40,FACT 191000Z 03011KT 2500 -RA BKN008 OVC020 13/12 Q1019 BECMG 4500,M
FACT,2026-07-19 10:02,55.40,53.60,93.65,30.00,11.00,0.00,30.09,M,1.55,M,BKN,OVC,M,M,800.00,2000.00,M,M,-RA,M,M,M,M,M,M,55.40,FACT 191002Z 03011KT 2500 -RA BKN008 OVC020 13/12 Q1019 BECMG 4500,M
FACT,2026-07-19 10:32,57.20,55.40,93.70,350.00,8.00,0.00,30.09,M,1.55,M,BKN,OVC,M,M,800.00,2000.00,M,M,+DZ,M,M,M,M,M,M,57.20,FACT 191032Z 35008KT 310V030 2500 +DZ BKN008 OVC020 14/13 Q1019 NOSIG,M
FACT,2026-07-19 11:00,57.20,55.40,93.70,330.00,12.00,0.00,30.09,M,1.55,M,BKN,OVC,M,M,800.00,2000.00,M,M,-DZ,M,M,M,M,M,M,57.20,FACT 191100Z 33012KT 2500 -DZ BKN008 OVC020 14/13 Q1019 REDZ NOSIG,M
FACT,2026-07-19 11:01,57.20,55.40,93.70,330.00,12.00,0.00,30.09,M,1.55,M,BKN,OVC,M,M,800.00,2000.00,M,M,-DZ,M,M,M,M,M,M,57.20,FACT 191101Z 33012KT 2500 -DZ BKN008 OVC020 14/13 Q1019 REDZ NOSIG,M
FACT,2026-07-19 11:24,57.20,55.40,93.70,320.00,14.00,0.00,30.09,M,2.49,M,BKN,OVC,M,M,800.00,2000.00,M,M,-RA,M,M,M,M,M,M,57.20,FACT 191124Z 32014KT 4000 -RA BKN008 OVC020 14/13 Q1019 NOSIG,M
FACT,2026-07-19 11:25,57.20,55.40,93.70,320.00,14.00,0.00,30.09,M,2.49,M,BKN,OVC,M,M,800.00,2000.00,M,M,-RA,M,M,M,M,M,M,57.20,FACT 191125Z 32014KT 4000 -RA BKN008 OVC020 14/13 Q1019 NOSIG,M
FACT,2026-07-19 12:00,57.20,55.40,93.70,330.00,9.00,0.00,30.09,M,2.49,M,BKN,OVC,M,M,800.00,2000.00,M,M,DZ,M,M,M,M,M,M,57.20,FACT 191200Z 33009KT 290V350 4000 DZ BKN008 OVC020 14/13 Q1019 NOSIG,M
FACT,2026-07-19 12:01,57.20,55.40,93.70,330.00,9.00,0.00,30.09,M,2.49,M,BKN,OVC,M,M,800.00,2000.00,M,M,DZ,M,M,M,M,M,M,57.20,FACT 191201Z 33009KT 290V350 4000 DZ BKN008 OVC020 14/13 Q1019 NOSIG,M
FACT,2026-07-19 13:00,57.20,55.40,93.70,320.00,16.00,0.00,30.06,M,2.49,M,BKN,OVC,M,M,800.00,2500.00,M,M,-DZ,M,M,M,M,M,M,57.20,FACT 191300Z 32016KT 4000 -DZ BKN008 OVC025 14/13 Q1018 NOSIG,M
FACT,2026-07-19 13:27,57.20,55.40,93.70,330.00,13.00,0.00,30.06,M,4.35,M,SCT,BKN,M,M,1000.00,2500.00,M,M,M,M,M,M,M,M,M,57.20,FACT 191327Z 33013KT 7000 SCT010 BKN025 14/13 Q1018 NOSIG,M
FACT,2026-07-19 14:00,57.20,57.20,100.00,320.00,12.00,0.00,30.06,M,6.21,M,SCT,BKN,M,M,1000.00,2500.00,M,M,M,M,M,M,M,M,M,57.20,FACT 191400Z 32012KT 9999 SCT010 BKN025 14/14 Q1018 NOSIG,M
FACT,2026-07-19 15:00,57.20,55.40,93.70,330.00,11.00,0.00,30.06,M,6.21,M,SCT,BKN,M,M,1000.00,2500.00,M,M,M,M,M,M,M,M,M,57.20,FACT 191500Z 33011KT 9999 SCT010 BKN025 14/13 Q1018 NOSIG,M
FACT,2026-07-19 16:00,55.40,55.40,100.00,330.00,9.00,0.00,30.09,M,6.21,M,FEW,M,M,M,800.00,M,M,M,M,M,M,M,M,M,M,55.40,FACT 191600Z 33009KT 9999 FEW008 13/13 Q1019 NOSIG,M
FACT,2026-07-19 16:27,55.40,53.60,93.65,340.00,8.00,0.00,30.09,M,6.21,M,BKN,M,M,M,600.00,M,M,M,M,M,M,M,M,M,M,55.40,FACT 191627Z 34008KT 9999 BKN006 13/12 Q1019 BECMG 2000 BR,M
FACT,2026-07-19 17:00,55.40,55.40,100.00,340.00,8.00,0.00,30.09,M,6.21,M,BKN,M,M,M,600.00,M,M,M,M,M,M,M,M,M,M,55.40,FACT 191700Z 34008KT 9999 BKN006 13/13 Q1019 BECMG 2000 BR,M
FACT,2026-07-19 18:00,53.60,53.60,100.00,340.00,6.00,0.00,30.12,M,6.21,M,BKN,M,M,M,600.00,M,M,M,M,M,M,M,M,M,M,53.60,FACT 191800Z 34006KT 9999 BKN006 12/12 Q1020 BECMG 2000 BR,M
FACT,2026-07-19 18:23,53.60,53.60,100.00,310.00,6.00,0.00,30.12,M,2.49,M,BKN,M,M,M,400.00,M,M,M,BR,M,M,M,M,M,M,53.60,FACT 191823Z 31006KT 4000 BR BKN004 12/12 Q1020 BECMG 2000 BR,M
FACT,2026-07-19 18:26,53.60,53.60,100.00,310.00,6.00,0.00,30.12,M,2.49,M,BKN,M,M,M,400.00,M,M,M,BR,M,M,M,M,M,M,53.60,FACT 191826Z 31006KT 4000 BR BKN004 12/12 Q1020 BECMG 2000,M
FACT,2026-07-19 18:59,55.40,53.60,93.65,320.00,5.00,0.00,30.15,M,1.24,M,BKN,M,M,M,200.00,M,M,M,BR,M,M,M,M,M,M,55.40,FACT 191859Z 32005KT 2000 BR BKN002 13/12 Q1021 NOSIG,M
FACT,2026-07-19 19:00,55.40,53.60,93.65,320.00,5.00,0.00,30.15,M,1.24,M,BKN,M,M,M,200.00,M,M,M,BR,M,M,M,M,M,M,55.40,FACT 191900Z 32005KT 2000 BR BKN002 13/12 Q1021 NOSIG,M
FACT,2026-07-19 20:00,50.00,50.00,100.00,M,2.00,0.00,30.15,M,1.24,M,SCT,M,M,M,200.00,M,M,M,BR,M,M,M,M,M,M,50.00,FACT 192000Z VRB02KT 2000 R01/0375 BR SCT002 10/10 Q1021 NOSIG,M
FACT,2026-07-19 20:37,48.20,48.20,100.00,40.00,7.00,0.00,30.12,M,0.12,M,VV ,M,M,M,100.00,M,M,M,FG,M,M,M,M,M,M,44.53,FACT 192037Z 04007KT 0200 R01/0450 FG VV001 09/09 Q1020 NOSIG,M
FACT,2026-07-19 20:57,50.00,50.00,100.00,30.00,8.00,0.00,30.12,M,0.87,M,BKN,M,M,M,200.00,M,M,M,BR,M,M,M,M,M,M,50.00,FACT 192057Z 03008KT 1400 R01/0700 BR BKN002 10/10 Q1020 BECMG 3000,M
FACT,2026-07-19 21:00,50.00,50.00,100.00,30.00,8.00,0.00,30.12,M,0.87,M,BKN,M,M,M,200.00,M,M,M,BR,M,M,M,M,M,M,50.00,FACT 192100Z 03008KT 1400 R01/0700 BR BKN002 10/10 Q1020 BECMG 3000,M
FACT,2026-07-19 22:00,50.00,50.00,100.00,30.00,7.00,0.00,30.12,M,0.43,M,BKN,M,M,M,200.00,M,M,M,FG,M,M,M,M,M,M,50.00,FACT 192200Z 03007KT 0700 R01/0650 FG BKN002 10/10 Q1020 NOSIG,M
FACT,2026-07-19 22:03,50.00,50.00,100.00,30.00,7.00,0.00,30.12,M,0.43,M,BKN,M,M,M,200.00,M,M,M,FG,M,M,M,M,M,M,50.00,FACT 192203Z 03007KT 0700 R01/0650 FG BKN002 10/10 Q1020 NOSIG,M
FACT,2026-07-19 22:58,51.80,51.80,100.00,20.00,8.00,0.00,30.12,M,0.43,M,BKN,M,M,M,200.00,M,M,M,FG,M,M,M,M,M,M,51.80,FACT 192258Z 02008KT 0700 R01/1100 FG BKN002 11/11 Q1020 NOSIG,M
FACT,2026-07-19 23:00,51.80,51.80,100.00,20.00,8.00,0.00,30.12,M,0.43,M,BKN,M,M,M,200.00,M,M,M,FG,M,M,M,M,M,M,51.80,FACT 192300Z 02008KT 0700 R01/1100 FG BKN002 11/11 Q1020 NOSIG,M
FACT,2026-07-20 00:00,51.80,51.80,100.00,20.00,10.00,0.00,30.09,M,1.24,M,BKN,M,M,M,200.00,M,M,M,BR,M,M,M,M,M,M,51.80,FACT 200000Z 02010KT 2000 R01/1400 BR BKN002 11/11 Q1019 NOSIG,M
FACT,2026-07-20 00:01,51.80,51.80,100.00,20.00,10.00,0.00,30.09,M,1.24,M,BKN,M,M,M,200.00,M,M,M,BR,M,M,M,M,M,M,51.80,FACT 200001Z 02010KT 2000 R01/1400 BR BKN002 11/11 Q1019 NOSIG,M
FACT,2026-07-20 00:42,51.80,51.80,100.00,10.00,9.00,0.00,30.09,M,3.73,M,BKN,M,M,M,300.00,M,M,M,M,M,M,M,M,M,M,51.80,FACT 200042Z 01009KT 6000 BKN003 11/11 Q1019 NOSIG,M
FACT,2026-07-20 01:00,51.80,51.80,100.00,10.00,9.00,0.00,30.09,M,4.35,M,BKN,M,M,M,400.00,M,M,M,M,M,M,M,M,M,M,51.80,FACT 200100Z 01009KT 7000 BKN004 11/11 Q1019 TEMPO 2000 BR,M
FACT,2026-07-20 02:00,51.80,51.80,100.00,20.00,8.00,0.00,30.09,M,6.21,M,BKN,M,M,M,400.00,M,M,M,M,M,M,M,M,M,M,51.80,FACT 200200Z 02008KT 9999 BKN004 11/11 Q1019 NOSIG,M
FACT,2026-07-20 02:29,51.80,50.00,93.55,20.00,8.00,0.00,30.09,M,6.21,M,FEW,SCT,M,M,300.00,3100.00,M,M,M,M,M,M,M,M,M,51.80,FACT 200229Z 02008KT 9999 FEW003 SCT031 11/10 Q1019 NOSIG,M
FACT,2026-07-20 03:00,51.80,51.80,100.00,20.00,8.00,0.00,30.09,M,6.21,M,BKN,M,M,M,2800.00,M,M,M,M,M,M,M,M,M,M,51.80,FACT 200300Z 02008KT 9999 BKN028 11/11 Q1019 NOSIG,M
FACT,2026-07-20 04:00,51.80,51.80,100.00,20.00,7.00,0.00,30.09,M,6.21,M,BKN,M,M,M,2600.00,M,M,M,M,M,M,M,M,M,M,51.80,FACT 200400Z 02007KT 9999 BKN026 11/11 Q1019 NOSIG,M
FACT,2026-07-20 05:00,51.80,50.00,93.55,30.00,8.00,0.00,30.09,M,6.21,M,FEW,BKN,M,M,2000.00,3000.00,M,M,M,M,M,M,M,M,M,51.80,FACT 200500Z 03008KT 9999 FEW020 BKN030 11/10 Q1019 NOSIG,M
FACT,2026-07-20 06:00,51.80,51.80,100.00,40.00,9.00,0.00,30.09,M,6.21,M,BKN,M,M,M,3000.00,M,M,M,M,M,M,M,M,M,M,51.80,FACT 200600Z 04009KT 9999 BKN030 11/11 Q1019 NOSIG,M
FACT,2026-07-20 07:00,51.80,51.80,100.00,40.00,10.00,0.00,30.09,M,6.21,M,BKN,M,M,M,3500.00,M,M,M,M,M,M,M,M,M,M,51.80,FACT 200700Z 04010KT 9999 BKN035 11/11 Q1019 NOSIG,M
FACT,2026-07-20 08:00,53.60,51.80,93.60,20.00,9.00,0.00,30.09,M,6.21,M,BKN,M,M,M,3000.00,M,M,M,M,M,M,M,M,M,M,53.60,FACT 200800Z 02009KT 9999 BKN030 12/11 Q1019 NOSIG,M
FACT,2026-07-20 08:27,57.20,51.80,82.13,10.00,9.00,0.00,30.09,M,6.21,M,FEW,M,M,M,3000.00,M,M,M,M,M,M,M,M,M,M,57.20,FACT 200827Z 01009KT 9999 FEW030 14/11 Q1019 NOSIG,M
FACT,2026-07-20 09:00,57.20,51.80,82.13,10.00,10.00,0.00,30.09,M,6.21,M,FEW,M,M,M,3000.00,M,M,M,M,M,M,M,M,M,M,57.20,FACT 200900Z 01010KT 9999 FEW030 14/11 Q1019 NOSIG,M
FACT,2026-07-20 10:00,59.00,51.80,76.99,10.00,9.00,0.00,30.06,M,6.21,M,SCT,M,M,M,2500.00,M,M,M,M,M,M,M,M,M,M,59.00,FACT 201000Z 01009KT 9999 SCT025 15/11 Q1018 NOSIG,M
FACT,2026-07-20 11:00,60.80,51.80,72.21,340.00,9.00,0.00,30.06,M,6.21,M,SCT,M,M,M,2500.00,M,M,M,M,M,M,M,M,M,M,60.80,FACT 201100Z 34009KT 9999 SCT025 16/11 Q1018 NOSIG,M
FACT,2026-07-20 12:00,60.80,51.80,72.21,310.00,12.00,0.00,30.03,M,6.21,M,SCT,M,M,M,2500.00,M,M,M,M,M,M,M,M,M,M,60.80,COR FACT 201200Z 31012KT 9999 SCT025 16/11 Q1017 NOSIG,M
FACT,2026-07-20 13:00,60.80,51.80,72.21,320.00,11.00,0.00,30.03,M,6.21,M,FEW,BKN,M,M,2800.00,4000.00,M,M,M,M,M,M,M,M,M,60.80,FACT 201300Z 32011KT 280V340 9999 FEW028 BKN040 16/11 Q1017 NOSIG,M
FACT,2026-07-20 14:00,60.80,51.80,72.21,310.00,11.00,0.00,30.03,M,6.21,M,FEW,SCT,M,M,3000.00,4500.00,M,M,M,M,M,M,M,M,M,60.80,FACT 201400Z 31011KT 280V340 9999 FEW030 SCT045 16/11 Q1017 NOSIG,M
FACT,2026-07-20 15:00,59.00,51.80,76.99,330.00,11.00,0.00,30.03,M,6.21,M,FEW,SCT,M,M,3000.00,4000.00,M,M,M,M,M,M,M,M,M,59.00,FACT 201500Z 33011KT 9999 FEW030 SCT040 15/11 Q1017 NOSIG,M
FACT,2026-07-20 16:00,57.20,50.00,76.83,330.00,7.00,0.00,30.03,M,6.21,M,FEW,BKN,M,M,3000.00,4500.00,M,M,M,M,M,M,M,M,M,57.20,FACT 201600Z 33007KT 9999 FEW030 BKN045 14/10 Q1017 NOSIG,M
FACT,2026-07-20 17:00,55.40,51.80,87.65,10.00,7.00,0.00,30.06,M,6.21,M,FEW,M,M,M,3600.00,M,M,M,M,M,M,M,M,M,M,55.40,FACT 201700Z 01007KT 9999 FEW036 13/11 Q1018 NOSIG,M
FACT,2026-07-20 18:00,53.60,50.00,87.56,M,3.00,0.00,30.06,M,6.21,M,FEW,BKN,M,M,2500.00,5000.00,M,M,M,M,M,M,M,M,M,53.60,FACT 201800Z VRB03KT 9999 FEW025 BKN050 12/10 Q1018 NOSIG,M
FACT,2026-07-20 19:00,53.60,50.00,87.56,M,3.00,0.00,30.06,M,6.21,M,BKN,M,M,M,4000.00,M,M,M,M,M,M,M,M,M,M,53.60,FACT 201900Z VRB03KT 9999 BKN040 12/10 Q1018 NOSIG,M
FACT,2026-07-20 20:00,55.40,50.00,82.00,300.00,4.00,0.00,30.06,M,6.21,M,BKN,M,M,M,3500.00,M,M,M,M,M,M,M,M,M,M,55.40,FACT 202000Z 30004KT 9999 BKN035 13/10 Q1018 NOSIG,M
FACT,2026-07-20 21:00,55.40,50.00,82.00,40.00,1.00,0.00,30.09,M,6.21,M,BKN,M,M,M,3000.00,M,M,M,M,M,M,M,M,M,M,55.40,FACT 202100Z 04001KT 9999 BKN030 13/10 Q1019 NOSIG,M
FACT,2026-07-20 22:00,53.60,50.00,87.56,40.00,3.00,0.00,30.06,M,6.21,M,BKN,M,M,M,2500.00,M,M,M,M,M,M,M,M,M,M,53.60,FACT 202200Z 04003KT 9999 BKN025 12/10 Q1018 NOSIG,M
FACT,2026-07-20 23:00,51.80,48.20,87.47,30.00,5.00,0.00,30.06,M,6.21,M,BKN,M,M,M,1600.00,M,M,M,M,M,M,M,M,M,M,51.80,FACT 202300Z 03005KT 9999 BKN016 11/09 Q1018 NOSIG,M
FACT,2026-07-21 00:00,50.00,46.40,87.37,40.00,6.00,0.00,30.06,M,6.21,M,FEW,M,M,M,3000.00,M,M,M,M,M,M,M,M,M,M,50.00,FACT 210000Z 04006KT 9999 FEW030 10/08 Q1018 NOSIG,M
FACT,2026-07-21 01:00,48.20,46.40,93.45,M,3.00,0.00,30.06,M,6.21,M,M,M,M,M,M,M,M,M,M,M,M,M,M,M,M,47.21,FACT 210100Z VRB03KT CAVOK 09/08 Q1018 NOSIG,M
FACT,2026-07-21 02:00,48.20,46.40,93.45,40.00,3.00,0.00,30.06,M,6.21,M,M,M,M,M,M,M,M,M,M,M,M,M,M,M,M,47.21,FACT 210200Z 04003KT CAVOK 09/08 Q1018 NOSIG,M
FACT,2026-07-21 02:26,48.20,46.40,93.45,40.00,4.00,0.00,30.06,M,2.49,M,NSC,M,M,M,M,M,M,M,BR,M,M,M,M,M,M,46.34,FACT 210226Z 04004KT 4000 BR NSC 09/08 Q1018 NOSIG,M
FACT,2026-07-21 03:00,46.40,46.40,100.00,M,2.00,0.00,30.06,M,2.49,M,NSC,M,M,M,M,M,M,M,BR,M,M,M,M,M,M,46.40,FACT 210300Z VRB02KT 4000 R01/0400 BR NSC 08/08 Q1018 NOSIG,M
FACT,2026-07-21 03:01,46.40,46.40,100.00,M,2.00,0.00,30.06,M,2.49,M,NSC,M,M,M,M,M,M,M,BR,M,M,M,M,M,M,46.40,FACT 210301Z VRB02KT 4000 R01/0400 BR NSC 08/08 Q1018 NOSIG,M
FACT,2026-07-21 03:30,46.40,46.40,100.00,60.00,6.00,0.00,30.06,M,3.73,M,SCT,M,M,M,1000.00,M,M,M,M,M,M,M,M,M,M,42.87,FACT 210330Z 06006KT 6000 SCT010 08/08 Q1018 NOSIG,M
FACT,2026-07-21 04:00,48.20,46.40,93.45,60.00,7.00,0.00,30.06,M,3.73,M,SCT,M,M,M,1000.00,M,M,M,M,M,M,M,M,M,M,44.53,FACT 210400Z 06007KT 6000 SCT010 09/08 Q1018 NOSIG,M
FACT,2026-07-21 05:00,46.40,46.40,100.00,20.00,5.00,0.00,30.06,M,6.21,M,FEW,M,M,M,3500.00,M,M,M,M,M,M,M,M,M,M,43.50,FACT 210500Z 02005KT 9999 FEW035 08/08 Q1018 NOSIG,M
FACT,2026-07-21 06:00,46.40,46.40,100.00,30.00,2.00,0.00,30.09,M,6.21,M,FEW,M,M,M,3500.00,M,M,M,M,M,M,M,M,M,M,46.40,FACT 210600Z 03002KT 9999 FEW035 08/08 Q1019 NOSIG,M
FACT,2026-07-21 07:00,48.20,48.20,100.00,M,2.00,0.00,30.09,M,6.21,M,M,M,M,M,M,M,M,M,M,M,M,M,M,M,M,48.20,FACT 210700Z VRB02KT CAVOK 09/09 Q1019 NOSIG,M
FACT,2026-07-21 07:24,51.80,50.00,93.55,20.00,4.00,0.00,30.09,M,6.21,M,M,M,M,M,M,M,M,M,M,M,M,M,M,M,M,51.80,FACT 210724Z 02004KT CAVOK 11/10 Q1019 NOSIG,M
FACT,2026-07-21 07:56,55.40,50.00,82.00,40.00,3.00,0.00,30.09,M,6.21,M,FEW,M,M,M,2500.00,M,M,M,M,M,M,M,M,M,M,55.40,FACT 210756Z 04003KT 9999 FEW025 13/10 Q1019 NOSIG,M
FACT,2026-07-21 08:00,55.40,50.00,82.00,40.00,3.00,0.00,30.09,M,6.21,M,FEW,M,M,M,2500.00,M,M,M,M,M,M,M,M,M,M,55.40,FACT 210800Z 04003KT 9999 FEW025 13/10 Q1019 NOSIG,M
FACT,2026-07-21 09:00,59.00,50.00,72.02,M,3.00,0.00,30.09,M,6.21,M,FEW,M,M,M,2000.00,M,M,M,M,M,M,M,M,M,M,59.00,FACT 210900Z VRB03KT 9999 FEW020 15/10 Q1019 NOSIG,M
FACT,2026-07-21 10:00,60.80,48.20,63.16,M,2.00,0.00,30.09,M,6.21,M,FEW,M,M,M,2000.00,M,M,M,M,M,M,M,M,M,M,60.80,FACT 211000Z VRB02KT 9999 FEW020 16/09 Q1019 NOSIG,M
FACT,2026-07-21 11:00,62.60,48.20,59.27,230.00,6.00,0.00,30.06,M,6.21,M,SCT,M,M,M,3100.00,M,M,M,M,M,M,M,M,M,M,62.60,FACT 211100Z 23006KT 160V270 9999 SCT031 17/09 Q1018 NOSIG,M
FACT,2026-07-21 12:00,62.60,48.20,59.27,290.00,8.00,0.00,30.06,M,6.21,M,SCT,M,M,M,3400.00,M,M,M,M,M,M,M,M,M,M,62.60,FACT 211200Z 29008KT 190V320 9999 SCT034 17/09 Q1018 NOSIG,M
FACT,2026-07-21 13:00,64.40,48.20,55.65,200.00,5.00,0.00,30.06,M,6.21,M,SCT,M,M,M,3500.00,M,M,M,M,M,M,M,M,M,M,64.40,FACT 211300Z 20005KT 160V250 9999 SCT035 18/09 Q1018 NOSIG,M
FACT,2026-07-21 14:00,62.60,48.20,59.27,170.00,8.00,0.00,30.03,M,6.21,M,SCT,M,M,M,3000.00,M,M,M,M,M,M,M,M,M,M,62.60,FACT 211400Z 17008KT 9999 SCT030 17/09 Q1017 NOSIG,M
FACT,2026-07-21 15:00,59.00,48.20,67.34,160.00,7.00,0.00,30.03,M,6.21,M,SCT,M,M,M,3300.00,M,M,M,M,M,M,M,M,M,M,59.00,FACT 211500Z 16007KT 9999 SCT033 15/09 Q1017 NOSIG,M
FACT,2026-07-21 16:00,57.20,50.00,76.83,160.00,8.00,0.00,30.03,M,6.21,M,FEW,M,M,M,3500.00,M,M,M,M,M,M,M,M,M,M,57.20,FACT 211600Z 16008KT 9999 FEW035 14/10 Q1017 NOSIG,M
FACT,2026-07-21 17:00,51.80,50.00,93.55,160.00,5.00,0.00,30.03,M,6.21,M,FEW,M,M,M,3500.00,M,M,M,M,M,M,M,M,M,M,51.80,FACT 211700Z 16005KT 9999 FEW035 11/10 Q1017 NOSIG,M
FACT,2026-07-21 18:00,51.80,48.20,87.47,190.00,5.00,0.00,30.03,M,6.21,M,M,M,M,M,M,M,M,M,M,M,M,M,M,M,M,51.80,FACT 211800Z 19005KT CAVOK 11/09 Q1017 NOSIG,M
FACT,2026-07-21 19:00,53.60,50.00,87.56,220.00,4.00,0.00,30.06,M,6.21,M,M,M,M,M,M,M,M,M,M,M,M,M,M,M,M,53.60,FACT 211900Z 22004KT CAVOK 12/10 Q1018 NOSIG,M
FACT,2026-07-21 20:00,51.80,50.00,93.55,200.00,3.00,0.00,30.06,M,6.21,M,M,M,M,M,M,M,M,M,M,M,M,M,M,M,M,51.80,FACT 212000Z 20003KT CAVOK 11/10 Q1018 NOSIG,M
FACT,2026-07-21 21:00,53.60,48.20,81.87,240.00,6.00,0.00,30.06,M,6.21,M,M,M,M,M,M,M,M,M,M,M,M,M,M,M,M,53.60,FACT 212100Z 24006KT 190V260 CAVOK 12/09 Q1018 NOSIG,M
FACT,2026-07-21 22:00,50.00,46.40,87.37,M,2.00,0.00,30.06,M,6.21,M,M,M,M,M,M,M,M,M,M,M,M,M,M,M,M,50.00,FACT 212200Z VRB02KT CAVOK 10/08 Q1018 NOSIG,M
FACT,2026-07-21 23:00,50.00,44.60,81.60,230.00,5.00,0.00,30.06,M,6.21,M,M,M,M,M,M,M,M,M,M,M,M,M,M,M,M,50.00,FACT 212300Z 23005KT CAVOK 10/07 Q1018 NOSIG,M
FACT,2026-07-22 00:00,48.20,44.60,87.28,M,2.00,0.00,30.06,M,6.21,M,FEW,M,M,M,2000.00,M,M,M,M,M,M,M,M,M,M,48.20,FACT 220000Z VRB02KT 9999 FEW020 09/07 Q1018 NOSIG,M
FACT,2026-07-22 01:00,46.40,42.80,87.18,340.00,3.00,0.00,30.06,M,6.21,M,SCT,M,M,M,2000.00,M,M,M,M,M,M,M,M,M,M,45.15,FACT 220100Z 34003KT 9999 SCT020 08/06 Q1018 NOSIG,M
FACT,2026-07-22 02:00,46.40,44.60,93.40,350.00,4.00,0.00,30.06,M,6.21,M,SCT,M,M,M,2000.00,M,M,M,M,M,M,M,M,M,M,44.24,FACT 220200Z 35004KT 9999 SCT020 08/07 Q1018 NOSIG,M
FACT,2026-07-22 03:00,44.60,42.80,93.35,40.00,5.00,0.00,30.09,M,6.21,M,FEW,M,M,M,2500.00,M,M,M,M,M,M,M,M,M,M,41.36,FACT 220300Z 04005KT 9999 FEW025 07/06 Q1019 NOSIG,M
FACT,2026-07-22 04:00,46.40,46.40,100.00,40.00,6.00,0.00,30.06,M,6.21,M,FEW,M,M,M,2500.00,M,M,M,M,M,M,M,M,M,M,42.87,FACT 220400Z 04006KT 9999 FEW025 08/08 Q1018 NOSIG,M
FACT,2026-07-22 05:00,46.40,46.40,100.00,50.00,8.00,0.00,30.09,M,4.97,M,FEW,M,M,M,3600.00,M,M,M,M,M,M,M,M,M,M,41.85,FACT 220500Z 05008KT 8000 FEW036 08/08 Q1019 NOSIG,M
FACT,2026-07-22 06:00,46.40,46.40,100.00,50.00,7.00,0.00,30.12,M,4.97,M,SCT,M,M,M,3800.00,M,M,M,M,M,M,M,M,M,M,42.33,FACT 220600Z 05007KT 8000 SCT038 08/08 Q1020 NOSIG,M
FACT,2026-07-22 07:00,48.20,48.20,100.00,50.00,7.00,0.00,30.12,M,4.97,M,FEW,BKN,M,M,2500.00,3800.00,M,M,M,M,M,M,M,M,M,44.53,FACT 220700Z 05007KT 8000 FEW025 BKN038 09/09 Q1020 NOSIG,M
FACT,2026-07-22 08:00,51.80,50.00,93.55,50.00,13.00,0.00,30.15,M,5.59,M,BKN,M,M,M,3800.00,M,M,M,M,M,M,M,M,M,M,51.80,FACT 220800Z 05013KT 9000 BKN038 11/10 Q1021 NOSIG,M
FACT,2026-07-22 09:00,53.60,48.20,81.87,40.00,8.00,0.00,30.18,M,6.21,M,BKN,M,M,M,3800.00,M,M,M,M,M,M,M,M,M,M,53.60,FACT 220900Z 04008KT 9999 BKN038 12/09 Q1022 NOSIG,M
FACT,2026-07-22 10:00,57.20,48.20,71.84,50.00,9.00,0.00,30.15,M,6.21,M,BKN,M,M,M,3600.00,M,M,M,M,M,M,M,M,M,M,57.20,FACT 221000Z 05009KT 9999 BKN036 14/09 Q1021 NOSIG,M
FACT,2026-07-22 11:00,59.00,48.20,67.34,360.00,10.00,0.00,30.15,M,6.21,M,FEW,BKN,M,M,3500.00,4400.00,M,M,M,M,M,M,M,M,M,59.00,FACT 221100Z 36010KT 350V060 9999 FEW035 BKN044 15/09 Q1021 NOSIG,M
FACT,2026-07-22 12:00,59.00,46.40,62.93,350.00,9.00,0.00,30.12,M,6.21,M,SCT,BKN,M,M,2900.00,3500.00,M,M,M,M,M,M,M,M,M,59.00,FACT 221200Z 35009KT 9999 SCT029 BKN035 15/08 Q1020 NOSIG,M
FACT,2026-07-22 13:00,60.80,46.40,59.02,10.00,11.00,0.00,30.12,M,6.21,M,SCT,BKN,M,M,3000.00,3500.00,M,M,M,M,M,M,M,M,M,60.80,FACT 221300Z 01011KT 340V040 9999 SCT030 BKN035 16/08 Q1020 NOSIG,M
FACT,2026-07-22 14:00,59.00,46.40,62.93,20.00,11.00,0.00,30.12,M,6.21,M,SCT,BKN,M,M,3000.00,4000.00,M,M,M,M,M,M,M,M,M,59.00,FACT 221400Z 02011KT 9999 SCT030 BKN040 15/08 Q1020 NOSIG,M
FACT,2026-07-22 15:00,59.00,44.60,58.78,320.00,10.00,0.00,30.12,M,6.21,M,SCT,BKN,M,M,3000.00,4000.00,M,M,M,M,M,M,M,M,M,59.00,FACT 221500Z 32010KT 300V360 9999 SCT030 BKN040 15/07 Q1020 NOSIG,M
FACT,2026-07-22 16:00,57.20,46.40,67.13,330.00,11.00,0.00,30.12,M,6.21,M,OVC,M,M,M,4000.00,M,M,M,M,M,M,M,M,M,M,57.20,FACT 221600Z 33011KT 9999 OVC040 14/08 Q1020 NOSIG,M
FACT,2026-07-22 17:00,57.20,46.40,67.13,340.00,9.00,0.00,30.15,M,6.21,M,OVC,M,M,M,3000.00,M,M,M,M,M,M,M,M,M,M,57.20,FACT 221700Z 34009KT 9999 OVC030 14/08 Q1021 NOSIG,M
FACT,2026-07-22 18:00,57.20,46.40,67.13,360.00,11.00,0.00,30.15,M,6.21,M,OVC,M,M,M,3000.00,M,M,M,M,M,M,M,M,M,M,57.20,FACT 221800Z 36011KT 9999 OVC030 14/08 Q1021 NOSIG,M
FACT,2026-07-22 19:00,55.40,46.40,71.65,330.00,11.00,0.00,30.18,M,6.21,M,OVC,M,M,M,2800.00,M,M,M,M,M,M,M,M,M,M,55.40,FACT 221900Z 33011KT 9999 OVC028 13/08 Q1022 NOSIG,M
FACT,2026-07-22 20:00,55.40,46.40,71.65,340.00,8.00,0.00,30.18,M,6.21,M,OVC,M,M,M,2400.00,M,M,M,-RA,M,M,M,M,M,M,55.40,FACT 222000Z 34008KT 9999 -RA OVC024 13/08 Q1022 NOSIG,M
FACT,2026-07-22 21:00,55.40,46.40,71.65,350.00,10.00,0.00,30.18,M,6.21,M,BKN,M,M,M,2600.00,M,M,M,M,M,M,M,M,M,M,55.40,FACT 222100Z 35010KT 9999 BKN026 13/08 Q1022 NOSIG,M
FACT,2026-07-22 22:00,55.40,48.20,76.67,350.00,7.00,0.00,30.18,M,6.21,M,OVC,M,M,M,2400.00,M,M,M,-RA,M,M,M,M,M,M,55.40,FACT 222200Z 35007KT 320V020 9999 -RA OVC024 13/09 Q1022 NOSIG,M
FACT,2026-07-22 23:00,51.80,50.00,93.55,10.00,6.00,0.00,30.18,M,6.21,M,FEW,OVC,M,M,1600.00,2400.00,M,M,-RA,M,M,M,M,M,M,51.80,FACT 222300Z 01006KT 9999 -RA FEW016 OVC024 11/10 Q1022 NOSIG,M
FACT,2026-07-23 00:00,53.60,50.00,87.56,40.00,5.00,0.00,30.18,M,6.21,M,FEW,BKN,M,M,1300.00,2500.00,M,M,M,M,M,M,M,M,M,53.60,FACT 230000Z 04005KT 9999 FEW013 BKN025 12/10 Q1022 NOSIG,M
FACT,2026-07-23 01:00,51.80,50.00,93.55,10.00,17.00,0.00,30.15,M,6.21,M,FEW,BKN,M,M,1600.00,3200.00,M,M,M,M,M,M,M,M,M,51.80,FACT 230100Z 01017KT 9999 FEW016 BKN032 11/10 Q1021 NOSIG,M
FACT,2026-07-23 02:00,53.60,48.20,81.87,40.00,15.00,0.00,30.15,M,6.21,M,FEW,BKN,M,M,1800.00,3000.00,M,M,M,M,M,M,M,M,M,53.60,FACT 230200Z 04015KT 9999 FEW018 BKN030 12/09 Q1021 NOSIG,M
FACT,2026-07-23 03:00,53.60,50.00,87.56,10.00,11.00,0.00,30.15,M,6.21,M,FEW,BKN,M,M,2000.00,3000.00,M,M,M,M,M,M,M,M,M,53.60,COR FACT 230300Z 01011KT 340V040 9999 FEW020 BKN030 12/10 Q1021 NOSIG,M
FACT,2026-07-23 04:00,53.60,51.80,93.60,360.00,12.00,0.00,30.18,M,6.21,M,FEW,BKN,M,M,1500.00,3000.00,M,M,M,M,M,M,M,M,M,53.60,FACT 230400Z 36012KT 330V030 9999 FEW015 BKN030 12/11 Q1022 NOSIG,M
FACT,2026-07-23 05:00,53.60,50.00,87.56,20.00,16.00,0.00,30.18,M,6.21,M,FEW,BKN,M,M,1400.00,3200.00,M,M,M,M,M,M,M,M,M,53.60,FACT 230500Z 02016KT 9999 FEW014 BKN032 12/10 Q1022 NOSIG,M
FACT,2026-07-23 06:00,53.60,51.80,93.60,10.00,18.00,0.00,30.18,M,6.21,M,SCT,OVC,M,M,1200.00,3100.00,M,M,M,M,M,M,M,M,M,53.60,FACT 230600Z 01018KT 9999 SCT012 OVC031 12/11 Q1022 NOSIG,M
FACT,2026-07-23 06:30,53.60,51.80,93.60,20.00,18.00,0.00,30.18,M,6.21,M,BKN,OVC,M,M,1300.00,2200.00,M,M,M,M,M,M,M,M,M,53.60,FACT 230630Z 02018KT 9999 BKN013 OVC022 12/11 Q1022 NOSIG,M
FACT,2026-07-23 07:00,53.60,51.80,93.60,20.00,16.00,0.00,30.18,M,6.21,M,BKN,BKN,M,M,1300.00,2100.00,M,M,M,M,M,M,M,M,M,53.60,FACT 230700Z 02016KT 9999 BKN013 BKN021 12/11 Q1022 NOSIG,M
FACT,2026-07-23 07:58,53.60,51.80,93.60,30.00,16.00,0.00,30.18,M,6.21,M,BKN,OVC,M,M,800.00,1500.00,M,M,M,M,M,M,M,M,M,53.60,FACT 230758Z 03016KT 9999 BKN008 OVC015 12/11 Q1022 NOSIG,M
FACT,2026-07-23 08:00,53.60,51.80,93.60,30.00,16.00,0.00,30.18,M,6.21,M,BKN,OVC,M,M,800.00,1500.00,M,M,M,M,M,M,M,M,M,53.60,FACT 230800Z 03016KT 9999 BKN008 OVC015 12/11 Q1022 NOSIG,M
FACT,2026-07-23 09:00,55.40,53.60,93.65,20.00,14.00,0.00,30.21,M,3.73,M,BKN,OVC,M,M,800.00,1500.00,M,M,-RA,M,M,M,M,M,M,55.40,FACT 230900Z 02014KT 6000 -RA BKN008 OVC015 13/12 Q1023 TEMPO 4000,M
FACT,2026-07-23 09:25,55.40,53.60,93.65,20.00,12.00,0.00,30.21,M,2.49,M,BKN,OVC,M,M,800.00,1500.00,M,M,RA,M,M,M,M,M,M,55.40,FACT 230925Z 02012KT 4000 RA BKN008 OVC015 13/12 Q1023 NOSIG,M
FACT,2026-07-23 10:00,55.40,55.40,100.00,10.00,12.00,0.00,30.21,M,2.49,M,BKN,OVC,M,M,800.00,1500.00,M,M,-RA,M,M,M,M,M,M,55.40,FACT 231000Z 01012KT 4000 -RA BKN008 OVC015 13/13 Q1023 RERA NOSIG,M
FACT,2026-07-23 10:20,57.20,55.40,93.70,360.00,12.00,0.00,30.21,M,2.49,M,BKN,OVC,M,M,800.00,2000.00,M,M,-RA,M,M,M,M,M,M,57.20,FACT 231020Z 36012KT 4000 -RA BKN008 OVC020 14/13 Q1023 NOSIG,M
FACT,2026-07-23 11:00,57.20,55.40,93.70,280.00,7.00,0.00,30.21,M,2.49,M,BKN,OVC,M,M,800.00,2000.00,M,M,-RA,M,M,M,M,M,M,57.20,FACT 231100Z 28007KT 230V320 4000 -RA BKN008 OVC020 14/13 Q1023 NOSIG,M
FACT,2026-07-23 12:00,57.20,57.20,100.00,330.00,16.00,0.00,30.21,M,2.49,M,BKN,OVC,M,M,800.00,2000.00,M,M,-RA,M,M,M,M,M,M,57.20,FACT 231200Z 33016KT 4000 -RA BKN008 OVC020 14/14 Q1023 NOSIG,M
FACT,2026-07-23 12:24,57.20,57.20,100.00,320.00,11.00,0.00,30.21,M,6.21,M,SCT,BKN,M,M,800.00,1300.00,M,M,M,M,M,M,M,M,M,57.20,FACT 231224Z 32011KT 290V350 9999 SCT008 BKN013 14/14 Q1023 NOSIG,M
FACT,2026-07-23 12:56,59.00,57.20,93.74,210.00,7.00,0.00,30.21,M,6.21,M,SCT,BKN,M,M,800.00,1300.00,M,M,M,M,M,M,M,M,M,59.00,FACT 231256Z 21007KT 160V270 9999 SCT008 BKN013 15/14 Q1023 NOSIG,M
FACT,2026-07-23 13:00,59.00,57.20,93.74,210.00,7.00,0.00,30.21,M,6.21,M,SCT,BKN,M,M,800.00,1300.00,M,M,M,M,M,M,M,M,M,59.00,FACT 231300Z 21007KT 160V270 9999 SCT008 BKN013 15/14 Q1023 NOSIG,M
FACT,2026-07-23 13:28,59.00,53.60,82.26,190.00,10.00,0.00,30.24,M,1.86,M,BKN,OVC,M,M,800.00,2000.00,M,M,+DZ,M,M,M,M,M,M,59.00,FACT 231328Z 19010KT 3000 +DZ BKN008 OVC020 15/12 Q1024 BECMG 4000 -RA,M
FACT,2026-07-23 13:59,55.40,55.40,100.00,180.00,11.00,0.00,30.24,M,2.49,M,BKN,OVC,M,M,800.00,2000.00,M,M,-RA,M,M,M,M,M,M,55.40,FACT 231359Z 18011KT 4000 -RA BKN008 OVC020 13/13 Q1024 REDZ NOSIG,M
FACT,2026-07-23 14:00,55.40,55.40,100.00,180.00,11.00,0.00,30.24,M,2.49,M,BKN,OVC,M,M,800.00,2000.00,M,M,-RA,M,M,M,M,M,M,55.40,FACT 231400Z 18011KT 4000 -RA BKN008 OVC020 13/13 Q1024 REDZ NOSIG,M
FACT,2026-07-23 14:31,55.40,55.40,100.00,160.00,8.00,0.00,30.27,M,6.21,M,BKN,OVC,M,M,800.00,2000.00,M,M,M,M,M,M,M,M,M,55.40,FACT 231431Z 16008KT 9999 BKN008 OVC020 13/13 Q1025 NOSIG,M
FACT,2026-07-23 15:00,55.40,55.40,100.00,140.00,5.00,0.00,30.27,M,6.21,M,SCT,BKN,M,M,800.00,1300.00,M,M,M,M,M,M,M,M,M,55.40,FACT 231500Z 14005KT 9999 SCT008 BKN013 13/13 Q1025 NOSIG,M
FACT,2026-07-23 15:01,55.40,55.40,100.00,140.00,5.00,0.00,30.27,M,6.21,M,SCT,BKN,M,M,800.00,1300.00,M,M,M,M,M,M,M,M,M,55.40,FACT 231501Z 14005KT 9999 SCT008 BKN013 13/13 Q1025 NOSIG,M
FACT,2026-07-23 16:00,55.40,55.40,100.00,170.00,5.00,0.00,30.30,M,6.21,M,FEW,BKN,M,M,800.00,2500.00,M,M,M,M,M,M,M,M,M,55.40,FACT 231600Z 17005KT 9999 FEW008 BKN025 13/13 Q1026 NOSIG,M
FACT,2026-07-23 16:01,55.40,55.40,100.00,170.00,5.00,0.00,30.30,M,6.21,M,FEW,BKN,M,M,800.00,2500.00,M,M,M,M,M,M,M,M,M,55.40,FACT 231601Z 17005KT 9999 FEW008 BKN025 13/13 Q1026 NOSIG,M
FACT,2026-07-23 17:00,55.40,50.00,82.00,160.00,8.00,0.00,30.30,M,6.21,M,FEW,BKN,M,M,800.00,3500.00,M,M,M,M,M,M,M,M,M,55.40,FACT 231700Z 16008KT 9999 FEW008 BKN035 13/10 Q1026 NOSIG,M
FACT,2026-07-23 18:00,53.60,46.40,76.51,160.00,11.00,0.00,30.33,M,6.21,M,FEW,M,M,M,4000.00,M,M,M,M,M,M,M,M,M,M,53.60,FACT 231800Z 16011KT 9999 FEW040 12/08 Q1027 NOSIG,M
FACT,2026-07-23 19:00,50.00,46.40,87.37,160.00,7.00,0.00,30.36,M,6.21,M,M,M,M,M,M,M,M,M,M,M,M,M,M,M,M,50.00,FACT 231900Z 16007KT CAVOK 10/08 Q1028 NOSIG,M
FACT,2026-07-23 20:00,50.00,44.60,81.60,170.00,7.00,0.00,30.36,M,6.21,M,M,M,M,M,M,M,M,M,M,M,M,M,M,M,M,50.00,FACT 232000Z 17007KT CAVOK 10/07 Q1028 NOSIG,M
FACT,2026-07-23 21:00,51.80,46.40,81.74,210.00,6.00,0.00,30.36,M,6.21,M,M,M,M,M,M,M,M,M,M,M,M,M,M,M,M,51.80,FACT 232100Z 21006KT CAVOK 11/08 Q1028 NOSIG,M
FACT,2026-07-23 22:00,51.80,46.40,81.74,220.00,7.00,0.00,30.36,M,6.21,M,M,M,M,M,M,M,M,M,M,M,M,M,M,M,M,51.80,FACT 232200Z 22007KT CAVOK 11/08 Q1028 NOSIG,M
FACT,2026-07-23 23:00,50.00,46.40,87.37,M,2.00,0.00,30.36,M,6.21,M,M,M,M,M,M,M,M,M,M,M,M,M,M,M,M,50.00,FACT 232300Z VRB02KT CAVOK 10/08 Q1028 NOSIG,M
FACT,2026-07-24 00:00,46.40,44.60,93.40,340.00,3.00,0.00,30.36,M,6.21,M,M,M,M,M,M,M,M,M,M,M,M,M,M,M,M,45.15,FACT 240000Z 34003KT CAVOK 08/07 Q1028 NOSIG,M
FACT,2026-07-24 01:00,48.20,46.40,93.45,M,1.00,0.00,30.39,M,6.21,M,M,M,M,M,M,M,M,M,M,M,M,M,M,M,M,48.20,FACT 240100Z VRB01KT CAVOK 09/08 Q1029 NOSIG,M
FACT,2026-07-24 02:00,46.40,42.80,87.18,M,1.00,0.00,30.39,M,6.21,M,M,M,M,M,M,M,M,M,M,M,M,M,M,M,M,46.40,FACT 240200Z VRB01KT CAVOK 08/06 Q1029 NOSIG,M
FACT,2026-07-24 03:00,41.00,41.00,100.00,M,1.00,0.00,30.39,M,6.21,M,M,M,M,M,M,M,M,M,M,M,M,M,M,M,M,41.00,FACT 240300Z VRB01KT CAVOK 05/05 Q1029 NOSIG,M
FACT,2026-07-24 04:00,41.00,41.00,100.00,M,1.00,0.00,30.39,M,6.21,M,M,M,M,M,M,M,M,M,M,M,M,M,M,M,M,41.00,COR FACT 240400Z VRB01KT CAVOK 05/05 Q1029 TEMPO 3000 MIFG NSC,M
FACT,2026-07-24 05:00,41.00,41.00,100.00,60.00,4.00,0.00,30.39,M,6.21,M,M,M,M,M,M,M,M,M,M,M,M,M,M,M,M,37.93,FACT 240500Z 06004KT CAVOK 05/05 Q1029 TEMPO 3000 MIFG NSC,M
FACT,2026-07-24 06:00,42.80,42.80,100.00,40.00,5.00,0.00,30.39,M,6.21,M,M,M,M,M,M,M,M,M,M,M,M,M,M,M,M,39.22,FACT 240600Z 04005KT CAVOK 06/06 Q1029 NOSIG,M
FACT,2026-07-24 06:53,46.40,46.40,100.00,M,2.00,0.00,30.42,M,6.21,M,M,M,M,M,M,M,M,M,M,M,M,M,M,M,M,46.40,FACT 240653Z VRB02KT CAVOK 08/08 Q1030 NOSIG,M
FACT,2026-07-24 07:00,46.40,46.40,100.00,M,2.00,0.00,30.42,M,6.21,M,M,M,M,M,M,M,M,M,M,M,M,M,M,M,M,46.40,FACT 240700Z VRB02KT CAVOK 08/08 Q1030 NOSIG,M
FACT,2026-07-24 07:24,51.80,50.00,93.55,20.00,3.00,0.00,30.42,M,6.21,M,M,M,M,M,M,M,M,M,M,M,M,M,M,M,M,51.80,FACT 240724Z 02003KT CAVOK 11/10 Q1030 NOSIG,M
FACT,2026-07-24 07:49,55.40,48.20,76.67,M,2.00,0.00,30.42,M,6.21,M,M,M,M,M,M,M,M,M,M,M,M,M,M,M,M,55.40,FACT 240749Z VRB02KT CAVOK 13/09 Q1030 NOSIG,M
FACT,2026-07-24 08:00,57.20,48.20,71.84,M,2.00,0.00,30.42,M,6.21,M,M,M,M,M,M,M,M,M,M,M,M,M,M,M,M,57.20,FACT 240800Z VRB02KT CAVOK 14/09 Q1030 NOSIG,M
FACT,2026-07-24 09:00,59.00,48.20,67.34,M,2.00,0.00,30.42,M,6.21,M,M,M,M,M,M,M,M,M,M,M,M,M,M,M,M,59.00,FACT 240900Z VRB02KT CAVOK 15/09 Q1030 NOSIG,M
FACT,2026-07-24 10:00,60.80,48.20,63.16,M,2.00,0.00,30.42,M,6.21,M,M,M,M,M,M,M,M,M,M,M,M,M,M,M,M,60.80,FACT 241000Z VRB02KT CAVOK 16/09 Q1030 NOSIG,M
FACT,2026-07-24 11:00,62.60,46.40,55.39,M,3.00,0.00,30.39,M,6.21,M,M,M,M,M,M,M,M,M,M,M,M,M,M,M,M,62.60,FACT 241100Z VRB03KT CAVOK 17/08 Q1029 NOSIG,M
FACT,2026-07-24 12:00,64.40,46.40,52.00,M,2.00,0.00,30.39,M,6.21,M,M,M,M,M,M,M,M,M,M,M,M,M,M,M,M,64.40,FACT 241200Z VRB02KT CAVOK 18/08 Q1029 NOSIG,M
FACT,2026-07-24 13:00,64.40,46.40,52.00,M,2.00,0.00,30.36,M,6.21,M,M,M,M,M,M,M,M,M,M,M,M,M,M,M,M,64.40,FACT 241300Z VRB02KT CAVOK 18/08 Q1028 NOSIG,M
FACT,2026-07-24 14:00,62.60,44.60,51.73,180.00,9.00,0.00,30.36,M,6.21,M,M,M,M,M,M,M,M,M,M,M,M,M,M,M,M,62.60,FACT 241400Z 18009KT CAVOK 17/07 Q1028 NOSIG,M
FACT,2026-07-24 15:00,60.80,46.40,59.02,160.00,9.00,0.00,30.36,M,6.21,M,M,M,M,M,M,M,M,M,M,M,M,M,M,M,M,60.80,FACT 241500Z 16009KT CAVOK 16/08 Q1028 NOSIG,M
FACT,2026-07-24 16:00,55.40,48.20,76.67,160.00,9.00,0.00,30.36,M,6.21,M,M,M,M,M,M,M,M,M,M,M,M,M,M,M,M,55.40,FACT 241600Z 16009KT CAVOK 13/09 Q1028 NOSIG,M
FACT,2026-07-24 17:00,53.60,48.20,81.87,170.00,7.00,0.00,30.39,M,6.21,M,M,M,M,M,M,M,M,M,M,M,M,M,M,M,M,53.60,FACT 241700Z 17007KT CAVOK 12/09 Q1029 NOSIG,M
FACT,2026-07-24 18:00,51.80,48.20,87.47,170.00,5.00,0.00,30.39,M,6.21,M,M,M,M,M,M,M,M,M,M,M,M,M,M,M,M,51.80,FACT 241800Z 17005KT CAVOK 11/09 Q1029 NOSIG,M
FACT,2026-07-24 19:00,53.60,48.20,81.87,190.00,6.00,0.00,30.39,M,6.21,M,M,M,M,M,M,M,M,M,M,M,M,M,M,M,M,53.60,FACT 241900Z 19006KT CAVOK 12/09 Q1029 NOSIG,M
FACT,2026-07-24 20:00,53.60,48.20,81.87,210.00,4.00,0.00,30.39,M,6.21,M,M,M,M,M,M,M,M,M,M,M,M,M,M,M,M,53.60,FACT 242000Z 21004KT CAVOK 12/09 Q1029 NOSIG,M
FACT,2026-07-24 21:00,51.80,48.20,87.47,210.00,6.00,0.00,30.39,M,6.21,M,M,M,M,M,M,M,M,M,M,M,M,M,M,M,M,51.80,FACT 242100Z 21006KT CAVOK 11/09 Q1029 NOSIG,M
FACT,2026-07-24 22:00,51.80,48.20,87.47,220.00,5.00,0.00,30.39,M,6.21,M,M,M,M,M,M,M,M,M,M,M,M,M,M,M,M,51.80,FACT 242200Z 22005KT CAVOK 11/09 Q1029 NOSIG,M
FACT,2026-07-24 23:00,51.80,48.20,87.47,220.00,6.00,0.00,30.39,M,6.21,M,M,M,M,M,M,M,M,M,M,M,M,M,M,M,M,51.80,FACT 242300Z 22006KT CAVOK 11/09 Q1029 NOSIG,M
FACT,2026-07-25 00:00,51.80,46.40,81.74,210.00,5.00,0.00,30.39,M,6.21,M,M,M,M,M,M,M,M,M,M,M,M,M,M,M,M,51.80,FACT 250000Z 21005KT CAVOK 11/08 Q1029 NOSIG,M
FACT,2026-07-25 01:00,53.60,48.20,81.87,210.00,8.00,0.00,30.39,M,6.21,M,M,M,M,M,M,M,M,M,M,M,M,M,M,M,M,53.60,FACT 250100Z 21008KT CAVOK 12/09 Q1029 NOSIG,M
FACT,2026-07-25 02:00,53.60,48.20,81.87,210.00,8.00,0.00,30.36,M,6.21,M,M,M,M,M,M,M,M,M,M,M,M,M,M,M,M,53.60,FACT 250200Z 21008KT CAVOK 12/09 Q1028 NOSIG,M
FACT,2026-07-25 03:00,53.60,50.00,87.56,210.00,9.00,0.00,30.36,M,6.21,M,M,M,M,M,M,M,M,M,M,M,M,M,M,M,M,53.60,FACT 250300Z 21009KT CAVOK 12/10 Q1028 NOSIG,M
FACT,2026-07-25 04:00,53.60,50.00,87.56,220.00,9.00,0.00,30.36,M,6.21,M,M,M,M,M,M,M,M,M,M,M,M,M,M,M,M,53.60,FACT 250400Z 22009KT CAVOK 12/10 Q1028 NOSIG,M
FACT,2026-07-25 05:00,53.60,50.00,87.56,230.00,11.00,0.00,30.36,M,6.21,M,M,M,M,M,M,M,M,M,M,M,M,M,M,M,M,53.60,FACT 250500Z 23011KT CAVOK 12/10 Q1028 NOSIG,M
FACT,2026-07-25 06:00,53.60,50.00,87.56,220.00,9.00,0.00,30.36,M,6.21,M,M,M,M,M,M,M,M,M,M,M,M,M,M,M,M,53.60,FACT 250600Z 22009KT CAVOK 12/10 Q1028 NOSIG,M
FACT,2026-07-25 07:00,55.40,51.80,87.65,210.00,4.00,0.00,30.36,M,6.21,M,M,M,M,M,M,M,M,M,M,M,M,M,M,M,M,55.40,FACT 250700Z 21004KT 180V240 CAVOK 13/11 Q1028 NOSIG,M
FACT,2026-07-25 07:24,59.00,51.80,76.99,210.00,5.00,0.00,30.36,M,6.21,M,M,M,M,M,M,M,M,M,M,M,M,M,M,M,M,59.00,FACT 250724Z 21005KT 170V240 CAVOK 15/11 Q1028 NOSIG,M
FACT,2026-07-25 08:00,60.80,53.60,77.15,200.00,7.00,0.00,30.36,M,6.21,M,M,M,M,M,M,M,M,M,M,M,M,M,M,M,M,60.80,FACT 250800Z 20007KT CAVOK 16/12 Q1028 NOSIG,M
FACT,2026-07-25 09:00,64.40,51.80,63.62,210.00,10.00,0.00,30.36,M,6.21,M,M,M,M,M,M,M,M,M,M,M,M,M,M,M,M,64.40,FACT 250900Z 21010KT 180V240 CAVOK 18/11 Q1028 NOSIG,M
FACT,2026-07-25 10:00,66.20,50.00,55.91,200.00,9.00,0.00,30.33,M,6.21,M,M,M,M,M,M,M,M,M,M,M,M,M,M,M,M,66.20,FACT 251000Z 20009KT CAVOK 19/10 Q1027 NOSIG,M
FACT,2026-07-25 11:00,66.20,50.00,55.91,220.00,8.00,0.00,30.30,M,6.21,M,M,M,M,M,M,M,M,M,M,M,M,M,M,M,M,66.20,FACT 251100Z 22008KT CAVOK 19/10 Q1026 NOSIG,M
FACT,2026-07-25 12:00,68.00,50.00,52.54,210.00,7.00,0.00,30.27,M,6.21,M,M,M,M,M,M,M,M,M,M,M,M,M,M,M,M,68.00,FACT 251200Z 21007KT 190V250 CAVOK 20/10 Q1025 NOSIG,M
FACT,2026-07-25 13:00,69.80,48.20,46.19,210.00,9.00,0.00,30.24,M,6.21,M,M,M,M,M,M,M,M,M,M,M,M,M,M,M,M,69.80,FACT 251300Z 21009KT CAVOK 21/09 Q1024 NOSIG,M
FACT,2026-07-25 14:00,69.80,44.60,40.31,190.00,9.00,0.00,30.24,M,6.21,M,M,M,M,M,M,M,M,M,M,M,M,M,M,M,M,69.80,FACT 251400Z 19009KT CAVOK 21/07 Q1024 NOSIG,M
FACT,2026-07-25 15:00,66.20,51.80,59.76,180.00,10.00,0.00,30.24,M,6.21,M,M,M,M,M,M,M,M,M,M,M,M,M,M,M,M,66.20,FACT 251500Z 18010KT CAVOK 19/11 Q1024 NOSIG,M
FACT,2026-07-25 16:00,60.80,53.60,77.15,200.00,9.00,0.00,30.21,M,6.21,M,M,M,M,M,M,M,M,M,M,M,M,M,M,M,M,60.80,FACT 251600Z 20009KT CAVOK 16/12 Q1023 NOSIG,M
FACT,2026-07-25 17:00,59.00,55.40,87.84,210.00,9.00,0.00,30.21,M,6.21,M,M,M,M,M,M,M,M,M,M,M,M,M,M,M,M,59.00,FACT 251700Z 21009KT CAVOK 15/13 Q1023 NOSIG,M
FACT,2026-07-25 18:00,59.00,55.40,87.84,210.00,10.00,0.00,30.21,M,6.21,M,M,M,M,M,M,M,M,M,M,M,M,M,M,M,M,59.00,FACT 251800Z 21010KT CAVOK 15/13 Q1023 NOSIG,M
FACT,2026-07-25 19:00,57.20,55.40,93.70,210.00,9.00,0.00,30.21,M,6.21,M,M,M,M,M,M,M,M,M,M,M,M,M,M,M,M,57.20,COR FACT 251900Z 21009KT CAVOK 14/13 Q1023 TEMPO 4000 BR,M
FACT,2026-07-25 20:00,57.20,55.40,93.70,220.00,9.00,0.00,30.21,M,6.21,M,M,M,M,M,M,M,M,M,M,M,M,M,M,M,M,57.20,FACT 252000Z 22009KT CAVOK 14/13 Q1023 TEMPO 4000 BR,M
FACT,2026-07-25 21:00,57.20,53.60,87.75,220.00,9.00,0.00,30.21,M,6.21,M,M,M,M,M,M,M,M,M,M,M,M,M,M,M,M,57.20,FACT 252100Z 22009KT CAVOK 14/12 Q1023 TEMPO 4000 BR,M
FACT,2026-07-25 22:00,57.20,53.60,87.75,230.00,8.00,0.00,30.18,M,6.21,M,M,M,M,M,M,M,M,M,M,M,M,M,M,M,M,57.20,FACT 252200Z 23008KT CAVOK 14/12 Q1022 NOSIG,M
FACT,2026-07-25 23:00,55.40,53.60,93.65,220.00,9.00,0.00,30.18,M,6.21,M,M,M,M,M,M,M,M,M,M,M,M,M,M,M,M,55.40,FACT 252300Z 22009KT CAVOK 13/12 Q1022 NOSIG,M
FACT,2026-07-26 00:00,55.40,51.80,87.65,220.00,6.00,0.00,30.15,M,6.21,M,M,M,M,M,M,M,M,M,M,M,M,M,M,M,M,55.40,FACT 260000Z 22006KT CAVOK 13/11 Q1021 NOSIG,M
FACT,2026-07-26 01:00,55.40,51.80,87.65,220.00,7.00,0.00,30.12,M,6.21,M,M,M,M,M,M,M,M,M,M,M,M,M,M,M,M,55.40,FACT 260100Z 22007KT CAVOK 13/11 Q1020 NOSIG,M
FACT,2026-07-26 02:00,46.40,44.60,93.40,40.00,4.00,0.00,30.09,M,3.73,M,NSC,M,M,M,M,M,M,M,M,M,M,M,M,M,M,44.24,FACT 260200Z 04004KT 6000 NSC 08/07 Q1019 NOSIG,M
FACT,2026-07-26 03:00,46.40,46.40,100.00,70.00,6.00,0.00,30.06,M,3.73,M,NSC,M,M,M,M,M,M,M,M,M,M,M,M,M,M,42.87,FACT 260300Z 07006KT 6000 NSC 08/08 Q1018 TEMPO 4000 BR,M
FACT,2026-07-26 03:31,48.20,48.20,100.00,140.00,3.00,0.00,30.06,M,2.49,M,NSC,M,M,M,M,M,M,M,BR,M,M,M,M,M,M,47.21,FACT 260331Z 14003KT 4000 BR NSC 09/09 Q1018 NOSIG,M
FACT,2026-07-26 03:33,48.20,48.20,100.00,140.00,3.00,0.00,30.06,M,2.49,M,NSC,M,M,M,M,M,M,M,BR,M,M,M,M,M,M,47.21,FACT 260333Z 14003KT 4000 BR NSC 09/09 Q1018 NOSIG,M
FACT,2026-07-26 04:00,44.60,44.60,100.00,160.00,3.00,0.00,30.06,M,2.49,M,NSC,M,M,M,M,M,M,M,BR,M,M,M,M,M,M,43.09,FACT 260400Z 16003KT 4000 BR NSC 07/07 Q1018 NOSIG,M
FACT,2026-07-26 05:00,44.60,44.60,100.00,20.00,4.00,0.00,30.06,M,2.49,M,NSC,M,M,M,M,M,M,M,BR,M,M,M,M,M,M,42.13,FACT 260500Z 02004KT 4000 BR NSC 07/07 Q1018 NOSIG,M
FACT,2026-07-26 05:55,44.60,44.60,100.00,60.00,7.00,0.00,30.06,M,4.35,M,NSC,M,M,M,M,M,M,M,M,M,M,M,M,M,M,40.14,FACT 260555Z 06007KT 7000 NSC 07/07 Q1018 NOSIG,M
FACT,2026-07-26 06:00,44.60,44.60,100.00,60.00,7.00,0.00,30.06,M,4.35,M,NSC,M,M,M,M,M,M,M,M,M,M,M,M,M,M,40.14,FACT 260600Z 06007KT 7000 NSC 07/07 Q1018 NOSIG,M
FACT,2026-07-26 06:43,50.00,44.60,81.60,M,2.00,0.00,30.06,M,6.21,M,M,M,M,M,M,M,M,M,M,M,M,M,M,M,M,50.00,FACT 260643Z VRB02KT CAVOK 10/07 Q1018 NOSIG,M
FACT,2026-07-26 07:00,51.80,46.40,81.74,90.00,4.00,0.00,30.06,M,6.21,M,M,M,M,M,M,M,M,M,M,M,M,M,M,M,M,51.80,FACT 260700Z 09004KT CAVOK 11/08 Q1018 NOSIG,M
FACT,2026-07-26 07:16,55.40,48.20,76.67,30.00,4.00,0.00,30.06,M,6.21,M,M,M,M,M,M,M,M,M,M,M,M,M,M,M,M,55.40,FACT 260716Z 03004KT 350V070 CAVOK 13/09 Q1018 NOSIG,M
FACT,2026-07-26 07:57,60.80,50.00,67.55,M,2.00,0.00,30.03,M,6.21,M,M,M,M,M,M,M,M,M,M,M,M,M,M,M,M,60.80,FACT 260757Z VRB02KT CAVOK 16/10 Q1017 NOSIG,M
FACT,2026-07-26 08:00,60.80,50.00,67.55,M,2.00,0.00,30.03,M,6.21,M,M,M,M,M,M,M,M,M,M,M,M,M,M,M,M,60.80,FACT 260800Z VRB02KT CAVOK 16/10 Q1017 NOSIG,M
FACT,2026-07-26 08:55,68.00,50.00,52.54,350.00,3.00,0.00,30.03,M,6.21,M,M,M,M,M,M,M,M,M,M,M,M,M,M,M,M,68.00,FACT 260855Z 35003KT CAVOK 20/10 Q1017 NOSIG,M
FACT,2026-07-26 09:00,68.00,50.00,52.54,350.00,3.00,0.00,30.03,M,6.21,M,M,M,M,M,M,M,M,M,M,M,M,M,M,M,M,68.00,FACT 260900Z 35003KT CAVOK 20/10 Q1017 NOSIG,M
FACT,2026-07-26 09:25,71.60,48.20,43.45,M,3.00,0.00,30.03,M,6.21,M,M,M,M,M,M,M,M,M,M,M,M,M,M,M,M,71.60,FACT 260925Z VRB03KT CAVOK 22/09 Q1017 NOSIG,M
FACT,2026-07-26 10:00,73.40,46.40,38.21,340.00,5.00,0.00,30.03,M,6.21,M,M,M,M,M,M,M,M,M,M,M,M,M,M,M,M,73.40,FACT 261000Z 34005KT 300V030 CAVOK 23/08 Q1017 NOSIG,M
FACT,2026-07-26 11:00,73.40,46.40,38.21,270.00,5.00,0.00,30.00,M,6.21,M,M,M,M,M,M,M,M,M,M,M,M,M,M,M,M,73.40,FACT 261100Z 27005KT 220V300 CAVOK 23/08 Q1016 NOSIG,M
FACT,2026-07-26 12:00,75.20,50.00,41.18,310.00,5.00,0.00,29.97,M,6.21,M,M,M,M,M,M,M,M,M,M,M,M,M,M,M,M,75.20,FACT 261200Z 31005KT 280V340 CAVOK 24/10 Q1015 NOSIG,M
FACT,2026-07-26 13:00,75.20,44.60,33.60,310.00,6.00,0.00,29.94,M,6.21,M,M,M,M,M,M,M,M,M,M,M,M,M,M,M,M,75.20,FACT 261300Z 31006KT 270V340 CAVOK 24/07 Q1014 NOSIG,M
FACT,2026-07-26 14:00,64.40,55.40,72.58,150.00,10.00,0.00,29.97,M,6.21,M,M,M,M,M,M,M,M,M,M,M,M,M,M,M,M,64.40,FACT 261400Z 15010KT CAVOK 18/13 Q1015 NOSIG,M
FACT,2026-07-26 15:00,62.60,55.40,77.31,160.00,11.00,0.00,29.97,M,6.21,M,M,M,M,M,M,M,M,M,M,M,M,M,M,M,M,62.60,FACT 261500Z 16011KT CAVOK 17/13 Q1015 NOSIG,M
FACT,2026-07-26 16:00,59.00,55.40,87.84,150.00,7.00,0.00,30.00,M,6.21,M,FEW,M,M,M,800.00,M,M,M,M,M,M,M,M,M,M,59.00,FACT 261600Z 15007KT 9999 FEW008 15/13 Q1016 NOSIG,M
FACT,2026-07-26 16:50,57.20,55.40,93.70,160.00,8.00,0.00,30.00,M,6.21,M,BKN,M,M,M,700.00,M,M,M,M,M,M,M,M,M,M,57.20,FACT 261650Z 16008KT 9999 BKN007 14/13 Q1016 NOSIG,M
FACT,2026-07-26 17:00,57.20,55.40,93.70,160.00,8.00,0.00,30.00,M,6.21,M,BKN,M,M,M,700.00,M,M,M,M,M,M,M,M,M,M,57.20,FACT 261700Z 16008KT 9999 BKN007 14/13 Q1016 NOSIG,M
FACT,2026-07-26 17:13,57.20,57.20,100.00,160.00,7.00,0.00,30.00,M,6.21,M,FEW,M,M,M,700.00,M,M,M,M,M,M,M,M,M,M,57.20,FACT 261713Z 16007KT 9999 FEW007 14/14 Q1016 TEMPO BKN006,M
FACT,2026-07-26 18:00,57.20,55.40,93.70,190.00,7.00,0.00,30.00,M,6.21,M,M,M,M,M,M,M,M,M,M,M,M,M,M,M,M,57.20,FACT 261800Z 19007KT CAVOK 14/13 Q1016 NOSIG,M
FACT,2026-07-26 19:00,57.20,55.40,93.70,190.00,11.00,0.00,30.03,M,6.21,M,FEW,M,M,M,2000.00,M,M,M,M,M,M,M,M,M,M,57.20,FACT 261900Z 19011KT 9999 FEW020 14/13 Q1017 TEMPO BKN006,M
FACT,2026-07-26 20:00,57.20,55.40,93.70,190.00,11.00,0.00,30.03,M,6.21,M,FEW,M,M,M,2000.00,M,M,M,M,M,M,M,M,M,M,57.20,FACT 262000Z 19011KT 9999 FEW020 14/13 Q1017 TEMPO BKN006,M
FACT,2026-07-26 21:00,57.20,53.60,87.75,190.00,8.00,0.00,30.03,M,6.21,M,M,M,M,M,M,M,M,M,M,M,M,M,M,M,M,57.20,FACT 262100Z 19008KT CAVOK 14/12 Q1017 NOSIG,M
FACT,2026-07-26 22:00,57.20,53.60,87.75,200.00,7.00,0.00,30.03,M,6.21,M,M,M,M,M,M,M,M,M,M,M,M,M,M,M,M,57.20,FACT 262200Z 20007KT CAVOK 14/12 Q1017 NOSIG,M
FACT,2026-07-26 23:00,55.40,53.60,93.65,220.00,8.00,0.00,30.06,M,6.21,M,M,M,M,M,M,M,M,M,M,M,M,M,M,M,M,55.40,FACT 262300Z 22008KT CAVOK 13/12 Q1018 NOSIG,M
FACT,2026-07-27 00:00,55.40,53.60,93.65,220.00,8.00,0.00,30.06,M,6.21,M,SCT,M,M,M,2500.00,M,M,M,M,M,M,M,M,M,M,55.40,FACT 270000Z 22008KT 9999 SCT025 13/12 Q1018 NOSIG,M
FACT,2026-07-27 01:00,57.20,51.80,82.13,190.00,7.00,0.00,30.09,M,6.21,M,SCT,M,M,M,2500.00,M,M,M,M,M,M,M,M,M,M,57.20,FACT 270100Z 19007KT 9999 SCT025 14/11 Q1019 NOSIG,M
FACT,2026-07-27 02:00,55.40,51.80,87.65,180.00,7.00,0.00,30.09,M,6.21,M,BKN,M,M,M,2500.00,M,M,M,M,M,M,M,M,M,M,55.40,FACT 270200Z 18007KT 9999 BKN025 13/11 Q1019 NOSIG,M
FACT,2026-07-27 03:00,55.40,50.00,82.00,170.00,8.00,0.00,30.09,M,6.21,M,FEW,M,M,M,2500.00,M,M,M,M,M,M,M,M,M,M,55.40,FACT 270300Z 17008KT 9999 FEW025 13/10 Q1019 NOSIG,M
FACT,2026-07-27 04:00,55.40,50.00,82.00,180.00,8.00,0.00,30.12,M,6.21,M,FEW,M,M,M,2500.00,M,M,M,M,M,M,M,M,M,M,55.40,FACT 270400Z 18008KT 9999 FEW025 13/10 Q1020 NOSIG,M
FACT,2026-07-27 05:00,55.40,50.00,82.00,160.00,8.00,0.00,30.12,M,6.21,M,M,M,M,M,M,M,M,M,M,M,M,M,M,M,M,55.40,FACT 270500Z 16008KT 120V180 CAVOK 13/10 Q1020 NOSIG,M
FACT,2026-07-27 06:00,57.20,51.80,82.13,180.00,11.00,0.00,30.15,M,6.21,M,FEW,M,M,M,2500.00,M,M,M,M,M,M,M,M,M,M,57.20,FACT 270600Z 18011KT 9999 FEW025 14/11 Q1021 NOSIG,M
FACT,2026-07-27 07:00,59.00,53.60,82.26,170.00,10.00,0.00,30.15,M,6.21,M,FEW,M,M,M,2500.00,M,M,M,M,M,M,M,M,M,M,59.00,FACT 270700Z 17010KT 9999 FEW025 15/12 Q1021 NOSIG,M
FACT,2026-07-27 08:00,60.80,53.60,77.15,180.00,16.00,0.00,30.18,M,6.21,M,FEW,M,M,M,3000.00,M,M,M,M,M,M,M,M,M,M,60.80,FACT 270800Z 18016KT 9999 FEW030 16/12 Q1022 NOSIG,M
FACT,2026-07-27 09:00,60.80,53.60,77.15,170.00,22.00,0.00,30.21,M,6.21,M,FEW,BKN,M,M,2000.00,5000.00,M,M,M,M,M,M,M,M,M,60.80,FACT 270900Z 17022KT 9999 FEW020 BKN050 16/12 Q1023 NOSIG,M
FACT,2026-07-27 10:00,60.80,51.80,72.21,170.00,26.00,0.00,30.21,M,6.21,M,FEW,BKN,M,M,2000.00,3500.00,M,M,M,M,M,M,M,M,M,60.80,FACT 271000Z 17026KT 9999 FEW020 BKN035 16/11 Q1023 NOSIG,M
FACT,2026-07-27 11:00,62.60,50.00,63.39,170.00,23.00,0.00,30.21,M,6.21,M,FEW,M,M,M,3000.00,M,M,M,M,M,M,M,M,M,M,62.60,FACT 271100Z 17023KT 9999 FEW030 17/10 Q1023 NOSIG,M
FACT,2026-07-27 12:00,62.60,50.00,63.39,170.00,25.00,0.00,30.18,M,6.21,M,FEW,M,M,M,3000.00,M,M,M,M,M,M,M,M,M,M,62.60,FACT 271200Z 17025KT 9999 FEW030 17/10 Q1022 NOSIG,M
FACT,2026-07-27 12:55,62.60,50.00,63.39,160.00,21.00,0.00,30.18,M,6.21,31.00,FEW,M,M,M,3000.00,M,M,M,M,M,M,M,M,M,M,62.60,FACT 271255Z 16021G31KT 9999 FEW030 17/10 Q1022 NOSIG,M
FACT,2026-07-27 13:00,62.60,50.00,63.39,160.00,21.00,0.00,30.18,M,6.21,31.00,FEW,M,M,M,3000.00,M,M,M,M,M,M,M,M,M,M,62.60,FACT 271300Z 16021G31KT 9999 FEW030 17/10 Q1022 NOSIG,M
FACT,2026-07-27 14:00,60.80,48.20,63.16,150.00,23.00,0.00,30.18,M,6.21,M,FEW,M,M,M,3000.00,M,M,M,M,M,M,M,M,M,M,60.80,FACT 271400Z 15023KT 9999 FEW030 16/09 Q1022 NOSIG,M
FACT,2026-07-27 14:55,59.00,48.20,67.34,150.00,23.00,0.00,30.18,M,6.21,33.00,FEW,M,M,M,3000.00,M,M,M,M,M,M,M,M,M,M,59.00,FACT 271455Z 15023G33KT 9999 FEW030 15/09 Q1022 NOSIG,M
FACT,2026-07-27 15:00,59.00,48.20,67.34,150.00,23.00,0.00,30.18,M,6.21,33.00,FEW,M,M,M,3000.00,M,M,M,M,M,M,M,M,M,M,59.00,FACT 271500Z 15023G33KT 9999 FEW030 15/09 Q1022 NOSIG,M
FACT,2026-07-27 16:00,57.20,46.40,67.13,150.00,23.00,0.00,30.21,M,6.21,M,FEW,M,M,M,3000.00,M,M,M,M,M,M,M,M,M,M,57.20,FACT 271600Z 15023KT 9999 FEW030 14/08 Q1023 NOSIG,M
FACT,2026-07-27 16:25,57.20,46.40,67.13,150.00,22.00,0.00,30.21,M,6.21,34.00,FEW,M,M,M,3000.00,M,M,M,M,M,M,M,M,M,M,57.20,FACT 271625Z 15022G34KT 9999 FEW030 14/08 Q1023 NOSIG,M
FACT,2026-07-27 17:00,55.40,44.60,66.91,140.00,20.00,0.00,30.24,M,6.21,M,FEW,M,M,M,3000.00,M,M,M,M,M,M,M,M,M,M,55.40,FACT 271700Z 14020KT 9999 FEW030 13/07 Q1024 NOSIG,M
FACT,2026-07-27 18:00,55.40,44.60,66.91,140.00,18.00,0.00,30.27,M,6.21,M,FEW,M,M,M,3000.00,M,M,M,M,M,M,M,M,M,M,55.40,FACT 271800Z 14018KT 9999 FEW030 13/07 Q1025 NOSIG,M
FACT,2026-07-27 18:50,55.40,44.60,66.91,150.00,23.00,0.00,30.27,M,6.21,36.00,FEW,M,M,M,3000.00,M,M,M,M,M,M,M,M,M,M,55.40,FACT 271850Z 15023G36KT 9999 FEW030 13/07 Q1025 NOSIG,M
FACT,2026-07-27 19:00,55.40,44.60,66.91,150.00,23.00,0.00,30.27,M,6.21,36.00,FEW,M,M,M,3000.00,M,M,M,M,M,M,M,M,M,M,55.40,FACT 271900Z 15023G36KT 9999 FEW030 13/07 Q1025 NOSIG,M
FACT,2026-07-27 20:00,55.40,44.60,66.91,150.00,22.00,0.00,30.27,M,6.21,35.00,FEW,M,M,M,3000.00,M,M,M,M,M,M,M,M,M,M,55.40,FACT 272000Z 15022G35KT 9999 FEW030 13/07 Q1025 NOSIG,M
FACT,2026-07-27 21:00,55.40,44.60,66.91,150.00,19.00,0.00,30.27,M,6.21,M,M,M,M,M,M,M,M,M,M,M,M,M,M,M,M,55.40,FACT 272100Z 15019KT CAVOK 13/07 Q1025 NOSIG,M
FACT,2026-07-27 22:00,55.40,44.60,66.91,140.00,18.00,0.00,30.27,M,6.21,M,M,M,M,M,M,M,M,M,M,M,M,M,M,M,M,55.40,FACT 272200Z 14018KT CAVOK 13/07 Q1025 NOSIG,M
FACT,2026-07-27 23:00,55.40,44.60,66.91,140.00,11.00,0.00,30.27,M,6.21,M,M,M,M,M,M,M,M,M,M,M,M,M,M,M,M,55.40,FACT 272300Z 14011KT CAVOK 13/07 Q1025 NOSIG,M
FACT,2026-07-28 00:00,55.40,44.60,66.91,140.00,10.00,0.00,30.27,M,6.21,M,M,M,M,M,M,M,M,M,M,M,M,M,M,M,M,55.40,FACT 280000Z 14010KT CAVOK 13/07 Q1025 NOSIG,M
FACT,2026-07-28 01:00,53.60,42.80,66.70,140.00,6.00,0.00,30.27,M,6.21,M,M,M,M,M,M,M,M,M,M,M,M,M,M,M,M,53.60,FACT 280100Z 14006KT CAVOK 12/06 Q1025 NOSIG,M
FACT,2026-07-28 02:00,55.40,42.80,62.46,140.00,10.00,0.00,30.27,M,6.21,M,M,M,M,M,M,M,M,M,M,M,M,M,M,M,M,55.40,FACT 280200Z 14010KT CAVOK 13/06 Q1025 NOSIG,M
FACT,2026-07-28 03:00,55.40,42.80,62.46,140.00,11.00,0.00,30.27,M,6.21,M,M,M,M,M,M,M,M,M,M,M,M,M,M,M,M,55.40,FACT 280300Z 14011KT CAVOK 13/06 Q1025 NOSIG,M
FACT,2026-07-28 04:00,55.40,42.80,62.46,130.00,11.00,0.00,30.27,M,6.21,M,M,M,M,M,M,M,M,M,M,M,M,M,M,M,M,55.40,FACT 280400Z 13011KT CAVOK 13/06 Q1025 NOSIG,M
FACT,2026-07-28 05:00,53.60,42.80,66.70,140.00,9.00,0.00,30.30,M,6.21,M,M,M,M,M,M,M,M,M,M,M,M,M,M,M,M,53.60,FACT 280500Z 14009KT CAVOK 12/06 Q1026 NOSIG,M
FACT,2026-07-28 06:00,53.60,42.80,66.70,140.00,8.00,0.00,30.30,M,6.21,M,FEW,M,M,M,3000.00,M,M,M,M,M,M,M,M,M,M,53.60,FACT 280600Z 14008KT 9999 FEW030 12/06 Q1026 NOSIG,M
FACT,2026-07-28 06:54,59.00,44.60,58.78,130.00,8.00,0.00,30.33,M,6.21,M,FEW,M,M,M,3000.00,M,M,M,M,M,M,M,M,M,M,59.00,FACT 280654Z 13008KT 9999 FEW030 15/07 Q1027 NOSIG,M
FACT,2026-07-28 07:00,59.00,44.60,58.78,130.00,8.00,0.00,30.33,M,6.21,M,FEW,M,M,M,3000.00,M,M,M,M,M,M,M,M,M,M,59.00,COR FACT 280700Z 13008KT 9999 FEW030 15/07 Q1027 NOSIG,M
FACT,2026-07-28 08:00,62.60,44.60,51.73,140.00,10.00,0.00,30.33,M,6.21,M,FEW,M,M,M,3000.00,M,M,M,M,M,M,M,M,M,M,62.60,FACT 280800Z 14010KT 9999 FEW030 17/07 Q1027 NOSIG,M
FACT,2026-07-28 09:00,64.40,44.60,48.57,140.00,9.00,0.00,30.33,M,6.21,M,FEW,M,M,M,3000.00,M,M,M,M,M,M,M,M,M,M,64.40,FACT 280900Z 14009KT 9999 FEW030 18/07 Q1027 NOSIG,M
FACT,2026-07-28 10:00,66.20,44.60,45.62,140.00,12.00,0.00,30.33,M,6.21,M,M,M,M,M,M,M,M,M,M,M,M,M,M,M,M,66.20,FACT 281000Z 14012KT CAVOK 19/07 Q1027 NOSIG,M
FACT,2026-07-28 11:00,68.00,42.80,40.02,140.00,11.00,0.00,30.30,M,6.21,M,M,M,M,M,M,M,M,M,M,M,M,M,M,M,M,68.00,FACT 281100Z 14011KT CAVOK 20/06 Q1026 NOSIG,M
FACT,2026-07-28 12:00,66.20,44.60,45.62,140.00,13.00,0.00,30.27,M,6.21,M,M,M,M,M,M,M,M,M,M,M,M,M,M,M,M,66.20,FACT 281200Z 14013KT CAVOK 19/07 Q1025 NOSIG,M
FACT,2026-07-28 13:00,68.00,42.80,40.02,140.00,9.00,0.00,30.27,M,6.21,M,M,M,M,M,M,M,M,M,M,M,M,M,M,M,M,68.00,FACT 281300Z 14009KT 110V170 CAVOK 20/06 Q1025 NOSIG,M
FACT,2026-07-28 14:00,66.20,44.60,45.62,150.00,13.00,0.00,30.27,M,6.21,M,M,M,M,M,M,M,M,M,M,M,M,M,M,M,M,66.20,FACT 281400Z 15013KT CAVOK 19/07 Q1025 NOSIG,M
FACT,2026-07-28 15:00,64.40,46.40,52.00,140.00,13.00,0.00,30.27,M,6.21,M,M,M,M,M,M,M,M,M,M,M,M,M,M,M,M,64.40,FACT 281500Z 14013KT CAVOK 18/08 Q1025 NOSIG,M
FACT,2026-07-28 16:00,59.00,46.40,62.93,130.00,8.00,0.00,30.27,M,6.21,M,M,M,M,M,M,M,M,M,M,M,M,M,M,M,M,59.00,FACT 281600Z 13008KT CAVOK 15/08 Q1025 NOSIG,M
FACT,2026-07-28 17:00,57.20,44.60,62.70,140.00,7.00,0.00,30.27,M,6.21,M,M,M,M,M,M,M,M,M,M,M,M,M,M,M,M,57.20,FACT 281700Z 14007KT CAVOK 14/07 Q1025 NOSIG,M
FACT,2026-07-28 18:00,55.40,44.60,66.91,M,1.00,0.00,30.30,M,6.21,M,M,M,M,M,M,M,M,M,M,M,M,M,M,M,M,55.40,FACT 281800Z VRB01KT CAVOK 13/07 Q1026 NOSIG,M
FACT,2026-07-28 19:00,53.60,42.80,66.70,190.00,4.00,0.00,30.30,M,6.21,M,M,M,M,M,M,M,M,M,M,M,M,M,M,M,M,53.60,FACT 281900Z 19004KT 150V210 CAVOK 12/06 Q1026 NOSIG,M
FACT,2026-07-28 20:00,55.40,42.80,62.46,200.00,6.00,0.00,30.30,M,6.21,M,M,M,M,M,M,M,M,M,M,M,M,M,M,M,M,55.40,FACT 282000Z 20006KT CAVOK 13/06 Q1026 NOSIG,M
FACT,2026-07-28 21:00,53.60,42.80,66.70,M,2.00,0.00,30.30,M,6.21,M,M,M,M,M,M,M,M,M,M,M,M,M,M,M,M,53.60,FACT 282100Z VRB02KT CAVOK 12/06 Q1026 NOSIG,M
FACT,2026-07-28 22:00,51.80,42.80,71.26,280.00,5.00,0.00,30.30,M,6.21,M,M,M,M,M,M,M,M,M,M,M,M,M,M,M,M,51.80,FACT 282200Z 28005KT 240V350 CAVOK 11/06 Q1026 NOSIG,M
FACT,2026-07-28 23:00,51.80,44.60,76.34,260.00,6.00,0.00,30.27,M,6.21,M,M,M,M,M,M,M,M,M,M,M,M,M,M,M,M,51.80,FACT 282300Z 26006KT CAVOK 11/07 Q1025 NOSIG,M
FACT,2026-07-29 00:00,51.80,42.80,71.26,240.00,7.00,0.00,30.27,M,6.21,M,M,M,M,M,M,M,M,M,M,M,M,M,M,M,M,51.80,FACT 290000Z 24007KT CAVOK 11/06 Q1025 NOSIG,M
FACT,2026-07-29 01:00,46.40,41.00,81.33,M,2.00,0.00,30.27,M,6.21,M,M,M,M,M,M,M,M,M,M,M,M,M,M,M,M,46.40,FACT 290100Z VRB02KT CAVOK 08/05 Q1025 NOSIG,M
FACT,2026-07-29 02:00,50.00,42.80,76.17,M,4.00,0.00,30.27,M,6.21,M,M,M,M,M,M,M,M,M,M,M,M,M,M,M,M,50.00,COR FACT 290200Z VRB04KT CAVOK 10/06 Q1025 NOSIG,M
FACT,2026-07-29 02:08,50.00,42.80,76.17,M,4.00,0.00,30.27,M,6.21,M,M,M,M,M,M,M,M,M,M,M,M,M,M,M,M,50.00,FACT 290208Z VRB04KT CAVOK 10/06 Q1025 NOSIG,M
FACT,2026-07-29 03:00,44.60,39.20,81.20,M,1.00,0.00,30.24,M,6.21,M,M,M,M,M,M,M,M,M,M,M,M,M,M,M,M,44.60,FACT 290300Z VRB01KT CAVOK 07/04 Q1024 NOSIG,M
FACT,2026-07-29 04:00,46.40,41.00,81.33,M,2.00,0.00,30.24,M,6.21,M,M,M,M,M,M,M,M,M,M,M,M,M,M,M,M,46.40,FACT 290400Z VRB02KT CAVOK 08/05 Q1024 NOSIG,M
FACT,2026-07-29 05:00,42.80,39.20,86.99,M,1.00,0.00,30.24,M,6.21,M,M,M,M,M,M,M,M,M,M,M,M,M,M,M,M,42.80,FACT 290500Z VRB01KT CAVOK 06/04 Q1024 NOSIG,M
FACT,2026-07-29 06:00,41.00,39.20,93.24,M,2.00,0.00,30.27,M,6.21,M,M,M,M,M,M,M,M,M,M,M,M,M,M,M,M,41.00,FACT 290600Z VRB02KT CAVOK 05/04 Q1025 NOSIG,M
FACT,2026-07-29 06:27,46.40,42.80,87.18,M,3.00,0.00,30.27,M,6.21,M,M,M,M,M,M,M,M,M,M,M,M,M,M,M,M,45.15,FACT 290627Z VRB03KT CAVOK 08/06 Q1025 NOSIG,M
FACT,2026-07-29 06:54,51.80,44.60,76.34,M,2.00,0.00,30.27,M,6.21,M,M,M,M,M,M,M,M,M,M,M,M,M,M,M,M,51.80,FACT 290654Z VRB02KT CAVOK 11/07 Q1025 NOSIG,M
FACT,2026-07-29 07:00,51.80,44.60,76.34,M,2.00,0.00,30.27,M,6.21,M,M,M,M,M,M,M,M,M,M,M,M,M,M,M,M,51.80,FACT 290700Z VRB02KT CAVOK 11/07 Q1025 NOSIG,M
FACT,2026-07-29 07:23,55.40,44.60,66.91,210.00,4.00,0.00,30.27,M,6.21,M,M,M,M,M,M,M,M,M,M,M,M,M,M,M,M,55.40,FACT 290723Z 21004KT 180V240 CAVOK 13/07 Q1025 NOSIG,M
FACT,2026-07-29 07:55,59.00,46.40,62.93,M,2.00,0.00,30.27,M,6.21,M,M,M,M,M,M,M,M,M,M,M,M,M,M,M,M,59.00,FACT 290755Z VRB02KT CAVOK 15/08 Q1025 NOSIG,M
FACT,2026-07-29 08:00,59.00,46.40,62.93,M,2.00,0.00,30.27,M,6.21,M,M,M,M,M,M,M,M,M,M,M,M,M,M,M,M,59.00,FACT 290800Z VRB02KT CAVOK 15/08 Q1025 NOSIG,M
FACT,2026-07-29 08:57,64.40,44.60,48.57,200.00,4.00,0.00,30.27,M,6.21,M,M,M,M,M,M,M,M,M,M,M,M,M,M,M,M,64.40,FACT 290857Z 20004KT 160V250 CAVOK 18/07 Q1025 NOSIG,M
FACT,2026-07-29 09:00,64.40,44.60,48.57,200.00,4.00,0.00,30.27,M,6.21,M,M,M,M,M,M,M,M,M,M,M,M,M,M,M,M,64.40,FACT 290900Z 20004KT 160V250 CAVOK 18/07 Q1025 NOSIG,M
FACT,2026-07-29 10:00,66.20,41.00,39.73,230.00,6.00,0.00,30.27,M,6.21,M,M,M,M,M,M,M,M,M,M,M,M,M,M,M,M,66.20,FACT 291000Z 23006KT CAVOK 19/05 Q1025 NOSIG,M
FACT,2026-07-29 11:00,68.00,42.80,40.02,230.00,6.00,0.00,30.24,M,6.21,M,M,M,M,M,M,M,M,M,M,M,M,M,M,M,M,68.00,FACT 291100Z 23006KT 200V270 CAVOK 20/06 Q1024 NOSIG,M
FACT,2026-07-29 12:00,68.00,39.20,34.81,230.00,6.00,0.00,30.21,M,6.21,M,M,M,M,M,M,M,M,M,M,M,M,M,M,M,M,68.00,FACT 291200Z 23006KT 180V270 CAVOK 20/04 Q1023 NOSIG,M
FACT,2026-07-29 13:00,69.80,42.80,37.63,210.00,10.00,0.00,30.21,M,6.21,M,M,M,M,M,M,M,M,M,M,M,M,M,M,M,M,69.80,FACT 291300Z 21010KT CAVOK 21/06 Q1023 NOSIG,M
FACT,2026-07-29 14:00,68.00,44.60,42.87,180.00,10.00,0.00,30.21,M,6.21,M,M,M,M,M,M,M,M,M,M,M,M,M,M,M,M,68.00,FACT 291400Z 18010KT CAVOK 20/07 Q1023 NOSIG,M
FACT,2026-07-29 15:00,68.00,44.60,42.87,180.00,7.00,0.00,30.18,M,6.21,M,M,M,M,M,M,M,M,M,M,M,M,M,M,M,M,68.00,FACT 291500Z 18007KT CAVOK 20/07 Q1022 NOSIG,M
FACT,2026-07-29 16:00,64.40,48.20,55.65,220.00,6.00,0.00,30.18,M,6.21,M,M,M,M,M,M,M,M,M,M,M,M,M,M,M,M,64.40,FACT 291600Z 22006KT CAVOK 18/09 Q1022 NOSIG,M
FACT,2026-07-29 17:00,60.80,50.00,67.55,230.00,8.00,0.00,30.18,M,6.21,M,M,M,M,M,M,M,M,M,M,M,M,M,M,M,M,60.80,FACT 291700Z 23008KT CAVOK 16/10 Q1022 NOSIG,M
FACT,2026-07-29 18:00,57.20,50.00,76.83,240.00,7.00,0.00,30.21,M,6.21,M,M,M,M,M,M,M,M,M,M,M,M,M,M,M,M,57.20,FACT 291800Z 24007KT 210V270 CAVOK 14/10 Q1023 NOSIG,M
FACT,2026-07-29 19:00,57.20,50.00,76.83,230.00,7.00,0.00,30.21,M,6.21,M,M,M,M,M,M,M,M,M,M,M,M,M,M,M,M,57.20,FACT 291900Z 23007KT CAVOK 14/10 Q1023 NOSIG,M
FACT,2026-07-29 20:00,57.20,48.20,71.84,200.00,6.00,0.00,30.21,M,6.21,M,M,M,M,M,M,M,M,M,M,M,M,M,M,M,M,57.20,FACT 292000Z 20006KT CAVOK 14/09 Q1023 NOSIG,M
FACT,2026-07-29 21:00,53.60,48.20,81.87,M,3.00,0.00,30.21,M,6.21,M,M,M,M,M,M,M,M,M,M,M,M,M,M,M,M,53.60,FACT 292100Z VRB03KT CAVOK 12/09 Q1023 NOSIG,M
FACT,2026-07-29 22:00,51.80,48.20,87.47,M,2.00,0.00,30.21,M,6.21,M,M,M,M,M,M,M,M,M,M,M,M,M,M,M,M,51.80,FACT 292200Z VRB02KT CAVOK 11/09 Q1023 NOSIG,M
FACT,2026-07-29 23:00,53.60,48.20,81.87,230.00,4.00,0.00,30.24,M,6.21,M,M,M,M,M,M,M,M,M,M,M,M,M,M,M,M,53.60,FACT 292300Z 23004KT CAVOK 12/09 Q1024 NOSIG,M
FACT,2026-07-30 00:00,51.80,46.40,81.74,M,1.00,0.00,30.24,M,6.21,M,M,M,M,M,M,M,M,M,M,M,M,M,M,M,M,51.80,FACT 300000Z VRB01KT CAVOK 11/08 Q1024 NOSIG,M
FACT,2026-07-30 01:00,46.40,44.60,93.40,60.00,2.00,0.00,30.24,M,6.21,M,M,M,M,M,M,M,M,M,M,M,M,M,M,M,M,46.40,FACT 300100Z 06002KT CAVOK 08/07 Q1024 NOSIG,M
FACT,2026-07-30 02:00,44.60,41.00,87.08,60.00,4.00,0.00,30.21,M,6.21,M,M,M,M,M,M,M,M,M,M,M,M,M,M,M,M,42.13,FACT 300200Z 06004KT CAVOK 07/05 Q1023 NOSIG,M
FACT,2026-07-30 03:00,44.60,42.80,93.35,80.00,4.00,0.00,30.21,M,6.21,M,M,M,M,M,M,M,M,M,M,M,M,M,M,M,M,42.13,FACT 300300Z 08004KT CAVOK 07/06 Q1023 NOSIG,M
FACT,2026-07-30 04:00,44.60,42.80,93.35,50.00,3.00,0.00,30.24,M,6.21,M,M,M,M,M,M,M,M,M,M,M,M,M,M,M,M,43.09,FACT 300400Z 05003KT CAVOK 07/06 Q1024 NOSIG,M
FACT,2026-07-30 05:00,41.00,39.20,93.24,M,1.00,0.00,30.24,M,6.21,M,M,M,M,M,M,M,M,M,M,M,M,M,M,M,M,41.00,FACT 300500Z VRB01KT CAVOK 05/04 Q1024 NOSIG,M
FACT,2026-07-30 06:00,42.80,41.00,93.29,M,2.00,0.00,30.24,M,6.21,M,M,M,M,M,M,M,M,M,M,M,M,M,M,M,M,42.80,FACT 300600Z VRB02KT CAVOK 06/05 Q1024 NOSIG,M
FACT,2026-07-30 06:57,48.20,44.60,87.28,M,2.00,0.00,30.27,M,6.21,M,M,M,M,M,M,M,M,M,M,M,M,M,M,M,M,48.20,FACT 300657Z VRB02KT CAVOK 09/07 Q1025 NOSIG,M
FACT,2026-07-30 07:00,48.20,44.60,87.28,M,2.00,0.00,30.27,M,6.21,M,M,M,M,M,M,M,M,M,M,M,M,M,M,M,M,48.20,FACT 300700Z VRB02KT CAVOK 09/07 Q1025 NOSIG,M
FACT,2026-07-30 07:25,55.40,50.00,82.00,M,1.00,0.00,30.27,M,6.21,M,M,M,M,M,M,M,M,M,M,M,M,M,M,M,M,55.40,FACT 300725Z VRB01KT CAVOK 13/10 Q1025 NOSIG,M
FACT,2026-07-30 07:55,59.00,50.00,72.02,M,2.00,0.00,30.27,M,6.21,M,M,M,M,M,M,M,M,M,M,M,M,M,M,M,M,59.00,FACT 300755Z VRB02KT CAVOK 15/10 Q1025 NOSIG,M
FACT,2026-07-30 08:00,59.00,50.00,72.02,M,2.00,0.00,30.27,M,6.21,M,M,M,M,M,M,M,M,M,M,M,M,M,M,M,M,59.00,FACT 300800Z VRB02KT CAVOK 15/10 Q1025 NOSIG,M
FACT,2026-07-30 08:29,62.60,48.20,59.27,M,1.00,0.00,30.30,M,6.21,M,M,M,M,M,M,M,M,M,M,M,M,M,M,M,M,62.60,FACT 300829Z VRB01KT CAVOK 17/09 Q1026 NOSIG,M
FACT,2026-07-30 09:00,64.40,46.40,52.00,M,2.00,0.00,30.30,M,6.21,M,M,M,M,M,M,M,M,M,M,M,M,M,M,M,M,64.40,FACT 300900Z VRB02KT CAVOK 18/08 Q1026 NOSIG,M
FACT,2026-07-30 09:31,68.00,48.20,49.12,M,2.00,0.00,30.30,M,6.21,M,M,M,M,M,M,M,M,M,M,M,M,M,M,M,M,68.00,FACT 300931Z VRB02KT CAVOK 20/09 Q1026 NOSIG,M
FACT,2026-07-30 10:00,68.00,44.60,42.87,M,3.00,0.00,30.27,M,6.21,M,M,M,M,M,M,M,M,M,M,M,M,M,M,M,M,68.00,FACT 301000Z VRB03KT CAVOK 20/07 Q1025 NOSIG,M
FACT,2026-07-30 11:00,69.80,41.00,35.11,170.00,5.00,0.00,30.27,M,6.21,M,M,M,M,M,M,M,M,M,M,M,M,M,M,M,M,69.80,FACT 301100Z 17005KT 130V220 CAVOK 21/05 Q1025 NOSIG,M
FACT,2026-07-30 12:00,69.80,41.00,35.11,180.00,9.00,0.00,30.24,M,6.21,M,M,M,M,M,M,M,M,M,M,M,M,M,M,M,M,69.80,FACT 301200Z 18009KT CAVOK 21/05 Q1024 NOSIG,M
FACT,2026-07-30 13:00,69.80,41.00,35.11,190.00,8.00,0.00,30.21,M,6.21,M,M,M,M,M,M,M,M,M,M,M,M,M,M,M,M,69.80,FACT 301300Z 19008KT CAVOK 21/05 Q1023 NOSIG,M
FACT,2026-07-30 14:00,68.00,44.60,42.87,200.00,8.00,0.00,30.21,M,6.21,M,M,M,M,M,M,M,M,M,M,M,M,M,M,M,M,68.00,FACT 301400Z 20008KT CAVOK 20/07 Q1023 NOSIG,M
FACT,2026-07-30 15:00,66.20,50.00,55.91,200.00,7.00,0.00,30.21,M,6.21,M,M,M,M,M,M,M,M,M,M,M,M,M,M,M,M,66.20,FACT 301500Z 20007KT CAVOK 19/10 Q1023 NOSIG,M
FACT,2026-07-30 16:00,60.80,51.80,72.21,220.00,8.00,0.00,30.21,M,6.21,M,M,M,M,M,M,M,M,M,M,M,M,M,M,M,M,60.80,FACT 301600Z 22008KT 180V240 CAVOK 16/11 Q1023 NOSIG,M
FACT,2026-07-30 17:00,60.80,51.80,72.21,210.00,8.00,0.00,30.21,M,6.21,M,M,M,M,M,M,M,M,M,M,M,M,M,M,M,M,60.80,FACT 301700Z 21008KT CAVOK 16/11 Q1023 NOSIG,M
FACT,2026-07-30 18:00,59.00,50.00,72.02,240.00,7.00,0.00,30.21,M,6.21,M,M,M,M,M,M,M,M,M,M,M,M,M,M,M,M,59.00,FACT 301800Z 24007KT CAVOK 15/10 Q1023 NOSIG,M
FACT,2026-07-30 19:00,59.00,50.00,72.02,230.00,8.00,0.00,30.21,M,6.21,M,M,M,M,M,M,M,M,M,M,M,M,M,M,M,M,59.00,FACT 301900Z 23008KT 200V260 CAVOK 15/10 Q1023 NOSIG,M
FACT,2026-07-30 20:00,57.20,50.00,76.83,M,2.00,0.00,30.21,M,6.21,M,M,M,M,M,M,M,M,M,M,M,M,M,M,M,M,57.20,FACT 302000Z VRB02KT CAVOK 14/10 Q1023 NOSIG,M
FACT,2026-07-30 21:00,53.60,48.20,81.87,M,1.00,0.00,30.24,M,6.21,M,M,M,M,M,M,M,M,M,M,M,M,M,M,M,M,53.60,FACT 302100Z VRB01KT CAVOK 12/09 Q1024 NOSIG,M
FACT,2026-07-30 22:00,51.80,46.40,81.74,60.00,3.00,0.00,30.24,M,6.21,M,M,M,M,M,M,M,M,M,M,M,M,M,M,M,M,51.80,FACT 302200Z 06003KT CAVOK 11/08 Q1024 NOSIG,M
FACT,2026-07-30 23:00,48.20,46.40,93.45,M,3.00,0.00,30.24,M,6.21,M,M,M,M,M,M,M,M,M,M,M,M,M,M,M,M,47.21,FACT 302300Z VRB03KT CAVOK 09/08 Q1024 NOSIG,M
FACT,2026-07-31 00:00,50.00,46.40,87.37,M,2.00,0.00,30.21,M,6.21,M,M,M,M,M,M,M,M,M,M,M,M,M,M,M,M,50.00,FACT 310000Z VRB02KT CAVOK 10/08 Q1023 NOSIG,M
FACT,2026-07-31 01:00,46.40,44.60,93.40,140.00,4.00,0.00,30.21,M,6.21,M,M,M,M,M,M,M,M,M,M,M,M,M,M,M,M,44.24,FACT 310100Z 14004KT CAVOK 08/07 Q1023 NOSIG,M
FACT,2026-07-31 02:00,46.40,42.80,87.18,M,1.00,0.00,30.21,M,6.21,M,M,M,M,M,M,M,M,M,M,M,M,M,M,M,M,46.40,FACT 310200Z VRB01KT CAVOK 08/06 Q1023 NOSIG,M
FACT,2026-07-31 03:00,46.40,42.80,87.18,M,2.00,0.00,30.21,M,6.21,M,M,M,M,M,M,M,M,M,M,M,M,M,M,M,M,46.40,FACT 310300Z VRB02KT CAVOK 08/06 Q1023 NOSIG,M
FACT,2026-07-31 04:00,48.20,44.60,87.28,M,2.00,0.00,30.21,M,6.21,M,M,M,M,M,M,M,M,M,M,M,M,M,M,M,M,48.20,FACT 310400Z VRB02KT CAVOK 09/07 Q1023 NOSIG,M
FACT,2026-07-31 05:00,46.40,42.80,87.18,M,1.00,0.00,30.21,M,6.21,M,M,M,M,M,M,M,M,M,M,M,M,M,M,M,M,46.40,FACT 310500Z VRB01KT CAVOK 08/06 Q1023 NOSIG,M
FACT,2026-07-31 06:00,46.40,42.80,87.18,110.00,3.00,0.00,30.21,M,6.21,M,M,M,M,M,M,M,M,M,M,M,M,M,M,M,M,45.15,FACT 310600Z 11003KT CAVOK 08/06 Q1023 NOSIG,M
FACT,2026-07-31 06:54,53.60,48.20,81.87,90.00,4.00,0.00,30.21,M,6.21,M,M,M,M,M,M,M,M,M,M,M,M,M,M,M,M,53.60,FACT 310654Z 09004KT CAVOK 12/09 Q1023 NOSIG,M
FACT,2026-07-31 07:00,53.60,48.20,81.87,90.00,4.00,0.00,30.21,M,6.21,M,M,M,M,M,M,M,M,M,M,M,M,M,M,M,M,53.60,FACT 310700Z 09004KT CAVOK 12/09 Q1023 NOSIG,M
FACT,2026-07-31 07:21,57.20,50.00,76.83,M,3.00,0.00,30.21,M,6.21,M,M,M,M,M,M,M,M,M,M,M,M,M,M,M,M,57.20,FACT 310721Z VRB03KT CAVOK 14/10 Q1023 NOSIG,M
FACT,2026-07-31 07:55,60.80,50.00,67.55,M,2.00,0.00,30.24,M,6.21,M,M,M,M,M,M,M,M,M,M,M,M,M,M,M,M,60.80,FACT 310755Z VRB02KT CAVOK 16/10 Q1024 NOSIG,M
FACT,2026-07-31 08:00,60.80,50.00,67.55,M,2.00,0.00,30.24,M,6.21,M,M,M,M,M,M,M,M,M,M,M,M,M,M,M,M,60.80,FACT 310800Z VRB02KT CAVOK 16/10 Q1024 NOSIG,M
FACT,2026-07-31 08:30,64.40,50.00,59.52,M,3.00,0.00,30.24,M,6.21,M,M,M,M,M,M,M,M,M,M,M,M,M,M,M,M,64.40,FACT 310830Z VRB03KT CAVOK 18/10 Q1024 NOSIG,M
FACT,2026-07-31 08:56,68.00,44.60,42.87,170.00,4.00,0.00,30.24,M,6.21,M,M,M,M,M,M,M,M,M,M,M,M,M,M,M,M,68.00,FACT 310856Z 17004KT 120V190 CAVOK 20/07 Q1024 NOSIG,M
FACT,2026-07-31 09:00,68.00,44.60,42.87,170.00,4.00,0.00,30.24,M,6.21,M,M,M,M,M,M,M,M,M,M,M,M,M,M,M,M,68.00,FACT 310900Z 17004KT 120V190 CAVOK 20/07 Q1024 NOSIG,M
FACT,2026-07-31 10:00,69.80,42.80,37.63,150.00,4.00,0.00,30.21,M,6.21,M,M,M,M,M,M,M,M,M,M,M,M,M,M,M,M,69.80,FACT 311000Z 15004KT CAVOK 21/06 Q1023 NOSIG,M
FACT,2026-07-31 10:25,73.40,42.80,33.31,160.00,4.00,0.00,30.21,M,6.21,M,M,M,M,M,M,M,M,M,M,M,M,M,M,M,M,73.40,FACT 311025Z 16004KT 110V210 CAVOK 23/06 Q1023 NOSIG,M
FACT,2026-07-31 11:00,73.40,42.80,33.31,160.00,4.00,0.00,30.21,M,6.21,M,M,M,M,M,M,M,M,M,M,M,M,M,M,M,M,73.40,FACT 311100Z 16004KT 120V210 CAVOK 23/06 Q1023 NOSIG,M
FACT,2026-07-31 12:00,75.20,39.20,27.28,180.00,7.00,0.00,30.18,M,6.21,M,M,M,M,M,M,M,M,M,M,M,M,M,M,M,M,75.20,FACT 311200Z 18007KT 150V210 CAVOK 24/04 Q1022 NOSIG,M
FACT,2026-07-31 13:00,71.60,41.00,33.02,200.00,8.00,0.00,30.15,M,6.21,M,M,M,M,M,M,M,M,M,M,M,M,M,M,M,M,71.60,FACT 311300Z 20008KT CAVOK 22/05 Q1021 NOSIG,M
FACT,2026-07-31 14:00,73.40,44.60,35.69,200.00,6.00,0.00,30.15,M,6.21,M,M,M,M,M,M,M,M,M,M,M,M,M,M,M,M,73.40,FACT 311400Z 20006KT 170V240 CAVOK 23/07 Q1021 NOSIG,M
FACT,2026-07-31 15:00,68.00,48.20,49.12,210.00,6.00,0.00,30.15,M,6.21,M,M,M,M,M,M,M,M,M,M,M,M,M,M,M,M,68.00,FACT 311500Z 21006KT CAVOK 20/09 Q1021 NOSIG,M
FACT,2026-07-31 16:00,64.40,48.20,55.65,210.00,5.00,0.00,30.15,M,6.21,M,M,M,M,M,M,M,M,M,M,M,M,M,M,M,M,64.40,FACT 311600Z 21005KT CAVOK 18/09 Q1021 NOSIG,M
FACT,2026-07-31 17:00,60.80,50.00,67.55,M,3.00,0.00,30.15,M,6.21,M,M,M,M,M,M,M,M,M,M,M,M,M,M,M,M,60.80,FACT 311700Z VRB03KT CAVOK 16/10 Q1021 NOSIG,M
FACT,2026-07-31 18:00,53.60,46.40,76.51,110.00,3.00,0.00,30.15,M,6.21,M,M,M,M,M,M,M,M,M,M,M,M,M,M,M,M,53.60,FACT 311800Z 11003KT CAVOK 12/08 Q1021 NOSIG,M
FACT,2026-07-31 19:00,51.80,46.40,81.74,50.00,4.00,0.00,30.15,M,6.21,M,M,M,M,M,M,M,M,M,M,M,M,M,M,M,M,51.80,FACT 311900Z 05004KT CAVOK 11/08 Q1021 NOSIG,M
FACT,2026-07-31 20:00,50.00,44.60,81.60,50.00,5.00,0.00,30.15,M,6.21,M,M,M,M,M,M,M,M,M,M,M,M,M,M,M,M,50.00,FACT 312000Z 05005KT CAVOK 10/07 Q1021 NOSIG,M
FACT,2026-07-31 21:00,50.00,42.80,76.17,60.00,7.00,0.00,30.15,M,6.21,M,M,M,M,M,M,M,M,M,M,M,M,M,M,M,M,50.00,FACT 312100Z 06007KT CAVOK 10/06 Q1021 NOSIG,M
FACT,2026-07-31 22:00,50.00,39.20,66.26,M,1.00,0.00,30.15,M,6.21,M,M,M,M,M,M,M,M,M,M,M,M,M,M,M,M,50.00,FACT 312200Z VRB01KT CAVOK 10/04 Q1021 NOSIG,M
FACT,2026-07-31 23:00,51.80,39.20,61.99,M,1.00,0.00,30.12,M,6.21,M,M,M,M,M,M,M,M,M,M,M,M,M,M,M,M,51.80,FACT 312300Z VRB01KT CAVOK 11/04 Q1020 NOSIG,M
FACT,2026-08-01 00:00,46.40,39.20,75.84,70.00,3.00,0.00,30.12,M,6.21,M,M,M,M,M,M,M,M,M,M,M,M,M,M,M,M,45.15,FACT 010000Z 07003KT CAVOK 08/04 Q1020 NOSIG,M
FACT,2026-08-01 01:00,48.20,39.20,70.87,60.00,5.00,0.00,30.12,M,6.21,M,M,M,M,M,M,M,M,M,M,M,M,M,M,M,M,45.63,FACT 010100Z 06005KT CAVOK 09/04 Q1020 NOSIG,M
FACT,2026-08-01 02:00,50.00,39.20,66.26,90.00,2.00,0.00,30.12,M,6.21,M,M,M,M,M,M,M,M,M,M,M,M,M,M,M,M,50.00,FACT 010200Z 09002KT CAVOK 10/04 Q1020 NOSIG,M
FACT,2026-08-01 03:00,46.40,37.40,70.67,M,3.00,0.00,30.09,M,6.21,M,M,M,M,M,M,M,M,M,M,M,M,M,M,M,M,45.15,FACT 010300Z VRB03KT CAVOK 08/03 Q1019 NOSIG,M
FACT,2026-08-01 04:00,46.40,37.40,70.67,80.00,4.00,0.00,30.09,M,6.21,M,M,M,M,M,M,M,M,M,M,M,M,M,M,M,M,44.24,FACT 010400Z 08004KT CAVOK 08/03 Q1019 NOSIG,M
FACT,2026-08-01 05:00,44.60,37.40,75.67,70.00,4.00,0.00,30.12,M,6.21,M,M,M,M,M,M,M,M,M,M,M,M,M,M,M,M,42.13,FACT 010500Z 07004KT CAVOK 07/03 Q1020 NOSIG,M
FACT,2026-08-01 06:00,44.60,35.60,70.47,70.00,4.00,0.00,30.12,M,6.21,M,M,M,M,M,M,M,M,M,M,M,M,M,M,M,M,42.13,FACT 010600Z 07004KT CAVOK 07/02 Q1020 NOSIG,M
FACT,2026-08-01 06:31,50.00,39.20,66.26,60.00,4.00,0.00,30.12,M,6.21,M,M,M,M,M,M,M,M,M,M,M,M,M,M,M,M,50.00,FACT 010631Z 06004KT CAVOK 10/04 Q1020 NOSIG,M
FACT,2026-08-01 07:00,53.60,42.80,66.70,M,1.00,0.00,30.12,M,6.21,M,M,M,M,M,M,M,M,M,M,M,M,M,M,M,M,53.60,FACT 010700Z VRB01KT CAVOK 12/06 Q1020 NOSIG,M
FACT,2026-08-01 07:01,53.60,42.80,66.70,M,1.00,0.00,30.12,M,6.21,M,M,M,M,M,M,M,M,M,M,M,M,M,M,M,M,53.60,FACT 010701Z VRB01KT CAVOK 12/06 Q1020 NOSIG,M
FACT,2026-08-01 07:54,66.20,44.60,45.62,M,2.00,0.00,30.12,M,6.21,M,M,M,M,M,M,M,M,M,M,M,M,M,M,M,M,66.20,FACT 010754Z VRB02KT CAVOK 19/07 Q1020 NOSIG,M
FACT,2026-08-01 08:00,66.20,44.60,45.62,M,2.00,0.00,30.12,M,6.21,M,M,M,M,M,M,M,M,M,M,M,M,M,M,M,M,66.20,FACT 010800Z VRB02KT CAVOK 19/07 Q1020 NOSIG,M
FACT,2026-08-01 08:55,71.60,41.00,33.02,M,3.00,0.00,30.15,M,6.21,M,M,M,M,M,M,M,M,M,M,M,M,M,M,M,M,71.60,FACT 010855Z VRB03KT CAVOK 22/05 Q1021 NOSIG,M
FACT,2026-08-01 09:00,71.60,41.00,33.02,M,3.00,0.00,30.15,M,6.21,M,M,M,M,M,M,M,M,M,M,M,M,M,M,M,M,71.60,FACT 010900Z VRB03KT CAVOK 22/05 Q1021 NOSIG,M
FACT,2026-08-01 10:00,75.20,35.60,23.68,M,3.00,0.00,30.12,M,6.21,M,M,M,M,M,M,M,M,M,M,M,M,M,M,M,M,75.20,FACT 011000Z VRB03KT CAVOK 24/02 Q1020 NOSIG,M
FACT,2026-08-01 11:00,78.80,32.00,18.20,M,3.00,0.00,30.12,M,6.21,M,M,M,M,M,M,M,M,M,M,M,M,M,M,M,M,78.80,FACT 011100Z VRB03KT CAVOK 26/00 Q1020 NOSIG,M
FACT,2026-08-01 12:00,78.80,30.20,16.92,M,3.00,0.00,30.09,M,6.21,M,M,M,M,M,M,M,M,M,M,M,M,M,M,M,M,78.80,FACT 011200Z VRB03KT CAVOK 26/M01 Q1019 NOSIG,M
FACT,2026-08-01 13:00,80.60,32.00,17.16,150.00,4.00,0.00,30.06,M,6.21,M,M,M,M,M,M,M,M,M,M,M,M,M,M,M,M,78.82,FACT 011300Z 15004KT 110V190 CAVOK 27/00 Q1018 NOSIG,M
FACT,2026-08-01 14:00,78.80,28.40,15.72,150.00,7.00,0.00,30.06,M,6.21,M,M,M,M,M,M,M,M,M,M,M,M,M,M,M,M,78.80,FACT 011400Z 15007KT CAVOK 26/M02 Q1018 NOSIG,M
FACT,2026-08-01 15:00,75.20,30.20,19.06,160.00,7.00,0.00,30.06,M,6.21,M,M,M,M,M,M,M,M,M,M,M,M,M,M,M,M,75.20,FACT 011500Z 16007KT CAVOK 24/M01 Q1018 NOSIG,M
FACT,2026-08-01 16:00,68.00,35.60,30.21,160.00,5.00,0.00,30.06,M,6.21,M,M,M,M,M,M,M,M,M,M,M,M,M,M,M,M,68.00,FACT 011600Z 16005KT CAVOK 20/02 Q1018 NOSIG,M
FACT,2026-08-01 17:00,59.00,35.60,41.42,180.00,5.00,0.00,30.06,M,6.21,M,M,M,M,M,M,M,M,M,M,M,M,M,M,M,M,59.00,FACT 011700Z 18005KT CAVOK 15/02 Q1018 NOSIG,M
FACT,2026-08-01 18:00,57.20,39.20,50.91,160.00,2.00,0.00,30.09,M,6.21,M,M,M,M,M,M,M,M,M,M,M,M,M,M,M,M,57.20,FACT 011800Z 16002KT CAVOK 14/04 Q1019 NOSIG,M
FACT,2026-08-01 19:00,55.40,42.80,62.46,120.00,2.00,0.00,30.09,M,6.21,M,M,M,M,M,M,M,M,M,M,M,M,M,M,M,M,55.40,FACT 011900Z 12002KT CAVOK 13/06 Q1019 NOSIG,M
FACT,2026-08-01 20:00,53.60,42.80,66.70,100.00,2.00,0.00,30.09,M,6.21,M,M,M,M,M,M,M,M,M,M,M,M,M,M,M,M,53.60,FACT 012000Z 10002KT CAVOK 12/06 Q1019 NOSIG,M
FACT,2026-08-01 21:00,51.80,41.00,66.48,90.00,3.00,0.00,30.09,M,6.21,M,M,M,M,M,M,M,M,M,M,M,M,M,M,M,M,51.80,FACT 012100Z 09003KT CAVOK 11/05 Q1019 NOSIG,M
FACT,2026-08-01 22:00,50.00,39.20,66.26,60.00,5.00,0.00,30.06,M,6.21,M,M,M,M,M,M,M,M,M,M,M,M,M,M,M,M,50.00,FACT 012200Z 06005KT CAVOK 10/04 Q1018 NOSIG,M
FACT,2026-08-01 23:00,50.00,37.40,61.75,70.00,5.00,0.00,30.06,M,6.21,M,M,M,M,M,M,M,M,M,M,M,M,M,M,M,M,50.00,FACT 012300Z 07005KT CAVOK 10/03 Q1018 NOSIG,M
FACT,2026-08-02 00:00,48.20,37.40,66.04,70.00,4.00,0.00,30.06,M,6.21,M,M,M,M,M,M,M,M,M,M,M,M,M,M,M,M,46.34,FACT 020000Z 07004KT CAVOK 09/03 Q1018 NOSIG,M
FACT,2026-08-02 01:00,50.00,37.40,61.75,50.00,6.00,0.00,30.06,M,6.21,M,M,M,M,M,M,M,M,M,M,M,M,M,M,M,M,50.00,FACT 020100Z 05006KT CAVOK 10/03 Q1018 NOSIG,M
FACT,2026-08-02 02:00,50.00,37.40,61.75,M,2.00,0.00,30.03,M,6.21,M,M,M,M,M,M,M,M,M,M,M,M,M,M,M,M,50.00,FACT 020200Z VRB02KT CAVOK 10/03 Q1017 NOSIG,M
FACT,2026-08-02 03:00,50.00,37.40,61.75,50.00,2.00,0.00,30.03,M,6.21,M,M,M,M,M,M,M,M,M,M,M,M,M,M,M,M,50.00,FACT 020300Z 05002KT CAVOK 10/03 Q1017 NOSIG,M
FACT,2026-08-02 04:00,48.20,37.40,66.04,40.00,5.00,0.00,30.03,M,6.21,M,M,M,M,M,M,M,M,M,M,M,M,M,M,M,M,45.63,FACT 020400Z 04005KT CAVOK 09/03 Q1017 NOSIG,M
FACT,2026-08-02 05:00,48.20,37.40,66.04,330.00,6.00,0.00,30.06,M,6.21,M,M,M,M,M,M,M,M,M,M,M,M,M,M,M,M,45.04,FACT 020500Z 33006KT CAVOK 09/03 Q1018 NOSIG,M
FACT,2026-08-02 06:00,48.20,37.40,66.04,40.00,7.00,0.00,30.09,M,6.21,M,M,M,M,M,M,M,M,M,M,M,M,M,M,M,M,44.53,FACT 020600Z 04007KT CAVOK 09/03 Q1019 NOSIG,M
FACT,2026-08-02 06:47,53.60,41.00,62.22,40.00,5.00,0.00,30.09,M,6.21,M,M,M,M,M,M,M,M,M,M,M,M,M,M,M,M,53.60,FACT 020647Z 04005KT 340V070 CAVOK 12/05 Q1019 NOSIG,M
FACT,2026-08-02 07:00,53.60,41.00,62.22,40.00,5.00,0.00,30.09,M,6.21,M,M,M,M,M,M,M,M,M,M,M,M,M,M,M,M,53.60,COR FACT 020700Z 04005KT 340V070 CAVOK 12/05 Q1019 NOSIG,M
FACT,2026-08-02 07:04,57.20,41.00,54.60,50.00,6.00,0.00,30.09,M,6.21,M,M,M,M,M,M,M,M,M,M,M,M,M,M,M,M,57.20,FACT 020704Z 05006KT CAVOK 14/05 Q1019 NOSIG,M
FACT,2026-08-02 07:26,60.80,39.20,44.76,50.00,6.00,0.00,30.09,M,6.21,M,M,M,M,M,M,M,M,M,M,M,M,M,M,M,M,60.80,FACT 020726Z 05006KT CAVOK 16/04 Q1019 NOSIG,M
FACT,2026-08-02 08:00,62.60,41.00,45.05,50.00,7.00,0.00,30.09,M,6.21,M,M,M,M,M,M,M,M,M,M,M,M,M,M,M,M,62.60,FACT 020800Z 05007KT CAVOK 17/05 Q1019 NOSIG,M
FACT,2026-08-02 08:31,68.00,41.00,37.34,30.00,6.00,0.00,30.09,M,6.21,M,M,M,M,M,M,M,M,M,M,M,M,M,M,M,M,68.00,FACT 020831Z 03006KT CAVOK 20/05 Q1019 NOSIG,M
FACT,2026-08-02 08:55,71.60,39.20,30.79,350.00,8.00,0.00,30.09,M,6.21,M,M,M,M,M,M,M,M,M,M,M,M,M,M,M,M,71.60,FACT 020855Z 35008KT CAVOK 22/04 Q1019 NOSIG,M
FACT,2026-08-02 09:00,71.60,39.20,30.79,350.00,8.00,0.00,30.09,M,6.21,M,M,M,M,M,M,M,M,M,M,M,M,M,M,M,M,71.60,FACT 020900Z 35008KT CAVOK 22/04 Q1019 NOSIG,M
FACT,2026-08-02 10:00,71.60,37.40,28.69,320.00,13.00,0.00,30.09,M,6.21,M,M,M,M,M,M,M,M,M,M,M,M,M,M,M,M,71.60,FACT 021000Z 32013KT CAVOK 22/03 Q1019 NOSIG,M
FACT,2026-08-02 11:00,73.40,37.40,27.00,330.00,11.00,0.00,30.06,M,6.21,M,M,M,M,M,M,M,M,M,M,M,M,M,M,M,M,73.40,FACT 021100Z 33011KT CAVOK 23/03 Q1018 NOSIG,M
FACT,2026-08-02 12:00,71.60,37.40,28.69,310.00,12.00,0.00,30.03,M,6.21,M,M,M,M,M,M,M,M,M,M,M,M,M,M,M,M,71.60,FACT 021200Z 31012KT CAVOK 22/03 Q1017 NOSIG,M
FACT,2026-08-02 13:00,71.60,35.60,26.72,310.00,13.00,0.00,30.03,M,6.21,M,M,M,M,M,M,M,M,M,M,M,M,M,M,M,M,71.60,FACT 021300Z 31013KT CAVOK 22/02 Q1017 NOSIG,M
FACT,2026-08-02 14:00,68.00,37.40,32.44,310.00,14.00,0.00,30.03,M,6.21,M,M,M,M,M,M,M,M,M,M,M,M,M,M,M,M,68.00,FACT 021400Z 31014KT CAVOK 20/03 Q1017 NOSIG,M
FACT,2026-08-02 15:00,66.20,39.20,37.04,330.00,12.00,0.00,30.03,M,6.21,M,M,M,M,M,M,M,M,M,M,M,M,M,M,M,M,66.20,FACT 021500Z 33012KT CAVOK 19/04 Q1017 NOSIG,M
FACT,2026-08-02 16:00,62.60,39.20,42.00,360.00,7.00,0.00,30.06,M,6.21,M,M,M,M,M,M,M,M,M,M,M,M,M,M,M,M,62.60,FACT 021600Z 36007KT CAVOK 17/04 Q1018 NOSIG,M
FACT,2026-08-02 17:00,60.80,39.20,44.76,340.00,7.00,0.00,30.06,M,6.21,M,M,M,M,M,M,M,M,M,M,M,M,M,M,M,M,60.80,FACT 021700Z 34007KT CAVOK 16/04 Q1018 NOSIG,M
FACT,2026-08-02 18:00,55.40,48.20,76.67,320.00,3.00,0.00,30.06,M,6.21,M,M,M,M,M,M,M,M,M,M,M,M,M,M,M,M,55.40,FACT 021800Z 32003KT CAVOK 13/09 Q1018 NOSIG,M
FACT,2026-08-02 19:00,55.40,50.00,82.00,M,2.00,0.00,30.06,M,6.21,M,M,M,M,M,M,M,M,M,M,M,M,M,M,M,M,55.40,FACT 021900Z VRB02KT CAVOK 13/10 Q1018 NOSIG,M
FACT,2026-08-02 20:00,48.20,46.40,93.45,150.00,4.00,0.00,30.06,M,6.21,M,M,M,M,M,M,M,M,M,M,M,M,M,M,M,M,46.34,FACT 022000Z 15004KT CAVOK 09/08 Q1018 NOSIG,M
FACT,2026-08-02 20:53,51.80,48.20,87.47,150.00,4.00,0.00,30.06,M,6.21,M,M,M,M,M,M,M,M,M,M,M,M,M,M,M,M,51.80,FACT 022053Z 15004KT CAVOK 11/09 Q1018 NOSIG,M
FACT,2026-08-02 21:00,51.80,48.20,87.47,150.00,4.00,0.00,30.06,M,6.21,M,M,M,M,M,M,M,M,M,M,M,M,M,M,M,M,51.80,FACT 022100Z 15004KT CAVOK 11/09 Q1018 NOSIG,M
FACT,2026-08-02 22:00,51.80,50.00,93.55,130.00,4.00,0.00,30.06,M,6.21,M,M,M,M,M,M,M,M,M,M,M,M,M,M,M,M,51.80,FACT 022200Z 13004KT CAVOK 11/10 Q1018 NOSIG,M
FACT,2026-08-02 23:00,53.60,53.60,100.00,150.00,4.00,0.00,30.06,M,0.06,M,VV ,M,M,M,100.00,M,M,M,FG,M,M,M,M,M,M,53.60,COR FACT 022300Z 15004KT 0100 R01/0325 FG VV001 12/12 Q1018 TEMPO 0500,M
FACT,2026-08-02 23:04,53.60,53.60,100.00,150.00,4.00,0.00,30.06,M,0.06,M,VV ,M,M,M,100.00,M,M,M,FG,M,M,M,M,M,M,53.60,FACT 022304Z 15004KT 0100 R01/0325 FG VV001 12/12 Q1018 TEMPO 0500,M
FACT,2026-08-03 00:00,51.80,51.80,100.00,130.00,4.00,0.00,30.06,M,0.06,M,VV ,M,M,M,100.00,M,M,M,FG,M,M,M,M,M,M,51.80,FACT 030000Z 13004KT 0100 R19/0250 FG VV001 11/11 Q1018 NOSIG,M
FACT,2026-08-03 01:00,51.80,51.80,100.00,140.00,4.00,0.00,30.03,M,0.06,M,VV ,M,M,M,100.00,M,M,M,FG,M,M,M,M,M,M,51.80,FACT 030100Z 14004KT 0100 R19/0300 FG VV001 11/11 Q1017 NOSIG,M
FACT,2026-08-03 02:00,51.80,51.80,100.00,140.00,4.00,0.00,30.03,M,0.06,M,VV ,M,M,M,100.00,M,M,M,FG,M,M,M,M,M,M,51.80,FACT 030200Z 14004KT 0100 R19/0275 FG VV001 11/11 Q1017 NOSIG,M
FACT,2026-08-03 03:00,51.80,51.80,100.00,130.00,4.00,0.00,30.03,M,0.06,M,VV ,M,M,M,100.00,M,M,M,FG,M,M,M,M,M,M,51.80,FACT 030300Z 13004KT 0100 R19/0300 FG VV001 11/11 Q1017 NOSIG,M
FACT,2026-08-03 03:23,51.80,51.80,100.00,110.00,3.00,0.00,30.00,M,0.06,M,VV ,M,M,M,100.00,M,M,M,FG,M,M,M,M,M,M,51.80,FACT 030323Z 11003KT 0100 R19/0400 FG VV001 11/11 Q1016 NOSIG,M
FACT,2026-08-03 04:00,51.80,50.00,93.55,M,3.00,0.00,30.00,M,0.06,M,VV ,M,M,M,100.00,M,M,M,FG,M,M,M,M,M,M,51.80,FACT 030400Z VRB03KT 0100 R01/0400 FG VV001 11/10 Q1016 NOSIG,M
FACT,2026-08-03 05:00,50.00,50.00,100.00,130.00,3.00,0.00,30.03,M,0.06,M,VV ,M,M,M,100.00,M,M,M,FG,M,M,M,M,M,M,50.00,FACT 030500Z 13003KT 0100 R01/0550 FG VV001 10/10 Q1017 NOSIG,M
FACT,2026-08-03 06:00,50.00,50.00,100.00,140.00,3.00,0.00,30.03,M,0.06,M,VV ,M,M,M,100.00,M,M,M,FG,M,M,M,M,M,M,50.00,FACT 030600Z 14003KT 0100 R01/0375 FG VV001 10/10 Q1017 NOSIG,M
FACT,2026-08-03 06:30,50.00,50.00,100.00,M,3.00,0.00,30.03,M,0.06,M,VV ,M,M,M,100.00,M,M,M,FG,M,M,M,M,M,M,50.00,FACT 030630Z VRB03KT 0100 R01/0250 FG VV001 10/10 Q1017 NOSIG,M
FACT,2026-08-03 07:00,51.80,51.80,100.00,M,3.00,0.00,30.03,M,0.06,M,VV ,M,M,M,100.00,M,M,M,FG,M,M,M,M,M,M,51.80,FACT 030700Z VRB03KT 0100 R01/0300 FG VV001 11/11 Q1017 NOSIG,M
FACT,2026-08-03 07:58,53.60,53.60,100.00,M,3.00,0.00,30.03,M,0.28,M,VV ,M,M,M,100.00,M,M,M,FG,M,M,M,M,M,M,53.60,FACT 030758Z VRB03KT 0450 R01/0650 FG VV001 12/12 Q1017 BECMG 2000,M
FACT,2026-08-03 08:00,53.60,53.60,100.00,M,3.00,0.00,30.03,M,0.28,M,VV ,M,M,M,100.00,M,M,M,FG,M,M,M,M,M,M,53.60,FACT 030800Z VRB03KT 0450 R01/0650 FG VV001 12/12 Q1017 BECMG 2000,M
FACT,2026-08-03 08:31,53.60,53.60,100.00,M,3.00,0.00,30.03,M,0.68,M,VV ,M,M,M,100.00,M,M,M,BCFG,M,M,M,M,M,M,53.60,FACT 030831Z VRB03KT 1100 R01/1300 BCFG VV001 12/12 Q1017 BECMG 2000,M
FACT,2026-08-03 09:00,55.40,55.40,100.00,M,2.00,0.00,30.03,M,1.24,M,BKN,M,M,M,200.00,M,M,M,BCFG,M,M,M,M,M,M,55.40,FACT 030900Z VRB02KT 2000 BCFG BKN002 13/13 Q1017 BECMG 6000,M
FACT,2026-08-03 09:02,55.40,55.40,100.00,M,2.00,0.00,30.03,M,1.24,M,BKN,M,M,M,200.00,M,M,M,BCFG,M,M,M,M,M,M,55.40,FACT 030902Z VRB02KT 2000 BCFG BKN002 13/13 Q1017 BECMG 6000,M
FACT,2026-08-03 09:23,55.40,55.40,100.00,M,3.00,0.00,30.03,M,2.49,M,SCT,M,M,M,300.00,M,M,M,BR,M,M,M,M,M,M,55.40,FACT 030923Z VRB03KT 4000 BR SCT003 13/13 Q1017 BECMG 6000,M
FACT,2026-08-03 09:57,57.20,57.20,100.00,180.00,4.00,0.00,30.03,M,3.73,M,NSC,M,M,M,M,M,M,M,M,M,M,M,M,M,M,57.20,FACT 030957Z 18004KT 140V210 6000 NSC 14/14 Q1017 NOSIG,M
FACT,2026-08-03 10:00,57.20,57.20,100.00,180.00,4.00,0.00,30.03,M,3.73,M,NSC,M,M,M,M,M,M,M,M,M,M,M,M,M,M,57.20,FACT 031000Z 18004KT 140V210 6000 NSC 14/14 Q1017 NOSIG,M
FACT,2026-08-03 10:30,60.80,60.80,100.00,190.00,4.00,0.00,30.00,M,6.21,M,M,M,M,M,M,M,M,M,M,M,M,M,M,M,M,60.80,FACT 031030Z 19004KT 150V240 CAVOK 16/16 Q1016 NOSIG,M
FACT,2026-08-03 10:55,64.40,53.60,67.97,180.00,4.00,0.00,30.00,M,6.21,M,M,M,M,M,M,M,M,M,M,M,M,M,M,M,M,64.40,FACT 031055Z 18004KT 130V220 CAVOK 18/12 Q1016 NOSIG,M
FACT,2026-08-03 11:00,64.40,53.60,67.97,180.00,4.00,0.00,30.00,M,6.21,M,M,M,M,M,M,M,M,M,M,M,M,M,M,M,M,64.40,FACT 031100Z 18004KT 130V220 CAVOK 18/12 Q1016 NOSIG,M
FACT,2026-08-03 12:00,69.80,53.60,56.42,190.00,5.00,0.00,29.97,M,6.21,M,M,M,M,M,M,M,M,M,M,M,M,M,M,M,M,69.80,FACT 031200Z 19005KT 160V220 CAVOK 21/12 Q1015 NOSIG,M
FACT,2026-08-03 12:03,69.80,53.60,56.42,190.00,5.00,0.00,29.97,M,6.21,M,M,M,M,M,M,M,M,M,M,M,M,M,M,M,M,69.80,FACT 031203Z 19005KT 160V220 CAVOK 21/12 Q1015 NOSIG,M
FACT,2026-08-03 13:00,73.40,51.80,46.75,M,3.00,0.00,29.94,M,6.21,M,M,M,M,M,M,M,M,M,M,M,M,M,M,M,M,73.40,FACT 031300Z VRB03KT CAVOK 23/11 Q1014 NOSIG,M
FACT,2026-08-03 14:00,73.40,51.80,46.75,200.00,6.00,0.00,29.94,M,6.21,M,M,M,M,M,M,M,M,M,M,M,M,M,M,M,M,73.40,FACT 031400Z 20006KT CAVOK 23/11 Q1014 NOSIG,M
FACT,2026-08-03 15:00,64.40,51.80,63.62,160.00,6.00,0.00,29.94,M,6.21,M,M,M,M,M,M,M,M,M,M,M,M,M,M,M,M,64.40,FACT 031500Z 16006KT CAVOK 18/11 Q1014 NOSIG,M
FACT,2026-08-03 16:00,59.00,51.80,76.99,150.00,3.00,0.00,29.97,M,6.21,M,M,M,M,M,M,M,M,M,M,M,M,M,M,M,M,59.00,FACT 031600Z 15003KT CAVOK 15/11 Q1015 NOSIG,M
FACT,2026-08-03 17:00,57.20,50.00,76.83,160.00,4.00,0.00,29.97,M,6.21,M,M,M,M,M,M,M,M,M,M,M,M,M,M,M,M,57.20,FACT 031700Z 16004KT CAVOK 14/10 Q1015 NOSIG,M
FACT,2026-08-03 18:00,53.60,51.80,93.60,170.00,4.00,0.00,29.97,M,6.21,M,M,M,M,M,M,M,M,M,M,M,M,M,M,M,M,53.60,FACT 031800Z 17004KT CAVOK 12/11 Q1015 NOSIG,M
FACT,2026-08-03 19:00,55.40,53.60,93.65,230.00,4.00,0.00,30.00,M,6.21,M,M,M,M,M,M,M,M,M,M,M,M,M,M,M,M,55.40,FACT 031900Z 23004KT CAVOK 13/12 Q1016 NOSIG,M
FACT,2026-08-03 20:00,51.80,51.80,100.00,90.00,5.00,0.00,29.97,M,6.21,M,M,M,M,M,M,M,M,M,M,M,M,M,M,M,M,51.80,FACT 032000Z 09005KT CAVOK 11/11 Q1015 NOSIG,M
FACT,2026-08-03 20:59,51.80,50.00,93.55,190.00,2.00,0.00,30.00,M,2.49,M,NSC,M,M,M,M,M,M,M,BR,M,M,M,M,M,M,51.80,FACT 032059Z 19002KT 4000 BR NSC 11/10 Q1016 TEMPO 1500,M
FACT,2026-08-03 21:00,51.80,50.00,93.55,190.00,2.00,0.00,30.00,M,2.49,M,NSC,M,M,M,M,M,M,M,BR,M,M,M,M,M,M,51.80,FACT 032100Z 19002KT 4000 BR NSC 11/10 Q1016 TEMPO 1500,M
FACT,2026-08-03 22:00,51.80,51.80,100.00,110.00,2.00,0.00,29.97,M,2.49,M,NSC,M,M,M,M,M,M,M,BR,M,M,M,M,M,M,51.80,FACT 032200Z 11002KT 4000 BR NSC 11/11 Q1015 TEMPO 1500,M
FACT,2026-08-03 23:00,50.00,50.00,100.00,M,1.00,0.00,29.97,M,0.93,M,NSC,M,M,M,M,M,M,M,MIFG,M,M,M,M,M,M,50.00,FACT 032300Z VRB01KT 1500 R01/0200 MIFG NSC 10/10 Q1015 TEMPO 0800 FG,M
FACT,2026-08-03 23:58,51.80,51.80,100.00,320.00,4.00,0.00,29.97,M,3.11,M,NSC,M,M,M,M,M,M,M,BR,M,M,M,M,M,M,51.80,FACT 032358Z 32004KT 5000 BR NSC 11/11 Q1015 TEMPO 1500,M
FACT,2026-08-04 00:00,51.80,51.80,100.00,320.00,4.00,0.00,29.97,M,3.11,M,NSC,M,M,M,M,M,M,M,BR,M,M,M,M,M,M,51.80,FACT 040000Z 32004KT 5000 BR NSC 11/11 Q1015 TEMPO 1500,M
FACT,2026-08-04 01:00,48.20,48.20,100.00,120.00,4.00,0.00,29.97,M,3.73,M,NSC,M,M,M,M,M,M,M,M,M,M,M,M,M,M,46.34,FACT 040100Z 12004KT 6000 NSC 09/09 Q1015 TEMPO 4000 BR,M
FACT,2026-08-04 01:01,48.20,48.20,100.00,120.00,4.00,0.00,29.97,M,3.73,M,NSC,M,M,M,M,M,M,M,M,M,M,M,M,M,M,46.34,FACT 040101Z 12004KT 6000 NSC 09/09 Q1015 TEMPO 4000 BR,M
FACT,2026-08-04 02:00,50.00,48.20,93.50,M,1.00,0.00,29.97,M,3.73,M,NSC,M,M,M,M,M,M,M,M,M,M,M,M,M,M,50.00,FACT 040200Z VRB01KT 6000 NSC 10/09 Q1015 TEMPO 4500 BR,M
FACT,2026-08-04 03:00,50.00,48.20,93.50,M,1.00,0.00,29.97,M,3.73,M,NSC,M,M,M,M,M,M,M,M,M,M,M,M,M,M,50.00,FACT 040300Z VRB01KT 6000 NSC 10/09 Q1015 TEMPO 2000 BR,M
FACT,2026-08-04 03:26,50.00,50.00,100.00,M,3.00,0.00,29.97,M,1.24,M,NSC,M,M,M,M,M,M,M,BR,M,M,M,M,M,M,50.00,FACT 040326Z VRB03KT 2000 BR NSC 10/10 Q1015 TEMPO 1200,M
FACT,2026-08-04 03:40,48.20,46.40,93.45,180.00,3.00,0.00,30.00,M,0.19,M,NSC,M,M,M,M,M,M,M,FG,M,M,M,M,M,M,47.21,FACT 040340Z 18003KT 0300 R19/0800 FG NSC 09/08 Q1016 NOSIG,M
FACT,2026-08-04 03:53,48.20,48.20,100.00,140.00,3.00,0.00,30.00,M,0.06,M,VV ,M,M,M,100.00,M,M,M,FG,M,M,M,M,M,M,47.21,FACT 040353Z 14003KT 0100 R19/0300 FG VV001 09/09 Q1016 NOSIG,M
FACT,2026-08-04 04:00,48.20,48.20,100.00,140.00,3.00,0.00,30.00,M,0.06,M,VV ,M,M,M,100.00,M,M,M,FG,M,M,M,M,M,M,47.21,FACT 040400Z 14003KT 0100 R19/0300 FG VV001 09/09 Q1016 NOSIG,M
FACT,2026-08-04 04:56,51.80,51.80,100.00,M,3.00,0.00,30.00,M,0.06,M,VV ,M,M,M,100.00,M,M,M,FG,M,M,M,M,M,M,51.80,FACT 040456Z VRB03KT 0100 R01/0400 FG VV001 11/11 Q1016 NOSIG,M
FACT,2026-08-04 05:00,51.80,51.80,100.00,M,3.00,0.00,30.00,M,0.06,M,VV ,M,M,M,100.00,M,M,M,FG,M,M,M,M,M,M,51.80,FACT 040500Z VRB03KT 0100 R01/0400 FG VV001 11/11 Q1016 NOSIG,M
FACT,2026-08-04 06:00,53.60,53.60,100.00,150.00,4.00,0.00,30.03,M,0.06,M,VV ,M,M,M,100.00,M,M,M,FG,M,M,M,M,M,M,53.60,FACT 040600Z 15004KT 0100 R01/0350 FG VV001 12/12 Q1017 NOSIG,M
FACT,2026-08-04 06:30,53.60,53.60,100.00,140.00,5.00,0.00,30.03,M,0.06,M,VV ,M,M,M,200.00,M,M,M,FG,M,M,M,M,M,M,53.60,FACT 040630Z 14005KT 110V170 0100 R01/0375 FG VV002 12/12 Q1017 NOSIG,M
FACT,2026-08-04 07:00,53.60,53.60,100.00,170.00,6.00,0.00,30.03,M,0.06,M,VV ,M,M,M,200.00,M,M,M,FG,M,M,M,M,M,M,53.60,FACT 040700Z 17006KT 140V200 0100 R01/0375 FG VV002 12/12 Q1017 NOSIG,M
FACT,2026-08-04 08:00,53.60,53.60,100.00,180.00,7.00,0.00,30.03,M,0.19,M,VV ,M,M,M,200.00,M,M,M,FG,M,M,M,M,M,M,53.60,FACT 040800Z 18007KT 150V210 0300 R01/0400 FG VV002 12/12 Q1017 TEMPO 2000 BR,M
FACT,2026-08-04 09:00,55.40,55.40,100.00,150.00,4.00,0.00,30.03,M,0.19,M,VV ,M,M,M,200.00,M,M,M,FG,M,M,M,M,M,M,55.40,FACT 040900Z 15004KT 120V200 0300 R01/0400 FG VV002 13/13 Q1017 BECMG 2000 BR,M
FACT,2026-08-04 09:24,55.40,55.40,100.00,160.00,4.00,0.00,30.03,M,0.56,M,VV ,M,M,M,100.00,M,M,M,FG,M,M,M,M,M,M,55.40,FACT 040924Z 16004KT 130V210 0900 R01/1100 FG VV001 13/13 Q1017 BECMG 2000 BR,M
FACT,2026-08-04 09:43,57.20,57.20,100.00,180.00,7.00,0.00,30.03,M,1.24,M,OVC,M,M,M,200.00,M,M,M,BR,M,M,M,M,M,M,57.20,FACT 040943Z 18007KT 160V240 2000 BR OVC002 14/14 Q1017 TEMPO 5000,M
FACT,2026-08-04 10:00,57.20,57.20,100.00,190.00,6.00,0.00,30.03,M,1.24,M,OVC,M,M,M,200.00,M,M,M,BR,M,M,M,M,M,M,57.20,FACT 041000Z 19006KT 2000 BR OVC002 14/14 Q1017 TEMPO 5000,M
FACT,2026-08-04 10:28,57.20,57.20,100.00,150.00,7.00,0.00,30.03,M,3.73,M,BKN,M,M,M,400.00,M,M,M,M,M,M,M,M,M,M,57.20,FACT 041028Z 15007KT 6000 BKN004 14/14 Q1017 BECMG SCT006,M
FACT,2026-08-04 10:56,57.20,57.20,100.00,140.00,7.00,0.00,30.00,M,2.49,M,OVC,M,M,M,300.00,M,M,M,BR,M,M,M,M,M,M,57.20,FACT 041056Z 14007KT 4000 BR OVC003 14/14 Q1016 BECMG 6000 BKN006,M
FACT,2026-08-04 11:00,57.20,57.20,100.00,140.00,7.00,0.00,30.00,M,2.49,M,OVC,M,M,M,300.00,M,M,M,BR,M,M,M,M,M,M,57.20,FACT 041100Z 14007KT 4000 BR OVC003 14/14 Q1016 BECMG 6000 BKN006,M
FACT,2026-08-04 11:24,55.40,55.40,100.00,160.00,9.00,0.00,30.00,M,1.24,M,OVC,M,M,M,200.00,M,M,M,BR,M,M,M,M,M,M,55.40,FACT 041124Z 16009KT 2000 BR OVC002 13/13 Q1016 BECMG 6000 BKN006,M
FACT,2026-08-04 11:54,57.20,57.20,100.00,160.00,8.00,0.00,29.97,M,2.49,M,BKN,M,M,M,200.00,M,M,M,BR,M,M,M,M,M,M,57.20,FACT 041154Z 16008KT 4000 BR BKN002 14/14 Q1015 BECMG 6000 BKN006,M
FACT,2026-08-04 12:00,57.20,57.20,100.00,160.00,8.00,0.00,29.97,M,2.49,M,BKN,M,M,M,200.00,M,M,M,BR,M,M,M,M,M,M,57.20,FACT 041200Z 16008KT 4000 BR BKN002 14/14 Q1015 BECMG 6000 BKN006,M
FACT,2026-08-04 12:28,59.00,57.20,93.74,200.00,8.00,0.00,29.97,M,4.97,M,BKN,M,M,M,600.00,M,M,M,M,M,M,M,M,M,M,59.00,FACT 041228Z 20008KT 170V230 8000 BKN006 15/14 Q1015 NOSIG,M
FACT,2026-08-04 13:00,59.00,53.60,82.26,210.00,6.00,0.00,29.97,M,4.97,M,BKN,M,M,M,600.00,M,M,M,M,M,M,M,M,M,M,59.00,FACT 041300Z 21006KT 180V240 8000 BKN006 15/12 Q1015 NOSIG,M
FACT,2026-08-04 14:00,59.00,55.40,87.84,170.00,9.00,0.00,30.00,M,6.21,M,BKN,M,M,M,600.00,M,M,M,M,M,M,M,M,M,M,59.00,FACT 041400Z 17009KT 9999 BKN006 15/13 Q1016 NOSIG,M
FACT,2026-08-04 14:57,57.20,55.40,93.70,180.00,8.00,0.00,30.00,M,3.11,M,BKN,M,M,M,400.00,M,M,M,BR,M,M,M,M,M,M,57.20,FACT 041457Z 18008KT 5000 BR BKN004 14/13 Q1016 BECMG 3500,M
FACT,2026-08-04 15:00,57.20,55.40,93.70,180.00,8.00,0.00,30.00,M,3.11,M,BKN,M,M,M,400.00,M,M,M,BR,M,M,M,M,M,M,57.20,FACT 041500Z 18008KT 5000 BR BKN004 14/13 Q1016 BECMG 3500,M
FACT,2026-08-04 15:58,57.20,55.40,93.70,190.00,10.00,0.00,30.00,M,1.24,M,BKN,M,M,M,400.00,M,M,M,BR,M,M,M,M,M,M,57.20,FACT 041558Z 19010KT 2000 BR BKN004 14/13 Q1016 NOSIG,M
FACT,2026-08-04 16:00,57.20,55.40,93.70,190.00,10.00,0.00,30.00,M,1.24,M,BKN,M,M,M,400.00,M,M,M,BR,M,M,M,M,M,M,57.20,FACT 041600Z 19010KT 2000 BR BKN004 14/13 Q1016 NOSIG,M
FACT,2026-08-04 16:58,57.20,57.20,100.00,170.00,6.00,0.00,30.00,M,2.80,M,BKN,M,M,M,400.00,M,M,M,BR,M,M,M,M,M,M,57.20,FACT 041658Z 17006KT 4500 BR BKN004 14/14 Q1016 BECMG 2500,M
FACT,2026-08-04 17:00,57.20,57.20,100.00,170.00,6.00,0.00,30.00,M,2.80,M,BKN,M,M,M,400.00,M,M,M,BR,M,M,M,M,M,M,57.20,FACT 041700Z 17006KT 4500 BR BKN004 14/14 Q1016 BECMG 2500,M
FACT,2026-08-04 18:00,57.20,55.40,93.70,200.00,7.00,0.00,29.97,M,2.49,M,BKN,M,M,M,400.00,M,M,M,BR,M,M,M,M,M,M,57.20,FACT 041800Z 20007KT 4000 BR BKN004 14/13 Q1015 BECMG 2500,M
FACT,2026-08-04 19:00,57.20,55.40,93.70,210.00,7.00,0.00,29.97,M,3.11,M,BKN,M,M,M,400.00,M,M,M,BR,M,M,M,M,M,M,57.20,FACT 041900Z 21007KT 5000 BR BKN004 14/13 Q1015 TEMPO 2500 BCFG,M
FACT,2026-08-04 19:04,57.20,55.40,93.70,210.00,7.00,0.00,29.97,M,3.11,M,BKN,M,M,M,400.00,M,M,M,BR,M,M,M,M,M,M,57.20,FACT 041904Z 21007KT 5000 BR BKN004 14/13 Q1015 TEMPO 2500 BCFG,M
FACT,2026-08-04 20:00,55.40,55.40,100.00,M,3.00,0.00,30.00,M,3.73,M,BKN,M,M,M,400.00,M,M,M,M,M,M,M,M,M,M,55.40,COR FACT 042000Z VRB03KT 6000 BKN004 13/13 Q1016 TEMPO 5000 BR,M
FACT,2026-08-04 20:04,55.40,55.40,100.00,M,3.00,0.00,30.00,M,3.73,M,BKN,M,M,M,400.00,M,M,M,M,M,M,M,M,M,M,55.40,FACT 042004Z VRB03KT 6000 BKN004 13/13 Q1016 TEMPO 5000 BR,M
FACT,2026-08-04 21:00,55.40,55.40,100.00,350.00,6.00,0.00,30.03,M,3.73,M,BKN,M,M,M,400.00,M,M,M,M,M,M,M,M,M,M,55.40,FACT 042100Z 35006KT 6000 BKN004 13/13 Q1017 TEMPO 5000 BR,M
FACT,2026-08-04 22:00,53.60,53.60,100.00,340.00,15.00,0.00,30.06,M,3.73,M,BKN,M,M,M,600.00,M,M,M,M,M,M,M,M,M,M,53.60,FACT 042200Z 34015KT 6000 BKN006 12/12 Q1018 NOSIG,M
FACT,2026-08-04 22:01,53.60,53.60,100.00,340.00,15.00,0.00,30.06,M,3.73,M,BKN,M,M,M,600.00,M,M,M,M,M,M,M,M,M,M,53.60,FACT 042201Z 34015KT 6000 BKN006 12/12 Q1018 NOSIG,M
FACT,2026-08-04 22:58,55.40,51.80,87.65,10.00,10.00,0.00,30.06,M,4.97,M,BKN,M,M,M,1000.00,M,M,M,M,M,M,M,M,M,M,55.40,FACT 042258Z 01010KT 8000 BKN010 13/11 Q1018 NOSIG,M
FACT,2026-08-04 23:00,55.40,51.80,87.65,10.00,10.00,0.00,30.06,M,4.97,M,BKN,M,M,M,1000.00,M,M,M,M,M,M,M,M,M,M,55.40,FACT 042300Z 01010KT 8000 BKN010 13/11 Q1018 NOSIG,M
FACT,2026-08-04 23:55,55.40,51.80,87.65,30.00,12.00,0.00,30.03,M,6.21,M,BKN,M,M,M,1500.00,M,M,M,M,M,M,M,M,M,M,55.40,FACT 042355Z 03012KT 9999 BKN015 13/11 Q1017 NOSIG,M
FACT,2026-08-05 00:00,55.40,51.80,87.65,30.00,12.00,0.00,30.03,M,6.21,M,BKN,M,M,M,1500.00,M,M,M,M,M,M,M,M,M,M,55.40,FACT 050000Z 03012KT 9999 BKN015 13/11 Q1017 NOSIG,M
FACT,2026-08-05 01:00,55.40,50.00,82.00,360.00,10.00,0.00,30.00,M,6.21,M,BKN,M,M,M,1500.00,M,M,M,M,M,M,M,M,M,M,55.40,FACT 050100Z 36010KT 9999 BKN015 13/10 Q1016 NOSIG,M
FACT,2026-08-05 01:56,53.60,48.20,81.87,10.00,12.00,0.00,30.00,M,6.21,M,FEW,M,M,M,1600.00,M,M,M,M,M,M,M,M,M,M,53.60,FACT 050156Z 01012KT 9999 FEW016 12/09 Q1016 NOSIG,M
FACT,2026-08-05 02:00,53.60,48.20,81.87,10.00,12.00,0.00,30.00,M,6.21,M,FEW,M,M,M,1600.00,M,M,M,M,M,M,M,M,M,M,53.60,FACT 050200Z 01012KT 9999 FEW016 12/09 Q1016 NOSIG,M
FACT,2026-08-05 03:00,53.60,50.00,87.56,360.00,11.00,0.00,30.00,M,6.21,M,BKN,M,M,M,1200.00,M,M,M,M,M,M,M,M,M,M,53.60,COR FACT 050300Z 36011KT 9999 BKN012 12/10 Q1016 NOSIG,M
FACT,2026-08-05 04:00,53.60,50.00,87.56,350.00,11.00,0.00,30.00,M,6.21,M,BKN,M,M,M,1200.00,M,M,M,M,M,M,M,M,M,M,53.60,COR FACT 050400Z 35011KT 9999 BKN012 12/10 Q1016 NOSIG,M
FACT,2026-08-05 05:00,55.40,50.00,82.00,340.00,12.00,0.00,30.00,M,6.21,M,BKN,M,M,M,1200.00,M,M,M,M,M,M,M,M,M,M,55.40,COR FACT 050500Z 34012KT 9999 BKN012 13/10 Q1016 NOSIG,M
FACT,2026-08-05 06:00,53.60,50.00,87.56,350.00,14.00,0.00,30.03,M,4.97,M,OVC,M,M,M,1200.00,M,M,M,M,M,M,M,M,M,M,53.60,FACT 050600Z 35014KT 8000 OVC012 12/10 Q1017 NOSIG,M
FACT,2026-08-05 07:00,55.40,50.00,82.00,360.00,14.00,0.00,30.03,M,6.21,M,SCT,BKN,M,M,1500.00,3000.00,M,M,M,M,M,M,M,M,M,55.40,FACT 050700Z 36014KT 9999 SCT015 BKN030 13/10 Q1017 NOSIG,M
FACT,2026-08-05 07:03,55.40,50.00,82.00,360.00,14.00,0.00,30.03,M,6.21,M,SCT,BKN,M,M,1500.00,3000.00,M,M,M,M,M,M,M,M,M,55.40,FACT 050703Z 36014KT 9999 SCT015 BKN030 13/10 Q1017 NOSIG,M
FACT,2026-08-05 08:00,57.20,48.20,71.84,360.00,14.00,0.00,30.03,M,6.21,M,BKN,M,M,M,2500.00,M,M,M,M,M,M,M,M,M,M,57.20,FACT 050800Z 36014KT 9999 BKN025 14/09 Q1017 NOSIG,M
FACT,2026-08-05 09:00,59.00,48.20,67.34,10.00,18.00,0.00,30.03,M,6.21,M,BKN,M,M,M,3000.00,M,M,M,M,M,M,M,M,M,M,59.00,FACT 050900Z 01018KT 9999 BKN030 15/09 Q1017 NOSIG,M
FACT,2026-08-05 10:00,59.00,48.20,67.34,360.00,17.00,0.00,30.03,M,6.21,27.00,BKN,M,M,M,2500.00,M,M,M,M,M,M,M,M,M,M,59.00,FACT 051000Z 36017G27KT 9999 BKN025 15/09 Q1017 NOSIG,M
FACT,2026-08-05 10:01,59.00,48.20,67.34,360.00,17.00,0.00,30.03,M,6.21,27.00,BKN,M,M,M,2500.00,M,M,M,M,M,M,M,M,M,M,59.00,FACT 051001Z 36017G27KT 9999 BKN025 15/09 Q1017 NOSIG,M
FACT,2026-08-05 11:00,60.80,48.20,63.16,360.00,21.00,0.00,30.00,M,6.21,M,BKN,M,M,M,3000.00,M,M,M,M,M,M,M,M,M,M,60.80,FACT 051100Z 36021KT 9999 BKN030 16/09 Q1016 NOSIG,M
FACT,2026-08-05 12:00,59.00,48.20,67.34,350.00,18.00,0.00,30.00,M,6.21,M,BKN,M,M,M,3500.00,M,M,M,M,M,M,M,M,M,M,59.00,FACT 051200Z 35018KT 9999 BKN035 15/09 Q1016 NOSIG,M
FACT,2026-08-05 13:00,59.00,50.00,72.02,360.00,15.00,0.00,30.00,M,6.21,M,BKN,M,M,M,3500.00,M,M,M,M,M,M,M,M,M,M,59.00,FACT 051300Z 36015KT 9999 BKN035 15/10 Q1016 NOSIG,M
FACT,2026-08-05 14:00,59.00,50.00,72.02,350.00,18.00,0.00,30.00,M,6.21,M,BKN,M,M,M,3500.00,M,M,M,M,M,M,M,M,M,M,59.00,FACT 051400Z 35018KT 9999 BKN035 15/10 Q1016 NOSIG,M
FACT,2026-08-05 15:00,59.00,50.00,72.02,360.00,18.00,0.00,30.00,M,6.21,M,BKN,M,M,M,3500.00,M,M,M,M,M,M,M,M,M,M,59.00,FACT 051500Z 36018KT 9999 BKN035 15/10 Q1016 NOSIG,M
FACT,2026-08-05 16:00,57.20,50.00,76.83,360.00,18.00,0.00,30.03,M,6.21,M,BKN,M,M,M,3000.00,M,M,M,M,M,M,M,M,M,M,57.20,FACT 051600Z 36018KT 9999 BKN030 14/10 Q1017 NOSIG,M
FACT,2026-08-05 17:00,57.20,50.00,76.83,350.00,16.00,0.00,30.03,M,6.21,M,BKN,M,M,M,3000.00,M,M,M,M,M,M,M,M,M,M,57.20,FACT 051700Z 35016KT 9999 BKN030 14/10 Q1017 NOSIG,M
FACT,2026-08-05 18:00,57.20,50.00,76.83,10.00,17.00,0.00,30.06,M,6.21,M,BKN,M,M,M,3500.00,M,M,M,M,M,M,M,M,M,M,57.20,FACT 051800Z 01017KT 9999 BKN035 14/10 Q1018 NOSIG,M
FACT,2026-08-05 19:00,57.20,51.80,82.13,30.00,12.00,0.00,30.06,M,6.21,M,FEW,BKN,M,M,2000.00,2500.00,M,M,M,M,M,M,M,M,M,57.20,FACT 051900Z 03012KT 9999 FEW020 BKN025 14/11 Q1018 NOSIG,M
FACT,2026-08-05 20:00,57.20,51.80,82.13,30.00,12.00,0.00,30.06,M,6.21,M,FEW,BKN,M,M,2000.00,2500.00,M,M,M,M,M,M,M,M,M,57.20,FACT 052000Z 03012KT 9999 FEW020 BKN025 14/11 Q1018 NOSIG,M
FACT,2026-08-05 21:00,57.20,51.80,82.13,30.00,13.00,0.00,30.06,M,6.21,M,FEW,BKN,M,M,2000.00,2500.00,M,M,M,M,M,M,M,M,M,57.20,FACT 052100Z 03013KT 9999 FEW020 BKN025 14/11 Q1018 NOSIG,M
FACT,2026-08-05 22:00,55.40,51.80,87.65,10.00,9.00,0.00,30.06,M,4.97,M,SCT,OVC,M,M,2000.00,2500.00,M,M,-RA,M,M,M,M,M,M,55.40,FACT 052200Z 01009KT 340V040 8000 -RA SCT020 OVC025 13/11 Q1018 NOSIG,M
FACT,2026-08-05 23:00,55.40,51.80,87.65,360.00,13.00,0.00,30.09,M,4.97,M,SCT,OVC,M,M,2000.00,2500.00,M,M,-RA,M,M,M,M,M,M,55.40,FACT 052300Z 36013KT 8000 -RA SCT020 OVC025 13/11 Q1019 NOSIG,M
FACT,2026-08-06 00:00,55.40,53.60,93.65,360.00,15.00,0.00,30.09,M,4.97,M,SCT,OVC,M,M,2000.00,2500.00,M,M,-RA,M,M,M,M,M,M,55.40,FACT 060000Z 36015KT 8000 -RA SCT020 OVC025 13/12 Q1019 NOSIG,M
FACT,2026-08-06 01:00,55.40,53.60,93.65,350.00,14.00,0.00,30.09,M,4.97,M,SCT,OVC,M,M,2000.00,2500.00,M,M,-RA,M,M,M,M,M,M,55.40,FACT 060100Z 35014KT 8000 -RA SCT020 OVC025 13/12 Q1019 NOSIG,M
FACT,2026-08-06 02:00,55.40,53.60,93.65,270.00,7.00,0.00,30.12,M,3.73,M,SCT,OVC,M,M,2000.00,2500.00,M,M,-RA,M,M,M,M,M,M,55.40,FACT 060200Z 27007KT 6000 -RA SCT020 OVC025 13/12 Q1020 NOSIG,M
FACT,2026-08-06 02:56,53.60,53.60,100.00,150.00,4.00,0.00,30.15,M,1.86,M,SCT,BKN,OVC,M,800.00,2000.00,2500.00,M,RA,M,M,M,M,M,M,53.60,FACT 060256Z 15004KT 3000 RA SCT008 BKN020 OVC025 12/12 Q1021 TEMPO BKN008,M
FACT,2026-08-06 03:00,53.60,53.60,100.00,150.00,4.00,0.00,30.15,M,1.86,M,SCT,BKN,OVC,M,800.00,2000.00,2500.00,M,RA,M,M,M,M,M,M,53.60,FACT 060300Z 15004KT 3000 RA SCT008 BKN020 OVC025 12/12 Q1021 TEMPO BKN008,M
FACT,2026-08-06 03:27,53.60,53.60,100.00,130.00,5.00,0.00,30.15,M,1.86,M,BKN,OVC,M,M,800.00,2500.00,M,M,RA,M,M,M,M,M,M,53.60,FACT 060327Z 13005KT 3000 RA BKN008 OVC025 12/12 Q1021 RERA NOSIG,M
FACT,2026-08-06 03:29,53.60,53.60,100.00,130.00,5.00,0.00,30.15,M,1.86,M,BKN,OVC,M,M,800.00,2500.00,M,M,RA,M,M,M,M,M,M,53.60,FACT 060329Z 13005KT 3000 RA BKN008 OVC025 12/12 Q1021 NOSIG,M
FACT,2026-08-06 03:55,53.60,53.60,100.00,130.00,4.00,0.00,30.18,M,6.21,M,BKN,OVC,M,M,800.00,2500.00,M,M,M,M,M,M,M,M,M,53.60,FACT 060355Z 13004KT 9999 BKN008 OVC025 12/12 Q1022 RERA TEMPO 4500 -RA BKN012,M
FACT,2026-08-06 04:00,53.60,53.60,100.00,130.00,4.00,0.00,30.18,M,6.21,M,BKN,OVC,M,M,800.00,2500.00,M,M,M,M,M,M,M,M,M,53.60,FACT 060400Z 13004KT 9999 BKN008 OVC025 12/12 Q1022 RERA TEMPO 4500 -RA BKN012,M
FACT,2026-08-06 04:55,53.60,53.60,100.00,130.00,6.00,0.00,30.18,M,4.97,M,BKN,OVC,M,M,1000.00,2500.00,M,M,M,M,M,M,M,M,M,53.60,FACT 060455Z 13006KT 8000 BKN010 OVC025 12/12 Q1022 TEMPO 4500 -RA,M
FACT,2026-08-06 05:00,53.60,53.60,100.00,130.00,6.00,0.00,30.18,M,4.97,M,BKN,OVC,M,M,1000.00,2500.00,M,M,-DZ,M,M,M,M,M,M,53.60,COR FACT 060500Z 13006KT 8000 -DZ BKN010 OVC025 12/12 Q1022 TEMPO 4500 -RA,M
FACT,2026-08-06 05:28,53.60,53.60,100.00,140.00,5.00,0.00,30.21,M,2.49,M,BKN,OVC,M,M,1000.00,2500.00,M,M,RA,M,M,M,M,M,M,53.60,FACT 060528Z 14005KT 4000 RA BKN010 OVC025 12/12 Q1023 NOSIG,M
FACT,2026-08-06 05:45,53.60,53.60,100.00,130.00,4.00,0.00,30.21,M,6.21,M,FEW,BKN,M,M,1000.00,3500.00,M,M,-RA,M,M,M,M,M,M,53.60,FACT 060545Z 13004KT 9999 -RA FEW010 BKN035 12/12 Q1023 NOSIG,M
FACT,2026-08-06 06:00,53.60,53.60,100.00,120.00,5.00,0.00,30.21,M,6.21,M,FEW,BKN,M,M,1000.00,3500.00,M,M,M,M,M,M,M,M,M,53.60,FACT 060600Z 12005KT 9999 FEW010 BKN035 12/12 Q1023 NOSIG,M
FACT,2026-08-06 07:00,53.60,53.60,100.00,150.00,5.00,0.00,30.24,M,6.21,M,FEW,BKN,M,M,1000.00,3500.00,M,M,-RA,M,M,M,M,M,M,53.60,FACT 060700Z 15005KT 9999 -RA FEW010 BKN035 12/12 Q1024 NOSIG,M
FACT,2026-08-06 08:00,55.40,51.80,87.65,180.00,6.00,0.00,30.24,M,6.21,M,FEW,BKN,M,M,1500.00,3500.00,M,M,-RA,M,M,M,M,M,M,55.40,FACT 060800Z 18006KT 170V230 9999 -RA FEW015 BKN035 13/11 Q1024 NOSIG,M
FACT,2026-08-06 09:00,57.20,51.80,82.13,160.00,6.00,0.00,30.27,M,6.21,M,BKN,M,M,M,4000.00,M,M,M,M,M,M,M,M,M,M,57.20,FACT 060900Z 16006KT 9999 BKN040 14/11 Q1025 NOSIG,M
FACT,2026-08-06 10:00,59.00,51.80,76.99,190.00,10.00,0.00,30.27,M,6.21,M,FEW,BKN,M,M,1500.00,4500.00,M,M,M,M,M,M,M,M,M,59.00,FACT 061000Z 19010KT 9999 FEW015 BKN045 15/11 Q1025 NOSIG,M
FACT,2026-08-06 11:00,59.00,48.20,67.34,170.00,13.00,0.00,30.27,M,6.21,M,FEW,BKN,M,M,1500.00,3500.00,M,M,M,M,M,M,M,M,M,59.00,FACT 061100Z 17013KT 9999 FEW015 BKN035 15/09 Q1025 NOSIG,M
FACT,2026-08-06 12:00,59.00,48.20,67.34,170.00,15.00,0.00,30.27,M,6.21,M,FEW,BKN,M,M,2000.00,4500.00,M,M,M,M,M,M,M,M,M,59.00,FACT 061200Z 17015KT 9999 FEW020 BKN045 15/09 Q1025 NOSIG,M
FACT,2026-08-06 13:00,60.80,44.60,55.13,170.00,13.00,0.00,30.27,M,6.21,M,FEW,M,M,M,3000.00,M,M,M,M,M,M,M,M,M,M,60.80,FACT 061300Z 17013KT 9999 FEW030 16/07 Q1025 NOSIG,M
FACT,2026-08-06 14:00,60.80,44.60,55.13,170.00,11.00,0.00,30.27,M,6.21,M,FEW,M,M,M,3000.00,M,M,M,M,M,M,M,M,M,M,60.80,FACT 061400Z 17011KT 9999 FEW030 16/07 Q1025 NOSIG,M
FACT,2026-08-06 15:00,59.00,44.60,58.78,180.00,14.00,0.00,30.30,M,6.21,M,FEW,M,M,M,3000.00,M,M,M,M,M,M,M,M,M,M,59.00,FACT 061500Z 18014KT 9999 FEW030 15/07 Q1026 NOSIG,M
FACT,2026-08-06 16:00,57.20,46.40,67.13,180.00,11.00,0.00,30.30,M,6.21,M,FEW,M,M,M,3000.00,M,M,M,M,M,M,M,M,M,M,57.20,FACT 061600Z 18011KT 9999 FEW030 14/08 Q1026 NOSIG,M
FACT,2026-08-06 17:00,53.60,46.40,76.51,170.00,10.00,0.00,30.33,M,6.21,M,FEW,M,M,M,3000.00,M,M,M,M,M,M,M,M,M,M,53.60,FACT 061700Z 17010KT 9999 FEW030 12/08 Q1027 NOSIG,M
FACT,2026-08-06 18:00,51.80,46.40,81.74,180.00,8.00,0.00,30.33,M,6.21,M,M,M,M,M,M,M,M,M,M,M,M,M,M,M,M,51.80,FACT 061800Z 18008KT CAVOK 11/08 Q1027 NOSIG,M
FACT,2026-08-06 19:00,51.80,44.60,76.34,180.00,9.00,0.00,30.36,M,6.21,M,M,M,M,M,M,M,M,M,M,M,M,M,M,M,M,51.80,FACT 061900Z 18009KT CAVOK 11/07 Q1028 NOSIG,M
FACT,2026-08-06 20:00,53.60,46.40,76.51,170.00,13.00,0.00,30.33,M,6.21,M,M,M,M,M,M,M,M,M,M,M,M,M,M,M,M,53.60,FACT 062000Z 17013KT CAVOK 12/08 Q1027 NOSIG,M
FACT,2026-08-06 21:00,51.80,46.40,81.74,160.00,13.00,0.00,30.33,M,6.21,M,M,M,M,M,M,M,M,M,M,M,M,M,M,M,M,51.80,FACT 062100Z 16013KT CAVOK 11/08 Q1027 NOSIG,M
FACT,2026-08-06 22:00,51.80,44.60,76.34,160.00,9.00,0.00,30.33,M,6.21,M,M,M,M,M,M,M,M,M,M,M,M,M,M,M,M,51.80,FACT 062200Z 16009KT CAVOK 11/07 Q1027 NOSIG,M
FACT,2026-08-06 23:00,48.20,44.60,87.28,170.00,5.00,0.00,30.33,M,6.21,M,M,M,M,M,M,M,M,M,M,M,M,M,M,M,M,45.63,FACT 062300Z 17005KT CAVOK 09/07 Q1027 NOSIG,M
FACT,2026-08-07 00:00,48.20,42.80,81.47,140.00,5.00,0.00,30.30,M,6.21,M,M,M,M,M,M,M,M,M,M,M,M,M,M,M,M,45.63,FACT 070000Z 14005KT CAVOK 09/06 Q1026 NOSIG,M
FACT,2026-08-07 01:00,46.40,42.80,87.18,170.00,6.00,0.00,30.30,M,6.21,M,M,M,M,M,M,M,M,M,M,M,M,M,M,M,M,42.87,FACT 070100Z 17006KT CAVOK 08/06 Q1026 NOSIG,M
FACT,2026-08-07 02:00,50.00,44.60,81.60,200.00,4.00,0.00,30.30,M,6.21,M,M,M,M,M,M,M,M,M,M,M,M,M,M,M,M,50.00,FACT 070200Z 20004KT 160V230 CAVOK 10/07 Q1026 NOSIG,M
FACT,2026-08-07 03:00,50.00,42.80,76.17,M,3.00,0.00,30.30,M,6.21,M,M,M,M,M,M,M,M,M,M,M,M,M,M,M,M,50.00,FACT 070300Z VRB03KT CAVOK 10/06 Q1026 NOSIG,M
FACT,2026-08-07 04:00,42.80,41.00,93.29,310.00,4.00,0.00,30.30,M,6.21,M,M,M,M,M,M,M,M,M,M,M,M,M,M,M,M,40.03,FACT 070400Z 31004KT CAVOK 06/05 Q1026 NOSIG,M
FACT,2026-08-07 04:29,48.20,44.60,87.28,250.00,5.00,0.00,30.27,M,6.21,M,M,M,M,M,M,M,M,M,M,M,M,M,M,M,M,45.63,FACT 070429Z 25005KT 210V280 CAVOK 09/07 Q1025 NOSIG,M
FACT,2026-08-07 05:00,50.00,44.60,81.60,240.00,5.00,0.00,30.27,M,6.21,M,M,M,M,M,M,M,M,M,M,M,M,M,M,M,M,50.00,FACT 070500Z 24005KT 210V270 CAVOK 10/07 Q1025 NOSIG,M
FACT,2026-08-07 06:00,48.20,44.60,87.28,M,2.00,0.00,30.30,M,6.21,M,M,M,M,M,M,M,M,M,M,M,M,M,M,M,M,48.20,FACT 070600Z VRB02KT CAVOK 09/07 Q1026 NOSIG,M
FACT,2026-08-07 06:56,50.00,46.40,87.37,M,2.00,0.00,30.30,M,6.21,M,M,M,M,M,M,M,M,M,M,M,M,M,M,M,M,50.00,FACT 070656Z VRB02KT CAVOK 10/08 Q1026 NOSIG,M
FACT,2026-08-07 07:00,50.00,46.40,87.37,M,2.00,0.00,30.30,M,6.21,M,M,M,M,M,M,M,M,M,M,M,M,M,M,M,M,50.00,FACT 070700Z VRB02KT CAVOK 10/08 Q1026 NOSIG,M
FACT,2026-08-07 07:17,53.60,46.40,76.51,M,2.00,0.00,30.30,M,6.21,M,M,M,M,M,M,M,M,M,M,M,M,M,M,M,M,53.60,FACT 070717Z VRB02KT CAVOK 12/08 Q1026 NOSIG,M
FACT,2026-08-07 07:57,57.20,48.20,71.84,M,1.00,0.00,30.27,M,6.21,M,M,M,M,M,M,M,M,M,M,M,M,M,M,M,M,57.20,FACT 070757Z VRB01KT CAVOK 14/09 Q1025 NOSIG,M
FACT,2026-08-07 08:00,57.20,48.20,71.84,M,1.00,0.00,30.27,M,6.21,M,M,M,M,M,M,M,M,M,M,M,M,M,M,M,M,57.20,FACT 070800Z VRB01KT CAVOK 14/09 Q1025 NOSIG,M
FACT,2026-08-07 09:00,60.80,46.40,59.02,M,3.00,0.00,30.27,M,6.21,M,M,M,M,M,M,M,M,M,M,M,M,M,M,M,M,60.80,FACT 070900Z VRB03KT CAVOK 16/08 Q1025 NOSIG,M
FACT,2026-08-07 10:00,62.60,41.00,45.05,M,2.00,0.00,30.24,M,6.21,M,M,M,M,M,M,M,M,M,M,M,M,M,M,M,M,62.60,FACT 071000Z VRB02KT CAVOK 17/05 Q1024 NOSIG,M
FACT,2026-08-07 11:00,66.20,41.00,39.73,M,3.00,0.00,30.21,M,6.21,M,M,M,M,M,M,M,M,M,M,M,M,M,M,M,M,66.20,FACT 071100Z VRB03KT CAVOK 19/05 Q1023 NOSIG,M
FACT,2026-08-07 12:00,66.20,41.00,39.73,210.00,4.00,0.00,30.18,M,6.21,M,M,M,M,M,M,M,M,M,M,M,M,M,M,M,M,66.20,FACT 071200Z 21004KT CAVOK 19/05 Q1022 NOSIG,M
FACT,2026-08-07 13:00,68.00,39.20,34.81,300.00,4.00,0.00,30.15,M,6.21,M,M,M,M,M,M,M,M,M,M,M,M,M,M,M,M,68.00,FACT 071300Z 30004KT 250V350 CAVOK 20/04 Q1021 NOSIG,M
FACT,2026-08-07 14:00,66.20,42.80,42.59,170.00,8.00,0.00,30.15,M,6.21,M,M,M,M,M,M,M,M,M,M,M,M,M,M,M,M,66.20,FACT 071400Z 17008KT CAVOK 19/06 Q1021 NOSIG,M
FACT,2026-08-07 15:00,62.60,42.80,48.29,170.00,8.00,0.00,30.15,M,6.21,M,M,M,M,M,M,M,M,M,M,M,M,M,M,M,M,62.60,FACT 071500Z 17008KT CAVOK 17/06 Q1021 NOSIG,M
FACT,2026-08-07 16:00,55.40,42.80,62.46,140.00,5.00,0.00,30.15,M,6.21,M,M,M,M,M,M,M,M,M,M,M,M,M,M,M,M,55.40,FACT 071600Z 14005KT CAVOK 13/06 Q1021 NOSIG,M
FACT,2026-08-07 17:00,51.80,46.40,81.74,110.00,8.00,0.00,30.15,M,6.21,M,M,M,M,M,M,M,M,M,M,M,M,M,M,M,M,51.80,FACT 071700Z 11008KT CAVOK 11/08 Q1021 NOSIG,M
FACT,2026-08-07 18:00,51.80,44.60,76.34,110.00,7.00,0.00,30.15,M,6.21,M,M,M,M,M,M,M,M,M,M,M,M,M,M,M,M,51.80,FACT 071800Z 11007KT CAVOK 11/07 Q1021 NOSIG,M
FACT,2026-08-07 19:00,51.80,44.60,76.34,120.00,6.00,0.00,30.15,M,6.21,M,M,M,M,M,M,M,M,M,M,M,M,M,M,M,M,51.80,COR FACT 071900Z 12006KT CAVOK 11/07 Q1021 NOSIG,M
FACT,2026-08-07 20:00,50.00,44.60,81.60,M,2.00,0.00,30.15,M,6.21,M,M,M,M,M,M,M,M,M,M,M,M,M,M,M,M,50.00,FACT 072000Z VRB02KT CAVOK 10/07 Q1021 NOSIG,M
FACT,2026-08-07 21:00,50.00,44.60,81.60,160.00,4.00,0.00,30.15,M,6.21,M,M,M,M,M,M,M,M,M,M,M,M,M,M,M,M,50.00,FACT 072100Z 16004KT CAVOK 10/07 Q1021 TEMPO 3000 BR,M
FACT,2026-08-07 22:00,48.20,44.60,87.28,140.00,3.00,0.00,30.12,M,4.97,M,NSC,M,M,M,M,M,M,M,M,M,M,M,M,M,M,47.21,FACT 072200Z 14003KT 8000 NSC 09/07 Q1020 TEMPO 3000 BR,M
FACT,2026-08-07 23:00,46.40,42.80,87.18,110.00,5.00,0.00,30.12,M,3.73,M,NSC,M,M,M,M,M,M,M,M,M,M,M,M,M,M,43.50,FACT 072300Z 11005KT 6000 NSC 08/06 Q1020 TEMPO 3000 BR,M
FACT,2026-08-07 23:58,44.60,42.80,93.35,90.00,4.00,0.00,30.12,M,2.49,M,NSC,M,M,M,M,M,M,M,BR,M,M,M,M,M,M,42.13,FACT 072358Z 09004KT 4000 BR NSC 07/06 Q1020 TEMPO 3000,M
FACT,2026-08-08 00:00,44.60,42.80,93.35,90.00,4.00,0.00,30.12,M,2.49,M,NSC,M,M,M,M,M,M,M,BR,M,M,M,M,M,M,42.13,FACT 080000Z 09004KT 4000 BR NSC 07/06 Q1020 TEMPO 3000,M
FACT,2026-08-08 00:58,46.40,44.60,93.40,60.00,3.00,0.00,30.09,M,1.86,M,NSC,M,M,M,M,M,M,M,BR,M,M,M,M,M,M,45.15,FACT 080058Z 06003KT 3000 BR NSC 08/07 Q1019 NOSIG,M
FACT,2026-08-08 01:00,46.40,44.60,93.40,60.00,3.00,0.00,30.09,M,1.86,M,NSC,M,M,M,M,M,M,M,BR,M,M,M,M,M,M,45.15,FACT 080100Z 06003KT 3000 BR NSC 08/07 Q1019 NOSIG,M
FACT,2026-08-08 01:59,44.60,42.80,93.35,M,2.00,0.00,30.12,M,3.73,M,NSC,M,M,M,M,M,M,M,M,M,M,M,M,M,M,44.60,FACT 080159Z VRB02KT 6000 NSC 07/06 Q1020 NOSIG,M
FACT,2026-08-08 02:00,44.60,42.80,93.35,M,2.00,0.00,30.12,M,3.73,M,NSC,M,M,M,M,M,M,M,M,M,M,M,M,M,M,44.60,FACT 080200Z VRB02KT 6000 NSC 07/06 Q1020 NOSIG,M
FACT,2026-08-08 03:00,44.60,42.80,93.35,340.00,4.00,0.00,30.09,M,3.73,M,NSC,M,M,M,M,M,M,M,M,M,M,M,M,M,M,42.13,FACT 080300Z 34004KT 6000 NSC 07/06 Q1019 NOSIG,M
FACT,2026-08-08 03:27,41.00,41.00,100.00,40.00,5.00,0.00,30.12,M,1.86,M,NSC,M,M,M,M,M,M,M,BR,M,M,M,M,M,M,37.08,FACT 080327Z 04005KT 3000 BR NSC 05/05 Q1020 NOSIG,M
FACT,2026-08-08 04:00,42.80,41.00,93.29,10.00,4.00,0.00,30.12,M,1.86,M,NSC,M,M,M,M,M,M,M,BR,M,M,M,M,M,M,40.03,FACT 080400Z 01004KT 3000 BR NSC 06/05 Q1020 NOSIG,M
FACT,2026-08-08 04:30,44.60,42.80,93.35,40.00,5.00,0.00,30.12,M,4.97,M,BKN,M,M,M,3200.00,M,M,M,M,M,M,M,M,M,M,41.36,FACT 080430Z 04005KT 8000 BKN032 07/06 Q1020 NOSIG,M
FACT,2026-08-08 05:00,44.60,42.80,93.35,40.00,7.00,0.00,30.12,M,6.21,M,BKN,M,M,M,3000.00,M,M,M,M,M,M,M,M,M,M,40.14,FACT 080500Z 04007KT 9999 BKN030 07/06 Q1020 NOSIG,M
FACT,2026-08-08 05:28,48.20,46.40,93.45,30.00,7.00,0.00,30.15,M,6.21,M,BKN,M,M,M,3500.00,M,M,M,M,M,M,M,M,M,M,44.53,FACT 080528Z 03007KT 9999 BKN035 09/08 Q1021 NOSIG,M
FACT,2026-08-08 06:00,50.00,46.40,87.37,40.00,8.00,0.00,30.12,M,6.21,M,BKN,M,M,M,3500.00,M,M,M,M,M,M,M,M,M,M,50.00,FACT 080600Z 04008KT 9999 BKN035 10/08 Q1020 NOSIG,M
FACT,2026-08-08 07:00,51.80,46.40,81.74,40.00,9.00,0.00,30.15,M,6.21,M,BKN,M,M,M,3500.00,M,M,M,M,M,M,M,M,M,M,51.80,FACT 080700Z 04009KT 9999 BKN035 11/08 Q1021 NOSIG,M
FACT,2026-08-08 08:00,55.40,46.40,71.65,30.00,9.00,0.00,30.15,M,6.21,M,BKN,M,M,M,4000.00,M,M,M,M,M,M,M,M,M,M,55.40,FACT 080800Z 03009KT 9999 BKN040 13/08 Q1021 NOSIG,M
FACT,2026-08-08 09:00,59.00,46.40,62.93,30.00,9.00,0.00,30.18,M,6.21,M,BKN,M,M,M,3800.00,M,M,M,M,M,M,M,M,M,M,59.00,FACT 080900Z 03009KT 9999 BKN038 15/08 Q1022 NOSIG,M
FACT,2026-08-08 10:00,62.60,48.20,59.27,340.00,7.00,0.00,30.15,M,6.21,M,BKN,M,M,M,3800.00,M,M,M,M,M,M,M,M,M,M,62.60,FACT 081000Z 34007KT 300V030 9999 BKN038 17/09 Q1021 NOSIG,M
FACT,2026-08-08 11:00,62.60,48.20,59.27,320.00,11.00,0.00,30.15,M,6.21,M,BKN,M,M,M,3600.00,M,M,M,M,M,M,M,M,M,M,62.60,FACT 081100Z 32011KT 280V350 9999 BKN036 17/09 Q1021 NOSIG,M
FACT,2026-08-08 12:00,60.80,48.20,63.16,310.00,11.00,0.00,30.12,M,6.21,M,BKN,M,M,M,3500.00,M,M,M,M,M,M,M,M,M,M,60.80,FACT 081200Z 31011KT 9999 BKN035 16/09 Q1020 NOSIG,M
FACT,2026-08-08 13:00,60.80,48.20,63.16,320.00,11.00,0.00,30.12,M,6.21,M,BKN,M,M,M,3000.00,M,M,M,M,M,M,M,M,M,M,60.80,FACT 081300Z 32011KT 9999 BKN030 16/09 Q1020 NOSIG,M
FACT,2026-08-08 14:00,60.80,50.00,67.55,310.00,12.00,0.00,30.12,M,6.21,M,BKN,M,M,M,3000.00,M,M,M,M,M,M,M,M,M,M,60.80,FACT 081400Z 31012KT 9999 BKN030 16/10 Q1020 NOSIG,M
FACT,2026-08-08 14:52,57.20,51.80,82.13,300.00,8.00,0.00,30.12,M,3.73,M,BKN,OVC,M,M,1500.00,3000.00,M,M,-RA,M,M,M,M,M,M,57.20,FACT 081452Z 30008KT 6000 -RA BKN015 OVC030 14/11 Q1020 BECMG 3000 RA,M
FACT,2026-08-08 15:00,57.20,51.80,82.13,300.00,8.00,0.00,30.12,M,3.73,M,BKN,OVC,M,M,1500.00,3000.00,M,M,-RA,M,M,M,M,M,M,57.20,FACT 081500Z 30008KT 6000 -RA BKN015 OVC030 14/11 Q1020 BECMG 3000 RA,M
FACT,2026-08-08 15:05,57.20,53.60,87.75,260.00,6.00,0.00,30.12,M,1.86,M,BKN,OVC,M,M,1000.00,3000.00,M,M,-RA,M,M,M,M,M,M,57.20,FACT 081505Z 26006KT 220V290 3000 -RA BKN010 OVC030 14/12 Q1020 NOSIG,M
FACT,2026-08-08 15:06,57.20,53.60,87.75,260.00,6.00,0.00,30.12,M,1.86,M,BKN,OVC,M,M,1000.00,3000.00,M,M,RA,M,M,M,M,M,M,57.20,FACT 081506Z 26006KT 220V290 3000 RA BKN010 OVC030 14/12 Q1020 NOSIG,M
FACT,2026-08-08 16:00,53.60,53.60,100.00,190.00,9.00,0.00,30.12,M,1.86,M,BKN,OVC,M,M,1000.00,3000.00,M,M,-RA,M,M,M,M,M,M,53.60,FACT 081600Z 19009KT 3000 -RA BKN010 OVC030 12/12 Q1020 NOSIG,M
FACT,2026-08-08 17:00,53.60,51.80,93.60,190.00,12.00,0.00,30.15,M,1.86,M,BKN,OVC,M,M,1000.00,3000.00,M,M,-RA,M,M,M,M,M,M,53.60,FACT 081700Z 19012KT 3000 -RA BKN010 OVC030 12/11 Q1021 NOSIG,M
FACT,2026-08-08 18:00,53.60,51.80,93.60,160.00,7.00,0.00,30.15,M,1.86,M,BKN,OVC,M,M,1000.00,3000.00,M,M,-RA,M,M,M,M,M,M,53.60,FACT 081800Z 16007KT 3000 -RA BKN010 OVC030 12/11 Q1021 TEMPO 6000,M
FACT,2026-08-08 18:21,51.80,51.80,100.00,140.00,5.00,0.00,30.15,M,6.21,M,SCT,BKN,M,M,1000.00,3000.00,M,M,M,M,M,M,M,M,M,51.80,FACT 081821Z 14005KT 9999 SCT010 BKN030 11/11 Q1021 NOSIG,M
FACT,2026-08-08 19:00,51.80,50.00,93.55,140.00,5.00,0.00,30.15,M,6.21,M,FEW,BKN,M,M,2000.00,3000.00,M,M,M,M,M,M,M,M,M,51.80,FACT 081900Z 14005KT 9999 FEW020 BKN030 11/10 Q1021 NOSIG,M
FACT,2026-08-08 20:00,51.80,51.80,100.00,160.00,3.00,0.00,30.15,M,6.21,M,BKN,M,M,M,3000.00,M,M,M,M,M,M,M,M,M,M,51.80,FACT 082000Z 16003KT 9999 BKN030 11/11 Q1021 NOSIG,M
FACT,2026-08-08 21:00,51.80,51.80,100.00,M,2.00,0.00,30.15,M,6.21,M,BKN,M,M,M,4000.00,M,M,M,M,M,M,M,M,M,M,51.80,FACT 082100Z VRB02KT 9999 BKN040 11/11 Q1021 NOSIG,M
FACT,2026-08-08 22:00,53.60,48.20,81.87,210.00,6.00,0.00,30.15,M,6.21,M,SCT,M,M,M,3500.00,M,M,M,M,M,M,M,M,M,M,53.60,FACT 082200Z 21006KT 9999 SCT035 12/09 Q1021 NOSIG,M
FACT,2026-08-08 23:00,51.80,44.60,76.34,220.00,5.00,0.00,30.15,M,6.21,M,SCT,M,M,M,3500.00,M,M,M,M,M,M,M,M,M,M,51.80,FACT 082300Z 22005KT 9999 SCT035 11/07 Q1021 NOSIG,M
FACT,2026-08-09 00:00,51.80,44.60,76.34,200.00,8.00,0.00,30.15,M,6.21,M,FEW,M,M,M,3500.00,M,M,M,M,M,M,M,M,M,M,51.80,FACT 090000Z 20008KT 9999 FEW035 11/07 Q1021 NOSIG,M
FACT,2026-08-09 01:00,51.80,44.60,76.34,230.00,6.00,0.00,30.18,M,6.21,M,BKN,M,M,M,3500.00,M,M,M,M,M,M,M,M,M,M,51.80,FACT 090100Z 23006KT 9999 BKN035 11/07 Q1022 NOSIG,M
FACT,2026-08-09 02:00,51.80,46.40,81.74,200.00,11.00,0.00,30.15,M,6.21,M,FEW,BKN,M,M,2000.00,4000.00,M,M,M,M,M,M,M,M,M,51.80,FACT 090200Z 20011KT 9999 FEW020 BKN040 11/08 Q1021 NOSIG,M
FACT,2026-08-09 03:00,50.00,44.60,81.60,190.00,10.00,0.00,30.18,M,6.21,M,FEW,BKN,M,M,2000.00,3000.00,M,M,M,M,M,M,M,M,M,50.00,FACT 090300Z 19010KT 9999 FEW020 BKN030 10/07 Q1022 NOSIG,M
FACT,2026-08-09 04:00,50.00,46.40,87.37,180.00,6.00,0.00,30.18,M,6.21,M,SCT,BKN,M,M,2000.00,3000.00,M,M,M,M,M,M,M,M,M,50.00,FACT 090400Z 18006KT 9999 SCT020 BKN030 10/08 Q1022 NOSIG,M
FACT,2026-08-09 04:12,50.00,46.40,87.37,220.00,9.00,0.00,30.18,M,2.49,M,SCT,BKN,M,M,2000.00,3000.00,M,M,-RA,M,M,M,M,M,M,50.00,FACT 090412Z 22009KT 180V240 4000 -RA SCT020 BKN030 10/08 Q1022 TEMPO BKN012,M
FACT,2026-08-09 04:28,48.20,44.60,87.28,170.00,13.00,0.00,30.21,M,4.97,M,SCT,BKN,M,M,1600.00,3000.00,M,M,-RA,M,M,M,M,M,M,42.32,FACT 090428Z 17013KT 8000 -RA SCT016 BKN030 09/07 Q1023 TEMPO 4000 BKN012,M
FACT,2026-08-09 05:00,50.00,46.40,87.37,160.00,6.00,0.00,30.21,M,6.21,M,FEW,SCT,M,M,1800.00,3500.00,M,M,M,M,M,M,M,M,M,50.00,FACT 090500Z 16006KT 9999 FEW018 SCT035 10/08 Q1023 NOSIG,M
FACT,2026-08-09 06:00,51.80,46.40,81.74,170.00,12.00,0.00,30.24,M,6.21,M,BKN,M,M,M,3500.00,M,M,M,M,M,M,M,M,M,M,51.80,FACT 090600Z 17012KT 9999 BKN035 11/08 Q1024 NOSIG,M
FACT,2026-08-09 06:37,53.60,46.40,76.51,180.00,13.00,0.00,30.27,M,2.80,29.00,FEW,BKN,M,M,2800.00,3500.00,M,M,-RA,M,M,M,M,M,M,53.60,FACT 090637Z 18013G29KT 4500 -RA FEW028 BKN035 12/08 Q1025 NOSIG,M
FACT,2026-08-09 06:56,51.80,44.60,76.34,170.00,13.00,0.00,30.27,M,6.21,M,FEW,M,M,M,3500.00,M,M,M,M,M,M,M,M,M,M,51.80,FACT 090656Z 17013KT 9999 FEW035 11/07 Q1025 NOSIG,M
FACT,2026-08-09 07:00,51.80,44.60,76.34,170.00,13.00,0.00,30.27,M,6.21,M,FEW,M,M,M,3500.00,M,M,M,M,M,M,M,M,M,M,51.80,FACT 090700Z 17013KT 9999 FEW035 11/07 Q1025 NOSIG,M
FACT,2026-08-09 07:56,55.40,44.60,66.91,170.00,20.00,0.00,30.30,M,3.73,34.00,SCT,BKN,M,M,2000.00,3500.00,M,M,-RA,M,M,M,M,M,M,55.40,FACT 090756Z 17020G34KT 140V210 6000 -RA SCT020 BKN035 13/07 Q1026 NOSIG,M
FACT,2026-08-09 08:00,55.40,44.60,66.91,170.00,20.00,0.00,30.30,M,3.73,34.00,SCT,BKN,M,M,2000.00,3500.00,M,M,-RA,M,M,M,M,M,M,55.40,FACT 090800Z 17020G34KT 140V210 6000 -RA SCT020 BKN035 13/07 Q1026 NOSIG,M
FACT,2026-08-09 08:55,53.60,46.40,76.51,150.00,15.00,0.00,30.33,M,6.21,M,SCT,BKN,M,M,2000.00,3500.00,M,M,M,M,M,M,M,M,M,53.60,FACT 090855Z 15015KT 9999 SCT020 BKN035 12/08 Q1027 NOSIG,M
FACT,2026-08-09 09:00,53.60,46.40,76.51,150.00,15.00,0.00,30.33,M,6.21,M,SCT,BKN,M,M,2000.00,3500.00,M,M,M,M,M,M,M,M,M,53.60,FACT 090900Z 15015KT 9999 SCT020 BKN035 12/08 Q1027 NOSIG,M
FACT,2026-08-09 10:00,57.20,42.80,58.52,170.00,23.00,0.00,30.36,M,6.21,M,FEW,BKN,M,M,2000.00,3500.00,M,M,M,M,M,M,M,M,M,57.20,FACT 091000Z 17023KT 9999 FEW020 BKN035 14/06 Q1028 NOSIG,M
FACT,2026-08-09 11:00,57.20,41.00,54.60,170.00,23.00,0.00,30.36,M,6.21,M,SCT,M,M,M,3500.00,M,M,M,M,M,M,M,M,M,M,57.20,FACT 091100Z 17023KT 9999 SCT035 14/05 Q1028 NOSIG,M
FACT,2026-08-09 11:20,59.00,42.80,54.86,170.00,23.00,0.00,30.36,M,6.21,33.00,BKN,M,M,M,3500.00,M,M,M,M,M,M,M,M,M,M,59.00,FACT 091120Z 17023G33KT 9999 BKN035 15/06 Q1028 NOSIG,M
FACT,2026-08-09 12:00,57.20,41.00,54.60,160.00,23.00,0.00,30.36,M,6.21,M,BKN,M,M,M,3500.00,M,M,M,M,M,M,M,M,M,M,57.20,FACT 091200Z 16023KT 9999 BKN035 14/05 Q1028 NOSIG,M
FACT,2026-08-09 12:55,57.20,41.00,54.60,150.00,21.00,0.00,30.36,M,6.21,31.00,FEW,M,M,M,3000.00,M,M,M,M,M,M,M,M,M,M,57.20,FACT 091255Z 15021G31KT 9999 FEW030 14/05 Q1028 NOSIG,M
FACT,2026-08-09 13:00,57.20,41.00,54.60,150.00,21.00,0.00,30.36,M,6.21,31.00,FEW,M,M,M,3000.00,M,M,M,M,M,M,M,M,M,M,57.20,FACT 091300Z 15021G31KT 9999 FEW030 14/05 Q1028 NOSIG,M
FACT,2026-08-09 14:00,57.20,39.20,50.91,160.00,22.00,0.00,30.39,M,6.21,M,SCT,M,M,M,3500.00,M,M,M,M,M,M,M,M,M,M,57.20,FACT 091400Z 16022KT 9999 SCT035 14/04 Q1029 NOSIG,M
FACT,2026-08-09 15:00,55.40,41.00,58.27,170.00,21.00,0.00,30.39,M,6.21,M,SCT,M,M,M,3500.00,M,M,M,M,M,M,M,M,M,M,55.40,FACT 091500Z 17021KT 9999 SCT035 13/05 Q1029 NOSIG,M
FACT,2026-08-09 16:00,53.60,37.40,54.07,170.00,19.00,0.00,30.42,M,6.21,M,SCT,M,M,M,4000.00,M,M,M,M,M,M,M,M,M,M,53.60,FACT 091600Z 17019KT 9999 SCT040 12/03 Q1030 NOSIG,M
FACT,2026-08-09 17:00,53.60,39.20,58.02,160.00,13.00,0.00,30.45,M,6.21,M,SCT,M,M,M,3500.00,M,M,M,M,M,M,M,M,M,M,53.60,FACT 091700Z 16013KT 9999 SCT035 12/04 Q1031 NOSIG,M
FACT,2026-08-09 18:00,51.80,37.40,57.76,160.00,16.00,0.00,30.47,M,6.21,M,FEW,M,M,M,4500.00,M,M,M,M,M,M,M,M,M,M,51.80,FACT 091800Z 16016KT 9999 FEW045 11/03 Q1032 NOSIG,M
FACT,2026-08-09 19:00,53.60,37.40,54.07,160.00,16.00,0.00,30.50,M,6.21,M,FEW,M,M,M,4300.00,M,M,M,M,M,M,M,M,M,M,53.60,FACT 091900Z 16016KT 9999 FEW043 12/03 Q1033 NOSIG,M
FACT,2026-08-09 20:00,51.80,37.40,57.76,160.00,14.00,0.00,30.53,M,6.21,M,SCT,M,M,M,4000.00,M,M,M,M,M,M,M,M,M,M,51.80,FACT 092000Z 16014KT 9999 SCT040 11/03 Q1034 NOSIG,M
FACT,2026-08-09 21:00,50.00,41.00,71.06,140.00,12.00,0.00,30.53,M,6.21,M,SCT,BKN,M,M,3500.00,4500.00,M,M,-RA,M,M,M,M,M,M,50.00,FACT 092100Z 14012KT 9999 -RA SCT035 BKN045 10/05 Q1034,M
FACT,2026-08-09 22:00,46.40,39.20,75.84,130.00,6.00,0.00,30.53,M,6.21,M,BKN,M,M,M,4400.00,M,M,M,M,M,M,M,M,M,M,42.87,FACT 092200Z 13006KT 9999 BKN044 08/04 Q1034 NOSIG,M
FACT,2026-08-09 23:00,46.40,41.00,81.33,140.00,5.00,0.00,30.56,M,6.21,M,FEW,M,M,M,4600.00,M,M,M,M,M,M,M,M,M,M,43.50,FACT 092300Z 14005KT 120V180 9999 FEW046 08/05 Q1035 NOSIG,M
FACT,2026-08-10 00:00,48.20,41.00,76.01,110.00,7.00,0.00,30.56,M,6.21,M,FEW,M,M,M,4000.00,M,M,M,M,M,M,M,M,M,M,44.53,FACT 100000Z 11007KT 9999 FEW040 09/05 Q1035 NOSIG,M
FACT,2026-08-10 01:00,46.40,41.00,81.33,130.00,4.00,0.00,30.56,M,6.21,M,FEW,M,M,M,4000.00,M,M,M,M,M,M,M,M,M,M,44.24,FACT 100100Z 13004KT 9999 FEW040 08/05 Q1035 NOSIG,M
FACT,2026-08-10 02:00,48.20,41.00,76.01,110.00,7.00,0.00,30.56,M,6.21,M,FEW,M,M,M,4000.00,M,M,M,M,M,M,M,M,M,M,44.53,FACT 100200Z 11007KT 9999 FEW040 09/05 Q1035 NOSIG,M
FACT,2026-08-10 03:00,44.60,41.00,87.08,140.00,4.00,0.00,30.56,M,6.21,M,FEW,M,M,M,3600.00,M,M,M,M,M,M,M,M,M,M,42.13,FACT 100300Z 14004KT 9999 FEW036 07/05 Q1035 NOSIG,M
FACT,2026-08-10 04:00,46.40,44.60,93.40,190.00,6.00,0.00,30.56,M,6.21,M,BKN,M,M,M,3800.00,M,M,M,M,M,M,M,M,M,M,42.87,FACT 100400Z 19006KT 9999 BKN038 08/07 Q1035 NOSIG,M
FACT,2026-08-10 05:00,46.40,44.60,93.40,150.00,4.00,0.00,30.59,M,6.21,M,BKN,M,M,M,3000.00,M,M,M,M,M,M,M,M,M,M,44.24,FACT 100500Z 15004KT 9999 BKN030 08/07 Q1036 NOSIG,M
FACT,2026-08-10 06:00,46.40,42.80,87.18,180.00,4.00,0.00,30.59,M,6.21,M,BKN,M,M,M,3000.00,M,M,M,M,M,M,M,M,M,M,44.24,FACT 100600Z 18004KT 9999 BKN030 08/06 Q1036 NOSIG,M
FACT,2026-08-10 06:57,51.80,46.40,81.74,140.00,5.00,0.00,30.59,M,6.21,M,BKN,M,M,M,3000.00,M,M,M,M,M,M,M,M,M,M,51.80,FACT 100657Z 14005KT 9999 BKN030 11/08 Q1036 NOSIG,M
FACT,2026-08-10 07:00,51.80,46.40,81.74,140.00,5.00,0.00,30.59,M,6.21,M,BKN,M,M,M,3000.00,M,M,M,M,M,M,M,M,M,M,51.80,FACT 100700Z 14005KT 9999 BKN030 11/08 Q1036 NOSIG,M
FACT,2026-08-10 08:00,55.40,46.40,71.65,120.00,11.00,0.00,30.62,M,6.21,M,BKN,M,M,M,3500.00,M,M,M,M,M,M,M,M,M,M,55.40,FACT 100800Z 12011KT 9999 BKN035 13/08 Q1037 NOSIG,M
FACT,2026-08-10 09:00,57.20,46.40,67.13,140.00,10.00,0.00,30.62,M,6.21,M,BKN,M,M,M,3500.00,M,M,M,M,M,M,M,M,M,M,57.20,FACT 100900Z 14010KT 9999 BKN035 14/08 Q1037 NOSIG,M
FACT,2026-08-10 10:00,59.00,44.60,58.78,160.00,16.00,0.00,30.59,M,6.21,M,SCT,M,M,M,3500.00,M,M,M,M,M,M,M,M,M,M,59.00,FACT 101000Z 16016KT 9999 SCT035 15/07 Q1036 NOSIG,M
FACT,2026-08-10 11:00,57.20,44.60,62.70,160.00,16.00,0.00,30.59,M,6.21,M,SCT,M,M,M,3500.00,M,M,M,M,M,M,M,M,M,M,57.20,FACT 101100Z 16016KT 9999 SCT035 14/07 Q1036 NOSIG,M
FACT,2026-08-10 11:29,59.00,44.60,58.78,150.00,16.00,0.00,30.56,M,6.21,28.00,SCT,M,M,M,3500.00,M,M,M,M,M,M,M,M,M,M,59.00,FACT 101129Z 15016G28KT 110V170 9999 SCT035 15/07 Q1035 NOSIG,M
FACT,2026-08-10 12:00,59.00,44.60,58.78,160.00,16.00,0.00,30.56,M,6.21,M,BKN,M,M,M,3500.00,M,M,M,M,M,M,M,M,M,M,59.00,FACT 101200Z 16016KT 9999 BKN035 15/07 Q1035 NOSIG,M
FACT,2026-08-10 13:00,59.00,42.80,54.86,150.00,21.00,0.00,30.56,M,6.21,M,SCT,BKN,M,M,3400.00,4100.00,M,M,M,M,M,M,M,M,M,59.00,FACT 101300Z 15021KT 9999 SCT034 BKN041 15/06 Q1035 NOSIG,M
FACT,2026-08-10 14:00,57.20,41.00,54.60,150.00,18.00,0.00,30.53,M,6.21,M,SCT,M,M,M,3600.00,M,M,M,M,M,M,M,M,M,M,57.20,FACT 101400Z 15018KT 9999 SCT036 14/05 Q1034 NOSIG,M
FACT,2026-08-10 15:00,57.20,41.00,54.60,160.00,16.00,0.00,30.53,M,6.21,M,SCT,M,M,M,3600.00,M,M,M,M,M,M,M,M,M,M,57.20,FACT 101500Z 16016KT 9999 SCT036 14/05 Q1034 NOSIG,M
FACT,2026-08-10 16:00,55.40,41.00,58.27,150.00,15.00,0.00,30.53,M,6.21,M,FEW,M,M,M,3500.00,M,M,M,M,M,M,M,M,M,M,55.40,FACT 101600Z 15015KT 9999 FEW035 13/05 Q1034 NOSIG,M
FACT,2026-08-10 17:00,53.60,41.00,62.22,150.00,17.00,0.00,30.56,M,6.21,M,FEW,M,M,M,3500.00,M,M,M,M,M,M,M,M,M,M,53.60,FACT 101700Z 15017KT 9999 FEW035 12/05 Q1035 NOSIG,M
FACT,2026-08-10 18:00,53.60,42.80,66.70,150.00,14.00,0.00,30.56,M,6.21,M,FEW,M,M,M,3500.00,M,M,M,M,M,M,M,M,M,M,53.60,FACT 101800Z 15014KT 9999 FEW035 12/06 Q1035 NOSIG,M
FACT,2026-08-10 19:00,53.60,42.80,66.70,140.00,17.00,0.00,30.56,M,6.21,M,FEW,M,M,M,3500.00,M,M,M,M,M,M,M,M,M,M,53.60,FACT 101900Z 14017KT 9999 FEW035 12/06 Q1035 NOSIG,M
FACT,2026-08-10 20:00,51.80,44.60,76.34,150.00,14.00,0.00,30.56,M,6.21,M,FEW,M,M,M,3500.00,M,M,M,M,M,M,M,M,M,M,51.80,FACT 102000Z 15014KT 9999 FEW035 11/07 Q1035 NOSIG,M
FACT,2026-08-10 21:00,51.80,44.60,76.34,150.00,14.00,0.00,30.56,M,6.21,M,FEW,M,M,M,3000.00,M,M,M,M,M,M,M,M,M,M,51.80,FACT 102100Z 15014KT 9999 FEW030 11/07 Q1035 NOSIG,M
FACT,2026-08-10 22:00,51.80,42.80,71.26,150.00,16.00,0.00,30.53,M,6.21,M,FEW,M,M,M,3000.00,M,M,M,M,M,M,M,M,M,M,51.80,FACT 102200Z 15016KT 9999 FEW030 11/06 Q1034 NOSIG,M
FACT,2026-08-10 23:00,51.80,42.80,71.26,150.00,12.00,0.00,30.53,M,6.21,M,FEW,M,M,M,3000.00,M,M,M,M,M,M,M,M,M,M,51.80,FACT 102300Z 15012KT 9999 FEW030 11/06 Q1034 NOSIG,M
FACT,2026-08-11 00:00,51.80,41.00,66.48,150.00,9.00,0.00,30.53,M,6.21,M,FEW,M,M,M,3000.00,M,M,M,M,M,M,M,M,M,M,51.80,FACT 110000Z 15009KT 9999 FEW030 11/05 Q1034 NOSIG,M
FACT,2026-08-11 01:00,51.80,39.20,61.99,140.00,8.00,0.00,30.53,M,6.21,M,FEW,M,M,M,3000.00,M,M,M,M,M,M,M,M,M,M,51.80,FACT 110100Z 14008KT 9999 FEW030 11/04 Q1034 NOSIG,M
FACT,2026-08-11 02:00,50.00,39.20,66.26,140.00,8.00,0.00,30.53,M,6.21,M,M,M,M,M,M,M,M,M,M,M,M,M,M,M,M,50.00,FACT 110200Z 14008KT CAVOK 10/04 Q1034 NOSIG,M
FACT,2026-08-11 03:00,50.00,39.20,66.26,130.00,4.00,0.00,30.50,M,6.21,M,M,M,M,M,M,M,M,M,M,M,M,M,M,M,M,50.00,FACT 110300Z 13004KT 060V160 CAVOK 10/04 Q1033 NOSIG,M
FACT,2026-08-11 04:00,48.20,39.20,70.87,140.00,9.00,0.00,30.50,M,6.21,M,M,M,M,M,M,M,M,M,M,M,M,M,M,M,M,43.66,FACT 110400Z 14009KT CAVOK 09/04 Q1033 NOSIG,M
FACT,2026-08-11 05:00,50.00,41.00,71.06,150.00,10.00,0.00,30.53,M,6.21,M,M,M,M,M,M,M,M,M,M,M,M,M,M,M,M,50.00,FACT 110500Z 15010KT CAVOK 10/05 Q1034 NOSIG,M
FACT,2026-08-11 06:00,50.00,41.00,71.06,140.00,5.00,0.00,30.53,M,6.21,M,M,M,M,M,M,M,M,M,M,M,M,M,M,M,M,50.00,FACT 110600Z 14005KT CAVOK 10/05 Q1034 NOSIG,M
FACT,2026-08-11 06:56,55.40,41.00,58.27,130.00,11.00,0.00,30.53,M,6.21,M,M,M,M,M,M,M,M,M,M,M,M,M,M,M,M,55.40,FACT 110656Z 13011KT CAVOK 13/05 Q1034 NOSIG,M
FACT,2026-08-11 07:00,55.40,41.00,58.27,130.00,11.00,0.00,30.53,M,6.21,M,M,M,M,M,M,M,M,M,M,M,M,M,M,M,M,55.40,FACT 110700Z 13011KT CAVOK 13/05 Q1034 NOSIG,M
FACT,2026-08-11 08:00,59.00,41.00,51.18,150.00,11.00,0.00,30.53,M,6.21,M,M,M,M,M,M,M,M,M,M,M,M,M,M,M,M,59.00,FACT 110800Z 15011KT CAVOK 15/05 Q1034 NOSIG,M
FACT,2026-08-11 09:00,62.60,41.00,45.05,150.00,10.00,0.00,30.53,M,6.21,M,FEW,M,M,M,3000.00,M,M,M,M,M,M,M,M,M,M,62.60,FACT 110900Z 15010KT 9999 FEW030 17/05 Q1034 NOSIG,M
FACT,2026-08-11 10:00,66.20,37.40,34.52,120.00,15.00,0.00,30.50,M,6.21,M,FEW,M,M,M,3000.00,M,M,M,M,M,M,M,M,M,M,66.20,FACT 111000Z 12015KT 9999 FEW030 19/03 Q1033 NOSIG,M
FACT,2026-08-11 11:00,68.00,37.40,32.44,150.00,8.00,0.00,30.47,M,6.21,M,FEW,M,M,M,3000.00,M,M,M,M,M,M,M,M,M,M,68.00,FACT 111100Z 15008KT 110V210 9999 FEW030 20/03 Q1032 NOSIG,M
FACT,2026-08-11 12:00,68.00,41.00,37.34,160.00,14.00,0.00,30.45,M,6.21,M,FEW,M,M,M,3000.00,M,M,M,M,M,M,M,M,M,M,68.00,FACT 111200Z 16014KT 130V190 9999 FEW030 20/05 Q1031 NOSIG,M
FACT,2026-08-11 13:00,68.00,41.00,37.34,130.00,15.00,0.00,30.45,M,6.21,M,FEW,M,M,M,3000.00,M,M,M,M,M,M,M,M,M,M,68.00,FACT 111300Z 13015KT 9999 FEW030 20/05 Q1031 NOSIG,M
FACT,2026-08-11 14:00,66.20,42.80,42.59,140.00,19.00,0.00,30.42,M,6.21,M,FEW,M,M,M,3000.00,M,M,M,M,M,M,M,M,M,M,66.20,FACT 111400Z 14019KT 9999 FEW030 19/06 Q1030 NOSIG,M
FACT,2026-08-11 15:00,64.40,42.80,45.34,130.00,15.00,0.00,30.42,M,6.21,M,FEW,M,M,M,3000.00,M,M,M,M,M,M,M,M,M,M,64.40,FACT 111500Z 13015KT 9999 FEW030 18/06 Q1030 NOSIG,M
FACT,2026-08-11 16:00,62.60,42.80,48.29,130.00,18.00,0.00,30.42,M,6.21,M,FEW,M,M,M,3000.00,M,M,M,M,M,M,M,M,M,M,62.60,FACT 111600Z 13018KT 9999 FEW030 17/06 Q1030 NOSIG,M
FACT,2026-08-11 17:00,60.80,42.80,51.46,130.00,23.00,0.00,30.42,M,6.21,M,M,M,M,M,M,M,M,M,M,M,M,M,M,M,M,60.80,FACT 111700Z 13023KT CAVOK 16/06 Q1030 NOSIG,M
FACT,2026-08-11 18:00,59.00,42.80,54.86,130.00,19.00,0.00,30.42,M,6.21,M,M,M,M,M,M,M,M,M,M,M,M,M,M,M,M,59.00,FACT 111800Z 13019KT CAVOK 15/06 Q1030 NOSIG,M
FACT,2026-08-11 19:00,59.00,42.80,54.86,210.00,5.00,0.00,30.42,M,6.21,M,M,M,M,M,M,M,M,M,M,M,M,M,M,M,M,59.00,FACT 111900Z 21005KT 150V250 CAVOK 15/06 Q1030 NOSIG,M
FACT,2026-08-11 20:00,59.00,41.00,51.18,M,3.00,0.00,30.42,M,6.21,M,M,M,M,M,M,M,M,M,M,M,M,M,M,M,M,59.00,FACT 112000Z VRB03KT CAVOK 15/05 Q1030 NOSIG,M
FACT,2026-08-11 21:00,57.20,41.00,54.60,200.00,6.00,0.00,30.45,M,6.21,M,M,M,M,M,M,M,M,M,M,M,M,M,M,M,M,57.20,FACT 112100Z 20006KT 160V230 CAVOK 14/05 Q1031 NOSIG,M
FACT,2026-08-11 22:00,57.20,41.00,54.60,140.00,10.00,0.00,30.42,M,6.21,M,M,M,M,M,M,M,M,M,M,M,M,M,M,M,M,57.20,FACT 112200Z 14010KT 090V170 CAVOK 14/05 Q1030 NOSIG,M
FACT,2026-08-11 23:00,57.20,41.00,54.60,90.00,9.00,0.00,30.42,M,6.21,M,M,M,M,M,M,M,M,M,M,M,M,M,M,M,M,57.20,FACT 112300Z 09009KT CAVOK 14/05 Q1030 NOSIG,M
FACT,2026-08-12 00:00,53.60,41.00,62.22,210.00,6.00,0.00,30.42,M,6.21,M,M,M,M,M,M,M,M,M,M,M,M,M,M,M,M,53.60,FACT 120000Z 21006KT 170V240 CAVOK 12/05 Q1030 NOSIG,M
FACT,2026-08-12 01:00,53.60,42.80,66.70,190.00,8.00,0.00,30.39,M,6.21,M,M,M,M,M,M,M,M,M,M,M,M,M,M,M,M,53.60,FACT 120100Z 19008KT CAVOK 12/06 Q1029 NOSIG,M
FACT,2026-08-12 02:00,51.80,42.80,71.26,170.00,7.00,0.00,30.36,M,6.21,M,M,M,M,M,M,M,M,M,M,M,M,M,M,M,M,51.80,FACT 120200Z 17007KT CAVOK 11/06 Q1028 NOSIG,M
FACT,2026-08-12 03:00,51.80,42.80,71.26,230.00,4.00,0.00,30.36,M,6.21,M,M,M,M,M,M,M,M,M,M,M,M,M,M,M,M,51.80,FACT 120300Z 23004KT CAVOK 11/06 Q1028 NOSIG,M
FACT,2026-08-12 04:00,50.00,42.80,76.17,M,2.00,0.00,30.36,M,6.21,M,M,M,M,M,M,M,M,M,M,M,M,M,M,M,M,50.00,FACT 120400Z VRB02KT CAVOK 10/06 Q1028 NOSIG,M
FACT,2026-08-12 05:00,48.20,42.80,81.47,M,3.00,0.00,30.36,M,6.21,M,M,M,M,M,M,M,M,M,M,M,M,M,M,M,M,47.21,FACT 120500Z VRB03KT CAVOK 09/06 Q1028 NOSIG,M
FACT,2026-08-12 06:00,50.00,42.80,76.17,M,3.00,0.00,30.36,M,6.21,M,M,M,M,M,M,M,M,M,M,M,M,M,M,M,M,50.00,FACT 120600Z VRB03KT CAVOK 10/06 Q1028 NOSIG,M
FACT,2026-08-12 06:08,53.60,42.80,66.70,260.00,5.00,0.00,30.36,M,6.21,M,M,M,M,M,M,M,M,M,M,M,M,M,M,M,M,53.60,FACT 120608Z 26005KT 200V310 CAVOK 12/06 Q1028 NOSIG,M
FACT,2026-08-12 07:00,57.20,44.60,62.70,M,3.00,0.00,30.39,M,6.21,M,M,M,M,M,M,M,M,M,M,M,M,M,M,M,M,57.20,FACT 120700Z VRB03KT CAVOK 14/07 Q1029 NOSIG,M
FACT,2026-08-12 07:47,62.60,44.60,51.73,180.00,4.00,0.00,30.39,M,6.21,M,M,M,M,M,M,M,M,M,M,M,M,M,M,M,M,62.60,FACT 120747Z 18004KT 140V230 CAVOK 17/07 Q1029 NOSIG,M
FACT,2026-08-12 08:00,62.60,44.60,51.73,M,3.00,0.00,30.36,M,6.21,M,M,M,M,M,M,M,M,M,M,M,M,M,M,M,M,62.60,FACT 120800Z VRB03KT CAVOK 17/07 Q1028 NOSIG,M
FACT,2026-08-12 09:00,66.20,44.60,45.62,160.00,4.00,0.00,30.36,M,6.21,M,M,M,M,M,M,M,M,M,M,M,M,M,M,M,M,66.20,FACT 120900Z 16004KT 130V210 CAVOK 19/07 Q1028 NOSIG,M
FACT,2026-08-12 10:00,69.80,41.00,35.11,180.00,7.00,0.00,30.33,M,6.21,M,M,M,M,M,M,M,M,M,M,M,M,M,M,M,M,69.80,FACT 121000Z 18007KT 120V200 CAVOK 21/05 Q1027 NOSIG,M
FACT,2026-08-12 11:00,71.60,41.00,33.02,M,3.00,0.00,30.30,M,6.21,M,M,M,M,M,M,M,M,M,M,M,M,M,M,M,M,71.60,FACT 121100Z VRB03KT CAVOK 22/05 Q1026 NOSIG,M
FACT,2026-08-12 12:00,69.80,42.80,37.63,160.00,11.00,0.00,30.24,M,6.21,M,M,M,M,M,M,M,M,M,M,M,M,M,M,M,M,69.80,FACT 121200Z 16011KT 130V190 CAVOK 21/06 Q1024 NOSIG,M
FACT,2026-08-12 13:00,71.60,42.80,35.40,220.00,5.00,0.00,30.21,M,6.21,M,M,M,M,M,M,M,M,M,M,M,M,M,M,M,M,71.60,FACT 121300Z 22005KT 180V260 CAVOK 22/06 Q1023 NOSIG,M
FACT,2026-08-12 14:00,73.40,44.60,35.69,260.00,5.00,0.00,30.21,M,6.21,M,M,M,M,M,M,M,M,M,M,M,M,M,M,M,M,73.40,FACT 121400Z 26005KT 190V320 CAVOK 23/07 Q1023 NOSIG,M
FACT,2026-08-12 15:00,73.40,42.80,33.31,10.00,8.00,0.00,30.18,M,6.21,M,M,M,M,M,M,M,M,M,M,M,M,M,M,M,M,73.40,FACT 121500Z 01008KT CAVOK 23/06 Q1022 NOSIG,M
FACT,2026-08-12 16:00,69.80,44.60,40.31,60.00,4.00,0.00,30.18,M,6.21,M,M,M,M,M,M,M,M,M,M,M,M,M,M,M,M,69.80,COR FACT 121600Z 06004KT CAVOK 21/07 Q1022 NOSIG,M
FACT,2026-08-12 17:00,66.20,46.40,48.85,M,3.00,0.00,30.18,M,6.21,M,M,M,M,M,M,M,M,M,M,M,M,M,M,M,M,66.20,FACT 121700Z VRB03KT CAVOK 19/08 Q1022 NOSIG,M
FACT,2026-08-12 18:00,62.60,46.40,55.39,M,3.00,0.00,30.21,M,6.21,M,M,M,M,M,M,M,M,M,M,M,M,M,M,M,M,62.60,FACT 121800Z VRB03KT CAVOK 17/08 Q1023 NOSIG,M
FACT,2026-08-12 19:00,59.00,48.20,67.34,M,3.00,0.00,30.21,M,6.21,M,M,M,M,M,M,M,M,M,M,M,M,M,M,M,M,59.00,FACT 121900Z VRB03KT CAVOK 15/09 Q1023 NOSIG,M
FACT,2026-08-12 20:00,55.40,46.40,71.65,M,2.00,0.00,30.21,M,6.21,M,M,M,M,M,M,M,M,M,M,M,M,M,M,M,M,55.40,FACT 122000Z VRB02KT CAVOK 13/08 Q1023 NOSIG,M
FACT,2026-08-12 21:00,55.40,46.40,71.65,240.00,4.00,0.00,30.21,M,6.21,M,M,M,M,M,M,M,M,M,M,M,M,M,M,M,M,55.40,FACT 122100Z 24004KT CAVOK 13/08 Q1023 NOSIG,M
FACT,2026-08-12 22:00,55.40,46.40,71.65,M,3.00,0.00,30.21,M,6.21,M,M,M,M,M,M,M,M,M,M,M,M,M,M,M,M,55.40,FACT 122200Z VRB03KT CAVOK 13/08 Q1023 NOSIG,M
FACT,2026-08-12 23:00,55.40,46.40,71.65,120.00,3.00,0.00,30.18,M,6.21,M,M,M,M,M,M,M,M,M,M,M,M,M,M,M,M,55.40,FACT 122300Z 12003KT CAVOK 13/08 Q1022 NOSIG,M
FACT,2026-08-13 00:00,51.80,46.40,81.74,160.00,3.00,0.00,30.18,M,6.21,M,M,M,M,M,M,M,M,M,M,M,M,M,M,M,M,51.80,FACT 130000Z 16003KT CAVOK 11/08 Q1022 NOSIG,M
FACT,2026-08-13 01:00,51.80,44.60,76.34,M,3.00,0.00,30.15,M,6.21,M,M,M,M,M,M,M,M,M,M,M,M,M,M,M,M,51.80,FACT 130100Z VRB03KT CAVOK 11/07 Q1021 NOSIG,M
FACT,2026-08-13 01:57,55.40,44.60,66.91,M,1.00,0.00,30.12,M,6.21,M,M,M,M,M,M,M,M,M,M,M,M,M,M,M,M,55.40,FACT 130157Z VRB01KT CAVOK 13/07 Q1020 NOSIG,M
FACT,2026-08-13 02:00,55.40,44.60,66.91,M,1.00,0.00,30.12,M,6.21,M,M,M,M,M,M,M,M,M,M,M,M,M,M,M,M,55.40,FACT 130200Z VRB01KT CAVOK 13/07 Q1020 NOSIG,M
FACT,2026-08-13 03:00,53.60,42.80,66.70,320.00,1.00,0.00,30.12,M,6.21,M,M,M,M,M,M,M,M,M,M,M,M,M,M,M,M,53.60,FACT 130300Z 32001KT CAVOK 12/06 Q1020 NOSIG,M
FACT,2026-08-13 04:00,53.60,42.80,66.70,M,2.00,0.00,30.12,M,6.21,M,M,M,M,M,M,M,M,M,M,M,M,M,M,M,M,53.60,FACT 130400Z VRB02KT CAVOK 12/06 Q1020 NOSIG,M
FACT,2026-08-13 05:00,50.00,42.80,76.17,M,1.00,0.00,30.12,M,6.21,M,M,M,M,M,M,M,M,M,M,M,M,M,M,M,M,50.00,FACT 130500Z VRB01KT CAVOK 10/06 Q1020 NOSIG,M
FACT,2026-08-13 06:00,51.80,42.80,71.26,M,2.00,0.00,30.12,M,6.21,M,M,M,M,M,M,M,M,M,M,M,M,M,M,M,M,51.80,FACT 130600Z VRB02KT CAVOK 11/06 Q1020 NOSIG,M
FACT,2026-08-13 06:55,59.00,48.20,67.34,M,2.00,0.00,30.12,M,6.21,M,M,M,M,M,M,M,M,M,M,M,M,M,M,M,M,59.00,FACT 130655Z VRB02KT CAVOK 15/09 Q1020 NOSIG,M
FACT,2026-08-13 07:00,59.00,48.20,67.34,M,2.00,0.00,30.12,M,6.21,M,M,M,M,M,M,M,M,M,M,M,M,M,M,M,M,59.00,FACT 130700Z VRB02KT CAVOK 15/09 Q1020 NOSIG,M
FACT,2026-08-13 07:18,66.20,48.20,52.27,M,2.00,0.00,30.12,M,6.21,M,M,M,M,M,M,M,M,M,M,M,M,M,M,M,M,66.20,FACT 130718Z VRB02KT CAVOK 19/09 Q1020 NOSIG,M
FACT,2026-08-13 08:00,69.80,46.40,43.16,50.00,3.00,0.00,30.12,M,6.21,M,M,M,M,M,M,M,M,M,M,M,M,M,M,M,M,69.80,FACT 130800Z 05003KT CAVOK 21/08 Q1020 NOSIG,M
FACT,2026-08-13 08:24,73.40,46.40,38.21,M,3.00,0.00,30.12,M,6.21,M,M,M,M,M,M,M,M,M,M,M,M,M,M,M,M,73.40,FACT 130824Z VRB03KT CAVOK 23/08 Q1020 NOSIG,M
FACT,2026-08-13 09:00,75.20,48.20,38.50,M,2.00,0.00,30.12,M,6.21,M,M,M,M,M,M,M,M,M,M,M,M,M,M,M,M,75.20,FACT 130900Z VRB02KT CAVOK 24/09 Q1020 NOSIG,M
FACT,2026-08-13 09:25,78.80,46.40,31.94,40.00,10.00,0.00,30.12,M,6.21,M,M,M,M,M,M,M,M,M,M,M,M,M,M,M,M,78.80,FACT 130925Z 04010KT CAVOK 26/08 Q1020 NOSIG,M
FACT,2026-08-13 10:00,78.80,46.40,31.94,40.00,13.00,0.00,30.09,M,6.21,M,M,M,M,M,M,M,M,M,M,M,M,M,M,M,M,78.80,FACT 131000Z 04013KT CAVOK 26/08 Q1019 NOSIG,M
FACT,2026-08-13 11:00,80.60,44.60,28.13,30.00,16.00,0.00,30.09,M,6.21,M,M,M,M,M,M,M,M,M,M,M,M,M,M,M,M,79.43,FACT 131100Z 03016KT CAVOK 27/07 Q1019 NOSIG,M
FACT,2026-08-13 12:00,82.40,46.40,28.41,20.00,13.00,0.00,30.06,M,6.21,M,M,M,M,M,M,M,M,M,M,M,M,M,M,M,M,80.64,FACT 131200Z 02013KT CAVOK 28/08 Q1018 NOSIG,M
FACT,2026-08-13 13:00,82.40,44.60,26.53,310.00,13.00,0.00,30.03,M,6.21,M,M,M,M,M,M,M,M,M,M,M,M,M,M,M,M,80.51,FACT 131300Z 31013KT 290V360 CAVOK 28/07 Q1017 NOSIG,M
FACT,2026-08-13 14:00,78.80,44.60,29.83,310.00,11.00,0.00,30.03,M,6.21,M,M,M,M,M,M,M,M,M,M,M,M,M,M,M,M,78.80,FACT 131400Z 31011KT 290V360 CAVOK 26/07 Q1017 NOSIG,M
FACT,2026-08-13 15:00,75.20,44.60,33.60,320.00,12.00,0.00,30.03,M,6.21,M,M,M,M,M,M,M,M,M,M,M,M,M,M,M,M,75.20,FACT 131500Z 32012KT 300V360 CAVOK 24/07 Q1017 NOSIG,M
FACT,2026-08-13 16:00,69.80,44.60,40.31,320.00,13.00,0.00,30.06,M,6.21,M,M,M,M,M,M,M,M,M,M,M,M,M,M,M,M,69.80,FACT 131600Z 32013KT 290V350 CAVOK 21/07 Q1018 NOSIG,M
FACT,2026-08-13 17:00,66.20,44.60,45.62,320.00,12.00,0.00,30.09,M,6.21,M,M,M,M,M,M,M,M,M,M,M,M,M,M,M,M,66.20,FACT 131700Z 32012KT 290V350 CAVOK 19/07 Q1019 NOSIG,M
FACT,2026-08-13 18:00,62.60,42.80,48.29,360.00,8.00,0.00,30.09,M,6.21,M,M,M,M,M,M,M,M,M,M,M,M,M,M,M,M,62.60,FACT 131800Z 36008KT CAVOK 17/06 Q1019 NOSIG,M
FACT,2026-08-13 18:54,68.00,37.40,32.44,360.00,11.00,0.00,30.12,M,6.21,M,M,M,M,M,M,M,M,M,M,M,M,M,M,M,M,68.00,FACT 131854Z 36011KT CAVOK 20/03 Q1020 NOSIG,M
FACT,2026-08-13 19:00,68.00,37.40,32.44,360.00,11.00,0.00,30.12,M,6.21,M,M,M,M,M,M,M,M,M,M,M,M,M,M,M,M,68.00,FACT 131900Z 36011KT CAVOK 20/03 Q1020 NOSIG,M
FACT,2026-08-13 20:00,64.40,39.20,39.44,350.00,10.00,0.00,30.12,M,6.21,M,M,M,M,M,M,M,M,M,M,M,M,M,M,M,M,64.40,FACT 132000Z 35010KT CAVOK 18/04 Q1020 NOSIG,M
FACT,2026-08-13 21:00,62.60,39.20,42.00,330.00,10.00,0.00,30.12,M,6.21,M,M,M,M,M,M,M,M,M,M,M,M,M,M,M,M,62.60,FACT 132100Z 33010KT CAVOK 17/04 Q1020 NOSIG,M
FACT,2026-08-13 22:00,57.20,44.60,62.70,310.00,17.00,0.00,30.15,M,6.21,M,M,M,M,M,M,M,M,M,M,M,M,M,M,M,M,57.20,FACT 132200Z 31017KT CAVOK 14/07 Q1021 NOSIG,M
FACT,2026-08-13 23:00,53.60,51.80,93.60,310.00,15.00,0.00,30.15,M,6.21,M,BKN,M,M,M,500.00,M,M,M,M,M,M,M,M,M,M,53.60,FACT 132300Z 31015KT 9999 BKN005 12/11 Q1021 TEMPO BKN010,M
FACT,2026-08-13 23:01,53.60,51.80,93.60,310.00,15.00,0.00,30.15,M,6.21,M,BKN,M,M,M,500.00,M,M,M,M,M,M,M,M,M,M,53.60,FACT 132301Z 31015KT 9999 BKN005 12/11 Q1021 TEMPO BKN010,M
FACT,2026-08-13 23:58,53.60,50.00,87.56,330.00,13.00,0.00,30.15,M,6.21,M,SCT,M,M,M,500.00,M,M,M,M,M,M,M,M,M,M,53.60,FACT 132358Z 33013KT 9999 SCT005 12/10 Q1021 TEMPO BKN005,M
FACT,2026-08-14 00:00,53.60,50.00,87.56,330.00,13.00,0.00,30.15,M,6.21,M,SCT,M,M,M,500.00,M,M,M,M,M,M,M,M,M,M,53.60,FACT 140000Z 33013KT 9999 SCT005 12/10 Q1021 TEMPO BKN005,M
FACT,2026-08-14 00:58,51.80,50.00,93.55,330.00,14.00,0.00,30.12,M,6.21,M,BKN,M,M,M,600.00,M,M,M,M,M,M,M,M,M,M,51.80,FACT 140058Z 33014KT 9999 BKN006 11/10 Q1020 TEMPO BKN010,M
FACT,2026-08-14 01:00,51.80,50.00,93.55,330.00,14.00,0.00,30.12,M,6.21,M,BKN,M,M,M,600.00,M,M,M,M,M,M,M,M,M,M,51.80,FACT 140100Z 33014KT 9999 BKN006 11/10 Q1020 TEMPO BKN010,M
FACT,2026-08-14 02:00,51.80,48.20,87.47,340.00,15.00,0.00,30.12,M,6.21,M,BKN,M,M,M,600.00,M,M,M,M,M,M,M,M,M,M,51.80,FACT 140200Z 34015KT 9999 BKN006 11/09 Q1020 TEMPO BKN005,M
FACT,2026-08-14 03:00,51.80,48.20,87.47,340.00,17.00,0.00,30.12,M,6.21,M,BKN,M,M,M,900.00,M,M,M,M,M,M,M,M,M,M,51.80,FACT 140300Z 34017KT 9999 BKN009 11/09 Q1020 NOSIG,M
FACT,2026-08-14 04:00,53.60,48.20,81.87,340.00,17.00,0.00,30.12,M,6.21,M,BKN,M,M,M,900.00,M,M,M,M,M,M,M,M,M,M,53.60,FACT 140400Z 34017KT 9999 BKN009 12/09 Q1020 NOSIG,M
FACT,2026-08-14 04:27,53.60,48.20,81.87,360.00,16.00,0.00,30.15,M,5.59,M,OVC,M,M,M,700.00,M,M,M,M,M,M,M,M,M,M,53.60,FACT 140427Z 36016KT 9000 OVC007 12/09 Q1021 NOSIG,M
FACT,2026-08-14 05:00,53.60,50.00,87.56,360.00,18.00,0.00,30.15,M,6.21,M,OVC,M,M,M,700.00,M,M,M,M,M,M,M,M,M,M,53.60,FACT 140500Z 36018KT 9999 OVC007 12/10 Q1021 NOSIG,M
FACT,2026-08-14 05:25,53.60,50.00,87.56,10.00,14.00,0.00,30.15,M,6.21,M,OVC,M,M,M,1000.00,M,M,M,M,M,M,M,M,M,M,53.60,FACT 140525Z 01014KT 9999 OVC010 12/10 Q1021 NOSIG,M
FACT,2026-08-14 05:56,53.60,50.00,87.56,360.00,12.00,0.00,30.18,M,4.97,M,BKN,OVC,M,M,500.00,1000.00,M,M,M,M,M,M,M,M,M,53.60,FACT 140556Z 36012KT 8000 BKN005 OVC010 12/10 Q1022 NOSIG,M
FACT,2026-08-14 06:00,53.60,50.00,87.56,360.00,12.00,0.00,30.18,M,4.97,M,BKN,OVC,M,M,500.00,1000.00,M,M,M,M,M,M,M,M,M,53.60,FACT 140600Z 36012KT 8000 BKN005 OVC010 12/10 Q1022 NOSIG,M
FACT,2026-08-14 06:09,53.60,50.00,87.56,10.00,11.00,0.00,30.21,M,2.49,M,BKN,OVC,M,M,500.00,1000.00,M,M,-DZ BR,M,M,M,M,M,M,53.60,FACT 140609Z 01011KT 4000 -DZ BR BKN005 OVC010 12/10 Q1023 NOSIG,M
FACT,2026-08-14 06:47,53.60,50.00,87.56,20.00,11.00,0.00,30.21,M,6.21,M,BKN,OVC,M,M,1000.00,2000.00,M,M,M,M,M,M,M,M,M,53.60,FACT 140647Z 02011KT 9999 BKN010 OVC020 12/10 Q1023 NOSIG,M
FACT,2026-08-14 07:00,53.60,50.00,87.56,20.00,11.00,0.00,30.21,M,6.21,M,BKN,OVC,M,M,1000.00,2000.00,M,M,M,M,M,M,M,M,M,53.60,COR FACT 140700Z 02011KT 9999 BKN010 OVC020 12/10 Q1023 NOSIG,M
FACT,2026-08-14 08:00,55.40,51.80,87.65,30.00,14.00,0.00,30.21,M,6.21,M,BKN,OVC,M,M,1000.00,2000.00,M,M,M,M,M,M,M,M,M,55.40,FACT 140800Z 03014KT 9999 BKN010 OVC020 13/11 Q1023 NOSIG,M
FACT,2026-08-14 09:00,55.40,50.00,82.00,40.00,15.00,0.00,30.21,M,6.21,M,BKN,OVC,M,M,1000.00,2000.00,M,M,M,M,M,M,M,M,M,55.40,COR FACT 140900Z 04015KT 9999 BKN010 OVC020 13/10 Q1023 NOSIG,M
FACT,2026-08-14 10:00,57.20,50.00,76.83,360.00,14.00,0.00,30.24,M,6.21,M,BKN,OVC,M,M,1000.00,2200.00,M,M,M,M,M,M,M,M,M,57.20,FACT 141000Z 36014KT 9999 BKN010 OVC022 14/10 Q1024 NOSIG,M
FACT,2026-08-14 10:24,59.00,50.00,72.02,20.00,11.00,0.00,30.24,M,6.21,M,SCT,BKN,M,M,1000.00,2500.00,M,M,M,M,M,M,M,M,M,59.00,FACT 141024Z 02011KT 9999 SCT010 BKN025 15/10 Q1024 NOSIG,M
FACT,2026-08-14 11:00,59.00,50.00,72.02,30.00,11.00,0.00,30.21,M,6.21,M,SCT,BKN,M,M,2000.00,3000.00,M,M,M,M,M,M,M,M,M,59.00,COR FACT 141100Z 03011KT 9999 SCT020 BKN030 15/10 Q1023 NOSIG,M
FACT,2026-08-14 12:00,60.80,51.80,72.21,20.00,13.00,0.00,30.21,M,6.21,M,SCT,BKN,M,M,2000.00,3000.00,M,M,M,M,M,M,M,M,M,60.80,FACT 141200Z 02013KT 9999 SCT020 BKN030 16/11 Q1023 NOSIG,M
FACT,2026-08-14 13:00,60.80,51.80,72.21,20.00,12.00,0.00,30.18,M,6.21,M,SCT,BKN,M,M,2500.00,3500.00,M,M,M,M,M,M,M,M,M,60.80,FACT 141300Z 02012KT 9999 SCT025 BKN035 16/11 Q1022 NOSIG,M
FACT,2026-08-14 14:00,60.80,51.80,72.21,320.00,7.00,0.00,30.21,M,6.21,M,FEW,BKN,M,M,2500.00,3600.00,M,M,M,M,M,M,M,M,M,60.80,FACT 141400Z 32007KT 290V010 9999 FEW025 BKN036 16/11 Q1023 NOSIG,M
FACT,2026-08-14 15:00,62.60,51.80,67.76,320.00,10.00,0.00,30.21,M,6.21,M,FEW,M,M,M,3500.00,M,M,M,M,M,M,M,M,M,M,62.60,FACT 141500Z 32010KT 9999 FEW035 17/11 Q1023 NOSIG,M
FACT,2026-08-14 16:00,59.00,51.80,76.99,300.00,9.00,0.00,30.21,M,6.21,M,FEW,M,M,M,3500.00,M,M,M,M,M,M,M,M,M,M,59.00,FACT 141600Z 30009KT 9999 FEW035 15/11 Q1023 NOSIG,M
FACT,2026-08-14 17:00,55.40,51.80,87.65,320.00,6.00,0.00,30.24,M,6.21,18.00,FEW,M,M,M,3500.00,M,M,M,M,M,M,M,M,M,M,55.40,FACT 141700Z 32006G18KT 280V020 9999 FEW035 13/11 Q1024 NOSIG,M
FACT,2026-08-14 18:00,55.40,50.00,82.00,320.00,9.00,0.00,30.27,M,6.21,M,M,M,M,M,M,M,M,M,M,M,M,M,M,M,M,55.40,FACT 141800Z 32009KT CAVOK 13/10 Q1025 NOSIG,M
FACT,2026-08-14 18:28,55.40,51.80,87.65,330.00,9.00,0.00,30.27,M,6.21,M,BKN,M,M,M,800.00,M,M,M,M,M,M,M,M,M,M,55.40,FACT 141828Z 33009KT 9999 BKN008 13/11 Q1025 NOSIG,M
FACT,2026-08-14 19:00,55.40,53.60,93.65,320.00,10.00,0.00,30.27,M,4.97,M,BKN,M,M,M,800.00,M,M,M,M,M,M,M,M,M,M,55.40,FACT 141900Z 32010KT 8000 BKN008 13/12 Q1025 TEMPO 5000 BR,M
FACT,2026-08-14 19:51,53.60,53.60,100.00,330.00,9.00,0.00,30.27,M,4.97,M,BKN,M,M,M,300.00,M,M,M,M,M,M,M,M,M,M,53.60,FACT 141951Z 33009KT 8000 BKN003 12/12 Q1025 TEMPO 5000 BR,M
FACT,2026-08-14 20:00,53.60,53.60,100.00,330.00,9.00,0.00,30.27,M,4.97,M,BKN,M,M,M,300.00,M,M,M,M,M,M,M,M,M,M,53.60,FACT 142000Z 33009KT 8000 BKN003 12/12 Q1025 TEMPO 5000 BR,M
FACT,2026-08-14 21:00,53.60,53.60,100.00,40.00,5.00,0.00,30.27,M,4.97,M,BKN,M,M,M,300.00,M,M,M,M,M,M,M,M,M,M,53.60,FACT 142100Z 04005KT 8000 BKN003 12/12 Q1025 TEMPO 5000 BR,M
FACT,2026-08-14 21:58,50.00,50.00,100.00,60.00,5.00,0.00,30.27,M,6.21,M,M,M,M,M,M,M,M,M,M,M,M,M,M,M,M,50.00,FACT 142158Z 06005KT CAVOK 10/10 Q1025,M
FACT,2026-08-14 21:59,50.00,50.00,100.00,60.00,5.00,0.00,30.27,M,6.21,M,M,M,M,M,M,M,M,M,M,M,M,M,M,M,M,50.00,FACT 142159Z 06005KT CAVOK 10/10 Q1025 TEMPO BKN005,M
FACT,2026-08-14 22:00,50.00,50.00,100.00,60.00,5.00,0.00,30.27,M,6.21,M,M,M,M,M,M,M,M,M,M,M,M,M,M,M,M,50.00,FACT 142200Z 06005KT CAVOK 10/10 Q1025 TEMPO BKN005,M
FACT,2026-08-14 23:00,50.00,48.20,93.50,50.00,5.00,0.00,30.27,M,6.21,M,M,M,M,M,M,M,M,M,M,M,M,M,M,M,M,50.00,FACT 142300Z 05005KT CAVOK 10/09 Q1025 TEMPO BKN005,M
FACT,2026-08-14 23:35,48.20,48.20,100.00,70.00,6.00,0.00,30.27,M,0.06,M,VV ,M,M,M,100.00,M,M,M,FG,M,M,M,M,M,M,45.04,FACT 142335Z 07006KT 0100 R01/0350 FG VV001 09/09 Q1025 NOSIG,M
FACT,2026-08-15 00:00,48.20,48.20,100.00,50.00,6.00,0.00,30.24,M,0.06,M,VV ,M,M,M,100.00,M,M,M,FG,M,M,M,M,M,M,45.04,FACT 150000Z 05006KT 0100 R01/0350 FG VV001 09/09 Q1024 NOSIG,M
FACT,2026-08-15 01:00,50.00,50.00,100.00,30.00,5.00,0.00,30.24,M,0.06,M,VV ,M,M,M,100.00,M,M,M,FG,M,M,M,M,M,M,50.00,FACT 150100Z 03005KT 0100 R01/0375 FG VV001 10/10 Q1024 NOSIG,M
FACT,2026-08-15 02:00,48.20,48.20,100.00,270.00,3.00,0.00,30.21,M,0.06,M,VV ,M,M,M,100.00,M,M,M,FG,M,M,M,M,M,M,47.21,FACT 150200Z 27003KT 0100 R01/0275 FG VV001 09/09 Q1023 NOSIG,M
FACT,2026-08-15 03:00,48.20,48.20,100.00,50.00,4.00,0.00,30.21,M,0.06,M,VV ,M,M,M,100.00,M,M,M,FG,M,M,M,M,M,M,46.34,FACT 150300Z 05004KT 0100 R01/0225 FG VV001 09/09 Q1023 NOSIG,M
FACT,2026-08-15 03:57,46.40,46.40,100.00,M,2.00,0.00,30.21,M,0.06,M,VV ,M,M,M,100.00,M,M,M,FG,M,M,M,M,M,M,46.40,FACT 150357Z VRB02KT 0100 R19/0450 FG VV001 08/08 Q1023 NOSIG,M
FACT,2026-08-15 04:00,46.40,46.40,100.00,M,2.00,0.00,30.21,M,0.06,M,VV ,M,M,M,100.00,M,M,M,FG,M,M,M,M,M,M,46.40,FACT 150400Z VRB02KT 0100 R19/0450 FG VV001 08/08 Q1023 NOSIG,M
FACT,2026-08-15 04:25,44.60,44.60,100.00,M,2.00,0.00,30.21,M,0.50,M,NSC,M,M,M,M,M,M,M,FG,M,M,M,M,M,M,44.60,FACT 150425Z VRB02KT 0800 R01/0600 FG NSC 07/07 Q1023 NOSIG,M
FACT,2026-08-15 04:56,46.40,46.40,100.00,280.00,4.00,0.00,30.21,M,0.50,M,BKN,M,M,M,100.00,M,M,M,FG,M,M,M,M,M,M,44.24,FACT 150456Z 28004KT 0800 R01/0600 FG BKN001 08/08 Q1023 BECMG 5000 BR BKN004,M
FACT,2026-08-15 04:58,46.40,46.40,100.00,280.00,4.00,0.00,30.21,M,0.50,M,BKN,M,M,M,100.00,M,M,M,FG,M,M,M,M,M,M,44.24,FACT 150458Z 28004KT 0800 R01/0600 FG BKN001 08/08 Q1023 BECMG 1500 BR BKN004,M
FACT,2026-08-15 05:00,46.40,46.40,100.00,280.00,4.00,0.00,30.21,M,0.50,M,BKN,M,M,M,100.00,M,M,M,FG,M,M,M,M,M,M,44.24,COR FACT 150500Z 28004KT 0800 R01/0600 FG BKN001 08/08 Q1023 BECMG 1500 BR BKN004,M
FACT,2026-08-15 05:24,46.40,46.40,100.00,M,3.00,0.00,30.21,M,0.50,M,VV ,M,M,M,0.00,M,M,M,FG,M,M,M,M,M,M,45.15,FACT 150524Z VRB03KT 0800 R01/1100 FG VV000 08/08 Q1023 NOSIG,M
FACT,2026-08-15 05:50,48.20,46.40,93.45,M,1.00,0.00,30.21,M,0.31,M,VV ,M,M,M,0.00,M,M,M,FG,M,M,M,M,M,M,48.20,FACT 150550Z VRB01KT 0500 R01/0325 FG VV000 09/08 Q1023 NOSIG,M
FACT,2026-08-15 06:00,48.20,46.40,93.45,M,1.00,0.00,30.21,M,0.31,M,VV ,M,M,M,0.00,M,M,M,FG,M,M,M,M,M,M,48.20,FACT 150600Z VRB01KT 0500 R01/0325 FG VV000 09/08 Q1023 NOSIG,M
FACT,2026-08-15 06:22,50.00,50.00,100.00,M,2.00,0.00,30.24,M,0.31,M,VV ,M,M,M,0.00,M,M,M,FG,M,M,M,M,M,M,50.00,FACT 150622Z VRB02KT 0500 R01/0375 FG VV000 10/10 Q1024 NOSIG,M
FACT,2026-08-15 07:00,51.80,51.80,100.00,M,3.00,0.00,30.24,M,0.31,M,VV ,M,M,M,0.00,M,M,M,FG,M,M,M,M,M,M,51.80,FACT 150700Z VRB03KT 0500 R01/0400 FG VV000 11/11 Q1024 NOSIG,M
FACT,2026-08-15 07:20,51.80,51.80,100.00,310.00,5.00,0.00,30.24,M,1.24,M,OVC,M,M,M,100.00,M,M,M,BR,M,M,M,M,M,M,51.80,FACT 150720Z 31005KT 300V010 2000 BR OVC001 11/11 Q1024 BECMG 5000 BKN004,M
FACT,2026-08-15 07:54,51.80,51.80,100.00,320.00,4.00,0.00,30.24,M,3.11,M,OVC,M,M,M,300.00,M,M,M,BR,M,M,M,M,M,M,51.80,FACT 150754Z 32004KT 270V360 5000 BR OVC003 11/11 Q1024 BECMG BKN008,M
FACT,2026-08-15 08:00,51.80,51.80,100.00,320.00,4.00,0.00,30.24,M,3.11,M,OVC,M,M,M,300.00,M,M,M,BR,M,M,M,M,M,M,51.80,FACT 150800Z 32004KT 270V360 5000 BR OVC003 11/11 Q1024 BECMG BKN008,M
FACT,2026-08-15 08:27,53.60,53.60,100.00,M,2.00,0.00,30.24,M,3.73,M,OVC,M,M,M,600.00,M,M,M,M,M,M,M,M,M,M,53.60,FACT 150827Z VRB02KT 6000 OVC006 12/12 Q1024 BECMG BKN015,M
FACT,2026-08-15 09:00,53.60,53.60,100.00,M,1.00,0.00,30.21,M,3.73,M,BKN,M,M,M,800.00,M,M,M,M,M,M,M,M,M,M,53.60,FACT 150900Z VRB01KT 6000 BKN008 12/12 Q1023 BECMG SCT015,M
FACT,2026-08-15 10:00,55.40,55.40,100.00,150.00,4.00,0.00,30.18,M,4.97,M,BKN,M,M,M,1000.00,M,M,M,M,M,M,M,M,M,M,55.40,FACT 151000Z 15004KT 120V200 8000 BKN010 13/13 Q1022 BECMG SCT015,M
FACT,2026-08-15 10:01,55.40,55.40,100.00,150.00,4.00,0.00,30.18,M,4.97,M,BKN,M,M,M,1000.00,M,M,M,M,M,M,M,M,M,M,55.40,FACT 151001Z 15004KT 120V200 8000 BKN010 13/13 Q1022 BECMG SCT015,M
FACT,2026-08-15 10:29,59.00,53.60,82.26,M,3.00,0.00,30.15,M,6.21,M,BKN,M,M,M,1200.00,M,M,M,M,M,M,M,M,M,M,59.00,FACT 151029Z VRB03KT 9999 BKN012 15/12 Q1021 BECMG SCT015,M
FACT,2026-08-15 10:59,60.80,51.80,72.21,M,3.00,0.00,30.15,M,6.21,M,FEW,M,M,M,2000.00,M,M,M,M,M,M,M,M,M,M,60.80,FACT 151059Z VRB03KT 9999 FEW020 16/11 Q1021 NOSIG,M
FACT,2026-08-15 11:00,60.80,51.80,72.21,M,3.00,0.00,30.15,M,6.21,M,FEW,M,M,M,2000.00,M,M,M,M,M,M,M,M,M,M,60.80,FACT 151100Z VRB03KT 9999 FEW020 16/11 Q1021 NOSIG,M
FACT,2026-08-15 12:00,62.60,51.80,67.76,230.00,5.00,0.00,30.12,M,6.21,M,M,M,M,M,M,M,M,M,M,M,M,M,M,M,M,62.60,COR FACT 151200Z 23005KT 180V290 CAVOK 17/11 Q1020 NOSIG,M
FACT,2026-08-15 13:00,62.60,51.80,67.76,150.00,8.00,0.00,30.12,M,6.21,M,M,M,M,M,M,M,M,M,M,M,M,M,M,M,M,62.60,FACT 151300Z 15008KT CAVOK 17/11 Q1020 NOSIG,M
FACT,2026-08-15 14:00,62.60,50.00,63.39,170.00,7.00,0.00,30.09,M,6.21,M,M,M,M,M,M,M,M,M,M,M,M,M,M,M,M,62.60,FACT 151400Z 17007KT CAVOK 17/10 Q1019 NOSIG,M
FACT,2026-08-15 15:00,62.60,50.00,63.39,180.00,6.00,0.00,30.09,M,6.21,M,M,M,M,M,M,M,M,M,M,M,M,M,M,M,M,62.60,FACT 151500Z 18006KT 130V200 CAVOK 17/10 Q1019 NOSIG,M
FACT,2026-08-15 16:00,57.20,50.00,76.83,150.00,7.00,0.00,30.06,M,6.21,M,M,M,M,M,M,M,M,M,M,M,M,M,M,M,M,57.20,FACT 151600Z 15007KT CAVOK 14/10 Q1018 NOSIG,M
FACT,2026-08-15 17:00,51.80,48.20,87.47,150.00,5.00,0.00,30.06,M,6.21,M,M,M,M,M,M,M,M,M,M,M,M,M,M,M,M,51.80,FACT 151700Z 15005KT CAVOK 11/09 Q1018 NOSIG,M
FACT,2026-08-15 18:00,51.80,51.80,100.00,110.00,4.00,0.00,30.06,M,4.97,M,NSC,M,M,M,M,M,M,M,M,M,M,M,M,M,M,51.80,FACT 151800Z 11004KT 8000 NSC 11/11 Q1018 TEMPO 5000 BR,M
FACT,2026-08-15 19:00,50.00,50.00,100.00,M,3.00,0.00,30.06,M,3.11,M,NSC,M,M,M,M,M,M,M,BR,M,M,M,M,M,M,50.00,FACT 151900Z VRB03KT 5000 BR NSC 10/10 Q1018 TEMPO 3000,M
FACT,2026-08-15 19:55,51.80,51.80,100.00,M,2.00,0.00,30.06,M,3.11,M,NSC,M,M,M,M,M,M,M,BR,M,M,M,M,M,M,51.80,FACT 151955Z VRB02KT 5000 BR NSC 11/11 Q1018 TEMPO 3000,M
FACT,2026-08-15 20:00,51.80,51.80,100.00,M,2.00,0.00,30.06,M,3.11,M,NSC,M,M,M,M,M,M,M,BR,M,M,M,M,M,M,51.80,FACT 152000Z VRB02KT 5000 BR NSC 11/11 Q1018 TEMPO 3000,M
FACT,2026-08-15 21:00,51.80,51.80,100.00,320.00,8.00,0.00,30.06,M,3.11,M,NSC,M,M,M,M,M,M,M,BR,M,M,M,M,M,M,51.80,FACT 152100Z 32008KT 5000 BR NSC 11/11 Q1018 TEMPO 3000,M
FACT,2026-08-15 22:00,53.60,51.80,93.60,340.00,11.00,0.00,30.06,M,3.11,M,NSC,M,M,M,M,M,M,M,BR,M,M,M,M,M,M,53.60,FACT 152200Z 34011KT 5000 BR NSC 12/11 Q1018 TEMPO 3000,M
FACT,2026-08-15 23:00,53.60,53.60,100.00,340.00,12.00,0.00,30.06,M,3.11,M,NSC,M,M,M,M,M,M,M,BR,M,M,M,M,M,M,53.60,FACT 152300Z 34012KT 5000 BR NSC 12/12 Q1018 TEMPO 3000,M
FACT,2026-08-15 23:51,53.60,53.60,100.00,360.00,10.00,0.00,30.06,M,6.21,M,M,M,M,M,M,M,M,M,M,M,M,M,M,M,M,53.60,FACT 152351Z 36010KT CAVOK 12/12 Q1018 NOSIG,M
FACT,2026-08-16 00:00,53.60,53.60,100.00,360.00,10.00,0.00,30.06,M,6.21,M,M,M,M,M,M,M,M,M,M,M,M,M,M,M,M,53.60,FACT 160000Z 36010KT CAVOK 12/12 Q1018 NOSIG,M
FACT,2026-08-16 01:00,53.60,53.60,100.00,340.00,11.00,0.00,30.06,M,6.21,M,M,M,M,M,M,M,M,M,M,M,M,M,M,M,M,53.60,FACT 160100Z 34011KT CAVOK 12/12 Q1018 NOSIG,M
FACT,2026-08-16 02:00,51.80,51.80,100.00,30.00,7.00,0.00,30.09,M,6.21,M,M,M,M,M,M,M,M,M,M,M,M,M,M,M,M,51.80,FACT 160200Z 03007KT CAVOK 11/11 Q1019 NOSIG,M
FACT,2026-08-16 02:52,53.60,51.80,93.60,20.00,6.00,0.00,30.09,M,1.86,M,OVC,M,M,M,400.00,M,M,M,BR,M,M,M,M,M,M,53.60,FACT 160252Z 02006KT 3000 BR OVC004 12/11 Q1019 BECMG 0800 FG,M
FACT,2026-08-16 03:00,53.60,51.80,93.60,20.00,6.00,0.00,30.09,M,1.86,M,OVC,M,M,M,400.00,M,M,M,BR,M,M,M,M,M,M,53.60,FACT 160300Z 02006KT 3000 BR OVC004 12/11 Q1019 BECMG 0800 FG,M
FACT,2026-08-16 04:00,53.60,51.80,93.60,40.00,7.00,0.00,30.09,M,1.86,M,OVC,M,M,M,400.00,M,M,M,BR,M,M,M,M,M,M,53.60,FACT 160400Z 04007KT 3000 BR OVC004 12/11 Q1019 BECMG 0800 FG,M
FACT,2026-08-16 04:27,53.60,51.80,93.60,30.00,9.00,0.00,30.09,M,4.97,M,BKN,M,M,M,800.00,M,M,M,M,M,M,M,M,M,M,53.60,FACT 160427Z 03009KT 8000 BKN008 12/11 Q1019 TEMPO 2000 BR,M
FACT,2026-08-16 04:57,53.60,51.80,93.60,20.00,7.00,0.00,30.12,M,4.97,M,BKN,M,M,M,1000.00,M,M,M,M,M,M,M,M,M,M,53.60,FACT 160457Z 02007KT 8000 BKN010 12/11 Q1020 NOSIG,M
FACT,2026-08-16 06:00,51.80,51.80,100.00,50.00,9.00,0.00,30.12,M,6.21,M,BKN,M,M,M,1000.00,M,M,M,M,M,M,M,M,M,M,51.80,FACT 160600Z 05009KT 9999 BKN010 11/11 Q1020 NOSIG,M
FACT,2026-08-16 06:26,55.40,53.60,93.65,10.00,9.00,0.00,30.12,M,6.21,M,BKN,M,M,M,1000.00,M,M,M,M,M,M,M,M,M,M,55.40,FACT 160626Z 01009KT 9999 BKN010 13/12 Q1020 NOSIG,M
FACT,2026-08-16 07:00,55.40,53.60,93.65,20.00,10.00,0.00,30.12,M,6.21,M,BKN,M,M,M,1400.00,M,M,M,M,M,M,M,M,M,M,55.40,FACT 160700Z 02010KT 9999 BKN014 13/12 Q1020 NOSIG,M
FACT,2026-08-16 07:25,53.60,51.80,93.60,40.00,10.00,0.00,30.12,M,6.21,M,BKN,M,M,M,1600.00,M,M,M,M,M,M,M,M,M,M,53.60,FACT 160725Z 04010KT 9999 BKN016 12/11 Q1020 NOSIG,M
FACT,2026-08-16 08:00,55.40,53.60,93.65,40.00,11.00,0.00,30.15,M,6.21,M,SCT,BKN,M,M,1100.00,1700.00,M,M,M,M,M,M,M,M,M,55.40,FACT 160800Z 04011KT 010V070 9999 SCT011 BKN017 13/12 Q1021 NOSIG,M
FACT,2026-08-16 08:28,59.00,53.60,82.26,340.00,13.00,0.00,30.15,M,6.21,M,BKN,M,M,M,1100.00,M,M,M,M,M,M,M,M,M,M,59.00,FACT 160828Z 34013KT 320V020 9999 BKN011 15/12 Q1021 NOSIG,M
FACT,2026-08-16 09:00,59.00,53.60,82.26,350.00,14.00,0.00,30.15,M,6.21,M,BKN,M,M,M,1100.00,M,M,M,M,M,M,M,M,M,M,59.00,FACT 160900Z 35014KT 9999 BKN011 15/12 Q1021 NOSIG,M
FACT,2026-08-16 10:00,60.80,53.60,77.15,330.00,14.00,0.00,30.12,M,6.21,M,FEW,BKN,M,M,1200.00,1700.00,M,M,M,M,M,M,M,M,M,60.80,FACT 161000Z 33014KT 9999 FEW012 BKN017 16/12 Q1020 NOSIG,M
FACT,2026-08-16 10:01,60.80,53.60,77.15,330.00,14.00,0.00,30.12,M,6.21,M,FEW,BKN,M,M,1200.00,1700.00,M,M,M,M,M,M,M,M,M,60.80,FACT 161001Z 33014KT 9999 FEW012 BKN017 16/12 Q1020 NOSIG,M
FACT,2026-08-16 10:28,60.80,53.60,77.15,330.00,13.00,0.00,30.12,M,6.21,M,FEW,SCT,M,M,1200.00,1700.00,M,M,M,M,M,M,M,M,M,60.80,FACT 161028Z 33013KT 9999 FEW012 SCT017 16/12 Q1020 NOSIG,M
FACT,2026-08-16 11:00,62.60,53.60,72.40,300.00,13.00,0.00,30.12,M,6.21,M,SCT,M,M,M,1700.00,M,M,M,M,M,M,M,M,M,M,62.60,FACT 161100Z 30013KT 9999 SCT017 17/12 Q1020 NOSIG,M
FACT,2026-08-16 12:00,62.60,53.60,72.40,320.00,11.00,0.00,30.12,M,6.21,M,FEW,M,M,M,1800.00,M,M,M,M,M,M,M,M,M,M,62.60,FACT 161200Z 32011KT 280V340 9999 FEW018 17/12 Q1020 NOSIG,M
FACT,2026-08-16 13:00,60.80,51.80,72.21,320.00,12.00,0.00,30.12,M,6.21,M,M,M,M,M,M,M,M,M,M,M,M,M,M,M,M,60.80,FACT 161300Z 32012KT CAVOK 16/11 Q1020 NOSIG,M
FACT,2026-08-16 14:00,60.80,51.80,72.21,340.00,11.00,0.00,30.12,M,6.21,M,M,M,M,M,M,M,M,M,M,M,M,M,M,M,M,60.80,FACT 161400Z 34011KT CAVOK 16/11 Q1020 NOSIG,M
FACT,2026-08-16 15:00,60.80,51.80,72.21,320.00,11.00,0.00,30.12,M,6.21,M,M,M,M,M,M,M,M,M,M,M,M,M,M,M,M,60.80,FACT 161500Z 32011KT CAVOK 16/11 Q1020 NOSIG,M
FACT,2026-08-16 16:00,59.00,51.80,76.99,310.00,9.00,0.00,30.12,M,6.21,M,M,M,M,M,M,M,M,M,M,M,M,M,M,M,M,59.00,FACT 161600Z 31009KT 280V350 CAVOK 15/11 Q1020 NOSIG,M
FACT,2026-08-16 17:00,55.40,50.00,82.00,340.00,9.00,0.00,30.12,M,6.21,M,M,M,M,M,M,M,M,M,M,M,M,M,M,M,M,55.40,FACT 161700Z 34009KT CAVOK 13/10 Q1020 NOSIG,M
FACT,2026-08-16 18:00,53.60,51.80,93.60,360.00,7.00,0.00,30.15,M,6.21,M,M,M,M,M,M,M,M,M,M,M,M,M,M,M,M,53.60,FACT 161800Z 36007KT CAVOK 12/11 Q1021 NOSIG,M
FACT,2026-08-16 19:00,53.60,51.80,93.60,M,3.00,0.00,30.15,M,6.21,M,M,M,M,M,M,M,M,M,M,M,M,M,M,M,M,53.60,FACT 161900Z VRB03KT CAVOK 12/11 Q1021 NOSIG,M
FACT,2026-08-16 20:00,51.80,50.00,93.55,20.00,7.00,0.00,30.15,M,6.21,M,M,M,M,M,M,M,M,M,M,M,M,M,M,M,M,51.80,FACT 162000Z 02007KT CAVOK 11/10 Q1021 NOSIG,M
FACT,2026-08-16 21:00,51.80,50.00,93.55,70.00,6.00,0.00,30.15,M,6.21,M,M,M,M,M,M,M,M,M,M,M,M,M,M,M,M,51.80,FACT 162100Z 07006KT CAVOK 11/10 Q1021 NOSIG,M
FACT,2026-08-16 22:00,50.00,48.20,93.50,350.00,5.00,0.00,30.15,M,6.21,M,M,M,M,M,M,M,M,M,M,M,M,M,M,M,M,50.00,FACT 162200Z 35005KT CAVOK 10/09 Q1021 NOSIG,M
FACT,2026-08-16 23:00,51.80,50.00,93.55,340.00,9.00,0.00,30.15,M,6.21,M,M,M,M,M,M,M,M,M,M,M,M,M,M,M,M,51.80,FACT 162300Z 34009KT CAVOK 11/10 Q1021 NOSIG,M
FACT,2026-08-16 23:56,55.40,51.80,87.65,10.00,8.00,0.00,30.15,M,6.21,M,M,M,M,M,M,M,M,M,M,M,M,M,M,M,M,55.40,FACT 162356Z 01008KT CAVOK 13/11 Q1021 NOSIG,M
FACT,2026-08-17 00:00,55.40,51.80,87.65,10.00,8.00,0.00,30.15,M,6.21,M,M,M,M,M,M,M,M,M,M,M,M,M,M,M,M,55.40,FACT 170000Z 01008KT CAVOK 13/11 Q1021 NOSIG,M
FACT,2026-08-17 01:00,55.40,53.60,93.65,10.00,7.00,0.00,30.12,M,6.21,M,M,M,M,M,M,M,M,M,M,M,M,M,M,M,M,55.40,FACT 170100Z 01007KT CAVOK 13/12 Q1020 NOSIG,M
FACT,2026-08-17 02:00,55.40,53.60,93.65,10.00,6.00,0.00,30.12,M,6.21,M,BKN,M,M,M,1500.00,M,M,M,M,M,M,M,M,M,M,55.40,FACT 170200Z 01006KT 9999 BKN015 13/12 Q1020 NOSIG,M
FACT,2026-08-17 02:01,55.40,53.60,93.65,10.00,6.00,0.00,30.12,M,6.21,M,BKN,M,M,M,1500.00,M,M,M,M,M,M,M,M,M,M,55.40,FACT 170201Z 01006KT 9999 BKN015 13/12 Q1020 NOSIG,M
FACT,2026-08-17 03:00,57.20,55.40,93.70,360.00,7.00,0.00,30.12,M,6.21,M,FEW,BKN,M,M,800.00,1500.00,M,M,M,M,M,M,M,M,M,57.20,FACT 170300Z 36007KT 9999 FEW008 BKN015 14/13 Q1020 TEMPO 3000 BR BKN008,M
FACT,2026-08-17 04:00,57.20,55.40,93.70,340.00,8.00,0.00,30.15,M,6.21,M,FEW,BKN,M,M,600.00,1400.00,M,M,M,M,M,M,M,M,M,57.20,FACT 170400Z 34008KT 9999 FEW006 BKN014 14/13 Q1021 TEMPO 3000 BR BR BKN008,M
FACT,2026-08-17 05:00,57.20,55.40,93.70,30.00,9.00,0.00,30.15,M,6.21,M,FEW,OVC,M,M,700.00,1300.00,M,M,M,M,M,M,M,M,M,57.20,FACT 170500Z 03009KT 9999 FEW007 OVC013 14/13 Q1021 NOSIG,M
FACT,2026-08-17 06:00,55.40,51.80,87.65,20.00,10.00,0.00,30.15,M,6.21,M,OVC,M,M,M,1200.00,M,M,M,M,M,M,M,M,M,M,55.40,FACT 170600Z 02010KT 9999 OVC012 13/11 Q1021 NOSIG,M
FACT,2026-08-17 07:00,55.40,51.80,87.65,30.00,13.00,0.00,30.15,M,6.21,M,OVC,M,M,M,1100.00,M,M,M,M,M,M,M,M,M,M,55.40,FACT 170700Z 03013KT 9999 OVC011 13/11 Q1021 NOSIG,M
FACT,2026-08-17 08:00,57.20,51.80,82.13,10.00,13.00,0.00,30.15,M,6.21,M,BKN,M,M,M,1100.00,M,M,M,M,M,M,M,M,M,M,57.20,FACT 170800Z 01013KT 9999 BKN011 14/11 Q1021 NOSIG,M
FACT,2026-08-17 08:26,59.00,51.80,76.99,340.00,11.00,0.00,30.18,M,6.21,M,BKN,M,M,M,1500.00,M,M,M,M,M,M,M,M,M,M,59.00,FACT 170826Z 34011KT 9999 BKN015 15/11 Q1022 BECMG SCT020,M
FACT,2026-08-17 09:00,60.80,53.60,77.15,330.00,15.00,0.00,30.18,M,6.21,M,BKN,M,M,M,1500.00,M,M,M,M,M,M,M,M,M,M,60.80,FACT 170900Z 33015KT 9999 BKN015 16/12 Q1022 BECMG SCT020,M
FACT,2026-08-17 09:57,60.80,53.60,77.15,320.00,15.00,0.00,30.18,M,6.21,M,SCT,BKN,M,M,1500.00,2500.00,M,M,M,M,M,M,M,M,M,60.80,FACT 170957Z 32015KT 9999 SCT015 BKN025 16/12 Q1022 NOSIG,M
FACT,2026-08-17 10:00,60.80,53.60,77.15,320.00,15.00,0.00,30.18,M,6.21,M,SCT,BKN,M,M,1500.00,2500.00,M,M,M,M,M,M,M,M,M,60.80,FACT 171000Z 32015KT 9999 SCT015 BKN025 16/12 Q1022 NOSIG,M
FACT,2026-08-17 11:00,62.60,53.60,72.40,330.00,19.00,0.00,30.15,M,6.21,M,SCT,M,M,M,2000.00,M,M,M,M,M,M,M,M,M,M,62.60,FACT 171100Z 33019KT 9999 SCT020 17/12 Q1021 NOSIG,M
FACT,2026-08-17 12:00,62.60,53.60,72.40,330.00,18.00,0.00,30.15,M,6.21,M,FEW,BKN,M,M,1500.00,2500.00,M,M,M,M,M,M,M,M,M,62.60,FACT 171200Z 33018KT 9999 FEW015 BKN025 17/12 Q1021 NOSIG,M
FACT,2026-08-17 13:00,60.80,55.40,82.38,310.00,15.00,0.00,30.15,M,6.21,M,FEW,BKN,M,M,1500.00,2000.00,M,M,M,M,M,M,M,M,M,60.80,FACT 171300Z 31015KT 9999 FEW015 BKN020 16/13 Q1021 NOSIG,M
FACT,2026-08-17 14:00,60.80,53.60,77.15,320.00,16.00,0.00,30.15,M,6.21,M,FEW,BKN,M,M,1000.00,2000.00,M,M,M,M,M,M,M,M,M,60.80,FACT 171400Z 32016KT 300V360 9999 FEW010 BKN020 16/12 Q1021 NOSIG,M
FACT,2026-08-17 15:00,59.00,55.40,87.84,310.00,13.00,0.00,30.15,M,6.21,M,FEW,BKN,M,M,1000.00,2000.00,M,M,M,M,M,M,M,M,M,59.00,FACT 171500Z 31013KT 9999 FEW010 BKN020 15/13 Q1021 NOSIG,M
FACT,2026-08-17 16:00,59.00,55.40,87.84,310.00,14.00,0.00,30.18,M,6.21,M,FEW,BKN,M,M,1000.00,3500.00,M,M,M,M,M,M,M,M,M,59.00,FACT 171600Z 31014KT 9999 FEW010 BKN035 15/13 Q1022 NOSIG,M
FACT,2026-08-17 16:24,57.20,55.40,93.70,310.00,14.00,0.00,30.18,M,1.86,M,BKN,OVC,M,M,700.00,2000.00,M,M,-DZ BR,M,M,M,M,M,M,57.20,FACT 171624Z 31014KT 3000 -DZ BR BKN007 OVC020 14/13 Q1022 NOSIG,M
FACT,2026-08-17 16:54,57.20,57.20,100.00,320.00,13.00,0.00,30.21,M,1.55,M,BKN,OVC,M,M,400.00,2000.00,M,M,-DZ BR,M,M,M,M,M,M,57.20,FACT 171654Z 32013KT 2500 -DZ BR BKN004 OVC020 14/14 Q1023 TEMPO 0400 FG BKN002,M
FACT,2026-08-17 17:00,57.20,57.20,100.00,320.00,13.00,0.00,30.21,M,1.55,M,BKN,OVC,M,M,400.00,2000.00,M,M,-DZ BR,M,M,M,M,M,M,57.20,FACT 171700Z 32013KT 2500 -DZ BR BKN004 OVC020 14/14 Q1023 TEMPO 0400 FG BKN002,M
FACT,2026-08-17 17:26,57.20,57.20,100.00,330.00,10.00,0.00,30.21,M,3.73,M,SCT,BKN,M,M,300.00,2000.00,M,M,M,M,M,M,M,M,M,57.20,FACT 171726Z 33010KT 6000 SCT003 BKN020 14/14 Q1023 NOSIG,M
FACT,2026-08-17 18:00,57.20,57.20,100.00,300.00,6.00,0.00,30.24,M,3.73,M,SCT,BKN,M,M,300.00,2000.00,M,M,M,M,M,M,M,M,M,57.20,FACT 171800Z 30006KT 270V330 6000 SCT003 BKN020 14/14 Q1024 NOSIG,M
FACT,2026-08-17 19:00,57.20,57.20,100.00,310.00,6.00,0.00,30.24,M,4.97,M,SCT,BKN,M,M,300.00,1700.00,M,M,M,M,M,M,M,M,M,57.20,FACT 171900Z 31006KT 8000 SCT003 BKN017 14/14 Q1024 NOSIG,M
FACT,2026-08-17 19:59,57.20,57.20,100.00,310.00,4.00,0.00,30.24,M,4.35,M,BKN,OVC,M,M,400.00,1100.00,M,M,M,M,M,M,M,M,M,57.20,FACT 171959Z 31004KT 260V320 7000 BKN004 OVC011 14/14 Q1024 TEMPO 3500 -DZ,M
FACT,2026-08-17 20:00,57.20,57.20,100.00,310.00,4.00,0.00,30.24,M,4.35,M,BKN,OVC,M,M,400.00,1100.00,M,M,M,M,M,M,M,M,M,57.20,FACT 172000Z 31004KT 260V320 7000 BKN004 OVC011 14/14 Q1024 TEMPO 3500 -DZ,M
FACT,2026-08-17 20:59,55.40,55.40,100.00,40.00,3.00,0.00,30.27,M,4.97,M,FEW,BKN,M,M,800.00,2400.00,M,M,M,M,M,M,M,M,M,55.40,FACT 172059Z 04003KT 8000 FEW008 BKN024 13/13 Q1025 TEMPO BKN008,M
FACT,2026-08-17 21:00,55.40,55.40,100.00,40.00,3.00,0.00,30.27,M,4.97,M,FEW,BKN,M,M,800.00,2400.00,M,M,M,M,M,M,M,M,M,55.40,FACT 172100Z 04003KT 8000 FEW008 BKN024 13/13 Q1025 TEMPO BKN008,M
FACT,2026-08-17 21:55,53.60,53.60,100.00,50.00,2.00,0.00,30.27,M,1.24,M,SCT,M,M,M,3000.00,M,M,M,BCFG,M,M,M,M,M,M,53.60,FACT 172155Z 05002KT 2000 R19/0250 BCFG SCT030 12/12 Q1025 BECMG BKN010,M
FACT,2026-08-17 22:00,53.60,53.60,100.00,50.00,2.00,0.00,30.27,M,1.24,M,SCT,M,M,M,3000.00,M,M,M,BCFG,M,M,M,M,M,M,53.60,FACT 172200Z 05002KT 2000 R19/0250 BCFG SCT030 12/12 Q1025 BECMG BKN010,M
FACT,2026-08-17 23:00,51.80,51.80,100.00,60.00,2.00,0.00,30.27,M,0.43,M,FEW,M,M,M,3000.00,M,M,M,FG,M,M,M,M,M,M,51.80,FACT 172300Z 06002KT 0700 R01/0275 FG FEW030 11/11 Q1025 BECMG BKN005,M
FACT,2026-08-17 23:59,50.00,50.00,100.00,M,1.00,0.00,30.27,M,0.93,M,NSC,M,M,M,M,M,M,M,BCFG,M,M,M,M,M,M,50.00,FACT 172359Z VRB01KT 1500 R01/0275 BCFG NSC 10/10 Q1025 NOSIG,M
FACT,2026-08-18 00:00,50.00,50.00,100.00,M,1.00,0.00,30.27,M,0.93,M,NSC,M,M,M,M,M,M,M,BCFG,M,M,M,M,M,M,50.00,FACT 180000Z VRB01KT 1500 R01/0275 BCFG NSC 10/10 Q1025 NOSIG,M
FACT,2026-08-18 00:57,48.20,48.20,100.00,320.00,3.00,0.00,30.27,M,1.55,M,NSC,M,M,M,M,M,M,M,BCFG,M,M,M,M,M,M,47.21,FACT 180057Z 32003KT 2500 R01/0600 BCFG NSC 09/09 Q1025 NOSIG,M
FACT,2026-08-18 01:00,48.20,48.20,100.00,320.00,3.00,0.00,30.27,M,1.55,M,NSC,M,M,M,M,M,M,M,BCFG,M,M,M,M,M,M,47.21,FACT 180100Z 32003KT 2500 R01/0600 BCFG NSC 09/09 Q1025 NOSIG,M
FACT,2026-08-18 01:56,48.20,48.20,100.00,320.00,2.00,0.00,30.27,M,0.93,M,NSC,M,M,M,M,M,M,M,BCFG,M,M,M,M,M,M,48.20,FACT 180156Z 32002KT 1500 R01/0600 BCFG NSC 09/09 Q1025 NOSIG,M
FACT,2026-08-18 02:00,48.20,48.20,100.00,320.00,2.00,0.00,30.27,M,0.93,M,NSC,M,M,M,M,M,M,M,BCFG,M,M,M,M,M,M,48.20,FACT 180200Z 32002KT 1500 R01/0600 BCFG NSC 09/09 Q1025 NOSIG,M
FACT,2026-08-18 02:26,48.20,48.20,100.00,330.00,1.00,0.00,30.27,M,0.31,M,NSC,M,M,M,M,M,M,M,FG,M,M,M,M,M,M,48.20,FACT 180226Z 33001KT 0500 R01/0600 FG NSC 09/09 Q1025 NOSIG,M
FACT,2026-08-18 03:00,46.40,46.40,100.00,350.00,2.00,0.00,30.27,M,0.19,M,NSC,M,M,M,M,M,M,M,FG,M,M,M,M,M,M,46.40,FACT 180300Z 35002KT 0300 R01/0400 FG NSC 08/08 Q1025 NOSIG,M
FACT,2026-08-18 04:00,46.40,46.40,100.00,M,2.00,0.00,30.27,M,0.25,M,NSC,M,M,M,M,M,M,M,FG,M,M,M,M,M,M,46.40,FACT 180400Z VRB02KT 0400 R01/0550 FG NSC 08/08 Q1025 NOSIG,M
FACT,2026-08-18 05:00,46.40,44.60,93.40,40.00,2.00,0.00,30.30,M,0.25,M,NSC,M,M,M,M,M,M,M,FG,M,M,M,M,M,M,46.40,FACT 180500Z 04002KT 0400 R01/0400 FG NSC 08/07 Q1026 NOSIG,M
FACT,2026-08-18 05:28,46.40,46.40,100.00,40.00,2.00,0.00,30.30,M,0.56,M,NSC,M,M,M,M,M,M,M,FG,M,M,M,M,M,M,46.40,FACT 180528Z 04002KT 0900 R01/0350 FG NSC 08/08 Q1026 BECMG 4500 BR,M
FACT,2026-08-18 05:55,48.20,48.20,100.00,40.00,2.00,0.00,30.30,M,0.93,M,NSC,M,M,M,M,M,M,M,BR,M,M,M,M,M,M,48.20,FACT 180555Z 04002KT 1500 R01/0550 BR NSC 09/09 Q1026 BECMG 4500,M
FACT,2026-08-18 06:00,48.20,48.20,100.00,40.00,2.00,0.00,30.30,M,0.93,M,NSC,M,M,M,M,M,M,M,BR,M,M,M,M,M,M,48.20,FACT 180600Z 04002KT 1500 R01/0550 BR NSC 09/09 Q1026 BECMG 4500,M
FACT,2026-08-18 06:26,51.80,51.80,100.00,0.00,0.00,0.00,30.33,M,2.49,M,NSC,M,M,M,M,M,M,M,BR,M,M,M,M,M,M,51.80,FACT 180626Z 00000KT 4000 BR NSC 11/11 Q1027 BECMG 8000 NSW,M
FACT,2026-08-18 06:54,55.40,55.40,100.00,M,1.00,0.00,30.33,M,3.73,M,NSC,M,M,M,M,M,M,M,M,M,M,M,M,M,M,55.40,FACT 180654Z VRB01KT 6000 NSC 13/13 Q1027 NOSIG,M
FACT,2026-08-18 07:00,55.40,55.40,100.00,M,1.00,0.00,30.33,M,3.73,M,NSC,M,M,M,M,M,M,M,M,M,M,M,M,M,M,55.40,FACT 180700Z VRB01KT 6000 NSC 13/13 Q1027 NOSIG,M
FACT,2026-08-18 08:00,57.20,57.20,100.00,150.00,4.00,0.00,30.33,M,6.21,M,M,M,M,M,M,M,M,M,M,M,M,M,M,M,M,57.20,FACT 180800Z 15004KT 110V180 CAVOK 14/14 Q1027 NOSIG,M
FACT,2026-08-18 08:17,60.80,51.80,72.21,170.00,5.00,0.00,30.33,M,6.21,M,M,M,M,M,M,M,M,M,M,M,M,M,M,M,M,60.80,FACT 180817Z 17005KT 140V200 CAVOK 16/11 Q1027 NOSIG,M
FACT,2026-08-18 09:00,64.40,51.80,63.62,170.00,7.00,0.00,30.33,M,6.21,M,FEW,M,M,M,2500.00,M,M,M,M,M,M,M,M,M,M,64.40,FACT 180900Z 17007KT 140V200 9999 FEW025 18/11 Q1027 NOSIG,M
FACT,2026-08-18 10:00,64.40,48.20,55.65,160.00,8.00,0.00,30.33,M,6.21,M,FEW,M,M,M,2500.00,M,M,M,M,M,M,M,M,M,M,64.40,FACT 181000Z 16008KT 120V200 9999 FEW025 18/09 Q1027 NOSIG,M
FACT,2026-08-18 11:00,66.20,46.40,48.85,170.00,10.00,0.00,30.30,M,6.21,M,M,M,M,M,M,M,M,M,M,M,M,M,M,M,M,66.20,FACT 181100Z 17010KT 130V210 CAVOK 19/08 Q1026 NOSIG,M
FACT,2026-08-18 12:00,66.20,46.40,48.85,170.00,10.00,0.00,30.27,M,6.21,M,M,M,M,M,M,M,M,M,M,M,M,M,M,M,M,66.20,FACT 181200Z 17010KT 140V200 CAVOK 19/08 Q1025 NOSIG,M
FACT,2026-08-18 13:00,66.20,46.40,48.85,180.00,12.00,0.00,30.27,M,6.21,M,M,M,M,M,M,M,M,M,M,M,M,M,M,M,M,66.20,FACT 181300Z 18012KT CAVOK 19/08 Q1025 NOSIG,M
FACT,2026-08-18 14:00,64.40,48.20,55.65,180.00,13.00,0.00,30.24,M,6.21,M,M,M,M,M,M,M,M,M,M,M,M,M,M,M,M,64.40,FACT 181400Z 18013KT CAVOK 18/09 Q1024 NOSIG,M
FACT,2026-08-18 15:00,62.60,48.20,59.27,180.00,14.00,0.00,30.24,M,6.21,M,M,M,M,M,M,M,M,M,M,M,M,M,M,M,M,62.60,FACT 181500Z 18014KT CAVOK 17/09 Q1024 NOSIG,M
FACT,2026-08-18 16:00,59.00,50.00,72.02,180.00,13.00,0.00,30.24,M,6.21,M,M,M,M,M,M,M,M,M,M,M,M,M,M,M,M,59.00,FACT 181600Z 18013KT CAVOK 15/10 Q1024 NOSIG,M
FACT,2026-08-18 17:00,59.00,51.80,76.99,190.00,13.00,0.00,30.24,M,6.21,M,M,M,M,M,M,M,M,M,M,M,M,M,M,M,M,59.00,FACT 181700Z 19013KT CAVOK 15/11 Q1024 NOSIG,M
FACT,2026-08-18 18:00,57.20,51.80,82.13,210.00,12.00,0.00,30.24,M,6.21,M,M,M,M,M,M,M,M,M,M,M,M,M,M,M,M,57.20,FACT 181800Z 21012KT CAVOK 14/11 Q1024 NOSIG,M
FACT,2026-08-18 19:00,57.20,51.80,82.13,210.00,11.00,0.00,30.24,M,6.21,M,M,M,M,M,M,M,M,M,M,M,M,M,M,M,M,57.20,FACT 181900Z 21011KT CAVOK 14/11 Q1024 NOSIG,M
FACT,2026-08-18 20:00,57.20,51.80,82.13,220.00,11.00,0.00,30.21,M,6.21,M,M,M,M,M,M,M,M,M,M,M,M,M,M,M,M,57.20,FACT 182000Z 22011KT CAVOK 14/11 Q1023 NOSIG,M
FACT,2026-08-18 21:00,55.40,51.80,87.65,220.00,9.00,0.00,30.21,M,6.21,M,M,M,M,M,M,M,M,M,M,M,M,M,M,M,M,55.40,FACT 182100Z 22009KT CAVOK 13/11 Q1023 NOSIG,M
FACT,2026-08-18 22:00,55.40,51.80,87.65,230.00,7.00,0.00,30.18,M,6.21,M,M,M,M,M,M,M,M,M,M,M,M,M,M,M,M,55.40,FACT 182200Z 23007KT CAVOK 13/11 Q1022 NOSIG,M
FACT,2026-08-18 23:00,53.60,50.00,87.56,230.00,6.00,0.00,30.18,M,6.21,M,M,M,M,M,M,M,M,M,M,M,M,M,M,M,M,53.60,FACT 182300Z 23006KT CAVOK 12/10 Q1022 NOSIG,M
FACT,2026-08-19 00:00,53.60,51.80,93.60,230.00,6.00,0.00,30.15,M,6.21,M,M,M,M,M,M,M,M,M,M,M,M,M,M,M,M,53.60,FACT 190000Z 23006KT CAVOK 12/11 Q1021 NOSIG,M
FACT,2026-08-19 01:00,53.60,50.00,87.56,230.00,6.00,0.00,30.15,M,6.21,M,M,M,M,M,M,M,M,M,M,M,M,M,M,M,M,53.60,FACT 190100Z 23006KT CAVOK 12/10 Q1021 NOSIG,M
FACT,2026-08-19 02:00,53.60,51.80,93.60,220.00,11.00,0.00,30.15,M,6.21,M,M,M,M,M,M,M,M,M,M,M,M,M,M,M,M,53.60,FACT 190200Z 22011KT CAVOK 12/11 Q1021 NOSIG,M
FACT,2026-08-19 03:00,53.60,50.00,87.56,210.00,7.00,0.00,30.12,M,6.21,M,M,M,M,M,M,M,M,M,M,M,M,M,M,M,M,53.60,FACT 190300Z 21007KT CAVOK 12/10 Q1020 NOSIG,M
FACT,2026-08-19 04:00,53.60,51.80,93.60,200.00,8.00,0.00,30.12,M,6.21,M,M,M,M,M,M,M,M,M,M,M,M,M,M,M,M,53.60,FACT 190400Z 20008KT CAVOK 12/11 Q1020 NOSIG,M
FACT,2026-08-19 05:00,53.60,50.00,87.56,210.00,9.00,0.00,30.15,M,6.21,M,M,M,M,M,M,M,M,M,M,M,M,M,M,M,M,53.60,FACT 190500Z 21009KT CAVOK 12/10 Q1021 NOSIG,M
FACT,2026-08-19 06:00,53.60,51.80,93.60,210.00,9.00,0.00,30.15,M,6.21,M,M,M,M,M,M,M,M,M,M,M,M,M,M,M,M,53.60,FACT 190600Z 21009KT CAVOK 12/11 Q1021 NOSIG,M
FACT,2026-08-19 07:00,57.20,51.80,82.13,190.00,10.00,0.00,30.18,M,6.21,M,M,M,M,M,M,M,M,M,M,M,M,M,M,M,M,57.20,FACT 190700Z 19010KT CAVOK 14/11 Q1022 NOSIG,M
FACT,2026-08-19 08:00,59.00,51.80,76.99,180.00,10.00,0.00,30.18,M,6.21,M,FEW,M,M,M,1400.00,M,M,M,M,M,M,M,M,M,M,59.00,FACT 190800Z 18010KT 9999 FEW014 15/11 Q1022 NOSIG,M
FACT,2026-08-19 09:00,60.80,51.80,72.21,180.00,14.00,0.00,30.21,M,6.21,M,FEW,M,M,M,1500.00,M,M,M,M,M,M,M,M,M,M,60.80,FACT 190900Z 18014KT 9999 FEW015 16/11 Q1023 NOSIG,M
FACT,2026-08-19 10:00,62.60,51.80,67.76,180.00,14.00,0.00,30.21,M,6.21,M,FEW,M,M,M,2000.00,M,M,M,M,M,M,M,M,M,M,62.60,FACT 191000Z 18014KT 9999 FEW020 17/11 Q1023 NOSIG,M
FACT,2026-08-19 11:00,64.40,50.00,59.52,180.00,8.00,0.00,30.21,M,6.21,M,M,M,M,M,M,M,M,M,M,M,M,M,M,M,M,64.40,FACT 191100Z 18008KT 150V210 CAVOK 18/10 Q1023 NOSIG,M
FACT,2026-08-19 12:00,66.20,50.00,55.91,190.00,10.00,0.00,30.18,M,6.21,M,M,M,M,M,M,M,M,M,M,M,M,M,M,M,M,66.20,FACT 191200Z 19010KT 160V220 CAVOK 19/10 Q1022 NOSIG,M
FACT,2026-08-19 13:00,64.40,48.20,55.65,170.00,12.00,0.00,30.21,M,6.21,M,M,M,M,M,M,M,M,M,M,M,M,M,M,M,M,64.40,FACT 191300Z 17012KT CAVOK 18/09 Q1023 NOSIG,M
FACT,2026-08-19 14:00,62.60,44.60,51.73,170.00,13.00,0.00,30.21,M,6.21,M,M,M,M,M,M,M,M,M,M,M,M,M,M,M,M,62.60,FACT 191400Z 17013KT CAVOK 17/07 Q1023 NOSIG,M
FACT,2026-08-19 15:00,62.60,46.40,55.39,170.00,10.00,0.00,30.21,M,6.21,M,M,M,M,M,M,M,M,M,M,M,M,M,M,M,M,62.60,FACT 191500Z 17010KT 140V210 CAVOK 17/08 Q1023 NOSIG,M
FACT,2026-08-19 16:00,59.00,46.40,62.93,170.00,7.00,0.00,30.24,M,6.21,M,M,M,M,M,M,M,M,M,M,M,M,M,M,M,M,59.00,FACT 191600Z 17007KT CAVOK 15/08 Q1024 NOSIG,M
FACT,2026-08-19 17:00,53.60,46.40,76.51,160.00,7.00,0.00,30.24,M,6.21,M,M,M,M,M,M,M,M,M,M,M,M,M,M,M,M,53.60,FACT 191700Z 16007KT CAVOK 12/08 Q1024 NOSIG,M
FACT,2026-08-19 18:00,51.80,46.40,81.74,150.00,5.00,0.00,30.24,M,6.21,M,M,M,M,M,M,M,M,M,M,M,M,M,M,M,M,51.80,FACT 191800Z 15005KT CAVOK 11/08 Q1024 NOSIG,M
FACT,2026-08-19 19:00,51.80,46.40,81.74,150.00,4.00,0.00,30.27,M,6.21,M,M,M,M,M,M,M,M,M,M,M,M,M,M,M,M,51.80,FACT 191900Z 15004KT CAVOK 11/08 Q1025 NOSIG,M
FACT,2026-08-19 20:00,53.60,48.20,81.87,180.00,6.00,0.00,30.27,M,6.21,M,M,M,M,M,M,M,M,M,M,M,M,M,M,M,M,53.60,FACT 192000Z 18006KT CAVOK 12/09 Q1025 NOSIG,M
FACT,2026-08-19 21:00,55.40,48.20,76.67,200.00,6.00,0.00,30.27,M,6.21,M,M,M,M,M,M,M,M,M,M,M,M,M,M,M,M,55.40,FACT 192100Z 20006KT CAVOK 13/09 Q1025 NOSIG,M
FACT,2026-08-19 22:00,51.80,48.20,87.47,200.00,7.00,0.00,30.30,M,6.21,M,M,M,M,M,M,M,M,M,M,M,M,M,M,M,M,51.80,FACT 192200Z 20007KT CAVOK 11/09 Q1026 NOSIG,M
FACT,2026-08-19 23:00,53.60,48.20,81.87,200.00,5.00,0.00,30.27,M,6.21,M,M,M,M,M,M,M,M,M,M,M,M,M,M,M,M,53.60,FACT 192300Z 20005KT CAVOK 12/09 Q1025 NOSIG,M
FACT,2026-08-20 00:00,53.60,50.00,87.56,210.00,5.00,0.00,30.30,M,6.21,M,M,M,M,M,M,M,M,M,M,M,M,M,M,M,M,53.60,FACT 200000Z 21005KT CAVOK 12/10 Q1026 NOSIG,M
FACT,2026-08-20 01:00,53.60,50.00,87.56,210.00,8.00,0.00,30.27,M,6.21,M,M,M,M,M,M,M,M,M,M,M,M,M,M,M,M,53.60,FACT 200100Z 21008KT CAVOK 12/10 Q1025 NOSIG,M
FACT,2026-08-20 02:00,53.60,50.00,87.56,210.00,8.00,0.00,30.27,M,6.21,M,M,M,M,M,M,M,M,M,M,M,M,M,M,M,M,53.60,FACT 200200Z 21008KT CAVOK 12/10 Q1025 NOSIG,M
FACT,2026-08-20 03:00,53.60,50.00,87.56,230.00,7.00,0.00,30.24,M,6.21,M,M,M,M,M,M,M,M,M,M,M,M,M,M,M,M,53.60,FACT 200300Z 23007KT CAVOK 12/10 Q1024 NOSIG,M
FACT,2026-08-20 04:00,53.60,50.00,87.56,220.00,10.00,0.00,30.27,M,6.21,M,M,M,M,M,M,M,M,M,M,M,M,M,M,M,M,53.60,FACT 200400Z 22010KT CAVOK 12/10 Q1025 NOSIG,M
FACT,2026-08-20 05:00,53.60,50.00,87.56,210.00,9.00,0.00,30.27,M,6.21,M,M,M,M,M,M,M,M,M,M,M,M,M,M,M,M,53.60,FACT 200500Z 21009KT CAVOK 12/10 Q1025 NOSIG,M
FACT,2026-08-20 06:00,53.60,51.80,93.60,210.00,7.00,0.00,30.27,M,6.21,M,M,M,M,M,M,M,M,M,M,M,M,M,M,M,M,53.60,FACT 200600Z 21007KT CAVOK 12/11 Q1025 NOSIG,M
FACT,2026-08-20 07:00,57.20,51.80,82.13,210.00,8.00,0.00,30.30,M,6.21,M,M,M,M,M,M,M,M,M,M,M,M,M,M,M,M,57.20,FACT 200700Z 21008KT CAVOK 14/11 Q1026 NOSIG,M
FACT,2026-08-20 08:00,59.00,50.00,72.02,210.00,9.00,0.00,30.30,M,6.21,M,M,M,M,M,M,M,M,M,M,M,M,M,M,M,M,59.00,FACT 200800Z 21009KT 180V240 CAVOK 15/10 Q1026 NOSIG,M
FACT,2026-08-20 09:00,62.60,46.40,55.39,200.00,11.00,0.00,30.30,M,6.21,M,M,M,M,M,M,M,M,M,M,M,M,M,M,M,M,62.60,FACT 200900Z 20011KT CAVOK 17/08 Q1026 NOSIG,M
FACT,2026-08-20 10:00,62.60,44.60,51.73,200.00,12.00,0.00,30.30,M,6.21,M,M,M,M,M,M,M,M,M,M,M,M,M,M,M,M,62.60,FACT 201000Z 20012KT CAVOK 17/07 Q1026 NOSIG,M
FACT,2026-08-20 11:00,64.40,48.20,55.65,200.00,13.00,0.00,30.27,M,6.21,M,M,M,M,M,M,M,M,M,M,M,M,M,M,M,M,64.40,FACT 201100Z 20013KT CAVOK 18/09 Q1025 NOSIG,M
FACT,2026-08-20 12:00,64.40,46.40,52.00,190.00,15.00,0.00,30.24,M,6.21,M,M,M,M,M,M,M,M,M,M,M,M,M,M,M,M,64.40,FACT 201200Z 19015KT CAVOK 18/08 Q1024 NOSIG,M
FACT,2026-08-20 13:00,62.60,48.20,59.27,180.00,16.00,0.00,30.24,M,6.21,M,M,M,M,M,M,M,M,M,M,M,M,M,M,M,M,62.60,FACT 201300Z 18016KT CAVOK 17/09 Q1024 NOSIG,M
FACT,2026-08-20 14:00,62.60,50.00,63.39,190.00,17.00,0.00,30.24,M,6.21,M,M,M,M,M,M,M,M,M,M,M,M,M,M,M,M,62.60,FACT 201400Z 19017KT CAVOK 17/10 Q1024 NOSIG,M
FACT,2026-08-20 15:00,60.80,51.80,72.21,180.00,17.00,0.00,30.24,M,6.21,M,M,M,M,M,M,M,M,M,M,M,M,M,M,M,M,60.80,FACT 201500Z 18017KT CAVOK 16/11 Q1024 NOSIG,M
FACT,2026-08-20 16:00,59.00,50.00,72.02,180.00,15.00,0.00,30.24,M,6.21,M,M,M,M,M,M,M,M,M,M,M,M,M,M,M,M,59.00,FACT 201600Z 18015KT CAVOK 15/10 Q1024 NOSIG,M
FACT,2026-08-20 17:00,57.20,50.00,76.83,190.00,12.00,0.00,30.24,M,6.21,M,M,M,M,M,M,M,M,M,M,M,M,M,M,M,M,57.20,FACT 201700Z 19012KT CAVOK 14/10 Q1024 NOSIG,M
FACT,2026-08-20 18:00,57.20,50.00,76.83,200.00,9.00,0.00,30.24,M,6.21,M,M,M,M,M,M,M,M,M,M,M,M,M,M,M,M,57.20,FACT 201800Z 20009KT CAVOK 14/10 Q1024 NOSIG,M
FACT,2026-08-20 19:00,55.40,50.00,82.00,190.00,8.00,0.00,30.24,M,6.21,M,M,M,M,M,M,M,M,M,M,M,M,M,M,M,M,55.40,FACT 201900Z 19008KT CAVOK 13/10 Q1024 NOSIG,M
FACT,2026-08-20 20:00,55.40,51.80,87.65,210.00,6.00,0.00,30.24,M,6.21,M,M,M,M,M,M,M,M,M,M,M,M,M,M,M,M,55.40,FACT 202000Z 21006KT CAVOK 13/11 Q1024 NOSIG,M
FACT,2026-08-20 21:00,55.40,50.00,82.00,200.00,8.00,0.00,30.21,M,6.21,M,M,M,M,M,M,M,M,M,M,M,M,M,M,M,M,55.40,FACT 202100Z 20008KT CAVOK 13/10 Q1023 NOSIG,M
FACT,2026-08-20 22:00,55.40,50.00,82.00,210.00,5.00,0.00,30.21,M,6.21,M,M,M,M,M,M,M,M,M,M,M,M,M,M,M,M,55.40,FACT 202200Z 21005KT CAVOK 13/10 Q1023 NOSIG,M
FACT,2026-08-20 23:00,55.40,48.20,76.67,190.00,10.00,0.00,30.18,M,6.21,M,M,M,M,M,M,M,M,M,M,M,M,M,M,M,M,55.40,FACT 202300Z 19010KT CAVOK 13/09 Q1022 NOSIG,M
FACT,2026-08-21 00:00,53.60,48.20,81.87,220.00,7.00,0.00,30.18,M,6.21,M,M,M,M,M,M,M,M,M,M,M,M,M,M,M,M,53.60,FACT 210000Z 22007KT CAVOK 12/09 Q1022 NOSIG,M
FACT,2026-08-21 01:00,53.60,48.20,81.87,170.00,10.00,0.00,30.15,M,6.21,M,M,M,M,M,M,M,M,M,M,M,M,M,M,M,M,53.60,FACT 210100Z 17010KT CAVOK 12/09 Q1021 NOSIG,M
FACT,2026-08-21 02:00,51.80,48.20,87.47,180.00,4.00,0.00,30.12,M,6.21,M,M,M,M,M,M,M,M,M,M,M,M,M,M,M,M,51.80,FACT 210200Z 18004KT 120V220 CAVOK 11/09 Q1020 NOSIG,M
FACT,2026-08-21 03:00,51.80,50.00,93.55,220.00,7.00,0.00,30.09,M,6.21,M,M,M,M,M,M,M,M,M,M,M,M,M,M,M,M,51.80,FACT 210300Z 22007KT CAVOK 11/10 Q1019 NOSIG,M
FACT,2026-08-21 04:00,51.80,48.20,87.47,210.00,5.00,0.00,30.12,M,6.21,M,M,M,M,M,M,M,M,M,M,M,M,M,M,M,M,51.80,FACT 210400Z 21005KT CAVOK 11/09 Q1020 NOSIG,M
FACT,2026-08-21 05:00,53.60,48.20,81.87,210.00,9.00,0.00,30.12,M,6.21,M,M,M,M,M,M,M,M,M,M,M,M,M,M,M,M,53.60,FACT 210500Z 21009KT CAVOK 12/09 Q1020 NOSIG,M
FACT,2026-08-21 06:00,50.00,44.60,81.60,130.00,3.00,0.00,30.12,M,6.21,M,M,M,M,M,M,M,M,M,M,M,M,M,M,M,M,50.00,FACT 210600Z 13003KT CAVOK 10/07 Q1020 NOSIG,M
FACT,2026-08-21 06:53,55.40,46.40,71.65,210.00,4.00,0.00,30.12,M,6.21,M,M,M,M,M,M,M,M,M,M,M,M,M,M,M,M,55.40,FACT 210653Z 21004KT 190V250 CAVOK 13/08 Q1020 NOSIG,M
FACT,2026-08-21 07:00,55.40,46.40,71.65,210.00,4.00,0.00,30.12,M,6.21,M,M,M,M,M,M,M,M,M,M,M,M,M,M,M,M,55.40,FACT 210700Z 21004KT 190V250 CAVOK 13/08 Q1020 NOSIG,M
FACT,2026-08-21 07:21,59.00,48.20,67.34,190.00,6.00,0.00,30.12,M,6.21,M,M,M,M,M,M,M,M,M,M,M,M,M,M,M,M,59.00,FACT 210721Z 19006KT CAVOK 15/09 Q1020 NOSIG,M
FACT,2026-08-21 07:23,59.00,48.20,67.34,190.00,7.00,0.00,30.12,M,6.21,M,M,M,M,M,M,M,M,M,M,M,M,M,M,M,M,59.00,FACT 210723Z 19007KT CAVOK 15/09 Q1020 NOSIG,M
FACT,2026-08-21 08:00,60.80,48.20,63.16,150.00,8.00,0.00,30.09,M,6.21,M,M,M,M,M,M,M,M,M,M,M,M,M,M,M,M,60.80,FACT 210800Z 15008KT CAVOK 16/09 Q1019 NOSIG,M
FACT,2026-08-21 09:00,62.60,46.40,55.39,130.00,7.00,0.00,30.09,M,6.21,M,M,M,M,M,M,M,M,M,M,M,M,M,M,M,M,62.60,FACT 210900Z 13007KT CAVOK 17/08 Q1019 NOSIG,M
FACT,2026-08-21 10:00,66.20,46.40,48.85,170.00,7.00,0.00,30.06,M,6.21,M,M,M,M,M,M,M,M,M,M,M,M,M,M,M,M,66.20,FACT 211000Z 17007KT 130V190 CAVOK 19/08 Q1018 NOSIG,M
FACT,2026-08-21 11:00,69.80,44.60,40.31,170.00,6.00,0.00,30.03,M,6.21,M,M,M,M,M,M,M,M,M,M,M,M,M,M,M,M,69.80,FACT 211100Z 17006KT 120V230 CAVOK 21/07 Q1017 NOSIG,M
FACT,2026-08-21 12:00,71.60,48.20,43.45,220.00,5.00,0.00,30.00,M,6.21,M,M,M,M,M,M,M,M,M,M,M,M,M,M,M,M,71.60,FACT 211200Z 22005KT 170V250 CAVOK 22/09 Q1016 NOSIG,M
FACT,2026-08-21 13:00,71.60,48.20,43.45,200.00,7.00,0.00,30.00,M,6.21,M,M,M,M,M,M,M,M,M,M,M,M,M,M,M,M,71.60,FACT 211300Z 20007KT CAVOK 22/09 Q1016 NOSIG,M
FACT,2026-08-21 14:00,69.80,48.20,46.19,210.00,8.00,0.00,30.00,M,6.21,M,M,M,M,M,M,M,M,M,M,M,M,M,M,M,M,69.80,FACT 211400Z 21008KT CAVOK 21/09 Q1016 NOSIG,M
FACT,2026-08-21 15:00,68.00,51.80,56.16,220.00,8.00,0.00,29.97,M,6.21,M,M,M,M,M,M,M,M,M,M,M,M,M,M,M,M,68.00,FACT 211500Z 22008KT CAVOK 20/11 Q1015 NOSIG,M
FACT,2026-08-21 16:00,62.60,53.60,72.40,220.00,6.00,0.00,30.00,M,6.21,M,M,M,M,M,M,M,M,M,M,M,M,M,M,M,M,62.60,FACT 211600Z 22006KT CAVOK 17/12 Q1016 NOSIG,M
FACT,2026-08-21 17:00,59.00,53.60,82.26,210.00,6.00,0.00,30.00,M,6.21,M,M,M,M,M,M,M,M,M,M,M,M,M,M,M,M,59.00,FACT 211700Z 21006KT CAVOK 15/12 Q1016 NOSIG,M
FACT,2026-08-21 18:00,57.20,53.60,87.75,210.00,5.00,0.00,30.03,M,6.21,M,M,M,M,M,M,M,M,M,M,M,M,M,M,M,M,57.20,FACT 211800Z 21005KT CAVOK 14/12 Q1017 NOSIG,M
FACT,2026-08-21 19:00,57.20,53.60,87.75,220.00,4.00,0.00,30.06,M,6.21,M,M,M,M,M,M,M,M,M,M,M,M,M,M,M,M,57.20,FACT 211900Z 22004KT 190V250 CAVOK 14/12 Q1018 NOSIG,M
FACT,2026-08-21 20:00,55.40,53.60,93.65,190.00,6.00,0.00,30.06,M,6.21,M,M,M,M,M,M,M,M,M,M,M,M,M,M,M,M,55.40,FACT 212000Z 19006KT CAVOK 13/12 Q1018 NOSIG,M
FACT,2026-08-21 21:00,53.60,51.80,93.60,M,1.00,0.00,30.06,M,6.21,M,M,M,M,M,M,M,M,M,M,M,M,M,M,M,M,53.60,FACT 212100Z VRB01KT CAVOK 12/11 Q1018 NOSIG,M
FACT,2026-08-21 22:00,53.60,51.80,93.60,M,2.00,0.00,30.09,M,6.21,M,M,M,M,M,M,M,M,M,M,M,M,M,M,M,M,53.60,FACT 212200Z VRB02KT CAVOK 12/11 Q1019 NOSIG,M
FACT,2026-08-21 23:00,51.80,50.00,93.55,M,2.00,0.00,30.09,M,6.21,M,M,M,M,M,M,M,M,M,M,M,M,M,M,M,M,51.80,FACT 212300Z VRB02KT CAVOK 11/10 Q1019 NOSIG,M
FACT,2026-08-22 00:00,48.20,48.20,100.00,M,2.00,0.00,30.12,M,2.49,M,BKN,M,M,M,1300.00,M,M,M,BR,M,M,M,M,M,M,48.20,FACT 220000Z VRB02KT 4000 BR BKN013 09/09 Q1020 NOSIG,M
FACT,2026-08-22 00:01,48.20,48.20,100.00,M,2.00,0.00,30.12,M,2.49,M,BKN,M,M,M,1300.00,M,M,M,BR,M,M,M,M,M,M,48.20,FACT 220001Z VRB02KT 4000 BR BKN013 09/09 Q1020 NOSIG,M
FACT,2026-08-22 00:59,53.60,53.60,100.00,300.00,5.00,0.00,30.12,M,3.73,M,BKN,M,M,M,1600.00,M,M,M,M,M,M,M,M,M,M,53.60,FACT 220059Z 30005KT 6000 BKN016 12/12 Q1020 NOSIG,M
FACT,2026-08-22 01:00,53.60,53.60,100.00,300.00,5.00,0.00,30.12,M,3.73,M,BKN,M,M,M,1600.00,M,M,M,M,M,M,M,M,M,M,53.60,FACT 220100Z 30005KT 6000 BKN016 12/12 Q1020 NOSIG,M
FACT,2026-08-22 02:00,51.80,51.80,100.00,300.00,4.00,0.00,30.15,M,0.56,M,BKN,M,M,M,1200.00,M,M,M,FG,M,M,M,M,M,M,51.80,FACT 220200Z 30004KT 0900 FG BKN012 11/11 Q1021 NOSIG,M
FACT,2026-08-22 03:00,50.00,50.00,100.00,330.00,4.00,0.00,30.18,M,0.50,M,SCT,BKN,M,M,100.00,1600.00,M,M,FG,M,M,M,M,M,M,50.00,FACT 220300Z 33004KT 0800 FG SCT001 BKN016 10/10 Q1022 BECMG 1600,M
FACT,2026-08-22 03:02,50.00,50.00,100.00,330.00,4.00,0.00,30.18,M,0.50,M,SCT,BKN,M,M,100.00,1600.00,M,M,FG,M,M,M,M,M,M,50.00,FACT 220302Z 33004KT 0800 FG SCT001 BKN016 10/10 Q1022 BECMG 1600,M
FACT,2026-08-22 03:28,50.00,50.00,100.00,350.00,4.00,0.00,30.18,M,2.49,M,SCT,M,M,M,1600.00,M,M,M,BR,M,M,M,M,M,M,50.00,FACT 220328Z 35004KT 4000 BR SCT016 10/10 Q1022 NOSIG,M
FACT,2026-08-22 03:54,51.80,50.00,93.55,M,2.00,0.00,30.21,M,3.73,M,FEW,M,M,M,1600.00,M,M,M,M,M,M,M,M,M,M,51.80,FACT 220354Z VRB02KT 6000 FEW016 11/10 Q1023 NOSIG,M
FACT,2026-08-22 04:00,51.80,50.00,93.55,M,2.00,0.00,30.21,M,3.73,M,FEW,M,M,M,1600.00,M,M,M,M,M,M,M,M,M,M,51.80,FACT 220400Z VRB02KT 6000 FEW016 11/10 Q1023 NOSIG,M
FACT,2026-08-22 05:00,48.20,48.20,100.00,40.00,9.00,0.00,30.21,M,6.21,M,FEW,M,M,M,2000.00,M,M,M,M,M,M,M,M,M,M,43.66,FACT 220500Z 04009KT 9999 FEW020 09/09 Q1023 NOSIG,M
FACT,2026-08-22 06:00,50.00,50.00,100.00,40.00,6.00,0.00,30.27,M,3.73,M,FEW,M,M,M,2000.00,M,M,M,M,M,M,M,M,M,M,50.00,FACT 220600Z 04006KT 6000 FEW020 10/10 Q1025 NOSIG,M
FACT,2026-08-22 07:00,53.60,51.80,93.60,30.00,12.00,0.00,30.27,M,4.97,M,FEW,SCT,M,M,2000.00,3300.00,M,M,M,M,M,M,M,M,M,53.60,FACT 220700Z 03012KT 8000 FEW020 SCT033 12/11 Q1025 NOSIG,M
FACT,2026-08-22 08:00,55.40,53.60,93.65,40.00,9.00,0.00,30.30,M,6.21,M,FEW,BKN,M,M,2500.00,3500.00,M,M,M,M,M,M,M,M,M,55.40,FACT 220800Z 04009KT 9999 FEW025 BKN035 13/12 Q1026 NOSIG,M
FACT,2026-08-22 09:00,59.00,51.80,76.99,30.00,11.00,0.00,30.30,M,6.21,M,FEW,BKN,M,M,2000.00,3000.00,M,M,M,M,M,M,M,M,M,59.00,FACT 220900Z 03011KT 9999 FEW020 BKN030 15/11 Q1026 NOSIG,M
FACT,2026-08-22 10:00,60.80,51.80,72.21,360.00,8.00,0.00,30.33,M,6.21,M,FEW,BKN,M,M,2000.00,3000.00,M,M,M,M,M,M,M,M,M,60.80,FACT 221000Z 36008KT 9999 FEW020 BKN030 16/11 Q1027 NOSIG,M
FACT,2026-08-22 11:00,62.60,51.80,67.76,330.00,11.00,0.00,30.30,M,6.21,M,FEW,BKN,M,M,2500.00,4000.00,M,M,M,M,M,M,M,M,M,62.60,FACT 221100Z 33011KT 9999 FEW025 BKN040 17/11 Q1026 NOSIG,M
FACT,2026-08-22 12:00,62.60,51.80,67.76,300.00,11.00,0.00,30.30,M,6.21,M,SCT,BKN,M,M,2500.00,4000.00,M,M,M,M,M,M,M,M,M,62.60,FACT 221200Z 30011KT 9999 SCT025 BKN040 17/11 Q1026 NOSIG,M
FACT,2026-08-22 13:00,60.80,51.80,72.21,310.00,11.00,0.00,30.30,M,6.21,M,BKN,M,M,M,3500.00,M,M,M,M,M,M,M,M,M,M,60.80,FACT 221300Z 31011KT 280V360 9999 BKN035 16/11 Q1026 NOSIG,M
FACT,2026-08-22 14:00,60.80,53.60,77.15,310.00,11.00,0.00,30.33,M,6.21,M,BKN,M,M,M,3500.00,M,M,M,M,M,M,M,M,M,M,60.80,FACT 221400Z 31011KT 290V350 9999 BKN035 16/12 Q1027 NOSIG,M
FACT,2026-08-22 15:00,59.00,51.80,76.99,310.00,9.00,0.00,30.33,M,6.21,M,BKN,M,M,M,3000.00,M,M,M,M,M,M,M,M,M,M,59.00,FACT 221500Z 31009KT 290V360 9999 BKN030 15/11 Q1027 NOSIG,M
FACT,2026-08-22 16:00,57.20,53.60,87.75,320.00,9.00,0.00,30.33,M,6.21,M,FEW,BKN,M,M,2000.00,3500.00,M,M,M,M,M,M,M,M,M,57.20,FACT 221600Z 32009KT 9999 FEW020 BKN035 14/12 Q1027 NOSIG,M
FACT,2026-08-22 17:00,57.20,53.60,87.75,340.00,9.00,0.00,30.36,M,6.21,M,BKN,M,M,M,4000.00,M,M,M,M,M,M,M,M,M,M,57.20,FACT 221700Z 34009KT 9999 BKN040 14/12 Q1028 NOSIG,M
FACT,2026-08-22 18:00,55.40,51.80,87.65,10.00,7.00,0.00,30.36,M,6.21,M,SCT,M,M,M,2500.00,M,M,M,M,M,M,M,M,M,M,55.40,FACT 221800Z 01007KT 9999 SCT025 13/11 Q1028 NOSIG,M
FACT,2026-08-22 19:00,55.40,55.40,100.00,360.00,6.00,0.00,30.36,M,6.21,M,SCT,M,M,M,2900.00,M,M,M,M,M,M,M,M,M,M,55.40,FACT 221900Z 36006KT 9999 SCT029 13/13 Q1028 NOSIG,M
FACT,2026-08-22 20:00,55.40,55.40,100.00,M,1.00,0.00,30.39,M,6.21,M,SCT,M,M,M,2700.00,M,M,M,M,M,M,M,M,M,M,55.40,FACT 222000Z VRB01KT 9999 SCT027 13/13 Q1029 NOSIG,M
FACT,2026-08-22 21:00,57.20,55.40,93.70,M,2.00,0.00,30.39,M,6.21,M,SCT,BKN,M,M,700.00,2300.00,M,M,M,M,M,M,M,M,M,57.20,COR FACT 222100Z VRB02KT 9999 SCT007 BKN023 14/13 Q1029 TEMPO BKN007,M
FACT,2026-08-22 22:00,57.20,55.40,93.70,220.00,4.00,0.00,30.39,M,6.21,M,SCT,BKN,M,M,700.00,3400.00,M,M,M,M,M,M,M,M,M,57.20,FACT 222200Z 22004KT 9999 SCT007 BKN034 14/13 Q1029 TEMPO BKN007,M
FACT,2026-08-22 23:00,55.40,55.40,100.00,150.00,2.00,0.00,30.39,M,6.21,M,FEW,BKN,M,M,1000.00,3600.00,M,M,M,M,M,M,M,M,M,55.40,FACT 222300Z 15002KT 9999 FEW010 BKN036 13/13 Q1029 NOSIG,M
FACT,2026-08-23 00:00,55.40,55.40,100.00,180.00,4.00,0.00,30.39,M,6.21,M,FEW,SCT,M,M,1600.00,3500.00,M,M,M,M,M,M,M,M,M,55.40,FACT 230000Z 18004KT 9999 FEW016 SCT035 13/13 Q1029 NOSIG,M
FACT,2026-08-23 01:00,50.00,50.00,100.00,0.00,0.00,0.00,30.36,M,6.21,M,FEW,M,M,M,4000.00,M,M,M,M,M,M,M,M,M,M,50.00,FACT 230100Z 00000KT 9999 FEW040 10/10 Q1028 NOSIG,M
FACT,2026-08-23 02:00,50.00,50.00,100.00,220.00,3.00,0.00,30.36,M,2.49,M,NSC,M,M,M,M,M,M,M,BR,M,M,M,M,M,M,50.00,FACT 230200Z 22003KT 4000 R01/0375 BR NSC 10/10 Q1028 TEMPO 1500,M
FACT,2026-08-23 02:27,51.80,51.80,100.00,220.00,5.00,0.00,30.36,M,6.21,M,M,M,M,M,M,M,M,M,M,M,M,M,M,M,M,51.80,FACT 230227Z 22005KT CAVOK 11/11 Q1028 NOSIG,M
FACT,2026-08-23 03:00,51.80,51.80,100.00,M,1.00,0.00,30.36,M,4.35,M,NSC,M,M,M,M,M,M,M,M,M,M,M,M,M,M,51.80,FACT 230300Z VRB01KT 7000 NSC 11/11 Q1028 NOSIG,M
FACT,2026-08-23 03:28,48.20,48.20,100.00,70.00,2.00,0.00,30.36,M,0.12,M,NSC,M,M,M,M,M,M,M,FG,M,M,M,M,M,M,48.20,FACT 230328Z 07002KT 0200 R19/0250 FG NSC 09/09 Q1028 NOSIG,M
FACT,2026-08-23 04:00,48.20,48.20,100.00,80.00,3.00,0.00,30.36,M,0.12,M,NSC,M,M,M,M,M,M,M,FG,M,M,M,M,M,M,47.21,FACT 230400Z 08003KT 0200 R19/0300 FG NSC 09/09 Q1028 NOSIG,M
FACT,2026-08-23 04:29,48.20,48.20,100.00,M,2.00,0.00,30.36,M,0.12,M,NSC,M,M,M,M,M,M,M,FG,M,M,M,M,M,M,48.20,FACT 230429Z VRB02KT 0200 R19/0375 FG NSC 09/09 Q1028 NOSIG,M
FACT,2026-08-23 05:00,48.20,48.20,100.00,70.00,3.00,0.00,30.36,M,0.12,M,NSC,M,M,M,M,M,M,M,FG,M,M,M,M,M,M,47.21,FACT 230500Z 07003KT 0200 R19/0500 FG NSC 09/09 Q1028 BECMG 2000 BR,M
FACT,2026-08-23 05:29,46.40,46.40,100.00,80.00,3.00,0.00,30.36,M,0.37,M,NSC,M,M,M,M,M,M,M,FG,M,M,M,M,M,M,45.15,FACT 230529Z 08003KT 0600 R19/0225 FG NSC 08/08 Q1028 BECMG 2000 BR,M
FACT,2026-08-23 05:56,46.40,46.40,100.00,60.00,3.00,0.00,30.39,M,0.25,M,SCT,M,M,M,200.00,M,M,M,FG,M,M,M,M,M,M,45.15,FACT 230556Z 06003KT 0400 R19/0600 FG SCT002 08/08 Q1029 BECMG 2000 BR,M
FACT,2026-08-23 06:00,46.40,46.40,100.00,60.00,3.00,0.00,30.39,M,0.25,M,SCT,M,M,M,200.00,M,M,M,FG,M,M,M,M,M,M,45.15,FACT 230600Z 06003KT 0400 R19/0600 FG SCT002 08/08 Q1029 BECMG 2000 BR,M
FACT,2026-08-23 06:27,51.80,51.80,100.00,70.00,3.00,0.00,30.39,M,0.93,M,BKN,M,M,M,600.00,M,M,M,BR,M,M,M,M,M,M,51.80,FACT 230627Z 07003KT 1500 BR BKN006 11/11 Q1029 BECMG 3000,M
FACT,2026-08-23 06:53,55.40,53.60,93.65,M,3.00,0.00,30.39,M,2.49,M,FEW,M,M,M,600.00,M,M,M,BR,M,M,M,M,M,M,55.40,FACT 230653Z VRB03KT 4000 BR FEW006 13/12 Q1029 BECMG 6000,M
FACT,2026-08-23 07:00,55.40,53.60,93.65,M,3.00,0.00,30.39,M,2.49,M,FEW,M,M,M,600.00,M,M,M,BR,M,M,M,M,M,M,55.40,FACT 230700Z VRB03KT 4000 BR FEW006 13/12 Q1029 BECMG 6000,M
FACT,2026-08-23 07:23,57.20,57.20,100.00,200.00,9.00,0.00,30.39,M,3.73,M,FEW,M,M,M,1000.00,M,M,M,M,M,M,M,M,M,M,57.20,FACT 230723Z 20009KT 6000 FEW010 14/14 Q1029 NOSIG,M
FACT,2026-08-23 07:56,60.80,53.60,77.15,190.00,10.00,0.00,30.39,M,6.21,M,M,M,M,M,M,M,M,M,M,M,M,M,M,M,M,60.80,FACT 230756Z 19010KT CAVOK 16/12 Q1029 NOSIG,M
FACT,2026-08-23 08:00,60.80,53.60,77.15,190.00,10.00,0.00,30.39,M,6.21,M,M,M,M,M,M,M,M,M,M,M,M,M,M,M,M,60.80,FACT 230800Z 19010KT CAVOK 16/12 Q1029 NOSIG,M
FACT,2026-08-23 09:00,64.40,50.00,59.52,180.00,10.00,0.00,30.36,M,6.21,M,M,M,M,M,M,M,M,M,M,M,M,M,M,M,M,64.40,FACT 230900Z 18010KT CAVOK 18/10 Q1028 NOSIG,M
FACT,2026-08-23 10:00,64.40,48.20,55.65,200.00,10.00,0.00,30.36,M,6.21,M,M,M,M,M,M,M,M,M,M,M,M,M,M,M,M,64.40,FACT 231000Z 20010KT 160V230 CAVOK 18/09 Q1028 NOSIG,M
FACT,2026-08-23 11:00,66.20,46.40,48.85,220.00,9.00,0.00,30.33,M,6.21,M,M,M,M,M,M,M,M,M,M,M,M,M,M,M,M,66.20,FACT 231100Z 22009KT CAVOK 19/08 Q1027 NOSIG,M
FACT,2026-08-23 12:00,66.20,48.20,52.27,190.00,12.00,0.00,30.33,M,6.21,M,M,M,M,M,M,M,M,M,M,M,M,M,M,M,M,66.20,FACT 231200Z 19012KT 150V210 CAVOK 19/09 Q1027 NOSIG,M
FACT,2026-08-23 13:00,64.40,48.20,55.65,170.00,11.00,0.00,30.30,M,6.21,M,M,M,M,M,M,M,M,M,M,M,M,M,M,M,M,64.40,FACT 231300Z 17011KT 140V200 CAVOK 18/09 Q1026 NOSIG,M
FACT,2026-08-23 14:00,64.40,46.40,52.00,170.00,10.00,0.00,30.30,M,6.21,M,M,M,M,M,M,M,M,M,M,M,M,M,M,M,M,64.40,FACT 231400Z 17010KT CAVOK 18/08 Q1026 NOSIG,M
FACT,2026-08-23 15:00,62.60,46.40,55.39,170.00,12.00,0.00,30.30,M,6.21,M,M,M,M,M,M,M,M,M,M,M,M,M,M,M,M,62.60,FACT 231500Z 17012KT CAVOK 17/08 Q1026 NOSIG,M
FACT,2026-08-23 16:00,59.00,50.00,72.02,170.00,11.00,0.00,30.30,M,6.21,M,M,M,M,M,M,M,M,M,M,M,M,M,M,M,M,59.00,FACT 231600Z 17011KT CAVOK 15/10 Q1026 NOSIG,M
FACT,2026-08-23 17:00,59.00,51.80,76.99,190.00,11.00,0.00,30.30,M,6.21,M,M,M,M,M,M,M,M,M,M,M,M,M,M,M,M,59.00,FACT 231700Z 19011KT CAVOK 15/11 Q1026 NOSIG,M
FACT,2026-08-23 18:00,57.20,51.80,82.13,190.00,10.00,0.00,30.30,M,6.21,M,M,M,M,M,M,M,M,M,M,M,M,M,M,M,M,57.20,FACT 231800Z 19010KT CAVOK 14/11 Q1026 NOSIG,M
FACT,2026-08-23 19:00,57.20,51.80,82.13,200.00,11.00,0.00,30.30,M,6.21,M,M,M,M,M,M,M,M,M,M,M,M,M,M,M,M,57.20,FACT 231900Z 20011KT CAVOK 14/11 Q1026 NOSIG,M
FACT,2026-08-23 20:00,57.20,53.60,87.75,200.00,10.00,0.00,30.30,M,6.21,M,M,M,M,M,M,M,M,M,M,M,M,M,M,M,M,57.20,FACT 232000Z 20010KT CAVOK 14/12 Q1026 NOSIG,M
FACT,2026-08-23 21:00,55.40,53.60,93.65,200.00,10.00,0.00,30.30,M,6.21,M,M,M,M,M,M,M,M,M,M,M,M,M,M,M,M,55.40,FACT 232100Z 20010KT CAVOK 13/12 Q1026 NOSIG,M
FACT,2026-08-23 22:00,57.20,51.80,82.13,200.00,12.00,0.00,30.30,M,6.21,M,M,M,M,M,M,M,M,M,M,M,M,M,M,M,M,57.20,FACT 232200Z 20012KT CAVOK 14/11 Q1026 NOSIG,M
FACT,2026-08-23 23:00,55.40,51.80,87.65,210.00,11.00,0.00,30.27,M,6.21,M,M,M,M,M,M,M,M,M,M,M,M,M,M,M,M,55.40,FACT 232300Z 21011KT CAVOK 13/11 Q1025 NOSIG,M
FACT,2026-08-24 00:00,55.40,50.00,82.00,220.00,11.00,0.00,30.27,M,6.21,M,M,M,M,M,M,M,M,M,M,M,M,M,M,M,M,55.40,FACT 240000Z 22011KT CAVOK 13/10 Q1025 NOSIG,M
FACT,2026-08-24 01:00,55.40,50.00,82.00,210.00,10.00,0.00,30.24,M,6.21,M,M,M,M,M,M,M,M,M,M,M,M,M,M,M,M,55.40,FACT 240100Z 21010KT CAVOK 13/10 Q1024 NOSIG,M
FACT,2026-08-24 02:00,55.40,50.00,82.00,210.00,11.00,0.00,30.24,M,6.21,M,M,M,M,M,M,M,M,M,M,M,M,M,M,M,M,55.40,FACT 240200Z 21011KT CAVOK 13/10 Q1024 NOSIG,M
FACT,2026-08-24 03:00,55.40,50.00,82.00,200.00,12.00,0.00,30.24,M,6.21,M,M,M,M,M,M,M,M,M,M,M,M,M,M,M,M,55.40,FACT 240300Z 20012KT CAVOK 13/10 Q1024 NOSIG,M
FACT,2026-08-24 04:00,55.40,50.00,82.00,210.00,11.00,0.00,30.24,M,6.21,M,M,M,M,M,M,M,M,M,M,M,M,M,M,M,M,55.40,FACT 240400Z 21011KT CAVOK 13/10 Q1024 NOSIG,M
FACT,2026-08-24 05:00,55.40,50.00,82.00,200.00,12.00,0.00,30.24,M,6.21,M,M,M,M,M,M,M,M,M,M,M,M,M,M,M,M,55.40,FACT 240500Z 20012KT CAVOK 13/10 Q1024 NOSIG,M
FACT,2026-08-24 06:00,55.40,50.00,82.00,210.00,13.00,0.00,30.24,M,6.21,M,M,M,M,M,M,M,M,M,M,M,M,M,M,M,M,55.40,FACT 240600Z 21013KT CAVOK 13/10 Q1024 NOSIG,M
FACT,2026-08-24 07:00,59.00,51.80,76.99,200.00,17.00,0.00,30.24,M,6.21,M,M,M,M,M,M,M,M,M,M,M,M,M,M,M,M,59.00,FACT 240700Z 20017KT CAVOK 15/11 Q1024 NOSIG,M
FACT,2026-08-24 08:00,60.80,51.80,72.21,200.00,14.00,0.00,30.27,M,6.21,M,M,M,M,M,M,M,M,M,M,M,M,M,M,M,M,60.80,FACT 240800Z 20014KT CAVOK 16/11 Q1025 NOSIG,M
FACT,2026-08-24 09:00,62.60,50.00,63.39,190.00,15.00,0.00,30.24,M,6.21,M,M,M,M,M,M,M,M,M,M,M,M,M,M,M,M,62.60,FACT 240900Z 19015KT CAVOK 17/10 Q1024 NOSIG,M
FACT,2026-08-24 10:00,62.60,50.00,63.39,210.00,15.00,0.00,30.24,M,6.21,M,M,M,M,M,M,M,M,M,M,M,M,M,M,M,M,62.60,FACT 241000Z 21015KT CAVOK 17/10 Q1024 NOSIG,M
FACT,2026-08-24 11:00,64.40,51.80,63.62,200.00,16.00,0.00,30.24,M,6.21,M,M,M,M,M,M,M,M,M,M,M,M,M,M,M,M,64.40,FACT 241100Z 20016KT CAVOK 18/11 Q1024 NOSIG,M
FACT,2026-08-24 12:00,64.40,51.80,63.62,190.00,17.00,0.00,30.21,M,6.21,M,M,M,M,M,M,M,M,M,M,M,M,M,M,M,M,64.40,FACT 241200Z 19017KT CAVOK 18/11 Q1023 NOSIG,M
FACT,2026-08-24 13:00,62.60,51.80,67.76,180.00,18.00,0.00,30.21,M,6.21,M,M,M,M,M,M,M,M,M,M,M,M,M,M,M,M,62.60,FACT 241300Z 18018KT CAVOK 17/11 Q1023 NOSIG,M
FACT,2026-08-24 14:00,62.60,51.80,67.76,180.00,18.00,0.00,30.21,M,6.21,M,M,M,M,M,M,M,M,M,M,M,M,M,M,M,M,62.60,FACT 241400Z 18018KT CAVOK 17/11 Q1023 NOSIG,M
FACT,2026-08-24 15:00,60.80,51.80,72.21,190.00,15.00,0.00,30.18,M,6.21,M,M,M,M,M,M,M,M,M,M,M,M,M,M,M,M,60.80,FACT 241500Z 19015KT CAVOK 16/11 Q1022 NOSIG,M
FACT,2026-08-24 16:00,59.00,51.80,76.99,190.00,17.00,0.00,30.18,M,6.21,M,FEW,M,M,M,1500.00,M,M,M,M,M,M,M,M,M,M,59.00,FACT 241600Z 19017KT 9999 FEW015 15/11 Q1022 NOSIG,M
FACT,2026-08-24 17:00,57.20,51.80,82.13,200.00,15.00,0.00,30.18,M,6.21,M,FEW,M,M,M,1500.00,M,M,M,M,M,M,M,M,M,M,57.20,COR FACT 241700Z 20015KT 9999 FEW015 14/11 Q1022 NOSIG,M
FACT,2026-08-24 18:00,57.20,51.80,82.13,200.00,16.00,0.00,30.18,M,6.21,M,FEW,M,M,M,1500.00,M,M,M,M,M,M,M,M,M,M,57.20,FACT 241800Z 20016KT 9999 FEW015 14/11 Q1022 NOSIG,M
FACT,2026-08-24 19:00,57.20,51.80,82.13,200.00,16.00,0.00,30.18,M,6.21,M,M,M,M,M,M,M,M,M,M,M,M,M,M,M,M,57.20,FACT 241900Z 20016KT CAVOK 14/11 Q1022 NOSIG,M
FACT,2026-08-24 20:00,55.40,51.80,87.65,200.00,15.00,0.00,30.18,M,6.21,M,M,M,M,M,M,M,M,M,M,M,M,M,M,M,M,55.40,FACT 242000Z 20015KT CAVOK 13/11 Q1022 NOSIG,M
FACT,2026-08-24 21:00,55.40,51.80,87.65,200.00,14.00,0.00,30.18,M,6.21,M,M,M,M,M,M,M,M,M,M,M,M,M,M,M,M,55.40,FACT 242100Z 20014KT CAVOK 13/11 Q1022 NOSIG,M
FACT,2026-08-24 22:00,55.40,51.80,87.65,210.00,13.00,0.00,30.18,M,6.21,M,M,M,M,M,M,M,M,M,M,M,M,M,M,M,M,55.40,FACT 242200Z 21013KT CAVOK 13/11 Q1022 NOSIG,M
FACT,2026-08-24 23:00,55.40,51.80,87.65,210.00,17.00,0.00,30.15,M,6.21,M,M,M,M,M,M,M,M,M,M,M,M,M,M,M,M,55.40,FACT 242300Z 21017KT CAVOK 13/11 Q1021 NOSIG,M
FACT,2026-08-25 00:00,55.40,51.80,87.65,210.00,16.00,0.00,30.15,M,6.21,M,M,M,M,M,M,M,M,M,M,M,M,M,M,M,M,55.40,FACT 250000Z 21016KT CAVOK 13/11 Q1021 NOSIG,M
FACT,2026-08-25 01:00,55.40,51.80,87.65,210.00,15.00,0.00,30.15,M,6.21,M,M,M,M,M,M,M,M,M,M,M,M,M,M,M,M,55.40,FACT 250100Z 21015KT CAVOK 13/11 Q1021 NOSIG,M
FACT,2026-08-25 02:00,55.40,50.00,82.00,210.00,15.00,0.00,30.12,M,6.21,M,M,M,M,M,M,M,M,M,M,M,M,M,M,M,M,55.40,FACT 250200Z 21015KT CAVOK 13/10 Q1020 NOSIG,M
FACT,2026-08-25 03:00,55.40,50.00,82.00,210.00,14.00,0.00,30.12,M,6.21,M,M,M,M,M,M,M,M,M,M,M,M,M,M,M,M,55.40,FACT 250300Z 21014KT CAVOK 13/10 Q1020 NOSIG,M
FACT,2026-08-25 04:00,53.60,50.00,87.56,210.00,10.00,0.00,30.12,M,6.21,M,M,M,M,M,M,M,M,M,M,M,M,M,M,M,M,53.60,FACT 250400Z 21010KT CAVOK 12/10 Q1020 NOSIG,M
FACT,2026-08-25 05:00,53.60,50.00,87.56,210.00,7.00,0.00,30.15,M,6.21,M,M,M,M,M,M,M,M,M,M,M,M,M,M,M,M,53.60,FACT 250500Z 21007KT CAVOK 12/10 Q1021 NOSIG,M
FACT,2026-08-25 06:00,55.40,50.00,82.00,230.00,10.00,0.00,30.15,M,6.21,M,M,M,M,M,M,M,M,M,M,M,M,M,M,M,M,55.40,FACT 250600Z 23010KT CAVOK 13/10 Q1021 NOSIG,M
FACT,2026-08-25 07:00,59.00,51.80,76.99,220.00,14.00,0.00,30.15,M,6.21,M,M,M,M,M,M,M,M,M,M,M,M,M,M,M,M,59.00,FACT 250700Z 22014KT CAVOK 15/11 Q1021 NOSIG,M
FACT,2026-08-25 07:22,62.60,50.00,63.39,200.00,16.00,0.00,30.15,M,6.21,M,M,M,M,M,M,M,M,M,M,M,M,M,M,M,M,62.60,FACT 250722Z 20016KT 170V230 CAVOK 17/10 Q1021 NOSIG,M
FACT,2026-08-25 08:00,64.40,50.00,59.52,210.00,16.00,0.00,30.15,M,6.21,M,M,M,M,M,M,M,M,M,M,M,M,M,M,M,M,64.40,FACT 250800Z 21016KT CAVOK 18/10 Q1021 NOSIG,M
FACT,2026-08-25 09:00,66.20,50.00,55.91,210.00,17.00,0.00,30.15,M,6.21,M,M,M,M,M,M,M,M,M,M,M,M,M,M,M,M,66.20,FACT 250900Z 21017KT CAVOK 19/10 Q1021 NOSIG,M
FACT,2026-08-25 10:00,68.00,51.80,56.16,210.00,17.00,0.00,30.15,M,6.21,M,M,M,M,M,M,M,M,M,M,M,M,M,M,M,M,68.00,FACT 251000Z 21017KT CAVOK 20/11 Q1021 NOSIG,M
FACT,2026-08-25 11:00,69.80,50.00,49.40,200.00,18.00,0.00,30.12,M,6.21,M,M,M,M,M,M,M,M,M,M,M,M,M,M,M,M,69.80,FACT 251100Z 20018KT CAVOK 21/10 Q1020 NOSIG,M
FACT,2026-08-25 12:00,71.60,50.00,46.47,190.00,17.00,0.00,30.09,M,6.21,M,M,M,M,M,M,M,M,M,M,M,M,M,M,M,M,71.60,FACT 251200Z 19017KT CAVOK 22/10 Q1019 NOSIG,M
FACT,2026-08-25 13:00,71.60,51.80,49.67,200.00,19.00,0.00,30.09,M,6.21,M,M,M,M,M,M,M,M,M,M,M,M,M,M,M,M,71.60,FACT 251300Z 20019KT CAVOK 22/11 Q1019 NOSIG,M
FACT,2026-08-25 14:00,71.60,51.80,49.67,190.00,19.00,0.00,30.06,M,6.21,M,M,M,M,M,M,M,M,M,M,M,M,M,M,M,M,71.60,FACT 251400Z 19019KT CAVOK 22/11 Q1018 NOSIG,M
FACT,2026-08-25 15:00,69.80,51.80,52.81,190.00,18.00,0.00,30.06,M,6.21,M,M,M,M,M,M,M,M,M,M,M,M,M,M,M,M,69.80,FACT 251500Z 19018KT CAVOK 21/11 Q1018 NOSIG,M
FACT,2026-08-25 16:00,68.00,51.80,56.16,180.00,17.00,0.00,30.06,M,6.21,M,M,M,M,M,M,M,M,M,M,M,M,M,M,M,M,68.00,FACT 251600Z 18017KT CAVOK 20/11 Q1018 NOSIG,M
FACT,2026-08-25 17:00,64.40,51.80,63.62,170.00,15.00,0.00,30.06,M,6.21,M,M,M,M,M,M,M,M,M,M,M,M,M,M,M,M,64.40,FACT 251700Z 17015KT CAVOK 18/11 Q1018 NOSIG,M
FACT,2026-08-25 18:00,62.60,51.80,67.76,160.00,13.00,0.00,30.09,M,6.21,M,M,M,M,M,M,M,M,M,M,M,M,M,M,M,M,62.60,FACT 251800Z 16013KT CAVOK 17/11 Q1019 NOSIG,M
FACT,2026-08-25 19:00,60.80,50.00,67.55,170.00,13.00,0.00,30.09,M,6.21,M,M,M,M,M,M,M,M,M,M,M,M,M,M,M,M,60.80,FACT 251900Z 17013KT CAVOK 16/10 Q1019 NOSIG,M
FACT,2026-08-25 20:00,59.00,50.00,72.02,170.00,12.00,0.00,30.06,M,6.21,M,M,M,M,M,M,M,M,M,M,M,M,M,M,M,M,59.00,FACT 252000Z 17012KT CAVOK 15/10 Q1018 NOSIG,M
FACT,2026-08-25 21:00,59.00,50.00,72.02,160.00,14.00,0.00,30.06,M,6.21,M,M,M,M,M,M,M,M,M,M,M,M,M,M,M,M,59.00,FACT 252100Z 16014KT CAVOK 15/10 Q1018 NOSIG,M
FACT,2026-08-25 22:00,59.00,50.00,72.02,140.00,6.00,0.00,30.06,M,6.21,M,M,M,M,M,M,M,M,M,M,M,M,M,M,M,M,59.00,FACT 252200Z 14006KT CAVOK 15/10 Q1018 NOSIG,M
FACT,2026-08-25 23:00,53.60,46.40,76.51,170.00,5.00,0.00,30.06,M,6.21,M,M,M,M,M,M,M,M,M,M,M,M,M,M,M,M,53.60,FACT 252300Z 17005KT CAVOK 12/08 Q1018 NOSIG,M
FACT,2026-08-26 00:00,48.20,44.60,87.28,M,1.00,0.00,30.06,M,6.21,M,M,M,M,M,M,M,M,M,M,M,M,M,M,M,M,48.20,FACT 260000Z VRB01KT CAVOK 09/07 Q1018 NOSIG,M
FACT,2026-08-26 01:00,46.40,42.80,87.18,M,1.00,0.00,30.03,M,6.21,M,M,M,M,M,M,M,M,M,M,M,M,M,M,M,M,46.40,FACT 260100Z VRB01KT CAVOK 08/06 Q1017 NOSIG,M
FACT,2026-08-26 02:00,46.40,42.80,87.18,M,2.00,0.00,30.03,M,6.21,M,M,M,M,M,M,M,M,M,M,M,M,M,M,M,M,46.40,FACT 260200Z VRB02KT CAVOK 08/06 Q1017 NOSIG,M
FACT,2026-08-26 02:23,50.00,44.60,81.60,M,3.00,0.00,30.03,M,6.21,M,M,M,M,M,M,M,M,M,M,M,M,M,M,M,M,50.00,FACT 260223Z VRB03KT CAVOK 10/07 Q1017 NOSIG,M
FACT,2026-08-26 03:00,50.00,44.60,81.60,M,2.00,0.00,30.03,M,6.21,M,M,M,M,M,M,M,M,M,M,M,M,M,M,M,M,50.00,FACT 260300Z VRB02KT CAVOK 10/07 Q1017 NOSIG,M
FACT,2026-08-26 04:00,48.20,44.60,87.28,M,2.00,0.00,30.03,M,6.21,M,M,M,M,M,M,M,M,M,M,M,M,M,M,M,M,48.20,FACT 260400Z VRB02KT CAVOK 09/07 Q1017 NOSIG,M
FACT,2026-08-26 05:00,50.00,44.60,81.60,270.00,3.00,0.00,30.03,M,6.21,M,M,M,M,M,M,M,M,M,M,M,M,M,M,M,M,50.00,FACT 260500Z 27003KT CAVOK 10/07 Q1017 NOSIG,M
FACT,2026-08-26 06:00,48.20,44.60,87.28,M,3.00,0.00,30.06,M,6.21,M,M,M,M,M,M,M,M,M,M,M,M,M,M,M,M,47.21,FACT 260600Z VRB03KT CAVOK 09/07 Q1018 NOSIG,M
FACT,2026-08-26 06:26,51.80,46.40,81.74,M,2.00,0.00,30.06,M,6.21,M,M,M,M,M,M,M,M,M,M,M,M,M,M,M,M,51.80,FACT 260626Z VRB02KT CAVOK 11/08 Q1018 NOSIG,M
FACT,2026-08-26 06:53,55.40,48.20,76.67,M,3.00,0.00,30.06,M,6.21,M,M,M,M,M,M,M,M,M,M,M,M,M,M,M,M,55.40,FACT 260653Z VRB03KT CAVOK 13/09 Q1018 NOSIG,M
FACT,2026-08-26 07:00,55.40,48.20,76.67,M,3.00,0.00,30.06,M,6.21,M,M,M,M,M,M,M,M,M,M,M,M,M,M,M,M,55.40,FACT 260700Z VRB03KT CAVOK 13/09 Q1018 NOSIG,M
FACT,2026-08-26 07:12,59.00,50.00,72.02,160.00,5.00,0.00,30.06,M,6.21,M,M,M,M,M,M,M,M,M,M,M,M,M,M,M,M,59.00,FACT 260712Z 16005KT CAVOK 15/10 Q1018 NOSIG,M
FACT,2026-08-26 07:25,62.60,50.00,63.39,160.00,8.00,0.00,30.06,M,6.21,M,M,M,M,M,M,M,M,M,M,M,M,M,M,M,M,62.60,FACT 260725Z 16008KT CAVOK 17/10 Q1018 NOSIG,M
FACT,2026-08-26 07:56,66.20,48.20,52.27,200.00,6.00,0.00,30.06,M,6.21,M,M,M,M,M,M,M,M,M,M,M,M,M,M,M,M,66.20,FACT 260756Z 20006KT 160V220 CAVOK 19/09 Q1018 NOSIG,M
FACT,2026-08-26 08:00,66.20,48.20,52.27,200.00,6.00,0.00,30.06,M,6.21,M,M,M,M,M,M,M,M,M,M,M,M,M,M,M,M,66.20,FACT 260800Z 20006KT 160V220 CAVOK 19/09 Q1018 NOSIG,M
FACT,2026-08-26 09:00,69.80,48.20,46.19,M,3.00,0.00,30.06,M,6.21,M,M,M,M,M,M,M,M,M,M,M,M,M,M,M,M,69.80,FACT 260900Z VRB03KT CAVOK 21/09 Q1018 NOSIG,M
FACT,2026-08-26 10:00,73.40,48.20,40.89,180.00,8.00,0.00,30.06,M,6.21,M,M,M,M,M,M,M,M,M,M,M,M,M,M,M,M,73.40,FACT 261000Z 18008KT 140V210 CAVOK 23/09 Q1018 NOSIG,M
FACT,2026-08-26 11:00,73.40,50.00,43.73,180.00,8.00,0.00,30.06,M,6.21,M,M,M,M,M,M,M,M,M,M,M,M,M,M,M,M,73.40,FACT 261100Z 18008KT CAVOK 23/10 Q1018 NOSIG,M
FACT,2026-08-26 12:00,75.20,48.20,38.50,190.00,7.00,0.00,30.00,M,6.21,M,M,M,M,M,M,M,M,M,M,M,M,M,M,M,M,75.20,FACT 261200Z 19007KT 150V230 CAVOK 24/09 Q1016 NOSIG,M
FACT,2026-08-26 13:00,77.00,48.20,36.27,190.00,7.00,0.00,30.00,M,6.21,M,M,M,M,M,M,M,M,M,M,M,M,M,M,M,M,77.00,FACT 261300Z 19007KT 160V220 CAVOK 25/09 Q1016 NOSIG,M
FACT,2026-08-26 14:00,77.00,46.40,33.89,180.00,8.00,0.00,30.00,M,6.21,M,M,M,M,M,M,M,M,M,M,M,M,M,M,M,M,77.00,FACT 261400Z 18008KT CAVOK 25/08 Q1016 NOSIG,M
FACT,2026-08-26 15:00,77.00,46.40,33.89,200.00,7.00,0.00,30.00,M,6.21,M,M,M,M,M,M,M,M,M,M,M,M,M,M,M,M,77.00,FACT 261500Z 20007KT 170V230 CAVOK 25/08 Q1016 NOSIG,M
FACT,2026-08-26 16:00,73.40,50.00,43.73,210.00,5.00,0.00,30.00,M,6.21,M,M,M,M,M,M,M,M,M,M,M,M,M,M,M,M,73.40,FACT 261600Z 21005KT CAVOK 23/10 Q1016 NOSIG,M
FACT,2026-08-26 17:00,64.40,51.80,63.62,180.00,3.00,0.00,30.00,M,6.21,M,M,M,M,M,M,M,M,M,M,M,M,M,M,M,M,64.40,FACT 261700Z 18003KT CAVOK 18/11 Q1016 NOSIG,M
FACT,2026-08-26 18:00,57.20,50.00,76.83,160.00,4.00,0.00,30.00,M,6.21,M,M,M,M,M,M,M,M,M,M,M,M,M,M,M,M,57.20,FACT 261800Z 16004KT CAVOK 14/10 Q1016 NOSIG,M
FACT,2026-08-26 19:00,59.00,50.00,72.02,M,1.00,0.00,30.00,M,6.21,M,M,M,M,M,M,M,M,M,M,M,M,M,M,M,M,59.00,FACT 261900Z VRB01KT CAVOK 15/10 Q1016 NOSIG,M
FACT,2026-08-26 20:00,57.20,51.80,82.13,M,1.00,0.00,30.03,M,6.21,M,M,M,M,M,M,M,M,M,M,M,M,M,M,M,M,57.20,FACT 262000Z VRB01KT CAVOK 14/11 Q1017 NOSIG,M
FACT,2026-08-26 21:00,53.60,48.20,81.87,50.00,5.00,0.00,30.03,M,6.21,M,M,M,M,M,M,M,M,M,M,M,M,M,M,M,M,53.60,FACT 262100Z 05005KT CAVOK 12/09 Q1017 NOSIG,M
FACT,2026-08-26 22:00,53.60,50.00,87.56,M,2.00,0.00,30.03,M,6.21,M,M,M,M,M,M,M,M,M,M,M,M,M,M,M,M,53.60,FACT 262200Z VRB02KT CAVOK 12/10 Q1017 NOSIG,M
FACT,2026-08-26 23:00,51.80,48.20,87.47,200.00,3.00,0.00,30.00,M,6.21,M,M,M,M,M,M,M,M,M,M,M,M,M,M,M,M,51.80,FACT 262300Z 20003KT CAVOK 11/09 Q1016 NOSIG,M
FACT,2026-08-27 00:00,51.80,48.20,87.47,M,2.00,0.00,30.03,M,6.21,M,M,M,M,M,M,M,M,M,M,M,M,M,M,M,M,51.80,FACT 270000Z VRB02KT CAVOK 11/09 Q1017 NOSIG,M
FACT,2026-08-27 01:00,51.80,46.40,81.74,100.00,4.00,0.00,30.00,M,6.21,M,M,M,M,M,M,M,M,M,M,M,M,M,M,M,M,51.80,FACT 270100Z 10004KT 080V210 CAVOK 11/08 Q1016 NOSIG,M
FACT,2026-08-27 02:00,51.80,46.40,81.74,M,1.00,0.00,29.97,M,6.21,M,M,M,M,M,M,M,M,M,M,M,M,M,M,M,M,51.80,FACT 270200Z VRB01KT CAVOK 11/08 Q1015 NOSIG,M
FACT,2026-08-27 03:00,51.80,46.40,81.74,M,2.00,0.00,29.97,M,6.21,M,M,M,M,M,M,M,M,M,M,M,M,M,M,M,M,51.80,FACT 270300Z VRB02KT CAVOK 11/08 Q1015 NOSIG,M
FACT,2026-08-27 04:00,51.80,44.60,76.34,70.00,6.00,0.00,29.97,M,6.21,M,M,M,M,M,M,M,M,M,M,M,M,M,M,M,M,51.80,FACT 270400Z 07006KT CAVOK 11/07 Q1015 NOSIG,M
FACT,2026-08-27 05:00,51.80,46.40,81.74,60.00,6.00,0.00,29.97,M,6.21,M,M,M,M,M,M,M,M,M,M,M,M,M,M,M,M,51.80,FACT 270500Z 06006KT CAVOK 11/08 Q1015 NOSIG,M
FACT,2026-08-27 05:27,55.40,44.60,66.91,M,1.00,0.00,30.00,M,6.21,M,M,M,M,M,M,M,M,M,M,M,M,M,M,M,M,55.40,FACT 270527Z VRB01KT CAVOK 13/07 Q1016 NOSIG,M
FACT,2026-08-27 06:00,55.40,46.40,71.65,M,3.00,0.00,30.00,M,6.21,M,M,M,M,M,M,M,M,M,M,M,M,M,M,M,M,55.40,FACT 270600Z VRB03KT CAVOK 13/08 Q1016 NOSIG,M
FACT,2026-08-27 07:00,57.20,50.00,76.83,20.00,4.00,0.00,30.03,M,6.21,M,M,M,M,M,M,M,M,M,M,M,M,M,M,M,M,57.20,FACT 270700Z 02004KT CAVOK 14/10 Q1017 NOSIG,M
FACT,2026-08-27 07:23,62.60,53.60,72.40,M,3.00,0.00,30.03,M,6.21,M,M,M,M,M,M,M,M,M,M,M,M,M,M,M,M,62.60,FACT 270723Z VRB03KT CAVOK 17/12 Q1017 NOSIG,M
FACT,2026-08-27 07:35,66.20,53.60,63.85,60.00,3.00,0.00,30.03,M,6.21,M,M,M,M,M,M,M,M,M,M,M,M,M,M,M,M,66.20,FACT 270735Z 06003KT CAVOK 19/12 Q1017 NOSIG,M
FACT,2026-08-27 07:55,69.80,51.80,52.81,20.00,4.00,0.00,30.03,M,6.21,M,M,M,M,M,M,M,M,M,M,M,M,M,M,M,M,69.80,FACT 270755Z 02004KT CAVOK 21/11 Q1017 NOSIG,M
FACT,2026-08-27 08:00,69.80,51.80,52.81,20.00,4.00,0.00,30.03,M,6.21,M,M,M,M,M,M,M,M,M,M,M,M,M,M,M,M,69.80,FACT 270800Z 02004KT CAVOK 21/11 Q1017 NOSIG,M
FACT,2026-08-27 08:27,75.20,48.20,38.50,330.00,7.00,0.00,30.03,M,6.21,M,M,M,M,M,M,M,M,M,M,M,M,M,M,M,M,75.20,FACT 270827Z 33007KT CAVOK 24/09 Q1017 NOSIG,M
FACT,2026-08-27 09:00,77.00,46.40,33.89,340.00,10.00,0.00,30.03,M,6.21,M,M,M,M,M,M,M,M,M,M,M,M,M,M,M,M,77.00,FACT 270900Z 34010KT CAVOK 25/08 Q1017 NOSIG,M
FACT,2026-08-27 10:00,75.20,46.40,35.98,320.00,11.00,0.00,30.03,M,6.21,M,M,M,M,M,M,M,M,M,M,M,M,M,M,M,M,75.20,FACT 271000Z 32011KT CAVOK 24/08 Q1017 NOSIG,M
FACT,2026-08-27 11:00,73.40,46.40,38.21,320.00,14.00,0.00,30.00,M,6.21,M,M,M,M,M,M,M,M,M,M,M,M,M,M,M,M,73.40,FACT 271100Z 32014KT CAVOK 23/08 Q1016 NOSIG,M
FACT,2026-08-27 12:00,75.20,48.20,38.50,320.00,14.00,0.00,30.00,M,6.21,M,M,M,M,M,M,M,M,M,M,M,M,M,M,M,M,75.20,FACT 271200Z 32014KT CAVOK 24/09 Q1016 NOSIG,M
FACT,2026-08-27 13:00,75.20,46.40,35.98,320.00,12.00,0.00,29.97,M,6.21,M,M,M,M,M,M,M,M,M,M,M,M,M,M,M,M,75.20,FACT 271300Z 32012KT CAVOK 24/08 Q1015 NOSIG,M
FACT,2026-08-27 14:00,73.40,46.40,38.21,310.00,10.00,0.00,29.97,M,6.21,M,M,M,M,M,M,M,M,M,M,M,M,M,M,M,M,73.40,FACT 271400Z 31010KT CAVOK 23/08 Q1015 NOSIG,M
FACT,2026-08-27 15:00,71.60,48.20,43.45,350.00,9.00,0.00,29.97,M,6.21,M,M,M,M,M,M,M,M,M,M,M,M,M,M,M,M,71.60,FACT 271500Z 35009KT CAVOK 22/09 Q1015 NOSIG,M
FACT,2026-08-27 16:00,66.20,51.80,59.76,50.00,4.00,0.00,30.00,M,6.21,M,M,M,M,M,M,M,M,M,M,M,M,M,M,M,M,66.20,FACT 271600Z 05004KT CAVOK 19/11 Q1016 NOSIG,M
FACT,2026-08-27 17:00,62.60,53.60,72.40,70.00,4.00,0.00,30.00,M,6.21,M,M,M,M,M,M,M,M,M,M,M,M,M,M,M,M,62.60,FACT 271700Z 07004KT 300V360 CAVOK 17/12 Q1016 NOSIG,M
FACT,2026-08-27 18:00,59.00,53.60,82.26,90.00,4.00,0.00,30.03,M,6.21,M,M,M,M,M,M,M,M,M,M,M,M,M,M,M,M,59.00,FACT 271800Z 09004KT CAVOK 15/12 Q1017 NOSIG,M
FACT,2026-08-27 19:00,57.20,53.60,87.75,330.00,4.00,0.00,30.03,M,6.21,M,M,M,M,M,M,M,M,M,M,M,M,M,M,M,M,57.20,FACT 271900Z 33004KT CAVOK 14/12 Q1017 NOSIG,M
FACT,2026-08-27 19:57,57.20,57.20,100.00,320.00,7.00,0.00,30.06,M,1.24,M,BKN,M,M,M,400.00,M,M,M,BR,M,M,M,M,M,M,57.20,FACT 271957Z 32007KT 2000 BR BKN004 14/14 Q1018 TEMPO 1000 BCFG BKN002,M
FACT,2026-08-27 20:00,57.20,57.20,100.00,320.00,7.00,0.00,30.06,M,1.24,M,BKN,M,M,M,400.00,M,M,M,BR,M,M,M,M,M,M,57.20,FACT 272000Z 32007KT 2000 BR BKN004 14/14 Q1018 TEMPO 1000 BCFG BKN002,M
FACT,2026-08-27 21:00,57.20,57.20,100.00,320.00,7.00,0.00,30.06,M,1.24,M,BKN,M,M,M,400.00,M,M,M,BR,M,M,M,M,M,M,57.20,FACT 272100Z 32007KT 2000 BR BKN004 14/14 Q1018 TEMPO 1000 BCFG BKN002,M
FACT,2026-08-27 21:59,55.40,55.40,100.00,330.00,7.00,0.00,30.03,M,0.56,M,BKN,M,M,M,200.00,M,M,M,FG,M,M,M,M,M,M,55.40,FACT 272159Z 33007KT 0900 R01/P1500 FG BKN002 13/13 Q1017 NOSIG,M
FACT,2026-08-27 22:00,55.40,55.40,100.00,330.00,7.00,0.00,30.03,M,0.56,M,BKN,M,M,M,200.00,M,M,M,FG,M,M,M,M,M,M,55.40,FACT 272200Z 33007KT 0900 R01/P1500 FG BKN002 13/13 Q1017 NOSIG,M
FACT,2026-08-27 22:03,55.40,55.40,100.00,330.00,7.00,0.00,30.03,M,0.56,M,BKN,M,M,M,200.00,M,M,M,FG,M,M,M,M,M,M,55.40,FACT 272203Z 33007KT 0900 R01/P1500 FG BKN002 13/13 Q1017 NOSIG,M
FACT,2026-08-27 22:57,55.40,55.40,100.00,320.00,8.00,0.00,30.03,M,2.49,M,BKN,M,M,M,400.00,M,M,M,BR,M,M,M,M,M,M,55.40,FACT 272257Z 32008KT 4000 BR BKN004 13/13 Q1017 NOSIG,M
FACT,2026-08-27 23:00,55.40,55.40,100.00,320.00,8.00,0.00,30.03,M,2.49,M,BKN,M,M,M,400.00,M,M,M,BR,M,M,M,M,M,M,55.40,FACT 272300Z 32008KT 4000 BR BKN004 13/13 Q1017 NOSIG,M
FACT,2026-08-27 23:58,55.40,55.40,100.00,330.00,10.00,0.00,30.06,M,6.21,M,BKN,M,M,M,800.00,M,M,M,M,M,M,M,M,M,M,55.40,FACT 272358Z 33010KT 9999 BKN008 13/13 Q1018 TEMPO 1000 BCFG BKN002,M
FACT,2026-08-28 00:00,55.40,55.40,100.00,330.00,10.00,0.00,30.06,M,6.21,M,BKN,M,M,M,800.00,M,M,M,M,M,M,M,M,M,M,55.40,FACT 280000Z 33010KT 9999 BKN008 13/13 Q1018 TEMPO 1000 BCFG BKN002,M
FACT,2026-08-28 00:56,55.40,53.60,93.65,350.00,10.00,0.00,30.06,M,6.21,M,FEW,M,M,M,800.00,M,M,M,M,M,M,M,M,M,M,55.40,FACT 280056Z 35010KT 9999 FEW008 13/12 Q1018 NOSIG,M
FACT,2026-08-28 01:00,55.40,53.60,93.65,350.00,10.00,0.00,30.06,M,6.21,M,FEW,M,M,M,800.00,M,M,M,M,M,M,M,M,M,M,55.40,FACT 280100Z 35010KT 9999 FEW008 13/12 Q1018 NOSIG,M
FACT,2026-08-28 02:00,53.60,51.80,93.60,360.00,7.00,0.00,30.03,M,4.97,M,FEW,M,M,M,600.00,M,M,M,M,M,M,M,M,M,M,53.60,FACT 280200Z 36007KT 8000 FEW006 12/11 Q1017 TEMPO 1000 BCFG BKN002,M
FACT,2026-08-28 02:23,53.60,51.80,93.60,50.00,5.00,0.00,30.03,M,4.97,M,BKN,M,M,M,600.00,M,M,M,M,M,M,M,M,M,M,53.60,FACT 280223Z 05005KT 8000 BKN006 12/11 Q1017 TEMPO 1000 BCFG BKN002,M
FACT,2026-08-28 03:00,53.60,51.80,93.60,30.00,5.00,0.00,30.03,M,4.97,M,BKN,M,M,M,600.00,M,M,M,M,M,M,M,M,M,M,53.60,FACT 280300Z 03005KT 8000 BKN006 12/11 Q1017 TEMPO 1000 BCFG BKN002,M
FACT,2026-08-28 04:00,53.60,51.80,93.60,310.00,7.00,0.00,30.03,M,4.97,M,BKN,M,M,M,600.00,M,M,M,M,M,M,M,M,M,M,53.60,FACT 280400Z 31007KT 8000 BKN006 12/11 Q1017 TEMPO 1000 BCFG BKN002,M
FACT,2026-08-28 05:00,53.60,51.80,93.60,M,2.00,0.00,30.06,M,4.97,M,BKN,M,M,M,600.00,M,M,M,M,M,M,M,M,M,M,53.60,FACT 280500Z VRB02KT 8000 BKN006 12/11 Q1018 TEMPO 1000 BCFG BKN002,M
FACT,2026-08-28 06:00,53.60,50.00,87.56,30.00,4.00,0.00,30.06,M,4.97,M,BKN,M,M,M,800.00,M,M,M,M,M,M,M,M,M,M,53.60,FACT 280600Z 03004KT 8000 BKN008 12/10 Q1018 NOSIG,M
FACT,2026-08-28 07:00,53.60,51.80,93.60,M,2.00,0.00,30.09,M,4.35,M,BKN,M,M,M,600.00,M,M,M,M,M,M,M,M,M,M,53.60,FACT 280700Z VRB02KT 7000 BKN006 12/11 Q1019 NOSIG,M
FACT,2026-08-28 08:00,55.40,51.80,87.65,100.00,4.00,0.00,30.06,M,4.35,M,BKN,M,M,M,800.00,M,M,M,M,M,M,M,M,M,M,55.40,FACT 280800Z 10004KT 060V140 7000 BKN008 13/11 Q1018 NOSIG,M
FACT,2026-08-28 08:27,59.00,51.80,76.99,80.00,4.00,0.00,30.06,M,4.35,M,SCT,M,M,M,1200.00,M,M,M,M,M,M,M,M,M,M,59.00,FACT 280827Z 08004KT 060V130 7000 SCT012 15/11 Q1018 NOSIG,M
FACT,2026-08-28 09:00,60.80,51.80,72.21,M,2.00,0.00,30.03,M,4.35,M,SCT,M,M,M,1200.00,M,M,M,M,M,M,M,M,M,M,60.80,FACT 280900Z VRB02KT 7000 SCT012 16/11 Q1017 NOSIG,M
FACT,2026-08-28 09:26,64.40,51.80,63.62,M,2.00,0.00,30.03,M,4.35,M,SCT,M,M,M,1200.00,M,M,M,M,M,M,M,M,M,M,64.40,FACT 280926Z VRB02KT 7000 SCT012 18/11 Q1017 NOSIG,M
FACT,2026-08-28 10:00,66.20,51.80,59.76,M,5.00,0.00,30.00,M,4.35,M,FEW,M,M,M,1500.00,M,M,M,M,M,M,M,M,M,M,66.20,FACT 281000Z VRB05KT 7000 FEW015 19/11 Q1016 NOSIG,M
FACT,2026-08-28 10:27,69.80,51.80,52.81,M,4.00,0.00,30.00,M,4.97,M,FEW,M,M,M,2000.00,M,M,M,M,M,M,M,M,M,M,69.80,FACT 281027Z VRB04KT 8000 FEW020 21/11 Q1016 NOSIG,M
FACT,2026-08-28 11:00,71.60,51.80,49.67,M,3.00,0.00,29.97,M,6.21,M,FEW,M,M,M,2000.00,M,M,M,M,M,M,M,M,M,M,71.60,FACT 281100Z VRB03KT 9999 FEW020 22/11 Q1015 NOSIG,M
FACT,2026-08-28 12:00,66.20,53.60,63.85,160.00,8.00,0.00,29.94,M,6.21,M,SCT,M,M,M,2000.00,M,M,M,M,M,M,M,M,M,M,66.20,FACT 281200Z 16008KT 140V200 9999 SCT020 19/12 Q1014 NOSIG,M
FACT,2026-08-28 13:00,64.40,51.80,63.62,180.00,12.00,0.00,29.94,M,6.21,M,M,M,M,M,M,M,M,M,M,M,M,M,M,M,M,64.40,FACT 281300Z 18012KT CAVOK 18/11 Q1014 NOSIG,M
FACT,2026-08-28 14:00,66.20,51.80,59.76,160.00,8.00,0.00,29.94,M,6.21,M,M,M,M,M,M,M,M,M,M,M,M,M,M,M,M,66.20,FACT 281400Z 16008KT CAVOK 19/11 Q1014 NOSIG,M
FACT,2026-08-28 15:00,62.60,53.60,72.40,140.00,6.00,0.00,29.91,M,6.21,M,M,M,M,M,M,M,M,M,M,M,M,M,M,M,M,62.60,FACT 281500Z 14006KT CAVOK 17/12 Q1013 NOSIG,M
FACT,2026-08-28 16:00,60.80,53.60,77.15,190.00,8.00,0.00,29.91,M,6.21,M,M,M,M,M,M,M,M,M,M,M,M,M,M,M,M,60.80,FACT 281600Z 19008KT CAVOK 16/12 Q1013 NOSIG,M
FACT,2026-08-28 17:00,59.00,53.60,82.26,190.00,8.00,0.00,29.91,M,6.21,M,M,M,M,M,M,M,M,M,M,M,M,M,M,M,M,59.00,FACT 281700Z 19008KT CAVOK 15/12 Q1013 NOSIG,M
FACT,2026-08-28 18:00,57.20,53.60,87.75,160.00,6.00,0.00,29.91,M,6.21,M,M,M,M,M,M,M,M,M,M,M,M,M,M,M,M,57.20,FACT 281800Z 16006KT CAVOK 14/12 Q1013 NOSIG,M
FACT,2026-08-28 19:00,59.00,55.40,87.84,200.00,12.00,0.00,29.94,M,6.21,M,SCT,M,M,M,800.00,M,M,M,M,M,M,M,M,M,M,59.00,FACT 281900Z 20012KT 9999 SCT008 15/13 Q1014,M
FACT,2026-08-28 20:00,59.00,53.60,82.26,170.00,11.00,0.00,29.94,M,6.21,M,FEW,M,M,M,800.00,M,M,M,M,M,M,M,M,M,M,59.00,FACT 282000Z 17011KT 9999 FEW008 15/12 Q1014 BECMG BKN008,M
FACT,2026-08-28 21:00,59.00,55.40,87.84,190.00,11.00,0.00,29.94,M,6.21,M,FEW,M,M,M,800.00,M,M,M,M,M,M,M,M,M,M,59.00,FACT 282100Z 19011KT 9999 FEW008 15/13 Q1014 NOSIG,M
FACT,2026-08-28 22:00,59.00,55.40,87.84,190.00,14.00,0.00,29.94,M,6.21,M,FEW,M,M,M,1000.00,M,M,M,M,M,M,M,M,M,M,59.00,FACT 282200Z 19014KT 9999 FEW010 15/13 Q1014 NOSIG,M
FACT,2026-08-28 23:00,59.00,55.40,87.84,180.00,9.00,0.00,29.91,M,6.21,M,SCT,M,M,M,1800.00,M,M,M,M,M,M,M,M,M,M,59.00,FACT 282300Z 18009KT 9999 SCT018 15/13 Q1013 NOSIG,M
FACT,2026-08-29 00:00,59.00,55.40,87.84,200.00,10.00,0.00,29.94,M,6.21,M,SCT,M,M,M,1600.00,M,M,M,-RA,M,M,M,M,M,M,59.00,FACT 290000Z 20010KT 160V260 9999 -RA SCT016 15/13 Q1014 BECMG BKN010,M
FACT,2026-08-29 01:00,59.00,55.40,87.84,170.00,8.00,0.00,29.88,M,6.21,M,FEW,M,M,M,1600.00,M,M,M,M,M,M,M,M,M,M,59.00,FACT 290100Z 17008KT 130V210 9999 FEW016 15/13 Q1012 NOSIG,M
FACT,2026-08-29 02:00,57.20,55.40,93.70,150.00,10.00,0.00,29.83,M,6.21,M,FEW,M,M,M,4000.00,M,M,M,M,M,M,M,M,M,M,57.20,FACT 290200Z 15010KT 9999 FEW040 14/13 Q1010 NOSIG,M
FACT,2026-08-29 03:00,57.20,55.40,93.70,220.00,11.00,0.00,29.88,M,6.21,M,FEW,M,M,M,4000.00,M,M,M,-RA,M,M,M,M,M,M,57.20,FACT 290300Z 22011KT 9999 -RA FEW040 14/13 Q1012 NOSIG,M
FACT,2026-08-29 04:00,57.20,55.40,93.70,200.00,10.00,0.00,29.88,M,6.21,M,SCT,M,M,M,3800.00,M,M,M,-RA,M,M,M,M,M,M,57.20,FACT 290400Z 20010KT 9999 -RA SCT038 14/13 Q1012 TEMPO TS FEW045CB,M
FACT,2026-08-29 05:00,57.20,55.40,93.70,170.00,9.00,0.00,29.91,M,6.21,M,SCT,M,M,M,3800.00,M,M,M,M,M,M,M,M,M,M,57.20,FACT 290500Z 17009KT 9999 SCT038 14/13 Q1013 NOSIG,M
FACT,2026-08-29 06:00,57.20,55.40,93.70,190.00,13.00,0.00,29.94,M,6.21,M,FEW,SCT,M,M,600.00,4500.00,M,M,-RA,M,M,M,M,M,M,57.20,FACT 290600Z 19013KT 9999 -RA FEW006 SCT045 14/13 Q1014 NOSIG,M
FACT,2026-08-29 07:00,59.00,57.20,93.74,180.00,10.00,0.00,29.97,M,6.21,M,FEW,M,M,M,4500.00,M,M,M,-RA,M,M,M,M,M,M,59.00,FACT 290700Z 18010KT 9999 -RA FEW045 15/14 Q1015 NOSIG,M
FACT,2026-08-29 08:00,59.00,57.20,93.74,160.00,6.00,0.00,29.97,M,6.21,M,FEW,M,M,M,4500.00,M,M,M,-RA,M,M,M,M,M,M,59.00,FACT 290800Z 16006KT 9999 -RA FEW045 15/14 Q1015 NOSIG,M
FACT,2026-08-29 09:00,59.00,55.40,87.84,150.00,7.00,0.00,29.97,M,6.21,M,SCT,M,M,M,4500.00,M,M,M,M,M,M,M,M,M,M,59.00,FACT 290900Z 15007KT 110V190 9999 SCT045 15/13 Q1015 NOSIG,M
FACT,2026-08-29 10:00,60.80,55.40,82.38,220.00,6.00,0.00,29.94,M,6.21,M,SCT,M,M,M,4500.00,M,M,M,M,M,M,M,M,M,M,60.80,FACT 291000Z 22006KT 180V260 9999 SCT045 16/13 Q1014 NOSIG,M
FACT,2026-08-29 10:23,60.80,55.40,82.38,270.00,12.00,0.00,30.00,M,6.21,M,SCT,M,M,M,4500.00,M,M,M,M,M,M,M,M,M,M,60.80,FACT 291023Z 27012KT 9999 SCT045 16/13 Q1016 NOSIG,M
FACT,2026-08-29 11:00,60.80,53.60,77.15,250.00,9.00,0.00,30.00,M,6.21,M,SCT,M,M,M,2500.00,M,M,M,-RA,M,M,M,M,M,M,60.80,FACT 291100Z 25009KT 210V300 9999 -RA SCT025 16/12 Q1016 NOSIG,M
FACT,2026-08-29 12:00,59.00,55.40,87.84,210.00,9.00,0.00,30.03,M,6.21,M,SCT,BKN,M,M,1200.00,2500.00,M,M,-RA,M,M,M,M,M,M,59.00,FACT 291200Z 21009KT 9999 -RA SCT012 BKN025 15/13 Q1017 NOSIG,M
FACT,2026-08-29 13:00,59.00,51.80,76.99,210.00,11.00,0.00,30.06,M,6.21,M,OVC,M,M,M,3000.00,M,M,M,M,M,M,M,M,M,M,59.00,FACT 291300Z 21011KT 9999 OVC030 15/11 Q1018 NOSIG,M
FACT,2026-08-29 14:00,59.00,50.00,72.02,210.00,10.00,0.00,30.06,M,6.21,M,OVC,M,M,M,3000.00,M,M,M,M,M,M,M,M,M,M,59.00,FACT 291400Z 21010KT 9999 OVC030 15/10 Q1018 NOSIG,M
FACT,2026-08-29 15:00,59.00,48.20,67.34,210.00,12.00,0.00,30.09,M,6.21,M,FEW,BKN,M,M,3000.00,4000.00,M,M,M,M,M,M,M,M,M,59.00,FACT 291500Z 21012KT 9999 FEW030 BKN040 15/09 Q1019 NOSIG,M
FACT,2026-08-29 16:00,59.00,46.40,62.93,210.00,12.00,0.00,30.12,M,6.21,M,FEW,M,M,M,3000.00,M,M,M,M,M,M,M,M,M,M,59.00,FACT 291600Z 21012KT 9999 FEW030 15/08 Q1020 NOSIG,M
FACT,2026-08-29 17:00,57.20,46.40,67.13,190.00,7.00,0.00,30.12,M,6.21,M,FEW,M,M,M,3000.00,M,M,M,M,M,M,M,M,M,M,57.20,FACT 291700Z 19007KT 9999 FEW030 14/08 Q1020 NOSIG,M
FACT,2026-08-29 18:00,55.40,48.20,76.67,190.00,9.00,0.00,30.15,M,6.21,M,FEW,M,M,M,3000.00,M,M,M,M,M,M,M,M,M,M,55.40,FACT 291800Z 19009KT 9999 FEW030 13/09 Q1021 NOSIG,M
FACT,2026-08-29 19:00,53.60,46.40,76.51,190.00,8.00,0.00,30.18,M,6.21,M,M,M,M,M,M,M,M,M,M,M,M,M,M,M,M,53.60,FACT 291900Z 19008KT CAVOK 12/08 Q1022 NOSIG,M
FACT,2026-08-29 20:00,51.80,46.40,81.74,170.00,9.00,0.00,30.21,M,6.21,M,M,M,M,M,M,M,M,M,M,M,M,M,M,M,M,51.80,FACT 292000Z 17009KT CAVOK 11/08 Q1023 NOSIG,M
FACT,2026-08-29 21:00,51.80,44.60,76.34,170.00,7.00,0.00,30.21,M,6.21,M,M,M,M,M,M,M,M,M,M,M,M,M,M,M,M,51.80,FACT 292100Z 17007KT CAVOK 11/07 Q1023 NOSIG,M
FACT,2026-08-29 22:00,50.00,42.80,76.17,180.00,7.00,0.00,30.21,M,6.21,M,M,M,M,M,M,M,M,M,M,M,M,M,M,M,M,50.00,FACT 292200Z 18007KT CAVOK 10/06 Q1023 NOSIG,M
FACT,2026-08-29 23:00,50.00,46.40,87.37,170.00,8.00,0.00,30.21,M,6.21,M,FEW,BKN,M,M,3500.00,5000.00,M,M,M,M,M,M,M,M,M,50.00,FACT 292300Z 17008KT 9999 FEW035 BKN050 10/08 Q1023 NOSIG,M
FACT,2026-08-30 00:00,50.00,44.60,81.60,180.00,7.00,0.00,30.21,M,6.21,M,FEW,M,M,M,3500.00,M,M,M,M,M,M,M,M,M,M,50.00,FACT 300000Z 18007KT 9999 FEW035 10/07 Q1023 NOSIG,M
FACT,2026-08-30 01:00,50.00,44.60,81.60,170.00,7.00,0.00,30.21,M,6.21,M,M,M,M,M,M,M,M,M,M,M,M,M,M,M,M,50.00,FACT 300100Z 17007KT CAVOK 10/07 Q1023 NOSIG,M
FACT,2026-08-30 02:00,51.80,44.60,76.34,170.00,11.00,0.00,30.18,M,6.21,M,FEW,M,M,M,3500.00,M,M,M,M,M,M,M,M,M,M,51.80,FACT 300200Z 17011KT 9999 FEW035 11/07 Q1022 NOSIG,M
FACT,2026-08-30 03:00,51.80,46.40,81.74,160.00,9.00,0.00,30.21,M,6.21,M,FEW,SCT,M,M,2000.00,3500.00,M,M,M,M,M,M,M,M,M,51.80,FACT 300300Z 16009KT 9999 FEW020 SCT035 11/08 Q1023 NOSIG,M
FACT,2026-08-30 04:00,53.60,44.60,71.45,170.00,11.00,0.00,30.21,M,6.21,M,FEW,M,M,M,3000.00,M,M,M,M,M,M,M,M,M,M,53.60,FACT 300400Z 17011KT 9999 FEW030 12/07 Q1023 NOSIG,M
FACT,2026-08-30 05:00,53.60,44.60,71.45,150.00,10.00,0.00,30.21,M,6.21,M,SCT,M,M,M,3300.00,M,M,M,M,M,M,M,M,M,M,53.60,FACT 300500Z 15010KT 9999 SCT033 12/07 Q1023 NOSIG,M
FACT,2026-08-30 05:58,55.40,44.60,66.91,150.00,11.00,0.00,30.21,M,6.21,M,SCT,M,M,M,3500.00,M,M,M,M,M,M,M,M,M,M,55.40,FACT 300558Z 15011KT 9999 SCT035 13/07 Q1023 NOSIG,M
FACT,2026-08-30 06:00,55.40,44.60,66.91,150.00,11.00,0.00,30.21,M,6.21,M,SCT,M,M,M,3500.00,M,M,M,M,M,M,M,M,M,M,55.40,COR FACT 300600Z 15011KT 9999 SCT035 13/07 Q1023 NOSIG,M
FACT,2026-08-30 07:00,57.20,44.60,62.70,150.00,10.00,0.00,30.24,M,6.21,M,FEW,M,M,M,4000.00,M,M,M,M,M,M,M,M,M,M,57.20,FACT 300700Z 15010KT 9999 FEW040 14/07 Q1024 NOSIG,M
FACT,2026-08-30 08:00,59.00,42.80,54.86,170.00,16.00,0.00,30.24,M,6.21,M,FEW,M,M,M,3500.00,M,M,M,M,M,M,M,M,M,M,59.00,FACT 300800Z 17016KT 9999 FEW035 15/06 Q1024 NOSIG,M
FACT,2026-08-30 09:00,60.80,42.80,51.46,180.00,16.00,0.00,30.24,M,6.21,M,FEW,M,M,M,3500.00,M,M,M,M,M,M,M,M,M,M,60.80,FACT 300900Z 18016KT 9999 FEW035 16/06 Q1024 NOSIG,M
FACT,2026-08-30 10:00,62.60,41.00,45.05,170.00,16.00,0.00,30.24,M,6.21,M,FEW,M,M,M,3500.00,M,M,M,M,M,M,M,M,M,M,62.60,FACT 301000Z 17016KT 9999 FEW035 17/05 Q1024 NOSIG,M
FACT,2026-08-30 11:00,62.60,41.00,45.05,180.00,19.00,0.00,30.21,M,6.21,M,M,M,M,M,M,M,M,M,M,M,M,M,M,M,M,62.60,FACT 301100Z 18019KT CAVOK 17/05 Q1023 NOSIG,M
FACT,2026-08-30 12:00,64.40,42.80,45.34,180.00,20.00,0.00,30.21,M,6.21,M,M,M,M,M,M,M,M,M,M,M,M,M,M,M,M,64.40,FACT 301200Z 18020KT CAVOK 18/06 Q1023 NOSIG,M
FACT,2026-08-30 13:00,62.60,41.00,45.05,180.00,24.00,0.00,30.21,M,6.21,M,M,M,M,M,M,M,M,M,M,M,M,M,M,M,M,62.60,FACT 301300Z 18024KT CAVOK 17/05 Q1023 NOSIG,M
FACT,2026-08-30 14:00,60.80,42.80,51.46,180.00,23.00,0.00,30.18,M,6.21,M,M,M,M,M,M,M,M,M,M,M,M,M,M,M,M,60.80,FACT 301400Z 18023KT CAVOK 16/06 Q1022 NOSIG,M
FACT,2026-08-30 15:00,60.80,42.80,51.46,180.00,20.00,0.00,30.21,M,6.21,M,M,M,M,M,M,M,M,M,M,M,M,M,M,M,M,60.80,FACT 301500Z 18020KT CAVOK 16/06 Q1023 NOSIG,M
FACT,2026-08-30 16:00,59.00,41.00,51.18,180.00,18.00,0.00,30.21,M,6.21,M,FEW,M,M,M,3500.00,M,M,M,M,M,M,M,M,M,M,59.00,FACT 301600Z 18018KT 9999 FEW035 15/05 Q1023 NOSIG,M
FACT,2026-08-30 17:00,57.20,42.80,58.52,180.00,18.00,0.00,30.21,M,6.21,M,M,M,M,M,M,M,M,M,M,M,M,M,M,M,M,57.20,FACT 301700Z 18018KT CAVOK 14/06 Q1023 NOSIG,M
FACT,2026-08-30 18:00,55.40,46.40,71.65,180.00,19.00,0.00,30.24,M,6.21,M,M,M,M,M,M,M,M,M,M,M,M,M,M,M,M,55.40,FACT 301800Z 18019KT CAVOK 13/08 Q1024 NOSIG,M
FACT,2026-08-30 19:00,55.40,44.60,66.91,170.00,17.00,0.00,30.24,M,6.21,M,M,M,M,M,M,M,M,M,M,M,M,M,M,M,M,55.40,FACT 301900Z 17017KT CAVOK 13/07 Q1024 NOSIG,M
FACT,2026-08-30 20:00,55.40,44.60,66.91,190.00,11.00,0.00,30.24,M,6.21,M,M,M,M,M,M,M,M,M,M,M,M,M,M,M,M,55.40,FACT 302000Z 19011KT CAVOK 13/07 Q1024 NOSIG,M
FACT,2026-08-30 21:00,55.40,44.60,66.91,180.00,14.00,0.00,30.24,M,6.21,M,M,M,M,M,M,M,M,M,M,M,M,M,M,M,M,55.40,FACT 302100Z 18014KT CAVOK 13/07 Q1024 NOSIG,M
FACT,2026-08-30 22:00,53.60,42.80,66.70,160.00,12.00,0.00,30.24,M,6.21,M,M,M,M,M,M,M,M,M,M,M,M,M,M,M,M,53.60,FACT 302200Z 16012KT CAVOK 12/06 Q1024 NOSIG,M
FACT,2026-08-30 23:00,53.60,42.80,66.70,170.00,12.00,0.00,30.21,M,6.21,M,M,M,M,M,M,M,M,M,M,M,M,M,M,M,M,53.60,FACT 302300Z 17012KT CAVOK 12/06 Q1023 NOSIG,M
FACT,2026-08-31 00:00,51.80,41.00,66.48,180.00,11.00,0.00,30.21,M,6.21,M,M,M,M,M,M,M,M,M,M,M,M,M,M,M,M,51.80,FACT 310000Z 18011KT CAVOK 11/05 Q1023 NOSIG,M
FACT,2026-08-31 01:00,53.60,42.80,66.70,200.00,10.00,0.00,30.24,M,6.21,M,M,M,M,M,M,M,M,M,M,M,M,M,M,M,M,53.60,FACT 310100Z 20010KT CAVOK 12/06 Q1024 NOSIG,M
FACT,2026-08-31 02:00,50.00,41.00,71.06,160.00,6.00,0.00,30.21,M,6.21,M,M,M,M,M,M,M,M,M,M,M,M,M,M,M,M,50.00,FACT 310200Z 16006KT CAVOK 10/05 Q1023 NOSIG,M
FACT,2026-08-31 03:00,51.80,42.80,71.26,190.00,8.00,0.00,30.21,M,6.21,M,M,M,M,M,M,M,M,M,M,M,M,M,M,M,M,51.80,FACT 310300Z 19008KT CAVOK 11/06 Q1023 NOSIG,M
FACT,2026-08-31 04:00,51.80,42.80,71.26,200.00,8.00,0.00,30.21,M,6.21,M,M,M,M,M,M,M,M,M,M,M,M,M,M,M,M,51.80,FACT 310400Z 20008KT CAVOK 11/06 Q1023 NOSIG,M
FACT,2026-08-31 05:00,51.80,44.60,76.34,240.00,8.00,0.00,30.21,M,6.21,M,M,M,M,M,M,M,M,M,M,M,M,M,M,M,M,51.80,FACT 310500Z 24008KT CAVOK 11/07 Q1023 NOSIG,M
FACT,2026-08-31 06:00,53.60,44.60,71.45,210.00,5.00,0.00,30.24,M,6.21,M,M,M,M,M,M,M,M,M,M,M,M,M,M,M,M,53.60,FACT 310600Z 21005KT 170V230 CAVOK 12/07 Q1024 NOSIG,M
FACT,2026-08-31 06:54,57.20,44.60,62.70,180.00,13.00,0.00,30.24,M,6.21,M,M,M,M,M,M,M,M,M,M,M,M,M,M,M,M,57.20,FACT 310654Z 18013KT CAVOK 14/07 Q1024 NOSIG,M
FACT,2026-08-31 07:00,57.20,44.60,62.70,180.00,13.00,0.00,30.24,M,6.21,M,M,M,M,M,M,M,M,M,M,M,M,M,M,M,M,57.20,FACT 310700Z 18013KT CAVOK 14/07 Q1024 NOSIG,M
FACT,2026-08-31 08:00,59.00,42.80,54.86,190.00,13.00,0.00,30.27,M,6.21,M,M,M,M,M,M,M,M,M,M,M,M,M,M,M,M,59.00,FACT 310800Z 19013KT CAVOK 15/06 Q1025 NOSIG,M
FACT,2026-08-31 09:00,60.80,42.80,51.46,190.00,16.00,0.00,30.27,M,6.21,M,M,M,M,M,M,M,M,M,M,M,M,M,M,M,M,60.80,FACT 310900Z 19016KT CAVOK 16/06 Q1025 NOSIG,M
FACT,2026-08-31 10:00,62.60,41.00,45.05,190.00,14.00,0.00,30.24,M,6.21,M,M,M,M,M,M,M,M,M,M,M,M,M,M,M,M,62.60,FACT 311000Z 19014KT CAVOK 17/05 Q1024 NOSIG,M
FACT,2026-08-31 11:00,62.60,42.80,48.29,190.00,9.00,0.00,30.24,M,6.21,M,M,M,M,M,M,M,M,M,M,M,M,M,M,M,M,62.60,FACT 311100Z 19009KT 160V230 CAVOK 17/06 Q1024 NOSIG,M
FACT,2026-08-31 12:00,64.40,42.80,45.34,180.00,13.00,0.00,30.21,M,6.21,M,M,M,M,M,M,M,M,M,M,M,M,M,M,M,M,64.40,FACT 311200Z 18013KT 150V220 CAVOK 18/06 Q1023 NOSIG,M
FACT,2026-08-31 13:00,62.60,44.60,51.73,180.00,10.00,0.00,30.21,M,6.21,M,M,M,M,M,M,M,M,M,M,M,M,M,M,M,M,62.60,FACT 311300Z 18010KT 140V210 CAVOK 17/07 Q1023 NOSIG,M
FACT,2026-08-31 14:00,62.60,44.60,51.73,180.00,11.00,0.00,30.21,M,6.21,M,M,M,M,M,M,M,M,M,M,M,M,M,M,M,M,62.60,FACT 311400Z 18011KT CAVOK 17/07 Q1023 NOSIG,M
FACT,2026-08-31 15:00,60.80,42.80,51.46,170.00,12.00,0.00,30.21,M,6.21,M,M,M,M,M,M,M,M,M,M,M,M,M,M,M,M,60.80,FACT 311500Z 17012KT CAVOK 16/06 Q1023 NOSIG,M
FACT,2026-08-31 16:00,57.20,42.80,58.52,170.00,11.00,0.00,30.21,M,6.21,M,M,M,M,M,M,M,M,M,M,M,M,M,M,M,M,57.20,FACT 311600Z 17011KT CAVOK 14/06 Q1023 NOSIG,M
FACT,2026-08-31 17:00,51.80,42.80,71.26,150.00,6.00,0.00,30.21,M,6.21,M,M,M,M,M,M,M,M,M,M,M,M,M,M,M,M,51.80,FACT 311700Z 15006KT CAVOK 11/06 Q1023 NOSIG,M
FACT,2026-08-31 18:00,50.00,42.80,76.17,150.00,5.00,0.00,30.21,M,6.21,M,M,M,M,M,M,M,M,M,M,M,M,M,M,M,M,50.00,FACT 311800Z 15005KT CAVOK 10/06 Q1023 NOSIG,M
FACT,2026-08-31 19:00,51.80,44.60,76.34,180.00,4.00,0.00,30.21,M,6.21,M,M,M,M,M,M,M,M,M,M,M,M,M,M,M,M,51.80,FACT 311900Z 18004KT CAVOK 11/07 Q1023 NOSIG,M
FACT,2026-08-31 20:00,50.00,42.80,76.17,210.00,4.00,0.00,30.21,M,6.21,M,M,M,M,M,M,M,M,M,M,M,M,M,M,M,M,50.00,FACT 312000Z 21004KT CAVOK 10/06 Q1023 NOSIG,M
FACT,2026-08-31 21:00,48.20,44.60,87.28,180.00,2.00,0.00,30.21,M,6.21,M,M,M,M,M,M,M,M,M,M,M,M,M,M,M,M,48.20,FACT 312100Z 18002KT CAVOK 09/07 Q1023 NOSIG,M
FACT,2026-08-31 22:00,48.20,42.80,81.47,150.00,1.00,0.00,30.21,M,6.21,M,M,M,M,M,M,M,M,M,M,M,M,M,M,M,M,48.20,FACT 312200Z 15001KT CAVOK 09/06 Q1023 NOSIG,M
FACT,2026-08-31 23:00,48.20,44.60,87.28,160.00,3.00,0.00,30.21,M,6.21,M,M,M,M,M,M,M,M,M,M,M,M,M,M,M,M,47.21,FACT 312300Z 16003KT CAVOK 09/07 Q1023 NOSIG,M
FACT,2026-09-01 00:00,46.40,44.60,93.40,150.00,3.00,0.00,30.21,M,6.21,M,M,M,M,M,M,M,M,M,M,M,M,M,M,M,M,45.15,FACT 010000Z 15003KT CAVOK 08/07 Q1023 NOSIG,M
FACT,2026-09-01 01:00,46.40,44.60,93.40,140.00,3.00,0.00,30.18,M,6.21,M,M,M,M,M,M,M,M,M,M,M,M,M,M,M,M,45.15,FACT 010100Z 14003KT CAVOK 08/07 Q1022 NOSIG,M
FACT,2026-09-01 02:00,46.40,44.60,93.40,170.00,2.00,0.00,30.15,M,6.21,M,M,M,M,M,M,M,M,M,M,M,M,M,M,M,M,46.40,FACT 010200Z 17002KT CAVOK 08/07 Q1021 NOSIG,M
FACT,2026-09-01 03:00,44.60,44.60,100.00,180.00,4.00,0.00,30.18,M,6.21,M,M,M,M,M,M,M,M,M,M,M,M,M,M,M,M,42.13,FACT 010300Z 18004KT CAVOK 07/07 Q1022 NOSIG,M
FACT,2026-09-01 04:00,44.60,42.80,93.35,160.00,4.00,0.00,30.15,M,6.21,M,M,M,M,M,M,M,M,M,M,M,M,M,M,M,M,42.13,FACT 010400Z 16004KT CAVOK 07/06 Q1021 NOSIG,M
FACT,2026-09-01 05:00,46.40,46.40,100.00,M,3.00,0.00,30.15,M,6.21,M,M,M,M,M,M,M,M,M,M,M,M,M,M,M,M,45.15,FACT 010500Z VRB03KT CAVOK 08/08 Q1021 NOSIG,M
FACT,2026-09-01 06:00,46.40,46.40,100.00,50.00,2.00,0.00,30.18,M,6.21,M,M,M,M,M,M,M,M,M,M,M,M,M,M,M,M,46.40,FACT 010600Z 05002KT CAVOK 08/08 Q1022 NOSIG,M
FACT,2026-09-01 06:28,51.80,48.20,87.47,60.00,2.00,0.00,30.18,M,6.21,M,M,M,M,M,M,M,M,M,M,M,M,M,M,M,M,51.80,FACT 010628Z 06002KT CAVOK 11/09 Q1022 NOSIG,M
FACT,2026-09-01 06:49,55.40,48.20,76.67,M,1.00,0.00,30.18,M,6.21,M,M,M,M,M,M,M,M,M,M,M,M,M,M,M,M,55.40,FACT 010649Z VRB01KT CAVOK 13/09 Q1022 NOSIG,M
FACT,2026-09-01 07:00,57.20,50.00,76.83,M,1.00,0.00,30.18,M,6.21,M,M,M,M,M,M,M,M,M,M,M,M,M,M,M,M,57.20,FACT 010700Z VRB01KT CAVOK 14/10 Q1022 NOSIG,M
FACT,2026-09-01 08:00,59.00,48.20,67.34,210.00,4.00,0.00,30.18,M,6.21,M,M,M,M,M,M,M,M,M,M,M,M,M,M,M,M,59.00,FACT 010800Z 21004KT 140V270 CAVOK 15/09 Q1022 NOSIG,M
FACT,2026-09-01 09:00,62.60,46.40,55.39,210.00,7.00,0.00,30.18,M,6.21,M,M,M,M,M,M,M,M,M,M,M,M,M,M,M,M,62.60,FACT 010900Z 21007KT 150V250 CAVOK 17/08 Q1022 NOSIG,M
FACT,2026-09-01 10:00,62.60,46.40,55.39,M,4.00,0.00,30.18,M,6.21,M,M,M,M,M,M,M,M,M,M,M,M,M,M,M,M,62.60,FACT 011000Z VRB04KT CAVOK 17/08 Q1022 NOSIG,M
FACT,2026-09-01 11:00,64.40,46.40,52.00,M,3.00,0.00,30.15,M,6.21,M,M,M,M,M,M,M,M,M,M,M,M,M,M,M,M,64.40,FACT 011100Z VRB03KT CAVOK 18/08 Q1021 NOSIG,M
FACT,2026-09-01 12:00,68.00,46.40,45.91,M,4.00,0.00,30.12,M,6.21,M,M,M,M,M,M,M,M,M,M,M,M,M,M,M,M,68.00,FACT 011200Z VRB04KT CAVOK 20/08 Q1020 NOSIG,M
FACT,2026-09-01 13:00,68.00,48.20,49.12,180.00,6.00,0.00,30.12,M,6.21,M,M,M,M,M,M,M,M,M,M,M,M,M,M,M,M,68.00,FACT 011300Z 18006KT CAVOK 20/09 Q1020 NOSIG,M
FACT,2026-09-01 14:00,64.40,48.20,55.65,190.00,13.00,0.00,30.12,M,6.21,M,M,M,M,M,M,M,M,M,M,M,M,M,M,M,M,64.40,FACT 011400Z 19013KT CAVOK 18/09 Q1020 NOSIG,M
FACT,2026-09-01 15:00,62.60,48.20,59.27,160.00,8.00,0.00,30.12,M,6.21,M,M,M,M,M,M,M,M,M,M,M,M,M,M,M,M,62.60,FACT 011500Z 16008KT CAVOK 17/09 Q1020 NOSIG,M
FACT,2026-09-01 16:00,60.80,48.20,63.16,170.00,9.00,0.00,30.12,M,6.21,M,M,M,M,M,M,M,M,M,M,M,M,M,M,M,M,60.80,FACT 011600Z 17009KT CAVOK 16/09 Q1020 NOSIG,M
FACT,2026-09-01 17:00,59.00,48.20,67.34,190.00,8.00,0.00,30.15,M,6.21,M,M,M,M,M,M,M,M,M,M,M,M,M,M,M,M,59.00,FACT 011700Z 19008KT CAVOK 15/09 Q1021 NOSIG,M
FACT,2026-09-01 18:00,51.80,46.40,81.74,170.00,6.00,0.00,30.15,M,6.21,M,M,M,M,M,M,M,M,M,M,M,M,M,M,M,M,51.80,FACT 011800Z 17006KT CAVOK 11/08 Q1021 NOSIG,M
FACT,2026-09-01 18:23,55.40,48.20,76.67,190.00,8.00,0.00,30.15,M,6.21,M,M,M,M,M,M,M,M,M,M,M,M,M,M,M,M,55.40,FACT 011823Z 19008KT CAVOK 13/09 Q1021 NOSIG,M
FACT,2026-09-01 19:00,55.40,48.20,76.67,180.00,6.00,0.00,30.15,M,6.21,M,M,M,M,M,M,M,M,M,M,M,M,M,M,M,M,55.40,FACT 011900Z 18006KT CAVOK 13/09 Q1021 NOSIG,M
FACT,2026-09-01 20:00,51.80,44.60,76.34,160.00,6.00,0.00,30.18,M,6.21,M,M,M,M,M,M,M,M,M,M,M,M,M,M,M,M,51.80,FACT 012000Z 16006KT CAVOK 11/07 Q1022 NOSIG,M
FACT,2026-09-01 21:00,50.00,46.40,87.37,170.00,3.00,0.00,30.18,M,6.21,M,M,M,M,M,M,M,M,M,M,M,M,M,M,M,M,50.00,FACT 012100Z 17003KT CAVOK 10/08 Q1022 NOSIG,M
FACT,2026-09-01 22:00,48.20,44.60,87.28,120.00,5.00,0.00,30.15,M,6.21,M,M,M,M,M,M,M,M,M,M,M,M,M,M,M,M,45.63,FACT 012200Z 12005KT CAVOK 09/07 Q1021 NOSIG,M
FACT,2026-09-01 23:00,50.00,46.40,87.37,130.00,1.00,0.00,30.15,M,6.21,M,M,M,M,M,M,M,M,M,M,M,M,M,M,M,M,50.00,FACT 012300Z 13001KT CAVOK 10/08 Q1021 NOSIG,M
FACT,2026-09-02 00:00,51.80,48.20,87.47,200.00,5.00,0.00,30.15,M,6.21,M,M,M,M,M,M,M,M,M,M,M,M,M,M,M,M,51.80,FACT 020000Z 20005KT CAVOK 11/09 Q1021 NOSIG,M
FACT,2026-09-02 01:00,50.00,46.40,87.37,200.00,6.00,0.00,30.12,M,6.21,M,M,M,M,M,M,M,M,M,M,M,M,M,M,M,M,50.00,FACT 020100Z 20006KT CAVOK 10/08 Q1020 NOSIG,M
FACT,2026-09-02 02:00,48.20,46.40,93.45,200.00,5.00,0.00,30.09,M,6.21,M,M,M,M,M,M,M,M,M,M,M,M,M,M,M,M,45.63,FACT 020200Z 20005KT CAVOK 09/08 Q1019 NOSIG,M
FACT,2026-09-02 03:00,48.20,46.40,93.45,M,2.00,0.00,30.09,M,6.21,M,M,M,M,M,M,M,M,M,M,M,M,M,M,M,M,48.20,FACT 020300Z VRB02KT CAVOK 09/08 Q1019 NOSIG,M
FACT,2026-09-02 03:53,53.60,48.20,81.87,220.00,7.00,0.00,30.09,M,6.21,M,M,M,M,M,M,M,M,M,M,M,M,M,M,M,M,53.60,FACT 020353Z 22007KT CAVOK 12/09 Q1019 NOSIG,M
FACT,2026-09-02 04:00,53.60,48.20,81.87,220.00,7.00,0.00,30.09,M,6.21,M,M,M,M,M,M,M,M,M,M,M,M,M,M,M,M,53.60,FACT 020400Z 22007KT CAVOK 12/09 Q1019 NOSIG,M
FACT,2026-09-02 05:00,53.60,46.40,76.51,220.00,9.00,0.00,30.09,M,6.21,M,M,M,M,M,M,M,M,M,M,M,M,M,M,M,M,53.60,FACT 020500Z 22009KT CAVOK 12/08 Q1019 NOSIG,M
FACT,2026-09-02 06:00,55.40,48.20,76.67,230.00,7.00,0.00,30.09,M,6.21,M,M,M,M,M,M,M,M,M,M,M,M,M,M,M,M,55.40,FACT 020600Z 23007KT CAVOK 13/09 Q1019 NOSIG,M
FACT,2026-09-02 07:00,59.00,50.00,72.02,220.00,9.00,0.00,30.09,M,6.21,M,M,M,M,M,M,M,M,M,M,M,M,M,M,M,M,59.00,FACT 020700Z 22009KT CAVOK 15/10 Q1019 NOSIG,M
FACT,2026-09-02 08:00,62.60,51.80,67.76,200.00,10.00,0.00,30.09,M,6.21,M,M,M,M,M,M,M,M,M,M,M,M,M,M,M,M,62.60,FACT 020800Z 20010KT CAVOK 17/11 Q1019 NOSIG,M
FACT,2026-09-02 09:00,64.40,50.00,59.52,190.00,16.00,0.00,30.06,M,6.21,M,M,M,M,M,M,M,M,M,M,M,M,M,M,M,M,64.40,FACT 020900Z 19016KT CAVOK 18/10 Q1018 NOSIG,M
FACT,2026-09-02 10:00,66.20,51.80,59.76,180.00,15.00,0.00,30.06,M,6.21,M,M,M,M,M,M,M,M,M,M,M,M,M,M,M,M,66.20,FACT 021000Z 18015KT CAVOK 19/11 Q1018 NOSIG,M
FACT,2026-09-02 11:00,66.20,51.80,59.76,190.00,17.00,0.00,30.03,M,6.21,M,M,M,M,M,M,M,M,M,M,M,M,M,M,M,M,66.20,FACT 021100Z 19017KT CAVOK 19/11 Q1017 NOSIG,M
FACT,2026-09-02 12:00,66.20,51.80,59.76,190.00,16.00,0.00,30.00,M,6.21,M,FEW,M,M,M,3500.00,M,M,M,M,M,M,M,M,M,M,66.20,FACT 021200Z 19016KT 9999 FEW035 19/11 Q1016 NOSIG,M
FACT,2026-09-02 13:00,66.20,51.80,59.76,190.00,15.00,0.00,29.97,M,6.21,M,M,M,M,M,M,M,M,M,M,M,M,M,M,M,M,66.20,FACT 021300Z 19015KT CAVOK 19/11 Q1015 NOSIG,M
FACT,2026-09-02 14:00,64.40,51.80,63.62,180.00,13.00,0.00,29.97,M,6.21,M,M,M,M,M,M,M,M,M,M,M,M,M,M,M,M,64.40,FACT 021400Z 18013KT CAVOK 18/11 Q1015 NOSIG,M
FACT,2026-09-02 15:00,62.60,53.60,72.40,190.00,19.00,0.00,29.94,M,6.21,M,M,M,M,M,M,M,M,M,M,M,M,M,M,M,M,62.60,FACT 021500Z 19019KT CAVOK 17/12 Q1014 NOSIG,M
FACT,2026-09-02 16:00,60.80,53.60,77.15,190.00,16.00,0.00,29.94,M,6.21,M,FEW,M,M,M,2000.00,M,M,M,M,M,M,M,M,M,M,60.80,FACT 021600Z 19016KT 9999 FEW020 16/12 Q1014 NOSIG,M
FACT,2026-09-02 17:00,59.00,53.60,82.26,210.00,12.00,0.00,29.94,M,6.21,M,FEW,M,M,M,2500.00,M,M,M,M,M,M,M,M,M,M,59.00,FACT 021700Z 21012KT 9999 FEW025 15/12 Q1014 NOSIG,M
FACT,2026-09-02 18:00,59.00,53.60,82.26,220.00,11.00,0.00,29.91,M,6.21,M,M,M,M,M,M,M,M,M,M,M,M,M,M,M,M,59.00,FACT 021800Z 22011KT CAVOK 15/12 Q1013 NOSIG,M
FACT,2026-09-02 19:00,57.20,53.60,87.75,230.00,9.00,0.00,29.91,M,6.21,M,FEW,M,M,M,2500.00,M,M,M,M,M,M,M,M,M,M,57.20,FACT 021900Z 23009KT 9999 FEW025 14/12 Q1013 NOSIG,M
FACT,2026-09-02 20:00,57.20,55.40,93.70,240.00,8.00,0.00,29.88,M,6.21,M,FEW,M,M,M,2500.00,M,M,M,M,M,M,M,M,M,M,57.20,FACT 022000Z 24008KT 9999 FEW025 14/13 Q1012 NOSIG,M
FACT,2026-09-02 21:00,57.20,55.40,93.70,240.00,8.00,0.00,29.88,M,6.21,M,M,M,M,M,M,M,M,M,M,M,M,M,M,M,M,57.20,FACT 022100Z 24008KT CAVOK 14/13 Q1012 NOSIG,M
FACT,2026-09-02 22:00,57.20,53.60,87.75,230.00,8.00,0.00,29.88,M,6.21,M,M,M,M,M,M,M,M,M,M,M,M,M,M,M,M,57.20,FACT 022200Z 23008KT CAVOK 14/12 Q1012 NOSIG,M
FACT,2026-09-02 23:00,53.60,51.80,93.60,M,2.00,0.00,29.85,M,6.21,M,M,M,M,M,M,M,M,M,M,M,M,M,M,M,M,53.60,FACT 022300Z VRB02KT CAVOK 12/11 Q1011 NOSIG,M
FACT,2026-09-03 00:00,51.80,51.80,100.00,30.00,6.00,0.00,29.83,M,6.21,M,M,M,M,M,M,M,M,M,M,M,M,M,M,M,M,51.80,FACT 030000Z 03006KT CAVOK 11/11 Q1010 NOSIG,M
FACT,2026-09-03 01:00,51.80,50.00,93.55,M,1.00,0.00,29.83,M,6.21,M,M,M,M,M,M,M,M,M,M,M,M,M,M,M,M,51.80,FACT 030100Z VRB01KT CAVOK 11/10 Q1010 NOSIG,M
FACT,2026-09-03 01:58,55.40,48.20,76.67,300.00,5.00,0.00,29.83,M,6.21,M,M,M,M,M,M,M,M,M,M,M,M,M,M,M,M,55.40,FACT 030158Z 30005KT 260V360 CAVOK 13/09 Q1010 NOSIG,M
FACT,2026-09-03 02:00,55.40,48.20,76.67,300.00,5.00,0.00,29.83,M,6.21,M,M,M,M,M,M,M,M,M,M,M,M,M,M,M,M,55.40,FACT 030200Z 30005KT 260V360 CAVOK 13/09 Q1010 NOSIG,M
FACT,2026-09-03 03:00,51.80,50.00,93.55,M,3.00,0.00,29.85,M,6.21,M,M,M,M,M,M,M,M,M,M,M,M,M,M,M,M,51.80,FACT 030300Z VRB03KT CAVOK 11/10 Q1011 NOSIG,M
FACT,2026-09-03 04:00,53.60,51.80,93.60,340.00,7.00,0.00,29.85,M,6.21,M,M,M,M,M,M,M,M,M,M,M,M,M,M,M,M,53.60,FACT 030400Z 34007KT CAVOK 12/11 Q1011 NOSIG,M
FACT,2026-09-03 05:00,51.80,51.80,100.00,M,3.00,0.00,29.91,M,6.21,M,SCT,M,M,M,3400.00,M,M,M,M,M,M,M,M,M,M,51.80,FACT 030500Z VRB03KT 9999 SCT034 11/11 Q1013 NOSIG,M
FACT,2026-09-03 06:00,53.60,51.80,93.60,70.00,6.00,0.00,29.94,M,6.21,M,FEW,BKN,M,M,1500.00,3600.00,M,M,M,M,M,M,M,M,M,53.60,FACT 030600Z 07006KT 9999 FEW015 BKN036 12/11 Q1014 NOSIG,M
FACT,2026-09-03 07:00,55.40,51.80,87.65,30.00,6.00,0.00,30.00,M,6.21,M,FEW,M,M,M,3500.00,M,M,M,M,M,M,M,M,M,M,55.40,FACT 030700Z 03006KT 010V070 9999 FEW035 13/11 Q1016 NOSIG,M
FACT,2026-09-03 07:26,59.00,51.80,76.99,M,2.00,0.00,30.00,M,6.21,M,FEW,M,M,M,3400.00,M,M,M,M,M,M,M,M,M,M,59.00,FACT 030726Z VRB02KT 9999 FEW034 15/11 Q1016 NOSIG,M
FACT,2026-09-03 08:00,60.80,51.80,72.21,140.00,4.00,0.00,30.00,M,6.21,M,FEW,BKN,M,M,2500.00,3500.00,M,M,M,M,M,M,M,M,M,60.80,FACT 030800Z 14004KT 9999 FEW025 BKN035 16/11 Q1016 NOSIG,M
FACT,2026-09-03 09:00,62.60,50.00,63.39,170.00,11.00,0.00,30.03,M,6.21,M,FEW,BKN,M,M,2600.00,3200.00,M,M,M,M,M,M,M,M,M,62.60,FACT 030900Z 17011KT 9999 FEW026 BKN032 17/10 Q1017 NOSIG,M
FACT,2026-09-03 10:00,60.80,55.40,82.38,160.00,19.00,0.00,30.03,M,6.21,M,FEW,BKN,M,M,2000.00,3000.00,M,M,-RA,M,M,M,M,M,M,60.80,FACT 031000Z 16019KT 9999 -RA FEW020 BKN030 16/13 Q1017 NOSIG,M
FACT,2026-09-03 11:00,57.20,55.40,93.70,170.00,22.00,0.00,30.03,M,2.49,34.00,FEW,SCT,BKN,M,1000.00,2000.00,3000.00,M,-RA,M,M,M,M,M,M,57.20,FACT 031100Z 17022G34KT 4000 -RA FEW010 SCT020 BKN030 14/13 Q1017 NOSIG,M
FACT,2026-09-03 11:26,57.20,55.40,93.70,170.00,28.00,0.00,30.03,M,3.73,39.00,SCT,BKN,M,M,1000.00,3000.00,M,M,M,M,M,M,M,M,M,57.20,FACT 031126Z 17028G39KT 6000 SCT010 BKN030 14/13 Q1017 TEMPO 4000 -RA,M
FACT,2026-09-03 12:00,57.20,53.60,87.75,170.00,27.00,0.00,30.03,M,4.97,38.00,SCT,OVC,M,M,1000.00,3000.00,M,M,-RA,M,M,M,M,M,M,57.20,FACT 031200Z 17027G38KT 8000 -RA SCT010 OVC030 14/12 Q1017 TEMPO 4000 -RA,M
FACT,2026-09-03 13:00,59.00,51.80,76.99,170.00,24.00,0.00,30.03,M,6.21,M,OVC,M,M,M,3000.00,M,M,M,M,M,M,M,M,M,M,59.00,FACT 031300Z 17024KT 9999 OVC030 15/11 Q1017 NOSIG,M
FACT,2026-09-03 14:00,60.80,51.80,72.21,160.00,24.00,0.00,30.09,M,6.21,M,BKN,M,M,M,3500.00,M,M,M,M,M,M,M,M,M,M,60.80,FACT 031400Z 16024KT 9999 BKN035 16/11 Q1019 NOSIG,M
FACT,2026-09-03 15:00,60.80,50.00,67.55,160.00,23.00,0.00,30.12,M,6.21,M,BKN,M,M,M,3500.00,M,M,M,M,M,M,M,M,M,M,60.80,FACT 031500Z 16023KT 9999 BKN035 16/10 Q1020 NOSIG,M
FACT,2026-09-03 15:24,60.80,50.00,67.55,160.00,24.00,0.00,30.12,M,6.21,35.00,FEW,SCT,M,M,3000.00,4500.00,M,M,M,M,M,M,M,M,M,60.80,FACT 031524Z 16024G35KT 9999 FEW030 SCT045 16/10 Q1020 NOSIG,M
FACT,2026-09-03 16:00,59.00,50.00,72.02,160.00,23.00,0.00,30.12,M,6.21,M,FEW,SCT,M,M,3000.00,4500.00,M,M,M,M,M,M,M,M,M,59.00,FACT 031600Z 16023KT 9999 FEW030 SCT045 15/10 Q1020 NOSIG,M
FACT,2026-09-03 17:00,59.00,48.20,67.34,150.00,17.00,0.00,30.15,M,6.21,M,FEW,M,M,M,3000.00,M,M,M,M,M,M,M,M,M,M,59.00,FACT 031700Z 15017KT 9999 FEW030 15/09 Q1021 NOSIG,M
FACT,2026-09-03 17:27,59.00,48.20,67.34,150.00,18.00,0.00,30.15,M,6.21,28.00,FEW,SCT,M,M,3000.00,4000.00,M,M,M,M,M,M,M,M,M,59.00,FACT 031727Z 15018G28KT 9999 FEW030 SCT040 15/09 Q1021 NOSIG,M
FACT,2026-09-03 18:00,59.00,48.20,67.34,150.00,19.00,0.00,30.18,M,6.21,M,FEW,SCT,M,M,3000.00,4500.00,M,M,M,M,M,M,M,M,M,59.00,FACT 031800Z 15019KT 9999 FEW030 SCT045 15/09 Q1022 NOSIG,M
FACT,2026-09-03 18:24,59.00,46.40,62.93,140.00,19.00,0.00,30.18,M,6.21,31.00,FEW,M,M,M,3500.00,M,M,M,M,M,M,M,M,M,M,59.00,FACT 031824Z 14019G31KT 9999 FEW035 15/08 Q1022 NOSIG,M
FACT,2026-09-03 19:00,59.00,46.40,62.93,150.00,22.00,0.00,30.21,M,6.21,32.00,FEW,M,M,M,3500.00,M,M,M,M,M,M,M,M,M,M,59.00,FACT 031900Z 15022G32KT 9999 FEW035 15/08 Q1023 NOSIG,M
FACT,2026-09-03 20:00,59.00,46.40,62.93,140.00,19.00,0.00,30.24,M,6.21,29.00,FEW,M,M,M,3500.00,M,M,M,M,M,M,M,M,M,M,59.00,FACT 032000Z 14019G29KT 9999 FEW035 15/08 Q1024 NOSIG,M
FACT,2026-09-03 21:00,59.00,46.40,62.93,140.00,21.00,0.00,30.21,M,6.21,33.00,SCT,M,M,M,3800.00,M,M,M,M,M,M,M,M,M,M,59.00,FACT 032100Z 14021G33KT 9999 SCT038 15/08 Q1023 NOSIG,M
FACT,2026-09-03 22:00,60.80,46.40,59.02,150.00,19.00,0.00,30.21,M,6.21,29.00,FEW,M,M,M,3800.00,M,M,M,M,M,M,M,M,M,M,60.80,FACT 032200Z 15019G29KT 9999 FEW038 16/08 Q1023 NOSIG,M
FACT,2026-09-03 23:00,60.80,48.20,63.16,140.00,19.00,0.00,30.21,M,6.21,M,SCT,M,M,M,3600.00,M,M,M,M,M,M,M,M,M,M,60.80,FACT 032300Z 14019KT 9999 SCT036 16/09 Q1023 NOSIG,M
FACT,2026-09-04 00:00,60.80,48.20,63.16,150.00,18.00,0.00,30.24,M,6.21,30.00,BKN,M,M,M,3400.00,M,M,M,M,M,M,M,M,M,M,60.80,FACT 040000Z 15018G30KT 9999 BKN034 16/09 Q1024 NOSIG,M
FACT,2026-09-04 01:00,59.00,48.20,67.34,150.00,22.00,0.00,30.24,M,6.21,M,BKN,M,M,M,3400.00,M,M,M,M,M,M,M,M,M,M,59.00,FACT 040100Z 15022KT 9999 BKN034 15/09 Q1024 NOSIG,M
FACT,2026-09-04 02:00,59.00,48.20,67.34,150.00,21.00,0.00,30.27,M,6.21,M,BKN,M,M,M,3500.00,M,M,M,M,M,M,M,M,M,M,59.00,FACT 040200Z 15021KT 9999 BKN035 15/09 Q1025 NOSIG,M
FACT,2026-09-04 03:00,59.00,46.40,62.93,140.00,19.00,0.00,30.30,M,6.21,M,BKN,M,M,M,3500.00,M,M,M,M,M,M,M,M,M,M,59.00,FACT 040300Z 14019KT 9999 BKN035 15/08 Q1026 NOSIG,M
FACT,2026-09-04 03:56,57.20,44.60,62.70,140.00,21.00,0.00,30.33,M,6.21,31.00,FEW,M,M,M,3500.00,M,M,M,M,M,M,M,M,M,M,57.20,FACT 040356Z 14021G31KT 9999 FEW035 14/07 Q1027 NOSIG,M
FACT,2026-09-04 04:00,57.20,44.60,62.70,140.00,21.00,0.00,30.33,M,6.21,31.00,FEW,M,M,M,3500.00,M,M,M,M,M,M,M,M,M,M,57.20,FACT 040400Z 14021G31KT 9999 FEW035 14/07 Q1027 NOSIG,M
FACT,2026-09-04 05:00,55.40,42.80,62.46,140.00,19.00,0.00,30.36,M,6.21,M,FEW,M,M,M,3500.00,M,M,M,M,M,M,M,M,M,M,55.40,FACT 040500Z 14019KT 9999 FEW035 13/06 Q1028 NOSIG,M
FACT,2026-09-04 06:00,57.20,44.60,62.70,140.00,22.00,0.00,30.36,M,6.21,M,FEW,M,M,M,3000.00,M,M,M,M,M,M,M,M,M,M,57.20,FACT 040600Z 14022KT 9999 FEW030 14/07 Q1028 NOSIG,M
FACT,2026-09-04 06:30,59.00,44.60,58.78,140.00,21.00,0.00,30.39,M,6.21,32.00,FEW,M,M,M,3000.00,M,M,M,M,M,M,M,M,M,M,59.00,FACT 040630Z 14021G32KT 9999 FEW030 15/07 Q1029 NOSIG,M
FACT,2026-09-04 07:00,59.00,44.60,58.78,140.00,23.00,0.00,30.39,M,6.21,35.00,FEW,M,M,M,3000.00,M,M,M,M,M,M,M,M,M,M,59.00,FACT 040700Z 14023G35KT 9999 FEW030 15/07 Q1029 NOSIG,M
FACT,2026-09-04 08:00,62.60,44.60,51.73,140.00,20.00,0.00,30.39,M,6.21,M,FEW,M,M,M,3500.00,M,M,M,M,M,M,M,M,M,M,62.60,FACT 040800Z 14020KT 9999 FEW035 17/07 Q1029 NOSIG,M
FACT,2026-09-04 09:00,66.20,44.60,45.62,140.00,17.00,0.00,30.39,M,6.21,M,FEW,M,M,M,3500.00,M,M,M,M,M,M,M,M,M,M,66.20,FACT 040900Z 14017KT 9999 FEW035 19/07 Q1029 NOSIG,M
FACT,2026-09-04 09:26,66.20,42.80,42.59,140.00,17.00,0.00,30.39,M,6.21,27.00,FEW,M,M,M,3500.00,M,M,M,M,M,M,M,M,M,M,66.20,FACT 040926Z 14017G27KT 9999 FEW035 19/06 Q1029 NOSIG,M
FACT,2026-09-04 10:00,68.00,41.00,37.34,140.00,20.00,0.00,30.36,M,6.21,M,FEW,M,M,M,3500.00,M,M,M,M,M,M,M,M,M,M,68.00,FACT 041000Z 14020KT 9999 FEW035 20/05 Q1028 NOSIG,M
FACT,2026-09-04 10:23,68.00,44.60,42.87,140.00,18.00,0.00,30.36,M,6.21,28.00,FEW,M,M,M,3500.00,M,M,M,M,M,M,M,M,M,M,68.00,FACT 041023Z 14018G28KT 9999 FEW035 20/07 Q1028 NOSIG,M
FACT,2026-09-04 11:00,68.00,44.60,42.87,140.00,23.00,0.00,30.27,M,6.21,M,FEW,M,M,M,3500.00,M,M,M,M,M,M,M,M,M,M,68.00,FACT 041100Z 14023KT 9999 FEW035 20/07 Q1025 NOSIG,M
FACT,2026-09-04 11:57,68.00,44.60,42.87,150.00,27.00,0.00,30.24,M,6.21,40.00,FEW,M,M,M,3500.00,M,M,M,M,M,M,M,M,M,M,68.00,FACT 041157Z 15027G40KT 9999 FEW035 20/07 Q1024 NOSIG,M
FACT,2026-09-04 12:00,68.00,44.60,42.87,150.00,27.00,0.00,30.24,M,6.21,40.00,FEW,M,M,M,3500.00,M,M,M,M,M,M,M,M,M,M,68.00,FACT 041200Z 15027G40KT 9999 FEW035 20/07 Q1024 NOSIG,M
FACT,2026-09-04 13:00,68.00,44.60,42.87,150.00,28.00,0.00,30.21,M,6.21,39.00,FEW,M,M,M,3500.00,M,M,M,M,M,M,M,M,M,M,68.00,FACT 041300Z 15028G39KT 9999 FEW035 20/07 Q1023 NOSIG,M
FACT,2026-09-04 14:00,66.20,44.60,45.62,150.00,26.00,0.00,30.18,M,6.21,37.00,FEW,M,M,M,3500.00,M,M,M,M,M,M,M,M,M,M,66.20,FACT 041400Z 15026G37KT 9999 FEW035 19/07 Q1022 NOSIG,M
FACT,2026-09-04 14:58,64.40,46.40,52.00,150.00,24.00,0.00,30.21,M,6.21,36.00,FEW,M,M,M,3500.00,M,M,M,M,M,M,M,M,M,M,64.40,FACT 041458Z 15024G36KT 9999 FEW035 18/08 Q1023 NOSIG,M
FACT,2026-09-04 15:00,64.40,46.40,52.00,150.00,24.00,0.00,30.21,M,6.21,36.00,FEW,M,M,M,3500.00,M,M,M,M,M,M,M,M,M,M,64.40,FACT 041500Z 15024G36KT 9999 FEW035 18/08 Q1023 NOSIG,M
FACT,2026-09-04 16:00,60.80,46.40,59.02,140.00,25.00,0.00,30.18,M,6.21,36.00,FEW,M,M,M,3500.00,M,M,M,M,M,M,M,M,M,M,60.80,FACT 041600Z 14025G36KT 9999 FEW035 16/08 Q1022 NOSIG,M
FACT,2026-09-04 17:00,60.80,46.40,59.02,140.00,21.00,0.00,30.18,M,6.21,32.00,FEW,M,M,M,3500.00,M,M,M,M,M,M,M,M,M,M,60.80,FACT 041700Z 14021G32KT 9999 FEW035 16/08 Q1022 NOSIG,M
FACT,2026-09-04 18:00,59.00,44.60,58.78,150.00,26.00,0.00,30.18,M,6.21,37.00,FEW,M,M,M,3500.00,M,M,M,M,M,M,M,M,M,M,59.00,FACT 041800Z 15026G37KT 9999 FEW035 15/07 Q1022 NOSIG,M
FACT,2026-09-04 19:00,59.00,44.60,58.78,140.00,18.00,0.00,30.18,M,6.21,M,FEW,M,M,M,3500.00,M,M,M,M,M,M,M,M,M,M,59.00,FACT 041900Z 14018KT 9999 FEW035 15/07 Q1022 NOSIG,M
FACT,2026-09-04 20:00,59.00,41.00,51.18,140.00,12.00,0.00,30.21,M,6.21,M,FEW,M,M,M,3500.00,M,M,M,M,M,M,M,M,M,M,59.00,FACT 042000Z 14012KT 9999 FEW035 15/05 Q1023 NOSIG,M
FACT,2026-09-04 21:00,59.00,41.00,51.18,130.00,11.00,0.00,30.18,M,6.21,M,M,M,M,M,M,M,M,M,M,M,M,M,M,M,M,59.00,FACT 042100Z 13011KT CAVOK 15/05 Q1022 NOSIG,M
FACT,2026-09-04 22:00,57.20,39.20,50.91,M,4.00,0.00,30.18,M,6.21,M,M,M,M,M,M,M,M,M,M,M,M,M,M,M,M,57.20,FACT 042200Z VRB04KT CAVOK 14/04 Q1022 NOSIG,M
FACT,2026-09-04 23:00,57.20,41.00,54.60,120.00,14.00,0.00,30.15,M,6.21,M,M,M,M,M,M,M,M,M,M,M,M,M,M,M,M,57.20,FACT 042300Z 12014KT CAVOK 14/05 Q1021 NOSIG,M
FACT,2026-09-05 00:00,55.40,39.20,54.33,M,2.00,0.00,30.15,M,6.21,M,M,M,M,M,M,M,M,M,M,M,M,M,M,M,M,55.40,FACT 050000Z VRB02KT CAVOK 13/04 Q1021 NOSIG,M
FACT,2026-09-05 01:00,50.00,37.40,61.75,M,3.00,0.00,30.15,M,6.21,M,M,M,M,M,M,M,M,M,M,M,M,M,M,M,M,50.00,FACT 050100Z VRB03KT CAVOK 10/03 Q1021 NOSIG,M
FACT,2026-09-05 01:56,53.60,37.40,54.07,110.00,4.00,0.00,30.15,M,6.21,M,M,M,M,M,M,M,M,M,M,M,M,M,M,M,M,53.60,FACT 050156Z 11004KT CAVOK 12/03 Q1021 NOSIG,M
FACT,2026-09-05 02:00,53.60,37.40,54.07,110.00,4.00,0.00,30.15,M,6.21,M,M,M,M,M,M,M,M,M,M,M,M,M,M,M,M,53.60,FACT 050200Z 11004KT CAVOK 12/03 Q1021 NOSIG,M
FACT,2026-09-05 03:00,53.60,35.60,50.35,150.00,8.00,0.00,30.12,M,6.21,M,M,M,M,M,M,M,M,M,M,M,M,M,M,M,M,53.60,FACT 050300Z 15008KT CAVOK 12/02 Q1020 NOSIG,M
FACT,2026-09-05 04:00,53.60,32.00,43.60,M,2.00,0.00,30.15,M,6.21,M,M,M,M,M,M,M,M,M,M,M,M,M,M,M,M,53.60,FACT 050400Z VRB02KT CAVOK 12/00 Q1021 NOSIG,M
FACT,2026-09-05 05:00,53.60,33.80,46.87,180.00,4.00,0.00,30.12,M,6.21,M,M,M,M,M,M,M,M,M,M,M,M,M,M,M,M,53.60,FACT 050500Z 18004KT 150V210 CAVOK 12/01 Q1020 NOSIG,M
FACT,2026-09-05 06:00,53.60,35.60,50.35,M,3.00,0.00,30.15,M,6.21,M,M,M,M,M,M,M,M,M,M,M,M,M,M,M,M,53.60,FACT 050600Z VRB03KT CAVOK 12/02 Q1021 NOSIG,M
FACT,2026-09-05 06:23,57.20,35.60,44.18,190.00,7.00,0.00,30.15,M,6.21,M,M,M,M,M,M,M,M,M,M,M,M,M,M,M,M,57.20,FACT 050623Z 19007KT CAVOK 14/02 Q1021 NOSIG,M
FACT,2026-09-05 06:51,60.80,35.60,38.85,150.00,6.00,0.00,30.15,M,6.21,M,M,M,M,M,M,M,M,M,M,M,M,M,M,M,M,60.80,FACT 050651Z 15006KT CAVOK 16/02 Q1021 NOSIG,M
FACT,2026-09-05 07:00,60.80,35.60,38.85,150.00,6.00,0.00,30.15,M,6.21,M,M,M,M,M,M,M,M,M,M,M,M,M,M,M,M,60.80,FACT 050700Z 15006KT CAVOK 16/02 Q1021 NOSIG,M
FACT,2026-09-05 07:23,64.40,35.60,34.23,20.00,6.00,0.00,30.15,M,6.21,M,M,M,M,M,M,M,M,M,M,M,M,M,M,M,M,64.40,FACT 050723Z 02006KT 350V090 CAVOK 18/02 Q1021 NOSIG,M
FACT,2026-09-05 08:00,66.20,35.60,32.15,100.00,6.00,0.00,30.15,M,6.21,M,M,M,M,M,M,M,M,M,M,M,M,M,M,M,M,66.20,FACT 050800Z 10006KT 070V180 CAVOK 19/02 Q1021 NOSIG,M
FACT,2026-09-05 09:00,69.80,37.40,30.50,140.00,6.00,0.00,30.12,M,6.21,M,M,M,M,M,M,M,M,M,M,M,M,M,M,M,M,69.80,FACT 050900Z 14006KT 120V210 CAVOK 21/03 Q1020 NOSIG,M
FACT,2026-09-05 10:00,73.40,37.40,27.00,150.00,7.00,0.00,30.09,M,6.21,M,M,M,M,M,M,M,M,M,M,M,M,M,M,M,M,73.40,FACT 051000Z 15007KT CAVOK 23/03 Q1019 NOSIG,M
FACT,2026-09-05 11:00,75.20,41.00,29.26,160.00,12.00,0.00,30.06,M,6.21,M,M,M,M,M,M,M,M,M,M,M,M,M,M,M,M,75.20,FACT 051100Z 16012KT 130V190 CAVOK 24/05 Q1018 NOSIG,M
FACT,2026-09-05 12:00,75.20,42.80,31.37,150.00,18.00,0.00,30.06,M,6.21,M,M,M,M,M,M,M,M,M,M,M,M,M,M,M,M,75.20,FACT 051200Z 15018KT CAVOK 24/06 Q1018 NOSIG,M
FACT,2026-09-05 12:23,73.40,42.80,33.31,130.00,20.00,0.00,30.06,M,6.21,31.00,M,M,M,M,M,M,M,M,M,M,M,M,M,M,M,73.40,FACT 051223Z 13020G31KT CAVOK 23/06 Q1018 NOSIG,M
FACT,2026-09-05 13:00,77.00,44.60,31.65,140.00,10.00,0.00,30.03,M,6.21,M,M,M,M,M,M,M,M,M,M,M,M,M,M,M,M,77.00,FACT 051300Z 14010KT CAVOK 25/07 Q1017 NOSIG,M
FACT,2026-09-05 13:03,77.00,44.60,31.65,140.00,10.00,0.00,30.03,M,6.21,M,M,M,M,M,M,M,M,M,M,M,M,M,M,M,M,77.00,FACT 051303Z 14010KT CAVOK 25/07 Q1017 NOSIG,M
FACT,2026-09-05 14:00,73.40,44.60,35.69,140.00,16.00,0.00,30.03,M,6.21,M,M,M,M,M,M,M,M,M,M,M,M,M,M,M,M,73.40,FACT 051400Z 14016KT CAVOK 23/07 Q1017 NOSIG,M
FACT,2026-09-05 15:00,71.60,46.40,40.60,140.00,15.00,0.00,30.03,M,6.21,M,M,M,M,M,M,M,M,M,M,M,M,M,M,M,M,71.60,FACT 051500Z 14015KT CAVOK 22/08 Q1017 NOSIG,M
FACT,2026-09-05 16:00,68.00,46.40,45.91,140.00,15.00,0.00,30.03,M,6.21,M,M,M,M,M,M,M,M,M,M,M,M,M,M,M,M,68.00,FACT 051600Z 14015KT CAVOK 20/08 Q1017 NOSIG,M
FACT,2026-09-05 17:00,64.40,48.20,55.65,140.00,16.00,0.00,30.06,M,6.21,M,M,M,M,M,M,M,M,M,M,M,M,M,M,M,M,64.40,FACT 051700Z 14016KT CAVOK 18/09 Q1018 NOSIG,M
FACT,2026-09-05 18:00,62.60,46.40,55.39,130.00,13.00,0.00,30.09,M,6.21,M,M,M,M,M,M,M,M,M,M,M,M,M,M,M,M,62.60,FACT 051800Z 13013KT CAVOK 17/08 Q1019 NOSIG,M
FACT,2026-09-05 19:00,62.60,48.20,59.27,140.00,20.00,0.00,30.09,M,6.21,M,M,M,M,M,M,M,M,M,M,M,M,M,M,M,M,62.60,FACT 051900Z 14020KT CAVOK 17/09 Q1019 NOSIG,M
FACT,2026-09-05 20:00,60.80,46.40,59.02,130.00,10.00,0.00,30.12,M,6.21,M,M,M,M,M,M,M,M,M,M,M,M,M,M,M,M,60.80,FACT 052000Z 13010KT CAVOK 16/08 Q1020 NOSIG,M
FACT,2026-09-05 21:00,59.00,46.40,62.93,130.00,6.00,0.00,30.12,M,6.21,M,M,M,M,M,M,M,M,M,M,M,M,M,M,M,M,59.00,FACT 052100Z 13006KT CAVOK 15/08 Q1020 NOSIG,M
FACT,2026-09-05 22:00,59.00,46.40,62.93,180.00,4.00,0.00,30.12,M,6.21,M,M,M,M,M,M,M,M,M,M,M,M,M,M,M,M,59.00,FACT 052200Z 18004KT CAVOK 15/08 Q1020 NOSIG,M
FACT,2026-09-05 23:00,59.00,46.40,62.93,140.00,8.00,0.00,30.12,M,6.21,M,M,M,M,M,M,M,M,M,M,M,M,M,M,M,M,59.00,FACT 052300Z 14008KT CAVOK 15/08 Q1020 NOSIG,M
FACT,2026-09-06 00:00,59.00,46.40,62.93,130.00,7.00,0.00,30.12,M,6.21,M,M,M,M,M,M,M,M,M,M,M,M,M,M,M,M,59.00,FACT 060000Z 13007KT CAVOK 15/08 Q1020 NOSIG,M
FACT,2026-09-06 01:00,59.00,46.40,62.93,170.00,5.00,0.00,30.12,M,6.21,M,M,M,M,M,M,M,M,M,M,M,M,M,M,M,M,59.00,FACT 060100Z 17005KT CAVOK 15/08 Q1020 NOSIG,M
FACT,2026-09-06 02:00,59.00,46.40,62.93,220.00,4.00,0.00,30.12,M,6.21,M,M,M,M,M,M,M,M,M,M,M,M,M,M,M,M,59.00,FACT 060200Z 22004KT CAVOK 15/08 Q1020 NOSIG,M
FACT,2026-09-06 03:00,59.00,46.40,62.93,210.00,6.00,0.00,30.09,M,6.21,M,M,M,M,M,M,M,M,M,M,M,M,M,M,M,M,59.00,FACT 060300Z 21006KT CAVOK 15/08 Q1019 NOSIG,M
FACT,2026-09-06 04:00,59.00,46.40,62.93,230.00,6.00,0.00,30.12,M,6.21,M,M,M,M,M,M,M,M,M,M,M,M,M,M,M,M,59.00,FACT 060400Z 23006KT CAVOK 15/08 Q1020 NOSIG,M
FACT,2026-09-06 05:00,59.00,46.40,62.93,240.00,7.00,0.00,30.12,M,6.21,M,FEW,M,M,M,4500.00,M,M,M,M,M,M,M,M,M,M,59.00,FACT 060500Z 24007KT 9999 FEW045 15/08 Q1020 NOSIG,M
FACT,2026-09-06 06:00,59.00,48.20,67.34,240.00,4.00,0.00,30.15,M,6.21,M,M,M,M,M,M,M,M,M,M,M,M,M,M,M,M,59.00,FACT 060600Z 24004KT 190V260 CAVOK 15/09 Q1021 NOSIG,M
FACT,2026-09-06 06:58,64.40,46.40,52.00,220.00,7.00,0.00,30.15,M,6.21,M,M,M,M,M,M,M,M,M,M,M,M,M,M,M,M,64.40,FACT 060658Z 22007KT CAVOK 18/08 Q1021 NOSIG,M
FACT,2026-09-06 07:00,64.40,46.40,52.00,220.00,7.00,0.00,30.15,M,6.21,M,M,M,M,M,M,M,M,M,M,M,M,M,M,M,M,64.40,FACT 060700Z 22007KT CAVOK 18/08 Q1021 NOSIG,M
FACT,2026-09-06 08:00,68.00,48.20,49.12,M,3.00,0.00,30.15,M,6.21,M,M,M,M,M,M,M,M,M,M,M,M,M,M,M,M,68.00,FACT 060800Z VRB03KT CAVOK 20/09 Q1021 NOSIG,M
FACT,2026-09-06 09:00,71.60,48.20,43.45,260.00,6.00,0.00,30.12,M,6.21,M,M,M,M,M,M,M,M,M,M,M,M,M,M,M,M,71.60,FACT 060900Z 26006KT 210V320 CAVOK 22/09 Q1020 NOSIG,M
FACT,2026-09-06 10:00,75.20,48.20,38.50,260.00,7.00,0.00,30.12,M,6.21,M,M,M,M,M,M,M,M,M,M,M,M,M,M,M,M,75.20,FACT 061000Z 26007KT 220V310 CAVOK 24/09 Q1020 NOSIG,M
FACT,2026-09-06 11:00,78.80,48.20,34.18,200.00,4.00,0.00,30.09,M,6.21,M,M,M,M,M,M,M,M,M,M,M,M,M,M,M,M,78.80,FACT 061100Z 20004KT 170V290 CAVOK 26/09 Q1019 NOSIG,M
FACT,2026-09-06 11:03,78.80,48.20,34.18,200.00,4.00,0.00,30.09,M,6.21,M,M,M,M,M,M,M,M,M,M,M,M,M,M,M,M,78.80,FACT 061103Z 20004KT 170V290 CAVOK 26/09 Q1019 NOSIG,M
FACT,2026-09-06 12:00,78.80,50.00,36.56,230.00,9.00,0.00,30.06,M,6.21,M,M,M,M,M,M,M,M,M,M,M,M,M,M,M,M,78.80,FACT 061200Z 23009KT CAVOK 26/10 Q1018 NOSIG,M
FACT,2026-09-06 13:00,80.60,50.00,34.47,200.00,9.00,0.00,30.06,M,6.21,M,M,M,M,M,M,M,M,M,M,M,M,M,M,M,M,79.89,FACT 061300Z 20009KT CAVOK 27/10 Q1018 NOSIG,M
FACT,2026-09-06 14:00,77.00,50.00,38.79,190.00,15.00,0.00,30.06,M,6.21,M,M,M,M,M,M,M,M,M,M,M,M,M,M,M,M,77.00,FACT 061400Z 19015KT CAVOK 25/10 Q1018 NOSIG,M
FACT,2026-09-06 14:55,78.80,51.80,39.08,180.00,8.00,0.00,30.06,M,6.21,M,M,M,M,M,M,M,M,M,M,M,M,M,M,M,M,78.80,FACT 061455Z 18008KT CAVOK 26/11 Q1018 NOSIG,M
FACT,2026-09-06 15:00,78.80,51.80,39.08,180.00,8.00,0.00,30.06,M,6.21,M,M,M,M,M,M,M,M,M,M,M,M,M,M,M,M,78.80,FACT 061500Z 18008KT CAVOK 26/11 Q1018 NOSIG,M
FACT,2026-09-06 16:00,71.60,51.80,49.67,210.00,10.00,0.00,30.06,M,6.21,M,M,M,M,M,M,M,M,M,M,M,M,M,M,M,M,71.60,FACT 061600Z 21010KT CAVOK 22/11 Q1018 NOSIG,M
FACT,2026-09-06 17:00,68.00,53.60,60.00,240.00,9.00,0.00,30.09,M,6.21,M,M,M,M,M,M,M,M,M,M,M,M,M,M,M,M,68.00,FACT 061700Z 24009KT CAVOK 20/12 Q1019 NOSIG,M
FACT,2026-09-06 18:00,64.40,53.60,67.97,230.00,8.00,0.00,30.09,M,6.21,M,M,M,M,M,M,M,M,M,M,M,M,M,M,M,M,64.40,FACT 061800Z 23008KT CAVOK 18/12 Q1019 NOSIG,M
FACT,2026-09-06 19:00,64.40,51.80,63.62,210.00,8.00,0.00,30.12,M,6.21,M,M,M,M,M,M,M,M,M,M,M,M,M,M,M,M,64.40,FACT 061900Z 21008KT CAVOK 18/11 Q1020 NOSIG,M
FACT,2026-09-06 20:00,62.60,51.80,67.76,240.00,6.00,0.00,30.12,M,6.21,M,M,M,M,M,M,M,M,M,M,M,M,M,M,M,M,62.60,FACT 062000Z 24006KT CAVOK 17/11 Q1020 NOSIG,M
FACT,2026-09-06 21:00,62.60,51.80,67.76,250.00,4.00,0.00,30.09,M,6.21,M,M,M,M,M,M,M,M,M,M,M,M,M,M,M,M,62.60,FACT 062100Z 25004KT 190V280 CAVOK 17/11 Q1019 NOSIG,M
FACT,2026-09-06 22:00,59.00,51.80,76.99,M,2.00,0.00,30.09,M,6.21,M,M,M,M,M,M,M,M,M,M,M,M,M,M,M,M,59.00,FACT 062200Z VRB02KT CAVOK 15/11 Q1019 NOSIG,M
FACT,2026-09-06 23:00,60.80,51.80,72.21,200.00,6.00,0.00,30.09,M,6.21,M,M,M,M,M,M,M,M,M,M,M,M,M,M,M,M,60.80,FACT 062300Z 20006KT CAVOK 16/11 Q1019 NOSIG,M
FACT,2026-09-07 00:00,59.00,51.80,76.99,M,3.00,0.00,30.09,M,6.21,M,M,M,M,M,M,M,M,M,M,M,M,M,M,M,M,59.00,FACT 070000Z VRB03KT CAVOK 15/11 Q1019 NOSIG,M
FACT,2026-09-07 02:00,57.20,51.80,82.13,150.00,2.00,0.00,30.06,M,6.21,M,M,M,M,M,M,M,M,M,M,M,M,M,M,M,M,57.20,FACT 070200Z 15002KT CAVOK 14/11 Q1018 NOSIG,M
FACT,2026-09-07 03:00,55.40,50.00,82.00,160.00,3.00,0.00,30.06,M,6.21,M,M,M,M,M,M,M,M,M,M,M,M,M,M,M,M,55.40,FACT 070300Z 16003KT CAVOK 13/10 Q1018 NOSIG,M
FACT,2026-09-07 04:00,55.40,51.80,87.65,90.00,5.00,0.00,30.09,M,6.21,M,M,M,M,M,M,M,M,M,M,M,M,M,M,M,M,55.40,FACT 070400Z 09005KT CAVOK 13/11 Q1019 NOSIG,M
FACT,2026-09-07 05:00,55.40,50.00,82.00,130.00,4.00,0.00,30.12,M,6.21,M,M,M,M,M,M,M,M,M,M,M,M,M,M,M,M,55.40,FACT 070500Z 13004KT CAVOK 13/10 Q1020 NOSIG,M
FACT,2026-09-07 05:58,60.80,53.60,77.15,100.00,2.00,0.00,30.12,M,6.21,M,M,M,M,M,M,M,M,M,M,M,M,M,M,M,M,60.80,FACT 070558Z 10002KT CAVOK 16/12 Q1020 NOSIG,M
FACT,2026-09-07 06:00,60.80,53.60,77.15,100.00,2.00,0.00,30.12,M,6.21,M,M,M,M,M,M,M,M,M,M,M,M,M,M,M,M,60.80,FACT 070600Z 10002KT CAVOK 16/12 Q1020 NOSIG,M
FACT,2026-09-07 06:24,66.20,55.40,68.18,M,2.00,0.00,30.15,M,6.21,M,M,M,M,M,M,M,M,M,M,M,M,M,M,M,M,66.20,FACT 070624Z VRB02KT CAVOK 19/13 Q1021 NOSIG,M
FACT,2026-09-07 06:53,69.80,55.40,60.24,M,1.00,0.00,30.15,M,6.21,M,M,M,M,M,M,M,M,M,M,M,M,M,M,M,M,69.80,FACT 070653Z VRB01KT CAVOK 21/13 Q1021 NOSIG,M
FACT,2026-09-07 07:00,69.80,55.40,60.24,M,1.00,0.00,30.15,M,6.21,M,M,M,M,M,M,M,M,M,M,M,M,M,M,M,M,69.80,FACT 070700Z VRB01KT CAVOK 21/13 Q1021 NOSIG,M
FACT,2026-09-07 07:24,73.40,53.60,49.95,M,1.00,0.00,30.15,M,6.21,M,M,M,M,M,M,M,M,M,M,M,M,M,M,M,M,73.40,FACT 070724Z VRB01KT CAVOK 23/12 Q1021 NOSIG,M
FACT,2026-09-07 07:56,77.00,55.40,47.30,M,3.00,0.00,30.15,M,6.21,M,M,M,M,M,M,M,M,M,M,M,M,M,M,M,M,77.00,FACT 070756Z VRB03KT CAVOK 25/13 Q1021 NOSIG,M
FACT,2026-09-07 08:00,77.00,55.40,47.30,M,3.00,0.00,30.15,M,6.21,M,M,M,M,M,M,M,M,M,M,M,M,M,M,M,M,77.00,FACT 070800Z VRB03KT CAVOK 25/13 Q1021 NOSIG,M
FACT,2026-09-07 09:00,78.80,53.60,41.75,320.00,5.00,0.00,30.15,M,6.21,M,M,M,M,M,M,M,M,M,M,M,M,M,M,M,M,78.80,FACT 070900Z 32005KT 290V020 CAVOK 26/12 Q1021 NOSIG,M
FACT,2026-09-07 10:00,80.60,51.80,36.84,290.00,6.00,0.00,30.12,M,6.21,M,M,M,M,M,M,M,M,M,M,M,M,M,M,M,M,80.08,FACT 071000Z 29006KT 240V340 CAVOK 27/11 Q1020 NOSIG,M
FACT,2026-09-07 11:00,84.20,51.80,32.80,240.00,5.00,0.00,30.12,M,6.21,M,M,M,M,M,M,M,M,M,M,M,M,M,M,M,M,82.48,FACT 071100Z 24005KT 200V330 CAVOK 29/11 Q1020 NOSIG,M
FACT,2026-09-07 12:00,84.20,53.60,35.04,M,4.00,0.00,30.09,M,6.21,M,M,M,M,M,M,M,M,M,M,M,M,M,M,M,M,82.76,FACT 071200Z VRB04KT CAVOK 29/12 Q1019 NOSIG,M
FACT,2026-09-07 13:00,84.20,53.60,35.04,160.00,8.00,0.00,30.09,M,6.21,M,M,M,M,M,M,M,M,M,M,M,M,M,M,M,M,82.76,FACT 071300Z 16008KT 140V200 CAVOK 29/12 Q1019 NOSIG,M
FACT,2026-09-07 14:00,78.80,53.60,41.75,170.00,10.00,0.00,30.09,M,6.21,M,M,M,M,M,M,M,M,M,M,M,M,M,M,M,M,78.80,FACT 071400Z 17010KT CAVOK 26/12 Q1019 NOSIG,M
FACT,2026-09-07 15:00,77.00,53.60,44.30,140.00,5.00,0.00,30.12,M,6.21,M,M,M,M,M,M,M,M,M,M,M,M,M,M,M,M,77.00,FACT 071500Z 14005KT CAVOK 25/12 Q1020 NOSIG,M
FACT,2026-09-07 16:00,71.60,53.60,53.07,140.00,6.00,0.00,30.12,M,6.21,M,M,M,M,M,M,M,M,M,M,M,M,M,M,M,M,71.60,FACT 071600Z 14006KT CAVOK 22/12 Q1020 NOSIG,M
FACT,2026-09-07 17:00,66.20,51.80,59.76,140.00,4.00,0.00,30.12,M,6.21,M,M,M,M,M,M,M,M,M,M,M,M,M,M,M,M,66.20,FACT 071700Z 14004KT CAVOK 19/11 Q1020 NOSIG,M
FACT,2026-09-07 18:00,62.60,51.80,67.76,150.00,5.00,0.00,30.15,M,6.21,M,M,M,M,M,M,M,M,M,M,M,M,M,M,M,M,62.60,FACT 071800Z 15005KT CAVOK 17/11 Q1021 NOSIG,M
FACT,2026-09-07 19:00,60.80,51.80,72.21,130.00,4.00,0.00,30.18,M,6.21,M,M,M,M,M,M,M,M,M,M,M,M,M,M,M,M,60.80,FACT 071900Z 13004KT CAVOK 16/11 Q1022 NOSIG,M
FACT,2026-09-07 20:00,62.60,51.80,67.76,100.00,3.00,0.00,30.15,M,6.21,M,M,M,M,M,M,M,M,M,M,M,M,M,M,M,M,62.60,FACT 072000Z 10003KT CAVOK 17/11 Q1021 NOSIG,M
FACT,2026-09-07 21:00,62.60,51.80,67.76,130.00,2.00,0.00,30.15,M,6.21,M,M,M,M,M,M,M,M,M,M,M,M,M,M,M,M,62.60,FACT 072100Z 13002KT CAVOK 17/11 Q1021 NOSIG,M
FACT,2026-09-07 22:00,62.60,51.80,67.76,70.00,3.00,0.00,30.15,M,6.21,M,M,M,M,M,M,M,M,M,M,M,M,M,M,M,M,62.60,FACT 072200Z 07003KT CAVOK 17/11 Q1021 NOSIG,M
FACT,2026-09-07 23:00,60.80,51.80,72.21,60.00,3.00,0.00,30.15,M,6.21,M,M,M,M,M,M,M,M,M,M,M,M,M,M,M,M,60.80,FACT 072300Z 06003KT CAVOK 16/11 Q1021 NOSIG,M
FACT,2026-09-08 00:00,59.00,51.80,76.99,80.00,3.00,0.00,30.15,M,6.21,M,M,M,M,M,M,M,M,M,M,M,M,M,M,M,M,59.00,FACT 080000Z 08003KT CAVOK 15/11 Q1021 NOSIG,M
FACT,2026-09-08 01:00,59.00,51.80,76.99,40.00,4.00,0.00,30.12,M,6.21,M,M,M,M,M,M,M,M,M,M,M,M,M,M,M,M,59.00,FACT 080100Z 04004KT CAVOK 15/11 Q1020 NOSIG,M
FACT,2026-09-08 02:00,59.00,51.80,76.99,340.00,7.00,0.00,30.12,M,6.21,M,M,M,M,M,M,M,M,M,M,M,M,M,M,M,M,59.00,FACT 080200Z 34007KT CAVOK 15/11 Q1020 NOSIG,M
FACT,2026-09-08 03:00,59.00,51.80,76.99,330.00,5.00,0.00,30.12,M,6.21,M,M,M,M,M,M,M,M,M,M,M,M,M,M,M,M,59.00,FACT 080300Z 33005KT CAVOK 15/11 Q1020 NOSIG,M
FACT,2026-09-08 04:00,59.00,51.80,76.99,220.00,4.00,0.00,30.15,M,6.21,M,M,M,M,M,M,M,M,M,M,M,M,M,M,M,M,59.00,FACT 080400Z 22004KT CAVOK 15/11 Q1021 NOSIG,M
FACT,2026-09-08 05:00,55.40,50.00,82.00,M,3.00,0.00,30.15,M,6.21,M,M,M,M,M,M,M,M,M,M,M,M,M,M,M,M,55.40,FACT 080500Z VRB03KT CAVOK 13/10 Q1021 NOSIG,M
FACT,2026-09-08 05:56,60.80,53.60,77.15,M,2.00,0.00,30.15,M,6.21,M,M,M,M,M,M,M,M,M,M,M,M,M,M,M,M,60.80,FACT 080556Z VRB02KT CAVOK 16/12 Q1021 NOSIG,M
FACT,2026-09-08 06:00,60.80,53.60,77.15,M,2.00,0.00,30.15,M,6.21,M,M,M,M,M,M,M,M,M,M,M,M,M,M,M,M,60.80,FACT 080600Z VRB02KT CAVOK 16/12 Q1021 NOSIG,M
FACT,2026-09-08 06:23,64.40,55.40,72.58,M,2.00,0.00,30.15,M,6.21,M,M,M,M,M,M,M,M,M,M,M,M,M,M,M,M,64.40,FACT 080623Z VRB02KT CAVOK 18/13 Q1021 NOSIG,M
FACT,2026-09-08 06:49,68.00,55.40,64.07,M,2.00,0.00,30.15,M,6.21,M,M,M,M,M,M,M,M,M,M,M,M,M,M,M,M,68.00,FACT 080649Z VRB02KT CAVOK 20/13 Q1021 NOSIG,M
FACT,2026-09-08 07:00,68.00,55.40,64.07,M,2.00,0.00,30.15,M,6.21,M,M,M,M,M,M,M,M,M,M,M,M,M,M,M,M,68.00,FACT 080700Z VRB02KT CAVOK 20/13 Q1021 NOSIG,M
FACT,2026-09-08 07:25,71.60,55.40,56.67,M,1.00,0.00,30.15,M,6.21,M,M,M,M,M,M,M,M,M,M,M,M,M,M,M,M,71.60,FACT 080725Z VRB01KT CAVOK 22/13 Q1021 NOSIG,M
FACT,2026-09-08 07:56,75.20,55.40,50.22,M,3.00,0.00,30.15,M,6.21,M,M,M,M,M,M,M,M,M,M,M,M,M,M,M,M,75.20,FACT 080756Z VRB03KT CAVOK 24/13 Q1021 NOSIG,M
FACT,2026-09-08 08:00,75.20,55.40,50.22,M,3.00,0.00,30.15,M,6.21,M,M,M,M,M,M,M,M,M,M,M,M,M,M,M,M,75.20,FACT 080800Z VRB03KT CAVOK 24/13 Q1021 NOSIG,M
FACT,2026-09-08 09:00,77.00,55.40,47.30,M,3.00,0.00,30.15,M,6.21,M,M,M,M,M,M,M,M,M,M,M,M,M,M,M,M,77.00,FACT 080900Z VRB03KT CAVOK 25/13 Q1021 NOSIG,M
FACT,2026-09-08 10:00,80.60,57.20,44.86,300.00,5.00,0.00,30.12,M,6.21,M,M,M,M,M,M,M,M,M,M,M,M,M,M,M,M,80.81,FACT 081000Z 30005KT 250V360 CAVOK 27/14 Q1020 NOSIG,M
FACT,2026-09-08 11:00,84.20,57.20,39.93,310.00,6.00,0.00,30.09,M,6.21,M,M,M,M,M,M,M,M,M,M,M,M,M,M,M,M,83.48,FACT 081100Z 31006KT 240V330 CAVOK 29/14 Q1019 NOSIG,M
FACT,2026-09-08 12:00,80.60,55.40,42.03,150.00,8.00,0.00,30.09,M,6.21,M,M,M,M,M,M,M,M,M,M,M,M,M,M,M,M,80.54,FACT 081200Z 15008KT CAVOK 27/13 Q1019 NOSIG,M
FACT,2026-09-08 13:00,73.40,57.20,56.92,150.00,11.00,0.00,30.09,M,6.21,M,M,M,M,M,M,M,M,M,M,M,M,M,M,M,M,73.40,FACT 081300Z 15011KT CAVOK 23/14 Q1019 NOSIG,M
FACT,2026-09-08 14:00,69.80,57.20,64.30,150.00,11.00,0.00,30.09,M,6.21,M,M,M,M,M,M,M,M,M,M,M,M,M,M,M,M,69.80,FACT 081400Z 15011KT CAVOK 21/14 Q1019 NOSIG,M
FACT,2026-09-08 15:00,69.80,57.20,64.30,170.00,10.00,0.00,30.09,M,6.21,M,M,M,M,M,M,M,M,M,M,M,M,M,M,M,M,69.80,FACT 081500Z 17010KT CAVOK 21/14 Q1019 NOSIG,M
FACT,2026-09-08 16:00,66.20,57.20,72.76,180.00,8.00,0.00,30.09,M,6.21,M,M,M,M,M,M,M,M,M,M,M,M,M,M,M,M,66.20,FACT 081600Z 18008KT CAVOK 19/14 Q1019 NOSIG,M
FACT,2026-09-08 17:00,60.80,55.40,82.38,170.00,5.00,0.00,30.12,M,6.21,M,M,M,M,M,M,M,M,M,M,M,M,M,M,M,M,60.80,FACT 081700Z 17005KT CAVOK 16/13 Q1020 NOSIG,M
FACT,2026-09-08 18:00,59.00,57.20,93.74,170.00,5.00,0.00,30.12,M,6.21,M,FEW,M,M,M,1200.00,M,M,M,M,M,M,M,M,M,M,59.00,COR FACT 081800Z 17005KT 9999 FEW012 15/14 Q1020 NOSIG,M
FACT,2026-09-08 18:59,57.20,55.40,93.70,M,3.00,0.00,30.12,M,2.80,M,FEW,M,M,M,1200.00,M,M,M,BR,M,M,M,M,M,M,57.20,FACT 081859Z VRB03KT 4500 BR FEW012 14/13 Q1020 BECMG 3000 BKN012,M
FACT,2026-09-08 19:00,57.20,55.40,93.70,M,3.00,0.00,30.12,M,2.80,M,FEW,M,M,M,1200.00,M,M,M,BR,M,M,M,M,M,M,57.20,FACT 081900Z VRB03KT 4500 BR FEW012 14/13 Q1020 BECMG 3000 BKN012,M
FACT,2026-09-08 19:57,55.40,55.40,100.00,M,3.00,0.00,30.12,M,4.97,M,NSC,M,M,M,M,M,M,M,M,M,M,M,M,M,M,55.40,FACT 081957Z VRB03KT 8000 NSC 13/13 Q1020 TEMPO 4500 BR,M
FACT,2026-09-08 20:00,55.40,55.40,100.00,M,3.00,0.00,30.12,M,4.97,M,NSC,M,M,M,M,M,M,M,M,M,M,M,M,M,M,55.40,FACT 082000Z VRB03KT 8000 NSC 13/13 Q1020 TEMPO 4500 BR,M
FACT,2026-09-08 21:00,53.60,53.60,100.00,140.00,4.00,0.00,30.12,M,4.97,M,NSC,M,M,M,M,M,M,M,M,M,M,M,M,M,M,53.60,FACT 082100Z 14004KT 8000 NSC 12/12 Q1020 TEMPO 4500 BR,M
FACT,2026-09-08 21:58,55.40,55.40,100.00,180.00,7.00,0.00,30.09,M,1.24,M,BKN,M,M,M,800.00,M,M,M,BR,M,M,M,M,M,M,55.40,FACT 082158Z 18007KT 2000 BR BKN008 13/13 Q1019 NOSIG,M
FACT,2026-09-08 22:00,55.40,55.40,100.00,180.00,7.00,0.00,30.09,M,1.24,M,BKN,M,M,M,800.00,M,M,M,BR,M,M,M,M,M,M,55.40,FACT 082200Z 18007KT 2000 BR BKN008 13/13 Q1019 NOSIG,M
FACT,2026-09-08 22:58,57.20,57.20,100.00,190.00,10.00,0.00,30.09,M,0.19,M,BKN,M,M,M,300.00,M,M,M,FG,M,M,M,M,M,M,57.20,FACT 082258Z 19010KT 0300 R19/0900 FG BKN003 14/14 Q1019 NOSIG,M
FACT,2026-09-08 22:59,57.20,57.20,100.00,190.00,10.00,0.00,30.09,M,0.19,M,BKN,M,M,M,300.00,M,M,M,FG,M,M,M,M,M,M,57.20,FACT 082259Z 19010KT 0300 R19/0900 FG BKN003 14/14 Q1019 NOSIG,M
FACT,2026-09-08 23:00,57.20,57.20,100.00,190.00,10.00,0.00,30.09,M,0.19,M,BKN,M,M,M,300.00,M,M,M,FG,M,M,M,M,M,M,57.20,FACT 082300Z 19010KT 0300 R19/0900 FG BKN003 14/14 Q1019 NOSIG,M
FACT,2026-09-09 00:00,57.20,57.20,100.00,180.00,5.00,0.00,30.09,M,0.19,M,VV ,M,M,M,100.00,M,M,M,FG,M,M,M,M,M,M,57.20,FACT 090000Z 18005KT 0300 R19/P1500 FG VV001 14/14 Q1019,M
FACT,2026-09-09 00:05,57.20,57.20,100.00,180.00,5.00,0.00,30.09,M,0.19,M,VV ,M,M,M,100.00,M,M,M,FG,M,M,M,M,M,M,57.20,FACT 090005Z 18005KT 0300 R19/P1500 FG VV001 14/14 Q1019,M
FACT,2026-09-09 01:00,57.20,57.20,100.00,200.00,9.00,0.00,30.06,M,0.19,M,VV ,M,M,M,100.00,M,M,M,FG,M,M,M,M,M,M,57.20,FACT 090100Z 20009KT 0300 R19/1000 FG VV001 14/14 Q1018,M
FACT,2026-09-09 02:00,57.20,57.20,100.00,190.00,13.00,0.00,30.06,M,0.19,M,OVC,M,M,M,200.00,M,M,M,FG,M,M,M,M,M,M,57.20,FACT 090200Z 19013KT 0300 R19/1200 FG OVC002 14/14 Q1018,M
FACT,2026-09-09 03:00,57.20,57.20,100.00,190.00,9.00,0.00,30.06,M,0.19,M,OVC,M,M,M,200.00,M,M,M,FG,M,M,M,M,M,M,57.20,FACT 090300Z 19009KT 0300 R01/0900 FG OVC002 14/14 Q1018 NOSIG,M
FACT,2026-09-09 03:25,59.00,59.00,100.00,190.00,9.00,0.00,30.06,M,0.56,M,OVC,M,M,M,200.00,M,M,M,FG,M,M,M,M,M,M,59.00,FACT 090325Z 19009KT 0900 FG OVC002 15/15 Q1018 NOSIG,M
FACT,2026-09-09 03:56,57.20,57.20,100.00,200.00,9.00,0.00,30.06,M,0.37,M,OVC,M,M,M,200.00,M,M,M,FG,M,M,M,M,M,M,57.20,FACT 090356Z 20009KT 0600 R19/P1500 FG OVC002 14/14 Q1018 NOSIG,M
FACT,2026-09-09 04:00,57.20,57.20,100.00,200.00,9.00,0.00,30.06,M,0.37,M,OVC,M,M,M,200.00,M,M,M,FG,M,M,M,M,M,M,57.20,FACT 090400Z 20009KT 0600 R19/P1500 FG OVC002 14/14 Q1018 NOSIG,M
FACT,2026-09-09 05:00,57.20,57.20,100.00,200.00,10.00,0.00,30.06,M,0.19,M,OVC,M,M,M,200.00,M,M,M,FG,M,M,M,M,M,M,57.20,FACT 090500Z 20010KT 0300 R19/1000 FG OVC002 14/14 Q1018 NOSIG,M
FACT,2026-09-09 05:27,57.20,57.20,100.00,190.00,9.00,0.00,30.09,M,0.25,M,OVC,M,M,M,200.00,M,M,M,FG,M,M,M,M,M,M,57.20,FACT 090527Z 19009KT 0400 R19/0800 FG OVC002 14/14 Q1019 NOSIG,M
FACT,2026-09-09 06:00,57.20,57.20,100.00,180.00,8.00,0.00,30.09,M,0.25,M,OVC,M,M,M,200.00,M,M,M,FG,M,M,M,M,M,M,57.20,FACT 090600Z 18008KT 0400 R19/0700 FG OVC002 14/14 Q1019 BECMG 4000 BR BKN008,M
FACT,2026-09-09 07:00,57.20,57.20,100.00,190.00,8.00,0.00,30.09,M,0.50,M,BKN,M,M,M,200.00,M,M,M,FG,M,M,M,M,M,M,57.20,COR FACT 090700Z 19008KT 0800 R19/1200 FG BKN002 14/14 Q1019 BECMG 4000 BR BKN008,M
FACT,2026-09-09 07:25,57.20,57.20,100.00,170.00,9.00,0.00,30.12,M,0.75,M,BKN,M,M,M,300.00,M,M,M,BCFG,M,M,M,M,M,M,57.20,FACT 090725Z 17009KT 1200 BCFG BKN003 14/14 Q1020 BECMG 4000 BR BKN008,M
FACT,2026-09-09 07:59,59.00,59.00,100.00,180.00,10.00,0.00,30.12,M,1.55,M,OVC,M,M,M,300.00,M,M,M,BR,M,M,M,M,M,M,59.00,FACT 090759Z 18010KT 2500 BR OVC003 15/15 Q1020 BECMG 4000 BKN008,M
FACT,2026-09-09 08:00,59.00,59.00,100.00,180.00,10.00,0.00,30.12,M,1.55,M,OVC,M,M,M,300.00,M,M,M,BR,M,M,M,M,M,M,59.00,FACT 090800Z 18010KT 2500 BR OVC003 15/15 Q1020 BECMG 4000 BKN008,M
FACT,2026-09-09 09:00,59.00,59.00,100.00,180.00,11.00,0.00,30.12,M,1.55,M,OVC,M,M,M,300.00,M,M,M,BR,M,M,M,M,M,M,59.00,FACT 090900Z 18011KT 2500 BR OVC003 15/15 Q1020 BECMG 4000 BKN008,M
FACT,2026-09-09 09:58,59.00,59.00,100.00,180.00,13.00,0.00,30.12,M,2.80,M,OVC,M,M,M,500.00,M,M,M,BR,M,M,M,M,M,M,59.00,FACT 090958Z 18013KT 4500 BR OVC005 15/15 Q1020 BECMG 6000 NSW BKN008,M
FACT,2026-09-09 10:00,59.00,59.00,100.00,180.00,13.00,0.00,30.12,M,2.80,M,OVC,M,M,M,500.00,M,M,M,BR,M,M,M,M,M,M,59.00,FACT 091000Z 18013KT 4500 BR OVC005 15/15 Q1020 BECMG 6000 NSW BKN008,M
FACT,2026-09-09 10:27,60.80,60.80,100.00,180.00,13.00,0.00,30.12,M,3.73,M,OVC,M,M,M,700.00,M,M,M,M,M,M,M,M,M,M,60.80,FACT 091027Z 18013KT 6000 OVC007 16/16 Q1020 BECMG BKN020,M
FACT,2026-09-09 11:00,62.60,57.20,82.51,190.00,16.00,0.00,30.09,M,4.97,M,OVC,M,M,M,700.00,M,M,M,M,M,M,M,M,M,M,62.60,FACT 091100Z 19016KT 8000 OVC007 17/14 Q1019 BECMG BKN020,M
FACT,2026-09-09 12:00,62.60,57.20,82.51,180.00,14.00,0.00,30.09,M,4.97,M,OVC,M,M,M,700.00,M,M,M,M,M,M,M,M,M,M,62.60,FACT 091200Z 18014KT 8000 OVC007 17/14 Q1019 NOSIG,M
FACT,2026-09-09 13:00,62.60,57.20,82.51,180.00,14.00,0.00,30.06,M,6.21,M,OVC,M,M,M,700.00,M,M,M,M,M,M,M,M,M,M,62.60,COR FACT 091300Z 18014KT 9999 OVC007 17/14 Q1018 NOSIG,M
FACT,2026-09-09 14:00,62.60,55.40,77.31,180.00,15.00,0.00,30.06,M,6.21,M,OVC,M,M,M,700.00,M,M,M,M,M,M,M,M,M,M,62.60,FACT 091400Z 18015KT 9999 OVC007 17/13 Q1018 NOSIG,M
FACT,2026-09-09 15:00,60.80,55.40,82.38,180.00,16.00,0.00,30.06,M,6.21,M,OVC,M,M,M,700.00,M,M,M,M,M,M,M,M,M,M,60.80,FACT 091500Z 18016KT 9999 OVC007 16/13 Q1018 NOSIG,M
FACT,2026-09-09 16:00,59.00,55.40,87.84,190.00,17.00,0.00,30.06,M,6.21,M,OVC,M,M,M,700.00,M,M,M,M,M,M,M,M,M,M,59.00,FACT 091600Z 19017KT 9999 OVC007 15/13 Q1018 NOSIG,M
FACT,2026-09-09 17:00,59.00,55.40,87.84,200.00,18.00,0.00,30.06,M,6.21,M,OVC,M,M,M,700.00,M,M,M,M,M,M,M,M,M,M,59.00,FACT 091700Z 20018KT 9999 OVC007 15/13 Q1018 NOSIG,M
FACT,2026-09-09 18:00,59.00,55.40,87.84,190.00,19.00,0.00,30.09,M,6.21,M,OVC,M,M,M,700.00,M,M,M,M,M,M,M,M,M,M,59.00,FACT 091800Z 19019KT 9999 OVC007 15/13 Q1019 NOSIG,M
FACT,2026-09-09 19:00,59.00,55.40,87.84,200.00,16.00,0.00,30.09,M,6.21,M,OVC,M,M,M,700.00,M,M,M,M,M,M,M,M,M,M,59.00,FACT 091900Z 20016KT 9999 OVC007 15/13 Q1019 TEMPO 4000 BR,M
FACT,2026-09-09 20:00,59.00,55.40,87.84,200.00,16.00,0.00,30.09,M,6.21,M,BKN,M,M,M,700.00,M,M,M,M,M,M,M,M,M,M,59.00,FACT 092000Z 20016KT 9999 BKN007 15/13 Q1019 TEMPO 4000 BR,M
FACT,2026-09-09 21:00,59.00,57.20,93.74,210.00,16.00,0.00,30.09,M,6.21,M,BKN,M,M,M,700.00,M,M,M,M,M,M,M,M,M,M,59.00,FACT 092100Z 21016KT 9999 BKN007 15/14 Q1019 NOSIG,M
FACT,2026-09-09 22:00,59.00,57.20,93.74,210.00,12.00,0.00,30.06,M,6.21,M,BKN,M,M,M,600.00,M,M,M,M,M,M,M,M,M,M,59.00,FACT 092200Z 21012KT 9999 BKN006 15/14 Q1018 NOSIG,M
FACT,2026-09-09 23:00,59.00,57.20,93.74,220.00,13.00,0.00,30.06,M,6.21,M,BKN,M,M,M,600.00,M,M,M,M,M,M,M,M,M,M,59.00,FACT 092300Z 22013KT 9999 BKN006 15/14 Q1018 NOSIG,M
FACT,2026-09-10 00:00,57.20,57.20,100.00,220.00,11.00,0.00,30.06,M,6.21,M,OVC,M,M,M,600.00,M,M,M,M,M,M,M,M,M,M,57.20,FACT 100000Z 22011KT 9999 OVC006 14/14 Q1018 NOSIG,M
FACT,2026-09-10 01:00,57.20,57.20,100.00,230.00,15.00,0.00,30.06,M,6.21,M,BKN,M,M,M,600.00,M,M,M,M,M,M,M,M,M,M,57.20,FACT 100100Z 23015KT 9999 BKN006 14/14 Q1018 NOSIG,M
FACT,2026-09-10 02:00,59.00,57.20,93.74,200.00,12.00,0.00,30.06,M,6.21,M,BKN,M,M,M,600.00,M,M,M,M,M,M,M,M,M,M,59.00,FACT 100200Z 20012KT 9999 BKN006 15/14 Q1018 NOSIG,M
FACT,2026-09-10 03:00,59.00,57.20,93.74,200.00,13.00,0.00,30.06,M,6.21,M,BKN,M,M,M,600.00,M,M,M,M,M,M,M,M,M,M,59.00,FACT 100300Z 20013KT 9999 BKN006 15/14 Q1018 BECMG SCT006,M
FACT,2026-09-10 04:00,59.00,57.20,93.74,190.00,12.00,0.00,30.09,M,6.21,M,BKN,M,M,M,700.00,M,M,M,M,M,M,M,M,M,M,59.00,FACT 100400Z 19012KT 9999 BKN007 15/14 Q1019 NOSIG,M
FACT,2026-09-10 05:00,59.00,55.40,87.84,190.00,13.00,0.00,30.12,M,6.21,M,OVC,M,M,M,900.00,M,M,M,M,M,M,M,M,M,M,59.00,FACT 100500Z 19013KT 9999 OVC009 15/13 Q1020 BECMG BKN012,M
FACT,2026-09-10 05:29,59.00,55.40,87.84,190.00,12.00,0.00,30.12,M,6.21,M,OVC,M,M,M,1100.00,M,M,M,M,M,M,M,M,M,M,59.00,FACT 100529Z 19012KT 9999 OVC011 15/13 Q1020 NOSIG,M
FACT,2026-09-10 06:00,59.00,55.40,87.84,190.00,12.00,0.00,30.15,M,6.21,M,FEW,OVC,M,M,800.00,1300.00,M,M,M,M,M,M,M,M,M,59.00,FACT 100600Z 19012KT 9999 FEW008 OVC013 15/13 Q1021 NOSIG,M
FACT,2026-09-10 07:00,59.00,57.20,93.74,180.00,9.00,0.00,30.12,M,6.21,M,SCT,OVC,M,M,600.00,1300.00,M,M,M,M,M,M,M,M,M,59.00,FACT 100700Z 18009KT 9999 SCT006 OVC013 15/14 Q1020 BECMG SCT012,M
FACT,2026-09-10 08:00,60.80,55.40,82.38,200.00,12.00,0.00,30.15,M,6.21,M,FEW,BKN,M,M,1000.00,1400.00,M,M,M,M,M,M,M,M,M,60.80,FACT 100800Z 20012KT 9999 FEW010 BKN014 16/13 Q1021 BECMG SCT016,M
FACT,2026-09-10 08:30,62.60,55.40,77.31,180.00,14.00,0.00,30.15,M,6.21,M,FEW,BKN,M,M,1400.00,1600.00,M,M,M,M,M,M,M,M,M,62.60,FACT 100830Z 18014KT 9999 FEW014 BKN016 17/13 Q1021 NOSIG,M
FACT,2026-09-10 09:00,62.60,55.40,77.31,180.00,14.00,0.00,30.15,M,6.21,M,FEW,BKN,M,M,1400.00,1700.00,M,M,M,M,M,M,M,M,M,62.60,FACT 100900Z 18014KT 9999 FEW014 BKN017 17/13 Q1021 NOSIG,M
FACT,2026-09-10 10:00,64.40,55.40,72.58,190.00,12.00,0.00,30.18,M,6.21,M,BKN,M,M,M,2000.00,M,M,M,M,M,M,M,M,M,M,64.40,FACT 101000Z 19012KT 9999 BKN020 18/13 Q1022 NOSIG,M
FACT,2026-09-10 11:00,64.40,53.60,67.97,180.00,13.00,0.00,30.15,M,6.21,M,FEW,BKN,M,M,2000.00,3500.00,M,M,M,M,M,M,M,M,M,64.40,FACT 101100Z 18013KT 9999 FEW020 BKN035 18/12 Q1021 NOSIG,M
FACT,2026-09-10 12:00,64.40,55.40,72.58,200.00,14.00,0.00,30.15,M,6.21,M,FEW,BKN,M,M,2000.00,4000.00,M,M,M,M,M,M,M,M,M,64.40,FACT 101200Z 20014KT 9999 FEW020 BKN040 18/13 Q1021 NOSIG,M
FACT,2026-09-10 13:00,66.20,53.60,63.85,180.00,18.00,0.00,30.15,M,6.21,M,SCT,M,M,M,2000.00,M,M,M,M,M,M,M,M,M,M,66.20,FACT 101300Z 18018KT 9999 SCT020 19/12 Q1021 NOSIG,M
FACT,2026-09-10 14:00,64.40,53.60,67.97,190.00,16.00,0.00,30.18,M,6.21,M,SCT,M,M,M,2000.00,M,M,M,M,M,M,M,M,M,M,64.40,FACT 101400Z 19016KT 9999 SCT020 18/12 Q1022 NOSIG,M
FACT,2026-09-10 15:00,62.60,55.40,77.31,190.00,16.00,0.00,30.18,M,6.21,M,SCT,M,M,M,2000.00,M,M,M,M,M,M,M,M,M,M,62.60,FACT 101500Z 19016KT 9999 SCT020 17/13 Q1022 NOSIG,M
FACT,2026-09-10 16:00,60.80,55.40,82.38,190.00,16.00,0.00,30.18,M,6.21,M,SCT,M,M,M,2500.00,M,M,M,M,M,M,M,M,M,M,60.80,FACT 101600Z 19016KT 9999 SCT025 16/13 Q1022 NOSIG,M
FACT,2026-09-10 17:00,60.80,53.60,77.15,180.00,15.00,0.00,30.18,M,6.21,M,FEW,M,M,M,2500.00,M,M,M,M,M,M,M,M,M,M,60.80,FACT 101700Z 18015KT 9999 FEW025 16/12 Q1022 NOSIG,M
FACT,2026-09-10 18:00,60.80,55.40,82.38,200.00,14.00,0.00,30.18,M,6.21,M,FEW,M,M,M,2000.00,M,M,M,M,M,M,M,M,M,M,60.80,FACT 101800Z 20014KT 9999 FEW020 16/13 Q1022 NOSIG,M
FACT,2026-09-10 19:00,60.80,55.40,82.38,190.00,17.00,0.00,30.21,M,6.21,M,FEW,M,M,M,500.00,M,M,M,M,M,M,M,M,M,M,60.80,FACT 101900Z 19017KT 9999 FEW005 16/13 Q1023 NOSIG,M
FACT,2026-09-10 20:00,60.80,55.40,82.38,190.00,17.00,0.00,30.21,M,6.21,M,FEW,M,M,M,500.00,M,M,M,M,M,M,M,M,M,M,60.80,FACT 102000Z 19017KT 9999 FEW005 16/13 Q1023 NOSIG,M
FACT,2026-09-10 21:00,60.80,55.40,82.38,190.00,16.00,0.00,30.18,M,6.21,M,FEW,M,M,M,500.00,M,M,M,M,M,M,M,M,M,M,60.80,FACT 102100Z 19016KT 9999 FEW005 16/13 Q1022 NOSIG,M
FACT,2026-09-10 22:00,59.00,55.40,87.84,180.00,18.00,0.00,30.18,M,6.21,M,FEW,M,M,M,500.00,M,M,M,M,M,M,M,M,M,M,59.00,FACT 102200Z 18018KT 9999 FEW005 15/13 Q1022 NOSIG,M
FACT,2026-09-10 23:00,59.00,57.20,93.74,190.00,18.00,0.00,30.18,M,6.21,M,FEW,M,M,M,300.00,M,M,M,M,M,M,M,M,M,M,59.00,FACT 102300Z 19018KT 9999 FEW003 15/14 Q1022 NOSIG,M
FACT,2026-09-11 00:00,59.00,57.20,93.74,190.00,15.00,0.00,30.18,M,6.21,M,FEW,M,M,M,300.00,M,M,M,M,M,M,M,M,M,M,59.00,FACT 110000Z 19015KT 9999 FEW003 15/14 Q1022 NOSIG,M
FACT,2026-09-11 01:00,59.00,57.20,93.74,190.00,20.00,0.00,30.15,M,6.21,M,FEW,M,M,M,500.00,M,M,M,M,M,M,M,M,M,M,59.00,FACT 110100Z 19020KT 9999 FEW005 15/14 Q1021 NOSIG,M
FACT,2026-09-11 02:00,59.00,55.40,87.84,190.00,17.00,0.00,30.12,M,6.21,M,FEW,M,M,M,500.00,M,M,M,M,M,M,M,M,M,M,59.00,FACT 110200Z 19017KT 9999 FEW005 15/13 Q1020 NOSIG,M
FACT,2026-09-11 03:00,59.00,55.40,87.84,190.00,18.00,0.00,30.12,M,6.21,M,M,M,M,M,M,M,M,M,M,M,M,M,M,M,M,59.00,FACT 110300Z 19018KT CAVOK 15/13 Q1020 NOSIG,M
FACT,2026-09-11 04:00,60.80,53.60,77.15,190.00,21.00,0.00,30.09,M,6.21,M,M,M,M,M,M,M,M,M,M,M,M,M,M,M,M,60.80,FACT 110400Z 19021KT CAVOK 16/12 Q1019 NOSIG,M
FACT,2026-09-11 05:00,60.80,53.60,77.15,180.00,18.00,0.00,30.12,M,6.21,M,M,M,M,M,M,M,M,M,M,M,M,M,M,M,M,60.80,FACT 110500Z 18018KT CAVOK 16/12 Q1020 NOSIG,M
FACT,2026-09-11 06:00,62.60,53.60,72.40,180.00,21.00,0.00,30.12,M,6.21,M,FEW,M,M,M,1000.00,M,M,M,M,M,M,M,M,M,M,62.60,FACT 110600Z 18021KT 9999 FEW010 17/12 Q1020 NOSIG,M
FACT,2026-09-11 07:00,66.20,53.60,63.85,160.00,14.00,0.00,30.12,M,6.21,M,FEW,M,M,M,1000.00,M,M,M,M,M,M,M,M,M,M,66.20,FACT 110700Z 16014KT 9999 FEW010 19/12 Q1020 NOSIG,M
FACT,2026-09-11 08:00,69.80,53.60,56.42,160.00,8.00,0.00,30.09,M,6.21,M,FEW,M,M,M,2500.00,M,M,M,M,M,M,M,M,M,M,69.80,FACT 110800Z 16008KT 120V180 9999 FEW025 21/12 Q1019 NOSIG,M
FACT,2026-09-11 09:00,71.60,53.60,53.07,180.00,14.00,0.00,30.06,M,6.21,M,M,M,M,M,M,M,M,M,M,M,M,M,M,M,M,71.60,FACT 110900Z 18014KT 150V210 CAVOK 22/12 Q1018 NOSIG,M
FACT,2026-09-11 10:00,73.40,53.60,49.95,180.00,19.00,0.00,30.06,M,6.21,M,M,M,M,M,M,M,M,M,M,M,M,M,M,M,M,73.40,COR FACT 111000Z 18019KT CAVOK 23/12 Q1018 NOSIG,M
FACT,2026-09-11 11:00,75.20,53.60,47.03,170.00,18.00,0.00,30.03,M,6.21,M,M,M,M,M,M,M,M,M,M,M,M,M,M,M,M,75.20,FACT 111100Z 17018KT CAVOK 24/12 Q1017 NOSIG,M
FACT,2026-09-11 12:00,73.40,53.60,49.95,180.00,22.00,0.00,30.03,M,6.21,M,M,M,M,M,M,M,M,M,M,M,M,M,M,M,M,73.40,FACT 111200Z 18022KT CAVOK 23/12 Q1017 NOSIG,M
FACT,2026-09-11 13:00,73.40,55.40,53.33,170.00,21.00,0.00,30.00,M,6.21,M,FEW,M,M,M,2500.00,M,M,M,M,M,M,M,M,M,M,73.40,FACT 111300Z 17021KT 9999 FEW025 23/13 Q1016 NOSIG,M
FACT,2026-09-11 14:00,71.60,55.40,56.67,180.00,20.00,0.00,30.00,M,6.21,M,M,M,M,M,M,M,M,M,M,M,M,M,M,M,M,71.60,FACT 111400Z 18020KT CAVOK 22/13 Q1016 NOSIG,M
FACT,2026-09-11 15:00,68.00,55.40,64.07,180.00,20.00,0.00,30.00,M,6.21,M,FEW,M,M,M,2500.00,M,M,M,M,M,M,M,M,M,M,68.00,FACT 111500Z 18020KT 9999 FEW025 20/13 Q1016 NOSIG,M
FACT,2026-09-11 16:00,66.20,55.40,68.18,170.00,18.00,0.00,30.00,M,6.21,M,FEW,M,M,M,2500.00,M,M,M,M,M,M,M,M,M,M,66.20,FACT 111600Z 17018KT 9999 FEW025 19/13 Q1016 NOSIG,M
FACT,2026-09-11 17:00,64.40,55.40,72.58,170.00,18.00,0.00,30.00,M,6.21,M,FEW,M,M,M,3500.00,M,M,M,M,M,M,M,M,M,M,64.40,FACT 111700Z 17018KT 9999 FEW035 18/13 Q1016 NOSIG,M
FACT,2026-09-11 18:00,62.60,55.40,77.31,170.00,14.00,0.00,30.03,M,6.21,M,M,M,M,M,M,M,M,M,M,M,M,M,M,M,M,62.60,FACT 111800Z 17014KT CAVOK 17/13 Q1017 NOSIG,M
FACT,2026-09-11 19:00,62.60,55.40,77.31,180.00,14.00,0.00,30.03,M,6.21,M,M,M,M,M,M,M,M,M,M,M,M,M,M,M,M,62.60,FACT 111900Z 18014KT CAVOK 17/13 Q1017 NOSIG,M
FACT,2026-09-11 20:00,62.60,53.60,72.40,170.00,13.00,0.00,30.03,M,6.21,M,M,M,M,M,M,M,M,M,M,M,M,M,M,M,M,62.60,FACT 112000Z 17013KT CAVOK 17/12 Q1017 NOSIG,M
FACT,2026-09-11 21:00,62.60,55.40,77.31,170.00,14.00,0.00,30.03,M,6.21,M,M,M,M,M,M,M,M,M,M,M,M,M,M,M,M,62.60,FACT 112100Z 17014KT CAVOK 17/13 Q1017 NOSIG,M
FACT,2026-09-11 22:00,62.60,55.40,77.31,160.00,14.00,0.00,30.03,M,6.21,M,M,M,M,M,M,M,M,M,M,M,M,M,M,M,M,62.60,FACT 112200Z 16014KT CAVOK 17/13 Q1017 NOSIG,M
FACT,2026-09-11 23:00,62.60,55.40,77.31,160.00,11.00,0.00,30.03,M,6.21,M,M,M,M,M,M,M,M,M,M,M,M,M,M,M,M,62.60,FACT 112300Z 16011KT CAVOK 17/13 Q1017 NOSIG,M
FACT,2026-09-12 00:00,62.60,53.60,72.40,190.00,14.00,0.00,30.00,M,6.21,M,M,M,M,M,M,M,M,M,M,M,M,M,M,M,M,62.60,FACT 120000Z 19014KT CAVOK 17/12 Q1016 NOSIG,M
FACT,2026-09-12 01:00,62.60,53.60,72.40,180.00,11.00,0.00,29.97,M,6.21,M,M,M,M,M,M,M,M,M,M,M,M,M,M,M,M,62.60,FACT 120100Z 18011KT CAVOK 17/12 Q1015 NOSIG,M
FACT,2026-09-12 02:00,62.60,53.60,72.40,180.00,6.00,0.00,29.94,M,6.21,M,M,M,M,M,M,M,M,M,M,M,M,M,M,M,M,62.60,FACT 120200Z 18006KT CAVOK 17/12 Q1014 NOSIG,M
FACT,2026-09-12 03:00,59.00,53.60,82.26,170.00,6.00,0.00,29.97,M,6.21,M,M,M,M,M,M,M,M,M,M,M,M,M,M,M,M,59.00,FACT 120300Z 17006KT CAVOK 15/12 Q1015 NOSIG,M
FACT,2026-09-12 03:25,62.60,55.40,77.31,180.00,14.00,0.00,29.97,M,6.21,M,M,M,M,M,M,M,M,M,M,M,M,M,M,M,M,62.60,FACT 120325Z 18014KT CAVOK 17/13 Q1015 NOSIG,M
FACT,2026-09-12 04:00,62.60,53.60,72.40,180.00,12.00,0.00,29.97,M,6.21,M,M,M,M,M,M,M,M,M,M,M,M,M,M,M,M,62.60,FACT 120400Z 18012KT CAVOK 17/12 Q1015 NOSIG,M
FACT,2026-09-12 05:00,60.80,53.60,77.15,180.00,7.00,0.00,30.00,M,6.21,M,M,M,M,M,M,M,M,M,M,M,M,M,M,M,M,60.80,FACT 120500Z 18007KT 150V230 CAVOK 16/12 Q1016 NOSIG,M
FACT,2026-09-12 06:00,62.60,53.60,72.40,150.00,3.00,0.00,30.00,M,6.21,M,M,M,M,M,M,M,M,M,M,M,M,M,M,M,M,62.60,FACT 120600Z 15003KT CAVOK 17/12 Q1016 NOSIG,M
FACT,2026-09-12 07:00,62.60,55.40,77.31,180.00,11.00,0.00,29.97,M,6.21,M,BKN,M,M,M,4500.00,M,M,M,M,M,M,M,M,M,M,62.60,FACT 120700Z 18011KT 9999 BKN045 17/13 Q1015 NOSIG,M
FACT,2026-09-12 08:00,64.40,55.40,72.58,150.00,11.00,0.00,30.00,M,6.21,M,FEW,BKN,M,M,3000.00,4500.00,M,M,-RA,M,M,M,M,M,M,64.40,FACT 120800Z 15011KT 9999 -RA FEW030 BKN045 18/13 Q1016 TEMPO 4000,M
FACT,2026-09-12 09:00,64.40,55.40,72.58,170.00,6.00,0.00,30.00,M,6.21,M,FEW,BKN,M,M,3000.00,4500.00,M,M,M,M,M,M,M,M,M,64.40,FACT 120900Z 17006KT 120V220 9999 FEW030 BKN045 18/13 Q1016 NOSIG,M
FACT,2026-09-12 10:00,62.60,57.20,82.51,180.00,11.00,0.00,30.03,M,6.21,M,FEW,BKN,M,M,2500.00,4000.00,M,M,-RA,M,M,M,M,M,M,62.60,FACT 121000Z 18011KT 9999 -RA FEW025 BKN040 17/14 Q1017 NOSIG,M
FACT,2026-09-12 11:00,62.60,57.20,82.51,190.00,5.00,0.00,30.03,M,6.21,M,FEW,BKN,M,M,3000.00,4500.00,M,M,M,M,M,M,M,M,M,62.60,FACT 121100Z 19005KT 130V230 9999 FEW030 BKN045 17/14 Q1017 NOSIG,M
FACT,2026-09-12 12:00,62.60,57.20,82.51,160.00,7.00,0.00,29.97,M,6.21,M,FEW,M,M,M,3500.00,M,M,M,M,M,M,M,M,M,M,62.60,FACT 121200Z 16007KT 9999 FEW035 17/14 Q1015 NOSIG,M
FACT,2026-09-12 13:00,62.60,57.20,82.51,220.00,11.00,0.00,29.94,M,6.21,M,FEW,M,M,M,3500.00,M,M,M,M,M,M,M,M,M,M,62.60,FACT 121300Z 22011KT 9999 FEW035 17/14 Q1014 NOSIG,M
FACT,2026-09-12 13:26,64.40,55.40,72.58,180.00,18.00,0.00,29.94,M,6.21,28.00,FEW,M,M,M,3500.00,M,M,M,M,M,M,M,M,M,M,64.40,FACT 121326Z 18018G28KT 9999 FEW035 18/13 Q1014 NOSIG,M
FACT,2026-09-12 14:00,66.20,55.40,68.18,180.00,17.00,0.00,29.91,M,6.21,M,M,M,M,M,M,M,M,M,M,M,M,M,M,M,M,66.20,FACT 121400Z 18017KT CAVOK 19/13 Q1013 NOSIG,M
FACT,2026-09-12 15:00,64.40,55.40,72.58,170.00,14.00,0.00,29.91,M,6.21,M,M,M,M,M,M,M,M,M,M,M,M,M,M,M,M,64.40,FACT 121500Z 17014KT 140V200 CAVOK 18/13 Q1013 NOSIG,M
FACT,2026-09-12 16:00,64.40,57.20,77.46,170.00,9.00,0.00,29.91,M,6.21,M,M,M,M,M,M,M,M,M,M,M,M,M,M,M,M,64.40,FACT 121600Z 17009KT CAVOK 18/14 Q1013 NOSIG,M
FACT,2026-09-12 17:00,64.40,55.40,72.58,220.00,9.00,0.00,29.94,M,6.21,M,FEW,M,M,M,3500.00,M,M,M,M,M,M,M,M,M,M,64.40,FACT 121700Z 22009KT 9999 FEW035 18/13 Q1014 NOSIG,M
FACT,2026-09-12 18:00,64.40,55.40,72.58,200.00,10.00,0.00,29.94,M,6.21,M,FEW,M,M,M,3500.00,M,M,M,M,M,M,M,M,M,M,64.40,FACT 121800Z 20010KT 9999 FEW035 18/13 Q1014 NOSIG,M
FACT,2026-09-12 19:00,62.60,55.40,77.31,220.00,10.00,0.00,29.94,M,6.21,M,FEW,M,M,M,3500.00,M,M,M,M,M,M,M,M,M,M,62.60,FACT 121900Z 22010KT 9999 FEW035 17/13 Q1014 NOSIG,M
FACT,2026-09-12 20:00,62.60,55.40,77.31,240.00,9.00,0.00,29.94,M,6.21,M,FEW,M,M,M,3500.00,M,M,M,M,M,M,M,M,M,M,62.60,FACT 122000Z 24009KT 9999 FEW035 17/13 Q1014 NOSIG,M
FACT,2026-09-12 21:00,62.60,55.40,77.31,220.00,6.00,0.00,29.94,M,6.21,M,FEW,M,M,M,3500.00,M,M,M,M,M,M,M,M,M,M,62.60,FACT 122100Z 22006KT 9999 FEW035 17/13 Q1014 NOSIG,M
FACT,2026-09-12 22:00,62.60,55.40,77.31,230.00,9.00,0.00,29.94,M,6.21,M,FEW,M,M,M,3500.00,M,M,M,M,M,M,M,M,M,M,62.60,FACT 122200Z 23009KT 9999 FEW035 17/13 Q1014 NOSIG,M
FACT,2026-09-12 23:00,62.60,55.40,77.31,240.00,9.00,0.00,29.94,M,6.21,M,FEW,M,M,M,3500.00,M,M,M,M,M,M,M,M,M,M,62.60,COR FACT 122300Z 24009KT 9999 FEW035 17/13 Q1014 NOSIG,M
FACT,2026-09-13 00:00,62.60,55.40,77.31,240.00,10.00,0.00,29.94,M,6.21,M,BKN,M,M,M,4500.00,M,M,M,-RA,M,M,M,M,M,M,62.60,FACT 130000Z 24010KT 9999 -RA BKN045 17/13 Q1014 NOSIG,M
FACT,2026-09-13 01:00,60.80,57.20,87.93,20.00,5.00,0.00,29.94,M,6.21,M,BKN,M,M,M,4000.00,M,M,M,-RA,M,M,M,M,M,M,60.80,FACT 130100Z 02005KT 9999 -RA BKN040 16/14 Q1014 NOSIG,M
FACT,2026-09-13 02:00,60.80,57.20,87.93,240.00,10.00,0.00,29.85,M,6.21,M,SCT,M,M,M,4000.00,M,M,M,M,M,M,M,M,M,M,60.80,FACT 130200Z 24010KT 9999 SCT040 16/14 Q1011 NOSIG,M
FACT,2026-09-13 03:00,60.80,57.20,87.93,220.00,7.00,0.00,29.85,M,6.21,M,FEW,M,M,M,4000.00,M,M,M,M,M,M,M,M,M,M,60.80,FACT 130300Z 22007KT 9999 FEW040 16/14 Q1011 NOSIG,M
FACT,2026-09-13 04:00,60.80,57.20,87.93,210.00,9.00,0.00,29.85,M,6.21,M,FEW,M,M,M,4000.00,M,M,M,M,M,M,M,M,M,M,60.80,FACT 130400Z 21009KT 9999 FEW040 16/14 Q1011 NOSIG,M
FACT,2026-09-13 05:00,59.00,55.40,87.84,210.00,5.00,0.00,29.88,M,6.21,M,FEW,M,M,M,4500.00,M,M,M,M,M,M,M,M,M,M,59.00,FACT 130500Z 21005KT 180V270 9999 FEW045 15/13 Q1012 NOSIG,M
FACT,2026-09-13 06:00,59.00,55.40,87.84,M,3.00,0.00,29.88,M,6.21,M,M,M,M,M,M,M,M,M,M,M,M,M,M,M,M,59.00,FACT 130600Z VRB03KT CAVOK 15/13 Q1012 NOSIG,M
FACT,2026-09-13 07:00,62.60,57.20,82.51,210.00,4.00,0.00,29.88,M,6.21,M,M,M,M,M,M,M,M,M,M,M,M,M,M,M,M,62.60,FACT 130700Z 21004KT 170V230 CAVOK 17/14 Q1012 NOSIG,M
FACT,2026-09-13 08:00,64.40,57.20,77.46,M,3.00,0.00,29.91,M,6.21,M,M,M,M,M,M,M,M,M,M,M,M,M,M,M,M,64.40,FACT 130800Z VRB03KT CAVOK 18/14 Q1013 NOSIG,M
FACT,2026-09-13 08:55,68.00,59.00,72.95,190.00,5.00,0.00,29.91,M,6.21,M,M,M,M,M,M,M,M,M,M,M,M,M,M,M,M,68.00,FACT 130855Z 19005KT 150V230 CAVOK 20/15 Q1013 NOSIG,M
FACT,2026-09-13 09:00,68.00,59.00,72.95,190.00,5.00,0.00,29.91,M,6.21,M,M,M,M,M,M,M,M,M,M,M,M,M,M,M,M,68.00,FACT 130900Z 19005KT 150V230 CAVOK 20/15 Q1013 NOSIG,M
FACT,2026-09-13 10:00,71.60,59.00,64.52,160.00,5.00,0.00,29.88,M,6.21,M,M,M,M,M,M,M,M,M,M,M,M,M,M,M,M,71.60,FACT 131000Z 16005KT 130V190 CAVOK 22/15 Q1012 NOSIG,M
FACT,2026-09-13 10:23,75.20,59.00,57.17,M,3.00,0.00,29.88,M,6.21,M,M,M,M,M,M,M,M,M,M,M,M,M,M,M,M,75.20,FACT 131023Z VRB03KT CAVOK 24/15 Q1012 NOSIG,M
FACT,2026-09-13 11:00,77.00,59.00,53.86,230.00,5.00,0.00,29.88,M,6.21,M,M,M,M,M,M,M,M,M,M,M,M,M,M,M,M,77.00,FACT 131100Z 23005KT 180V260 CAVOK 25/15 Q1012 NOSIG,M
FACT,2026-09-13 12:00,73.40,59.00,60.72,180.00,4.00,0.00,29.85,M,6.21,M,M,M,M,M,M,M,M,M,M,M,M,M,M,M,M,73.40,FACT 131200Z 18004KT CAVOK 23/15 Q1011 NOSIG,M
FACT,2026-09-13 13:00,71.60,57.20,60.48,180.00,10.00,0.00,29.83,M,6.21,M,M,M,M,M,M,M,M,M,M,M,M,M,M,M,M,71.60,FACT 131300Z 18010KT CAVOK 22/14 Q1010 NOSIG,M
FACT,2026-09-13 14:00,69.80,57.20,64.30,260.00,11.00,0.00,29.85,M,6.21,M,M,M,M,M,M,M,M,M,M,M,M,M,M,M,M,69.80,COR FACT 131400Z 26011KT 190V300 CAVOK 21/14 Q1011 NOSIG,M
FACT,2026-09-13 14:46,66.20,55.40,68.18,310.00,16.00,0.00,29.91,M,6.21,M,FEW,M,M,M,5000.00,M,M,M,-TSRA,M,M,M,M,M,M,66.20,FACT 131446Z 31016KT 9999 -TSRA FEW050CB 19/13 Q1013 BECMG 5000,M
FACT,2026-09-13 15:00,66.20,55.40,68.18,310.00,17.00,0.00,29.91,M,4.35,M,SCT,M,M,M,4500.00,M,M,M,-TSRA,M,M,M,M,M,M,66.20,FACT 131500Z 31017KT 7000 -TSRA SCT045CB 19/13 Q1013 BECMG 5000,M
FACT,2026-09-13 15:22,62.60,57.20,82.51,340.00,7.00,0.00,29.88,M,6.21,M,SCT,M,M,M,4500.00,M,M,M,M,M,M,M,M,M,M,62.60,FACT 131522Z 34007KT 300V030 9999 SCT045CB 17/14 Q1012 NOSIG,M
FACT,2026-09-13 16:00,62.60,57.20,82.51,10.00,6.00,0.00,29.88,M,6.21,M,FEW,M,M,M,4500.00,M,M,M,M,M,M,M,M,M,M,62.60,FACT 131600Z 01006KT 9999 FEW045TCU 17/14 Q1012 NOSIG,M
FACT,2026-09-13 17:00,62.60,57.20,82.51,300.00,5.00,0.00,29.88,M,6.21,M,SCT,M,M,M,2500.00,M,M,M,M,M,M,M,M,M,M,62.60,FACT 131700Z 30005KT 9999 SCT025 17/14 Q1012 NOSIG,M
FACT,2026-09-13 18:00,62.60,57.20,82.51,M,1.00,0.00,29.85,M,6.21,M,SCT,M,M,M,2500.00,M,M,M,M,M,M,M,M,M,M,62.60,FACT 131800Z VRB01KT 9999 SCT025 17/14 Q1011 NOSIG,M
FACT,2026-09-13 19:00,62.60,59.00,88.01,M,3.00,0.00,29.83,M,6.21,M,SCT,M,M,M,2500.00,M,M,M,M,M,M,M,M,M,M,62.60,FACT 131900Z VRB03KT 9999 SCT025 17/15 Q1010 TEMPO TS FEW050CB,M
FACT,2026-09-13 19:51,60.80,57.20,87.93,320.00,17.00,0.00,29.88,M,4.35,M,SCT,FEW,M,M,2500.00,5000.00,M,M,-TSRA,M,M,M,M,M,M,60.80,FACT 131951Z 32017KT 7000 -TSRA SCT025 FEW050CB 16/14 Q1012 NOSIG,M
FACT,2026-09-13 20:00,59.00,57.20,93.74,320.00,24.00,0.00,29.91,M,6.21,M,SCT,FEW,M,M,2500.00,5000.00,M,M,-TSRA,M,M,M,M,M,M,59.00,FACT 132000Z 32024KT 9999 -TSRA SCT025 FEW050CB 15/14 Q1013 NOSIG,M
FACT,2026-09-13 20:09,57.20,55.40,93.70,310.00,19.00,0.00,29.91,M,0.93,31.00,FEW,SCT,FEW,M,600.00,2000.00,4500.00,M,+TSRA,M,M,M,M,M,M,57.20,FACT 132009Z 31019G31KT 1500 +TSRA FEW006 SCT020 FEW045CB 14/13 Q1013 BECMG 4000 -TSRA,M
FACT,2026-09-13 20:35,57.20,57.20,100.00,280.00,8.00,0.00,29.88,M,2.49,M,FEW,SCT,FEW,M,600.00,2000.00,4500.00,M,-TSRA,M,M,M,M,M,M,57.20,FACT 132035Z 28008KT 260V050 4000 -TSRA FEW006 SCT020 FEW045CB 14/14 Q1012 RETSRA NOSIG,M
FACT,2026-09-13 21:00,57.20,57.20,100.00,320.00,14.00,0.00,29.91,M,2.49,M,FEW,SCT,FEW,M,600.00,2000.00,4500.00,M,-SHRA,M,M,M,M,M,M,57.20,FACT 132100Z 32014KT 4000 -SHRA FEW006 SCT020 FEW045CB 14/14 Q1013 RETSRA NOSIG,M
FACT,2026-09-13 21:59,59.00,59.00,100.00,20.00,8.00,0.00,29.91,M,5.59,M,FEW,BKN,M,M,800.00,3000.00,M,M,-RA,M,M,M,M,M,M,59.00,FACT 132159Z 02008KT 9000 -RA FEW008 BKN030 15/15 Q1013 NOSIG,M
FACT,2026-09-13 22:00,59.00,59.00,100.00,20.00,8.00,0.00,29.91,M,5.59,M,FEW,BKN,M,M,800.00,3000.00,M,M,-RA,M,M,M,M,M,M,59.00,FACT 132200Z 02008KT 9000 -RA FEW008 BKN030 15/15 Q1013 NOSIG,M
FACT,2026-09-13 23:00,59.00,59.00,100.00,20.00,11.00,0.00,29.88,M,6.21,M,BKN,M,M,M,3500.00,M,M,M,M,M,M,M,M,M,M,59.00,FACT 132300Z 02011KT 9999 BKN035 15/15 Q1012 NOSIG,M
FACT,2026-09-14 00:00,59.00,59.00,100.00,330.00,13.00,0.00,29.88,M,6.21,M,FEW,BKN,M,M,800.00,3500.00,M,M,-RA,M,M,M,M,M,M,59.00,FACT 140000Z 33013KT 310V050 9999 -RA FEW008 BKN035 15/15 Q1012 NOSIG,M
FACT,2026-09-14 01:00,57.20,57.20,100.00,330.00,12.00,0.00,29.88,M,6.21,M,FEW,BKN,M,M,800.00,3000.00,M,M,M,M,M,M,M,M,M,57.20,FACT 140100Z 33012KT 9999 FEW008 BKN030 14/14 Q1012 NOSIG,M
FACT,2026-09-14 02:00,59.00,55.40,87.84,330.00,12.00,0.00,29.85,M,6.21,M,BKN,M,M,M,3500.00,M,M,M,M,M,M,M,M,M,M,59.00,FACT 140200Z 33012KT 9999 BKN035 15/13 Q1011 NOSIG,M
FACT,2026-09-14 02:28,59.00,55.40,87.84,360.00,13.00,0.00,29.85,M,2.49,M,BKN,M,M,M,2500.00,M,M,M,-RA,M,M,M,M,M,M,59.00,FACT 140228Z 36013KT 4000 -RA BKN025 15/13 Q1011 NOSIG,M
FACT,2026-09-14 02:58,59.00,55.40,87.84,350.00,7.00,0.00,29.85,M,6.21,M,BKN,M,M,M,3500.00,M,M,M,M,M,M,M,M,M,M,59.00,FACT 140258Z 35007KT 9999 BKN035 15/13 Q1011 NOSIG,M
FACT,2026-09-14 03:00,59.00,55.40,87.84,350.00,7.00,0.00,29.85,M,6.21,M,BKN,M,M,M,3500.00,M,M,M,M,M,M,M,M,M,M,59.00,FACT 140300Z 35007KT 9999 BKN035 15/13 Q1011 NOSIG,M
FACT,2026-09-14 04:00,59.00,55.40,87.84,20.00,9.00,0.00,29.85,M,6.21,M,BKN,M,M,M,3000.00,M,M,M,M,M,M,M,M,M,M,59.00,FACT 140400Z 02009KT 9999 BKN030 15/13 Q1011 NOSIG,M
FACT,2026-09-14 05:00,59.00,55.40,87.84,10.00,12.00,0.00,29.85,M,6.21,M,FEW,BKN,M,M,2500.00,3400.00,M,M,M,M,M,M,M,M,M,59.00,FACT 140500Z 01012KT 330V030 9999 FEW025 BKN034 15/13 Q1011 NOSIG,M
FACT,2026-09-14 06:00,59.00,55.40,87.84,10.00,13.00,0.00,29.88,M,6.21,M,FEW,BKN,M,M,1400.00,3300.00,M,M,M,M,M,M,M,M,M,59.00,FACT 140600Z 01013KT 9999 FEW014 BKN033 15/13 Q1012 NOSIG,M
FACT,2026-09-14 07:00,59.00,55.40,87.84,10.00,13.00,0.00,29.88,M,6.21,M,FEW,BKN,M,M,1400.00,3000.00,M,M,-RA,M,M,M,M,M,M,59.00,FACT 140700Z 01013KT 9999 -RA FEW014 BKN030 15/13 Q1012 NOSIG,M
FACT,2026-09-14 08:00,60.80,55.40,82.38,350.00,13.00,0.00,29.91,M,6.21,M,FEW,BKN,M,M,1500.00,2500.00,M,M,M,M,M,M,M,M,M,60.80,FACT 140800Z 35013KT 9999 FEW015 BKN025 16/13 Q1013 NOSIG,M
FACT,2026-09-14 09:00,60.80,55.40,82.38,350.00,16.00,0.00,29.88,M,6.21,M,FEW,BKN,M,M,1500.00,3000.00,M,M,M,M,M,M,M,M,M,60.80,FACT 140900Z 35016KT 9999 FEW015 BKN030 16/13 Q1012 NOSIG,M
FACT,2026-09-14 09:42,60.80,55.40,82.38,360.00,15.00,0.00,29.91,M,2.49,M,BKN,OVC,M,M,1200.00,2500.00,M,M,DZ,M,M,M,M,M,M,60.80,FACT 140942Z 36015KT 4000 DZ BKN012 OVC025 16/13 Q1013 NOSIG,M
FACT,2026-09-14 09:58,60.80,59.00,93.79,350.00,15.00,0.00,29.88,M,6.21,M,SCT,BKN,M,M,1200.00,2500.00,M,M,-DZ,M,M,M,M,M,M,60.80,FACT 140958Z 35015KT 9999 -DZ SCT012 BKN025 16/15 Q1012 REDZ NOSIG,M
FACT,2026-09-14 10:00,60.80,59.00,93.79,350.00,15.00,0.00,29.88,M,6.21,M,SCT,BKN,M,M,1200.00,2500.00,M,M,-DZ,M,M,M,M,M,M,60.80,COR FACT 141000Z 35015KT 9999 -DZ SCT012 BKN025 16/15 Q1012 NOSIG,M
FACT,2026-09-14 11:00,62.60,57.20,82.51,330.00,17.00,0.00,29.88,M,6.21,M,FEW,BKN,M,M,1500.00,3000.00,M,M,-RA,M,M,M,M,M,M,62.60,FACT 141100Z 33017KT 300V360 9999 -RA FEW015 BKN030 17/14 Q1012 NOSIG,M
FACT,2026-09-14 12:00,60.80,55.40,82.38,310.00,16.00,0.00,29.85,M,6.21,M,FEW,BKN,M,M,1500.00,3000.00,M,M,-RA,M,M,M,M,M,M,60.80,COR FACT 141200Z 31016KT 9999 -RA FEW015 BKN030 16/13 Q1011 NOSIG,M
FACT,2026-09-14 13:00,60.80,55.40,82.38,310.00,16.00,0.00,29.83,M,6.21,M,SCT,BKN,M,M,2000.00,3500.00,M,M,M,M,M,M,M,M,M,60.80,FACT 141300Z 31016KT 9999 SCT020 BKN035 16/13 Q1010 NOSIG,M
FACT,2026-09-14 14:00,64.40,55.40,72.58,340.00,13.00,0.00,29.85,M,6.21,M,SCT,BKN,M,M,2200.00,4000.00,M,M,-RA,M,M,M,M,M,M,64.40,FACT 141400Z 34013KT 9999 -RA SCT022 BKN040 18/13 Q1011 NOSIG,M
FACT,2026-09-14 15:00,62.60,55.40,77.31,350.00,16.00,0.00,29.85,M,6.21,M,SCT,BKN,M,M,1800.00,3000.00,M,M,-RA,M,M,M,M,M,M,62.60,FACT 141500Z 35016KT 9999 -RA SCT018 BKN030 17/13 Q1011 NOSIG,M
FACT,2026-09-14 16:00,60.80,55.40,82.38,360.00,13.00,0.00,29.85,M,6.21,M,BKN,M,M,M,2000.00,M,M,M,M,M,M,M,M,M,M,60.80,FACT 141600Z 36013KT 9999 BKN020 16/13 Q1011 NOSIG,M
FACT,2026-09-14 17:00,60.80,55.40,82.38,350.00,12.00,0.00,29.85,M,6.21,M,BKN,M,M,M,2000.00,M,M,M,M,M,M,M,M,M,M,60.80,FACT 141700Z 35012KT 9999 BKN020 16/13 Q1011 NOSIG,M
FACT,2026-09-14 18:00,59.00,55.40,87.84,350.00,14.00,0.00,29.88,M,6.21,M,FEW,BKN,M,M,1800.00,4000.00,M,M,M,M,M,M,M,M,M,59.00,FACT 141800Z 35014KT 9999 FEW018 BKN040 15/13 Q1012 NOSIG,M
FACT,2026-09-14 19:00,59.00,55.40,87.84,350.00,13.00,0.00,29.88,M,6.21,M,SCT,BKN,M,M,1000.00,3500.00,M,M,M,M,M,M,M,M,M,59.00,FACT 141900Z 35013KT 9999 SCT010 BKN035 15/13 Q1012 NOSIG,M
FACT,2026-09-14 20:00,59.00,55.40,87.84,350.00,13.00,0.00,29.91,M,6.21,M,SCT,BKN,M,M,1000.00,3500.00,M,M,M,M,M,M,M,M,M,59.00,FACT 142000Z 35013KT 9999 SCT010 BKN035 15/13 Q1013 BECMG BKN010,M
FACT,2026-09-14 21:00,59.00,57.20,93.74,350.00,14.00,0.00,29.91,M,6.21,M,SCT,BKN,M,M,1000.00,3500.00,M,M,M,M,M,M,M,M,M,59.00,FACT 142100Z 35014KT 9999 SCT010 BKN035 15/14 Q1013 BECMG BKN010,M
FACT,2026-09-14 22:00,59.00,57.20,93.74,350.00,13.00,0.00,29.94,M,6.21,M,FEW,BKN,M,M,1000.00,3400.00,M,M,M,M,M,M,M,M,M,59.00,FACT 142200Z 35013KT 9999 FEW010 BKN034 15/14 Q1014 BECMG BKN010,M
FACT,2026-09-14 23:00,59.00,57.20,93.74,340.00,13.00,0.00,29.94,M,6.21,M,FEW,BKN,M,M,1400.00,3500.00,M,M,M,M,M,M,M,M,M,59.00,FACT 142300Z 34013KT 9999 FEW014 BKN035 15/14 Q1014,M
FACT,2026-09-15 00:00,59.00,57.20,93.74,350.00,13.00,0.00,29.94,M,6.21,M,FEW,BKN,M,M,1500.00,3500.00,M,M,M,M,M,M,M,M,M,59.00,FACT 150000Z 35013KT 9999 FEW015 BKN035 15/14 Q1014 NOSIG,M
FACT,2026-09-15 01:00,57.20,57.20,100.00,330.00,14.00,0.00,29.91,M,4.97,M,BKN,BKN,M,M,800.00,3500.00,M,M,-DZ,M,M,M,M,M,M,57.20,FACT 150100Z 33014KT 8000 -DZ BKN008 BKN035 14/14 Q1013 NOSIG,M
FACT,2026-09-15 01:56,57.20,57.20,100.00,320.00,16.00,0.00,29.91,M,6.21,M,SCT,BKN,M,M,800.00,3000.00,M,M,M,M,M,M,M,M,M,57.20,FACT 150156Z 32016KT 9999 SCT008 BKN030 14/14 Q1013 NOSIG,M
FACT,2026-09-15 02:00,57.20,57.20,100.00,320.00,16.00,0.00,29.91,M,6.21,M,SCT,BKN,M,M,800.00,3000.00,M,M,M,M,M,M,M,M,M,57.20,FACT 150200Z 32016KT 9999 SCT008 BKN030 14/14 Q1013 NOSIG,M
FACT,2026-09-15 03:00,57.20,55.40,93.70,330.00,17.00,0.00,29.94,M,6.21,M,SCT,BKN,M,M,800.00,2700.00,M,M,M,M,M,M,M,M,M,57.20,FACT 150300Z 33017KT 9999 SCT008 BKN027 14/13 Q1014 NOSIG,M
FACT,2026-09-15 04:00,57.20,55.40,93.70,350.00,14.00,0.00,29.97,M,6.21,M,FEW,BKN,M,M,800.00,2400.00,M,M,M,M,M,M,M,M,M,57.20,FACT 150400Z 35014KT 9999 FEW008 BKN024 14/13 Q1015 NOSIG,M
FACT,2026-09-15 05:00,57.20,53.60,87.75,10.00,12.00,0.00,29.94,M,6.21,M,FEW,BKN,M,M,1500.00,4000.00,M,M,M,M,M,M,M,M,M,57.20,FACT 150500Z 01012KT 340V040 9999 FEW015 BKN040 14/12 Q1014 NOSIG,M
FACT,2026-09-15 06:00,57.20,51.80,82.13,350.00,18.00,0.00,29.97,M,4.35,M,FEW,BKN,M,M,1500.00,3000.00,M,M,-DZ,M,M,M,M,M,M,57.20,FACT 150600Z 35018KT 7000 -DZ FEW015 BKN030 14/11 Q1015 NOSIG,M
FACT,2026-09-15 07:00,59.00,53.60,82.26,340.00,23.00,0.00,30.00,M,6.21,M,FEW,BKN,M,M,1500.00,4000.00,M,M,M,M,M,M,M,M,M,59.00,FACT 150700Z 34023KT 9999 FEW015 BKN040 15/12 Q1016 NOSIG,M
FACT,2026-09-15 08:00,60.80,53.60,77.15,340.00,24.00,0.00,30.00,M,6.21,M,FEW,BKN,M,M,1500.00,4000.00,M,M,M,M,M,M,M,M,M,60.80,FACT 150800Z 34024KT 9999 FEW015 BKN040 16/12 Q1016 NOSIG,M
FACT,2026-09-15 09:00,62.60,50.00,63.39,340.00,29.00,0.00,29.97,M,6.21,M,FEW,BKN,M,M,2500.00,4000.00,M,M,M,M,M,M,M,M,M,62.60,FACT 150900Z 34029KT 9999 FEW025 BKN040 17/10 Q1015 NOSIG,M
FACT,2026-09-15 10:00,64.40,48.20,55.65,320.00,26.00,0.00,30.00,M,6.21,M,BKN,M,M,M,3500.00,M,M,M,M,M,M,M,M,M,M,64.40,FACT 151000Z 32026KT 9999 BKN035 18/09 Q1016 NOSIG,M
FACT,2026-09-15 11:00,64.40,48.20,55.65,320.00,29.00,0.00,29.97,M,6.21,M,BKN,M,M,M,3500.00,M,M,M,M,M,M,M,M,M,M,64.40,FACT 151100Z 32029KT 9999 BKN035 18/09 Q1015 NOSIG,M
FACT,2026-09-15 12:00,64.40,46.40,52.00,310.00,26.00,0.00,29.97,M,6.21,M,BKN,M,M,M,4000.00,M,M,M,M,M,M,M,M,M,M,64.40,FACT 151200Z 31026KT 9999 BKN040 18/08 Q1015 NOSIG,M
FACT,2026-09-15 13:00,62.60,48.20,59.27,320.00,21.00,0.00,30.00,M,6.21,M,SCT,BKN,M,M,3000.00,4200.00,M,M,M,M,M,M,M,M,M,62.60,FACT 151300Z 32021KT 9999 SCT030 BKN042 17/09 Q1016 NOSIG,M
FACT,2026-09-15 13:26,62.60,48.20,59.27,320.00,21.00,0.00,30.00,M,6.21,32.00,SCT,BKN,M,M,3000.00,4200.00,M,M,M,M,M,M,M,M,M,62.60,FACT 151326Z 32021G32KT 9999 SCT030 BKN042 17/09 Q1016 NOSIG,M
FACT,2026-09-15 14:00,62.60,48.20,59.27,320.00,22.00,0.00,30.00,M,6.21,M,SCT,BKN,M,M,2500.00,3400.00,M,M,M,M,M,M,M,M,M,62.60,FACT 151400Z 32022KT 9999 SCT025 BKN034 17/09 Q1016 NOSIG,M
FACT,2026-09-15 14:56,62.60,50.00,63.39,330.00,21.00,0.00,30.00,M,6.21,32.00,FEW,SCT,BKN,M,2500.00,3200.00,4000.00,M,M,M,M,M,M,M,M,62.60,FACT 151456Z 33021G32KT 9999 FEW025 SCT032 BKN040 17/10 Q1016 NOSIG,M
FACT,2026-09-15 15:00,62.60,50.00,63.39,330.00,21.00,0.00,30.00,M,6.21,32.00,FEW,SCT,BKN,M,2500.00,3200.00,4000.00,M,M,M,M,M,M,M,M,62.60,FACT 151500Z 33021G32KT 9999 FEW025 SCT032 BKN040 17/10 Q1016 NOSIG,M
FACT,2026-09-15 16:00,60.80,51.80,72.21,350.00,19.00,0.00,30.03,M,6.21,M,BKN,OVC,M,M,2100.00,3200.00,M,M,-RA,M,M,M,M,M,M,60.80,FACT 151600Z 35019KT 9999 -RA BKN021 OVC032 16/11 Q1017 BECMG 4000 BKN012,M
FACT,2026-09-15 16:25,59.00,53.60,82.26,340.00,12.00,0.00,30.03,M,2.49,M,BKN,OVC,M,M,1600.00,2200.00,M,M,-RA,M,M,M,M,M,M,59.00,FACT 151625Z 34012KT 4000 -RA BKN016 OVC022 15/12 Q1017 BECMG BKN012,M
FACT,2026-09-15 16:57,57.20,53.60,87.75,350.00,18.00,0.00,30.03,M,2.49,M,BKN,OVC,M,M,1400.00,2200.00,M,M,-RA,M,M,M,M,M,M,57.20,FACT 151657Z 35018KT 4000 -RA BKN014 OVC022 14/12 Q1017 NOSIG,M
FACT,2026-09-15 17:00,57.20,53.60,87.75,350.00,18.00,0.00,30.03,M,2.49,M,BKN,OVC,M,M,1400.00,2200.00,M,M,-RA,M,M,M,M,M,M,57.20,FACT 151700Z 35018KT 4000 -RA BKN014 OVC022 14/12 Q1017 NOSIG,M
FACT,2026-09-15 17:56,57.20,53.60,87.75,350.00,12.00,0.00,30.06,M,1.55,M,SCT,BKN,OVC,M,1000.00,1400.00,2500.00,M,RA,M,M,M,M,M,M,57.20,FACT 151756Z 35012KT 2500 RA SCT010 BKN014 OVC025 14/12 Q1018 NOSIG,M
FACT,2026-09-15 18:00,57.20,53.60,87.75,350.00,12.00,0.00,30.06,M,1.55,M,SCT,BKN,OVC,M,1000.00,1400.00,2500.00,M,RA,M,M,M,M,M,M,57.20,FACT 151800Z 35012KT 2500 RA SCT010 BKN014 OVC025 14/12 Q1018 NOSIG,M
FACT,2026-09-15 18:58,55.40,55.40,100.00,350.00,14.00,0.00,30.06,M,1.24,M,SCT,OVC,M,M,1000.00,2500.00,M,M,RA,M,M,M,M,M,M,55.40,FACT 151858Z 35014KT 2000 RA SCT010 OVC025 13/13 Q1018 TEMPO BKN010,M
FACT,2026-09-15 19:00,55.40,55.40,100.00,350.00,14.00,0.00,30.06,M,1.24,M,SCT,OVC,M,M,1000.00,2500.00,M,M,RA,M,M,M,M,M,M,55.40,FACT 151900Z 35014KT 2000 RA SCT010 OVC025 13/13 Q1018 TEMPO BKN010,M
FACT,2026-09-15 20:00,55.40,55.40,100.00,340.00,16.00,0.00,30.06,M,1.24,M,SCT,OVC,M,M,1000.00,2500.00,M,M,RA,M,M,M,M,M,M,55.40,FACT 152000Z 34016KT 320V020 2000 RA SCT010 OVC025 13/13 Q1018 TEMPO BKN010,M
FACT,2026-09-15 20:52,55.40,55.40,100.00,270.00,8.00,0.00,30.12,M,1.24,M,BKN,OVC,M,M,1000.00,2000.00,M,M,RA,M,M,M,M,M,M,55.40,FACT 152052Z 27008KT 230V300 2000 RA BKN010 OVC020 13/13 Q1020 NOSIG,M
FACT,2026-09-15 21:00,55.40,55.40,100.00,260.00,8.00,0.00,30.12,M,1.24,M,BKN,OVC,M,M,1000.00,2000.00,M,M,RA,M,M,M,M,M,M,55.40,FACT 152100Z 26008KT 230V290 2000 RA BKN010 OVC020 13/13 Q1020 NOSIG,M
FACT,2026-09-15 22:00,53.60,53.60,100.00,220.00,6.00,0.00,30.12,M,1.24,M,BKN,OVC,M,M,1000.00,2000.00,M,M,RA,M,M,M,M,M,M,53.60,FACT 152200Z 22006KT 170V240 2000 RA BKN010 OVC020 12/12 Q1020 NOSIG,M
FACT,2026-09-15 22:55,53.60,53.60,100.00,100.00,4.00,0.00,30.12,M,3.73,M,FEW,BKN,M,M,1500.00,3000.00,M,M,-RA,M,M,M,M,M,M,53.60,FACT 152255Z 10004KT 6000 -RA FEW015 BKN030 12/12 Q1020 NOSIG,M
FACT,2026-09-16 00:00,53.60,53.60,100.00,50.00,3.00,0.00,30.15,M,6.21,M,FEW,BKN,M,M,2000.00,3500.00,M,M,-RA,M,M,M,M,M,M,53.60,FACT 160000Z 05003KT 9999 -RA FEW020 BKN035 12/12 Q1021 NOSIG,M
FACT,2026-09-16 01:00,53.60,53.60,100.00,130.00,5.00,0.00,30.18,M,6.21,M,FEW,BKN,M,M,2000.00,3000.00,M,M,-RA,M,M,M,M,M,M,53.60,FACT 160100Z 13005KT 110V170 9999 -RA FEW020 BKN030 12/12 Q1022 NOSIG,M
FACT,2026-09-16 02:00,53.60,51.80,93.60,170.00,10.00,0.00,30.18,M,6.21,M,FEW,BKN,M,M,2000.00,4000.00,M,M,M,M,M,M,M,M,M,53.60,FACT 160200Z 17010KT 9999 FEW020 BKN040 12/11 Q1022 NOSIG,M
FACT,2026-09-16 03:00,53.60,48.20,81.87,170.00,10.00,0.00,30.21,M,6.21,M,FEW,BKN,M,M,2000.00,4000.00,M,M,M,M,M,M,M,M,M,53.60,FACT 160300Z 17010KT 9999 FEW020 BKN040 12/09 Q1023 NOSIG,M
FACT,2026-09-16 04:00,53.60,48.20,81.87,150.00,16.00,0.00,30.24,M,6.21,M,FEW,BKN,M,M,2000.00,4000.00,M,M,M,M,M,M,M,M,M,53.60,FACT 160400Z 15016KT 9999 FEW020 BKN040 12/09 Q1024 NOSIG,M
FACT,2026-09-16 05:00,51.80,46.40,81.74,150.00,6.00,0.00,30.27,M,6.21,M,FEW,BKN,M,M,2000.00,4000.00,M,M,M,M,M,M,M,M,M,51.80,FACT 160500Z 15006KT 9999 FEW020 BKN040 11/08 Q1025 NOSIG,M
FACT,2026-09-16 06:00,53.60,48.20,81.87,170.00,7.00,0.00,30.30,M,6.21,M,SCT,M,M,M,3000.00,M,M,M,M,M,M,M,M,M,M,53.60,FACT 160600Z 17007KT 9999 SCT030 12/09 Q1026 NOSIG,M
FACT,2026-09-16 06:24,57.20,48.20,71.84,160.00,8.00,0.00,30.33,M,6.21,M,FEW,M,M,M,3000.00,M,M,M,M,M,M,M,M,M,M,57.20,FACT 160624Z 16008KT 9999 FEW030 14/09 Q1027 NOSIG,M
FACT,2026-09-16 07:00,59.00,48.20,67.34,140.00,10.00,0.00,30.33,M,6.21,M,FEW,M,M,M,3000.00,M,M,M,M,M,M,M,M,M,M,59.00,FACT 160700Z 14010KT 9999 FEW030 15/09 Q1027 NOSIG,M
FACT,2026-09-16 08:00,60.80,41.00,48.01,160.00,18.00,0.00,30.36,M,6.21,M,FEW,M,M,M,3000.00,M,M,M,M,M,M,M,M,M,M,60.80,FACT 160800Z 16018KT 9999 FEW030 16/05 Q1028 NOSIG,M
FACT,2026-09-16 09:00,60.80,41.00,48.01,160.00,17.00,0.00,30.36,M,6.21,M,FEW,M,M,M,3500.00,M,M,M,M,M,M,M,M,M,M,60.80,FACT 160900Z 16017KT 9999 FEW035 16/05 Q1028 NOSIG,M
FACT,2026-09-16 10:00,64.40,37.40,36.75,170.00,16.00,0.00,30.36,M,6.21,M,FEW,M,M,M,3500.00,M,M,M,M,M,M,M,M,M,M,64.40,FACT 161000Z 17016KT 9999 FEW035 18/03 Q1028 NOSIG,M
FACT,2026-09-16 11:00,64.40,39.20,39.44,170.00,20.00,0.00,30.33,M,6.21,M,FEW,M,M,M,3500.00,M,M,M,M,M,M,M,M,M,M,64.40,FACT 161100Z 17020KT 9999 FEW035 18/04 Q1027 NOSIG,M
FACT,2026-09-16 12:00,64.40,39.20,39.44,170.00,23.00,0.00,30.33,M,6.21,M,FEW,M,M,M,3500.00,M,M,M,M,M,M,M,M,M,M,64.40,FACT 161200Z 17023KT 9999 FEW035 18/04 Q1027 NOSIG,M
FACT,2026-09-16 13:00,62.60,44.60,51.73,170.00,26.00,0.00,30.33,M,6.21,M,FEW,M,M,M,3400.00,M,M,M,M,M,M,M,M,M,M,62.60,FACT 161300Z 17026KT 9999 FEW034 17/07 Q1027 NOSIG,M
FACT,2026-09-16 14:00,60.80,48.20,63.16,170.00,24.00,0.00,30.36,M,6.21,M,FEW,M,M,M,3300.00,M,M,M,M,M,M,M,M,M,M,60.80,FACT 161400Z 17024KT 9999 FEW033 16/09 Q1028 NOSIG,M
FACT,2026-09-16 15:00,60.80,46.40,59.02,170.00,26.00,0.00,30.36,M,6.21,M,FEW,M,M,M,3400.00,M,M,M,M,M,M,M,M,M,M,60.80,FACT 161500Z 17026KT 9999 FEW034 16/08 Q1028 NOSIG,M
FACT,2026-09-16 16:00,59.00,46.40,62.93,160.00,18.00,0.00,30.39,M,6.21,M,FEW,M,M,M,3500.00,M,M,M,M,M,M,M,M,M,M,59.00,FACT 161600Z 16018KT 9999 FEW035 15/08 Q1029 NOSIG,M
FACT,2026-09-16 17:00,57.20,44.60,62.70,140.00,17.00,0.00,30.39,M,6.21,M,FEW,M,M,M,3500.00,M,M,M,M,M,M,M,M,M,M,57.20,FACT 161700Z 14017KT 9999 FEW035 14/07 Q1029 NOSIG,M
FACT,2026-09-16 18:00,57.20,44.60,62.70,140.00,18.00,0.00,30.42,M,6.21,M,FEW,M,M,M,3500.00,M,M,M,M,M,M,M,M,M,M,57.20,FACT 161800Z 14018KT 9999 FEW035 14/07 Q1030 NOSIG,M
FACT,2026-09-16 19:00,55.40,44.60,66.91,140.00,18.00,0.00,30.45,M,6.21,M,FEW,M,M,M,3500.00,M,M,M,M,M,M,M,M,M,M,55.40,FACT 161900Z 14018KT 9999 FEW035 13/07 Q1031 NOSIG,M
FACT,2026-09-16 20:00,55.40,44.60,66.91,140.00,19.00,0.00,30.45,M,6.21,M,M,M,M,M,M,M,M,M,M,M,M,M,M,M,M,55.40,FACT 162000Z 14019KT CAVOK 13/07 Q1031 NOSIG,M
FACT,2026-09-16 21:00,55.40,44.60,66.91,150.00,22.00,0.00,30.45,M,6.21,M,FEW,M,M,M,3500.00,M,M,M,M,M,M,M,M,M,M,55.40,FACT 162100Z 15022KT 9999 FEW035 13/07 Q1031 NOSIG,M
FACT,2026-09-16 22:00,55.40,46.40,71.65,150.00,20.00,0.00,30.45,M,6.21,M,FEW,M,M,M,3500.00,M,M,M,M,M,M,M,M,M,M,55.40,FACT 162200Z 15020KT 9999 FEW035 13/08 Q1031 NOSIG,M
FACT,2026-09-16 23:00,55.40,44.60,66.91,150.00,19.00,0.00,30.47,M,6.21,M,FEW,M,M,M,4000.00,M,M,M,M,M,M,M,M,M,M,55.40,FACT 162300Z 15019KT 9999 FEW040 13/07 Q1032 NOSIG,M
FACT,2026-09-17 00:00,55.40,46.40,71.65,140.00,16.00,0.00,30.45,M,6.21,M,FEW,M,M,M,4000.00,M,M,M,M,M,M,M,M,M,M,55.40,FACT 170000Z 14016KT 9999 FEW040 13/08 Q1031 NOSIG,M
FACT,2026-09-17 01:00,55.40,44.60,66.91,140.00,16.00,0.00,30.45,M,6.21,M,FEW,M,M,M,4000.00,M,M,M,M,M,M,M,M,M,M,55.40,FACT 170100Z 14016KT 9999 FEW040 13/07 Q1031 NOSIG,M
FACT,2026-09-17 01:56,55.40,44.60,66.91,140.00,20.00,0.00,30.42,M,6.21,30.00,FEW,M,M,M,4000.00,M,M,M,M,M,M,M,M,M,M,55.40,FACT 170156Z 14020G30KT 9999 FEW040 13/07 Q1030 NOSIG,M
FACT,2026-09-17 02:00,55.40,44.60,66.91,140.00,20.00,0.00,30.42,M,6.21,30.00,FEW,M,M,M,4000.00,M,M,M,M,M,M,M,M,M,M,55.40,FACT 170200Z 14020G30KT 9999 FEW040 13/07 Q1030 NOSIG,M
FACT,2026-09-17 03:00,55.40,44.60,66.91,140.00,20.00,0.00,30.45,M,6.21,M,FEW,M,M,M,3500.00,M,M,M,M,M,M,M,M,M,M,55.40,FACT 170300Z 14020KT 9999 FEW035 13/07 Q1031 NOSIG,M
FACT,2026-09-17 04:00,55.40,44.60,66.91,140.00,18.00,0.00,30.47,M,6.21,M,FEW,M,M,M,3500.00,M,M,M,M,M,M,M,M,M,M,55.40,FACT 170400Z 14018KT 9999 FEW035 13/07 Q1032 NOSIG,M
FACT,2026-09-17 05:00,55.40,42.80,62.46,150.00,20.00,0.00,30.47,M,6.21,M,FEW,M,M,M,3500.00,M,M,M,M,M,M,M,M,M,M,55.40,FACT 170500Z 15020KT 9999 FEW035 13/06 Q1032 NOSIG,M
FACT,2026-09-17 05:55,57.20,44.60,62.70,140.00,17.00,0.00,30.50,M,6.21,30.00,FEW,M,M,M,3500.00,M,M,M,M,M,M,M,M,M,M,57.20,FACT 170555Z 14017G30KT 9999 FEW035 14/07 Q1033 NOSIG,M
FACT,2026-09-17 06:00,57.20,44.60,62.70,140.00,17.00,0.00,30.50,M,6.21,30.00,FEW,M,M,M,3500.00,M,M,M,M,M,M,M,M,M,M,57.20,FACT 170600Z 14017G30KT 9999 FEW035 14/07 Q1033 NOSIG,M
FACT,2026-09-17 07:00,59.00,42.80,54.86,140.00,20.00,0.00,30.53,M,6.21,M,FEW,M,M,M,3500.00,M,M,M,M,M,M,M,M,M,M,59.00,FACT 170700Z 14020KT 9999 FEW035 15/06 Q1034 NOSIG,M
FACT,2026-09-17 07:55,62.60,42.80,48.29,140.00,21.00,0.00,30.53,M,6.21,34.00,FEW,M,M,M,3400.00,M,M,M,M,M,M,M,M,M,M,62.60,FACT 170755Z 14021G34KT 9999 FEW034 17/06 Q1034 NOSIG,M
FACT,2026-09-17 08:00,62.60,42.80,48.29,140.00,21.00,0.00,30.53,M,6.21,34.00,FEW,M,M,M,3400.00,M,M,M,M,M,M,M,M,M,M,62.60,FACT 170800Z 14021G34KT 9999 FEW034 17/06 Q1034 NOSIG,M
FACT,2026-09-17 09:00,64.40,44.60,48.57,140.00,20.00,0.00,30.53,M,6.21,M,FEW,M,M,M,3400.00,M,M,M,M,M,M,M,M,M,M,64.40,FACT 170900Z 14020KT 9999 FEW034 18/07 Q1034 NOSIG,M
FACT,2026-09-17 10:00,64.40,46.40,52.00,160.00,21.00,0.00,30.50,M,6.21,M,FEW,M,M,M,3500.00,M,M,M,M,M,M,M,M,M,M,64.40,FACT 171000Z 16021KT 9999 FEW035 18/08 Q1033 NOSIG,M
FACT,2026-09-17 11:00,66.20,46.40,48.85,150.00,22.00,0.00,30.47,M,6.21,M,SCT,M,M,M,3500.00,M,M,M,M,M,M,M,M,M,M,66.20,FACT 171100Z 15022KT 9999 SCT035 19/08 Q1032 NOSIG,M
FACT,2026-09-17 11:25,64.40,46.40,52.00,160.00,25.00,0.00,30.47,M,6.21,37.00,FEW,M,M,M,3500.00,M,M,M,M,M,M,M,M,M,M,64.40,FACT 171125Z 16025G37KT 9999 FEW035 18/08 Q1032 NOSIG,M
FACT,2026-09-17 12:00,64.40,48.20,55.65,150.00,20.00,0.00,30.45,M,6.21,30.00,FEW,M,M,M,3500.00,M,M,M,M,M,M,M,M,M,M,64.40,FACT 171200Z 15020G30KT 9999 FEW035 18/09 Q1031 NOSIG,M
FACT,2026-09-17 12:35,68.00,44.60,42.87,130.00,22.00,0.00,30.45,M,6.21,M,SCT,M,M,M,3600.00,M,M,M,M,M,M,M,M,M,M,68.00,FACT 171235Z 13022KT 9999 SCT036 20/07 Q1031 NOSIG,M
FACT,2026-09-17 13:00,66.20,46.40,48.85,170.00,21.00,0.00,30.45,M,6.21,M,FEW,M,M,M,3600.00,M,M,M,M,M,M,M,M,M,M,66.20,FACT 171300Z 17021KT 9999 FEW036 19/08 Q1031 NOSIG,M
FACT,2026-09-17 13:26,66.20,41.00,39.73,140.00,22.00,0.00,30.45,M,6.21,33.00,FEW,M,M,M,3500.00,M,M,M,M,M,M,M,M,M,M,66.20,FACT 171326Z 14022G33KT 9999 FEW035 19/05 Q1031 NOSIG,M
FACT,2026-09-17 14:00,66.20,39.20,37.04,140.00,22.00,0.00,30.45,M,6.21,M,FEW,M,M,M,3500.00,M,M,M,M,M,M,M,M,M,M,66.20,FACT 171400Z 14022KT 9999 FEW035 19/04 Q1031 NOSIG,M
FACT,2026-09-17 14:28,66.20,39.20,37.04,140.00,20.00,0.00,30.45,M,6.21,32.00,FEW,M,M,M,3500.00,M,M,M,M,M,M,M,M,M,M,66.20,FACT 171428Z 14020G32KT 9999 FEW035 19/04 Q1031 NOSIG,M
FACT,2026-09-17 15:00,64.40,39.20,39.44,140.00,22.00,0.00,30.45,M,6.21,32.00,FEW,M,M,M,3500.00,M,M,M,M,M,M,M,M,M,M,64.40,FACT 171500Z 14022G32KT 9999 FEW035 18/04 Q1031 NOSIG,M
FACT,2026-09-17 16:00,62.60,39.20,42.00,130.00,19.00,0.00,30.47,M,6.21,29.00,FEW,M,M,M,3300.00,M,M,M,M,M,M,M,M,M,M,62.60,FACT 171600Z 13019G29KT 9999 FEW033 17/04 Q1032 NOSIG,M
FACT,2026-09-17 16:55,59.00,42.80,54.86,140.00,18.00,0.00,30.47,M,6.21,28.00,FEW,M,M,M,3500.00,M,M,M,M,M,M,M,M,M,M,59.00,FACT 171655Z 14018G28KT 9999 FEW035 15/06 Q1032 NOSIG,M
FACT,2026-09-17 17:00,59.00,42.80,54.86,140.00,18.00,0.00,30.47,M,6.21,28.00,FEW,M,M,M,3500.00,M,M,M,M,M,M,M,M,M,M,59.00,FACT 171700Z 14018G28KT 9999 FEW035 15/06 Q1032 NOSIG,M
FACT,2026-09-17 18:00,57.20,42.80,58.52,140.00,16.00,0.00,30.50,M,6.21,M,FEW,M,M,M,3500.00,M,M,M,M,M,M,M,M,M,M,57.20,FACT 171800Z 14016KT 9999 FEW035 14/06 Q1033 NOSIG,M
FACT,2026-09-17 19:00,57.20,39.20,50.91,150.00,20.00,0.00,30.50,M,6.21,M,M,M,M,M,M,M,M,M,M,M,M,M,M,M,M,57.20,FACT 171900Z 15020KT CAVOK 14/04 Q1033 NOSIG,M
FACT,2026-09-17 20:00,55.40,41.00,58.27,150.00,19.00,0.00,30.50,M,6.21,M,M,M,M,M,M,M,M,M,M,M,M,M,M,M,M,55.40,FACT 172000Z 15019KT CAVOK 13/05 Q1033 NOSIG,M
FACT,2026-09-17 21:00,55.40,42.80,62.46,160.00,18.00,0.00,30.50,M,6.21,M,M,M,M,M,M,M,M,M,M,M,M,M,M,M,M,55.40,FACT 172100Z 16018KT CAVOK 13/06 Q1033 NOSIG,M
FACT,2026-09-17 22:00,55.40,41.00,58.27,150.00,16.00,0.00,30.47,M,6.21,M,M,M,M,M,M,M,M,M,M,M,M,M,M,M,M,55.40,FACT 172200Z 15016KT CAVOK 13/05 Q1032 NOSIG,M
FACT,2026-09-17 22:55,57.20,37.40,47.44,140.00,19.00,0.00,30.45,M,6.21,29.00,M,M,M,M,M,M,M,M,M,M,M,M,M,M,M,57.20,FACT 172255Z 14019G29KT CAVOK 14/03 Q1031 NOSIG,M
FACT,2026-09-17 23:00,57.20,37.40,47.44,140.00,19.00,0.00,30.45,M,6.21,29.00,M,M,M,M,M,M,M,M,M,M,M,M,M,M,M,57.20,FACT 172300Z 14019G29KT CAVOK 14/03 Q1031 NOSIG,M
FACT,2026-09-18 00:00,57.20,37.40,47.44,140.00,11.00,0.00,30.45,M,6.21,M,M,M,M,M,M,M,M,M,M,M,M,M,M,M,M,57.20,FACT 180000Z 14011KT 090V160 CAVOK 14/03 Q1031 NOSIG,M
FACT,2026-09-18 01:00,51.80,35.60,53.80,90.00,7.00,0.00,30.45,M,6.21,M,M,M,M,M,M,M,M,M,M,M,M,M,M,M,M,51.80,FACT 180100Z 09007KT CAVOK 11/02 Q1031 NOSIG,M
FACT,2026-09-18 02:00,51.80,35.60,53.80,140.00,7.00,0.00,30.42,M,6.21,M,M,M,M,M,M,M,M,M,M,M,M,M,M,M,M,51.80,FACT 180200Z 14007KT CAVOK 11/02 Q1030 NOSIG,M
FACT,2026-09-18 03:00,51.80,35.60,53.80,120.00,8.00,0.00,30.39,M,6.21,M,M,M,M,M,M,M,M,M,M,M,M,M,M,M,M,51.80,FACT 180300Z 12008KT CAVOK 11/02 Q1029 NOSIG,M
FACT,2026-09-18 04:00,53.60,37.40,54.07,140.00,10.00,0.00,30.42,M,6.21,M,M,M,M,M,M,M,M,M,M,M,M,M,M,M,M,53.60,FACT 180400Z 14010KT CAVOK 12/03 Q1030 NOSIG,M
FACT,2026-09-18 05:00,55.40,41.00,58.27,160.00,16.00,0.00,30.42,M,6.21,M,FEW,M,M,M,3500.00,M,M,M,M,M,M,M,M,M,M,55.40,FACT 180500Z 16016KT 9999 FEW035 13/05 Q1030 NOSIG,M
FACT,2026-09-18 06:00,59.00,41.00,51.18,180.00,16.00,0.00,30.42,M,6.21,M,FEW,M,M,M,3500.00,M,M,M,M,M,M,M,M,M,M,59.00,FACT 180600Z 18016KT 9999 FEW035 15/05 Q1030 NOSIG,M
FACT,2026-09-18 07:00,60.80,39.20,44.76,170.00,18.00,0.00,30.42,M,6.21,M,FEW,M,M,M,3500.00,M,M,M,M,M,M,M,M,M,M,60.80,FACT 180700Z 17018KT 9999 FEW035 16/04 Q1030 NOSIG,M
FACT,2026-09-18 08:00,62.60,39.20,42.00,140.00,17.00,0.00,30.42,M,6.21,M,FEW,M,M,M,3500.00,M,M,M,M,M,M,M,M,M,M,62.60,FACT 180800Z 14017KT 9999 FEW035 17/04 Q1030 NOSIG,M
FACT,2026-09-18 09:00,64.40,41.00,42.30,140.00,19.00,0.00,30.39,M,6.21,M,FEW,M,M,M,3500.00,M,M,M,M,M,M,M,M,M,M,64.40,FACT 180900Z 14019KT 9999 FEW035 18/05 Q1029 NOSIG,M
FACT,2026-09-18 09:24,66.20,42.80,42.59,140.00,19.00,0.00,30.39,M,6.21,30.00,M,M,M,M,M,M,M,M,M,M,M,M,M,M,M,66.20,FACT 180924Z 14019G30KT CAVOK 19/06 Q1029 NOSIG,M
FACT,2026-09-18 10:00,68.00,41.00,37.34,140.00,22.00,0.00,30.36,M,6.21,33.00,M,M,M,M,M,M,M,M,M,M,M,M,M,M,M,68.00,COR FACT 181000Z 14022G33KT CAVOK 20/05 Q1028 NOSIG,M
FACT,2026-09-18 10:56,69.80,41.00,35.11,140.00,22.00,0.00,30.33,M,6.21,33.00,FEW,M,M,M,3500.00,M,M,M,M,M,M,M,M,M,M,69.80,FACT 181056Z 14022G33KT 9999 FEW035 21/05 Q1027 NOSIG,M
FACT,2026-09-18 11:00,69.80,41.00,35.11,140.00,22.00,0.00,30.33,M,6.21,33.00,FEW,M,M,M,3500.00,M,M,M,M,M,M,M,M,M,M,69.80,COR FACT 181100Z 14022G33KT 9999 FEW035 21/05 Q1027 NOSIG,M
FACT,2026-09-18 12:00,55.40,53.60,93.65,80.00,10.00,0.00,30.33,M,6.21,M,FEW,OVC,M,M,500.00,1000.00,M,M,-RA,M,M,M,M,M,M,55.40,FACT 181200Z 08010KT 9999 -RA FEW005 OVC010 13/12 Q1027 BECMG BKN015,M
FACT,2026-09-18 12:56,71.60,41.00,33.02,140.00,18.00,0.00,30.24,M,6.21,29.00,M,M,M,M,M,M,M,M,M,M,M,M,M,M,M,71.60,FACT 181256Z 14018G29KT CAVOK 22/05 Q1024 NOSIG,M
FACT,2026-09-18 13:00,71.60,41.00,33.02,140.00,18.00,0.00,30.24,M,6.21,29.00,M,M,M,M,M,M,M,M,M,M,M,M,M,M,M,71.60,FACT 181300Z 14018G29KT CAVOK 22/05 Q1024 NOSIG,M
FACT,2026-09-18 13:59,69.80,46.40,43.16,150.00,23.00,0.00,30.21,M,6.21,36.00,M,M,M,M,M,M,M,M,M,M,M,M,M,M,M,69.80,FACT 181359Z 15023G36KT CAVOK 21/08 Q1023 NOSIG,M
FACT,2026-09-18 14:00,69.80,46.40,43.16,150.00,23.00,0.00,30.21,M,6.21,36.00,M,M,M,M,M,M,M,M,M,M,M,M,M,M,M,69.80,FACT 181400Z 15023G36KT CAVOK 21/08 Q1023 NOSIG,M
FACT,2026-09-18 15:00,68.00,46.40,45.91,170.00,19.00,0.00,30.21,M,6.21,M,M,M,M,M,M,M,M,M,M,M,M,M,M,M,M,68.00,FACT 181500Z 17019KT CAVOK 20/08 Q1023 NOSIG,M
FACT,2026-09-18 16:00,66.20,46.40,48.85,160.00,17.00,0.00,30.21,M,6.21,M,M,M,M,M,M,M,M,M,M,M,M,M,M,M,M,66.20,FACT 181600Z 16017KT CAVOK 19/08 Q1023 NOSIG,M
FACT,2026-09-18 17:00,62.60,46.40,55.39,140.00,12.00,0.00,30.21,M,6.21,M,M,M,M,M,M,M,M,M,M,M,M,M,M,M,M,62.60,FACT 181700Z 14012KT CAVOK 17/08 Q1023 NOSIG,M
FACT,2026-09-18 18:00,60.80,46.40,59.02,150.00,9.00,0.00,30.21,M,6.21,M,M,M,M,M,M,M,M,M,M,M,M,M,M,M,M,60.80,FACT 181800Z 15009KT CAVOK 16/08 Q1023 NOSIG,M
FACT,2026-09-18 19:00,59.00,46.40,62.93,140.00,5.00,0.00,30.24,M,6.21,M,M,M,M,M,M,M,M,M,M,M,M,M,M,M,M,59.00,FACT 181900Z 14005KT CAVOK 15/08 Q1024 NOSIG,M
FACT,2026-09-18 20:00,57.20,48.20,71.84,M,3.00,0.00,30.24,M,6.21,M,M,M,M,M,M,M,M,M,M,M,M,M,M,M,M,57.20,FACT 182000Z VRB03KT CAVOK 14/09 Q1024 NOSIG,M
FACT,2026-09-18 21:00,59.00,48.20,67.34,M,2.00,0.00,30.24,M,6.21,M,M,M,M,M,M,M,M,M,M,M,M,M,M,M,M,59.00,FACT 182100Z VRB02KT CAVOK 15/09 Q1024 NOSIG,M
FACT,2026-09-18 22:00,57.20,48.20,71.84,290.00,7.00,0.00,30.21,M,6.21,M,M,M,M,M,M,M,M,M,M,M,M,M,M,M,M,57.20,FACT 182200Z 29007KT 240V320 CAVOK 14/09 Q1023 NOSIG,M
FACT,2026-09-18 23:00,57.20,50.00,76.83,230.00,8.00,0.00,30.21,M,6.21,M,M,M,M,M,M,M,M,M,M,M,M,M,M,M,M,57.20,FACT 182300Z 23008KT CAVOK 14/10 Q1023 NOSIG,M
FACT,2026-09-19 00:00,55.40,50.00,82.00,240.00,8.00,0.00,30.18,M,6.21,M,M,M,M,M,M,M,M,M,M,M,M,M,M,M,M,55.40,FACT 190000Z 24008KT CAVOK 13/10 Q1022 NOSIG,M
FACT,2026-09-19 01:00,55.40,50.00,82.00,240.00,5.00,0.00,30.18,M,6.21,M,M,M,M,M,M,M,M,M,M,M,M,M,M,M,M,55.40,FACT 190100Z 24005KT 210V290 CAVOK 13/10 Q1022 NOSIG,M
FACT,2026-09-19 02:00,55.40,50.00,82.00,220.00,9.00,0.00,30.15,M,6.21,M,M,M,M,M,M,M,M,M,M,M,M,M,M,M,M,55.40,FACT 190200Z 22009KT CAVOK 13/10 Q1021 NOSIG,M
FACT,2026-09-19 03:00,55.40,50.00,82.00,220.00,9.00,0.00,30.15,M,6.21,M,M,M,M,M,M,M,M,M,M,M,M,M,M,M,M,55.40,FACT 190300Z 22009KT CAVOK 13/10 Q1021 NOSIG,M
FACT,2026-09-19 04:00,55.40,50.00,82.00,230.00,12.00,0.00,30.15,M,6.21,M,M,M,M,M,M,M,M,M,M,M,M,M,M,M,M,55.40,FACT 190400Z 23012KT CAVOK 13/10 Q1021 NOSIG,M
FACT,2026-09-19 05:00,57.20,50.00,76.83,200.00,13.00,0.00,30.15,M,6.21,M,M,M,M,M,M,M,M,M,M,M,M,M,M,M,M,57.20,FACT 190500Z 20013KT CAVOK 14/10 Q1021 NOSIG,M
FACT,2026-09-19 06:00,55.40,48.20,76.67,180.00,5.00,0.00,30.15,M,6.21,M,M,M,M,M,M,M,M,M,M,M,M,M,M,M,M,55.40,FACT 190600Z 18005KT 160V220 CAVOK 13/09 Q1021 NOSIG,M
FACT,2026-09-19 06:50,60.80,50.00,67.55,230.00,4.00,0.00,30.15,M,6.21,M,M,M,M,M,M,M,M,M,M,M,M,M,M,M,M,60.80,FACT 190650Z 23004KT 170V270 CAVOK 16/10 Q1021 NOSIG,M
FACT,2026-09-19 07:00,60.80,50.00,67.55,240.00,4.00,0.00,30.15,M,6.21,M,M,M,M,M,M,M,M,M,M,M,M,M,M,M,M,60.80,FACT 190700Z 24004KT 180V280 CAVOK 16/10 Q1021 NOSIG,M
FACT,2026-09-19 07:55,66.20,51.80,59.76,200.00,5.00,0.00,30.18,M,6.21,M,M,M,M,M,M,M,M,M,M,M,M,M,M,M,M,66.20,FACT 190755Z 20005KT 160V240 CAVOK 19/11 Q1022 NOSIG,M
FACT,2026-09-19 08:00,66.20,51.80,59.76,200.00,5.00,0.00,30.18,M,6.21,M,M,M,M,M,M,M,M,M,M,M,M,M,M,M,M,66.20,FACT 190800Z 20005KT 160V240 CAVOK 19/11 Q1022 NOSIG,M
FACT,2026-09-19 08:29,69.80,51.80,52.81,M,3.00,0.00,30.18,M,6.21,M,M,M,M,M,M,M,M,M,M,M,M,M,M,M,M,69.80,FACT 190829Z VRB03KT CAVOK 21/11 Q1022 NOSIG,M
FACT,2026-09-19 09:00,71.60,51.80,49.67,190.00,9.00,0.00,30.15,M,6.21,M,M,M,M,M,M,M,M,M,M,M,M,M,M,M,M,71.60,FACT 190900Z 19009KT 140V220 CAVOK 22/11 Q1021 NOSIG,M
FACT,2026-09-19 10:00,71.60,51.80,49.67,200.00,9.00,0.00,30.15,M,6.21,M,M,M,M,M,M,M,M,M,M,M,M,M,M,M,M,71.60,FACT 191000Z 20009KT CAVOK 22/11 Q1021 NOSIG,M
FACT,2026-09-19 11:00,73.40,51.80,46.75,210.00,10.00,0.00,30.15,M,6.21,M,M,M,M,M,M,M,M,M,M,M,M,M,M,M,M,73.40,FACT 191100Z 21010KT CAVOK 23/11 Q1021 NOSIG,M
FACT,2026-09-19 12:00,69.80,53.60,56.42,210.00,14.00,0.00,30.15,M,6.21,M,M,M,M,M,M,M,M,M,M,M,M,M,M,M,M,69.80,FACT 191200Z 21014KT CAVOK 21/12 Q1021 NOSIG,M
FACT,2026-09-19 13:00,71.60,53.60,53.07,200.00,14.00,0.00,30.12,M,6.21,M,M,M,M,M,M,M,M,M,M,M,M,M,M,M,M,71.60,FACT 191300Z 20014KT CAVOK 22/12 Q1020 NOSIG,M
FACT,2026-09-19 14:00,69.80,55.40,60.24,220.00,11.00,0.00,30.12,M,6.21,M,M,M,M,M,M,M,M,M,M,M,M,M,M,M,M,69.80,FACT 191400Z 22011KT CAVOK 21/13 Q1020 NOSIG,M
FACT,2026-09-19 15:00,69.80,55.40,60.24,220.00,11.00,0.00,30.12,M,6.21,M,M,M,M,M,M,M,M,M,M,M,M,M,M,M,M,69.80,FACT 191500Z 22011KT CAVOK 21/13 Q1020 NOSIG,M
FACT,2026-09-19 16:00,66.20,55.40,68.18,220.00,10.00,0.00,30.12,M,6.21,M,M,M,M,M,M,M,M,M,M,M,M,M,M,M,M,66.20,FACT 191600Z 22010KT CAVOK 19/13 Q1020 NOSIG,M
FACT,2026-09-19 17:00,62.60,53.60,72.40,230.00,13.00,0.00,30.15,M,6.21,M,M,M,M,M,M,M,M,M,M,M,M,M,M,M,M,62.60,FACT 191700Z 23013KT CAVOK 17/12 Q1021 NOSIG,M
FACT,2026-09-19 18:00,59.00,53.60,82.26,240.00,12.00,0.00,30.15,M,6.21,M,M,M,M,M,M,M,M,M,M,M,M,M,M,M,M,59.00,FACT 191800Z 24012KT CAVOK 15/12 Q1021 NOSIG,M
FACT,2026-09-19 19:00,59.00,53.60,82.26,230.00,14.00,0.00,30.15,M,6.21,M,M,M,M,M,M,M,M,M,M,M,M,M,M,M,M,59.00,FACT 191900Z 23014KT CAVOK 15/12 Q1021 NOSIG,M
FACT,2026-09-19 20:00,60.80,53.60,77.15,220.00,11.00,0.00,30.15,M,6.21,M,M,M,M,M,M,M,M,M,M,M,M,M,M,M,M,60.80,FACT 192000Z 22011KT CAVOK 16/12 Q1021 NOSIG,M
FACT,2026-09-19 22:00,59.00,53.60,82.26,230.00,11.00,0.00,30.15,M,6.21,M,M,M,M,M,M,M,M,M,M,M,M,M,M,M,M,59.00,FACT 192200Z 23011KT CAVOK 15/12 Q1021 NOSIG,M
FACT,2026-09-19 23:00,59.00,53.60,82.26,230.00,10.00,0.00,30.15,M,6.21,M,M,M,M,M,M,M,M,M,M,M,M,M,M,M,M,59.00,FACT 192300Z 23010KT CAVOK 15/12 Q1021 NOSIG,M
FACT,2026-09-20 00:00,60.80,53.60,77.15,200.00,8.00,0.00,30.15,M,6.21,M,M,M,M,M,M,M,M,M,M,M,M,M,M,M,M,60.80,FACT 200000Z 20008KT CAVOK 16/12 Q1021 NOSIG,M
FACT,2026-09-20 01:00,60.80,53.60,77.15,220.00,4.00,0.00,30.12,M,6.21,M,M,M,M,M,M,M,M,M,M,M,M,M,M,M,M,60.80,FACT 200100Z 22004KT CAVOK 16/12 Q1020 NOSIG,M
FACT,2026-09-20 02:00,59.00,51.80,76.99,200.00,4.00,0.00,30.09,M,6.21,M,M,M,M,M,M,M,M,M,M,M,M,M,M,M,M,59.00,FACT 200200Z 20004KT CAVOK 15/11 Q1019 NOSIG,M
FACT,2026-09-20 03:00,55.40,51.80,87.65,170.00,2.00,0.00,30.12,M,6.21,M,M,M,M,M,M,M,M,M,M,M,M,M,M,M,M,55.40,FACT 200300Z 17002KT CAVOK 13/11 Q1020 NOSIG,M
FACT,2026-09-20 05:00,55.40,51.80,87.65,M,1.00,0.00,30.15,M,6.21,M,M,M,M,M,M,M,M,M,M,M,M,M,M,M,M,55.40,FACT 200500Z VRB01KT CAVOK 13/11 Q1021 NOSIG,M
FACT,2026-09-20 05:53,59.00,53.60,82.26,M,2.00,0.00,30.15,M,6.21,M,M,M,M,M,M,M,M,M,M,M,M,M,M,M,M,59.00,FACT 200553Z VRB02KT CAVOK 15/12 Q1021 NOSIG,M
FACT,2026-09-20 06:00,59.00,53.60,82.26,M,2.00,0.00,30.15,M,6.21,M,M,M,M,M,M,M,M,M,M,M,M,M,M,M,M,59.00,FACT 200600Z VRB02KT CAVOK 15/12 Q1021 NOSIG,M
FACT,2026-09-20 06:29,62.60,53.60,72.40,M,3.00,0.00,30.15,M,6.21,M,M,M,M,M,M,M,M,M,M,M,M,M,M,M,M,62.60,FACT 200629Z VRB03KT CAVOK 17/12 Q1021 NOSIG,M
FACT,2026-09-20 07:00,64.40,53.60,67.97,170.00,4.00,0.00,30.15,M,6.21,M,M,M,M,M,M,M,M,M,M,M,M,M,M,M,M,64.40,FACT 200700Z 17004KT 150V210 CAVOK 18/12 Q1021 NOSIG,M
FACT,2026-09-20 07:23,68.00,55.40,64.07,M,2.00,0.00,30.15,M,6.21,M,M,M,M,M,M,M,M,M,M,M,M,M,M,M,M,68.00,FACT 200723Z VRB02KT CAVOK 20/13 Q1021 NOSIG,M
FACT,2026-09-20 07:56,71.60,57.20,60.48,M,3.00,0.00,30.15,M,6.21,M,M,M,M,M,M,M,M,M,M,M,M,M,M,M,M,71.60,FACT 200756Z VRB03KT CAVOK 22/14 Q1021 NOSIG,M
FACT,2026-09-20 08:00,71.60,57.20,60.48,M,3.00,0.00,30.15,M,6.21,M,M,M,M,M,M,M,M,M,M,M,M,M,M,M,M,71.60,FACT 200800Z VRB03KT CAVOK 22/14 Q1021 NOSIG,M
FACT,2026-09-20 08:58,77.00,57.20,50.49,200.00,4.00,0.00,30.15,M,6.21,M,M,M,M,M,M,M,M,M,M,M,M,M,M,M,M,77.00,FACT 200858Z 20004KT CAVOK 25/14 Q1021 NOSIG,M
FACT,2026-09-20 09:00,77.00,57.20,50.49,200.00,4.00,0.00,30.15,M,6.21,M,M,M,M,M,M,M,M,M,M,M,M,M,M,M,M,77.00,FACT 200900Z 20004KT CAVOK 25/14 Q1021 NOSIG,M
FACT,2026-09-20 10:00,77.00,57.20,50.49,210.00,7.00,0.00,30.12,M,6.21,M,M,M,M,M,M,M,M,M,M,M,M,M,M,M,M,77.00,FACT 201000Z 21007KT CAVOK 25/14 Q1020 NOSIG,M
FACT,2026-09-20 11:00,78.80,55.40,44.58,190.00,8.00,0.00,30.12,M,6.21,M,M,M,M,M,M,M,M,M,M,M,M,M,M,M,M,78.80,FACT 201100Z 19008KT CAVOK 26/13 Q1020 NOSIG,M
FACT,2026-09-20 12:00,77.00,55.40,47.30,200.00,10.00,0.00,30.12,M,6.21,M,M,M,M,M,M,M,M,M,M,M,M,M,M,M,M,77.00,FACT 201200Z 20010KT CAVOK 25/13 Q1020 NOSIG,M
FACT,2026-09-20 13:00,77.00,55.40,47.30,190.00,10.00,0.00,30.09,M,6.21,M,M,M,M,M,M,M,M,M,M,M,M,M,M,M,M,77.00,FACT 201300Z 19010KT CAVOK 25/13 Q1019 NOSIG,M
FACT,2026-09-20 14:00,73.40,57.20,56.92,210.00,9.00,0.00,30.09,M,6.21,M,M,M,M,M,M,M,M,M,M,M,M,M,M,M,M,73.40,FACT 201400Z 21009KT CAVOK 23/14 Q1019 NOSIG,M
FACT,2026-09-20 15:00,69.80,57.20,64.30,200.00,9.00,0.00,30.09,M,6.21,M,M,M,M,M,M,M,M,M,M,M,M,M,M,M,M,69.80,FACT 201500Z 20009KT CAVOK 21/14 Q1019 NOSIG,M
FACT,2026-09-20 16:00,66.20,57.20,72.76,200.00,7.00,0.00,30.06,M,6.21,M,M,M,M,M,M,M,M,M,M,M,M,M,M,M,M,66.20,FACT 201600Z 20007KT CAVOK 19/14 Q1018 NOSIG,M
FACT,2026-09-20 17:00,60.80,55.40,82.38,200.00,11.00,0.00,30.09,M,6.21,M,M,M,M,M,M,M,M,M,M,M,M,M,M,M,M,60.80,FACT 201700Z 20011KT CAVOK 16/13 Q1019 NOSIG,M
FACT,2026-09-20 18:00,60.80,57.20,87.93,230.00,7.00,0.00,30.09,M,6.21,M,M,M,M,M,M,M,M,M,M,M,M,M,M,M,M,60.80,FACT 201800Z 23007KT CAVOK 16/14 Q1019 NOSIG,M
FACT,2026-09-20 19:00,59.00,57.20,93.74,230.00,7.00,0.00,30.12,M,6.21,M,FEW,M,M,M,500.00,M,M,M,M,M,M,M,M,M,M,59.00,FACT 201900Z 23007KT 200V260 9999 FEW005 15/14 Q1020 NOSIG,M
FACT,2026-09-20 20:00,59.00,57.20,93.74,210.00,9.00,0.00,30.09,M,6.21,M,FEW,M,M,M,500.00,M,M,M,M,M,M,M,M,M,M,59.00,FACT 202000Z 21009KT 9999 FEW005 15/14 Q1019 NOSIG,M
FACT,2026-09-20 21:00,59.00,57.20,93.74,210.00,8.00,0.00,30.09,M,6.21,M,M,M,M,M,M,M,M,M,M,M,M,M,M,M,M,59.00,FACT 202100Z 21008KT CAVOK 15/14 Q1019 NOSIG,M
FACT,2026-09-20 23:00,57.20,57.20,100.00,220.00,9.00,0.00,30.09,M,6.21,M,M,M,M,M,M,M,M,M,M,M,M,M,M,M,M,57.20,FACT 202300Z 22009KT CAVOK 14/14 Q1019 NOSIG,M
FACT,2026-09-21 01:00,57.20,57.20,100.00,230.00,9.00,0.00,30.06,M,6.21,M,M,M,M,M,M,M,M,M,M,M,M,M,M,M,M,57.20,FACT 210100Z 23009KT CAVOK 14/14 Q1018 NOSIG,M
FACT,2026-09-21 02:00,57.20,57.20,100.00,210.00,6.00,0.00,30.06,M,6.21,M,M,M,M,M,M,M,M,M,M,M,M,M,M,M,M,57.20,FACT 210200Z 21006KT CAVOK 14/14 Q1018 NOSIG,M
FACT,2026-09-21 03:00,59.00,55.40,87.84,220.00,9.00,0.00,30.06,M,6.21,M,M,M,M,M,M,M,M,M,M,M,M,M,M,M,M,59.00,FACT 210300Z 22009KT CAVOK 15/13 Q1018 NOSIG,M
FACT,2026-09-21 04:00,59.00,55.40,87.84,210.00,8.00,0.00,30.06,M,6.21,M,M,M,M,M,M,M,M,M,M,M,M,M,M,M,M,59.00,FACT 210400Z 21008KT CAVOK 15/13 Q1018 NOSIG,M
FACT,2026-09-21 05:00,59.00,55.40,87.84,190.00,6.00,0.00,30.06,M,6.21,M,M,M,M,M,M,M,M,M,M,M,M,M,M,M,M,59.00,FACT 210500Z 19006KT CAVOK 15/13 Q1018 NOSIG,M
FACT,2026-09-21 06:00,60.80,55.40,82.38,210.00,8.00,0.00,30.06,M,6.21,M,M,M,M,M,M,M,M,M,M,M,M,M,M,M,M,60.80,FACT 210600Z 21008KT 170V230 CAVOK 16/13 Q1018 NOSIG,M
FACT,2026-09-21 06:25,64.40,57.20,77.46,190.00,10.00,0.00,30.06,M,6.21,M,M,M,M,M,M,M,M,M,M,M,M,M,M,M,M,64.40,FACT 210625Z 19010KT CAVOK 18/14 Q1018 NOSIG,M
FACT,2026-09-21 06:53,68.00,57.20,68.38,150.00,14.00,0.00,30.09,M,6.21,M,M,M,M,M,M,M,M,M,M,M,M,M,M,M,M,68.00,FACT 210653Z 15014KT CAVOK 20/14 Q1019 NOSIG,M
FACT,2026-09-21 07:00,68.00,57.20,68.38,150.00,14.00,0.00,30.09,M,6.21,M,M,M,M,M,M,M,M,M,M,M,M,M,M,M,M,68.00,FACT 210700Z 15014KT CAVOK 20/14 Q1019 NOSIG,M
FACT,2026-09-21 08:00,68.00,57.20,68.38,230.00,6.00,0.00,30.09,M,6.21,M,M,M,M,M,M,M,M,M,M,M,M,M,M,M,M,68.00,FACT 210800Z 23006KT CAVOK 20/14 Q1019 NOSIG,M
FACT,2026-09-21 08:30,73.40,57.20,56.92,150.00,11.00,0.00,30.06,M,6.21,M,M,M,M,M,M,M,M,M,M,M,M,M,M,M,M,73.40,FACT 210830Z 15011KT 130V190 CAVOK 23/14 Q1018 NOSIG,M
FACT,2026-09-21 09:00,73.40,57.20,56.92,140.00,13.00,0.00,30.06,M,6.21,M,M,M,M,M,M,M,M,M,M,M,M,M,M,M,M,73.40,FACT 210900Z 14013KT CAVOK 23/14 Q1018 NOSIG,M
FACT,2026-09-21 10:00,75.20,57.20,53.60,160.00,11.00,0.00,30.06,M,6.21,M,M,M,M,M,M,M,M,M,M,M,M,M,M,M,M,75.20,FACT 211000Z 16011KT CAVOK 24/14 Q1018 NOSIG,M
FACT,2026-09-21 11:00,77.00,57.20,50.49,150.00,9.00,0.00,30.03,M,6.21,M,M,M,M,M,M,M,M,M,M,M,M,M,M,M,M,77.00,FACT 211100Z 15009KT CAVOK 25/14 Q1017 NOSIG,M
FACT,2026-09-21 12:00,78.80,57.20,47.58,160.00,7.00,0.00,30.00,M,6.21,M,M,M,M,M,M,M,M,M,M,M,M,M,M,M,M,78.80,FACT 211200Z 16007KT 130V200 CAVOK 26/14 Q1016 NOSIG,M
FACT,2026-09-21 13:00,80.60,57.20,44.86,170.00,7.00,0.00,29.97,M,6.21,M,M,M,M,M,M,M,M,M,M,M,M,M,M,M,M,80.81,FACT 211300Z 17007KT 130V210 CAVOK 27/14 Q1015 NOSIG,M
FACT,2026-09-21 14:00,78.80,57.20,47.58,210.00,9.00,0.00,29.97,M,6.21,M,M,M,M,M,M,M,M,M,M,M,M,M,M,M,M,78.80,FACT 211400Z 21009KT CAVOK 26/14 Q1015 NOSIG,M
FACT,2026-09-21 15:00,77.00,57.20,50.49,200.00,8.00,0.00,29.97,M,6.21,M,M,M,M,M,M,M,M,M,M,M,M,M,M,M,M,77.00,FACT 211500Z 20008KT CAVOK 25/14 Q1015 NOSIG,M
FACT,2026-09-21 16:00,71.60,57.20,60.48,210.00,7.00,0.00,29.94,M,6.21,M,M,M,M,M,M,M,M,M,M,M,M,M,M,M,M,71.60,FACT 211600Z 21007KT CAVOK 22/14 Q1014 NOSIG,M
FACT,2026-09-21 17:00,66.20,57.20,72.76,220.00,6.00,0.00,29.94,M,6.21,M,M,M,M,M,M,M,M,M,M,M,M,M,M,M,M,66.20,FACT 211700Z 22006KT 190V250 CAVOK 19/14 Q1014 NOSIG,M
FACT,2026-09-21 18:00,64.40,57.20,77.46,200.00,5.00,0.00,29.97,M,6.21,M,M,M,M,M,M,M,M,M,M,M,M,M,M,M,M,64.40,FACT 211800Z 20005KT 160V250 CAVOK 18/14 Q1015 NOSIG,M
FACT,2026-09-21 19:00,64.40,55.40,72.58,180.00,4.00,0.00,29.97,M,6.21,M,M,M,M,M,M,M,M,M,M,M,M,M,M,M,M,64.40,FACT 211900Z 18004KT CAVOK 18/13 Q1015 NOSIG,M
FACT,2026-09-21 20:00,62.60,57.20,82.51,180.00,5.00,0.00,29.97,M,6.21,M,M,M,M,M,M,M,M,M,M,M,M,M,M,M,M,62.60,FACT 212000Z 18005KT CAVOK 17/14 Q1015 NOSIG,M
FACT,2026-09-21 21:00,62.60,55.40,77.31,180.00,2.00,0.00,29.97,M,6.21,M,M,M,M,M,M,M,M,M,M,M,M,M,M,M,M,62.60,FACT 212100Z 18002KT CAVOK 17/13 Q1015 NOSIG,M
FACT,2026-09-21 22:00,62.60,57.20,82.51,130.00,3.00,0.00,29.94,M,6.21,M,M,M,M,M,M,M,M,M,M,M,M,M,M,M,M,62.60,FACT 212200Z 13003KT CAVOK 17/14 Q1014 NOSIG,M
FACT,2026-09-21 23:00,62.60,57.20,82.51,170.00,2.00,0.00,29.94,M,6.21,M,M,M,M,M,M,M,M,M,M,M,M,M,M,M,M,62.60,FACT 212300Z 17002KT CAVOK 17/14 Q1014 NOSIG,M
FACT,2026-09-22 00:00,60.80,55.40,82.38,M,3.00,0.00,29.91,M,6.21,M,M,M,M,M,M,M,M,M,M,M,M,M,M,M,M,60.80,FACT 220000Z VRB03KT CAVOK 16/13 Q1013 NOSIG,M
FACT,2026-09-22 01:00,60.80,57.20,87.93,60.00,6.00,0.00,29.91,M,6.21,M,M,M,M,M,M,M,M,M,M,M,M,M,M,M,M,60.80,FACT 220100Z 06006KT CAVOK 16/14 Q1013 NOSIG,M
FACT,2026-09-22 02:00,64.40,59.00,82.63,M,5.00,0.00,29.88,M,6.21,M,FEW,M,M,M,6000.00,M,M,M,-TSRA,M,M,M,M,M,M,64.40,COR FACT 220200Z VRB05KT 9999 -TSRA FEW060CB 18/15 Q1012 NOSIG,M
FACT,2026-09-22 02:01,64.40,59.00,82.63,M,5.00,0.00,29.88,M,6.21,M,FEW,M,M,M,6000.00,M,M,M,-TSRA,M,M,M,M,M,M,64.40,FACT 220201Z VRB05KT 9999 -TSRA FEW060CB 18/15 Q1012,M
FACT,2026-09-22 02:02,64.40,59.00,82.63,M,5.00,0.00,29.88,M,6.21,M,FEW,M,M,M,6000.00,M,M,M,-TSRA,M,M,M,M,M,M,64.40,FACT 220202Z VRB05KT 9999 -TSRA FEW060CB 18/15 Q1012 NOSIG,M
FACT,2026-09-22 03:00,68.00,59.00,72.95,M,3.00,0.00,29.88,M,6.21,M,FEW,M,M,M,3600.00,M,M,M,M,M,M,M,M,M,M,68.00,FACT 220300Z VRB03KT 9999 FEW036 20/15 Q1012 RETS NOSIG,M
FACT,2026-09-22 04:00,66.20,59.00,77.62,60.00,7.00,0.00,29.88,M,6.21,M,M,M,M,M,M,M,M,M,M,M,M,M,M,M,M,66.20,FACT 220400Z 06007KT CAVOK 19/15 Q1012 NOSIG,M
FACT,2026-09-22 05:00,68.00,60.80,77.77,M,2.00,0.00,29.88,M,6.21,M,M,M,M,M,M,M,M,M,M,M,M,M,M,M,M,68.00,FACT 220500Z VRB02KT CAVOK 20/16 Q1012 NOSIG,M
FACT,2026-09-22 05:24,71.60,59.00,64.52,M,3.00,0.00,29.88,M,6.21,M,M,M,M,M,M,M,M,M,M,M,M,M,M,M,M,71.60,FACT 220524Z VRB03KT CAVOK 22/15 Q1012 NOSIG,M
FACT,2026-09-22 06:00,73.40,60.80,64.74,250.00,5.00,0.00,29.88,M,6.21,M,M,M,M,M,M,M,M,M,M,M,M,M,M,M,M,73.40,FACT 220600Z 25005KT 230V330 CAVOK 23/16 Q1012 NOSIG,M
FACT,2026-09-22 06:31,77.00,60.80,57.42,M,3.00,0.00,29.91,M,6.21,M,M,M,M,M,M,M,M,M,M,M,M,M,M,M,M,77.00,FACT 220631Z VRB03KT CAVOK 25/16 Q1013 NOSIG,M
FACT,2026-09-22 06:49,80.60,60.80,51.02,M,3.00,0.00,29.91,M,6.21,M,M,M,M,M,M,M,M,M,M,M,M,M,M,M,M,81.46,FACT 220649Z VRB03KT CAVOK 27/16 Q1013 NOSIG,M
FACT,2026-09-22 07:00,80.60,60.80,51.02,40.00,4.00,0.00,29.88,M,6.21,M,M,M,M,M,M,M,M,M,M,M,M,M,M,M,M,81.46,FACT 220700Z 04004KT 360V080 CAVOK 27/16 Q1012 NOSIG,M
FACT,2026-09-22 08:00,84.20,60.80,45.42,10.00,7.00,0.00,29.91,M,6.21,M,M,M,M,M,M,M,M,M,M,M,M,M,M,M,M,84.45,FACT 220800Z 01007KT 350V060 CAVOK 29/16 Q1013 NOSIG,M
FACT,2026-09-22 08:25,87.80,60.80,40.50,20.00,8.00,0.00,29.88,M,6.21,M,M,M,M,M,M,M,M,M,M,M,M,M,M,M,M,87.77,FACT 220825Z 02008KT CAVOK 31/16 Q1012 NOSIG,M
FACT,2026-09-22 09:00,89.60,60.80,38.27,10.00,11.00,0.00,29.88,M,6.21,M,M,M,M,M,M,M,M,M,M,M,M,M,M,M,M,89.56,FACT 220900Z 01011KT 330V030 CAVOK 32/16 Q1012 NOSIG,M
FACT,2026-09-22 10:00,89.60,60.80,38.27,310.00,16.00,0.00,29.88,M,6.21,M,M,M,M,M,M,M,M,M,M,M,M,M,M,M,M,89.56,FACT 221000Z 31016KT CAVOK 32/16 Q1012 NOSIG,M
FACT,2026-09-22 12:00,78.80,59.00,50.76,310.00,16.00,0.00,29.85,M,6.21,M,FEW,M,M,M,3500.00,M,M,M,M,M,M,M,M,M,M,78.80,COR FACT 221200Z 31016KT 280V010 9999 FEW035CB 26/15 Q1011 NOSIG,M
FACT,2026-09-22 13:00,75.20,57.20,53.60,320.00,18.00,0.00,29.85,M,6.21,M,FEW,M,M,M,4000.00,M,M,M,M,M,M,M,M,M,M,75.20,FACT 221300Z 32018KT 9999 FEW040CB 24/14 Q1011 NOSIG,M
FACT,2026-09-22 14:00,75.20,59.00,57.17,320.00,21.00,0.00,29.85,M,6.21,M,FEW,M,M,M,4000.00,M,M,M,M,M,M,M,M,M,M,75.20,FACT 221400Z 32021KT 9999 FEW040CB 24/15 Q1011 NOSIG,M
